target_line,group_id,point_id,x,y,z,rx,ry,rz,speed,is_discontinuous,coordinate_frame,base_normal_error_mm,base_x_actual_mm,standoff_mm,base_height_mm,lift_mm
1,105,1,-0.28656605695397186,-0.53111831439152335,0.64843704532373692,-1.5716465158404593,0.068222479201403452,3.1291216174271508,30,0.000000000000000000e+00,zone_bc_work_m_v1,0,-1610,20,652,0
1,105,2,-0.31662646555786833,-0.53113421692222829,0.64862085140393255,-1.5714452511617416,0.069021725297320868,3.1321837200568137,30,0.000000000000000000e+00,zone_bc_work_m_v1,0,-1610,20,652,0
1,105,3,-0.34668687636480411,-0.53115010611896663,0.648804459395669,-1.5712390589542922,0.069819747669276122,3.1352465099210285,30,0.000000000000000000e+00,zone_bc_work_m_v1,0,-1610,20,652,0
1,105,4,-0.37674728846678707,-0.53116598174495777,0.64898786930574359,-1.5710279459105854,0.070616512156562283,3.1383099808219788,30,0.000000000000000000e+00,zone_bc_work_m_v1,0,-1610,20,652,0
1,105,5,-0.40680770095578001,-0.5311818435638237,0.64917108114685218,-1.5708119189885297,0.07141198464882037,3.1413741264915354,30,0.000000000000000000e+00,zone_bc_work_m_v1,0,-1610,20,652,0
1,105,6,-0.43686811292374639,-0.53119769133960049,0.64935409493759011,-1.5705909854113855,0.072206131088539127,-3.1387463665894773,30,0.000000000000000000e+00,zone_bc_work_m_v1,0,-1610,20,652,0
1,105,7,-0.46771128539020546,-0.53126574311132124,0.64931460191271506,-1.5673407667663839,0.075539482336582253,-3.095835812600725,30,0.000000000000000000e+00,zone_bc_work_m_v1,0,-1610,20,652,0
1,105,8,-0.49866384825754873,-0.53148942968936908,0.64720530657566389,-1.5623487899615955,0.086428890539314018,-3.044039441447179,30,0.000000000000000000e+00,zone_bc_work_m_v1,0,-1610,20,652,0
1,105,9,-0.75408081129412774,-0.50265065531617381,0.58862071937607108,-1.5108680646884243,0.13244807530431513,-2.7151389912257584,10,1.000000000000000000e+00,zone_bc_work_m_v1,0,-1610,20,652,0
1,105,10,-0.72526724082719551,-0.50251878658306293,0.6007592456972789,-1.5220265737940326,0.12983277028307127,-2.7810771620589745,30,0.000000000000000000e+00,zone_bc_work_m_v1,0,-1610,20,652,0
1,105,11,-0.4846998347098963,-0.50104639479723223,0.65067314642479368,-1.5682850891192355,0.064575095579161523,-3.1026965182392678,10,1.000000000000000000e+00,zone_bc_work_m_v1,0,-1610,20,652,0
1,105,12,-0.45420821186726479,-0.50115931368266908,0.65163445473392401,-1.5701002218021665,0.070279217530267779,-3.1316799699958922,30,0.000000000000000000e+00,zone_bc_work_m_v1,0,-1610,20,652,0
1,105,13,-0.42405940680653487,-0.50119516773463424,0.65163553803292329,-1.5706265084446085,0.072079713536889134,-3.1392346368072084,30,0.000000000000000000e+00,zone_bc_work_m_v1,0,-1610,20,652,0
1,105,14,-0.39397962960006172,-0.50117428120680796,0.6514528286443495,-1.5709155491507971,0.071032807552862121,3.1399128303273809,30,0.000000000000000000e+00,zone_bc_work_m_v1,0,-1610,20,652,0
1,105,15,-0.36389985224080568,-0.50115337049545716,0.65126977542401443,-1.571196065887952,0.069983627728502418,3.1358761559322681,30,0.000000000000000000e+00,zone_bc_work_m_v1,0,-1610,20,652,0
1,105,16,-0.33382007680573111,-0.50113243614090719,0.65108637833796235,-1.5714680425200391,0.068932252040884157,3.1318406615836851,30,0.000000000000000000e+00,zone_bc_work_m_v1,0,-1610,20,652,0
1,105,17,-0.30374030537169516,-0.50111147868470385,0.65090263737001597,-1.571731463710909,0.067878758620362634,3.127806361465669,30,0.000000000000000000e+00,zone_bc_work_m_v1,0,-1610,20,652,0
1,105,18,-0.30532529439739098,-0.47108690818932375,0.65292364104630729,-1.5721102029295619,0.06664094856900582,3.1218648535474496,10,0.000000000000000000e+00,zone_bc_work_m_v1,0,-1610,20,652,0
1,105,19,-0.33544387394628306,-0.47111312679623663,0.65345710865545825,-1.5717110685581015,0.067961639659075423,3.1281234199493135,30,0.000000000000000000e+00,zone_bc_work_m_v1,0,-1610,20,652,0
1,105,20,-0.36556103311456556,-0.4711438265334848,0.65364046347809601,-1.5713211577797406,0.069504428084937731,3.134035669787421,30,0.000000000000000000e+00,zone_bc_work_m_v1,0,-1610,20,652,0
1,105,21,-0.39567819844836594,-0.47117447603236562,0.65382307990739075,-1.5709128939270269,0.07104257787425583,3.1399504674197645,30,0.000000000000000000e+00,zone_bc_work_m_v1,0,-1610,20,652,0
1,105,22,-0.42579536341253688,-0.47120507359187358,0.65400495803769099,-1.5704863272104286,0.072575843563007503,-3.1373175394842638,30,0.000000000000000000e+00,zone_bc_work_m_v1,0,-1610,20,652,0
1,105,23,-0.45621198379940253,-0.47105799528906045,0.65351666502389261,-1.5691345951743507,0.06518393963866731,-3.1160871394312482,30,0.000000000000000000e+00,zone_bc_work_m_v1,0,-1610,20,652,0
1,105,24,-0.48641191155256069,-0.47104470881181493,0.65261199217934562,-1.5683262573667545,0.064492143894131493,-3.1032844480523112,30,0.000000000000000000e+00,zone_bc_work_m_v1,0,-1610,20,652,0
1,105,25,-0.72664451660469043,-0.47241601449993365,0.60465481614982619,-1.5285866508784609,0.12664237021052571,-2.8188919228833251,10,1.000000000000000000e+00,zone_bc_work_m_v1,0,-1610,20,652,0
1,105,26,-0.75606897679413265,-0.4726246933979531,0.59253123772167671,-1.5125883848211223,0.13177571634135243,-2.7241557693354235,30,0.000000000000000000e+00,zone_bc_work_m_v1,0,-1610,20,652,0
1,105,27,-0.76256700940306632,-0.47265065531617384,0.58961898290785686,-1.5108680646884243,0.13244807530431513,-2.7151389912257584,30,0.000000000000000000e+00,zone_bc_work_m_v1,0,-1610,20,652,0
1,105,28,-0.76976261173935967,-0.44203810088971363,0.59057303451053811,-1.5240672285626793,0.10447402367861014,-2.7200528279852074,10,0.000000000000000000e+00,zone_bc_work_m_v1,0,-1610,20,652,0
1,105,29,-0.74053336564250138,-0.44098893009270607,0.60218961657248526,-1.5499245740918566,0.058114437999664315,-2.7965651410212491,10,0.000000000000000000e+00,zone_bc_work_m_v1,0,-1610,20,652,0
1,105,30,-0.71162874055959446,-0.44139498728043608,0.61238563068085572,-1.5455856572898135,0.07814243615643135,-2.8291512118969218,30,0.000000000000000000e+00,zone_bc_work_m_v1,0,-1610,20,652,0
1,105,31,-0.50124558072192427,-0.44093886506750424,0.65364539992036585,-1.5667409282849087,0.059098200269711132,-3.0730385586397935,30,1.000000000000000000e+00,zone_bc_work_m_v1,0,-1610,20,652,0
1,105,32,-0.47066093856989411,-0.44103047799928624,0.65494454159110371,-1.5684233086427095,0.063782285557693941,-3.1043795608407629,30,0.000000000000000000e+00,zone_bc_work_m_v1,0,-1610,20,652,0
1,105,33,-0.44042336022392492,-0.44095398001882108,0.6558233098225551,-1.5693192916888166,0.059975948215338803,-3.1169557270711916,30,0.000000000000000000e+00,zone_bc_work_m_v1,0,-1610,20,652,0
1,105,34,-0.40999905725953134,-0.44119891556599183,0.65626846570469954,-1.5705737061979983,0.072267451636999436,-3.1385094704491978,30,0.000000000000000000e+00,zone_bc_work_m_v1,0,-1610,20,652,0
1,105,35,-0.37977941669146031,-0.44114162342467889,0.65608775878030434,-1.5713497722778522,0.069393781329756932,3.1336109843087572,30,0.000000000000000000e+00,zone_bc_work_m_v1,0,-1610,20,652,0
1,105,36,-0.34959993315100202,-0.4410961321158724,0.65573561689883897,-1.5719468951822255,0.067106262038275855,3.1244359846518943,30,0.000000000000000000e+00,zone_bc_work_m_v1,0,-1610,20,652,0
1,105,37,-0.3195176537508817,-0.44107956350286476,0.65497340557742512,-1.5722384124803874,0.066270167500068977,3.1198194369889691,30,0.000000000000000000e+00,zone_bc_work_m_v1,0,-1610,20,652,0
1,105,38,-0.28943538196533525,-0.44106296786249821,0.65421075868845724,-1.572522156453475,0.065431523709011952,3.1152038055101219,30,0.000000000000000000e+00,zone_bc_work_m_v1,0,-1610,20,652,0
1,105,39,-0.29030001333053979,-0.4108460219656771,0.65593435843188375,-1.5720026120710775,0.0545740144762068,3.119481614513929,10,0.000000000000000000e+00,zone_bc_work_m_v1,0,-1610,20,652,0
1,105,40,-0.32032714355650227,-0.41092040139888236,0.65669246535191161,-1.5719777870457465,0.058300281954742017,3.1213188514429246,30,0.000000000000000000e+00,zone_bc_work_m_v1,0,-1610,20,652,0
1,105,41,-0.35035427494353688,-0.41099476339117214,0.6574502277528036,-1.5719392158071184,0.062026566975581954,3.1231571158851512,30,0.000000000000000000e+00,zone_bc_work_m_v1,0,-1610,20,652,0
1,105,42,-0.38038140653941777,-0.41106910601868146,0.65820764573880131,-1.5718868823224081,0.065752786990899814,3.1249965208427826,30,0.000000000000000000e+00,zone_bc_work_m_v1,0,-1610,20,652,0
1,105,43,-0.41125418008745607,-0.41086188853875444,0.65833936239836532,-1.5692699170888078,0.055360843096313728,-3.1140135279120491,30,0.000000000000000000e+00,zone_bc_work_m_v1,0,-1610,20,652,0
1,105,44,-0.44143433268792975,-0.41077102121563203,0.65740708912702217,-1.5689001740463189,0.050796728851709716,-3.104265651401815,30,0.000000000000000000e+00,zone_bc_work_m_v1,0,-1610,20,652,0
1,105,45,-0.47161486110789963,-0.41072624587370693,0.65645494388861048,-1.568508337112525,0.048536684496812699,-3.0944695792594539,30,0.000000000000000000e+00,zone_bc_work_m_v1,0,-1610,20,652,0
1,105,46,-0.50184328843355752,-0.41077886129898367,0.6552739309621336,-1.5676775085362622,0.051129641080093435,-3.0806432121948126,30,0.000000000000000000e+00,zone_bc_work_m_v1,0,-1610,20,652,0
1,105,47,-0.71233556521146879,-0.41137504500531064,0.61499806394988943,-1.5469188971936905,0.077512975873744727,-2.8424367821452234,10,1.000000000000000000e+00,zone_bc_work_m_v1,0,-1610,20,652,0
1,105,48,-0.74100346155637775,-0.41141901631956701,0.60433059366404451,-1.5439219718887993,0.078861911107401372,-2.8127672367895022,30,0.000000000000000000e+00,zone_bc_work_m_v1,0,-1610,20,652,0
1,105,49,-0.76965616755700139,-0.41103787735586073,0.59388315292512528,-1.5485800716866009,0.060235374890636351,-2.7879976314427868,30,0.000000000000000000e+00,zone_bc_work_m_v1,0,-1610,20,652,0
1,105,50,-0.77549571965139241,-0.41166499305480792,0.59145247451094518,-1.5331995857406124,0.087976891585963113,-2.737098016131859,10,0.000000000000000000e+00,zone_bc_work_m_v1,0,-1610,20,652,0
1,105,51,-0.78023957086234119,-0.38127144133909008,0.5923251006706387,-1.5429952949587873,0.070638621672309387,-2.7662728070899485,10,0.000000000000000000e+00,zone_bc_work_m_v1,0,-1610,20,652,0
1,105,52,-0.7517311438912786,-0.38143598016730768,0.60322555065400796,-1.5420252999968949,0.079097598025808624,-2.7923054714172126,30,0.000000000000000000e+00,zone_bc_work_m_v1,0,-1610,20,652,0
1,105,53,-0.72284807272876206,-0.3813856871713,0.61397581332384288,-1.5460724929928888,0.077808075684102418,-2.8335780693120007,30,0.000000000000000000e+00,zone_bc_work_m_v1,0,-1610,20,652,0
1,105,54,-0.48221346850191882,-0.38064286873132208,0.65752658350203097,-1.5690016236735689,0.044380918439471229,-3.1011627544451397,10,1.000000000000000000e+00,zone_bc_work_m_v1,0,-1610,20,652,0
1,105,55,-0.4519853841301944,-0.38056796460229203,0.6584858032337727,-1.5696491247212305,0.040652392280345007,-3.1133725681109281,30,0.000000000000000000e+00,zone_bc_work_m_v1,0,-1610,20,652,0
1,105,56,-0.42177099569633003,-0.38051890011360684,0.65932687289386205,-1.5701508622668336,0.038207983631342923,-3.1246967016719998,30,0.000000000000000000e+00,zone_bc_work_m_v1,0,-1610,20,652,0
1,105,57,-0.39134794209723922,-0.38048230013567363,0.65964308313584152,-1.570970659296177,0.036381742386904836,3.1367998750954706,30,0.000000000000000000e+00,zone_bc_work_m_v1,0,-1610,20,652,0
1,105,58,-0.3609619883041546,-0.3804738873602348,0.65896534556872721,-1.5716769693795256,0.035950465927751196,3.1170962717209689,30,0.000000000000000000e+00,zone_bc_work_m_v1,0,-1610,20,652,0
1,105,59,-0.33088365394041608,-0.38047023153695353,0.65818732626536702,-1.5718307302785239,0.035763387155287818,3.1126710110653182,30,0.000000000000000000e+00,zone_bc_work_m_v1,0,-1610,20,652,0
1,105,60,-0.30080532926052195,-0.38046656223330177,0.65740891595138029,-1.5719828300736913,0.03557498249055957,3.1082457864815445,30,0.000000000000000000e+00,zone_bc_work_m_v1,0,-1610,20,652,0
1,105,61,-0.30173956363839216,-0.35047045271760013,0.65859197944093539,-1.5718214907371677,0.035774723750182424,3.1129382784923618,10,0.000000000000000000e+00,zone_bc_work_m_v1,0,-1610,20,652,0
1,105,62,-0.33186231049589532,-0.35047517811466666,0.6593493015170393,-1.5715897757072377,0.036017090406534447,3.1195616610525505,30,0.000000000000000000e+00,zone_bc_work_m_v1,0,-1610,20,652,0
1,105,63,-0.36205943315343059,-0.35047942978736984,0.66000765992429444,-1.5712239339593499,0.03623602598249076,3.1297900093594651,30,0.000000000000000000e+00,zone_bc_work_m_v1,0,-1610,20,652,0
1,105,64,-0.39225658185554924,-0.35048360628329123,0.66066393196641682,-1.5708536790659835,0.036447465481105334,3.1400187465168194,30,0.000000000000000000e+00,zone_bc_work_m_v1,0,-1610,20,652,0
1,105,65,-0.42244687938092995,-0.35049851887135913,0.66049739594830392,-1.5704826079496814,0.037192323254156001,-3.1331558655434448,30,0.000000000000000000e+00,zone_bc_work_m_v1,0,-1610,20,652,0
1,105,66,-0.45263155784446529,-0.35052220641523996,0.65965700366868674,-1.5700953327723932,0.038372469775510787,-3.1233220502454175,30,0.000000000000000000e+00,zone_bc_work_m_v1,0,-1610,20,652,0
1,105,67,-0.48283501815768903,-0.35055235614876401,0.65880797956514892,-1.5696377084089772,0.039870688965762957,-3.1125337199154979,30,0.000000000000000000e+00,zone_bc_work_m_v1,0,-1610,20,652,0
1,105,68,-0.72398203957240936,-0.3513871028798185,0.61644291694464393,-1.5459638860323595,0.07784810428178468,-2.8324577702251079,10,1.000000000000000000e+00,zone_bc_work_m_v1,0,-1610,20,652,0
1,105,69,-0.75320764759611369,-0.35137100745950867,0.60538518278983888,-1.5414248322307298,0.075388260349773084,-2.7696632395376843,30,0.000000000000000000e+00,zone_bc_work_m_v1,0,-1610,20,652,0
1,105,70,-0.78204495315400002,-0.35140356372584147,0.5940813472559372,-1.5369933530203062,0.075305254776480757,-2.7191753233681801,30,0.000000000000000000e+00,zone_bc_work_m_v1,0,-1610,20,652,0
1,105,71,-0.78575516110922683,-0.35124875745528106,0.59237028234583688,-1.539199366409294,0.067773236031331008,-2.7049148583220273,30,0.000000000000000000e+00,zone_bc_work_m_v1,0,-1610,20,652,0
1,105,72,-0.78960486530108143,-0.32094823571586512,0.59276785830901035,-1.5451667160609976,0.053931549120225464,-2.6976879918063239,10,0.000000000000000000e+00,zone_bc_work_m_v1,0,-1610,20,652,0
1,105,73,-0.76127670739845243,-0.320062940070236,0.60603938414485536,-1.5651010864573136,0.014315519617520645,-2.7629370591126339,10,0.000000000000000000e+00,zone_bc_work_m_v1,0,-1610,20,652,0
1,105,74,-0.73246451268766066,-0.32002140054992251,0.61595737069602607,-1.5661625682788869,0.012498251546155359,-2.7865401542290358,30,0.000000000000000000e+00,zone_bc_work_m_v1,0,-1610,20,652,0
1,105,75,-0.4907474786816024,-0.32044944336779646,0.65975443056819416,-1.5695759169083683,0.034716846595548967,-3.1064468048184706,30,1.000000000000000000e+00,zone_bc_work_m_v1,0,-1610,20,652,0
1,105,76,-0.46048020687217095,-0.32049759518214921,0.66063056422798372,-1.5700117262882602,0.037139146363191378,-3.1204649657245249,30,0.000000000000000000e+00,zone_bc_work_m_v1,0,-1610,20,652,0
1,105,77,-0.43027715011662582,-0.32049041521488686,0.6614710864535589,-1.5704147564013795,0.03678620753865447,-3.1312180372158744,30,0.000000000000000000e+00,zone_bc_work_m_v1,0,-1610,20,652,0
1,105,78,-0.4000986671886182,-0.32048461527637012,0.66183634692558024,-1.5707625587916527,0.036497978198717362,-3.1406672463886225,30,0.000000000000000000e+00,zone_bc_work_m_v1,0,-1610,20,652,0
1,105,79,-0.36997317336038305,-0.32048192424020061,0.66118106915288488,-1.5710041229397036,0.036362759204449757,3.1358769243898732,30,0.000000000000000000e+00,zone_bc_work_m_v1,0,-1610,20,652,0
1,105,80,-0.33984768248597064,-0.32047920134930352,0.66052491182815509,-1.5712438701241385,0.036224355066755143,3.1292358161136167,30,0.000000000000000000e+00,zone_bc_work_m_v1,0,-1610,20,652,0
1,105,81,-0.30972220332122435,-0.32047644678297948,0.65986787501185795,-1.5714817529992486,0.036082793256689172,3.1225948841235494,30,0.000000000000000000e+00,zone_bc_work_m_v1,0,-1610,20,652,0
1,105,82,-0.31242350738352243,-0.29047873943101543,0.6609284218058542,-1.5712840842231008,0.036200722966909904,3.1281168319790105,10,0.000000000000000000e+00,zone_bc_work_m_v1,0,-1610,20,652,0
1,105,83,-0.34251455372886608,-0.29048076229717118,0.66158448802344261,-1.5711069982390833,0.03630388846377719,3.1330334569783544,30,0.000000000000000000e+00,zone_bc_work_m_v1,0,-1610,20,652,0
1,105,84,-0.37260560374801788,-0.29048276774555049,0.66224007216508052,-1.5709289052288369,0.036405314565886915,3.1379501321680658,30,0.000000000000000000e+00,zone_bc_work_m_v1,0,-1610,20,652,0
1,105,85,-0.40269665388795395,-0.29048475570415089,0.66289517422705857,-1.57074982449164,0.036504990276462257,-3.1403185097632673,30,0.000000000000000000e+00,zone_bc_work_m_v1,0,-1610,20,652,0
1,105,86,-0.43296974105339592,-0.2904938159503081,0.66258853210926527,-1.5702254181684889,0.036953930201429008,-3.1261411657891243,30,0.000000000000000000e+00,zone_bc_work_m_v1,0,-1610,20,652,0
1,105,87,-0.46326883163296828,-0.29048108371865222,0.66171277870769862,-1.5696685302052171,0.036303792938378265,-3.1105302791577922,30,0.000000000000000000e+00,zone_bc_work_m_v1,0,-1610,20,652,0
1,105,88,-0.4934286752799748,-0.29036748269586338,0.66060192330243672,-1.5695678446582026,0.030613424001721068,-3.1014790234167164,30,0.000000000000000000e+00,zone_bc_work_m_v1,0,-1610,20,652,0
1,105,89,-0.73413987319044571,-0.29046141891801985,0.61662016495732441,-1.5598566595790047,0.033602120398291024,-2.8267828615765289,30,1.000000000000000000e+00,zone_bc_work_m_v1,0,-1610,20,652,0
1,105,90,-0.76262671221280165,-0.29011046887818154,0.60539130898730253,-1.5647697971537591,0.016731333103835233,-2.7958464021552389,30,0.000000000000000000e+00,zone_bc_work_m_v1,0,-1610,20,652,0
1,105,91,-0.79223197425798897,-0.29094060942509081,0.5935063673161225,-1.5453604216663315,0.053600538501473505,-2.6982459649226715,10,0.000000000000000000e+00,zone_bc_work_m_v1,0,-1610,20,652,0
1,105,92,-0.79294274113015017,-0.29094823571586509,0.59316845805125973,-1.5451667160609976,0.053931549120225464,-2.6976879918063239,30,0.000000000000000000e+00,zone_bc_work_m_v1,0,-1610,20,652,0
1,105,93,-0.79608906753794295,-0.26045068991205045,0.59332259980207025,-1.5551693575211565,0.031096005808084914,-2.6758182287658019,10,0.000000000000000000e+00,zone_bc_work_m_v1,0,-1610,20,652,0
1,105,94,-0.76599557255682704,-0.26072202365805563,0.60548228037316643,-1.5545730669168609,0.045579965123069499,-2.7995079828997493,30,0.000000000000000000e+00,zone_bc_work_m_v1,0,-1610,20,652,0
1,105,95,-0.73758762337987582,-0.26058526011764693,0.6166992959062233,-1.5579393175364555,0.039495095376677725,-2.8267847935954715,30,0.000000000000000000e+00,zone_bc_work_m_v1,0,-1610,20,652,0
1,105,96,-0.49714011283255011,-0.26030375484464491,0.66120483596141622,-1.5695438963875215,0.027421737839963267,-3.0959457313477565,30,1.000000000000000000e+00,zone_bc_work_m_v1,0,-1610,20,652,0
1,105,97,-0.46700521846669329,-0.26031266230000133,0.66250524858169257,-1.5697507752748354,0.027876264486819124,-3.1040984883131628,30,0.000000000000000000e+00,zone_bc_work_m_v1,0,-1610,20,652,0
1,105,98,-0.43695474035168025,-0.2603986261189602,0.66361355225039109,-1.5697039935098491,0.032177466241261499,-3.1076526690062591,30,0.000000000000000000e+00,zone_bc_work_m_v1,0,-1610,20,652,0
1,105,99,-0.40632084922990885,-0.26048489193905916,0.66397641692877718,-1.5707374580871973,0.036511788733053718,-3.1399799761354692,30,0.000000000000000000e+00,zone_bc_work_m_v1,0,-1610,20,652,0
1,105,100,-0.37625004258143613,-0.26048331616540066,0.66332138967181609,-1.5708797570426087,0.036432899569736943,3.1393021808917281,30,0.000000000000000000e+00,zone_bc_work_m_v1,0,-1610,20,652,0
1,105,101,-0.34617923539333439,-0.2604817293570148,0.66266605860235983,-1.5710214368730218,0.036352905396333624,3.135399014051417,30,0.000000000000000000e+00,zone_bc_work_m_v1,0,-1610,20,652,0
1,105,102,-0.31610842944319417,-0.26048013154968519,0.66201042371566599,-1.5711624878955575,0.036271811666746645,3.1314958606106749,30,0.000000000000000000e+00,zone_bc_work_m_v1,0,-1610,20,652,0
1,105,103,-0.28603762650860864,-0.26047852277969846,0.66135448502084759,-1.5713029004848675,0.036189623935279913,3.1275927506501571,30,0.000000000000000000e+00,zone_bc_work_m_v1,0,-1610,20,652,0
1,105,104,-0.28889311688592123,-0.22991135104925514,0.66182199803550346,-1.5710885367728935,0.0078213031394012145,3.1042488616842681,10,0.000000000000000000e+00,zone_bc_work_m_v1,0,-1610,20,652,0
1,105,105,-0.31896876620487857,-0.22991259847583717,0.66249226283490625,-1.5710580954255822,0.0078847890087192507,3.108405305558203,30,0.000000000000000000e+00,zone_bc_work_m_v1,0,-1610,20,652,0
1,105,106,-0.34904442664774216,-0.22991384335016923,0.66316218226594792,-1.5710271277242107,0.0079480283343162927,3.1125617404897268,30,0.000000000000000000e+00,zone_bc_work_m_v1,0,-1610,20,652,0
1,105,107,-0.37912009606101194,-0.22991508564005317,0.66383175627058011,-1.5709956359761827,0.0080110162091766579,3.1167181306271488,30,0.000000000000000000e+00,zone_bc_work_m_v1,0,-1610,20,652,0
1,105,108,-0.40933048938414673,-0.22991678166524077,0.6644950502671354,-1.5709096149149562,0.0080975067067177164,3.1276029192329662,30,0.000000000000000000e+00,zone_bc_work_m_v1,0,-1610,20,652,0
1,105,109,-0.44016523832108079,-0.23003880688191339,0.66420014502804126,-1.5703969305447398,0.014194331087036494,-3.1134614006670169,30,0.000000000000000000e+00,zone_bc_work_m_v1,0,-1610,20,652,0
1,105,110,-0.47032254615640223,-0.23021337742695003,0.66313763902775291,-1.5699491576377005,0.022914355715966783,-3.1046351349714536,30,0.000000000000000000e+00,zone_bc_work_m_v1,0,-1610,20,652,0
1,105,111,-0.50046976525050968,-0.23027696609484335,0.66185864354931001,-1.5696040801228388,0.026083170735151207,-3.0959098314114453,30,0.000000000000000000e+00,zone_bc_work_m_v1,0,-1610,20,652,0
1,105,112,-0.71159044567975471,-0.23059194531390878,0.62525918869563191,-1.5587742798284061,0.040106478323292283,-2.8502752550462267,30,1.000000000000000000e+00,zone_bc_work_m_v1,0,-1610,20,652,0
1,105,113,-0.74090402404128264,-0.23060826415787475,0.61684039624307707,-1.5573984325401375,0.040529362899115684,-2.8222294363513805,30,0.000000000000000000e+00,zone_bc_work_m_v1,0,-1610,20,652,0
1,105,114,-0.7695529318459543,-0.23080893933888266,0.60552839861973184,-1.5522443270509019,0.049362044074922506,-2.7819182815896717,30,0.000000000000000000e+00,zone_bc_work_m_v1,0,-1610,20,652,0
1,105,115,-0.79796559089192864,-0.23045068991205048,0.59354873878264847,-1.5551693575211565,0.031096005808084914,-2.6758182287658019,30,0.000000000000000000e+00,zone_bc_work_m_v1,0,-1610,20,652,0
1,105,116,-0.79984211424591445,-0.20045068991205045,0.59377487776322668,-1.5551693575211565,0.031096005808084914,-2.6758182287658019,10,0.000000000000000000e+00,zone_bc_work_m_v1,0,-1610,20,652,0
1,105,117,-0.77120775781640349,-0.20076045189876335,0.60682920744921409,-1.5516725479399009,0.046528810480964244,-2.7514618086141076,30,0.000000000000000000e+00,zone_bc_work_m_v1,0,-1610,20,652,0
1,105,118,-0.74194801299074387,-0.20064093251766393,0.61788173749987496,-1.5566127577641691,0.041990834660699861,-2.8157380341710212,30,0.000000000000000000e+00,zone_bc_work_m_v1,0,-1610,20,652,0
1,105,119,-0.7121094166729135,-0.20063975439609491,0.62620359809559756,-1.5588147077169214,0.042609742485973268,-2.8673854259616087,30,0.000000000000000000e+00,zone_bc_work_m_v1,0,-1610,20,652,0
1,105,120,-0.50124106138403057,-0.20022500366033436,0.66260943460413368,-1.5698017180990591,0.023490433385696896,-3.099273016772365,30,1.000000000000000000e+00,zone_bc_work_m_v1,0,-1610,20,652,0
1,105,121,-0.47099089295156693,-0.20004992163821933,0.66374522739597064,-1.5703726803359888,0.01474966233391295,-3.1128770544760012,30,0.000000000000000000e+00,zone_bc_work_m_v1,0,-1610,20,652,0
1,105,122,-0.44076724060033046,-0.19993567712532095,0.66448685767923499,-1.5706419956563855,0.0090417898890846615,-3.1245254291827629,30,0.000000000000000000e+00,zone_bc_work_m_v1,0,-1610,20,652,0
1,105,123,-0.4103163994882908,-0.19991749356313374,0.66474000090905538,-1.5708435685546047,0.0081337580075500071,3.135784545040146,30,0.000000000000000000e+00,zone_bc_work_m_v1,0,-1610,20,652,0
1,105,124,-0.37999137427773455,-0.19991582704275221,0.66410879227820574,-1.5709765606660233,0.0080485487260932853,3.1192028158162208,30,0.000000000000000000e+00,zone_bc_work_m_v1,0,-1610,20,652,0
1,105,125,-0.34990700097741567,-0.199914456262307,0.66343919295033038,-1.5710116641360363,0.0079791200950483088,3.1146113111478835,30,0.000000000000000000e+00,zone_bc_work_m_v1,0,-1610,20,652,0
1,105,126,-0.31982263732807481,-0.19991308230860841,0.66276917205351393,-1.5710461294977858,0.0079093816643842629,3.1100197302408175,30,0.000000000000000000e+00,zone_bc_work_m_v1,0,-1610,20,652,0
1,105,127,-0.28973828623312436,-0.19991170522498322,0.66209872965537331,-1.5710799536083806,0.0078393400340683872,3.105428121426991,30,0.000000000000000000e+00,zone_bc_work_m_v1,0,-1610,20,652,0
1,105,128,-0.29510005086888103,-0.16991237256152847,0.66247618182743684,-1.5710636522052333,0.0078733000050832391,3.1076519274738095,10,0.000000000000000000e+00,zone_bc_work_m_v1,0,-1610,20,652,0
1,105,129,-0.32519514199617583,-0.16991390878844467,0.66314673103451371,-1.5710254835625264,0.0079513492839409228,3.1127804654819684,30,0.000000000000000000e+00,zone_bc_work_m_v1,0,-1610,20,652,0
1,105,130,-0.35529024660795483,-0.16991544107808512,0.66381675434206644,-1.5709865172721216,0.0080290153495581329,3.1179089324208134,30,0.000000000000000000e+00,zone_bc_work_m_v1,0,-1610,20,652,0
1,105,131,-0.38546927527886932,-0.16991674659619319,0.66445883263586258,-1.5709128274897664,0.0080957074334244705,3.1272030615919117,30,0.000000000000000000e+00,zone_bc_work_m_v1,0,-1610,20,652,0
1,105,132,-0.41571710233888459,-0.16991784850119368,0.66507582237303997,-1.5708100355449541,0.0081516311605331904,3.1399109179115881,30,0.000000000000000000e+00,zone_bc_work_m_v1,0,-1610,20,652,0
1,105,133,-0.44600911517525077,-0.16993165345522168,0.66463836653394204,-1.5706791375768421,0.0088411387028621835,-3.1283382656069025,30,0.000000000000000000e+00,zone_bc_work_m_v1,0,-1610,20,652,0
1,105,134,-0.47622373869345025,-0.16997424669859876,0.66397248543181275,-1.5705291469706784,0.010968428900704374,-3.117237993382401,30,0.000000000000000000e+00,zone_bc_work_m_v1,0,-1610,20,652,0
1,105,135,-0.50631928335644183,-0.17006853510936135,0.66315692213945143,-1.57033061375886,0.015679611961227025,-3.1118983436024852,30,0.000000000000000000e+00,zone_bc_work_m_v1,0,-1610,20,652,0
1,105,136,-0.53732720084327967,-0.1701753093065336,0.66131311017279049,-1.5690385879371189,0.020952552350822273,-3.0578910524080212,30,0.000000000000000000e+00,zone_bc_work_m_v1,0,-1610,20,652,0
1,105,137,-0.56794039793545203,-0.17021251737734733,0.65794279948966738,-1.5679668423021913,0.022711448656609123,-3.0176363458242093,30,0.000000000000000000e+00,zone_bc_work_m_v1,0,-1610,20,652,0
1,105,138,-0.59834501543597174,-0.17025150698313732,0.65368833064852261,-1.5668611200551785,0.024523362565348039,-2.9824649436604798,30,0.000000000000000000e+00,zone_bc_work_m_v1,0,-1610,20,652,0
1,105,139,-0.65855829301487967,-0.17068101242627345,0.64187278617860566,-1.5603325235567087,0.045129932820397123,-2.9136761791006567,30,0.000000000000000000e+00,zone_bc_work_m_v1,0,-1610,20,652,0
1,105,140,-0.6877170142148985,-0.17069339951103227,0.63417078754950129,-1.5598288257652393,0.0456481856313673,-2.9057124245993786,30,0.000000000000000000e+00,zone_bc_work_m_v1,0,-1610,20,652,0
1,105,141,-0.71687544295695615,-0.17070570001716673,0.62646755697399614,-1.5593172271469866,0.046157049825573226,-2.8977476572353265,30,0.000000000000000000e+00,zone_bc_work_m_v1,0,-1610,20,652,0
1,105,142,-0.74805439178639399,-0.17079980989021532,0.61719252559131921,-1.5517811284316616,0.048695164304218608,-2.7691325640882392,30,0.000000000000000000e+00,zone_bc_work_m_v1,0,-1610,20,652,0
1,105,143,-0.77687954093316702,-0.17070082228813471,0.60643461359168638,-1.5518713307720911,0.043371102312309784,-2.7299888499774472,30,0.000000000000000000e+00,zone_bc_work_m_v1,0,-1610,20,652,0
1,105,144,-0.80171863759990014,-0.17045068991205042,0.59400101674380479,-1.5551693575211565,0.031096005808084914,-2.6758182287658019,30,0.000000000000000000e+00,zone_bc_work_m_v1,0,-1610,20,652,0
1,105,145,-0.80359516095388595,-0.1404506899120504,0.594227155724383,-1.5551693575211565,0.031096005808084914,-2.6758182287658019,10,0.000000000000000000e+00,zone_bc_work_m_v1,0,-1610,20,652,0
1,105,146,-0.77541539170581897,-0.14014644339008966,0.60796308403032806,-1.563206798796716,0.018052188895824495,-2.7435801698520264,30,0.000000000000000000e+00,zone_bc_work_m_v1,0,-1610,20,652,0
1,105,147,-0.74597202104324811,-0.14011805049027237,0.61870055727066142,-1.5648974156754349,0.017178129736447501,-2.8107940060041194,30,0.000000000000000000e+00,zone_bc_work_m_v1,0,-1610,20,652,0
1,105,148,-0.71629438419872049,-0.14010805999713585,0.62725743528434641,-1.565825981425871,0.016949372061054735,-2.8563279635142185,30,0.000000000000000000e+00,zone_bc_work_m_v1,0,-1610,20,652,0
1,105,149,-0.68681382730031815,-0.14010712556373883,0.63503432416471528,-1.5662541055645018,0.017020717732259882,-2.8807920540634964,30,0.000000000000000000e+00,zone_bc_work_m_v1,0,-1610,20,652,0
1,105,150,-0.65722694310253016,-0.14011551281949247,0.64288823922303495,-1.5666817484795936,0.017560185740664425,-2.911419249623548,30,0.000000000000000000e+00,zone_bc_work_m_v1,0,-1610,20,652,0
1,105,151,-0.62722384857044533,-0.14003937595444796,0.6489910878909142,-1.5679798042296484,0.013946871625782231,-2.9423193129251892,30,0.000000000000000000e+00,zone_bc_work_m_v1,0,-1610,20,652,0
1,105,152,-0.59686408262410628,-0.14006694597689864,0.65462811323550707,-1.5683832161333244,0.015419392772846541,-2.9863470678831918,30,0.000000000000000000e+00,zone_bc_work_m_v1,0,-1610,20,652,0
1,105,153,-0.56678460813160059,-0.14006092041165599,0.65874097414570132,-1.5687022060832752,0.015161821811418452,-3.0043376046529104,30,0.000000000000000000e+00,zone_bc_work_m_v1,0,-1610,20,652,0
1,105,154,-0.53576215258194981,-0.14002023946590952,0.66198932518713416,-1.5697716805332806,0.013231878713181544,-3.0643069128779219,30,0.000000000000000000e+00,zone_bc_work_m_v1,0,-1610,20,652,0
1,105,155,-0.50480251069711279,-0.13998898054935643,0.6636048496802579,-1.5705000511377762,0.011704673346687455,-3.116284884230184,30,0.000000000000000000e+00,zone_bc_work_m_v1,0,-1610,20,652,0
1,105,156,-0.47470832989162948,-0.13993898482885719,0.6642931454990384,-1.5706102970233502,0.009206619711094266,-3.1213890289223931,30,0.000000000000000000e+00,zone_bc_work_m_v1,0,-1610,20,652,0
1,105,157,-0.44448991161214502,-0.13992710018602009,0.66493292362933909,-1.5707192926819908,0.008613898744380899,-3.132649779478955,30,0.000000000000000000e+00,zone_bc_work_m_v1,0,-1610,20,652,0
1,105,158,-0.41428060822923274,-0.13991783361667287,0.66527291271748235,-1.5708114499903645,0.0081508844071269682,3.139737229709795,30,0.000000000000000000e+00,zone_bc_work_m_v1,0,-1610,20,652,0
1,105,159,-0.38410062851517202,-0.13991702819797369,0.66465674943560393,-1.5708869230867577,0.0081101201821793811,3.1304222251619613,30,0.000000000000000000e+00,zone_bc_work_m_v1,0,-1610,20,652,0
1,105,160,-0.35392066875598571,-0.13991620878647074,0.66403885115269745,-1.5709616234691013,0.0080679611668723616,3.1211072617620528,30,0.000000000000000000e+00,zone_bc_work_m_v1,0,-1610,20,652,0
1,105,161,-0.32380518430396266,-0.13991456200737251,0.66337362493014218,-1.5710089817307025,0.0079844813320912866,3.1149651335803212,30,0.000000000000000000e+00,zone_bc_work_m_v1,0,-1610,20,652,0
1,105,162,-0.29369651171377242,-0.13991282394248042,0.66270286550629609,-1.5710525303486575,0.0078962514197318256,3.1091574694261013,30,0.000000000000000000e+00,zone_bc_work_m_v1,0,-1610,20,652,0
1,105,163,-0.29898854401202946,-0.10991385729301463,0.66307877770087142,-1.5710267775416153,0.007948735952535424,3.1126083419347172,10,0.000000000000000000e+00,zone_bc_work_m_v1,0,-1610,20,652,0
1,105,164,-0.32911494959977272,-0.10991585673516206,0.66374953722680208,-1.5709757923374983,0.0080500509320662328,3.1193023898084142,30,0.000000000000000000e+00,zone_bc_work_m_v1,0,-1610,20,652,0
1,105,165,-0.35925369644534921,-0.10991669052208392,0.66437436748193968,-1.5709179563973428,0.0080928278890073369,3.126564313011102,30,0.000000000000000000e+00,zone_bc_work_m_v1,0,-1610,20,652,0
1,105,166,-0.38939441584129741,-0.10991733196711169,0.66499098794691958,-1.5708587010962121,0.0081255757349967261,3.133916426738883,30,0.000000000000000000e+00,zone_bc_work_m_v1,0,-1610,20,652,0
1,105,167,-0.41953514200339725,-0.1099179646706382,0.66560652753266725,-1.5707989712642736,0.0081574509241262305,3.1412684716071659,30,0.000000000000000000e+00,zone_bc_work_m_v1,0,-1610,20,652,0
1,105,168,-0.44970332280533998,-0.10992654887590171,0.66508533610371712,-1.5707240196165493,0.0085863722195240744,-3.1331715933464466,30,0.000000000000000000e+00,zone_bc_work_m_v1,0,-1610,20,652,0
1,105,169,-0.47987429708357432,-0.10993593203718903,0.66444657619576086,-1.5706395901865511,0.0090544965396150978,-3.124283784181114,30,0.000000000000000000e+00,zone_bc_work_m_v1,0,-1610,20,652,0
1,105,170,-0.51034161954802126,-0.10993322297571727,0.66361761048036072,-1.57042825596728,0.008912797787838489,-3.1003186685138981,30,0.000000000000000000e+00,zone_bc_work_m_v1,0,-1610,20,652,0
1,105,171,-0.54111552734588342,-0.11003078359754301,0.66196535374268917,-1.5696285569094983,0.013749246022144668,-3.0568599300785446,30,0.000000000000000000e+00,zone_bc_work_m_v1,0,-1610,20,652,0
1,105,172,-0.57173222285019354,-0.1100553739374325,0.65853117517304915,-1.5689150956002815,0.014910188962023119,-3.0160802417861841,30,0.000000000000000000e+00,zone_bc_work_m_v1,0,-1610,20,652,0
1,105,173,-0.60243135442698126,-0.1100361215144763,0.65415356751558473,-1.56833150137622,0.013848032656202935,-2.965440465608479,30,0.000000000000000000e+00,zone_bc_work_m_v1,0,-1610,20,652,0
1,105,174,-0.61991545383428659,-0.10934780785076149,0.64687758996080025,-1.5621803946017225,-0.018438366247575777,2.7044284056050811,10,1.000000000000000000e+00,zone_bc_work_m_v1,0,-1610,20,652,0
1,105,175,-0.66235546240917631,-0.11011596228696344,0.64214277035729672,-1.5666373473025395,0.017572822574285052,-2.9091847998426914,10,1.000000000000000000e+00,zone_bc_work_m_v1,0,-1610,20,652,0
1,105,176,-0.69163373172392162,-0.11011099505799415,0.63433609068673991,-1.566433931213959,0.017267343367771248,-2.8941189419661892,30,0.000000000000000000e+00,zone_bc_work_m_v1,0,-1610,20,652,0
1,105,177,-0.72107450285654529,-0.11010753404690059,0.62650129438866631,-1.5660794722519538,0.016994356842728875,-2.8708390927677594,30,0.000000000000000000e+00,zone_bc_work_m_v1,0,-1610,20,652,0
1,105,178,-0.75078644099109981,-0.11011561013489375,0.61755701949207453,-1.5650579194277108,0.017103730516345061,-2.8178697958373964,30,0.000000000000000000e+00,zone_bc_work_m_v1,0,-1610,20,652,0
1,105,179,-0.78034283942670346,-0.11014251080950108,0.60631357207705461,-1.5631432904978941,0.017811503358514447,-2.7357484061804316,30,0.000000000000000000e+00,zone_bc_work_m_v1,0,-1610,20,652,0
1,105,180,-0.80513941470400785,-0.11004120637505309,0.59444271359484291,-1.5643919067418472,0.012808052138714165,-2.6779040301792199,30,0.000000000000000000e+00,zone_bc_work_m_v1,0,-1610,20,652,0
1,105,181,-0.80591321882633216,-0.080041206375053062,0.59453614960556955,-1.5643919067418472,0.012808052138714165,-2.6779040301792199,10,0.000000000000000000e+00,zone_bc_work_m_v1,0,-1610,20,652,0
1,105,182,-0.77832409182723239,-0.079925784212532852,0.60794065574900624,-1.5672327798833008,0.0077702799917078735,-2.7115943449526494,30,0.000000000000000000e+00,zone_bc_work_m_v1,0,-1610,20,652,0
1,105,183,-0.74868811105137489,-0.079915433846646705,0.61890731918650188,-1.5680442206374896,0.0075446342995573179,-2.7918110691107016,30,0.000000000000000000e+00,zone_bc_work_m_v1,0,-1610,20,652,0
1,105,184,-0.71841331885959547,-0.079911918778012431,0.62776735229517344,-1.5686901787317851,0.0075675332769891135,-2.8701455073829809,30,0.000000000000000000e+00,zone_bc_work_m_v1,0,-1610,20,652,0
1,105,185,-0.68915918969203593,-0.079858687253808652,0.63557459291096086,-1.5694735212524467,0.0050222287393089093,-2.8840505663153566,30,0.000000000000000000e+00,zone_bc_work_m_v1,0,-1610,20,652,0
1,105,186,-0.65946915848573839,-0.079787121873941574,0.64336109411678033,-1.5704395053004911,0.0015753157857427702,-2.918843321918446,30,0.000000000000000000e+00,zone_bc_work_m_v1,0,-1610,20,652,0
1,105,187,-0.59960460760514289,-0.079925523438249935,0.65506012020123938,-1.5693286022135253,0.0084082660511892726,-2.9687744051525491,30,0.000000000000000000e+00,zone_bc_work_m_v1,0,-1610,20,652,0
1,105,188,-0.56920533744410529,-0.079906470479137681,0.65927101452057113,-1.5697511157725481,0.007510343353072102,-3.0033099684717142,30,0.000000000000000000e+00,zone_bc_work_m_v1,0,-1610,20,652,0
1,105,189,-0.53790070173575266,-0.079901243398995681,0.66256847844804934,-1.5703279557512184,0.0073063660149836895,-3.0775751609907518,30,0.000000000000000000e+00,zone_bc_work_m_v1,0,-1610,20,652,0
1,105,190,-0.5071388681139215,-0.079939612702572979,0.66413135493355357,-1.5706041610766659,0.0092378955222429671,-3.1207934638324257,30,0.000000000000000000e+00,zone_bc_work_m_v1,0,-1610,20,652,0
1,105,191,-0.47699883712478042,-0.079931868707426815,0.66477032999448449,-1.5706771899981822,0.008851876681336579,-3.1281343594528215,30,0.000000000000000000e+00,zone_bc_work_m_v1,0,-1610,20,652,0
1,105,192,-0.44685879045388832,-0.079924114441039654,0.66540822463373106,-1.5707445438754819,0.0084647921100216017,-3.1354752095673319,30,0.000000000000000000e+00,zone_bc_work_m_v1,0,-1610,20,652,0
1,105,193,-0.41672410392415316,-0.079917911142790121,0.66577561971955002,-1.5708040748960057,0.0081547711905596287,3.1406425123200163,30,0.000000000000000000e+00,zone_bc_work_m_v1,0,-1610,20,652,0
1,105,194,-0.38660896809803313,-0.079917388574182097,0.66516018328284621,-1.5708534096560351,0.0081284451465990504,3.1345700864959705,30,0.000000000000000000e+00,zone_bc_work_m_v1,0,-1610,20,652,0
1,105,195,-0.35649383616478558,-0.079916860039036905,0.66454400947069503,-1.5709024215669678,0.0081015233019881006,3.1284976016372279,30,0.000000000000000000e+00,zone_bc_work_m_v1,0,-1610,20,652,0
1,105,196,-0.3263787148404711,-0.079916325566561086,0.66392709834739572,-1.5709511025255183,0.0080740101216028037,3.1224251697718564,30,0.000000000000000000e+00,zone_bc_work_m_v1,0,-1610,20,652,0
1,105,197,-0.29624106277478468,-0.079914629027273296,0.66327550738957142,-1.5710072794464149,0.0079878787582732258,3.1151894142509269,30,0.000000000000000000e+00,zone_bc_work_m_v1,0,-1610,20,652,0
1,105,198,-0.30095259575424738,-0.049916180556783922,0.66363228556706355,-1.570964160581803,0.0080664969527282082,3.1207891503334739,10,0.000000000000000000e+00,zone_bc_work_m_v1,0,-1610,20,652,0
1,105,199,-0.33104971181667908,-0.049916637526976025,0.66424912266342095,-1.5709227947882374,0.0080901035604621363,3.1259613242725255,30,0.000000000000000000e+00,zone_bc_work_m_v1,0,-1610,20,652,0
1,105,200,-0.3611468376105369,-0.049917090198717567,0.66486542488894174,-1.5708811864535108,0.0081132825431551314,3.131133570602223,30,0.000000000000000000e+00,zone_bc_work_m_v1,0,-1610,20,652,0
1,105,201,-0.39124396898605207,-0.049917538553761111,0.66548119217910917,-1.5708393405627965,0.0081360311020317599,3.1363058200979492,30,0.000000000000000000e+00,zone_bc_work_m_v1,0,-1610,20,652,0
1,105,202,-0.42134110179300954,-0.049917982574205634,0.6660964245123322,-1.5707972621394077,0.0081583465073034045,3.1414780035339103,30,0.000000000000000000e+00,zone_bc_work_m_v1,0,-1610,20,652,0
1,105,203,-0.45150745512560597,-0.049904449972092972,0.66557357534274286,-1.5707324412301362,0.0074814229963726664,-3.1330535550707674,30,0.000000000000000000e+00,zone_bc_work_m_v1,0,-1610,20,652,0
1,105,204,-0.48168074748518719,-0.049889504242064758,0.66493494295128697,-1.5706781966323726,0.006733354211585274,-3.1240502914796258,30,0.000000000000000000e+00,zone_bc_work_m_v1,0,-1610,20,652,0
1,105,205,-0.51197167172928415,-0.049889493642536115,0.66420559489572961,-1.5705768888277774,0.0067302840320011548,-3.1089993907129498,30,0.000000000000000000e+00,zone_bc_work_m_v1,0,-1610,20,652,0
1,105,206,-0.5428463145140987,-0.049890393017519241,0.66236833801530715,-1.5702443516325353,0.006756320460219456,-3.0600754675397281,30,0.000000000000000000e+00,zone_bc_work_m_v1,0,-1610,20,652,0
1,105,207,-0.57353329674003772,-0.04990360863236705,0.65890820730496702,-1.5698619193790952,0.0073807152364164796,-3.0156602359211462,30,0.000000000000000000e+00,zone_bc_work_m_v1,0,-1610,20,652,0
1,105,208,-0.60423939338691612,-0.049930710084132697,0.65444934912059494,-1.5692426870678724,0.0086564312677406274,-2.9640029832444603,30,0.000000000000000000e+00,zone_bc_work_m_v1,0,-1610,20,652,0
1,105,209,-0.62350319757673311,-0.049230146223503163,0.64791505551440998,-1.5620596542992788,-0.024739519101097285,2.8020775251763088,10,1.000000000000000000e+00,zone_bc_work_m_v1,0,-1610,20,652,0
1,105,210,-0.6639544160514681,-0.049792494725900367,0.64204339304454983,-1.5703712084626513,0.0018352713794411724,-2.9139691175665403,10,1.000000000000000000e+00,zone_bc_work_m_v1,0,-1610,20,652,0
1,105,211,-0.69356648712454705,-0.049835419097194439,0.63484536354713317,-1.5697934757398571,0.0039033249176620988,-2.8901089164590976,30,0.000000000000000000e+00,zone_bc_work_m_v1,0,-1610,20,652,0
1,105,212,-0.72298256679962414,-0.049920794904484193,0.62699493751045487,-1.568552600700184,0.0079899103548553008,-2.8678205820832448,30,0.000000000000000000e+00,zone_bc_work_m_v1,0,-1610,20,652,0
1,105,213,-0.7530092632627452,-0.049918460275286007,0.6176410191775531,-1.5680126029304384,0.0076941511298975751,-2.7944428207322805,30,0.000000000000000000e+00,zone_bc_work_m_v1,0,-1610,20,652,0
1,105,214,-0.78248197485925475,-0.049921566357988299,0.6063183946464864,-1.5673489177506372,0.0075914559349261612,-2.7153152156901204,30,0.000000000000000000e+00,zone_bc_work_m_v1,0,-1610,20,652,0
1,105,215,-0.80627035714472584,-0.049892390129219269,0.59476411197961532,-1.5678234554409842,0.0062031039523917642,-2.6946743378954494,30,0.000000000000000000e+00,zone_bc_work_m_v1,0,-1610,20,652,0
1,105,216,-0.80700892707212868,-0.019825828958568357,0.5945965961764117,-1.5691875647963334,0.0031652063527201069,-2.6713543081296471,10,0.000000000000000000e+00,zone_bc_work_m_v1,0,-1610,20,652,0
1,105,217,-0.77872215301137848,-0.019908195468192561,0.60806115109818826,-1.5677873646414673,0.0070540405991139643,-2.7383984602932232,30,0.000000000000000000e+00,zone_bc_work_m_v1,0,-1610,20,652,0
1,105,218,-0.74928363459247604,-0.019889921537660071,0.61919553763075375,-1.5686133099262651,0.0063928069444225688,-2.8125253749302033,30,0.000000000000000000e+00,zone_bc_work_m_v1,0,-1610,20,652,0
1,105,219,-0.71945165759774166,-0.019897895870061331,0.62838593668743481,-1.5689034758597522,0.0068990310083292261,-2.8738147942324392,30,0.000000000000000000e+00,zone_bc_work_m_v1,0,-1610,20,652,0
1,105,220,-0.68974540611526791,-0.019803373861420497,0.63573470869783288,-1.5702250946527512,0.0023596648111601226,-2.9040798537556585,30,0.000000000000000000e+00,zone_bc_work_m_v1,0,-1610,20,652,0
1,105,221,-0.6602802957253795,-0.019788927441922347,0.64263594144936576,-1.5704168388313589,0.0016627447782788796,-2.9172060336604666,30,0.000000000000000000e+00,zone_bc_work_m_v1,0,-1610,20,652,0
1,105,222,-0.63081442457999937,-0.019774431095687609,0.64953380300700037,-1.5705906845503406,0.00095887905199742995,-2.930331617898307,30,0.000000000000000000e+00,zone_bc_work_m_v1,0,-1610,20,652,0
1,105,223,-0.60036386222240434,-0.019739389870785343,0.65526145090533994,-1.5709205792952865,-0.00076130622636383372,-2.9798094463571445,30,0.000000000000000000e+00,zone_bc_work_m_v1,0,-1610,20,652,0
1,105,224,-0.56989027766369005,-0.019781021599440392,0.65965180996097983,-1.5706364820581236,0.0013004206559190656,-3.01928839551391,30,0.000000000000000000e+00,zone_bc_work_m_v1,0,-1610,20,652,0
1,105,225,-0.53921892887220979,-0.019684856747580342,0.66274144802339952,-1.5710784084309195,-0.0034866503900026213,-3.060864979583986,30,0.000000000000000000e+00,zone_bc_work_m_v1,0,-1610,20,652,0
1,105,226,-0.50850080151694188,-0.019906937850309218,0.66441554950420234,-1.5704822129291212,0.0075996044765829218,-3.1002828459369147,30,0.000000000000000000e+00,zone_bc_work_m_v1,0,-1610,20,652,0
1,105,227,-0.47810117071288349,-0.019884273982237809,0.66527421604575787,-1.5706624028008114,0.0064714860859265144,-3.120900989532291,30,0.000000000000000000e+00,zone_bc_work_m_v1,0,-1610,20,652,0
1,105,228,-0.44787662155778096,-0.019903477732876564,0.66591392164180419,-1.5707285017681598,0.0074327729964016598,-3.1324676918992513,30,0.000000000000000000e+00,zone_bc_work_m_v1,0,-1610,20,652,0
1,105,229,-0.41768612249346981,-0.019917929736132899,0.66624821301697235,-1.5708023031741334,0.008155702379736729,3.140859860245568,30,0.000000000000000000e+00,zone_bc_work_m_v1,0,-1610,20,652,0
1,105,230,-0.38760234402547922,-0.019917542834007766,0.66563299067716808,-1.5708389379880134,0.008136247242719552,3.136355438886592,30,0.000000000000000000e+00,zone_bc_work_m_v1,0,-1610,20,652,0
1,105,231,-0.3575185666129721,-0.019917152644155073,0.66501736259656308,-1.5708753964727171,0.0081164635580195377,3.1318509669205818,30,0.000000000000000000e+00,zone_bc_work_m_v1,0,-1610,20,652,0
1,105,232,-0.32743479299731559,-0.019916759178382058,0.6644013287873165,-1.570911675308325,0.0080963531253666066,3.1273464900733985,30,0.000000000000000000e+00,zone_bc_work_m_v1,0,-1610,20,652,0
1,105,233,-0.297351025919665,-0.01991636244869539,0.66378488928628121,-1.5709477711967703,0.0080759177842240071,3.1228420540706687,30,0.000000000000000000e+00,zone_bc_work_m_v1,0,-1610,20,652,0
1,105,234,-0.30174985230502749,0.010083404110985262,0.66410139067381546,-1.570926590239593,0.0080879611029629483,3.1254880257359936,10,0.000000000000000000e+00,zone_bc_work_m_v1,0,-1610,20,652,0
1,105,235,-0.33182332368163636,0.010083054276580652,0.66471747010099713,-1.5708945354214032,0.0081059074096514472,3.1294774279563775,30,0.000000000000000000e+00,zone_bc_work_m_v1,0,-1610,20,652,0
1,105,236,-0.36189679916943907,0.010082707006819548,0.66533323129306032,-1.5708623383234843,0.0081235981758944753,3.1334668452473085,30,0.000000000000000000e+00,zone_bc_work_m_v1,0,-1610,20,652,0
1,105,237,-0.3919702768640787,0.010082362309985425,0.66594867423153736,-1.5708300012433587,0.0081410321352741732,3.1374562458430666,30,0.000000000000000000e+00,zone_bc_work_m_v1,0,-1610,20,652,0
1,105,238,-0.42204375486112999,0.010082020194238763,0.6665637989131552,-1.570797526491869,0.0081582080458875161,3.1414455979784042,30,0.000000000000000000e+00,zone_bc_work_m_v1,0,-1610,20,652,0
1,105,239,-0.45232966378126216,0.010105418172621195,0.66608366652577089,-1.570695110736829,0.0069875425804504232,-3.1271083334545171,30,0.000000000000000000e+00,zone_bc_work_m_v1,0,-1610,20,652,0
1,105,240,-0.48258521042901181,0.010154790691864585,0.66535944563831428,-1.5706711118516301,0.0045178732931414611,-3.1138841909898813,30,0.000000000000000000e+00,zone_bc_work_m_v1,0,-1610,20,652,0
1,105,241,-0.51270346861001137,0.010264805272815144,0.66442647257953158,-1.5708300184795245,-0.00098055780122097147,-3.1072464470852141,30,0.000000000000000000e+00,zone_bc_work_m_v1,0,-1610,20,652,0
1,105,242,-0.54362453566152258,0.010140388963737942,0.6622553107575837,-1.5703537288643195,0.0052209767120892092,-3.0570214535412128,30,0.000000000000000000e+00,zone_bc_work_m_v1,0,-1610,20,652,0
1,105,243,-0.57440813413924152,0.010255951833759026,0.65911905625134126,-1.5708672072727614,-0.00053377882130534182,-3.0095750173773927,30,0.000000000000000000e+00,zone_bc_work_m_v1,0,-1610,20,652,0
1,105,244,-0.60470270688270933,0.010229092955155013,0.65448333870195696,-1.5706646453618798,0.00079362935750726393,-2.9771675282270693,30,0.000000000000000000e+00,zone_bc_work_m_v1,0,-1610,20,652,0
1,105,245,-0.63513580329480623,0.010244392434143866,0.64843874398918833,-1.5707878199944476,3.8578881865092285e-05,-2.9245616005915558,30,0.000000000000000000e+00,zone_bc_work_m_v1,0,-1610,20,652,0
1,105,246,-0.66455074835211736,0.010265961854754393,0.64155120516370956,-1.5710307174314724,-0.0010121810680110421,-2.9140337416314233,30,0.000000000000000000e+00,zone_bc_work_m_v1,0,-1610,20,652,0
1,105,247,-0.69396519523815869,0.010287476086734144,0.63466148255696486,-1.5712950616406696,-0.002055025384168685,-2.9035052171202338,30,0.000000000000000000e+00,zone_bc_work_m_v1,0,-1610,20,652,0
1,105,248,-0.72388547665360747,0.010428771002925514,0.62734162034051,-1.573318924532479,-0.0088261450003330744,-2.8632008047970596,30,0.000000000000000000e+00,zone_bc_work_m_v1,0,-1610,20,652,0
1,105,249,-0.75346634806181656,0.010387892576376878,0.61778425484504385,-1.5731288730264357,-0.0067435566223612575,-2.8085787755080061,30,0.000000000000000000e+00,zone_bc_work_m_v1,0,-1610,20,652,0
1,105,250,-0.78304515081950821,0.010421205756844453,0.60630062649385008,-1.5743851937036126,-0.0080363385771649032,-2.7215809547203778,30,0.000000000000000000e+00,zone_bc_work_m_v1,0,-1610,20,652,0
1,105,251,-0.8067092738042454,0.010456952078583831,0.5946631007758445,-1.5755061895257292,-0.0094835586464905308,-2.6806321227068226,30,0.000000000000000000e+00,zone_bc_work_m_v1,0,-1610,20,652,0
1,105,252,-0.80613477272329181,0.040456952078583859,0.59459371922917592,-1.5755061895257292,-0.0094835586464905308,-2.6806321227068226,10,0.000000000000000000e+00,zone_bc_work_m_v1,0,-1610,20,652,0
1,105,253,-0.77820765921172341,0.040410808407704141,0.60818803225091889,-1.5740773590864501,-0.0076037107191484488,-2.7342210944598806,30,0.000000000000000000e+00,zone_bc_work_m_v1,0,-1610,20,652,0
1,105,254,-0.74873878099549995,0.040388637063960654,0.61923972154796769,-1.5731436611584433,-0.0067778303446275334,-2.8081922857981763,30,0.000000000000000000e+00,zone_bc_work_m_v1,0,-1610,20,652,0
1,105,255,-0.71881105300168502,0.040396643735022567,0.62825081521322867,-1.5728160969552545,-0.0072988304585308583,-2.871620634817488,30,0.000000000000000000e+00,zone_bc_work_m_v1,0,-1610,20,652,0
1,105,256,-0.6892889738718968,0.040298498983642003,0.63602316497556721,-1.5714390404159158,-0.0025871882421895087,-2.8980997360413081,30,0.000000000000000000e+00,zone_bc_work_m_v1,0,-1610,20,652,0
1,105,257,-0.65973586667721262,0.040262424478299683,0.64294646503271313,-1.5709893638711718,-0.0008402067413335601,-2.9157621673165877,30,0.000000000000000000e+00,zone_bc_work_m_v1,0,-1610,20,652,0
1,105,258,-0.63007992795473555,0.040304844035884468,0.64959411341132411,-1.5714066882213769,-0.0029199690967851577,-2.9355292667948762,30,0.000000000000000000e+00,zone_bc_work_m_v1,0,-1610,20,652,0
1,105,259,-0.59978648689434721,0.040404740507068826,0.65535386748151714,-1.5720827475485042,-0.0078735863972878573,-2.9796375446412,30,0.000000000000000000e+00,zone_bc_work_m_v1,0,-1610,20,652,0
1,105,260,-0.56958887717990225,0.040396696884014476,0.65952649725132728,-1.5718361661197586,-0.0075040881021282146,-3.0038984552689905,30,0.000000000000000000e+00,zone_bc_work_m_v1,0,-1610,20,652,0
1,105,261,-0.53865981131840113,0.04046536530273414,0.66271867306968524,-1.5717052085191487,-0.010971781025056471,-3.058941565524337,30,0.000000000000000000e+00,zone_bc_work_m_v1,0,-1610,20,652,0
1,105,262,-0.50777793986431274,0.04029346429467056,0.66450490265821138,-1.5708824444977287,-0.0024125532065122357,-3.1059120983691093,30,0.000000000000000000e+00,zone_bc_work_m_v1,0,-1610,20,652,0
1,105,263,-0.477754181452271,0.040246347838403633,0.66560401593917928,-1.5707982775332403,-5.8231905456285205e-05,-3.1081056999235304,30,0.000000000000000000e+00,zone_bc_work_m_v1,0,-1610,20,652,0
1,105,264,-0.44746875316263779,0.040112271344741088,0.6664503920245336,-1.5706726495944359,0.0066444581070856934,-3.1229810785764567,30,0.000000000000000000e+00,zone_bc_work_m_v1,0,-1610,20,652,0
1,105,265,-0.41708736216463449,0.040082075181758887,0.66668891423396615,-1.5708027719004469,0.0081554561199581599,3.1408023635605931,30,0.000000000000000000e+00,zone_bc_work_m_v1,0,-1610,20,652,0
1,105,266,-0.38702207060968008,0.040082382447504741,0.66607377540243906,-1.5708319009026517,0.0081400171371457386,3.1372223588416914,30,0.000000000000000000e+00,zone_bc_work_m_v1,0,-1610,20,652,0
1,105,267,-0.35695677938817161,0.040082691791434706,0.66545838027639381,-1.5708609189277252,0.0081243704038960196,3.1336423165970007,30,0.000000000000000000e+00,zone_bc_work_m_v1,0,-1610,20,652,0
1,105,268,-0.32689148987638683,0.040083003207650791,0.66484272885827589,-1.5708898243057525,0.0081085168178296474,3.1300622597824148,30,0.000000000000000000e+00,zone_bc_work_m_v1,0,-1610,20,652,0
1,105,269,-0.29682620345056376,0.040083316690175182,0.66422682116038489,-1.5709186153754444,0.0080924572924723215,3.126482211354177,30,0.000000000000000000e+00,zone_bc_work_m_v1,0,-1610,20,652,0
1,105,270,-0.29972830606557332,0.07008317152702756,0.66451259297163467,-1.5709053210694355,0.0080999063151097062,3.1281370795968186,10,0.000000000000000000e+00,zone_bc_work_m_v1,0,-1610,20,652,0
1,105,271,-0.32978693148833416,0.070082887996272644,0.6651283155356108,-1.5708791660725721,0.0081143937661929399,3.1313839662231961,30,0.000000000000000000e+00,zone_bc_work_m_v1,0,-1610,20,652,0
1,105,272,-0.35984555903149884,0.070082606166954414,0.66574382729546477,-1.570852917556534,0.0081287115456885051,3.1346308527765716,30,0.000000000000000000e+00,zone_bc_work_m_v1,0,-1610,20,652,0
1,105,273,-0.38990418766839086,0.070082326043513082,0.66635912824439303,-1.5708265767627174,0.0081428589759355852,3.1378777221318388,30,0.000000000000000000e+00,zone_bc_work_m_v1,0,-1610,20,652,0
1,105,274,-0.41996281637232324,0.070082047630334848,0.66697421838225857,-1.5708001449383251,0.0081568353900498547,3.1411245571642987,30,0.000000000000000000e+00,zone_bc_work_m_v1,0,-1610,20,652,0
1,105,275,-0.45063675289621452,0.070254955787503959,0.66649489296736331,-1.5708128276351303,-0.00048838337051493319,-3.1078188451344397,30,0.000000000000000000e+00,zone_bc_work_m_v1,0,-1610,20,652,0
1,105,276,-0.48065115906969558,0.070305537757622508,0.66539607096746667,-1.5709034336734797,-0.0030158637937407473,-3.1060930249735881,30,0.000000000000000000e+00,zone_bc_work_m_v1,0,-1610,20,652,0
1,105,277,-0.5108238366589215,0.070430240635430796,0.66428444837274458,-1.5712140403477877,-0.0092436034148650759,-3.0964332599250923,30,0.000000000000000000e+00,zone_bc_work_m_v1,0,-1610,20,652,0
1,105,278,-0.54180753295906747,0.070293693981397898,0.6621421172610642,-1.5710345971774284,-0.0024138427959781161,-3.043201310848854,30,0.000000000000000000e+00,zone_bc_work_m_v1,0,-1610,20,652,0
1,105,279,-0.57210286393586429,0.070392737313422368,0.6589492676366937,-1.5716945489546363,-0.0073229243968646607,-3.0195422483812653,30,0.000000000000000000e+00,zone_bc_work_m_v1,0,-1610,20,652,0
1,105,280,-0.6032143814040225,0.070454589406694704,0.65446757894899077,-1.5728139823653757,-0.010274302789539558,-2.947677816040124,30,0.000000000000000000e+00,zone_bc_work_m_v1,0,-1610,20,652,0
1,105,281,-0.63278996290026135,0.070330467044941627,0.64881723808642988,-1.5716578308359437,-0.0041763068965920969,-2.9381618155462745,30,0.000000000000000000e+00,zone_bc_work_m_v1,0,-1610,20,652,0
1,105,282,-0.66268504083019764,0.070273287566322659,0.64252359837146722,-1.5711182530713106,-0.0013678797886105265,-2.9104518903437597,30,0.000000000000000000e+00,zone_bc_work_m_v1,0,-1610,20,652,0
1,105,283,-0.69223243841809734,0.070347272477287129,0.63489636555351892,-1.5720941803570183,-0.0049367702793536861,-2.8845134316978882,30,0.000000000000000000e+00,zone_bc_work_m_v1,0,-1610,20,652,0
1,105,284,-0.72152284039488535,0.070407699913235935,0.62707909038355558,-1.572986195797502,-0.0078253281608724468,-2.8687258041701558,30,0.000000000000000000e+00,zone_bc_work_m_v1,0,-1610,20,652,0
1,105,285,-0.75169244004687885,0.070404781877194816,0.61790959070202012,-1.5735376116177213,-0.0074944456412431304,-2.7909297849611794,30,0.000000000000000000e+00,zone_bc_work_m_v1,0,-1610,20,652,0
1,105,286,-0.78163195095401827,0.070476200960447766,0.60642036245301223,-1.5758730171617579,-0.010375829730076447,-2.6865469469802177,30,0.000000000000000000e+00,zone_bc_work_m_v1,0,-1610,20,652,0
1,105,287,-0.80556027164233823,0.070456952078583879,0.59452433768250734,-1.5755061895257292,-0.0094835586464905308,-2.6806321227068226,30,0.000000000000000000e+00,zone_bc_work_m_v1,0,-1610,20,652,0
1,105,288,-0.80498577056138465,0.10045695207858391,0.59445495613583876,-1.5755061895257292,-0.0094835586464905308,-2.6806321227068226,10,0.000000000000000000e+00,zone_bc_work_m_v1,0,-1610,20,652,0
1,105,289,-0.77694494246694923,0.10062699210416817,0.60814935457694275,-1.5782413715084207,-0.017580319876404626,-2.7409787201331239,30,0.000000000000000000e+00,zone_bc_work_m_v1,0,-1610,20,652,0
1,105,290,-0.74780152790407639,0.10061409772527585,0.61887620708669888,-1.5770813430118791,-0.017343216247105442,-2.7939022048010891,30,0.000000000000000000e+00,zone_bc_work_m_v1,0,-1610,20,652,0
1,105,291,-0.71724467365392408,0.10059848416121808,0.62769209465256059,-1.5752761415972552,-0.017088614755789155,-2.8851963229125177,30,0.000000000000000000e+00,zone_bc_work_m_v1,0,-1610,20,652,0
1,105,292,-0.68801587567839451,0.10060308698244037,0.63548931027317168,-1.575116900240793,-0.017366855625984723,-2.8977467656340097,30,0.000000000000000000e+00,zone_bc_work_m_v1,0,-1610,20,652,0
1,105,293,-0.65877163828412155,0.10060536807588957,0.64325910622093763,-1.5749171218803273,-0.017532538211882942,-2.9107329630294432,30,0.000000000000000000e+00,zone_bc_work_m_v1,0,-1610,20,652,0
1,105,294,-0.62873452058266444,0.10045978151803162,0.64938392059313865,-1.5729076369896262,-0.010520396777763841,-2.943532454867225,30,0.000000000000000000e+00,zone_bc_work_m_v1,0,-1610,20,652,0
1,105,295,-0.59876584171461689,0.10055504040314617,0.65494718924008344,-1.5733927255676654,-0.015274428711237853,-2.9732118698304957,30,0.000000000000000000e+00,zone_bc_work_m_v1,0,-1610,20,652,0
1,105,296,-0.56810271694560988,0.10054337026295701,0.6591754389980875,-1.5725909880577902,-0.014801543295117403,-3.0209288852233724,30,0.000000000000000000e+00,zone_bc_work_m_v1,0,-1610,20,652,0
1,105,297,-0.53742904853757967,0.10050936192079947,0.6624080802400879,-1.5718275282701999,-0.013169042759022531,-3.0634448686099978,30,0.000000000000000000e+00,zone_bc_work_m_v1,0,-1610,20,652,0
1,105,298,-0.5071532954815825,0.10047306393720604,0.66410816386520999,-1.5715000159398151,-0.011372567058555383,-3.079794084488805,30,0.000000000000000000e+00,zone_bc_work_m_v1,0,-1610,20,652,0
1,105,299,-0.4768854930322366,0.10048125290325366,0.66526241947385145,-1.5713544805334658,-0.011790588721029227,-3.0942879483754506,30,0.000000000000000000e+00,zone_bc_work_m_v1,0,-1610,20,652,0
1,105,300,-0.44665142415757253,0.10056549553686324,0.66638563591198197,-1.5713496708881987,-0.01600677353789548,-3.1070355652968846,30,0.000000000000000000e+00,zone_bc_work_m_v1,0,-1610,20,652,0
1,105,301,-0.41550258659711004,0.10076065979202649,0.66658850293065686,-1.5701928836421117,-0.025769653841089202,3.118177526464641,30,0.000000000000000000e+00,zone_bc_work_m_v1,0,-1610,20,652,0
1,105,302,-0.3854355854714866,0.10075841271721818,0.66597772785524723,-1.5701015567417125,-0.025654921882745763,3.1145149428067676,30,0.000000000000000000e+00,zone_bc_work_m_v1,0,-1610,20,652,0
1,105,303,-0.35536859045357616,0.10075615901132362,0.6653666847257973,-1.5700110716734077,-0.02553953699434075,3.1108523442978759,30,0.000000000000000000e+00,zone_bc_work_m_v1,0,-1610,20,652,0
1,105,304,-0.32530160301562794,0.1007538987194351,0.66475537357386294,-1.5699214337556162,-0.025423506119013783,3.1071897554633781,30,0.000000000000000000e+00,zone_bc_work_m_v1,0,-1610,20,652,0
1,105,305,-0.2952346246296389,0.10075163188691157,0.66414379444178406,-1.5698326482386329,-0.025306836251396181,3.1035272008233359,30,0.000000000000000000e+00,zone_bc_work_m_v1,0,-1610,20,652,0
1,105,306,-0.29733252619528949,0.13075272696710771,0.66334541521189239,-1.5698754008569109,-0.025363235549428653,3.105295217426824,10,0.000000000000000000e+00,zone_bc_work_m_v1,0,-1610,20,652,0
1,105,307,-0.32740732400682138,0.13075523203344175,0.66395711234363086,-1.5699741755895493,-0.025491988069109572,3.1093489748587047,30,0.000000000000000000e+00,zone_bc_work_m_v1,0,-1610,20,652,0
1,105,308,-0.35748213184413791,0.13075772905459285,0.66456848116308853,-1.5700739907449082,-0.025619952754230457,3.1134027564719791,30,0.000000000000000000e+00,zone_bc_work_m_v1,0,-1610,20,652,0
1,105,309,-0.38755694771119131,0.1307602179692928,0.6651795216222588,-1.570174839144894,-0.025747120165877213,3.1174565290162066,30,0.000000000000000000e+00,zone_bc_work_m_v1,0,-1610,20,652,0
1,105,310,-0.41786377667858465,0.13075654805204592,0.66593546369641976,-1.570583914769311,-0.025570179844469632,3.1332849181128939,30,0.000000000000000000e+00,zone_bc_work_m_v1,0,-1610,20,652,0
1,105,311,-0.44844704639416788,0.13075950121796731,0.66567170741165205,-1.5713404133236284,-0.025713014242840782,-3.1204335110783581,30,0.000000000000000000e+00,zone_bc_work_m_v1,0,-1610,20,652,0
1,105,312,-0.47869843427551606,0.13057026816721537,0.66479454836070095,-1.5713549857235143,-0.016245394720721062,-3.107215928607022,30,0.000000000000000000e+00,zone_bc_work_m_v1,0,-1610,20,652,0
1,105,313,-0.50870314631673885,0.1305395956456378,0.66374123949306496,-1.5713193284379199,-0.014711894000779102,-3.1060567543907385,30,0.000000000000000000e+00,zone_bc_work_m_v1,0,-1610,20,652,0
1,105,314,-0.5396386773363604,0.13052187877173288,0.66181211465662182,-1.5719785346611577,-0.013784654071583802,-3.0560366555541334,30,0.000000000000000000e+00,zone_bc_work_m_v1,0,-1610,20,652,0
1,105,315,-0.57044564513999774,0.13055063955337837,0.65838718470726365,-1.5728631230030421,-0.015132969813870467,-3.0058514277936057,30,0.000000000000000000e+00,zone_bc_work_m_v1,0,-1610,20,652,0
1,105,316,-0.60089454473230397,0.13055144896105045,0.65404969061544604,-1.5734437081970798,-0.015083369192868012,-2.9678389452831624,30,0.000000000000000000e+00,zone_bc_work_m_v1,0,-1610,20,652,0
1,105,317,-0.63081815634749838,0.13063377194768858,0.64847341706004957,-1.5746562411436962,-0.019043494450621923,-2.9415997455003433,30,0.000000000000000000e+00,zone_bc_work_m_v1,0,-1610,20,652,0
1,105,318,-0.66082600254167589,0.13060680278849066,0.64214455239438817,-1.574982146772701,-0.017590888223010248,-2.9079703282104026,30,0.000000000000000000e+00,zone_bc_work_m_v1,0,-1610,20,652,0
1,105,319,-0.69024835355853131,0.13059858112266343,0.63430040029499735,-1.5752728735087769,-0.017094483475110334,-2.8854594445353823,30,0.000000000000000000e+00,zone_bc_work_m_v1,0,-1610,20,652,0
1,105,320,-0.71978449021558621,0.13059767151730375,0.62649628601691543,-1.5757284549862147,-0.016921282041966856,-2.8579603298727738,30,0.000000000000000000e+00,zone_bc_work_m_v1,0,-1610,20,652,0
1,105,321,-0.74931636042128635,0.13060626903891334,0.6177130930217446,-1.576570002847276,-0.017107366133676249,-2.8160818018813258,30,0.000000000000000000e+00,zone_bc_work_m_v1,0,-1610,20,652,0
1,105,322,-0.77884018671433064,0.13062207152623015,0.60655729615886955,-1.57821122658738,-0.01732570524842969,-2.7371834902388943,30,0.000000000000000000e+00,zone_bc_work_m_v1,0,-1610,20,652,0
1,105,323,-0.80441126948043096,0.1304569520785839,0.59438557458917018,-1.5755061895257292,-0.0094835586464905308,-2.6806321227068226,30,0.000000000000000000e+00,zone_bc_work_m_v1,0,-1610,20,652,0
1,105,324,-0.80252589280735886,0.16093390858876594,0.59416262445522072,-1.5860838329262852,-0.030865746897654756,-2.6816257239986716,10,0.000000000000000000e+00,zone_bc_work_m_v1,0,-1610,20,652,0
1,105,325,-0.77457323169511616,0.16064714979219832,0.60789584563699373,-1.5786700484712215,-0.018493516226372853,-2.739054022435,30,0.000000000000000000e+00,zone_bc_work_m_v1,0,-1610,20,652,0
1,105,326,-0.74467496078254014,0.16060124949415455,0.61876801730806008,-1.5762555635793889,-0.016946747694004172,-2.8299322139548977,30,0.000000000000000000e+00,zone_bc_work_m_v1,0,-1610,20,652,0
1,105,327,-0.71541779894873925,0.16059769511841895,0.62714644710854495,-1.5758182737117543,-0.016896076687946904,-2.8526678085280759,30,0.000000000000000000e+00,zone_bc_work_m_v1,0,-1610,20,652,0
1,105,328,-0.68607823058703477,0.16059757939099556,0.63488645110503361,-1.5755257972771499,-0.016974251970690801,-2.8698440305310644,30,0.000000000000000000e+00,zone_bc_work_m_v1,0,-1610,20,652,0
1,105,329,-0.65622661976914731,0.16061020629405198,0.64273859783171949,-1.5749276213935461,-0.017778555511400951,-2.913256747859716,30,0.000000000000000000e+00,zone_bc_work_m_v1,0,-1610,20,652,0
1,105,330,-0.62617818007635506,0.16066829422254361,0.64872734541413468,-1.5749237088852208,-0.020750727041739747,-2.9452372946395702,30,0.000000000000000000e+00,zone_bc_work_m_v1,0,-1610,20,652,0
1,105,331,-0.59584792729348757,0.16071831162293709,0.65436072963536085,-1.5743994887167603,-0.023382724867555993,-2.9886858342527169,30,0.000000000000000000e+00,zone_bc_work_m_v1,0,-1610,20,652,0
1,105,332,-0.56540285375769295,0.16069596982582326,0.65851343399194628,-1.5734166799041693,-0.022388476414221259,-3.0250725552706488,30,0.000000000000000000e+00,zone_bc_work_m_v1,0,-1610,20,652,0
1,105,333,-0.53492863154215131,0.16077139889817568,0.66162680127336326,-1.5730169052951579,-0.026220012999740749,-3.0570942775757048,30,0.000000000000000000e+00,zone_bc_work_m_v1,0,-1610,20,652,0
1,105,334,-0.50395385119009894,0.16060476575924734,0.66343255318342664,-1.5713848422288297,-0.017970496360674382,-3.108853608721514,30,0.000000000000000000e+00,zone_bc_work_m_v1,0,-1610,20,652,0
1,105,335,-0.47380204537087178,0.16072280737392941,0.66431948494685011,-1.5713810755059279,-0.023876353876093104,-3.1171045159800648,30,0.000000000000000000e+00,zone_bc_work_m_v1,0,-1610,20,652,0
1,105,336,-0.44351299171621505,0.16075895689120304,0.66493366202826287,-1.571045626730224,-0.02569033411109034,-3.1318878542394559,30,0.000000000000000000e+00,zone_bc_work_m_v1,0,-1610,20,652,0
1,105,337,-0.41317423980188162,0.16075633120126021,0.66510592742086883,-1.5706035552440616,-0.025559489028976978,3.134049901557141,30,0.000000000000000000e+00,zone_bc_work_m_v1,0,-1610,20,652,0
1,105,338,-0.38295842770294364,0.16075950834145328,0.66431489966451762,-1.5703113607500312,-0.02571455333178041,3.1227332154310394,30,0.000000000000000000e+00,zone_bc_work_m_v1,0,-1610,20,652,0
1,105,339,-0.35282249831757428,0.16075904195574628,0.66363258778329415,-1.5701270188097647,-0.025687081637996378,3.1155394706663104,30,0.000000000000000000e+00,zone_bc_work_m_v1,0,-1610,20,652,0
1,105,340,-0.32273800158562227,0.16075625058307869,0.66302110576416962,-1.5700147266172215,-0.025544231312908616,3.1110009528155511,30,0.000000000000000000e+00,zone_bc_work_m_v1,0,-1610,20,652,0
1,105,341,-0.29265351640096604,0.16075344909481948,0.6624092121950188,-1.5699037348901539,-0.02540038864442784,3.1064624482916177,30,0.000000000000000000e+00,zone_bc_work_m_v1,0,-1610,20,652,0
1,105,342,-0.29330236813983457,0.19075492918323922,0.66158145810179214,-1.5699621618840807,-0.025476442313259851,3.1088582028858074,10,0.000000000000000000e+00,zone_bc_work_m_v1,0,-1610,20,652,0
1,105,343,-0.32339917558075837,0.19075810432641499,0.66219346814630042,-1.5700891094307237,-0.025639151364246882,3.1140131279508223,30,0.000000000000000000e+00,zone_bc_work_m_v1,0,-1610,20,652,0
1,105,344,-0.35350510747703701,0.19076035991776308,0.66283532306333492,-1.5702313915592594,-0.025755524295163035,3.1196592172132274,30,0.000000000000000000e+00,zone_bc_work_m_v1,0,-1610,20,652,0
1,105,345,-0.38365606618045822,0.1907581132698454,0.66362622868201693,-1.5704408448171121,-0.025646885510996142,3.1277313917035512,30,0.000000000000000000e+00,zone_bc_work_m_v1,0,-1610,20,652,0
1,105,346,-0.41380704286616066,0.19075583297761323,0.66441583315206743,-1.57064851520668,-0.025534868778979147,3.1358034716187531,30,0.000000000000000000e+00,zone_bc_work_m_v1,0,-1610,20,652,0
1,105,347,-0.44406042563136183,0.19075834404497913,0.66409848080933676,-1.5709798771931016,-0.025660234684284022,-3.13443888373454,30,0.000000000000000000e+00,zone_bc_work_m_v1,0,-1610,20,652,0
1,105,348,-0.4743320358589409,0.19076162191739096,0.66358041209089447,-1.5713376522432838,-0.025819166112172054,-3.1206273627534795,30,0.000000000000000000e+00,zone_bc_work_m_v1,0,-1610,20,652,0
1,105,349,-0.5044428811107895,0.19069545073044833,0.66283579214633948,-1.571403428968333,-0.022507126392562915,-3.114623138037234,30,0.000000000000000000e+00,zone_bc_work_m_v1,0,-1610,20,652,0
1,105,350,-0.53576132384787045,0.1905799990657305,0.66082985243618431,-1.572411418625675,-0.016663527771429099,-3.0449661705752655,30,0.000000000000000000e+00,zone_bc_work_m_v1,0,-1610,20,652,0
1,105,351,-0.56632988339995904,0.19071033735849133,0.65767349851244616,-1.5738966474805294,-0.023052326813705504,-3.0078921424365159,30,0.000000000000000000e+00,zone_bc_work_m_v1,0,-1610,20,652,0
1,105,352,-0.59651590440848179,0.19075185009730636,0.65349404101343367,-1.574769772341422,-0.025022637411816984,-2.9840964957898786,30,0.000000000000000000e+00,zone_bc_work_m_v1,0,-1610,20,652,0
1,105,353,-0.62693723392239731,0.19090523818765281,0.64785002814252046,-1.577563749058688,-0.032307850807280047,-2.9350732126512029,30,0.000000000000000000e+00,zone_bc_work_m_v1,0,-1610,20,652,0
1,105,354,-0.65671742134956168,0.1912009152684101,0.64109179328211652,-1.5818796064713059,-0.046503251501290865,-2.907533525629999,30,0.000000000000000000e+00,zone_bc_work_m_v1,0,-1610,20,652,0
1,105,355,-0.68586802314823903,0.19119256835619694,0.63339255358725788,-1.5821292334027306,-0.046012887962641136,-2.9000088479269572,30,0.000000000000000000e+00,zone_bc_work_m_v1,0,-1610,20,652,0
1,105,356,-0.71527930538415385,0.19115242764554405,0.62575736968639817,-1.582500691994819,-0.043843389138794153,-2.8806265912066893,30,0.000000000000000000e+00,zone_bc_work_m_v1,0,-1610,20,652,0
1,105,357,-0.74551208053346096,0.19121217914718955,0.61693758705195334,-1.5868809603780853,-0.045617913280018074,-2.8024723412387775,30,0.000000000000000000e+00,zone_bc_work_m_v1,0,-1610,20,652,0
1,105,358,-0.77471846724859483,0.19125217147017259,0.60611699647206074,-1.5902528406571008,-0.046464269679023618,-2.7448618142240537,30,0.000000000000000000e+00,zone_bc_work_m_v1,0,-1610,20,652,0
1,105,359,-0.80065227856854204,0.19093390858876597,0.59393681248144614,-1.5860838329262852,-0.030865746897654756,-2.6816257239986716,30,0.000000000000000000e+00,zone_bc_work_m_v1,0,-1610,20,652,0
1,105,360,-0.79877866432972522,0.22093390858876599,0.59371100050767167,-1.5860838329262852,-0.030865746897654756,-2.6816257239986716,10,0.000000000000000000e+00,zone_bc_work_m_v1,0,-1610,20,652,0
1,105,361,-0.76932650954776149,0.22132808495446993,0.60606880150607401,-1.5899128075794686,-0.050689611429110881,-2.7807758266850446,30,0.000000000000000000e+00,zone_bc_work_m_v1,0,-1610,20,652,0
1,105,362,-0.74063446223481744,0.22109808865092193,0.6174030943653438,-1.5841328759492495,-0.040521098265397626,-2.8235345282327531,30,0.000000000000000000e+00,zone_bc_work_m_v1,0,-1610,20,652,0
1,105,363,-0.71116551021294994,0.22109289658393522,0.6256801696754325,-1.5826998996379964,-0.040694075653990192,-2.8569310229313474,30,0.000000000000000000e+00,zone_bc_work_m_v1,0,-1610,20,652,0
1,105,364,-0.68141884124452567,0.22116854561232385,0.63286464751311611,-1.5824216994813962,-0.044698492799751799,-2.8870535940998368,30,0.000000000000000000e+00,zone_bc_work_m_v1,0,-1610,20,652,0
1,105,365,-0.65207253084999528,0.22119565094016594,0.64045869154636459,-1.5820380341909857,-0.046194064806308388,-2.902783327493057,30,0.000000000000000000e+00,zone_bc_work_m_v1,0,-1610,20,652,0
1,105,366,-0.62252993985868255,0.22108429124831577,0.64765337120156063,-1.5798665848093376,-0.040976442127314217,-2.923687336235143,30,0.000000000000000000e+00,zone_bc_work_m_v1,0,-1610,20,652,0
1,105,367,-0.59199334416063887,0.22091248009049599,0.65338729686854513,-1.5760926254332528,-0.032948258359556171,-2.9821803389297132,30,0.000000000000000000e+00,zone_bc_work_m_v1,0,-1610,20,652,0
1,105,368,-0.5617763558960982,0.22088365230106782,0.65748647123049064,-1.5750829000609123,-0.031639956882193898,-3.0069097836631586,30,0.000000000000000000e+00,zone_bc_work_m_v1,0,-1610,20,652,0
1,105,369,-0.53072020499828132,0.22080324028943515,0.6606887075758755,-1.5728384489824272,-0.027831709705835372,-3.0683404413279938,30,0.000000000000000000e+00,zone_bc_work_m_v1,0,-1610,20,652,0
1,105,370,-0.52938726922387236,0.25081331137012247,0.65994885385282764,-1.5730471277751128,-0.028320986657648817,-3.0622739901708522,10,0.000000000000000000e+00,zone_bc_work_m_v1,0,-1610,20,652,0
1,105,371,-0.56003278251803645,0.25086732307607562,0.65674407450027072,-1.5745297090480994,-0.030887305795709086,-3.0212855960660212,30,0.000000000000000000e+00,zone_bc_work_m_v1,0,-1610,20,652,0
1,105,372,-0.59072171579661581,0.25094023992075964,0.65255509212190765,-1.5766456833674791,-0.034264366970130355,-2.9724757128680954,30,0.000000000000000000e+00,zone_bc_work_m_v1,0,-1610,20,652,0
1,105,373,-0.62129177684471149,0.25120263792532077,0.64672607430824136,-1.5818270260204503,-0.046604363666020499,-2.9090912756628304,30,0.000000000000000000e+00,zone_bc_work_m_v1,0,-1610,20,652,0
1,105,374,-0.65078810793816588,0.25116792996601278,0.63919162893957482,-1.5824249139865414,-0.044665814748576782,-2.8868080082371206,30,0.000000000000000000e+00,zone_bc_work_m_v1,0,-1610,20,652,0
1,105,375,-0.68032628701264541,0.25111950465897742,0.63206555713274415,-1.5826287952296223,-0.042099785986527527,-2.8675143078477365,30,0.000000000000000000e+00,zone_bc_work_m_v1,0,-1610,20,652,0
1,105,376,-0.70986246271951248,0.25107098723618976,0.62493219673683253,-1.5827368236720192,-0.039539247095672136,-2.8482249756984865,30,0.000000000000000000e+00,zone_bc_work_m_v1,0,-1610,20,652,0
1,105,377,-0.73906047966369059,0.25108168634867589,0.61657412009273549,-1.5837569235728506,-0.039780385841349242,-2.8265398173448339,30,0.000000000000000000e+00,zone_bc_work_m_v1,0,-1610,20,652,0
1,105,378,-0.76746763261832796,0.25122987207296282,0.60535110033687578,-1.5873280585396341,-0.046399276323777494,-2.7991804637174154,30,0.000000000000000000e+00,zone_bc_work_m_v1,0,-1610,20,652,0
1,105,379,-0.79690505009090862,0.25093390858876607,0.5934851885338972,-1.5860838329262852,-0.030865746897654756,-2.6816257239986716,30,0.000000000000000000e+00,zone_bc_work_m_v1,0,-1610,20,652,0
1,105,380,-0.79384539260003095,0.2816224202554159,0.59305674954734044,-1.6015902359494896,-0.061663693594922631,-2.678057536394562,10,0.000000000000000000e+00,zone_bc_work_m_v1,0,-1610,20,652,0
1,105,381,-0.76395091793926806,0.28070204005496652,0.60531654010138791,-1.5785141156681961,-0.021501922096200943,-2.7969495339618256,10,0.000000000000000000e+00,zone_bc_work_m_v1,0,-1610,20,652,0
1,105,382,-0.73548617796383853,0.2809670301986158,0.61654451625437601,-1.5819692337287758,-0.034328432911452156,-2.8268648176459283,30,0.000000000000000000e+00,zone_bc_work_m_v1,0,-1610,20,652,0
1,105,383,-0.7062666091362082,0.28096560917521674,0.62474805619763918,-1.5812474196936717,-0.034480659115482037,-2.8472289962098505,30,0.000000000000000000e+00,zone_bc_work_m_v1,0,-1610,20,652,0
1,105,384,-0.67677802319043057,0.28086826130430864,0.63187390163056145,-1.5793283059983581,-0.029968468973868401,-2.8641865220741294,30,0.000000000000000000e+00,zone_bc_work_m_v1,0,-1610,20,652,0
1,105,385,-0.64728788264722015,0.28077024252264138,0.63899377912395006,-1.5775574609913849,-0.025370755164229486,-2.8811217147347463,30,0.000000000000000000e+00,zone_bc_work_m_v1,0,-1610,20,652,0
1,105,386,-0.61779628859001101,0.28067158333159764,0.64610765992078256,-1.5759377997604829,-0.020692558768943936,-2.8980360680821318,30,0.000000000000000000e+00,zone_bc_work_m_v1,0,-1610,20,652,0
1,105,387,-0.5868035796036386,0.28110803434800169,0.65205007328569065,-1.5775245107104605,-0.042628605193394842,-2.9850024208855639,30,0.000000000000000000e+00,zone_bc_work_m_v1,0,-1610,20,652,0
1,105,388,-0.55630954544465983,0.28104717149952907,0.65614136309365645,-1.5755227144614281,-0.039830909673994386,-3.0234518110706876,30,0.000000000000000000e+00,zone_bc_work_m_v1,0,-1610,20,652,0
1,105,389,-0.52569133801987733,0.28098058134710807,0.65927490578248205,-1.5736922263714721,-0.036664093859376967,-3.062753861947856,30,0.000000000000000000e+00,zone_bc_work_m_v1,0,-1610,20,652,0
1,105,390,-0.52085000145727589,0.31097248439075997,0.65853678901290735,-1.5734137280069547,-0.036278857335599879,-3.0695547939791501,10,0.000000000000000000e+00,zone_bc_work_m_v1,0,-1610,20,652,0
1,105,391,-0.55175822462014246,0.31105878452605989,0.65548930857416954,-1.575882877505379,-0.040372331902587488,-3.0162272512620176,30,0.000000000000000000e+00,zone_bc_work_m_v1,0,-1610,20,652,0
1,105,392,-0.58208769399215821,0.3111061100349245,0.65144125201396186,-1.5774569651791701,-0.042541728556015901,-2.9862379418817433,30,0.000000000000000000e+00,zone_bc_work_m_v1,0,-1610,20,652,0
1,105,393,-0.61239619061596273,0.31108900692327757,0.64609647359034161,-1.5791683580975215,-0.041365508264535888,-2.941838539963026,30,0.000000000000000000e+00,zone_bc_work_m_v1,0,-1610,20,652,0
1,105,394,-0.64217656037400594,0.31077923410516894,0.63968795052552507,-1.5767107548396633,-0.026042746599045818,-2.9182489772024454,30,0.000000000000000000e+00,zone_bc_work_m_v1,0,-1610,20,652,0
1,105,395,-0.67149379989851954,0.3107044214103773,0.63230365710148839,-1.5761424015027392,-0.022333109092140813,-2.9066140660239945,30,0.000000000000000000e+00,zone_bc_work_m_v1,0,-1610,20,652,0
1,105,396,-0.70117631521657886,0.31079072256507678,0.62495325825855719,-1.5779141132298835,-0.026335683215180206,-2.8775943478648816,30,0.000000000000000000e+00,zone_bc_work_m_v1,0,-1610,20,652,0
1,105,397,-0.73126294547875026,0.31087352372249499,0.61678366726083922,-1.5808356816628057,-0.029775789478120984,-2.8163426351878496,30,0.000000000000000000e+00,zone_bc_work_m_v1,0,-1610,20,652,0
1,105,398,-0.76062151411896683,0.31079708166809905,0.60621117164618388,-1.5811808407771606,-0.025570692935746875,-2.7557796359657001,30,0.000000000000000000e+00,zone_bc_work_m_v1,0,-1610,20,652,0
1,105,399,-0.78917728502110429,0.31159132047408111,0.59307292930314537,-1.6007260861137795,-0.060352077597375597,-2.6808543083490011,10,0.000000000000000000e+00,zone_bc_work_m_v1,0,-1610,20,652,0
1,105,400,-0.79010384549066526,0.31162242025541592,0.59260859153210943,-1.6015902359494896,-0.061663693594922631,-2.678057536394562,30,0.000000000000000000e+00,zone_bc_work_m_v1,0,-1610,20,652,0
1,105,401,-0.78636229838129945,0.34162242025541595,0.59216043351687853,-1.6015902359494896,-0.061663693594922631,-2.678057536394562,10,0.000000000000000000e+00,zone_bc_work_m_v1,0,-1610,20,652,0
1,105,402,-0.75768738142436576,0.34209776330070635,0.60521858378448445,-1.6056792380194118,-0.085970769340910413,-2.7555655618310491,30,0.000000000000000000e+00,zone_bc_work_m_v1,0,-1610,20,652,0
1,105,403,-0.72817946988827054,0.34202363225559396,0.61577693661154242,-1.5986303996104692,-0.084588718207770475,-2.8232692906570129,30,0.000000000000000000e+00,zone_bc_work_m_v1,0,-1610,20,652,0
1,105,404,-0.69780081475842648,0.34192329909961994,0.62397417328724714,-1.5909324526280015,-0.081561066555241535,-2.8992591339357636,30,0.000000000000000000e+00,zone_bc_work_m_v1,0,-1610,20,652,0
1,105,405,-0.6685704654367064,0.34189206862258703,0.63143302617334862,-1.5898826556921732,-0.080202611947321811,-2.9076929373966647,30,0.000000000000000000e+00,zone_bc_work_m_v1,0,-1610,20,652,0
1,105,406,-0.63933979722282452,0.34186065111912611,0.63889048226863332,-1.588855445319497,-0.078823406099153726,-2.9161218088803369,30,0.000000000000000000e+00,zone_bc_work_m_v1,0,-1610,20,652,0
1,105,407,-0.60937414450776783,0.34136506005100736,0.64517336674941406,-1.5815815655634879,-0.054976286893237303,-2.9477704954662651,30,0.000000000000000000e+00,zone_bc_work_m_v1,0,-1610,20,652,0
1,105,408,-0.57892038930392853,0.3413116292171624,0.6504630656110576,-1.578532591463385,-0.052784238922346738,-2.9959953507345833,30,0.000000000000000000e+00,zone_bc_work_m_v1,0,-1610,20,652,0
1,105,409,-0.5485391025989883,0.34124054566531403,0.65451303764578495,-1.5764074823199217,-0.049471786238325155,-3.0286071081577761,30,0.000000000000000000e+00,zone_bc_work_m_v1,0,-1610,20,652,0
1,105,410,-0.51805954796577169,0.34126726333011059,0.65748755960243999,-1.5749498501673984,-0.050957459642357428,-3.0602273061583118,30,0.000000000000000000e+00,zone_bc_work_m_v1,0,-1610,20,652,0
1,105,411,-0.51119678649546252,0.37105053219771089,0.65654298065962602,-1.5744532522374879,-0.040112109971748966,-3.0506517122824741,10,0.000000000000000000e+00,zone_bc_work_m_v1,0,-1610,20,652,0
1,105,412,-0.54159563331994232,0.37125016710860753,0.65385481212036767,-1.5766712630570785,-0.049926213340641734,-3.0244093677740205,30,0.000000000000000000e+00,zone_bc_work_m_v1,0,-1610,20,652,0
1,105,413,-0.57189257494320045,0.37131130101770682,0.64982999764081351,-1.5785216407036027,-0.05276923266262723,-2.9961578308992767,30,0.000000000000000000e+00,zone_bc_work_m_v1,0,-1610,20,652,0
1,105,414,-0.60261927904513213,0.37163101313563607,0.6445335268714345,-1.5849296107095519,-0.067893867953818798,-2.9361897284990723,30,0.000000000000000000e+00,zone_bc_work_m_v1,0,-1610,20,652,0
1,105,415,-0.63235973025981429,0.37188637578078321,0.63767054183236205,-1.5896943840141891,-0.079953624138521473,-2.9092243236853772,30,0.000000000000000000e+00,zone_bc_work_m_v1,0,-1610,20,652,0
1,105,416,-0.66181690816186634,0.37191511231550356,0.630317130011397,-1.5915047892273253,-0.080993970210873734,-2.8909792549803011,30,0.000000000000000000e+00,zone_bc_work_m_v1,0,-1610,20,652,0
1,105,417,-0.69148763538915969,0.37188702919482747,0.62324600870518243,-1.5931562588747989,-0.0790912183026653,-2.8657553261809032,30,0.000000000000000000e+00,zone_bc_work_m_v1,0,-1610,20,652,0
1,105,418,-0.72099627588936976,0.37190308159654278,0.61556506220777651,-1.5954731693787005,-0.079244553653466054,-2.83935423392131,30,0.000000000000000000e+00,zone_bc_work_m_v1,0,-1610,20,652,0
1,105,419,-0.7496907892491651,0.3721457832823522,0.60481744088061473,-1.6020300083412156,-0.089917250827507011,-2.8067524622989639,30,0.000000000000000000e+00,zone_bc_work_m_v1,0,-1610,20,652,0
1,105,420,-0.77963451560316888,0.37175926016927735,0.59318548914858615,-1.6032398826476566,-0.068491764971297497,-2.6987789174104755,30,0.000000000000000000e+00,zone_bc_work_m_v1,0,-1610,20,652,0
1,105,421,-0.78262075127193376,0.37162242025541598,0.59171227550164751,-1.6015902359494896,-0.061663693594922631,-2.678057536394562,30,0.000000000000000000e+00,zone_bc_work_m_v1,0,-1610,20,652,0
1,105,422,-0.7772623725376745,0.40226675056824007,0.59153414785910197,-1.6117088258304626,-0.092643337884481314,-2.7249997106328294,10,0.000000000000000000e+00,zone_bc_work_m_v1,0,-1610,20,652,0
1,105,423,-0.74747319900872955,0.4016653858129885,0.60278526185240189,-1.5932913373827278,-0.067421681017541202,-2.8192820007297676,10,0.000000000000000000e+00,zone_bc_work_m_v1,0,-1610,20,652,0
1,105,424,-0.71899605733164551,0.40182052305050786,0.61342395158734719,-1.5942528753584571,-0.07528577584386964,-2.8392376090790075,30,0.000000000000000000e+00,zone_bc_work_m_v1,0,-1610,20,652,0
1,105,425,-0.68979125799760088,0.40187566003544939,0.62143507752254856,-1.5937832387470261,-0.078317309302952998,-2.8557765195574003,30,0.000000000000000000e+00,zone_bc_work_m_v1,0,-1610,20,652,0
1,105,426,-0.66031326505819377,0.4018929903656176,0.62846007569044071,-1.5928181344329468,-0.079496252710087312,-2.8710394957427479,30,0.000000000000000000e+00,zone_bc_work_m_v1,0,-1610,20,652,0
1,105,427,-0.63083404289479583,0.40190998232231784,0.63548062483789691,-1.591817750161904,-0.080647483390738461,-2.886307470031829,30,0.000000000000000000e+00,zone_bc_work_m_v1,0,-1610,20,652,0
1,105,428,-0.60121655201645052,0.40188443842382632,0.64261506603399909,-1.5896305290241155,-0.079868795751155242,-2.9097450621083896,30,0.000000000000000000e+00,zone_bc_work_m_v1,0,-1610,20,652,0
1,105,429,-0.5701115046548948,0.40158208941942636,0.64828571023445425,-1.5806039984226277,-0.066173417072754148,-2.9943416075896025,30,0.000000000000000000e+00,zone_bc_work_m_v1,0,-1610,20,652,0
1,105,430,-0.53967862324756721,0.40147553699246341,0.65234002159208193,-1.5776704706662072,-0.061172043336032766,-3.0296171828472009,30,0.000000000000000000e+00,zone_bc_work_m_v1,0,-1610,20,652,0
1,105,431,-0.52832459681399979,0.43146047867842768,0.651885692418541,-1.5772939614517245,-0.060454506781006279,-3.0344576893231441,10,0.000000000000000000e+00,zone_bc_work_m_v1,0,-1610,20,652,0
1,105,432,-0.55882367958341406,0.43157766377729723,0.64782737179475958,-1.5804714131590614,-0.065968759612304639,-2.9958605253827844,30,0.000000000000000000e+00,zone_bc_work_m_v1,0,-1610,20,652,0
1,105,433,-0.58918421890539441,0.43161398193957723,0.64287734905419458,-1.583343059987806,-0.067336309893768487,-2.9572301925577653,30,0.000000000000000000e+00,zone_bc_work_m_v1,0,-1610,20,652,0
1,105,434,-0.61929758534846902,0.43160106748573179,0.63613765661819299,-1.5861110815927955,-0.066097794510425523,-2.9137343779536975,30,0.000000000000000000e+00,zone_bc_work_m_v1,0,-1610,20,652,0
1,105,435,-0.64887978102539279,0.43161749430565627,0.62900650189100182,-1.5877365004051709,-0.066550436202003738,-2.892140198849793,30,0.000000000000000000e+00,zone_bc_work_m_v1,0,-1610,20,652,0
1,105,436,-0.67853241202310888,0.43174533159105127,0.62192894602626525,-1.5910925770562114,-0.072287486796370981,-2.8676063337218958,30,0.000000000000000000e+00,zone_bc_work_m_v1,0,-1610,20,652,0
1,105,437,-0.70812625512330563,0.43184290694465621,0.61459363498670827,-1.5943666324732679,-0.07642612882213129,-2.8421150151080554,30,0.000000000000000000e+00,zone_bc_work_m_v1,0,-1610,20,652,0
1,105,438,-0.73696212560170204,0.43156135882640284,0.60388296980179101,-1.5925897607751125,-0.062150819549130265,-2.8040847432092271,30,0.000000000000000000e+00,zone_bc_work_m_v1,0,-1610,20,652,0
1,105,439,-0.76622557853242756,0.43208103100465345,0.59307943970461341,-1.6065603449728247,-0.084697202050336706,-2.7414656025046442,10,0.000000000000000000e+00,zone_bc_work_m_v1,0,-1610,20,652,0
1,105,440,-0.77130495592406767,0.4322667505682401,0.59082652015727999,-1.6117088258304626,-0.092643337884481314,-2.7249997106328294,30,0.000000000000000000e+00,zone_bc_work_m_v1,0,-1610,20,652,0
1,105,441,-0.76502145910220309,0.46310247702750962,0.5898932558370773,-1.6301703388755273,-0.13055843819030755,-2.7132630470884873,10,0.000000000000000000e+00,zone_bc_work_m_v1,0,-1610,20,652,0
1,105,442,-0.73654407533816324,0.46166445545583562,0.60269760743804079,-1.5960327372493126,-0.066395592790323477,-2.7780508854880503,10,0.000000000000000000e+00,zone_bc_work_m_v1,0,-1610,20,652,0
1,105,443,-0.70753842886550955,0.46156582061932538,0.61210650552114187,-1.5927331398342459,-0.06233750057883114,-2.8029695278282571,30,0.000000000000000000e+00,zone_bc_work_m_v1,0,-1610,20,652,0
1,105,444,-0.67652866199510031,0.46157471148357415,0.6203296813396737,-1.5861316188061068,-0.064736391139741611,-2.9088176615365491,30,0.000000000000000000e+00,zone_bc_work_m_v1,0,-1610,20,652,0
1,105,445,-0.64723469192661676,0.46161591729481988,0.62747860062566196,-1.5860937207721681,-0.06686550889881282,-2.9165056107093861,30,0.000000000000000000e+00,zone_bc_work_m_v1,0,-1610,20,652,0
1,105,446,-0.61794045855992419,0.46165710450413228,0.63462627908869684,-1.5860236714345639,-0.068997149285316972,-2.9241959311981516,30,0.000000000000000000e+00,zone_bc_work_m_v1,0,-1610,20,652,0
1,105,447,-0.58812516784496638,0.46185087154911136,0.64054468835596556,-1.586549331553573,-0.078815266224626646,-2.9441046555616364,30,0.000000000000000000e+00,zone_bc_work_m_v1,0,-1610,20,652,0
1,105,448,-0.55764933668323913,0.4619220872661472,0.64572778542387099,-1.5832803588896562,-0.083012447785273391,-2.9921471005912528,30,0.000000000000000000e+00,zone_bc_work_m_v1,0,-1610,20,652,0
1,105,449,-0.52732200622184489,0.4617965687461319,0.64979886406816423,-1.5800220117816133,-0.077098380393327171,-3.0223774241595009,30,0.000000000000000000e+00,zone_bc_work_m_v1,0,-1610,20,652,0
1,105,450,-0.51183811963548864,0.49169222827405956,0.64921447576942581,-1.5779841474162435,-0.07205857465205856,-3.0420846099872989,10,0.000000000000000000e+00,zone_bc_work_m_v1,0,-1610,20,652,0
1,105,451,-0.54217264322785286,0.49183737386959009,0.6453554040273829,-1.5810348710899178,-0.079034851643269732,-3.0126282398673649,30,0.000000000000000000e+00,zone_bc_work_m_v1,0,-1610,20,652,0
1,105,452,-0.57296964214744683,0.49220508796845769,0.64027066814828637,-1.5893987574363608,-0.096379422024905015,-2.950614930583753,30,0.000000000000000000e+00,zone_bc_work_m_v1,0,-1610,20,652,0
1,105,453,-0.6027073941501393,0.49252796177771796,0.63455930730246402,-1.5944333104011861,-0.11192989270738862,-2.9330133098133064,30,0.000000000000000000e+00,zone_bc_work_m_v1,0,-1610,20,652,0
1,105,454,-0.63243555591464506,0.49255122527916539,0.62800366357261295,-1.5971995802963332,-0.11251547456682287,-2.9105780630271854,30,0.000000000000000000e+00,zone_bc_work_m_v1,0,-1610,20,652,0
1,105,455,-0.66186032859163513,0.49257374736055126,0.62073798936510483,-1.5992291063654624,-0.11319127859443379,-2.8949230674575368,30,0.000000000000000000e+00,zone_bc_work_m_v1,0,-1610,20,652,0
1,105,456,-0.69159589829806567,0.49275796078300094,0.6130435793555008,-1.6059253044282711,-0.12099951745348902,-2.8582722763582664,30,0.000000000000000000e+00,zone_bc_work_m_v1,0,-1610,20,652,0
1,105,457,-0.72122366454559628,0.49297261087364402,0.60349766642337421,-1.6164622790272785,-0.12899537726031207,-2.8002546841646621,30,0.000000000000000000e+00,zone_bc_work_m_v1,0,-1610,20,652,0
1,105,458,-0.75058826211560226,0.4931051838021937,0.59166340814133467,-1.6301631512955039,-0.13071199604811246,-2.7137502880957953,30,0.000000000000000000e+00,zone_bc_work_m_v1,0,-1610,20,652,0
1,105,459,-0.75667877677253337,0.49310247702750964,0.5889114318373877,-1.6301703388755273,-0.13055843819030755,-2.7132630470884873,30,0.000000000000000000e+00,zone_bc_work_m_v1,0,-1610,20,652,0
1,105,460,-0.74120108560999975,0.5238039974092733,0.59118751490877186,-1.649723062403563,-0.16070831776011363,-2.6825434812454443,10,0.000000000000000000e+00,zone_bc_work_m_v1,0,-1610,20,652,0
1,105,461,-0.71079913241504622,0.52297870593124718,0.60263821637263693,-1.6148702262355785,-0.12987029329536948,-2.8133657076317888,10,0.000000000000000000e+00,zone_bc_work_m_v1,0,-1610,20,652,0
1,105,462,-0.68134181572265384,0.52275473631276137,0.61188099889132586,-1.6058167640630971,-0.12086161325567191,-2.8587985215134033,30,0.000000000000000000e+00,zone_bc_work_m_v1,0,-1610,20,652,0
1,105,463,-0.65160964742072824,0.52256705122628444,0.61991668127335542,-1.5986172051254193,-0.11299544076603918,-2.8996272657710436,30,0.000000000000000000e+00,zone_bc_work_m_v1,0,-1610,20,652,0
1,105,464,-0.62194641905363235,0.52254211229181879,0.62652541115798377,-1.5960989008431259,-0.11229688284066941,-2.9194778404118793,30,0.000000000000000000e+00,zone_bc_work_m_v1,0,-1610,20,652,0
1,105,465,-0.59246309623184379,0.52253211203150607,0.63301734628166162,-1.5949151266985759,-0.11204116614764548,-2.9290900068604899,30,0.000000000000000000e+00,zone_bc_work_m_v1,0,-1610,20,652,0
1,105,466,-0.56255599502713438,0.52230937977666692,0.63922530874134909,-1.5896670728321625,-0.101663357142594,-2.957730745026701,30,0.000000000000000000e+00,zone_bc_work_m_v1,0,-1610,20,652,0
1,105,467,-0.53207182868095115,0.52205668708691588,0.64415400419366298,-1.5833480221911758,-0.089829192714613759,-3.0025713397742066,30,0.000000000000000000e+00,zone_bc_work_m_v1,0,-1610,20,652,0
1,106,1,-0.50018166219241955,0.22077751423406794,0.66221093236736517,-1.5719684212571026,-0.026593917374357234,-3.0975421725772985,30,0.000000000000000000e+00,zone_bc_work_m_v1,0,-1610,20,652,0
1,106,2,-0.46959995389426279,0.22076012623180885,0.66283626724757649,-1.5711725199770359,-0.025747282276891381,-3.1269810923353947,30,0.000000000000000000e+00,zone_bc_work_m_v1,0,-1610,20,652,0
1,106,3,-0.43938983087116656,0.22075755205424316,0.6633524206931104,-1.5708956619437624,-0.025621085928980269,-3.1377151629814053,30,0.000000000000000000e+00,zone_bc_work_m_v1,0,-1610,20,652,0
1,106,4,-0.40919997533448349,0.2207558660346815,0.66358878533891363,-1.5706455392093193,-0.02553650480372216,3.1356872947891747,30,0.000000000000000000e+00,zone_bc_work_m_v1,0,-1610,20,652,0
1,106,5,-0.37908494464704923,0.22075764076086415,0.66279964507044042,-1.5704842782818282,-0.025623815651670823,3.1294138568141934,30,0.000000000000000000e+00,zone_bc_work_m_v1,0,-1610,20,652,0
1,106,6,-0.34896992283835138,0.22075939519340643,0.66200971886862803,-1.570321932750617,-0.025709090261042622,3.1231403283971337,30,0.000000000000000000e+00,zone_bc_work_m_v1,0,-1610,20,652,0
1,106,7,-0.31885537129572938,0.2207598996253187,0.66125996263982112,-1.5701618642850006,-0.02573087646195793,3.116937293244006,30,0.000000000000000000e+00,zone_bc_work_m_v1,0,-1610,20,652,0
1,106,8,-0.2887423702589984,0.22075623287446491,0.66064777750369397,-1.5700140196629917,-0.025543323541212581,3.1109722127673836,30,0.000000000000000000e+00,zone_bc_work_m_v1,0,-1610,20,652,0
1,106,9,-0.28736383343123628,0.25075847609453589,0.65977880638805442,-1.5701041173664416,-0.025658162148516128,3.1146180957124772,10,0.000000000000000000e+00,zone_bc_work_m_v1,0,-1610,20,652,0
1,106,10,-0.31747840312830444,0.25076005515653854,0.66047654883203222,-1.5702600927018464,-0.025740891284318224,3.1207613705960444,30,0.000000000000000000e+00,zone_bc_work_m_v1,0,-1610,20,652,0
1,106,11,-0.34757057445834927,0.2507586282477694,0.66126641928068441,-1.5703932651695354,-0.025671942592606634,3.1258917459895974,30,0.000000000000000000e+00,zone_bc_work_m_v1,0,-1610,20,652,0
1,106,12,-0.37766275450204367,0.25075718772831196,0.66205576416161815,-1.570525723113775,-0.025601626419637924,3.1310221075430347,30,0.000000000000000000e+00,zone_bc_work_m_v1,0,-1610,20,652,0
1,106,13,-0.40775493921598649,0.25075573365505727,0.66284458342348829,-1.570657450780738,-0.025529951108696824,3.136152387314362,30,0.000000000000000000e+00,zone_bc_work_m_v1,0,-1610,20,652,0
1,106,14,-0.43791256839113446,0.25075727028602435,0.66255205614470436,-1.5708659029502492,-0.025607090917070696,-3.1388752973393403,30,0.000000000000000000e+00,zone_bc_work_m_v1,0,-1610,20,652,0
1,106,15,-0.468083603806698,0.25075938506744405,0.66203665080700391,-1.5710918700813825,-0.025711261149083064,-3.1300971910179221,30,0.000000000000000000e+00,zone_bc_work_m_v1,0,-1610,20,652,0
1,106,16,-0.49825461900683421,0.25076146008971362,0.66151970685391437,-1.5713196295139473,-0.025811441856708583,-3.1213191184762348,30,0.000000000000000000e+00,zone_bc_work_m_v1,0,-1610,20,652,0
1,106,17,-0.49448054248065176,0.28079237358811815,0.66075827940817744,-1.5712285038140839,-0.027359554203302494,-3.1257957947938846,10,0.000000000000000000e+00,zone_bc_work_m_v1,0,-1610,20,652,0
1,106,18,-0.4643395373595971,0.28077921926782384,0.6612745072302646,-1.5710238245239374,-0.026704041270876111,-3.1330726222658765,30,0.000000000000000000e+00,zone_bc_work_m_v1,0,-1610,20,652,0
1,106,19,-0.43419852202133025,0.28076603577047438,0.66178966940311457,-1.5708287150425533,-0.026045585716248043,-3.1403489920536738,30,0.000000000000000000e+00,zone_bc_work_m_v1,0,-1610,20,652,0
1,106,20,-0.40407051403915473,0.28075573393129344,0.66204173133436672,-1.5706574259416675,-0.02552996479010905,3.1361514172142702,30,0.000000000000000000e+00,zone_bc_work_m_v1,0,-1610,20,652,0
1,106,21,-0.37399413306114382,0.28075696476409789,0.6612530784628704,-1.5705460497101624,-0.025590680754921546,3.1318118888742053,30,0.000000000000000000e+00,zone_bc_work_m_v1,0,-1610,20,652,0
1,106,22,-0.34391775497927135,0.28075818590559432,0.66046404951177751,-1.5704341492417506,-0.025650425197332849,3.1274722945368576,30,0.000000000000000000e+00,zone_bc_work_m_v1,0,-1610,20,652,0
1,106,23,-0.31384138224071889,0.28075939732120203,0.65967464450636659,-1.5703217340548044,-0.025709193037763756,3.1231326753197068,30,0.000000000000000000e+00,zone_bc_work_m_v1,0,-1610,20,652,0
1,106,24,-0.30917134987420125,0.31075894893128497,0.65884562975736827,-1.5703635080646534,-0.025687499991726259,3.1247430032057903,10,0.000000000000000000e+00,zone_bc_work_m_v1,0,-1610,20,652,0
1,106,25,-0.33923614259009383,0.31075789673071769,0.65963474283665424,-1.5704607756122868,-0.025636322514912546,3.1285030699885699,30,0.000000000000000000e+00,zone_bc_work_m_v1,0,-1610,20,652,0
1,106,26,-0.36930093888105509,0.3107568372346764,0.66042357359137316,-1.5705576550388827,-0.02558441276241652,3.1322631107604648,30,0.000000000000000000e+00,zone_bc_work_m_v1,0,-1610,20,652,0
1,106,27,-0.3993657371552235,0.31075577046571584,0.66121212200743917,-1.5706541401594993,-0.025531774050630229,3.1360230987762243,30,0.000000000000000000e+00,zone_bc_work_m_v1,0,-1610,20,652,0
1,106,28,-0.42952012271941498,0.31076823166164425,0.6610447967049603,-1.5708605181529389,-0.026155359064455874,-3.1391381451830416,30,0.000000000000000000e+00,zone_bc_work_m_v1,0,-1610,20,652,0
1,106,29,-0.459707035685327,0.31078556407763452,0.66052884615286733,-1.571121299405871,-0.027020411405640266,-3.1295648390736157,30,0.000000000000000000e+00,zone_bc_work_m_v1,0,-1610,20,652,0
1,106,30,-0.48987544405445949,0.31085932238900083,0.65997310977557755,-1.5714323552737781,-0.03070523527909641,-3.1208783510962359,30,0.000000000000000000e+00,zone_bc_work_m_v1,0,-1610,20,652,0
1,106,31,-0.48696706437479209,0.34093432843352206,0.65904761944183476,-1.5716300086735151,-0.034454035721161347,-3.1173956538942482,10,0.000000000000000000e+00,zone_bc_work_m_v1,0,-1610,20,652,0
1,106,32,-0.45688470159659333,0.34083949857762302,0.65973698715734719,-1.5713808790437929,-0.029714429082592808,-3.1219199578436454,30,0.000000000000000000e+00,zone_bc_work_m_v1,0,-1610,20,652,0
1,106,33,-0.42660795903486748,0.34077391070362939,0.66027001142628661,-1.570944055450608,-0.026439075511203391,-3.1360045485428336,30,0.000000000000000000e+00,zone_bc_work_m_v1,0,-1610,20,652,0
1,106,34,-0.39639284983121392,0.3407557439930784,0.66042792689423024,-1.5706565211411414,-0.025530463113196733,3.1361160805647366,30,0.000000000000000000e+00,zone_bc_work_m_v1,0,-1610,20,652,0
1,106,35,-0.36633690500739591,0.34075668561696293,0.65963946845786481,-1.5705714326669584,-0.02557695389377912,3.1327990788228917,30,0.000000000000000000e+00,zone_bc_work_m_v1,0,-1610,20,652,0
1,106,36,-0.33628096155041387,0.34075762158320755,0.65885079029016724,-1.5704860366392452,-0.025622877731961369,3.1294820330567541,30,0.000000000000000000e+00,zone_bc_work_m_v1,0,-1610,20,652,0
1,106,37,-0.30622502055319156,0.34075855187628445,0.65806189239915414,-1.5704003372997213,-0.025668232342262565,3.1261649616280072,30,0.000000000000000000e+00,zone_bc_work_m_v1,0,-1610,20,652,0
1,106,38,-0.29919148550581398,0.37075835066100432,0.65717088795080025,-1.5704189433914426,-0.025658447408972052,3.1268841402685599,10,0.000000000000000000e+00,zone_bc_work_m_v1,0,-1610,20,652,0
1,106,39,-0.32924044006579778,0.37075751758431308,0.65795965489056507,-1.5704955660161639,-0.025617789323952866,3.1298515989088873,30,0.000000000000000000e+00,zone_bc_work_m_v1,0,-1610,20,652,0
1,106,40,-0.35928939649691283,0.37075667996868061,0.65874824598157755,-1.5705719455168947,-0.025576675879670496,3.1328190353736942,30,0.000000000000000000e+00,zone_bc_work_m_v1,0,-1610,20,652,0
1,106,41,-0.3893383540166635,0.37075583782523236,0.65953666121840271,-1.5706480788575696,-0.025535108714023425,3.1357864365167964,30,0.000000000000000000e+00,zone_bc_work_m_v1,0,-1610,20,652,0
1,106,42,-0.41965857289641684,0.37078291119267526,0.65956441025490797,-1.5710802603182792,-0.026888173880396105,-3.1310319814120291,30,0.000000000000000000e+00,zone_bc_work_m_v1,0,-1610,20,652,0
1,106,43,-0.4499373590802731,0.37094992861653248,0.65891650373620103,-1.5716726403537047,-0.035233708320977053,-3.1167211761154805,30,0.000000000000000000e+00,zone_bc_work_m_v1,0,-1610,20,652,0
1,106,44,-0.47998278612488754,0.37104059181282634,0.65808578683783303,-1.5718988469711275,-0.039765681923279894,-3.1138670218668518,30,0.000000000000000000e+00,zone_bc_work_m_v1,0,-1610,20,652,0
1,106,45,-0.50920058298726056,0.40149564287926653,0.65524759066621707,-1.5758369455869099,-0.062360701721659417,-3.0608851952349987,10,0.000000000000000000e+00,zone_bc_work_m_v1,0,-1610,20,652,0
1,106,46,-0.41674456477171518,0.39991633082522204,0.6586047350315446,-1.5715533743947145,0.016425892239556372,3.095534493963092,10,0.000000000000000000e+00,zone_bc_work_m_v1,0,-1610,20,652,0
1,106,47,-0.38756325934064773,0.40075577952672697,0.65878389260417913,-1.5706533250531103,-0.025532222704650165,3.135991269532735,10,0.000000000000000000e+00,zone_bc_work_m_v1,0,-1610,20,652,0
1,106,48,-0.35751995657711144,0.40075654185103293,0.65799553919639042,-1.5705844770102289,-0.02556987434511715,3.1333068081763091,30,0.000000000000000000e+00,zone_bc_work_m_v1,0,-1610,20,652,0
1,106,49,-0.3274766545992438,0.40075730047129943,0.65720704186990464,-1.5705154271035073,-0.025607154883989569,3.1306223161443922,30,0.000000000000000000e+00,zone_bc_work_m_v1,0,-1610,20,652,0
1,106,50,-0.29743335398637871,0.40075805537927084,0.65641840062801704,-1.5704461775786869,-0.025644063104859338,3.1279378031696594,30,0.000000000000000000e+00,zone_bc_work_m_v1,0,-1610,20,652,0
1,106,51,-0.28580138833082058,0.43141057889222334,0.65464154941095887,-1.5691119127599618,-0.058278532835592589,3.1126814952114183,10,0.000000000000000000e+00,zone_bc_work_m_v1,0,-1610,20,652,0
1,106,52,-0.31581652699958584,0.4314012904512004,0.65540355016017904,-1.5691973069066041,-0.057815552756621535,3.1139270144653528,30,0.000000000000000000e+00,zone_bc_work_m_v1,0,-1610,20,652,0
1,106,53,-0.34583166648150376,0.43139199965367708,0.65616551588781247,-1.5692815417378219,-0.057352345688851836,3.1151723863836276,30,0.000000000000000000e+00,zone_bc_work_m_v1,0,-1610,20,652,0
1,106,54,-0.37598719951242665,0.43142389395602387,0.65692986139976961,-1.569727703506282,-0.058960069577949747,3.1234596035290734,30,0.000000000000000000e+00,zone_bc_work_m_v1,0,-1610,20,652,0
1,106,55,-0.40645596381719429,0.43150755701909788,0.65707383923304119,-1.5711602116785903,-0.06315966264091033,-3.1358275355613907,30,0.000000000000000000e+00,zone_bc_work_m_v1,0,-1610,20,652,0
1,106,56,-0.43687187362653179,0.43138838201662849,0.65647365302600591,-1.572336095947767,-0.057170436516675194,-3.1146515139515358,30,0.000000000000000000e+00,zone_bc_work_m_v1,0,-1610,20,652,0
1,106,57,-0.46688220459452867,0.43134652990869815,0.65563550383481373,-1.5723403839677794,-0.055073618670503421,-3.1135495672804594,30,0.000000000000000000e+00,zone_bc_work_m_v1,0,-1610,20,652,0
1,106,58,-0.49798567346996436,0.43122664889937617,0.65432137766385035,-1.5749686961212372,-0.048915553121776645,-3.0564669524769892,30,0.000000000000000000e+00,zone_bc_work_m_v1,0,-1610,20,652,0
1,106,59,-0.49669973767294806,0.46182525691507953,0.65249821426132382,-1.5772374130349514,-0.078823950017125721,-3.0599737282887629,10,0.000000000000000000e+00,zone_bc_work_m_v1,0,-1610,20,652,0
1,106,60,-0.46553609642341764,0.46152125106456021,0.65395202571348554,-1.5721304413357053,-0.063832873574332982,-3.1206813723810267,30,0.000000000000000000e+00,zone_bc_work_m_v1,0,-1610,20,652,0
1,106,61,-0.43535877333887019,0.46151301502926789,0.65449546667587699,-1.5715419895675384,-0.063429780721292905,-3.1298295869317587,30,0.000000000000000000e+00,zone_bc_work_m_v1,0,-1610,20,652,0
1,106,62,-0.40518142847861305,0.46150467274820905,0.65503724762878146,-1.5709610485599579,-0.063015993451395635,-3.1389769611137299,30,0.000000000000000000e+00,zone_bc_work_m_v1,0,-1610,20,652,0
1,106,63,-0.37498622681248084,0.46147947946689166,0.65518878456613605,-1.5703334584329023,-0.061752356577752021,3.1340924698392705,30,0.000000000000000000e+00,zone_bc_work_m_v1,0,-1610,20,652,0
1,106,64,-0.34474896751468442,0.4614146689550232,0.65442201156319701,-1.5696330840110435,-0.058496143122096722,3.1216981212406991,30,0.000000000000000000e+00,zone_bc_work_m_v1,0,-1610,20,652,0
1,106,65,-0.31462828060235859,0.46139211469613528,0.65365657944350719,-1.5692805059269228,-0.057358081969417718,3.1151569684966125,30,0.000000000000000000e+00,zone_bc_work_m_v1,0,-1610,20,652,0
1,106,66,-0.28460428075117172,0.46140472605664962,0.65289417375518999,-1.5691658589576107,-0.057986812547192512,3.1134663763985131,30,0.000000000000000000e+00,zone_bc_work_m_v1,0,-1610,20,652,0
1,106,67,-0.29951499088114297,0.49139242506709846,0.65155690283325918,-1.5694118339598433,-0.057376947203665374,3.1174543075013084,10,0.000000000000000000e+00,zone_bc_work_m_v1,0,-1610,20,652,0
1,106,68,-0.32966498431888369,0.49143441019244832,0.65232495443963234,-1.5698376168495787,-0.059488761723493377,3.1254687206410847,30,0.000000000000000000e+00,zone_bc_work_m_v1,0,-1610,20,652,0
1,106,69,-0.35981499940246287,0.4914763192877577,0.65309164323155788,-1.570297378222963,-0.061593760814429022,3.133487071191392,30,0.000000000000000000e+00,zone_bc_work_m_v1,0,-1610,20,652,0
1,106,70,-0.38996981100209971,0.49150550436871071,0.6532513160483594,-1.5707989569825647,-0.063057872176573548,-3.1415509152397356,30,0.000000000000000000e+00,zone_bc_work_m_v1,0,-1610,20,652,0
1,106,71,-0.42013015897061567,0.49151999309305083,0.6527097598375734,-1.5713276555942781,-0.063781557761085184,-3.1332567494115993,30,0.000000000000000000e+00,zone_bc_work_m_v1,0,-1610,20,652,0
1,106,72,-0.4473760953115451,0.48880486582363525,0.65200878718686561,-1.5801469763773888,0.07147017316960369,3.0113853615162451,10,0.000000000000000000e+00,zone_bc_work_m_v1,0,-1610,20,652,0
1,106,73,-0.50138539710839769,0.52197208925012051,0.6478067795203134,-1.57883469037679,-0.086079402639602787,-3.0483631437720984,10,0.000000000000000000e+00,zone_bc_work_m_v1,0,-1610,20,652,0
1,106,74,-0.44003293071079708,0.52160311464816833,0.65045928549202603,-1.5722272008070077,-0.067933835999790526,-3.1205167918656946,30,0.000000000000000000e+00,zone_bc_work_m_v1,0,-1610,20,652,0
1,106,75,-0.40990696551748296,0.52150771508421656,0.65090654774280821,-1.5717164517689248,-0.063161935731272267,-3.1270162779141231,30,0.000000000000000000e+00,zone_bc_work_m_v1,0,-1610,20,652,0
1,106,76,-0.37971035588274926,0.52151333339435513,0.6513780536737187,-1.5710827425239309,-0.063449462354963071,-3.1370755774119958,30,0.000000000000000000e+00,zone_bc_work_m_v1,0,-1610,20,652,0
1,106,77,-0.34947996406193171,0.52147977193147255,0.6511173774373521,-1.5703368075652504,-0.06176703312818943,3.1341485031159646,30,0.000000000000000000e+00,zone_bc_work_m_v1,0,-1610,20,652,0
1,106,78,-0.31937165763281361,0.52144881220224548,0.65035074449779806,-1.5699916907567308,-0.060212500209108955,3.1282220969123999,30,0.000000000000000000e+00,zone_bc_work_m_v1,0,-1610,20,652,0
1,106,79,-0.289263359956627,0.52141781014246569,0.64958336723490662,-1.5696651141227738,-0.058654129247562414,3.1222978215693251,30,0.000000000000000000e+00,zone_bc_work_m_v1,0,-1610,20,652,0
1,107,1,-0.52941523746850683,-0.53164193891049705,0.64361421844717714,-1.5570348149267546,0.093492187404400573,-2.9952286435868825,30,0.000000000000000000e+00,zone_bc_work_m_v1,0,-1610,20,652,0
1,107,2,-0.55961670099748684,-0.53196717041719999,0.63869016471877971,-1.5512977210721672,0.10912293900246217,-2.9644078769858213,30,0.000000000000000000e+00,zone_bc_work_m_v1,0,-1610,20,652,0
1,107,3,-0.56517830323313256,-0.5319803547176396,0.63769663612055505,-1.5511364682469306,0.10976808842218744,-2.963996766023083,30,0.000000000000000000e+00,zone_bc_work_m_v1,0,-1610,20,652,0
1,107,4,-0.69553852116732529,-0.50231668821040043,0.61064060860814151,-1.5338630922447107,0.12305005811142622,-2.8491785936791123,10,0.000000000000000000e+00,zone_bc_work_m_v1,0,-1610,20,652,0
1,107,5,-0.66582421739223174,-0.50211226504203699,0.61868891663781478,-1.5413824059525556,0.11444355687171437,-2.8894241977082249,30,0.000000000000000000e+00,zone_bc_work_m_v1,0,-1610,20,652,0
1,107,6,-0.6362397050176789,-0.50209168203388821,0.62593343424847969,-1.5442843863635436,0.11408371717428145,-2.9127246073432125,30,0.000000000000000000e+00,zone_bc_work_m_v1,0,-1610,20,652,0
1,107,7,-0.60679395665021874,-0.50213202467952056,0.63231466479911702,-1.5445792392425932,0.11623504431190512,-2.919219236156346,30,0.000000000000000000e+00,zone_bc_work_m_v1,0,-1610,20,652,0
1,107,8,-0.57685573879400742,-0.50194078669301234,0.63884067263384003,-1.5501861065491698,0.10756806180822598,-2.9519022049654913,30,0.000000000000000000e+00,zone_bc_work_m_v1,0,-1610,20,652,0
1,107,9,-0.54645382605089377,-0.50142076210721842,0.64399940419180135,-1.5586277491099361,0.082503319541435971,-2.9949854168760952,10,0.000000000000000000e+00,zone_bc_work_m_v1,0,-1610,20,652,0
1,107,10,-0.51633976554330774,-0.5013387233579798,0.64806655571424476,-1.5607605927107731,0.078641864200306832,-3.0145318267813046,30,0.000000000000000000e+00,zone_bc_work_m_v1,0,-1610,20,652,0
1,107,11,-0.51759053217894224,-0.47123907148910149,0.65021004949672889,-1.5632132707247384,0.073893625013299991,-3.0392349615789791,10,0.000000000000000000e+00,zone_bc_work_m_v1,0,-1610,20,652,0
1,107,12,-0.54805398628593416,-0.47138789309284673,0.64625137262731547,-1.5595026080823313,0.080962593655131254,-3.0028385352372515,30,0.000000000000000000e+00,zone_bc_work_m_v1,0,-1610,20,652,0
1,107,13,-0.57402170607277037,-0.46940513511730941,0.64192136770463382,-1.5699814224340765,-0.017466009644977909,3.0949675017676244,10,0.000000000000000000e+00,zone_bc_work_m_v1,0,-1610,20,652,0
1,107,14,-0.6017720684352077,-0.46875368029074721,0.63602596032264147,-1.564196177304841,-0.049641298196779093,3.0093554984131314,10,0.000000000000000000e+00,zone_bc_work_m_v1,0,-1610,20,652,0
1,107,15,-0.63825199467407145,-0.47209578386354206,0.62885425466041012,-1.5434363125254364,0.11409652767478895,-2.9056901624134985,10,0.000000000000000000e+00,zone_bc_work_m_v1,0,-1610,20,652,0
1,107,16,-0.6675894921788792,-0.47210709710222815,0.62161028543224772,-1.5420371193795457,0.11434082315105898,-2.8946007064881094,30,0.000000000000000000e+00,zone_bc_work_m_v1,0,-1610,20,652,0
1,107,17,-0.69720935924961536,-0.47221230863445385,0.61422229490976454,-1.5375509444595694,0.11863682014898269,-2.867666008815819,30,0.000000000000000000e+00,zone_bc_work_m_v1,0,-1610,20,652,0
1,107,18,-0.68182315625358525,-0.44122629080099657,0.62046530755261819,-1.5514662865279738,0.071062357992987657,-2.8757586629531846,10,0.000000000000000000e+00,zone_bc_work_m_v1,0,-1610,20,652,0
1,107,19,-0.65204545954616022,-0.44110202700089896,0.62763262236965101,-1.5551662958209636,0.065577174137573691,-2.9074324546515142,30,0.000000000000000000e+00,zone_bc_work_m_v1,0,-1610,20,652,0
1,107,20,-0.6226881296400244,-0.44114880483924063,0.6347999681611125,-1.5553700810128976,0.068031518037724892,-2.9184282142309979,30,0.000000000000000000e+00,zone_bc_work_m_v1,0,-1610,20,652,0
1,107,21,-0.59267313508727115,-0.44131732525927098,0.64145680729539356,-1.5563804913255064,0.076867601981390532,-2.956013899467016,30,0.000000000000000000e+00,zone_bc_work_m_v1,0,-1610,20,652,0
1,107,22,-0.56239020561067998,-0.44108941057187978,0.64673195456918875,-1.5610531880818916,0.066065735490591804,-2.9950620355107676,30,0.000000000000000000e+00,zone_bc_work_m_v1,0,-1610,20,652,0
1,107,23,-0.53239341956870656,-0.44105118843640712,0.65072313630458312,-1.5621751098482519,0.064289335254103186,-3.0081936087057057,30,0.000000000000000000e+00,zone_bc_work_m_v1,0,-1610,20,652,0
1,107,24,-0.53273945620045771,-0.41098464154823117,0.65264098566516027,-1.5639395221338721,0.061147252459365031,-3.0298524376108138,10,0.000000000000000000e+00,zone_bc_work_m_v1,0,-1610,20,652,0
1,107,25,-0.56304902871178064,-0.41107259315636768,0.64860607412436133,-1.561553650821365,0.065286471295548987,-3.0008535741951006,30,0.000000000000000000e+00,zone_bc_work_m_v1,0,-1610,20,652,0
1,107,26,-0.59351533824277847,-0.4111492416644173,0.6437084954224449,-1.5579581507391047,0.068588512578174221,-2.9564051686620729,30,0.000000000000000000e+00,zone_bc_work_m_v1,0,-1610,20,652,0
1,107,27,-0.62385494611310066,-0.41112409170900654,0.63650786089100575,-1.5542130441534532,0.066483245295068549,-2.8969507265966206,30,0.000000000000000000e+00,zone_bc_work_m_v1,0,-1610,20,652,0
1,107,28,-0.65337685409409407,-0.41120988561159066,0.62945766415076154,-1.5519222453693478,0.070333351246917974,-2.8791814239459934,30,0.000000000000000000e+00,zone_bc_work_m_v1,0,-1610,20,652,0
1,107,29,-0.68289719139660021,-0.41129476318033487,0.6224011334125229,-1.5495005247045861,0.074078701635916344,-2.8613824073744429,30,0.000000000000000000e+00,zone_bc_work_m_v1,0,-1610,20,652,0
1,107,30,-0.69347027523515115,-0.38133511081884647,0.62208461104386559,-1.5488314117725792,0.075992274919537861,-2.8599198354966457,10,0.000000000000000000e+00,zone_bc_work_m_v1,0,-1610,20,652,0
1,107,31,-0.66389804760977711,-0.3812845300491628,0.62915304942399364,-1.5510416470888586,0.073972695698613311,-2.8803690623343119,30,0.000000000000000000e+00,zone_bc_work_m_v1,0,-1610,20,652,0
1,107,32,-0.63432373936341646,-0.38123298686108831,0.63621344511478828,-1.5531703311661134,0.071849121865600551,-2.9008007482618221,30,0.000000000000000000e+00,zone_bc_work_m_v1,0,-1610,20,652,0
1,107,33,-0.60059980584293249,-0.37984127926837158,0.64404787453868639,-1.5707663309988964,0.0043230001707181831,-3.1346540908137559,10,0.000000000000000000e+00,zone_bc_work_m_v1,0,-1610,20,652,0
1,107,34,-0.57388613009600054,-0.3808281738279044,0.6490683141471717,-1.5628421470152958,0.053101739888862465,-2.9928348339334319,10,0.000000000000000000e+00,zone_bc_work_m_v1,0,-1610,20,652,0
1,107,35,-0.54385477131391324,-0.38079772741108231,0.65305381596322409,-1.563831152981709,0.051702521402363422,-3.0076214228358684,30,0.000000000000000000e+00,zone_bc_work_m_v1,0,-1610,20,652,0
1,107,36,-0.51251392909422933,-0.38067005281027477,0.65613636302468048,-1.5681067229899868,0.045698729821020523,-3.0827847975314167,30,0.000000000000000000e+00,zone_bc_work_m_v1,0,-1610,20,652,0
1,107,37,-0.5135764953200519,-0.3506739051769982,0.65740767711099246,-1.567625488121819,0.045861167601986885,-3.0725382051786481,10,0.000000000000000000e+00,zone_bc_work_m_v1,0,-1610,20,652,0
1,107,38,-0.5443609720186533,-0.35075615962261014,0.65456854151736921,-1.5650402755248125,0.049756486181069981,-3.0263717946455113,30,0.000000000000000000e+00,zone_bc_work_m_v1,0,-1610,20,652,0
1,107,39,-0.57467733606407467,-0.35081949862374262,0.65052987869854673,-1.5631291339657654,0.052704976693894068,-2.9970634595748304,30,0.000000000000000000e+00,zone_bc_work_m_v1,0,-1610,20,652,0
1,107,40,-0.63516306985572557,-0.35138441198605302,0.63893453588232574,-1.5525387687033376,0.079505057704826854,-2.9156117760101932,10,0.000000000000000000e+00,zone_bc_work_m_v1,0,-1610,20,652,0
1,107,41,-0.66446289497138866,-0.35146293900708392,0.63145331713663055,-1.5506494819449539,0.083108616562900917,-2.9034698810068953,30,0.000000000000000000e+00,zone_bc_work_m_v1,0,-1610,20,652,0
1,107,42,-0.69398445410504661,-0.351276928398499,0.62419188423651706,-1.5513633500698443,0.073663521338260374,-2.8834074000602881,30,0.000000000000000000e+00,zone_bc_work_m_v1,0,-1610,20,652,0
1,107,43,-0.70141077525774187,-0.32025441615078992,0.62472710480409843,-1.5648743657475606,0.024270645743632357,-2.9022466453096225,10,0.000000000000000000e+00,zone_bc_work_m_v1,0,-1610,20,652,0
1,107,44,-0.67218783896191314,-0.32028046213371225,0.63209871109179361,-1.5647423497972182,0.025578746810864583,-2.9091620620295644,30,0.000000000000000000e+00,zone_bc_work_m_v1,0,-1610,20,652,0
1,107,45,-0.64296468232205517,-0.32030652338747917,0.63946935007577677,-1.5646279832454608,0.026890563349426078,-2.916077590069369,30,0.000000000000000000e+00,zone_bc_work_m_v1,0,-1610,20,652,0
1,107,46,-0.61293834761738553,-0.32066969001358936,0.6455440391714834,-1.5619954784225656,0.044905876733242645,-2.9479929548037629,30,0.000000000000000000e+00,zone_bc_work_m_v1,0,-1610,20,652,0
1,107,47,-0.58256828824690055,-0.32060693195920975,0.65098774683515093,-1.5644000583474513,0.042136198621385734,-2.9908969919406134,30,0.000000000000000000e+00,zone_bc_work_m_v1,0,-1610,20,652,0
1,107,48,-0.55216352460273788,-0.3205546715802397,0.65504270852119861,-1.566130831642643,0.039730524923083932,-3.0246681895756762,30,0.000000000000000000e+00,zone_bc_work_m_v1,0,-1610,20,652,0
1,107,49,-0.52153506748281031,-0.32047668956745073,0.65814575634328865,-1.5680101548970782,0.035993820080557848,-3.0643229353062447,30,0.000000000000000000e+00,zone_bc_work_m_v1,0,-1610,20,652,0
1,107,50,-0.52396339927015378,-0.2904469081949631,0.65905353111518927,-1.5683321395141232,0.034523650853550247,-3.0703224577098305,10,0.000000000000000000e+00,zone_bc_work_m_v1,0,-1610,20,652,0
1,107,51,-0.55484177341336416,-0.29056513399507128,0.65594827306686343,-1.5658097357662939,0.040219131783507889,-3.0182026916176996,30,0.000000000000000000e+00,zone_bc_work_m_v1,0,-1610,20,652,0
1,107,52,-0.58512773799107265,-0.29060785473145467,0.65188453843507133,-1.56436679792782,0.042177854178443441,-2.9902724880469216,30,0.000000000000000000e+00,zone_bc_work_m_v1,0,-1610,20,652,0
1,107,53,-0.61552282761909427,-0.29065048664491278,0.6464664875862095,-1.5621079468432564,0.043948391380239427,-2.946348311227962,30,0.000000000000000000e+00,zone_bc_work_m_v1,0,-1610,20,652,0
1,107,54,-0.64550397012520522,-0.29026325516797047,0.63928568122371598,-1.5648275809948826,0.024714224099783522,-2.9045939420945484,30,0.000000000000000000e+00,zone_bc_work_m_v1,0,-1610,20,652,0
1,107,55,-0.67508276644302567,-0.29032645710217081,0.63201649638146118,-1.5634484167480021,0.027625608228646348,-2.8815936636257216,30,0.000000000000000000e+00,zone_bc_work_m_v1,0,-1610,20,652,0
1,107,56,-0.70475659706600235,-0.29045270401252288,0.62481068866776546,-1.560921371957823,0.033475817192212043,-2.8546810917365857,30,0.000000000000000000e+00,zone_bc_work_m_v1,0,-1610,20,652,0
1,107,57,-0.70842100297968957,-0.26057856681154079,0.62496506401016116,-1.5587777757079539,0.039408081175549281,-2.8454905804979926,10,0.000000000000000000e+00,zone_bc_work_m_v1,0,-1610,20,652,0
1,107,58,-0.67896576835168232,-0.26062179898346266,0.632108284030241,-1.5587898003441143,0.041668302567068105,-2.8609570871771988,30,0.000000000000000000e+00,zone_bc_work_m_v1,0,-1610,20,652,0
1,107,59,-0.649509199679148,-0.26066499397590048,0.63924680932728506,-1.5588695902278689,0.043935510554192314,-2.8764271119733111,30,0.000000000000000000e+00,zone_bc_work_m_v1,0,-1610,20,652,0
1,107,60,-0.62005140640862577,-0.26070813597337406,0.64638061061127561,-1.5590174719245615,0.046207365756388841,-2.8918991607922049,30,0.000000000000000000e+00,zone_bc_work_m_v1,0,-1610,20,652,0
1,107,61,-0.58872022514639855,-0.26041011956036081,0.65258027397134832,-1.5658509590533352,0.032395808608970178,-2.9900802678582594,30,0.000000000000000000e+00,zone_bc_work_m_v1,0,-1610,20,652,0
1,107,62,-0.55867271850830003,-0.26039419243997508,0.6566115954375269,-1.5664729075516632,0.03168065003614795,-3.0059384816048826,30,0.000000000000000000e+00,zone_bc_work_m_v1,0,-1610,20,652,0
1,107,63,-0.5271644175915513,-0.26029198659734826,0.65981515769153287,-1.5694102204704525,0.026825909536384973,-3.0899619179782616,30,0.000000000000000000e+00,zone_bc_work_m_v1,0,-1610,20,652,0
1,107,64,-0.53086375917559825,-0.23031078044735909,0.66039900329134271,-1.5688503594912677,0.027733561488753056,-3.0715319131382413,10,0.000000000000000000e+00,zone_bc_work_m_v1,0,-1610,20,652,0
1,107,65,-0.5617182794915061,-0.23037859714350539,0.65717331265918077,-1.5670126569815483,0.03096379746869915,-3.019979090466471,30,0.000000000000000000e+00,zone_bc_work_m_v1,0,-1610,20,652,0
1,107,66,-0.59210688839874215,-0.23040843339905653,0.65303953046759466,-1.5657474332302992,0.032294465438276854,-2.9864809309394977,30,0.000000000000000000e+00,zone_bc_work_m_v1,0,-1610,20,652,0
1,107,67,-0.61593318566975208,-0.22941159096022085,0.64758181041357676,-1.5685905475211694,-0.017019841003443004,3.012704206086025,10,0.000000000000000000e+00,zone_bc_work_m_v1,0,-1610,20,652,0
1,107,68,-0.65241293051641081,-0.23070873459008492,0.63967718745617097,-1.5591892506602285,0.046281679926226893,-2.8957738424060118,10,0.000000000000000000e+00,zone_bc_work_m_v1,0,-1610,20,652,0
1,107,69,-0.68199254331181169,-0.23065575154356821,0.63243966616420388,-1.5588467921987053,0.043449719531036601,-2.8731153657568105,30,0.000000000000000000e+00,zone_bc_work_m_v1,0,-1610,20,652,0
1,107,70,-0.68241948725168222,-0.20070517978901126,0.63366000981968906,-1.5593390963235807,0.046135647505279431,-2.898085679304363,10,0.000000000000000000e+00,zone_bc_work_m_v1,0,-1610,20,652,0
1,107,71,-0.65319107773996854,-0.20068727039143303,0.64138009832297105,-1.5600794904685387,0.045392469596305274,-2.9096599364772047,30,0.000000000000000000e+00,zone_bc_work_m_v1,0,-1610,20,652,0
1,107,72,-0.59291473104031001,-0.20023309390300617,0.65385837434632865,-1.5671587827686728,0.023637907900026178,-2.9888896989800209,30,0.000000000000000000e+00,zone_bc_work_m_v1,0,-1610,20,652,0
1,107,73,-0.56285880793338738,-0.20022186851783627,0.65792154325886409,-1.5676249562990234,0.023138390359106698,-3.0053679324438862,30,0.000000000000000000e+00,zone_bc_work_m_v1,0,-1610,20,652,0
1,107,74,-0.53171397128270348,-0.20020707180387962,0.66112950746954302,-1.5692062720995883,0.022558686307652565,-3.0712177740177919,30,0.000000000000000000e+00,zone_bc_work_m_v1,0,-1610,20,652,0
2,118,1,-0.048302406886638005,0.22066748462285563,0.64732102687524906,1.5723844141885175,0.021056880946087375,-3.0663106287686217,30,0.000000000000000000e+00,zone_bc_work_m_v1,0,1610,20,652,0
2,118,2,-0.018337644611708281,0.22065712733252971,0.64511984999070882,1.572392191443245,0.020536792555108763,-3.0640354159498839,30,0.000000000000000000e+00,zone_bc_work_m_v1,0,1610,20,652,0
2,118,3,0.011627109677137204,0.22064676962397742,0.64291856450079399,1.5723976082745112,0.02001676516250761,-3.0617602567698041,30,0.000000000000000000e+00,zone_bc_work_m_v1,0,1610,20,652,0
2,118,4,0.041591674076714824,0.22063548026046528,0.64068099666682354,1.5723995487457167,0.019450170184655891,-3.0593461976673901,30,0.000000000000000000e+00,zone_bc_work_m_v1,0,1610,20,652,0
2,118,5,0.071553803565999941,0.22061180075199971,0.63796190181593204,1.572380141813335,0.018263398458093993,-3.0550834971170211,30,0.000000000000000000e+00,zone_bc_work_m_v1,0,1610,20,652,0
2,118,6,0.10151590189975979,0.22058812282406101,0.63524241658132674,1.5723506552297328,0.017077271518734172,-3.0508209099498638,30,0.000000000000000000e+00,zone_bc_work_m_v1,0,1610,20,652,0
2,118,7,0.10294075665174884,0.25059858600662599,0.63455420190782219,1.5723649279352176,0.017601342564711908,-3.0527045587090731,10,0.000000000000000000e+00,zone_bc_work_m_v1,0,1610,20,652,0
2,118,8,0.07299437313700774,0.25061788250891859,0.63727225684409361,1.5723860886217009,0.018568153018732492,-3.0561783250725636,30,0.000000000000000000e+00,zone_bc_work_m_v1,0,1610,20,652,0
2,118,9,0.043047946589167774,0.25063715505826606,0.63998886776649633,1.5724005244759354,0.019534128861355082,-3.0596484519673579,30,0.000000000000000000e+00,zone_bc_work_m_v1,0,1610,20,652,0
2,118,10,0.013091596888839208,0.25064559619861326,0.64218962061001983,1.5723980731120151,0.019957856752109926,-3.0615025123514155,30,0.000000000000000000e+00,zone_bc_work_m_v1,0,1610,20,652,0
2,118,11,-0.016864758389245393,0.25065403712376477,0.64439030134710873,1.5723940546053683,0.020381634124609915,-3.0633566106625381,30,0.000000000000000000e+00,zone_bc_work_m_v1,0,1610,20,652,0
2,118,12,-0.046821119044498261,0.250662477787928,0.64659090996257373,1.5723884686122029,0.020805454412022639,-3.0652107452137698,30,0.000000000000000000e+00,zone_bc_work_m_v1,0,1610,20,652,0
2,118,13,-0.043119515811628872,0.28065850502542028,0.64569765697637993,1.5723912930741784,0.020605968455802426,-3.0643380485918734,10,0.000000000000000000e+00,zone_bc_work_m_v1,0,1610,20,652,0
2,118,14,-0.013168932358060159,0.28065138239927362,0.64349744444475243,1.5723954874176795,0.020248347213270623,-3.0627734752944136,30,0.000000000000000000e+00,zone_bc_work_m_v1,0,1610,20,652,0
2,118,15,0.016781647221721263,0.28064425959754291,0.64129718056161178,1.5723985656926383,0.019890757999497133,-3.0612089281798429,30,0.000000000000000000e+00,zone_bc_work_m_v1,0,1610,20,652,0
2,118,16,0.046732222807198465,0.28063713664774342,0.63909686533619581,1.5724005281099696,0.019533204759965006,-3.0596444082617773,30,0.000000000000000000e+00,zone_bc_work_m_v1,0,1610,20,652,0
2,118,17,0.076667812319339612,0.28062085393775549,0.63638000358372238,1.5723887522442701,0.018717063452718952,-3.0567132333173288,30,0.000000000000000000e+00,zone_bc_work_m_v1,0,1610,20,652,0
2,118,18,0.1066033855785542,0.28060457064382949,0.63366288921677261,1.5723722068705479,0.017901149078165979,-3.053781929996374,30,0.000000000000000000e+00,zone_bc_work_m_v1,0,1610,20,652,0
2,118,19,0.081356835870937338,0.3106256511580025,0.63539552075764172,1.5724004728099024,0.018956835104154246,-3.0571676851459966,10,0.000000000000000000e+00,zone_bc_work_m_v1,0,1610,20,652,0
2,118,20,0.05143203908398708,0.3106367369834856,0.6381116385156671,1.572400574052141,0.019513146566860984,-3.0595582201110147,30,0.000000000000000000e+00,zone_bc_work_m_v1,0,1610,20,652,0
2,118,21,0.021486453192415045,0.31064307497608062,0.6403301951931023,1.5723989694180613,0.019831290057116924,-3.0609487280592012,30,0.000000000000000000e+00,zone_bc_work_m_v1,0,1610,20,652,0
2,118,22,-0.0084599110972456426,0.31064923572653741,0.64253015277365699,1.5723965326422804,0.020140572420970448,-3.0623019448939028,30,0.000000000000000000e+00,zone_bc_work_m_v1,0,1610,20,652,0
2,118,23,-0.038406278312070885,0.31065539635184303,0.64473007194007403,1.5723932609791911,0.020449879635272117,-3.06365518154462,30,0.000000000000000000e+00,zone_bc_work_m_v1,0,1610,20,652,0
2,118,24,-0.068352648374066849,0.31066155683419405,0.64692995268653808,1.5723891542986492,0.020759209146680169,-3.0650084373554765,30,0.000000000000000000e+00,zone_bc_work_m_v1,0,1610,20,652,0
2,118,25,-0.06536422828470756,0.34065876759021163,0.64608908364935891,1.5723911171215879,0.020619152366885052,-3.0643957255121546,10,0.000000000000000000e+00,zone_bc_work_m_v1,0,1610,20,652,0
2,118,26,-0.035421071254241543,0.34065334014018783,0.64388942300124963,1.5723944457934333,0.0203466398240848,-3.0632035107357636,30,0.000000000000000000e+00,zone_bc_work_m_v1,0,1610,20,652,0
2,118,27,-0.005477916453856313,0.34064791258381988,0.64168973253440664,1.572397126386909,0.020074145249036723,-3.0620113110007128,30,0.000000000000000000e+00,zone_bc_work_m_v1,0,1610,20,652,0
2,118,28,0.024465236063119233,0.34064248493328175,0.63949001225284829,1.5723991589926343,0.019801670387624259,-3.0608191267554892,30,0.000000000000000000e+00,zone_bc_work_m_v1,0,1610,20,652,0
2,118,29,0.054408387731191832,0.34063691329665596,0.63728277361763552,1.5724005542417705,0.019521995282612892,-3.0595962406250958,30,0.000000000000000000e+00,zone_bc_work_m_v1,0,1610,20,652,0
2,118,30,0.084351630517638165,0.3406215366066066,0.63456517067336204,1.5723997606621074,0.018750388036419485,-3.0562804427763144,30,0.000000000000000000e+00,zone_bc_work_m_v1,0,1610,20,652,0
2,118,31,0.091441282536429469,0.37060881835451992,0.63336334407739858,1.5723952510374275,0.018112361958517065,-3.053537976833451,10,0.000000000000000000e+00,zone_bc_work_m_v1,0,1610,20,652,0
2,118,32,0.061456309110224261,0.37063390505770005,0.63608445238487732,1.5724008003351666,0.019371023214198813,-3.0589475406132576,30,0.000000000000000000e+00,zone_bc_work_m_v1,0,1610,20,652,0
2,118,33,0.031509972051054103,0.37064136159344674,0.63835113107225272,1.572399498744772,0.019745280476534344,-3.0605723893078598,30,0.000000000000000000e+00,zone_bc_work_m_v1,0,1610,20,652,0
2,118,34,0.0015693483821193066,0.37064621207047199,0.64055066675992212,1.5723978329187909,0.019988774664487563,-3.0616377892052129,30,0.000000000000000000e+00,zone_bc_work_m_v1,0,1610,20,652,0
2,118,35,-0.028371277123739436,0.37065106247533702,0.64275017863791517,1.5723956496186873,0.020232285032989461,-3.0627032015853057,30,0.000000000000000000e+00,zone_bc_work_m_v1,0,1610,20,652,0
2,118,36,-0.058311904428464789,0.37065591279935317,0.64494966670332898,1.572392948778421,0.020475810336096689,-3.0637686261280601,30,0.000000000000000000e+00,zone_bc_work_m_v1,0,1610,20,652,0
2,118,37,-0.056521733022568243,0.40065437701657175,0.6441968083321965,1.572393859960415,0.020398699674063048,-3.0634312719984083,10,0.000000000000000000e+00,zone_bc_work_m_v1,0,1610,20,652,0
2,118,38,-0.026583148709354187,0.40064999289177117,0.64199746527965273,1.5723961755478859,0.020178585857230757,-3.0624682604189246,30,0.000000000000000000e+00,zone_bc_work_m_v1,0,1610,20,652,0
2,118,39,0.0033554341273351884,0.40064560870248267,0.63979810277282811,1.5723980683184144,0.019958484466408466,-3.06150525883396,30,0.000000000000000000e+00,zone_bc_work_m_v1,0,1610,20,652,0
2,118,40,0.033294015459395698,0.40064122445512262,0.63759872081387714,1.5723995383211951,0.019738396421653981,-3.0605422674798812,30,0.000000000000000000e+00,zone_bc_work_m_v1,0,1610,20,652,0
2,118,41,0.063248184186178724,0.40063254682529131,0.6353632004828228,1.5724008474665594,0.019302861439444152,-3.0586546515239963,30,0.000000000000000000e+00,zone_bc_work_m_v1,0,1610,20,652,0
2,118,42,0.093309568465411497,0.40066274052867978,0.63260428332738317,1.572721268469633,0.020790506264814379,-3.0492616088117641,30,0.000000000000000000e+00,zone_bc_work_m_v1,0,1610,20,652,0
2,118,43,0.10462726382062226,0.43097915744279497,0.63071233065472154,1.5741593029710681,0.036552679162450641,-3.0498267248700333,10,0.000000000000000000e+00,zone_bc_work_m_v1,0,1610,20,652,0
2,118,44,0.074631971830213084,0.43114608628406687,0.63344276178420356,1.5746569089788105,0.044894862056986229,-3.0557829433759318,30,0.000000000000000000e+00,zone_bc_work_m_v1,0,1610,20,652,0
2,118,45,0.044464197975419451,0.43123344117080881,0.63577322670546621,1.5743948973264215,0.049302011552183611,-3.0687017882113579,30,0.000000000000000000e+00,zone_bc_work_m_v1,0,1610,20,652,0
2,118,46,0.014519937866993349,0.43126043112383733,0.63794883106392652,1.5744345692634723,0.050653875316046149,-3.069859354191915,30,0.000000000000000000e+00,zone_bc_work_m_v1,0,1610,20,652,0
2,118,47,-0.015424324347519391,0.43128742010766935,0.64012437197209748,1.5744711133102762,0.05200593973061407,-3.0710169846719286,30,0.000000000000000000e+00,zone_bc_work_m_v1,0,1610,20,652,0
2,118,48,-0.045368588557360923,0.4313144079936006,0.64229984942825191,1.5745045281510861,0.053358195424744181,-3.0721746884389023,30,0.000000000000000000e+00,zone_bc_work_m_v1,0,1610,20,652,0
2,118,49,-0.044145648324683817,0.4613279560711398,0.64074975897068021,1.5745201229558483,0.054037127678140395,-3.0727559124310262,10,0.000000000000000000e+00,zone_bc_work_m_v1,0,1610,20,652,0
2,118,50,-0.014193816042045615,0.46129217822787183,0.63857424604266921,1.5744772316858491,0.052244332421710338,-3.0712210853857025,30,0.000000000000000000e+00,zone_bc_work_m_v1,0,1610,20,652,0
2,118,51,0.015758012768059659,0.461256398415129,0.63639862159524896,1.5744288403206066,0.05045187044099575,-3.0696863898698923,30,0.000000000000000000e+00,zone_bc_work_m_v1,0,1610,20,652,0
2,118,52,0.045711140346782031,0.46122179859711099,0.63422176177223655,1.5743826689660581,0.048718509939891241,-3.0680823632258041,30,0.000000000000000000e+00,zone_bc_work_m_v1,0,1610,20,652,0
2,118,53,0.075807359929556117,0.46120765454082036,0.6319043287160665,1.5747765721507325,0.047977501300448644,-3.0587894793234409,30,0.000000000000000000e+00,zone_bc_work_m_v1,0,1610,20,652,0
2,118,54,0.10576675657731283,0.46113615029216715,0.62932808777552973,1.5746358652463255,0.044397529832249871,-3.0552977555908334,30,0.000000000000000000e+00,zone_bc_work_m_v1,0,1610,20,652,0
2,118,55,0.09095108436288224,0.49119877364645126,0.62916658085960764,1.5747604525950007,0.04753274964567189,-3.0583557902671439,10,0.000000000000000000e+00,zone_bc_work_m_v1,0,1610,20,652,0
2,118,56,0.060916318987060736,0.49123080846667172,0.63160002747332789,1.5745655115570285,0.04915708985580225,-3.065035002570041,30,0.000000000000000000e+00,zone_bc_work_m_v1,0,1610,20,652,0
2,118,57,0.030934758347101132,0.49122379225439372,0.63383648242291568,1.5743799561835712,0.048818780869138267,-3.0682879810312329,30,0.000000000000000000e+00,zone_bc_work_m_v1,0,1610,20,652,0
2,118,58,0.00096805637876840045,0.49127685767365448,0.63601238355923073,1.5744571838437036,0.051476765040313621,-3.0705639197754397,30,0.000000000000000000e+00,zone_bc_work_m_v1,0,1610,20,652,0
2,118,59,-0.028998653470372115,0.49132991904352802,0.6381880394148145,1.5745223170581673,0.054135502808507541,-3.0728401285310047,30,0.000000000000000000e+00,zone_bc_work_m_v1,0,1610,20,652,0
2,118,60,-0.058965370358365243,0.49138297538589959,0.64036344998155925,1.574575345746146,0.056794922926141744,-3.0751166741520892,30,0.000000000000000000e+00,zone_bc_work_m_v1,0,1610,20,652,0
2,118,61,-0.048675706140956176,0.52142267495599981,0.63797082405144601,1.574568084496307,0.058787953574713558,-3.0774846642279963,10,0.000000000000000000e+00,zone_bc_work_m_v1,0,1610,20,652,0
2,118,62,-0.01866884647089373,0.52135201569002898,0.63597534694520608,1.5745458729340975,0.055242972861362594,-3.073788179747027,30,0.000000000000000000e+00,zone_bc_work_m_v1,0,1610,20,652,0
2,118,63,0.011340547248787747,0.52124936964681112,0.63379931666982281,1.5744186882797271,0.050099801441958913,-3.0693849289954214,30,0.000000000000000000e+00,zone_bc_work_m_v1,0,1610,20,652,0
2,118,64,0.041311752478767616,0.52122711515988773,0.63158873983554675,1.57446736309149,0.048979104814634633,-3.0667513195467113,30,0.000000000000000000e+00,zone_bc_work_m_v1,0,1610,20,652,0
2,118,65,0.071293242839892468,0.52123095505149442,0.62930972497820803,1.5746492962949148,0.049157959606472179,-3.0633414370432952,30,0.000000000000000000e+00,zone_bc_work_m_v1,0,1610,20,652,0
2,118,66,0.10128370423634392,0.52120262339714762,0.62684243513125304,1.5747582213776936,0.047726309170855297,-3.0587380138560474,30,0.000000000000000000e+00,zone_bc_work_m_v1,0,1610,20,652,0
2,118,67,0.081001810506230454,0.55122482829730335,0.62705807424436677,1.5746982725215788,0.048846419553520759,-3.0618480228374678,10,0.000000000000000000e+00,zone_bc_work_m_v1,0,1610,20,652,0
2,118,68,0.051010912864639657,0.55123036845345319,0.62938884897175662,1.5745201732920424,0.049138451831966412,-3.0659238100987904,30,0.000000000000000000e+00,zone_bc_work_m_v1,0,1610,20,652,0
2,118,69,0.021062750781812412,0.55122429982495635,0.63161183085709116,1.5744224229952992,0.048841126426323545,-3.0674562433960739,30,0.000000000000000000e+00,zone_bc_work_m_v1,0,1610,20,652,0
2,118,70,-0.0090797740063572885,0.55145492132206675,0.63363051567073825,1.5746406581683212,0.060401817318515238,-3.0779935556427365,30,0.000000000000000000e+00,zone_bc_work_m_v1,0,1610,20,652,0
2,118,71,-0.039109015168446337,0.55155866348786409,0.63535374933756272,1.5747129591398288,0.065604707540621643,-3.0819199536584039,30,0.000000000000000000e+00,zone_bc_work_m_v1,0,1610,20,652,0
2,118,72,-0.054462906530170718,0.5516116947348102,0.63623450665246761,1.5747341069503982,0.068265581671934861,-3.0839282849947605,30,0.000000000000000000e+00,zone_bc_work_m_v1,0,1610,20,652,0
2,119,1,-0.049308070167440654,-0.19987945378493485,0.64842052614809864,1.5702924945867602,-0.0062114569308653333,-3.0606559508663267,30,0.000000000000000000e+00,zone_bc_work_m_v1,0,1610,20,652,0
2,119,2,-0.019364251749908634,-0.19987782693140754,0.64616727583336764,1.5702903427489145,-0.006129664737586582,-3.0592320873770982,30,0.000000000000000000e+00,zone_bc_work_m_v1,0,1610,20,652,0
2,119,3,0.010579563286571059,-0.19987620001464346,0.64391398497973684,1.5702884230823737,-0.0060478760652713515,-3.0578082279209684,30,0.000000000000000000e+00,zone_bc_work_m_v1,0,1610,20,652,0
2,119,4,0.040537321410061944,-0.19987617522044898,0.64154345296427573,1.5702727116719597,-0.0060452916995881179,-3.0551923938013497,30,0.000000000000000000e+00,zone_bc_work_m_v1,0,1610,20,652,0
2,119,5,0.070552219224743196,-0.19988271470873811,0.63869155017540868,1.5701966998814989,-0.0063667322811475913,-3.0476877380454157,30,0.000000000000000000e+00,zone_bc_work_m_v1,0,1610,20,652,0
2,119,6,0.10048047971251228,-0.19991536428984802,0.63579307492287973,1.5700163262496509,-0.007989443865766388,-3.0442711321664255,30,0.000000000000000000e+00,zone_bc_work_m_v1,0,1610,20,652,0
2,119,7,0.09514363120182856,-0.16988385719969606,0.63652380516794516,1.5701829131435168,-0.0064228067911145104,-3.0463752474415453,10,0.000000000000000000e+00,zone_bc_work_m_v1,0,1610,20,652,0
2,119,8,0.065178613499639715,-0.16987950163990753,0.63937144332608631,1.5702346641796314,-0.0062088975537366586,-3.0513766909099669,30,0.000000000000000000e+00,zone_bc_work_m_v1,0,1610,20,652,0
2,119,9,0.035213550796192816,-0.16987514095580983,0.64221858236040563,1.5702842813000366,-0.0059943817490235585,-3.0563780960407687,30,0.000000000000000000e+00,zone_bc_work_m_v1,0,1610,20,652,0
2,119,10,0.0052654119472168581,-0.16987660455702283,0.64450603584343613,1.570288878725667,-0.0060682126447535456,-3.058162273525781,30,0.000000000000000000e+00,zone_bc_work_m_v1,0,1610,20,652,0
2,119,11,-0.024681705557303646,-0.16987842070641077,0.64675958652745935,1.5702911012183318,-0.0061595168036607806,-3.0597517672908427,30,0.000000000000000000e+00,zone_bc_work_m_v1,0,1610,20,652,0
2,119,12,-0.054628827235861932,-0.16988023677473627,0.64901308668920943,1.5702936130492984,-0.0062508250122921272,-3.0613412654448928,30,0.000000000000000000e+00,zone_bc_work_m_v1,0,1610,20,652,0
2,119,13,-0.053211523832832119,-0.13988076332185209,0.64909862449929656,1.5702943954593491,-0.0062773001480083135,-3.0618021359445642,10,0.000000000000000000e+00,zone_bc_work_m_v1,0,1610,20,652,0
2,119,14,-0.023260229946548527,-0.13987870820827911,0.64684479985376642,1.570291479581376,-0.0061739712871109464,-3.0600033956992969,30,0.000000000000000000e+00,zone_bc_work_m_v1,0,1610,20,652,0
2,119,15,0.0066910586188453358,-0.13987665298949697,0.64459091050695239,1.5702889342383863,-0.0060706474027034663,-3.0582046606796198,30,0.000000000000000000e+00,zone_bc_work_m_v1,0,1610,20,652,0
2,119,16,0.03664074899959946,-0.13987536045825555,0.64225236631589411,1.5702818361893911,-0.006005187987439653,-3.0561264811679445,30,0.000000000000000000e+00,zone_bc_work_m_v1,0,1610,20,652,0
2,119,17,0.066580892883040033,-0.1398786307083261,0.63940745353182082,1.5702447493163418,-0.0061660815122448476,-3.0523760584913813,30,0.000000000000000000e+00,zone_bc_work_m_v1,0,1610,20,652,0
2,119,18,0.096521011882432006,-0.13988189809534149,0.63656226004618255,1.5702064617085494,-0.0063266366514067585,-3.0486256073358877,30,0.000000000000000000e+00,zone_bc_work_m_v1,0,1610,20,652,0
2,119,19,0.091274593414514049,-0.10988014238181075,0.63723014280505863,1.5702271886432131,-0.0062403881580639364,-3.0506413081459929,10,0.000000000000000000e+00,zone_bc_work_m_v1,0,1610,20,652,0
2,119,20,0.061349409811015221,-0.10987752772534272,0.6400738689196559,1.5702573958510602,-0.0061118374303106293,-3.0536413606080037,30,0.000000000000000000e+00,zone_bc_work_m_v1,0,1610,20,652,0
2,119,21,0.031424210625843552,-0.10987491125180909,0.64291741539138447,1.5702868340975416,-0.0059830723650220463,-3.0566413892403848,30,0.000000000000000000e+00,zone_bc_work_m_v1,0,1610,20,652,0
2,119,22,0.0014677239334859316,-0.10987724140872322,0.64517614940595158,1.5702896251163865,-0.0061002284311211241,-3.0587196377507468,30,0.000000000000000000e+00,zone_bc_work_m_v1,0,1610,20,652,0
2,119,23,-0.028489002055802848,-0.10987960814758994,0.64743045920620179,1.5702927108275913,-0.0062192180458027213,-3.0607910561703986,30,0.000000000000000000e+00,zone_bc_work_m_v1,0,1610,20,652,0
2,119,24,-0.058445735000131505,-0.10988197474111984,0.64968468319304717,1.5702962879555862,-0.0063382133899403392,-3.0628624798803878,30,0.000000000000000000e+00,zone_bc_work_m_v1,0,1610,20,652,0
2,119,25,-0.05567298398211884,-0.079882872966903204,0.64966823567792276,1.5702977743656641,-0.0063833804266835159,-3.0636487123759997,10,0.000000000000000000e+00,zone_bc_work_m_v1,0,1610,20,652,0
2,119,26,-0.025708869538024981,-0.079880083555234488,0.64741345387602345,1.5702933899478528,-0.0062431211515707741,-3.0612071583851872,30,0.000000000000000000e+00,zone_bc_work_m_v1,0,1610,20,652,0
2,119,27,0.004255235317882855,-0.079877293937385213,0.64515855284801371,1.5702896882686344,-0.0061028691976283689,-3.0587656105407821,30,0.000000000000000000e+00,zone_bc_work_m_v1,0,1610,20,652,0
2,119,28,0.034214883645058869,-0.079873391591152837,0.64282166556266107,1.5702906643744161,-0.0059071385560569567,-3.0561984026209634,30,0.000000000000000000e+00,zone_bc_work_m_v1,0,1610,20,652,0
2,119,29,0.064146977681939443,-0.079862599739792942,0.63997755741484708,1.5703187251344519,-0.0053679356708946635,-3.0528528308110254,30,0.000000000000000000e+00,zone_bc_work_m_v1,0,1610,20,652,0
2,119,30,0.094079052145439102,-0.079851809893107889,0.63713322038473064,1.5703503781734818,-0.004829094050097904,-3.0495072325362291,30,0.000000000000000000e+00,zone_bc_work_m_v1,0,1610,20,652,0
2,119,31,0.089515404769866969,-0.049848300367106531,0.63773637928739535,1.5703614488932214,-0.0046538886702165438,-3.0484188899658591,10,0.000000000000000000e+00,zone_bc_work_m_v1,0,1610,20,652,0
2,119,32,0.059568836151310478,-0.049861437064207578,0.64058207907991493,1.5703219630397443,-0.0053098591409748153,-3.052492352934141,30,0.000000000000000000e+00,zone_bc_work_m_v1,0,1610,20,652,0
2,119,33,0.029622238332810635,-0.049874576762831219,0.64342743958293513,1.5702878020349311,-0.0059663694917846399,-3.0565657789653056,30,0.000000000000000000e+00,zone_bc_work_m_v1,0,1610,20,652,0
2,119,34,-0.00035177225119364941,-0.049878207190194791,0.64569744969839338,1.57029082491706,-0.0061487821646579732,-3.0595648940910936,30,0.000000000000000000e+00,zone_bc_work_m_v1,0,1610,20,652,0
2,119,35,-0.030326470651241388,-0.049881603604288012,0.64795314963248574,1.5702956944703903,-0.0063195513559910488,-3.0625376234033412,30,0.000000000000000000e+00,zone_bc_work_m_v1,0,1610,20,652,0
2,119,36,-0.06030118291248332,-0.049884999692515045,0.65020867279246664,1.5703015762156207,-0.006490328372769083,-3.0655103561229602,30,0.000000000000000000e+00,zone_bc_work_m_v1,0,1610,20,652,0
2,119,37,-0.056713497234304189,-0.019887022661035834,0.65013525848462783,1.5703080896240977,-0.006592253555511407,-3.0676648301115796,10,0.000000000000000000e+00,zone_bc_work_m_v1,0,1610,20,652,0
2,119,38,-0.026716609098420108,-0.019882775995713517,0.6478737331478498,1.5702976104835651,-0.0063785041796828867,-3.0635638308267401,30,0.000000000000000000e+00,zone_bc_work_m_v1,0,1610,20,652,0
2,119,39,0.0032745710334616263,-0.019878435293492709,0.64561675570289967,1.570291120240785,-0.0061602501809228105,-3.0597645342031243,30,0.000000000000000000e+00,zone_bc_work_m_v1,0,1610,20,652,0
2,119,40,0.03326169071020435,-0.019871805471511742,0.64325110603429958,1.5702945629724372,-0.0058278741699138159,-3.0557067300831031,30,0.000000000000000000e+00,zone_bc_work_m_v1,0,1610,20,652,0
2,119,41,0.063230845023366511,-0.019855013592817793,0.64040364461852595,1.5703406043841528,-0.0049890575126463332,-3.050500671099313,30,0.000000000000000000e+00,zone_bc_work_m_v1,0,1610,20,652,0
2,119,42,0.093199949985543595,-0.019838226884857112,0.63755562915197439,1.5703953387920762,-0.0041511617272946832,-3.0452945725011547,30,0.000000000000000000e+00,zone_bc_work_m_v1,0,1610,20,652,0
2,119,43,0.08889600191670044,0.010183605494737258,0.63807923066821781,1.5704951609850641,-0.0030640924924525414,-3.0436184418510286,10,0.000000000000000000e+00,zone_bc_work_m_v1,0,1610,20,652,0
2,119,44,0.058930777034431392,0.010150162881328091,0.64098180782527703,1.5703565544183353,-0.0047306039453460791,-3.0488954626102212,30,0.000000000000000000e+00,zone_bc_work_m_v1,0,1610,20,652,0
2,119,45,0.028921681647271047,0.010126904657801247,0.64383286707866649,1.5702913866343289,-0.0058923334767344571,-3.0561065710265565,30,0.000000000000000000e+00,zone_bc_work_m_v1,0,1610,20,652,0
2,119,46,-0.0010977843874460103,0.010119559499754151,0.64613807804724199,1.5702939128837046,-0.0062610683918222776,-3.0615195793216867,30,0.000000000000000000e+00,zone_bc_work_m_v1,0,1610,20,652,0
2,119,47,-0.031116018973257775,0.010113798689125248,0.64839849816627637,1.5703046760044557,-0.0065508166671033319,-3.0666807244384127,30,0.000000000000000000e+00,zone_bc_work_m_v1,0,1610,20,652,0
2,119,48,-0.061115641318940206,0.010110229807355523,0.65067049102028551,1.5703201026234197,-0.0067308624878323897,-3.0709574976687186,30,0.000000000000000000e+00,zone_bc_work_m_v1,0,1610,20,652,0
2,119,49,-0.056215866847183715,0.040109032915167271,0.65050123495743828,1.5703256218935024,-0.0067912415498629919,-3.0723922062209992,10,0.000000000000000000e+00,zone_bc_work_m_v1,0,1610,20,652,0
2,119,50,-0.026224884371502721,0.040112239441570524,0.64822999703200401,1.5703112260844931,-0.0066294799737725008,-3.0685490273125979,30,0.000000000000000000e+00,zone_bc_work_m_v1,0,1610,20,652,0
2,119,51,0.003804079488161749,0.04011807097010224,0.64596148709169088,1.5702962142056893,-0.0063359148573680635,-3.0628224686102401,30,0.000000000000000000e+00,zone_bc_work_m_v1,0,1610,20,652,0
2,119,52,0.033893793672997719,0.040135715944885859,0.64353018736965606,1.5703141086095314,-0.0054520738732373175,-3.0533750254133394,30,0.000000000000000000e+00,zone_bc_work_m_v1,0,1610,20,652,0
2,119,53,0.063950489879337935,0.040183858567340129,0.64064004905845029,1.5704963617132859,-0.0030514958451701713,-3.0436063104530935,30,0.000000000000000000e+00,zone_bc_work_m_v1,0,1610,20,652,0
2,119,54,0.093873276880152234,0.040259616183452397,0.63764778061797822,1.5708695152079772,0.00071796114188793503,-3.0400043236894683,30,0.000000000000000000e+00,zone_bc_work_m_v1,0,1610,20,652,0
2,119,55,0.091002579919585269,0.070282493921176539,0.63783558258502981,1.5709870177545033,0.0018557983851317239,-3.0391978243313682,10,0.000000000000000000e+00,zone_bc_work_m_v1,0,1610,20,652,0
2,119,56,0.061150957079304291,0.070264388052671323,0.64094147842301374,1.5708938725273107,0.00095530818979394638,-3.039836131037311,30,0.000000000000000000e+00,zone_bc_work_m_v1,0,1610,20,652,0
2,119,57,0.031106337644910553,0.070147694964152865,0.64396488883844238,1.5703488468850026,-0.0048538153546204832,-3.0496607758157732,30,0.000000000000000000e+00,zone_bc_work_m_v1,0,1610,20,652,0
2,119,58,0.0008470305583647697,0.070113120835016737,0.64638157866740276,1.5703074873488636,-0.0065850142417245294,-3.067492892627206,30,0.000000000000000000e+00,zone_bc_work_m_v1,0,1610,20,652,0
2,119,59,-0.029136887352148477,0.070110209155606479,0.64865240171427097,1.5703201963829687,-0.0067319043117148869,-3.0709822510362801,30,0.000000000000000000e+00,zone_bc_work_m_v1,0,1610,20,652,0
2,119,60,-0.059120823476452866,0.070107298454496578,0.65092298151314898,1.5703339283812965,-0.0068787354609476381,-3.0744716720627552,30,0.000000000000000000e+00,zone_bc_work_m_v1,0,1610,20,652,0
2,119,61,-0.055142464017404746,0.10069430634889565,0.65045775777220038,1.572282728218179,0.02240884297111112,-3.075353082151,10,0.000000000000000000e+00,zone_bc_work_m_v1,0,1610,20,652,0
2,119,62,-0.025158939099950262,0.10068466549487672,0.64819233146303457,1.5723264669426542,0.021922589693942118,-3.0719026311920721,30,0.000000000000000000e+00,zone_bc_work_m_v1,0,1610,20,652,0
2,119,63,0.0048245681743521729,0.10067502146720249,0.64592666318206882,1.5723668537986324,0.021436154084752523,-3.0684523484740582,30,0.000000000000000000e+00,zone_bc_work_m_v1,0,1610,20,652,0
2,119,64,0.035209565545971655,0.10050662087169412,0.64348270086762138,1.5720668066728054,0.013010407359316467,-3.0442474546900682,30,0.000000000000000000e+00,zone_bc_work_m_v1,0,1610,20,652,0
2,119,65,0.065155464037761401,0.10036994514068258,0.6404135978304335,1.5714344892440064,0.0062054428255473582,-3.0391130945633469,30,0.000000000000000000e+00,zone_bc_work_m_v1,0,1610,20,652,0
2,119,66,0.09500259093149932,0.10035227302942376,0.63730828617717272,1.5713462855726261,0.005326232325340019,-3.0387020340275539,30,0.000000000000000000e+00,zone_bc_work_m_v1,0,1610,20,652,0
2,119,67,0.09296078727544721,0.13042540306510209,0.63735000182764934,1.5717019100577869,0.0089655299134705491,-3.0409254853336232,10,0.000000000000000000e+00,zone_bc_work_m_v1,0,1610,20,652,0
2,119,68,0.063043099607046127,0.13050875354672503,0.64036258718204786,1.5720755371582178,0.013116704983182847,-3.0443719888030878,30,0.000000000000000000e+00,zone_bc_work_m_v1,0,1610,20,652,0
2,119,69,0.032903773966882488,0.13062662281639367,0.6431460813153842,1.5723934701239481,0.019006189765035986,-3.0577517250489135,30,0.000000000000000000e+00,zone_bc_work_m_v1,0,1610,20,652,0
2,119,70,0.0028304132234011625,0.13066503453536954,0.64542881644735062,1.5723864671592196,0.020933843513287087,-3.0657723977376214,30,0.000000000000000000e+00,zone_bc_work_m_v1,0,1610,20,652,0
2,119,71,-0.027174549340363008,0.13068005105583408,0.64768349397558755,1.5723462109714355,0.021689843484567373,-3.0702515927214558,30,0.000000000000000000e+00,zone_bc_work_m_v1,0,1610,20,652,0
2,119,72,-0.057165419100740245,0.13069072311707114,0.64994951160707837,1.5722993777370768,0.022228120117769867,-3.0740704922636835,30,0.000000000000000000e+00,zone_bc_work_m_v1,0,1610,20,652,0
2,119,73,-0.052415955256070568,0.16068358743576808,0.64892960307332159,1.5723311486785221,0.0218682142035731,-3.0715168769282055,10,0.000000000000000000e+00,zone_bc_work_m_v1,0,1610,20,652,0
2,119,74,-0.022415993051073446,0.16067163613719268,0.64666273846521793,1.5723802329856564,0.021265399168294508,-3.0672415009016838,30,0.000000000000000000e+00,zone_bc_work_m_v1,0,1610,20,652,0
2,119,75,0.0075865047130074803,0.16065274067716137,0.64445812523966051,1.5723947736974775,0.020316542163588913,-3.0630718327518345,30,0.000000000000000000e+00,zone_bc_work_m_v1,0,1610,20,652,0
2,119,76,0.037594404615016064,0.16062942684655498,0.64216147303527549,1.5723955471203912,0.019146734292342149,-3.0582564937152243,30,0.000000000000000000e+00,zone_bc_work_m_v1,0,1610,20,652,0
2,119,77,0.067627222004684295,0.16058604521363073,0.63943629116981049,1.5723475870609664,0.016973224348090232,-3.0504468789856016,30,0.000000000000000000e+00,zone_bc_work_m_v1,0,1610,20,652,0
2,119,78,0.097642296335447298,0.16048382019163127,0.6365827769820025,1.5719717054032483,0.0118741366235946,-3.0429252695215157,30,0.000000000000000000e+00,zone_bc_work_m_v1,0,1610,20,652,0
2,119,79,0.096962957732841693,0.19057472996027303,0.63621455761046497,1.5723295154498158,0.016406640803525718,-3.0484097588671899,10,0.000000000000000000e+00,zone_bc_work_m_v1,0,1610,20,652,0
2,119,80,0.066975913554138344,0.19060536364064359,0.63893634861764836,1.572373123059966,0.017940877887994144,-3.0539246864956726,30,0.000000000000000000e+00,zone_bc_work_m_v1,0,1610,20,652,0
2,119,81,0.036988816086498177,0.19063600028331981,0.64165748623522589,1.5723998617606636,0.019476238610267593,-3.0594398092628019,30,0.000000000000000000e+00,zone_bc_work_m_v1,0,1610,20,652,0
2,119,82,0.0070104029599125095,0.19065004036042574,0.643879086386837,1.5723961527405814,0.020180969033859908,-3.0624786871950258,30,0.000000000000000000e+00,zone_bc_work_m_v1,0,1610,20,652,0
2,119,83,-0.022967688477183668,0.19066344106660657,0.64608129590564523,1.5723877314387584,0.020853825664002512,-3.0654223519811223,30,0.000000000000000000e+00,zone_bc_work_m_v1,0,1610,20,652,0
2,119,84,-0.052959118124155546,0.19067691128259168,0.64830955918310673,1.5723592047901609,0.021531475519188215,-3.0691283552455855,30,0.000000000000000000e+00,zone_bc_work_m_v1,0,1610,20,652,0
2,119,85,0.13147204463082218,0.22054616323244991,0.63245854869120077,1.5722243843203896,0.014981700024891964,-3.0465560570482348,10,1.000000000000000000e+00,zone_bc_work_m_v1,0,1610,20,652,0
2,119,86,0.15939803360282845,0.22043936439264078,0.62974783452519945,1.57177397757159,0.0096598997843233558,-3.0407273718494441,30,0.000000000000000000e+00,zone_bc_work_m_v1,0,1610,20,652,0
2,119,87,0.16283296221370325,0.25053036431312747,0.62899776847682565,1.5721682985992262,0.014193421028604103,-3.0452262441494811,10,0.000000000000000000e+00,zone_bc_work_m_v1,0,1610,20,652,0
2,119,88,0.13288711855016277,0.25057929081183883,0.63183588778633215,1.5723370763408748,0.01663499640672117,-3.0492308719934877,30,0.000000000000000000e+00,zone_bc_work_m_v1,0,1610,20,652,0
2,119,89,0.13653894374401188,0.28058828819777781,0.6309455902693728,1.5723508961170962,0.017085553677880894,-3.0508506819860939,10,0.000000000000000000e+00,zone_bc_work_m_v1,0,1610,20,652,0
2,119,90,0.16646440880252666,0.2805303643131275,0.62821695748202455,1.5721682985992262,0.014193421028604103,-3.0452262441494811,30,0.000000000000000000e+00,zone_bc_work_m_v1,0,1610,20,652,0
2,119,91,0.17114234494581604,0.31064417471410843,0.62719953759573388,1.5726364888555273,0.019865898712942531,-3.0492208900945559,10,0.000000000000000000e+00,zone_bc_work_m_v1,0,1610,20,652,0
2,119,92,0.14120640035895549,0.31060347946368844,0.62996292502559459,1.5723923187496656,0.017844582419949573,-3.0523867517627545,30,0.000000000000000000e+00,zone_bc_work_m_v1,0,1610,20,652,0
2,119,93,0.11128162310613399,0.31061456528467801,0.63267928291595243,1.5723977207096862,0.018400642282123236,-3.0547771945300184,30,0.000000000000000000e+00,zone_bc_work_m_v1,0,1610,20,652,0
2,119,94,0.11429485461969469,0.34060615989604676,0.63184733672164561,1.5723938677300271,0.017979019271728847,-3.052964732750798,10,0.000000000000000000e+00,zone_bc_work_m_v1,0,1610,20,652,0
2,119,95,0.14422079391102138,0.34062696447449103,0.62909208521937965,1.5725359144583826,0.019010840834893461,-3.0503361806813349,30,0.000000000000000000e+00,zone_bc_work_m_v1,0,1610,20,652,0
2,119,96,0.17411374044703254,0.34064312618163145,0.62632318764981076,1.5726303065430558,0.019813809714229524,-3.0492888498075299,30,0.000000000000000000e+00,zone_bc_work_m_v1,0,1610,20,652,0
2,119,97,0.17605326596423776,0.34064417471410846,0.62614353377503451,1.5726364888555273,0.019865898712942531,-3.0492208900945559,30,0.000000000000000000e+00,zone_bc_work_m_v1,0,1610,20,652,0
2,119,98,0.18118384559986866,0.37073733727017766,0.62504313516713272,1.5731169108447323,0.024500590036025782,-3.047149373779932,10,0.000000000000000000e+00,zone_bc_work_m_v1,0,1610,20,652,0
2,119,99,0.15127763421182761,0.37067014377801016,0.62783646999708476,1.5727614123569045,0.021158617530731672,-3.0489773158944868,30,0.000000000000000000e+00,zone_bc_work_m_v1,0,1610,20,652,0
2,119,100,0.12138124724018939,0.37063827919615122,0.63060602772534702,1.5725901230534269,0.019574087486079916,-3.050200633392989,30,0.000000000000000000e+00,zone_bc_work_m_v1,0,1610,20,652,0
2,119,101,0.12320402060712698,0.4007019109499701,0.62979269461245657,1.5729319511543869,0.022738352181174148,-3.0479375208905504,10,0.000000000000000000e+00,zone_bc_work_m_v1,0,1610,20,652,0
2,119,102,0.1530776393551192,0.4007184110258315,0.62696338951363939,1.5730177494474686,0.023559153014686585,-3.0475705371816417,30,0.000000000000000000e+00,zone_bc_work_m_v1,0,1610,20,652,0
2,119,103,0.18295125785346888,0.40073491014697421,0.62413406809981675,1.5731041496167708,0.024379862306203037,-3.0472033973807302,30,0.000000000000000000e+00,zone_bc_work_m_v1,0,1610,20,652,0
2,119,104,0.18734600074668051,0.40073733727017768,0.62371784194497448,1.5731169108447323,0.024500590036025782,-3.047149373779932,30,0.000000000000000000e+00,zone_bc_work_m_v1,0,1610,20,652,0
2,119,105,0.19428775119347974,0.43080932498494157,0.62222363483741516,1.5734668097340534,0.028084216678999185,-3.0467766963427709,10,0.000000000000000000e+00,zone_bc_work_m_v1,0,1610,20,652,0
2,119,106,0.16441709116500047,0.43083748163925839,0.62506241889006486,1.5735924627204221,0.029487047151553814,-3.0470355829941318,30,0.000000000000000000e+00,zone_bc_work_m_v1,0,1610,20,652,0
2,119,107,0.13454643100151875,0.43086563777952164,0.62790116171749188,1.5737173976933849,0.030889977369148891,-3.0472941382567065,30,0.000000000000000000e+00,zone_bc_work_m_v1,0,1610,20,652,0
2,119,108,0.13572613194775718,0.46106464524457824,0.62675134540081578,1.5744702327628377,0.040819701008799836,-3.0518060499899575,10,0.000000000000000000e+00,zone_bc_work_m_v1,0,1610,20,652,0
2,119,109,0.16563090101636635,0.46100391269984725,0.62394917177749654,1.5742652564689621,0.037786794108693345,-3.0500245220418662,30,0.000000000000000000e+00,zone_bc_work_m_v1,0,1610,20,652,0
2,119,110,0.19553465990363539,0.46094337878186947,0.62114261094580114,1.5740493571350789,0.034765103303577183,-3.0482735920725479,30,0.000000000000000000e+00,zone_bc_work_m_v1,0,1610,20,652,0
2,119,111,0.20218459058667015,0.4609299175523513,0.62051846074118411,1.5739999152897779,0.034093318046356291,-3.0478840977744905,30,0.000000000000000000e+00,zone_bc_work_m_v1,0,1610,20,652,0
2,119,112,0.21070283832019965,0.49092991755235132,0.61868612408335799,1.5739999152897779,0.034093318046356291,-3.0478840977744905,10,0.000000000000000000e+00,zone_bc_work_m_v1,0,1610,20,652,0
2,119,113,0.18074235633977476,0.49107303362434285,0.6214406384438439,1.5744909530893592,0.041239306514826879,-3.052215675127754,30,0.000000000000000000e+00,zone_bc_work_m_v1,0,1610,20,652,0
2,119,114,0.15081193974977158,0.49111494714584109,0.62401612486430347,1.5745893493220628,0.043336377106502511,-3.0542623802023772,30,0.000000000000000000e+00,zone_bc_work_m_v1,0,1610,20,652,0
2,119,115,0.12088151558029536,0.49115686066757469,0.62659143901014969,1.5746791844246717,0.045434206171698355,-3.0563090731634324,30,0.000000000000000000e+00,zone_bc_work_m_v1,0,1610,20,652,0
2,119,116,0.13118777073028132,0.52117903624159634,0.62426868985055539,1.5746944970049721,0.046546840184514826,-3.0580099067590663,10,0.000000000000000000e+00,zone_bc_work_m_v1,0,1610,20,652,0
2,119,117,0.16109183632603985,0.52115544872216024,0.62169490591455345,1.5746290609235754,0.045367536879102222,-3.0572817271456376,30,0.000000000000000000e+00,zone_bc_work_m_v1,0,1610,20,652,0
2,119,118,0.19100171932445176,0.52112774314632881,0.61914392409691765,1.5745529047449205,0.043982332092985743,-3.0563606312276477,30,0.000000000000000000e+00,zone_bc_work_m_v1,0,1610,20,652,0
2,119,119,0.22009554787982344,0.521122782574159,0.61664827636022634,1.5747330270215407,0.043717317474366801,-3.0517569637439976,30,0.000000000000000000e+00,zone_bc_work_m_v1,0,1610,20,652,0
2,119,120,0.23066653081892596,0.55112278257415903,0.6143739850131219,1.5747330270215407,0.043717317474366801,-3.0517569637439976,10,0.000000000000000000e+00,zone_bc_work_m_v1,0,1610,20,652,0
2,119,121,0.20072160212750689,0.55111276344693916,0.61702425434871733,1.5745538344744401,0.043229769607008306,-3.0548638296528527,30,0.000000000000000000e+00,zone_bc_work_m_v1,0,1610,20,652,0
2,119,122,0.17080910393600224,0.55111557443965398,0.6195739653914818,1.5745203326095094,0.043373868785922864,-3.0559172928955105,30,0.000000000000000000e+00,zone_bc_work_m_v1,0,1610,20,652,0
2,119,123,0.14090532823868718,0.55112704774755461,0.62207747051081652,1.5745510578456146,0.043947559108660661,-3.056335296392763,30,0.000000000000000000e+00,zone_bc_work_m_v1,0,1610,20,652,0
2,119,124,0.11100155224083785,0.55113852101859873,0.62458096549928455,1.5745813050448287,0.044521295303208364,-3.0567532859256428,30,0.000000000000000000e+00,zone_bc_work_m_v1,0,1610,20,652,0
2,120,1,0.22382362105953657,-0.53060077379048509,0.61584764596466646,1.566998925559461,-0.042139786164742343,-3.0516941164130245,30,0.000000000000000000e+00,zone_bc_work_m_v1,0,1610,20,652,0
2,120,2,0.19391409961554307,-0.53061796127812688,0.61849627706553367,1.5669788370877689,-0.04300158623701078,-3.0530216381969559,30,0.000000000000000000e+00,zone_bc_work_m_v1,0,1610,20,652,0
2,120,3,0.16395681686893182,-0.53069453244248066,0.62117000897546193,1.5668185905096708,-0.046834563541039653,-3.0568330696095787,30,0.000000000000000000e+00,zone_bc_work_m_v1,0,1610,20,652,0
2,120,4,0.13401667189519895,-0.53071051965381855,0.62357975457496528,1.5668391863879574,-0.047639371808001929,-3.058686768035181,30,0.000000000000000000e+00,zone_bc_work_m_v1,0,1610,20,652,0
2,120,5,0.10407790516622772,-0.53072162052009653,0.62596817898500201,1.5668749304823457,-0.048199869550500596,-3.0603827359748088,30,0.000000000000000000e+00,zone_bc_work_m_v1,0,1610,20,652,0
2,120,6,0.07413913374593184,-0.5307327198141184,0.62835653998251728,1.5669125751339035,-0.048760318214303711,-3.0620788384801259,30,0.000000000000000000e+00,zone_bc_work_m_v1,0,1610,20,652,0
2,120,7,0.044200357795694645,-0.53074381748292054,0.63074483755711086,1.5669521205211152,-0.049320710481867369,-3.0637750755125674,30,0.000000000000000000e+00,zone_bc_work_m_v1,0,1610,20,652,0
2,120,8,0.014255019339359132,-0.53076016400092807,0.63312434149990449,1.566988313756468,-0.050144257053943875,-3.0657649595990852,30,0.000000000000000000e+00,zone_bc_work_m_v1,0,1610,20,652,0
2,120,9,-0.015839006471671135,-0.53089547912496449,0.63530470765145741,1.5669675520003019,-0.056935594548257695,-3.0744097672705339,30,0.000000000000000000e+00,zone_bc_work_m_v1,0,1610,20,652,0
2,120,10,-0.04587928385635931,-0.53094078416292889,0.63714130548750625,1.5671032448403301,-0.059218230887669421,-3.0792727736331176,30,0.000000000000000000e+00,zone_bc_work_m_v1,0,1610,20,652,0
2,120,11,-0.033000682559616967,-0.50087324527235078,0.63801417739741784,1.5669628961834086,-0.055819237617044104,-3.0729886755508904,10,0.000000000000000000e+00,zone_bc_work_m_v1,0,1610,20,652,0
2,120,12,-0.0030053277077284335,-0.50081511702328474,0.63583683680696035,1.5669657198286422,-0.052901466680809639,-3.0692746279599068,30,0.000000000000000000e+00,zone_bc_work_m_v1,0,1610,20,652,0
2,120,13,0.02699000643317917,-0.50075698060919549,0.63365905100751407,1.5669902154092288,-0.049984570605248857,-3.0655616871476248,30,0.000000000000000000e+00,zone_bc_work_m_v1,0,1610,20,652,0
2,120,14,0.056943088056417013,-0.50073994986230308,0.63127925232299753,1.5669381221926526,-0.049125406959231288,-3.063183880237303,30,0.000000000000000000e+00,zone_bc_work_m_v1,0,1610,20,652,0
2,120,15,0.086894235050874125,-0.50072479102670708,0.62889013494339197,1.5668854891920012,-0.048359958482196985,-3.0608671880342402,30,0.000000000000000000e+00,zone_bc_work_m_v1,0,1610,20,652,0
2,120,16,0.11684537337955803,-0.50070962922981144,0.62650089926080421,1.5668364018178811,-0.047594414548667752,-3.0585507468459006,30,0.000000000000000000e+00,zone_bc_work_m_v1,0,1610,20,652,0
2,120,17,0.14678392006680485,-0.50068602478312529,0.62400382422671707,1.5668349560720451,-0.046408564970426669,-3.0564095799429158,30,0.000000000000000000e+00,zone_bc_work_m_v1,0,1610,20,652,0
2,120,18,0.17670203487269553,-0.50064871896129759,0.62133175531202534,1.5669109666858352,-0.044540940133734441,-3.0545526269761938,30,0.000000000000000000e+00,zone_bc_work_m_v1,0,1610,20,652,0
2,120,19,0.20661946456706604,-0.50061203840935942,0.61866115370517538,1.5669928626730227,-0.042705244653035379,-3.0527365773310304,30,0.000000000000000000e+00,zone_bc_work_m_v1,0,1610,20,652,0
2,120,20,0.21362836348253467,-0.50060077379048518,0.6180410508188251,1.566998925559461,-0.042139786164742343,-3.0516941164130245,30,0.000000000000000000e+00,zone_bc_work_m_v1,0,1610,20,652,0
2,120,21,0.20499249131486841,-0.47035309675979686,0.61992121409670176,1.5679485505342803,-0.029782628060122773,-3.046249509209042,10,0.000000000000000000e+00,zone_bc_work_m_v1,0,1610,20,652,0
2,120,22,0.17506876014760153,-0.4704807374402975,0.62277729576421059,1.5674483091825686,-0.036149331275838748,-3.0492194586664634,30,0.000000000000000000e+00,zone_bc_work_m_v1,0,1610,20,652,0
2,120,23,0.14511663735416303,-0.4705807925033389,0.6254562155910357,1.5671337896871012,-0.041147915033591165,-3.052792227033327,30,0.000000000000000000e+00,zone_bc_work_m_v1,0,1610,20,652,0
2,120,24,0.11516357844028802,-0.47067996087783659,0.62812871156905892,1.5668595308593649,-0.046106034299851162,-3.056383081745214,30,0.000000000000000000e+00,zone_bc_work_m_v1,0,1610,20,652,0
2,120,25,0.085190855837902646,-0.47071926541186243,0.63057727033871636,1.5668671879293692,-0.048080954262890607,-3.0600228962433755,30,0.000000000000000000e+00,zone_bc_work_m_v1,0,1610,20,652,0
2,120,26,0.055213060206753539,-0.47074316959638229,0.63296809498366147,1.56694975943235,-0.049287993924284512,-3.0636760378170322,30,0.000000000000000000e+00,zone_bc_work_m_v1,0,1610,20,652,0
2,120,27,0.025240251711828421,-0.4707739999397636,0.63524586308114961,1.5669808026278189,-0.050838348098434016,-3.0666484895796038,30,0.000000000000000000e+00,zone_bc_work_m_v1,0,1610,20,652,0
2,120,28,-0.0047280957655488898,-0.47081101941220665,0.63742270777349697,1.5669667367749498,-0.052695832794495967,-3.0690128793770381,30,0.000000000000000000e+00,zone_bc_work_m_v1,0,1610,20,652,0
2,120,29,-0.034696451712022958,-0.47084803562944544,0.63959937194185945,1.5669614578944646,-0.05455367774958475,-3.0713777145895351,30,0.000000000000000000e+00,zone_bc_work_m_v1,0,1610,20,652,0
2,120,30,-0.064664815485494742,-0.47088504808918757,0.64177585556654759,1.5669649722370402,-0.056411833160230573,-3.0737430256161189,30,0.000000000000000000e+00,zone_bc_work_m_v1,0,1610,20,652,0
2,120,31,-0.048920174517013137,-0.4408475993590627,0.64209387815734209,1.5669614689162734,-0.054531778372476802,-3.0713498387713511,10,0.000000000000000000e+00,zone_bc_work_m_v1,0,1610,20,652,0
2,120,32,-0.018964427048416388,-0.44082044620069682,0.6399175984670078,1.5669645583033267,-0.05316891484681574,-3.0696150590684592,30,0.000000000000000000e+00,zone_bc_work_m_v1,0,1610,20,652,0
2,120,33,0.010991315950894309,-0.44079329122185473,0.63774122163288594,1.5669723768625894,-0.051806238356121082,-3.0678805232083932,30,0.000000000000000000e+00,zone_bc_work_m_v1,0,1610,20,652,0
2,120,34,0.04094705422751943,-0.4407661346208272,0.63556474766393245,1.5669849221005359,-0.050443768550164636,-3.0661462192005562,30,0.000000000000000000e+00,zone_bc_work_m_v1,0,1610,20,652,0
2,120,35,0.07097192952503395,-0.44072227010426118,0.63326267402738279,1.5668770811214985,-0.048232668916784904,-3.0604819896615885,30,0.000000000000000000e+00,zone_bc_work_m_v1,0,1610,20,652,0
2,120,36,0.10103336322468914,-0.44055721230152201,0.63069564192335792,1.5672042223905698,-0.039969510000294362,-3.0519382056123381,30,0.000000000000000000e+00,zone_bc_work_m_v1,0,1610,20,652,0
2,120,37,0.13096986186784254,-0.4404535296950004,0.62789564423835464,1.5675517876196234,-0.034791824719553555,-3.0485868181622235,30,0.000000000000000000e+00,zone_bc_work_m_v1,0,1610,20,652,0
2,120,38,0.16085490743467989,-0.44040837827234242,0.62504049669752071,1.5677272790408314,-0.032539498349478668,-3.0475364432372971,30,0.000000000000000000e+00,zone_bc_work_m_v1,0,1610,20,652,0
2,120,39,0.19073995083877482,-0.44036322729534255,0.62218522436401413,1.5679074736839129,-0.030287770144430404,-3.0464854210116497,30,0.000000000000000000e+00,zone_bc_work_m_v1,0,1610,20,652,0
2,120,40,0.19744533399373632,-0.44035309675979684,0.62154456248160395,1.5679485505342803,-0.029782628060122773,-3.046249509209042,30,0.000000000000000000e+00,zone_bc_work_m_v1,0,1610,20,652,0
2,120,41,0.18989817667260422,-0.41035309675979681,0.62316791086650614,1.5679485505342803,-0.029782628060122773,-3.046249509209042,10,0.000000000000000000e+00,zone_bc_work_m_v1,0,1610,20,652,0
2,120,42,0.16003126146577373,-0.41033656856431022,0.6260233880536854,1.5680317916903106,-0.028960043150796366,-3.0464072552716934,30,0.000000000000000000e+00,zone_bc_work_m_v1,0,1610,20,652,0
2,120,43,0.13016434621321138,-0.41032003970997716,0.62887885104083185,1.5681147724017253,-0.028137419735359215,-3.0465648565433305,30,0.000000000000000000e+00,zone_bc_work_m_v1,0,1610,20,652,0
2,120,44,0.10026865885513669,-0.4103053547536647,0.63173192715256909,1.5682277188712779,-0.027410283941193825,-3.0481440403767714,30,0.000000000000000000e+00,zone_bc_work_m_v1,0,1610,20,652,0
2,120,45,0.070251574505232783,-0.41029842636498937,0.63457431104848805,1.5684650961933495,-0.027083672530509029,-3.0557185582497257,30,0.000000000000000000e+00,zone_bc_work_m_v1,0,1610,20,652,0
2,120,46,0.040287248015574484,-0.4103018414566364,0.63694512982509188,1.5685313466148751,-0.02726070260978708,-3.0586867851924997,30,0.000000000000000000e+00,zone_bc_work_m_v1,0,1610,20,652,0
2,120,47,0.010342860036221646,-0.41030916991492694,0.63913817253516703,1.5685349633823478,-0.027628807286248724,-3.0599161797400054,30,0.000000000000000000e+00,zone_bc_work_m_v1,0,1610,20,652,0
2,120,48,-0.019601530464015582,-0.41031649818076099,0.64133118242343812,1.5685394831562283,-0.027996937883195017,-3.0611456050109789,30,0.000000000000000000e+00,zone_bc_work_m_v1,0,1610,20,652,0
2,120,49,-0.049545923424590077,-0.41032382623604013,0.64352415948534947,1.5685449060844587,-0.028365091882372351,-3.0623750608276299,30,0.000000000000000000e+00,zone_bc_work_m_v1,0,1610,20,652,0
2,120,50,-0.060296735474102414,-0.38033239480888054,0.64518095986792745,1.568552392915942,-0.028795609155688462,-3.0638127303884035,10,0.000000000000000000e+00,zone_bc_work_m_v1,0,1610,20,652,0
2,120,51,-0.030346211377077603,-0.38032323595854273,0.64298758754880836,1.5685444358110345,-0.028335435724665237,-3.0622760252108545,30,0.000000000000000000e+00,zone_bc_work_m_v1,0,1610,20,652,0
2,120,52,-0.00039569103657388638,-0.38031407675328466,0.64079416394248745,1.5685378898032916,-0.027875295234429442,-3.0607393674959447,30,0.000000000000000000e+00,zone_bc_work_m_v1,0,1610,20,652,0
2,120,53,0.029554825429169096,-0.38030491722844262,0.63860068905760869,1.5685327546153787,-0.027415192602784355,-3.0592027575908523,30,0.000000000000000000e+00,zone_bc_work_m_v1,0,1610,20,652,0
2,120,54,0.059504092241441819,-0.38029453401977104,0.63635376903381968,1.5685298206474667,-0.026893790428290432,-3.0575049108063026,30,0.000000000000000000e+00,zone_bc_work_m_v1,0,1610,20,652,0
2,120,55,0.089439654845795413,-0.38027070369597615,0.63351980063859337,1.5685407047487798,-0.025698393779490791,-3.0540344043518601,30,0.000000000000000000e+00,zone_bc_work_m_v1,0,1610,20,652,0
2,120,56,0.1193751968135246,-0.38024687373407046,0.63068556357679317,1.56855985681762,-0.024503465686584569,-3.0505640527216675,30,0.000000000000000000e+00,zone_bc_work_m_v1,0,1610,20,652,0
2,120,57,0.14931071674554475,-0.38022304461585082,0.62785105795981588,1.568587271014295,-0.023309071421617089,-3.0470938544916506,30,0.000000000000000000e+00,zone_bc_work_m_v1,0,1610,20,652,0
2,120,58,0.1792526754522068,-0.38017007130113067,0.62496990246652107,1.5687542616559615,-0.020663540831926008,-3.0430808461186278,30,0.000000000000000000e+00,zone_bc_work_m_v1,0,1610,20,652,0
2,120,59,0.18359453601611553,-0.38015340198477576,0.62453793595144602,1.5688213751403211,-0.019832466899563084,-3.0423315400046569,30,0.000000000000000000e+00,zone_bc_work_m_v1,0,1610,20,652,0
2,120,60,0.17839046214359455,-0.35015340198477574,0.62565705091400692,1.5688213751403211,-0.019832466899563084,-3.0423315400046569,10,0.000000000000000000e+00,zone_bc_work_m_v1,0,1610,20,652,0
2,120,61,0.14850377313011132,-0.35019158703904096,0.62863199611431231,1.5686694712258429,-0.021736425939429038,-3.0440478329486336,30,0.000000000000000000e+00,zone_bc_work_m_v1,0,1610,20,652,0
2,120,62,0.11857391792876748,-0.35022591643077911,0.6315238723771418,1.5685835294023218,-0.023452988875442005,-3.0475120732880501,30,0.000000000000000000e+00,zone_bc_work_m_v1,0,1610,20,652,0
2,120,63,0.0886153476172995,-0.3502576836430773,0.6343602267679731,1.5685501446191585,-0.025045458631318462,-3.0521382890926168,30,0.000000000000000000e+00,zone_bc_work_m_v1,0,1610,20,652,0
2,120,64,0.058656739272167968,-0.35028945196634576,0.63719610379609481,1.5685314479141281,-0.026638824481830747,-3.0567647786630658,30,0.000000000000000000e+00,zone_bc_work_m_v1,0,1610,20,652,0
2,120,65,0.028696483706650122,-0.35030601501949232,0.63953309579400119,1.5685332956695626,-0.027470334060820445,-3.0593869188133653,30,0.000000000000000000e+00,zone_bc_work_m_v1,0,1610,20,652,0
2,120,66,-0.0012642433627787497,-0.35031822555826725,0.64172730098413655,1.5685406800811514,-0.028083716560509453,-3.0614354076916732,30,0.000000000000000000e+00,zone_bc_work_m_v1,0,1610,20,652,0
2,120,67,-0.031224977223187844,-0.35033043550063708,0.64392141503587808,1.5685505720032644,-0.028697162383178876,-3.0634839812573196,30,0.000000000000000000e+00,zone_bc_work_m_v1,0,1610,20,652,0
2,120,68,-0.061185717594403499,-0.35034264476288757,0.64611543792932702,1.5685629720663281,-0.029310659875853462,-3.0655326386876158,30,0.000000000000000000e+00,zone_bc_work_m_v1,0,1610,20,652,0
2,120,69,-0.039072933983401725,-0.32034906739385721,0.64536537951574124,1.5685705023628858,-0.029633419588174892,-3.0666104102404388,10,0.000000000000000000e+00,zone_bc_work_m_v1,0,1610,20,652,0
2,120,70,-0.0090917756351931445,-0.32033075993402188,0.6431699962214773,1.5685508690571071,-0.028713463606908629,-3.0635384170515625,30,0.000000000000000000e+00,zone_bc_work_m_v1,0,1610,20,652,0
2,120,71,0.020889368090257543,-0.32031245093994204,0.6409744079573243,1.5685368753180216,-0.027793623108227195,-3.0604666123827142,30,0.000000000000000000e+00,zone_bc_work_m_v1,0,1610,20,652,0
2,120,72,0.050873565069959881,-0.3202903279825694,0.63869499714532096,1.5685311405776203,-0.026682772754606177,-3.0568923580094505,30,0.000000000000000000e+00,zone_bc_work_m_v1,0,1610,20,652,0
2,120,73,0.08087824471067373,-0.32024269174108333,0.63585534972127644,1.5685640703234012,-0.024293813631101724,-3.0499550352657026,30,0.000000000000000000e+00,zone_bc_work_m_v1,0,1610,20,652,0
2,120,74,0.11085030619100844,-0.32020117341883508,0.63298182294007244,1.5686323587781164,-0.022214518928264981,-3.0444786152986714,30,0.000000000000000000e+00,zone_bc_work_m_v1,0,1610,20,652,0
2,120,75,0.14072326012989134,-0.32017827948150102,0.63000794834815499,1.5687216703628815,-0.021072818245534197,-3.0434497707866646,30,0.000000000000000000e+00,zone_bc_work_m_v1,0,1610,20,652,0
2,120,76,0.17059621197352093,-0.32015538685745615,0.62703402622537951,1.568813318584684,-0.019931419110613913,-3.0424207686847162,30,0.000000000000000000e+00,zone_bc_work_m_v1,0,1610,20,652,0
2,120,77,0.17318638827107358,-0.32015340198477571,0.6267761658765677,1.5688213751403211,-0.019832466899563084,-3.0423315400046569,30,0.000000000000000000e+00,zone_bc_work_m_v1,0,1610,20,652,0
2,120,78,0.1679823143985526,-0.29015340198477568,0.6278952808391286,1.5688213751403211,-0.019832466899563084,-3.0423315400046569,10,0.000000000000000000e+00,zone_bc_work_m_v1,0,1610,20,652,0
2,120,79,0.13811524325682267,-0.29016974810758595,0.63086876439652972,1.5687555510842732,-0.020647426333485264,-3.0430663192940464,30,0.000000000000000000e+00,zone_bc_work_m_v1,0,1610,20,652,0
2,120,80,0.10824817103282425,-0.29018609491555708,0.63384222372094268,1.568690918286693,-0.021462540692960941,-3.0438010172029957,30,0.000000000000000000e+00,zone_bc_work_m_v1,0,1610,20,652,0
2,120,81,0.078381097753353002,-0.29020244237885873,0.63681565881035751,1.5686274769339117,-0.022277807719621068,-3.0445356357085633,30,0.000000000000000000e+00,zone_bc_work_m_v1,0,1610,20,652,0
2,120,82,0.048312459104541183,-0.29027644741681902,0.63970007974725263,1.568537324943259,-0.025986475471799775,-3.0548708736032308,30,0.000000000000000000e+00,zone_bc_work_m_v1,0,1610,20,652,0
2,120,83,0.018248979582668357,-0.29032538845202616,0.6420372563081288,1.5685461789888047,-0.028443580255766543,-3.0626371685600313,30,0.000000000000000000e+00,zone_bc_work_m_v1,0,1610,20,652,0
2,120,84,-0.011783819110283256,-0.29035808290075277,0.64424472117977227,1.5685884410624422,-0.030086970147179093,-3.0683293721032778,30,0.000000000000000000e+00,zone_bc_work_m_v1,0,1610,20,652,0
2,120,85,-0.041773513210473068,-0.2903731981666231,0.64648795690544614,1.5686464766743935,-0.030849168067504484,-3.0720049550738553,30,0.000000000000000000e+00,zone_bc_work_m_v1,0,1610,20,652,0
2,120,86,-0.045463540533172031,-0.26038854038123216,0.64770085170717873,1.5687111314232083,-0.031622799961745773,-3.0757373167434952,10,0.000000000000000000e+00,zone_bc_work_m_v1,0,1610,20,652,0
2,120,87,-0.015488359933590656,-0.26037642525617521,0.64545881418789597,1.568659595075707,-0.031011896104883974,-3.0727898866331831,30,0.000000000000000000e+00,zone_bc_work_m_v1,0,1610,20,652,0
2,120,88,0.014486808084303027,-0.26036430682771855,0.64321659622120986,1.5686116577637894,-0.03040081527254479,-3.0698426616353003,30,0.000000000000000000e+00,zone_bc_work_m_v1,0,1610,20,652,0
2,120,89,0.044949219291007037,-0.26007424059349599,0.6407375394338205,1.5692020388330394,-0.015892073740187529,-3.0416032182549344,30,0.000000000000000000e+00,zone_bc_work_m_v1,0,1610,20,652,0
2,120,90,0.074800728524589744,-0.26005662424429965,0.63772364358265399,1.5692875299723972,-0.015015303484197107,-3.0414410639963942,30,0.000000000000000000e+00,zone_bc_work_m_v1,0,1610,20,652,0
2,120,91,0.10465223770726029,-0.26003900793629869,0.63470973159828137,1.5693733030844998,-0.014138575111781737,-3.0412787629646343,30,0.000000000000000000e+00,zone_bc_work_m_v1,0,1610,20,652,0
2,120,92,0.13450374683502986,-0.26002139169091265,0.63169580348078103,1.5694593584332925,-0.01326188910211612,-3.0411163146130531,30,0.000000000000000000e+00,zone_bc_work_m_v1,0,1610,20,652,0
2,120,93,0.16434609539250467,-0.2600037809354051,0.62868278411967937,1.5695456697461156,-0.01238551494289486,-3.0409537683130368,30,0.000000000000000000e+00,zone_bc_work_m_v1,0,1610,20,652,0
2,120,94,0.16105453187057606,-0.23000378093540508,0.62939051374064725,1.5695456697461156,-0.01238551494289486,-3.0409537683130368,10,0.000000000000000000e+00,zone_bc_work_m_v1,0,1610,20,652,0
2,120,95,0.1311935560135804,-0.22998455034293522,0.63240586954648326,1.5696496222833785,-0.011429520164919049,-3.0415967400885453,30,0.000000000000000000e+00,zone_bc_work_m_v1,0,1610,20,652,0
2,120,96,0.10133257933075379,-0.22996531820290664,0.63542119858719925,1.5697523504364015,-0.010473330807104331,-3.0422394994821853,30,0.000000000000000000e+00,zone_bc_work_m_v1,0,1610,20,652,0
2,120,97,0.071446939197903125,-0.22992290614384869,0.63840328349640796,1.5699769670250006,-0.00836449928783356,-3.043946202804293,30,0.000000000000000000e+00,zone_bc_work_m_v1,0,1610,20,652,0
2,120,98,0.041386904453849294,-0.22987731743034992,0.64129353015140866,1.5702597911015674,-0.006101492710244516,-3.0538825607826112,30,0.000000000000000000e+00,zone_bc_work_m_v1,0,1610,20,652,0
2,120,99,0.011404376575801178,-0.22987609268057491,0.64365976912248291,1.5702883046001022,-0.0060424803938869953,-3.0577142923546026,30,0.000000000000000000e+00,zone_bc_work_m_v1,0,1610,20,652,0
2,120,100,-0.01853675990274839,-0.22987756606992399,0.64591284207706812,1.570290019314333,-0.006116550195061965,-3.0590037803877541,30,0.000000000000000000e+00,zone_bc_work_m_v1,0,1610,20,652,0
2,120,101,-0.04847789916570111,-0.22987903940806134,0.64816588178406764,1.5702919244441755,-0.0061906229817425551,-3.0602932719128875,30,0.000000000000000000e+00,zone_bc_work_m_v1,0,1610,20,652,0
2,120,102,0.13037360278778265,-0.1999588564053392,0.63286429684440981,1.5697865894492731,-0.010152034857815018,-3.0424554012932878,10,1.000000000000000000e+00,zone_bc_work_m_v1,0,1610,20,652,0
2,120,103,0.15776296834864723,-0.20000378093540505,0.63009824336161502,1.5695456697461156,-0.01238551494289486,-3.0409537683130368,30,0.000000000000000000e+00,zone_bc_work_m_v1,0,1610,20,652,0
2,120,104,0.15490143981485205,-0.16990183881864671,0.6307066832661391,1.5700826897809481,-0.0073164137108587823,-3.0443601643639333,10,0.000000000000000000e+00,zone_bc_work_m_v1,0,1610,20,652,0
2,120,105,0.12502977823995365,-0.16989245808999162,0.63362035103678105,1.5701328235514507,-0.006850027770323619,-3.0450317225308283,30,0.000000000000000000e+00,zone_bc_work_m_v1,0,1610,20,652,0
2,120,106,0.1264497162764473,-0.13988761984659542,0.63370346549284673,1.5701584355091187,-0.0066094582239983879,-3.0453780484592601,10,0.000000000000000000e+00,zone_bc_work_m_v1,0,1610,20,652,0
2,120,107,0.15301482432636915,-0.13990183881864668,0.63111228347371595,1.5700826897809481,-0.0073164137108587823,-3.0443601643639333,30,0.000000000000000000e+00,zone_bc_work_m_v1,0,1610,20,652,0
2,120,108,0.15112820883788647,-0.10990183881864662,0.63151788368129269,1.5700826897809481,-0.0073164137108587823,-3.0443601643639333,10,0.000000000000000000e+00,zone_bc_work_m_v1,0,1610,20,652,0
2,120,109,0.12119976062809257,-0.10988275518584267,0.63438623711947939,1.5701962140118408,-0.0063687193680259657,-3.0476412451484163,30,0.000000000000000000e+00,zone_bc_work_m_v1,0,1610,20,652,0
2,120,110,0.12401110588709008,-0.079841022237026549,0.63428865457479378,1.5703856202633673,-0.0042906407679292879,-3.0461616221692736,10,0.000000000000000000e+00,zone_bc_work_m_v1,0,1610,20,652,0
2,120,111,0.15000335328800163,-0.079804424687841102,0.63176506363493257,1.5705503548453306,-0.0024681379436082285,-3.0422616182202233,30,0.000000000000000000e+00,zone_bc_work_m_v1,0,1610,20,652,0
2,120,112,0.14935489119736034,-0.049804424687841083,0.63190446821977941,1.5705503548453306,-0.0024681379436082285,-3.0422616182202233,10,0.000000000000000000e+00,zone_bc_work_m_v1,0,1610,20,652,0
2,120,113,0.11945938301458536,-0.04983432554504625,0.63488367132491563,1.570410714852966,-0.0039566689537138267,-3.0444404785811106,30,0.000000000000000000e+00,zone_bc_work_m_v1,0,1610,20,652,0
2,120,114,0.12309158178191071,-0.019820127691883824,0.63459655698490147,1.5704762120026163,-0.003249789691565752,-3.0434059918044749,10,0.000000000000000000e+00,zone_bc_work_m_v1,0,1610,20,652,0
2,120,115,0.14870642910671927,-0.019804424687841049,0.63204387280462626,1.5705503548453306,-0.0024681379436082285,-3.0422616182202233,30,0.000000000000000000e+00,zone_bc_work_m_v1,0,1610,20,652,0
2,120,116,0.14870707053282439,0.01031870192819054,0.63205342616950499,1.5711767394319893,0.0036562407285953835,-3.0379206925188016,10,0.000000000000000000e+00,zone_bc_work_m_v1,0,1610,20,652,0
2,120,117,0.11879480325347513,0.010232498160254389,0.63509965456301398,1.570732809352247,-0.00063103070937198247,-3.0412738797282763,30,0.000000000000000000e+00,zone_bc_work_m_v1,0,1610,20,652,0
2,120,118,0.12373436240721158,0.040291218483059277,0.63454089163293292,1.5710323116792295,0.0022896700882599763,-3.038890170717635,10,0.000000000000000000e+00,zone_bc_work_m_v1,0,1610,20,652,0
2,120,119,0.14970644681461787,0.040318701928190565,0.63183857167279189,1.5711767394319893,0.0036562407285953835,-3.0379206925188016,30,0.000000000000000000e+00,zone_bc_work_m_v1,0,1610,20,652,0
2,120,120,0.15070582309641134,0.070318701928190591,0.63162371717607868,1.5711767394319893,0.0036562407285953835,-3.0379206925188016,10,0.000000000000000000e+00,zone_bc_work_m_v1,0,1610,20,652,0
2,120,121,0.12085420193312912,0.070300598557533719,0.63472966216854743,1.5710813066998965,0.0027561099157547009,-3.038559345547085,30,0.000000000000000000e+00,zone_bc_work_m_v1,0,1610,20,652,0
2,120,122,0.12484971747840201,0.10033460156621053,0.63420295545144567,1.5712573632442552,0.0044471319389465247,-3.0382908207129695,10,0.000000000000000000e+00,zone_bc_work_m_v1,0,1610,20,652,0
2,120,123,0.15170519937820459,0.10031870192819062,0.63140886267936558,1.5711767394319893,0.0036562407285953835,-3.0379206925188016,30,0.000000000000000000e+00,zone_bc_work_m_v1,0,1610,20,652,0
2,120,124,0.15270457565999807,0.13031870192819064,0.63119400818265237,1.5711767394319893,0.0036562407285953835,-3.0379206925188016,10,0.000000000000000000e+00,zone_bc_work_m_v1,0,1610,20,652,0
2,120,125,0.12284413865807498,0.13036506457811009,0.63430057873487666,1.5714102018939582,0.0059626206992879904,-3.0389995873457756,30,0.000000000000000000e+00,zone_bc_work_m_v1,0,1610,20,652,0
2,120,126,0.12751296106731291,0.16046036182463122,0.63356005243100566,1.5718685793578349,0.010705610159392753,-3.041765630085961,10,0.000000000000000000e+00,zone_bc_work_m_v1,0,1610,20,652,0
2,120,127,0.15425230271736168,0.16043936439264073,0.63085415174421899,1.57177397757159,0.0096598997843233558,-3.0407273718494441,30,0.000000000000000000e+00,zone_bc_work_m_v1,0,1610,20,652,0
2,120,128,0.15682516816009517,0.19043936439264075,0.63030099313470922,1.57177397757159,0.0096598997843233558,-3.0407273718494441,10,0.000000000000000000e+00,zone_bc_work_m_v1,0,1610,20,652,0
2,120,129,0.12693349663681919,0.19048412993173974,0.6333256124060973,1.5719730489687249,0.01188956744038161,-3.042940579092595,30,0.000000000000000000e+00,zone_bc_work_m_v1,0,1610,20,652,0
