target_line,group_id,point_id,q1,q2,q3,q4,q5,q6,is_discontinuous,is_task_waypoint,source_point_id,waypoint_kind,speed,base_normal_error_mm,base_x_actual_mm,standoff_mm,base_height_mm,lift_mm
1,105,1,-1.5708,-1.5708,1.5708,-1.5708,-1.5708,0,0,0,,home,30,0,-1610,1,652,0
1,105,2,-1.606796711,-1.472287943,1.554719743,-1.649315614,-1.563063891,-0.03606575631,0,0,,transition,10,0,-1610,1,652,0
1,105,3,-1.642793421,-1.373775886,1.538639486,-1.727831229,-1.555327783,-0.07213151263,0,0,,transition,10,0,-1610,1,652,0
1,105,4,-1.678790132,-1.275263828,1.522559229,-1.806346843,-1.547591674,-0.1081972689,0,0,,transition,10,0,-1610,1,652,0
1,105,5,-1.714786843,-1.176751771,1.506478971,-1.884862458,-1.539855566,-0.1442630253,0,0,,transition,10,0,-1610,1,652,0
1,105,6,-1.750783553,-1.078239714,1.490398714,-1.963378072,-1.532119457,-0.1803287816,0,0,,transition,10,0,-1610,1,652,0
1,105,7,-1.786780264,-0.9797276569,1.474318457,-2.041893687,-1.524383349,-0.2163945379,0,0,,transition,10,0,-1610,1,652,0
1,105,8,-1.822776975,-0.8812155997,1.4582382,-2.120409301,-1.51664724,-0.2524602942,0,0,,transition,10,0,-1610,1,652,0
1,105,9,-1.858773686,-0.7827035425,1.442157943,-2.198924916,-1.508911132,-0.2885260505,0,1,1,task,10,0,-1610,1,652,0
1,105,10,-1.867463154,-0.81659374,1.514133748,-2.239160003,-1.507530794,-0.2972696566,0,1,2,task,30,0,-1610,1,652,0
1,105,11,-1.876672001,-0.8492477121,1.58345966,-2.277921645,-1.506123057,-0.3065344297,0,1,3,task,30,0,-1610,1,652,0
1,105,12,-1.8864478,-0.88082536,1.650483036,-2.315391318,-1.504686262,-0.3163681983,0,1,4,task,30,0,-1610,1,652,0
1,105,13,-1.896844055,-0.9114572043,1.715487121,-2.351714974,-1.503218669,-0.3268247681,0,1,5,task,30,0,-1610,1,652,0
1,105,14,-1.90792115,-0.9412515673,1.778706632,-2.387011305,-1.501718463,-0.3379648749,0,1,6,task,30,0,-1610,1,652,0
1,105,15,-1.916817575,-0.9532625811,1.824233588,-2.439376398,-1.492879772,-0.3469489308,0,0,,transition,30,0,-1610,1,652,0
1,105,16,-1.925714,-0.965273595,1.869760545,-2.491741491,-1.484041082,-0.3559329868,0,1,7,task,30,0,-1610,1,652,0
1,105,17,-1.937428238,-0.9723015977,1.915828764,-2.551665986,-1.46913253,-0.3675548633,0,0,,transition,30,0,-1610,1,652,0
1,105,18,-1.949142475,-0.9793296005,1.961896983,-2.611590481,-1.454223977,-0.3791767399,0,1,8,task,30,0,-1610,1,652,0
1,105,19,-1.984810545,-0.96420064,2.002923231,-2.706974103,-1.424354994,-0.3924616615,0,0,,transition,10,0,-1610,1,652,0
1,105,20,-2.020478615,-0.9490716795,2.043949479,-2.802357725,-1.394486011,-0.4057465831,0,0,,transition,10,0,-1610,1,652,0
1,105,21,-2.056146685,-0.9339427191,2.084975728,-2.897741347,-1.364617028,-0.4190315048,0,0,,transition,10,0,-1610,1,652,0
1,105,22,-2.091814755,-0.9188137586,2.126001976,-2.993124969,-1.334748045,-0.4323164264,0,0,,transition,10,0,-1610,1,652,0
1,105,23,-2.127482825,-0.9036847981,2.167028224,-3.088508591,-1.304879062,-0.445601348,0,0,,transition,10,0,-1610,1,652,0
1,105,24,-2.163150895,-0.8885558376,2.208054472,-3.183892213,-1.275010079,-0.4588862697,0,0,,transition,10,0,-1610,1,652,0
1,105,25,-2.198818964,-0.8734268771,2.24908072,-3.279275835,-1.245141096,-0.4721711913,0,0,,transition,10,0,-1610,1,652,0
1,105,26,-2.19158467,-0.8418175894,2.321439594,-3.368473484,-1.237602424,-0.499323024,0,0,,transition,10,0,-1610,1,652,0
1,105,27,-2.184350376,-0.8102083016,2.393798468,-3.457671133,-1.230063753,-0.5264748567,0,0,,transition,10,0,-1610,1,652,0
1,105,28,-2.177116082,-0.7785990139,2.466157342,-3.546868782,-1.222525082,-0.5536266894,0,0,,transition,10,0,-1610,1,652,0
1,105,29,-2.169881788,-0.7469897262,2.538516216,-3.636066431,-1.21498641,-0.5807785221,0,1,9,task,10,0,-1610,1,652,0
1,105,30,-2.15423912,-0.7831077491,2.52054465,-3.569170122,-1.232243222,-0.5675264278,0,0,,transition,30,0,-1610,1,652,0
1,105,31,-2.138596452,-0.8192257721,2.502573085,-3.502273813,-1.249500033,-0.5542743334,0,0,,transition,30,0,-1610,1,652,0
1,105,32,-2.122953784,-0.8553437951,2.48460152,-3.435377505,-1.266756845,-0.5410222391,0,1,10,task,30,0,-1610,1,652,0
1,105,33,-2.096840697,-0.8889366916,2.421763499,-3.337525219,-1.288058452,-0.5047951703,0,0,,transition,10,0,-1610,1,652,0
1,105,34,-2.07072761,-0.9225295882,2.358925479,-3.239672934,-1.309360059,-0.4685681015,0,0,,transition,10,0,-1610,1,652,0
1,105,35,-2.044614523,-0.9561224847,2.296087459,-3.141820649,-1.330661667,-0.4323410326,0,0,,transition,10,0,-1610,1,652,0
1,105,36,-2.018501436,-0.9897153812,2.233249439,-3.043968364,-1.351963274,-0.3961139638,0,0,,transition,10,0,-1610,1,652,0
1,105,37,-1.992388349,-1.023308278,2.170411419,-2.946116079,-1.373264882,-0.359886895,0,0,,transition,10,0,-1610,1,652,0
1,105,38,-1.972865298,-1.016272423,2.117928261,-2.858265402,-1.398047798,-0.3528372135,0,0,,transition,10,0,-1610,1,652,0
1,105,39,-1.953342247,-1.009236568,2.065445103,-2.770414724,-1.422830715,-0.345787532,0,0,,transition,10,0,-1610,1,652,0
1,105,40,-1.933819196,-1.002200713,2.012961945,-2.682564047,-1.447613631,-0.3387378504,0,0,,transition,10,0,-1610,1,652,0
1,105,41,-1.914296145,-0.9951648587,1.960478787,-2.594713369,-1.472396548,-0.3316881689,0,0,,transition,10,0,-1610,1,652,0
1,105,42,-1.894773093,-0.988129004,1.907995629,-2.506862692,-1.497179464,-0.3246384874,0,1,11,task,30,0,-1610,1,652,0
1,105,43,-1.882747425,-0.9642236739,1.8270834,-2.421463833,-1.500872867,-0.3127287368,0,1,12,task,30,0,-1610,1,652,0
1,105,44,-1.872593133,-0.9352666433,1.760935106,-2.377254172,-1.50127682,-0.3025532319,0,1,13,task,30,0,-1610,1,652,0
1,105,45,-1.862520273,-0.9050629969,1.696162955,-2.33983471,-1.503247461,-0.2924134302,0,1,14,task,30,0,-1610,1,652,0
1,105,46,-1.85307091,-0.8739467466,1.629499076,-2.301354586,-1.505169829,-0.2828990296,0,1,15,task,30,0,-1610,1,652,0
1,105,47,-1.844189162,-0.8417999367,1.560682214,-2.261678565,-1.507047273,-0.2739538245,0,1,16,task,30,0,-1610,1,652,0
1,105,48,-1.835825597,-0.8084786885,1.489395208,-2.220640434,-1.508882875,-0.2655281201,0,1,17,task,30,0,-1610,1,652,0
1,105,49,-1.807738248,-0.8151425406,1.494458234,-2.215321022,-1.510622617,-0.2373364496,0,1,18,task,10,0,-1610,1,652,0
1,105,50,-1.815552115,-0.8490095975,1.567570426,-2.259833951,-1.508108968,-0.2452282739,0,1,19,task,30,0,-1610,1,652,0
1,105,51,-1.823910615,-0.8812786789,1.637929644,-2.302722707,-1.505391747,-0.2536646644,0,1,20,task,30,0,-1610,1,652,0
1,105,52,-1.832818123,-0.9124322591,1.706070487,-2.344425012,-1.502602903,-0.262649718,0,1,21,task,30,0,-1610,1,652,0
1,105,53,-1.842330422,-0.9425891651,1.772269752,-2.38508906,-1.499736302,-0.2722394338,0,1,22,task,30,0,-1610,1,652,0
1,105,54,-1.850874229,-0.9696924068,1.849321781,-2.456837808,-1.501096521,-0.280688,0,1,23,task,30,0,-1610,1,652,0
1,105,55,-1.861709384,-0.9952527491,1.917513429,-2.511147627,-1.498004255,-0.2914920284,0,1,24,task,30,0,-1610,1,652,0
1,105,56,-1.888880205,-0.9887641804,1.960829341,-2.591147627,-1.464235985,-0.3058771467,0,0,,transition,10,0,-1610,1,652,0
1,105,57,-1.916051026,-0.9822756117,2.004145253,-2.671147627,-1.430467715,-0.3202622649,0,0,,transition,10,0,-1610,1,652,0
1,105,58,-1.943221847,-0.975787043,2.047461166,-2.751147627,-1.396699445,-0.3346473832,0,0,,transition,10,0,-1610,1,652,0
1,105,59,-1.970392668,-0.9692984743,2.090777078,-2.831147627,-1.362931175,-0.3490325015,0,0,,transition,10,0,-1610,1,652,0
1,105,60,-1.997563489,-0.9628099056,2.13409299,-2.911147627,-1.329162905,-0.3634176198,0,0,,transition,10,0,-1610,1,652,0
1,105,61,-2.018229879,-0.9633910079,2.183335644,-2.977814294,-1.355737409,-0.3901800166,0,0,,transition,10,0,-1610,1,652,0
1,105,62,-2.03889627,-0.9639721102,2.232578298,-3.044480961,-1.382311913,-0.4169424133,0,0,,transition,10,0,-1610,1,652,0
1,105,63,-2.05956266,-0.9645532124,2.281820952,-3.111147627,-1.408886417,-0.4437048101,0,0,,transition,10,0,-1610,1,652,0
1,105,64,-2.061623963,-0.9425357033,2.351533131,-3.202118496,-1.373388523,-0.4580003652,0,0,,transition,10,0,-1610,1,652,0
1,105,65,-2.063685266,-0.9205181942,2.42124531,-3.293089365,-1.337890628,-0.4722959202,0,0,,transition,10,0,-1610,1,652,0
1,105,66,-2.065746569,-0.8985006852,2.490957488,-3.384060234,-1.302392734,-0.4865914752,0,1,25,task,30,0,-1610,1,652,0
1,105,67,-2.083244275,-0.8513686414,2.51220956,-3.473650498,-1.279916496,-0.5007852905,0,0,,transition,30,0,-1610,1,652,0
1,105,68,-2.100741981,-0.8042365976,2.533461632,-3.563240762,-1.257440257,-0.5149791058,0,0,,transition,30,0,-1610,1,652,0
1,105,69,-2.118239687,-0.7571045538,2.554713704,-3.652831026,-1.234964019,-0.5291729211,0,1,26,task,30,0,-1610,1,652,0
1,105,70,-2.127777019,-0.7354718628,2.565272434,-3.68910735,-1.226669707,-0.5377162262,0,1,27,task,30,0,-1610,1,652,0
1,105,71,-2.061360456,-0.7239747342,2.589091185,-3.757980606,-1.275349845,-0.4665891795,0,1,28,task,10,0,-1610,1,652,0
1,105,72,-2.037499247,-0.7673007981,2.570755426,-3.686412792,-1.30893051,-0.4447167161,0,0,,transition,30,0,-1610,1,652,0
1,105,73,-2.013638039,-0.8106268621,2.552419667,-3.614844978,-1.342511175,-0.4228442527,0,0,,transition,30,0,-1610,1,652,0
1,105,74,-1.98977683,-0.853952926,2.534083908,-3.543277164,-1.37609184,-0.4009717893,0,1,29,task,30,0,-1610,1,652,0
1,105,75,-1.978346257,-0.8863264512,2.497925856,-3.454305984,-1.373884046,-0.3858547454,0,0,,transition,10,0,-1610,1,652,0
1,105,76,-1.966915683,-0.9186999765,2.461767803,-3.365334803,-1.371676252,-0.3707377014,0,0,,transition,10,0,-1610,1,652,0
1,105,77,-1.955485109,-0.9510735017,2.425609751,-3.276363623,-1.369468457,-0.3556206574,0,0,,transition,10,0,-1610,1,652,0
1,105,78,-1.944054536,-0.983447027,2.389451698,-3.187392442,-1.367260663,-0.3405036135,0,0,,transition,10,0,-1610,1,652,0
1,105,79,-1.932623962,-1.015820552,2.353293645,-3.098421262,-1.365052869,-0.3253865695,0,0,,transition,10,0,-1610,1,652,0
1,105,80,-1.921193389,-1.048194077,2.317135593,-3.009450081,-1.362845075,-0.3102695255,0,0,,transition,10,0,-1610,1,652,0
1,105,81,-1.909762815,-1.080567603,2.28097754,-2.920478901,-1.360637281,-0.2951524816,0,0,,transition,10,0,-1610,1,652,0
1,105,82,-1.898332242,-1.112941128,2.244819488,-2.83150772,-1.358429487,-0.2800354376,0,0,,transition,10,0,-1610,1,652,0
1,105,83,-1.886901668,-1.145314653,2.208661435,-2.74253654,-1.356221693,-0.2649183936,0,0,,transition,10,0,-1610,1,652,0
1,105,84,-1.868909752,-1.098924867,2.129625762,-2.69067788,-1.40276563,-0.2640316543,0,0,,transition,10,0,-1610,1,652,0
1,105,85,-1.850917837,-1.052535081,2.05059009,-2.638819221,-1.449309566,-0.2631449151,0,0,,transition,10,0,-1610,1,652,0
1,105,86,-1.832925921,-1.006145295,1.971554417,-2.586960562,-1.495853503,-0.2622581758,0,1,30,task,30,0,-1610,1,652,0
1,105,87,-1.8226296,-0.9855760191,1.89071947,-2.495986176,-1.4997288,-0.2523098421,0,1,31,task,30,0,-1610,1,652,0
1,105,88,-1.811789526,-0.9593498926,1.822019215,-2.443015381,-1.506664985,-0.2414283757,0,1,32,task,30,0,-1610,1,652,0
1,105,89,-1.806552844,-0.9314898197,1.743629401,-2.369020563,-1.499809081,-0.2363653721,0,1,33,task,30,0,-1610,1,652,0
1,105,90,-1.797474164,-0.9008672456,1.672211229,-2.318767329,-1.504963828,-0.227174703,0,1,34,task,30,0,-1610,1,652,0
1,105,91,-1.789319884,-0.8687352505,1.600088702,-2.270876812,-1.508984955,-0.2189193954,0,1,35,task,30,0,-1610,1,652,0
1,105,92,-1.782443584,-0.8350821524,1.529550125,-2.230089855,-1.51055042,-0.211990537,0,1,36,task,30,0,-1610,1,652,0
1,105,93,-1.775970055,-0.8002044867,1.456339104,-2.187809178,-1.512076063,-0.2054643216,0,1,37,task,30,0,-1610,1,652,0
1,105,94,-1.745346459,-0.804369481,1.464911685,-2.200114352,-1.520868926,-0.1747307002,0,1,38,task,10,0,-1610,1,652,0
1,105,95,-1.751678165,-0.8389783111,1.535362565,-2.236777295,-1.517072988,-0.1811121226,0,1,39,task,30,0,-1610,1,652,0
1,105,96,-1.758394171,-0.8725308719,1.603339571,-2.271951184,-1.5132762,-0.1878836675,0,1,40,task,30,0,-1610,1,652,0
1,105,97,-1.765530579,-0.9051835785,1.669158996,-2.305789147,-1.509479313,-0.1950820449,0,1,41,task,30,0,-1610,1,652,0
1,105,98,-1.768366742,-0.9197148325,1.718373611,-2.362941032,-1.510259058,-0.1978890346,0,0,,transition,30,0,-1610,1,652,0
1,105,99,-1.771202904,-0.9342460865,1.767588226,-2.420092917,-1.511038803,-0.2006960243,0,1,42,task,30,0,-1610,1,652,0
1,105,100,-1.776947329,-0.9616384103,1.835906339,-2.471146991,-1.513407701,-0.2063536419,0,1,43,task,30,0,-1610,1,652,0
1,105,101,-1.784007681,-0.9877286097,1.902548557,-2.521339064,-1.513345427,-0.2133322668,0,1,44,task,30,0,-1610,1,652,0
1,105,102,-1.793877817,-1.011479766,1.970477235,-2.57783138,-1.507376153,-0.223120714,0,1,45,task,30,0,-1610,1,652,0
1,105,103,-1.811761738,-1.025751677,2.022330993,-2.677375413,-1.492368732,-0.2270505084,0,0,,transition,10,0,-1610,1,652,0
1,105,104,-1.829645659,-1.040023589,2.074184752,-2.776919446,-1.477361312,-0.2309803028,0,0,,transition,10,0,-1610,1,652,0
1,105,105,-1.847529579,-1.0542955,2.126038511,-2.876463479,-1.462353892,-0.2349100972,0,0,,transition,10,0,-1610,1,652,0
1,105,106,-1.8654135,-1.068567412,2.17789227,-2.976007511,-1.447346471,-0.2388398916,0,0,,transition,10,0,-1610,1,652,0
1,105,107,-1.883297421,-1.082839323,2.229746029,-3.075551544,-1.432339051,-0.242769686,0,0,,transition,10,0,-1610,1,652,0
1,105,108,-1.901181342,-1.097111235,2.281599788,-3.175095577,-1.417331631,-0.2466994804,0,0,,transition,10,0,-1610,1,652,0
1,105,109,-1.919065263,-1.111383146,2.333453547,-3.27463961,-1.40232421,-0.2506292748,0,0,,transition,10,0,-1610,1,652,0
1,105,110,-1.936949184,-1.125655058,2.385307306,-3.374183642,-1.38731679,-0.2545590692,0,0,,transition,10,0,-1610,1,652,0
1,105,111,-1.939847846,-1.042671055,2.435191303,-3.418085239,-1.383093214,-0.290113952,0,0,,transition,10,0,-1610,1,652,0
1,105,112,-1.942746507,-0.9596870521,2.485075299,-3.461986835,-1.378869637,-0.3256688349,0,0,,transition,10,0,-1610,1,652,0
1,105,113,-1.945645169,-0.8767030493,2.534959296,-3.505888432,-1.374646061,-0.3612237178,0,1,46,task,30,0,-1610,1,652,0
1,105,114,-1.952626508,-0.841830463,2.56196608,-3.581878973,-1.377074824,-0.3659976552,0,0,,transition,30,0,-1610,1,652,0
1,105,115,-1.959607847,-0.8069578768,2.588972863,-3.657869514,-1.379503587,-0.3707715925,0,1,47,task,30,0,-1610,1,652,0
1,105,116,-1.976498195,-0.7704351649,2.59650904,-3.715901385,-1.350277026,-0.385363612,0,0,,transition,30,0,-1610,1,652,0
1,105,117,-1.993388543,-0.7339124531,2.604045216,-3.773933256,-1.321050466,-0.3999556314,0,1,48,task,30,0,-1610,1,652,0
1,105,118,-1.918361597,-0.7645503968,2.61127604,-3.746643184,-1.374041701,-0.3291733559,0,1,49,task,10,0,-1610,1,652,0
1,105,119,-1.909171027,-0.8041269377,2.58554117,-3.669095806,-1.377120868,-0.3219111054,0,0,,transition,30,0,-1610,1,652,0
1,105,120,-1.899980457,-0.8437034787,2.5598063,-3.591548428,-1.380200035,-0.3146488549,0,1,50,task,30,0,-1610,1,652,0
1,105,121,-1.887681761,-0.8827648714,2.529911799,-3.505263404,-1.391028853,-0.3044392308,0,0,,transition,30,0,-1610,1,652,0
1,105,122,-1.875383065,-0.9218262642,2.500017298,-3.41897838,-1.401857671,-0.2942296067,0,1,51,task,30,0,-1610,1,652,0
1,105,123,-1.858324131,-0.93821549,2.423977347,-3.321791071,-1.407757498,-0.2860502519,0,0,,transition,10,0,-1610,1,652,0
1,105,124,-1.841265198,-0.9546047159,2.347937396,-3.224603761,-1.413657325,-0.2778708972,0,0,,transition,10,0,-1610,1,652,0
1,105,125,-1.824206265,-0.9709939418,2.271897445,-3.127416452,-1.419557151,-0.2696915424,0,0,,transition,10,0,-1610,1,652,0
1,105,126,-1.807147331,-0.9873831677,2.195857494,-3.030229142,-1.425456978,-0.2615121876,0,0,,transition,10,0,-1610,1,652,0
1,105,127,-1.790088398,-1.003772394,2.119817543,-2.933041832,-1.431356805,-0.2533328329,0,0,,transition,10,0,-1610,1,652,0
1,105,128,-1.773029464,-1.020161619,2.043777592,-2.835854523,-1.437256632,-0.2451534781,0,0,,transition,10,0,-1610,1,652,0
1,105,129,-1.755970531,-1.036550845,1.967737642,-2.738667213,-1.443156459,-0.2369741234,0,0,,transition,10,0,-1610,1,652,0
1,105,130,-1.738911598,-1.052940071,1.891697691,-2.641479904,-1.449056285,-0.2287947686,0,0,,transition,10,0,-1610,1,652,0
1,105,131,-1.744380528,-1.026559944,1.905311829,-2.581429408,-1.484474969,-0.2039690865,0,0,,transition,10,0,-1610,1,652,0
1,105,132,-1.749849458,-1.000179817,1.918925967,-2.521378912,-1.519893652,-0.1791434045,0,1,52,task,30,0,-1610,1,652,0
1,105,133,-1.741606887,-0.97432804,1.850805838,-2.468148946,-1.525923596,-0.17091914,0,1,53,task,30,0,-1610,1,652,0
1,105,134,-1.734478883,-0.9468748555,1.781674377,-2.416027633,-1.530339037,-0.1637977215,0,1,54,task,30,0,-1610,1,652,0
1,105,135,-1.727500535,-0.917831378,1.702274199,-2.344831609,-1.535603936,-0.1568038514,0,1,55,task,30,0,-1610,1,652,0
1,105,136,-1.721595106,-0.8855685185,1.621928745,-2.277554862,-1.538916701,-0.150834123,0,1,56,task,30,0,-1610,1,652,0
1,105,137,-1.716910734,-0.8519951727,1.552182468,-2.237183385,-1.539602934,-0.1461282056,0,1,57,task,30,0,-1610,1,652,0
1,105,138,-1.712505412,-0.8172744002,1.47989402,-2.195401755,-1.540260319,-0.1417000594,0,1,58,task,30,0,-1610,1,652,0
1,105,139,-1.684627493,-0.8188092931,1.484291576,-2.203766575,-1.538486956,-0.1138476306,0,1,59,task,10,0,-1610,1,652,0
1,105,140,-1.688290254,-0.8534785215,1.558338975,-2.249571873,-1.537595848,-0.117534024,0,1,60,task,30,0,-1610,1,652,0
1,105,141,-1.692331792,-0.886813741,1.632862251,-2.300745675,-1.536251419,-0.1216034694,0,1,61,task,30,0,-1610,1,652,0
1,105,142,-1.696652759,-0.9187884369,1.704882837,-2.350756838,-1.53483098,-0.1259416995,0,1,62,task,30,0,-1610,1,652,0
1,105,143,-1.701466591,-0.9486737982,1.774851277,-2.400487911,-1.532817697,-0.1307639301,0,1,63,task,30,0,-1610,1,652,0
1,105,144,-1.706793259,-0.976618174,1.843030395,-2.450095194,-1.530293104,-0.1360898899,0,1,64,task,30,0,-1610,1,652,0
1,105,145,-1.71270811,-1.003216392,1.910284666,-2.500969138,-1.527199914,-0.1419907956,0,1,65,task,30,0,-1610,1,652,0
1,105,146,-1.719885288,-1.012286148,1.959663642,-2.580969138,-1.523125506,-0.1404200175,0,0,,transition,10,0,-1610,1,652,0
1,105,147,-1.727062465,-1.021355905,2.009042617,-2.660969138,-1.519051099,-0.1388492394,0,0,,transition,10,0,-1610,1,652,0
1,105,148,-1.734239642,-1.030425661,2.058421593,-2.740969138,-1.514976692,-0.1372784613,0,0,,transition,10,0,-1610,1,652,0
1,105,149,-1.74141682,-1.039495418,2.107800569,-2.820969138,-1.510902284,-0.1357076832,0,0,,transition,10,0,-1610,1,652,0
1,105,150,-1.748593997,-1.048565175,2.157179545,-2.900969138,-1.506827877,-0.1341369052,0,0,,transition,10,0,-1610,1,652,0
1,105,151,-1.7607456,-1.027856316,2.214532782,-2.988692472,-1.491709277,-0.1520480978,0,0,,transition,10,0,-1610,1,652,0
1,105,152,-1.772897204,-1.007147457,2.271886019,-3.076415806,-1.476590678,-0.1699592905,0,0,,transition,10,0,-1610,1,652,0
1,105,153,-1.785048807,-0.9864385989,2.329239256,-3.16413914,-1.461472078,-0.1878704832,0,0,,transition,10,0,-1610,1,652,0
1,105,154,-1.79720041,-0.9657297403,2.386592493,-3.251862474,-1.446353479,-0.2057816759,0,0,,transition,10,0,-1610,1,652,0
1,105,155,-1.809352013,-0.9450208818,2.44394573,-3.339585808,-1.43123488,-0.2236928686,0,0,,transition,10,0,-1610,1,652,0
1,105,156,-1.821503617,-0.9243120232,2.501298967,-3.427309142,-1.41611628,-0.2416040613,0,1,66,task,30,0,-1610,1,652,0
1,105,157,-1.828544986,-0.8888917023,2.522608536,-3.503438958,-1.409100148,-0.2467298172,0,0,,transition,30,0,-1610,1,652,0
1,105,158,-1.835586355,-0.8534713813,2.543918105,-3.579568773,-1.402084015,-0.2518555731,0,0,,transition,30,0,-1610,1,652,0
1,105,159,-1.842627725,-0.8180510604,2.565227674,-3.655698589,-1.395067883,-0.2569813291,0,1,67,task,30,0,-1610,1,652,0
1,105,160,-1.850738647,-0.7791684918,2.582309062,-3.726495269,-1.387287785,-0.2630472886,0,0,,transition,30,0,-1610,1,652,0
1,105,161,-1.858849569,-0.7402859231,2.59939045,-3.79729195,-1.379507687,-0.2691132482,0,0,,transition,30,0,-1610,1,652,0
1,105,162,-1.866960492,-0.7014033545,2.616471837,-3.86808863,-1.371727588,-0.2751792078,0,1,68,task,30,0,-1610,1,652,0
1,105,163,-1.865579668,-0.6727225743,2.621783281,-3.918630259,-1.375834571,-0.2718238303,0,1,69,task,30,0,-1610,1,652,0
1,105,164,-1.790887931,-0.6595739186,2.621170366,-3.954263668,-1.41851556,-0.2008835904,0,1,70,task,10,0,-1610,1,652,0
1,105,165,-1.774649048,-0.7077089996,2.604172523,-3.872214929,-1.443178251,-0.1871308481,0,0,,transition,30,0,-1610,1,652,0
1,105,166,-1.758410166,-0.7558440805,2.58717468,-3.79016619,-1.467840942,-0.1733781058,0,0,,transition,30,0,-1610,1,652,0
1,105,167,-1.742171284,-0.8039791614,2.570176837,-3.708117451,-1.492503633,-0.1596253635,0,1,71,task,30,0,-1610,1,652,0
1,105,168,-1.735922519,-0.8357126909,2.544149035,-3.639259862,-1.497545762,-0.1544351452,0,0,,transition,30,0,-1610,1,652,0
1,105,169,-1.729673754,-0.8674462205,2.518121232,-3.570402273,-1.502587892,-0.1492449268,0,1,72,task,30,0,-1610,1,652,0
1,105,170,-1.74364773,-0.895658103,2.448081539,-3.482337635,-1.522477832,-0.1541477629,0,0,,transition,10,0,-1610,1,652,0
1,105,171,-1.757621706,-0.9238699855,2.378041846,-3.394272998,-1.542367772,-0.1590505989,0,0,,transition,10,0,-1610,1,652,0
1,105,172,-1.771595682,-0.952081868,2.308002152,-3.30620836,-1.562257712,-0.163953435,0,0,,transition,10,0,-1610,1,652,0
1,105,173,-1.785569657,-0.9802937505,2.237962459,-3.218143723,-1.582147652,-0.168856271,0,0,,transition,10,0,-1610,1,652,0
1,105,174,-1.799543633,-1.008505633,2.167922765,-3.130079085,-1.602037592,-0.1737591071,0,0,,transition,10,0,-1610,1,652,0
1,105,175,-1.813517609,-1.036717516,2.097883072,-3.042014448,-1.621927532,-0.1786619431,0,0,,transition,10,0,-1610,1,652,0
1,105,176,-1.827491585,-1.064929398,2.027843379,-2.95394981,-1.641817471,-0.1835647792,0,0,,transition,10,0,-1610,1,652,0
1,105,177,-1.841465561,-1.093141281,1.957803685,-2.865885173,-1.661707411,-0.1884676152,0,0,,transition,10,0,-1610,1,652,0
1,105,178,-1.800348363,-1.072041936,1.949810241,-2.779196579,-1.629412424,-0.1679047498,0,0,,transition,10,0,-1610,1,652,0
1,105,179,-1.759231165,-1.050942592,1.941816798,-2.692507986,-1.597117437,-0.1473418843,0,0,,transition,10,0,-1610,1,652,0
1,105,180,-1.718113967,-1.029843247,1.933823354,-2.605819392,-1.564822449,-0.1267790188,0,0,,transition,10,0,-1610,1,652,0
1,105,181,-1.676996769,-1.008743903,1.92582991,-2.519130798,-1.532527462,-0.1062161534,0,1,73,task,30,0,-1610,1,652,0
1,105,182,-1.673732982,-0.983074398,1.856791205,-2.461699766,-1.531672558,-0.1029961796,0,1,74,task,30,0,-1610,1,652,0
1,105,183,-1.669826881,-0.9555090274,1.788392257,-2.410361127,-1.533159767,-0.0990991213,0,1,75,task,30,0,-1610,1,652,0
1,105,184,-1.666263117,-0.9260874329,1.71933908,-2.361491498,-1.534372774,-0.09553384231,0,1,76,task,30,0,-1610,1,652,0
1,105,185,-1.663079462,-0.89439841,1.650942087,-2.31830359,-1.535110455,-0.09234414891,0,1,77,task,30,0,-1610,1,652,0
1,105,186,-1.660097831,-0.8616201995,1.58034671,-2.273994983,-1.535811193,-0.08935309059,0,1,78,task,30,0,-1610,1,652,0
1,105,187,-1.65729948,-0.8276056019,1.507218746,-2.228380033,-1.536478449,-0.08654222575,0,1,79,task,30,0,-1610,1,652,0
1,105,188,-1.62893797,-0.8289991928,1.512363925,-2.238615921,-1.535432365,-0.05817637335,0,1,80,task,10,0,-1610,1,652,0
1,105,189,-1.630792133,-0.8627477122,1.583633797,-2.280970099,-1.535065643,-0.0600355473,0,1,81,task,30,0,-1610,1,652,0
1,105,190,-1.632765967,-0.8953709176,1.65249607,-2.322036346,-1.534682439,-0.06201326939,0,1,82,task,30,0,-1610,1,652,0
1,105,191,-1.634871517,-0.9270099241,1.719258627,-2.361980747,-1.534281049,-0.06412147481,0,1,83,task,30,0,-1610,1,652,0
1,105,192,-1.63747303,-0.9560751562,1.791832281,-2.419500269,-1.532887713,-0.06672022618,0,1,84,task,30,0,-1610,1,652,0
1,105,193,-1.639901205,-0.9827323592,1.863529964,-2.48005725,-1.532414912,-0.06912594229,0,1,85,task,30,0,-1610,1,652,0
1,105,194,-1.640363699,-1.008305593,1.928249787,-2.528613185,-1.537442321,-0.06955352181,0,1,86,task,30,0,-1610,1,652,0
1,105,195,-1.652247347,-1.01342781,1.990037821,-2.616654578,-1.532523005,-0.04698473731,0,0,,transition,10,0,-1610,1,652,0
1,105,196,-1.664130995,-1.018550027,2.051825854,-2.70469597,-1.527603689,-0.02441595281,0,0,,transition,10,0,-1610,1,652,0
1,105,197,-1.676014643,-1.023672244,2.113613887,-2.792737363,-1.522684372,-0.001847168313,0,0,,transition,10,0,-1610,1,652,0
1,105,198,-1.687898291,-1.028794461,2.175401921,-2.880778756,-1.517765056,0.02072161619,0,0,,transition,10,0,-1610,1,652,0
1,105,199,-1.699781939,-1.033916679,2.237189954,-2.968820148,-1.51284574,0.04329040069,0,0,,transition,10,0,-1610,1,652,0
1,105,200,-1.711665587,-1.039038896,2.298977988,-3.056861541,-1.507926424,0.06585918519,0,0,,transition,10,0,-1610,1,652,0
1,105,201,-1.723549236,-1.044161113,2.360766021,-3.144902934,-1.503007108,0.08842796969,0,0,,transition,10,0,-1610,1,652,0
1,105,202,-1.713788292,-1.011545024,2.396860676,-3.226464307,-1.502390912,0.03922706649,0,0,,transition,10,0,-1610,1,652,0
1,105,203,-1.704027348,-0.9789289348,2.432955331,-3.30802568,-1.501774716,-0.009973836702,0,0,,transition,10,0,-1610,1,652,0
1,105,204,-1.694266404,-0.9463128457,2.469049985,-3.389587053,-1.50115852,-0.0591747399,0,0,,transition,10,0,-1610,1,652,0
1,105,205,-1.68450546,-0.9136967565,2.50514464,-3.471148426,-1.500542324,-0.1083756431,0,1,87,task,30,0,-1610,1,652,0
1,105,206,-1.68266155,-0.8788948842,2.531428931,-3.54874719,-1.508216365,-0.1060114885,0,0,,transition,30,0,-1610,1,652,0
1,105,207,-1.68081764,-0.844093012,2.557713223,-3.626345954,-1.515890406,-0.1036473338,0,1,88,task,30,0,-1610,1,652,0
1,105,208,-1.69159809,-0.7988311146,2.572403445,-3.708284428,-1.498580564,-0.1125763209,0,0,,transition,30,0,-1610,1,652,0
1,105,209,-1.702378539,-0.7535692172,2.587093668,-3.790222901,-1.481270723,-0.121505308,0,0,,transition,30,0,-1610,1,652,0
1,105,210,-1.713158989,-0.7083073198,2.60178389,-3.872161375,-1.463960882,-0.130434295,0,0,,transition,30,0,-1610,1,652,0
1,105,211,-1.723939438,-0.6630454223,2.616474113,-3.954099848,-1.44665104,-0.1393632821,0,1,89,task,30,0,-1610,1,652,0
1,105,212,-1.724507799,-0.6605898265,2.617516585,-3.958026165,-1.445959594,-0.1398553334,0,1,90,task,30,0,-1610,1,652,0
1,105,213,-1.639217001,-0.636176175,2.605028971,-4.002113939,-1.505362804,-0.0612629824,0,1,91,task,10,0,-1610,1,652,0
1,105,214,-1.639648593,-0.6893631976,2.592466735,-3.905183224,-1.503779641,-0.06251176669,0,0,,transition,30,0,-1610,1,652,0
1,105,215,-1.640080185,-0.7425502202,2.579904498,-3.808252509,-1.502196479,-0.06376055097,0,0,,transition,30,0,-1610,1,652,0
1,105,216,-1.640511777,-0.7957372427,2.567342262,-3.711321794,-1.500613316,-0.06500933526,0,0,,transition,30,0,-1610,1,652,0
1,105,217,-1.640943368,-0.8489242653,2.554780025,-3.614391079,-1.499030153,-0.06625811955,0,1,92,task,30,0,-1610,1,652,0
1,105,218,-1.636510927,-0.8810594539,2.527737394,-3.54213477,-1.504705015,-0.06231944627,0,0,,transition,30,0,-1610,1,652,0
1,105,219,-1.632078486,-0.9131946426,2.500694763,-3.469878461,-1.510379877,-0.05838077299,0,1,93,task,30,0,-1610,1,652,0
1,105,220,-1.614690998,-0.9380801939,2.417829606,-3.371020041,-1.485994444,-0.05386597707,0,0,,transition,10,0,-1610,1,652,0
1,105,221,-1.59730351,-0.9629657452,2.334964448,-3.272161621,-1.461609011,-0.04935118115,0,0,,transition,10,0,-1610,1,652,0
1,105,222,-1.579916021,-0.9878512965,2.252099291,-3.173303201,-1.437223578,-0.04483638523,0,0,,transition,10,0,-1610,1,652,0
1,105,223,-1.562528533,-1.012736848,2.169234133,-3.074444781,-1.412838145,-0.04032158932,0,0,,transition,10,0,-1610,1,652,0
1,105,224,-1.545141045,-1.037622399,2.086368976,-2.975586361,-1.388452712,-0.0358067934,0,0,,transition,10,0,-1610,1,652,0
1,105,225,-1.527753557,-1.06250795,2.003503818,-2.87672794,-1.364067278,-0.03129199748,0,0,,transition,10,0,-1610,1,652,0
1,105,226,-1.510366068,-1.087393502,1.920638661,-2.77786952,-1.339681845,-0.02677720156,0,0,,transition,10,0,-1610,1,652,0
1,105,227,-1.541523181,-1.060720599,1.924061941,-2.698257127,-1.407071376,-0.0288594388,0,0,,transition,10,0,-1610,1,652,0
1,105,228,-1.572680293,-1.034047697,1.927485221,-2.618644734,-1.474460906,-0.03094167604,0,0,,transition,10,0,-1610,1,652,0
1,105,229,-1.603837406,-1.007374794,1.930908502,-2.53903234,-1.541850437,-0.03302391328,0,1,94,task,30,0,-1610,1,652,0
1,105,230,-1.602774478,-0.9820564392,1.866834052,-2.492146418,-1.541712998,-0.03197264007,0,1,95,task,30,0,-1610,1,652,0
1,105,231,-1.603251679,-0.9550524472,1.805165813,-2.453773261,-1.537513043,-0.03245808268,0,1,96,task,30,0,-1610,1,652,0
1,105,232,-1.603374051,-0.9280276883,1.719308811,-2.362501948,-1.534247706,-0.03260299549,0,1,97,task,30,0,-1610,1,652,0
1,105,233,-1.602304023,-0.8964725215,1.6536469,-2.324538198,-1.534449857,-0.03153199468,0,1,98,task,30,0,-1610,1,652,0
1,105,234,-1.601300245,-0.8639917965,1.585940153,-2.285452342,-1.534644745,-0.03052684899,0,1,99,task,30,0,-1610,1,652,0
1,105,235,-1.600356721,-0.8304487646,1.515897262,-2.245090111,-1.534833067,-0.02958160027,0,1,100,task,30,0,-1610,1,652,0
1,105,236,-1.599468161,-0.7956765795,1.443160717,-2.203261101,-1.535015437,-0.02869098966,0,1,101,task,30,0,-1610,1,652,0
1,105,237,-1.562796177,-0.7916198229,1.415965171,-2.157866435,-1.562667472,0.007991055651,0,1,102,task,10,0,-1610,1,652,0
1,105,238,-1.562576568,-0.8270507209,1.489623508,-2.200252372,-1.562631058,0.008211741662,0,1,103,task,30,0,-1610,1,652,0
1,105,239,-1.562343414,-0.8611897366,1.56042207,-2.241070528,-1.56259621,0.008445885048,0,1,104,task,30,0,-1610,1,652,0
1,105,240,-1.562095429,-0.8942176477,1.62874573,-2.280524972,-1.562563064,0.008694766921,0,1,105,task,30,0,-1610,1,652,0
1,105,241,-1.561817807,-0.9261828086,1.700511782,-2.331212935,-1.562569084,0.008974251081,0,1,106,task,30,0,-1610,1,652,0
1,105,242,-1.562715309,-0.9400060574,1.748031292,-2.385982022,-1.559682095,0.008076054832,0,0,,transition,30,0,-1610,1,652,0
1,105,243,-1.563612812,-0.9538293062,1.795550801,-2.440751109,-1.556795105,0.007177858583,0,1,107,task,30,0,-1610,1,652,0
1,105,244,-1.5666527,-0.9808969414,1.86242264,-2.489368079,-1.548015907,0.004138418325,0,1,108,task,30,0,-1610,1,652,0
1,105,245,-1.567744322,-1.006232128,1.927044862,-2.537359328,-1.544821708,0.003046439911,0,1,109,task,30,0,-1610,1,652,0
1,105,246,-1.570221484,-1.014457844,1.966557249,-2.627019292,-1.528012757,0.00290411325,0,0,,transition,10,0,-1610,1,652,0
1,105,247,-1.572698646,-1.022683561,2.006069636,-2.716679257,-1.511203807,0.002761786589,0,0,,transition,10,0,-1610,1,652,0
1,105,248,-1.575175808,-1.030909278,2.045582023,-2.806339221,-1.494394856,0.002619459927,0,0,,transition,10,0,-1610,1,652,0
1,105,249,-1.577652969,-1.039134995,2.08509441,-2.895999185,-1.477585906,0.002477133266,0,0,,transition,10,0,-1610,1,652,0
1,105,250,-1.580130131,-1.047360711,2.124606798,-2.98565915,-1.460776955,0.002334806604,0,0,,transition,10,0,-1610,1,652,0
1,105,251,-1.582607293,-1.055586428,2.164119185,-3.075319114,-1.443968004,0.002192479943,0,0,,transition,10,0,-1610,1,652,0
1,105,252,-1.585084455,-1.063812145,2.203631572,-3.164979078,-1.427159054,0.002050153281,0,0,,transition,10,0,-1610,1,652,0
1,105,253,-1.587561616,-1.072037861,2.243143959,-3.254639042,-1.410350103,0.00190782662,0,0,,transition,10,0,-1610,1,652,0
1,105,254,-1.583813988,-1.01739858,2.326715683,-3.328226748,-1.449025314,-0.0004785069652,0,0,,transition,10,0,-1610,1,652,0
1,105,255,-1.580066361,-0.9627592977,2.410287408,-3.401814453,-1.487700525,-0.00286484055,0,0,,transition,10,0,-1610,1,652,0
1,105,256,-1.576318733,-0.9081200159,2.493859132,-3.475402159,-1.526375736,-0.005251174136,0,1,110,task,30,0,-1610,1,652,0
1,105,257,-1.579909443,-0.8682833398,2.521868361,-3.563097467,-1.519988011,-0.008582882379,0,0,,transition,30,0,-1610,1,652,0
1,105,258,-1.583500153,-0.8284466637,2.549877591,-3.650792776,-1.513600286,-0.01191459062,0,1,111,task,30,0,-1610,1,652,0
1,105,259,-1.580499464,-0.7824179339,2.560440254,-3.73412107,-1.519119639,-0.009093129393,0,0,,transition,30,0,-1610,1,652,0
1,105,260,-1.577498774,-0.7363892041,2.571002917,-3.817449365,-1.524638991,-0.006271668164,0,0,,transition,30,0,-1610,1,652,0
1,105,261,-1.574498085,-0.6903604743,2.581565581,-3.900777659,-1.530158344,-0.003450206936,0,0,,transition,30,0,-1610,1,652,0
1,105,262,-1.571497395,-0.6443317445,2.592128244,-3.984105954,-1.535677696,-0.000628745707,0,1,112,task,30,0,-1610,1,652,0
1,105,263,-1.504813984,-0.6539986947,2.576477867,-3.959988236,-1.56565503,0.05895085323,0,1,113,task,10,0,-1610,1,652,0
1,105,264,-1.510136633,-0.7020093588,2.563944868,-3.87439926,-1.556949157,0.05472804131,0,0,,transition,30,0,-1610,1,652,0
1,105,265,-1.515459282,-0.7500200229,2.551411869,-3.788810285,-1.548243285,0.05050522938,0,0,,transition,30,0,-1610,1,652,0
1,105,266,-1.520781931,-0.798030687,2.53887887,-3.70322131,-1.539537412,0.04628241745,0,1,114,task,30,0,-1610,1,652,0
1,105,267,-1.520863314,-0.8331627994,2.519615478,-3.627391744,-1.54050304,0.04657846341,0,0,,transition,30,0,-1610,1,652,0
1,105,268,-1.520944696,-0.8682949119,2.500352085,-3.551562178,-1.541468669,0.04687450937,0,0,,transition,30,0,-1610,1,652,0
1,105,269,-1.521026078,-0.9034270243,2.481088693,-3.475732611,-1.542434297,0.04717055533,0,1,115,task,30,0,-1610,1,652,0
1,105,270,-1.522788585,-0.935721893,2.448900626,-3.385436058,-1.540758312,0.04585497925,0,0,,transition,30,0,-1610,1,652,0
1,105,271,-1.524551092,-0.9680167617,2.416712559,-3.295139504,-1.539082326,0.04453940317,0,1,116,task,30,0,-1610,1,652,0
1,105,272,-1.526825376,-0.9831884117,2.386049576,-3.233964643,-1.536208976,0.0425168512,0,0,,transition,30,0,-1610,1,652,0
1,105,273,-1.529099659,-0.9983600617,2.355386593,-3.172789781,-1.533335626,0.04049429923,0,1,117,task,30,0,-1610,1,652,0
1,105,274,-1.530707089,-1.007516269,2.299677123,-3.096290608,-1.533391751,0.03904212738,0,1,118,task,30,0,-1610,1,652,0
1,105,275,-1.528732772,-1.01609026,2.250065438,-3.011524401,-1.54022646,0.04118813403,0,0,,transition,30,0,-1610,1,652,0
1,105,276,-1.526758455,-1.024664251,2.200453753,-2.926758194,-1.547061169,0.04333414067,0,0,,transition,30,0,-1610,1,652,0
1,105,277,-1.524784138,-1.033238242,2.150842069,-2.841991987,-1.553895879,0.04548014732,0,1,119,task,30,0,-1610,1,652,0
1,105,278,-1.526624776,-1.02302264,2.087083693,-2.771939631,-1.553455518,0.04376576641,0,1,120,task,30,0,-1610,1,652,0
1,105,279,-1.527830108,-1.022471999,2.038322549,-2.690808659,-1.552294027,0.04271399646,0,0,,transition,30,0,-1610,1,652,0
1,105,280,-1.529035439,-1.021921358,1.989561405,-2.609677688,-1.551132535,0.0416622265,0,1,121,task,30,0,-1610,1,652,0
1,105,281,-1.531292209,-1.002407339,1.913712839,-2.525308274,-1.5489699,0.03947471868,0,1,122,task,30,0,-1610,1,652,0
1,105,282,-1.529541132,-0.9770686447,1.844757419,-2.467785146,-1.557233496,0.04123845777,0,1,123,task,30,0,-1610,1,652,0
1,105,283,-1.528994132,-0.9497258418,1.776008601,-2.414512214,-1.562470621,0.04179397319,0,1,124,task,30,0,-1610,1,652,0
1,105,284,-1.530320571,-0.9211549986,1.697012873,-2.341183822,-1.562430406,0.04047282649,0,1,125,task,30,0,-1610,1,652,0
1,105,285,-1.531744458,-0.8894804515,1.620710657,-2.279972364,-1.561874182,0.03903990799,0,1,126,task,30,0,-1610,1,652,0
1,105,286,-1.532926766,-0.8565293319,1.552098541,-2.239710129,-1.561794977,0.037853566,0,1,127,task,30,0,-1610,1,652,0
1,105,287,-1.534038673,-0.8224211112,1.480947064,-2.198065969,-1.561724614,0.03673708375,0,1,128,task,30,0,-1610,1,652,0
1,105,288,-1.535086261,-0.7869712027,1.406859576,-2.154827847,-1.561662339,0.0356844244,0,1,129,task,30,0,-1610,1,652,0
1,105,289,-1.507202477,-0.7867810011,1.407403776,-2.158051993,-1.560774238,0.06355661223,0,1,130,task,10,0,-1610,1,652,0
1,105,290,-1.505312077,-0.8220376584,1.481550676,-2.202083758,-1.560969963,0.06545645524,0,1,131,task,30,0,-1610,1,652,0
1,105,291,-1.50330546,-0.8559223226,1.552734867,-2.244524942,-1.56118264,0.06747130974,0,1,132,task,30,0,-1610,1,652,0
1,105,292,-1.501069385,-0.8886228933,1.624889387,-2.293276349,-1.561713317,0.06971889967,0,1,133,task,30,0,-1610,1,652,0
1,105,293,-1.498592032,-0.9198894433,1.69734272,-2.347164033,-1.562540932,0.07220300822,0,1,134,task,30,0,-1610,1,652,0
1,105,294,-1.496104394,-0.9484854324,1.76963182,-2.40582304,-1.562964395,0.07468405977,0,1,135,task,30,0,-1610,1,652,0
1,105,295,-1.494072878,-0.9757241778,1.837144945,-2.457343046,-1.561719676,0.07670026902,0,1,136,task,30,0,-1610,1,652,0
1,105,296,-1.493056889,-1.002501751,1.899177296,-2.498294297,-1.55745894,0.07770851642,0,1,137,task,30,0,-1610,1,652,0
1,105,297,-1.491891885,-1.00956132,1.946440804,-2.565634974,-1.556988956,0.07875100381,0,0,,transition,30,0,-1610,1,652,0
1,105,298,-1.490726881,-1.016620889,1.993704313,-2.632975652,-1.556518971,0.0797934912,0,1,138,task,30,0,-1610,1,652,0
1,105,299,-1.488938581,-1.020773834,2.034014624,-2.689283331,-1.557415422,0.08139995099,0,0,,transition,30,0,-1610,1,652,0
1,105,300,-1.487150282,-1.024926779,2.074324935,-2.745591011,-1.558311874,0.08300641077,0,1,139,task,30,0,-1610,1,652,0
1,105,301,-1.485299559,-1.026295913,2.111512991,-2.799024768,-1.559089684,0.08462518217,0,0,,transition,30,0,-1610,1,652,0
1,105,302,-1.483448836,-1.027665047,2.148701046,-2.852458525,-1.559867495,0.08624395356,0,1,140,task,30,0,-1610,1,652,0
1,105,303,-1.483611164,-1.021329514,2.196099192,-2.929573689,-1.554649935,0.0857095209,0,0,,transition,30,0,-1610,1,652,0
1,105,304,-1.483773492,-1.01499398,2.243497337,-3.006688854,-1.549432375,0.08517508823,0,0,,transition,30,0,-1610,1,652,0
1,105,305,-1.483935821,-1.008658446,2.290895482,-3.083804018,-1.544214816,0.08464065557,0,1,141,task,30,0,-1610,1,652,0
1,105,306,-1.479914674,-1.002733223,2.344386224,-3.151289488,-1.545218821,0.08838998258,0,1,142,task,30,0,-1610,1,652,0
1,105,307,-1.475476327,-0.9924231806,2.396928911,-3.222216846,-1.546390423,0.09252298981,0,1,143,task,30,0,-1610,1,652,0
1,105,308,-1.47354649,-0.9573463811,2.418292706,-3.310732279,-1.54883156,0.09338657227,0,0,,transition,30,0,-1610,1,652,0
1,105,309,-1.471616653,-0.9222695816,2.439656501,-3.399247713,-1.551272698,0.09425015473,0,0,,transition,30,0,-1610,1,652,0
1,105,310,-1.469686815,-0.8871927821,2.461020295,-3.487763147,-1.553713836,0.0951137372,0,0,,transition,30,0,-1610,1,652,0
1,105,311,-1.467756978,-0.8521159826,2.48238409,-3.57627858,-1.556154974,0.09597731966,0,1,144,task,30,0,-1610,1,652,0
1,105,312,-1.46234834,-0.8132587896,2.505524808,-3.657546074,-1.562656874,0.1001525698,0,0,,transition,30,0,-1610,1,652,0
1,105,313,-1.456939702,-0.7744015965,2.528665526,-3.738813568,-1.569158774,0.10432782,0,1,145,task,30,0,-1610,1,652,0
1,105,314,-1.448306783,-0.719518385,2.543442216,-3.834676366,-1.582057872,0.1107304316,0,0,,transition,30,0,-1610,1,652,0
1,105,315,-1.439673865,-0.6646351734,2.558218906,-3.930539163,-1.59495697,0.1171330431,0,1,146,task,30,0,-1610,1,652,0
1,105,316,-1.376497411,-0.6757103069,2.537495749,-3.896574533,-1.623298352,0.173638997,0,1,147,task,10,0,-1610,1,652,0
1,105,317,-1.378285497,-0.7179592666,2.523907181,-3.817732019,-1.623650102,0.1738472537,0,0,,transition,30,0,-1610,1,652,0
1,105,318,-1.380073582,-0.7602082262,2.510318614,-3.738889504,-1.624001852,0.1740555104,0,0,,transition,30,0,-1610,1,652,0
1,105,319,-1.381861667,-0.8024571859,2.496730046,-3.660046989,-1.624353601,0.1742637671,0,1,148,task,30,0,-1610,1,652,0
1,105,320,-1.386384495,-0.8352441524,2.478605972,-3.587155784,-1.619425378,0.1714738,0,0,,transition,30,0,-1610,1,652,0
1,105,321,-1.390907323,-0.8680311188,2.460481898,-3.514264579,-1.614497155,0.1686838329,0,0,,transition,30,0,-1610,1,652,0
1,105,322,-1.395430151,-0.9008180853,2.442357824,-3.441373373,-1.609568931,0.1658938657,0,1,149,task,30,0,-1610,1,652,0
1,105,323,-1.401089019,-0.928170844,2.412728239,-3.362057103,-1.604442577,0.1616599807,0,0,,transition,30,0,-1610,1,652,0
1,105,324,-1.406747887,-0.9555236028,2.383098655,-3.282740834,-1.599316224,0.1574260957,0,1,150,task,30,0,-1610,1,652,0
1,105,325,-1.411285818,-0.9677996198,2.354836451,-3.230221804,-1.596247599,0.1535772182,0,0,,transition,30,0,-1610,1,652,0
1,105,326,-1.415823748,-0.9800756368,2.326574246,-3.177702774,-1.593178974,0.1497283407,0,1,151,task,30,0,-1610,1,652,0
1,105,327,-1.420210793,-0.9908269048,2.295839605,-3.121177986,-1.589677694,0.1460298924,0,0,,transition,30,0,-1610,1,652,0
1,105,328,-1.424597838,-1.001578173,2.265104963,-3.064653198,-1.586176414,0.1423314441,0,1,152,task,30,0,-1610,1,652,0
1,105,329,-1.427621547,-1.006997731,2.232204657,-3.010820005,-1.585264406,0.1398507624,0,0,,transition,30,0,-1610,1,652,0
1,105,330,-1.430645256,-1.01241729,2.199304351,-2.956986811,-1.584352398,0.1373700806,0,1,153,task,30,0,-1610,1,652,0
1,105,331,-1.434892226,-1.017172674,2.161962354,-2.893204252,-1.579983646,0.1337167921,0,0,,transition,30,0,-1610,1,652,0
1,105,332,-1.439139196,-1.021928059,2.124620357,-2.829421694,-1.575614894,0.1300635035,0,1,154,task,30,0,-1610,1,652,0
1,105,333,-1.444924151,-1.012321084,2.061179126,-2.757728513,-1.572781597,0.1246795316,0,1,155,task,30,0,-1610,1,652,0
1,105,334,-1.448177467,-1.010897961,2.014969134,-2.683059879,-1.569795086,0.1218423541,0,0,,transition,30,0,-1610,1,652,0
1,105,335,-1.451430783,-1.009474838,1.968759142,-2.608391245,-1.566808575,0.1190051767,0,1,156,task,30,0,-1610,1,652,0
1,105,336,-1.454321131,-1.001764657,1.92255023,-2.543973868,-1.564418055,0.1162771681,0,0,,transition,30,0,-1610,1,652,0
1,105,337,-1.457211479,-0.9940544753,1.876341318,-2.479556491,-1.562027536,0.1135491596,0,1,157,task,30,0,-1610,1,652,0
1,105,338,-1.460283834,-0.9671400815,1.814905435,-2.439660277,-1.563868274,0.1104889377,0,1,158,task,30,0,-1610,1,652,0
1,105,339,-1.464059101,-0.9398222429,1.747490104,-2.388277181,-1.563180109,0.1067324373,0,1,159,task,30,0,-1610,1,652,0
1,105,340,-1.467606299,-0.910809487,1.678479621,-2.337464229,-1.562493998,0.103189769,0,1,160,task,30,0,-1610,1,652,0
1,105,341,-1.471011438,-0.8795160171,1.608801136,-2.289778535,-1.561609638,0.09977918693,0,1,161,task,30,0,-1610,1,652,0
1,105,342,-1.474202294,-0.8468782983,1.536568117,-2.240878659,-1.560785113,0.09657484603,0,1,162,task,30,0,-1610,1,652,0
1,105,343,-1.47709068,-0.8129254549,1.464311578,-2.196423305,-1.560349233,0.09367372732,0,1,163,task,30,0,-1610,1,652,0
1,105,344,-1.479801371,-0.7775179222,1.389237786,-2.150937308,-1.559978139,0.0909485491,0,1,164,task,30,0,-1610,1,652,0
1,105,345,-1.451910485,-0.7753451187,1.386659728,-2.154278464,-1.559459536,0.1188396091,0,1,165,task,10,0,-1610,1,652,0
1,105,346,-1.448338828,-0.810562263,1.462112529,-2.201210923,-1.560078392,0.1224302787,0,1,166,task,30,0,-1610,1,652,0
1,105,347,-1.44450653,-0.844226984,1.534881203,-2.247565365,-1.560870605,0.1262780221,0,1,167,task,30,0,-1610,1,652,0
1,105,348,-1.440424284,-0.8765123005,1.604937893,-2.292671107,-1.561737905,0.1303698911,0,1,168,task,30,0,-1610,1,652,0
1,105,349,-1.436074975,-0.9075725415,1.672552205,-2.336554085,-1.562665579,0.1347221809,0,1,169,task,30,0,-1610,1,652,0
1,105,350,-1.431503735,-0.9362915584,1.739576946,-2.383616727,-1.563458284,0.1392877808,0,1,170,task,30,0,-1610,1,652,0
1,105,351,-1.426616795,-0.9636595967,1.804761755,-2.430331711,-1.56431746,0.1441572473,0,1,171,task,30,0,-1610,1,652,0
1,105,352,-1.420307494,-0.987403868,1.878915172,-2.504453929,-1.568158803,0.1503567209,0,1,172,task,30,0,-1610,1,652,0
1,105,353,-1.417314449,-0.9954046506,1.921806926,-2.561192194,-1.569253976,0.1531312138,0,0,,transition,30,0,-1610,1,652,0
1,105,354,-1.414321404,-1.003405433,1.964698679,-2.617930458,-1.570349148,0.1559057067,0,1,173,task,30,0,-1610,1,652,0
1,105,355,-1.410386223,-1.007520325,2.004486717,-2.673817305,-1.573396354,0.1594731275,0,0,,transition,30,0,-1610,1,652,0
1,105,356,-1.406451042,-1.011635217,2.044274755,-2.729704151,-1.57644356,0.1630405483,0,1,174,task,30,0,-1610,1,652,0
1,105,357,-1.401342405,-1.0096881,2.084581738,-2.796785265,-1.581907663,0.1674479824,0,0,,transition,30,0,-1610,1,652,0
1,105,358,-1.396233769,-1.007740984,2.124888722,-2.863866378,-1.587371767,0.1718554165,0,1,175,task,30,0,-1610,1,652,0
1,105,359,-1.387598827,-1.001351343,2.189139106,-2.96235274,-1.592170085,0.179266097,0,0,,transition,30,0,-1610,1,652,0
1,105,360,-1.378963884,-0.9949617023,2.25338949,-3.060839102,-1.596968403,0.1866767776,0,1,176,task,30,0,-1610,1,652,0
1,105,361,-1.36903505,-0.9850083451,2.307632687,-3.139503852,-1.602423195,0.1956317374,0,1,177,task,30,0,-1610,1,652,0
1,105,362,-1.357425194,-0.9634937906,2.363178252,-3.238952192,-1.61018579,0.2056457469,0,1,178,task,30,0,-1610,1,652,0
1,105,363,-1.34981059,-0.9341608919,2.393563482,-3.324286677,-1.617749356,0.2112528657,0,0,,transition,30,0,-1610,1,652,0
1,105,364,-1.342195985,-0.9048279932,2.423948713,-3.409621162,-1.625312923,0.2168599844,0,1,179,task,30,0,-1610,1,652,0
1,105,365,-1.335872556,-0.8678337708,2.442217317,-3.491338682,-1.633138282,0.2205065435,0,0,,transition,30,0,-1610,1,652,0
1,105,366,-1.329549127,-0.8308395484,2.460485922,-3.573056202,-1.640963642,0.2241531026,0,0,,transition,30,0,-1610,1,652,0
1,105,367,-1.323225698,-0.793845326,2.478754526,-3.654773722,-1.648789002,0.2277996617,0,1,180,task,30,0,-1610,1,652,0
1,105,368,-1.31295489,-0.7433763546,2.493758984,-3.747060349,-1.662213035,0.2341816195,0,0,,transition,30,0,-1610,1,652,0
1,105,369,-1.302684082,-0.6929073832,2.508763442,-3.839346976,-1.675637068,0.2405635774,0,1,181,task,30,0,-1610,1,652,0
1,105,370,-1.245694988,-0.7034915377,2.481594835,-3.795548092,-1.700413843,0.2922408322,0,1,182,task,10,0,-1610,1,652,0
1,105,371,-1.253779005,-0.7410352963,2.464143034,-3.724379281,-1.695040247,0.2871468423,0,0,,transition,30,0,-1610,1,652,0
1,105,372,-1.261863022,-0.778579055,2.446691232,-3.653210469,-1.68966665,0.2820528525,0,1,183,task,30,0,-1610,1,652,0
1,105,373,-1.26955313,-0.8132526698,2.430075364,-3.576751919,-1.679722449,0.2777693377,0,0,,transition,30,0,-1610,1,652,0
1,105,374,-1.277243238,-0.8479262845,2.413459495,-3.500293369,-1.669778247,0.2734858229,0,0,,transition,30,0,-1610,1,652,0
1,105,375,-1.284933346,-0.8825998993,2.396843627,-3.423834818,-1.659834046,0.2692023081,0,1,184,task,30,0,-1610,1,652,0
1,105,376,-1.291998907,-0.9083053284,2.375014005,-3.351506494,-1.651018104,0.264556282,0,0,,transition,30,0,-1610,1,652,0
1,105,377,-1.299064468,-0.9340107576,2.353184384,-3.27917817,-1.642202161,0.2599102558,0,0,,transition,30,0,-1610,1,652,0
1,105,378,-1.306130029,-0.9597161867,2.331354762,-3.206849845,-1.633386219,0.2552642296,0,1,185,task,30,0,-1610,1,652,0
1,105,379,-1.317756487,-0.9726279939,2.27962825,-3.128741915,-1.629561614,0.2449495582,0,1,186,task,30,0,-1610,1,652,0
1,105,380,-1.323809916,-0.982976017,2.248354873,-3.070096779,-1.62575974,0.2400635311,0,0,,transition,30,0,-1610,1,652,0
1,105,381,-1.329863344,-0.9933240401,2.217081496,-3.011451643,-1.621957866,0.235177504,0,1,187,task,30,0,-1610,1,652,0
1,105,382,-1.342724175,-0.9963840375,2.156091338,-2.924304093,-1.610567961,0.2236087865,0,0,,transition,30,0,-1610,1,652,0
1,105,383,-1.355585006,-0.9994440348,2.095101181,-2.837156543,-1.599178057,0.2120400691,0,1,188,task,30,0,-1610,1,652,0
1,105,384,-1.360709164,-0.9979191153,2.059487258,-2.786192628,-1.595300934,0.2075298741,0,0,,transition,30,0,-1610,1,652,0
1,105,385,-1.365833322,-0.9963941957,2.023873335,-2.735228713,-1.591423811,0.2030196791,0,1,189,task,30,0,-1610,1,652,0
1,105,386,-1.372089742,-0.9962544439,1.973836465,-2.648974143,-1.583632805,0.1975348722,0,0,,transition,30,0,-1610,1,652,0
1,105,387,-1.378346162,-0.996114692,1.923799595,-2.562719574,-1.575841798,0.1920500653,0,1,190,task,30,0,-1610,1,652,0
1,105,388,-1.383414392,-0.987256447,1.881308542,-2.50803372,-1.570659105,0.1871614648,0,0,,transition,30,0,-1610,1,652,0
1,105,389,-1.388482622,-0.978398202,1.838817489,-2.453347867,-1.565476411,0.1822728643,0,1,191,task,30,0,-1610,1,652,0
1,105,390,-1.394741289,-0.951877945,1.776554203,-2.410276396,-1.564433812,0.1760389292,0,1,192,task,30,0,-1610,1,652,0
1,105,391,-1.400587715,-0.9242599574,1.712473617,-2.366476319,-1.563486202,0.1702063645,0,1,193,task,30,0,-1610,1,652,0
1,105,392,-1.406071317,-0.8952127226,1.646704398,-2.322691656,-1.562592468,0.1647268824,0,1,194,task,30,0,-1610,1,652,0
1,105,393,-1.411255373,-0.8640617807,1.57993577,-2.281032165,-1.561651643,0.1595400482,0,1,195,task,30,0,-1610,1,652,0
1,105,394,-1.416130122,-0.8317130261,1.5106934,-2.238090102,-1.560769965,0.1546569893,0,1,196,task,30,0,-1610,1,652,0
1,105,395,-1.420721899,-0.7980086413,1.438624392,-2.193671458,-1.559942402,0.1500518549,0,1,197,task,30,0,-1610,1,652,0
1,105,396,-1.425088713,-0.7625942186,1.36217666,-2.145419505,-1.559053615,0.1456628551,0,1,198,task,30,0,-1610,1,652,0
1,105,397,-1.397379388,-0.7578936935,1.356034684,-2.149842009,-1.559256126,0.1733869902,0,1,199,task,10,0,-1610,1,652,0
1,105,398,-1.392296228,-0.7928706091,1.430230864,-2.194214216,-1.560054895,0.1784847745,0,1,200,task,30,0,-1610,1,652,0
1,105,399,-1.386914476,-0.826328801,1.501191368,-2.236863652,-1.560903386,0.183877104,0,1,201,task,30,0,-1610,1,652,0
1,105,400,-1.381207801,-0.8584651146,1.569348385,-2.278024624,-1.561806002,0.1895899392,0,1,202,task,30,0,-1610,1,652,0
1,105,401,-1.375146783,-0.8894347496,1.635044065,-2.317882874,-1.562767671,0.1956522863,0,1,203,task,30,0,-1610,1,652,0
1,105,402,-1.368218297,-0.9179532633,1.70146869,-2.364184904,-1.565181899,0.2025701589,0,1,204,task,30,0,-1610,1,652,0
1,105,403,-1.360769333,-0.9450535616,1.766034203,-2.41034101,-1.567863285,0.2099915161,0,1,205,task,30,0,-1610,1,652,0
1,105,404,-1.352594223,-0.9701204774,1.833202071,-2.467158783,-1.571272565,0.2180808187,0,1,206,task,30,0,-1610,1,652,0
1,105,405,-1.346800181,-0.9777411052,1.877105827,-2.527263841,-1.577005474,0.2235537716,0,0,,transition,30,0,-1610,1,652,0
1,105,406,-1.341006139,-0.985361733,1.921009583,-2.5873689,-1.582738384,0.2290267244,0,1,207,task,30,0,-1610,1,652,0
1,105,407,-1.335024919,-0.9892976971,1.961270326,-2.645269245,-1.588188684,0.2344439092,0,0,,transition,30,0,-1610,1,652,0
1,105,408,-1.329043698,-0.9932336613,2.001531069,-2.703169591,-1.593638984,0.239861094,0,1,208,task,30,0,-1610,1,652,0
1,105,409,-1.322343825,-0.9916611941,2.041555206,-2.769798431,-1.600256678,0.245538733,0,0,,transition,30,0,-1610,1,652,0
1,105,410,-1.315643951,-0.9900887269,2.081579342,-2.836427272,-1.606874372,0.251216372,0,1,209,task,30,0,-1610,1,652,0
1,105,411,-1.30098222,-0.9862751336,2.14126025,-2.922496869,-1.619615469,0.2643472046,0,0,,transition,30,0,-1610,1,652,0
1,105,412,-1.286320489,-0.9824615404,2.200941157,-3.008566466,-1.632356567,0.2774780371,0,1,210,task,30,0,-1610,1,652,0
1,105,413,-1.272484426,-0.9703884066,2.25775681,-3.100130123,-1.640131288,0.2893662863,0,1,211,task,30,0,-1610,1,652,0
1,105,414,-1.258630307,-0.9525182444,2.311942157,-3.19383305,-1.645995009,0.3010454813,0,1,212,task,30,0,-1610,1,652,0
1,105,415,-1.250691147,-0.9288702243,2.332648537,-3.260885775,-1.655803809,0.3063692291,0,0,,transition,30,0,-1610,1,652,0
1,105,416,-1.242751986,-0.9052222042,2.353354917,-3.3279385,-1.665612608,0.3116929769,0,0,,transition,30,0,-1610,1,652,0
1,105,417,-1.234812826,-0.8815741841,2.374061297,-3.394991226,-1.675421408,0.3170167248,0,1,213,task,30,0,-1610,1,652,0
1,105,418,-1.226029948,-0.8486889476,2.390136339,-3.46814971,-1.68694714,0.3219947318,0,0,,transition,30,0,-1610,1,652,0
1,105,419,-1.217247071,-0.8158037112,2.406211381,-3.541308194,-1.698472873,0.3269727389,0,0,,transition,30,0,-1610,1,652,0
1,105,420,-1.208464193,-0.7829184747,2.422286423,-3.614466678,-1.709998605,0.331950746,0,1,214,task,30,0,-1610,1,652,0
1,105,421,-1.189518513,-0.7323252018,2.450561751,-3.709953311,-1.725842209,0.3465265383,0,1,215,task,30,0,-1610,1,652,0
1,105,422,-1.133946459,-0.716043938,2.417122724,-3.704845622,-1.760408204,0.3941751519,0,1,216,task,10,0,-1610,1,652,0
1,105,423,-1.149396893,-0.7641214318,2.400922278,-3.612255228,-1.739815103,0.3851197178,0,0,,transition,30,0,-1610,1,652,0
1,105,424,-1.164847328,-0.8121989255,2.384721833,-3.519664834,-1.719222003,0.3760642837,0,1,217,task,30,0,-1610,1,652,0
1,105,425,-1.1740293,-0.8404150055,2.367968507,-3.452468941,-1.707528117,0.3705657531,0,0,,transition,30,0,-1610,1,652,0
1,105,426,-1.183211272,-0.8686310855,2.351215181,-3.385273047,-1.695834232,0.3650672226,0,0,,transition,30,0,-1610,1,652,0
1,105,427,-1.192393244,-0.8968471655,2.334461854,-3.318077154,-1.684140347,0.359568692,0,1,218,task,30,0,-1610,1,652,0
1,105,428,-1.204643396,-0.9242094723,2.304839114,-3.23341147,-1.670008504,0.3508106081,0,0,,transition,30,0,-1610,1,652,0
1,105,429,-1.216893549,-0.9515717792,2.275216373,-3.148745787,-1.655876662,0.3420525242,0,1,219,task,30,0,-1610,1,652,0
1,105,430,-1.225056065,-0.9612128084,2.246637563,-3.096051359,-1.651188891,0.3353833065,0,0,,transition,30,0,-1610,1,652,0
1,105,431,-1.233218581,-0.9708538375,2.218058754,-3.04335693,-1.64650112,0.3287140889,0,1,220,task,30,0,-1610,1,652,0
1,105,432,-1.24789296,-0.9741127211,2.166303478,-2.97666784,-1.639836659,0.3153004102,0,1,221,task,30,0,-1610,1,652,0
1,105,433,-1.261418519,-0.9741205908,2.112868753,-2.911348146,-1.633744534,0.3028950986,0,1,222,task,30,0,-1610,1,652,0
1,105,434,-1.269406719,-0.9789556591,2.075828849,-2.845953946,-1.625939385,0.2963422121,0,0,,transition,30,0,-1610,1,652,0
1,105,435,-1.277394919,-0.9837907274,2.038788944,-2.780559746,-1.618134237,0.2897893256,0,1,223,task,30,0,-1610,1,652,0
1,105,436,-1.285004835,-0.9823336482,2.002577553,-2.727426696,-1.610587309,0.2829911331,0,0,,transition,30,0,-1610,1,652,0
1,105,437,-1.29261475,-0.9808765691,1.966366162,-2.674293647,-1.603040382,0.2761929406,0,1,224,task,30,0,-1610,1,652,0
1,105,438,-1.298463943,-0.9756885316,1.926521932,-2.619120876,-1.599222806,0.2709330891,0,0,,transition,30,0,-1610,1,652,0
1,105,439,-1.304313137,-0.9705004941,1.886677702,-2.563948105,-1.59540523,0.2656732376,0,1,225,task,30,0,-1610,1,652,0
1,105,440,-1.320588464,-0.9543212794,1.808930432,-2.467314654,-1.573648514,0.2499873641,0,1,226,task,30,0,-1610,1,652,0
1,105,441,-1.329877436,-0.9300328203,1.737598638,-2.400003701,-1.569443139,0.2408629345,0,1,227,task,30,0,-1610,1,652,0
1,105,442,-1.338512253,-0.9031049762,1.671122734,-2.349408443,-1.565659673,0.232273727,0,1,228,task,30,0,-1610,1,652,0
1,105,443,-1.346396843,-0.8743253617,1.603625213,-2.30120028,-1.562678378,0.2244032973,0,1,229,task,30,0,-1610,1,652,0
1,105,444,-1.353193349,-0.8432213663,1.538133738,-2.262355383,-1.561717551,0.2176053987,0,1,230,task,30,0,-1610,1,652,0
1,105,445,-1.359603169,-0.8109235289,1.470084253,-2.222137245,-1.56081412,0.211189994,0,1,231,task,30,0,-1610,1,652,0
1,105,446,-1.365657393,-0.777267491,1.399117953,-2.180352719,-1.55996343,0.2051263424,0,1,232,task,30,0,-1610,1,652,0
1,105,447,-1.371383969,-0.7420440182,1.324778561,-2.136755881,-1.559161298,0.1993868107,0,1,233,task,30,0,-1610,1,652,0
1,105,448,-1.35413571,-0.7827545628,1.416534356,-2.19769269,-1.56361115,0.2166081286,0,0,,transition,10,0,-1610,1,652,0
1,105,449,-1.336887452,-0.8234651074,1.508290151,-2.2586295,-1.568061001,0.2338294465,0,0,,transition,10,0,-1610,1,652,0
1,105,450,-1.319639193,-0.8641756521,1.600045945,-2.319566309,-1.572510853,0.2510507644,0,0,,transition,10,0,-1610,1,652,0
1,105,451,-1.302390935,-0.9048861967,1.69180174,-2.380503118,-1.576960704,0.2682720823,0,0,,transition,10,0,-1610,1,652,0
1,105,452,-1.285142676,-0.9455967413,1.783557535,-2.441439928,-1.581410556,0.2854934003,0,1,234,task,10,0,-1610,1,652,0
1,105,453,-1.27887789,-0.9533996663,1.828331457,-2.503266064,-1.586005722,0.2913175017,0,0,,transition,30,0,-1610,1,652,0
1,105,454,-1.272613104,-0.9612025913,1.87310538,-2.565092201,-1.590600887,0.2971416032,0,1,235,task,30,0,-1610,1,652,0
1,105,455,-1.263715074,-0.9648544534,1.912515235,-2.622348469,-1.601411146,0.3052760231,0,0,,transition,30,0,-1610,1,652,0
1,105,456,-1.254817044,-0.9685063156,1.951925091,-2.679604738,-1.612221405,0.3134104431,0,1,236,task,30,0,-1610,1,652,0
1,105,457,-1.24013296,-0.9733673388,2.020222751,-2.773578857,-1.623199524,0.3264988276,0,1,237,task,30,0,-1610,1,652,0
1,105,458,-1.230564072,-0.9675632529,2.056875074,-2.840211067,-1.633909291,0.334361148,0,0,,transition,30,0,-1610,1,652,0
1,105,459,-1.220995184,-0.961759167,2.093527397,-2.906843278,-1.644619059,0.3422234684,0,1,238,task,30,0,-1610,1,652,0
1,105,460,-1.205547942,-0.9630323938,2.144204534,-2.964621413,-1.652433862,0.3566458023,0,1,239,task,30,0,-1610,1,652,0
1,105,461,-1.188871827,-0.9615548542,2.193250793,-3.023232765,-1.660776936,0.3721956484,0,1,240,task,30,0,-1610,1,652,0
1,105,462,-1.176325104,-0.9490970447,2.220862236,-3.079496565,-1.674525062,0.3827654652,0,0,,transition,30,0,-1610,1,652,0
1,105,463,-1.163778381,-0.9366392352,2.24847368,-3.135760366,-1.688273188,0.393335282,0,1,241,task,30,0,-1610,1,652,0
1,105,464,-1.151348861,-0.9125257377,2.276338175,-3.2119198,-1.701432176,0.4022645093,0,0,,transition,30,0,-1610,1,652,0
1,105,465,-1.13891934,-0.8884122402,2.30420267,-3.288079233,-1.714591165,0.4111937366,0,1,242,task,30,0,-1610,1,652,0
1,105,466,-1.127798753,-0.8576625064,2.320256424,-3.359719656,-1.730648598,0.4176229735,0,0,,transition,30,0,-1610,1,652,0
1,105,467,-1.116678165,-0.8269127726,2.336310178,-3.431360078,-1.746706031,0.4240522103,0,0,,transition,30,0,-1610,1,652,0
1,105,468,-1.105557578,-0.7961630387,2.352363932,-3.503000501,-1.762763464,0.4304814471,0,1,243,task,30,0,-1610,1,652,0
1,105,469,-1.093164765,-0.7650602239,2.365571932,-3.563462019,-1.777003486,0.4385843375,0,0,,transition,30,0,-1610,1,652,0
1,105,470,-1.080771952,-0.7339574091,2.378779932,-3.623923538,-1.791243507,0.4466872278,0,1,244,task,30,0,-1610,1,652,0
1,105,471,-1.037073182,-0.7381769755,2.342474792,-3.574028726,-1.808408498,0.4879517902,0,1,245,task,10,0,-1610,1,652,0
1,105,472,-1.052628481,-0.7743324638,2.326708292,-3.501494443,-1.789310209,0.4780518609,0,0,,transition,30,0,-1610,1,652,0
1,105,473,-1.06818378,-0.8104879521,2.310941792,-3.42896016,-1.770211921,0.4681519316,0,1,246,task,30,0,-1610,1,652,0
1,105,474,-1.084402651,-0.84743279,2.287368561,-3.337745764,-1.748138385,0.458155196,0,0,,transition,30,0,-1610,1,652,0
1,105,475,-1.100621522,-0.884377628,2.263795329,-3.246531367,-1.726064848,0.4481584603,0,1,247,task,30,0,-1610,1,652,0
1,105,476,-1.114767823,-0.908873743,2.235037012,-3.16609332,-1.709023662,0.4381577422,0,0,,transition,30,0,-1610,1,652,0
1,105,477,-1.128914123,-0.933369858,2.206278696,-3.085655273,-1.691982476,0.428157024,0,1,248,task,30,0,-1610,1,652,0
1,105,478,-1.151936601,-0.948307002,2.156008284,-3.000604675,-1.671454854,0.4079484089,0,1,249,task,30,0,-1610,1,652,0
1,105,479,-1.170866983,-0.9526316529,2.105040699,-2.931422503,-1.658882983,0.3908139106,0,1,250,task,30,0,-1610,1,652,0
1,105,480,-1.187182381,-0.9538546019,2.049563973,-2.856872537,-1.650221357,0.3763321084,0,1,251,task,30,0,-1610,1,652,0
1,105,481,-1.195749679,-0.9563852978,2.014024383,-2.797887176,-1.643142509,0.3692987163,0,0,,transition,30,0,-1610,1,652,0
1,105,482,-1.204316976,-0.9589159936,1.978484792,-2.738901815,-1.636063662,0.3622653242,0,1,252,task,30,0,-1610,1,652,0
1,105,483,-1.219875974,-0.9501922075,1.915573691,-2.662990694,-1.625115373,0.3479895522,0,1,253,task,30,0,-1610,1,652,0
1,105,484,-1.228189942,-0.946648405,1.872634303,-2.597433826,-1.616700139,0.3406682452,0,0,,transition,30,0,-1610,1,652,0
1,105,485,-1.23650391,-0.9431046024,1.829694915,-2.531876958,-1.608284904,0.3333469381,0,1,254,task,30,0,-1610,1,652,0
1,105,486,-1.205193209,-0.92853402,1.817295806,-2.550623877,-1.608185856,0.3640151386,0,1,255,task,10,0,-1610,1,652,0
1,105,487,-1.188226838,-0.9422536961,1.880954189,-2.62006278,-1.623107517,0.380121178,0,1,256,task,30,0,-1610,1,652,0
1,105,488,-1.17627247,-0.9385887196,1.923829079,-2.698503336,-1.639902359,0.3900507328,0,0,,transition,30,0,-1610,1,652,0
1,105,489,-1.164318102,-0.934923743,1.96670397,-2.776943893,-1.656697201,0.3999802876,0,1,257,task,30,0,-1610,1,652,0
1,105,490,-1.150855748,-0.9431877759,2.020373661,-2.832449143,-1.657161437,0.4123789802,0,1,258,task,30,0,-1610,1,652,0
1,105,491,-1.132439046,-0.9394078666,2.078661011,-2.919421615,-1.669462002,0.4281418002,0,1,259,task,30,0,-1610,1,652,0
1,105,492,-1.110384104,-0.929632044,2.130495041,-3.000742986,-1.688605968,0.4474995748,0,1,260,task,30,0,-1610,1,652,0
1,105,493,-1.088599556,-0.9214093298,2.176294054,-3.065025004,-1.70334317,0.4673475122,0,1,261,task,30,0,-1610,1,652,0
1,105,494,-1.072451115,-0.8927395857,2.205590838,-3.155554076,-1.725519184,0.4780209757,0,0,,transition,30,0,-1610,1,652,0
1,105,495,-1.056302673,-0.8640698415,2.234887622,-3.246083149,-1.747695197,0.4886944391,0,1,262,task,30,0,-1610,1,652,0
1,105,496,-1.043078757,-0.8315082467,2.249538247,-3.321297989,-1.769885857,0.4953670828,0,0,,transition,30,0,-1610,1,652,0
1,105,497,-1.02985484,-0.7989466518,2.264188872,-3.39651283,-1.792076517,0.5020397266,0,0,,transition,30,0,-1610,1,652,0
1,105,498,-1.016630924,-0.766385057,2.278839496,-3.471727671,-1.814267177,0.5087123703,0,1,263,task,30,0,-1610,1,652,0
1,105,499,-0.9960575565,-0.7405847086,2.304734251,-3.524390928,-1.824162852,0.5269920832,0,1,264,task,30,0,-1610,1,652,0
1,105,500,-0.9575733608,-0.7412016692,2.265618836,-3.475145368,-1.838606356,0.5639098987,0,1,265,task,10,0,-1610,1,652,0
1,105,501,-0.9722830578,-0.7759903054,2.248008336,-3.397492583,-1.821157625,0.5563501203,0,0,,transition,30,0,-1610,1,652,0
1,105,502,-0.9869927548,-0.8107789416,2.230397835,-3.319839798,-1.803708894,0.5487903419,0,1,266,task,30,0,-1610,1,652,0
1,105,503,-1.002519367,-0.8353457545,2.209298941,-3.25431534,-1.78514184,0.5380637572,0,0,,transition,30,0,-1610,1,652,0
1,105,504,-1.018045978,-0.8599125675,2.188200047,-3.188790882,-1.766574786,0.5273371725,0,1,267,task,30,0,-1610,1,652,0
1,105,505,-1.036066961,-0.8896265912,2.156969799,-3.09073695,-1.739218964,0.5155178722,0,0,,transition,30,0,-1610,1,652,0
1,105,506,-1.054087943,-0.9193406149,2.125739551,-2.992683018,-1.711863142,0.5036985719,0,1,268,task,30,0,-1610,1,652,0
1,105,507,-1.074653924,-0.9233790941,2.0799547,-2.93435229,-1.701801572,0.4847057706,0,1,269,task,30,0,-1610,1,652,0
1,105,508,-1.093978656,-0.9248903889,2.032013381,-2.875614092,-1.692072528,0.4668604199,0,1,270,task,30,0,-1610,1,652,0
1,105,509,-1.117829405,-0.929833832,1.975701204,-2.790545939,-1.666690285,0.4456648788,0,1,271,task,30,0,-1610,1,652,0
1,105,510,-1.135412596,-0.9274913871,1.912845887,-2.702583574,-1.655606048,0.4304632473,0,1,272,task,30,0,-1610,1,652,0
1,105,511,-1.145804627,-0.9259308456,1.875549487,-2.645900639,-1.644281311,0.4213533983,0,0,,transition,30,0,-1610,1,652,0
1,105,512,-1.156196658,-0.924370304,1.838253087,-2.589217705,-1.632956575,0.4122435494,0,1,273,task,30,0,-1610,1,652,0
1,105,513,-1.16574167,-0.9187456366,1.800039499,-2.537886321,-1.623011932,0.40342399,0,0,,transition,30,0,-1610,1,652,0
1,105,514,-1.175286681,-0.9131209692,1.761825911,-2.486554937,-1.613067289,0.3946044306,0,1,274,task,30,0,-1610,1,652,0
1,105,515,-1.143823588,-0.8969487162,1.736015705,-2.482048904,-1.61878411,0.4258281706,0,1,275,task,10,0,-1610,1,652,0
1,105,516,-1.133272218,-0.901402188,1.775867797,-2.539298395,-1.631009361,0.4353671464,0,0,,transition,30,0,-1610,1,652,0
1,105,517,-1.122720848,-0.9058556599,1.815719889,-2.596547887,-1.643234613,0.4449061222,0,1,276,task,30,0,-1610,1,652,0
1,105,518,-1.102443156,-0.9112857428,1.884022116,-2.692020218,-1.662609272,0.4628493916,0,1,277,task,30,0,-1610,1,652,0
1,105,519,-1.081283324,-0.9142519951,1.940972941,-2.765465062,-1.681542394,0.4821274668,0,1,278,task,30,0,-1610,1,652,0
1,105,520,-1.059482213,-0.909928379,1.999877585,-2.856608323,-1.70016565,0.5007045616,0,1,279,task,30,0,-1610,1,652,0
1,105,521,-1.037874303,-0.9040452426,2.050353997,-2.930081887,-1.715185532,0.5197329703,0,1,280,task,30,0,-1610,1,652,0
1,105,522,-1.013753876,-0.8918640617,2.099304762,-3.011590399,-1.734385085,0.5403386858,0,1,281,task,30,0,-1610,1,652,0
1,105,523,-0.9995801954,-0.878305846,2.123413357,-3.064784941,-1.749029251,0.5514811026,0,0,,transition,30,0,-1610,1,652,0
1,105,524,-0.9854065147,-0.8647476304,2.147521953,-3.117979484,-1.763673416,0.5626235193,0,1,282,task,30,0,-1610,1,652,0
1,105,525,-0.967234046,-0.8326725509,2.170454448,-3.202816833,-1.79069459,0.5738268269,0,0,,transition,30,0,-1610,1,652,0
1,105,526,-0.9490615773,-0.8005974714,2.193386943,-3.287654183,-1.817715764,0.5850301344,0,1,283,task,30,0,-1610,1,652,0
1,105,527,-0.9352633064,-0.7703325536,2.209281683,-3.357015817,-1.834777813,0.5919211656,0,0,,transition,30,0,-1610,1,652,0
1,105,528,-0.9214650355,-0.7400676358,2.225176422,-3.426377451,-1.851839863,0.5988121968,0,1,284,task,30,0,-1610,1,652,0
1,105,529,-0.8802791421,-0.7392755834,2.172292619,-3.34689444,-1.884926769,0.6437149,0,1,285,task,10,0,-1610,1,652,0
1,105,530,-0.8994409442,-0.7680247278,2.159699697,-3.291161168,-1.856087315,0.6295752572,0,0,,transition,30,0,-1610,1,652,0
1,105,531,-0.9186027464,-0.7967738722,2.147106775,-3.235427895,-1.827247861,0.6154356143,0,1,286,task,30,0,-1610,1,652,0
1,105,532,-0.9383071265,-0.8298699723,2.123017373,-3.144873645,-1.795046425,0.603523512,0,0,,transition,30,0,-1610,1,652,0
1,105,533,-0.9580115066,-0.8629660723,2.098927972,-3.054319394,-1.762844989,0.5916114097,0,1,287,task,30,0,-1610,1,652,0
1,105,534,-0.9832469591,-0.875984026,2.055617305,-2.983294181,-1.744222321,0.5697753044,0,1,288,task,30,0,-1610,1,652,0
1,105,535,-1.006071477,-0.8818281086,2.010786533,-2.921598274,-1.729956989,0.5493658526,0,1,289,task,30,0,-1610,1,652,0
1,105,536,-1.018806431,-0.8890050319,1.982066464,-2.868544013,-1.716495919,0.5391280624,0,0,,transition,30,0,-1610,1,652,0
1,105,537,-1.031541384,-0.8961819551,1.953346395,-2.815489751,-1.703034849,0.5288902722,0,1,290,task,30,0,-1610,1,652,0
1,105,538,-1.053112186,-0.8977360465,1.894491667,-2.728295496,-1.68593507,0.510479958,0,1,291,task,30,0,-1610,1,652,0
1,105,539,-1.064169808,-0.897823806,1.860351126,-2.675454847,-1.675031395,0.501040764,0,0,,transition,30,0,-1610,1,652,0
1,105,540,-1.07522743,-0.8979115655,1.826210584,-2.622614198,-1.66412772,0.49160157,0,1,292,task,30,0,-1610,1,652,0
1,105,541,-1.0961662,-0.8896622815,1.758146348,-2.532723138,-1.644009538,0.4725163185,0,1,293,task,30,0,-1610,1,652,0
1,105,542,-1.113726747,-0.8745804964,1.686353834,-2.446807233,-1.631661046,0.4562218177,0,1,294,task,30,0,-1610,1,652,0
1,105,543,-1.087114264,-0.8561502337,1.661289873,-2.453757157,-1.630501566,0.4821627714,0,1,295,task,10,0,-1610,1,652,0
1,105,544,-1.064925614,-0.8682132423,1.730523266,-2.538963672,-1.655799474,0.5029179619,0,1,296,task,30,0,-1610,1,652,0
1,105,545,-1.04489792,-0.8791211776,1.790474879,-2.605944996,-1.671558454,0.521643383,0,1,297,task,30,0,-1610,1,652,0
1,105,546,-1.031401483,-0.8777222164,1.823182706,-2.657716998,-1.689212973,0.5335422025,0,0,,transition,30,0,-1610,1,652,0
1,105,547,-1.017905047,-0.8763232552,1.855890533,-2.709489,-1.706867492,0.5454410219,0,1,298,task,30,0,-1610,1,652,0
1,105,548,-0.990749163,-0.8740383723,1.903985895,-2.771323909,-1.7383752,0.571297624,0,1,299,task,30,0,-1610,1,652,0
1,105,549,-0.9706472925,-0.8773155875,1.948180976,-2.815424448,-1.745593496,0.5906285887,0,1,300,task,30,0,-1610,1,652,0
1,105,550,-0.9476978145,-0.873398564,1.995018011,-2.879429918,-1.759005103,0.61134264,0,1,301,task,30,0,-1610,1,652,0
1,105,551,-0.9293882592,-0.8528193272,2.022757814,-2.955295798,-1.786925609,0.6247477847,0,0,,transition,30,0,-1610,1,652,0
1,105,552,-0.9110787039,-0.8322400905,2.050497617,-3.031161678,-1.814846114,0.6381529294,0,1,302,task,30,0,-1610,1,652,0
1,105,553,-0.8942201292,-0.8113357839,2.070918075,-3.091110813,-1.837388099,0.6503844525,0,0,,transition,30,0,-1610,1,652,0
1,105,554,-0.8773615544,-0.7904314774,2.091338533,-3.151059948,-1.859930084,0.6626159757,0,1,303,task,30,0,-1610,1,652,0
1,105,555,-0.8637614258,-0.7621265547,2.109431199,-3.224625728,-1.877427796,0.6681257462,0,0,,transition,30,0,-1610,1,652,0
1,105,556,-0.8501612972,-0.733821632,2.127523865,-3.298191507,-1.894925508,0.6736355166,0,1,304,task,30,0,-1610,1,652,0
1,105,557,-0.8219211004,-0.7267399217,2.081547121,-3.250181017,-1.90405394,0.7018714549,0,1,305,task,10,0,-1610,1,652,0
1,105,558,-0.8336169956,-0.7513907439,2.066173146,-3.182641396,-1.884592002,0.697919889,0,0,,transition,30,0,-1610,1,652,0
1,105,559,-0.8453128908,-0.7760415661,2.050799172,-3.115101775,-1.865130064,0.6939683231,0,0,,transition,30,0,-1610,1,652,0
1,105,560,-0.857008786,-0.8006923883,2.035425197,-3.047562153,-1.845668125,0.6900167572,0,1,306,task,30,0,-1610,1,652,0
1,105,561,-0.8907370911,-0.8304947859,1.999902613,-2.963904389,-1.802326169,0.6607718339,0,1,307,task,30,0,-1610,1,652,0
1,105,562,-0.9184797626,-0.8456197591,1.955065284,-2.882915427,-1.776094334,0.6374356053,0,1,308,task,30,0,-1610,1,652,0
1,105,563,-0.9431445408,-0.8532702095,1.904911174,-2.802787366,-1.756795161,0.6166865509,0,1,309,task,30,0,-1610,1,652,0
1,105,564,-0.9646322459,-0.8526150395,1.857768921,-2.746248328,-1.745201054,0.5969350208,0,1,310,task,30,0,-1610,1,652,0
1,105,565,-0.9879319139,-0.8515908334,1.80903602,-2.687902272,-1.725221371,0.5750696298,0,1,311,task,30,0,-1610,1,652,0
1,105,566,-1.002477005,-0.8541153004,1.774762092,-2.630442816,-1.704007574,0.5624315148,0,0,,transition,30,0,-1610,1,652,0
1,105,567,-1.017022096,-0.8566397674,1.740488164,-2.57298336,-1.682793778,0.5497933998,0,1,312,task,30,0,-1610,1,652,0
1,105,568,-1.037399469,-0.8451348381,1.679781912,-2.505345631,-1.666633381,0.5307508669,0,1,313,task,30,0,-1610,1,652,0
1,105,569,-1.050166266,-0.8401199352,1.636942532,-2.442793194,-1.648703517,0.5190595412,0,0,,transition,30,0,-1610,1,652,0
1,105,570,-1.062933062,-0.8351050322,1.594103153,-2.380240756,-1.630773652,0.5073682155,0,1,314,task,30,0,-1610,1,652,0
1,105,571,-1.037018302,-0.8127465343,1.553491875,-2.365389855,-1.635574576,0.5331561497,0,1,315,task,10,0,-1610,1,652,0
1,105,572,-1.014563376,-0.8270801611,1.628020955,-2.45759475,-1.660638159,0.5542405133,0,1,316,task,30,0,-1610,1,652,0
1,105,573,-1.001949959,-0.8303713478,1.664203924,-2.508863639,-1.676553413,0.5655818234,0,0,,transition,30,0,-1610,1,652,0
1,105,574,-0.989336542,-0.8336625346,1.700386894,-2.560132529,-1.692468667,0.5769231335,0,1,317,task,30,0,-1610,1,652,0
1,105,575,-0.9735826924,-0.8301158842,1.733918275,-2.617728613,-1.717764618,0.5906563201,0,0,,transition,30,0,-1610,1,652,0
1,105,576,-0.9578288429,-0.8265692339,1.767449657,-2.675324697,-1.743060569,0.6043895067,0,1,318,task,30,0,-1610,1,652,0
1,105,577,-0.9361687893,-0.8275315927,1.819051256,-2.741591192,-1.758160284,0.6236414183,0,1,319,task,30,0,-1610,1,652,0
1,105,578,-0.9139578229,-0.8275195932,1.867054784,-2.802617634,-1.771727019,0.6434180522,0,1,320,task,30,0,-1610,1,652,0
1,105,579,-0.8905089483,-0.8249117132,1.912261465,-2.862732513,-1.786152634,0.6641901352,0,1,321,task,30,0,-1610,1,652,0
1,105,580,-0.8647272527,-0.8164732418,1.953311739,-2.923432711,-1.805488387,0.6871686345,0,1,322,task,30,0,-1610,1,652,0
1,105,581,-0.8352189129,-0.7974643275,1.987744568,-2.986065037,-1.83515055,0.7140443342,0,1,323,task,30,0,-1610,1,652,0
1,105,582,-0.8219507628,-0.7710096534,2.003279986,-3.058308869,-1.860899216,0.7188744585,0,0,,transition,30,0,-1610,1,652,0
1,105,583,-0.8086826126,-0.7445549792,2.018815403,-3.130552701,-1.886647883,0.7237045827,0,0,,transition,30,0,-1610,1,652,0
1,105,584,-0.7954144624,-0.7181003051,2.034350821,-3.202796533,-1.912396549,0.728534707,0,1,324,task,30,0,-1610,1,652,0
1,105,585,-0.7616239637,-0.7053296267,1.968547456,-3.114718019,-1.949503351,0.7712653161,0,1,325,task,10,0,-1610,1,652,0
1,105,586,-0.7901602935,-0.7439175027,1.959490229,-3.047086482,-1.885138352,0.7484728807,0,0,,transition,30,0,-1610,1,652,0
1,105,587,-0.8186966234,-0.7825053788,1.950433002,-2.979454945,-1.820773352,0.7256804453,0,1,326,task,30,0,-1610,1,652,0
1,105,588,-0.8425912304,-0.8005262793,1.905919236,-2.890401184,-1.805648796,0.7085606066,0,1,327,task,30,0,-1610,1,652,0
1,105,589,-0.8679756019,-0.8070221982,1.86516153,-2.832896183,-1.787264042,0.6859174604,0,1,328,task,30,0,-1610,1,652,0
1,105,590,-0.8931214842,-0.8085532136,1.824408262,-2.785398782,-1.767882581,0.6623061336,0,1,329,task,30,0,-1610,1,652,0
1,105,591,-0.9170926543,-0.807945263,1.780997483,-2.73641418,-1.749087412,0.6398730621,0,1,330,task,30,0,-1610,1,652,0
1,105,592,-0.9399357306,-0.8051614114,1.734888039,-2.686023995,-1.730872411,0.6185444571,0,1,331,task,30,0,-1610,1,652,0
1,105,593,-0.9528102033,-0.8089587984,1.687633204,-2.5944622,-1.713008858,0.6102626188,0,0,,transition,30,0,-1610,1,652,0
1,105,594,-0.965684676,-0.8127561854,1.640378369,-2.502900404,-1.695145306,0.6019807805,0,1,332,task,30,0,-1610,1,652,0
1,105,595,-0.9893186616,-0.8024230086,1.572451579,-2.417587347,-1.669095839,0.5800667132,0,1,333,task,30,0,-1610,1,652,0
1,105,596,-1.012001993,-0.786922901,1.498643249,-2.329857778,-1.643732311,0.5585128025,0,1,334,task,30,0,-1610,1,652,0
1,105,597,-0.9918159616,-0.7611162808,1.439832923,-2.289893919,-1.640618712,0.5788760932,0,1,335,task,10,0,-1610,1,652,0
1,105,598,-0.9791245646,-0.7684849985,1.481135214,-2.343702514,-1.658005246,0.5907955212,0,0,,transition,30,0,-1610,1,652,0
1,105,599,-0.9664331675,-0.7758537162,1.522437504,-2.397511109,-1.675391781,0.6027149491,0,1,336,task,30,0,-1610,1,652,0
1,105,600,-0.9442137968,-0.7885534771,1.586464664,-2.469543773,-1.696557837,0.6235733673,0,1,337,task,30,0,-1610,1,652,0
1,105,601,-0.9194485984,-0.7932098857,1.653953129,-2.565478798,-1.725045965,0.6452042275,0,1,338,task,30,0,-1610,1,652,0
1,105,602,-0.9010376803,-0.8002128453,1.714981662,-2.645196977,-1.729801535,0.6600039922,0,1,339,task,30,0,-1610,1,652,0
1,105,603,-0.8806662573,-0.8055063214,1.762164217,-2.69539505,-1.737417346,0.6787798066,0,1,340,task,30,0,-1610,1,652,0
1,105,604,-0.8538253527,-0.8013404521,1.808361548,-2.760858159,-1.763895127,0.7028114655,0,1,341,task,30,0,-1610,1,652,0
1,105,605,-0.8369231499,-0.7898996489,1.833268253,-2.815781059,-1.788919715,0.7158634434,0,0,,transition,30,0,-1610,1,652,0
1,105,606,-0.820020947,-0.7784588457,1.858174957,-2.870703959,-1.813944302,0.7289154214,0,1,342,task,30,0,-1610,1,652,0
1,105,607,-0.8039496951,-0.7623195604,1.880329669,-2.929263895,-1.83677026,0.7395475169,0,0,,transition,30,0,-1610,1,652,0
1,105,608,-0.7878784432,-0.7461802751,1.90248438,-2.987823831,-1.859596219,0.7501796124,0,1,343,task,30,0,-1610,1,652,0
1,105,609,-0.7419567767,-0.6944139109,1.916218937,-3.06483537,-1.951832459,0.791790168,0,1,344,task,30,0,-1610,1,652,0
1,105,610,-0.740354182,-0.6923799619,1.916346372,-3.067255447,-1.955311946,0.7933126171,0,1,345,task,30,0,-1610,1,652,0
1,105,611,-0.7203645756,-0.6779883383,1.86281686,-3.020258679,-1.960616218,0.8141262675,0,1,346,task,10,0,-1610,1,652,0
1,105,612,-0.7352696612,-0.7013088254,1.839805272,-2.941498146,-1.937249261,0.8090457899,0,0,,transition,30,0,-1610,1,652,0
1,105,613,-0.7501747468,-0.7246293125,1.816793684,-2.862737612,-1.913882304,0.8039653122,0,1,347,task,30,0,-1610,1,652,0
1,105,614,-0.7676136563,-0.7404916008,1.795498492,-2.807722699,-1.885575434,0.7901197302,0,0,,transition,30,0,-1610,1,652,0
1,105,615,-0.7850525659,-0.756353889,1.7742033,-2.752707786,-1.857268564,0.7762741482,0,1,348,task,30,0,-1610,1,652,0
1,105,616,-0.803240759,-0.7684759598,1.746751745,-2.69144294,-1.826872096,0.7610726351,0,0,,transition,30,0,-1610,1,652,0
1,105,617,-0.8214289521,-0.7805980305,1.71930019,-2.630178093,-1.796475628,0.745871122,0,1,349,task,30,0,-1610,1,652,0
1,105,618,-0.84359446,-0.7755300234,1.678321661,-2.593938421,-1.787050161,0.7237769965,0,1,350,task,30,0,-1610,1,652,0
1,105,619,-0.8648315358,-0.768858401,1.635035446,-2.55645228,-1.777855892,0.7026628428,0,1,351,task,30,0,-1610,1,652,0
1,105,620,-0.8950560102,-0.7688603238,1.591682601,-2.510256961,-1.735325489,0.6715481537,0,1,352,task,30,0,-1610,1,652,0
1,105,621,-0.921534652,-0.7637784417,1.523113391,-2.413942869,-1.70110446,0.6476722714,0,1,353,task,30,0,-1610,1,652,0
1,105,622,-0.9445942919,-0.750286016,1.457068647,-2.339936458,-1.677232844,0.625688324,0,1,354,task,30,0,-1610,1,652,0
1,105,623,-0.9652757451,-0.7309266428,1.383578686,-2.261171555,-1.659066149,0.605929472,0,1,355,task,30,0,-1610,1,652,0
1,105,624,-0.9253725043,-0.7199770095,1.396289561,-2.31047786,-1.681311353,0.6448594309,0,1,356,task,10,0,-1610,1,652,0
1,105,625,-0.9031938914,-0.7351560844,1.461203266,-2.378127366,-1.70250481,0.6661154967,0,1,357,task,30,0,-1610,1,652,0
1,105,626,-0.8716120846,-0.7365412344,1.52849618,-2.475688997,-1.755526263,0.695841347,0,1,358,task,30,0,-1610,1,652,0
1,105,627,-0.8455278803,-0.7396684538,1.576241764,-2.527169668,-1.785601309,0.7218945619,0,1,359,task,30,0,-1610,1,652,0
1,105,628,-0.8227199662,-0.7441002193,1.623348896,-2.577522473,-1.801594857,0.7437766924,0,1,360,task,30,0,-1610,1,652,0
1,105,629,-0.7983006538,-0.7447593367,1.671198017,-2.638588732,-1.82103638,0.7660600161,0,1,361,task,30,0,-1610,1,652,0
1,105,630,-0.7722307991,-0.7411928962,1.714278881,-2.69707821,-1.843839898,0.7900789595,0,1,362,task,30,0,-1610,1,652,0
1,105,631,-0.7421293036,-0.7269099313,1.747379654,-2.749571157,-1.880057736,0.8199643746,0,1,363,task,30,0,-1610,1,652,0
1,105,632,-0.7238028312,-0.700399672,1.774148701,-2.842732671,-1.916865029,0.827974732,0,0,,transition,30,0,-1610,1,652,0
1,105,633,-0.7054763588,-0.6738894128,1.800917748,-2.935894186,-1.953672321,0.8359850893,0,1,364,task,30,0,-1610,1,652,0
1,105,634,-0.7015513582,-0.6621877882,1.80787315,-2.973595849,-1.965468687,0.8337968926,0,1,365,task,30,0,-1610,1,652,0
1,105,635,-0.6933397172,-0.6641609398,1.768843326,-2.899175919,-1.959979485,0.8518560004,0,0,,transition,10,0,-1610,1,652,0
1,105,636,-0.6851280763,-0.6661340913,1.729813501,-2.824755989,-1.954490284,0.8699151082,0,1,366,task,10,0,-1610,1,652,0
1,105,637,-0.7301494255,-0.7126188061,1.703173007,-2.726120512,-1.856921959,0.8283862283,0,1,367,task,30,0,-1610,1,652,0
1,105,638,-0.7532969195,-0.7182934256,1.661519359,-2.665211827,-1.843974141,0.8086586066,0,1,368,task,30,0,-1610,1,652,0
1,105,639,-0.7765778471,-0.7176436272,1.619447531,-2.61608011,-1.830672407,0.7871460507,0,1,369,task,30,0,-1610,1,652,0
1,105,640,-0.7993318412,-0.7135805386,1.575565817,-2.570270905,-1.817464575,0.7655866435,0,1,370,task,30,0,-1610,1,652,0
1,105,641,-0.8211793953,-0.707532048,1.528749924,-2.522821426,-1.804751868,0.7448852746,0,1,371,task,30,0,-1610,1,652,0
1,105,642,-0.8439490665,-0.7019136215,1.476777594,-2.464788486,-1.78537551,0.7235268383,0,1,372,task,30,0,-1610,1,652,0
1,105,643,-0.8615912074,-0.7035396926,1.437476333,-2.399640472,-1.750660261,0.7074349129,0,0,,transition,30,0,-1610,1,652,0
1,105,644,-0.8792333482,-0.7051657636,1.398175072,-2.334492457,-1.715945012,0.6913429875,0,1,373,task,30,0,-1610,1,652,0
1,105,645,-0.9031818948,-0.6902857052,1.329538902,-2.259750883,-1.688293426,0.6681313979,0,1,374,task,30,0,-1610,1,652,0
1,105,646,-0.8897515452,-0.6544402633,1.249490853,-2.210672432,-1.685328614,0.68172591,0,1,375,task,10,0,-1610,1,652,0
1,105,647,-0.865397847,-0.6707527242,1.322428679,-2.290117887,-1.715760305,0.7053390468,0,1,376,task,30,0,-1610,1,652,0
1,105,648,-0.841046138,-0.6826540526,1.391002823,-2.371035468,-1.744326857,0.728067433,0,1,377,task,30,0,-1610,1,652,0
1,105,649,-0.8156561042,-0.6877002818,1.456450691,-2.459632553,-1.775720686,0.7505230145,0,1,378,task,30,0,-1610,1,652,0
1,105,650,-0.792789623,-0.6934787763,1.506694835,-2.514504636,-1.793997035,0.7719518339,0,1,379,task,30,0,-1610,1,652,0
1,105,651,-0.7672942201,-0.6950487169,1.55086056,-2.564067751,-1.819105125,0.7966438249,0,1,380,task,30,0,-1610,1,652,0
1,105,652,-0.7411075333,-0.6938452236,1.592397897,-2.614253409,-1.844441348,0.8217342798,0,1,381,task,30,0,-1610,1,652,0
1,105,653,-0.7165423195,-0.6835950008,1.642630569,-2.705307408,-1.867009151,0.8392046879,0,1,382,task,30,0,-1610,1,652,0
1,105,654,-0.6787183283,-0.6539451799,1.667466675,-2.768748057,-1.937421462,0.8763674481,0,1,383,task,30,0,-1610,1,652,0
1,105,655,-0.6703914951,-0.6448236498,1.668553362,-2.778937918,-1.957234983,0.8855378425,0,1,384,task,30,0,-1610,1,652,0
1,105,656,-0.6475533864,-0.6113520292,1.580184646,-2.68488284,-1.994630508,0.9228742443,0,1,385,task,10,0,-1610,1,652,0
1,105,657,-0.669970161,-0.630729736,1.583656809,-2.687184249,-1.944370267,0.8923011753,0,0,,transition,30,0,-1610,1,652,0
1,105,658,-0.6923869357,-0.6501074429,1.587128972,-2.689485659,-1.894110025,0.8617281063,0,1,386,task,30,0,-1610,1,652,0
1,105,659,-0.7187308561,-0.6567788008,1.552078041,-2.642829402,-1.867597637,0.8368494503,0,1,387,task,30,0,-1610,1,652,0
1,105,660,-0.7381105499,-0.6696498318,1.518152462,-2.56382573,-1.826290864,0.8229140633,0,0,,transition,30,0,-1610,1,652,0
1,105,661,-0.7574902436,-0.6825208629,1.484226884,-2.484822058,-1.784984092,0.8089786762,0,1,388,task,30,0,-1610,1,652,0
1,105,662,-0.7779592071,-0.6733006978,1.439167022,-2.446345008,-1.778648442,0.789119235,0,1,389,task,30,0,-1610,1,652,0
1,105,663,-0.7976695656,-0.6623834623,1.391322523,-2.406423201,-1.772585535,0.7700066972,0,1,390,task,30,0,-1610,1,652,0
1,105,664,-0.8172417088,-0.6486996909,1.329414729,-2.340534363,-1.76394257,0.7528621217,0,1,391,task,30,0,-1610,1,652,0
1,105,665,-0.8419781057,-0.6361045926,1.251505042,-2.241403032,-1.732511544,0.7306056125,0,1,392,task,30,0,-1610,1,652,0
1,105,666,-0.8650382596,-0.6182921625,1.182684434,-2.175243149,-1.70693275,0.7076455047,0,1,393,task,30,0,-1610,1,652,0
1,105,667,-0.8358247506,-0.5966806466,1.151182912,-2.167180087,-1.716058942,0.7370524815,0,1,394,task,10,0,-1610,1,652,0
1,105,668,-0.8047562917,-0.60584736,1.226738461,-2.260720246,-1.773150093,0.7683890113,0,1,395,task,30,0,-1610,1,652,0
1,105,669,-0.7808377724,-0.6161065641,1.272967156,-2.292185025,-1.798301108,0.7944892366,0,1,396,task,30,0,-1610,1,652,0
1,105,670,-0.7583756142,-0.6262017575,1.327853861,-2.346469835,-1.816625207,0.8166033923,0,1,397,task,30,0,-1610,1,652,0
1,105,671,-0.7364054215,-0.634484353,1.375741138,-2.390336193,-1.830422915,0.8385484745,0,1,398,task,30,0,-1610,1,652,0
1,105,672,-0.708607895,-0.6327924617,1.421078872,-2.446750079,-1.865846553,0.8670003452,0,1,399,task,30,0,-1610,1,652,0
1,105,673,-0.6766645901,-0.6184644078,1.464400665,-2.52293116,-1.919624788,0.8988020783,0,1,400,task,30,0,-1610,1,652,0
1,105,674,-0.6589972615,-0.6021238516,1.484646576,-2.577434446,-1.957419772,0.9142727583,0,0,,transition,30,0,-1610,1,652,0
1,105,675,-0.6413299329,-0.5857832954,1.504892487,-2.631937732,-1.995214756,0.9297434382,0,1,401,task,30,0,-1610,1,652,0
1,105,676,-0.6366311759,-0.5852576987,1.511227638,-2.637132248,-1.99618497,0.9347388679,0,1,402,task,30,0,-1610,1,652,0
1,105,677,-0.6294740375,-0.5622852256,1.460769916,-2.599247704,-2.018801082,0.9479085776,0,0,,transition,10,0,-1610,1,652,0
1,105,678,-0.622316899,-0.5393127525,1.410312195,-2.56136316,-2.041417194,0.9610782874,0,1,403,task,10,0,-1610,1,652,0
1,105,679,-0.645604405,-0.5652806155,1.39805796,-2.51069964,-1.975937122,0.934633815,0,0,,transition,30,0,-1610,1,652,0
1,105,680,-0.6688919111,-0.5912484785,1.385803725,-2.46003612,-1.910457051,0.9081893426,0,1,404,task,30,0,-1610,1,652,0
1,105,681,-0.6982517287,-0.5995388613,1.344255054,-2.39982697,-1.866238442,0.877782448,0,1,405,task,30,0,-1610,1,652,0
1,105,682,-0.7261876196,-0.6010102579,1.29598178,-2.338435103,-1.827505621,0.8492907671,0,1,406,task,30,0,-1610,1,652,0
1,105,683,-0.7485970528,-0.5912843409,1.244069756,-2.289376724,-1.810568102,0.8270331944,0,1,407,task,30,0,-1610,1,652,0
1,105,684,-0.7684605416,-0.5771668343,1.191999194,-2.249885236,-1.802020809,0.8070240513,0,1,408,task,30,0,-1610,1,652,0
1,105,685,-0.7927812844,-0.5658869676,1.134049858,-2.196590839,-1.77265445,0.7816632724,0,1,409,task,30,0,-1610,1,652,0
1,105,686,-0.8194549815,-0.5509232908,1.060220816,-2.11922712,-1.731498157,0.7544792144,0,1,410,task,30,0,-1610,1,652,0
1,105,687,-0.8877590741,-0.6436393553,1.106637105,-2.069370109,-1.716889233,0.6858901949,0,0,,transition,10,0,-1610,1,652,0
1,105,688,-0.9560631667,-0.7363554198,1.153053395,-2.019513098,-1.70228031,0.6173011754,0,0,,transition,10,0,-1610,1,652,0
1,105,689,-1.024367259,-0.8290714842,1.199469684,-1.969656087,-1.687671387,0.5487121559,0,0,,transition,10,0,-1610,1,652,0
1,105,690,-1.092671352,-0.9217875487,1.245885974,-1.919799077,-1.673062463,0.4801231364,0,0,,transition,10,0,-1610,1,652,0
1,105,691,-1.160975444,-1.014503613,1.292302263,-1.869942066,-1.65845354,0.4115341169,0,0,,transition,10,0,-1610,1,652,0
1,105,692,-1.229279537,-1.107219678,1.338718553,-1.820085055,-1.643844617,0.3429450975,0,0,,transition,10,0,-1610,1,652,0
1,105,693,-1.29758363,-1.199935742,1.385134842,-1.770228044,-1.629235693,0.274356078,0,0,,transition,10,0,-1610,1,652,0
1,105,694,-1.365887722,-1.292651807,1.431551132,-1.720371033,-1.61462677,0.2057670585,0,0,,transition,10,0,-1610,1,652,0
1,105,695,-1.434191815,-1.385367871,1.477967421,-1.670514022,-1.600017847,0.137178039,0,0,,transition,10,0,-1610,1,652,0
1,105,696,-1.502495907,-1.478083936,1.524383711,-1.620657011,-1.585408923,0.06858901949,0,0,,transition,10,0,-1610,1,652,0
1,105,697,-1.5708,-1.5708,1.5708,-1.5708,-1.5708,0,0,0,,home,30,0,-1610,1,652,0
1,106,1,-1.5708,-1.5708,1.5708,-1.5708,-1.5708,0,0,0,,home,30,0,-1610,1,652,0
1,106,2,-1.649399947,-1.498933577,1.586115551,-1.661573858,-1.553821961,-0.07898517184,0,0,,transition,10,0,-1610,1,652,0
1,106,3,-1.727999894,-1.427067154,1.601431101,-1.752347716,-1.536843921,-0.1579703437,0,0,,transition,10,0,-1610,1,652,0
1,106,4,-1.806599841,-1.35520073,1.616746652,-1.843121574,-1.519865882,-0.2369555155,0,0,,transition,10,0,-1610,1,652,0
1,106,5,-1.885199788,-1.283334307,1.632062203,-1.933895432,-1.502887842,-0.3159406874,0,0,,transition,10,0,-1610,1,652,0
1,106,6,-1.963799735,-1.211467884,1.647377753,-2.02466929,-1.485909803,-0.3949258592,0,0,,transition,10,0,-1610,1,652,0
1,106,7,-2.042399682,-1.139601461,1.662693304,-2.115443148,-1.468931764,-0.473911031,0,0,,transition,10,0,-1610,1,652,0
1,106,8,-2.120999629,-1.067735038,1.678008855,-2.206217006,-1.451953724,-0.5528962029,0,0,,transition,10,0,-1610,1,652,0
1,106,9,-2.199599576,-0.9958686143,1.693324405,-2.296990864,-1.434975685,-0.6318813747,0,0,,transition,10,0,-1610,1,652,0
1,106,10,-2.278199523,-0.9240021911,1.708639956,-2.387764722,-1.417997645,-0.7108665466,0,0,,transition,10,0,-1610,1,652,0
1,106,11,-2.35679947,-0.8521357679,1.723955507,-2.47853858,-1.401019606,-0.7898517184,0,1,1,task,10,0,-1610,1,652,0
1,106,12,-2.390099432,-0.8605513974,1.783662128,-2.532789834,-1.366619402,-0.8251187225,0,1,2,task,30,0,-1610,1,652,0
1,106,13,-2.394758828,-0.8632848782,1.792775131,-2.537976234,-1.365702491,-0.8299639416,0,1,3,task,30,0,-1610,1,652,0
1,106,14,-2.436707642,-0.8683379728,1.883352703,-2.632272429,-1.330652538,-0.8728394244,0,0,,transition,10,0,-1610,1,652,0
1,106,15,-2.478656456,-0.8733910674,1.973930274,-2.726568624,-1.295602585,-0.9157149071,0,0,,transition,10,0,-1610,1,652,0
1,106,16,-2.52060527,-0.878444162,2.064507846,-2.820864819,-1.260552631,-0.9585903898,0,1,4,task,10,0,-1610,1,652,0
1,106,17,-2.478936352,-0.8926961162,2.013749714,-2.752591773,-1.300963106,-0.9147872711,0,1,5,task,30,0,-1610,1,652,0
1,106,18,-2.445369888,-0.8944028094,1.96155048,-2.693609344,-1.321526574,-0.8809864531,0,1,6,task,30,0,-1610,1,652,0
1,106,19,-2.418081246,-0.8861220762,1.912676706,-2.653969951,-1.326670866,-0.8535659393,0,1,7,task,30,0,-1610,1,652,0
1,106,20,-2.383548761,-0.8849949587,1.854382148,-2.590063808,-1.358745985,-0.8178134763,0,1,8,task,30,0,-1610,1,652,0
1,106,21,-2.344109594,-0.8823738027,1.793008467,-2.527688603,-1.409142371,-0.7756753781,0,1,9,task,30,0,-1610,1,652,0
1,106,22,-2.316886843,-0.8677323435,1.731761332,-2.473965633,-1.426658783,-0.7482980869,0,1,10,task,30,0,-1610,1,652,0
1,106,23,-2.287852998,-0.8910634221,1.754653908,-2.462430172,-1.447764206,-0.7191288991,0,1,11,task,10,0,-1610,1,652,0
1,106,24,-2.319396082,-0.9028114742,1.825540156,-2.539171048,-1.416848766,-0.7507466332,0,1,12,task,30,0,-1610,1,652,0
1,106,25,-2.372307829,-0.9063821636,1.914256786,-2.634136207,-1.367077445,-0.8053379631,0,0,,transition,30,0,-1610,1,652,0
1,106,26,-2.425219576,-0.909952853,2.002973416,-2.729101366,-1.317306124,-0.8599292929,0,1,13,task,30,0,-1610,1,652,0
1,106,27,-2.455919591,-0.9125092931,2.051065358,-2.773314943,-1.306564527,-0.89117461,0,1,14,task,30,0,-1610,1,652,0
1,106,28,-2.493679498,-0.905058265,2.100938277,-2.832395444,-1.280000314,-0.9301347384,0,1,15,task,30,0,-1610,1,652,0
1,106,29,-2.488468453,-0.9011978635,2.142974124,-2.909372976,-1.277364447,-0.9181998721,0,0,,transition,10,0,-1610,1,652,0
1,106,30,-2.483257408,-0.8973374621,2.185009971,-2.986350507,-1.274728579,-0.9062650057,0,1,16,task,10,0,-1610,1,652,0
1,106,31,-2.437925233,-0.921365546,2.130780706,-2.897083561,-1.321344578,-0.8622871321,0,1,17,task,30,0,-1610,1,652,0
1,106,32,-2.399259133,-0.9308575491,2.076547991,-2.825798598,-1.353322796,-0.8244350895,0,1,18,task,30,0,-1610,1,652,0
1,106,33,-2.370287353,-0.9277864365,2.025283278,-2.774344583,-1.362778041,-0.7962141569,0,1,19,task,30,0,-1610,1,652,0
1,106,34,-2.338532589,-0.9302603254,1.957050372,-2.676716208,-1.386156838,-0.7676688928,0,1,20,task,30,0,-1610,1,652,0
1,106,35,-2.30283386,-0.9273423994,1.891039814,-2.598759093,-1.423466775,-0.7321888977,0,1,21,task,30,0,-1610,1,652,0
1,106,36,-2.277232809,-0.9122085672,1.832764982,-2.550611528,-1.435093601,-0.7067369585,0,1,22,task,30,0,-1610,1,652,0
1,106,37,-2.246306383,-0.9328802629,1.851460972,-2.537977892,-1.453070604,-0.6760846471,0,1,23,task,10,0,-1610,1,652,0
1,106,38,-2.275649227,-0.944580311,1.919059315,-2.609661172,-1.429639991,-0.7049421079,0,1,24,task,30,0,-1610,1,652,0
1,106,39,-2.31024939,-0.9465913271,1.991642224,-2.705765723,-1.394884436,-0.7379882387,0,1,25,task,30,0,-1610,1,652,0
1,106,40,-2.329571009,-0.9397081576,2.029590456,-2.769170219,-1.372955088,-0.7552285617,0,0,,transition,30,0,-1610,1,652,0
1,106,41,-2.348892629,-0.932824988,2.067538689,-2.832574716,-1.35102574,-0.7724688848,0,1,26,task,30,0,-1610,1,652,0
1,106,42,-2.381695233,-0.9312955162,2.119306141,-2.887881687,-1.331308071,-0.8049392496,0,1,27,task,30,0,-1610,1,652,0
1,106,43,-2.416627286,-0.9267476284,2.168979461,-2.942430213,-1.310993313,-0.8397498455,0,1,28,task,30,0,-1610,1,652,0
1,106,44,-2.453971353,-0.9177553583,2.216808731,-2.998534123,-1.289362137,-0.8771149159,0,1,29,task,30,0,-1610,1,652,0
1,106,45,-2.400356935,-0.9388712922,2.216272344,-2.981326854,-1.310715769,-0.8233138249,0,1,30,task,10,0,-1610,1,652,0
1,106,46,-2.364529554,-0.9465192857,2.164586305,-2.918435302,-1.331799501,-0.7881902673,0,1,31,task,30,0,-1610,1,652,0
1,106,47,-2.331059747,-0.9505416331,2.11072094,-2.855212358,-1.35203235,-0.7555353111,0,1,32,task,30,0,-1610,1,652,0
1,106,48,-2.306729423,-0.9681537571,2.070139304,-2.766137436,-1.400047349,-0.7351942457,0,0,,transition,10,0,-1610,1,652,0
1,106,49,-2.282399099,-0.9857658811,2.029557667,-2.677062514,-1.448062347,-0.7148531803,0,0,,transition,10,0,-1610,1,652,0
1,106,50,-2.258068775,-1.003378005,1.988976031,-2.587987592,-1.496077346,-0.6945121149,0,0,,transition,10,0,-1610,1,652,0
1,106,51,-2.233738451,-1.020990129,1.948394395,-2.498912671,-1.544092344,-0.6741710496,0,0,,transition,10,0,-1610,1,652,0
1,106,52,-2.22801786,-1.014965619,1.952762803,-2.511449246,-1.563131229,-0.6572292408,0,1,33,task,30,0,-1610,1,652,0
1,106,53,-2.241217619,-0.9893160023,1.963212478,-2.586880607,-1.499279706,-0.6696603934,0,0,,transition,30,0,-1610,1,652,0
1,106,54,-2.254417378,-0.9636663858,1.973662153,-2.662311968,-1.435428183,-0.6820915461,0,1,34,task,30,0,-1610,1,652,0
1,106,55,-2.228739239,-0.9497431037,1.91388714,-2.609088316,-1.447765154,-0.656873011,0,1,35,task,30,0,-1610,1,652,0
1,106,56,-2.209851291,-0.9464959345,1.864269575,-2.53624031,-1.473585397,-0.6388159799,0,0,,transition,30,0,-1610,1,652,0
1,106,57,-2.190963344,-0.9432487652,1.814652011,-2.463392304,-1.49940564,-0.6207589488,0,1,36,task,30,0,-1610,1,652,0
1,106,58,-2.166079974,-0.9556663966,1.847834234,-2.494306844,-1.494058063,-0.5956703143,0,1,37,task,10,0,-1610,1,652,0
1,106,59,-2.181302878,-0.9619337825,1.889048003,-2.545605923,-1.478446642,-0.6104135136,0,0,,transition,30,0,-1610,1,652,0
1,106,60,-2.196525781,-0.9682011685,1.930261772,-2.596905001,-1.462835221,-0.6251567128,0,1,38,task,30,0,-1610,1,652,0
1,106,61,-2.225233182,-0.9784900503,1.998944449,-2.673585825,-1.440766282,-0.6529275144,0,1,39,task,30,0,-1610,1,652,0
1,106,62,-2.263355228,-0.9749945616,2.065273677,-2.759332445,-1.400377729,-0.6903750203,0,0,,transition,30,0,-1610,1,652,0
1,106,63,-2.301477274,-0.9714990728,2.131602906,-2.845079066,-1.359989177,-0.7278225262,0,1,40,task,30,0,-1610,1,652,0
1,106,64,-2.332837956,-0.9713723415,2.182745804,-2.895749884,-1.345408566,-0.7593759292,0,1,41,task,30,0,-1610,1,652,0
1,106,65,-2.364264901,-0.9638902461,2.239807583,-2.974440057,-1.334239788,-0.7881392297,0,1,42,task,30,0,-1610,1,652,0
1,106,66,-2.317217631,-0.9840779032,2.287267174,-3.034226101,-1.390606034,-0.734920806,0,1,43,task,10,0,-1610,1,652,0
1,106,67,-2.286841937,-0.9861284026,2.237046357,-2.981131906,-1.399024511,-0.7053619786,0,1,44,task,30,0,-1610,1,652,0
1,106,68,-2.25867368,-0.9853463115,2.185671238,-2.929003584,-1.406884131,-0.6780082793,0,1,45,task,30,0,-1610,1,652,0
1,106,69,-2.245578889,-0.9880740808,2.150840981,-2.875099946,-1.411499171,-0.6672122219,0,0,,transition,30,0,-1610,1,652,0
1,106,70,-2.232484098,-0.9908018501,2.116010725,-2.821196308,-1.41611421,-0.6564161644,0,1,46,task,30,0,-1610,1,652,0
1,106,71,-2.215640372,-0.9921401745,2.079513725,-2.769324849,-1.432038337,-0.6408288639,0,0,,transition,30,0,-1610,1,652,0
1,106,72,-2.198796646,-0.9934784989,2.043016725,-2.71745339,-1.447962464,-0.6252415634,0,1,47,task,30,0,-1610,1,652,0
1,106,73,-2.169555472,-0.9855633561,1.971409812,-2.630745438,-1.471950178,-0.5974352669,0,1,48,task,30,0,-1610,1,652,0
1,106,74,-2.140829592,-0.973232805,1.893145897,-2.536271439,-1.498739946,-0.5697889241,0,1,49,task,30,0,-1610,1,652,0
1,106,75,-2.11099914,-0.9875084734,1.915156623,-2.541756098,-1.504486878,-0.5400028396,0,1,50,task,10,0,-1610,1,652,0
1,106,76,-2.126557058,-0.9920222244,1.958279317,-2.599691023,-1.487291752,-0.5548469799,0,0,,transition,30,0,-1610,1,652,0
1,106,77,-2.142114976,-0.9965359755,2.001402011,-2.657625947,-1.470096625,-0.5696911202,0,1,51,task,30,0,-1610,1,652,0
1,106,78,-2.169368995,-1.00555261,2.070092237,-2.736520423,-1.450480526,-0.595708125,0,1,52,task,30,0,-1610,1,652,0
1,106,79,-2.185828849,-1.003562092,2.107332291,-2.791020957,-1.435123346,-0.6108034245,0,0,,transition,30,0,-1610,1,652,0
1,106,80,-2.202288702,-1.001571575,2.144572345,-2.84552149,-1.419766165,-0.6258987241,0,1,53,task,30,0,-1610,1,652,0
1,106,81,-2.215762521,-0.9945114723,2.181783737,-2.910542978,-1.413070031,-0.636529637,0,0,,transition,30,0,-1610,1,652,0
1,106,82,-2.229236339,-0.9874513697,2.218995128,-2.975564466,-1.406373897,-0.64716055,0,1,54,task,30,0,-1610,1,652,0
1,106,83,-2.262858333,-0.9772721022,2.276462793,-3.053747087,-1.383778724,-0.6785193309,0,1,55,task,30,0,-1610,1,652,0
1,106,84,-2.301667589,-0.9595368898,2.332483288,-3.136580772,-1.354445653,-0.714906747,0,1,56,task,30,0,-1610,1,652,0
1,106,85,-2.273765638,-0.9582517807,2.363711072,-3.178158277,-1.34922697,-0.6865772705,0,1,57,task,10,0,-1610,1,652,0
1,106,86,-2.241258388,-0.9713914115,2.309749949,-3.104225477,-1.363565697,-0.6562363937,0,1,58,task,30,0,-1610,1,652,0
1,106,87,-2.211466662,-0.9798198564,2.25435284,-3.032388321,-1.376759276,-0.6284815478,0,1,59,task,30,0,-1610,1,652,0
1,106,88,-2.184086128,-0.9840450991,2.197511047,-2.962320823,-1.388900355,-0.6029901103,0,1,60,task,30,0,-1610,1,652,0
1,106,89,-2.159859918,-1.00077307,2.148316121,-2.862716624,-1.425549099,-0.5821471378,0,0,,transition,30,0,-1610,1,652,0
1,106,90,-2.135633709,-1.01750104,2.099121195,-2.763112424,-1.462197842,-0.5613041654,0,1,61,task,30,0,-1610,1,652,0
1,106,91,-2.111987886,-1.005381783,2.0369238,-2.702304682,-1.473641052,-0.5385020098,0,1,62,task,30,0,-1610,1,652,0
1,106,92,-2.09405858,-1.004858764,1.982992199,-2.614997771,-1.497973964,-0.5218758541,0,0,,transition,30,0,-1610,1,652,0
1,106,93,-2.076129275,-1.004335745,1.929060598,-2.527690861,-1.522306876,-0.5052496984,0,1,63,task,30,0,-1610,1,652,0
1,106,94,-2.049926973,-1.01263483,1.964732669,-2.572255382,-1.513846657,-0.4787018972,0,1,64,task,10,0,-1610,1,652,0
1,106,95,-2.064000705,-1.016653399,2.008515072,-2.632964409,-1.499196829,-0.4919706884,0,0,,transition,30,0,-1610,1,652,0
1,106,96,-2.078074437,-1.020671968,2.052297475,-2.693673436,-1.484547001,-0.5052394795,0,1,65,task,30,0,-1610,1,652,0
1,106,97,-2.104487731,-1.026578273,2.125398581,-2.78679534,-1.46394478,-0.5299601987,0,1,66,task,30,0,-1610,1,652,0
1,106,98,-2.127783438,-1.017440065,2.174043768,-2.864363495,-1.440218639,-0.5511981044,0,0,,transition,30,0,-1610,1,652,0
1,106,99,-2.151079146,-1.008301858,2.222688955,-2.941931651,-1.416492497,-0.57243601,0,0,,transition,30,0,-1610,1,652,0
1,106,100,-2.174374854,-0.9991636499,2.271334141,-3.019499807,-1.392766356,-0.5936739156,0,1,67,task,30,0,-1610,1,652,0
1,106,101,-2.204641968,-0.9857904682,2.331022384,-3.10741781,-1.376481445,-0.6212190617,0,1,68,task,30,0,-1610,1,652,0
1,106,102,-2.237723139,-0.9659891014,2.389075077,-3.199287344,-1.358959368,-0.6511533286,0,1,69,task,30,0,-1610,1,652,0
1,106,103,-2.181088655,-0.9626654758,2.293014056,-3.124040904,-1.36893183,-0.6122416957,0,0,,transition,10,0,-1610,1,652,0
1,106,104,-2.124454171,-0.9593418501,2.196953036,-3.048794464,-1.378904292,-0.5733300628,0,0,,transition,10,0,-1610,1,652,0
1,106,105,-2.067819688,-0.9560182245,2.100892015,-2.973548025,-1.388876755,-0.5344184299,0,0,,transition,10,0,-1610,1,652,0
1,106,106,-2.011185204,-0.9526945988,2.004830995,-2.898301585,-1.398849217,-0.495506797,0,0,,transition,10,0,-1610,1,652,0
1,106,107,-1.954550721,-0.9493709732,1.908769975,-2.823055145,-1.408821679,-0.4565951641,0,0,,transition,10,0,-1610,1,652,0
1,106,108,-1.897916237,-0.9460473476,1.812708954,-2.747808705,-1.418794141,-0.4176835312,0,0,,transition,10,0,-1610,1,652,0
1,106,109,-1.841281754,-0.9427237219,1.716647934,-2.672562265,-1.428766604,-0.3787718983,0,0,,transition,10,0,-1610,1,652,0
1,106,110,-1.78464727,-0.9394000963,1.620586913,-2.597315825,-1.438739066,-0.3398602653,0,0,,transition,10,0,-1610,1,652,0
1,106,111,-1.728012787,-0.9360764707,1.524525893,-2.522069385,-1.448711528,-0.3009486324,0,0,,transition,10,0,-1610,1,652,0
1,106,112,-1.72340422,-0.8990228374,1.514635464,-2.422594384,-1.487503624,-0.2484251223,0,0,,transition,10,0,-1610,1,652,0
1,106,113,-1.718795653,-0.8619692041,1.504745035,-2.323119382,-1.52629572,-0.1959016122,0,0,,transition,10,0,-1610,1,652,0
1,106,114,-1.714187086,-0.8249155709,1.494854606,-2.223644381,-1.565087816,-0.1433781021,0,1,70,task,10,0,-1610,1,652,0
1,106,115,-1.71859536,-0.859177765,1.566229441,-2.264675193,-1.564558525,-0.1477946995,0,1,71,task,30,0,-1610,1,652,0
1,106,116,-1.723283521,-0.8923371844,1.635162573,-2.30436014,-1.56399728,-0.1524893511,0,1,72,task,30,0,-1610,1,652,0
1,106,117,-1.72827923,-0.9245430489,1.701970006,-2.342865043,-1.563400997,-0.1574895492,0,1,73,task,30,0,-1610,1,652,0
1,106,118,-1.733613942,-0.9559198739,1.766912707,-2.38032523,-1.562766181,-0.1628265543,0,1,74,task,30,0,-1610,1,652,0
1,106,119,-1.739549302,-0.9844560169,1.838977361,-2.438425935,-1.561471084,-0.168746097,0,1,75,task,30,0,-1610,1,652,0
1,106,120,-1.745366792,-1.0113296,1.908152959,-2.494125858,-1.561529788,-0.174513874,0,1,76,task,30,0,-1610,1,652,0
1,106,121,-1.712472731,-1.031833085,1.960703149,-2.535333976,-1.568145452,-0.1415896547,0,1,77,task,10,0,-1610,1,652,0
1,106,122,-1.708310088,-1.005107437,1.901128441,-2.500000036,-1.566260795,-0.1374411321,0,1,78,task,30,0,-1610,1,652,0
1,106,123,-1.705424937,-0.9788000355,1.830738328,-2.440289187,-1.561709269,-0.1346143155,0,1,79,task,30,0,-1610,1,652,0
1,106,124,-1.700691544,-0.9502724724,1.754796741,-2.373484233,-1.562808265,-0.1299029914,0,1,80,task,30,0,-1610,1,652,0
1,106,125,-1.696472601,-0.9187616482,1.689911579,-2.336593886,-1.563264536,-0.1256823127,0,1,81,task,30,0,-1610,1,652,0
1,106,126,-1.69251962,-0.8864217679,1.623135597,-2.29863605,-1.56369345,-0.1217261897,0,1,82,task,30,0,-1610,1,652,0
1,106,127,-1.68880811,-0.8531254323,1.554203989,-2.259474012,-1.564097484,-0.1180102536,0,1,83,task,30,0,-1610,1,652,0
1,106,128,-1.685316508,-0.81871995,1.482795332,-2.218939635,-1.564478824,-0.1145130523,0,1,84,task,30,0,-1610,1,652,0
1,106,129,-1.657289474,-0.8206398089,1.48742977,-2.223485372,-1.563884583,-0.08649106706,0,1,85,task,10,0,-1610,1,652,0
1,106,130,-1.659925079,-0.8548941937,1.558275918,-2.263291584,-1.563618683,-0.08913008228,0,1,86,task,30,0,-1610,1,652,0
1,106,131,-1.66272654,-0.8880669779,1.62668639,-2.301740974,-1.563337142,-0.09193421578,0,1,87,task,30,0,-1610,1,652,0
1,106,132,-1.665710102,-0.9203075158,1.692973486,-2.338996129,-1.563038446,-0.09491964212,0,1,88,task,30,0,-1610,1,652,0
1,106,133,-1.668894214,-0.9517408745,1.757394808,-2.37518917,-1.562720878,-0.09810473123,0,1,89,task,30,0,-1610,1,652,0
1,106,134,-1.670226564,-0.9780514194,1.844229001,-2.470633169,-1.567926931,-0.09937729543,0,1,90,task,30,0,-1610,1,652,0
1,106,135,-1.672797562,-1.005344483,1.904395524,-2.505473237,-1.570180793,-0.1019403059,0,1,91,task,30,0,-1610,1,652,0
1,106,136,-1.674392377,-1.030380974,1.968971892,-2.555262518,-1.575327985,-0.103494653,0,1,92,task,30,0,-1610,1,652,0
1,106,137,-1.637265774,-1.020252217,1.967173524,-2.580135168,-1.578060084,-0.06634761769,0,1,93,task,10,0,-1610,1,652,0
1,106,138,-1.634427067,-0.9963673293,1.899001181,-2.521389466,-1.579565938,-0.06356545194,0,1,94,task,30,0,-1610,1,652,0
1,106,139,-1.630429997,-0.9704129733,1.830171994,-2.466004391,-1.58472168,-0.05960741654,0,1,95,task,30,0,-1610,1,652,0
1,106,140,-1.627154834,-0.9569979213,1.776415795,-2.396937236,-1.591248298,-0.05634970173,0,0,,transition,30,0,-1610,1,652,0
1,106,141,-1.623879672,-0.9435828694,1.722659596,-2.327870082,-1.597774917,-0.05309198693,0,1,96,task,30,0,-1610,1,652,0
1,106,142,-1.622214997,-0.9115449046,1.657206903,-2.290747961,-1.597814136,-0.05142247241,0,1,97,task,30,0,-1610,1,652,0
1,106,143,-1.620654076,-0.8786317881,1.589729978,-2.252479321,-1.597843797,-0.04985632626,0,1,98,task,30,0,-1610,1,652,0
1,106,144,-1.619187486,-0.8447048373,1.519942278,-2.21291611,-1.597864738,-0.04838415873,0,1,99,task,30,0,-1610,1,652,0
1,106,145,-1.617806913,-0.8095964921,1.447492538,-2.171874455,-1.597877701,-0.04699768669,0,1,100,task,30,0,-1610,1,652,0
1,106,146,-1.589795148,-0.8075267339,1.446148176,-2.173624283,-1.59685722,-0.01899666753,0,1,101,task,10,0,-1610,1,652,0
1,106,147,-1.590329834,-0.8425226567,1.518777877,-2.215326299,-1.596922512,-0.01953391437,0,1,102,task,30,0,-1610,1,652,0
1,106,148,-1.590897982,-0.8763088235,1.58871723,-2.255548643,-1.596983976,-0.02010444048,0,1,103,task,30,0,-1610,1,652,0
1,106,149,-1.591502828,-0.9090526482,1.656320836,-2.294478555,-1.597041279,-0.02071146509,0,1,104,task,30,0,-1610,1,652,0
1,106,150,-1.592346648,-0.9407602239,1.731560107,-2.353848013,-1.596536737,-0.02156051904,0,1,105,task,30,0,-1610,1,652,0
1,106,151,-1.59324459,-0.9685907311,1.815338527,-2.439271992,-1.596030191,-0.02245407892,0,1,106,task,30,0,-1610,1,652,0
1,106,152,-1.597771675,-0.995549243,1.885190556,-2.495239264,-1.586114839,-0.02696617901,0,1,107,task,30,0,-1610,1,652,0
1,106,153,-1.599365408,-1.022421623,1.943863379,-2.528179642,-1.584493076,-0.02855731597,0,1,108,task,30,0,-1610,1,652,0
1,106,154,-1.562241172,-1.012976223,1.922466625,-2.512869271,-1.589052117,0.008548375991,0,1,109,task,10,0,-1610,1,652,0
1,106,155,-1.560324728,-0.9864089045,1.857881843,-2.466502773,-1.594931184,0.01046783734,0,1,110,task,30,0,-1610,1,652,0
1,106,156,-1.56006646,-0.9592302363,1.787234451,-2.408229639,-1.596586811,0.01072919785,0,1,111,task,30,0,-1610,1,652,0
1,106,157,-1.560516751,-0.9301877703,1.712827978,-2.34563762,-1.59627401,0.01027882551,0,1,112,task,30,0,-1610,1,652,0
1,106,158,-1.560816776,-0.8984161883,1.641197958,-2.294472932,-1.596322367,0.009977191579,0,1,113,task,30,0,-1610,1,652,0
1,106,159,-1.561143487,-0.8655352929,1.570653721,-2.249627149,-1.596235884,0.00964882585,0,1,114,task,30,0,-1610,1,652,0
1,106,160,-1.561478965,-0.8316378572,1.49990916,-2.208252957,-1.596062838,0.009312099179,0,1,115,task,30,0,-1610,1,652,0
1,106,161,-1.561795013,-0.7964490897,1.426339071,-2.165343949,-1.595891644,0.008994701382,0,1,116,task,30,0,-1610,1,652,0
1,106,162,-1.533939761,-0.7907708424,1.418161679,-2.164550376,-1.595059852,0.03684379214,0,1,117,task,10,0,-1610,1,652,0
1,106,163,-1.532774476,-0.8259193432,1.492276108,-2.208631514,-1.595375134,0.03801501705,0,1,118,task,30,0,-1610,1,652,0
1,106,164,-1.531545642,-0.8597634396,1.563907222,-2.252023734,-1.595674209,0.03924955214,0,1,119,task,30,0,-1610,1,652,0
1,106,165,-1.530280373,-0.8925749555,1.635013803,-2.298354573,-1.595859707,0.04052097927,0,1,120,task,30,0,-1610,1,652,0
1,106,166,-1.528929844,-0.9241975866,1.70376666,-2.343517976,-1.596063349,0.04187536804,0,1,121,task,30,0,-1610,1,652,0
1,106,167,-1.527321745,-0.9532427953,1.774658315,-2.398244804,-1.596740098,0.04348437029,0,1,122,task,30,0,-1610,1,652,0
1,106,168,-1.525562804,-0.9805172036,1.844190651,-2.454242634,-1.597538708,0.04523607355,0,1,123,task,30,0,-1610,1,652,0
1,106,169,-1.52515607,-1.007440202,1.906693793,-2.495961219,-1.594514541,0.04563283886,0,1,124,task,30,0,-1610,1,652,0
1,106,170,-1.488515425,-0.9926498468,1.89566314,-2.515513054,-1.600940452,0.08223478254,0,1,125,task,10,0,-1610,1,652,0
1,106,171,-1.492453431,-0.9690848675,1.816588488,-2.430850082,-1.597606821,0.07835902225,0,1,126,task,30,0,-1610,1,652,0
1,106,172,-1.495317328,-0.9413025796,1.749198429,-2.380628674,-1.596633263,0.07549992364,0,1,127,task,30,0,-1610,1,652,0
1,106,173,-1.497946825,-0.9118860972,1.680623138,-2.3317903,-1.59583218,0.07286731933,0,1,128,task,30,0,-1610,1,652,0
1,106,174,-1.500263025,-0.8801888058,1.613103912,-2.28976448,-1.595496653,0.07054581188,0,1,129,task,30,0,-1610,1,652,0
1,106,175,-1.502436667,-0.8473661857,1.543241343,-2.246515669,-1.595186148,0.06836454592,0,1,130,task,30,0,-1610,1,652,0
1,106,176,-1.504498276,-0.8133085491,1.47074966,-2.201943166,-1.594842129,0.06629322525,0,1,131,task,30,0,-1610,1,652,0
1,106,177,-1.506498851,-0.7779324035,1.395350392,-2.156029323,-1.594328674,0.06428126276,0,1,132,task,30,0,-1610,1,652,0
1,106,178,-1.47913687,-0.7679884403,1.379384238,-2.152994451,-1.593884562,0.09164667682,0,1,133,task,10,0,-1610,1,652,0
1,106,179,-1.476357862,-0.8034671097,1.455149678,-2.199323307,-1.594460873,0.0944406126,0,1,134,task,30,0,-1610,1,652,0
1,106,180,-1.473489578,-0.837484859,1.526824702,-2.242023873,-1.59482148,0.09731908022,0,1,135,task,30,0,-1610,1,652,0
1,106,181,-1.470443029,-0.8702501996,1.595809628,-2.283280213,-1.595208244,0.1003738817,0,1,136,task,30,0,-1610,1,652,0
1,106,182,-1.467201257,-0.9019184698,1.662442898,-2.323274604,-1.595623695,0.1036217969,0,1,137,task,30,0,-1610,1,652,0
1,106,183,-1.463577738,-0.9313346726,1.729756841,-2.369182219,-1.596543458,0.1072501172,0,1,138,task,30,0,-1610,1,652,0
1,106,184,-1.459663735,-0.9592961401,1.795625958,-2.415698496,-1.597621417,0.1111616523,0,1,139,task,30,0,-1610,1,652,0
1,106,185,-1.455463954,-0.9861036267,1.859689036,-2.461546544,-1.59876999,0.1153502119,0,1,140,task,30,0,-1610,1,652,0
1,106,186,-1.422006073,-0.9733719967,1.831191236,-2.44017875,-1.600194055,0.14883263,0,1,141,task,10,0,-1610,1,652,0
1,106,187,-1.42744428,-0.9463527866,1.768303803,-2.397364756,-1.598440425,0.1433982354,0,1,142,task,30,0,-1610,1,652,0
1,106,188,-1.432524541,-0.9182480124,1.703584882,-2.353777623,-1.596760973,0.1383148347,0,1,143,task,30,0,-1610,1,652,0
1,106,189,-1.43720497,-0.8887062341,1.637367182,-2.310668929,-1.595370979,0.1336261738,0,1,144,task,30,0,-1610,1,652,0
1,106,190,-1.441308822,-0.8569779477,1.571127757,-2.271949158,-1.594907772,0.1295153404,0,1,145,task,30,0,-1610,1,652,0
1,106,191,-1.445171227,-0.8241430892,1.502474661,-2.231912743,-1.594474914,0.1256441137,0,1,146,task,30,0,-1610,1,652,0
1,106,192,-1.448812597,-0.7900408116,1.43106118,-2.190374828,-1.594069819,0.1219922312,0,1,147,task,30,0,-1610,1,652,0
1,106,193,-1.42187891,-0.7743902638,1.40178321,-2.177723537,-1.593700491,0.1489316684,0,1,148,task,10,0,-1610,1,652,0
1,106,194,-1.417513547,-0.8086802625,1.473312943,-2.218585999,-1.594132719,0.1533078183,0,1,149,task,30,0,-1610,1,652,0
1,106,195,-1.412889557,-0.8416610873,1.541968754,-2.257873394,-1.594593249,0.157941143,0,1,150,task,30,0,-1610,1,652,0
1,106,196,-1.407983776,-0.8735023556,1.608114422,-2.29577871,-1.59508462,0.1628546837,0,1,151,task,30,0,-1610,1,652,0
1,106,197,-1.402295546,-0.9031648909,1.675609191,-2.341275923,-1.596989066,0.168554878,0,1,152,task,30,0,-1610,1,652,0
1,106,198,-1.396044765,-0.931101936,1.742156411,-2.388995648,-1.599493784,0.1748077845,0,1,153,task,30,0,-1610,1,652,0
1,106,199,-1.388393677,-0.9575306681,1.805348729,-2.433407229,-1.604750381,0.1824657472,0,1,154,task,30,0,-1610,1,652,0
1,106,200,-1.355178511,-0.942373261,1.779581444,-2.424255466,-1.609632156,0.2157152727,0,1,155,task,10,0,-1610,1,652,0
1,106,201,-1.363906925,-0.9160301838,1.719946924,-2.387855257,-1.603918083,0.2069602628,0,1,156,task,30,0,-1610,1,652,0
1,106,202,-1.372253195,-0.8887703913,1.650624417,-2.33291434,-1.597814435,0.198609695,0,1,157,task,30,0,-1610,1,652,0
1,106,203,-1.379109478,-0.8591674273,1.580611888,-2.282005199,-1.594812786,0.1917361393,0,1,158,task,30,0,-1610,1,652,0
1,106,204,-1.384784541,-0.8272510577,1.514526081,-2.244705006,-1.594303585,0.186052727,0,1,159,task,30,0,-1610,1,652,0
1,106,205,-1.390140883,-0.7941565809,1.445831316,-2.20596066,-1.593825187,0.1806866929,0,1,160,task,30,0,-1610,1,652,0
1,106,206,-1.395204003,-0.7597055651,1.374145682,-2.165570004,-1.59337514,0.1756126382,0,1,161,task,30,0,-1610,1,652,0
1,106,207,-1.36977047,-0.7391307044,1.333951701,-2.14608938,-1.593001305,0.201050261,0,1,162,task,10,0,-1610,1,652,0
1,106,208,-1.364090074,-0.7740067955,1.40644052,-2.186487902,-1.593457956,0.2067418606,0,1,163,task,30,0,-1610,1,652,0
1,106,209,-1.358089331,-0.8074351128,1.475732761,-2.225124342,-1.593942279,0.2127527596,0,1,164,task,30,0,-1610,1,652,0
1,106,210,-1.351741308,-0.8396114893,1.542247867,-2.262220894,-1.594456572,0.219109814,0,1,165,task,30,0,-1610,1,652,0
1,106,211,-1.343563726,-0.869470704,1.616836541,-2.322392215,-1.599369188,0.2273103909,0,1,166,task,30,0,-1610,1,652,0
1,106,212,-1.332647916,-0.8960605698,1.685115806,-2.375693201,-1.610905578,0.2382650343,0,1,167,task,30,0,-1610,1,652,0
1,106,213,-1.323285276,-0.9223781678,1.743668948,-2.409200706,-1.616147608,0.2476703357,0,1,168,task,30,0,-1610,1,652,0
1,106,214,-1.316312983,-0.9299468979,1.793075282,-2.481186771,-1.624658225,0.2542688503,0,0,,transition,30,0,-1610,1,652,0
1,106,215,-1.30934069,-0.937515628,1.842481617,-2.553172836,-1.633168843,0.2608673648,0,1,169,task,30,0,-1610,1,652,0
1,106,216,-1.270979387,-0.9218163041,1.799761503,-2.507240241,-1.654341651,0.2998894047,0,1,170,task,10,0,-1610,1,652,0
1,106,217,-1.291739526,-0.9009544811,1.718016872,-2.413227729,-1.617553571,0.2790473022,0,0,,transition,30,0,-1610,1,652,0
1,106,218,-1.312499664,-0.8800926581,1.63627224,-2.319215216,-1.580765491,0.2582051996,0,0,,transition,30,0,-1610,1,652,0
1,106,219,-1.333259802,-0.8592308351,1.554527609,-2.225202704,-1.543977411,0.237363097,0,1,171,task,30,0,-1610,1,652,0
1,106,220,-1.323923855,-0.8246358317,1.513254276,-2.247748294,-1.594182683,0.2469336706,0,1,172,task,30,0,-1610,1,652,0
1,106,221,-1.330959315,-0.7923637736,1.446621615,-2.210936917,-1.593663827,0.2398887839,0,1,173,task,30,0,-1610,1,652,0
1,106,222,-1.337618365,-0.7587834035,1.377084711,-2.172513471,-1.593174236,0.2332193578,0,1,174,task,30,0,-1610,1,652,0
1,106,223,-1.343929391,-0.7236861986,1.304196562,-2.132240997,-1.592711741,0.2268970647,0,1,175,task,30,0,-1610,1,652,0
1,106,224,-1.312724038,-0.6878295097,1.221396828,-2.061576662,-1.619799855,0.2582755065,0,1,176,task,10,0,-1610,1,652,0
1,106,225,-1.305989874,-0.7243313035,1.296170651,-2.100840348,-1.619386648,0.265019391,0,1,177,task,30,0,-1610,1,652,0
1,106,226,-1.298903385,-0.7591313285,1.367124847,-2.137972719,-1.618974534,0.2721157793,0,1,178,task,30,0,-1610,1,652,0
1,106,227,-1.290214879,-0.7925641338,1.44022812,-2.184730215,-1.622442898,0.2809150253,0,1,179,task,30,0,-1610,1,652,0
1,106,228,-1.278802158,-0.8235293063,1.522046148,-2.256621785,-1.632932595,0.2925665504,0,1,180,task,30,0,-1610,1,652,0
1,106,229,-1.270098998,-0.8525470535,1.60110136,-2.328086898,-1.633381298,0.3011894807,0,1,181,task,30,0,-1610,1,652,0
1,106,230,-1.261565377,-0.8800437856,1.660969544,-2.361614581,-1.631793145,0.3096969752,0,1,182,task,30,0,-1610,1,652,0
1,106,231,-1.254731786,-0.8895481,1.709619195,-2.428358298,-1.638051816,0.3161428579,0,0,,transition,30,0,-1610,1,652,0
1,106,232,-1.247898195,-0.8990524145,1.758268845,-2.495102016,-1.644310487,0.3225887407,0,1,183,task,30,0,-1610,1,652,0
1,106,233,-1.208851076,-0.8787510892,1.713513915,-2.453632185,-1.67354755,0.3626899173,0,1,184,task,10,0,-1610,1,652,0
1,106,234,-1.219956812,-0.8704530692,1.667140272,-2.390706564,-1.655743408,0.3515704932,0,0,,transition,30,0,-1610,1,652,0
1,106,235,-1.231062548,-0.8621550491,1.620766629,-2.327780943,-1.637939266,0.3404510692,0,1,185,task,30,0,-1610,1,652,0
1,106,236,-1.241910494,-0.8347830999,1.555367898,-2.281978581,-1.634613966,0.3295546225,0,1,186,task,30,0,-1610,1,652,0
1,106,237,-1.252142415,-0.8058776126,1.487211403,-2.234846339,-1.631450307,0.3192567136,0,1,187,task,30,0,-1610,1,652,0
1,106,238,-1.262140706,-0.7750473266,1.415549546,-2.185392032,-1.627351488,0.3091533898,0,1,188,task,30,0,-1610,1,652,0
1,106,239,-1.272358211,-0.7416806473,1.339228708,-2.132153033,-1.620874,0.2987595807,0,1,189,task,30,0,-1610,1,652,0
1,106,240,-1.280941852,-0.7064127432,1.263271216,-2.085962572,-1.618234933,0.2900824581,0,1,190,task,30,0,-1610,1,652,0
1,106,241,-1.288219385,-0.6694354664,1.186964481,-2.045184049,-1.618673651,0.2827914945,0,1,191,task,30,0,-1610,1,652,0
1,106,242,-1.259845091,-0.6704589338,1.194208387,-2.054039632,-1.618060999,0.3112131891,0,1,192,task,10,0,-1610,1,652,0
1,106,243,-1.250487848,-0.7069385548,1.274002241,-2.103841343,-1.62219376,0.3207002,0,1,193,task,30,0,-1610,1,652,0
1,106,244,-1.240630077,-0.7412122059,1.349215918,-2.151162238,-1.626435574,0.3306823029,0,1,194,task,30,0,-1610,1,652,0
1,106,245,-1.230403278,-0.7731748519,1.421096958,-2.197684407,-1.630241995,0.3410159395,0,1,195,task,30,0,-1610,1,652,0
1,106,246,-1.219803605,-0.8029054471,1.490210762,-2.24395711,-1.633542669,0.351698218,0,1,196,task,30,0,-1610,1,652,0
1,106,247,-1.242851262,-0.8236959292,1.487556021,-2.176402801,-1.54832813,0.3278797966,0,0,,transition,30,0,-1610,1,652,0
1,106,248,-1.26589892,-0.8444864114,1.484901281,-2.108848493,-1.463113591,0.3040613753,0,1,197,task,30,0,-1610,1,652,0
1,106,249,-1.237522713,-0.8549684157,1.544100722,-2.197724657,-1.498478562,0.3087931992,0,0,,transition,10,0,-1610,1,652,0
1,106,250,-1.209146505,-0.86545042,1.603300162,-2.286600821,-1.533843533,0.313525023,0,0,,transition,10,0,-1610,1,652,0
1,106,251,-1.180770298,-0.8759324243,1.662499603,-2.375476984,-1.569208505,0.3182568469,0,0,,transition,10,0,-1610,1,652,0
1,106,252,-1.15239409,-0.8864144286,1.721699043,-2.464353148,-1.604573476,0.3229886708,0,0,,transition,10,0,-1610,1,652,0
1,106,253,-1.173857093,-0.8708558626,1.721920107,-2.485429422,-1.675919013,0.3971881214,0,1,198,task,30,0,-1610,1,652,0
1,106,254,-1.146052268,-0.8441763281,1.65990841,-2.435497826,-1.687810898,0.4258917558,0,1,199,task,10,0,-1610,1,652,0
1,106,255,-1.164909842,-0.8234022072,1.582002889,-2.350775258,-1.664727507,0.4069258602,0,0,,transition,30,0,-1610,1,652,0
1,106,256,-1.183767416,-0.8026280863,1.504097367,-2.266052691,-1.641644117,0.3879599645,0,1,200,task,30,0,-1610,1,652,0
1,106,257,-1.196393466,-0.7746873495,1.440085662,-2.226604313,-1.634899555,0.375166173,0,1,201,task,30,0,-1610,1,652,0
1,106,258,-1.20733183,-0.7441901124,1.36791912,-2.176156837,-1.631694896,0.3641632386,0,1,202,task,30,0,-1610,1,652,0
1,106,259,-1.218423615,-0.7112294844,1.291175679,-2.122434694,-1.626198236,0.3529237487,0,1,203,task,30,0,-1610,1,652,0
1,106,260,-1.228320864,-0.6761336406,1.215517973,-2.077375676,-1.623029222,0.3429266837,0,1,204,task,30,0,-1610,1,652,0
1,106,261,-1.237736644,-0.6387241411,1.134943182,-2.029625958,-1.619935706,0.3334096162,0,1,205,task,30,0,-1610,1,652,0
1,106,262,-1.27104298,-0.731931727,1.178528864,-1.983743362,-1.615022135,0.3000686546,0,0,,transition,10,0,-1610,1,652,0
1,106,263,-1.304349316,-0.8251393129,1.222114545,-1.937860766,-1.610108564,0.266727693,0,0,,transition,10,0,-1610,1,652,0
1,106,264,-1.337655651,-0.9183468988,1.265700227,-1.891978171,-1.605194994,0.2333867314,0,0,,transition,10,0,-1610,1,652,0
1,106,265,-1.370961987,-1.011554485,1.309285909,-1.846095575,-1.600281423,0.2000457697,0,0,,transition,10,0,-1610,1,652,0
1,106,266,-1.404268322,-1.104762071,1.352871591,-1.800212979,-1.595367853,0.1667048081,0,0,,transition,10,0,-1610,1,652,0
1,106,267,-1.437574658,-1.197969656,1.396457273,-1.754330383,-1.590454282,0.1333638465,0,0,,transition,10,0,-1610,1,652,0
1,106,268,-1.470880993,-1.291177242,1.440042955,-1.708447787,-1.585540712,0.1000228849,0,0,,transition,10,0,-1610,1,652,0
1,106,269,-1.504187329,-1.384384828,1.483628636,-1.662565192,-1.580627141,0.06668192324,0,0,,transition,10,0,-1610,1,652,0
1,106,270,-1.537493664,-1.477592414,1.527214318,-1.616682596,-1.575713571,0.03334096162,0,0,,transition,10,0,-1610,1,652,0
1,106,271,-1.5708,-1.5708,1.5708,-1.5708,-1.5708,0,0,0,,home,30,0,-1610,1,652,0
2,118,1,-1.5708,-1.5708,1.5708,-1.5708,-1.5708,0,0,0,,home,30,0,1610,1,652,0
2,118,2,-1.570090281,-1.472939794,1.477897319,-1.581148289,-1.569344562,0.000707357386,0,0,,transition,10,0,1610,1,652,0
2,118,3,-1.569380562,-1.375079589,1.384994638,-1.591496579,-1.567889125,0.001414714772,0,0,,transition,10,0,1610,1,652,0
2,118,4,-1.568670843,-1.277219383,1.292091957,-1.601844868,-1.566433687,0.002122072158,0,0,,transition,10,0,1610,1,652,0
2,118,5,-1.567961125,-1.179359178,1.199189277,-1.612193158,-1.56497825,0.002829429544,0,0,,transition,10,0,1610,1,652,0
2,118,6,-1.567251406,-1.081498972,1.106286596,-1.622541447,-1.563522812,0.00353678693,0,0,,transition,10,0,1610,1,652,0
2,118,7,-1.566541687,-0.9836387668,1.013383915,-1.632889737,-1.562067374,0.004244144316,0,0,,transition,10,0,1610,1,652,0
2,118,8,-1.565831968,-0.8857785612,0.9204812341,-1.643238026,-1.560611937,0.004951501702,0,0,,transition,10,0,1610,1,652,0
2,118,9,-1.565122249,-0.7879183557,0.8275785532,-1.653586316,-1.559156499,0.005658859088,0,0,,transition,10,0,1610,1,652,0
2,118,10,-1.56441253,-0.6900581501,0.7346758724,-1.663934605,-1.557701061,0.006366216474,0,0,,transition,10,0,1610,1,652,0
2,118,11,-1.563702811,-0.5921979446,0.6417731915,-1.674282895,-1.556245624,0.00707357386,0,0,,transition,10,0,1610,1,652,0
2,118,12,-1.562993092,-0.4943377391,0.5488705107,-1.684631184,-1.554790186,0.007780931246,0,0,,transition,10,0,1610,1,652,0
2,118,13,-1.562283374,-0.3964775335,0.4559678298,-1.694979474,-1.553334749,0.008488288632,0,0,,transition,10,0,1610,1,652,0
2,118,14,-1.561573655,-0.298617328,0.363065149,-1.705327763,-1.551879311,0.009195646018,0,0,,transition,10,0,1610,1,652,0
2,118,15,-1.560863936,-0.2007571224,0.2701624681,-1.715676053,-1.550423873,0.009903003404,0,1,1,task,10,0,1610,1,652,0
2,118,16,-1.560746656,-0.2378503404,0.3523051094,-1.761484549,-1.550613145,0.01001934317,0,0,,transition,30,0,1610,1,652,0
2,118,17,-1.560629376,-0.2749435583,0.4344477506,-1.807293046,-1.550802416,0.01013568294,0,0,,transition,30,0,1610,1,652,0
2,118,18,-1.560512096,-0.3120367763,0.5165903919,-1.853101543,-1.550991687,0.01025202271,0,1,2,task,30,0,1610,1,652,0
2,118,19,-1.560328042,-0.348615265,0.5982725017,-1.899343722,-1.551277047,0.01043455047,0,0,,transition,30,0,1610,1,652,0
2,118,20,-1.560143988,-0.3851937537,0.6799546115,-1.945585901,-1.551562407,0.01061707824,0,1,3,task,30,0,1610,1,652,0
2,118,21,-1.559945069,-0.4145335515,0.7460929773,-1.983592323,-1.551873878,0.01081425894,0,0,,transition,30,0,1610,1,652,0
2,118,22,-1.55974615,-0.4438733493,0.8122313431,-2.021598745,-1.552185349,0.01101143965,0,1,4,task,30,0,1610,1,652,0
2,118,23,-1.559453584,-0.4689813469,0.8704707482,-2.05686044,-1.552826213,0.01130084945,0,0,,transition,30,0,1610,1,652,0
2,118,24,-1.559161017,-0.4940893445,0.9287101533,-2.092122134,-1.553467078,0.01159025926,0,1,5,task,30,0,1610,1,652,0
2,118,25,-1.558853674,-0.5162586257,0.9808315992,-2.124204063,-1.554111703,0.01189406187,0,0,,transition,30,0,1610,1,652,0
2,118,26,-1.55854633,-0.5384279069,1.032953045,-2.156285992,-1.554756328,0.01219786448,0,1,6,task,30,0,1610,1,652,0
2,118,27,-1.583120677,-0.5455043083,1.048082872,-2.16202913,-1.552029058,-0.0122811484,0,1,7,task,10,0,1610,1,652,0
2,118,28,-1.583096428,-0.5236724142,0.9969655889,-2.131001025,-1.551569995,-0.01225895995,0,0,,transition,30,0,1610,1,652,0
2,118,29,-1.583072179,-0.5018405201,0.9458483059,-2.09997292,-1.551110932,-0.0122367715,0,1,8,task,30,0,1610,1,652,0
2,118,30,-1.583048931,-0.477262661,0.8890194772,-2.065981106,-1.550652193,-0.01221549471,0,0,,transition,30,0,1610,1,652,0
2,118,31,-1.583025682,-0.452684802,0.8321906485,-2.031989292,-1.550193454,-0.01219421791,0,1,9,task,30,0,1610,1,652,0
2,118,32,-1.58293739,-0.4241656832,0.7680399467,-1.995429845,-1.550000741,-0.01210715886,0,0,,transition,30,0,1610,1,652,0
2,118,33,-1.582849098,-0.3956465645,0.7038892449,-1.958870397,-1.549808029,-0.01202009981,0,1,10,task,30,0,1610,1,652,0
2,118,34,-1.582764796,-0.3606739426,0.6258240307,-1.914849914,-1.549614684,-0.01193697191,0,0,,transition,30,0,1610,1,652,0
2,118,35,-1.582680494,-0.3257013206,0.5477588165,-1.870829432,-1.54942134,-0.01185384402,0,1,11,task,30,0,1610,1,652,0
2,118,36,-1.582626776,-0.2923254903,0.4738228859,-1.829650722,-1.54929205,-0.01180087177,0,0,,transition,30,0,1610,1,652,0
2,118,37,-1.582573057,-0.25894966,0.3998869553,-1.788472013,-1.549162761,-0.01174789952,0,0,,transition,30,0,1610,1,652,0
2,118,38,-1.582519339,-0.2255738296,0.3259510248,-1.747293303,-1.549033472,-0.01169492728,0,1,12,task,30,0,1610,1,652,0
2,118,39,-1.604339783,-0.2524577573,0.3862741831,-1.781120037,-1.547548851,-0.03345576021,0,1,13,task,10,0,1610,1,652,0
2,118,40,-1.604675718,-0.29745797,0.4860448456,-1.836670767,-1.547674493,-0.0337885937,0,0,,transition,30,0,1610,1,652,0
2,118,41,-1.605011653,-0.3424581827,0.5858155081,-1.892221497,-1.547800134,-0.0341214272,0,1,14,task,30,0,1610,1,652,0
2,118,42,-1.605363178,-0.3756450143,0.6599242768,-1.933923541,-1.547923492,-0.0344696791,0,0,,transition,30,0,1610,1,652,0
2,118,43,-1.605714704,-0.408831846,0.7340330456,-1.975625585,-1.54804685,-0.03481793101,0,1,15,task,30,0,1610,1,652,0
2,118,44,-1.606082933,-0.4363786134,0.7960038075,-2.010829497,-1.54816776,-0.03518270266,0,0,,transition,30,0,1610,1,652,0
2,118,45,-1.606451162,-0.4639253808,0.8579745694,-2.046033409,-1.54828867,-0.03554747431,0,1,16,task,30,0,1610,1,652,0
2,118,46,-1.606782048,-0.4878519711,0.9132384322,-2.07884309,-1.54861567,-0.0358726278,0,0,,transition,30,0,1610,1,652,0
2,118,47,-1.607112934,-0.5117785614,0.9685022951,-2.111652772,-1.54894267,-0.03619778129,0,1,17,task,30,0,1610,1,652,0
2,118,48,-1.6078081,-0.5545538298,1.068487697,-2.171808076,-1.54958991,-0.03688072166,0,1,18,task,30,0,1610,1,652,0
2,118,49,-1.632774203,-0.5638020971,1.089566324,-2.18205907,-1.546988126,-0.06176503636,0,1,19,task,10,0,1610,1,652,0
2,118,50,-1.631396192,-0.521925286,0.9918460355,-2.123827864,-1.546696726,-0.06040467932,0,1,20,task,30,0,1610,1,652,0
2,118,51,-1.630740344,-0.4986421409,0.9381293097,-2.09220009,-1.546545065,-0.05975710554,0,0,,transition,30,0,1610,1,652,0
2,118,52,-1.630084496,-0.4753589958,0.8844125838,-2.060572316,-1.546393404,-0.05910953176,0,1,21,task,30,0,1610,1,652,0
2,118,53,-1.629435289,-0.4487392768,0.8244613307,-2.026553096,-1.546327717,-0.05846569739,0,0,,transition,30,0,1610,1,652,0
2,118,54,-1.628786083,-0.4221195578,0.7645100775,-1.992533876,-1.546262031,-0.05782186301,0,1,22,task,30,0,1610,1,652,0
2,118,55,-1.62816556,-0.3905355037,0.693928393,-1.952866972,-1.546195683,-0.0572063416,0,0,,transition,30,0,1610,1,652,0
2,118,56,-1.627545036,-0.3589514495,0.6233467085,-1.913200068,-1.546129335,-0.05659082019,0,1,23,task,30,0,1610,1,652,0
2,118,57,-1.626952134,-0.3178292699,0.532084009,-1.862389816,-1.546059204,-0.05600266042,0,0,,transition,30,0,1610,1,652,0
2,118,58,-1.626359232,-0.2767070902,0.4408213095,-1.811579563,-1.545989073,-0.05541450065,0,1,24,task,30,0,1610,1,652,0
2,118,59,-1.626075688,-0.2313765072,0.3409962133,-1.756749973,-1.545952239,-0.05513320591,0,0,,transition,30,0,1610,1,652,0
2,118,60,-1.625792144,-0.1860459241,0.2411711171,-1.701920382,-1.545915405,-0.05485191116,0,0,,transition,30,0,1610,1,652,0
2,118,61,-1.625508599,-0.140715341,0.1413460209,-1.647090791,-1.545878571,-0.05457061642,0,0,,transition,30,0,1610,1,652,0
2,118,62,-1.625225055,-0.09538475798,0.04152092466,-1.5922612,-1.545841737,-0.05428932167,0,1,25,task,30,0,1610,1,652,0
2,118,63,-1.636025492,-0.1259359073,0.1091532761,-1.629375732,-1.545078258,-0.06506104228,0,0,,transition,10,0,1610,1,652,0
2,118,64,-1.646825929,-0.1564870566,0.1767856274,-1.666490263,-1.544314778,-0.07583276288,0,1,26,task,10,0,1610,1,652,0
2,118,65,-1.647367549,-0.2013036818,0.275613051,-1.720890058,-1.544333455,-0.07637050827,0,0,,transition,30,0,1610,1,652,0
2,118,66,-1.64790917,-0.246120307,0.3744404746,-1.775289853,-1.544352132,-0.07690825366,0,0,,transition,30,0,1610,1,652,0
2,118,67,-1.64845079,-0.2909369322,0.4732678981,-1.829689647,-1.544370809,-0.07744599905,0,1,27,task,30,0,1610,1,652,0
2,118,68,-1.649300267,-0.330014906,0.5600397243,-1.877966208,-1.544394029,-0.07828935843,0,0,,transition,30,0,1610,1,652,0
2,118,69,-1.650149745,-0.3690928799,0.6468115504,-1.926242769,-1.544417249,-0.07913271781,0,1,28,task,30,0,1610,1,652,0
2,118,70,-1.651038869,-0.399745508,0.7153372179,-1.964697663,-1.544435338,-0.08001539812,0,0,,transition,30,0,1610,1,652,0
2,118,71,-1.651927994,-0.4303981362,0.7838628854,-2.003152557,-1.544453428,-0.08089807843,0,1,29,task,30,0,1610,1,652,0
2,118,72,-1.652858969,-0.4564661849,0.8425746053,-2.036392778,-1.544468389,-0.08182215241,0,0,,transition,30,0,1610,1,652,0
2,118,73,-1.653789945,-0.4825342336,0.9012863253,-2.069632999,-1.544483351,-0.08274622639,0,1,30,task,30,0,1610,1,652,0
2,118,74,-1.654721785,-0.5055154841,0.9547349189,-2.101760873,-1.544651871,-0.08366307193,0,0,,transition,30,0,1610,1,652,0
2,118,75,-1.655653625,-0.5284967345,1.008183512,-2.133888746,-1.544820391,-0.08457991747,0,1,31,task,30,0,1610,1,652,0
2,118,76,-1.680309654,-0.5398538339,1.037026265,-2.153507493,-1.54310796,-0.1091327279,0,1,32,task,10,0,1610,1,652,0
2,118,77,-1.679106258,-0.5173970304,0.9838398636,-2.120053634,-1.542875309,-0.1079590877,0,0,,transition,30,0,1610,1,652,0
2,118,78,-1.677902862,-0.4949402268,0.9306534625,-2.086599774,-1.542642659,-0.1067854476,0,1,33,task,30,0,1610,1,652,0
2,118,79,-1.676691463,-0.4697538312,0.873603439,-2.053942288,-1.542638818,-0.1055847393,0,0,,transition,30,0,1610,1,652,0
2,118,80,-1.675480065,-0.4445674357,0.8165534155,-2.021284802,-1.542634978,-0.1043840311,0,1,34,task,30,0,1610,1,652,0
2,118,81,-1.674314682,-0.4153671663,0.7511887807,-1.98461057,-1.54266002,-0.1032263745,0,0,,transition,30,0,1610,1,652,0
2,118,82,-1.673149298,-0.386166897,0.6858241458,-1.947936339,-1.542685062,-0.1020687179,0,1,35,task,30,0,1610,1,652,0
2,118,83,-1.672036095,-0.3500099463,0.6054282773,-1.903186195,-1.54270368,-0.1009628603,0,0,,transition,30,0,1610,1,652,0
2,118,84,-1.670922892,-0.3138529957,0.5250324088,-1.858436052,-1.542722297,-0.09985700271,0,1,36,task,30,0,1610,1,652,0
2,118,85,-1.670213253,-0.2780024524,0.4458405455,-1.814753081,-1.542730704,-0.09915202214,0,0,,transition,30,0,1610,1,652,0
2,118,86,-1.669503614,-0.2421519091,0.3666486823,-1.771070111,-1.542739112,-0.09844704157,0,0,,transition,30,0,1610,1,652,0
2,118,87,-1.668793975,-0.2063013658,0.2874568191,-1.72738714,-1.54274752,-0.09774206099,0,1,37,task,30,0,1610,1,652,0
2,118,88,-1.690505785,-0.2159941473,0.3099084117,-1.739865148,-1.541154091,-0.1193983626,0,1,38,task,10,0,1610,1,652,0
2,118,89,-1.69137862,-0.2503421133,0.3858024274,-1.78171295,-1.541122069,-0.1202658967,0,0,,transition,30,0,1610,1,652,0
2,118,90,-1.692251455,-0.2846900793,0.461696443,-1.823560752,-1.541090046,-0.1211334307,0,0,,transition,30,0,1610,1,652,0
2,118,91,-1.693124291,-0.3190380453,0.5375904586,-1.865408553,-1.541058024,-0.1220009647,0,1,39,task,30,0,1610,1,652,0
2,118,92,-1.69449346,-0.354527327,0.6165141242,-1.909293788,-1.541002925,-0.1233617879,0,0,,transition,30,0,1610,1,652,0
2,118,93,-1.69586263,-0.3900166086,0.6954377898,-1.953179022,-1.540947825,-0.1247226111,0,1,40,task,30,0,1610,1,652,0
2,118,94,-1.697295937,-0.4188657567,0.7600218647,-1.989362866,-1.54088517,-0.1261471504,0,0,,transition,30,0,1610,1,652,0
2,118,95,-1.698729244,-0.4477149047,0.8246059396,-2.02554671,-1.540822515,-0.1275716897,0,1,41,task,30,0,1610,1,652,0
2,118,96,-1.700217966,-0.4727253983,0.881362898,-2.058212953,-1.540799088,-0.1290460288,0,0,,transition,30,0,1610,1,652,0
2,118,97,-1.701706687,-0.4977358919,0.9381198565,-2.090879196,-1.54077566,-0.1305203678,0,1,42,task,30,0,1610,1,652,0
2,118,98,-1.703654039,-0.520262821,0.9930204115,-2.127746402,-1.539243892,-0.1324125755,0,0,,transition,30,0,1610,1,652,0
2,118,99,-1.70560139,-0.5427897501,1.047920966,-2.164613608,-1.537712123,-0.1343047833,0,1,43,task,30,0,1610,1,652,0
2,118,100,-1.735525983,-0.5566730768,1.080763882,-2.17935911,-1.519561284,-0.1642518233,0,1,44,task,10,0,1610,1,652,0
2,118,101,-1.734536557,-0.5352040941,1.029283849,-2.145769055,-1.516006016,-0.1633408463,0,0,,transition,30,0,1610,1,652,0
2,118,102,-1.733547131,-0.5137351114,0.9778038156,-2.112178999,-1.512450748,-0.1624298694,0,1,45,task,30,0,1610,1,652,0
2,118,103,-1.731960419,-0.4885330876,0.916482669,-2.069421877,-1.511438821,-0.1609385284,0,0,,transition,30,0,1610,1,652,0
2,118,104,-1.730373707,-0.4633310638,0.8551615224,-2.026664755,-1.510426894,-0.1594471875,0,1,46,task,30,0,1610,1,652,0
2,118,105,-1.728708125,-0.4355942462,0.7929842766,-1.991645583,-1.509956413,-0.1577941425,0,0,,transition,30,0,1610,1,652,0
2,118,106,-1.727042542,-0.4078574285,0.7308070307,-1.956626411,-1.509485932,-0.1561410974,0,1,47,task,30,0,1610,1,652,0
2,118,107,-1.72545199,-0.3744174946,0.6563431546,-1.915022531,-1.509006639,-0.1545626094,0,0,,transition,30,0,1610,1,652,0
2,118,108,-1.723861439,-0.3409775606,0.5818792786,-1.873418651,-1.508527345,-0.1529841213,0,1,48,task,30,0,1610,1,652,0
2,118,109,-1.722847781,-0.3106386995,0.5147498024,-1.836240693,-1.508202327,-0.1519782089,0,0,,transition,30,0,1610,1,652,0
2,118,110,-1.721834122,-0.2802998383,0.4476203263,-1.799062734,-1.507877309,-0.1509722965,0,0,,transition,30,0,1610,1,652,0
2,118,111,-1.720820464,-0.2499609772,0.3804908501,-1.761884776,-1.50755229,-0.1499663841,0,1,49,task,30,0,1610,1,652,0
2,118,112,-1.742669457,-0.2481603231,0.378591767,-1.759699936,-1.505676319,-0.1718342463,0,1,50,task,10,0,1610,1,652,0
2,118,113,-1.743814776,-0.2786478755,0.4461470787,-1.79730293,-1.506108184,-0.1729680175,0,0,,transition,30,0,1610,1,652,0
2,118,114,-1.744960096,-0.3091354278,0.5137023905,-1.834905925,-1.50654005,-0.1741017888,0,0,,transition,30,0,1610,1,652,0
2,118,115,-1.746105416,-0.3396229802,0.5812577023,-1.872508919,-1.506971915,-0.17523556,0,1,51,task,30,0,1610,1,652,0
2,118,116,-1.747902721,-0.3731317866,0.6560325978,-1.914577638,-1.507608915,-0.1770148782,0,0,,transition,30,0,1610,1,652,0
2,118,117,-1.749700027,-0.4066405931,0.7308074933,-1.956646356,-1.508245916,-0.1787941964,0,1,52,task,30,0,1610,1,652,0
2,118,118,-1.751591344,-0.4344041564,0.7932392495,-1.992144971,-1.508835424,-0.180666743,0,0,,transition,30,0,1610,1,652,0
2,118,119,-1.753482661,-0.4621677197,0.8556710057,-2.027643586,-1.509424933,-0.1825392897,0,1,53,task,30,0,1610,1,652,0
2,118,120,-1.755775835,-0.4869835684,0.9148118801,-2.066458472,-1.508765609,-0.1847695314,0,0,,transition,30,0,1610,1,652,0
2,118,121,-1.758069009,-0.5117994172,0.9739527544,-2.105273358,-1.508106285,-0.186999773,0,1,54,task,30,0,1610,1,652,0
2,118,122,-1.75995817,-0.5332628924,1.024268521,-2.136067661,-1.509395499,-0.188842156,0,0,,transition,30,0,1610,1,652,0
2,118,123,-1.761847331,-0.5547263677,1.074584288,-2.166861964,-1.510684713,-0.1906845391,0,1,55,task,30,0,1610,1,652,0
2,118,124,-1.784072072,-0.5296158258,1.017757347,-2.130128937,-1.506591375,-0.2129763814,0,1,56,task,10,0,1610,1,652,0
2,118,125,-1.781606508,-0.5064479955,0.9628684836,-2.095129953,-1.506671621,-0.2105697278,0,0,,transition,30,0,1610,1,652,0
2,118,126,-1.779140944,-0.4832801652,0.9079796199,-2.06013097,-1.506751867,-0.2081630742,0,1,57,task,30,0,1610,1,652,0
2,118,127,-1.77663301,-0.4572234912,0.8485194269,-2.025331275,-1.50741351,-0.2056738686,0,0,,transition,30,0,1610,1,652,0
2,118,128,-1.774125077,-0.4311668172,0.789059234,-1.99053158,-1.508075152,-0.203184663,0,1,58,task,30,0,1610,1,652,0
2,118,129,-1.772122407,-0.4005145979,0.7201475305,-1.951014356,-1.507122699,-0.2012123807,0,0,,transition,30,0,1610,1,652,0
2,118,130,-1.770119736,-0.3698623787,0.6512358269,-1.911497131,-1.506170246,-0.1992400983,0,1,59,task,30,0,1610,1,652,0
2,118,131,-1.768206819,-0.3307414839,0.5640097923,-1.862136291,-1.505202142,-0.1973564197,0,0,,transition,30,0,1610,1,652,0
2,118,132,-1.766293902,-0.2916205891,0.4767837576,-1.812775452,-1.504234037,-0.1954727411,0,1,60,task,30,0,1610,1,652,0
2,118,133,-1.765074518,-0.2467828083,0.377687107,-1.757680769,-1.503578902,-0.1942721386,0,0,,transition,30,0,1610,1,652,0
2,118,134,-1.763855134,-0.2019450274,0.2785904564,-1.702586085,-1.502923766,-0.1930715361,0,0,,transition,30,0,1610,1,652,0
2,118,135,-1.76263575,-0.1571072466,0.1794938058,-1.647491402,-1.502268631,-0.1918709336,0,1,61,task,30,0,1610,1,652,0
2,118,136,-1.785671303,-0.2002736177,0.2756664093,-1.69616061,-1.499599017,-0.2149845685,0,1,62,task,10,0,1610,1,652,0
2,118,137,-1.787022349,-0.2375313117,0.3583980535,-1.743001189,-1.500415366,-0.2163054495,0,0,,transition,30,0,1610,1,652,0
2,118,138,-1.788373395,-0.2747890057,0.4411296976,-1.789841769,-1.501231716,-0.2176263305,0,0,,transition,30,0,1610,1,652,0
2,118,139,-1.78972444,-0.3120466998,0.5238613417,-1.836682348,-1.502048065,-0.2189472115,0,1,63,task,30,0,1610,1,652,0
2,118,140,-1.791667358,-0.3489563161,0.6070644601,-1.885566383,-1.503962421,-0.220826224,0,0,,transition,30,0,1610,1,652,0
2,118,141,-1.793610277,-0.3858659324,0.6902675784,-1.934450418,-1.505876776,-0.2227052365,0,1,64,task,30,0,1610,1,652,0
2,118,142,-1.796101821,-0.4149966083,0.7560919279,-1.972392392,-1.50597539,-0.225171548,0,0,,transition,30,0,1610,1,652,0
2,118,143,-1.798593365,-0.4441272843,0.8219162775,-2.010334366,-1.506074003,-0.2276378596,0,1,65,task,30,0,1610,1,652,0
2,118,144,-1.801393885,-0.4691833439,0.8793919073,-2.044208041,-1.505415199,-0.2304155683,0,0,,transition,30,0,1610,1,652,0
2,118,145,-1.804194405,-0.4942394034,0.9368675371,-2.078081716,-1.504756395,-0.233193277,0,1,66,task,30,0,1610,1,652,0
2,118,146,-1.806957193,-0.516506375,0.9891657296,-2.110336941,-1.504723903,-0.2359088654,0,0,,transition,30,0,1610,1,652,0
2,118,147,-1.809719981,-0.5387733466,1.041463922,-2.142592166,-1.504691411,-0.2386244539,0,1,67,task,30,0,1610,1,652,0
2,118,148,-1.834696468,-0.5461262454,1.063095141,-2.157965591,-1.505566198,-0.2635071776,0,1,68,task,10,0,1610,1,652,0
2,118,149,-1.831970385,-0.5243522915,1.011513682,-2.12531153,-1.504320381,-0.2608628128,0,0,,transition,30,0,1610,1,652,0
2,118,150,-1.829244303,-0.5025783375,0.9599322239,-2.092657469,-1.503074563,-0.2582184479,0,1,69,task,30,0,1610,1,652,0
2,118,151,-1.826175186,-0.4782345542,0.9036250975,-2.058892896,-1.503646004,-0.2551831138,0,0,,transition,30,0,1610,1,652,0
2,118,152,-1.823106069,-0.4538907708,0.8473179712,-2.025128322,-1.504217444,-0.2521477797,0,1,70,task,30,0,1610,1,652,0
2,118,153,-1.820181737,-0.4261421715,0.7848129427,-1.989860719,-1.504729547,-0.2492313386,0,0,,transition,30,0,1610,1,652,0
2,118,154,-1.817257404,-0.3983935722,0.7223079141,-1.954593115,-1.50524165,-0.2463148975,0,1,71,task,30,0,1610,1,652,0
2,118,155,-1.815625603,-0.3615447747,0.6371868052,-1.89990187,-1.50100541,-0.2448478845,0,0,,transition,30,0,1610,1,652,0
2,118,156,-1.813993803,-0.3246959773,0.5520656963,-1.845210624,-1.496769169,-0.2433808715,0,1,72,task,30,0,1610,1,652,0
2,118,157,-1.812582286,-0.2905772436,0.4762926676,-1.801972404,-1.495463057,-0.2420122393,0,0,,transition,30,0,1610,1,652,0
2,118,158,-1.811170769,-0.25645851,0.4005196389,-1.758734184,-1.494156944,-0.240643607,0,0,,transition,30,0,1610,1,652,0
2,118,159,-1.809759252,-0.2223397763,0.3247466102,-1.715495963,-1.492850832,-0.2392749747,0,1,73,task,30,0,1610,1,652,0
2,118,160,-1.809061678,-0.183018959,0.2381079979,-1.667370563,-1.492176764,-0.2385988713,0,0,,transition,30,0,1610,1,652,0
2,118,161,-1.808364104,-0.1436981417,0.1514693856,-1.619245164,-1.491502697,-0.2379227679,0,0,,transition,30,0,1610,1,652,0
2,118,162,-1.80766653,-0.1043773244,0.06483077333,-1.571119764,-1.490828629,-0.2372466645,0,1,74,task,30,0,1610,1,652,0
2,118,163,-1.792862372,-0.1960287416,0.15895385,-1.571099779,-1.49582684,-0.222418748,0,0,,transition,10,0,1610,1,652,0
2,118,164,-1.778058214,-0.2876801588,0.2530769267,-1.571079793,-1.500825051,-0.2075908314,0,0,,transition,10,0,1610,1,652,0
2,118,165,-1.763254056,-0.3793315761,0.3472000033,-1.571059808,-1.505823261,-0.1927629149,0,0,,transition,10,0,1610,1,652,0
2,118,166,-1.748449898,-0.4709829933,0.44132308,-1.571039823,-1.510821472,-0.1779349984,0,0,,transition,10,0,1610,1,652,0
2,118,167,-1.73364574,-0.5626344105,0.5354461567,-1.571019838,-1.515819683,-0.1631070818,0,0,,transition,10,0,1610,1,652,0
2,118,168,-1.718841581,-0.6542858277,0.6295692333,-1.570999852,-1.520817893,-0.1482791653,0,0,,transition,10,0,1610,1,652,0
2,118,169,-1.704037423,-0.745937245,0.72369231,-1.570979867,-1.525816104,-0.1334512488,0,0,,transition,10,0,1610,1,652,0
2,118,170,-1.689233265,-0.8375886622,0.8178153867,-1.570959882,-1.530814315,-0.1186233322,0,0,,transition,10,0,1610,1,652,0
2,118,171,-1.674429107,-0.9292400794,0.9119384633,-1.570939897,-1.535812525,-0.1037954157,0,0,,transition,10,0,1610,1,652,0
2,118,172,-1.659624949,-1.020891497,1.00606154,-1.570919911,-1.540810736,-0.08896749919,0,0,,transition,10,0,1610,1,652,0
2,118,173,-1.644820791,-1.112542914,1.100184617,-1.570899926,-1.545808947,-0.07413958266,0,0,,transition,10,0,1610,1,652,0
2,118,174,-1.630016633,-1.204194331,1.194307693,-1.570879941,-1.550807157,-0.05931166612,0,0,,transition,10,0,1610,1,652,0
2,118,175,-1.615212474,-1.295845748,1.28843077,-1.570859956,-1.555805368,-0.04448374959,0,0,,transition,10,0,1610,1,652,0
2,118,176,-1.600408316,-1.387497166,1.382553847,-1.57083997,-1.560803579,-0.02965583306,0,0,,transition,10,0,1610,1,652,0
2,118,177,-1.585604158,-1.479148583,1.476676923,-1.570819985,-1.565801789,-0.01482791653,0,0,,transition,10,0,1610,1,652,0
2,118,178,-1.5708,-1.5708,1.5708,-1.5708,-1.5708,0,0,0,,home,30,0,1610,1,652,0
2,119,1,-1.5708,-1.5708,1.5708,-1.5708,-1.5708,0,0,0,,home,30,0,1610,1,652,0
2,119,2,-1.568590814,-1.471544539,1.474984966,-1.580005039,-1.571422953,0.00220153117,0,0,,transition,10,0,1610,1,652,0
2,119,3,-1.566381627,-1.372289079,1.379169932,-1.589210078,-1.572045907,0.00440306234,0,0,,transition,10,0,1610,1,652,0
2,119,4,-1.564172441,-1.273033618,1.283354898,-1.598415118,-1.57266886,0.00660459351,0,0,,transition,10,0,1610,1,652,0
2,119,5,-1.561963255,-1.173778157,1.187539865,-1.607620157,-1.573291814,0.00880612468,0,0,,transition,10,0,1610,1,652,0
2,119,6,-1.559754069,-1.074522696,1.091724831,-1.616825196,-1.573914767,0.01100765585,0,0,,transition,10,0,1610,1,652,0
2,119,7,-1.557544882,-0.9752672357,0.9959097969,-1.626030235,-1.574537721,0.01320918702,0,0,,transition,10,0,1610,1,652,0
2,119,8,-1.555335696,-0.876011775,0.900094763,-1.635235275,-1.575160674,0.01541071819,0,0,,transition,10,0,1610,1,652,0
2,119,9,-1.55312651,-0.7767563143,0.8042797292,-1.644440314,-1.575783628,0.01761224936,0,0,,transition,10,0,1610,1,652,0
2,119,10,-1.550917323,-0.6775008536,0.7084646953,-1.653645353,-1.576406581,0.01981378053,0,0,,transition,10,0,1610,1,652,0
2,119,11,-1.548708137,-0.5782453929,0.6126496615,-1.662850392,-1.577029535,0.0220153117,0,0,,transition,10,0,1610,1,652,0
2,119,12,-1.546498951,-0.4789899322,0.5168346276,-1.672055431,-1.577652488,0.02421684287,0,0,,transition,10,0,1610,1,652,0
2,119,13,-1.544289765,-0.3797344715,0.4210195938,-1.681260471,-1.578275442,0.02641837404,0,0,,transition,10,0,1610,1,652,0
2,119,14,-1.542080578,-0.2804790108,0.3252045599,-1.69046551,-1.578898395,0.02861990521,0,0,,transition,10,0,1610,1,652,0
2,119,15,-1.539871392,-0.18122355,0.229389526,-1.699670549,-1.579521348,0.03082143638,0,1,1,task,10,0,1610,1,652,0
2,119,16,-1.539647486,-0.2211641655,0.3176236544,-1.748437361,-1.579527242,0.03104339747,0,0,,transition,30,0,1610,1,652,0
2,119,17,-1.539423579,-0.261104781,0.4058577827,-1.797204173,-1.579533135,0.03126535857,0,0,,transition,30,0,1610,1,652,0
2,119,18,-1.539199673,-0.3010453965,0.494091911,-1.845970985,-1.579539028,0.03148731966,0,1,2,task,30,0,1610,1,652,0
2,119,19,-1.538848488,-0.3385866137,0.5776437012,-1.892691379,-1.579550095,0.0318354231,0,0,,transition,30,0,1610,1,652,0
2,119,20,-1.538497303,-0.3761278309,0.6611954914,-1.939411772,-1.579561162,0.03218352653,0,1,3,task,30,0,1610,1,652,0
2,119,21,-1.538114893,-0.4060532232,0.7288079589,-1.978402725,-1.579635533,0.03256095797,0,0,,transition,30,0,1610,1,652,0
2,119,22,-1.537732483,-0.4359786154,0.7964204263,-2.017393679,-1.579709905,0.03293838941,0,1,4,task,30,0,1610,1,652,0
2,119,23,-1.537268894,-0.4617039924,0.8573316973,-2.056320006,-1.580040191,0.03338889511,0,0,,transition,30,0,1610,1,652,0
2,119,24,-1.536805304,-0.4874293694,0.9182429683,-2.095246334,-1.580370477,0.03383940082,0,1,5,task,30,0,1610,1,652,0
2,119,25,-1.536159926,-0.5095527386,0.9701646846,-2.126716523,-1.581306536,0.03447655568,0,0,,transition,30,0,1610,1,652,0
2,119,26,-1.535514548,-0.5316761078,1.022086401,-2.158186713,-1.582242595,0.03511371054,0,1,6,task,30,0,1610,1,652,0
2,119,27,-1.560345691,-0.5310016268,1.017658874,-2.152600418,-1.578237894,0.01040023389,0,1,7,task,10,0,1610,1,652,0
2,119,28,-1.560503823,-0.5084135319,0.964238504,-2.119269913,-1.578088752,0.01024514089,0,0,,transition,30,0,1610,1,652,0
2,119,29,-1.560661955,-0.4858254369,0.9108181337,-2.085939409,-1.57793961,0.01009004788,0,1,8,task,30,0,1610,1,652,0
2,119,30,-1.5608125,-0.4600584175,0.8507797075,-2.049169647,-1.577792548,0.009942246576,0,0,,transition,30,0,1610,1,652,0
2,119,31,-1.560963045,-0.434291398,0.7907412812,-2.012399885,-1.577645486,0.009794445267,0,1,9,task,30,0,1610,1,652,0
2,119,32,-1.561066668,-0.4041180087,0.7229815982,-1.973921892,-1.577664705,0.009691916687,0,0,,transition,30,0,1610,1,652,0
2,119,33,-1.561170292,-0.3739446194,0.6552219152,-1.935443899,-1.577683924,0.009589388107,0,1,10,task,30,0,1610,1,652,0
2,119,34,-1.561266919,-0.3357420828,0.5701920434,-1.887822076,-1.577713809,0.009493712618,0,0,,transition,30,0,1610,1,652,0
2,119,35,-1.561363546,-0.2975395463,0.4851621715,-1.840200253,-1.577743694,0.00939803713,0,1,11,task,30,0,1610,1,652,0
2,119,36,-1.561425147,-0.2556272913,0.3925893424,-1.789010008,-1.577764046,0.009337036998,0,0,,transition,30,0,1610,1,652,0
2,119,37,-1.561486748,-0.2137150363,0.3000165132,-1.737819763,-1.577784397,0.009276036867,0,0,,transition,30,0,1610,1,652,0
2,119,38,-1.561548348,-0.1718027813,0.2074436841,-1.686629519,-1.577804748,0.009215036735,0,1,12,task,30,0,1610,1,652,0
2,119,39,-1.583179256,-0.2001828194,0.2687577253,-1.719235505,-1.576102573,-0.01234710572,0,1,13,task,10,0,1610,1,652,0
2,119,40,-1.583280571,-0.2373588158,0.3510062885,-1.764907708,-1.576052659,-0.01244748064,0,0,,transition,30,0,1610,1,652,0
2,119,41,-1.583381886,-0.2745348122,0.4332548517,-1.81057991,-1.576002745,-0.01254785557,0,0,,transition,30,0,1610,1,652,0
2,119,42,-1.583483201,-0.3117108086,0.5155034149,-1.856252113,-1.575952831,-0.01264823049,0,1,14,task,30,0,1610,1,652,0
2,119,43,-1.583642174,-0.3483477212,0.5971930658,-1.902204297,-1.57587683,-0.01280570442,0,0,,transition,30,0,1610,1,652,0
2,119,44,-1.583801147,-0.3849846338,0.6788827167,-1.94815648,-1.57580083,-0.01296317834,0,1,15,task,30,0,1610,1,652,0
2,119,45,-1.583963125,-0.4143790072,0.7451077584,-1.986026514,-1.575741217,-0.01312341953,0,0,,transition,30,0,1610,1,652,0
2,119,46,-1.584125103,-0.4437733807,0.8113328001,-2.023896549,-1.575681603,-0.01328366072,0,1,16,task,30,0,1610,1,652,0
2,119,47,-1.584267449,-0.4689124677,0.8695689486,-2.05887036,-1.575725764,-0.01342325875,0,0,,transition,30,0,1610,1,652,0
2,119,48,-1.584409796,-0.4940515547,0.927805097,-2.09384417,-1.575769925,-0.01356285678,0,1,17,task,30,0,1610,1,652,0
2,119,49,-1.584559322,-0.5162586995,0.9799320239,-2.125640773,-1.575812292,-0.01370941283,0,0,,transition,30,0,1610,1,652,0
2,119,50,-1.584708848,-0.5384658443,1.032058951,-2.157437376,-1.575854658,-0.01385596889,0,1,18,task,30,0,1610,1,652,0
2,119,51,-1.608954704,-0.535587023,1.023021638,-2.149356418,-1.573589561,-0.03800408828,0,1,19,task,10,0,1610,1,652,0
2,119,52,-1.608507268,-0.5131457343,0.970717814,-2.117991287,-1.573620609,-0.03756350672,0,0,,transition,30,0,1610,1,652,0
2,119,53,-1.608059832,-0.4907044456,0.9184139896,-2.086626155,-1.573651656,-0.03712292515,0,1,20,task,30,0,1610,1,652,0
2,119,54,-1.607633683,-0.4652887231,0.8598866589,-2.052012,-1.573678186,-0.03670314982,0,0,,transition,30,0,1610,1,652,0
2,119,55,-1.607207534,-0.4398730006,0.8013593281,-2.017397845,-1.573704715,-0.03628337449,0,1,21,task,30,0,1610,1,652,0
2,119,56,-1.606773378,-0.4099250168,0.7340299326,-1.978978752,-1.573836636,-0.03585389878,0,0,,transition,30,0,1610,1,652,0
2,119,57,-1.606339221,-0.3799770331,0.6667005371,-1.940559659,-1.573968556,-0.03542442306,0,1,22,task,30,0,1610,1,652,0
2,119,58,-1.60592444,-0.3422669278,0.5826031364,-1.893137998,-1.574097917,-0.03501402493,0,0,,transition,30,0,1610,1,652,0
2,119,59,-1.60550966,-0.3045568226,0.4985057356,-1.845716337,-1.574227278,-0.0346036268,0,1,23,task,30,0,1610,1,652,0
2,119,60,-1.605245333,-0.2645072516,0.4099253496,-1.796495865,-1.574311419,-0.03434204122,0,0,,transition,30,0,1610,1,652,0
2,119,61,-1.604981005,-0.2244576807,0.3213449637,-1.747275394,-1.574395561,-0.03408045564,0,0,,transition,30,0,1610,1,652,0
2,119,62,-1.604716678,-0.1844081097,0.2327645777,-1.698054922,-1.574479702,-0.03381887006,0,1,24,task,30,0,1610,1,652,0
2,119,63,-1.626431159,-0.2102787953,0.2885162712,-1.727214683,-1.572855938,-0.05546926538,0,1,25,task,10,0,1610,1,652,0
2,119,64,-1.626863198,-0.2463096934,0.3683815127,-1.771859788,-1.572729618,-0.05589630414,0,0,,transition,30,0,1610,1,652,0
2,119,65,-1.627295236,-0.2823405915,0.4482467542,-1.816504894,-1.572603297,-0.0563233429,0,0,,transition,30,0,1610,1,652,0
2,119,66,-1.627727275,-0.3183714896,0.5281119957,-1.86115,-1.572476976,-0.05675038165,0,1,26,task,30,0,1610,1,652,0
2,119,67,-1.62840545,-0.3546000829,0.6091101782,-1.907135346,-1.572281866,-0.05742053124,0,0,,transition,30,0,1610,1,652,0
2,119,68,-1.629083624,-0.3908286763,0.6901083607,-1.953120691,-1.572086755,-0.05809068083,0,1,27,task,30,0,1610,1,652,0
2,119,69,-1.629801959,-0.4200102581,0.7560272649,-1.991134429,-1.571853439,-0.05880007687,0,0,,transition,30,0,1610,1,652,0
2,119,70,-1.630520294,-0.44919184,0.8219461692,-2.029148167,-1.571620122,-0.0595094729,0,1,28,task,30,0,1610,1,652,0
2,119,71,-1.631323844,-0.47413126,0.8795878828,-2.063504336,-1.571179984,-0.06030113395,0,0,,transition,30,0,1610,1,652,0
2,119,72,-1.632127394,-0.49907068,0.9372295964,-2.097860505,-1.570739846,-0.061092795,0,1,29,task,30,0,1610,1,652,0
2,119,73,-1.632971374,-0.5211723011,0.9889583135,-2.129140159,-1.570290773,-0.06192391691,0,0,,transition,30,0,1610,1,652,0
2,119,74,-1.633815354,-0.5432739221,1.04068703,-2.160419814,-1.569841699,-0.06275503883,0,1,30,task,30,0,1610,1,652,0
2,119,75,-1.657944176,-0.5395202735,1.032213349,-2.156719336,-1.567351356,-0.08677273078,0,1,31,task,10,0,1610,1,652,0
2,119,76,-1.656784521,-0.5171134737,0.9795737346,-2.12448851,-1.567958423,-0.08563376227,0,0,,transition,30,0,1610,1,652,0
2,119,77,-1.655624866,-0.4947066738,0.9269341203,-2.092257683,-1.568565489,-0.08449479376,0,1,32,task,30,0,1610,1,652,0
2,119,78,-1.654520957,-0.4693092028,0.8680647465,-2.056785213,-1.569158703,-0.08340988622,0,0,,transition,30,0,1610,1,652,0
2,119,79,-1.653417047,-0.4439117317,0.8091953727,-2.021312744,-1.569751917,-0.08232497869,0,1,33,task,30,0,1610,1,652,0
2,119,80,-1.652433066,-0.4140228228,0.7416776363,-1.982197434,-1.570046539,-0.08135467646,0,0,,transition,30,0,1610,1,652,0
2,119,81,-1.651449085,-0.3841339139,0.6741598998,-1.943082125,-1.570341162,-0.08038437423,0,1,34,task,30,0,1610,1,652,0
2,119,82,-1.65051153,-0.3465502427,0.5900576847,-1.895088823,-1.570619436,-0.07945943394,0,0,,transition,30,0,1610,1,652,0
2,119,83,-1.649573975,-0.3089665715,0.5059554696,-1.84709552,-1.57089771,-0.07853449365,0,1,35,task,30,0,1610,1,652,0
2,119,84,-1.64897675,-0.2694666526,0.4184049425,-1.798061167,-1.57107744,-0.07794507685,0,0,,transition,30,0,1610,1,652,0
2,119,85,-1.648379524,-0.2299667337,0.3308544153,-1.749026814,-1.571257171,-0.07735566005,0,0,,transition,30,0,1610,1,652,0
2,119,86,-1.647782298,-0.1904668147,0.2433038882,-1.699992461,-1.571436902,-0.07676624326,0,1,36,task,30,0,1610,1,652,0
2,119,87,-1.669533993,-0.2113589231,0.2873959975,-1.721054381,-1.570090076,-0.09847053043,0,1,37,task,10,0,1610,1,652,0
2,119,88,-1.670309917,-0.2478701415,0.368648008,-1.767147484,-1.569824601,-0.09923381567,0,0,,transition,30,0,1610,1,652,0
2,119,89,-1.671085841,-0.2843813599,0.4499000185,-1.813240587,-1.569559127,-0.09999710091,0,0,,transition,30,0,1610,1,652,0
2,119,90,-1.671861765,-0.3208925784,0.531152029,-1.859333691,-1.569293652,-0.1007603861,0,1,38,task,30,0,1610,1,652,0
2,119,91,-1.673077465,-0.3573009492,0.6129748579,-1.906624571,-1.568895023,-0.1019566663,0,0,,transition,30,0,1610,1,652,0
2,119,92,-1.674293165,-0.39370932,0.6947976868,-1.953915452,-1.568496394,-0.1031529464,0,1,39,task,30,0,1610,1,652,0
2,119,93,-1.675585003,-0.4229742131,0.7614320399,-1.993281926,-1.568011658,-0.1044224573,0,0,,transition,30,0,1610,1,652,0
2,119,94,-1.676876841,-0.4522391063,0.8280663931,-2.032648399,-1.567526922,-0.1056919682,0,1,40,task,30,0,1610,1,652,0
2,119,95,-1.678312861,-0.4772315665,0.8865050645,-2.068632151,-1.566704266,-0.1070978326,0,0,,transition,30,0,1610,1,652,0
2,119,96,-1.67974888,-0.5022240268,0.9449437359,-2.104615902,-1.56588161,-0.1085036969,0,1,41,task,30,0,1610,1,652,0
2,119,97,-1.681258338,-0.5243033227,0.9973565431,-2.137482193,-1.565037638,-0.1099799852,0,0,,transition,30,0,1610,1,652,0
2,119,98,-1.682767795,-0.5463826186,1.04976935,-2.170348483,-1.564193666,-0.1114562736,0,1,42,task,30,0,1610,1,652,0
2,119,99,-1.706943434,-0.5409057989,1.038103235,-2.16548618,-1.560566508,-0.1355005736,0,1,43,task,10,0,1610,1,652,0
2,119,100,-1.705029622,-0.5185626099,0.9850732029,-2.132312259,-1.561928229,-0.1336278505,0,0,,transition,30,0,1610,1,652,0
2,119,101,-1.703115811,-0.4962194209,0.932043171,-2.099138338,-1.56328995,-0.1317551275,0,1,44,task,30,0,1610,1,652,0
2,119,102,-1.70132969,-0.4705511325,0.8714439074,-2.060718591,-1.564492786,-0.1300173275,0,0,,transition,30,0,1610,1,652,0
2,119,103,-1.69954357,-0.444882844,0.8108446437,-2.022298844,-1.565695622,-0.1282795276,0,1,45,task,30,0,1610,1,652,0
2,119,104,-1.697966427,-0.4145571744,0.7415275186,-1.980652762,-1.566350435,-0.1267361165,0,0,,transition,30,0,1610,1,652,0
2,119,105,-1.696389285,-0.3842315047,0.6722103935,-1.939006681,-1.567005248,-0.1251927055,0,1,46,task,30,0,1610,1,652,0
2,119,106,-1.69489822,-0.3457232426,0.5853982775,-1.888164548,-1.567582364,-0.1237308821,0,0,,transition,30,0,1610,1,652,0
2,119,107,-1.693407156,-0.3072149805,0.4985861615,-1.837322416,-1.56815948,-0.1222690587,0,1,47,task,30,0,1610,1,652,0
2,119,108,-1.692474712,-0.2655873485,0.4061268629,-1.785084798,-1.568458492,-0.1213516712,0,0,,transition,30,0,1610,1,652,0
2,119,109,-1.691542268,-0.2239597165,0.3136675642,-1.732847179,-1.568757504,-0.1204342836,0,0,,transition,30,0,1610,1,652,0
2,119,110,-1.690609824,-0.1823320845,0.2212082656,-1.680609561,-1.569056515,-0.1195168961,0,1,48,task,30,0,1610,1,652,0
2,119,111,-1.712482901,-0.2059567979,0.2718939159,-1.706203764,-1.56776817,-0.1413492569,0,1,49,task,10,0,1610,1,652,0
2,119,112,-1.713578833,-0.2435248527,0.3553686132,-1.753366938,-1.567454621,-0.1424293803,0,0,,transition,30,0,1610,1,652,0
2,119,113,-1.714674765,-0.2810929075,0.4388433105,-1.800530112,-1.567141073,-0.1435095038,0,0,,transition,30,0,1610,1,652,0
2,119,114,-1.715770697,-0.3186609623,0.5223180079,-1.847693286,-1.566827524,-0.1445896272,0,1,50,task,30,0,1610,1,652,0
2,119,115,-1.71754084,-0.3559454356,0.6066537205,-1.89754771,-1.566131364,-0.1463229486,0,0,,transition,30,0,1610,1,652,0
2,119,116,-1.719310983,-0.3932299089,0.6909894332,-1.947402134,-1.565435205,-0.14805627,0,1,51,task,30,0,1610,1,652,0
2,119,117,-1.721309758,-0.4233357985,0.7613735268,-1.992271991,-1.564126597,-0.1499895016,0,0,,transition,30,0,1610,1,652,0
2,119,118,-1.723308534,-0.4534416882,0.8317576205,-2.037141849,-1.56281799,-0.1519227332,0,1,52,task,30,0,1610,1,652,0
2,119,119,-1.725613176,-0.4786849132,0.892461817,-2.077221853,-1.560665478,-0.1541497442,0,0,,transition,30,0,1610,1,652,0
2,119,120,-1.727917819,-0.5039281381,0.9531660136,-2.117301857,-1.558512966,-0.1563767552,0,1,53,task,30,0,1610,1,652,0
2,119,121,-1.73040483,-0.5256194439,1.004280175,-2.14816753,-1.556112892,-0.1588280977,0,0,,transition,30,0,1610,1,652,0
2,119,122,-1.732891842,-0.5473107498,1.055394335,-2.179033203,-1.553712818,-0.1612794402,0,1,54,task,30,0,1610,1,652,0
2,119,123,-1.756940514,-0.5414341943,1.042769631,-2.172429601,-1.550040683,-0.1852014503,0,1,55,task,10,0,1610,1,652,0
2,119,124,-1.754612081,-0.5197900104,0.9927258919,-2.143844935,-1.550776523,-0.1828883958,0,0,,transition,30,0,1610,1,652,0
2,119,125,-1.752283647,-0.4981458266,0.9426821525,-2.115260269,-1.551512363,-0.1805753414,0,1,56,task,30,0,1610,1,652,0
2,119,126,-1.749245752,-0.4727163574,0.8814881561,-2.075221284,-1.555542002,-0.1776264663,0,0,,transition,30,0,1610,1,652,0
2,119,127,-1.746207857,-0.4472868881,0.8202941597,-2.035182299,-1.559571641,-0.1746775913,0,1,57,task,30,0,1610,1,652,0
2,119,128,-1.74366214,-0.4149747706,0.7422647175,-1.980850488,-1.562162049,-0.1722661414,0,0,,transition,30,0,1610,1,652,0
2,119,129,-1.741116424,-0.3826626531,0.6642352753,-1.926518676,-1.564752458,-0.1698546915,0,1,58,task,30,0,1610,1,652,0
2,119,130,-1.739162188,-0.3441259501,0.5779729581,-1.877095893,-1.565257277,-0.1679266583,0,0,,transition,30,0,1610,1,652,0
2,119,131,-1.737207952,-0.3055892471,0.4917106408,-1.82767311,-1.565762096,-0.1659986251,0,1,59,task,30,0,1610,1,652,0
2,119,132,-1.735962957,-0.2631954633,0.3977736799,-1.774996019,-1.566085927,-0.1647697015,0,0,,transition,30,0,1610,1,652,0
2,119,133,-1.734717963,-0.2208016795,0.303836719,-1.722318928,-1.566409758,-0.163540778,0,0,,transition,30,0,1610,1,652,0
2,119,134,-1.733472968,-0.1784078956,0.2098997581,-1.669641837,-1.566733589,-0.1623118544,0,1,60,task,30,0,1610,1,652,0
2,119,135,-1.762141006,-0.1867993459,0.2273710324,-1.672125065,-1.53615754,-0.1910393957,0,1,61,task,10,0,1610,1,652,0
2,119,136,-1.763551207,-0.227676099,0.3179661754,-1.722954373,-1.536006621,-0.1924328221,0,0,,transition,30,0,1610,1,652,0
2,119,137,-1.764961408,-0.268552852,0.4085613184,-1.773783682,-1.535855702,-0.1938262484,0,0,,transition,30,0,1610,1,652,0
2,119,138,-1.766371609,-0.3094296051,0.4991564614,-1.82461299,-1.535704783,-0.1952196748,0,1,62,task,30,0,1610,1,652,0
2,119,139,-1.768584914,-0.3474944727,0.5843575927,-1.873410778,-1.535457588,-0.19740561,0,0,,transition,30,0,1610,1,652,0
2,119,140,-1.77079822,-0.3855593404,0.6695587241,-1.922208565,-1.535210393,-0.1995915453,0,1,63,task,30,0,1610,1,652,0
2,119,141,-1.772619157,-0.4185776038,0.7515728067,-1.983852158,-1.536771487,-0.2011847174,0,0,,transition,30,0,1610,1,652,0
2,119,142,-1.774440095,-0.4515958671,0.8335868893,-2.045495751,-1.538332581,-0.2027778894,0,1,64,task,30,0,1610,1,652,0
2,119,143,-1.776084728,-0.4762627947,0.8917473793,-2.08215209,-1.540999574,-0.2043448592,0,0,,transition,30,0,1610,1,652,0
2,119,144,-1.777729362,-0.5009297223,0.9499078693,-2.118808429,-1.543666568,-0.205911829,0,1,65,task,30,0,1610,1,652,0
2,119,145,-1.782518182,-0.5438313519,1.049095851,-2.17555182,-1.543971434,-0.2106654038,0,1,66,task,30,0,1610,1,652,0
2,119,146,-1.806818376,-0.5364994516,1.03109805,-2.161190734,-1.538527816,-0.2349325076,0,1,67,task,10,0,1610,1,652,0
2,119,147,-1.804487857,-0.5142928902,0.9788134209,-2.129030297,-1.537115942,-0.2326644948,0,0,,transition,30,0,1610,1,652,0
2,119,148,-1.802157338,-0.4920863289,0.9265287914,-2.09686986,-1.535704068,-0.2303964821,0,1,68,task,30,0,1610,1,652,0
2,119,149,-1.799884845,-0.4653805323,0.8614081507,-2.051346687,-1.534539774,-0.2282832622,0,0,,transition,30,0,1610,1,652,0
2,119,150,-1.797612352,-0.4386747357,0.79628751,-2.005823514,-1.533375479,-0.2261700423,0,1,69,task,30,0,1610,1,652,0
2,119,151,-1.795103309,-0.4071963307,0.7236145704,-1.960596013,-1.533512656,-0.2237394476,0,0,,transition,30,0,1610,1,652,0
2,119,152,-1.792594267,-0.3757179257,0.6509416309,-1.915368511,-1.533649833,-0.2213088528,0,1,70,task,30,0,1610,1,652,0
2,119,153,-1.79015069,-0.3358968338,0.5615519814,-1.863621036,-1.533933551,-0.2189048826,0,0,,transition,30,0,1610,1,652,0
2,119,154,-1.787707114,-0.2960757419,0.4721623319,-1.811873561,-1.534217268,-0.2165009124,0,1,71,task,30,0,1610,1,652,0
2,119,155,-1.786534819,-0.2607262042,0.3938713575,-1.768012937,-1.534363736,-0.2153440549,0,0,,transition,30,0,1610,1,652,0
2,119,156,-1.785362523,-0.2253766665,0.3155803831,-1.724152314,-1.534510205,-0.2141871974,0,0,,transition,30,0,1610,1,652,0
2,119,157,-1.784190227,-0.1900271288,0.2372894088,-1.68029169,-1.534656673,-0.2130303399,0,0,,transition,30,0,1610,1,652,0
2,119,158,-1.783017931,-0.1546775911,0.1589984344,-1.636431066,-1.534803141,-0.2118734825,0,1,72,task,30,0,1610,1,652,0
2,119,159,-1.804853633,-0.1721051135,0.2002429625,-1.662016763,-1.533229955,-0.2336436317,0,1,73,task,10,0,1610,1,652,0
2,119,160,-1.806584976,-0.2153493844,0.2962443614,-1.71614118,-1.532977565,-0.2353490075,0,0,,transition,30,0,1610,1,652,0
2,119,161,-1.808316319,-0.2585936552,0.3922457603,-1.770265597,-1.532725176,-0.2370543833,0,0,,transition,30,0,1610,1,652,0
2,119,162,-1.810047663,-0.3018379261,0.4882471592,-1.824390014,-1.532472787,-0.2387597591,0,1,74,task,30,0,1610,1,652,0
2,119,163,-1.81272017,-0.3405394484,0.5751036057,-1.87458091,-1.532248402,-0.2413889041,0,0,,transition,30,0,1610,1,652,0
2,119,164,-1.815392676,-0.3792409706,0.6619600522,-1.924771806,-1.532024016,-0.2440180492,0,1,75,task,30,0,1610,1,652,0
2,119,165,-1.818182758,-0.4096928193,0.7313307286,-1.96606109,-1.531796007,-0.2467537091,0,0,,transition,30,0,1610,1,652,0
2,119,166,-1.82097284,-0.440144668,0.8007014051,-2.007350374,-1.531567997,-0.249489369,0,1,76,task,30,0,1610,1,652,0
2,119,167,-1.823860468,-0.466078103,0.8619878369,-2.046645501,-1.531413007,-0.2522811574,0,0,,transition,30,0,1610,1,652,0
2,119,168,-1.826748096,-0.492011538,0.9232742688,-2.085940628,-1.531258018,-0.2550729458,0,1,77,task,30,0,1610,1,652,0
2,119,169,-1.829389662,-0.5146295108,0.9778121249,-2.122053416,-1.532538473,-0.2575965378,0,0,,transition,30,0,1610,1,652,0
2,119,170,-1.832031229,-0.5372474835,1.032349981,-2.158166205,-1.533818927,-0.2601201298,0,1,78,task,30,0,1610,1,652,0
2,119,171,-1.85612693,-0.5288091544,1.010205486,-2.136996451,-1.528785539,-0.2843195857,0,1,79,task,10,0,1610,1,652,0
2,119,172,-1.852815666,-0.5058858911,0.9560529581,-2.103040317,-1.529086128,-0.2810884696,0,0,,transition,30,0,1610,1,652,0
2,119,173,-1.849504402,-0.4829626278,0.9019004306,-2.069084183,-1.529386716,-0.2778573535,0,1,80,task,30,0,1610,1,652,0
2,119,174,-1.846350263,-0.4567271787,0.8408412858,-2.031525338,-1.529639083,-0.2747758698,0,0,,transition,30,0,1610,1,652,0
2,119,175,-1.843196124,-0.4304917297,0.779782141,-1.993966493,-1.52989145,-0.271694386,0,1,81,task,30,0,1610,1,652,0
2,119,176,-1.840160657,-0.3995320652,0.7100030719,-1.953710748,-1.530176033,-0.2686974724,0,0,,transition,30,0,1610,1,652,0
2,119,177,-1.837125189,-0.3685724008,0.6402240028,-1.913455002,-1.530460617,-0.2657005587,0,1,82,task,30,0,1610,1,652,0
2,119,178,-1.834223515,-0.3286798316,0.5511697828,-1.862899924,-1.530721241,-0.2628337679,0,0,,transition,30,0,1610,1,652,0
2,119,179,-1.83132184,-0.2887872625,0.4621155627,-1.812344846,-1.530981865,-0.2599669771,0,1,83,task,30,0,1610,1,652,0
2,119,180,-1.829923546,-0.2514117729,0.3793803696,-1.7661008,-1.531147479,-0.2585880728,0,0,,transition,30,0,1610,1,652,0
2,119,181,-1.828525252,-0.2140362834,0.2966451765,-1.719856754,-1.531313094,-0.2572091686,0,0,,transition,30,0,1610,1,652,0
2,119,182,-1.827126958,-0.1766607938,0.2139099833,-1.673612708,-1.531478709,-0.2558302643,0,0,,transition,30,0,1610,1,652,0
2,119,183,-1.825728664,-0.1392853042,0.1311747902,-1.627368662,-1.531644324,-0.2544513601,0,1,84,task,30,0,1610,1,652,0
2,119,184,-1.831925244,-0.1821484,0.2284060434,-1.683833448,-1.531171367,-0.2605798749,0,0,,transition,10,0,1610,1,652,0
2,119,185,-1.838121823,-0.2250114957,0.3256372967,-1.740298233,-1.530698411,-0.2667083897,0,0,,transition,10,0,1610,1,652,0
2,119,186,-1.844318402,-0.2678745915,0.42286855,-1.796763019,-1.530225454,-0.2728369044,0,0,,transition,10,0,1610,1,652,0
2,119,187,-1.850514981,-0.3107376873,0.5200998032,-1.853227805,-1.529752498,-0.2789654192,0,0,,transition,10,0,1610,1,652,0
2,119,188,-1.85671156,-0.353600783,0.6173310565,-1.909692591,-1.529279541,-0.285093934,0,0,,transition,10,0,1610,1,652,0
2,119,189,-1.86290814,-0.3964638788,0.7145623098,-1.966157377,-1.528806585,-0.2912224488,0,0,,transition,10,0,1610,1,652,0
2,119,190,-1.869104719,-0.4393269745,0.811793563,-2.022622163,-1.528333629,-0.2973509636,0,0,,transition,10,0,1610,1,652,0
2,119,191,-1.875301298,-0.4821900703,0.9090248163,-2.079086949,-1.527860672,-0.3034794784,0,0,,transition,10,0,1610,1,652,0
2,119,192,-1.881497877,-0.5250531661,1.00625607,-2.135551734,-1.527387716,-0.3096079932,0,0,,transition,10,0,1610,1,652,0
2,119,193,-1.887694456,-0.5679162618,1.103487323,-2.19201652,-1.526914759,-0.315736508,0,1,85,task,10,0,1610,1,652,0
2,119,194,-1.894090186,-0.602913886,1.189982951,-2.250464001,-1.529588172,-0.3218778035,0,1,86,task,30,0,1610,1,652,0
2,119,195,-1.919898161,-0.5986032615,1.177953202,-2.235864386,-1.524472263,-0.3478058344,0,1,87,task,10,0,1610,1,652,0
2,119,196,-1.91175479,-0.5609266841,1.087142461,-2.178505068,-1.524199608,-0.33983382,0,1,88,task,30,0,1610,1,652,0
2,119,197,-1.935948256,-0.5558368836,1.076330422,-2.169958713,-1.522400327,-0.3640292161,0,1,89,task,10,0,1610,1,652,0
2,119,198,-1.944686284,-0.593821574,1.168850551,-2.230372412,-1.522364513,-0.3725319274,0,1,90,task,30,0,1610,1,652,0
2,119,199,-1.970670368,-0.5885903346,1.155636906,-2.215200915,-1.51649501,-0.3986975426,0,1,91,task,10,0,1610,1,652,0
2,119,200,-1.960310245,-0.5509600005,1.066192359,-2.161785886,-1.520379184,-0.3884058327,0,1,92,task,30,0,1610,1,652,0
2,119,201,-1.967284387,-0.5261793518,1.010374091,-2.13010115,-1.519905325,-0.3953790297,0,0,,transition,10,0,1610,1,652,0
2,119,202,-1.97425853,-0.5013987032,0.9545558231,-2.098416415,-1.519431466,-0.4023522267,0,1,93,task,10,0,1610,1,652,0
2,119,203,-1.984347035,-0.5430079404,1.051813865,-2.155535832,-1.516677923,-0.41236948,0,1,94,task,30,0,1610,1,652,0
2,119,204,-1.994693948,-0.5807611128,1.140001164,-2.206029924,-1.514729947,-0.4226879824,0,1,95,task,30,0,1610,1,652,0
2,119,205,-1.995382208,-0.5831046541,1.145507904,-2.209194957,-1.514602033,-0.4233744238,0,1,96,task,30,0,1610,1,652,0
2,119,206,-2.021306629,-0.5764345165,1.134041174,-2.202751223,-1.507560933,-0.4493238439,0,1,97,task,10,0,1610,1,652,0
2,119,207,-2.009677913,-0.5390724997,1.046247671,-2.15282461,-1.512244008,-0.4376764957,0,1,98,task,30,0,1610,1,652,0
2,119,208,-1.999052524,-0.4979249235,0.9509922251,-2.09888262,-1.514997537,-0.4270638082,0,1,99,task,30,0,1610,1,652,0
2,119,209,-2.022204338,-0.4851961136,0.9260337185,-2.085990918,-1.509430609,-0.4501982014,0,1,100,task,10,0,1610,1,652,0
2,119,210,-2.03299117,-0.5269092704,1.022047619,-2.139586161,-1.507731431,-0.4609870482,0,1,101,task,30,0,1610,1,652,0
2,119,211,-2.044271122,-0.5648618457,1.110265966,-2.189086517,-1.506004507,-0.4722714463,0,1,102,task,30,0,1610,1,652,0
2,119,212,-2.045974079,-0.5701787629,1.122698855,-2.196084558,-1.505748069,-0.4739752809,0,1,103,task,30,0,1610,1,652,0
2,119,213,-2.071604669,-0.5632844832,1.110205319,-2.187386991,-1.500571576,-0.4997014716,0,1,104,task,10,0,1610,1,652,0
2,119,214,-2.060280865,-0.5255088903,1.0221687,-2.137021143,-1.500243713,-0.488432841,0,1,105,task,30,0,1610,1,652,0
2,119,215,-2.049451082,-0.4839777507,0.9263661045,-2.082626432,-1.499870304,-0.4776569708,0,1,106,task,30,0,1610,1,652,0
2,119,216,-2.072556141,-0.464984734,0.8829129219,-2.047721599,-1.491733164,-0.5012689827,0,1,107,task,10,0,1610,1,652,0
2,119,217,-2.078068447,-0.4867381061,0.9334603732,-2.077607354,-1.4922965,-0.5067041319,0,0,,transition,30,0,1610,1,652,0
2,119,218,-2.083580754,-0.5084914782,0.9840078245,-2.107493109,-1.492859835,-0.5121392811,0,1,108,task,30,0,1610,1,652,0
2,119,219,-2.095108144,-0.5476482597,1.076089589,-2.162562187,-1.49390383,-0.5235081944,0,1,109,task,30,0,1610,1,652,0
2,119,220,-2.097743432,-0.5558707327,1.095578338,-2.174304122,-1.494123271,-0.5261074614,0,1,110,task,30,0,1610,1,652,0
2,119,221,-2.122568518,-0.5488099397,1.08336536,-2.167229106,-1.492564323,-0.5509580511,0,1,111,task,10,0,1610,1,652,0
2,119,222,-2.111040708,-0.5094182822,0.9884625248,-2.105180894,-1.489374056,-0.5398432315,0,1,112,task,30,0,1610,1,652,0
2,119,223,-2.099171925,-0.466564159,0.8890488186,-2.046746652,-1.489257606,-0.5280967692,0,1,113,task,30,0,1610,1,652,0
2,119,224,-2.093489387,-0.4422778059,0.8333211751,-2.014352946,-1.489158574,-0.5224729128,0,0,,transition,30,0,1610,1,652,0
2,119,225,-2.08780685,-0.4179914528,0.7775935316,-1.981959239,-1.489059542,-0.5168490564,0,1,114,task,30,0,1610,1,652,0
2,119,226,-2.111717136,-0.4111657697,0.7653677884,-1.97255126,-1.487775335,-0.5409002208,0,1,115,task,10,0,1610,1,652,0
2,119,227,-2.11765196,-0.4353219414,0.8203252421,-2.003480834,-1.487806629,-0.5468141402,0,0,,transition,30,0,1610,1,652,0
2,119,228,-2.123586785,-0.4594781132,0.8752826958,-2.034410408,-1.487837923,-0.5527280595,0,1,116,task,30,0,1610,1,652,0
2,119,229,-2.135945458,-0.5022207937,0.9735236246,-2.090407193,-1.48792975,-0.5650302566,0,1,117,task,30,0,1610,1,652,0
2,119,230,-2.149211937,-0.5398151683,1.063416186,-2.145599152,-1.484992492,-0.5781919263,0,1,118,task,30,0,1610,1,652,0
2,119,231,-2.174381979,-0.5325804827,1.051601724,-2.138841099,-1.483731699,-0.6034245704,0,1,119,task,10,0,1610,1,652,0
2,119,232,-2.160294285,-0.494302886,0.9610463302,-2.085480467,-1.486569947,-0.5893622789,0,1,120,task,30,0,1610,1,652,0
2,119,233,-2.147196931,-0.4517729132,0.8632208945,-2.03032313,-1.487660023,-0.5762684936,0,1,121,task,30,0,1610,1,652,0
2,119,234,-2.140998092,-0.4276355831,0.8084572263,-1.999879035,-1.487830502,-0.5700738705,0,0,,transition,30,0,1610,1,652,0
2,119,235,-2.134799253,-0.4034982529,0.7536935581,-1.969434941,-1.488000982,-0.5638792474,0,1,122,task,30,0,1610,1,652,0
2,119,236,-2.087799315,-0.5007733985,0.8217857616,-1.936215363,-1.4949009,-0.5168893102,0,0,,transition,10,0,1610,1,652,0
2,119,237,-2.040799377,-0.5980485441,0.8898779651,-1.902995784,-1.501800818,-0.4698993729,0,0,,transition,10,0,1610,1,652,0
2,119,238,-1.993799439,-0.6953236897,0.9579701686,-1.869776206,-1.508700736,-0.4229094356,0,0,,transition,10,0,1610,1,652,0
2,119,239,-1.946799502,-0.7925988353,1.026062372,-1.836556627,-1.515600654,-0.3759194983,0,0,,transition,10,0,1610,1,652,0
2,119,240,-1.899799564,-0.8898739809,1.094154576,-1.803337049,-1.522500573,-0.328929561,0,0,,transition,10,0,1610,1,652,0
2,119,241,-1.852799626,-0.9871491265,1.162246779,-1.770117471,-1.529400491,-0.2819396237,0,0,,transition,10,0,1610,1,652,0
2,119,242,-1.805799689,-1.084424272,1.230338983,-1.736897892,-1.536300409,-0.2349496864,0,0,,transition,10,0,1610,1,652,0
2,119,243,-1.758799751,-1.181699418,1.298431186,-1.703678314,-1.543200327,-0.1879597491,0,0,,transition,10,0,1610,1,652,0
2,119,244,-1.711799813,-1.278974563,1.36652339,-1.670458735,-1.550100245,-0.1409698119,0,0,,transition,10,0,1610,1,652,0
2,119,245,-1.664799875,-1.376249709,1.434615593,-1.637239157,-1.557000164,-0.09397987457,0,0,,transition,10,0,1610,1,652,0
2,119,246,-1.617799938,-1.473524854,1.502707797,-1.604019578,-1.563900082,-0.04698993729,0,0,,transition,10,0,1610,1,652,0
2,119,247,-1.5708,-1.5708,1.5708,-1.5708,-1.5708,0,0,0,,home,30,0,1610,1,652,0
2,120,1,-1.5708,-1.5708,1.5708,-1.5708,-1.5708,0,0,0,,home,30,0,1610,1,652,0
2,120,2,-1.572327082,-1.471938661,1.550135001,-1.659039654,-1.575362896,-0.001523004622,0,0,,transition,10,0,1610,1,652,0
2,120,3,-1.573854163,-1.373077322,1.529470001,-1.747279307,-1.579925793,-0.003046009243,0,0,,transition,10,0,1610,1,652,0
2,120,4,-1.575381245,-1.274215983,1.508805002,-1.835518961,-1.584488689,-0.004569013865,0,0,,transition,10,0,1610,1,652,0
2,120,5,-1.576908326,-1.175354643,1.488140002,-1.923758615,-1.589051585,-0.006092018486,0,0,,transition,10,0,1610,1,652,0
2,120,6,-1.578435408,-1.076493304,1.467475003,-2.011998268,-1.593614481,-0.007615023108,0,0,,transition,10,0,1610,1,652,0
2,120,7,-1.579962489,-0.9776319651,1.446810004,-2.100237922,-1.598177378,-0.00913802773,0,0,,transition,10,0,1610,1,652,0
2,120,8,-1.581489571,-0.878770626,1.426145004,-2.188477576,-1.602740274,-0.01066103235,0,0,,transition,10,0,1610,1,652,0
2,120,9,-1.583016652,-0.7799092868,1.405480005,-2.276717229,-1.60730317,-0.01218403697,0,0,,transition,10,0,1610,1,652,0
2,120,10,-1.584543734,-0.6810479477,1.384815005,-2.364956883,-1.611866067,-0.01370704159,0,1,1,task,10,0,1610,1,652,0
2,120,11,-1.583925044,-0.6493905387,1.307910817,-2.318366624,-1.612799377,-0.01309239803,0,1,2,task,30,0,1610,1,652,0
2,120,12,-1.582484212,-0.6153496564,1.224430638,-2.265089569,-1.616804165,-0.01166188855,0,1,3,task,30,0,1610,1,652,0
2,120,13,-1.581964505,-0.5786704086,1.137914107,-2.213382747,-1.617669239,-0.01114568758,0,1,4,task,30,0,1610,1,652,0
2,120,14,-1.581537207,-0.5388921989,1.045325774,-2.158862557,-1.618278613,-0.01072119577,0,1,5,task,30,0,1610,1,652,0
2,120,15,-1.581333917,-0.5170365159,0.9949838197,-2.129521461,-1.61858172,-0.01051920305,0,0,,transition,30,0,1610,1,652,0
2,120,16,-1.581130627,-0.4951808329,0.9446418657,-2.100180365,-1.618884826,-0.01031721032,0,1,6,task,30,0,1610,1,652,0
2,120,17,-1.580936961,-0.4706892634,0.8887742582,-2.067949694,-1.619186459,-0.01012474384,0,0,,transition,30,0,1610,1,652,0
2,120,18,-1.580743295,-0.446197694,0.8329066507,-2.035719023,-1.619488092,-0.009932277359,0,1,7,task,30,0,1610,1,652,0
2,120,19,-1.580525177,-0.4178023682,0.7686386136,-1.998844402,-1.619923722,-0.009715495366,0,0,,transition,30,0,1610,1,652,0
2,120,20,-1.58030706,-0.3894070423,0.7043705764,-1.961969782,-1.620359352,-0.009498713373,0,1,8,task,30,0,1610,1,652,0
2,120,21,-1.579360543,-0.3521567069,0.6190064275,-1.909505991,-1.623851926,-0.00855754599,0,0,,transition,30,0,1610,1,652,0
2,120,22,-1.578414026,-0.3149063715,0.5336422786,-1.8570422,-1.6273445,-0.007616378608,0,1,9,task,30,0,1610,1,652,0
2,120,23,-1.57817485,-0.2784597607,0.4525075973,-1.810724804,-1.628128137,-0.007378403573,0,0,,transition,30,0,1610,1,652,0
2,120,24,-1.577935674,-0.2420131498,0.3713729159,-1.764407407,-1.628911774,-0.007140428538,0,0,,transition,30,0,1610,1,652,0
2,120,25,-1.577696498,-0.2055665389,0.2902382346,-1.71809001,-1.629695412,-0.006902453504,0,1,10,task,30,0,1610,1,652,0
2,120,26,-1.589117988,-0.2402069713,0.3668052715,-1.763771707,-1.627189287,-0.01831130469,0,0,,transition,10,0,1610,1,652,0
2,120,27,-1.600539479,-0.2748474037,0.4433723084,-1.809453403,-1.624683163,-0.02972015588,0,1,11,task,10,0,1610,1,652,0
2,120,28,-1.601247744,-0.316385954,0.5363613105,-1.862755311,-1.623121053,-0.03042114565,0,0,,transition,30,0,1610,1,652,0
2,120,29,-1.601956009,-0.3579245042,0.6293503126,-1.916057219,-1.621558942,-0.03112213542,0,1,12,task,30,0,1610,1,652,0
2,120,30,-1.60269816,-0.3896477433,0.7011089821,-1.95794108,-1.619989078,-0.03185627331,0,0,,transition,30,0,1610,1,652,0
2,120,31,-1.603440311,-0.4213709823,0.7728676516,-1.999824941,-1.618419214,-0.03259041119,0,1,13,task,30,0,1610,1,652,0
2,120,32,-1.603944669,-0.4477007425,0.8328277764,-2.034653178,-1.6179142,-0.03308999166,0,0,,transition,30,0,1610,1,652,0
2,120,33,-1.604449027,-0.4740305027,0.8927879012,-2.069481415,-1.617409187,-0.03358957213,0,1,14,task,30,0,1610,1,652,0
2,120,34,-1.604965521,-0.4971688963,0.946003512,-2.100727084,-1.6169487,-0.03410110457,0,0,,transition,30,0,1610,1,652,0
2,120,35,-1.605482015,-0.52030729,0.9992191227,-2.131972753,-1.616488213,-0.03461263702,0,1,15,task,30,0,1610,1,652,0
2,120,36,-1.606567372,-0.5620180188,1.096185548,-2.189565728,-1.615557952,-0.03568729896,0,1,16,task,30,0,1610,1,652,0
2,120,37,-1.607826006,-0.6001310103,1.185905157,-2.243326494,-1.614191773,-0.03693394908,0,1,17,task,30,0,1610,1,652,0
2,120,38,-1.609346276,-0.6352851419,1.269861141,-2.293982881,-1.612122646,-0.03844057582,0,1,18,task,30,0,1610,1,652,0
2,120,39,-1.610939802,-0.6680915846,1.349292151,-2.342419095,-1.610074461,-0.04001968402,0,1,19,task,30,0,1610,1,652,0
2,120,40,-1.611372174,-0.6754556354,1.36781625,-2.3546159,-1.609429974,-0.04044587962,0,1,20,task,30,0,1610,1,652,0
2,120,41,-1.641624993,-0.6705811391,1.35741304,-2.354803205,-1.593902526,-0.07052899958,0,1,21,task,10,0,1610,1,652,0
2,120,42,-1.637878007,-0.6379334676,1.276991664,-2.304388276,-1.600836565,-0.06682927505,0,1,22,task,30,0,1610,1,652,0
2,120,43,-1.634704935,-0.6027222499,1.191545848,-2.250797483,-1.606360434,-0.06370069668,0,1,23,task,30,0,1610,1,652,0
2,120,44,-1.631706646,-0.5645692416,1.100372912,-2.194373526,-1.61180594,-0.06074417234,0,1,24,task,30,0,1610,1,652,0
2,120,45,-1.629657667,-0.5227275223,1.002078207,-2.134315719,-1.614163042,-0.05872466478,0,1,25,task,30,0,1610,1,652,0
2,120,46,-1.628783506,-0.4994471338,0.9481033437,-2.10179411,-1.614937763,-0.05786287047,0,0,,transition,30,0,1610,1,652,0
2,120,47,-1.627909344,-0.4761667453,0.8941284806,-2.069272502,-1.615712484,-0.05700107615,0,1,26,task,30,0,1610,1,652,0
2,120,48,-1.627037076,-0.4496563567,0.8337150444,-2.033888243,-1.616635206,-0.05613921862,0,0,,transition,30,0,1610,1,652,0
2,120,49,-1.626164807,-0.423145968,0.7733016083,-1.998503984,-1.617557928,-0.05527736108,0,1,27,task,30,0,1610,1,652,0
2,120,50,-1.625298082,-0.3917280506,0.7026977421,-1.958144983,-1.618613742,-0.0544195219,0,0,,transition,30,0,1610,1,652,0
2,120,51,-1.624431357,-0.3603101332,0.632093876,-1.917785982,-1.619669555,-0.05356168272,0,1,28,task,30,0,1610,1,652,0
2,120,52,-1.623603665,-0.3195301674,0.5412192739,-1.866516631,-1.620718565,-0.0527423066,0,0,,transition,30,0,1610,1,652,0
2,120,53,-1.622775973,-0.2787502016,0.4503446719,-1.81524728,-1.621767575,-0.05192293048,0,1,29,task,30,0,1610,1,652,0
2,120,54,-1.622380354,-0.2377170727,0.359778114,-1.765125719,-1.622288896,-0.05153120311,0,0,,transition,30,0,1610,1,652,0
2,120,55,-1.621984735,-0.1966839438,0.2692115562,-1.715004158,-1.622810217,-0.05113947574,0,0,,transition,30,0,1610,1,652,0
2,120,56,-1.621589116,-0.1556508149,0.1786449983,-1.664882597,-1.623331538,-0.05074774837,0,0,,transition,30,0,1610,1,652,0
2,120,57,-1.621193497,-0.114617686,0.08807844048,-1.614761036,-1.62385286,-0.050356021,0,1,30,task,30,0,1610,1,652,0
2,120,58,-1.628789391,-0.1543526421,0.1750143465,-1.663109078,-1.622631563,-0.05793651222,0,0,,transition,10,0,1610,1,652,0
2,120,59,-1.636385284,-0.1940875983,0.2619502526,-1.711457121,-1.621410266,-0.06551700344,0,0,,transition,10,0,1610,1,652,0
2,120,60,-1.643981177,-0.2338225544,0.3488861587,-1.759805163,-1.620188969,-0.07309749466,0,1,31,task,10,0,1610,1,652,0
2,120,61,-1.644644125,-0.2659698209,0.4201211709,-1.799468876,-1.619644651,-0.07375452198,0,0,,transition,30,0,1610,1,652,0
2,120,62,-1.645307072,-0.2981170875,0.4913561832,-1.839132588,-1.619100333,-0.07441154931,0,0,,transition,30,0,1610,1,652,0
2,120,63,-1.645970019,-0.330264354,0.5625911955,-1.878796301,-1.618556015,-0.07506857663,0,1,32,task,30,0,1610,1,652,0
2,120,64,-1.647010548,-0.3646752841,0.6394124069,-1.922069493,-1.617732663,-0.07609970676,0,0,,transition,30,0,1610,1,652,0
2,120,65,-1.648051076,-0.3990862142,0.7162336182,-1.965342684,-1.61690931,-0.0771308369,0,1,33,task,30,0,1610,1,652,0
2,120,66,-1.649141003,-0.4273369122,0.7797827298,-2.001502878,-1.616078599,-0.07821080922,0,0,,transition,30,0,1610,1,652,0
2,120,67,-1.650230929,-0.4555876102,0.8433318413,-2.037663072,-1.615247888,-0.07929078153,0,1,34,task,30,0,1610,1,652,0
2,120,68,-1.651523754,-0.4804318605,0.9011894469,-2.073466359,-1.613820036,-0.08055793344,0,0,,transition,30,0,1610,1,652,0
2,120,69,-1.652816578,-0.5052761107,0.9590470524,-2.109269646,-1.612392184,-0.08182508534,0,1,35,task,30,0,1610,1,652,0
2,120,70,-1.655028826,-0.5274704837,1.012687859,-2.144717664,-1.607721316,-0.08398536056,0,0,,transition,30,0,1610,1,652,0
2,120,71,-1.657241074,-0.5496648567,1.066328666,-2.180165682,-1.603050449,-0.08614563579,0,1,36,task,30,0,1610,1,652,0
2,120,72,-1.660928647,-0.5888638969,1.159642822,-2.237285463,-1.597240292,-0.08977709763,0,1,37,task,30,0,1610,1,652,0
2,120,73,-1.663919173,-0.6247127443,1.244646196,-2.287361112,-1.594607422,-0.09274027192,0,1,38,task,30,0,1610,1,652,0
2,120,74,-1.66706998,-0.6581324281,1.324945099,-2.335150382,-1.591953876,-0.09586254803,0,1,39,task,30,0,1610,1,652,0
2,120,75,-1.667800275,-0.6653357687,1.342404888,-2.345609398,-1.591355488,-0.0965862719,0,1,40,task,30,0,1610,1,652,0
2,120,76,-1.693588563,-0.6590630365,1.32516734,-2.335140022,-1.58883245,-0.122255618,0,1,41,task,10,0,1610,1,652,0
2,120,77,-1.690658974,-0.6257223263,1.245705844,-2.288713549,-1.5883173,-0.1193397169,0,1,42,task,30,0,1610,1,652,0
2,120,78,-1.687877169,-0.5900222857,1.161647757,-2.240056227,-1.587786101,-0.1165708989,0,1,43,task,30,0,1610,1,652,0
2,120,79,-1.685166308,-0.551323329,1.070465529,-2.185877203,-1.587499594,-0.1138885185,0,1,44,task,30,0,1610,1,652,0
2,120,80,-1.683743122,-0.5296114879,1.017777472,-2.151096655,-1.587883181,-0.1125101115,0,0,,transition,30,0,1610,1,652,0
2,120,81,-1.682319936,-0.5078996467,0.9650894144,-2.116316107,-1.588266768,-0.1111317046,0,1,45,task,30,0,1610,1,652,0
2,120,82,-1.680959858,-0.4836335262,0.9093330339,-2.083336514,-1.588632131,-0.1097908607,0,0,,transition,30,0,1610,1,652,0
2,120,83,-1.67959978,-0.4593674058,0.8535766534,-2.050356921,-1.588997494,-0.1084500167,0,1,46,task,30,0,1610,1,652,0
2,120,84,-1.678300087,-0.4316217584,0.7912322926,-2.015142544,-1.589355455,-0.1071607156,0,0,,transition,30,0,1610,1,652,0
2,120,85,-1.677000394,-0.4038761111,0.7288879318,-1.979928168,-1.589713417,-0.1058714144,0,1,47,task,30,0,1610,1,652,0
2,120,86,-1.675759374,-0.3703696986,0.654138057,-1.938068616,-1.590063395,-0.1046402351,0,0,,transition,30,0,1610,1,652,0
2,120,87,-1.674518354,-0.3368632861,0.5793881822,-1.896209064,-1.590413374,-0.1034090559,0,1,48,task,30,0,1610,1,652,0
2,120,88,-1.673727526,-0.3063445844,0.5117757023,-1.858704312,-1.590641722,-0.1026244456,0,0,,transition,30,0,1610,1,652,0
2,120,89,-1.672936698,-0.2758258828,0.4441632224,-1.82119956,-1.590870071,-0.1018398354,0,0,,transition,30,0,1610,1,652,0
2,120,90,-1.67214587,-0.2453071812,0.3765507425,-1.783694808,-1.591098419,-0.1010552252,0,1,49,task,30,0,1610,1,652,0
2,120,91,-1.682451724,-0.2207234476,0.3213119601,-1.752552155,-1.590555691,-0.1113361231,0,0,,transition,10,0,1610,1,652,0
2,120,92,-1.692757578,-0.196139714,0.2660731776,-1.721409502,-1.590012964,-0.121617021,0,1,50,task,10,0,1610,1,652,0
2,120,93,-1.693704924,-0.2335981791,0.348888833,-1.767274065,-1.589721496,-0.1225559078,0,0,,transition,30,0,1610,1,652,0
2,120,94,-1.694652269,-0.2710566442,0.4317044884,-1.813138627,-1.589430028,-0.1234947946,0,0,,transition,30,0,1610,1,652,0
2,120,95,-1.695599615,-0.3085151094,0.5145201438,-1.85900319,-1.58913856,-0.1244336815,0,1,51,task,30,0,1610,1,652,0
2,120,96,-1.697085813,-0.3453238092,0.5965046623,-1.90493903,-1.588691683,-0.125906464,0,0,,transition,30,0,1610,1,652,0
2,120,97,-1.698572012,-0.382132509,0.6784891808,-1.950874869,-1.588244805,-0.1273792465,0,1,52,task,30,0,1610,1,652,0
2,120,98,-1.70012799,-0.4116558875,0.7447338112,-1.988354987,-1.587787577,-0.1289210302,0,0,,transition,30,0,1610,1,652,0
2,120,99,-1.701683969,-0.441179266,0.8109784416,-2.025835105,-1.587330348,-0.1304628139,0,1,53,task,30,0,1610,1,652,0
2,120,100,-1.703325161,-0.4665228479,0.868396227,-2.05874291,-1.586820052,-0.1320879397,0,0,,transition,30,0,1610,1,652,0
2,120,101,-1.704966353,-0.4918664299,0.9258140125,-2.091650715,-1.586309756,-0.1337130655,0,1,54,task,30,0,1610,1,652,0
2,120,102,-1.706806216,-0.5142512143,0.9782133114,-2.123330997,-1.58532205,-0.1355239056,0,0,,transition,30,0,1610,1,652,0
2,120,103,-1.70864608,-0.5366359987,1.03061261,-2.155011279,-1.584334343,-0.1373347457,0,1,55,task,30,0,1610,1,652,0
2,120,104,-1.712514835,-0.5770592112,1.126536898,-2.213832723,-1.582317279,-0.1411409872,0,1,56,task,30,0,1610,1,652,0
2,120,105,-1.716587592,-0.6140869347,1.215710404,-2.269286575,-1.580255363,-0.1451464271,0,1,57,task,30,0,1610,1,652,0
2,120,106,-1.721323305,-0.6483199823,1.299986728,-2.322949688,-1.576578077,-0.149797813,0,1,58,task,30,0,1610,1,652,0
2,120,107,-1.722168206,-0.6530676558,1.311952396,-2.330789584,-1.575556476,-0.1506264128,0,1,59,task,30,0,1610,1,652,0
2,120,108,-1.747481171,-0.6470036332,1.296237377,-2.321226367,-1.57300033,-0.1758101353,0,1,60,task,10,0,1610,1,652,0
2,120,109,-1.742379016,-0.6128749737,1.213893325,-2.271628501,-1.575689783,-0.1707647736,0,1,61,task,30,0,1610,1,652,0
2,120,110,-1.737511209,-0.5758892942,1.124718268,-2.216279219,-1.578440664,-0.1659794116,0,1,62,task,30,0,1610,1,652,0
2,120,111,-1.732872834,-0.5352934947,1.02754883,-2.15535749,-1.58119991,-0.1614353679,0,1,63,task,30,0,1610,1,652,0
2,120,112,-1.730667667,-0.5127391939,0.974375299,-2.122554085,-1.582549703,-0.1592736543,0,0,,transition,30,0,1610,1,652,0
2,120,113,-1.728462499,-0.4901848931,0.9212017681,-2.089750681,-1.583899496,-0.1571119406,0,1,64,task,30,0,1610,1,652,0
2,120,114,-1.726493895,-0.4646176053,0.8629126977,-2.055770261,-1.584681779,-0.1551690436,0,0,,transition,30,0,1610,1,652,0
2,120,115,-1.724525292,-0.4390503174,0.8046236272,-2.021789841,-1.585464062,-0.1532261467,0,1,65,task,30,0,1610,1,652,0
2,120,116,-1.722683934,-0.4091552354,0.7374245447,-1.983491317,-1.586075683,-0.1514049158,0,0,,transition,30,0,1610,1,652,0
2,120,117,-1.720842576,-0.3792601533,0.6702254622,-1.945192793,-1.586687304,-0.1495836849,0,1,66,task,30,0,1610,1,652,0
2,120,118,-1.719083926,-0.3417001842,0.5864646511,-1.89799492,-1.587285007,-0.1478439825,0,0,,transition,30,0,1610,1,652,0
2,120,119,-1.717325277,-0.3041402152,0.5027038401,-1.850797046,-1.58788271,-0.1461042801,0,1,67,task,30,0,1610,1,652,0
2,120,120,-1.716204346,-0.2646467648,0.4153474221,-1.802267873,-1.588272503,-0.1449952443,0,0,,transition,30,0,1610,1,652,0
2,120,121,-1.715083416,-0.2251533144,0.3279910041,-1.7537387,-1.588662295,-0.1438862085,0,0,,transition,30,0,1610,1,652,0
2,120,122,-1.713962485,-0.185659864,0.240634586,-1.705209527,-1.589052088,-0.1427771727,0,1,68,task,30,0,1610,1,652,0
2,120,123,-1.725915293,-0.2300588744,0.3373106249,-1.757188069,-1.58834888,-0.1547014243,0,0,,transition,10,0,1610,1,652,0
2,120,124,-1.737868102,-0.2744578848,0.4339866638,-1.809166612,-1.587645671,-0.1666256758,0,1,69,task,10,0,1610,1,652,0
2,120,125,-1.739903163,-0.3164719574,0.5277293351,-1.862364894,-1.586773287,-0.1686324524,0,0,,transition,30,0,1610,1,652,0
2,120,126,-1.741938224,-0.35848603,0.6214720065,-1.915563176,-1.585900903,-0.170639229,0,1,70,task,30,0,1610,1,652,0
2,120,127,-1.744068943,-0.3904435243,0.6934340053,-1.957032159,-1.585008693,-0.1727396298,0,0,,transition,30,0,1610,1,652,0
2,120,128,-1.746199662,-0.4224010185,0.7653960042,-1.998501142,-1.584116482,-0.1748400305,0,1,71,task,30,0,1610,1,652,0
2,120,129,-1.74846788,-0.4492226591,0.8266139709,-2.034586969,-1.583061351,-0.1770714841,0,0,,transition,30,0,1610,1,652,0
2,120,130,-1.750736099,-0.4760442997,0.8878319376,-2.070672797,-1.58200622,-0.1793029378,0,1,72,task,30,0,1610,1,652,0
2,120,131,-1.753357881,-0.499531117,0.9437866503,-2.106361217,-1.579968124,-0.1818544525,0,0,,transition,30,0,1610,1,652,0
2,120,132,-1.755979663,-0.5230179343,0.9997413629,-2.142049636,-1.577930027,-0.1844059673,0,1,73,task,30,0,1610,1,652,0
2,120,133,-1.758661499,-0.5438434201,1.049753247,-2.173748546,-1.576140779,-0.1870245913,0,0,,transition,30,0,1610,1,652,0
2,120,134,-1.761343334,-0.564668906,1.09976513,-2.205447455,-1.574351531,-0.1896432154,0,1,74,task,30,0,1610,1,652,0
2,120,135,-1.766506733,-0.6022126492,1.188250549,-2.257195786,-1.572515498,-0.1947605261,0,1,75,task,30,0,1610,1,652,0
2,120,136,-1.771939248,-0.6370186944,1.271330427,-2.306260133,-1.570644219,-0.2001448625,0,1,76,task,30,0,1610,1,652,0
2,120,137,-1.772423652,-0.6399233123,1.278315023,-2.310407842,-1.57048022,-0.2006249856,0,1,77,task,30,0,1610,1,652,0
2,120,138,-1.796971449,-0.6318018931,1.25814046,-2.298316774,-1.568000167,-0.2250472088,0,1,78,task,10,0,1610,1,652,0
2,120,139,-1.791045138,-0.5966724125,1.174694767,-2.249474484,-1.56955676,-0.2191671008,0,1,79,task,30,0,1610,1,652,0
2,120,140,-1.785409493,-0.558749928,1.085698419,-2.197859901,-1.571078013,-0.2135756658,0,1,80,task,30,0,1610,1,652,0
2,120,141,-1.780043684,-0.517355788,0.9896318639,-2.142633454,-1.572566357,-0.2082521897,0,1,81,task,30,0,1610,1,652,0
2,120,142,-1.776883452,-0.4933263649,0.9312532465,-2.103585507,-1.575730761,-0.205208265,0,0,,transition,30,0,1610,1,652,0
2,120,143,-1.77372322,-0.4692969418,0.8728746291,-2.06453756,-1.578895165,-0.2021643402,0,1,82,task,30,0,1610,1,652,0
2,120,144,-1.770930562,-0.4413352623,0.8077246374,-2.023756816,-1.581105683,-0.1994513035,0,0,,transition,30,0,1610,1,652,0
2,120,145,-1.768137904,-0.4133735827,0.7425746456,-1.982976072,-1.583316201,-0.1967382668,0,1,83,task,30,0,1610,1,652,0
2,120,146,-1.765621455,-0.3795807707,0.6658052272,-1.937329797,-1.584869734,-0.1942761407,0,0,,transition,30,0,1610,1,652,0
2,120,147,-1.763105007,-0.3457879586,0.5890358089,-1.891683522,-1.586423266,-0.1918140147,0,1,84,task,30,0,1610,1,652,0
2,120,148,-1.761602271,-0.3153328576,0.5210909135,-1.853013651,-1.587015471,-0.1903337352,0,0,,transition,30,0,1610,1,652,0
2,120,149,-1.760099535,-0.2848777565,0.4531460181,-1.81434378,-1.587607676,-0.1888534557,0,0,,transition,30,0,1610,1,652,0
2,120,150,-1.758596799,-0.2544226555,0.3852011227,-1.77567391,-1.588199882,-0.1873731762,0,1,85,task,30,0,1610,1,652,0
2,120,151,-1.779110023,-0.2257092756,0.3185234802,-1.734558068,-1.588198579,-0.2078914018,0,1,86,task,10,0,1610,1,652,0
2,120,152,-1.780734905,-0.2598133383,0.3942383811,-1.777114116,-1.587678554,-0.209496687,0,0,,transition,30,0,1610,1,652,0
2,120,153,-1.782359788,-0.2939174011,0.469953282,-1.819670163,-1.58715853,-0.2111019722,0,0,,transition,30,0,1610,1,652,0
2,120,154,-1.78398467,-0.3280214639,0.5456681829,-1.862226211,-1.586638505,-0.2127072574,0,1,87,task,30,0,1610,1,652,0
2,120,155,-1.786534612,-0.3633772696,0.6248677731,-1.907482571,-1.585836283,-0.2152255979,0,0,,transition,30,0,1610,1,652,0
2,120,156,-1.789084554,-0.3987330754,0.7040673634,-1.952738931,-1.58503406,-0.2177439384,0,1,88,task,30,0,1610,1,652,0
2,120,157,-1.794190305,-0.430236162,0.7838863931,-2.013250244,-1.574388451,-0.2225457751,0,0,,transition,30,0,1610,1,652,0
2,120,158,-1.799296055,-0.4617392486,0.8637054228,-2.073761556,-1.563742842,-0.2273476118,0,1,89,task,30,0,1610,1,652,0
2,120,159,-1.802119251,-0.4850554709,0.9170172249,-2.103714376,-1.56301082,-0.2301554098,0,0,,transition,30,0,1610,1,652,0
2,120,160,-1.804942447,-0.5083716933,0.9703290269,-2.133667196,-1.562278798,-0.2329632077,0,1,90,task,30,0,1610,1,652,0
2,120,161,-1.810861662,-0.5503044803,1.06713687,-2.188440849,-1.560788059,-0.2388506263,0,1,91,task,30,0,1610,1,652,0
2,120,162,-1.817073862,-0.5886613154,1.156613475,-2.23944189,-1.559268795,-0.2450299872,0,1,92,task,30,0,1610,1,652,0
2,120,163,-1.823599185,-0.6241508203,1.240338251,-2.287539544,-1.557719486,-0.2515213923,0,1,93,task,30,0,1610,1,652,0
2,120,164,-1.847748989,-0.6158747886,1.220687311,-2.275821386,-1.555299268,-0.2755520663,0,1,94,task,10,0,1610,1,652,0
2,120,165,-1.841139576,-0.5797900895,1.135291946,-2.225736135,-1.555204333,-0.2689960687,0,1,95,task,30,0,1610,1,652,0
2,120,166,-1.834848645,-0.5406556749,1.043774227,-2.172578973,-1.555067127,-0.2627559172,0,1,96,task,30,0,1610,1,652,0
2,120,167,-1.831965941,-0.5190298241,0.9933752143,-2.142756117,-1.554542358,-0.2599124382,0,0,,transition,30,0,1610,1,652,0
2,120,168,-1.829083238,-0.4974039733,0.9429762015,-2.11293326,-1.55401759,-0.2570689592,0,1,97,task,30,0,1610,1,652,0
2,120,169,-1.826108205,-0.4720107574,0.8817694176,-2.072073312,-1.554435569,-0.2542253811,0,0,,transition,30,0,1610,1,652,0
2,120,170,-1.823133173,-0.4466175415,0.8205626336,-2.031213363,-1.554853549,-0.2513818029,0,1,98,task,30,0,1610,1,652,0
2,120,171,-1.820202548,-0.4173787267,0.7540140397,-1.992083434,-1.555542832,-0.2485014466,0,0,,transition,30,0,1610,1,652,0
2,120,172,-1.817271923,-0.3881399119,0.6874654457,-1.952953505,-1.556232115,-0.2456210902,0,1,99,task,30,0,1610,1,652,0
2,120,173,-1.814526377,-0.3523590476,0.6077995146,-1.908490126,-1.556648504,-0.2428972153,0,0,,transition,30,0,1610,1,652,0
2,120,174,-1.811780831,-0.3165781833,0.5281335834,-1.864026748,-1.557064893,-0.2401733403,0,1,100,task,30,0,1610,1,652,0
2,120,175,-1.810029557,-0.2813800782,0.4503102456,-1.821012767,-1.557331766,-0.2384358129,0,0,,transition,30,0,1610,1,652,0
2,120,176,-1.808278284,-0.2461819731,0.3724869078,-1.777998786,-1.557598638,-0.2366982855,0,0,,transition,30,0,1610,1,652,0
2,120,177,-1.80652701,-0.210983868,0.2946635701,-1.734984805,-1.557865511,-0.2349607582,0,1,101,task,30,0,1610,1,652,0
2,120,178,-1.813051689,-0.2511975013,0.3862058822,-1.788239545,-1.557195259,-0.2414119717,0,0,,transition,10,0,1610,1,652,0
2,120,179,-1.819576368,-0.2914111347,0.4777481944,-1.841494284,-1.556525007,-0.2478631851,0,0,,transition,10,0,1610,1,652,0
2,120,180,-1.826101047,-0.331624768,0.5692905065,-1.894749023,-1.555854755,-0.2543143986,0,0,,transition,10,0,1610,1,652,0
2,120,181,-1.832625726,-0.3718384014,0.6608328187,-1.948003762,-1.555184503,-0.2607656121,0,0,,transition,10,0,1610,1,652,0
2,120,182,-1.839150404,-0.4120520348,0.7523751309,-2.001258501,-1.55451425,-0.2672168256,0,0,,transition,10,0,1610,1,652,0
2,120,183,-1.845675083,-0.4522656681,0.843917443,-2.05451324,-1.553843998,-0.2736680391,0,0,,transition,10,0,1610,1,652,0
2,120,184,-1.852199762,-0.4924793015,0.9354597552,-2.107767979,-1.553173746,-0.2801192526,0,0,,transition,10,0,1610,1,652,0
2,120,185,-1.858724441,-0.5326929348,1.027002067,-2.161022718,-1.552503494,-0.286570466,0,0,,transition,10,0,1610,1,652,0
2,120,186,-1.86524912,-0.5729065682,1.11854438,-2.214277458,-1.551833242,-0.2930216795,0,1,102,task,10,0,1610,1,652,0
2,120,187,-1.871510342,-0.6065322434,1.198727998,-2.262810204,-1.552926704,-0.2991979613,0,1,103,task,30,0,1610,1,652,0
2,120,188,-1.896074549,-0.5962486175,1.171828409,-2.240880556,-1.546733725,-0.3237861057,0,1,104,task,10,0,1610,1,652,0
2,120,189,-1.888278814,-0.5586987091,1.083832707,-2.189834703,-1.547232838,-0.3160462005,0,1,105,task,30,0,1610,1,652,0
2,120,190,-1.912029398,-0.5523317759,1.069437083,-2.180815383,-1.544899958,-0.339712847,0,1,106,task,10,0,1610,1,652,0
2,120,191,-1.919377197,-0.5861623463,1.14891057,-2.227465251,-1.544541553,-0.3469927531,0,1,107,task,30,0,1610,1,652,0
2,120,192,-1.942285311,-0.5749354504,1.123527118,-2.212685356,-1.542400266,-0.3698090857,0,1,108,task,10,0,1610,1,652,0
2,120,193,-1.933419645,-0.535658029,1.03009141,-2.155366933,-1.543493323,-0.3610946411,0,1,109,task,30,0,1610,1,652,0
2,120,194,-1.957537135,-0.5287913245,1.016178008,-2.148226874,-1.538840496,-0.3850986284,0,1,110,task,10,0,1610,1,652,0
2,120,195,-1.966451399,-0.5631493696,1.098426971,-2.19873164,-1.534853385,-0.3938686533,0,1,111,task,30,0,1610,1,652,0
2,120,196,-1.988936446,-0.5509388183,1.071423477,-2.183110431,-1.532782216,-0.4162734195,0,1,112,task,10,0,1610,1,652,0
2,120,197,-1.978633804,-0.5105960243,0.9767030424,-2.127705544,-1.535963173,-0.4060649477,0,1,113,task,30,0,1610,1,652,0
2,120,198,-2.002000974,-0.5023875645,0.9599782186,-2.118999448,-1.532777817,-0.4293237784,0,1,114,task,10,0,1610,1,652,0
2,120,199,-2.011019142,-0.5374661193,1.041689694,-2.165990838,-1.530766659,-0.4382806906,0,1,115,task,30,0,1610,1,652,0
2,120,200,-2.03484667,-0.52312681,1.012947953,-2.151754965,-1.521167925,-0.4619809409,0,1,116,task,10,0,1610,1,652,0
2,120,201,-2.022913147,-0.4811873843,0.9142202398,-2.094405802,-1.527596896,-0.4501303372,0,1,117,task,30,0,1610,1,652,0
2,120,202,-2.0467332,-0.4719389928,0.8964378268,-2.0856028,-1.521754618,-0.4738422249,0,1,118,task,10,0,1610,1,652,0
2,120,203,-2.056701385,-0.5089742196,0.9823764267,-2.134233434,-1.519190893,-0.4837739588,0,1,119,task,30,0,1610,1,652,0
2,120,204,-2.078159894,-0.4933852361,0.9486881644,-2.115009712,-1.517273505,-0.5051761911,0,1,120,task,10,0,1610,1,652,0
2,120,205,-2.0723727,-0.4712887284,0.897728215,-2.086385373,-1.518338906,-0.4994063436,0,0,,transition,30,0,1610,1,652,0
2,120,206,-2.066585507,-0.4491922207,0.8467682657,-2.057761034,-1.519404308,-0.493636496,0,1,121,task,30,0,1610,1,652,0
2,120,207,-2.088862168,-0.435094183,0.8169598199,-2.040280796,-1.515817521,-0.5158896484,0,1,122,task,10,0,1610,1,652,0
2,120,208,-2.099212059,-0.4762336416,0.9116109314,-2.09394112,-1.5154162,-0.5261773912,0,1,123,task,30,0,1610,1,652,0
2,120,209,-2.119849604,-0.4573557187,0.8707905562,-2.070840431,-1.513619133,-0.5467691436,0,1,124,task,10,0,1610,1,652,0
2,120,210,-2.114070704,-0.4331134725,0.8149341379,-2.038495456,-1.513399384,-0.541060326,0,0,,transition,30,0,1610,1,652,0
2,120,211,-2.108291804,-0.4088712263,0.7590777195,-2.006150481,-1.513179636,-0.5353515084,0,1,125,task,30,0,1610,1,652,0
2,120,212,-2.130388576,-0.3901869123,0.7172679821,-1.976853886,-1.508736746,-0.557680428,0,1,126,task,10,0,1610,1,652,0
2,120,213,-2.135828103,-0.4128949418,0.7692976075,-2.006558134,-1.508472099,-0.563073795,0,0,,transition,30,0,1610,1,652,0
2,120,214,-2.141267629,-0.4356029714,0.8213272329,-2.036262381,-1.508207452,-0.5684671621,0,1,127,task,30,0,1610,1,652,0
2,120,215,-2.161699215,-0.4148104387,0.7769738122,-2.011408552,-1.506593108,-0.5888758675,0,1,128,task,10,0,1610,1,652,0
2,120,216,-2.155533981,-0.3874552627,0.7141529349,-1.974793099,-1.506744352,-0.5828032371,0,0,,transition,30,0,1610,1,652,0
2,120,217,-2.149368747,-0.3601000868,0.6513320576,-1.938177646,-1.506895597,-0.5767306067,0,1,129,task,30,0,1610,1,652,0
2,120,218,-2.104863458,-0.4532308493,0.7220603609,-1.909917827,-1.51181132,-0.5323667139,0,0,,transition,10,0,1610,1,652,0
2,120,219,-2.06035817,-0.5463616119,0.7927886641,-1.881658008,-1.516727044,-0.4880028211,0,0,,transition,10,0,1610,1,652,0
2,120,220,-2.015852882,-0.6394923744,0.8635169674,-1.853398189,-1.521642767,-0.4436389283,0,0,,transition,10,0,1610,1,652,0
2,120,221,-1.971347594,-0.732623137,0.9342452707,-1.82513837,-1.52655849,-0.3992750354,0,0,,transition,10,0,1610,1,652,0
2,120,222,-1.926842306,-0.8257538995,1.004973574,-1.796878551,-1.531474214,-0.3549111426,0,0,,transition,10,0,1610,1,652,0
2,120,223,-1.882337017,-0.9188846621,1.075701877,-1.768618732,-1.536389937,-0.3105472498,0,0,,transition,10,0,1610,1,652,0
2,120,224,-1.837831729,-1.012015425,1.14643018,-1.740358913,-1.54130566,-0.266183357,0,0,,transition,10,0,1610,1,652,0
2,120,225,-1.793326441,-1.105146187,1.217158484,-1.712099095,-1.546221383,-0.2218194641,0,0,,transition,10,0,1610,1,652,0
2,120,226,-1.748821153,-1.19827695,1.287886787,-1.683839276,-1.551137107,-0.1774555713,0,0,,transition,10,0,1610,1,652,0
2,120,227,-1.704315865,-1.291407712,1.35861509,-1.655579457,-1.55605283,-0.1330916785,0,0,,transition,10,0,1610,1,652,0
2,120,228,-1.659810576,-1.384538475,1.429343393,-1.627319638,-1.560968553,-0.08872778565,0,0,,transition,10,0,1610,1,652,0
2,120,229,-1.615305288,-1.477669237,1.500071697,-1.599059819,-1.565884277,-0.04436389283,0,0,,transition,10,0,1610,1,652,0
2,120,230,-1.5708,-1.5708,1.5708,-1.5708,-1.5708,0,0,0,,home,30,0,1610,1,652,0
