target_line,group_id,point_id,x,y,z,rx,ry,rz,speed,is_discontinuous,coordinate_frame,base_normal_error_mm,base_x_actual_mm,standoff_mm,base_height_mm,lift_mm
1,105,1,-0.28680189931582345,-0.5298229922999349,0.62948271813812051,-1.5716465158404593,0.068222479201403452,3.1291216174271508,10,0.000000000000000000e+00,zone_bc_work_m_v1,0,-1610,1,652,0
1,105,2,-0.31680438232520736,-0.52982378742647018,0.62966693043331146,-1.5714452511617416,0.069021725297320868,3.1321837200568137,30,0.000000000000000000e+00,zone_bc_work_m_v1,0,-1610,1,652,0
1,105,3,-0.34680686544474337,-0.5298245818863071,0.62985113282407934,-1.5712390589542922,0.069819747669276122,3.1352465099210285,30,0.000000000000000000e+00,zone_bc_work_m_v1,0,-1610,1,652,0
1,105,4,-0.37680934862903182,-0.52982537566760668,0.63003532531076412,-1.5710279459105854,0.070616512156562283,3.1383099808219788,30,0.000000000000000000e+00,zone_bc_work_m_v1,0,-1610,1,652,0
1,105,5,-0.40681183183267033,-0.52982616875854993,0.63021950789400061,-1.5708119189885297,0.07141198464882037,3.1413741264915354,30,0.000000000000000000e+00,zone_bc_work_m_v1,0,-1610,1,652,0
1,105,6,-0.43681431501025769,-0.52982696114733885,0.63040368057471863,-1.5705909854113855,0.072206131088539127,-3.1387463665894773,30,0.000000000000000000e+00,zone_bc_work_m_v1,0,-1610,1,652,0
1,105,7,-0.46684716361866929,-0.52983036373592496,0.63038861502662003,-1.5673407667663839,0.075539482336582253,-3.095835812600725,10,0.000000000000000000e+00,zone_bc_work_m_v1,0,-1610,1,652,0
1,105,8,-0.49682713053179439,-0.52984154806482731,0.6283662260740206,-1.5623487899615955,0.086428890539314018,-3.044039441447179,10,0.000000000000000000e+00,zone_bc_work_m_v1,0,-1610,1,652,0
1,105,9,-0.74637249127928007,-0.4998996093461674,0.57147389609536958,-1.5108680646884243,0.13244807530431513,-2.7151389912257584,10,1.000000000000000000e+00,zone_bc_work_m_v1,0,-1610,1,652,0
1,105,10,-0.71868504593586768,-0.49989301590951196,0.58313029114000303,-1.5220265737940326,0.12983277028307127,-2.7810771620589745,10,0.000000000000000000e+00,zone_bc_work_m_v1,0,-1610,1,652,0
1,105,11,-0.48396407343243686,-0.49981939632022038,0.63172708799355259,-1.5682850891192355,0.064575095579161523,-3.1026965182392678,10,1.000000000000000000e+00,zone_bc_work_m_v1,0,-1610,1,652,0
1,105,12,-0.45402080271091916,-0.4998250422644922,0.63268228869437193,-1.5701002218021665,0.070279217530267779,-3.1316799699958922,30,0.000000000000000000e+00,zone_bc_work_m_v1,0,-1610,1,652,0
1,105,13,-0.42401483689655395,-0.49982683496709046,0.63268492646072361,-1.5706265084446085,0.072079713536889134,-3.1392346368072084,30,0.000000000000000000e+00,zone_bc_work_m_v1,0,-1610,1,652,0
1,105,14,-0.39401138545704129,-0.49982579064069915,0.63250076900011387,-1.5709155491507971,0.071032807552862121,3.1399128303273809,30,0.000000000000000000e+00,zone_bc_work_m_v1,0,-1610,1,652,0
1,105,15,-0.36400793400988918,-0.49982474510513158,0.63231659434791598,-1.571196065887952,0.069983627728502418,3.1358761559322681,30,0.000000000000000000e+00,zone_bc_work_m_v1,0,-1610,1,652,0
1,105,16,-0.33400448265894656,-0.49982369838740404,0.6321324025024323,-1.5714680425200391,0.068932252040884157,3.1318406615836851,30,0.000000000000000000e+00,zone_bc_work_m_v1,0,-1610,1,652,0
1,105,17,-0.30400103150805546,-0.4998226505145939,0.63194819346285402,-1.571731463710909,0.067878758620362634,3.127806361465669,30,0.000000000000000000e+00,zone_bc_work_m_v1,0,-1610,1,652,0
1,105,18,-0.30569843591611501,-0.46982142198982491,0.63396950402860364,-1.5721102029295619,0.06664094856900582,3.1218648535474496,10,0.000000000000000000e+00,zone_bc_work_m_v1,0,-1610,1,652,0
1,105,19,-0.33569860137704866,-0.46982273292017063,0.63450268970945445,-1.5717110685581015,0.067961639659075423,3.1281234199493135,30,0.000000000000000000e+00,zone_bc_work_m_v1,0,-1610,1,652,0
1,105,20,-0.36570392191465184,-0.46982426790703297,0.63468687944176749,-1.5713211577797406,0.069504428084937731,3.134035669787421,30,0.000000000000000000e+00,zone_bc_work_m_v1,0,-1610,1,652,0
1,105,21,-0.3957092427605311,-0.46982580038197702,0.63487103225441321,-1.5709128939270269,0.07104257787425583,3.1399504674197645,30,0.000000000000000000e+00,zone_bc_work_m_v1,0,-1610,1,652,0
1,105,22,-0.42571456358792892,-0.46982733025995238,0.63505514815210928,-1.5704863272104286,0.072575843563007503,-3.1373175394842638,30,0.000000000000000000e+00,zone_bc_work_m_v1,0,-1610,1,652,0
1,105,23,-0.45572948815854875,-0.46981997634481176,0.63456318230830078,-1.5691345951743507,0.06518393963866731,-3.1160871394312482,30,0.000000000000000000e+00,zone_bc_work_m_v1,0,-1610,1,652,0
1,105,24,-0.48568725825939851,-0.46981931202094945,0.63366540197662991,-1.5683262573667545,0.064492143894131493,-3.1032844480523112,30,0.000000000000000000e+00,zone_bc_work_m_v1,0,-1610,1,652,0
1,105,25,-0.72072046849422156,-0.46988787730535542,0.58677985667266253,-1.5285866508784609,0.12664237021052571,-2.8188919228833251,10,1.000000000000000000e+00,zone_bc_work_m_v1,0,-1610,1,652,0
1,105,26,-0.74851182896414281,-0.46989831125025638,0.57531332968787652,-1.5125883848211223,0.13177571634135243,-2.7241557693354235,10,0.000000000000000000e+00,zone_bc_work_m_v1,0,-1610,1,652,0
1,105,27,-0.75485868938821865,-0.46989960934616742,0.57247215962715536,-1.5108680646884243,0.13244807530431513,-2.7151389912257584,30,0.000000000000000000e+00,zone_bc_work_m_v1,0,-1610,1,652,0
1,105,28,-0.76208139761545479,-0.43986898162484439,0.57333082261074131,-1.5240672285626793,0.10447402367861014,-2.7200528279852074,10,0.000000000000000000e+00,zone_bc_work_m_v1,0,-1610,1,652,0
1,105,29,-0.73413021060030303,-0.43981652308499397,0.58433954465907723,-1.5499245740918566,0.058114437999664315,-2.7965651410212491,10,0.000000000000000000e+00,zone_bc_work_m_v1,0,-1610,1,652,0
1,105,30,-0.49994862393680584,-0.43981401983373392,0.63472312134991882,-1.5667409282849087,0.059098200269711132,-3.0730385586397935,10,1.000000000000000000e+00,zone_bc_work_m_v1,0,-1610,1,652,0
1,105,31,-0.46995692680733159,-0.43981860048032301,0.63599630366993531,-1.5684233086427095,0.063782285557693941,-3.1043795608407629,30,0.000000000000000000e+00,zone_bc_work_m_v1,0,-1610,1,652,0
1,105,32,-0.43995698810881767,-0.43981477558129972,0.636863227800059,-1.5693192916888166,0.059975948215338803,-3.1169557270711916,30,0.000000000000000000e+00,zone_bc_work_m_v1,0,-1610,1,652,0
1,105,33,-0.40994078228290931,-0.43982702235865828,0.63731814874020598,-1.5705737061979983,0.072267451636999436,-3.1385094704491978,30,0.000000000000000000e+00,zone_bc_work_m_v1,0,-1610,1,652,0
1,105,34,-0.37993033767531648,-0.43982415775159261,0.6371340914028053,-1.5713497722778522,0.069393781329756932,3.1336109843087572,30,0.000000000000000000e+00,zone_bc_work_m_v1,0,-1610,1,652,0
1,105,35,-0.34992442797368506,-0.43982188318615234,0.63678117170054416,-1.5719468951822255,0.067106262038275855,3.1244359846518943,30,0.000000000000000000e+00,zone_bc_work_m_v1,0,-1610,1,652,0
1,105,36,-0.31992949773186052,-0.43982105475550193,0.63601960542367908,-1.5722384124803874,0.066270167500068977,3.1198194369889691,30,0.000000000000000000e+00,zone_bc_work_m_v1,0,-1610,1,652,0
1,105,37,-0.28993456787076455,-0.43982022497348361,0.63525801736843646,-1.572522156453475,0.065431523709011952,3.1152038055101219,30,0.000000000000000000e+00,zone_bc_work_m_v1,0,-1610,1,652,0
1,105,38,-0.29071883865829706,-0.40980937767864251,0.63696728290699089,-1.5720026120710775,0.0545740144762068,3.119481614513929,10,0.000000000000000000e+00,zone_bc_work_m_v1,0,-1610,1,652,0
1,105,39,-0.32071101144141378,-0.4098130966503028,0.63772864396378659,-1.5719777870457465,0.058300281954742017,3.1213188514429246,30,0.000000000000000000e+00,zone_bc_work_m_v1,0,-1610,1,652,0
1,105,40,-0.35070318428258385,-0.40981681474991732,0.63848998779462551,-1.5719392158071184,0.062026566975581954,3.1231571158851512,30,0.000000000000000000e+00,zone_bc_work_m_v1,0,-1610,1,652,0
1,105,41,-0.38069535713419622,-0.40982053188129275,0.63925131440471983,-1.5718868823224081,0.065752786990899814,3.1249965208427826,30,0.000000000000000000e+00,zone_bc_work_m_v1,0,-1610,1,652,0
1,105,42,-0.41073184786665617,-0.40981017100729639,0.63937568503122111,-1.5692699170888078,0.055360843096313728,-3.1140135279120491,10,0.000000000000000000e+00,zone_bc_work_m_v1,0,-1610,1,652,0
1,105,43,-0.44072711358779282,-0.40980562764114026,0.63844481456960867,-1.5689001740463189,0.050796728851709716,-3.104265651401815,30,0.000000000000000000e+00,zone_bc_work_m_v1,0,-1610,1,652,0
1,105,44,-0.47072196316955117,-0.40980338887404399,0.63749838649466728,-1.568508337112525,0.048536684496812699,-3.0944695792594539,30,0.000000000000000000e+00,zone_bc_work_m_v1,0,-1610,1,652,0
1,105,45,-0.50068899439878933,-0.40980601964530777,0.63633399473208863,-1.5676775085362622,0.051129641080093435,-3.0806432121948126,30,0.000000000000000000e+00,zone_bc_work_m_v1,0,-1610,1,652,0
1,105,46,-0.7349080430883288,-0.40983802739633701,0.58640445778025763,-1.5439219718887993,0.078861911107401372,-2.8127672367895022,10,1.000000000000000000e+00,zone_bc_work_m_v1,0,-1610,1,652,0
1,105,47,-0.76310244725818654,-0.40981897044815169,0.57609093507025289,-1.5485800716866009,0.060235374890636351,-2.7879976314427868,10,0.000000000000000000e+00,zone_bc_work_m_v1,0,-1610,1,652,0
1,105,48,-0.7680811590864397,-0.40985032623309908,0.57405329993412013,-1.5331995857406124,0.087976891585963113,-2.737098016131859,10,0.000000000000000000e+00,zone_bc_work_m_v1,0,-1610,1,652,0
1,105,49,-0.77331211182213155,-0.37983064864731314,0.57469176781307774,-1.5429952949587873,0.070638621672309387,-2.7662728070899485,10,0.000000000000000000e+00,zone_bc_work_m_v1,0,-1610,1,652,0
1,105,50,-0.74527208050247773,-0.37983887558872403,0.58542864763397329,-1.5420252999968949,0.079097598025808624,-2.7923054714172126,10,0.000000000000000000e+00,zone_bc_work_m_v1,0,-1610,1,652,0
1,105,51,-0.71712444695583444,-0.37983636093892365,0.59592478298656992,-1.5460724929928888,0.077808075684102418,-2.8335780693120007,10,0.000000000000000000e+00,zone_bc_work_m_v1,0,-1610,1,652,0
1,105,52,-0.48144702253650462,-0.37979922001692473,0.63856080333276832,-1.5690016236735689,0.044380918439471229,-3.1011627544451397,10,1.000000000000000000e+00,zone_bc_work_m_v1,0,-1610,1,652,0
1,105,53,-0.45145015951954326,-0.37979547481047327,0.63950905972658234,-1.5696491247212305,0.040652392280345007,-3.1133725681109281,30,0.000000000000000000e+00,zone_bc_work_m_v1,0,-1610,1,652,0
1,105,54,-0.4214504563456245,-0.379793021586039,0.64034344973343427,-1.5701508622668336,0.038207983631342923,-3.1246967016719998,30,0.000000000000000000e+00,zone_bc_work_m_v1,0,-1610,1,652,0
1,105,55,-0.39143888405870264,-0.37979119158714225,0.64065587432217452,-1.570970659296177,0.036381742386904836,3.1367998750954706,30,0.000000000000000000e+00,zone_bc_work_m_v1,0,-1610,1,652,0
1,105,56,-0.36142677161119408,-0.37979077094837044,0.63998331911090822,-1.5716769693795256,0.035950465927751196,3.1170962717209689,30,0.000000000000000000e+00,zone_bc_work_m_v1,0,-1610,1,652,0
1,105,57,-0.33143238581231338,-0.37979058815720634,0.6392074164075956,-1.5718307302785239,0.035763387155287818,3.1126710110653182,30,0.000000000000000000e+00,zone_bc_work_m_v1,0,-1610,1,652,0
1,105,58,-0.30143800049762492,-0.37979040469202374,0.63843149415375156,-1.5719828300736913,0.03557498249055957,3.1082457864815445,30,0.000000000000000000e+00,zone_bc_work_m_v1,0,-1610,1,652,0
1,105,59,-0.30228322558956933,-0.34979059921623862,0.63961193120865922,-1.5718214907371677,0.035774723750182424,3.1129382784923618,10,0.000000000000000000e+00,zone_bc_work_m_v1,0,-1610,1,652,0
1,105,60,-0.33228032263427831,-0.34979083548609197,0.64036623166469764,-1.5715897757072377,0.036017090406534447,3.1195616610525505,30,0.000000000000000000e+00,zone_bc_work_m_v1,0,-1610,1,652,0
1,105,61,-0.36228338385093894,-0.34979104806972716,0.64102145501926144,-1.5712239339593499,0.03623602598249076,3.1297900093594651,30,0.000000000000000000e+00,zone_bc_work_m_v1,0,-1610,1,652,0
1,105,62,-0.39228644636982879,-0.34979125689452317,0.64167657405556833,-1.5708536790659835,0.036447465481105334,3.1400187465168194,30,0.000000000000000000e+00,zone_bc_work_m_v1,0,-1610,1,652,0
1,105,63,-0.42228680394931817,-0.34979200252392656,0.64151121122079724,-1.5704826079496814,0.037192323254156001,-3.1331558655434448,30,0.000000000000000000e+00,zone_bc_work_m_v1,0,-1610,1,652,0
1,105,64,-0.45228494664722008,-0.3497931869011206,0.64067415901289348,-1.5700953327723932,0.038372469775510787,-3.1233220502454175,30,0.000000000000000000e+00,zone_bc_work_m_v1,0,-1610,1,652,0
1,105,65,-0.48228385358894776,-0.34979469438779681,0.63983109451321984,-1.5696377084089772,0.039870688965762957,-3.1125337199154979,30,0.000000000000000000e+00,zone_bc_work_m_v1,0,-1610,1,652,0
1,105,66,-0.71823831350818967,-0.34983643172434947,0.59839838786054755,-1.5459638860323595,0.07784810428178468,-2.8324577702251079,10,1.000000000000000000e+00,zone_bc_work_m_v1,0,-1610,1,652,0
1,105,67,-0.74634491909824241,-0.34983562695333403,0.5877345294232984,-1.5414248322307298,0.075388260349773084,-2.7696632395376843,10,0.000000000000000000e+00,zone_bc_work_m_v1,0,-1610,1,652,0
1,105,68,-0.77430410344348277,-0.34983725476665067,0.57680055092001725,-1.5369933530203062,0.075305254776480757,-2.7191753233681801,10,0.000000000000000000e+00,zone_bc_work_m_v1,0,-1610,1,652,0
1,105,69,-0.77776031119810018,-0.34982951445312266,0.57519273525088233,-1.539199366409294,0.067773236031331008,-2.7049148583220273,30,0.000000000000000000e+00,zone_bc_work_m_v1,0,-1610,1,652,0
1,105,70,-0.78147133819819314,-0.31981448836615184,0.57563425524912826,-1.5451667160609976,0.053931549120225464,-2.6976879918063239,10,0.000000000000000000e+00,zone_bc_work_m_v1,0,-1610,1,652,0
1,105,71,-0.75425449957350454,-0.31977022358387042,0.58838710626573032,-1.5651010864573136,0.014315519617520645,-2.7629370591126339,10,0.000000000000000000e+00,zone_bc_work_m_v1,0,-1610,1,652,0
1,105,72,-0.72586046307969077,-0.31976814660785474,0.5981438255346524,-1.5661625682788869,0.012498251546155359,-2.7865401542290358,10,0.000000000000000000e+00,zone_bc_work_m_v1,0,-1610,1,652,0
1,105,73,-0.49008064986681776,-0.31978954874874843,0.64077760579629084,-1.5695759169083683,0.034716846595548967,-3.1064468048184706,10,1.000000000000000000e+00,zone_bc_work_m_v1,0,-1610,1,652,0
1,105,74,-0.46007936418792972,-0.31979195633946605,0.64164790374621283,-1.5700117262882602,0.037139146363191378,-3.1204649657245249,30,0.000000000000000000e+00,zone_bc_work_m_v1,0,-1610,1,652,0
1,105,75,-0.43008030257542762,-0.31979159734110296,0.64248496245141451,-1.5704147564013795,0.03678620753865447,-3.1312180372158744,30,0.000000000000000000e+00,zone_bc_work_m_v1,0,-1610,1,652,0
1,105,76,-0.4000811078659201,-0.31979130734417716,0.64284900862392924,-1.5707625587916527,0.036497978198717362,-3.1406672463886225,30,0.000000000000000000e+00,zone_bc_work_m_v1,0,-1610,1,652,0
1,105,77,-0.37008162809072442,-0.31979117279236863,0.64219393930109347,-1.5710041229397036,0.036362759204449757,3.1358769243898732,30,0.000000000000000000e+00,zone_bc_work_m_v1,0,-1610,1,652,0
1,105,78,-0.34008214846322016,-0.31979103664782382,0.64153882600065626,-1.5712438701241385,0.036224355066755143,3.1292358161136167,30,0.000000000000000000e+00,zone_bc_work_m_v1,0,-1610,1,652,0
1,105,79,-0.31008266942119889,-0.31979089891950757,0.64088366872564051,-1.5714817529992486,0.036082793256689172,3.1225948841235494,30,0.000000000000000000e+00,zone_bc_work_m_v1,0,-1610,1,652,0
1,105,80,-0.31267920483182055,-0.28979101355190934,0.64194259414598798,-1.5712840842231008,0.036200722966909904,3.1281168319790105,10,0.000000000000000000e+00,zone_bc_work_m_v1,0,-1610,1,652,0
1,105,81,-0.34267696223287136,-0.28979111469521718,0.64259770289106832,-1.5711069982390833,0.03630388846377719,3.1330334569783544,30,0.000000000000000000e+00,zone_bc_work_m_v1,0,-1610,1,652,0
1,105,82,-0.37267471981761302,-0.2897912149676361,0.64325278753235116,-1.5709289052288369,0.036405314565886915,3.1379501321680658,30,0.000000000000000000e+00,zone_bc_work_m_v1,0,-1610,1,652,0
1,105,83,-0.4026724774083934,-0.2897913143655661,0.64390784806965085,-1.57074982449164,0.036504990276462257,-3.1403185097632673,30,0.000000000000000000e+00,zone_bc_work_m_v1,0,-1610,1,652,0
1,105,84,-0.43267657522472547,-0.28979176737787399,0.64360377028303095,-1.5702254181684889,0.036953930201429008,-3.1261411657891243,30,0.000000000000000000e+00,zone_bc_work_m_v1,0,-1610,1,652,0
1,105,85,-0.46267951917458339,-0.28979113076629115,0.64273445750296809,-1.5696685302052171,0.036303792938378265,-3.1105302791577922,30,0.000000000000000000e+00,zone_bc_work_m_v1,0,-1610,1,652,0
1,105,86,-0.49266743513029021,-0.28978545071515172,0.64162610310388046,-1.5695678446582026,0.030613424001721068,-3.1014790234167164,30,0.000000000000000000e+00,zone_bc_work_m_v1,0,-1610,1,652,0
1,105,87,-0.72826378820438176,-0.28979014752625953,0.59856411278761812,-1.5598566595790047,0.033602120398291024,-2.8267828615765289,10,1.000000000000000000e+00,zone_bc_work_m_v1,0,-1610,1,652,0
1,105,88,-0.75618955310523517,-0.28977260002426763,0.5875181775531797,-1.5647697971537591,0.016731333103835233,-2.7958464021552389,10,0.000000000000000000e+00,zone_bc_work_m_v1,0,-1610,1,652,0
1,105,89,-0.78410766183405889,-0.28981410705161309,0.57636791522613129,-1.5453604216663315,0.053600538501473505,-2.6982459649226715,10,0.000000000000000000e+00,zone_bc_work_m_v1,0,-1610,1,652,0
1,105,90,-0.78480921402726189,-0.28981448836615181,0.57603485499137763,-1.5451667160609976,0.053931549120225464,-2.6976879918063239,30,0.000000000000000000e+00,zone_bc_work_m_v1,0,-1610,1,652,0
1,105,91,-0.78756517459491393,-0.25978961107596105,0.57635480018431628,-1.5551693575211565,0.031096005808084914,-2.6758182287658019,10,0.000000000000000000e+00,zone_bc_work_m_v1,0,-1610,1,652,0
1,105,92,-0.75963605942089107,-0.25980317776326134,0.58760177940436031,-1.5545730669168609,0.045579965123069499,-2.7995079828997493,10,0.000000000000000000e+00,zone_bc_work_m_v1,0,-1610,1,652,0
1,105,93,-0.73171423901230792,-0.25979633958624088,0.59864712261695041,-1.5579393175364555,0.039495095376677725,-2.8267847935954715,10,0.000000000000000000e+00,zone_bc_work_m_v1,0,-1610,1,652,0
1,105,94,-0.49627377491696634,-0.25978226432259077,0.64223176277198724,-1.5695438963875215,0.027421737839963267,-3.0959457313477565,10,1.000000000000000000e+00,zone_bc_work_m_v1,0,-1610,1,652,0
1,105,95,-0.46629354993261685,-0.2597827096953586,0.64352597888724861,-1.5697507752748354,0.027876264486819124,-3.1040984883131628,30,0.000000000000000000e+00,zone_bc_work_m_v1,0,-1610,1,652,0
1,105,96,-0.43631067214877461,-0.25978700788630654,0.64463432414997845,-1.5697039935098491,0.032177466241261499,-3.1076526690062591,30,0.000000000000000000e+00,zone_bc_work_m_v1,0,-1610,1,652,0
1,105,97,-0.40629024920111956,-0.25979132117731152,0.64498910476415827,-1.5707374580871973,0.036511788733053718,-3.1399799761354692,30,0.000000000000000000e+00,zone_bc_work_m_v1,0,-1610,1,652,0
1,105,98,-0.37629350378491222,-0.25979124238862855,0.64433404796710925,-1.5708797570426087,0.036432899569736943,3.1393021808917281,30,0.000000000000000000e+00,zone_bc_work_m_v1,0,-1610,1,652,0
1,105,99,-0.34629675834172335,-0.25979116304820932,0.64367897597943569,-1.5710214368730218,0.036352905396333624,3.135399014051417,30,0.000000000000000000e+00,zone_bc_work_m_v1,0,-1610,1,652,0
1,105,100,-0.31630001296043231,-0.25979108315784283,0.64302388880090022,-1.5711624878955575,0.036271811666746645,3.1314958606106749,30,0.000000000000000000e+00,zone_bc_work_m_v1,0,-1610,1,652,0
1,105,101,-0.28630326772991932,-0.25979100271934347,0.64236878643195827,-1.5713029004848675,0.036189623935279913,3.1275927506501571,30,0.000000000000000000e+00,zone_bc_work_m_v1,0,-1610,1,652,0
1,105,102,-0.28960244060623852,-0.2297626441328213,0.64283582553779339,-1.5710885367728935,0.0078213031394012145,3.1042488616842681,10,0.000000000000000000e+00,zone_bc_work_m_v1,0,-1610,1,652,0
1,105,103,-0.31959917085870226,-0.22976270650415037,0.6435033154609926,-1.5710580954255822,0.0078847890087192507,3.108405305558203,30,0.000000000000000000e+00,zone_bc_work_m_v1,0,-1610,1,652,0
1,105,104,-0.34959590166736132,-0.22976276874786697,0.64417078811577366,-1.5710271277242107,0.0079480283343162927,3.1125617404897268,30,0.000000000000000000e+00,zone_bc_work_m_v1,0,-1610,1,652,0
1,105,105,-0.37959263292454071,-0.22976283086236118,0.64483824349923435,-1.5709956359761827,0.0080110162091766579,3.1167181306271488,30,0.000000000000000000e+00,zone_bc_work_m_v1,0,-1610,1,652,0
1,105,106,-0.409596268237294,-0.22976291566362059,0.6454975323541351,-1.5709096149149562,0.0080975067067177164,3.1276029192329662,30,0.000000000000000000e+00,zone_bc_work_m_v1,0,-1610,1,652,0
1,105,107,-0.43963092272006499,-0.22976901692445417,0.64520957578387783,-1.5703969305447398,0.014194331087036494,-3.1134614006670169,10,0.000000000000000000e+00,zone_bc_work_m_v1,0,-1610,1,652,0
1,105,108,-0.4696208819431853,-0.22977774545170601,0.64415559772250763,-1.5699491576377005,0.022914355715966783,-3.1046351349714536,30,0.000000000000000000e+00,zone_bc_work_m_v1,0,-1610,1,652,0
1,105,109,-0.49960268428332522,-0.22978092488510068,0.64288492188711144,-1.5696040801228388,0.026083170735151207,-3.0959098314114453,30,0.000000000000000000e+00,zone_bc_work_m_v1,0,-1610,1,652,0
1,105,110,-0.73494907316364655,-0.22979748978825226,0.59881593494831142,-1.5573984325401375,0.040529362899115684,-2.8222294363513805,10,1.000000000000000000e+00,zone_bc_work_m_v1,0,-1610,1,652,0
1,105,111,-0.76288294150361591,-0.22980752354730266,0.58776584263120679,-1.5522443270509019,0.049362044074922506,-2.7819182815896717,10,0.000000000000000000e+00,zone_bc_work_m_v1,0,-1610,1,652,0
1,105,112,-0.78944169794889962,-0.22978961107596108,0.5765809391648945,-1.5551693575211565,0.031096005808084914,-2.6758182287658019,10,0.000000000000000000e+00,zone_bc_work_m_v1,0,-1610,1,652,0
1,105,113,-0.79131822130288543,-0.19978961107596105,0.57680707814547272,-1.5551693575211565,0.031096005808084914,-2.6758182287658019,10,0.000000000000000000e+00,zone_bc_work_m_v1,0,-1610,1,652,0
1,105,114,-0.7639988292765636,-0.19980509917529665,0.58927589863061114,-1.5516725479399009,0.046528810480964244,-2.7514618086141076,10,0.000000000000000000e+00,zone_bc_work_m_v1,0,-1610,1,652,0
1,105,115,-0.73587708935884477,-0.19979912320624169,0.59989743202707857,-1.5566127577641691,0.041990834660699861,-2.8157380341710212,10,0.000000000000000000e+00,zone_bc_work_m_v1,0,-1610,1,652,0
1,105,116,-0.70697422717862124,-0.19979906430016323,0.60793003607227236,-1.5588147077169214,0.042609742485973268,-2.8673854259616087,10,0.000000000000000000e+00,zone_bc_work_m_v1,0,-1610,1,652,0
1,105,117,-0.67784848642440809,-0.19980233556980909,0.61524016118423852,-1.5593390963235807,0.046135647505279431,-2.898085679304363,10,0.000000000000000000e+00,zone_bc_work_m_v1,0,-1610,1,652,0
1,105,118,-0.64883300114786868,-0.19980144009993017,0.62290789019529857,-1.5600794904685387,0.045392469596305274,-2.9096599364772047,30,0.000000000000000000e+00,zone_bc_work_m_v1,0,-1610,1,652,0
1,105,119,-0.59002627114440109,-0.19977873127550883,0.63508471316816584,-1.5671587827686728,0.023637907900026178,-2.9888896989800209,10,0.000000000000000000e+00,zone_bc_work_m_v1,0,-1610,1,652,0
1,105,120,-0.56027993013075861,-0.19977817000625031,0.63910260277567199,-1.5676249562990234,0.023138390359106698,-3.0053679324438862,30,0.000000000000000000e+00,zone_bc_work_m_v1,0,-1610,1,652,0
1,105,121,-0.53037863347384651,-0.19977743017055249,0.64218136030410355,-1.5692062720995883,0.022558686307652565,-3.0712177740177919,10,0.000000000000000000e+00,zone_bc_work_m_v1,0,-1610,1,652,0
1,105,122,-0.50043767214362789,-0.1997783267633752,0.64363168327585119,-1.5698017180990591,0.023490433385696896,-3.099273016772365,30,0.000000000000000000e+00,zone_bc_work_m_v1,0,-1610,1,652,0
1,105,123,-0.47044549026704052,-0.19976957266226947,0.64475512628082665,-1.5703726803359888,0.01474966233391295,-3.1128770544760012,30,0.000000000000000000e+00,zone_bc_work_m_v1,0,-1610,1,652,0
1,105,124,-0.4404430055923001,-0.19976386043662453,0.64549040141273484,-1.5706419956563855,0.0090417898890846615,-3.1245254291827629,30,0.000000000000000000e+00,zone_bc_work_m_v1,0,-1610,1,652,0
1,105,125,-0.41042674562955828,-0.19976295125851523,0.64574094986945896,-1.5708435685546047,0.0081337580075500071,3.135784545040146,30,0.000000000000000000e+00,zone_bc_work_m_v1,0,-1610,1,652,0
1,105,126,-0.38041671809172839,-0.19976286793249612,0.64511416971942637,-1.5709765606660233,0.0080485487260932853,3.1192028158162208,30,0.000000000000000000e+00,zone_bc_work_m_v1,0,-1610,1,652,0
1,105,127,-0.35041955164019667,-0.19976279939347383,0.6444467130698035,-1.5710116641360363,0.0079791200950483088,3.1146113111478835,30,0.000000000000000000e+00,zone_bc_work_m_v1,0,-1610,1,652,0
1,105,128,-0.32042238567121362,-0.1997627306957889,0.64377923534173365,-1.5710461294977858,0.0079093816643842629,3.1100197302408175,30,0.000000000000000000e+00,zone_bc_work_m_v1,0,-1610,1,652,0
1,105,129,-0.29042522032995022,-0.19976266184160768,0.64311173653859754,-1.5710799536083806,0.0078393400340683872,3.105428121426991,30,0.000000000000000000e+00,zone_bc_work_m_v1,0,-1610,1,652,0
1,105,130,-0.29574476086983803,-0.16976269520843493,0.64348771307125119,-1.5710636522052333,0.0078733000050832391,3.1076519274738095,10,0.000000000000000000e+00,zone_bc_work_m_v1,0,-1610,1,652,0
1,105,131,-0.32574246321271882,-0.16976277201978071,0.64415521721483415,-1.5710254835625264,0.0079513492839409228,3.1127804654819684,30,0.000000000000000000e+00,zone_bc_work_m_v1,0,-1610,1,652,0
1,105,132,-0.35574016622982363,-0.16976284863426272,0.64482269506344081,-1.5709865172721216,0.0080290153495581329,3.1179089324208134,30,0.000000000000000000e+00,zone_bc_work_m_v1,0,-1610,1,652,0
1,105,133,-0.38574265017203935,-0.16976291391016812,0.64546142224200898,-1.5709128274897664,0.0080957074334244705,3.1272030615919117,30,0.000000000000000000e+00,zone_bc_work_m_v1,0,-1610,1,652,0
1,105,134,-0.41574905317850752,-0.16976296900541818,0.64607648050323729,-1.5708100355449541,0.0081516311605331904,3.1399109179115881,30,0.000000000000000000e+00,zone_bc_work_m_v1,0,-1610,1,652,0
1,105,135,-0.44575730886252196,-0.16976365925311954,0.64564077796252251,-1.5706791375768421,0.0088411387028621835,-3.1283382656069025,30,0.000000000000000000e+00,zone_bc_work_m_v1,0,-1610,1,652,0
1,105,136,-0.47576110157287443,-0.1697657889152884,0.64497926263400296,-1.5705291469706784,0.010968428900704374,-3.117237993382401,30,0.000000000000000000e+00,zone_bc_work_m_v1,0,-1610,1,652,0
1,105,137,-0.50575531311203759,-0.16977050333582652,0.64416763266813659,-1.57033061375886,0.015679611961227025,-3.1118983436024852,30,0.000000000000000000e+00,zone_bc_work_m_v1,0,-1610,1,652,0
1,105,138,-0.53573942644108086,-0.16977584204568516,0.64238378376229111,-1.5690385879371189,0.020952552350822273,-3.0578910524080212,10,0.000000000000000000e+00,zone_bc_work_m_v1,0,-1610,1,652,0
1,105,139,-0.56559247562048465,-0.16977770244922583,0.63909344414840552,-1.5679668423021913,0.022711448656609123,-3.0176363458242093,10,0.000000000000000000e+00,zone_bc_work_m_v1,0,-1610,1,652,0
1,105,140,-0.59533616602755601,-0.16977965192951533,0.63493401972954056,-1.5668611200551785,0.024523362565348039,-2.9824649436604798,10,0.000000000000000000e+00,zone_bc_work_m_v1,0,-1610,1,652,0
1,105,141,-0.65427424620568142,-0.16980112720167218,0.62338298507291157,-1.5603325235567087,0.045129932820397123,-2.9136761791006567,10,0.000000000000000000e+00,zone_bc_work_m_v1,0,-1610,1,652,0
1,105,142,-0.68328624706663588,-0.16980174655591007,0.61571616055556022,-1.5598288257652393,0.0456481856313673,-2.9057124245993786,30,0.000000000000000000e+00,zone_bc_work_m_v1,0,-1610,1,652,0
1,105,143,-0.71229823330469255,-0.16980236158121681,0.60804927444088896,-1.5593172271469866,0.046157049825573226,-2.8977476572353265,30,0.000000000000000000e+00,zone_bc_work_m_v1,0,-1610,1,652,0
1,105,144,-0.741157770117291,-0.16980706707486923,0.59951624002970194,-1.5517811284316616,0.048695164304218608,-2.7691325640882392,10,0.000000000000000000e+00,zone_bc_work_m_v1,0,-1610,1,652,0
1,105,145,-0.76929367524818904,-0.16980211769476519,0.5890378618298393,-1.5518713307720911,0.043371102312309784,-2.7299888499774472,10,0.000000000000000000e+00,zone_bc_work_m_v1,0,-1610,1,652,0
1,105,146,-0.79319474465687112,-0.16978961107596102,0.57703321712605082,-1.5551693575211565,0.031096005808084914,-2.6758182287658019,10,0.000000000000000000e+00,zone_bc_work_m_v1,0,-1610,1,652,0
1,105,147,-0.79507126801085692,-0.139789611075961,0.57725935610662904,-1.5551693575211565,0.031096005808084914,-2.6758182287658019,10,0.000000000000000000e+00,zone_bc_work_m_v1,0,-1610,1,652,0
1,105,148,-0.768053851244485,-0.13977439874986292,0.5904511079904341,-1.563206798796716,0.018052188895824495,-2.7435801698520264,10,0.000000000000000000e+00,zone_bc_work_m_v1,0,-1610,1,652,0
1,105,149,-0.73980277813245465,-0.13977297910487205,0.6007333268873607,-1.5648974156754349,0.017178129736447501,-2.8107940060041194,10,0.000000000000000000e+00,zone_bc_work_m_v1,0,-1610,1,652,0
1,105,150,-0.7109491684847512,-0.13977247958021524,0.60902789731008844,-1.565825981425871,0.016949372061054735,-2.8563279635142185,10,0.000000000000000000e+00,zone_bc_work_m_v1,0,-1610,1,652,0
1,105,151,-0.68191606796395465,-0.13977243285854538,0.61667949008003464,-1.5662541055645018,0.017020717732259882,-2.8807920540634964,10,0.000000000000000000e+00,zone_bc_work_m_v1,0,-1610,1,652,0
1,105,152,-0.65289353552399798,-0.13977285222133309,0.62439218119780193,-1.5666817484795936,0.017560185740664425,-2.911419249623548,10,0.000000000000000000e+00,zone_bc_work_m_v1,0,-1610,1,652,0
1,105,153,-0.62346341007254091,-0.13976904537808083,0.63036889619168179,-1.5679798042296484,0.013946871625782231,-2.9423193129251892,10,0.000000000000000000e+00,zone_bc_work_m_v1,0,-1610,1,652,0
1,105,154,-0.59392695762574155,-0.13977042387920338,0.63585884656390901,-1.5683832161333244,0.015419392772846541,-2.9863470678831918,10,0.000000000000000000e+00,zone_bc_work_m_v1,0,-1610,1,652,0
1,105,155,-0.56418554593798831,-0.13977012260094124,0.63992182665313357,-1.5687022060832752,0.015161821811418452,-3.0043376046529104,30,0.000000000000000000e+00,zone_bc_work_m_v1,0,-1610,1,652,0
1,105,156,-0.53429544250951699,-0.13976808855365397,0.64304769955782581,-1.5697716805332806,0.013231878713181544,-3.0643069128779219,10,0.000000000000000000e+00,zone_bc_work_m_v1,0,-1610,1,652,0
1,105,157,-0.50432178029365637,-0.13976652560782626,0.64461223500828135,-1.5705000511377762,0.011704673346687455,-3.116284884230184,10,0.000000000000000000e+00,zone_bc_work_m_v1,0,-1610,1,652,0
1,105,158,-0.4743245196783703,-0.13976402582180131,0.64529782820592507,-1.5706102970233502,0.009206619711094266,-3.1213890289223931,30,0.000000000000000000e+00,zone_bc_work_m_v1,0,-1610,1,652,0
1,105,159,-0.44432001187641124,-0.13976343158965945,0.64593438824709548,-1.5707192926819908,0.008613898744380899,-3.132649779478955,30,0.000000000000000000e+00,zone_bc_work_m_v1,0,-1610,1,652,0
1,105,160,-0.4143158589206708,-0.13976296826119214,0.646273576568279,-1.5708114499903645,0.0081508844071269682,3.139737229709795,30,0.000000000000000000e+00,zone_bc_work_m_v1,0,-1610,1,652,0
1,105,161,-0.38431284828149992,-0.13976292799025714,0.64565855962981555,-1.5708869230867577,0.0081101201821793811,3.1304222251619613,30,0.000000000000000000e+00,zone_bc_work_m_v1,0,-1610,1,652,0
1,105,162,-0.35430983864007315,-0.13976288701968198,0.64504345594130086,-1.5709616234691013,0.0080679611668723616,3.1211072617620528,30,0.000000000000000000e+00,zone_bc_work_m_v1,0,-1610,1,652,0
1,105,163,-0.32431101514044158,-0.13976280468072708,0.64438096569351411,-1.5710089817307025,0.0079844813320912866,3.1149651335803212,30,0.000000000000000000e+00,zone_bc_work_m_v1,0,-1610,1,652,0
1,105,164,-0.29431263372441618,-0.1397627177774825,0.64371345103909283,-1.5710525303486575,0.0078962514197318256,3.1091574694261013,30,0.000000000000000000e+00,zone_bc_work_m_v1,0,-1610,1,652,0
1,105,165,-0.29953913402646881,-0.10976276944500916,0.6440873579777916,-1.5710267775416153,0.007948735952535424,3.1126083419347172,10,0.000000000000000000e+00,zone_bc_work_m_v1,0,-1610,1,652,0
1,105,166,-0.32953840209237173,-0.10976286941711655,0.64475487263731723,-1.5709757923374983,0.0080500509320662328,3.1193023898084142,30,0.000000000000000000e+00,zone_bc_work_m_v1,0,-1610,1,652,0
1,105,167,-0.35953920546625584,-0.10976291110646261,0.64537713514429873,-1.5709179563973428,0.0080928278890073369,3.126564313011102,30,0.000000000000000000e+00,zone_bc_work_m_v1,0,-1610,1,652,0
1,105,168,-0.38954025308952089,-0.10976294317871403,0.6459921749419173,-1.5708587010962121,0.0081255757349967261,3.133916426738883,30,0.000000000000000000e+00,zone_bc_work_m_v1,0,-1610,1,652,0
1,105,169,-0.41954130105109355,-0.10976297481389034,0.64660716069557411,-1.5707989712642736,0.0081574509241262305,3.1412684716071659,30,0.000000000000000000e+00,zone_bc_work_m_v1,0,-1610,1,652,0
1,105,170,-0.44954333634788379,-0.10976340402415351,0.6460867101510126,-1.5707240196165493,0.0085863722195240744,-3.1331715933464466,30,0.000000000000000000e+00,zone_bc_work_m_v1,0,-1610,1,652,0
1,105,171,-0.47954547194978048,-0.10976387318221786,0.64545020102095951,-1.5706395901865511,0.0090544965396150978,-3.124283784181114,30,0.000000000000000000e+00,zone_bc_work_m_v1,0,-1610,1,652,0
1,105,172,-0.50955769879662927,-0.10976373772914429,0.64463454584351321,-1.57042825596728,0.008912797787838489,-3.1003186685138981,30,0.000000000000000000e+00,zone_bc_work_m_v1,0,-1610,1,652,0
1,105,173,-0.53950783640477451,-0.10976861576023557,0.64303530889691674,-1.5696285569094983,0.013749246022144668,-3.0568599300785446,10,0.000000000000000000e+00,zone_bc_work_m_v1,0,-1610,1,652,0
1,105,174,-0.56935427630244861,-0.10976984527723005,0.6396827311099369,-1.5689150956002815,0.014910188962023119,-3.0160802417861841,10,0.000000000000000000e+00,zone_bc_work_m_v1,0,-1610,1,652,0
1,105,175,-0.5991023933858215,-0.10976888265608223,0.63544938077092772,-1.56833150137622,0.013848032656202935,-2.965440465608479,10,0.000000000000000000e+00,zone_bc_work_m_v1,0,-1610,1,652,0
1,105,176,-0.65798074663770922,-0.10977287469470659,0.6236564469580127,-1.5666373473025395,0.017572822574285052,-2.9091847998426914,10,0.000000000000000000e+00,zone_bc_work_m_v1,0,-1610,1,652,0
1,105,177,-0.68698101056218519,-0.10977262633325814,0.61591768433881589,-1.566433931213959,0.017267343367771248,-2.8941189419661892,30,0.000000000000000000e+00,zone_bc_work_m_v1,0,-1610,1,652,0
1,105,178,-0.7159943320677149,-0.10977245328270345,0.60819611518610783,-1.5660794722519538,0.016994356842728875,-2.8708390927677594,30,0.000000000000000000e+00,zone_bc_work_m_v1,0,-1610,1,652,0
1,105,179,-0.74474444177880272,-0.10977285708710312,0.59954655681431879,-1.5650579194277108,0.017103730516345061,-2.8178697958373964,10,0.000000000000000000e+00,zone_bc_work_m_v1,0,-1610,1,652,0
1,105,180,-0.77284434166653215,-0.10977420212083347,0.58885972207052151,-1.5631432904978941,0.017811503358514447,-2.7357484061804316,10,0.000000000000000000e+00,zone_bc_work_m_v1,0,-1610,1,652,0
1,105,181,-0.79664322758654604,-0.10976913689911107,0.57745033934445233,-1.5643919067418472,0.012808052138714165,-2.6779040301792199,10,0.000000000000000000e+00,zone_bc_work_m_v1,0,-1610,1,652,0
1,105,182,-0.79741703170887035,-0.07976913689911104,0.57754377535517898,-1.5643919067418472,0.012808052138714165,-2.6779040301792199,10,0.000000000000000000e+00,zone_bc_work_m_v1,0,-1610,1,652,0
1,105,183,-0.77040410428857609,-0.079763365790985044,0.59067081447458014,-1.5672327798833008,0.0077702799917078735,-2.7115943449526494,10,0.000000000000000000e+00,zone_bc_work_m_v1,0,-1610,1,652,0
1,105,184,-0.74217734643774957,-0.079762848272690742,0.60105832308620022,-1.5680442206374896,0.0075446342995573179,-2.7918110691107016,10,0.000000000000000000e+00,zone_bc_work_m_v1,0,-1610,1,652,0
1,105,185,-0.71331923028405109,-0.079762672519259004,0.60946358254304978,-1.5686901787317851,0.0075675332769891135,-2.8701455073829809,10,0.000000000000000000e+00,zone_bc_work_m_v1,0,-1610,1,652,0
1,105,186,-0.6843199309530863,-0.07976001094304884,0.61720146476567239,-1.5694735212524467,0.0050222287393089093,-2.8840505663153566,30,0.000000000000000000e+00,zone_bc_work_m_v1,0,-1610,1,652,0
1,105,187,-0.65527184381604786,-0.079756432674055466,0.62483053536274902,-1.5704395053004911,0.0015753157857427702,-2.918843321918446,10,0.000000000000000000e+00,zone_bc_work_m_v1,0,-1610,1,652,0
1,105,188,-0.59633761547926589,-0.07976335275227088,0.63634380477543862,-1.5693286022135253,0.0084082660511892726,-2.9687744051525491,10,0.000000000000000000e+00,zone_bc_work_m_v1,0,-1610,1,652,0
1,105,189,-0.56658648105365494,-0.07976240010431529,0.64045291592019982,-1.5697511157725481,0.007510343353072102,-3.0033099684717142,10,0.000000000000000000e+00,zone_bc_work_m_v1,0,-1610,1,652,0
1,105,190,-0.53668526502894176,-0.079762138750308173,0.64360790452455086,-1.5703279557512184,0.0073063660149836895,-3.0775751609907518,10,0.000000000000000000e+00,zone_bc_work_m_v1,0,-1610,1,652,0
1,105,191,-0.50674374572959047,-0.079764057215487058,0.64513627508185634,-1.5706041610766659,0.0092378955222429671,-3.1207934638324257,10,0.000000000000000000e+00,zone_bc_work_m_v1,0,-1610,1,652,0
1,105,192,-0.47674315729214856,-0.079763670015729732,0.64577279496955831,-1.5706771899981822,0.008851876681336579,-3.1281343594528215,30,0.000000000000000000e+00,zone_bc_work_m_v1,0,-1610,1,652,0
1,105,193,-0.44674256807061918,-0.079763282302410365,0.64640926083617589,-1.5707445438754819,0.0084647921100216017,-3.1354752095673319,30,0.000000000000000000e+00,zone_bc_work_m_v1,0,-1610,1,652,0
1,105,194,-0.41674215540508031,-0.079762972137497876,0.64677626004484845,-1.5708040748960057,0.0081547711905596287,3.1406425123200163,30,0.000000000000000000e+00,zone_bc_work_m_v1,0,-1610,1,652,0
1,105,195,-0.38674238696030683,-0.079762946009067512,0.64616127944864377,-1.5708534096560351,0.0081284451465990504,3.1345700864959705,30,0.000000000000000000e+00,zone_bc_work_m_v1,0,-1610,1,652,0
1,105,196,-0.35674261871017676,-0.079762919582310229,0.64554626198366671,-1.5709024215669678,0.0081015233019881006,3.1284976016372279,30,0.000000000000000000e+00,zone_bc_work_m_v1,0,-1610,1,652,0
1,105,197,-0.32674285099049327,-0.079762892858686471,0.64493120765313239,-1.5709511025255183,0.0080740101216028037,3.1224251697718564,30,0.000000000000000000e+00,zone_bc_work_m_v1,0,-1610,1,652,0
1,105,198,-0.29674263402106704,-0.07976280803172206,0.6442827356942602,-1.5710072794464149,0.0079878787582732258,3.1151894142509269,30,0.000000000000000000e+00,zone_bc_work_m_v1,0,-1610,1,652,0
1,105,199,-0.30134780808327322,-0.049762885608197582,0.64463701489582215,-1.570964160581803,0.0080664969527282082,3.1207891503334739,10,0.000000000000000000e+00,zone_bc_work_m_v1,0,-1610,1,652,0
1,105,200,-0.33134667553986241,-0.049762908456707181,0.64525206552500947,-1.5709227947882374,0.0080901035604621363,3.1259613242725255,30,0.000000000000000000e+00,zone_bc_work_m_v1,0,-1610,1,652,0
1,105,201,-0.36134554348302306,-0.049762931090294248,0.64586708941065507,-1.5708811864535108,0.0081132825431551314,3.131133570602223,30,0.000000000000000000e+00,zone_bc_work_m_v1,0,-1610,1,652,0
1,105,202,-0.39134441170526646,-0.049762953508046416,0.64648208654953287,-1.5708393405627965,0.0081360311020317599,3.1363058200979492,30,0.000000000000000000e+00,zone_bc_work_m_v1,0,-1610,1,652,0
1,105,203,-0.42134327999908172,-0.049762975709068638,0.64709705694056341,-1.5707972621394077,0.0081583465073034045,3.1414780035339103,30,0.000000000000000000e+00,zone_bc_work_m_v1,0,-1610,1,652,0
1,105,204,-0.45134522330648541,-0.049762299078963006,0.64657479975165688,-1.5707324412301362,0.0074814229963726664,-3.1330535550707674,30,0.000000000000000000e+00,zone_bc_work_m_v1,0,-1610,1,652,0
1,105,205,-0.48134747481244933,-0.049761551792461597,0.64593829699742855,-1.5706781966323726,0.006733354211585274,-3.1240502914796258,30,0.000000000000000000e+00,zone_bc_work_m_v1,0,-1610,1,652,0
1,105,206,-0.51135253743356124,-0.04976155126248516,0.64521611613850083,-1.5705768888277774,0.0067302840320011548,-3.1089993907129498,30,0.000000000000000000e+00,zone_bc_work_m_v1,0,-1610,1,652,0
1,105,207,-0.54129927360497465,-0.049761596231234329,0.64343186326911062,-1.5702443516325353,0.006756320460219456,-3.0600754675397281,10,0.000000000000000000e+00,zone_bc_work_m_v1,0,-1610,1,652,0
1,105,208,-0.5711470311661544,-0.049762257011976722,0.64005918196331302,-1.5698619193790952,0.0073807152364164796,-3.0156602359211462,10,0.000000000000000000e+00,zone_bc_work_m_v1,0,-1610,1,652,0
1,105,209,-0.60088315325348596,-0.049763612084565007,0.63574887505106148,-1.5692426870678724,0.0086564312677406274,-2.9640029832444603,10,0.000000000000000000e+00,zone_bc_work_m_v1,0,-1610,1,652,0
1,105,210,-0.6596668339025118,-0.049756701316653391,0.62353352113392324,-1.5703712084626513,0.0018352713794411724,-2.9139691175665403,10,0.000000000000000000e+00,zone_bc_work_m_v1,0,-1610,1,652,0
1,105,211,-0.68883857687995587,-0.049758847535218094,0.61644316255064946,-1.5697934757398571,0.0039033249176620988,-2.8901089164590976,30,0.000000000000000000e+00,zone_bc_work_m_v1,0,-1610,1,652,0
1,105,212,-0.71784597373629655,-0.049763116325582578,0.60870312105698232,-1.568552600700184,0.0079899103548553008,-2.8678205820832448,30,0.000000000000000000e+00,zone_bc_work_m_v1,0,-1610,1,652,0
1,105,213,-0.74654550904502459,-0.04976299959412267,0.59977496999510893,-1.5680126029304384,0.0076941511298975751,-2.7944428207322805,10,0.000000000000000000e+00,zone_bc_work_m_v1,0,-1610,1,652,0
1,105,214,-0.77462627371847803,-0.049763154898257785,0.5890191789013659,-1.5673489177506372,0.0075914559349261612,-2.7153152156901204,10,0.000000000000000000e+00,zone_bc_work_m_v1,0,-1610,1,652,0
1,105,215,-0.79805912638657039,-0.049761696086819331,0.57763055985217826,-1.5678234554409842,0.0062031039523917642,-2.6946743378954494,30,0.000000000000000000e+00,zone_bc_work_m_v1,0,-1610,1,652,0
1,105,216,-0.79840014775883528,-0.019758368028286764,0.57765893495185372,-1.5691875647963334,0.0031652063527201069,-2.6713543081296471,10,0.000000000000000000e+00,zone_bc_work_m_v1,0,-1610,1,652,0
1,105,217,-0.77126774814462273,-0.019762486353767972,0.59058514992696887,-1.5677873646414673,0.0070540405991139643,-2.7383984602932232,10,0.000000000000000000e+00,zone_bc_work_m_v1,0,-1610,1,652,0
1,105,218,-0.74314385077022715,-0.01976157265724135,0.60121536574111523,-1.5686133099262651,0.0063928069444225688,-2.8125253749302033,10,0.000000000000000000e+00,zone_bc_work_m_v1,0,-1610,1,652,0
1,105,219,-0.71442471211384573,-0.019761971373861407,0.61006350934733411,-1.5689034758597522,0.0068990310083292261,-2.8738147942324392,10,0.000000000000000000e+00,zone_bc_work_m_v1,0,-1610,1,652,0
1,105,220,-0.68527499808350179,-0.019757245273429369,0.61726816261625905,-1.5702250946527512,0.0023596648111601226,-2.9040798537556585,10,0.000000000000000000e+00,zone_bc_work_m_v1,0,-1610,1,652,0
1,105,221,-0.65605264810058483,-0.019756522952454461,0.62411228237482996,-1.5704168388313589,0.0016627447782788796,-2.9172060336604666,30,0.000000000000000000e+00,zone_bc_work_m_v1,0,-1610,1,652,0
1,105,222,-0.6268302600798934,-0.019755798135142725,0.63095623357370589,-1.5705906845503406,0.00095887905199742995,-2.930331617898307,30,0.000000000000000000e+00,zone_bc_work_m_v1,0,-1610,1,652,0
1,105,223,-0.59730337473883899,-0.019754046073897611,0.63650956562522343,-1.5709205792952865,-0.00076130622636383372,-2.9798094463571445,10,0.000000000000000000e+00,zone_bc_work_m_v1,0,-1610,1,652,0
1,105,224,-0.56757228969262585,-0.019756127660330365,0.64079375300757668,-1.5706364820581236,0.0013004206559190656,-3.01928839551391,10,0.000000000000000000e+00,zone_bc_work_m_v1,0,-1610,1,652,0
1,105,225,-0.5376867871898301,-0.019751319417737362,0.64380344061558092,-1.5710784084309195,-0.0034866503900026213,-3.060864979583986,10,0.000000000000000000e+00,zone_bc_work_m_v1,0,-1610,1,652,0
1,105,226,-0.50771618374253658,-0.019762423472873807,0.64543230714303546,-1.5704822129291212,0.0075996044765829218,-3.1002828459369147,30,0.000000000000000000e+00,zone_bc_work_m_v1,0,-1610,1,652,0
1,105,227,-0.4777080736157342,-0.019761290279470236,0.6462786810524741,-1.5706624028008114,0.0064714860859265144,-3.120900989532291,30,0.000000000000000000e+00,zone_bc_work_m_v1,0,-1610,1,652,0
1,105,228,-0.44770325926999432,-0.019762250467002172,0.64691523746693169,-1.5707285017681598,0.0074327729964016598,-3.1324676918992513,30,0.000000000000000000e+00,zone_bc_work_m_v1,0,-1610,1,652,0
1,105,229,-0.41770004463968435,-0.019762973067164988,0.64724885001174015,-1.5708023031741334,0.008155702379736729,3.140859860245568,30,0.000000000000000000e+00,zone_bc_work_m_v1,0,-1610,1,652,0
1,105,230,-0.38770184406281749,-0.019762953722058739,0.64663388012038059,-1.5708389379880134,0.008136247242719552,3.136355438886592,30,0.000000000000000000e+00,zone_bc_work_m_v1,0,-1610,1,652,0
1,105,231,-0.35770364353872441,-0.019762934212566103,0.64601888994198076,-1.5708753964727171,0.0081164635580195377,3.1318509669205818,30,0.000000000000000000e+00,zone_bc_work_m_v1,0,-1610,1,652,0
1,105,232,-0.32770544320447392,-0.019762914539277456,0.64540387947714895,-1.570911675308325,0.0080963531253666066,3.1273464900733985,30,0.000000000000000000e+00,zone_bc_work_m_v1,0,-1610,1,652,0
1,105,233,-0.29770724319712372,-0.019762894702793129,0.64478884872772779,-1.5709477711967703,0.0080759177842240071,3.1228420540706687,30,0.000000000000000000e+00,zone_bc_work_m_v1,0,-1610,1,652,0
1,105,234,-0.51205101961010535,0.010246163683282437,0.64543768739475316,-1.5708300184795245,-0.00098055780122097147,-3.1072464470852141,10,0.000000000000000000e+00,zone_bc_work_m_v1,0,-1610,1,652,0
1,105,235,-0.54201964152651683,0.01023994286782858,0.64332347503476994,-1.5703537288643195,0.0052209767120892092,-3.0570214535412128,10,0.000000000000000000e+00,zone_bc_work_m_v1,0,-1610,1,652,0
1,105,236,-0.5719070795750083,0.010245721011329631,0.64028439083363331,-1.5708672072727614,-0.00053377882130534182,-3.0095750173773927,10,0.000000000000000000e+00,zone_bc_work_m_v1,0,-1610,1,652,0
1,105,237,-0.60159268936577015,0.010244378067399432,0.63573960488476688,-1.5706646453618798,0.00079362935750726393,-2.9771675282270693,30,0.000000000000000000e+00,zone_bc_work_m_v1,0,-1610,1,652,0
1,105,238,-0.63104450902429776,0.010245143041348874,0.62988446387303465,-1.5707878199944476,3.8578881865092285e-05,-2.9245616005915558,10,0.000000000000000000e+00,zone_bc_work_m_v1,0,-1610,1,652,0
1,105,239,-0.66026435207750134,0.010246221512379401,0.62304103451901149,-1.5710307174314724,-0.0010121810680110421,-2.9140337416314233,30,0.000000000000000000e+00,zone_bc_work_m_v1,0,-1610,1,652,0
1,105,240,-0.68948417022214148,0.010247297223978389,0.6161974959759251,-1.5712950616406696,-0.002055025384168685,-2.9035052171202338,30,0.000000000000000000e+00,zone_bc_work_m_v1,0,-1610,1,652,0
1,105,241,-0.71866451438623824,0.010254361969787957,0.60907385817619808,-1.573318924532479,-0.0088261450003330744,-2.8632008047970596,10,0.000000000000000000e+00,zone_bc_work_m_v1,0,-1610,1,652,0
1,105,242,-0.74725568403569687,0.010252318048460524,0.59982849610579692,-1.5731288730264357,-0.0067435566223612575,-2.8085787755080061,10,0.000000000000000000e+00,zone_bc_work_m_v1,0,-1610,1,652,0
1,105,243,-0.77529804949709435,0.010253983707483903,0.58895258747249501,-1.5743851937036126,-0.0080363385771649032,-2.7215809547203778,10,0.000000000000000000e+00,zone_bc_work_m_v1,0,-1610,1,652,0
1,105,244,-0.7982587644335476,0.010255771023570873,0.57764697849258462,-1.5755061895257292,-0.0094835586464905308,-2.6806321227068226,10,0.000000000000000000e+00,zone_bc_work_m_v1,0,-1610,1,652,0
1,105,245,-0.79768426335259401,0.040255771023570898,0.57757759694591604,-1.5755061895257292,-0.0094835586464905308,-2.6806321227068226,10,0.000000000000000000e+00,zone_bc_work_m_v1,0,-1610,1,652,0
1,105,246,-0.77068038518378912,0.040253463840026912,0.59074339443881729,-1.5740773590864501,-0.0076037107191484488,-2.7342210944598806,10,0.000000000000000000e+00,zone_bc_work_m_v1,0,-1610,1,652,0
1,105,247,-0.74252118099070274,0.04025235527283974,0.60128636872868202,-1.5731436611584433,-0.0067778303446275334,-2.8081922857981763,10,0.000000000000000000e+00,zone_bc_work_m_v1,0,-1610,1,652,0
1,105,248,-0.71374394837414623,0.040252755606392833,0.60993951414257797,-1.5728160969552545,-0.0072988304585308583,-2.871620634817488,10,0.000000000000000000e+00,zone_bc_work_m_v1,0,-1610,1,652,0
1,105,249,-0.6847082199936636,0.040247848368823808,0.61758369295432236,-1.5714390404159158,-0.0025871882421895087,-2.8980997360413081,30,0.000000000000000000e+00,zone_bc_work_m_v1,0,-1610,1,652,0
1,105,250,-0.65548146883359126,0.040246044643556689,0.62442891036992876,-1.5709893638711718,-0.0008402067413335601,-2.9157621673165877,30,0.000000000000000000e+00,zone_bc_work_m_v1,0,-1610,1,652,0
1,105,251,-0.62619240668735698,0.040248165621435926,0.63099615744963267,-1.5714066882213769,-0.0029199690967851577,-2.9355292667948762,30,0.000000000000000000e+00,zone_bc_work_m_v1,0,-1610,1,652,0
1,105,252,-0.59672296663718849,0.040253160444995148,0.63660308437470381,-1.5720827475485042,-0.0078735863972878573,-2.9796375446412,10,0.000000000000000000e+00,zone_bc_work_m_v1,0,-1610,1,652,0
1,105,253,-0.56698109486696779,0.040252758263842427,0.64070685981906073,-1.5718361661197586,-0.0075040881021282146,-3.0038984552689905,30,0.000000000000000000e+00,zone_bc_work_m_v1,0,-1610,1,652,0
1,105,254,-0.53709141742080324,0.040256191684778418,0.64378467225159264,-1.5717052085191487,-0.010971781025056471,-3.058941565524337,10,0.000000000000000000e+00,zone_bc_work_m_v1,0,-1610,1,652,0
1,105,255,-0.53994112320466225,0.070247608118711641,0.6432340663112196,-1.5710345971774284,-0.0024138427959781161,-3.043201310848854,10,0.000000000000000000e+00,zone_bc_work_m_v1,0,-1610,1,652,0
1,105,256,-0.56978978424275772,0.070252560285312862,0.6400911125643084,-1.5716945489546363,-0.0073229243968646607,-3.0195422483812653,30,0.000000000000000000e+00,zone_bc_work_m_v1,0,-1610,1,652,0
1,105,257,-0.59955344066257399,0.070255652889976469,0.63582467313605706,-1.5728139823653757,-0.010274302789539558,-2.947677816040124,10,0.000000000000000000e+00,zone_bc_work_m_v1,0,-1610,1,652,0
1,105,258,-0.62895144978642592,0.070249446771888796,0.63020919539542475,-1.5716578308359437,-0.0041763068965920969,-2.9381618155462745,30,0.000000000000000000e+00,zone_bc_work_m_v1,0,-1610,1,652,0
1,105,259,-0.65833237534193234,0.070246587797957852,0.62402890750436601,-1.5711182530713106,-0.0013678797886105265,-2.9104518903437597,30,0.000000000000000000e+00,zone_bc_work_m_v1,0,-1610,1,652,0
1,105,260,-0.68740168009819147,0.070250287043506082,0.61652099160139773,-1.5720941803570183,-0.0049367702793536861,-2.8845134316978882,30,0.000000000000000000e+00,zone_bc_work_m_v1,0,-1610,1,652,0
1,105,261,-0.7164027930813418,0.070253308415303528,0.6087826076950047,-1.572986195797502,-0.0078253281608724468,-2.8687258041701558,30,0.000000000000000000e+00,zone_bc_work_m_v1,0,-1610,1,652,0
1,105,262,-0.7451659433133071,0.070253162513501471,0.60006633281689081,-1.5735376116177213,-0.0074944456412431304,-2.7909297849611794,10,0.000000000000000000e+00,zone_bc_work_m_v1,0,-1610,1,652,0
1,105,263,-0.77328239349584971,0.070256733467664118,0.58935470324299777,-1.5758730171617579,-0.010375829730076447,-2.6865469469802177,10,0.000000000000000000e+00,zone_bc_work_m_v1,0,-1610,1,652,0
1,105,264,-0.79710976227164043,0.070255771023570932,0.57750821539924746,-1.5755061895257292,-0.0094835586464905308,-2.6806321227068226,30,0.000000000000000000e+00,zone_bc_work_m_v1,0,-1610,1,652,0
1,105,265,-0.79653526119068685,0.10025577102357096,0.57743883385257888,-1.5755061895257292,-0.0094835586464905308,-2.6806321227068226,10,0.000000000000000000e+00,zone_bc_work_m_v1,0,-1610,1,652,0
1,105,266,-0.76953774657528706,0.10026427302485016,0.5906564450450198,-1.5782413715084207,-0.017580319876404626,-2.7409787201331239,10,0.000000000000000000e+00,zone_bc_work_m_v1,0,-1610,1,652,0
1,105,267,-0.74132978283018147,0.10026362830590554,0.60101581272138316,-1.5770813430118791,-0.017343216247105442,-2.7939022048010891,10,0.000000000000000000e+00,zone_bc_work_m_v1,0,-1610,1,652,0
1,105,268,-0.71242779843973125,0.10026284762770267,0.60931588554164051,-1.5752761415972552,-0.017088614755789155,-2.8851963229125177,10,0.000000000000000000e+00,zone_bc_work_m_v1,0,-1610,1,652,0
1,105,269,-0.68343000809545962,0.10026307776876377,0.61705417500796678,-1.575116900240793,-0.017366855625984723,-2.8977467656340097,30,0.000000000000000000e+00,zone_bc_work_m_v1,0,-1610,1,652,0
1,105,270,-0.65442553608901388,0.10026319182343625,0.62476601802231768,-1.5749171218803273,-0.017532538211882942,-2.9107329630294432,30,0.000000000000000000e+00,zone_bc_work_m_v1,0,-1610,1,652,0
1,105,271,-0.62499635402904996,0.10025591249554333,0.63075639933455163,-1.5729076369896262,-0.010520396777763841,-2.943532454867225,30,0.000000000000000000e+00,zone_bc_work_m_v1,0,-1610,1,652,0
1,105,272,-0.59558245646331631,0.10026067543979907,0.63621808334550978,-1.5733927255676654,-0.015274428711237853,-2.9732118698304957,30,0.000000000000000000e+00,zone_bc_work_m_v1,0,-1610,1,652,0
1,105,273,-0.56581616931085188,0.10026009193278961,0.64031565497754162,-1.5725909880577902,-0.014801543295117403,-3.0209288852233724,10,0.000000000000000000e+00,zone_bc_work_m_v1,0,-1610,1,652,0
1,105,274,-0.53594600947990978,0.10025839151568174,0.64346771041769057,-1.5718275282701999,-0.013169042759022531,-3.0634448686099978,10,0.000000000000000000e+00,zone_bc_work_m_v1,0,-1610,1,652,0
1,105,275,-0.53801540541205162,0.1302590173582284,0.64288340915051168,-1.5719785346611577,-0.013784654071583802,-3.0560366555541334,10,0.000000000000000000e+00,zone_bc_work_m_v1,0,-1610,1,652,0
1,105,276,-0.56787506904448026,0.13026045539731068,0.63956411557142079,-1.5728631230030421,-0.015132969813870467,-3.0058514277936057,10,0.000000000000000000e+00,zone_bc_work_m_v1,0,-1610,1,652,0
1,105,277,-0.59761056930953682,0.13026049586769431,0.63533790684905622,-1.5734437081970798,-0.015083369192868012,-2.9678389452831624,30,0.000000000000000000e+00,zone_bc_work_m_v1,0,-1610,1,652,0
1,105,278,-0.6270449679367911,0.13026461201702619,0.62985550175884319,-1.5746562411436962,-0.019043494450621923,-2.9415997455003433,30,0.000000000000000000e+00,zone_bc_work_m_v1,0,-1610,1,652,0
1,105,279,-0.65642884583318883,0.13026326355906631,0.62366356233219578,-1.574982146772701,-0.017590888223010248,-2.9079703282104026,30,0.000000000000000000e+00,zone_bc_work_m_v1,0,-1610,1,652,0
1,105,280,-0.68543631382952674,0.13026285247577496,0.61592292604193033,-1.5752728735087769,-0.017094483475110334,-2.8854594445353823,30,0.000000000000000000e+00,zone_bc_work_m_v1,0,-1610,1,652,0
1,105,281,-0.71446902818907398,0.13026280699550696,0.60825803694534197,-1.5757284549862147,-0.016921282041966856,-2.8579603298727738,30,0.000000000000000000e+00,zone_bc_work_m_v1,0,-1610,1,652,0
1,105,282,-0.7432421755145695,0.13026323687158745,0.59971346506305634,-1.576570002847276,-0.017107366133676249,-2.8160818018813258,10,0.000000000000000000e+00,zone_bc_work_m_v1,0,-1610,1,652,0
1,105,283,-0.77136659871084523,0.1302640269959533,0.58909255205915545,-1.57821122658738,-0.01732570524842969,-2.7371834902388943,10,0.000000000000000000e+00,zone_bc_work_m_v1,0,-1610,1,652,0
1,105,284,-0.79596076010973316,0.13025577102357097,0.5773694523059103,-1.5755061895257292,-0.0094835586464905308,-2.6806321227068226,10,0.000000000000000000e+00,zone_bc_work_m_v1,0,-1610,1,652,0
1,105,285,-0.79410045934628737,0.1602796188490801,0.57714545736050138,-1.5860838329262852,-0.030865746897654756,-2.6816257239986716,10,0.000000000000000000e+00,zone_bc_work_m_v1,0,-1610,1,652,0
1,105,286,-0.76713265669057329,0.16026528090925174,0.59041751563215605,-1.5786700484712215,-0.018493516226372853,-2.739054022435,10,0.000000000000000000e+00,zone_bc_work_m_v1,0,-1610,1,652,0
1,105,287,-0.73885056999753362,0.16026298589434954,0.60068592534610554,-1.5762555635793889,-0.016946747694004172,-2.8299322139548977,10,0.000000000000000000e+00,zone_bc_work_m_v1,0,-1610,1,652,0
1,105,288,-0.71000589829384153,0.16026280817556277,0.6089365821437237,-1.5758182737117543,-0.016896076687946904,-2.8526678085280759,30,0.000000000000000000e+00,zone_bc_work_m_v1,0,-1610,1,652,0
1,105,289,-0.68097984717814164,0.16026280238919158,0.6165863305869882,-1.5755257972771499,-0.016974251970690801,-2.8698440305310644,30,0.000000000000000000e+00,zone_bc_work_m_v1,0,-1610,1,652,0
1,105,290,-0.65192723391148344,0.16026343373434437,0.62423467851610548,-1.5749276213935461,-0.017778555511400951,-2.913256747859716,10,0.000000000000000000e+00,zone_bc_work_m_v1,0,-1610,1,652,0
1,105,291,-0.62247298300043385,0.16026633813076899,0.63009645853430873,-1.5749237088852208,-0.020750727041739747,-2.9452372946395702,30,0.000000000000000000e+00,zone_bc_work_m_v1,0,-1610,1,652,0
1,105,292,-0.59295560619403997,0.16026883900078867,0.63558754522195815,-1.5743994887167603,-0.023382724867555993,-2.9886858342527169,10,0.000000000000000000e+00,zone_bc_work_m_v1,0,-1610,1,652,0
1,105,293,-0.56319509269099965,0.16026772191093297,0.63964699832444971,-1.5734166799041693,-0.022388476414221259,-3.0250725552706488,30,0.000000000000000000e+00,zone_bc_work_m_v1,0,-1610,1,652,0
1,105,294,-0.53332617834543794,0.16027149336455057,0.64270109816331222,-1.5730169052951579,-0.026220012999740749,-3.0570942775757048,30,0.000000000000000000e+00,zone_bc_work_m_v1,0,-1610,1,652,0
1,105,295,-0.5339287875408929,0.19026192337292833,0.64192110740809583,-1.572411418625675,-0.016663527771429099,-3.0449661705752655,10,0.000000000000000000e+00,zone_bc_work_m_v1,0,-1610,1,652,0
1,105,296,-0.56379849313701391,0.1902684402875664,0.63884806915969627,-1.5738966474805294,-0.023052326813705504,-3.0078921424365159,30,0.000000000000000000e+00,zone_bc_work_m_v1,0,-1610,1,652,0
1,105,297,-0.59353772232763413,0.19027051592450717,0.6347350765188936,-1.574769772341422,-0.025022637411816984,-2.9840964957898786,30,0.000000000000000000e+00,zone_bc_work_m_v1,0,-1610,1,652,0
1,105,298,-0.62304535185757648,0.19027818532902449,0.62926347228335144,-1.577563749058688,-0.032307850807280047,-2.9350732126512029,10,0.000000000000000000e+00,zone_bc_work_m_v1,0,-1610,1,652,0
1,105,299,-0.65232058456534348,0.19029296918306232,0.62262984700879398,-1.5818796064713059,-0.046503251501290865,-2.907533525629999,30,0.000000000000000000e+00,zone_bc_work_m_v1,0,-1610,1,652,0
1,105,300,-0.68133235744106324,0.1902925518374517,0.61496383396654797,-1.5821292334027306,-0.046012887962641136,-2.9000088479269572,30,0.000000000000000000e+00,zone_bc_work_m_v1,0,-1610,1,652,0
1,105,301,-0.71038679136019067,0.19029054480191904,0.60741832760429393,-1.582500691994819,-0.043843389138794153,-2.8806265912066893,30,0.000000000000000000e+00,zone_bc_work_m_v1,0,-1610,1,652,0
1,105,302,-0.73920554517360582,0.19029353237700131,0.59903832170762927,-1.5868809603780853,-0.045617913280018074,-2.8024723412387775,10,0.000000000000000000e+00,zone_bc_work_m_v1,0,-1610,1,652,0
1,105,303,-0.76739399438845868,0.19029553199315047,0.58861165619453026,-1.5902528406571008,-0.046464269679023618,-2.7448618142240537,10,0.000000000000000000e+00,zone_bc_work_m_v1,0,-1610,1,652,0
1,105,304,-0.79222684510747055,0.19027961884908012,0.5769196453867268,-1.5860838329262852,-0.030865746897654756,-2.6816257239986716,10,0.000000000000000000e+00,zone_bc_work_m_v1,0,-1610,1,652,0
1,105,305,-0.79035323086865372,0.22027961884908015,0.57669383341295233,-1.5860838329262852,-0.030865746897654756,-2.6816257239986716,10,0.000000000000000000e+00,zone_bc_work_m_v1,0,-1610,1,652,0
1,105,306,-0.76263721929339734,0.22029932766736535,0.58831506797374067,-1.5899128075794686,-0.050689611429110881,-2.7807758266850446,10,0.000000000000000000e+00,zone_bc_work_m_v1,0,-1610,1,652,0
1,105,307,-0.73470300973337932,0.22028782785218795,0.59937086353659674,-1.5841328759492495,-0.040521098265397626,-2.8235345282327531,30,0.000000000000000000e+00,zone_bc_work_m_v1,0,-1610,1,652,0
1,105,308,-0.70583889731082072,0.22028756824883863,0.60745988863304567,-1.5826998996379964,-0.040694075653990192,-2.8569310229313474,30,0.000000000000000000e+00,zone_bc_work_m_v1,0,-1610,1,652,0
1,105,309,-0.67664452852757684,0.22029135070025804,0.61449520366832244,-1.5824216994813962,-0.044698492799751799,-2.8870535940998368,30,0.000000000000000000e+00,zone_bc_work_m_v1,0,-1610,1,652,0
1,105,310,-0.64758802559838036,0.22029270596665013,0.6220175987635862,-1.5820380341909857,-0.046194064806308388,-2.902783327493057,30,0.000000000000000000e+00,zone_bc_work_m_v1,0,-1610,1,652,0
1,105,311,-0.61842948741836046,0.22028713798205765,0.62911824680341455,-1.5798665848093376,-0.040976442127314217,-2.923687336235143,30,0.000000000000000000e+00,zone_bc_work_m_v1,0,-1610,1,652,0
1,105,312,-0.58898063738482898,0.22027854742416667,0.63463838417320328,-1.5760926254332528,-0.032948258359556171,-2.9821803389297132,10,0.000000000000000000e+00,zone_bc_work_m_v1,0,-1610,1,652,0
1,105,313,-0.55922768734463557,0.22027710603469525,0.63866795932753895,-1.5750829000609123,-0.031639956882193898,-3.0069097836631586,30,0.000000000000000000e+00,zone_bc_work_m_v1,0,-1610,1,652,0
1,105,314,-0.52933073707412559,0.22027308543411359,0.64174699923905643,-1.5728384489824272,-0.027831709705835372,-3.0683404413279938,10,0.000000000000000000e+00,zone_bc_work_m_v1,0,-1610,1,652,0
1,105,315,-0.52788300537801813,0.250273588988148,0.6410161865808226,-1.5730471277751128,-0.028320986657648817,-3.0622739901708522,10,0.000000000000000000e+00,zone_bc_work_m_v1,0,-1610,1,652,0
1,105,316,-0.55775464922140783,0.25027628957344572,0.63789040673822606,-1.5745297090480994,-0.030887305795709086,-3.0212855960660212,30,0.000000000000000000e+00,zone_bc_work_m_v1,0,-1610,1,652,0
1,105,317,-0.58752759637246332,0.25027993541567989,0.63383714354133869,-1.5766456833674791,-0.034264366970130355,-2.9724757128680954,10,0.000000000000000000e+00,zone_bc_work_m_v1,0,-1610,1,652,0
1,105,318,-0.61692371023820192,0.25029305531590795,0.62825738042919976,-1.5818270260204503,-0.046604363666020499,-2.9090912756628304,10,0.000000000000000000e+00,zone_bc_work_m_v1,0,-1610,1,652,0
1,105,319,-0.64600927511392503,0.25029131991794251,0.62082333256616062,-1.5824249139865414,-0.044665814748576782,-2.8868080082371206,30,0.000000000000000000e+00,zone_bc_work_m_v1,0,-1610,1,652,0
1,105,320,-0.6751932194024719,0.25028889865259074,0.61379093783242655,-1.5826287952296223,-0.042099785986527527,-2.8675143078477365,30,0.000000000000000000e+00,zone_bc_work_m_v1,0,-1610,1,652,0
1,105,321,-0.70437706352263807,0.25028647278145139,0.60675817866923842,-1.5827368236720192,-0.039539247095672136,-2.8482249756984865,30,0.000000000000000000e+00,zone_bc_work_m_v1,0,-1610,1,652,0
1,105,322,-0.73318281779629857,0.25028700773707568,0.59852359165512814,-1.5837569235728506,-0.039780385841349242,-2.8265398173448339,30,0.000000000000000000e+00,zone_bc_work_m_v1,0,-1610,1,652,0
1,105,323,-0.76110278263840125,0.25029441702329003,0.58747335974744253,-1.5873280585396341,-0.046399276323777494,-2.7991804637174154,30,0.000000000000000000e+00,zone_bc_work_m_v1,0,-1610,1,652,0
1,105,324,-0.78847961662983712,0.25027961884908018,0.57646802143917786,-1.5860838329262852,-0.030865746897654756,-2.6816257239986716,10,0.000000000000000000e+00,zone_bc_work_m_v1,0,-1610,1,652,0
1,105,325,-0.78538651936796788,0.2803140444324127,0.57609397806536655,-1.6015902359494896,-0.061663693594922631,-2.678057536394562,10,0.000000000000000000e+00,zone_bc_work_m_v1,0,-1610,1,652,0
1,105,326,-0.75753472116939713,0.28026802542239027,0.58743794814595118,-1.5785141156681961,-0.021501922096200943,-2.7969495339618256,10,0.000000000000000000e+00,zone_bc_work_m_v1,0,-1610,1,652,0
1,105,327,-0.72961187697625496,0.28028127492957272,0.5984884278734931,-1.5819692337287758,-0.034328432911452156,-2.8268648176459283,30,0.000000000000000000e+00,zone_bc_work_m_v1,0,-1610,1,652,0
1,105,328,-0.70076097330555576,0.28028120387840277,0.60657611179177195,-1.5812474196936717,-0.034480659115482037,-2.8472289962098505,30,0.000000000000000000e+00,zone_bc_work_m_v1,0,-1610,1,652,0
1,105,329,-0.67157950867344396,0.28027633648485734,0.6136084952068106,-1.5793283059983581,-0.029968468973868401,-2.8641865220741294,30,0.000000000000000000e+00,zone_bc_work_m_v1,0,-1610,1,652,0
1,105,330,-0.64239796631146073,0.28027143554577399,0.62064058022487245,-1.5775574609913849,-0.025370755164229486,-2.8811217147347463,30,0.000000000000000000e+00,zone_bc_work_m_v1,0,-1610,1,652,0
1,105,331,-0.6132163512737776,0.28026650258622177,0.62767236540810667,-1.5759377997604829,-0.020692558768943936,-2.8980360680821318,30,0.000000000000000000e+00,zone_bc_work_m_v1,0,-1610,1,652,0
1,105,332,-0.58384595741126466,0.28028832513704199,0.63329959201782327,-1.5775245107104605,-0.042628605193394842,-2.9850024208855639,10,0.000000000000000000e+00,zone_bc_work_m_v1,0,-1610,1,652,0
1,105,333,-0.55407366337973873,0.28028528199461838,0.6372887676284672,-1.5755227144614281,-0.039830909673994386,-3.0234518110706876,30,0.000000000000000000e+00,zone_bc_work_m_v1,0,-1610,1,652,0
1,105,334,-0.52419696913832947,0.28028195248699733,0.64034665231414323,-1.5736922263714721,-0.036664093859376967,-3.062753861947856,30,0.000000000000000000e+00,zone_bc_work_m_v1,0,-1610,1,652,0
1,105,335,-0.51948426941349157,0.31028154763917992,0.63959853718255355,-1.5734137280069547,-0.036278857335599879,-3.0695547939791501,10,0.000000000000000000e+00,zone_bc_work_m_v1,0,-1610,1,652,0
1,105,336,-0.54938641717527692,0.31028586264594493,0.6366537804103054,-1.575882877505379,-0.040372331902587488,-3.0162272512620176,10,0.000000000000000000e+00,zone_bc_work_m_v1,0,-1610,1,652,0
1,105,337,-0.57915319604151416,0.31028822892138819,0.63268705802270253,-1.5774569651791701,-0.042541728556015901,-2.9862379418817433,30,0.000000000000000000e+00,zone_bc_work_m_v1,0,-1610,1,652,0
1,105,338,-0.60863263148485047,0.31028737376580579,0.62749021101701796,-1.5791683580975215,-0.041365508264535888,-2.941838539963026,30,0.000000000000000000e+00,zone_bc_work_m_v1,0,-1610,1,652,0
1,105,339,-0.63797114931775289,0.31027188512490039,0.62116614945597015,-1.5767107548396633,-0.026042746599045818,-2.9182489772024454,30,0.000000000000000000e+00,zone_bc_work_m_v1,0,-1610,1,652,0
1,105,340,-0.66707244800467791,0.31026814449016082,0.61383039778214488,-1.5761424015027392,-0.022333109092140813,-2.9066140660239945,30,0.000000000000000000e+00,zone_bc_work_m_v1,0,-1610,1,652,0
1,105,341,-0.69622197279448872,0.31027245954789578,0.60661788548869788,-1.5779141132298835,-0.026335683215180206,-2.8775943478648816,30,0.000000000000000000e+00,zone_bc_work_m_v1,0,-1610,1,652,0
1,105,342,-0.72519726402387497,0.3102765996057667,0.59878780134427811,-1.5808356816628057,-0.029775789478120984,-2.8163426351878496,10,0.000000000000000000e+00,zone_bc_work_m_v1,0,-1610,1,652,0
1,105,343,-0.75347663561928968,0.31027277750304688,0.58861356338916904,-1.5811808407771606,-0.025570692935746875,-2.7557796359657001,10,0.000000000000000000e+00,zone_bc_work_m_v1,0,-1610,1,652,0
1,105,344,-0.78076420445654027,0.310312489443346,0.57608514938318567,-1.6007260861137795,-0.060352077597375597,-2.6808543083490011,30,0.000000000000000000e+00,zone_bc_work_m_v1,0,-1610,1,652,0
1,105,345,-0.78164497225860219,0.31031404443241273,0.57564582005013554,-1.6015902359494896,-0.061663693594922631,-2.678057536394562,30,0.000000000000000000e+00,zone_bc_work_m_v1,0,-1610,1,652,0
1,105,346,-0.77790342514923638,0.34031404443241275,0.57519766203490463,-1.6015902359494896,-0.061663693594922631,-2.678057536394562,10,0.000000000000000000e+00,zone_bc_work_m_v1,0,-1610,1,652,0
1,105,347,-0.7505907379269956,0.3403378115846773,0.58768175907108555,-1.6056792380194118,-0.085970769340910413,-2.7555655618310491,10,0.000000000000000000e+00,zone_bc_work_m_v1,0,-1610,1,652,0
1,105,348,-0.72227768690422356,0.34033410503242167,0.5977959896016829,-1.5986303996104692,-0.084588718207770475,-2.8232692906570129,10,0.000000000000000000e+00,zone_bc_work_m_v1,0,-1610,1,652,0
1,105,349,-0.69327259217789616,0.340329088374623,0.60559065641953436,-1.5909324526280015,-0.081561066555241535,-2.8992591339357636,10,0.000000000000000000e+00,zone_bc_work_m_v1,0,-1610,1,652,0
1,105,350,-0.66419584493889383,0.34032752685077133,0.61300980971844143,-1.5898826556921732,-0.080202611947321811,-2.9076929373966647,30,0.000000000000000000e+00,zone_bc_work_m_v1,0,-1610,1,652,0
1,105,351,-0.6351190817552832,0.34032595597559828,0.62042889317780769,-1.588855445319497,-0.078823406099153726,-2.9161218088803369,30,0.000000000000000000e+00,zone_bc_work_m_v1,0,-1610,1,652,0
1,105,352,-0.60572579958199269,0.34030117642219226,0.6265573056481254,-1.5815815655634879,-0.054976286893237303,-2.9477704954662651,30,0.000000000000000000e+00,zone_bc_work_m_v1,0,-1610,1,652,0
1,105,353,-0.57617155943226628,0.34029850488050006,0.63169027909932418,-1.578532591463385,-0.052784238922346738,-2.9959953507345833,30,0.000000000000000000e+00,zone_bc_work_m_v1,0,-1610,1,652,0
1,105,354,-0.54640221395458433,0.34029495070290766,0.63565728104233654,-1.5764074823199217,-0.049471786238325155,-3.0286071081577761,30,0.000000000000000000e+00,zone_bc_work_m_v1,0,-1610,1,652,0
1,105,355,-0.5165193312486156,0.34029628658614752,0.63857499931497819,-1.5749498501673984,-0.050957459642357428,-3.0602273061583118,30,0.000000000000000000e+00,zone_bc_work_m_v1,0,-1610,1,652,0
1,105,356,-0.53937981377699673,0.37029543177507235,0.63500862884109333,-1.5766712630570785,-0.049926213340641734,-3.0244093677740205,10,0.000000000000000000e+00,zone_bc_work_m_v1,0,-1610,1,652,0
1,105,357,-0.56914678638816274,0.37029848847052732,0.6310567492283703,-1.5785216407036027,-0.05276923266262723,-2.9961578308992767,30,0.000000000000000000e+00,zone_bc_work_m_v1,0,-1610,1,652,0
1,105,358,-0.59876222922959421,0.37031447407642376,0.62597578208317894,-1.5849296107095519,-0.067893867953818798,-2.9361897284990723,30,0.000000000000000000e+00,zone_bc_work_m_v1,0,-1610,1,652,0
1,105,359,-0.62801304288417348,0.37032724220868113,0.61924025666466087,-1.5896943840141891,-0.079953624138521473,-2.9092243236853772,30,0.000000000000000000e+00,zone_bc_work_m_v1,0,-1610,1,652,0
1,105,360,-0.65713678832949873,0.37032867903541716,0.61197102121954383,-1.5915047892273253,-0.080993970210873734,-2.8909792549803011,30,0.000000000000000000e+00,zone_bc_work_m_v1,0,-1610,1,652,0
1,105,361,-0.68634652191812751,0.37032727487938338,0.60502140668611426,-1.5931562588747989,-0.0790912183026653,-2.8657553261809032,30,0.000000000000000000e+00,zone_bc_work_m_v1,0,-1610,1,652,0
1,105,362,-0.71537792726121885,0.37032807749946911,0.59748320608660477,-1.5954731693787005,-0.079244553653466054,-2.83935423392131,30,0.000000000000000000e+00,zone_bc_work_m_v1,0,-1610,1,652,0
1,105,363,-0.74350040888236957,0.3703402125837596,0.5869451409344193,-1.6020300083412156,-0.089917250827507011,-2.8067524622989639,30,0.000000000000000000e+00,zone_bc_work_m_v1,0,-1610,1,652,0
1,105,364,-0.77153572476578702,0.37032088642810584,0.57605829825360721,-1.6032398826476566,-0.068491764971297497,-2.6987789174104755,10,0.000000000000000000e+00,zone_bc_work_m_v1,0,-1610,1,652,0
1,105,365,-0.77416187803987069,0.37031404443241278,0.57474950401967362,-1.6015902359494896,-0.061663693594922631,-2.678057536394562,30,0.000000000000000000e+00,zone_bc_work_m_v1,0,-1610,1,652,0
1,105,366,-0.76964625370477613,0.40034626094805403,0.57423367232974365,-1.6117088258304626,-0.092643337884481314,-2.7249997106328294,10,0.000000000000000000e+00,zone_bc_work_m_v1,0,-1610,1,652,0
1,105,367,-0.74148360880703323,0.40031619271029145,0.58480459203208157,-1.5932913373827278,-0.067421681017541202,-2.8192820007297676,30,0.000000000000000000e+00,zone_bc_work_m_v1,0,-1610,1,652,0
1,105,368,-0.71337199577001809,0.40032394957216738,0.59533721060465616,-1.5942528753584571,-0.07528577584386964,-2.8392376090790075,30,0.000000000000000000e+00,zone_bc_work_m_v1,0,-1610,1,652,0
1,105,369,-0.68446858350665929,0.40032670642141449,0.60326174874202387,-1.5937832387470261,-0.078317309302952998,-2.8557765195574003,30,0.000000000000000000e+00,zone_bc_work_m_v1,0,-1610,1,652,0
1,105,370,-0.65526848663242454,0.40032757293792287,0.61020905711853723,-1.5928181344329468,-0.079496252710087312,-2.8710394957427479,30,0.000000000000000000e+00,zone_bc_work_m_v1,0,-1610,1,652,0
1,105,371,-0.62606832829699055,0.4003284225357579,0.61715614304402888,-1.591817750161904,-0.080647483390738461,-2.886307470031829,30,0.000000000000000000e+00,zone_bc_work_m_v1,0,-1610,1,652,0
1,105,372,-0.59687936606755865,0.4003271453408333,0.62418238700195394,-1.5896305290241155,-0.079868795751155242,-2.9097450621083896,30,0.000000000000000000e+00,zone_bc_work_m_v1,0,-1610,1,652,0
1,105,373,-0.56733615710572738,0.40031202789061326,0.62953246012429043,-1.5806039984226277,-0.066173417072754148,-2.9943416075896025,10,0.000000000000000000e+00,zone_bc_work_m_v1,0,-1610,1,652,0
1,105,374,-0.53756351724843454,0.40030670026926518,0.63349432852106602,-1.5776704706662072,-0.061172043336032766,-3.0296171828472009,30,0.000000000000000000e+00,zone_bc_work_m_v1,0,-1610,1,652,0
1,105,375,-0.52630038319932582,0.43030594735356337,0.63302913873919453,-1.5772939614517245,-0.060454506781006279,-3.0344576893231441,10,0.000000000000000000e+00,zone_bc_work_m_v1,0,-1610,1,652,0
1,105,376,-0.55607667821508477,0.43031180660850687,0.62906966433594091,-1.5804714131590614,-0.065968759612304639,-2.9958605253827844,30,0.000000000000000000e+00,zone_bc_work_m_v1,0,-1610,1,652,0
1,105,377,-0.5857171839679749,0.43031362251662086,0.6242416646258232,-1.583343059987806,-0.067336309893768487,-2.9572301925577653,30,0.000000000000000000e+00,zone_bc_work_m_v1,0,-1610,1,652,0
1,105,378,-0.61502486844780702,0.4303129767939286,0.61766917772423724,-1.5861110815927955,-0.066097794510425523,-2.9137343779536975,30,0.000000000000000000e+00,zone_bc_work_m_v1,0,-1610,1,652,0
1,105,379,-0.64421060029140786,0.43031379813492487,0.61063535256474011,-1.5877365004051709,-0.066550436202003738,-2.892140198849793,30,0.000000000000000000e+00,zone_bc_work_m_v1,0,-1610,1,652,0
1,105,380,-0.67341942906855823,0.43032018999919458,0.60368541630338446,-1.5910925770562114,-0.072287486796370981,-2.8676063337218958,30,0.000000000000000000e+00,zone_bc_work_m_v1,0,-1610,1,652,0
1,105,381,-0.70255507866118783,0.43032506876687487,0.59649230464626057,-1.5943666324732679,-0.07642612882213129,-2.8421150151080554,30,0.000000000000000000e+00,zone_bc_work_m_v1,0,-1610,1,652,0
1,105,382,-0.73069628934512509,0.43031099136096218,0.58598951073968875,-1.5925897607751125,-0.062150819549130265,-2.8040847432092271,30,0.000000000000000000e+00,zone_bc_work_m_v1,0,-1610,1,652,0
1,105,383,-0.75888207191929524,0.43033697496987472,0.57564294982934228,-1.6065603449728247,-0.084697202050336706,-2.7414656025046442,30,0.000000000000000000e+00,zone_bc_work_m_v1,0,-1610,1,652,0
1,105,384,-0.7636888370911693,0.43034626094805406,0.57352604462792167,-1.6117088258304626,-0.092643337884481314,-2.7249997106328294,30,0.000000000000000000e+00,zone_bc_work_m_v1,0,-1610,1,652,0
1,105,385,-0.75727719877336697,0.46038804727101756,0.57275679461965312,-1.6301703388755273,-0.13055843819030755,-2.7132630470884873,10,0.000000000000000000e+00,zone_bc_work_m_v1,0,-1610,1,652,0
1,105,386,-0.72981980888158926,0.46031614619243383,0.58497851313976412,-1.5960327372493126,-0.066395592790323477,-2.7780508854880503,10,0.000000000000000000e+00,zone_bc_work_m_v1,0,-1610,1,652,0
1,105,387,-0.70125285068023313,0.46031121445060835,0.59422026862686494,-1.5927331398342459,-0.06233750057883114,-2.8029695278282571,30,0.000000000000000000e+00,zone_bc_work_m_v1,0,-1610,1,652,0
1,105,388,-0.67216462475970018,0.4603116589938207,0.60188083645940627,-1.5861316188061068,-0.064736391139741611,-2.9088176615365491,10,0.000000000000000000e+00,zone_bc_work_m_v1,0,-1610,1,652,0
1,105,389,-0.64301348449911355,0.46031371928438308,0.60899926924718384,-1.5860937207721681,-0.06686550889881282,-2.9165056107093861,30,0.000000000000000000e+00,zone_bc_work_m_v1,0,-1610,1,652,0
1,105,390,-0.61386233107361643,0.46031577864484863,0.61611763999381375,-1.5860236714345639,-0.068997149285316972,-2.9241959311981516,30,0.000000000000000000e+00,zone_bc_work_m_v1,0,-1610,1,652,0
1,105,391,-0.58442080816366815,0.46032546699709764,0.62197183557820768,-1.586549331553573,-0.078815266224626646,-2.9441046555616364,30,0.000000000000000000e+00,zone_bc_work_m_v1,0,-1610,1,652,0
1,105,392,-0.55484009718465588,0.46032902778294937,0.62700426185263602,-1.5832803588896562,-0.083012447785273391,-2.9921471005912528,30,0.000000000000000000e+00,zone_bc_work_m_v1,0,-1610,1,652,0
1,105,393,-0.52507577958152063,0.46032275185694865,0.63098976175950905,-1.5800220117816133,-0.077098380393327171,-3.0223774241595009,30,0.000000000000000000e+00,zone_bc_work_m_v1,0,-1610,1,652,0
1,105,394,-0.53974446504082474,0.49032479211312158,0.62657200584915007,-1.5810348710899178,-0.079034851643269732,-3.0126282398673649,10,0.000000000000000000e+00,zone_bc_work_m_v1,0,-1610,1,652,0
1,105,395,-0.56939709836089847,0.49034317781806497,0.62170267898723131,-1.5893987574363608,-0.096379422024905015,-2.950614930583753,30,0.000000000000000000e+00,zone_bc_work_m_v1,0,-1610,1,652,0
1,105,396,-0.59882322984653058,0.49035932150852796,0.61608742956777174,-1.5944333104011861,-0.11192989270738862,-2.9330133098133064,30,0.000000000000000000e+00,zone_bc_work_m_v1,0,-1610,1,652,0
1,105,397,-0.62814155492168178,0.49036048468360038,0.60962535540468377,-1.5971995802963332,-0.11251547456682287,-2.9105780630271854,30,0.000000000000000000e+00,zone_bc_work_m_v1,0,-1610,1,652,0
1,105,398,-0.65728202826996918,0.49036161078766966,0.6024310066003904,-1.5992291063654624,-0.11319127859443379,-2.8949230674575368,30,0.000000000000000000e+00,zone_bc_work_m_v1,0,-1610,1,652,0
1,105,399,-0.6863651531278252,0.49037082145879213,0.59493444158445219,-1.6059253044282711,-0.12099951745348902,-2.8582722763582664,30,0.000000000000000000e+00,zone_bc_work_m_v1,0,-1610,1,652,0
1,105,400,-0.71497521721384361,0.49038155396332428,0.58574257335040503,-1.6164622790272785,-0.12899537726031207,-2.8002546841646621,30,0.000000000000000000e+00,zone_bc_work_m_v1,0,-1610,1,652,0
1,105,401,-0.74285257547971617,0.49038818260975175,0.57452348233077044,-1.6301631512955039,-0.13071199604811246,-2.7137502880957953,10,0.000000000000000000e+00,zone_bc_work_m_v1,0,-1610,1,652,0
1,105,402,-0.74893451644369724,0.49038804727101759,0.57177497061996352,-1.6301703388755273,-0.13055843819030755,-2.7132630470884873,30,0.000000000000000000e+00,zone_bc_work_m_v1,0,-1610,1,652,0
1,105,403,-0.73302336959245107,0.52042312329010565,0.57437398907607784,-1.649723062403563,-0.16070831776011363,-2.6825434812454443,10,0.000000000000000000e+00,zone_bc_work_m_v1,0,-1610,1,652,0
1,105,404,-0.70478276849503874,0.52038185871620435,0.58480398665213162,-1.6148702262355785,-0.12987029329536948,-2.8133657076317888,10,0.000000000000000000e+00,zone_bc_work_m_v1,0,-1610,1,652,0
1,105,405,-0.67612033071568844,0.52037066023528011,0.59376878545456402,-1.6058167640630971,-0.12086161325567191,-2.8587985215134033,30,0.000000000000000000e+00,zone_bc_work_m_v1,0,-1610,1,652,0
1,105,406,-0.64711665421372433,0.52036127598095627,0.60158780876005247,-1.5986172051254193,-0.11299544076603918,-2.8996272657710436,30,0.000000000000000000e+00,zone_bc_work_m_v1,0,-1610,1,652,0
1,105,407,-0.61781473645072538,0.52036002903423295,0.6081089046617506,-1.5960989008431259,-0.11229688284066941,-2.9194778404118793,30,0.000000000000000000e+00,zone_bc_work_m_v1,0,-1610,1,652,0
1,105,408,-0.58850710937436679,0.52035952902121729,0.61456118061685261,-1.5949151266985759,-0.11204116614764548,-2.9290900068604899,30,0.000000000000000000e+00,zone_bc_work_m_v1,0,-1610,1,652,0
1,105,409,-0.55911865899436597,0.5203483924084753,0.62064200307363682,-1.5896670728321625,-0.101663357142594,-2.957730745026701,30,0.000000000000000000e+00,zone_bc_work_m_v1,0,-1610,1,652,0
1,105,410,-0.5294603181738855,0.52033575777398777,0.62541318203529994,-1.5833480221911758,-0.089829192714613759,-3.0025713397742066,30,0.000000000000000000e+00,zone_bc_work_m_v1,0,-1610,1,652,0
1,106,1,-0.52666864995698348,-0.52984917352588368,0.62489945824787785,-1.5570348149267546,0.093492187404400573,-2.9952286435868825,10,0.000000000000000000e+00,zone_bc_work_m_v1,0,-1610,1,652,0
1,106,2,-0.5563081269469945,-0.52986543510121886,0.62009887518808915,-1.5512977210721672,0.10912293900246217,-2.9644078769858213,30,0.000000000000000000e+00,zone_bc_work_m_v1,0,-1610,1,652,0
1,106,3,-0.56186261390097103,-0.52986609431624088,0.61910803458069563,-1.5511364682469306,0.10976808842218744,-2.963996766023083,30,0.000000000000000000e+00,zone_bc_work_m_v1,0,-1610,1,652,0
1,106,4,-0.69014768338533083,-0.49988291099087884,0.59258470662419305,-1.5338630922447107,0.12305005811142622,-2.8491785936791123,10,0.000000000000000000e+00,zone_bc_work_m_v1,0,-1610,1,652,0
1,106,5,-0.66114747564302689,-0.49987268983246064,0.60041017517424855,-1.5413824059525556,0.11444355687171437,-2.8894241977082249,30,0.000000000000000000e+00,zone_bc_work_m_v1,0,-1610,1,652,0
1,106,6,-0.63198643109213415,-0.49987166068205319,0.60754917015900156,-1.5442843863635436,0.11408371717428145,-2.9127246073432125,30,0.000000000000000000e+00,zone_bc_work_m_v1,0,-1610,1,652,0
1,106,7,-0.60266137784517393,-0.49987367781433484,0.61390755579589229,-1.5445792392425932,0.11623504431190512,-2.919219236156346,30,0.000000000000000000e+00,zone_bc_work_m_v1,0,-1610,1,652,0
1,106,8,-0.57331524126604605,-0.49986411591500934,0.62028932994026975,-1.5501861065491698,0.10756806180822598,-2.9519022049654913,30,0.000000000000000000e+00,zone_bc_work_m_v1,0,-1610,1,652,0
1,106,9,-0.54369731042192959,-0.49983811468571965,0.62526716330272203,-1.5586277491099361,0.082503319541435971,-2.9949854168760952,30,0.000000000000000000e+00,zone_bc_work_m_v1,0,-1610,1,652,0
1,106,10,-0.51394708059549998,-0.49983401274825773,0.62927797128854834,-1.5607605927107731,0.078641864200306832,-3.0145318267813046,30,0.000000000000000000e+00,zone_bc_work_m_v1,0,-1610,1,652,0
1,106,11,-0.51565976703001937,-0.46982903015481381,0.63136107261798802,-1.5632132707247384,0.073893625013299991,-3.0392349615789791,10,0.000000000000000000e+00,zone_bc_work_m_v1,0,-1610,1,652,0
1,106,12,-0.54544346377394382,-0.46983647123500105,0.62749561984494528,-1.5595026080823313,0.080962593655131254,-3.0028385352372515,30,0.000000000000000000e+00,zone_bc_work_m_v1,0,-1610,1,652,0
1,106,13,-0.63387050274104295,-0.46987186577353585,0.61050059789207789,-1.5434363125254364,0.11409652767478895,-2.9056901624134985,10,0.000000000000000000e+00,zone_bc_work_m_v1,0,-1610,1,652,0
1,106,14,-0.66300657763206905,-0.46987243143547014,0.60330719379136777,-1.5420371193795457,0.11434082315105898,-2.8946007064881094,30,0.000000000000000000e+00,zone_bc_work_m_v1,0,-1610,1,652,0
1,106,15,-0.69214440002039423,-0.4698776920120814,0.59605926230964867,-1.5375509444595694,0.11863682014898269,-2.867666008815819,30,0.000000000000000000e+00,zone_bc_work_m_v1,0,-1610,1,652,0
1,106,16,-0.70582590166370363,-0.43983682594438051,0.5943606703757911,-1.5455856572898135,0.07814243615643135,-2.8291512118969218,10,0.000000000000000000e+00,zone_bc_work_m_v1,0,-1610,1,652,0
1,106,17,-0.67685768133432522,-0.4398283911204085,0.60217897562658096,-1.5514662865279738,0.071062357992987657,-2.8757586629531846,30,0.000000000000000000e+00,zone_bc_work_m_v1,0,-1610,1,652,0
1,106,18,-0.64765642919427169,-0.43982217793040362,0.6091908654325543,-1.5551662958209636,0.065577174137573691,-2.9074324546515142,30,0.000000000000000000e+00,zone_bc_work_m_v1,0,-1610,1,652,0
1,106,19,-0.61850304249334487,-0.43982451682232071,0.61631399221114058,-1.5553700810128976,0.068031518037724892,-2.9184282142309979,30,0.000000000000000000e+00,zone_bc_work_m_v1,0,-1610,1,652,0
1,106,20,-0.58918837862961215,-0.43983294284332231,0.62283818540025782,-1.5563804913255064,0.076867601981390532,-2.956013899467016,30,0.000000000000000000e+00,zone_bc_work_m_v1,0,-1610,1,652,0
1,106,21,-0.55962829779932033,-0.43982154710895266,0.62797657167571186,-1.5610531880818916,0.066065735490591804,-2.9950620355107676,30,0.000000000000000000e+00,zone_bc_work_m_v1,0,-1610,1,652,0
1,106,22,-0.52987687213448909,-0.43981963600217905,0.63193084353299511,-1.5621751098482519,0.064289335254103186,-3.0081936087057057,30,0.000000000000000000e+00,zone_bc_work_m_v1,0,-1610,1,652,0
1,106,23,-0.53062876874202125,-0.40981630865777025,0.63379476597234474,-1.5639395221338721,0.061147252459365031,-3.0298524376108138,10,0.000000000000000000e+00,zone_bc_work_m_v1,0,-1610,1,652,0
1,106,24,-0.5603952624118691,-0.40982070623817707,0.62983401234176761,-1.561553650821365,0.065286471295548987,-3.0008535741951006,30,0.000000000000000000e+00,zone_bc_work_m_v1,0,-1610,1,652,0
1,106,25,-0.59003357211520857,-0.40982453866357965,0.62507727252665846,-1.5579581507391047,0.068588512578174221,-2.9564051686620729,30,0.000000000000000000e+00,zone_bc_work_m_v1,0,-1610,1,652,0
1,106,26,-0.61927391728832326,-0.40982328116580907,0.61811432760244855,-1.5542130441534532,0.066483245295068549,-2.8969507265966206,10,0.000000000000000000e+00,zone_bc_work_m_v1,0,-1610,1,652,0
1,106,27,-0.64847327927089515,-0.40982757086093818,0.61115345261670695,-1.5519222453693478,0.070333351246917974,-2.8791814239459934,30,0.000000000000000000e+00,zone_bc_work_m_v1,0,-1610,1,652,0
1,106,28,-0.67767256271954324,-0.40983181473937541,0.60419226093106571,-1.5495005247045861,0.074078701635916344,-2.8613824073744429,30,0.000000000000000000e+00,zone_bc_work_m_v1,0,-1610,1,652,0
1,106,29,-0.70677116828256592,-0.40983582883062419,0.59689645351365472,-1.5469188971936905,0.077512975873744727,-2.8424367821452234,30,0.000000000000000000e+00,zone_bc_work_m_v1,0,-1610,1,652,0
1,106,30,-0.68822068603236897,-0.37983383212130095,0.60388604034519988,-1.5488314117725792,0.075992274919537861,-2.8599198354966457,10,0.000000000000000000e+00,zone_bc_work_m_v1,0,-1610,1,652,0
1,106,31,-0.65901880806757762,-0.37983130308281676,0.61084782741293564,-1.5510416470888586,0.073972695698613311,-2.8803690623343119,30,0.000000000000000000e+00,zone_bc_work_m_v1,0,-1610,1,652,0
1,106,32,-0.62981682607173717,-0.37982872592341305,0.61780921234620478,-1.5531703311661134,0.071849121865600551,-2.9008007482618221,30,0.000000000000000000e+00,zone_bc_work_m_v1,0,-1610,1,652,0
1,106,33,-0.60046797667176022,-0.37975914054377735,0.62504850943614809,-1.5707663309988964,0.0043230001707181831,-3.1346540908137559,10,0.000000000000000000e+00,zone_bc_work_m_v1,0,-1610,1,652,0
1,106,34,-0.57107816604403783,-0.37980848527175387,0.63030463718525032,-1.5628421470152958,0.053101739888862465,-2.9928348339334319,10,0.000000000000000000e+00,zone_bc_work_m_v1,0,-1610,1,652,0
1,106,35,-0.54132376491903522,-0.37980696295091276,0.63424923161755054,-1.563831152981709,0.051702521402363422,-3.0076214228358684,30,0.000000000000000000e+00,zone_bc_work_m_v1,0,-1610,1,652,0
1,106,36,-0.51139955825715977,-0.3798005792208724,0.63718900982390803,-1.5681067229899868,0.045698729821020523,-3.0827847975314167,10,0.000000000000000000e+00,zone_bc_work_m_v1,0,-1610,1,652,0
1,106,37,-0.51226826527847513,-0.34980077183920855,0.63847288975193406,-1.567625488121819,0.045861167601986885,-3.0725382051786481,10,0.000000000000000000e+00,zone_bc_work_m_v1,0,-1610,1,652,0
1,106,38,-0.54218205585186219,-0.34980488456148912,0.63571788104893501,-1.5650402755248125,0.049756486181069981,-3.0263717946455113,10,0.000000000000000000e+00,zone_bc_work_m_v1,0,-1610,1,652,0
1,106,39,-0.57194850632044081,-0.34980805151154576,0.63175408409566802,-1.5631291339657654,0.052704976693894068,-2.9970634595748304,30,0.000000000000000000e+00,zone_bc_work_m_v1,0,-1610,1,652,0
1,106,40,-0.63093344239400229,-0.34983629717966125,0.62047610712792567,-1.5525387687033376,0.079505057704826854,-2.9156117760101932,10,0.000000000000000000e+00,zone_bc_work_m_v1,0,-1610,1,652,0
1,106,41,-0.66001298534704,-0.34984022353071281,0.61305317858231867,-1.5506494819449539,0.083108616562900917,-2.9034698810068953,30,0.000000000000000000e+00,zone_bc_work_m_v1,0,-1610,1,652,0
1,106,42,-0.68916044052482817,-0.34983092300028357,0.60587145953166366,-1.5513633500698443,0.073663521338260374,-2.8834074000602881,30,0.000000000000000000e+00,zone_bc_work_m_v1,0,-1610,1,652,0
1,106,43,-0.69690922773730279,-0.31977979738789808,0.60627416988980531,-1.5648743657475606,0.024270645743632357,-2.9022466453096225,10,0.000000000000000000e+00,zone_bc_work_m_v1,0,-1610,1,652,0
1,106,44,-0.6678142566961256,-0.31978109968704421,0.61361568062297589,-1.5647423497972182,0.025578746810864583,-2.9091620620295644,30,0.000000000000000000e+00,zone_bc_work_m_v1,0,-1610,1,652,0
1,106,45,-0.63871927463774725,-0.31978240274973257,0.62095714299096083,-1.5646279832454608,0.026890563349426078,-2.916077590069369,30,0.000000000000000000e+00,zone_bc_work_m_v1,0,-1610,1,652,0
1,106,46,-0.60929039623487169,-0.3198005610810381,0.626917792485438,-1.5619954784225656,0.044905876733242645,-2.9479929548037629,10,0.000000000000000000e+00,zone_bc_work_m_v1,0,-1610,1,652,0
1,106,47,-0.57972101482192318,-0.31979742317831905,0.63221974935068082,-1.5644000583474513,0.042136198621385734,-2.9908969919406134,10,0.000000000000000000e+00,zone_bc_work_m_v1,0,-1610,1,652,0
1,106,48,-0.54995053931724058,-0.31979481015937056,0.63618732979927295,-1.566130831642643,0.039730524923083932,-3.0246681895756762,30,0.000000000000000000e+00,zone_bc_work_m_v1,0,-1610,1,652,0
1,106,49,-0.52007030834153789,-0.3197909110587312,0.63921471864074741,-1.5680101548970782,0.035993820080557848,-3.0643229353062447,30,0.000000000000000000e+00,zone_bc_work_m_v1,0,-1610,1,652,0
1,106,50,-0.52261202769560033,-0.28978942199010671,0.64011305839780674,-1.5683321395141232,0.034523650853550247,-3.0703224577098305,10,0.000000000000000000e+00,zone_bc_work_m_v1,0,-1610,1,652,0
1,106,51,-0.55250711821833565,-0.28979533328011214,0.63710797604214608,-1.5658097357662939,0.040219131783507889,-3.0182026916176996,10,0.000000000000000000e+00,zone_bc_work_m_v1,0,-1610,1,652,0
1,106,52,-0.58226876573430797,-0.28979746931693129,0.63311835733408606,-1.56436679792782,0.042177854178443441,-2.9902724880469216,30,0.000000000000000000e+00,zone_bc_work_m_v1,0,-1610,1,652,0
1,106,53,-0.6118439629175958,-0.28979960091260426,0.62784547934340429,-1.5621079468432564,0.043948391380239427,-2.946348311227962,10,0.000000000000000000e+00,zone_bc_work_m_v1,0,-1610,1,652,0
1,106,54,-0.64104583409462568,-0.28978023933875707,0.6208224280206216,-1.5648275809948826,0.024714224099783522,-2.9045939420945484,10,0.000000000000000000e+00,zone_bc_work_m_v1,0,-1610,1,652,0
1,106,55,-0.67020211304874411,-0.2897833994354671,0.61366208789697108,-1.5634484167480021,0.027625608228646348,-2.8815936636257216,30,0.000000000000000000e+00,zone_bc_work_m_v1,0,-1610,1,652,0
1,106,56,-0.69938604573320817,-0.28978971178098473,0.60659757197449349,-1.560921371957823,0.033475817192212043,-2.8546810917365857,30,0.000000000000000000e+00,zone_bc_work_m_v1,0,-1610,1,652,0
1,106,57,-0.702885919613363,-0.25979600492093557,0.60680603184941018,-1.5587777757079539,0.039408081175549281,-2.8454905804979926,10,0.000000000000000000e+00,zone_bc_work_m_v1,0,-1610,1,652,0
1,106,58,-0.67371291672864775,-0.25979816652953169,0.61386741838720715,-1.5587898003441143,0.041668302567068105,-2.8609570871771988,30,0.000000000000000000e+00,zone_bc_work_m_v1,0,-1610,1,652,0
1,106,59,-0.64453984714170565,-0.25980032627915356,0.62092857018885206,-1.5588695902278689,0.043935510554192314,-2.8764271119733111,30,0.000000000000000000e+00,zone_bc_work_m_v1,0,-1610,1,652,0
1,106,60,-0.61536671632486439,-0.25980248337902723,0.62798948578984459,-1.5590174719245615,0.046207365756388841,-2.8918991607922049,30,0.000000000000000000e+00,zone_bc_work_m_v1,0,-1610,1,652,0
1,106,61,-0.58585553485685793,-0.25978758255837664,0.63380779418773503,-1.5658509590533352,0.032395808608970178,-2.9900802678582594,10,0.000000000000000000e+00,zone_bc_work_m_v1,0,-1610,1,652,0
1,106,62,-0.55610578904249341,-0.25978678620235729,0.63779559345038639,-1.5664729075516632,0.03168065003614795,-3.0059384816048826,30,0.000000000000000000e+00,zone_bc_work_m_v1,0,-1610,1,652,0
1,106,63,-0.52618457580041178,-0.25978167591022594,0.64084730348851504,-1.5694102204704525,0.026825909536384973,-3.0899619179782616,10,0.000000000000000000e+00,zone_bc_work_m_v1,0,-1610,1,652,0
1,106,64,-0.52953471911084504,-0.2297826156027265,0.64145290357654183,-1.5688503594912677,0.027733561488753056,-3.0715319131382413,10,0.000000000000000000e+00,zone_bc_work_m_v1,0,-1610,1,652,0
1,106,65,-0.55941553897756813,-0.22978600643753377,0.63832268342881648,-1.5670126569815483,0.03096379746869915,-3.019979090466471,10,0.000000000000000000e+00,zone_bc_work_m_v1,0,-1610,1,652,0
1,106,66,-0.58917466689758191,-0.22978749825031133,0.63427742726435044,-1.5657474332302992,0.032294465438276854,-2.9864809309394977,30,0.000000000000000000e+00,zone_bc_work_m_v1,0,-1610,1,652,0
1,106,67,-0.64779947664020909,-0.22980251330986279,0.62126809170642172,-1.5591892506602285,0.046281679926226893,-2.8957738424060118,10,0.000000000000000000e+00,zone_bc_work_m_v1,0,-1610,1,652,0
1,106,68,-0.67696240333352464,-0.22979986415753695,0.61413761303945114,-1.5588467921987053,0.043449719531036601,-2.8731153657568105,30,0.000000000000000000e+00,zone_bc_work_m_v1,0,-1610,1,652,0
1,106,69,-0.70614253960523699,-0.22979667384605396,0.60707436362922973,-1.5587742798284061,0.040106478323292283,-2.8502752550462267,30,0.000000000000000000e+00,zone_bc_work_m_v1,0,-1610,1,652,0
1,106,70,-0.30205580699010248,0.010237093625190943,0.64510447589104336,-1.570926590239593,0.0080879611029629483,3.1254880257359936,10,1.000000000000000000e+00,zone_bc_work_m_v1,0,-1610,1,652,0
1,106,71,-0.33205349221240055,0.010237076133470713,0.64571948863677187,-1.5708945354214032,0.0081059074096514472,3.1294774279563775,30,0.000000000000000000e+00,zone_bc_work_m_v1,0,-1610,1,652,0
1,106,72,-0.3620511776402584,0.010237058769982659,0.64633448547074468,-1.5708623383234843,0.0081235981758944753,3.1334668452473085,30,0.000000000000000000e+00,zone_bc_work_m_v1,0,-1610,1,652,0
1,106,73,-0.39204886317845777,0.010237041535140953,0.64694946639203799,-1.5708300012433587,0.0081410321352741732,3.1374562458430666,30,0.000000000000000000e+00,zone_bc_work_m_v1,0,-1610,1,652,0
1,106,74,-0.42204654873177816,0.010237024429353618,0.64756443140048825,-1.570797526491869,0.0081582080458875161,3.1414455979784042,30,0.000000000000000000e+00,zone_bc_work_m_v1,0,-1610,1,652,0
1,106,75,-0.45205448475895493,0.01023819432827274,0.64708612334255455,-1.570695110736829,0.0069875425804504232,-3.1271083334545171,30,0.000000000000000000e+00,zone_bc_work_m_v1,0,-1610,1,652,0
1,106,76,-0.48205882775121744,0.010240662954234909,0.64636693271266188,-1.5706711118516301,0.0045178732931414611,-3.1138841909898813,30,0.000000000000000000e+00,zone_bc_work_m_v1,0,-1610,1,652,0
1,106,77,-0.50710015709925971,0.040247596634375236,0.64551705110304225,-1.5708824444977287,-0.0024125532065122357,-3.1059120983691093,10,0.000000000000000000e+00,zone_bc_work_m_v1,0,-1610,1,652,0
1,106,78,-0.47711804824108639,0.040245240811561889,0.64661466804852963,-1.5707982775332403,-5.8231905456285205e-05,-3.1081056999235304,30,0.000000000000000000e+00,zone_bc_work_m_v1,0,-1610,1,652,0
1,106,79,-0.4471151692656179,0.040238536986878765,0.64745410198107023,-1.5706726495944359,0.0066444581070856934,-3.1229810785764567,30,0.000000000000000000e+00,zone_bc_work_m_v1,0,-1610,1,652,0
1,106,80,-0.41710237667494465,0.040237027178729651,0.64768955202248346,-1.5708027719004469,0.0081554561199581599,3.1408023635605931,30,0.000000000000000000e+00,zone_bc_work_m_v1,0,-1610,1,652,0
1,106,81,-0.38710510044372914,0.040237042542016946,0.64707458630653758,-1.5708319009026517,0.0081400171371457386,3.1372223588416914,30,0.000000000000000000e+00,zone_bc_work_m_v1,0,-1610,1,652,0
1,106,82,-0.3571078242291863,0.040237058009213442,0.64645960777586597,-1.5708609189277252,0.0081243704038960196,3.1336423165970007,30,0.000000000000000000e+00,zone_bc_work_m_v1,0,-1610,1,652,0
1,106,83,-0.32711054810012929,0.040237073580024242,0.64584461643059066,-1.5708898243057525,0.0081085168178296474,3.1300622597824148,30,0.000000000000000000e+00,zone_bc_work_m_v1,0,-1610,1,652,0
1,106,84,-0.29711327212537042,0.040237089254150468,0.64522961227132658,-1.5709186153754444,0.0080924572924723215,3.126482211354177,30,0.000000000000000000e+00,zone_bc_work_m_v1,0,-1610,1,652,0
1,106,85,-0.29998393748314611,0.070237081995993114,0.64551493616491529,-1.5709053210694355,0.0080999063151097062,3.1281370795968186,10,0.000000000000000000e+00,zone_bc_work_m_v1,0,-1610,1,652,0
1,106,86,-0.32998088040775153,0.070237067819455365,0.64612993106748351,-1.5708791660725721,0.0081143937661929399,3.1313839662231961,30,0.000000000000000000e+00,zone_bc_work_m_v1,0,-1610,1,652,0
1,106,87,-0.35997782343837748,0.070237053727989454,0.64674491542984569,-1.570852917556534,0.0081287115456885051,3.1346308527765716,30,0.000000000000000000e+00,zone_bc_work_m_v1,0,-1610,1,652,0
1,106,88,-0.38997476652368968,0.070237039721817385,0.64735988925166155,-1.5708265767627174,0.0081428589759355852,3.1378777221318388,30,0.000000000000000000e+00,zone_bc_work_m_v1,0,-1610,1,652,0
1,106,89,-0.41997170961235408,0.070237025801158481,0.64797485253292431,-1.5708001449383251,0.0081568353900498547,3.1411245571642987,30,0.000000000000000000e+00,zone_bc_work_m_v1,0,-1610,1,652,0
1,106,90,-0.44999517267684119,0.070245671209016938,0.64750573056828131,-1.5708128276351303,-0.00048838337051493319,-3.1078188451344397,30,0.000000000000000000e+00,zone_bc_work_m_v1,0,-1610,1,652,0
1,106,91,-0.47997681392308644,0.070248200307522865,0.64640812818684767,-1.5709034336734797,-0.0030158637937407473,-3.1060930249735881,30,0.000000000000000000e+00,zone_bc_work_m_v1,0,-1610,1,652,0
1,106,92,-0.50996617315064641,0.070254435451413258,0.64530462998995064,-1.5712140403477877,-0.0092436034148650759,-3.0964332599250923,30,0.000000000000000000e+00,zone_bc_work_m_v1,0,-1610,1,652,0
1,106,93,-0.50598002194859082,0.10025657661650206,0.64514565974637716,-1.5715000159398151,-0.011372567058555383,-3.079794084488805,10,0.000000000000000000e+00,zone_bc_work_m_v1,0,-1610,1,652,0
1,106,94,-0.47598716383986739,0.10025698606480445,0.6462849931718655,-1.5713544805334658,-0.011790588721029227,-3.0942879483754506,30,0.000000000000000000e+00,zone_bc_work_m_v1,0,-1610,1,652,0
1,106,95,-0.44599513843425798,0.10026119819648491,0.64739941216480112,-1.5713496708881987,-0.01600677353789548,-3.1070355652968846,30,0.000000000000000000e+00,zone_bc_work_m_v1,0,-1610,1,652,0
1,106,96,-0.41594713793347204,0.10027095640924309,0.64760001787507038,-1.5701928836421117,-0.025769653841089202,3.118177526464641,10,0.000000000000000000e+00,zone_bc_work_m_v1,0,-1610,1,652,0
1,106,97,-0.385949660485428,0.10027084405550266,0.64699094288042447,-1.5701015567417125,-0.025654921882745763,3.1145149428067676,30,0.000000000000000000e+00,zone_bc_work_m_v1,0,-1610,1,652,0
1,106,98,-0.3559521833427699,0.10027073137020795,0.64638185448307661,-1.5700110716734077,-0.02553953699434075,3.1108523442978759,30,0.000000000000000000e+00,zone_bc_work_m_v1,0,-1610,1,652,0
1,106,99,-0.32595470657910997,0.1002706183556135,0.64577275268460443,-1.5699214337556162,-0.025423506119013783,3.1071897554633781,30,0.000000000000000000e+00,zone_bc_work_m_v1,0,-1610,1,652,0
1,106,100,-0.29595723026804799,0.10027050501398733,0.64516363748712513,-1.5698326482386329,-0.025306836251396181,3.1035272008233359,30,0.000000000000000000e+00,zone_bc_work_m_v1,0,-1610,1,652,0
1,106,101,-0.2980215823079666,0.13027055976799715,0.644364037062093,-1.5698754008569109,-0.025363235549428653,3.105295217426824,10,0.000000000000000000e+00,zone_bc_work_m_v1,0,-1610,1,652,0
1,106,102,-0.32801944959030571,0.13027068502131384,0.64497315815955525,-1.5699741755895493,-0.025491988069109572,3.1093489748587047,30,0.000000000000000000e+00,zone_bc_work_m_v1,0,-1610,1,652,0
1,106,103,-0.35801731737393427,0.13027080987237144,0.64558226284140363,-1.5700739907449082,-0.025619952754230457,3.1134027564719791,30,0.000000000000000000e+00,zone_bc_work_m_v1,0,-1610,1,652,0
1,106,104,-0.38801518555904946,0.13027093431810643,0.64619135110523762,-1.570174839144894,-0.025747120165877213,3.1174565290162066,30,0.000000000000000000e+00,zone_bc_work_m_v1,0,-1610,1,652,0
1,106,105,-0.41802151865131165,0.1302707508222441,0.64694233023925807,-1.570583914769311,-0.025570179844469632,3.1332849181128939,30,0.000000000000000000e+00,zone_bc_work_m_v1,0,-1610,1,652,0
1,106,106,-0.44804531846676454,0.13027089848054016,0.64668223975093753,-1.5713404133236284,-0.025713014242840782,-3.1204335110783581,30,0.000000000000000000e+00,zone_bc_work_m_v1,0,-1610,1,652,0
1,106,107,-0.47804557756861055,0.13026143682800256,0.6458082796034077,-1.5713549857235143,-0.016245394720721062,-3.107215928607022,30,0.000000000000000000e+00,zone_bc_work_m_v1,0,-1610,1,652,0
1,106,108,-0.50802825251362127,0.13025990320192368,0.64475528967506945,-1.5713193284379199,-0.014711894000779102,-3.1060567543907385,30,0.000000000000000000e+00,zone_bc_work_m_v1,0,-1610,1,652,0
1,106,109,-0.50333212138530459,0.16026316170760418,0.6444458009934988,-1.5713848422288297,-0.017970496360674382,-3.108853608721514,10,0.000000000000000000e+00,zone_bc_work_m_v1,0,-1610,1,652,0
1,106,110,-0.47333708250314666,0.16026906378833827,0.64533059539821747,-1.5713810755059279,-0.023876353876093104,-3.1171045159800648,30,0.000000000000000000e+00,zone_bc_work_m_v1,0,-1610,1,652,0
1,106,111,-0.44332872509695598,0.16027087126420198,0.64594082605693559,-1.571045626730224,-0.02569033411109034,-3.1318878542394559,30,0.000000000000000000e+00,zone_bc_work_m_v1,0,-1610,1,652,0
1,106,112,-0.41331745712608092,0.16027073997970478,0.64611267361948987,-1.5706035552440616,-0.025559489028976978,3.134049901557141,30,0.000000000000000000e+00,zone_bc_work_m_v1,0,-1610,1,652,0
1,106,113,-0.3833164988697686,0.16027089883671447,0.64532455880945738,-1.5703113607500312,-0.02571455333178041,3.1227332154310394,30,0.000000000000000000e+00,zone_bc_work_m_v1,0,-1610,1,652,0
1,106,114,-0.35331712617256694,0.16027087551742913,0.64464530159454225,-1.5701270188097647,-0.025687081637996378,3.1155394706663104,30,0.000000000000000000e+00,zone_bc_work_m_v1,0,-1610,1,652,0
1,106,115,-0.32331877394420694,0.16027073594879576,0.64403619125271083,-1.5700147266172215,-0.025544231312908616,3.1110009528155511,30,0.000000000000000000e+00,zone_bc_work_m_v1,0,-1610,1,652,0
1,106,116,-0.29332042229321154,0.16027059587438275,0.64342706033337771,-1.5699037348901539,-0.02540038864442784,3.1064624482916177,30,0.000000000000000000e+00,zone_bc_work_m_v1,0,-1610,1,652,0
1,106,117,-0.29392380789799,0.19027066987880378,0.64259779919332427,-1.5699621618840807,-0.025476442313259851,3.1088582028858074,10,0.000000000000000000e+00,zone_bc_work_m_v1,0,-1610,1,652,0
1,106,118,-0.32392277566179883,0.19027082863596262,0.64320693593642519,-1.5700891094307237,-0.025639151364246882,3.1140131279508223,30,0.000000000000000000e+00,zone_bc_work_m_v1,0,-1610,1,652,0
1,106,119,-0.35392153293217254,0.19027094141553005,0.64384619303139323,-1.5702313915592594,-0.025755524295163035,3.1196592172132274,30,0.000000000000000000e+00,zone_bc_work_m_v1,0,-1610,1,652,0
1,106,120,-0.38391924851870951,0.19027082908313411,0.64463430173454228,-1.5704408448171121,-0.025646885510996142,3.1277313917035512,30,0.000000000000000000e+00,zone_bc_work_m_v1,0,-1610,1,652,0
1,106,121,-0.41391696500435993,0.19027071506852247,0.64542234538025967,-1.57064851520668,-0.025534868778979147,3.1358034716187531,30,0.000000000000000000e+00,zone_bc_work_m_v1,0,-1610,1,652,0
1,106,122,-0.44392459464259848,0.19027084062189079,0.6451052217326283,-1.5709798771931016,-0.025660234684284022,-3.13443888373454,30,0.000000000000000000e+00,zone_bc_work_m_v1,0,-1610,1,652,0
1,106,123,-0.47393399003908754,0.19027100451551138,0.64459091883566855,-1.5713376522432838,-0.025819166112172054,-3.1206273627534795,30,0.000000000000000000e+00,zone_bc_work_m_v1,0,-1610,1,652,0
1,106,124,-0.50393078202811425,0.19026769595616425,0.6438475120667061,-1.571403428968333,-0.022507126392562915,-3.114623138037234,30,0.000000000000000000e+00,zone_bc_work_m_v1,0,-1610,1,652,0
1,106,125,-0.49934556587718593,0.22027179913134526,0.64323607544599337,-1.5719684212571026,-0.026593917374357234,-3.0975421725772985,10,0.000000000000000000e+00,zone_bc_work_m_v1,0,-1610,1,652,0
1,106,126,-0.46932252812160447,0.2202709297312323,0.64384459218389423,-1.5711725199770359,-0.025747282276891381,-3.1269810923353947,30,0.000000000000000000e+00,zone_bc_work_m_v1,0,-1610,1,652,0
1,106,127,-0.4393162070853398,0.22027080102235402,0.64435879931720852,-1.5708956619437624,-0.025621085928980269,-3.1377151629814053,30,0.000000000000000000e+00,zone_bc_work_m_v1,0,-1610,1,652,0
1,106,128,-0.40931210334633716,0.22027071672137591,0.64459531126351721,-1.5706455392093193,-0.02553650480372216,3.1356872947891747,30,0.000000000000000000e+00,zone_bc_work_m_v1,0,-1610,1,652,0
1,106,129,-0.37931618416059987,0.22027080545768507,0.64380729082787869,-1.5704842782818282,-0.025623815651670823,3.1294138568141934,30,0.000000000000000000e+00,zone_bc_work_m_v1,0,-1610,1,652,0
1,106,130,-0.34932026541879924,0.22027089317931217,0.64301923109557302,-1.570321932750617,-0.025709090261042622,3.1231403283971337,30,0.000000000000000000e+00,zone_bc_work_m_v1,0,-1610,1,652,0
1,106,131,-0.31932346553677338,0.22027091840090779,0.64227202475431933,-1.5701618642850006,-0.02573087646195793,3.116937293244006,30,0.000000000000000000e+00,zone_bc_work_m_v1,0,-1610,1,652,0
1,106,132,-0.28932368809317421,0.22027073506336509,0.64166287925663756,-1.5700140196629917,-0.025543323541212581,3.1109722127673836,30,0.000000000000000000e+00,zone_bc_work_m_v1,0,-1610,1,652,0
1,106,133,-0.2878759504611168,0.25027084722436871,0.64079197004724486,-1.5701041173664416,-0.025658162148516128,3.1146180957124772,10,0.000000000000000000e+00,zone_bc_work_m_v1,0,-1610,1,652,0
1,106,134,-0.31787390664972404,0.25027092617746882,0.64148696406020589,-1.5702600927018464,-0.025740891284318224,3.1207613705960444,30,0.000000000000000000e+00,zone_bc_work_m_v1,0,-1610,1,652,0
1,106,135,-0.34786868286759209,0.25027085483203032,0.64227502100485334,-1.5703932651695354,-0.025671942592606634,3.1258917459895974,30,0.000000000000000000e+00,zone_bc_work_m_v1,0,-1610,1,652,0
1,106,136,-0.37786345952114253,0.25027078280605741,0.64306305167111499,-1.570525723113775,-0.025601626419637924,3.1310221075430347,30,0.000000000000000000e+00,zone_bc_work_m_v1,0,-1610,1,652,0
1,106,137,-0.40785823640820507,0.25027071010239471,0.64385105605642345,-1.570657450780738,-0.025529951108696824,3.136152387314362,30,0.000000000000000000e+00,zone_bc_work_m_v1,0,-1610,1,652,0
1,106,138,-0.43786097253343148,0.25027078693394311,0.64355835529901295,-1.5708659029502492,-0.025607090917070696,-3.1388752973393403,30,0.000000000000000000e+00,zone_bc_work_m_v1,0,-1610,1,652,0
1,106,139,-0.46786533918931972,0.25027089267301411,0.64304418557109044,-1.5710918700813825,-0.025711261149083064,-3.1300971910179221,30,0.000000000000000000e+00,zone_bc_work_m_v1,0,-1610,1,652,0
1,106,140,-0.49786970483443649,0.25027099642412759,0.6425299389123984,-1.5713196295139473,-0.025811441856708583,-3.1213191184762348,30,0.000000000000000000e+00,zone_bc_work_m_v1,0,-1610,1,652,0
1,106,141,-0.49418063927745592,0.28027254209904784,0.64176775984467727,-1.5712285038140839,-0.027359554203302494,-3.1257957947938846,10,0.000000000000000000e+00,zone_bc_work_m_v1,0,-1610,1,652,0
1,106,142,-0.46417777413629335,0.28027188438303313,0.64228197069681914,-1.5710238245239374,-0.026704041270876111,-3.1330726222658765,30,0.000000000000000000e+00,zone_bc_work_m_v1,0,-1610,1,652,0
1,106,143,-0.43417490848426987,0.28027122520816561,0.64279612826649934,-1.5708287150425533,-0.026045585716248043,-3.1403489920536738,30,0.000000000000000000e+00,zone_bc_work_m_v1,0,-1610,1,652,0
1,106,144,-0.40417382965091875,0.28027071011620658,0.64304820407418761,-1.5706574259416675,-0.02552996479010905,3.1361514172142702,30,0.000000000000000000e+00,zone_bc_work_m_v1,0,-1610,1,652,0
1,106,145,-0.37417984295065265,0.28027077165784681,0.64226020800839789,-1.5705460497101624,-0.025590680754921546,3.1318118888742053,30,0.000000000000000000e+00,zone_bc_work_m_v1,0,-1610,1,652,0
1,106,146,-0.34418585639519339,0.28027083271492159,0.64147219313862847,-1.5704341492417506,-0.025650425197332849,3.1274722945368576,30,0.000000000000000000e+00,zone_bc_work_m_v1,0,-1610,1,652,0
1,106,147,-0.31419187010689997,0.28027089328570204,0.64068415946614288,-1.5703217340548044,-0.025709193037763756,3.1231326753197068,30,0.000000000000000000e+00,zone_bc_work_m_v1,0,-1610,1,652,0
1,106,148,-0.30949126686366757,0.31027087086620619,0.63985459416364043,-1.5703635080646534,-0.025687499991726259,3.1247430032057903,10,0.000000000000000000e+00,zone_bc_work_m_v1,0,-1610,1,652,0
1,106,149,-0.33948467415082795,0.31027081825617775,0.64064261323981964,-1.5704607756122868,-0.025636322514912546,3.1285030699885699,30,0.000000000000000000e+00,zone_bc_work_m_v1,0,-1610,1,652,0
1,106,150,-0.36947808161674156,0.31027076528137576,0.64143061819977043,-1.5705576550388827,-0.02558441276241652,3.1322631107604648,30,0.000000000000000000e+00,zone_bc_work_m_v1,0,-1610,1,652,0
1,106,151,-0.39947148918181563,0.31027071194292771,0.64221860904278871,-1.5706541401594993,-0.025531774050630229,3.1360230987762243,30,0.000000000000000000e+00,zone_bc_work_m_v1,0,-1610,1,652,0
1,106,152,-0.42947351900288888,0.31027133500272414,0.64205135252535028,-1.5708605181529389,-0.026155359064455874,-3.1391381451830416,30,0.000000000000000000e+00,zone_bc_work_m_v1,0,-1610,1,652,0
1,106,153,-0.4594786795362944,0.31027220162352365,0.64153715553670809,-1.571121299405871,-0.027020411405640266,-3.1295648390736157,30,0.000000000000000000e+00,zone_bc_work_m_v1,0,-1610,1,652,0
1,106,154,-0.48948227145261591,0.31027588953909196,0.64098613999588894,-1.5714323552737781,-0.03070523527909641,-3.1208783510962359,30,0.000000000000000000e+00,zone_bc_work_m_v1,0,-1610,1,652,0
1,106,155,-0.48650791188450926,0.34027963984131809,0.64006445422004132,-1.5716300086735151,-0.034454035721161347,-3.1173956538942482,10,0.000000000000000000e+00,zone_bc_work_m_v1,0,-1610,1,652,0
1,106,156,-0.45651127446128492,0.34027489834852309,0.64074904944005107,-1.5713808790437929,-0.029714429082592808,-3.1219199578436454,30,0.000000000000000000e+00,zone_bc_work_m_v1,0,-1610,1,652,0
1,106,157,-0.42650185979328237,0.34027161895482344,0.64127694832551163,-1.570944055450608,-0.026439075511203391,-3.1360045485428336,30,0.000000000000000000e+00,zone_bc_work_m_v1,0,-1610,1,652,0
1,106,158,-0.39649683638914901,0.34027071061929587,0.64143440353962111,-1.5706565211411414,-0.025530463113196733,3.1361160805647366,30,0.000000000000000000e+00,zone_bc_work_m_v1,0,-1610,1,652,0
1,106,159,-0.36650387149659247,0.34027075770049009,0.6406464171955879,-1.5705714326669584,-0.02557695389377912,3.1327990788228917,30,0.000000000000000000e+00,zone_bc_work_m_v1,0,-1610,1,652,0
1,106,160,-0.33651090667237771,0.34027080449880232,0.63985841986498815,-1.5704860366392452,-0.025622877731961369,3.1294820330567541,30,0.000000000000000000e+00,zone_bc_work_m_v1,0,-1610,1,652,0
1,106,161,-0.30651794197115101,0.34027085101345617,0.63907041154822264,-1.5704003372997213,-0.025668232342262565,3.1261649616280072,30,0.000000000000000000e+00,zone_bc_work_m_v1,0,-1610,1,652,0
1,106,162,-0.29947075322436789,0.37027084095269219,0.63817919650886501,-1.5704189433914426,-0.025658447408972052,3.1268841402685599,10,0.000000000000000000e+00,zone_bc_work_m_v1,0,-1610,1,652,0
1,106,163,-0.32946336860373293,0.37027079929885764,0.63896719827806814,-1.5704955660161639,-0.025617789323952866,3.1298515989088873,30,0.000000000000000000e+00,zone_bc_work_m_v1,0,-1610,1,652,0
1,106,164,-0.35945598407665424,0.37027075741807597,0.6397551912548336,-1.5705719455168947,-0.025576675879670496,3.1328190353736942,30,0.000000000000000000e+00,zone_bc_work_m_v1,0,-1610,1,652,0
1,106,165,-0.38944859960400735,0.37027071531090361,0.64054317543888972,-1.5706480788575696,-0.025535108714023425,3.1357864365167964,30,0.000000000000000000e+00,zone_bc_work_m_v1,0,-1610,1,652,0
1,106,166,-0.41945806889189097,0.37027206897927573,0.64057233721436868,-1.5710802603182792,-0.026888173880396105,-3.1310319814120291,30,0.000000000000000000e+00,zone_bc_work_m_v1,0,-1610,1,652,0
1,106,167,-0.44946543624506852,0.37028041985046861,0.63993416860983221,-1.5716726403537047,-0.035233708320977053,-3.1167211761154805,30,0.000000000000000000e+00,zone_bc_work_m_v1,0,-1610,1,652,0
1,106,168,-0.47945689939792402,0.3702849530102833,0.63910810380879879,-1.5718988469711275,-0.039765681923279894,-3.1138670218668518,30,0.000000000000000000e+00,zone_bc_work_m_v1,0,-1610,1,652,0
1,106,169,-0.50947407561425972,0.37028545002952756,0.63763671406635825,-1.5744532522374879,-0.040112109971748966,-3.0506517122824741,10,0.000000000000000000e+00,zone_bc_work_m_v1,0,-1610,1,652,0
1,106,170,-0.50767477399481509,0.40030770556360534,0.6363462491304257,-1.5758369455869099,-0.062360701721659417,-3.0608851952349987,10,0.000000000000000000e+00,zone_bc_work_m_v1,0,-1610,1,652,0
1,106,171,-0.41761912417821856,0.40022873996090313,0.63962744475141142,-1.5715533743947145,0.016425892239556372,3.095534493963092,10,0.000000000000000000e+00,zone_bc_work_m_v1,0,-1610,1,652,0
1,106,172,-0.38766961571684599,0.40027071239597839,0.63979038323387294,-1.5706533250531103,-0.025532222704650165,3.135991269532735,30,0.000000000000000000e+00,zone_bc_work_m_v1,0,-1610,1,652,0
1,106,173,-0.35767728292730339,0.40027075051219363,0.63900240214126858,-1.5705844770102289,-0.02556987434511715,3.1333068081763091,30,0.000000000000000000e+00,zone_bc_work_m_v1,0,-1610,1,652,0
1,106,174,-0.32768495017704447,0.40027078844320696,0.63821441385272937,-1.5705154271035073,-0.025607154883989569,3.1306223161443922,30,0.000000000000000000e+00,zone_bc_work_m_v1,0,-1610,1,652,0
1,106,175,-0.29769261749503539,0.40027082618860554,0.63742641836842018,-1.5704461775786869,-0.025644063104859338,3.1279378031696594,30,0.000000000000000000e+00,zone_bc_work_m_v1,0,-1610,1,652,0
1,106,176,-0.28634875973693674,0.43030345236425321,0.63568173255016536,-1.5691119127599618,-0.058278532835592589,3.1126814952114183,10,0.000000000000000000e+00,zone_bc_work_m_v1,0,-1610,1,652,0
1,106,177,-0.31634035155441698,0.43030298794220206,0.63644255494804725,-1.5691973069066041,-0.057815552756621535,3.1139270144653528,30,0.000000000000000000e+00,zone_bc_work_m_v1,0,-1610,1,652,0
1,106,178,-0.34633194341255491,0.43030252340232583,0.63720337559484974,-1.5692815417378219,-0.057352345688851836,3.1151723863836276,30,0.000000000000000000e+00,zone_bc_work_m_v1,0,-1610,1,652,0
1,106,179,-0.37633051216104074,0.43030411811744324,0.63796599474508564,-1.569727703506282,-0.058960069577949747,3.1234596035290734,30,0.000000000000000000e+00,zone_bc_work_m_v1,0,-1610,1,652,0
1,106,180,-0.40634686356523342,0.43030830127059688,0.63811203861219534,-1.5711602116785903,-0.06315966264091033,-3.1358275355613907,30,0.000000000000000000e+00,zone_bc_work_m_v1,0,-1610,1,652,0
1,106,181,-0.4363617255386103,0.43030234252047345,0.63751157858407892,-1.572336095947767,-0.057170436516675194,-3.1146515139515358,30,0.000000000000000000e+00,zone_bc_work_m_v1,0,-1610,1,652,0
1,106,182,-0.46635107067031845,0.43030024991507693,0.63667177015893905,-1.5723403839677794,-0.055073618670503421,-3.1135495672804594,30,0.000000000000000000e+00,zone_bc_work_m_v1,0,-1610,1,652,0
1,106,183,-0.49637411406022358,0.43029425586461084,0.63541282088397955,-1.5749686961212372,-0.048915553121776645,-3.0564669524769892,10,0.000000000000000000e+00,zone_bc_work_m_v1,0,-1610,1,652,0
1,106,184,-0.4951603358138803,0.46032418626539606,0.63362026339739375,-1.5772374130349514,-0.078823950017125721,-3.0599737282887629,10,0.000000000000000000e+00,zone_bc_work_m_v1,0,-1610,1,652,0
1,106,185,-0.46514042798408761,0.46030898597287012,0.63499486717551923,-1.5721304413357053,-0.063832873574332982,-3.1206813723810267,10,0.000000000000000000e+00,zone_bc_work_m_v1,0,-1610,1,652,0
1,106,186,-0.43513617827130835,0.46030857417110549,0.63553498741887815,-1.5715419895675384,-0.063429780721292905,-3.1298295869317587,30,0.000000000000000000e+00,zone_bc_work_m_v1,0,-1610,1,652,0
1,106,187,-0.40513192746974314,0.46030815705705252,0.63607502466176269,-1.5709610485599579,-0.063015993451395635,-3.1389769611137299,30,0.000000000000000000e+00,zone_bc_work_m_v1,0,-1610,1,652,0
1,106,188,-0.37512818623179145,0.46030689739298669,0.63622553329418308,-1.5703334584329023,-0.061752356577752021,3.1340924698392705,30,0.000000000000000000e+00,zone_bc_work_m_v1,0,-1610,1,652,0
1,106,189,-0.34512564657349087,0.46030365686739316,0.63545826285605067,-1.5696330840110435,-0.058496143122096722,3.1216981212406991,30,0.000000000000000000e+00,zone_bc_work_m_v1,0,-1610,1,652,0
1,106,190,-0.31512884907793448,0.4603025291544488,0.6346944531242199,-1.5692805059269228,-0.057358081969417718,3.1151569684966125,30,0.000000000000000000e+00,zone_bc_work_m_v1,0,-1610,1,652,0
1,106,191,-0.28513681420133308,0.46030315972247454,0.63393361047938324,-1.5691658589576107,-0.057986812547192512,3.1134663763985131,30,0.000000000000000000e+00,zone_bc_work_m_v1,0,-1610,1,652,0
1,106,192,-0.2999720664276706,0.49030254467299705,0.63259369522823305,-1.5694118339598433,-0.057376947203665374,3.1174543075013084,10,0.000000000000000000e+00,zone_bc_work_m_v1,0,-1610,1,652,0
1,106,193,-0.32997024279296827,0.49030464392926448,0.63336102959653695,-1.5698376168495787,-0.059488761723493377,3.1254687206410847,30,0.000000000000000000e+00,zone_bc_work_m_v1,0,-1610,1,652,0
1,106,194,-0.3599684202405582,0.49030673938402991,0.63412829582411856,-1.570297378222963,-0.061593760814429022,3.133487071191392,30,0.000000000000000000e+00,zone_bc_work_m_v1,0,-1610,1,652,0
1,106,195,-0.38996902112258747,0.49030819863807762,0.63428907835436654,-1.5707989569825647,-0.063057872176573548,-3.1415509152397356,30,0.000000000000000000e+00,zone_bc_work_m_v1,0,-1610,1,652,0
1,106,196,-0.41997242207956531,0.49030892307429463,0.63374905234858792,-1.5713276555942781,-0.063781557761085184,-3.1332567494115993,30,0.000000000000000000e+00,zone_bc_work_m_v1,0,-1610,1,652,0
1,106,197,-0.44983036226139972,0.49017316671082378,0.63321771679635908,-1.5801469763773888,0.07147017316960369,3.0113853615162451,10,0.000000000000000000e+00,zone_bc_work_m_v1,0,-1610,1,652,0
1,106,198,-0.50996041788246571,0.49031753483334506,0.63035752866575212,-1.5779841474162435,-0.07205857465205856,-3.0420846099872989,10,0.000000000000000000e+00,zone_bc_work_m_v1,0,-1610,1,652,0
1,106,199,-0.49962973190742654,0.52033152788214798,0.62895933412047167,-1.57883469037679,-0.086079402639602787,-3.0483631437720984,10,0.000000000000000000e+00,zone_bc_work_m_v1,0,-1610,1,652,0
1,106,200,-0.43963436445247694,0.52031307915205049,0.63150732112533081,-1.5722272008070077,-0.067933835999790526,-3.1205167918656946,10,0.000000000000000000e+00,zone_bc_work_m_v1,0,-1610,1,652,0
1,106,201,-0.40963112767328624,0.52030830917385296,0.6319464491421708,-1.5717164517689248,-0.063161935731272267,-3.1270162779141231,30,0.000000000000000000e+00,zone_bc_work_m_v1,0,-1610,1,652,0
1,106,202,-0.37962487678115187,0.52030859008935992,0.63241647971762904,-1.5710827425239309,-0.063449462354963071,-3.1370755774119958,30,0.000000000000000000e+00,zone_bc_work_m_v1,0,-1610,1,652,0
1,106,203,-0.34962086267783365,0.52030691201621571,0.63215413543606913,-1.5703368075652504,-0.06176703312818943,3.1341485031159646,30,0.000000000000000000e+00,zone_bc_work_m_v1,0,-1610,1,652,0
1,106,204,-0.31962477066296668,0.52030536402975436,0.63138687200110599,-1.5699916907567308,-0.060212500209108955,3.1282220969123999,30,0.000000000000000000e+00,zone_bc_work_m_v1,0,-1610,1,652,0
1,106,205,-0.28962867908574674,0.52030381392676539,0.63061957134997615,-1.5696651141227738,-0.058654129247562414,3.1222978215693251,30,0.000000000000000000e+00,zone_bc_work_m_v1,0,-1610,1,652,0
2,118,1,-0.049730779357583188,0.22026629765078465,0.62837904173383141,1.5723844141885175,0.021056880946087375,-3.0663106287686217,10,0.000000000000000000e+00,zone_bc_work_m_v1,0,1610,1,652,0
2,118,2,-0.019809132605231428,0.22026577978626835,0.62618095957487518,1.572392191443245,0.020536792555108763,-3.0640354159498839,10,0.000000000000000000e+00,zone_bc_work_m_v1,0,1610,1,652,0
2,118,3,0.010112513747816188,0.22026526190084075,0.62398287198565028,1.5723976082745112,0.02001676516250761,-3.0617602567698041,10,0.000000000000000000e+00,zone_bc_work_m_v1,0,1610,1,652,0
2,118,4,0.040031345049189371,0.22026469743266511,0.6217488046801446,1.5723995487457167,0.019450170184655891,-3.0593461976673901,10,0.000000000000000000e+00,zone_bc_work_m_v1,0,1610,1,652,0
2,118,5,0.069912728554026637,0.22026351345724182,0.61903611071581188,1.572380141813335,0.018263398458093993,-3.0550834971170211,10,0.000000000000000000e+00,zone_bc_work_m_v1,0,1610,1,652,0
2,118,6,0.099794110501087552,0.2202623295608449,0.61632339723229335,1.5723506552297328,0.017077271518734172,-3.0508209099498638,10,0.000000000000000000e+00,zone_bc_work_m_v1,0,1610,1,652,0
2,118,7,0.10125463051923078,0.25026285271997317,0.61563214436046565,1.5723649279352176,0.017601342564711908,-3.0527045587090731,10,0.000000000000000000e+00,zone_bc_work_m_v1,0,1610,1,652,0
2,118,8,0.071374034313120616,0.25026381754508781,0.61834478632906731,1.5723860886217009,0.018568153018732492,-3.0561783250725636,10,0.000000000000000000e+00,zone_bc_work_m_v1,0,1610,1,652,0
2,118,9,0.041493343970949503,0.25026478117255518,0.6210562359265045,1.5724005244759354,0.019534128861355082,-3.0596484519673579,10,0.000000000000000000e+00,zone_bc_work_m_v1,0,1610,1,652,0
2,118,10,0.011572117847327812,0.25026520322957257,0.62325429688341005,1.5723980731120151,0.019957856752109926,-3.0615025123514155,10,0.000000000000000000e+00,zone_bc_work_m_v1,0,1610,1,652,0
2,118,11,-0.018349108555181681,0.25026562527583013,0.62545235423499368,1.5723940546053683,0.020381634124609915,-3.0633566106625381,10,0.000000000000000000e+00,zone_bc_work_m_v1,0,1610,1,652,0
2,118,12,-0.048270335226549888,0.25026604730903829,0.62765040798049609,1.5723884686122029,0.020805454412022639,-3.0652107452137698,10,0.000000000000000000e+00,zone_bc_work_m_v1,0,1610,1,652,0
2,118,13,-0.044585269257174431,0.28026584867091292,0.62675834896832072,1.5723912930741784,0.020605968455802426,-3.0643380485918734,10,0.000000000000000000e+00,zone_bc_work_m_v1,0,1610,1,652,0
2,118,14,-0.014664331445890522,0.28026549253960559,0.62456031502701004,1.5723954874176795,0.020248347213270623,-3.0627734752944136,10,0.000000000000000000e+00,zone_bc_work_m_v1,0,1610,1,652,0
2,118,15,0.015256606171703879,0.28026513639951905,0.62236227851812387,1.5723985656926383,0.019890757999497133,-3.0612089281798429,10,0.000000000000000000e+00,zone_bc_work_m_v1,0,1610,1,652,0
2,118,16,0.045177543589583147,0.28026478025202911,0.62016423944212384,1.5724005281099696,0.019533204759965006,-3.0596444082617773,10,0.000000000000000000e+00,zone_bc_work_m_v1,0,1610,1,652,0
2,118,17,0.075057605376741554,0.28026396611652971,0.61745172144600391,1.5723887522442701,0.018717063452718952,-3.0567132333173288,10,0.000000000000000000e+00,zone_bc_work_m_v1,0,1610,1,652,0
2,118,18,0.10493766107007518,0.28026315195183332,0.61473912650586837,1.5723722068705479,0.017901149078165979,-3.053781929996374,30,0.000000000000000000e+00,zone_bc_work_m_v1,0,1610,1,652,0
2,118,19,0.10963476046043108,0.31026365168387576,0.61375404307411796,1.5723977207096862,0.018400642282123236,-3.0547771945300184,10,0.000000000000000000e+00,zone_bc_work_m_v1,0,1610,1,652,0
2,118,20,0.079755244068298259,0.31026420597754206,0.61646659418799066,1.5724004728099024,0.018956835104154246,-3.0571676851459966,30,0.000000000000000000e+00,zone_bc_work_m_v1,0,1610,1,652,0
2,118,21,0.049875727198577913,0.31026476026881622,0.61917913929768009,1.572400574052141,0.019513146566860984,-3.0595582201110147,10,0.000000000000000000e+00,zone_bc_work_m_v1,0,1610,1,652,0
2,118,22,0.019956482697651712,0.31026507716844598,0.6213956683190931,1.5723989694180613,0.019831290057116924,-3.0609487280592012,10,0.000000000000000000e+00,zone_bc_work_m_v1,0,1610,1,652,0
2,118,23,-0.009964244155436619,0.3102653852059688,0.62359368951284999,1.5723965326422804,0.020140572420970448,-3.0623019448939028,10,0.000000000000000000e+00,zone_bc_work_m_v1,0,1610,1,652,0
2,118,24,-0.039884971154783289,0.31026569323723407,0.62579170878590007,1.5723932609791911,0.020449879635272117,-3.06365518154462,10,0.000000000000000000e+00,zone_bc_work_m_v1,0,1610,1,652,0
2,118,25,-0.069805698296488305,0.31026600126135162,0.62798972613795256,1.5723891542986492,0.020759209146680169,-3.0650084373554765,10,0.000000000000000000e+00,zone_bc_work_m_v1,0,1610,1,652,0
2,118,26,-0.066828888804392861,0.34026586179915252,0.62714969626218542,1.5723911171215879,0.020619152366885052,-3.0643957255121546,10,0.000000000000000000e+00,zone_bc_work_m_v1,0,1610,1,652,0
2,118,27,-0.036908322314264108,0.34026559042665133,0.62495168991505068,1.5723944457934333,0.0203466398240848,-3.0632035107357636,10,0.000000000000000000e+00,zone_bc_work_m_v1,0,1610,1,652,0
2,118,28,-0.0069877559356394947,0.34026531904883295,0.62275368207697923,1.572397126386909,0.020074145249036723,-3.0620113110007128,10,0.000000000000000000e+00,zone_bc_work_m_v1,0,1610,1,652,0
2,118,29,0.022932810328814668,0.34026504766630605,0.62055567274817214,1.5723991589926343,0.019801670387624259,-3.0608191267554892,10,0.000000000000000000e+00,zone_bc_work_m_v1,0,1610,1,652,0
2,118,30,0.052852796069634778,0.34026476908447473,0.6183502185003823,1.5724005542417705,0.019521995282612892,-3.0595962406250958,10,0.000000000000000000e+00,zone_bc_work_m_v1,0,1610,1,652,0
2,118,31,0.082733235239329961,0.34026400024997228,0.61563759913138039,1.5723997606621074,0.018750388036419485,-3.0562804427763144,10,0.000000000000000000e+00,zone_bc_work_m_v1,0,1610,1,652,0
2,118,32,0.089770955079087722,0.37026336433736795,0.61444006033204179,1.5723952510374275,0.018112361958517065,-3.053537976833451,10,0.000000000000000000e+00,zone_bc_work_m_v1,0,1610,1,652,0
2,118,33,0.05988842937740424,0.37026461867252697,0.61715285496920369,1.5724008003351666,0.019371023214198813,-3.0589475406132576,10,0.000000000000000000e+00,zone_bc_work_m_v1,0,1610,1,652,0
2,118,34,0.029972872047320021,0.37026499149931436,0.61941714921077506,1.572399498744772,0.019745280476534344,-3.0605723893078598,10,0.000000000000000000e+00,zone_bc_work_m_v1,0,1610,1,652,0
2,118,35,5.2432225267740051e-05,0.37026523402316558,0.62161514930988782,1.5723978329187909,0.019988774664487563,-3.0616377892052129,10,0.000000000000000000e+00,zone_bc_work_m_v1,0,1610,1,652,0
2,118,36,-0.029868007688630405,0.37026547654340886,0.62381314821851686,1.5723956496186873,0.020232285032989461,-3.0627032015853057,10,0.000000000000000000e+00,zone_bc_work_m_v1,0,1610,1,652,0
2,118,37,-0.059788447692471935,0.37026571905960964,0.62601114593651674,1.572392948778421,0.020475810336096689,-3.0637686261280601,10,0.000000000000000000e+00,zone_bc_work_m_v1,0,1610,1,652,0
2,118,38,-0.058004668515699853,0.40026564227047062,0.62525875701691114,1.572393859960415,0.020398699674063048,-3.0634312719984083,10,0.000000000000000000e+00,zone_bc_work_m_v1,0,1610,1,652,0
2,118,39,-0.028084330661434009,0.40026542306423057,0.62306076654955467,1.5723961755478859,0.020178585857230757,-3.0624682604189246,10,0.000000000000000000e+00,zone_bc_work_m_v1,0,1610,1,652,0
2,118,40,0.0018360071190060001,0.40026520385476616,0.62086277510948429,1.5723980683184144,0.019958484466408466,-3.06150525883396,10,0.000000000000000000e+00,zone_bc_work_m_v1,0,1610,1,652,0
2,118,41,0.031756344824214411,0.40026498464239813,0.61866478269680758,1.5723995383211951,0.019738396421653981,-3.0605422674798812,10,0.000000000000000000e+00,zone_bc_work_m_v1,0,1610,1,652,0
2,118,42,0.061674756561707733,0.40026455076090656,0.61643203822565673,1.5724008474665594,0.019302861439444152,-3.0586546515239963,10,0.000000000000000000e+00,zone_bc_work_m_v1,0,1610,1,652,0
2,118,43,0.091558530453670572,0.40026606044607593,0.61368930220676066,1.572721268469633,0.020790506264814379,-3.0492616088117641,10,0.000000000000000000e+00,zone_bc_work_m_v1,0,1610,1,652,0
2,118,44,0.1028884923030513,0.43028188129178174,0.61180491201602538,1.5741593029710681,0.036552679162450641,-3.0498267248700333,10,0.000000000000000000e+00,zone_bc_work_m_v1,0,1610,1,652,0
2,118,45,0.073006879430207228,0.4302902277338454,0.6145317443384537,1.5746569089788105,0.044894862056986229,-3.0557829433759318,10,0.000000000000000000e+00,zone_bc_work_m_v1,0,1610,1,652,0
2,118,46,0.043083867135627063,0.4302945954781825,0.61684670416332565,1.5743948973264215,0.049302011552183611,-3.0687017882113579,10,0.000000000000000000e+00,zone_bc_work_m_v1,0,1610,1,652,0
2,118,47,0.013161673781053596,0.4302959449758339,0.61902200129391072,1.5744345692634723,0.050653875316046149,-3.069859354191915,10,0.000000000000000000e+00,zone_bc_work_m_v1,0,1610,1,652,0
2,118,48,-0.016760519678824082,0.43029729442502551,0.6211972952519812,1.5744711133102762,0.05200593973061407,-3.0710169846719286,10,0.000000000000000000e+00,zone_bc_work_m_v1,0,1610,1,652,0
2,118,49,-0.046682713238468176,0.43029864381932209,0.62337258603745094,1.5745045281510861,0.053358195424744181,-3.0721746884389023,10,0.000000000000000000e+00,zone_bc_work_m_v1,0,1610,1,652,0
2,118,50,-0.045448692356330644,0.46029932122319905,0.62182242459414439,1.5745201229558483,0.054037127678140395,-3.0727559124310262,10,0.000000000000000000e+00,zone_bc_work_m_v1,0,1610,1,652,0
2,118,51,-0.015526120393046572,0.46029753233103565,0.61964713203508182,1.5744772316858491,0.052244332421710338,-3.0712210853857025,10,0.000000000000000000e+00,zone_bc_work_m_v1,0,1610,1,652,0
2,118,52,0.014396451396610832,0.46029574334039852,0.61747183390004889,1.5744288403206066,0.05045187044099575,-3.0696863898698923,10,0.000000000000000000e+00,zone_bc_work_m_v1,0,1610,1,652,0
2,118,53,0.044319020787536578,0.46029401334949765,0.61529555724869089,1.5743826689660581,0.048718509939891241,-3.0680823632258041,10,0.000000000000000000e+00,zone_bc_work_m_v1,0,1610,1,652,0
2,118,54,0.074239523712521072,0.46029330614668307,0.61299121536551804,1.5747765721507325,0.047977501300448644,-3.0587894793234409,10,0.000000000000000000e+00,zone_bc_work_m_v1,0,1610,1,652,0
2,118,55,0.10413242553135471,0.46028973093425035,0.6104174416653948,1.5746358652463255,0.044397529832249871,-3.0552977555908334,10,0.000000000000000000e+00,zone_bc_work_m_v1,0,1610,1,652,0
2,118,56,0.089374988286295753,0.4902928621019646,0.61025374803554511,1.5747604525950007,0.04753274964567189,-3.0583557902671439,10,0.000000000000000000e+00,zone_bc_work_m_v1,0,1610,1,652,0
2,118,57,0.059466663066596315,0.4902944638429757,0.61267856462137227,1.5745655115570285,0.04915708985580225,-3.065035002570041,10,0.000000000000000000e+00,zone_bc_work_m_v1,0,1610,1,652,0
2,118,58,0.029546539313848097,0.49029411303236176,0.61491008433823413,1.5743799561835712,0.048818780869138267,-3.0682879810312329,10,0.000000000000000000e+00,zone_bc_work_m_v1,0,1610,1,652,0
2,118,59,-0.00037677613372055774,0.4902967663033248,0.61708539630771186,1.5744571838437036,0.051476765040313621,-3.0705639197754397,10,0.000000000000000000e+00,zone_bc_work_m_v1,0,1610,1,652,0
2,118,60,-0.03030009197532979,0.49029941937181848,0.61926069601315303,1.5745223170581673,0.054135502808507541,-3.0728401285310047,10,0.000000000000000000e+00,zone_bc_work_m_v1,0,1610,1,652,0
2,118,61,-0.060223408168881498,0.49030207218893707,0.6214359834541523,1.574575345746146,0.056794922926141744,-3.0751166741520892,10,0.000000000000000000e+00,zone_bc_work_m_v1,0,1610,1,652,0
2,118,62,-0.049888713261367679,0.52030405716744221,0.61904260945077771,1.574568084496307,0.058787953574713558,-3.0774846642279963,10,0.000000000000000000e+00,zone_bc_work_m_v1,0,1610,1,652,0
2,118,63,-0.019952210978722462,0.52030052420414352,0.61704792395117025,1.5745458729340975,0.055242972861362594,-3.073788179747027,10,0.000000000000000000e+00,zone_bc_work_m_v1,0,1610,1,652,0
2,118,64,0.0099732390564135631,0.52029539190198271,0.6148726055247391,1.5744186882797271,0.050099801441958913,-3.0693849289954214,10,0.000000000000000000e+00,zone_bc_work_m_v1,0,1610,1,652,0
2,118,65,0.039894509154259739,0.52029427917763649,0.61266464835433287,1.57446736309149,0.048979104814634633,-3.0667513195467113,10,0.000000000000000000e+00,zone_bc_work_m_v1,0,1610,1,652,0
2,118,66,0.069811583812679157,0.52029447117221683,0.61039074814353411,1.5746492962949148,0.049157959606472179,-3.0633414370432952,10,0.000000000000000000e+00,zone_bc_work_m_v1,0,1610,1,652,0
2,118,67,0.0997148579191105,0.52029305458949948,0.60792917507865873,1.5747582213776936,0.047726309170855297,-3.0587380138560474,10,0.000000000000000000e+00,zone_bc_work_m_v1,0,1610,1,652,0
2,118,68,0.10939473797004085,0.55028984947057202,0.60566806237726933,1.5745813050448287,0.044521295303208364,-3.0567532859256428,10,0.000000000000000000e+00,zone_bc_work_m_v1,0,1610,1,652,0
2,118,69,0.079491887762505931,0.55029416483450733,0.6081410449102721,1.5746982725215788,0.048846419553520759,-3.0618480228374678,10,0.000000000000000000e+00,zone_bc_work_m_v1,0,1610,1,652,0
2,118,70,0.049578051748309093,0.5502944418423148,0.61046608621364251,1.5745201732920424,0.049138451831966412,-3.0659238100987904,10,0.000000000000000000e+00,zone_bc_work_m_v1,0,1610,1,652,0
2,118,71,0.019658812569834483,0.55029413841088992,0.6126866160038662,1.5744224229952992,0.048841126426323545,-3.0674562433960739,10,0.000000000000000000e+00,zone_bc_work_m_v1,0,1610,1,652,0
2,118,72,-0.010282933208461076,0.55030566948574544,0.61470350776797922,1.5746406581683212,0.060401817318515238,-3.0779935556427365,10,0.000000000000000000e+00,zone_bc_work_m_v1,0,1610,1,652,0
2,118,73,-0.040237245184815418,0.55031085659403545,0.6164283675716411,1.5747129591398288,0.065604707540621643,-3.0819199536584039,10,0.000000000000000000e+00,zone_bc_work_m_v1,0,1610,1,652,0
2,118,74,-0.05555281893391717,0.5503135081563828,0.61731026815894419,1.5747341069503982,0.068265581671934861,-3.0839282849947605,10,0.000000000000000000e+00,zone_bc_work_m_v1,0,1610,1,652,0
2,119,1,-0.050844129653682568,-0.19976104926960522,0.62948308963664146,1.5702924945867602,-0.0062114569308653333,-3.0606559508663267,10,0.000000000000000000e+00,zone_bc_work_m_v1,0,1610,1,652,0
2,119,2,-0.020927275046830562,-0.19976096792692888,0.62723203614261236,1.5702903427489145,-0.006129664737586582,-3.0592320873770982,10,0.000000000000000000e+00,zone_bc_work_m_v1,0,1610,1,652,0
2,119,3,0.0089895793909691157,-0.19976088658109067,0.62498098062163854,1.5702884230823737,-0.0060478760652713515,-3.0578082279209684,10,0.000000000000000000e+00,zone_bc_work_m_v1,0,1610,1,652,0
2,119,4,0.038897818286126373,-0.19976088534138098,0.62261467229170231,1.5702727116719597,-0.0060452916995881179,-3.0551923938013497,10,0.000000000000000000e+00,zone_bc_work_m_v1,0,1610,1,652,0
2,119,5,0.068770719418480786,-0.19976121231579541,0.61977564428621601,1.5701966998814989,-0.0063667322811475913,-3.0476877380454157,10,0.000000000000000000e+00,zone_bc_work_m_v1,0,1610,1,652,0
2,119,6,0.098634406793021157,-0.1997628447948509,0.61688358649564912,1.5700163262496509,-0.007989443865766388,-3.0442711321664255,10,0.000000000000000000e+00,zone_bc_work_m_v1,0,1610,1,652,0
2,119,7,0.093337307806587777,-0.16976126944034325,0.61761026060239477,1.5701829131435168,-0.0064228067911145104,-3.0463752474415453,10,0.000000000000000000e+00,zone_bc_work_m_v1,0,1610,1,652,0
2,119,8,0.063466900679857829,-0.16976105166235386,0.62044907537634464,1.5702346641796314,-0.0062088975537366586,-3.0513766909099669,10,0.000000000000000000e+00,zone_bc_work_m_v1,0,1610,1,652,0
2,119,9,0.033596491303065079,-0.16976083362814898,0.62328786519410351,1.5702842813000366,-0.0059943817490235585,-3.0563780960407687,10,0.000000000000000000e+00,zone_bc_work_m_v1,0,1610,1,652,0
2,119,10,0.0036821315644091079,-0.1697609068082096,0.62557247206742361,1.570288878725667,-0.0060682126447535456,-3.058162273525781,10,0.000000000000000000e+00,zone_bc_work_m_v1,0,1610,1,652,0
2,119,11,-0.026234887996792633,-0.169760997615679,0.62782354057991718,1.5702911012183318,-0.0061595168036607806,-3.0597517672908427,10,0.000000000000000000e+00,zone_bc_work_m_v1,0,1610,1,652,0
2,119,12,-0.056151907766695874,-0.16976108841909532,0.63007460656629721,1.5702936130492984,-0.0062508250122921272,-3.0613412654448928,10,0.000000000000000000e+00,zone_bc_work_m_v1,0,1610,1,652,0
2,119,13,-0.054725875685347702,-0.13976111474645109,0.63015944757195397,1.5702943954593491,-0.0062773001480083135,-3.0618021359445642,10,0.000000000000000000e+00,zone_bc_work_m_v1,0,1610,1,652,0
2,119,14,-0.02480864730505794,-0.13976101199077243,0.62790836536138495,1.570291479581376,-0.0061739712871109464,-3.0600033956992969,10,0.000000000000000000e+00,zone_bc_work_m_v1,0,1610,1,652,0
2,119,15,0.005108580809187302,-0.13976090922983334,0.62565727991575204,1.5702889342383863,-0.0060706474027034663,-3.0582046606796198,10,0.000000000000000000e+00,zone_bc_work_m_v1,0,1610,1,652,0
2,119,16,0.035018926606259715,-0.13976084460327129,0.62332205785978545,1.5702818361893911,-0.006005187987439653,-3.0561264811679445,10,0.000000000000000000e+00,zone_bc_work_m_v1,0,1610,1,652,0
2,119,17,0.064888090042052315,-0.1397610081157748,0.62048337935453901,1.5702447493163418,-0.0061660815122448476,-3.0523760584913813,10,0.000000000000000000e+00,zone_bc_work_m_v1,0,1610,1,652,0
2,119,18,0.094757252233642175,-0.13976117148512551,0.61764468681421414,1.5702064617085494,-0.0063266366514067585,-3.0486256073358877,10,0.000000000000000000e+00,zone_bc_work_m_v1,0,1610,1,652,0
2,119,19,0.089548966829800625,-0.10976108369944895,0.61830904246918272,1.5702271886432131,-0.0062403881580639364,-3.0506413081459929,10,0.000000000000000000e+00,zone_bc_work_m_v1,0,1610,1,652,0
2,119,20,0.059680551408005211,-0.10976095296662555,0.62114766164095547,1.5702573958510602,-0.0061118374303106293,-3.0536413606080037,10,0.000000000000000000e+00,zone_bc_work_m_v1,0,1610,1,652,0
2,119,21,0.029812135207126333,-0.10976082214294887,0.62398627183058475,1.5702868340975416,-0.0059830723650220463,-3.0566413892403848,10,0.000000000000000000e+00,zone_bc_work_m_v1,0,1610,1,652,0
2,119,22,-0.00010500289637627169,-0.10976093865079459,0.62624170977898796,1.5702896251163865,-0.0061002284311211241,-3.0587196377507468,10,0.000000000000000000e+00,zone_bc_work_m_v1,0,1610,1,652,0
2,119,23,-0.030022502881816182,-0.10976105698773793,0.62849281624729281,1.5702927108275913,-0.0062192180458027213,-3.0607910561703986,10,0.000000000000000000e+00,zone_bc_work_m_v1,0,1610,1,652,0
2,119,24,-0.059940003215008364,-0.10976117531741442,0.63074391842492761,1.5702962879555862,-0.0063382133899403392,-3.0628624798803878,10,0.000000000000000000e+00,zone_bc_work_m_v1,0,1610,1,652,0
2,119,25,-0.05715235934395535,-0.079761220228703578,0.63072630734023549,1.5702977743656641,-0.0063833804266835159,-3.0636487123759997,10,0.000000000000000000e+00,zone_bc_work_m_v1,0,1610,1,652,0
2,119,26,-0.027234489935775041,-0.079761080758120134,0.62847517727184821,1.5702933899478528,-0.0062431211515707741,-3.0612071583851872,10,0.000000000000000000e+00,zone_bc_work_m_v1,0,1610,1,652,0
2,119,27,0.0026833789929958662,-0.079760941277227673,0.62622404124215536,1.5702896882686344,-0.0061028691976283689,-3.0587656105407821,10,0.000000000000000000e+00,zone_bc_work_m_v1,0,1610,1,652,0
2,119,28,0.032594420826459691,-0.07976074615991606,0.62389122945409881,1.5702906643744161,-0.0059071385560569567,-3.0561984026209634,10,0.000000000000000000e+00,zone_bc_work_m_v1,0,1610,1,652,0
2,119,29,0.062463181769924381,-0.079760206567348058,0.62105259118066536,1.5703187251344519,-0.0053679356708946635,-3.0528528308110254,10,0.000000000000000000e+00,zone_bc_work_m_v1,0,1610,1,652,0
2,119,30,0.092331941734719702,-0.079759667075013807,0.61821394146311659,1.5703503781734818,-0.004829094050097904,-3.0495072325362291,10,0.000000000000000000e+00,zone_bc_work_m_v1,0,1610,1,652,0
2,119,31,0.087747702037791031,-0.049759491598713713,0.61881899733180568,1.5703614488932214,-0.0046538886702165438,-3.0484188899658591,10,0.000000000000000000e+00,zone_bc_work_m_v1,0,1610,1,652,0
2,119,32,0.05787821736524279,-0.049760148433568761,0.62165771518747459,1.5703219630397443,-0.0053098591409748153,-3.052492352934141,10,0.000000000000000000e+00,zone_bc_work_m_v1,0,1610,1,652,0
2,119,33,0.028008731232697315,-0.049760805418499941,0.62449641607866857,1.5702878020349311,-0.0059663694917846399,-3.0565657789653056,10,0.000000000000000000e+00,zone_bc_work_m_v1,0,1610,1,652,0
2,119,34,-0.0019084934409274723,-0.049760986939868114,0.62676169308424279,1.57029082491706,-0.0061487821646579732,-3.0595648940910936,10,0.000000000000000000e+00,zone_bc_work_m_v1,0,1610,1,652,0
2,119,35,-0.031826892046905364,-0.049761156760572786,0.62901286905923992,1.5702956944703903,-0.0063195513559910488,-3.0625376234033412,10,0.000000000000000000e+00,zone_bc_work_m_v1,0,1610,1,652,0
2,119,36,-0.061745291345943087,-0.049761326564984137,0.6312640361955314,1.5703015762156207,-0.006490328372769083,-3.0655103561229602,10,0.000000000000000000e+00,zone_bc_work_m_v1,0,1610,1,652,0
2,119,37,-0.058116785618885336,-0.019761427713410142,0.63118756713135649,1.5703080896240977,-0.006592253555511407,-3.0676648301115796,10,0.000000000000000000e+00,zone_bc_work_m_v1,0,1610,1,652,0
2,119,38,-0.028197592334233468,-0.019761215380144023,0.62893192986326307,1.5702976104835651,-0.0063785041796828867,-3.0635638308267401,10,0.000000000000000000e+00,zone_bc_work_m_v1,0,1610,1,652,0
2,119,39,0.001721630358336057,-0.01976099834503298,0.6266806900127232,1.570291120240785,-0.0061602501809228105,-3.0597645342031243,10,0.000000000000000000e+00,zone_bc_work_m_v1,0,1610,1,652,0
2,119,40,0.031631919156683175,-0.01976066685393393,0.62432146016093426,1.5702945629724372,-0.0058278741699138159,-3.0557067300831031,10,0.000000000000000000e+00,zone_bc_work_m_v1,0,1610,1,652,0
2,119,41,0.061502533113962032,-0.019759827259999231,0.62148265422410265,1.5703406043841528,-0.0049890575126463332,-3.050500671099313,10,0.000000000000000000e+00,zone_bc_work_m_v1,0,1610,1,652,0
2,119,42,0.091373144603691392,-0.0197589879246012,0.61864382058473233,1.5703953387920762,-0.0041511617272946832,-3.0452945725011547,10,0.000000000000000000e+00,zone_bc_work_m_v1,0,1610,1,652,0
2,119,43,0.087037486087120808,0.01024210369437854,0.61917043650063952,1.5704951609850641,-0.0030640924924525414,-3.0436184418510286,10,0.000000000000000000e+00,zone_bc_work_m_v1,0,1610,1,652,0
2,119,44,0.057172091180926365,0.010240431563708081,0.62206359238000675,1.5703565544183353,-0.0047306039453460791,-3.0488954626102212,10,0.000000000000000000e+00,zone_bc_work_m_v1,0,1610,1,652,0
2,119,45,0.027299480169947765,0.010239268652531738,0.62490257820871897,1.5702913866343289,-0.0058923334767344571,-3.0561065710265565,10,0.000000000000000000e+00,zone_bc_work_m_v1,0,1610,1,652,0
2,119,46,-0.0026174877721287793,0.010238901394629383,0.62719932784732879,1.5702939128837046,-0.0062610683918222776,-3.0615195793216867,10,0.000000000000000000e+00,zone_bc_work_m_v1,0,1610,1,652,0
2,119,47,-0.032537953570506373,0.010238613354097937,0.62945219184286461,1.5703046760044557,-0.0065508166671033319,-3.0666807244384127,10,0.000000000000000000e+00,zone_bc_work_m_v1,0,1610,1,652,0
2,119,48,-0.062456532655233321,0.010238434910009453,0.6317182992241922,1.5703201026234197,-0.0067308624878323897,-3.0709574976687186,10,0.000000000000000000e+00,zone_bc_work_m_v1,0,1610,1,652,0
2,119,49,-0.057529565490972878,0.040238375065400067,0.63154714657309541,1.5703256218935024,-0.0067912415498629919,-3.0723922062209992,10,0.000000000000000000e+00,zone_bc_work_m_v1,0,1610,1,652,0
2,119,50,-0.027611418399745791,0.040238535391720232,0.62928107693819657,1.5703112260844931,-0.0066294799737725008,-3.0685490273125979,10,0.000000000000000000e+00,zone_bc_work_m_v1,0,1610,1,652,0
2,119,51,0.0023090534022440767,0.040238826968146818,0.62702078185161703,1.5702962142056893,-0.0063359148573680635,-3.0628224686102401,10,0.000000000000000000e+00,zone_bc_work_m_v1,0,1610,1,652,0
2,119,52,0.032219881889430591,0.040239709216886001,0.62460435304880735,1.5703141086095314,-0.0054520738732373175,-3.0533750254133394,10,0.000000000000000000e+00,zone_bc_work_m_v1,0,1610,1,652,0
2,119,53,0.06209174451701438,0.040242116348008714,0.62173127671043604,1.5704963617132859,-0.0030514958451701713,-3.0436063104530935,10,0.000000000000000000e+00,zone_bc_work_m_v1,0,1610,1,652,0
2,119,54,0.091946417865076402,0.040245904228814321,0.61874574299452811,1.5708695152079772,0.00071796114188793503,-3.0400043236894683,10,0.000000000000000000e+00,zone_bc_work_m_v1,0,1610,1,652,0
2,119,55,0.08906048277316625,0.070247048115700567,0.61893513279491252,1.5709870177545033,0.0018557983851317239,-3.0391978243313682,10,0.000000000000000000e+00,zone_bc_work_m_v1,0,1610,1,652,0
2,119,56,0.059220919679005668,0.070246142822275287,0.62203976890389834,1.5708938725273107,0.00095530818979394638,-3.039836131037311,10,0.000000000000000000e+00,zone_bc_work_m_v1,0,1610,1,652,0
2,119,57,0.029362132567460231,0.070240308167849375,0.62504534414407154,1.5703488468850026,-0.0048538153546204832,-3.0496607758157732,10,0.000000000000000000e+00,zone_bc_work_m_v1,0,1610,1,652,0
2,119,58,-0.0005595156864317552,0.070238579461392558,0.62743412797359388,1.5703074873488636,-0.0065850142417245294,-3.067492892627206,10,0.000000000000000000e+00,zone_bc_work_m_v1,0,1610,1,652,0
2,119,59,-0.030477309549400422,0.070238433877422068,0.62970017686456459,1.5703201963829687,-0.0067319043117148869,-3.0709822510362801,10,0.000000000000000000e+00,zone_bc_work_m_v1,0,1610,1,652,0
2,119,60,-0.060395104323058391,0.070238288342366548,0.63196621359313554,1.5703339283812965,-0.0068787354609476381,-3.0744716720627552,10,0.000000000000000000e+00,zone_bc_work_m_v1,0,1610,1,652,0
2,119,61,-0.05639946291214426,0.10026763873708654,0.63150418532456776,1.572282728218179,0.02240884297111112,-3.075353082151,10,0.000000000000000000e+00,zone_bc_work_m_v1,0,1610,1,652,0
2,119,62,-0.026481340686095312,0.10026715669438559,0.62924300586958737,1.5723264669426542,0.021922589693942118,-3.0719026311920721,10,0.000000000000000000e+00,zone_bc_work_m_v1,0,1610,1,652,0
2,119,63,0.003436780657795957,0.10026667449300188,0.62698181431601674,1.5723668537986324,0.021436154084752523,-3.0684523484740582,10,0.000000000000000000e+00,zone_bc_work_m_v1,0,1610,1,652,0
2,119,64,0.033363240534387328,0.10025825446322646,0.62457425307096859,1.5720668066728054,0.013010407359316467,-3.0442474546900682,10,0.000000000000000000e+00,zone_bc_work_m_v1,0,1610,1,652,0
2,119,65,0.063211833983031651,0.10025142067667588,0.62151364401668618,1.5714344892440064,0.0062054428255473582,-3.0391130945633469,10,0.000000000000000000e+00,zone_bc_work_m_v1,0,1610,1,652,0
2,119,66,0.093051172279865035,0.10025053707111294,0.61840903711693651,1.5713462855726261,0.005326232325340019,-3.0387020340275539,30,0.000000000000000000e+00,zone_bc_work_m_v1,0,1610,1,652,0
2,119,67,0.091051494175105718,0.13025419357289686,0.61844695214864864,1.5717019100577869,0.0089655299134705491,-3.0409254853336232,10,0.000000000000000000e+00,zone_bc_work_m_v1,0,1610,1,652,0
2,119,68,0.061199134297329705,0.13025836109697803,0.6214539358404616,1.5720755371582178,0.013116704983182847,-3.0443719888030878,10,0.000000000000000000e+00,zone_bc_work_m_v1,0,1610,1,652,0
2,119,69,0.031313238647269426,0.13026425456046145,0.62421624014742516,1.5723934701239481,0.019006189765035986,-3.0577517250489135,10,0.000000000000000000e+00,zone_bc_work_m_v1,0,1610,1,652,0
2,119,70,0.0013918406399833216,0.13026617514641026,0.62648755407891066,1.5723864671592196,0.020933843513287087,-3.0657723977376214,10,0.000000000000000000e+00,zone_bc_work_m_v1,0,1610,1,652,0
2,119,71,-0.028528241322876013,0.1302669259724335,0.6287362818935438,1.5723462109714355,0.021689843484567373,-3.0702515927214558,10,0.000000000000000000e+00,zone_bc_work_m_v1,0,1610,1,652,0
2,119,72,-0.058446730791070989,0.13026745957549532,0.63099749091464041,1.5722993777370768,0.022228120117769867,-3.0740704922636835,10,0.000000000000000000e+00,zone_bc_work_m_v1,0,1610,1,652,0
2,119,73,-0.053745667918965401,0.16026710279143019,0.62998076657143653,1.5723311486785221,0.0218682142035731,-3.0715168769282055,10,0.000000000000000000e+00,zone_bc_work_m_v1,0,1610,1,652,0
2,119,74,-0.023826723828539231,0.16026650522650146,0.62771951520150926,1.5723802329856564,0.021265399168294508,-3.0672415009016838,10,0.000000000000000000e+00,zone_bc_work_m_v1,0,1610,1,652,0
2,119,75,0.0060967586799935969,0.16026556045349988,0.62552057660654736,1.5723947736974775,0.020316542163588913,-3.0630718327518345,10,0.000000000000000000e+00,zone_bc_work_m_v1,0,1610,1,652,0
2,119,76,0.036013431434105181,0.16026439476196955,0.62323088204137189,1.5723955471203912,0.019146734292342149,-3.0582564937152243,10,0.000000000000000000e+00,zone_bc_work_m_v1,0,1610,1,652,0
2,119,77,0.065898349333961548,0.16026222568032333,0.62051788372631045,1.5723475870609664,0.016973224348090232,-3.0504468789856016,10,0.000000000000000000e+00,zone_bc_work_m_v1,0,1610,1,652,0
2,119,78,0.095770921477991378,0.16025711442922339,0.61767651979978433,1.5719717054032483,0.0118741366235946,-3.0429252695215157,10,0.000000000000000000e+00,zone_bc_work_m_v1,0,1610,1,652,0
2,119,79,0.095195521726593624,0.19026165991765548,0.61729953297098239,1.5723295154498158,0.016406640803525718,-3.0484097588671899,10,0.000000000000000000e+00,zone_bc_work_m_v1,0,1610,1,652,0
2,119,80,0.065312892487285668,0.19026319160167399,0.62001236174312979,1.572373123059966,0.017940877887994144,-3.0539246864956726,10,0.000000000000000000e+00,zone_bc_work_m_v1,0,1610,1,652,0
2,119,81,0.035430260583530604,0.19026472343380779,0.62272515784579674,1.5723998617606636,0.019476238610267593,-3.0594398092628019,10,0.000000000000000000e+00,zone_bc_work_m_v1,0,1610,1,652,0
2,119,82,0.005509418560518009,0.19026542543766312,0.62494237291290056,1.5723961527405814,0.020180969033859908,-3.0624786871950258,10,0.000000000000000000e+00,zone_bc_work_m_v1,0,1610,1,652,0
2,119,83,-0.024412894649942229,0.19026609547297216,0.62714050670357024,1.5723877314387584,0.020853825664002512,-3.0654223519811223,10,0.000000000000000000e+00,zone_bc_work_m_v1,0,1610,1,652,0
2,119,84,-0.054334095820629091,0.1902667689837714,0.62936381507977524,1.5723592047901609,0.021531475519188215,-3.0691283552455855,10,0.000000000000000000e+00,zone_bc_work_m_v1,0,1610,1,652,0
2,119,85,0.12966947271769169,0.22026023158126437,0.6135464103248276,1.5722243843203896,0.014981700024891964,-3.0465560570482348,10,1.000000000000000000e+00,zone_bc_work_m_v1,0,1610,1,652,0
2,119,86,0.15748502061456415,0.22025489163927386,0.61084528572589736,1.57177397757159,0.0096598997843233558,-3.0407273718494441,30,0.000000000000000000e+00,zone_bc_work_m_v1,0,1610,1,652,0
2,119,87,0.16100520296322873,0.25025944163529829,0.61008782672585915,1.5721682985992262,0.014193421028604103,-3.0452262441494811,10,0.000000000000000000e+00,zone_bc_work_m_v1,0,1610,1,652,0
2,119,88,0.1311352256445244,0.25026188796023385,0.61291948943260299,1.5723370763408748,0.01663499640672117,-3.0492308719934877,30,0.000000000000000000e+00,zone_bc_work_m_v1,0,1610,1,652,0
2,119,89,0.13481771600872094,0.28026233782953075,0.61202652233671018,1.5723508961170962,0.017085553677880894,-3.0508506819860939,10,0.000000000000000000e+00,zone_bc_work_m_v1,0,1610,1,652,0
2,119,90,0.16463664955205215,0.28025944163529831,0.60930701573105805,1.5721682985992262,0.014193421028604103,-3.0452262441494811,30,0.000000000000000000e+00,zone_bc_work_m_v1,0,1610,1,652,0
2,119,91,0.16939047076711877,0.31026513215534735,0.60828427223675297,1.5726364888555273,0.019865898712942531,-3.0492208900945559,10,0.000000000000000000e+00,zone_bc_work_m_v1,0,1610,1,652,0
2,119,92,0.13951427635344515,0.31026309739282637,0.61104148595781194,1.5723923187496656,0.017844582419949573,-3.0523867517627545,30,0.000000000000000000e+00,zone_bc_work_m_v1,0,1610,1,652,0
2,119,93,0.11261367347480578,0.34026323141444426,0.61292496821200659,1.5723938677300271,0.017979019271728847,-3.052964732750798,10,0.000000000000000000e+00,zone_bc_work_m_v1,0,1610,1,652,0
2,119,94,0.1424899547823415,0.34026427164336653,0.61017456292334726,1.5725359144583826,0.019010840834893461,-3.0503361806813349,30,0.000000000000000000e+00,zone_bc_work_m_v1,0,1610,1,652,0
2,119,95,0.17236314785394624,0.34026507972872355,0.60740778370349024,1.5726303065430558,0.019813809714229524,-3.0492888498075299,30,0.000000000000000000e+00,zone_bc_work_m_v1,0,1610,1,652,0
2,119,96,0.17430139178554049,0.34026513215534737,0.6072282684160536,1.5726364888555273,0.019865898712942531,-3.0492208900945559,30,0.000000000000000000e+00,zone_bc_work_m_v1,0,1610,1,652,0
2,119,97,0.17939316982188447,0.37026979028315088,0.60613348471893402,1.5731169108447323,0.024500590036025782,-3.047149373779932,10,0.000000000000000000e+00,zone_bc_work_m_v1,0,1610,1,652,0
2,119,98,0.14952124731121241,0.37026643060854247,0.6089221336161238,1.5727614123569045,0.021158617530731672,-3.0489773158944868,30,0.000000000000000000e+00,zone_bc_work_m_v1,0,1610,1,652,0
2,119,99,0.11964788221782663,0.37026483737944949,0.61168894584391542,1.5725901230534269,0.019574087486079916,-3.050200633392989,30,0.000000000000000000e+00,zone_bc_work_m_v1,0,1610,1,652,0
2,119,100,0.12142809586480352,0.40026801896714048,0.61088085099379164,1.5729319511543869,0.022738352181174148,-3.0479375208905504,10,0.000000000000000000e+00,zone_bc_work_m_v1,0,1610,1,652,0
2,119,101,0.15129484429864992,0.4002688439709336,0.60805255845707873,1.5730177494474686,0.023559153014686585,-3.0475705371816417,30,0.000000000000000000e+00,zone_bc_work_m_v1,0,1610,1,652,0
2,119,102,0.18116159272001431,0.40026966892699073,0.60522426510461536,1.5731041496167708,0.024379862306203037,-3.0472033973807302,30,0.000000000000000000e+00,zone_bc_work_m_v1,0,1610,1,652,0
2,119,103,0.18555532496869631,0.40026979028315091,0.60480819149677578,1.5731169108447323,0.024500590036025782,-3.047149373779932,30,0.000000000000000000e+00,zone_bc_work_m_v1,0,1610,1,652,0
2,119,104,0.19249037086016219,0.43027338966888912,0.60331643522260148,1.5734668097340534,0.028084216678999185,-3.0467766963427709,10,0.000000000000000000e+00,zone_bc_work_m_v1,0,1610,1,652,0
2,119,105,0.16262474918172143,0.43027479750160497,0.60615551811875368,1.5735924627204221,0.029487047151553814,-3.0470355829941318,30,0.000000000000000000e+00,zone_bc_work_m_v1,0,1610,1,652,0
2,119,106,0.13275912749653029,0.4302762053086181,0.60899459895364461,1.5737173976933849,0.030889977369148891,-3.0472941382567065,30,0.000000000000000000e+00,zone_bc_work_m_v1,0,1610,1,652,0
2,119,107,0.13402532628632269,0.46028615568187092,0.60784364289356263,1.5744702327628377,0.040819701008799836,-3.0518060499899575,10,0.000000000000000000e+00,zone_bc_work_m_v1,0,1610,1,652,0
2,119,108,0.16389602671946646,0.46028311905463443,0.60504227706432445,1.5742652564689621,0.037786794108693345,-3.0500245220418662,10,0.000000000000000000e+00,zone_bc_work_m_v1,0,1610,1,652,0
2,119,109,0.19376631838148484,0.46028009235873552,0.6022367118827594,1.5740493571350789,0.034765103303577183,-3.0482735920725479,30,0.000000000000000000e+00,zone_bc_work_m_v1,0,1610,1,652,0
2,119,110,0.20040880748909484,0.46027941929725963,0.6016128148540294,1.5739999152897779,0.034093318046356291,-3.0478840977744905,30,0.000000000000000000e+00,zone_bc_work_m_v1,0,1610,1,652,0
2,119,111,0.20892705522262434,0.49027941929725966,0.59978047819620328,1.5739999152897779,0.034093318046356291,-3.0478840977744905,10,0.000000000000000000e+00,zone_bc_work_m_v1,0,1610,1,652,0
2,119,112,0.1790493478444779,0.49028657510085921,0.60253256595546756,1.5744909530893592,0.041239306514826879,-3.052215675127754,30,0.000000000000000000e+00,zone_bc_work_m_v1,0,1610,1,652,0
2,119,113,0.14915789502853194,0.49028867077693417,0.60510630192958703,1.5745893493220628,0.043336377106502511,-3.0542623802023772,30,0.000000000000000000e+00,zone_bc_work_m_v1,0,1610,1,652,0
2,119,114,0.11926644183361224,0.49029076645302078,0.60768002928997578,1.5746791844246717,0.045434206171698355,-3.0563090731634324,10,0.000000000000000000e+00,zone_bc_work_m_v1,0,1610,1,652,0
2,119,115,0.12960499323025321,0.52029187523172193,0.60535552616152755,1.5746944970049721,0.046546840184514826,-3.0580099067590663,10,0.000000000000000000e+00,zone_bc_work_m_v1,0,1610,1,652,0
2,119,116,0.15949512849648717,0.52029069585575016,0.60278187531163108,1.5746290609235754,0.045367536879102222,-3.0572817271456376,10,0.000000000000000000e+00,zone_bc_work_m_v1,0,1610,1,652,0
2,119,117,0.18938740912506602,0.5202893105769586,0.60023120262678609,1.5745529047449205,0.043982332092985743,-3.0563606312276477,30,0.000000000000000000e+00,zone_bc_work_m_v1,0,1610,1,652,0
2,119,118,0.21839423364009769,0.52028906254835006,0.59774297443784818,1.5747330270215407,0.043717317474366801,-3.0517569637439976,30,0.000000000000000000e+00,zone_bc_work_m_v1,0,1610,1,652,0
2,119,119,0.22896521657920021,0.55028906254835008,0.59546868309074374,1.5747330270215407,0.043717317474366801,-3.0517569637439976,10,0.000000000000000000e+00,zone_bc_work_m_v1,0,1610,1,652,0
2,119,120,0.19907890485808055,0.55028856159198913,0.59811335175303681,1.5745538344744401,0.043229769607008306,-3.0548638296528527,30,0.000000000000000000e+00,zone_bc_work_m_v1,0,1610,1,652,0
2,119,121,0.16918633082322554,0.55028870214162484,0.60066145922156344,1.5745203326095094,0.043373868785922864,-3.0559172928955105,30,0.000000000000000000e+00,zone_bc_work_m_v1,0,1610,1,652,0
2,119,122,0.13929053440414663,0.55028927580701992,0.60316476105268801,1.5745510578456146,0.043947559108660661,-3.056335296392763,10,0.000000000000000000e+00,zone_bc_work_m_v1,0,1610,1,652,0
2,120,1,0.2221208881545238,-0.52979711526988305,0.59694116999381319,1.566998925559461,-0.042139786164742343,-3.0516941164130245,10,0.000000000000000000e+00,zone_bc_work_m_v1,0,1610,1,652,0
2,120,2,0.1922365677959228,-0.52979797464426515,0.59958824943401035,1.5669788370877689,-0.04300158623701078,-3.0530216381969559,30,0.000000000000000000e+00,zone_bc_work_m_v1,0,1610,1,652,0
2,120,3,0.1623518506899595,-0.52980180320248282,0.60225897732543265,1.5668185905096708,-0.046834563541039653,-3.0568330696095787,30,0.000000000000000000e+00,zone_bc_work_m_v1,0,1610,1,652,0
2,120,4,0.13244684441116994,-0.52980260256304967,0.60466649657358762,1.5668391863879574,-0.047639371808001929,-3.058686768035181,30,0.000000000000000000e+00,zone_bc_work_m_v1,0,1610,1,652,0
2,120,5,0.10254020201183178,-0.52980315760636376,0.60705279120454514,1.5668749304823457,-0.048199869550500596,-3.0603827359748088,30,0.000000000000000000e+00,zone_bc_work_m_v1,0,1610,1,652,0
2,120,6,0.072633559377927259,-0.52980371257106473,0.60943908266487645,1.5669125751339035,-0.048760318214303711,-3.0620788384801259,10,0.000000000000000000e+00,zone_bc_work_m_v1,0,1610,1,652,0
2,120,7,0.042726916517525693,-0.52980426745450482,0.61182537095406164,1.5669521205211152,-0.049320710481867369,-3.0637750755125674,10,0.000000000000000000e+00,zone_bc_work_m_v1,0,1610,1,652,0
2,120,8,0.012819299949663243,-0.52980508478040533,0.6142027524145085,1.566988313756468,-0.050144257053943875,-3.0657649595990852,10,0.000000000000000000e+00,zone_bc_work_m_v1,0,1610,1,652,0
2,120,9,-0.01711038165083556,-0.52981185053660695,0.61637828817401008,1.5669675520003019,-0.056935594548257695,-3.0744097672705339,10,0.000000000000000000e+00,zone_bc_work_m_v1,0,1610,1,652,0
2,120,10,-0.047058442449268822,-0.52981411578850512,0.61821142954003006,1.5671032448403301,-0.059218230887669421,-3.0792727736331176,10,0.000000000000000000e+00,zone_bc_work_m_v1,0,1610,1,652,0
2,120,11,-0.034299072419049059,-0.49981073884397625,0.61908839435251883,1.5669628961834086,-0.055819237617044104,-3.0729886755508904,10,0.000000000000000000e+00,zone_bc_work_m_v1,0,1610,1,652,0
2,120,12,-0.0043743243665073095,-0.49980783243152299,0.61691300987107212,1.5669657198286422,-0.052901466680809639,-3.0692746279599068,10,0.000000000000000000e+00,zone_bc_work_m_v1,0,1610,1,652,0
2,120,13,0.025550422650485682,-0.49980492561081852,0.6147376031291758,1.5669902154092288,-0.049984570605248857,-3.0655616871476248,10,0.000000000000000000e+00,zone_bc_work_m_v1,0,1610,1,652,0
2,120,14,0.055458447133203803,-0.49980407407347388,0.61236047916412162,1.5669381221926526,-0.049125406959231288,-3.063183880237303,10,0.000000000000000000e+00,zone_bc_work_m_v1,0,1610,1,652,0
2,120,15,0.085365708545816377,-0.49980331613169415,0.60997414988468568,1.5668854891920012,-0.048359958482196985,-3.0608671880342402,10,0.000000000000000000e+00,zone_bc_work_m_v1,0,1610,1,652,0
2,120,16,0.11527296952514043,-0.49980255804184937,0.60758781469010081,1.5668364018178811,-0.047594414548667752,-3.0585507468459006,30,0.000000000000000000e+00,zone_bc_work_m_v1,0,1610,1,652,0
2,120,17,0.14517089002870276,-0.49980137781951506,0.60509309886130724,1.5668349560720451,-0.046408564970426669,-3.0564095799429158,30,0.000000000000000000e+00,zone_bc_work_m_v1,0,1610,1,652,0
2,120,18,0.17505364873762974,-0.4997995125284237,0.60242245411964679,1.5669109666858352,-0.044540940133734441,-3.0545526269761938,30,0.000000000000000000e+00,zone_bc_work_m_v1,0,1610,1,652,0
2,120,19,0.20493650503855498,-0.49979767850082679,0.59975336522622391,1.5669928626730227,-0.042705244653035379,-3.0527365773310304,30,0.000000000000000000e+00,zone_bc_work_m_v1,0,1610,1,652,0
2,120,20,0.21192563057752212,-0.49979711526988307,0.59913457484797183,1.566998925559461,-0.042139786164742343,-3.0516941164130245,30,0.000000000000000000e+00,zone_bc_work_m_v1,0,1610,1,652,0
2,120,21,0.20318532611927709,-0.46978473141834859,0.60101589434816316,1.5679485505342803,-0.029782628060122773,-3.046249509209042,10,0.000000000000000000e+00,zone_bc_work_m_v1,0,1610,1,652,0
2,120,22,0.17331846341369306,-0.46979111345237357,0.60387065988950905,1.5674483091825686,-0.036149331275838748,-3.0492194586664634,30,0.000000000000000000e+00,zone_bc_work_m_v1,0,1610,1,652,0
2,120,23,0.14343450841061967,-0.46979611620552564,0.6065470980726283,1.5671337896871012,-0.041147915033591165,-3.052792227033327,30,0.000000000000000000e+00,zone_bc_work_m_v1,0,1610,1,652,0
2,120,24,0.11355000249629343,-0.46980107462425058,0.60921776416745521,1.5668595308593649,-0.046106034299851162,-3.056383081745214,30,0.000000000000000000e+00,zone_bc_work_m_v1,0,1610,1,652,0
2,120,25,0.083646336582186676,-0.46980303985095184,0.61166232939272713,1.5668671879293692,-0.048080954262890607,-3.0600228962433755,30,0.000000000000000000e+00,zone_bc_work_m_v1,0,1610,1,652,0
2,120,26,0.053737742737739458,-0.46980423506017782,0.61404874403543008,1.56694975943235,-0.049287993924284512,-3.0636760378170322,10,0.000000000000000000e+00,zone_bc_work_m_v1,0,1610,1,652,0
2,120,27,0.023821329119524393,-0.4698057765773469,0.61632367498892515,1.5669808026278189,-0.050838348098434016,-3.0666484895796038,10,0.000000000000000000e+00,zone_bc_work_m_v1,0,1610,1,652,0
2,120,28,-0.0061020685642918515,-0.46980762755096905,0.61849903467546663,1.5669667367749498,-0.052695832794495967,-3.0690128793770381,10,0.000000000000000000e+00,zone_bc_work_m_v1,0,1610,1,652,0
2,120,29,-0.0360254666715627,-0.46980947836183101,0.62067438533580854,1.5669614578944646,-0.05455367774958475,-3.0713777145895351,10,0.000000000000000000e+00,zone_bc_work_m_v1,0,1610,1,652,0
2,120,30,-0.065948865170183835,-0.46981132898481809,0.62284972696896701,1.5669649722370402,-0.056411833160230573,-3.0737430256161189,10,0.000000000000000000e+00,zone_bc_work_m_v1,0,1610,1,652,0
2,120,31,-0.050249719416182836,-0.43980945654831183,0.62316890603409769,1.5669614689162734,-0.054531778372476802,-3.0713498387713511,10,0.000000000000000000e+00,zone_bc_work_m_v1,0,1610,1,652,0
2,120,32,-0.020326951732805298,-0.43980809889039352,0.62099357459765714,1.5669645583033267,-0.05316891484681574,-3.0696150590684592,10,0.000000000000000000e+00,zone_bc_work_m_v1,0,1610,1,652,0
2,120,33,0.0095958157271074374,-0.43980674114145141,0.61881823830402716,1.5669723768625894,-0.051806238356121082,-3.0678805232083932,10,0.000000000000000000e+00,zone_bc_work_m_v1,0,1610,1,652,0
2,120,34,0.03951858295088595,-0.43980538331140007,0.6166428971536555,1.5669849221005359,-0.050443768550164636,-3.0661462192005562,10,0.000000000000000000e+00,zone_bc_work_m_v1,0,1610,1,652,0
2,120,35,0.069436106453869995,-0.43980319008557173,0.61434716347616247,1.5668770811214985,-0.048232668916784904,-3.0604819896615885,10,0.000000000000000000e+00,zone_bc_work_m_v1,0,1610,1,652,0
2,120,36,0.099334937016205771,-0.43979493719543483,0.61178706489924062,1.5672042223905698,-0.039969510000294362,-3.0519382056123381,10,0.000000000000000000e+00,zone_bc_work_m_v1,0,1610,1,652,0
2,120,37,0.129207441872075,-0.43978975306510876,0.60898920945164436,1.5675517876196234,-0.034791824719553555,-3.0485868181622235,30,0.000000000000000000e+00,zone_bc_work_m_v1,0,1610,1,652,0
2,120,38,0.15907237029763777,-0.43978749549397583,0.60613449061663216,1.5677272790408314,-0.032539498349478668,-3.0475364432372971,30,0.000000000000000000e+00,zone_bc_work_m_v1,0,1610,1,652,0
2,120,39,0.18893729861506348,-0.43978523794512581,0.60327976554198648,1.5679074736839129,-0.030287770144430404,-3.0464854210116497,30,0.000000000000000000e+00,zone_bc_work_m_v1,0,1610,1,652,0
2,120,40,0.195638168798145,-0.43978473141834856,0.60263924273306535,1.5679485505342803,-0.029782628060122773,-3.046249509209042,30,0.000000000000000000e+00,zone_bc_work_m_v1,0,1610,1,652,0
2,120,41,0.1880910114770129,-0.40978473141834854,0.60426259111796754,1.5679485505342803,-0.029782628060122773,-3.046249509209042,10,0.000000000000000000e+00,zone_bc_work_m_v1,0,1610,1,652,0
2,120,42,0.1582269895694508,-0.4097839050085742,0.60711732643529692,1.5680317916903106,-0.028960043150796366,-3.0464072552716934,30,0.000000000000000000e+00,zone_bc_work_m_v1,0,1610,1,652,0
2,120,43,0.12836296765960187,-0.40978307856585755,0.6099720610426248,1.5681147724017253,-0.028137419735359215,-3.0465648565433305,30,0.000000000000000000e+00,zone_bc_work_m_v1,0,1610,1,652,0
2,120,44,0.098497055808095979,-0.40978234431804195,0.61282193289746834,1.5682277188712779,-0.027410283941193825,-3.0481440403767714,30,0.000000000000000000e+00,zone_bc_work_m_v1,0,1610,1,652,0
2,120,45,0.068623170786324739,-0.40978199789860814,0.61565126681751514,1.5684650961933495,-0.027083672530509029,-3.0557185582497257,10,0.000000000000000000e+00,zone_bc_work_m_v1,0,1610,1,652,0
2,120,46,0.038715013416009469,-0.4097821686531905,0.61801742477293908,1.5685313466148751,-0.02726070260978708,-3.0586867851924997,10,0.000000000000000000e+00,zone_bc_work_m_v1,0,1610,1,652,0
2,120,47,0.008793918822827429,-0.40978253507610501,0.62020873945163313,1.5685349633823478,-0.027628807286248724,-3.0599161797400054,10,0.000000000000000000e+00,zone_bc_work_m_v1,0,1610,1,652,0
2,120,48,-0.021127175896398898,-0.40978290148939672,0.6224000524892368,1.5685394831562283,-0.027996937883195017,-3.0611456050109789,10,0.000000000000000000e+00,zone_bc_work_m_v1,0,1610,1,652,0
2,120,49,-0.051048270738642154,-0.40978326789216069,0.62459136388552272,1.5685449060844587,-0.028365091882372351,-3.0623750608276299,10,0.000000000000000000e+00,zone_bc_work_m_v1,0,1610,1,652,0
2,120,50,-0.061771836873379504,-0.37978369632080267,0.62624625612503693,1.568552392915942,-0.028795609155688462,-3.0638127303884035,10,0.000000000000000000e+00,zone_bc_work_m_v1,0,1610,1,652,0
2,120,51,-0.031850435474313654,-0.37978323837828576,0.62405492496589077,1.5685444358110345,-0.028335435724665237,-3.0622760252108545,10,0.000000000000000000e+00,zone_bc_work_m_v1,0,1610,1,652,0
2,120,52,-0.0019290342630740032,-0.37978278041802288,0.62186359124238455,1.5685378898032916,-0.027875295234429442,-3.0607393674959447,10,0.000000000000000000e+00,zone_bc_work_m_v1,0,1610,1,652,0
2,120,53,0.027992366754427289,-0.37978232244178078,0.61967225495495037,1.5685327546153787,-0.027415192602784355,-3.0592027575908523,10,0.000000000000000000e+00,zone_bc_work_m_v1,0,1610,1,652,0
2,120,54,0.057909465257291126,-0.37978180328134714,0.61742774800531786,1.5685298206474667,-0.026893790428290432,-3.0575049108063026,10,0.000000000000000000e+00,zone_bc_work_m_v1,0,1610,1,652,0
2,120,55,0.087779274191784884,-0.37978061176515748,0.61459883486030564,1.5685407047487798,-0.025698393779490791,-3.0540344043518601,10,0.000000000000000000e+00,zone_bc_work_m_v1,0,1610,1,652,0
2,120,56,0.11764908209444735,-0.37977942026706224,0.61176990828196487,1.56855985681762,-0.024503465686584569,-3.0505640527216675,30,0.000000000000000000e+00,zone_bc_work_m_v1,0,1610,1,652,0
2,120,57,0.14751888889532427,-0.3797782288111512,0.60894096827586508,1.568587271014295,-0.023309071421617089,-3.0470938544916506,30,0.000000000000000000e+00,zone_bc_work_m_v1,0,1610,1,652,0
2,120,58,0.17738477870502689,-0.37977558014541518,0.60606605792447255,1.5687542616559615,-0.020663540831926008,-3.0430808461186278,30,0.000000000000000000e+00,zone_bc_work_m_v1,0,1610,1,652,0
2,120,59,0.18171241447738606,-0.37977474667959743,0.60563517851573545,1.5688213751403211,-0.019832466899563084,-3.0423315400046569,30,0.000000000000000000e+00,zone_bc_work_m_v1,0,1610,1,652,0
2,120,60,0.17650834060486509,-0.3497747466795974,0.60675429347829635,1.5688213751403211,-0.019832466899563084,-3.0423315400046569,10,0.000000000000000000e+00,zone_bc_work_m_v1,0,1610,1,652,0
2,120,61,0.14665423755891172,-0.34977665593231066,0.60972678386087453,1.5686694712258429,-0.021736425939429038,-3.0440478329486336,30,0.000000000000000000e+00,zone_bc_work_m_v1,0,1610,1,652,0
2,120,62,0.11679000864483746,-0.34977837240189769,0.61261309841072464,1.5685835294023218,-0.023452988875442005,-3.0475120732880501,30,0.000000000000000000e+00,zone_bc_work_m_v1,0,1610,1,652,0
2,120,63,0.086919049324988062,-0.34977996076251255,0.61544213085551702,1.5685501446191585,-0.025045458631318462,-3.0521382890926168,30,0.000000000000000000e+00,zone_bc_work_m_v1,0,1610,1,652,0
2,120,64,0.057048088103455408,-0.34978154917867588,0.61827113943217393,1.5685314479141281,-0.026638824481830747,-3.0567647786630658,10,0.000000000000000000e+00,zone_bc_work_m_v1,0,1610,1,652,0
2,120,65,0.027137514340575208,-0.34978237733133322,0.62060440280987839,1.5685332956695626,-0.027470334060820445,-3.0593869188133653,10,0.000000000000000000e+00,zone_bc_work_m_v1,0,1610,1,652,0
2,120,66,-0.002784397207110656,-0.349782987858272,0.62279577561257526,1.5685406800811514,-0.028083716560509453,-3.0614354076916732,10,0.000000000000000000e+00,zone_bc_work_m_v1,0,1610,1,652,0
2,120,67,-0.032706309094345576,-0.34978359835539047,0.62498714385835263,1.5685505720032644,-0.028697162383178876,-3.0634839812573196,10,0.000000000000000000e+00,zone_bc_work_m_v1,0,1610,1,652,0
2,120,68,-0.062628221307120979,-0.34978420881850297,0.6271785075462154,1.5685629720663281,-0.029310659875853462,-3.0655326386876158,10,0.000000000000000000e+00,zone_bc_work_m_v1,0,1610,1,652,0
2,120,69,-0.040495008955913514,-0.31978452995005147,0.62642708497142974,1.5685705023628858,-0.029633419588174892,-3.0666104102404388,10,0.000000000000000000e+00,zone_bc_work_m_v1,0,1610,1,652,0
2,120,70,-0.010572075844288653,-0.31978361457705967,0.62423565326352637,1.5685508690571071,-0.028713463606908629,-3.0635384170515625,10,0.000000000000000000e+00,zone_bc_work_m_v1,0,1610,1,652,0
2,120,71,0.019350856536198391,-0.31978269912735569,0.62204421130712839,1.5685368753180216,-0.027793623108227195,-3.0604666123827142,10,0.000000000000000000e+00,zone_bc_work_m_v1,0,1610,1,652,0
2,120,72,0.04926733125215299,-0.31978159297948705,0.619769849811174,1.5685311405776203,-0.026682772754606177,-3.0568923580094505,10,0.000000000000000000e+00,zone_bc_work_m_v1,0,1610,1,652,0
2,120,73,0.079140596038464794,-0.31977921116741276,0.61694065271472098,1.5685640703234012,-0.024293813631101724,-3.0499550352657026,10,0.000000000000000000e+00,zone_bc_work_m_v1,0,1610,1,652,0
2,120,74,0.1090089517256454,-0.31977713525130042,0.61407601416696356,1.5686323587781164,-0.022214518928264981,-3.0444786152986714,10,0.000000000000000000e+00,zone_bc_work_m_v1,0,1610,1,652,0
2,120,75,0.13886236801786866,-0.31977599055443362,0.6111035773148048,1.5687216703628815,-0.021072818245534197,-3.0434497707866646,30,0.000000000000000000e+00,zone_bc_work_m_v1,0,1610,1,652,0
2,120,76,0.16871578420532951,-0.31977484592323141,0.60813113808610308,1.568813318584684,-0.019931419110613913,-3.0424207686847162,30,0.000000000000000000e+00,zone_bc_work_m_v1,0,1610,1,652,0
2,120,77,0.17130426673234411,-0.31977474667959738,0.60787340844085713,1.5688213751403211,-0.019832466899563084,-3.0423315400046569,30,0.000000000000000000e+00,zone_bc_work_m_v1,0,1610,1,652,0
2,120,78,0.16610019285982314,-0.28977474667959735,0.60899252340341803,1.5688213751403211,-0.019832466899563084,-3.0423315400046569,10,0.000000000000000000e+00,zone_bc_work_m_v1,0,1610,1,652,0
2,120,79,0.13624707070745723,-0.28977556398573784,0.61196494070385099,1.5687555510842732,-0.020647426333485264,-3.0430663192940464,30,0.000000000000000000e+00,zone_bc_work_m_v1,0,1610,1,652,0
2,120,80,0.10639394850097839,-0.28977638132613648,0.6149373567926345,1.568690918286693,-0.021462540692960941,-3.0438010172029957,30,0.000000000000000000e+00,zone_bc_work_m_v1,0,1610,1,652,0
2,120,81,0.076540826241725757,-0.28977719869930152,0.61790977166966798,1.5686274769339117,-0.022277807719621068,-3.0445356357085633,30,0.000000000000000000e+00,zone_bc_work_m_v1,0,1610,1,652,0
2,120,82,0.046667925074015182,-0.28978089895119952,0.62077787217147895,1.568537324943259,-0.025986475471799775,-3.0548708736032308,10,0.000000000000000000e+00,zone_bc_work_m_v1,0,1610,1,652,0
2,120,83,0.016751599417587082,-0.28978334600295985,0.62310410964349239,1.5685461789888047,-0.028443580255766543,-3.0626371685600313,10,0.000000000000000000e+00,zone_bc_work_m_v1,0,1610,1,652,0
2,120,84,-0.013173314572268113,-0.28978498072539627,0.62530426563462427,1.5685884410624422,-0.030086970147179093,-3.0683293721032778,10,0.000000000000000000e+00,zone_bc_work_m_v1,0,1610,1,652,0
2,120,85,-0.043093352750222635,-0.28978573648868972,0.62754295987809683,1.5686464766743935,-0.030849168067504484,-3.0720049550738553,10,0.000000000000000000e+00,zone_bc_work_m_v1,0,1610,1,652,0
2,120,86,-0.046712635050846441,-0.25978650359942013,0.62875151624127756,1.5687111314232083,-0.031622799961745773,-3.0757373167434952,10,0.000000000000000000e+00,zone_bc_work_m_v1,0,1610,1,652,0
2,120,87,-0.016793322547922651,-0.2597858978431673,0.6265128819081246,1.568659595075707,-0.031011896104883974,-3.0727898866331831,10,0.000000000000000000e+00,zone_bc_work_m_v1,0,1610,1,652,0
2,120,88,0.01312598932591702,-0.25978529192174449,0.62427423855260156,1.5686116577637894,-0.03040081527254479,-3.0698426616353003,10,0.000000000000000000e+00,zone_bc_work_m_v1,0,1610,1,652,0
2,120,89,0.043053065480515018,-0.25977078861003333,0.62183482752201569,1.5692020388330394,-0.015892073740187529,-3.0416032182549344,10,0.000000000000000000e+00,zone_bc_work_m_v1,0,1610,1,652,0
2,120,90,0.07290145825173866,-0.25976990779257353,0.61882098329085966,1.5692875299723972,-0.015015303484197107,-3.0414410639963942,10,0.000000000000000000e+00,zone_bc_work_m_v1,0,1610,1,652,0
2,120,91,0.10274985102041656,-0.25976902697717352,0.61580713825304345,1.5693733030844998,-0.014138575111781737,-3.0412787629646343,30,0.000000000000000000e+00,zone_bc_work_m_v1,0,1610,1,652,0
2,120,92,0.13259824378634955,-0.25976814616490423,0.61279329240857083,1.5694593584332925,-0.01326188910211612,-3.0411163146130531,30,0.000000000000000000e+00,zone_bc_work_m_v1,0,1610,1,652,0
2,120,93,0.16243747699422206,-0.25976726562712882,0.60978037061455559,1.5695456697461156,-0.01238551494289486,-3.0409537683130368,30,0.000000000000000000e+00,zone_bc_work_m_v1,0,1610,1,652,0
2,120,94,0.15914591347229345,-0.22976726562712879,0.61048810023552347,1.5695456697461156,-0.01238551494289486,-3.0409537683130368,10,0.000000000000000000e+00,zone_bc_work_m_v1,0,1610,1,652,0
2,120,95,0.12929704736989933,-0.22976630409750529,0.61350201746441291,1.5696496222833785,-0.011429520164919049,-3.0415967400885453,30,0.000000000000000000e+00,zone_bc_work_m_v1,0,1610,1,652,0
2,120,96,0.099448181226213572,-0.22976534249050384,0.61651593335504629,1.5697523504364015,-0.010473330807104331,-3.0422394994821853,30,0.000000000000000000e+00,zone_bc_work_m_v1,0,1610,1,652,0
2,120,97,0.069594733745264481,-0.22976322188755097,0.61949445392132574,1.5699769670250006,-0.00836449928783356,-3.043946202804293,10,0.000000000000000000e+00,zone_bc_work_m_v1,0,1610,1,652,0
2,120,98,0.039722610805497105,-0.22976094245187603,0.62236691969109537,1.5702597911015674,-0.006101492710244516,-3.0538825607826112,10,0.000000000000000000e+00,zone_bc_work_m_v1,0,1610,1,652,0
2,120,99,0.0098126141337391282,-0.22976088121438723,0.62472691358914878,1.5702883046001022,-0.0060424803938869953,-3.0577142923546026,10,0.000000000000000000e+00,zone_bc_work_m_v1,0,1610,1,652,0
2,120,100,-0.020104106376163999,-0.2297609548838547,0.62697795821517033,1.570290019314333,-0.006116550195061965,-3.0590037803877541,10,0.000000000000000000e+00,zone_bc_work_m_v1,0,1610,1,652,0
2,120,101,-0.050020827025287096,-0.22976102855076158,0.62922900117881286,1.5702919244441755,-0.0061906229817425551,-3.0602932719128875,10,0.000000000000000000e+00,zone_bc_work_m_v1,0,1610,1,652,0
2,120,102,0.12849327365488761,-0.19976501940062544,0.61395856254056458,1.5697865894492731,-0.010152034857815018,-3.0424554012932878,10,1.000000000000000000e+00,zone_bc_work_m_v1,0,1610,1,652,0
2,120,103,0.15585434995036462,-0.19976726562712877,0.61119582985649124,1.5695456697461156,-0.01238551494289486,-3.0409537683130368,30,0.000000000000000000e+00,zone_bc_work_m_v1,0,1610,1,652,0
2,120,104,0.15305703131024351,-0.16976216852129083,0.61179693314943573,1.5700826897809481,-0.0073164137108587823,-3.0443601643639333,10,0.000000000000000000e+00,zone_bc_work_m_v1,0,1610,1,652,0
2,120,105,0.12319805663866812,-0.16976169948485806,0.61470930404930391,1.5701328235514507,-0.006850027770323619,-3.0450317225308283,30,0.000000000000000000e+00,zone_bc_work_m_v1,0,1610,1,652,0
2,120,106,0.12462453807536811,-0.13976145757268821,0.61479175463383273,1.5701584355091187,-0.0066094582239983879,-3.0453780484592601,10,0.000000000000000000e+00,zone_bc_work_m_v1,0,1610,1,652,0
2,120,107,0.15117041582176061,-0.13976216852129081,0.61220253335701258,1.5700826897809481,-0.0073164137108587823,-3.0443601643639333,30,0.000000000000000000e+00,zone_bc_work_m_v1,0,1610,1,652,0
2,120,108,0.14928380033327793,-0.10976216852129075,0.61260813356458932,1.5700826897809481,-0.0073164137108587823,-3.0443601643639333,10,0.000000000000000000e+00,zone_bc_work_m_v1,0,1610,1,652,0
2,120,109,0.11941738143210001,-0.10976121433965057,0.61547041431886085,1.5701962140118408,-0.0063687193680259657,-3.0476412451484163,30,0.000000000000000000e+00,zone_bc_work_m_v1,0,1610,1,652,0
2,120,110,0.12220070066342292,-0.079759127692209747,0.61537528030657695,1.5703856202633673,-0.0042906407679292879,-3.0461616221692736,10,0.000000000000000000e+00,zone_bc_work_m_v1,0,1610,1,652,0
2,120,111,0.14811917715936906,-0.079757297814750452,0.61285877739532102,1.5705503548453306,-0.0024681379436082285,-3.0422616182202233,30,0.000000000000000000e+00,zone_bc_work_m_v1,0,1610,1,652,0
2,120,112,0.14747071506872778,-0.049757297814750433,0.61299818198016787,1.5705503548453306,-0.0024681379436082285,-3.0422616182202233,10,0.000000000000000000e+00,zone_bc_work_m_v1,0,1610,1,652,0
2,120,113,0.11761642306340847,-0.049758792857610701,0.61597341502227698,1.570410714852966,-0.0039566689537138267,-3.0444404785811106,30,0.000000000000000000e+00,zone_bc_work_m_v1,0,1610,1,652,0
2,120,114,0.12122905103387605,-0.019758082964952541,0.61568816917249181,1.5704762120026163,-0.003249789691565752,-3.0434059918044749,10,0.000000000000000000e+00,zone_bc_work_m_v1,0,1610,1,652,0
2,120,115,0.14682225297808671,-0.019757297814750399,0.61313758656501471,1.5705503548453306,-0.0024681379436082285,-3.0422616182202233,30,0.000000000000000000e+00,zone_bc_work_m_v1,0,1610,1,652,0
2,120,116,0.14674085627271394,0.010248858516051205,0.61315556588371811,1.5711767394319893,0.0036562407285953835,-3.0379206925188016,10,0.000000000000000000e+00,zone_bc_work_m_v1,0,1610,1,652,0
2,120,117,0.11689194275014003,0.010244548327654396,0.61619518480852709,1.570732809352247,-0.00063103070937198247,-3.0412738797282763,30,0.000000000000000000e+00,zone_bc_work_m_v1,0,1610,1,652,0
2,120,118,0.1217864540935758,0.040247484343794659,0.61564105722818929,1.5710323116792295,0.0022896700882599763,-3.038890170717635,10,0.000000000000000000e+00,zone_bc_work_m_v1,0,1610,1,652,0
2,120,119,0.14774023255450741,0.040248858516051228,0.61294071138700501,1.5711767394319893,0.0036562407285953835,-3.0379206925188016,30,0.000000000000000000e+00,zone_bc_work_m_v1,0,1610,1,652,0
2,120,120,0.14873960883630089,0.070248858516051255,0.6127258568902918,1.5711767394319893,0.0036562407285953835,-3.0379206925188016,10,0.000000000000000000e+00,zone_bc_work_m_v1,0,1610,1,652,0
2,120,121,0.11890004582599012,0.070247953347518405,0.61583049545700175,1.5710813066998965,0.0027561099157547009,-3.038559345547085,10,0.000000000000000000e+00,zone_bc_work_m_v1,0,1610,1,652,0
2,120,122,0.12289051055935674,0.10024965349795227,0.61530442926356366,1.5712573632442552,0.0044471319389465247,-3.0382908207129695,10,0.000000000000000000e+00,zone_bc_work_m_v1,0,1610,1,652,0
2,120,123,0.14973898511809414,0.10024885851605128,0.6125110023935787,1.5711767394319893,0.0036562407285953835,-3.0379206925188016,30,0.000000000000000000e+00,zone_bc_work_m_v1,0,1610,1,652,0
2,120,124,0.15073836139988761,0.13024885851605131,0.61229614789686548,1.5711767394319893,0.0036562407285953835,-3.0379206925188016,10,0.000000000000000000e+00,zone_bc_work_m_v1,0,1610,1,652,0
2,120,125,0.120898357597645,0.1302511766485473,0.6154008177415633,1.5714102018939582,0.0059626206992879904,-3.0389995873457756,10,0.000000000000000000e+00,zone_bc_work_m_v1,0,1610,1,652,0
2,120,126,0.12561961441548286,0.16025594151087338,0.61465572883053465,1.5718685793578349,0.010705610159392753,-3.041765630085961,10,0.000000000000000000e+00,zone_bc_work_m_v1,0,1610,1,652,0
2,120,127,0.15233928972909738,0.16025489163927381,0.61195160294491691,1.57177397757159,0.0096598997843233558,-3.0407273718494441,10,0.000000000000000000e+00,zone_bc_work_m_v1,0,1610,1,652,0
2,120,128,0.15491215517183088,0.19025489163927384,0.61139844433540713,1.57177397757159,0.0096598997843233558,-3.0407273718494441,10,0.000000000000000000e+00,zone_bc_work_m_v1,0,1610,1,652,0
2,120,129,0.12506241189476897,0.19025712991622884,0.61441933004067639,1.5719730489687249,0.01188956744038161,-3.042940579092595,10,0.000000000000000000e+00,zone_bc_work_m_v1,0,1610,1,652,0
