group_id,point_id,x,y,z,ra_mean,ra_std,ra_min,ra_max,num_samples,success,execution_message,validated_at
106,1,0.0038969823037071,-0.2846963872574,0.3850587669533813,0.0687581300735473,0.0,0.0687581300735473,0.0687581300735473,1,True,"Success (standoff NOT corrected: out of range on the far side (seek disabled) (err n/a, 0 steps, travel 0.0 mm))",2026-09-14 14:17:25
106,2,-0.0260122414524444,-0.2847806312944484,0.3853272896299156,0.2584144473075866,0.0,0.2584144473075866,0.2584144473075866,1,True,"Success (standoff NOT corrected: out of range on the far side (seek disabled) (err n/a, 0 steps, travel 0.0 mm))",2026-09-14 14:17:32
106,3,-0.0559214663627576,-0.2848648827137134,0.385595509850005,0.2116161584854126,0.0,0.2116161584854126,0.2116161584854126,1,True,"Success (standoff NOT corrected: out of range on the far side (seek disabled) (err n/a, 0 steps, travel 0.0 mm))",2026-09-14 14:17:39
106,4,-0.0858100651922622,-0.2848480954211398,0.3858601027903006,0.0638273358345031,0.0,0.0638273358345031,0.0638273358345031,1,True,"Success (standoff NOT corrected: out of range on the far side (seek disabled) (err n/a, 0 steps, travel 0.0 mm))",2026-09-14 14:17:45
106,5,-0.1156829273935937,-0.2847542269232954,0.386121706717424,0.0789794325828552,0.0,0.0789794325828552,0.0789794325828552,1,True,"Success (standoff NOT corrected: out of range on the far side (seek disabled) (err n/a, 0 steps, travel 0.0 mm))",2026-09-14 14:17:52
106,6,-0.1455557931280087,-0.2846603753817971,0.3863828170546446,0.0930178165435791,0.0,0.0930178165435791,0.0930178165435791,1,True,"Success (standoff NOT corrected: out of range on the far side (seek disabled) (err n/a, 0 steps, travel 0.0 mm))",2026-09-14 14:17:58
106,7,-0.1754286642618727,-0.284566542187272,0.386643433868583,0.4281914234161377,0.0,0.4281914234161377,0.4281914234161377,1,True,"Success (standoff NOT corrected: out of range on the far side (seek disabled) (err n/a, 0 steps, travel 0.0 mm))",2026-09-14 14:18:05
106,8,-0.2052835847025627,-0.2845076242566824,0.3871747023929195,0.0768586993217468,0.0,0.0768586993217468,0.0768586993217468,1,True,"Success (standoff NOT corrected: out of range on the far side (seek disabled) (err n/a, 0 steps, travel 0.0 mm))",2026-09-14 14:18:11
106,9,-0.2351148254676576,-0.2844947550532571,0.3880631498813953,0.0745323300361633,0.0,0.0745323300361633,0.0745323300361633,1,True,"Success (standoff NOT corrected: out of range on the far side (seek disabled) (err n/a, 0 steps, travel 0.0 mm))",2026-09-14 14:18:17
106,10,-0.2649460769147389,-0.2844819030700022,0.3889511106589557,0.0566685199737548,0.0,0.0566685199737548,0.0566685199737548,1,True,"Success (standoff NOT corrected: out of range on the far side (seek disabled) (err n/a, 0 steps, travel 0.0 mm))",2026-09-14 14:18:23
106,11,-0.2947773413160128,-0.2844690684948743,0.3898385847855278,0.0739309191703796,0.0,0.0739309191703796,0.0739309191703796,1,True,"Success (standoff NOT corrected: out of range on the far side (seek disabled) (err n/a, 0 steps, travel 0.0 mm))",2026-09-14 14:18:29
106,12,-0.3246086209433088,-0.2844562515153214,0.3907255723352625,0.1007613539695739,0.0,0.1007613539695739,0.1007613539695739,1,True,"Success (standoff NOT corrected: out of range on the far side (seek disabled) (err n/a, 0 steps, travel 0.0 mm))",2026-09-14 14:18:35
106,13,-0.3540955809837467,-0.2846596584090856,0.3917487682907983,0.107676088809967,0.0,0.107676088809967,0.107676088809967,1,True,"Success (standoff NOT corrected: out of range on the far side (seek disabled) (err n/a, 0 steps, travel 0.0 mm))",2026-09-14 14:18:42
106,14,-0.3839099716828928,-0.284627357274777,0.3931666440714125,0.1441550254821777,0.0,0.1441550254821777,0.1441550254821777,1,True,"Success (standoff NOT corrected: out of range on the far side (seek disabled) (err n/a, 0 steps, travel 0.0 mm))",2026-09-14 14:18:48
106,15,-0.4078280685475064,-0.2845833639032198,0.3943123832412604,0.3460046648979187,0.0,0.3460046648979187,0.3460046648979187,1,True,"Success (standoff NOT corrected: out of range on the far side (seek disabled) (err n/a, 0 steps, travel 0.0 mm))",2026-09-14 14:18:54
106,16,-0.5259853154463798,-0.2564304204371871,0.4007068973360981,0.0701072812080383,0.0,0.0701072812080383,0.0701072812080383,1,True,"Success (standoff NOT corrected: out of range on the far side (seek disabled) (err n/a, 0 steps, travel 0.0 mm))",2026-09-14 14:19:03
106,17,-0.4966035729827991,-0.2554688847659059,0.3987364068128891,0.0737553834915161,0.0,0.0737553834915161,0.0737553834915161,1,True,"Success (standoff NOT corrected: out of range on the far side (seek disabled) (err n/a, 0 steps, travel 0.0 mm))",2026-09-14 14:19:10
106,18,-0.4669074033432465,-0.2551717662177872,0.396839802687044,0.0835302472114563,0.0,0.0835302472114563,0.0835302472114563,1,True,"Success (standoff NOT corrected: out of range on the far side (seek disabled) (err n/a, 0 steps, travel 0.0 mm))",2026-09-14 14:19:16
106,19,-0.437211304124895,-0.2548746161417269,0.3949402458503631,0.0850912928581237,0.0,0.0850912928581237,0.0850912928581237,1,True,"Success (standoff NOT corrected: out of range on the far side (seek disabled) (err n/a, 0 steps, travel 0.0 mm))",2026-09-14 14:19:22
106,20,-0.4075402865352664,-0.2547423515472619,0.3933572028843045,0.1053476333618164,0.0,0.1053476333618164,0.1053476333618164,1,True,"Success (standoff NOT corrected: out of range on the far side (seek disabled) (err n/a, 0 steps, travel 0.0 mm))",2026-09-14 14:19:28
106,21,-0.3778820244095511,-0.2546935626698362,0.3919337151711016,0.0997129082679748,0.0,0.0997129082679748,0.0997129082679748,1,True,"Success (standoff NOT corrected: out of range on the far side (seek disabled) (err n/a, 0 steps, travel 0.0 mm))",2026-09-14 14:19:34
106,22,-0.3481361988990581,-0.2546085472789902,0.3906814834813465,0.0720176100730896,0.0,0.0720176100730896,0.0720176100730896,1,True,"Success (standoff NOT corrected: out of range on the far side (seek disabled) (err n/a, 0 steps, travel 0.0 mm))",2026-09-14 14:19:40
106,23,-0.3183557403393815,-0.2545092030271952,0.389496661537133,0.068461000919342,0.0,0.068461000919342,0.068461000919342,1,True,"Success (standoff NOT corrected: out of range on the far side (seek disabled) (err n/a, 0 steps, travel 0.0 mm))",2026-09-14 14:19:47
106,24,-0.2885996100752015,-0.2544584245991637,0.3884323202662285,0.0684511661529541,0.0,0.0684511661529541,0.0684511661529541,1,True,"Success (standoff NOT corrected: out of range on the far side (seek disabled) (err n/a, 0 steps, travel 0.0 mm))",2026-09-14 14:19:53
106,25,-0.2588799467222609,-0.2544804594674472,0.3875487234580878,0.0545236468315124,0.0,0.0545236468315124,0.0545236468315124,1,True,"Success (standoff NOT corrected: out of range on the far side (seek disabled) (err n/a, 0 steps, travel 0.0 mm))",2026-09-14 14:19:59
106,26,-0.2291603223550895,-0.2545025457750069,0.3866636904079666,0.0798267126083374,0.0,0.0798267126083374,0.0798267126083374,1,True,"Success (standoff NOT corrected: out of range on the far side (seek disabled) (err n/a, 0 steps, travel 0.0 mm))",2026-09-14 14:20:05
106,27,-0.1994080770626682,-0.2545968934207629,0.3861045953303593,0.0632733106613159,0.0,0.0632733106613159,0.0632733106613159,1,True,"Success (standoff NOT corrected: out of range on the far side (seek disabled) (err n/a, 0 steps, travel 0.0 mm))",2026-09-14 14:20:12
106,28,-0.1696256398062019,-0.2547581153308115,0.3858469824959503,0.0595360994338989,0.0,0.0595360994338989,0.0595360994338989,1,True,"Success (standoff NOT corrected: out of range on the far side (seek disabled) (err n/a, 0 steps, travel 0.0 mm))",2026-09-14 14:20:18
106,29,-0.1398240200151692,-0.2548966348083422,0.3855870668129567,0.3676462173461914,0.0,0.3676462173461914,0.3676462173461914,1,True,"Success (standoff NOT corrected: out of range on the far side (seek disabled) (err n/a, 0 steps, travel 0.0 mm))",2026-09-14 14:20:25
106,30,-0.1098699993825487,-0.2548545069679502,0.3853197435304419,0.1576021313667297,0.0,0.1576021313667297,0.1576021313667297,1,True,"Success (standoff NOT corrected: out of range on the far side (seek disabled) (err n/a, 0 steps, travel 0.0 mm))",2026-09-14 14:20:31
106,31,-0.0799159792167241,-0.2548123808054706,0.3850523446309283,0.0622794032096862,0.0,0.0622794032096862,0.0622794032096862,1,True,"Success (standoff NOT corrected: out of range on the far side (seek disabled) (err n/a, 0 steps, travel 0.0 mm))",2026-09-14 14:20:38
106,32,-0.0499619594160514,-0.2547702564165008,0.3847848701158842,0.0578713417053222,0.0,0.0578713417053222,0.0578713417053222,1,True,"Success (standoff NOT corrected: out of range on the far side (seek disabled) (err n/a, 0 steps, travel 0.0 mm))",2026-09-14 14:20:44
106,33,-0.0200079398788839,-0.2547281338966295,0.3845173199871212,0.0653198361396789,0.0,0.0653198361396789,0.0653198361396789,1,True,"Success (standoff NOT corrected: out of range on the far side (seek disabled) (err n/a, 0 steps, travel 0.0 mm))",2026-09-14 14:20:51
106,34,0.0018076692933317,-0.2246958554579212,0.3835674032502911,0.1022031903266906,0.0,0.1022031903266906,0.1022031903266906,1,True,"Success (standoff NOT corrected: out of range on the far side (seek disabled) (err n/a, 0 steps, travel 0.0 mm))",2026-09-14 14:20:59
106,35,-0.0281612820411576,-0.2247239359192752,0.3838346890154123,0.0618839263916015,0.0,0.0618839263916015,0.0618839263916015,1,True,"Success (standoff NOT corrected: out of range on the far side (seek disabled) (err n/a, 0 steps, travel 0.0 mm))",2026-09-14 14:21:05
106,36,-0.0581302334430817,-0.2247520172580538,0.3841019411754905,0.0602957606315612,0.0,0.0602957606315612,0.0602957606315612,1,True,"Success (standoff NOT corrected: out of range on the far side (seek disabled) (err n/a, 0 steps, travel 0.0 mm))",2026-09-14 14:21:12
106,37,-0.088099184942558,-0.2247800994459374,0.3843691597298602,0.1235568523406982,0.0,0.1235568523406982,0.1235568523406982,1,True,"Success (standoff NOT corrected: out of range on the far side (seek disabled) (err n/a, 0 steps, travel 0.0 mm))",2026-09-14 14:21:18
106,38,-0.118068136569704,-0.2248081824546048,0.3846363446779238,0.1570150256156921,0.0,0.1570150256156921,0.1570150256156921,1,True,"Success (standoff NOT corrected: out of range on the far side (seek disabled) (err n/a, 0 steps, travel 0.0 mm))",2026-09-14 14:21:25
106,39,-0.1480370883546375,-0.2248362662557331,0.3849034960191513,0.2907800674438476,0.0,0.2907800674438476,0.2907800674438476,1,True,"Success (standoff NOT corrected: out of range on the far side (seek disabled) (err n/a, 0 steps, travel 0.0 mm))",2026-09-14 14:21:31
106,40,-0.1780060403274754,-0.2248643508209978,0.3851706137530805,0.2563256025314331,0.0,0.2563256025314331,0.2563256025314331,1,True,"Success (standoff NOT corrected: out of range on the far side (seek disabled) (err n/a, 0 steps, travel 0.0 mm))",2026-09-14 14:21:37
106,41,-0.2079749925183345,-0.224892436122073,0.3854376978793172,0.0627952814102172,0.0,0.0627952814102172,0.0627952814102172,1,True,"Success (standoff NOT corrected: out of range on the far side (seek disabled) (err n/a, 0 steps, travel 0.0 mm))",2026-09-14 14:21:44
106,42,-0.2374398525918017,-0.2245128903327124,0.3856873936251396,0.0623908638954162,0.0,0.0623908638954162,0.0623908638954162,1,True,"Success (standoff NOT corrected: out of range on the far side (seek disabled) (err n/a, 0 steps, travel 0.0 mm))",2026-09-14 14:21:50
106,43,-0.266637542843321,-0.2244603357495157,0.3866132732697076,0.056825578212738,0.0,0.056825578212738,0.056825578212738,1,True,"Success (standoff NOT corrected: out of range on the far side (seek disabled) (err n/a, 0 steps, travel 0.0 mm))",2026-09-14 14:21:56
106,44,-0.2965033590494128,-0.2245163942766831,0.3878004291762101,0.0654917955398559,0.0,0.0654917955398559,0.0654917955398559,1,True,"Success (standoff NOT corrected: out of range on the far side (seek disabled) (err n/a, 0 steps, travel 0.0 mm))",2026-09-14 14:22:02
106,45,-0.3263691839829046,-0.2245724581905901,0.388987277610722,0.0643402338027954,0.0,0.0643402338027954,0.0643402338027954,1,True,"Success (standoff NOT corrected: out of range on the far side (seek disabled) (err n/a, 0 steps, travel 0.0 mm))",2026-09-14 14:22:08
106,46,-0.3562350186646745,-0.2246285269737427,0.3901738185947722,0.0644946098327636,0.0,0.0644946098327636,0.0644946098327636,1,True,"Success (standoff NOT corrected: out of range on the far side (seek disabled) (err n/a, 0 steps, travel 0.0 mm))",2026-09-14 14:22:14
106,47,-0.3860572410633891,-0.2246880319606111,0.391379724755576,0.0639116764068603,0.0,0.0639116764068603,0.0639116764068603,1,True,"Success (standoff NOT corrected: out of range on the far side (seek disabled) (err n/a, 0 steps, travel 0.0 mm))",2026-09-14 14:22:21
106,48,-0.41542922036206,-0.2248296945477697,0.3928350021331555,0.1972392201423645,0.0,0.1972392201423645,0.1972392201423645,1,True,"Success (standoff NOT corrected: out of range on the far side (seek disabled) (err n/a, 0 steps, travel 0.0 mm))",2026-09-14 14:22:27
106,49,-0.4448913434630326,-0.225412754378568,0.3947251243683798,0.062655508518219,0.0,0.062655508518219,0.062655508518219,1,True,"Success (standoff NOT corrected: out of range on the far side (seek disabled) (err n/a, 0 steps, travel 0.0 mm))",2026-09-14 14:22:33
106,50,-0.4745001007734333,-0.2258620336238069,0.3968374666614579,0.0644475221633911,0.0,0.0644475221633911,0.0644475221633911,1,True,"Success (standoff NOT corrected: out of range on the far side (seek disabled) (err n/a, 0 steps, travel 0.0 mm))",2026-09-14 14:22:40
106,51,-0.5042494444571055,-0.2261829454542077,0.3991693509323445,0.0609329342842102,0.0,0.0609329342842102,0.0609329342842102,1,True,"Success (standoff NOT corrected: out of range on the far side (seek disabled) (err n/a, 0 steps, travel 0.0 mm))",2026-09-14 14:22:46
106,52,-0.5271960318181665,-0.2264304204371871,0.4009662459419039,0.0570437312126159,0.0,0.0570437312126159,0.0570437312126159,1,True,"Success (standoff NOT corrected: out of range on the far side (seek disabled) (err n/a, 0 steps, travel 0.0 mm))",2026-09-14 14:22:52
106,53,-0.5284067481899533,-0.1964304204371871,0.4012255945477098,0.0582793354988098,0.0,0.0582793354988098,0.0582793354988098,1,True,"Success (standoff NOT corrected: out of range on the far side (seek disabled) (err n/a, 0 steps, travel 0.0 mm))",2026-09-14 14:22:58
106,54,-0.4985820421909581,-0.1962615766395711,0.3988898909878792,0.0592398643493652,0.0,0.0592398643493652,0.0592398643493652,1,True,"Success (standoff NOT corrected: out of range on the far side (seek disabled) (err n/a, 0 steps, travel 0.0 mm))",2026-09-14 14:23:04
106,55,-0.4687573487758378,-0.1960927087743116,0.3965534751452371,0.0585329532623291,0.0,0.0585329532623291,0.0585329532623291,1,True,"Success (standoff NOT corrected: out of range on the far side (seek disabled) (err n/a, 0 steps, travel 0.0 mm))",2026-09-14 14:23:11
106,56,-0.4389326661512183,-0.1959238204602317,0.3942163468721844,0.0591406226158142,0.0,0.0591406226158142,0.0591406226158142,1,True,"Success (standoff NOT corrected: out of range on the far side (seek disabled) (err n/a, 0 steps, travel 0.0 mm))",2026-09-14 14:23:17
106,57,-0.4091079925232532,-0.1957549153170484,0.3918785060516589,0.1681011915206909,0.0,0.1681011915206909,0.1681011915206909,1,True,"Success (standoff NOT corrected: out of range on the far side (seek disabled) (err n/a, 0 steps, travel 0.0 mm))",2026-09-14 14:23:23
106,58,-0.3809454583103031,-0.1960839411975391,0.3903994839271311,0.0534355640411376,0.0,0.0534355640411376,0.0534355640411376,1,True,"Success (standoff NOT corrected: out of range on the far side (seek disabled) (err n/a, 0 steps, travel 0.0 mm))",2026-09-14 14:23:29
106,59,-0.3511300212212389,-0.1963443823342266,0.3894031824229566,0.0588959455490112,0.0,0.0588959455490112,0.0588959455490112,1,True,"Success (standoff NOT corrected: out of range on the far side (seek disabled) (err n/a, 0 steps, travel 0.0 mm))",2026-09-14 14:23:35
106,60,-0.3213146110191414,-0.1966048467921662,0.3884049600997212,0.0551521778106689,0.0,0.0551521778106689,0.0551521778106689,1,True,"Success (standoff NOT corrected: out of range on the far side (seek disabled) (err n/a, 0 steps, travel 0.0 mm))",2026-09-14 14:23:41
106,61,-0.2914992180273774,-0.1968653195558544,0.3874048166884924,0.0583747029304504,0.0,0.0583747029304504,0.0583747029304504,1,True,"Success (standoff NOT corrected: out of range on the far side (seek disabled) (err n/a, 0 steps, travel 0.0 mm))",2026-09-14 14:23:47
106,62,-0.261683832567241,-0.197125785608693,0.3864027521418386,0.1113650202751159,0.0,0.1113650202751159,0.1113650202751159,1,True,"Success (standoff NOT corrected: out of range on the far side (seek disabled) (err n/a, 0 steps, travel 0.0 mm))",2026-09-14 14:23:53
106,63,-0.2318095403872013,-0.1972576756111427,0.3857793246150756,0.0522449612617492,0.0,0.0522449612617492,0.0522449612617492,1,True,"Success (standoff NOT corrected: out of range on the far side (seek disabled) (err n/a, 0 steps, travel 0.0 mm))",2026-09-14 14:23:59
106,64,-0.2018732809286338,-0.197254319391345,0.3855556874199899,0.052652359008789,0.0,0.052652359008789,0.052652359008789,1,True,"Success (standoff NOT corrected: out of range on the far side (seek disabled) (err n/a, 0 steps, travel 0.0 mm))",2026-09-14 14:24:05
106,65,-0.1719370231120642,-0.1972509613597511,0.3853319708823761,0.0704565644264221,0.0,0.0704565644264221,0.0704565644264221,1,True,"Success (standoff NOT corrected: out of range on the far side (seek disabled) (err n/a, 0 steps, travel 0.0 mm))",2026-09-14 14:24:11
106,66,-0.1420007667877143,-0.1972476015243449,0.3851081749988167,0.0855574011802673,0.0,0.0855574011802673,0.0855574011802673,1,True,"Success (standoff NOT corrected: out of range on the far side (seek disabled) (err n/a, 0 steps, travel 0.0 mm))",2026-09-14 14:24:18
106,67,-0.1120645118057985,-0.1972442398931196,0.3848842997662726,0.0880810618400573,0.0,0.0880810618400573,0.0880810618400573,1,True,"Success (standoff NOT corrected: out of range on the far side (seek disabled) (err n/a, 0 steps, travel 0.0 mm))",2026-09-14 14:24:24
106,68,-0.0821282580165241,-0.1972408764740766,0.3846603451820825,0.157022476196289,0.0,0.157022476196289,0.157022476196289,1,True,"Success (standoff NOT corrected: out of range on the far side (seek disabled) (err n/a, 0 steps, travel 0.0 mm))",2026-09-14 14:24:30
106,69,-0.0521920052700912,-0.1972375112752259,0.384436311243963,0.0742486119270324,0.0,0.0742486119270324,0.0742486119270324,1,True,"Success (standoff NOT corrected: out of range on the far side (seek disabled) (err n/a, 0 steps, travel 0.0 mm))",2026-09-14 14:24:37
106,70,-0.0222557534166971,-0.197234144304586,0.3842121979500086,0.0704047083854675,0.0,0.0704047083854675,0.0704047083854675,1,True,"Success (standoff NOT corrected: out of range on the far side (seek disabled) (err n/a, 0 steps, travel 0.0 mm))",2026-09-14 14:24:43
106,71,0.004433327889201,-0.1672249113427571,0.3846778730281491,0.0811162590980529,0.0,0.0811162590980529,0.0811162590980529,1,True,"Success (standoff NOT corrected: out of range on the far side (seek disabled) (err n/a, 0 steps, travel 0.0 mm))",2026-09-14 14:24:51
106,72,-0.0254733467310226,-0.167229902128344,0.3849046822211287,0.0737985968589782,0.0,0.0737985968589782,0.0737985968589782,1,True,"Success (standoff NOT corrected: out of range on the far side (seek disabled) (err n/a, 0 steps, travel 0.0 mm))",2026-09-14 14:24:58
106,73,-0.0553981434333319,-0.1672338846130424,0.3851287583813228,0.3608036041259765,0.0,0.3608036041259765,0.3608036041259765,1,True,"Success (standoff NOT corrected: out of range on the far side (seek disabled) (err n/a, 0 steps, travel 0.0 mm))",2026-09-14 14:25:04
106,74,-0.0853229411580382,-0.1672378646340516,0.3853527236531022,0.0864294171333313,0.0,0.0864294171333313,0.0864294171333313,1,True,"Success (standoff NOT corrected: out of range on the far side (seek disabled) (err n/a, 0 steps, travel 0.0 mm))",2026-09-14 14:25:11
106,75,-0.1152477401525873,-0.1672418421781131,0.3855765780389987,0.0827333331108093,0.0,0.0827333331108093,0.0827333331108093,1,True,"Success (standoff NOT corrected: out of range on the far side (seek disabled) (err n/a, 0 steps, travel 0.0 mm))",2026-09-14 14:25:17
106,76,-0.1451725406644177,-0.1672458172319851,0.3858003215422818,0.3457552194595337,0.0,0.3457552194595337,0.3457552194595337,1,True,"Success (standoff NOT corrected: out of range on the far side (seek disabled) (err n/a, 0 steps, travel 0.0 mm))",2026-09-14 14:25:23
106,77,-0.1750973429409583,-0.1672497897824422,0.3860239541669593,0.0861701369285583,0.0,0.0861701369285583,0.0861701369285583,1,True,"Success (standoff NOT corrected: out of range on the far side (seek disabled) (err n/a, 0 steps, travel 0.0 mm))",2026-09-14 14:25:29
106,78,-0.2050221472296252,-0.1672537598162759,0.3862474759177767,0.2600878477096557,0.0,0.2600878477096557,0.2600878477096557,1,True,"Success (standoff NOT corrected: out of range on the far side (seek disabled) (err n/a, 0 steps, travel 0.0 mm))",2026-09-14 14:25:36
106,79,-0.2349469537778188,-0.1672577273202943,0.3864708868002176,0.1968386769294738,0.0,0.1968386769294738,0.1968386769294738,1,True,"Success (standoff NOT corrected: out of range on the far side (seek disabled) (err n/a, 0 steps, travel 0.0 mm))",2026-09-14 14:25:42
106,80,-0.2647992845140532,-0.1672717039248693,0.3871592495875763,0.1137390732765197,0.0,0.1137390732765197,0.1137390732765197,1,True,"Success (standoff NOT corrected: out of range on the far side (seek disabled) (err n/a, 0 steps, travel 0.0 mm))",2026-09-14 14:25:48
106,81,-0.2946034626760576,-0.167292319840185,0.3881561152232134,0.0568407773971557,0.0,0.0568407773971557,0.0568407773971557,1,True,"Success (standoff NOT corrected: out of range on the far side (seek disabled) (err n/a, 0 steps, travel 0.0 mm))",2026-09-14 14:25:55
106,82,-0.324407656958861,-0.1673129189683411,0.3891523308096858,0.1424646377563476,0.0,0.1424646377563476,0.1424646377563476,1,True,"Success (standoff NOT corrected: out of range on the far side (seek disabled) (err n/a, 0 steps, travel 0.0 mm))",2026-09-14 14:26:01
106,83,-0.3542118708570145,-0.1673335009073431,0.3901478964531277,0.0912719964981079,0.0,0.0912719964981079,0.0912719964981079,1,True,"Success (standoff NOT corrected: out of range on the far side (seek disabled) (err n/a, 0 steps, travel 0.0 mm))",2026-09-14 14:26:08
106,84,-0.383871234615293,-0.1673788099931086,0.3911775783741328,0.0863993167877197,0.0,0.0863993167877197,0.0863993167877197,1,True,"Success (standoff NOT corrected: out of range on the far side (seek disabled) (err n/a, 0 steps, travel 0.0 mm))",2026-09-14 14:26:14
106,85,-0.4128787972078829,-0.1671331582182955,0.3925468901844808,0.0790080428123474,0.0,0.0790080428123474,0.0790080428123474,1,True,"Success (standoff NOT corrected: out of range on the far side (seek disabled) (err n/a, 0 steps, travel 0.0 mm))",2026-09-14 14:26:20
106,86,-0.4423002475734818,-0.1668356544411913,0.3946391245601585,0.2325409650802612,0.0,0.2325409650802612,0.2325409650802612,1,True,"Success (standoff NOT corrected: out of range on the far side (seek disabled) (err n/a, 0 steps, travel 0.0 mm))",2026-09-14 14:26:26
106,87,-0.4720534367303741,-0.166697549447278,0.3969726645989069,0.0897729396820068,0.0,0.0897729396820068,0.0897729396820068,1,True,"Success (standoff NOT corrected: out of range on the far side (seek disabled) (err n/a, 0 steps, travel 0.0 mm))",2026-09-14 14:26:32
106,88,-0.5018066604458604,-0.1665594661329152,0.3993053397272932,0.0946778059005737,0.0,0.0946778059005737,0.0946778059005737,1,True,"Success (standoff NOT corrected: out of range on the far side (seek disabled) (err n/a, 0 steps, travel 0.0 mm))",2026-09-14 14:26:38
106,89,-0.52961746456174,-0.1664304204371871,0.4014849431535157,0.0808998942375183,0.0,0.0808998942375183,0.0808998942375183,1,True,"Success (standoff NOT corrected: out of range on the far side (seek disabled) (err n/a, 0 steps, travel 0.0 mm))",2026-09-14 14:26:44
106,90,-0.5308281809335267,-0.1364304204371871,0.4017442917593214,0.0886911153793335,0.0,0.0886911153793335,0.0886911153793335,1,True,"Success (standoff NOT corrected: out of range on the far side (seek disabled) (err n/a, 0 steps, travel 0.0 mm))",2026-09-14 14:26:50
106,91,-0.5011226573995848,-0.1366109645573822,0.3994156232093818,0.1051026582717895,0.0,0.1051026582717895,0.1051026582717895,1,True,"Success (standoff NOT corrected: out of range on the far side (seek disabled) (err n/a, 0 steps, travel 0.0 mm))",2026-09-14 14:26:56
106,92,-0.4714171972886851,-0.1367915496008951,0.3970854759125548,0.1042014360427856,0.0,0.1042014360427856,0.1042014360427856,1,True,"Success (standoff NOT corrected: out of range on the far side (seek disabled) (err n/a, 0 steps, travel 0.0 mm))",2026-09-14 14:27:01
106,93,-0.4417948725049829,-0.1370020334605513,0.3949243035670152,0.2895992994308471,0.0,0.2895992994308471,0.2895992994308471,1,True,"Success (standoff NOT corrected: out of range on the far side (seek disabled) (err n/a, 0 steps, travel 0.0 mm))",2026-09-14 14:27:07
106,94,-0.4124277787175343,-0.1373042033720369,0.3932801895409002,0.2727511525154114,0.0,0.2727511525154114,0.2727511525154114,1,True,"Success (standoff NOT corrected: out of range on the far side (seek disabled) (err n/a, 0 steps, travel 0.0 mm))",2026-09-14 14:27:12
106,95,-0.3829180622640293,-0.1374055462479497,0.3919156667388179,0.0973564386367797,0.0,0.0973564386367797,0.0973564386367797,1,True,"Success (standoff NOT corrected: out of range on the far side (seek disabled) (err n/a, 0 steps, travel 0.0 mm))",2026-09-14 14:27:18
106,96,-0.3532962970957825,-0.1373492144813579,0.3907734596817804,0.0945919752120971,0.0,0.0945919752120971,0.0945919752120971,1,True,"Success (standoff NOT corrected: out of range on the far side (seek disabled) (err n/a, 0 steps, travel 0.0 mm))",2026-09-14 14:27:24
106,97,-0.323533282906163,-0.1373237675851517,0.3897783391952439,0.078948438167572,0.0,0.078948438167572,0.078948438167572,1,True,"Success (standoff NOT corrected: out of range on the far side (seek disabled) (err n/a, 0 steps, travel 0.0 mm))",2026-09-14 14:27:31
106,98,-0.2937689459122121,-0.1372985913022793,0.3887836746807117,0.0640708208084106,0.0,0.0640708208084106,0.0640708208084106,1,True,"Success (standoff NOT corrected: out of range on the far side (seek disabled) (err n/a, 0 steps, travel 0.0 mm))",2026-09-14 14:27:36
106,99,-0.264004634605723,-0.137273389742882,0.3877880385138738,0.0525203347206115,0.0,0.0525203347206115,0.0525203347206115,1,True,"Success (standoff NOT corrected: out of range on the far side (seek disabled) (err n/a, 0 steps, travel 0.0 mm))",2026-09-14 14:27:42
106,100,-0.2341767426903613,-0.1372571685299114,0.3871333052793055,0.0715526938438415,0.0,0.0715526938438415,0.0715526938438415,1,True,"Success (standoff NOT corrected: out of range on the far side (seek disabled) (err n/a, 0 steps, travel 0.0 mm))",2026-09-14 14:27:47
106,101,-0.2042684889520374,-0.1372523169867746,0.3869101959627669,0.079764723777771,0.0,0.079764723777771,0.079764723777771,1,True,"Success (standoff NOT corrected: out of range on the far side (seek disabled) (err n/a, 0 steps, travel 0.0 mm))",2026-09-14 14:27:53
106,102,-0.1743602384568428,-0.137247461669218,0.386686920916324,0.0865069031715393,0.0,0.0865069031715393,0.0865069031715393,1,True,"Success (standoff NOT corrected: out of range on the far side (seek disabled) (err n/a, 0 steps, travel 0.0 mm))",2026-09-14 14:28:00
106,103,-0.1444519907526178,-0.1372426026013652,0.3864634801305956,0.2966335415840149,0.0,0.2966335415840149,0.2966335415840149,1,True,"Success (standoff NOT corrected: out of range on the far side (seek disabled) (err n/a, 0 steps, travel 0.0 mm))",2026-09-14 14:28:06
106,104,-0.114543745387172,-0.1372377398073776,0.3862398735978496,0.0661388039588928,0.0,0.0661388039588928,0.0661388039588928,1,True,"Success (standoff NOT corrected: out of range on the far side (seek disabled) (err n/a, 0 steps, travel 0.0 mm))",2026-09-14 14:28:12
106,105,-0.0846355019082916,-0.1372328733114533,0.3860161013120022,0.0654280185699462,0.0,0.0654280185699462,0.0654280185699462,1,True,"Success (standoff NOT corrected: out of range on the far side (seek disabled) (err n/a, 0 steps, travel 0.0 mm))",2026-09-14 14:28:18
106,106,-0.0547272598637473,-0.1372280031378273,0.385792163268619,0.0643259286880493,0.0,0.0643259286880493,0.0643259286880493,1,True,"Success (standoff NOT corrected: out of range on the far side (seek disabled) (err n/a, 0 steps, travel 0.0 mm))",2026-09-14 14:28:25
106,107,-0.0248867539641919,-0.1372193200854073,0.3855465724901911,0.2340370416641235,0.0,0.2340370416641235,0.2340370416641235,1,True,"Success (standoff NOT corrected: out of range on the far side (seek disabled) (err n/a, 0 steps, travel 0.0 mm))",2026-09-14 14:28:31
106,108,0.0049153126246639,-0.1372084613771166,0.3852881233881624,0.0651293992996215,0.0,0.0651293992996215,0.0651293992996215,1,True,"Success (standoff NOT corrected: out of range on the far side (seek disabled) (err n/a, 0 steps, travel 0.0 mm))",2026-09-14 14:28:38
106,109,-0.023539442940577,-0.1072082579422322,0.3861494101161751,0.2120998501777649,0.0,0.2120998501777649,0.2120998501777649,1,True,"Success (standoff NOT corrected: out of range on the far side (seek disabled) (err n/a, 0 steps, travel 0.0 mm))",2026-09-14 14:28:46
106,110,-0.0533914988840249,-0.1072163603534304,0.3864081815136562,0.0896337628364563,0.0,0.0896337628364563,0.0896337628364563,1,True,"Success (standoff NOT corrected: out of range on the far side (seek disabled) (err n/a, 0 steps, travel 0.0 mm))",2026-09-14 14:28:53
106,111,-0.0832435579138923,-0.1072244535589909,0.3866665205634363,0.0640630722045898,0.0,0.0640630722045898,0.0640630722045898,1,True,"Success (standoff NOT corrected: out of range on the far side (seek disabled) (err n/a, 0 steps, travel 0.0 mm))",2026-09-14 14:28:58
106,112,-0.1131191080910103,-0.1072311221861382,0.3868978367411237,0.0727248191833496,0.0,0.0727248191833496,0.0727248191833496,1,True,"Success (standoff NOT corrected: out of range on the far side (seek disabled) (err n/a, 0 steps, travel 0.0 mm))",2026-09-14 14:29:04
106,113,-0.1430013156178935,-0.1072373833615888,0.3871213267780695,0.1455846428871154,0.0,0.1455846428871154,0.1455846428871154,1,True,"Success (standoff NOT corrected: out of range on the far side (seek disabled) (err n/a, 0 steps, travel 0.0 mm))",2026-09-14 14:29:10
106,114,-0.17288352621177,-0.1072436384141386,0.3873445425318698,0.0883197784423828,0.0,0.0883197784423828,0.0883197784423828,1,True,"Success (standoff NOT corrected: out of range on the far side (seek disabled) (err n/a, 0 steps, travel 0.0 mm))",2026-09-14 14:29:15
106,115,-0.2027657408352421,-0.1072498872922835,0.3875674840157193,0.0725984573364257,0.0,0.0725984573364257,0.0725984573364257,1,True,"Success (standoff NOT corrected: out of range on the far side (seek disabled) (err n/a, 0 steps, travel 0.0 mm))",2026-09-14 14:29:21
106,116,-0.2326479604508442,-0.107256129944621,0.3877901512473283,0.1398453116416931,0.0,0.1398453116416931,0.1398453116416931,1,True,"Success (standoff NOT corrected: out of range on the far side (seek disabled) (err n/a, 0 steps, travel 0.0 mm))",2026-09-14 14:29:27
106,117,-0.262441650770961,-0.1072752110930786,0.3883911631241393,0.059254765510559,0.0,0.059254765510559,0.059254765510559,1,True,"Success (standoff NOT corrected: out of range on the far side (seek disabled) (err n/a, 0 steps, travel 0.0 mm))",2026-09-14 14:29:32
106,118,-0.2921432633701177,-0.1073076228550186,0.3893847937408144,0.0594308972358703,0.0,0.0594308972358703,0.0594308972358703,1,True,"Success (standoff NOT corrected: out of range on the far side (seek disabled) (err n/a, 0 steps, travel 0.0 mm))",2026-09-14 14:29:38
106,119,-0.3218449222658155,-0.1073399923543894,0.3903768166207655,0.1383078098297119,0.0,0.1383078098297119,0.1383078098297119,1,True,"Success (standoff NOT corrected: out of range on the far side (seek disabled) (err n/a, 0 steps, travel 0.0 mm))",2026-09-14 14:29:43
106,120,-0.3515760598505211,-0.1073759751349426,0.3914825738546669,0.0882923603057861,0.0,0.0882923603057861,0.0882923603057861,1,True,"Success (standoff NOT corrected: out of range on the far side (seek disabled) (err n/a, 0 steps, travel 0.0 mm))",2026-09-14 14:29:48
106,121,-0.381318047087845,-0.1074132645370941,0.3926294851466497,0.0953960418701171,0.0,0.0953960418701171,0.0953960418701171,1,True,"Success (standoff NOT corrected: out of range on the far side (seek disabled) (err n/a, 0 steps, travel 0.0 mm))",2026-09-14 14:29:54
106,122,-0.4109961326486615,-0.1073648275003227,0.3939604404612975,0.0979670882225036,0.0,0.0979670882225036,0.0979670882225036,1,True,"Success (standoff NOT corrected: out of range on the far side (seek disabled) (err n/a, 0 steps, travel 0.0 mm))",2026-09-14 14:29:59
106,123,-0.4405611418991912,-0.1071647104982097,0.3956161898581716,0.3285706043243408,0.0,0.3285706043243408,0.3285706043243408,1,True,"Success (standoff NOT corrected: out of range on the far side (seek disabled) (err n/a, 0 steps, travel 0.0 mm))",2026-09-14 14:30:05
106,124,-0.4701263276278185,-0.1069646058107469,0.3972681194039796,0.0641059875488281,0.0,0.0641059875488281,0.0641059875488281,1,True,"Success (standoff NOT corrected: out of range on the far side (seek disabled) (err n/a, 0 steps, travel 0.0 mm))",2026-09-14 14:30:11
106,125,-0.4997323616261135,-0.1067149210540011,0.3994695555823508,0.0538095831871032,0.0,0.0538095831871032,0.0538095831871032,1,True,"Success (standoff NOT corrected: out of range on the far side (seek disabled) (err n/a, 0 steps, travel 0.0 mm))",2026-09-14 14:30:16
106,126,-0.529347696229965,-0.106454115661909,0.4017926865288321,0.07740318775177,0.0,0.07740318775177,0.07740318775177,1,True,"Success (standoff NOT corrected: out of range on the far side (seek disabled) (err n/a, 0 steps, travel 0.0 mm))",2026-09-14 14:30:21
106,127,-0.5320388973053134,-0.1064304204371871,0.4020036403651273,0.0785472989082336,0.0,0.0785472989082336,0.0785472989082336,1,True,"Success (standoff NOT corrected: out of range on the far side (seek disabled) (err n/a, 0 steps, travel 0.0 mm))",2026-09-14 14:30:26
106,128,-0.5332496136771001,-0.0764304204371871,0.4022629889709332,0.0635263323783874,0.0,0.0635263323783874,0.0635263323783874,1,True,"Success (standoff NOT corrected: out of range on the far side (seek disabled) (err n/a, 0 steps, travel 0.0 mm))",2026-09-14 14:30:32
106,129,-0.5038687713434078,-0.0768999023193366,0.3999538972914084,0.2363637089729309,0.0,0.2363637089729309,0.2363637089729309,1,True,"Success (standoff NOT corrected: out of range on the far side (seek disabled) (err n/a, 0 steps, travel 0.0 mm))",2026-09-14 14:30:38
106,130,-0.4742223016743467,-0.077068470667581,0.3982587207206253,0.1546308398246765,0.0,0.1546308398246765,0.1546308398246765,1,True,"Success (standoff NOT corrected: out of range on the far side (seek disabled) (err n/a, 0 steps, travel 0.0 mm))",2026-09-14 14:30:43
106,131,-0.4445591682578114,-0.0772180595627153,0.39660053852008,0.0925889611244201,0.0,0.0925889611244201,0.0925889611244201,1,True,"Success (standoff NOT corrected: out of range on the far side (seek disabled) (err n/a, 0 steps, travel 0.0 mm))",2026-09-14 14:30:49
106,132,-0.414896126818471,-0.0773676519181898,0.3949402214996529,0.1031407713890075,0.0,0.1031407713890075,0.1031407713890075,1,True,"Success (standoff NOT corrected: out of range on the far side (seek disabled) (err n/a, 0 steps, travel 0.0 mm))",2026-09-14 14:30:54
106,133,-0.3851588960418406,-0.0774221476374421,0.3935532945666859,0.0994381308555603,0.0,0.0994381308555603,0.0994381308555603,1,True,"Success (standoff NOT corrected: out of range on the far side (seek disabled) (err n/a, 0 steps, travel 0.0 mm))",2026-09-14 14:31:00
106,134,-0.3553573954197238,-0.0773942826961391,0.392403971388983,0.0783649086952209,0.0,0.0783649086952209,0.0783649086952209,1,True,"Success (standoff NOT corrected: out of range on the far side (seek disabled) (err n/a, 0 steps, travel 0.0 mm))",2026-09-14 14:31:06
106,135,-0.3255559208097733,-0.0773663978539721,0.3912540115078635,0.0782343745231628,0.0,0.0782343745231628,0.0782343745231628,1,True,"Success (standoff NOT corrected: out of range on the far side (seek disabled) (err n/a, 0 steps, travel 0.0 mm))",2026-09-14 14:31:11
106,136,-0.2958321121051719,-0.0773321371778762,0.3901631967526843,0.1161617040634155,0.0,0.1161617040634155,0.1161617040634155,1,True,"Success (standoff NOT corrected: out of range on the far side (seek disabled) (err n/a, 0 steps, travel 0.0 mm))",2026-09-14 14:31:16
106,137,-0.2662434950668031,-0.0772867513346065,0.3891740579294508,0.1263916492462158,0.0,0.1263916492462158,0.1263916492462158,1,True,"Success (standoff NOT corrected: out of range on the far side (seek disabled) (err n/a, 0 steps, travel 0.0 mm))",2026-09-14 14:31:22
106,138,-0.236557166319774,-0.0772558466888889,0.3884875814294465,0.2461981773376464,0.0,0.2461981773376464,0.2461981773376464,1,True,"Success (standoff NOT corrected: out of range on the far side (seek disabled) (err n/a, 0 steps, travel 0.0 mm))",2026-09-14 14:31:27
106,139,-0.2067218754769793,-0.0772470967060615,0.3882657232922812,0.1221075654029846,0.0,0.1221075654029846,0.1221075654029846,1,True,"Success (standoff NOT corrected: out of range on the far side (seek disabled) (err n/a, 0 steps, travel 0.0 mm))",2026-09-14 14:31:33
106,140,-0.1768865935926649,-0.0772383345430477,0.3880433266056019,0.3555741906166076,0.0,0.3555741906166076,0.3555741906166076,1,True,"Success (standoff NOT corrected: out of range on the far side (seek disabled) (err n/a, 0 steps, travel 0.0 mm))",2026-09-14 14:31:39
106,141,-0.1470513180181478,-0.0772295603414706,0.3878203913287192,0.1131990551948547,0.0,0.1131990551948547,0.1131990551948547,1,True,"Success (standoff NOT corrected: out of range on the far side (seek disabled) (err n/a, 0 steps, travel 0.0 mm))",2026-09-14 14:31:44
106,142,-0.1171871132921977,-0.0772222280536574,0.3875752697264087,0.132637619972229,0.0,0.132637619972229,0.132637619972229,1,True,"Success (standoff NOT corrected: out of range on the far side (seek disabled) (err n/a, 0 steps, travel 0.0 mm))",2026-09-14 14:31:50
106,143,-0.0873053164266151,-0.077215772848273,0.3873166587897534,0.1243478059768676,0.0,0.1243478059768676,0.1243478059768676,1,True,"Success (standoff NOT corrected: out of range on the far side (seek disabled) (err n/a, 0 steps, travel 0.0 mm))",2026-09-14 14:31:56
106,144,-0.0574235214358918,-0.0772093117936208,0.3870577729109757,0.3340628743171692,0.0,0.3340628743171692,0.3340628743171692,1,True,"Success (standoff NOT corrected: out of range on the far side (seek disabled) (err n/a, 0 steps, travel 0.0 mm))",2026-09-14 14:32:02
106,145,-0.0275417273540656,-0.0772028449429266,0.3867986120821614,0.0699403882026672,0.0,0.0699403882026672,0.0699403882026672,1,True,"Success (standoff NOT corrected: out of range on the far side (seek disabled) (err n/a, 0 steps, travel 0.0 mm))",2026-09-14 14:32:08
106,146,0.0023400667848536,-0.0771963723495123,0.3865391762999329,0.0583726167678833,0.0,0.0583726167678833,0.0583726167678833,1,True,"Success (standoff NOT corrected: out of range on the far side (seek disabled) (err n/a, 0 steps, travel 0.0 mm))",2026-09-14 14:32:14
106,147,-0.0214176915765031,-0.0471974360431037,0.387360065591736,0.2052429318428039,0.0,0.2052429318428039,0.2052429318428039,1,True,"Success (standoff NOT corrected: out of range on the far side (seek disabled) (err n/a, 0 steps, travel 0.0 mm))",2026-09-14 14:32:22
106,148,-0.0513192066983514,-0.0472028180506508,0.3876194745989987,0.0642520189285278,0.0,0.0642520189285278,0.0642520189285278,1,True,"Success (standoff NOT corrected: out of range on the far side (seek disabled) (err n/a, 0 steps, travel 0.0 mm))",2026-09-14 14:32:27
106,149,-0.0812207217779432,-0.0472081960872485,0.3878786934754055,0.2910241484642029,0.0,0.2910241484642029,0.2910241484642029,1,True,"Success (standoff NOT corrected: out of range on the far side (seek disabled) (err n/a, 0 steps, travel 0.0 mm))",2026-09-14 14:32:33
106,150,-0.1111222373707521,-0.0472135701222303,0.3881377222226679,0.0668072700500488,0.0,0.0668072700500488,0.0668072700500488,1,True,"Success (standoff NOT corrected: out of range on the far side (seek disabled) (err n/a, 0 steps, travel 0.0 mm))",2026-09-14 14:32:39
106,151,-0.1410237540322412,-0.0472189401249754,0.3883965608446671,0.0659433007240295,0.0,0.0659433007240295,0.0659433007240295,1,True,"Success (standoff NOT corrected: out of range on the far side (seek disabled) (err n/a, 0 steps, travel 0.0 mm))",2026-09-14 14:32:44
106,152,-0.1709252723178518,-0.0472243060649098,0.388655209347453,0.0643795728683471,0.0,0.0643795728683471,0.0643795728683471,1,True,"Success (standoff NOT corrected: out of range on the far side (seek disabled) (err n/a, 0 steps, travel 0.0 mm))",2026-09-14 14:32:50
106,153,-0.2007141703022423,-0.0472356165232412,0.3888903182532165,0.0637876987457275,0.0,0.0637876987457275,0.0637876987457275,1,True,"Success (standoff NOT corrected: out of range on the far side (seek disabled) (err n/a, 0 steps, travel 0.0 mm))",2026-09-14 14:32:56
106,154,-0.2304396095347294,-0.047250251324932,0.3891110015549628,0.0646692514419555,0.0,0.0646692514419555,0.0646692514419555,1,True,"Success (standoff NOT corrected: out of range on the far side (seek disabled) (err n/a, 0 steps, travel 0.0 mm))",2026-09-14 14:33:01
106,155,-0.2600125831998672,-0.0472881438450352,0.3896211766608249,0.0594061613082885,0.0,0.0594061613082885,0.0594061613082885,1,True,"Success (standoff NOT corrected: out of range on the far side (seek disabled) (err n/a, 0 steps, travel 0.0 mm))",2026-09-14 14:33:07
106,156,-0.2894398700187466,-0.0473531611282758,0.390635530270926,0.0825324654579162,0.0,0.0825324654579162,0.0825324654579162,1,True,"Success (standoff NOT corrected: out of range on the far side (seek disabled) (err n/a, 0 steps, travel 0.0 mm))",2026-09-14 14:33:12
106,157,-0.3192768484623554,-0.0473754338430529,0.3917873417186317,0.0980395078659057,0.0,0.0980395078659057,0.0980395078659057,1,True,"Success (standoff NOT corrected: out of range on the far side (seek disabled) (err n/a, 0 steps, travel 0.0 mm))",2026-09-14 14:33:18
106,158,-0.3491138420357786,-0.0473976941014503,0.392938747222578,0.113527774810791,0.0,0.113527774810791,0.113527774810791,1,True,"Success (standoff NOT corrected: out of range on the far side (seek disabled) (err n/a, 0 steps, travel 0.0 mm))",2026-09-14 14:33:24
106,159,-0.378950852454111,-0.0474199416320107,0.3940897468580321,0.0655269622802734,0.0,0.0655269622802734,0.0655269622802734,1,True,"Success (standoff NOT corrected: out of range on the far side (seek disabled) (err n/a, 0 steps, travel 0.0 mm))",2026-09-14 14:33:29
106,160,-0.4087613591884458,-0.0474096532047096,0.3953582924590879,0.0675141811370849,0.0,0.0675141811370849,0.0675141811370849,1,True,"Success (standoff NOT corrected: out of range on the far side (seek disabled) (err n/a, 0 steps, travel 0.0 mm))",2026-09-14 14:33:36
106,161,-0.4384828985927533,-0.0472902168174478,0.3970216660651425,0.0656396150588989,0.0,0.0656396150588989,0.0656396150588989,1,True,"Success (standoff NOT corrected: out of range on the far side (seek disabled) (err n/a, 0 steps, travel 0.0 mm))",2026-09-14 14:33:42
106,162,-0.468204490905278,-0.0471707796863828,0.3986836785532915,0.0650513172149658,0.0,0.0650513172149658,0.0650513172149658,1,True,"Success (standoff NOT corrected: out of range on the far side (seek disabled) (err n/a, 0 steps, travel 0.0 mm))",2026-09-14 14:33:48
106,163,-0.4979261456010839,-0.0470513466939223,0.40034433031975,0.0662904977798461,0.0,0.0662904977798461,0.0662904977798461,1,True,"Success (standoff NOT corrected: out of range on the far side (seek disabled) (err n/a, 0 steps, travel 0.0 mm))",2026-09-14 14:33:54
106,164,-0.5276478721500848,-0.0469319227221098,0.4020036218719771,0.0599738955497741,0.0,0.0599738955497741,0.0599738955497741,1,True,"Success (standoff NOT corrected: out of range on the far side (seek disabled) (err n/a, 0 steps, travel 0.0 mm))",2026-09-14 14:34:00
106,165,-0.5344603300488866,-0.0464304204371871,0.402522337576739,0.0585350394248962,0.0,0.0585350394248962,0.0585350394248962,1,True,"Success (standoff NOT corrected: out of range on the far side (seek disabled) (err n/a, 0 steps, travel 0.0 mm))",2026-09-14 14:34:07
106,166,-0.5359706499021855,-0.0189703785346572,0.4038658200501303,0.0538483262062072,0.0,0.0538483262062072,0.0538483262062072,1,True,"Success (standoff NOT corrected: out of range on the far side (seek disabled) (err n/a, 0 steps, travel 0.0 mm))",2026-09-14 14:34:13
106,167,-0.5062539413338909,-0.0185079493277492,0.4018077001764477,0.0597521662712097,0.0,0.0597521662712097,0.0597521662712097,1,True,"Success (standoff NOT corrected: out of range on the far side (seek disabled) (err n/a, 0 steps, travel 0.0 mm))",2026-09-14 14:34:19
106,168,-0.4765505228201923,-0.0181088771795056,0.3998832903592048,0.0876545906066894,0.0,0.0876545906066894,0.0876545906066894,1,True,"Success (standoff NOT corrected: out of range on the far side (seek disabled) (err n/a, 0 steps, travel 0.0 mm))",2026-09-14 14:34:24
106,169,-0.4468740484383664,-0.0178388838320176,0.3982370122625526,0.0571426749229431,0.0,0.0571426749229431,0.0571426749229431,1,True,"Success (standoff NOT corrected: out of range on the far side (seek disabled) (err n/a, 0 steps, travel 0.0 mm))",2026-09-14 14:34:30
106,170,-0.4171976605634211,-0.0175687060114316,0.3965877341526125,0.063088834285736,0.0,0.063088834285736,0.063088834285736,1,True,"Success (standoff NOT corrected: out of range on the far side (seek disabled) (err n/a, 0 steps, travel 0.0 mm))",2026-09-14 14:34:36
106,171,-0.3874267826721722,-0.0174275801108024,0.3951925981675332,0.0578400492668151,0.0,0.0578400492668151,0.0578400492668151,1,True,"Success (standoff NOT corrected: out of range on the far side (seek disabled) (err n/a, 0 steps, travel 0.0 mm))",2026-09-14 14:34:41
106,172,-0.3575661709303939,-0.017409069503254,0.3940406197663674,0.0579419732093811,0.0,0.0579419732093811,0.0579419732093811,1,True,"Success (standoff NOT corrected: out of range on the far side (seek disabled) (err n/a, 0 steps, travel 0.0 mm))",2026-09-14 14:34:47
106,173,-0.3277055714628885,-0.0173905499841443,0.3928883602828706,0.052131712436676,0.0,0.052131712436676,0.052131712436676,1,True,"Success (standoff NOT corrected: out of range on the far side (seek disabled) (err n/a, 0 steps, travel 0.0 mm))",2026-09-14 14:34:52
106,174,-0.2978449832811762,-0.0173720217098412,0.3917358196702616,0.0633737444877624,0.0,0.0633737444877624,0.0633737444877624,1,True,"Success (standoff NOT corrected: out of range on the far side (seek disabled) (err n/a, 0 steps, travel 0.0 mm))",2026-09-14 14:34:57
106,175,-0.2679844053965894,-0.0173534848368604,0.3905829978865078,0.0561937689781188,0.0,0.0561937689781188,0.0561937689781188,1,True,"Success (standoff NOT corrected: out of range on the far side (seek disabled) (err n/a, 0 steps, travel 0.0 mm))",2026-09-14 14:35:03
106,176,-0.2390966782335297,-0.0172436984869494,0.3898451246558448,0.0527289509773254,0.0,0.0527289509773254,0.0527289509773254,1,True,"Success (standoff NOT corrected: out of range on the far side (seek disabled) (err n/a, 0 steps, travel 0.0 mm))",2026-09-14 14:35:08
106,177,-0.2094744292017063,-0.0172234522126405,0.3896037951536765,0.0583559274673461,0.0,0.0583559274673461,0.0583559274673461,1,True,"Success (standoff NOT corrected: out of range on the far side (seek disabled) (err n/a, 0 steps, travel 0.0 mm))",2026-09-14 14:35:14
106,178,-0.1795588762037954,-0.0172188594888064,0.3893450262387439,0.0536009669303894,0.0,0.0536009669303894,0.0536009669303894,1,True,"Success (standoff NOT corrected: out of range on the far side (seek disabled) (err n/a, 0 steps, travel 0.0 mm))",2026-09-14 14:35:20
106,179,-0.1496433243893982,-0.0172142637894093,0.3890861180665396,0.0524750351905822,0.0,0.0524750351905822,0.0524750351905822,1,True,"Success (standoff NOT corrected: out of range on the far side (seek disabled) (err n/a, 0 steps, travel 0.0 mm))",2026-09-14 14:35:25
106,180,-0.1197277734103186,-0.0172096651336138,0.3888270706331934,0.0841441750526428,0.0,0.0841441750526428,0.0841441750526428,1,True,"Success (standoff NOT corrected: out of range on the far side (seek disabled) (err n/a, 0 steps, travel 0.0 mm))",2026-09-14 14:35:31
106,181,-0.0898122229183473,-0.0172050635406097,0.3885678839359986,0.0554496049880981,0.0,0.0554496049880981,0.0554496049880981,1,True,"Success (standoff NOT corrected: out of range on the far side (seek disabled) (err n/a, 0 steps, travel 0.0 mm))",2026-09-14 14:35:37
106,182,-0.0598966725652685,-0.0172004590296116,0.3883085579734127,0.0607702136039733,0.0,0.0607702136039733,0.0607702136039733,1,True,"Success (standoff NOT corrected: out of range on the far side (seek disabled) (err n/a, 0 steps, travel 0.0 mm))",2026-09-14 14:35:43
106,183,-0.0299811220028629,-0.0171958516198585,0.3880490927450566,0.0558996200561523,0.0,0.0558996200561523,0.0558996200561523,1,True,"Success (standoff NOT corrected: out of range on the far side (seek disabled) (err n/a, 0 steps, travel 0.0 mm))",2026-09-14 14:35:48
106,184,-6.55708829142565e-05,-0.0171912413306135,0.3877894882517161,0.0606468319892883,0.0,0.0606468319892883,0.0606468319892883,1,True,"Success (standoff NOT corrected: out of range on the far side (seek disabled) (err n/a, 0 steps, travel 0.0 mm))",2026-09-14 14:35:54
106,185,-0.0191828532980844,0.0100733896464714,0.3897245708895437,0.1593628525733947,0.0,0.1593628525733947,0.1593628525733947,1,True,"Success (standoff NOT corrected: out of range on the far side (seek disabled) (err n/a, 0 steps, travel 0.0 mm))",2026-09-14 14:36:01
106,186,-0.049119310072925,0.0100741871275204,0.3899267634680859,0.0665387511253357,0.0,0.0665387511253357,0.0665387511253357,1,True,"Success (standoff NOT corrected: out of range on the far side (seek disabled) (err n/a, 0 steps, travel 0.0 mm))",2026-09-14 14:36:07
106,187,-0.0790557667432541,0.0100749905673411,0.390128877223403,0.0726041197776794,0.0,0.0726041197776794,0.0726041197776794,1,True,"Success (standoff NOT corrected: out of range on the far side (seek disabled) (err n/a, 0 steps, travel 0.0 mm))",2026-09-14 14:36:13
106,188,-0.1089922234581484,0.01007579996403,0.3903309121552826,0.084768533706665,0.0,0.084768533706665,0.084768533706665,1,True,"Success (standoff NOT corrected: out of range on the far side (seek disabled) (err n/a, 0 steps, travel 0.0 mm))",2026-09-14 14:36:18
106,189,-0.1389286803666831,0.0100766153156552,0.3905328682638864,0.1220270991325378,0.0,0.1220270991325378,0.1220270991325378,1,True,"Success (standoff NOT corrected: out of range on the far side (seek disabled) (err n/a, 0 steps, travel 0.0 mm))",2026-09-14 14:36:24
106,190,-0.1688651376179333,0.0100774366202568,0.3907347455497497,0.2912691235542297,0.0,0.2912691235542297,0.2912691235542297,1,True,"Success (standoff NOT corrected: out of range on the far side (seek disabled) (err n/a, 0 steps, travel 0.0 mm))",2026-09-14 14:36:29
106,191,-0.1988015953609698,0.0100782638758464,0.3909365440137818,0.1057258248329162,0.0,0.1057258248329162,0.1057258248329162,1,True,"Success (standoff NOT corrected: out of range on the far side (seek disabled) (err n/a, 0 steps, travel 0.0 mm))",2026-09-14 14:36:35
106,192,-0.2287017359780361,0.0100805472772262,0.3911376216063337,0.330057144165039,0.0,0.330057144165039,0.330057144165039,1,True,"Success (standoff NOT corrected: out of range on the far side (seek disabled) (err n/a, 0 steps, travel 0.0 mm))",2026-09-14 14:36:40
106,193,-0.2580605889141987,0.0102016264335542,0.3915330630134365,0.2409058809280395,0.0,0.2409058809280395,0.2409058809280395,1,True,"Success (standoff NOT corrected: out of range on the far side (seek disabled) (err n/a, 0 steps, travel 0.0 mm))",2026-09-14 14:36:46
106,194,-0.2878072155658941,0.0105658494139473,0.3924902940246889,0.0649702548980712,0.0,0.0649702548980712,0.0649702548980712,1,True,"Success (standoff NOT corrected: out of range on the far side (seek disabled) (err n/a, 0 steps, travel 0.0 mm))",2026-09-14 14:36:51
106,195,-0.3175538615294502,0.010930280722003,0.3934437288894327,0.0715106725692749,0.0,0.0715106725692749,0.0715106725692749,1,True,"Success (standoff NOT corrected: out of range on the far side (seek disabled) (err n/a, 0 steps, travel 0.0 mm))",2026-09-14 14:36:57
106,196,-0.3473005540371423,0.0112948787801748,0.3943933658089132,0.0729387998580932,0.0,0.0729387998580932,0.0729387998580932,1,True,"Success (standoff NOT corrected: out of range on the far side (seek disabled) (err n/a, 0 steps, travel 0.0 mm))",2026-09-14 14:37:02
106,197,-0.3769477825355256,0.0119476670193998,0.3955453733217931,0.0592604279518127,0.0,0.0592604279518127,0.0592604279518127,1,True,"Success (standoff NOT corrected: out of range on the far side (seek disabled) (err n/a, 0 steps, travel 0.0 mm))",2026-09-14 14:37:09
106,198,-0.4064835022336512,0.0124332809143378,0.3967517725884017,0.2199310064315796,0.0,0.2199310064315796,0.2199310064315796,1,True,"Success (standoff NOT corrected: out of range on the far side (seek disabled) (err n/a, 0 steps, travel 0.0 mm))",2026-09-14 14:37:14
106,199,-0.4357310573251294,0.0117025450987265,0.3985713927422164,0.0608247518539428,0.0,0.0608247518539428,0.0608247518539428,1,True,"Success (standoff NOT corrected: out of range on the far side (seek disabled) (err n/a, 0 steps, travel 0.0 mm))",2026-09-14 14:37:20
106,200,-0.4655677270772964,0.0115042491327901,0.400653002553934,0.0491076707839965,0.0,0.0491076707839965,0.0491076707839965,1,True,"Success (standoff NOT corrected: out of range on the far side (seek disabled) (err n/a, 0 steps, travel 0.0 mm))",2026-09-14 14:37:25
106,201,-0.4954044064545964,0.0113060208258381,0.4027336603146965,0.0524476170539855,0.0,0.0524476170539855,0.0524476170539855,1,True,"Success (standoff NOT corrected: out of range on the far side (seek disabled) (err n/a, 0 steps, travel 0.0 mm))",2026-09-14 14:37:31
106,202,-0.5252410980384719,0.0111078658643779,0.4048133664760439,0.060279369354248,0.0,0.060279369354248,0.060279369354248,1,True,"Success (standoff NOT corrected: out of range on the far side (seek disabled) (err n/a, 0 steps, travel 0.0 mm))",2026-09-14 14:37:36
106,203,-0.5370257888160712,0.0110296214653426,0.4056345321612672,0.054742693901062,0.0,0.054742693901062,0.054742693901062,1,True,"Success (standoff NOT corrected: out of range on the far side (seek disabled) (err n/a, 0 steps, travel 0.0 mm))",2026-09-14 14:37:41
106,204,-0.5380809277299565,0.0410296214653426,0.4074032442724041,0.0563541054725647,0.0,0.0563541054725647,0.0563541054725647,1,True,"Success (standoff NOT corrected: out of range on the far side (seek disabled) (err n/a, 0 steps, travel 0.0 mm))",2026-09-14 14:37:48
106,205,-0.5082880706452679,0.0409278102735623,0.4053102347770169,0.0627392530441284,0.0,0.0627392530441284,0.0627392530441284,1,True,"Success (standoff NOT corrected: out of range on the far side (seek disabled) (err n/a, 0 steps, travel 0.0 mm))",2026-09-14 14:37:53
106,206,-0.4784952389915466,0.040826013996031,0.4032166599878811,0.0733038783073425,0.0,0.0733038783073425,0.0733038783073425,1,True,"Success (standoff NOT corrected: out of range on the far side (seek disabled) (err n/a, 0 steps, travel 0.0 mm))",2026-09-14 14:37:59
106,207,-0.4487024304945155,0.0407242343628807,0.4011225198532151,0.0798046588897705,0.0,0.0798046588897705,0.0798046588897705,1,True,"Success (standoff NOT corrected: out of range on the far side (seek disabled) (err n/a, 0 steps, travel 0.0 mm))",2026-09-14 14:38:04
106,208,-0.4189593945568373,0.0406029547730843,0.3990477477112863,0.1401093602180481,0.0,0.1401093602180481,0.1401093602180481,1,True,"Success (standoff NOT corrected: out of range on the far side (seek disabled) (err n/a, 0 steps, travel 0.0 mm))",2026-09-14 14:38:10
106,209,-0.3903566489462677,0.0401566106901023,0.3979108096081032,0.0991469621658325,0.0,0.0991469621658325,0.0991469621658325,1,True,"Success (standoff NOT corrected: out of range on the far side (seek disabled) (err n/a, 0 steps, travel 0.0 mm))",2026-09-14 14:38:15
106,210,-0.3605158257032075,0.0401426003044049,0.3969789607617431,0.3065246343612671,0.0,0.3065246343612671,0.3065246343612671,1,True,"Success (standoff NOT corrected: out of range on the far side (seek disabled) (err n/a, 0 steps, travel 0.0 mm))",2026-09-14 14:38:21
106,211,-0.3306514336503132,0.0401316675268583,0.3960440188381959,0.3042179346084595,0.0,0.3042179346084595,0.3042179346084595,1,True,"Success (standoff NOT corrected: out of range on the far side (seek disabled) (err n/a, 0 steps, travel 0.0 mm))",2026-09-14 14:38:26
106,212,-0.3007870491277804,0.0401207560126095,0.3951087826405531,0.1594582200050354,0.0,0.1594582200050354,0.1594582200050354,1,True,"Success (standoff NOT corrected: out of range on the far side (seek disabled) (err n/a, 0 steps, travel 0.0 mm))",2026-09-14 14:38:32
106,213,-0.2709226710645309,0.0401098658582438,0.3941732521505347,0.069015622138977,0.0,0.069015622138977,0.069015622138977,1,True,"Success (standoff NOT corrected: out of range on the far side (seek disabled) (err n/a, 0 steps, travel 0.0 mm))",2026-09-14 14:38:38
106,214,-0.2410991368620039,0.0400991976555661,0.3934728673566594,0.1289442181587219,0.0,0.1289442181587219,0.1289442181587219,1,True,"Success (standoff NOT corrected: out of range on the far side (seek disabled) (err n/a, 0 steps, travel 0.0 mm))",2026-09-14 14:38:43
106,215,-0.2113644901412874,0.040089041785519,0.3932838087139293,0.2536764740943908,0.0,0.2536764740943908,0.2536764740943908,1,True,"Success (standoff NOT corrected: out of range on the far side (seek disabled) (err n/a, 0 steps, travel 0.0 mm))",2026-09-14 14:38:49
106,216,-0.1816286263078674,0.0400790488081598,0.3930932826558365,0.1676803827285766,0.0,0.1676803827285766,0.1676803827285766,1,True,"Success (standoff NOT corrected: out of range on the far side (seek disabled) (err n/a, 0 steps, travel 0.0 mm))",2026-09-14 14:38:54
106,217,-0.1517025379237571,0.0400780791260858,0.3928916020046073,0.1597955822944641,0.0,0.1597955822944641,0.1597955822944641,1,True,"Success (standoff NOT corrected: out of range on the far side (seek disabled) (err n/a, 0 steps, travel 0.0 mm))",2026-09-14 14:39:00
106,218,-0.1217764503643228,0.0400771175182248,0.3926898143822561,0.1580309867858886,0.0,0.1580309867858886,0.1580309867858886,1,True,"Success (standoff NOT corrected: out of range on the far side (seek disabled) (err n/a, 0 steps, travel 0.0 mm))",2026-09-14 14:39:06
106,219,-0.0918503633938829,0.0400761639877514,0.3924879197869346,0.0844800472259521,0.0,0.0844800472259521,0.0844800472259521,1,True,"Success (standoff NOT corrected: out of range on the far side (seek disabled) (err n/a, 0 steps, travel 0.0 mm))",2026-09-14 14:39:12
106,220,-0.06192427677675,0.0400752185377879,0.3922859182174833,0.0895407795906066,0.0,0.0895407795906066,0.0895407795906066,1,True,"Success (standoff NOT corrected: out of range on the far side (seek disabled) (err n/a, 0 steps, travel 0.0 mm))",2026-09-14 14:39:17
106,221,-0.0319981902772328,0.040074281171405,0.3920838096734309,0.0976404547691345,0.0,0.0976404547691345,0.0976404547691345,1,True,"Success (standoff NOT corrected: out of range on the far side (seek disabled) (err n/a, 0 steps, travel 0.0 mm))",2026-09-14 14:39:23
106,222,-0.0020721036596382,0.040073351891621,0.391881594154995,0.0937211513519287,0.0,0.0937211513519287,0.0937211513519287,1,True,"Success (standoff NOT corrected: out of range on the far side (seek disabled) (err n/a, 0 steps, travel 0.0 mm))",2026-09-14 14:39:29
106,223,-0.0170308720764487,0.0700744932283429,0.3942554359947274,0.0636667013168335,0.0,0.0636667013168335,0.0636667013168335,1,True,"Success (standoff NOT corrected: out of range on the far side (seek disabled) (err n/a, 0 steps, travel 0.0 mm))",2026-09-14 14:39:36
106,224,-0.0469424910903046,0.0700756189289982,0.3944575175205087,0.0748029351234436,0.0,0.0748029351234436,0.0748029351234436,1,True,"Success (standoff NOT corrected: out of range on the far side (seek disabled) (err n/a, 0 steps, travel 0.0 mm))",2026-09-14 14:39:41
106,225,-0.0768541104163369,0.0700767562207395,0.3946594456304287,0.0735256075859069,0.0,0.0735256075859069,0.0735256075859069,1,True,"Success (standoff NOT corrected: out of range on the far side (seek disabled) (err n/a, 0 steps, travel 0.0 mm))",2026-09-14 14:39:47
106,226,-0.1067657304593312,0.0700779050982466,0.3948612203259152,0.0869518518447876,0.0,0.0869518518447876,0.0869518518447876,1,True,"Success (standoff NOT corrected: out of range on the far side (seek disabled) (err n/a, 0 steps, travel 0.0 mm))",2026-09-14 14:39:53
106,227,-0.1366767098814048,0.070079109095125,0.3950627517241485,0.1548671722412109,0.0,0.1548671722412109,0.1548671722412109,1,True,"Success (standoff NOT corrected: out of range on the far side (seek disabled) (err n/a, 0 steps, travel 0.0 mm))",2026-09-14 14:39:59
106,228,-0.1665168988847598,0.0700851409103035,0.3952540362076478,0.3546422719955444,0.0,0.3546422719955444,0.3546422719955444,1,True,"Success (standoff NOT corrected: out of range on the far side (seek disabled) (err n/a, 0 steps, travel 0.0 mm))",2026-09-14 14:40:05
106,229,-0.1963570920993138,0.0700912106639177,0.3954448145177445,0.1464062929153442,0.0,0.1464062929153442,0.1464062929153442,1,True,"Success (standoff NOT corrected: out of range on the far side (seek disabled) (err n/a, 0 steps, travel 0.0 mm))",2026-09-14 14:40:10
106,230,-0.2261972919493189,0.0700973182637722,0.3956350866719202,0.2470359206199646,0.0,0.2470359206199646,0.2470359206199646,1,True,"Success (standoff NOT corrected: out of range on the far side (seek disabled) (err n/a, 0 steps, travel 0.0 mm))",2026-09-14 14:40:16
106,231,-0.2560378725730556,0.0701045984742342,0.3959516050374084,0.113462209701538,0.0,0.113462209701538,0.113462209701538,1,True,"Success (standoff NOT corrected: out of range on the far side (seek disabled) (err n/a, 0 steps, travel 0.0 mm))",2026-09-14 14:40:21
106,232,-0.2858802779074427,0.0701174564091238,0.3968869433939124,0.0602903962135314,0.0,0.0602903962135314,0.0602903962135314,1,True,"Success (standoff NOT corrected: out of range on the far side (seek disabled) (err n/a, 0 steps, travel 0.0 mm))",2026-09-14 14:40:27
106,233,-0.3157226918074485,0.0701303442073753,0.3978218708535724,0.0892218947410583,0.0,0.0892218947410583,0.0892218947410583,1,True,"Success (standoff NOT corrected: out of range on the far side (seek disabled) (err n/a, 0 steps, travel 0.0 mm))",2026-09-14 14:40:33
106,234,-0.3455651160401349,0.0701432617097782,0.3987563874447233,0.0789636373519897,0.0,0.0789636373519897,0.0789636373519897,1,True,"Success (standoff NOT corrected: out of range on the far side (seek disabled) (err n/a, 0 steps, travel 0.0 mm))",2026-09-14 14:40:38
106,235,-0.3753606646281453,0.0701631619438875,0.3996736132891658,0.0678500533103942,0.0,0.0678500533103942,0.0678500533103942,1,True,"Success (standoff NOT corrected: out of range on the far side (seek disabled) (err n/a, 0 steps, travel 0.0 mm))",2026-09-14 14:40:44
106,236,-0.4050023202009494,0.0702060067469729,0.4005337660236355,0.0806778669357299,0.0,0.0806778669357299,0.0806778669357299,1,True,"Success (standoff NOT corrected: out of range on the far side (seek disabled) (err n/a, 0 steps, travel 0.0 mm))",2026-09-14 14:40:49
106,237,-0.4341692538499393,0.070530654157068,0.4019658124872761,0.087628960609436,0.0,0.087628960609436,0.087628960609436,1,True,"Success (standoff NOT corrected: out of range on the far side (seek disabled) (err n/a, 0 steps, travel 0.0 mm))",2026-09-14 14:40:55
106,238,-0.4637588851078944,0.0707142395837285,0.4038712820252859,0.2360200881958007,0.0,0.2360200881958007,0.2360200881958007,1,True,"Success (standoff NOT corrected: out of range on the far side (seek disabled) (err n/a, 0 steps, travel 0.0 mm))",2026-09-14 14:41:01
106,239,-0.4935217984859033,0.0708387508018409,0.4059649199468169,0.0488841533660888,0.0,0.0488841533660888,0.0488841533660888,1,True,"Success (standoff NOT corrected: out of range on the far side (seek disabled) (err n/a, 0 steps, travel 0.0 mm))",2026-09-14 14:41:07
106,240,-0.5232847469451438,0.0709632866052511,0.4080577118053936,0.0928917527198791,0.0,0.0928917527198791,0.0928917527198791,1,True,"Success (standoff NOT corrected: out of range on the far side (seek disabled) (err n/a, 0 steps, travel 0.0 mm))",2026-09-14 14:41:12
106,241,-0.5391360666438423,0.0710296214653426,0.4091719563835412,0.0609427690505981,0.0,0.0609427690505981,0.0609427690505981,1,True,"Success (standoff NOT corrected: out of range on the far side (seek disabled) (err n/a, 0 steps, travel 0.0 mm))",2026-09-14 14:41:18
106,242,-0.5401912055577276,0.1010296214653427,0.4109406684946781,0.0673127174377441,0.0,0.0673127174377441,0.0673127174377441,1,True,"Success (standoff NOT corrected: out of range on the far side (seek disabled) (err n/a, 0 steps, travel 0.0 mm))",2026-09-14 14:41:25
106,243,-0.510475316956871,0.1008692627150279,0.4088493225057155,0.1730701327323913,0.0,0.1730701327323913,0.1730701327323913,1,True,"Success (standoff NOT corrected: out of range on the far side (seek disabled) (err n/a, 0 steps, travel 0.0 mm))",2026-09-14 14:41:31
106,244,-0.4807594882055921,0.1007089434359821,0.4067565739378055,0.1046127080917358,0.0,0.1046127080917358,0.1046127080917358,1,True,"Success (standoff NOT corrected: out of range on the far side (seek disabled) (err n/a, 0 steps, travel 0.0 mm))",2026-09-14 14:41:38
106,245,-0.4511693811925152,0.1005250068925963,0.4049741109874197,0.1510339975357055,0.0,0.1510339975357055,0.1510339975357055,1,True,"Success (standoff NOT corrected: out of range on the far side (seek disabled) (err n/a, 0 steps, travel 0.0 mm))",2026-09-14 14:41:44
106,246,-0.4217163812358064,0.1003155318613384,0.4035262651309395,0.3253847360610962,0.0,0.3253847360610962,0.3253847360610962,1,True,"Success (standoff NOT corrected: out of range on the far side (seek disabled) (err n/a, 0 steps, travel 0.0 mm))",2026-09-14 14:41:50
106,247,-0.3921118723649044,0.10019381309595,0.4023571973391934,0.1565727591514587,0.0,0.1565727591514587,0.1565727591514587,1,True,"Success (standoff NOT corrected: out of range on the far side (seek disabled) (err n/a, 0 steps, travel 0.0 mm))",2026-09-14 14:41:57
106,248,-0.3623435284101126,0.1001666786995302,0.4014935806078473,0.3388288617134094,0.0,0.3388288617134094,0.3388288617134094,1,True,"Success (standoff NOT corrected: out of range on the far side (seek disabled) (err n/a, 0 steps, travel 0.0 mm))",2026-09-14 14:42:04
106,249,-0.3325539345371739,0.100145246890246,0.4005945854297353,0.1504227519035339,0.0,0.1504227519035339,0.1504227519035339,1,True,"Success (standoff NOT corrected: out of range on the far side (seek disabled) (err n/a, 0 steps, travel 0.0 mm))",2026-09-14 14:42:10
106,250,-0.3027432269019563,0.1001294613368943,0.3996607171917536,0.0726893544197082,0.0,0.0726893544197082,0.0726893544197082,1,True,"Success (standoff NOT corrected: out of range on the far side (seek disabled) (err n/a, 0 steps, travel 0.0 mm))",2026-09-14 14:42:17
106,251,-0.2729325345135314,0.1001137201499599,0.3987262354985695,0.0772252678871154,0.0,0.0772252678871154,0.0772252678871154,1,True,"Success (standoff NOT corrected: out of range on the far side (seek disabled) (err n/a, 0 steps, travel 0.0 mm))",2026-09-14 14:42:23
106,252,-0.2431008670799657,0.1001011841362515,0.3979998571663852,0.3504320979118347,0.0,0.3504320979118347,0.3504320979118347,1,True,"Success (standoff NOT corrected: out of range on the far side (seek disabled) (err n/a, 0 steps, travel 0.0 mm))",2026-09-14 14:42:29
106,253,-0.2132152860646865,0.1000967966815183,0.3978093337274956,0.1406648755073547,0.0,0.1406648755073547,0.1406648755073547,1,True,"Success (standoff NOT corrected: out of range on the far side (seek disabled) (err n/a, 0 steps, travel 0.0 mm))",2026-09-14 14:42:36
106,254,-0.183329709574642,0.1000924285281814,0.3976185515831682,0.1606279611587524,0.0,0.1606279611587524,0.1606279611587524,1,True,"Success (standoff NOT corrected: out of range on the far side (seek disabled) (err n/a, 0 steps, travel 0.0 mm))",2026-09-14 14:42:42
106,255,-0.1534441367239853,0.1000880797103783,0.3974275107210575,0.1416891813278198,0.0,0.1416891813278198,0.1416891813278198,1,True,"Success (standoff NOT corrected: out of range on the far side (seek disabled) (err n/a, 0 steps, travel 0.0 mm))",2026-09-14 14:42:49
106,256,-0.1235585666268108,0.1000837502619455,0.397236211132846,0.1836356520652771,0.0,0.1836356520652771,0.1836356520652771,1,True,"Success (standoff NOT corrected: out of range on the far side (seek disabled) (err n/a, 0 steps, travel 0.0 mm))",2026-09-14 14:42:56
106,257,-0.0936729983971735,0.1000794402164178,0.3970446528142439,0.1432067155838012,0.0,0.1432067155838012,0.1432067155838012,1,True,"Success (standoff NOT corrected: out of range on the far side (seek disabled) (err n/a, 0 steps, travel 0.0 mm))",2026-09-14 14:43:02
106,258,-0.0637833676114167,0.100077739473844,0.3968439995687548,0.1285871863365173,0.0,0.1285871863365173,0.1285871863365173,1,True,"Success (standoff NOT corrected: out of range on the far side (seek disabled) (err n/a, 0 steps, travel 0.0 mm))",2026-09-14 14:43:09
106,259,-0.0338933385923874,0.1000763116037928,0.3966422377503061,0.0867578387260437,0.0,0.0867578387260437,0.0867578387260437,1,True,"Success (standoff NOT corrected: out of range on the far side (seek disabled) (err n/a, 0 steps, travel 0.0 mm))",2026-09-14 14:43:16
106,260,-0.0040033104417969,0.1000749017295368,0.3964402376799553,0.0592666864395141,0.0,0.0592666864395141,0.0592666864395141,1,True,"Success (standoff NOT corrected: out of range on the far side (seek disabled) (err n/a, 0 steps, travel 0.0 mm))",2026-09-14 14:43:23
106,261,-0.0147792829387285,0.1300770827534295,0.3987860799047975,0.0576713681221008,0.0,0.0576713681221008,0.0576713681221008,1,True,"Success (standoff NOT corrected: out of range on the far side (seek disabled) (err n/a, 0 steps, travel 0.0 mm))",2026-09-14 14:43:29
106,262,-0.0446336197871199,0.1300789937768913,0.3989875300111152,0.0725287199020385,0.0,0.0725287199020385,0.0725287199020385,1,True,"Success (standoff NOT corrected: out of range on the far side (seek disabled) (err n/a, 0 steps, travel 0.0 mm))",2026-09-14 14:43:37
106,263,-0.0745426385570353,0.1300822992650436,0.3991795612241223,0.3483143448829651,0.0,0.3483143448829651,0.3483143448829651,1,True,"Success (standoff NOT corrected: out of range on the far side (seek disabled) (err n/a, 0 steps, travel 0.0 mm))",2026-09-14 14:43:43
106,264,-0.1044534545921676,0.1300856615964815,0.3993711359325652,0.1309078931808471,0.0,0.1309078931808471,0.1309078931808471,1,True,"Success (standoff NOT corrected: out of range on the far side (seek disabled) (err n/a, 0 steps, travel 0.0 mm))",2026-09-14 14:43:50
106,265,-0.134364271995351,0.1300890356685894,0.3995625539650725,0.1599082350730896,0.0,0.1599082350730896,0.1599082350730896,1,True,"Success (standoff NOT corrected: out of range on the far side (seek disabled) (err n/a, 0 steps, travel 0.0 mm))",2026-09-14 14:43:57
106,266,-0.1642750911840669,0.1300924214655174,0.399753815324294,0.3747668862342834,0.0,0.3747668862342834,0.3747668862342834,1,True,"Success (standoff NOT corrected: out of range on the far side (seek disabled) (err n/a, 0 steps, travel 0.0 mm))",2026-09-14 14:44:04
106,267,-0.1941859125757818,0.1300958189713052,0.3999449200143566,0.1324295997619629,0.0,0.1324295997619629,0.1324295997619629,1,True,"Success (standoff NOT corrected: out of range on the far side (seek disabled) (err n/a, 0 steps, travel 0.0 mm))",2026-09-14 14:44:10
106,268,-0.2240967365879398,0.130099228169882,0.4001358680408645,0.1336702704429626,0.0,0.1336702704429626,0.1336702704429626,1,True,"Success (standoff NOT corrected: out of range on the far side (seek disabled) (err n/a, 0 steps, travel 0.0 mm))",2026-09-14 14:44:17
106,269,-0.2539974001096212,0.1301037833209952,0.4003770731814939,0.3241965174674988,0.0,0.3241965174674988,0.3241965174674988,1,True,"Success (standoff NOT corrected: out of range on the far side (seek disabled) (err n/a, 0 steps, travel 0.0 mm))",2026-09-14 14:44:24
106,270,-0.2837582717789366,0.1301239857611109,0.4013111255436262,0.0783348083496093,0.0,0.0783348083496093,0.0783348083496093,1,True,"Success (standoff NOT corrected: out of range on the far side (seek disabled) (err n/a, 0 steps, travel 0.0 mm))",2026-09-14 14:44:30
106,271,-0.3135191667813348,0.130144261649435,0.4022441646118801,0.1636284589767456,0.0,0.1636284589767456,0.1636284589767456,1,True,"Success (standoff NOT corrected: out of range on the far side (seek disabled) (err n/a, 0 steps, travel 0.0 mm))",2026-09-14 14:44:37
106,272,-0.3433172035136707,0.1301643039524226,0.4031390839657645,0.3264173865318298,0.0,0.3264173865318298,0.3264173865318298,1,True,"Success (standoff NOT corrected: out of range on the far side (seek disabled) (err n/a, 0 steps, travel 0.0 mm))",2026-09-14 14:44:43
106,273,-0.3731442873855812,0.1301841508511536,0.4040043511889456,0.2312442660331726,0.0,0.2312442660331726,0.2312442660331726,1,True,"Success (standoff NOT corrected: out of range on the far side (seek disabled) (err n/a, 0 steps, travel 0.0 mm))",2026-09-14 14:44:50
106,274,-0.4029713894666311,0.1302040337986919,0.4048690977235111,0.3790843486785888,0.0,0.3790843486785888,0.3790843486785888,1,True,"Success (standoff NOT corrected: out of range on the far side (seek disabled) (err n/a, 0 steps, travel 0.0 mm))",2026-09-14 14:44:57
106,275,-0.4325953489108347,0.1303381108627012,0.4062386917025049,0.2584680914878845,0.0,0.2584680914878845,0.2584680914878845,1,True,"Success (standoff NOT corrected: out of range on the far side (seek disabled) (err n/a, 0 steps, travel 0.0 mm))",2026-09-14 14:45:04
106,276,-0.4621855146382798,0.1304914060727771,0.4076895584573176,0.3610566258430481,0.0,0.3610566258430481,0.3610566258430481,1,True,"Success (standoff NOT corrected: out of range on the far side (seek disabled) (err n/a, 0 steps, travel 0.0 mm))",2026-09-14 14:45:10
106,277,-0.4917809454304163,0.1306539297795443,0.4092192633163069,0.3362753987312317,0.0,0.3362753987312317,0.3362753987312317,1,True,"Success (standoff NOT corrected: out of range on the far side (seek disabled) (err n/a, 0 steps, travel 0.0 mm))",2026-09-14 14:45:17
106,278,-0.5214116631531036,0.1308789501141981,0.4113108377924048,0.1915019750595092,0.0,0.1915019750595092,0.1915019750595092,1,True,"Success (standoff NOT corrected: out of range on the far side (seek disabled) (err n/a, 0 steps, travel 0.0 mm))",2026-09-14 14:45:24
106,279,-0.5412463444716131,0.1310296214653426,0.4127093806058152,0.1527205109596252,0.0,0.1527205109596252,0.1527205109596252,1,True,"Success (standoff NOT corrected: out of range on the far side (seek disabled) (err n/a, 0 steps, travel 0.0 mm))",2026-09-14 14:45:30
106,280,-0.5423014833854987,0.1610296214653426,0.4144780927169521,0.1074928045272827,0.0,0.1074928045272827,0.1074928045272827,1,True,"Success (standoff NOT corrected: out of range on the far side (seek disabled) (err n/a, 0 steps, travel 0.0 mm))",2026-09-14 14:45:37
106,281,-0.5128710040535527,0.1606522595377909,0.4123912821199285,0.162392258644104,0.0,0.162392258644104,0.162392258644104,1,True,"Success (standoff NOT corrected: out of range on the far side (seek disabled) (err n/a, 0 steps, travel 0.0 mm))",2026-09-14 14:45:44
106,282,-0.4832185946342413,0.160512994157326,0.4108956789351531,0.1315385103225708,0.0,0.1315385103225708,0.1315385103225708,1,True,"Success (standoff NOT corrected: out of range on the far side (seek disabled) (err n/a, 0 steps, travel 0.0 mm))",2026-09-14 14:45:51
106,283,-0.4535492413834585,0.1603920821910107,0.4094437961725343,0.1695570349693298,0.0,0.1695570349693298,0.1695570349693298,1,True,"Success (standoff NOT corrected: out of range on the far side (seek disabled) (err n/a, 0 steps, travel 0.0 mm))",2026-09-14 14:45:57
106,284,-0.4238799700251794,0.1602712765494318,0.4079898817517229,0.21535724401474,0.0,0.21535724401474,0.21535724401474,1,True,"Success (standoff NOT corrected: out of range on the far side (seek disabled) (err n/a, 0 steps, travel 0.0 mm))",2026-09-14 14:46:04
106,285,-0.3941212688978912,0.1601995594249209,0.4068096710151202,0.1885953545570373,0.0,0.1885953545570373,0.1885953545570373,1,True,"Success (standoff NOT corrected: out of range on the far side (seek disabled) (err n/a, 0 steps, travel 0.0 mm))",2026-09-14 14:46:11
106,286,-0.3642602707199387,0.1601838843041713,0.4059439373909648,0.1749083399772644,0.0,0.1749083399772644,0.1749083399772644,1,True,"Success (standoff NOT corrected: out of range on the far side (seek disabled) (err n/a, 0 steps, travel 0.0 mm))",2026-09-14 14:46:17
106,287,-0.3343992838433869,0.1601682316009972,0.4050778800045337,0.3371924161911011,0.0,0.3371924161911011,0.3371924161911011,1,True,"Success (standoff NOT corrected: out of range on the far side (seek disabled) (err n/a, 0 steps, travel 0.0 mm))",2026-09-14 14:46:24
106,288,-0.3045453713976931,0.1601521230631953,0.4042091331292465,0.1468795537948608,0.0,0.1468795537948608,0.1468795537948608,1,True,"Success (standoff NOT corrected: out of range on the far side (seek disabled) (err n/a, 0 steps, travel 0.0 mm))",2026-09-14 14:46:30
106,289,-0.2748740247979495,0.160123738232387,0.4032780763505544,0.0775051116943359,0.0,0.0775051116943359,0.0775051116943359,1,True,"Success (standoff NOT corrected: out of range on the far side (seek disabled) (err n/a, 0 steps, travel 0.0 mm))",2026-09-14 14:46:37
106,290,-0.2451399705290466,0.1601017287161049,0.4025273899596471,0.1581031084060669,0.0,0.1581031084060669,0.1581031084060669,1,True,"Success (standoff NOT corrected: out of range on the far side (seek disabled) (err n/a, 0 steps, travel 0.0 mm))",2026-09-14 14:46:44
106,291,-0.2152130662389197,0.1600989306024984,0.4023363320075543,0.1553663611412048,0.0,0.1553663611412048,0.1553663611412048,1,True,"Success (standoff NOT corrected: out of range on the far side (seek disabled) (err n/a, 0 steps, travel 0.0 mm))",2026-09-14 14:46:51
106,292,-0.1852861639593648,0.160096140311525,0.4021451691171994,0.1643279194831848,0.0,0.1643279194831848,0.1643279194831848,1,True,"Success (standoff NOT corrected: out of range on the far side (seek disabled) (err n/a, 0 steps, travel 0.0 mm))",2026-09-14 14:46:58
106,293,-0.1553592634615348,0.160093357852056,0.4019539012846974,0.2331748604774475,0.0,0.2331748604774475,0.2331748604774475,1,True,"Success (standoff NOT corrected: out of range on the far side (seek disabled) (err n/a, 0 steps, travel 0.0 mm))",2026-09-14 14:47:04
106,294,-0.1254323645165709,0.1600905832329133,0.4017625285068258,0.351826548576355,0.0,0.351826548576355,0.351826548576355,1,True,"Success (standoff NOT corrected: out of range on the far side (seek disabled) (err n/a, 0 steps, travel 0.0 mm))",2026-09-14 14:47:11
106,295,-0.0955054668956028,0.1600878164628692,0.4015710507810255,0.2381405234336853,0.0,0.2381405234336853,0.2381405234336853,1,True,"Success (standoff NOT corrected: out of range on the far side (seek disabled) (err n/a, 0 steps, travel 0.0 mm))",2026-09-14 14:47:18
106,296,-0.0655785703697513,0.1600850575506468,0.4013794681053994,0.1884922385215759,0.0,0.1884922385215759,0.1884922385215759,1,True,"Success (standoff NOT corrected: out of range on the far side (seek disabled) (err n/a, 0 steps, travel 0.0 mm))",2026-09-14 14:47:25
106,297,-0.0356516747101329,0.1600823065049192,0.4011877804787134,0.2460485696792602,0.0,0.2460485696792602,0.2460485696792602,1,True,"Success (standoff NOT corrected: out of range on the far side (seek disabled) (err n/a, 0 steps, travel 0.0 mm))",2026-09-14 14:47:32
106,298,-0.0057247796878594,0.1600795633343099,0.4009959879003963,0.077412724494934,0.0,0.077412724494934,0.077412724494934,1,True,"Success (standoff NOT corrected: out of range on the far side (seek disabled) (err n/a, 0 steps, travel 0.0 mm))",2026-09-14 14:47:39
106,299,-0.0124603935234861,0.1900835315429214,0.4032965706478284,0.0828942656517028,0.0,0.0828942656517028,0.0828942656517028,1,True,"Success (standoff NOT corrected: out of range on the far side (seek disabled) (err n/a, 0 steps, travel 0.0 mm))",2026-09-14 14:47:46
106,300,-0.0423984277099953,0.1900858623342564,0.4034882941133921,0.1183530688285827,0.0,0.1183530688285827,0.1183530688285827,1,True,"Success (standoff NOT corrected: out of range on the far side (seek disabled) (err n/a, 0 steps, travel 0.0 mm))",2026-09-14 14:47:53
106,301,-0.072336462564861,0.1900881987585561,0.4036799424026567,0.1182663440704345,0.0,0.1182663440704345,0.1182663440704345,1,True,"Success (standoff NOT corrected: out of range on the far side (seek disabled) (err n/a, 0 steps, travel 0.0 mm))",2026-09-14 14:48:00
106,302,-0.1022744982268404,0.1900905408105559,0.4038715155164567,0.2216660976409912,0.0,0.2216660976409912,0.2216660976409912,1,True,"Success (standoff NOT corrected: out of range on the far side (seek disabled) (err n/a, 0 steps, travel 0.0 mm))",2026-09-14 14:48:07
106,303,-0.1322125348346892,0.1900928884849659,0.4040630134559668,0.361502468585968,0.0,0.361502468585968,0.361502468585968,1,True,"Success (standoff NOT corrected: out of range on the far side (seek disabled) (err n/a, 0 steps, travel 0.0 mm))",2026-09-14 14:48:14
106,304,-0.1621505725271568,0.1900952417764705,0.4042544362227018,0.2001246809959411,0.0,0.2001246809959411,0.2001246809959411,1,True,"Success (standoff NOT corrected: out of range on the far side (seek disabled) (err n/a, 0 steps, travel 0.0 mm))",2026-09-14 14:48:21
106,305,-0.1920886114429882,0.1900976006797291,0.4044457838185161,0.1708105206489563,0.0,0.1708105206489563,0.1708105206489563,1,True,"Success (standoff NOT corrected: out of range on the far side (seek disabled) (err n/a, 0 steps, travel 0.0 mm))",2026-09-14 14:48:28
106,306,-0.2220266517209224,0.1900999651893754,0.4046370562456047,0.1645565032958984,0.0,0.1645565032958984,0.1645565032958984,1,True,"Success (standoff NOT corrected: out of range on the far side (seek disabled) (err n/a, 0 steps, travel 0.0 mm))",2026-09-14 14:48:35
106,307,-0.2519646934996904,0.190102335300018,0.4048282535065022,0.1418828964233398,0.0,0.1418828964233398,0.1418828964233398,1,True,"Success (standoff NOT corrected: out of range on the far side (seek disabled) (err n/a, 0 steps, travel 0.0 mm))",2026-09-14 14:48:42
106,308,-0.2814438757013353,0.1901479183687954,0.405731295364127,0.1117968559265136,0.0,0.1117968559265136,0.1117968559265136,1,True,"Success (standoff NOT corrected: out of range on the far side (seek disabled) (err n/a, 0 steps, travel 0.0 mm))",2026-09-14 14:48:48
106,309,-0.3112801899419648,0.1901646486342479,0.4066047007052138,0.1656451821327209,0.0,0.1656451821327209,0.1656451821327209,1,True,"Success (standoff NOT corrected: out of range on the far side (seek disabled) (err n/a, 0 steps, travel 0.0 mm))",2026-09-14 14:48:55
106,310,-0.3411632405304299,0.1901775632788562,0.4074713882552642,0.1804167032241821,0.0,0.1804167032241821,0.1804167032241821,1,True,"Success (standoff NOT corrected: out of range on the far side (seek disabled) (err n/a, 0 steps, travel 0.0 mm))",2026-09-14 14:49:02
106,311,-0.3710462984805847,0.1901904932400454,0.4083378551953738,0.2943000197410583,0.0,0.2943000197410583,0.2943000197410583,1,True,"Success (standoff NOT corrected: out of range on the far side (seek disabled) (err n/a, 0 steps, travel 0.0 mm))",2026-09-14 14:49:08
106,312,-0.4009293644850693,0.1902034384319554,0.4092041015440293,0.1805561780929565,0.0,0.1805561780929565,0.1805561780929565,1,True,"Success (standoff NOT corrected: out of range on the far side (seek disabled) (err n/a, 0 steps, travel 0.0 mm))",2026-09-14 14:49:15
106,313,-0.4306932548388928,0.1902800545625615,0.4105033460661944,0.1792469620704651,0.0,0.1792469620704651,0.1792469620704651,1,True,"Success (standoff NOT corrected: out of range on the far side (seek disabled) (err n/a, 0 steps, travel 0.0 mm))",2026-09-14 14:49:22
106,314,-0.4604140602245261,0.190379772334128,0.4119581157941399,0.1715487241744995,0.0,0.1715487241744995,0.1715487241744995,1,True,"Success (standoff NOT corrected: out of range on the far side (seek disabled) (err n/a, 0 steps, travel 0.0 mm))",2026-09-14 14:49:29
106,315,-0.4901349201574694,0.1904795630644776,0.413411501189445,0.0926709175109863,0.0,0.0926709175109863,0.0926709175109863,1,True,"Success (standoff NOT corrected: out of range on the far side (seek disabled) (err n/a, 0 steps, travel 0.0 mm))",2026-09-14 14:49:36
106,316,-0.5198558447799839,0.1905794225992597,0.4148635024801753,0.1105529069900512,0.0,0.1105529069900512,0.1105529069900512,1,True,"Success (standoff NOT corrected: out of range on the far side (seek disabled) (err n/a, 0 steps, travel 0.0 mm))",2026-09-14 14:49:42
106,317,-0.543356622299384,0.1910296214653426,0.416246804828089,0.0896915793418884,0.0,0.0896915793418884,0.0896915793418884,1,True,"Success (standoff NOT corrected: out of range on the far side (seek disabled) (err n/a, 0 steps, travel 0.0 mm))",2026-09-14 14:49:49
106,318,-0.5452881250979442,0.2198712265613708,0.4183453779039772,0.0943413376808166,0.0,0.0943413376808166,0.0943413376808166,1,True,"Success (standoff NOT corrected: out of range on the far side (seek disabled) (err n/a, 0 steps, travel 0.0 mm))",2026-09-14 14:49:56
106,319,-0.5153877494119001,0.2200118337498044,0.4168105435911978,0.1237264275550842,0.0,0.1237264275550842,0.1237264275550842,1,True,"Success (standoff NOT corrected: out of range on the far side (seek disabled) (err n/a, 0 steps, travel 0.0 mm))",2026-09-14 14:50:02
106,320,-0.4855678570673907,0.2200830327967257,0.4153421314291331,0.0946840643882751,0.0,0.0946840643882751,0.0946840643882751,1,True,"Success (standoff NOT corrected: out of range on the far side (seek disabled) (err n/a, 0 steps, travel 0.0 mm))",2026-09-14 14:50:09
106,321,-0.4557742585766329,0.2201316166849598,0.4138949411188965,0.1811593770980835,0.0,0.1811593770980835,0.1811593770980835,1,True,"Success (standoff NOT corrected: out of range on the far side (seek disabled) (err n/a, 0 steps, travel 0.0 mm))",2026-09-14 14:50:16
106,322,-0.4259806857095147,0.2201802550835808,0.4124471195209601,0.1678532361984253,0.0,0.1678532361984253,0.1678532361984253,1,True,"Success (standoff NOT corrected: out of range on the far side (seek disabled) (err n/a, 0 steps, travel 0.0 mm))",2026-09-14 14:50:23
106,323,-0.3961395505856571,0.2202018838786334,0.4112623654902366,0.1790198683738708,0.0,0.1790198683738708,0.1790198683738708,1,True,"Success (standoff NOT corrected: out of range on the far side (seek disabled) (err n/a, 0 steps, travel 0.0 mm))",2026-09-14 14:50:29
106,324,-0.3662409789307603,0.2201908630635949,0.4103956741139782,0.1731652021408081,0.0,0.1731652021408081,0.1731652021408081,1,True,"Success (standoff NOT corrected: out of range on the far side (seek disabled) (err n/a, 0 steps, travel 0.0 mm))",2026-09-14 14:50:36
106,325,-0.3363424131285162,0.220179853286991,0.4095288228391187,0.1812461018562317,0.0,0.1812461018562317,0.1812461018562317,1,True,"Success (standoff NOT corrected: out of range on the far side (seek disabled) (err n/a, 0 steps, travel 0.0 mm))",2026-09-14 14:50:42
106,326,-0.3064438527514721,0.2201688546018226,0.408661811654063,0.1340660452842712,0.0,0.1340660452842712,0.1340660452842712,1,True,"Success (standoff NOT corrected: out of range on the far side (seek disabled) (err n/a, 0 steps, travel 0.0 mm))",2026-09-14 14:50:49
106,327,-0.2765452973721241,0.2201578670609837,0.4077946405487556,0.0649231672286987,0.0,0.0649231672286987,0.0649231672286987,1,True,"Success (standoff NOT corrected: out of range on the far side (seek disabled) (err n/a, 0 steps, travel 0.0 mm))",2026-09-14 14:50:56
106,328,-0.247167902779565,0.2201019819855785,0.4070549179100799,0.1574867963790893,0.0,0.1574867963790893,0.1574867963790893,1,True,"Success (standoff NOT corrected: out of range on the far side (seek disabled) (err n/a, 0 steps, travel 0.0 mm))",2026-09-14 14:51:03
106,329,-0.2172216908793054,0.2200999279481285,0.4068635905107449,0.1643836498260498,0.0,0.1643836498260498,0.1643836498260498,1,True,"Success (standoff NOT corrected: out of range on the far side (seek disabled) (err n/a, 0 steps, travel 0.0 mm))",2026-09-14 14:51:09
106,330,-0.187275480105074,0.2200978781191102,0.406672206634463,0.1539605855941772,0.0,0.1539605855941772,0.1539605855941772,1,True,"Success (standoff NOT corrected: out of range on the far side (seek disabled) (err n/a, 0 steps, travel 0.0 mm))",2026-09-14 14:51:16
106,331,-0.1573292703665165,0.2200958325020361,0.4064807662795722,0.1766899228096008,0.0,0.1766899228096008,0.1766899228096008,1,True,"Success (standoff NOT corrected: out of range on the far side (seek disabled) (err n/a, 0 steps, travel 0.0 mm))",2026-09-14 14:51:23
106,332,-0.1273830615732751,0.220093791100404,0.406289269444602,0.1856455206871032,0.0,0.1856455206871032,0.1856455206871032,1,True,"Success (standoff NOT corrected: out of range on the far side (seek disabled) (err n/a, 0 steps, travel 0.0 mm))",2026-09-14 14:51:30
106,333,-0.0974368536349885,0.2200917539176975,0.4060977161282746,0.1418110728263855,0.0,0.1418110728263855,0.1418110728263855,1,True,"Success (standoff NOT corrected: out of range on the far side (seek disabled) (err n/a, 0 steps, travel 0.0 mm))",2026-09-14 14:51:37
106,334,-0.0674906464612914,0.220089720957386,0.4059061063295035,0.0964683294296264,0.0,0.0964683294296264,0.0964683294296264,1,True,"Success (standoff NOT corrected: out of range on the far side (seek disabled) (err n/a, 0 steps, travel 0.0 mm))",2026-09-14 14:51:44
106,335,-0.0375444399618163,0.2200876922229245,0.4057144400473947,0.0965204834938049,0.0,0.0965204834938049,0.0965204834938049,1,True,"Success (standoff NOT corrected: out of range on the far side (seek disabled) (err n/a, 0 steps, travel 0.0 mm))",2026-09-14 14:51:51
106,336,-0.0075982340461939,0.2200856677177536,0.4055227172812455,0.0697359442710876,0.0,0.0697359442710876,0.0697359442710876,1,True,"Success (standoff NOT corrected: out of range on the far side (seek disabled) (err n/a, 0 steps, travel 0.0 mm))",2026-09-14 14:51:58
106,337,-0.0107019583734262,0.2490079208697566,0.4081873475914136,0.0792872905731201,0.0,0.0792872905731201,0.0792872905731201,1,True,"Success (standoff NOT corrected: out of range on the far side (seek disabled) (err n/a, 0 steps, travel 0.0 mm))",2026-09-14 14:52:05
106,338,-0.0406895628228729,0.2490159097112769,0.4083573438998804,0.2211111783981323,0.0,0.2211111783981323,0.2211111783981323,1,True,"Success (standoff NOT corrected: out of range on the far side (seek disabled) (err n/a, 0 steps, travel 0.0 mm))",2026-09-14 14:52:12
106,339,-0.070677167284233,0.2490238989422541,0.4085273360991576,0.1091286540031433,0.0,0.1091286540031433,0.1091286540031433,1,True,"Success (standoff NOT corrected: out of range on the far side (seek disabled) (err n/a, 0 steps, travel 0.0 mm))",2026-09-14 14:52:19
106,340,-0.1006647717589819,0.2490318885616989,0.4086973241891557,0.1015058159828186,0.0,0.1015058159828186,0.1015058159828186,1,True,"Success (standoff NOT corrected: out of range on the far side (seek disabled) (err n/a, 0 steps, travel 0.0 mm))",2026-09-14 14:52:26
106,341,-0.1306523762485962,0.2490398785686221,0.4088673081697864,0.1832351088523864,0.0,0.1832351088523864,0.1832351088523864,1,True,"Success (standoff NOT corrected: out of range on the far side (seek disabled) (err n/a, 0 steps, travel 0.0 mm))",2026-09-14 14:52:33
106,342,-0.1606399807545515,0.2490478689620339,0.4090372880409623,0.1583150029182434,0.0,0.1583150029182434,0.1583150029182434,1,True,"Success (standoff NOT corrected: out of range on the far side (seek disabled) (err n/a, 0 steps, travel 0.0 mm))",2026-09-14 14:52:40
106,343,-0.1906275852783232,0.2490558597409451,0.4092072638025971,0.1134178042411804,0.0,0.1134178042411804,0.1134178042411804,1,True,"Success (standoff NOT corrected: out of range on the far side (seek disabled) (err n/a, 0 steps, travel 0.0 mm))",2026-09-14 14:52:46
106,344,-0.2206151898213875,0.249063850904366,0.4093772354546054,0.1685622334480285,0.0,0.1685622334480285,0.1685622334480285,1,True,"Success (standoff NOT corrected: out of range on the far side (seek disabled) (err n/a, 0 steps, travel 0.0 mm))",2026-09-14 14:52:53
106,345,-0.2502163169400158,0.2489016134673684,0.4095929601016929,0.1327970623970031,0.0,0.1327970623970031,0.1327970623970031,1,True,"Success (standoff NOT corrected: out of range on the far side (seek disabled) (err n/a, 0 steps, travel 0.0 mm))",2026-09-14 14:53:00
106,346,-0.2798726653427972,0.2490706167192668,0.4102501608127776,0.0782462954521179,0.0,0.0782462954521179,0.0782462954521179,1,True,"Success (standoff NOT corrected: out of range on the far side (seek disabled) (err n/a, 0 steps, travel 0.0 mm))",2026-09-14 14:53:06
106,347,-0.3097172083850774,0.2493181316042576,0.4110161887101302,0.0957036018371582,0.0,0.0957036018371582,0.0957036018371582,1,True,"Success (standoff NOT corrected: out of range on the far side (seek disabled) (err n/a, 0 steps, travel 0.0 mm))",2026-09-14 14:53:13
106,348,-0.3395617635180017,0.2495657790423739,0.411780561133984,0.2410611510276794,0.0,0.2410611510276794,0.2410611510276794,1,True,"Success (standoff NOT corrected: out of range on the far side (seek disabled) (err n/a, 0 steps, travel 0.0 mm))",2026-09-14 14:53:20
106,349,-0.369300893958659,0.2498333933621042,0.4126551075707304,0.1378682255744934,0.0,0.1378682255744934,0.1378682255744934,1,True,"Success (standoff NOT corrected: out of range on the far side (seek disabled) (err n/a, 0 steps, travel 0.0 mm))",2026-09-14 14:53:27
106,350,-0.3990310937923427,0.2501028720743636,0.4135364367315914,0.1413109898567199,0.0,0.1413109898567199,0.1413109898567199,1,True,"Success (standoff NOT corrected: out of range on the far side (seek disabled) (err n/a, 0 steps, travel 0.0 mm))",2026-09-14 14:53:33
106,351,-0.42852929773744,0.2500999238329676,0.4147476890299112,0.1588085293769836,0.0,0.1588085293769836,0.1588085293769836,1,True,"Success (standoff NOT corrected: out of range on the far side (seek disabled) (err n/a, 0 steps, travel 0.0 mm))",2026-09-14 14:53:40
106,352,-0.4582882339780811,0.2500130277181252,0.4162524134851028,0.1241064071655273,0.0,0.1241064071655273,0.1241064071655273,1,True,"Success (standoff NOT corrected: out of range on the far side (seek disabled) (err n/a, 0 steps, travel 0.0 mm))",2026-09-14 14:53:47
106,353,-0.4882277638611068,0.2499647682744264,0.4177965400907646,0.0721850991249084,0.0,0.0721850991249084,0.0721850991249084,1,True,"Success (standoff NOT corrected: out of range on the far side (seek disabled) (err n/a, 0 steps, travel 0.0 mm))",2026-09-14 14:53:54
106,354,-0.5181672941656348,0.2499165141401056,0.4193406114859738,0.0993677973747253,0.0,0.0993677973747253,0.0993677973747253,1,True,"Success (standoff NOT corrected: out of range on the far side (seek disabled) (err n/a, 0 steps, travel 0.0 mm))",2026-09-14 14:54:00
106,355,-0.5462692515389156,0.2498712265613708,0.42078986348679,0.1416745781898498,0.0,0.1416745781898498,0.1416745781898498,1,True,"Success (standoff NOT corrected: out of range on the far side (seek disabled) (err n/a, 0 steps, travel 0.0 mm))",2026-09-14 14:54:07
106,356,-0.547250377979887,0.2798712265613707,0.423234349069603,0.1135146617889404,0.0,0.1135146617889404,0.1135146617889404,1,True,"Success (standoff NOT corrected: out of range on the far side (seek disabled) (err n/a, 0 steps, travel 0.0 mm))",2026-09-14 14:54:14
106,357,-0.5173473143325846,0.2798067259737287,0.4216831717021974,0.1255452632904052,0.0,0.1255452632904052,0.1255452632904052,1,True,"Success (standoff NOT corrected: out of range on the far side (seek disabled) (err n/a, 0 steps, travel 0.0 mm))",2026-09-14 14:54:21
106,358,-0.4874442541237496,0.2797422336565804,0.4201318463852359,0.1244711875915527,0.0,0.1244711875915527,0.1244711875915527,1,True,"Success (standoff NOT corrected: out of range on the far side (seek disabled) (err n/a, 0 steps, travel 0.0 mm))",2026-09-14 14:54:28
106,359,-0.4575411971000778,0.2796777498969103,0.4185803731292249,0.0851017236709594,0.0,0.0851017236709594,0.0851017236709594,1,True,"Success (standoff NOT corrected: out of range on the far side (seek disabled) (err n/a, 0 steps, travel 0.0 mm))",2026-09-14 14:54:34
106,360,-0.4277862066852638,0.2795099421004648,0.4170593190288159,0.1074334979057312,0.0,0.1074334979057312,0.1074334979057312,1,True,"Success (standoff NOT corrected: out of range on the far side (seek disabled) (err n/a, 0 steps, travel 0.0 mm))",2026-09-14 14:54:42
106,361,-0.3987902627418882,0.2791012012331548,0.4161174044305277,0.0910940766334533,0.0,0.0910940766334533,0.0910940766334533,1,True,"Success (standoff NOT corrected: out of range on the far side (seek disabled) (err n/a, 0 steps, travel 0.0 mm))",2026-09-14 14:54:48
106,362,-0.3688933497806028,0.2790425885055997,0.4153959387705856,0.1393565535545349,0.0,0.1393565535545349,0.1393565535545349,1,True,"Success (standoff NOT corrected: out of range on the far side (seek disabled) (err n/a, 0 steps, travel 0.0 mm))",2026-09-14 14:54:55
106,363,-0.3389561365189824,0.2789977938808001,0.414646593064826,0.1361414790153503,0.0,0.1361414790153503,0.1361414790153503,1,True,"Success (standoff NOT corrected: out of range on the far side (seek disabled) (err n/a, 0 steps, travel 0.0 mm))",2026-09-14 14:55:02
106,364,-0.3090189245040997,0.2789530077031289,0.4138971501346065,0.0840359926223754,0.0,0.0840359926223754,0.0840359926223754,1,True,"Success (standoff NOT corrected: out of range on the far side (seek disabled) (err n/a, 0 steps, travel 0.0 mm))",2026-09-14 14:55:08
106,365,-0.2790817135792736,0.2789082301037258,0.4131476099895492,0.066920518875122,0.0,0.066920518875122,0.066920518875122,1,True,"Success (standoff NOT corrected: out of range on the far side (seek disabled) (err n/a, 0 steps, travel 0.0 mm))",2026-09-14 14:55:15
106,366,-0.2492747206811465,0.2788983288383234,0.4126214734070482,0.0745841860771179,0.0,0.0745841860771179,0.0745841860771179,1,True,"Success (standoff NOT corrected: out of range on the far side (seek disabled) (err n/a, 0 steps, travel 0.0 mm))",2026-09-14 14:55:22
106,367,-0.2195587997092836,0.2789129362170812,0.4122503396804229,0.0880941748619079,0.0,0.0880941748619079,0.0880941748619079,1,True,"Success (standoff NOT corrected: out of range on the far side (seek disabled) (err n/a, 0 steps, travel 0.0 mm))",2026-09-14 14:55:29
106,368,-0.189709613223888,0.2790439844577069,0.4120601516904441,0.0770947337150573,0.0,0.0770947337150573,0.0770947337150573,1,True,"Success (standoff NOT corrected: out of range on the far side (seek disabled) (err n/a, 0 steps, travel 0.0 mm))",2026-09-14 14:55:35
106,369,-0.1597497284501783,0.2790571499077131,0.4118868429804649,0.083363652229309,0.0,0.083363652229309,0.083363652229309,1,True,"Success (standoff NOT corrected: out of range on the far side (seek disabled) (err n/a, 0 steps, travel 0.0 mm))",2026-09-14 14:55:42
106,370,-0.1297673965410821,0.2790456239531905,0.411716556803723,0.1330414414405822,0.0,0.1330414414405822,0.1330414414405822,1,True,"Success (standoff NOT corrected: out of range on the far side (seek disabled) (err n/a, 0 steps, travel 0.0 mm))",2026-09-14 14:55:49
106,371,-0.0997850646681917,0.2790340988012967,0.4115462620769273,0.0914248824119567,0.0,0.0914248824119567,0.0914248824119567,1,True,"Success (standoff NOT corrected: out of range on the far side (seek disabled) (err n/a, 0 steps, travel 0.0 mm))",2026-09-14 14:55:55
106,372,-0.0698027328270782,0.2790225744550012,0.4113759588003384,0.1031839847564697,0.0,0.1031839847564697,0.1031839847564697,1,True,"Success (standoff NOT corrected: out of range on the far side (seek disabled) (err n/a, 0 steps, travel 0.0 mm))",2026-09-14 14:56:02
106,373,-0.0398204010133125,0.2790110509172731,0.4112056469742213,0.1106965541839599,0.0,0.1106965541839599,0.1106965541839599,1,True,"Success (standoff NOT corrected: out of range on the far side (seek disabled) (err n/a, 0 steps, travel 0.0 mm))",2026-09-14 14:56:08
106,374,-0.0098380692224662,0.2789995281910808,0.4110353265988453,0.0851032137870788,0.0,0.0851032137870788,0.0851032137870788,1,True,"Success (standoff NOT corrected: out of range on the far side (seek disabled) (err n/a, 0 steps, travel 0.0 mm))",2026-09-14 14:56:14
106,375,-0.0088792534640196,0.3089182034684676,0.4139400781842258,0.1279133558273315,0.0,0.1279133558273315,0.1279133558273315,1,True,"Success (standoff NOT corrected: out of range on the far side (seek disabled) (err n/a, 0 steps, travel 0.0 mm))",2026-09-14 14:56:21
106,376,-0.0387900604433657,0.3089983634415221,0.4140522613172885,0.1014047861099243,0.0,0.1014047861099243,0.1014047861099243,1,True,"Success (standoff NOT corrected: out of range on the far side (seek disabled) (err n/a, 0 steps, travel 0.0 mm))",2026-09-14 14:56:28
106,377,-0.0687587525777986,0.3090190291417159,0.4142234066631251,0.0880241394042968,0.0,0.0880241394042968,0.0880241394042968,1,True,"Success (standoff NOT corrected: out of range on the far side (seek disabled) (err n/a, 0 steps, travel 0.0 mm))",2026-09-14 14:56:36
106,378,-0.098727444795811,0.3090396974455328,0.4143945245104238,0.1095384359359741,0.0,0.1095384359359741,0.1095384359359741,1,True,"Success (standoff NOT corrected: out of range on the far side (seek disabled) (err n/a, 0 steps, travel 0.0 mm))",2026-09-14 14:56:43
106,379,-0.1286961371229511,0.309060368335846,0.4145656148576585,0.0894036889076232,0.0,0.0894036889076232,0.0894036889076232,1,True,"Success (standoff NOT corrected: out of range on the far side (seek disabled) (err n/a, 0 steps, travel 0.0 mm))",2026-09-14 14:56:49
106,380,-0.1586245139285031,0.3090115463336836,0.4147521975290981,0.0638416409492492,0.0,0.0638416409492492,0.0638416409492492,1,True,"Success (standoff NOT corrected: out of range on the far side (seek disabled) (err n/a, 0 steps, travel 0.0 mm))",2026-09-14 14:56:56
106,381,-0.1885350737555338,0.308932034756594,0.4149453946447561,0.059443712234497,0.0,0.059443712234497,0.059443712234497,1,True,"Success (standoff NOT corrected: out of range on the far side (seek disabled) (err n/a, 0 steps, travel 0.0 mm))",2026-09-14 14:57:03
106,382,-0.2183833703425561,0.3089064563098893,0.4152759408995973,0.083145797252655,0.0,0.083145797252655,0.083145797252655,1,True,"Success (standoff NOT corrected: out of range on the far side (seek disabled) (err n/a, 0 steps, travel 0.0 mm))",2026-09-14 14:57:10
106,383,-0.2482122691175015,0.3088977296736677,0.4156488436883483,0.0926917791366577,0.0,0.0926917791366577,0.0926917791366577,1,True,"Success (standoff NOT corrected: out of range on the far side (seek disabled) (err n/a, 0 steps, travel 0.0 mm))",2026-09-14 14:57:17
106,384,-0.2780480948907653,0.3088957117496788,0.4160539449400245,0.0493529438972473,0.0,0.0493529438972473,0.0493529438972473,1,True,"Success (standoff NOT corrected: out of range on the far side (seek disabled) (err n/a, 0 steps, travel 0.0 mm))",2026-09-14 14:57:39
106,385,-0.3079571012335087,0.3089640917803794,0.4168052627448512,0.0877076387405395,0.0,0.0877076387405395,0.0877076387405395,1,True,"Success (standoff NOT corrected: out of range on the far side (seek disabled) (err n/a, 0 steps, travel 0.0 mm))",2026-09-14 14:57:45
106,386,-0.3378661102087661,0.3090324917404238,0.4175563538332705,0.1104229688644409,0.0,0.1104229688644409,0.1104229688644409,1,True,"Success (standoff NOT corrected: out of range on the far side (seek disabled) (err n/a, 0 steps, travel 0.0 mm))",2026-09-14 14:57:52
106,387,-0.3677776048749552,0.3090888379699853,0.4182672659847398,0.0993615388870239,0.0,0.0993615388870239,0.0993615388870239,1,True,"Success (standoff NOT corrected: out of range on the far side (seek disabled) (err n/a, 0 steps, travel 0.0 mm))",2026-09-14 14:57:58
106,388,-0.3976932267896478,0.3091251415548633,0.4189116341113578,0.1842594146728515,0.0,0.1842594146728515,0.1842594146728515,1,True,"Success (standoff NOT corrected: out of range on the far side (seek disabled) (err n/a, 0 steps, travel 0.0 mm))",2026-09-14 14:58:05
106,389,-0.4272178109709896,0.3092142481869598,0.4197640254870882,0.1011878252029419,0.0,0.1011878252029419,0.1011878252029419,1,True,"Success (standoff NOT corrected: out of range on the far side (seek disabled) (err n/a, 0 steps, travel 0.0 mm))",2026-09-14 14:58:11
106,390,-0.4567054731331976,0.3095190962510384,0.4209953889009448,0.1038938760757446,0.0,0.1038938760757446,0.1038938760757446,1,True,"Success (standoff NOT corrected: out of range on the far side (seek disabled) (err n/a, 0 steps, travel 0.0 mm))",2026-09-14 14:58:18
106,391,-0.4864694870262296,0.3096846002255671,0.4224702902915224,0.1785361766815185,0.0,0.1785361766815185,0.1785361766815185,1,True,"Success (standoff NOT corrected: out of range on the far side (seek disabled) (err n/a, 0 steps, travel 0.0 mm))",2026-09-14 14:58:24
106,392,-0.5163497731994664,0.3097748807332531,0.4240227296905341,0.1616021990776062,0.0,0.1616021990776062,0.1616021990776062,1,True,"Success (standoff NOT corrected: out of range on the far side (seek disabled) (err n/a, 0 steps, travel 0.0 mm))",2026-09-14 14:58:30
106,393,-0.546230065866893,0.3098651777286875,0.4255748791213672,0.0578752160072326,0.0,0.0578752160072326,0.0578752160072326,1,True,"Success (standoff NOT corrected: out of range on the far side (seek disabled) (err n/a, 0 steps, travel 0.0 mm))",2026-09-14 14:58:37
106,394,-0.5482315044208581,0.3098712265613708,0.4256788346524158,0.1255971193313598,0.0,0.1255971193313598,0.1255971193313598,1,True,"Success (standoff NOT corrected: out of range on the far side (seek disabled) (err n/a, 0 steps, travel 0.0 mm))",2026-09-14 14:58:43
106,395,-0.5492126308618293,0.3398712265613708,0.4281233202352288,0.0612363219261169,0.0,0.0612363219261169,0.0612363219261169,1,True,"Success (standoff NOT corrected: out of range on the far side (seek disabled) (err n/a, 0 steps, travel 0.0 mm))",2026-09-14 14:58:50
106,396,-0.5193854701109859,0.3397207406122418,0.4265688753907726,0.1644444465637207,0.0,0.1644444465637207,0.1644444465637207,1,True,"Success (standoff NOT corrected: out of range on the far side (seek disabled) (err n/a, 0 steps, travel 0.0 mm))",2026-09-14 14:58:56
106,397,-0.4896099357672807,0.3395495859231053,0.4251039919443611,0.1737469434738159,0.0,0.1737469434738159,0.1737469434738159,1,True,"Success (standoff NOT corrected: out of range on the far side (seek disabled) (err n/a, 0 steps, travel 0.0 mm))",2026-09-14 14:59:03
106,398,-0.4599353051138983,0.3393380882564528,0.4238136334961347,0.1330882310867309,0.0,0.1330882310867309,0.1330882310867309,1,True,"Success (standoff NOT corrected: out of range on the far side (seek disabled) (err n/a, 0 steps, travel 0.0 mm))",2026-09-14 14:59:10
106,399,-0.4302623444441087,0.3392002907966653,0.4227208807229016,0.1301711797714233,0.0,0.1301711797714233,0.1301711797714233,1,True,"Success (standoff NOT corrected: out of range on the far side (seek disabled) (err n/a, 0 steps, travel 0.0 mm))",2026-09-14 14:59:16
106,400,-0.4005911606480308,0.339141193263579,0.4218398204751865,0.0928035378456115,0.0,0.0928035378456115,0.0928035378456115,1,True,"Success (standoff NOT corrected: out of range on the far side (seek disabled) (err n/a, 0 steps, travel 0.0 mm))",2026-09-14 14:59:23
106,401,-0.3707016079493208,0.339111346824318,0.421147581685839,0.1635828614234924,0.0,0.1635828614234924,0.1635828614234924,1,True,"Success (standoff NOT corrected: out of range on the far side (seek disabled) (err n/a, 0 steps, travel 0.0 mm))",2026-09-14 14:59:29
106,402,-0.3407563247414609,0.3390889409016377,0.4205037918770332,0.1325315237045288,0.0,0.1325315237045288,0.1325315237045288,1,True,"Success (standoff NOT corrected: out of range on the far side (seek disabled) (err n/a, 0 steps, travel 0.0 mm))",2026-09-14 14:59:35
106,403,-0.3108602773670059,0.3390192668666076,0.4198165024491038,0.1413902640342712,0.0,0.1413902640342712,0.1413902640342712,1,True,"Success (standoff NOT corrected: out of range on the far side (seek disabled) (err n/a, 0 steps, travel 0.0 mm))",2026-09-14 14:59:42
106,404,-0.2810361378104198,0.3388904534238975,0.4190998222035701,0.0835481286048889,0.0,0.0835481286048889,0.0835481286048889,1,True,"Success (standoff NOT corrected: out of range on the far side (seek disabled) (err n/a, 0 steps, travel 0.0 mm))",2026-09-14 14:59:48
106,405,-0.2511589326809593,0.33889664230199,0.418726397655337,0.125792920589447,0.0,0.125792920589447,0.125792920589447,1,True,"Success (standoff NOT corrected: out of range on the far side (seek disabled) (err n/a, 0 steps, travel 0.0 mm))",2026-09-14 14:59:55
106,406,-0.221281732452234,0.3389028601998325,0.4183526835855794,0.0993290543556213,0.0,0.0993290543556213,0.0993290543556213,1,True,"Success (standoff NOT corrected: out of range on the far side (seek disabled) (err n/a, 0 steps, travel 0.0 mm))",2026-09-14 15:00:01
106,407,-0.1914045360727474,0.3389091070632088,0.4179786799726351,0.0830557942390441,0.0,0.0830557942390441,0.0830557942390441,1,True,"Success (standoff NOT corrected: out of range on the far side (seek disabled) (err n/a, 0 steps, travel 0.0 mm))",2026-09-14 15:00:08
106,408,-0.1615064411293891,0.3389333256790004,0.4176679981491032,0.0797992944717407,0.0,0.0797992944717407,0.0797992944717407,1,True,"Success (standoff NOT corrected: out of range on the far side (seek disabled) (err n/a, 0 steps, travel 0.0 mm))",2026-09-14 15:00:14
106,409,-0.1315704745709343,0.3389900758018903,0.4174723876341786,0.1982659101486206,0.0,0.1982659101486206,0.1982659101486206,1,True,"Success (standoff NOT corrected: out of range on the far side (seek disabled) (err n/a, 0 steps, travel 0.0 mm))",2026-09-14 15:00:21
106,410,-0.101634508643436,0.339046840606889,0.4172766324261248,0.1377314329147339,0.0,0.1377314329147339,0.1377314329147339,1,True,"Success (standoff NOT corrected: out of range on the far side (seek disabled) (err n/a, 0 steps, travel 0.0 mm))",2026-09-14 15:00:28
106,411,-0.0717542560004278,0.339001652446658,0.4170922784390463,0.0789877772331237,0.0,0.0789877772331237,0.0789877772331237,1,True,"Success (standoff NOT corrected: out of range on the far side (seek disabled) (err n/a, 0 steps, travel 0.0 mm))",2026-09-14 15:00:35
106,412,-0.0418538159005563,0.3389129896150479,0.4170075587010971,0.0607898831367492,0.0,0.0607898831367492,0.0607898831367492,1,True,"Success (standoff NOT corrected: out of range on the far side (seek disabled) (err n/a, 0 steps, travel 0.0 mm))",2026-09-14 15:00:41
106,413,-0.0119470633368661,0.3388257881833535,0.4169343208091436,0.0604066252708435,0.0,0.0604066252708435,0.0604066252708435,1,True,"Success (standoff NOT corrected: out of range on the far side (seek disabled) (err n/a, 0 steps, travel 0.0 mm))",2026-09-14 15:00:48
106,414,-0.0070182586497713,0.3691996062439059,0.4226669446869673,0.0584203004837036,0.0,0.0584203004837036,0.0584203004837036,1,True,"Success (standoff NOT corrected: out of range on the far side (seek disabled) (err n/a, 0 steps, travel 0.0 mm))",2026-09-14 15:00:56
106,415,-0.0369199429500761,0.3691967721575134,0.4226664387799779,0.06011962890625,0.0,0.06011962890625,0.06011962890625,1,True,"Success (standoff NOT corrected: out of range on the far side (seek disabled) (err n/a, 0 steps, travel 0.0 mm))",2026-09-14 15:01:03
106,416,-0.0668216281785305,0.3691939560617467,0.4226657402284945,0.0605204701423645,0.0,0.0605204701423645,0.0605204701423645,1,True,"Success (standoff NOT corrected: out of range on the far side (seek disabled) (err n/a, 0 steps, travel 0.0 mm))",2026-09-14 15:01:09
106,417,-0.0967233149057926,0.3691911579727537,0.42266484903869,0.0599211454391479,0.0,0.0599211454391479,0.0599211454391479,1,True,"Success (standoff NOT corrected: out of range on the far side (seek disabled) (err n/a, 0 steps, travel 0.0 mm))",2026-09-14 15:01:16
106,418,-0.1266250037024936,0.3691883779064732,0.4226637652189735,0.05917489528656,0.0,0.05917489528656,0.05917489528656,1,True,"Success (standoff NOT corrected: out of range on the far side (seek disabled) (err n/a, 0 steps, travel 0.0 mm))",2026-09-14 15:01:23
106,419,-0.1565266951392243,0.3691856158786341,0.4226624887799899,0.0617212057113647,0.0,0.0617212057113647,0.0617212057113647,1,True,"Success (standoff NOT corrected: out of range on the far side (seek disabled) (err n/a, 0 steps, travel 0.0 mm))",2026-09-14 15:01:29
106,420,-0.1864283897865264,0.3691828719047557,0.42266101973462,0.0449723005294799,0.0,0.0449723005294799,0.0449723005294799,1,True,"Success (standoff NOT corrected: out of range on the far side (seek disabled) (err n/a, 0 steps, travel 0.0 mm))",2026-09-14 15:01:36
106,421,-0.2163300882148799,0.3691801460001467,0.4226593580979797,0.0597107410430908,0.0,0.0597107410430908,0.0597107410430908,1,True,"Success (standoff NOT corrected: out of range on the far side (seek disabled) (err n/a, 0 steps, travel 0.0 mm))",2026-09-14 15:01:42
106,422,-0.2462317909946934,0.3691774381799057,0.42265750388742,0.0589287281036376,0.0,0.0589287281036376,0.0589287281036376,1,True,"Success (standoff NOT corrected: out of range on the far side (seek disabled) (err n/a, 0 steps, travel 0.0 mm))",2026-09-14 15:01:49
106,423,-0.2761334986962915,0.3691747484589202,0.4226554571225266,0.0601667165756225,0.0,0.0601667165756225,0.0601667165756225,1,True,"Success (standoff NOT corrected: out of range on the far side (seek disabled) (err n/a, 0 steps, travel 0.0 mm))",2026-09-14 15:01:55
106,424,-0.3060352118899052,0.3691720768518666,0.4226532178251182,0.0662377476692199,0.0,0.0662377476692199,0.0662377476692199,1,True,"Success (standoff NOT corrected: out of range on the far side (seek disabled) (err n/a, 0 steps, travel 0.0 mm))",2026-09-14 15:02:01
106,425,-0.3359504317804092,0.3691573670531505,0.4232230051598749,0.0607571005821228,0.0,0.0607571005821228,0.0607571005821228,1,True,"Success (standoff NOT corrected: out of range on the far side (seek disabled) (err n/a, 0 steps, travel 0.0 mm))",2026-09-14 15:02:07
106,426,-0.3658673019831522,0.3691411983161815,0.4238624964288153,0.0634250044822692,0.0,0.0634250044822692,0.0634250044822692,1,True,"Success (standoff NOT corrected: out of range on the far side (seek disabled) (err n/a, 0 steps, travel 0.0 mm))",2026-09-14 15:02:14
106,427,-0.3957434093992067,0.3691401858655176,0.4245646280922563,0.0634399056434631,0.0,0.0634399056434631,0.0634399056434631,1,True,"Success (standoff NOT corrected: out of range on the far side (seek disabled) (err n/a, 0 steps, travel 0.0 mm))",2026-09-14 15:02:20
106,428,-0.4255019947542118,0.3691829037178564,0.4254469999866136,0.0621309876441955,0.0,0.0621309876441955,0.0621309876441955,1,True,"Success (standoff NOT corrected: out of range on the far side (seek disabled) (err n/a, 0 steps, travel 0.0 mm))",2026-09-14 15:02:26
106,429,-0.4552606128044509,0.3692257162450721,0.4263282969330424,0.0614774227142334,0.0,0.0614774227142334,0.0614774227142334,1,True,"Success (standoff NOT corrected: out of range on the far side (seek disabled) (err n/a, 0 steps, travel 0.0 mm))",2026-09-14 15:02:33
106,430,-0.4850177839634624,0.3693703239862357,0.4275875780644649,0.0474482774734497,0.0,0.0474482774734497,0.0474482774734497,1,True,"Success (standoff NOT corrected: out of range on the far side (seek disabled) (err n/a, 0 steps, travel 0.0 mm))",2026-09-14 15:02:39
106,431,-0.5147748704084845,0.3695232773867591,0.4288762182452202,0.0586915016174316,0.0,0.0586915016174316,0.0586915016174316,1,True,"Success (standoff NOT corrected: out of range on the far side (seek disabled) (err n/a, 0 steps, travel 0.0 mm))",2026-09-14 15:02:45
106,432,-0.5444615768435959,0.3697836854465597,0.4302643361035046,0.0483709573745727,0.0,0.0483709573745727,0.0483709573745727,1,True,"Success (standoff NOT corrected: out of range on the far side (seek disabled) (err n/a, 0 steps, travel 0.0 mm))",2026-09-14 15:02:51
106,433,-0.5501937573028006,0.3698712265613707,0.4305678058180417,0.058203637599945,0.0,0.058203637599945,0.058203637599945,1,True,"Success (standoff NOT corrected: out of range on the far side (seek disabled) (err n/a, 0 steps, travel 0.0 mm))",2026-09-14 15:02:57
106,434,-0.5516190214803474,0.3994382436211373,0.4331231925113233,0.057406723499298,0.0,0.057406723499298,0.057406723499298,1,True,"Success (standoff NOT corrected: out of range on the far side (seek disabled) (err n/a, 0 steps, travel 0.0 mm))",2026-09-14 15:03:04
106,435,-0.5216417758735887,0.3994212928789998,0.4318476315984871,0.0583851337432861,0.0,0.0583851337432861,0.0583851337432861,1,True,"Success (standoff NOT corrected: out of range on the far side (seek disabled) (err n/a, 0 steps, travel 0.0 mm))",2026-09-14 15:03:10
106,436,-0.4916769454044853,0.3993981391512537,0.4305717430830373,0.0541654229164123,0.0,0.0541654229164123,0.0541654229164123,1,True,"Success (standoff NOT corrected: out of range on the far side (seek disabled) (err n/a, 0 steps, travel 0.0 mm))",2026-09-14 15:03:16
106,437,-0.4621594606938892,0.3991654377298321,0.4293949015100064,0.0578728318214416,0.0,0.0578728318214416,0.0578728318214416,1,True,"Success (standoff NOT corrected: out of range on the far side (seek disabled) (err n/a, 0 steps, travel 0.0 mm))",2026-09-14 15:03:21
106,438,-0.4324155416260051,0.3990882415887352,0.4290889209449534,0.0586640834808349,0.0,0.0586640834808349,0.0586640834808349,1,True,"Success (standoff NOT corrected: out of range on the far side (seek disabled) (err n/a, 0 steps, travel 0.0 mm))",2026-09-14 15:03:27
106,439,-0.4025192203206198,0.3990906252596319,0.4290919580499942,0.0615692138671875,0.0,0.0615692138671875,0.0615692138671875,1,True,"Success (standoff NOT corrected: out of range on the far side (seek disabled) (err n/a, 0 steps, travel 0.0 mm))",2026-09-14 15:03:33
106,440,-0.372622904599128,0.3990930293793648,0.4290947809175067,0.0576713681221008,0.0,0.0576713681221008,0.0576713681221008,1,True,"Success (standoff NOT corrected: out of range on the far side (seek disabled) (err n/a, 0 steps, travel 0.0 mm))",2026-09-14 15:03:39
106,441,-0.3427265940150992,0.3990954539375829,0.4290973895353324,0.0593826174736022,0.0,0.0593826174736022,0.0593826174736022,1,True,"Success (standoff NOT corrected: out of range on the far side (seek disabled) (err n/a, 0 steps, travel 0.0 mm))",2026-09-14 15:03:45
106,442,-0.3128302881220806,0.3990978989238465,0.4290997838922361,0.0641241669654846,0.0,0.0641241669654846,0.0641241669654846,1,True,"Success (standoff NOT corrected: out of range on the far side (seek disabled) (err n/a, 0 steps, travel 0.0 mm))",2026-09-14 15:03:52
106,443,-0.2829339864735991,0.3991003643276284,0.4291019639779047,0.0651183724403381,0.0,0.0651183724403381,0.0651183724403381,1,True,"Success (standoff NOT corrected: out of range on the far side (seek disabled) (err n/a, 0 steps, travel 0.0 mm))",2026-09-14 15:03:57
106,444,-0.253037688623164,0.3991028501383135,0.4291039297829474,0.0549319386482238,0.0,0.0549319386482238,0.0549319386482238,1,True,"Success (standoff NOT corrected: out of range on the far side (seek disabled) (err n/a, 0 steps, travel 0.0 mm))",2026-09-14 15:04:03
106,445,-0.2231413941242672,0.3991053563451984,0.4291056812988967,0.0596052408218383,0.0,0.0596052408218383,0.0596052408218383,1,True,"Success (standoff NOT corrected: out of range on the far side (seek disabled) (err n/a, 0 steps, travel 0.0 mm))",2026-09-14 15:04:09
106,446,-0.1932451025303869,0.3991078829374925,0.4291072185182074,0.0592640042304992,0.0,0.0592640042304992,0.0592640042304992,1,True,"Success (standoff NOT corrected: out of range on the far side (seek disabled) (err n/a, 0 steps, travel 0.0 mm))",2026-09-14 15:04:16
106,447,-0.1633488133949885,0.3991104299043171,0.4291085414342567,0.0785636901855468,0.0,0.0785636901855468,0.0785636901855468,1,True,"Success (standoff NOT corrected: out of range on the far side (seek disabled) (err n/a, 0 steps, travel 0.0 mm))",2026-09-14 15:04:22
106,448,-0.1334525262715269,0.3991129972347058,0.4291096500413451,0.0597873330116272,0.0,0.0597873330116272,0.0597873330116272,1,True,"Success (standoff NOT corrected: out of range on the far side (seek disabled) (err n/a, 0 steps, travel 0.0 mm))",2026-09-14 15:04:28
106,449,-0.1035562407134489,0.3991155849176042,0.4291105443346956,0.0754475593566894,0.0,0.0754475593566894,0.0754475593566894,1,True,"Success (standoff NOT corrected: out of range on the far side (seek disabled) (err n/a, 0 steps, travel 0.0 mm))",2026-09-14 15:04:34
106,450,-0.0736599562741933,0.399118192941871,0.4291112243104538,0.084158182144165,0.0,0.084158182144165,0.084158182144165,1,True,"Success (standoff NOT corrected: out of range on the far side (seek disabled) (err n/a, 0 steps, travel 0.0 mm))",2026-09-14 15:04:41
106,451,-0.043763672507195,0.3991208212962766,0.4291116899656881,0.0606372952461242,0.0,0.0606372952461242,0.0606372952461242,1,True,"Success (standoff NOT corrected: out of range on the far side (seek disabled) (err n/a, 0 steps, travel 0.0 mm))",2026-09-14 15:04:47
106,452,-0.013867388965886,0.3991234699695043,0.4291119412983902,0.0604966282844543,0.0,0.0604966282844543,0.0604966282844543,1,True,"Success (standoff NOT corrected: out of range on the far side (seek disabled) (err n/a, 0 steps, travel 0.0 mm))",2026-09-14 15:04:54
106,453,-0.1248515282663713,0.4293599940237816,0.4355856349052138,0.127156376838684,0.0,0.127156376838684,0.127156376838684,1,True,"Success (standoff NOT corrected: out of range on the far side (seek disabled) (err n/a, 0 steps, travel 0.0 mm))",2026-09-14 15:05:08
106,454,-0.15473562598098,0.4293600160562783,0.435584440659021,0.0600132346153259,0.0,0.0600132346153259,0.0600132346153259,1,True,"Success (standoff NOT corrected: out of range on the far side (seek disabled) (err n/a, 0 steps, travel 0.0 mm))",2026-09-14 15:05:15
106,455,-0.1846197267700007,0.4293600621792947,0.435582978817262,0.0610014796257019,0.0,0.0610014796257019,0.0610014796257019,1,True,"Success (standoff NOT corrected: out of range on the far side (seek disabled) (err n/a, 0 steps, travel 0.0 mm))",2026-09-14 15:05:21
106,456,-0.2145038312562639,0.4293601323925829,0.4355812493877951,0.1180672645568847,0.0,0.1180672645568847,0.1180672645568847,1,True,"Success (standoff NOT corrected: out of range on the far side (seek disabled) (err n/a, 0 steps, travel 0.0 mm))",2026-09-14 15:05:28
106,457,-0.2443879400625821,0.4293602266957659,0.4355792523799167,0.0578713417053222,0.0,0.0578713417053222,0.0578713417053222,1,True,"Success (standoff NOT corrected: out of range on the far side (seek disabled) (err n/a, 0 steps, travel 0.0 mm))",2026-09-14 15:05:34
106,458,-0.2742720538117438,0.4293603450883364,0.435576987804361,0.0578716397285461,0.0,0.0578716397285461,0.0578716397285461,1,True,"Success (standoff NOT corrected: out of range on the far side (seek disabled) (err n/a, 0 steps, travel 0.0 mm))",2026-09-14 15:05:40
106,459,-0.3041561731265103,0.4293604875696584,0.4355744556733003,0.0600957870483398,0.0,0.0600957870483398,0.0600957870483398,1,True,"Success (standoff NOT corrected: out of range on the far side (seek disabled) (err n/a, 0 steps, travel 0.0 mm))",2026-09-14 15:05:46
106,460,-0.3340402986296145,0.4293606541389663,0.4355716560003445,0.0595813989639282,0.0,0.0595813989639282,0.0595813989639282,1,True,"Success (standoff NOT corrected: out of range on the far side (seek disabled) (err n/a, 0 steps, travel 0.0 mm))",2026-09-14 15:05:52
106,461,-0.3639244309437544,0.4293608447953648,0.4355685888005414,0.0778073072433471,0.0,0.0778073072433471,0.0778073072433471,1,True,"Success (standoff NOT corrected: out of range on the far side (seek disabled) (err n/a, 0 steps, travel 0.0 mm))",2026-09-14 15:05:58
106,462,-0.3938085706915926,0.4293610595378295,0.4355652540903764,0.0889000296592712,0.0,0.0889000296592712,0.0889000296592712,1,True,"Success (standoff NOT corrected: out of range on the far side (seek disabled) (err n/a, 0 steps, travel 0.0 mm))",2026-09-14 15:06:05
106,463,-0.4236927184957511,0.4293612983652064,0.4355616518877723,0.0619879364967346,0.0,0.0619879364967346,0.0619879364967346,1,True,"Success (standoff NOT corrected: out of range on the far side (seek disabled) (err n/a, 0 steps, travel 0.0 mm))",2026-09-14 15:06:11
106,464,-0.4535768749788094,0.4293615612762119,0.4355577822120897,0.0730359554290771,0.0,0.0730359554290771,0.0730359554290771,1,True,"Success (standoff NOT corrected: out of range on the far side (seek disabled) (err n/a, 0 steps, travel 0.0 mm))",2026-09-14 15:06:17
106,465,-0.4834610407632989,0.4293618482694333,0.4355536450841263,0.191841721534729,0.0,0.191841721534729,0.191841721534729,1,True,"Success (standoff NOT corrected: out of range on the far side (seek disabled) (err n/a, 0 steps, travel 0.0 mm))",2026-09-14 15:06:23
106,466,-0.5133452164717025,0.4293621593433282,0.4355492405261174,0.1709040999412536,0.0,0.1709040999412536,0.1709040999412536,1,True,"Success (standoff NOT corrected: out of range on the far side (seek disabled) (err n/a, 0 steps, travel 0.0 mm))",2026-09-14 15:06:29
106,467,-0.5432294027264488,0.429362494496225,0.435544568561735,0.0637602806091308,0.0,0.0637602806091308,0.0637602806091308,1,True,"Success (standoff NOT corrected: out of range on the far side (seek disabled) (err n/a, 0 steps, travel 0.0 mm))",2026-09-14 15:06:50
106,468,-0.5525714772978281,0.4294382436211373,0.4358191882413703,0.0492960214614868,0.0,0.0492960214614868,0.0492960214614868,1,True,"Success (standoff NOT corrected: out of range on the far side (seek disabled) (err n/a, 0 steps, travel 0.0 mm))",2026-09-14 15:06:56
107,1,-0.0053151556949104,0.4293601467994179,0.4355877358274875,0.0765085220336914,0.0,0.0765085220336914,0.0765085220336914,1,True,"Success (standoff NOT corrected: out of range on the far side (seek disabled) (err n/a, 0 steps, travel 0.0 mm))",2026-09-14 15:07:43
107,2,-0.0351992473404696,0.4293600724699464,0.435587612013382,0.2325287461280822,0.0,0.2325287461280822,0.2325287461280822,1,True,"Success (standoff NOT corrected: out of range on the far side (seek disabled) (err n/a, 0 steps, travel 0.0 mm))",2026-09-14 15:07:49
107,3,-0.0650833395689822,0.4293600222306915,0.4355872205866574,0.1557216048240661,0.0,0.1557216048240661,0.1557216048240661,1,True,"Success (standoff NOT corrected: out of range on the far side (seek disabled) (err n/a, 0 steps, travel 0.0 mm))",2026-09-14 15:07:56
107,4,-0.0949674330033256,0.429359996081923,0.43558656154942,0.1432591676712036,0.0,0.1432591676712036,0.1432591676712036,1,True,"Success (standoff NOT corrected: out of range on the far side (seek disabled) (err n/a, 0 steps, travel 0.0 mm))",2026-09-14 15:08:02
119,1,0.1003772471292006,0.0100867843906769,0.3891587973090513,0.06369709968566895,0.0,0.06369709968566895,0.06369709968566895,1,True,"Success (standoff NOT corrected: out of range on the far side (seek disabled) (err n/a, 0 steps, travel 0.0 mm))",2026-09-14 15:17:02
119,2,0.0706265191442485,0.010071032974566,0.3891175202222968,0.057298243045806885,0.0,0.057298243045806885,0.057298243045806885,1,True,"Success (standoff NOT corrected: out of range on the far side (seek disabled) (err n/a, 0 steps, travel 0.0 mm))",2026-09-14 15:17:09
119,3,0.0406900611614304,0.0100718125681613,0.3893199492655022,0.06016135215759277,0.0,0.06016135215759277,0.06016135215759277,1,True,"Success (standoff NOT corrected: out of range on the far side (seek disabled) (err n/a, 0 steps, travel 0.0 mm))",2026-09-14 15:17:16
119,4,0.010753603730343,0.0100725981260693,0.3895222994883624,0.06330221891403198,0.0,0.06330221891403198,0.06330221891403198,1,True,"Success (standoff NOT corrected: out of range on the far side (seek disabled) (err n/a, 0 steps, travel 0.0 mm))",2026-09-14 15:17:22
119,5,0.0278539833117252,0.0400724307014026,0.3916792716630815,0.06123155355453491,0.0,0.06123155355453491,0.06123155355453491,1,True,"Success (standoff NOT corrected: out of range on the far side (seek disabled) (err n/a, 0 steps, travel 0.0 mm))",2026-09-14 15:17:30
119,6,0.0577800708725457,0.0400715176036639,0.391476842199285,,,,,0,,,
119,7,0.0877061592585053,0.0400706126012673,0.3912743057658886,,,,,0,,,
119,8,0.1025696745375579,0.0700765261882459,0.3937368386824169,,,,,0,,,
119,9,0.0727039871399624,0.0700711857244901,0.3936482709291788,,,,,0,,,
119,10,0.0427923666338987,0.0700722766210362,0.39385081269695,,,,,0,,,
119,11,0.012880747030022,0.0700733791239869,0.3940532010530731,,,,,0,,,
119,12,0.0258867176237507,0.1000735098612661,0.3962379993563446,,,,,0,,,
119,13,0.0557767463876539,0.1000721360089129,0.3960355227815311,,,,,0,,,
119,14,0.0856667766332945,0.1000707801821507,0.3958328079609881,,,,,0,,,
119,15,0.1046440967709911,0.1300746345769909,0.3983141861059095,,,,,0,,,
119,16,0.0747837212718718,0.1300715397382032,0.3981792138701389,,,,,0,,,
119,17,0.0449293857618533,0.1300733557104673,0.3983819218352075,,,,,0,,,
119,18,0.0150750516346276,0.130075203389949,0.3985842105148906,,,,,0,,,
119,19,0.0240857587069587,0.1600767467171086,0.400796512339292,,,,,0,,,
119,20,0.0538697768409002,0.1600739756476673,0.4005944612632939,,,,,0,,,
119,21,0.0836537966632233,0.1600712744813366,0.4003914855807635,,,,,0,,,
119,22,0.1067048618822237,0.19007383929318,0.4028915019655665,,,,,0,,,
119,23,0.0769710449066605,0.1900732441740554,0.4027106194554954,,,,,0,,,
119,24,0.0473897742234841,0.190078652222765,0.4029123228396437,,,,,0,,,
119,25,0.0174776401334262,0.1900812063897901,0.4031047720054708,,,,,0,,,
119,26,0.0223479713759473,0.2200836474452994,0.4053309380305458,,,,,0,,,
119,27,0.0522941763949809,0.2200816314089739,0.4051391022949772,,,,,0,,,
119,28,0.082240381101279,0.2200796196121743,0.4049472100744133,,,,,0,,,
119,29,0.1115033286298934,0.2200743754376412,0.4052574538810394,,,,,0,,,
119,30,0.1414196248741417,0.220080592463457,0.4058707761316388,,,,,0,,,
119,31,0.1713359219522459,0.2200868184585828,0.4064839780371594,,,,,0,,,
119,32,0.2012522201445437,0.2200930534005603,0.4070970595976406,,,,,0,,,
119,33,0.2311685197313673,0.220099297266866,0.4077100208139935,,,,,0,,,
119,34,0.2610848209930405,0.2201055500349116,0.4083228616880004,,,,,0,,,
119,35,0.2910011242098747,0.2201118116820445,0.4089355822223156,,,,,0,,,
119,36,0.2881138031369061,0.2495852959747877,0.4111706463911078,,,,,0,,,
119,37,0.2581507646985346,0.2494939996318992,0.4106047811086928,,,,,0,,,
119,38,0.2281877267907945,0.2494027184596204,0.4100387284718113,,,,,0,,,
119,39,0.1982246892345565,0.2493114529728038,0.4094724885221755,,,,,0,,,
119,40,0.1682616518506869,0.2492202036861251,0.4089060613036116,,,,,0,,,
119,41,0.1382986144600528,0.2491289711140733,0.4083394468620571,,,,,0,,,
119,42,0.1086770829768661,0.2487719617463589,0.4079000051890042,,,,,0,,,
119,43,0.0789709570716148,0.2487650026372639,0.407777819404774,,,,,0,,,
119,44,0.0492732504956292,0.2489919443590428,0.4078473426472731,,,,,0,,,
119,45,0.0192856460655823,0.2489999324186822,0.4080173471738473,,,,,0,,,
119,46,0.0201075167668489,0.2789525420195279,0.4108840408463623,,,,,0,,,
119,47,0.0499181153570189,0.2787753579945017,0.4108018909337886,,,,,0,,,
119,48,0.0797726340976137,0.278766767534624,0.4109112733206494,,,,,0,,,
119,49,0.1096302604233594,0.2787701357785603,0.4110338640957146,,,,,0,,,
119,50,0.1394462516814538,0.2788650123431678,0.4112671397543883,,,,,0,,,
119,51,0.1692048662268037,0.2790861025234154,0.4116518945043089,,,,,0,,,
119,52,0.1991623690715129,0.2791371628724268,0.4121970830112481,,,,,0,,,
119,53,0.2291399574176909,0.2791710431629019,0.4127585635859071,,,,,0,,,
119,54,0.259117545834536,0.2792049259928815,0.4133200152162452,,,,,0,,,
119,55,0.2890951343370527,0.2792388113328308,0.4138814378997094,,,,,0,,,
119,56,0.2901486371178381,0.3092412824137135,0.4166247211647054,,,,,0,,,
119,57,0.2601804497230822,0.3091888890157362,0.4160617272923373,,,,,0,,,
119,58,0.2302122625161711,0.3091365016520018,0.4154986642168217,,,,,0,,,
119,59,0.2002985746160448,0.3090443555985689,0.4150143512755017,,,,,0,,,
119,60,0.1704585637289291,0.3088985171807704,0.4146359079495478,,,,,0,,,
119,61,0.140609797659065,0.3087718078454614,0.4142906978243056,,,,,0,,,
119,62,0.1107037980686227,0.3087695681146426,0.4141681544585335,,,,,0,,,
119,63,0.0807977996580779,0.3087673462082532,0.4140454361228448,,,,,0,,,
119,64,0.0508918019327733,0.308765142138042,0.4139225428156731,,,,,0,,,
119,65,0.0209957854031301,0.3088013272443962,0.4138638663749214,,,,,0,,,
119,66,0.0179663116778796,0.33876412712726,0.4169172763207142,,,,,0,,,
119,67,0.0478961152835462,0.3387657636595611,0.4170402655171364,,,,,0,,,
119,68,0.0778259190731598,0.3387674101244699,0.41716315732086,,,,,0,,,
119,69,0.107755723252144,0.338769066517173,0.4172859517318879,,,,,0,,,
119,70,0.1376855280259188,0.338770732832799,0.4174086487507953,,,,,0,,,
119,71,0.1676063762259954,0.3387916852788755,0.4175769267948062,,,,,0,,,
119,72,0.1974864425892466,0.3389004356234086,0.4179528361997443,,,,,0,,,
119,73,0.2273665115534391,0.339009234128764,0.4183282323422622,,,,,0,,,
119,74,0.257252604738337,0.3391187842065439,0.4187239376685586,,,,,0,,,
119,75,0.2871887583975938,0.3392342341857062,0.4192923777899254,,,,,0,,,
119,76,0.2919986588478067,0.3692289328906348,0.4226614085506914,,,,,0,,,
119,77,0.2620969524445222,0.3692259198319534,0.4226628289361491,,,,,0,,,
119,78,0.2321952508187825,0.3692229245909746,0.4226640567383792,,,,,0,,,
119,79,0.2022935534002565,0.3692199471859219,0.4226650919411947,,,,,0,,,
119,80,0.1723918596185307,0.3692169876348126,0.4226659345306427,,,,,0,,,
119,81,0.142490168903121,0.3692140459554581,0.4226665844950064,,,,,0,,,
119,82,0.1125884806834811,0.3692111221654625,0.4226670418248038,,,,,0,,,
119,83,0.0826867943890172,0.3692082162822235,0.4226673065127899,,,,,0,,,
119,84,0.0527851094490965,0.3692053283229309,0.422667378553955,,,,,0,,,
119,85,0.0228834252930589,0.369202458304567,0.4226672579455263,,,,,0,,,
119,86,0.0160288947963029,0.3991261389501498,0.4291119783074738,,,,,0,,,
119,87,0.0459251792259403,0.3991288282267213,0.4291118009927759,,,,,0,,,
119,88,0.0758214647695909,0.3991315377876396,0.4291114093550565,,,,,0,,,
119,89,0.1057177518738161,0.3991342676212382,0.4291108033959978,,,,,0,,,
119,90,0.1356140409851691,0.3991370177157635,0.4291099831182053,,,,,0,,,
119,91,0.1655103325501954,0.3991397880593744,0.4291089485252071,,,,,0,,,
119,92,0.1954066270154293,0.3991425786401426,0.429107699621454,,,,,0,,,
119,93,0.2253029248273932,0.399145389446053,0.4291062364123197,,,,,0,,,
119,94,0.2551992264325948,0.399148220465003,0.4291045589041007,,,,,0,,,
119,95,0.285095532277525,0.3991510716848032,0.4291026671040159,,,,,0,,,
119,96,0.2935258657292456,0.4293622149040878,0.4355742558394212,,,,,0,,,
119,97,0.2636417456559208,0.4293618997157791,0.4355768079509544,,,,,0,,,
119,98,0.2337576312280382,0.4293616086078675,0.4355790925079032,,,,,0,,,
119,99,0.20387352182284,0.4293613415819174,0.4355811094979932,,,,,0,,,
119,100,0.1739894168175406,0.4293610986393638,0.4355828589103876,,,,,0,,,
119,101,0.1441053155893314,0.4293608797815121,0.4355843407356879,,,,,0,,,
119,102,0.1142212175153829,0.4293606850095386,0.4355855549659336,,,,,0,,,
119,103,0.084337121972849,0.4293605143244899,0.4355865015946018,,,,,0,,,
119,104,0.0544530283388697,0.4293603677272833,0.4355871806166081,,,,,0,,,
119,105,0.0245689359905756,0.4293602452187064,0.4355875920283062,,,,,0,,,
