group_id,point_id,source_point_id,x,y,z,ra_mean,ra_std,ra_min,ra_max,num_samples,success,execution_message,validated_at
105,15,1,,,,0.4818892478942871,0.0,0.4818892478942871,0.4818892478942871,1,True,"Success (standoff ok (err +0.16 mm, 1 step, travel 3.3 mm))",2026-10-06 17:56:55
105,17,2,,,,0.574357807636261,0.0,0.574357807636261,0.574357807636261,1,True,"Success (standoff ok (err +0.16 mm, 2 steps, travel 4.0 mm))",2026-10-06 17:58:18
105,19,3,,,,0.5093458294868469,0.0,0.5093458294868469,0.5093458294868469,1,True,"Success (standoff ok (err -0.03 mm, 2 steps, travel 4.4 mm))",2026-10-06 17:59:37
105,21,4,,,,0.5332070589065552,0.0,0.5332070589065552,0.5332070589065552,1,True,"Success (standoff ok (err -0.08 mm, 2 steps, travel 4.8 mm))",2026-10-06 18:00:42
105,22,5,,,,0.5633312463760376,0.0,0.5633312463760376,0.5633312463760376,1,True,"Success (standoff ok (err -0.11 mm, 2 steps, travel 5.1 mm))",2026-10-06 18:01:33
105,23,6,,,,0.5670779943466187,0.0,0.5670779943466187,0.5670779943466187,1,True,"Success (standoff ok (err -0.09 mm, 2 steps, travel 5.4 mm))",2026-10-06 18:02:21
105,25,7,,,,0.5029627680778503,0.0,0.5029627680778503,0.5029627680778503,1,True,"Success (standoff ok (err -0.17 mm, 1 step, travel 4.7 mm))",2026-10-06 18:03:10
105,26,8,,,,0.5708375573158264,0.0,0.5708375573158264,0.5708375573158264,1,True,"Success (standoff ok (err -0.03 mm, 2 steps, travel 4.1 mm))",2026-10-06 18:04:02
105,27,9,,,,0.4576003551483154,0.0,0.4576003551483154,0.4576003551483154,1,True,"Success (standoff ok (err -0.04 mm, 2 steps, travel 4.1 mm))",2026-10-06 18:05:22
105,28,10,,,,0.5470567941665649,0.0,0.5470567941665649,0.5470567941665649,1,True,"Success (standoff ok (err -0.02 mm, 2 steps, travel 4.3 mm))",2026-10-06 18:06:26
105,29,11,,,,0.5295175313949585,0.0,0.5295175313949585,0.5295175313949585,1,True,"Success (standoff ok (err -0.13 mm, 2 steps, travel 5.2 mm))",2026-10-06 18:07:18
105,30,12,,,,0.5711561441421509,0.0,0.5711561441421509,0.5711561441421509,1,True,"Success (standoff ok (err -0.08 mm, 2 steps, travel 5.0 mm))",2026-10-06 18:08:08
105,31,13,,,,0.4955852031707763,0.0,0.4955852031707763,0.4955852031707763,1,True,"Success (standoff ok (err -0.05 mm, 2 steps, travel 5.2 mm))",2026-10-06 18:08:56
105,32,14,,,,0.4869750142097473,0.0,0.4869750142097473,0.4869750142097473,1,True,"Success (standoff ok (err -0.12 mm, 2 steps, travel 5.2 mm))",2026-10-06 18:09:46
105,33,15,,,,0.5466568470001221,0.0,0.5466568470001221,0.5466568470001221,1,True,"Success (standoff ok (err -0.14 mm, 2 steps, travel 5.4 mm))",2026-10-06 18:10:36
105,36,16,,,,0.5761188268661499,0.0,0.5761188268661499,0.5761188268661499,1,True,"Success (standoff ok (err +0.01 mm, 1 step, travel 5.0 mm))",2026-10-06 18:11:34
105,37,17,,,,0.6533750891685486,0.0,0.6533750891685486,0.6533750891685486,1,True,"Success (standoff ok (err -0.03 mm, 2 steps, travel 5.2 mm))",2026-10-06 18:12:31
105,38,18,,,,0.6363525986671448,0.0,0.6363525986671448,0.6363525986671448,1,True,"Success (standoff ok (err -0.13 mm, 2 steps, travel 5.8 mm))",2026-10-06 18:13:23
105,39,19,,,,0.6762972474098206,0.0,0.6762972474098206,0.6762972474098206,1,True,"Success (standoff ok (err +0.05 mm, 2 steps, travel 4.9 mm))",2026-10-06 18:14:11
105,40,20,,,,0.6529620289802551,0.0,0.6529620289802551,0.6529620289802551,1,True,"Success (standoff ok (err -0.03 mm, 2 steps, travel 4.5 mm))",2026-10-06 18:15:07
105,41,21,,,,0.6035017967224121,0.0,0.6035017967224121,0.6035017967224121,1,True,"Success (standoff ok (err -0.12 mm, 1 step, travel 4.8 mm))",2026-10-06 18:16:02
105,42,22,,,,0.6449320912361145,0.0,0.6449320912361145,0.6449320912361145,1,True,"Success (standoff ok (err -0.09 mm, 2 steps, travel 5.7 mm))",2026-10-06 18:16:56
105,44,23,,,,0.6396549940109253,0.0,0.6396549940109253,0.6396549940109253,1,True,"Success (standoff ok (err -0.09 mm, 2 steps, travel 5.8 mm))",2026-10-06 18:17:48
105,45,24,,,,0.6387603282928467,0.0,0.6387603282928467,0.6387603282928467,1,True,"Success (standoff ok (err -0.02 mm, 2 steps, travel 5.4 mm))",2026-10-06 18:19:02
105,46,25,,,,0.5189484357833862,0.0,0.5189484357833862,0.5189484357833862,1,True,"Success (standoff ok (err -0.01 mm, 2 steps, travel 5.3 mm))",2026-10-06 18:20:02
105,47,26,,,,0.4870137572288513,0.0,0.4870137572288513,0.4870137572288513,1,True,"Success (standoff ok (err -0.10 mm, 2 steps, travel 5.4 mm))",2026-10-06 18:21:08
105,48,27,,,,0.525752604007721,0.0,0.525752604007721,0.525752604007721,1,True,"Success (standoff ok (err -0.03 mm, 2 steps, travel 5.6 mm))",2026-10-06 18:22:20
105,49,28,,,,0.5909878015518188,0.0,0.5909878015518188,0.5909878015518188,1,True,"Success (standoff ok (err -0.09 mm, 2 steps, travel 6.0 mm))",2026-10-06 18:23:10
105,50,29,,,,0.5666005611419678,0.0,0.5666005611419678,0.5666005611419678,1,True,"Success (standoff ok (err -0.05 mm, 2 steps, travel 5.7 mm))",2026-10-06 18:24:01
105,52,30,,,,0.6250914931297302,0.0,0.6250914931297302,0.6250914931297302,1,True,"Success (standoff ok (err -0.00 mm, 2 steps, travel 5.5 mm))",2026-10-06 18:24:51
105,54,31,,,,0.5655905604362488,0.0,0.5655905604362488,0.5655905604362488,1,True,"Success (standoff ok (err -0.09 mm, 2 steps, travel 5.2 mm))",2026-10-06 18:25:56
105,56,32,,,,0.5611670017242432,0.0,0.5611670017242432,0.5611670017242432,1,True,"Success (standoff ok (err -0.20 mm, 1 step, travel 4.5 mm))",2026-10-06 18:26:47
105,58,33,,,,0.6112730503082275,0.0,0.6112730503082275,0.6112730503082275,1,True,"Success (standoff ok (err -0.06 mm, 2 steps, travel 4.3 mm))",2026-10-06 18:28:09
105,59,34,,,,0.5434504151344299,0.0,0.5434504151344299,0.5434504151344299,1,True,"Success (standoff ok (err -0.18 mm, 1 step, travel 4.2 mm))",2026-10-06 18:29:09
105,61,35,,,,0.5865615606307983,0.0,0.5865615606307983,0.5865615606307983,1,True,"Success (standoff ok (err -0.08 mm, 2 steps, travel 4.6 mm))",2026-10-06 18:30:01
105,63,36,,,,0.5666244029998779,0.0,0.5666244029998779,0.5666244029998779,1,True,"Success (standoff ok (err -0.06 mm, 2 steps, travel 4.7 mm))",2026-10-06 18:30:53
105,65,37,,,,0.653526782989502,0.0,0.653526782989502,0.653526782989502,1,True,"Success (standoff ok (err -0.07 mm, 2 steps, travel 4.9 mm))",2026-10-06 18:31:42
105,67,38,,,,0.594649612903595,0.0,0.594649612903595,0.594649612903595,1,True,"Success (standoff ok (err -0.04 mm, 2 steps, travel 5.3 mm))",2026-10-06 18:32:39
105,68,39,,,,0.5344530940055847,0.0,0.5344530940055847,0.5344530940055847,1,True,"Success (standoff ok (err -0.19 mm, 1 step, travel 5.4 mm))",2026-10-06 18:33:31
105,69,40,,,,0.6251657009124756,0.0,0.6251657009124756,0.6251657009124756,1,True,"Success (standoff ok (err +0.00 mm, 2 steps, travel 5.1 mm))",2026-10-06 18:34:23
105,70,41,,,,0.5813485383987427,0.0,0.5813485383987427,0.5813485383987427,1,True,"Success (standoff ok (err -0.18 mm, 1 step, travel 5.0 mm))",2026-10-06 18:35:31
105,71,42,,,,0.9375667572021484,0.0,0.9375667572021484,0.9375667572021484,1,True,"Success (standoff ok (err +0.01 mm, 2 steps, travel 5.5 mm))",2026-10-06 18:36:49
105,72,43,,,,0.6524509191513062,0.0,0.6524509191513062,0.6524509191513062,1,True,"Success (standoff ok (err -0.06 mm, 2 steps, travel 5.9 mm))",2026-10-06 18:37:29
105,73,44,,,,0.653437077999115,0.0,0.653437077999115,0.653437077999115,1,True,"Success (standoff ok (err -0.12 mm, 2 steps, travel 6.5 mm))",2026-10-06 18:38:31
105,75,45,,,,0.6957480311393738,0.0,0.6957480311393738,0.6957480311393738,1,True,"Success (standoff ok (err +0.11 mm, 1 step, travel 6.4 mm))",2026-10-06 19:01:23
105,76,46,,,,0.7330155372619629,0.0,0.7330155372619629,0.7330155372619629,1,True,"Success (standoff ok (err -0.07 mm, 2 steps, travel 6.3 mm))",2026-10-06 19:02:18
105,77,47,,,,0.7110923528671265,0.0,0.7110923528671265,0.7110923528671265,1,True,"Success (standoff ok (err -0.05 mm, 2 steps, travel 6.1 mm))",2026-10-06 19:03:10
105,78,48,,,,0.7517111301422119,0.0,0.7517111301422119,0.7517111301422119,1,True,"Success (standoff ok (err -0.08 mm, 2 steps, travel 6.0 mm))",2026-10-06 19:04:02
105,79,49,,,,0.8098402619361877,0.0,0.8098402619361877,0.8098402619361877,1,True,"Success (standoff ok (err -0.10 mm, 2 steps, travel 6.5 mm))",2026-10-06 19:04:54
105,81,50,,,,0.8990579843521118,0.0,0.8990579843521118,0.8990579843521118,1,True,"Success (standoff ok (err -0.19 mm, 1 step, travel 5.7 mm))",2026-10-06 19:05:44
105,82,51,,,,1.0587143898010254,0.0,1.0587143898010254,1.0587143898010254,1,True,"Success (standoff ok (err -0.00 mm, 2 steps, travel 5.8 mm))",2026-10-06 19:06:32
105,83,52,,,,0.9981107711791992,0.0,0.9981107711791992,0.9981107711791992,1,True,"Success (standoff ok (err -0.07 mm, 2 steps, travel 6.4 mm))",2026-10-06 19:07:24
105,84,53,,,,0.9174150228500366,0.0,0.9174150228500366,0.9174150228500366,1,True,"Success (standoff ok (err -0.06 mm, 2 steps, travel 6.5 mm))",2026-10-06 19:08:08
105,86,54,,,,0.7846781611442566,0.0,0.7846781611442566,0.7846781611442566,1,True,"Success (standoff ok (err -0.02 mm, 2 steps, travel 6.7 mm))",2026-10-06 19:08:55
105,87,55,,,,0.6830540299415588,0.0,0.6830540299415588,0.6830540299415588,1,True,"Success (standoff ok (err +0.00 mm, 2 steps, travel 6.1 mm))",2026-10-06 19:09:50
105,88,56,,,,0.7016271352767944,0.0,0.7016271352767944,0.7016271352767944,1,True,"Success (standoff ok (err -0.03 mm, 2 steps, travel 5.7 mm))",2026-10-06 19:10:46
105,89,57,,,,0.7085615396499634,0.0,0.7085615396499634,0.7085615396499634,1,True,"Success (standoff ok (err -0.10 mm, 2 steps, travel 5.6 mm))",2026-10-06 19:11:38
105,90,58,,,,0.7490256428718567,0.0,0.7490256428718567,0.7490256428718567,1,True,"Success (standoff ok (err -0.01 mm, 2 steps, travel 6.1 mm))",2026-10-06 19:12:28
105,92,59,,,,0.6981927156448364,0.0,0.6981927156448364,0.6981927156448364,1,True,"Success (standoff ok (err -0.02 mm, 2 steps, travel 6.2 mm))",2026-10-06 19:13:59
105,93,60,,,,0.6250804662704468,0.0,0.6250804662704468,0.6250804662704468,1,True,"Success (standoff ok (err +0.04 mm, 2 steps, travel 5.6 mm))",2026-10-06 19:14:48
105,94,61,,,,0.6246614456176758,0.0,0.6246614456176758,0.6246614456176758,1,True,"Success (standoff ok (err -0.03 mm, 2 steps, travel 5.3 mm))",2026-10-06 19:15:41
105,95,62,,,,0.5672535300254822,0.0,0.5672535300254822,0.5672535300254822,1,True,"Success (standoff ok (err -0.13 mm, 1 step, travel 4.9 mm))",2026-10-06 19:16:27
105,96,63,,,,0.6673914194107056,0.0,0.6673914194107056,0.6673914194107056,1,True,"Success (standoff ok (err -0.07 mm, 2 steps, travel 5.4 mm))",2026-10-06 19:17:17
105,97,64,,,,0.5824199318885803,0.0,0.5824199318885803,0.5824199318885803,1,True,"Success (standoff ok (err -0.08 mm, 2 steps, travel 6.0 mm))",2026-10-06 19:18:09
105,99,65,,,,0.5970826745033264,0.0,0.5970826745033264,0.5970826745033264,1,True,"Success (standoff ok (err -0.07 mm, 2 steps, travel 5.7 mm))",2026-10-06 19:18:58
105,100,66,,,,0.6294125318527222,0.0,0.6294125318527222,0.6294125318527222,1,True,"Success (standoff ok (err -0.08 mm, 2 steps, travel 5.5 mm))",2026-10-06 19:19:48
105,102,67,,,,0.5730995535850525,0.0,0.5730995535850525,0.5730995535850525,1,True,"Success (standoff ok (err -0.05 mm, 2 steps, travel 5.4 mm))",2026-10-06 19:20:36
105,104,68,,,,0.597187876701355,0.0,0.597187876701355,0.597187876701355,1,True,"Success (standoff ok (err -0.06 mm, 2 steps, travel 4.9 mm))",2026-10-06 19:21:27
105,106,69,,,,0.6324964761734009,0.0,0.6324964761734009,0.6324964761734009,1,True,"Success (standoff ok (err +0.00 mm, 2 steps, travel 4.0 mm))",2026-10-06 19:22:22
105,107,70,,,,0.576876699924469,0.0,0.576876699924469,0.576876699924469,1,True,"Success (standoff ok (err -0.20 mm, 1 step, travel 4.3 mm))",2026-10-06 19:23:10
105,109,71,,,,0.5864164233207703,0.0,0.5864164233207703,0.5864164233207703,1,True,"Success (standoff ok (err +0.00 mm, 2 steps, travel 5.3 mm))",2026-10-06 19:24:03
105,111,72,,,,0.6070151925086975,0.0,0.6070151925086975,0.6070151925086975,1,True,"Success (standoff ok (err -0.11 mm, 2 steps, travel 6.0 mm))",2026-10-06 19:24:51
105,113,73,,,,0.6260570883750916,0.0,0.6260570883750916,0.6260570883750916,1,True,"Success (standoff ok (err -0.01 mm, 2 steps, travel 6.3 mm))",2026-10-06 19:25:37
105,114,74,,,,0.6290361285209656,0.0,0.6290361285209656,0.6290361285209656,1,True,"Success (standoff ok (err -0.07 mm, 2 steps, travel 6.5 mm))",2026-10-06 19:26:23
105,115,75,,,,0.5971625447273254,0.0,0.5971625447273254,0.5971625447273254,1,True,"Success (standoff ok (err -0.13 mm, 2 steps, travel 6.8 mm))",2026-10-06 19:27:08
105,117,76,,,,0.6460604071617126,0.0,0.6460604071617126,0.6460604071617126,1,True,"Success (standoff ok (err -0.05 mm, 2 steps, travel 6.5 mm))",2026-10-06 19:28:00
105,118,77,,,,0.6081971526145935,0.0,0.6081971526145935,0.6081971526145935,1,True,"Success (standoff ok (err -0.03 mm, 2 steps, travel 5.7 mm))",2026-10-06 19:28:45
105,119,78,,,,0.5997639894485474,0.0,0.5997639894485474,0.5997639894485474,1,True,"Success (standoff ok (err -0.05 mm, 2 steps, travel 5.5 mm))",2026-10-06 19:29:36
105,120,79,,,,0.6197077035903931,0.0,0.6197077035903931,0.6197077035903931,1,True,"Success (standoff ok (err -0.01 mm, 2 steps, travel 5.9 mm))",2026-10-06 19:30:29
105,121,80,,,,0.7175153493881226,0.0,0.7175153493881226,0.7175153493881226,1,True,"Success (standoff ok (err -0.09 mm, 2 steps, travel 6.8 mm))",2026-10-06 19:31:14
105,122,81,,,,0.7207506895065308,0.0,0.7207506895065308,0.7207506895065308,1,True,"Success (standoff ok (err -0.04 mm, 2 steps, travel 6.6 mm))",2026-10-06 19:32:13
105,123,82,,,,0.748731791973114,0.0,0.748731791973114,0.748731791973114,1,True,"Success (standoff ok (err -0.06 mm, 2 steps, travel 5.7 mm))",2026-10-06 19:33:02
105,124,83,,,,0.7094371318817139,0.0,0.7094371318817139,0.7094371318817139,1,True,"Success (standoff ok (err -0.04 mm, 2 steps, travel 5.7 mm))",2026-10-06 19:33:52
105,125,84,,,,0.7031965255737305,0.0,0.7031965255737305,0.7031965255737305,1,True,"Success (standoff ok (err -0.05 mm, 2 steps, travel 5.9 mm))",2026-10-06 19:34:43
105,126,85,,,,0.8723029494285583,0.0,0.8723029494285583,0.8723029494285583,1,True,"Success (standoff ok (err +0.07 mm, 2 steps, travel 6.9 mm))",2026-10-06 19:35:35
105,127,86,,,,0.9784942865371704,0.0,0.9784942865371704,0.9784942865371704,1,True,"Success (standoff ok (err -0.07 mm, 2 steps, travel 6.6 mm))",2026-10-06 19:36:23
105,128,87,,,,1.0195636749267578,0.0,1.0195636749267578,1.0195636749267578,1,True,"Success (standoff ok (err -0.15 mm, 2 steps, travel 6.8 mm))",2026-10-06 19:37:12
105,129,88,,,,0.7170918583869934,0.0,0.7170918583869934,0.7170918583869934,1,True,"Success (standoff ok (err -0.13 mm, 2 steps, travel 6.9 mm))",2026-10-06 19:38:38
105,140,89,,,,0.6427198648452759,0.0,0.6427198648452759,0.6427198648452759,1,True,"Success (standoff ok (err +0.01 mm, 1 step, travel 6.7 mm))",2026-10-06 19:39:47
105,142,90,,,,0.6351354718208313,0.0,0.6351354718208313,0.6351354718208313,1,True,"Success (standoff ok (err -0.07 mm, 2 steps, travel 6.3 mm))",2026-10-06 19:40:49
105,144,91,,,,0.612240731716156,0.0,0.612240731716156,0.612240731716156,1,True,"Success (standoff ok (err -0.05 mm, 2 steps, travel 6.1 mm))",2026-10-06 19:41:36
105,146,92,,,,0.6100890040397644,0.0,0.6100890040397644,0.6100890040397644,1,True,"Success (standoff ok (err -0.03 mm, 2 steps, travel 5.6 mm))",2026-10-06 19:42:25
105,147,93,,,,0.6066626310348511,0.0,0.6066626310348511,0.6066626310348511,1,True,"Success (standoff ok (err -0.08 mm, 2 steps, travel 5.6 mm))",2026-10-06 19:43:20
105,149,94,,,,0.6543514132499695,0.0,0.6543514132499695,0.6543514132499695,1,True,"Success (standoff ok (err +0.03 mm, 2 steps, travel 6.2 mm))",2026-10-06 19:44:11
105,151,95,,,,0.585491955280304,0.0,0.585491955280304,0.585491955280304,1,True,"Success (standoff ok (err -0.04 mm, 2 steps, travel 6.5 mm))",2026-10-06 19:45:01
105,153,96,,,,0.6279659271240234,0.0,0.6279659271240234,0.6279659271240234,1,True,"Success (standoff ok (err -0.01 mm, 2 steps, travel 6.8 mm))",2026-10-06 19:46:29
105,154,97,,,,0.6903791427612305,0.0,0.6903791427612305,0.6903791427612305,1,True,"Success (standoff ok (err -0.11 mm, 2 steps, travel 7.3 mm))",2026-10-06 19:47:22
105,156,98,,,,0.7253539562225342,0.0,0.7253539562225342,0.7253539562225342,1,True,"Success (standoff ok (err -0.03 mm, 2 steps, travel 7.0 mm))",2026-10-06 19:48:48
105,158,99,,,,0.6146690249443054,0.0,0.6146690249443054,0.6146690249443054,1,True,"Success (standoff ok (err -0.12 mm, 2 steps, travel 6.5 mm))",2026-10-06 19:49:37
105,159,100,,,,0.6738606095314026,0.0,0.6738606095314026,0.6738606095314026,1,True,"Success (standoff ok (err -0.09 mm, 2 steps, travel 6.7 mm))",2026-10-06 19:50:29
105,161,101,,,,0.7400566339492798,0.0,0.7400566339492798,0.7400566339492798,1,True,"Success (standoff ok (err -0.07 mm, 2 steps, travel 7.0 mm))",2026-10-06 19:51:48
105,163,102,,,,0.8816131949424744,0.0,0.8816131949424744,0.8816131949424744,1,True,"Success (standoff ok (err -0.06 mm, 2 steps, travel 7.5 mm))",2026-10-06 19:52:39
105,165,103,,,,0.7235848903656006,0.0,0.7235848903656006,0.7235848903656006,1,True,"Success (standoff ok (err -0.13 mm, 2 steps, travel 7.8 mm))",2026-10-06 19:53:57
105,166,104,,,,0.7227262854576111,0.0,0.7227262854576111,0.7227262854576111,1,True,"Success (standoff ok (err -0.08 mm, 2 steps, travel 7.4 mm))",2026-10-06 19:54:48
105,168,105,,,,0.719468891620636,0.0,0.719468891620636,0.719468891620636,1,True,"Success (standoff ok (err -0.14 mm, 2 steps, travel 7.1 mm))",2026-10-06 19:55:38
105,170,106,,,,0.6259390711784363,0.0,0.6259390711784363,0.6259390711784363,1,True,"Success (standoff ok (err -0.06 mm, 2 steps, travel 6.6 mm))",2026-10-06 19:56:56
105,172,107,,,,0.6009596586227417,0.0,0.6009596586227417,0.6009596586227417,1,True,"Success (standoff ok (err -0.06 mm, 2 steps, travel 5.8 mm))",2026-10-06 19:57:49
105,174,108,,,,0.6228214502334595,0.0,0.6228214502334595,0.6228214502334595,1,True,"Success (standoff ok (err -0.06 mm, 2 steps, travel 6.6 mm))",2026-10-06 19:59:10
105,176,109,,,,0.8070433139801025,0.0,0.8070433139801025,0.8070433139801025,1,True,"Success (standoff ok (err -0.03 mm, 2 steps, travel 7.3 mm))",2026-10-06 19:59:58
105,178,110,,,,0.8206996321678162,0.0,0.8206996321678162,0.8206996321678162,1,True,"Success (standoff ok (err -0.20 mm, 2 steps, travel 7.5 mm))",2026-10-06 20:00:45
105,179,111,,,,0.6509688496589661,0.0,0.6509688496589661,0.6509688496589661,1,True,"Success (standoff ok (err -0.15 mm, 2 steps, travel 7.9 mm))",2026-10-06 20:01:37
105,181,112,,,,0.6603536009788513,0.0,0.6603536009788513,0.6603536009788513,1,True,"Success (standoff ok (err +0.02 mm, 2 steps, travel 7.2 mm))",2026-10-06 20:02:33
105,183,113,,,,0.7935866713523865,0.0,0.7935866713523865,0.7935866713523865,1,True,"Success (standoff ok (err -0.05 mm, 2 steps, travel 6.4 mm))",2026-10-06 20:03:24
106,49,1,,,,0.0629463791847229,0.0,0.0629463791847229,0.0629463791847229,1,True,"Success (standoff NOT corrected: out of range on the far side (seek disabled) (err n/a, 0 steps, travel 0.0 mm))",2026-10-06 20:05:45
106,50,2,,,,,,,,0,,,
106,52,3,,,,,,,,0,,,
106,53,4,,,,,,,,0,,,
106,54,5,,,,,,,,0,,,
106,55,6,,,,,,,,0,,,
106,56,7,,,,,,,,0,,,
106,57,8,,,,,,,,0,,,
106,58,9,,,,,,,,0,,,
106,59,10,,,,,,,,0,,,
106,60,11,,,,,,,,0,,,
106,61,12,,,,,,,,0,,,
106,62,13,,,,,,,,0,,,
106,64,14,,,,,,,,0,,,
106,65,15,,,,,,,,0,,,
106,67,16,,,,,,,,0,,,
106,68,17,,,,,,,,0,,,
106,69,18,,,,,,,,0,,,
106,70,19,,,,,,,,0,,,
106,71,20,,,,,,,,0,,,
106,72,21,,,,,,,,0,,,
106,73,22,,,,,,,,0,,,
106,74,23,,,,,,,,0,,,
106,75,24,,,,,,,,0,,,
106,76,25,,,,,,,,0,,,
106,77,26,,,,,,,,0,,,
106,78,27,,,,,,,,0,,,
106,79,28,,,,,,,,0,,,
106,80,29,,,,,,,,0,,,
106,81,30,,,,,,,,0,,,
106,82,31,,,,,,,,0,,,
106,83,32,,,,,,,,0,,,
106,84,33,,,,,,,,0,,,
106,85,34,,,,,,,,0,,,
106,86,35,,,,,,,,0,,,
106,87,36,,,,,,,,0,,,
106,88,37,,,,,,,,0,,,
106,89,38,,,,,,,,0,,,
106,90,39,,,,,,,,0,,,
106,91,40,,,,,,,,0,,,
106,92,41,,,,,,,,0,,,
106,93,42,,,,,,,,0,,,
106,95,43,,,,,,,,0,,,
106,97,44,,,,,,,,0,,,
106,99,45,,,,,,,,0,,,
106,101,46,,,,,,,,0,,,
106,102,47,,,,,,,,0,,,
106,103,48,,,,,,,,0,,,
106,104,49,,,,,,,,0,,,
106,105,50,,,,,,,,0,,,
106,106,51,,,,,,,,0,,,
106,107,52,,,,,,,,0,,,
106,108,53,,,,,,,,0,,,
106,109,54,,,,,,,,0,,,
106,110,55,,,,,,,,0,,,
106,111,56,,,,,,,,0,,,
106,112,57,,,,,,,,0,,,
106,113,58,,,,,,,,0,,,
106,114,59,,,,,,,,0,,,
106,115,60,,,,,,,,0,,,
106,116,61,,,,,,,,0,,,
106,117,62,,,,,,,,0,,,
106,118,63,,,,,,,,0,,,
106,119,64,,,,,,,,0,,,
106,120,65,,,,,,,,0,,,
106,121,66,,,,,,,,0,,,
106,122,67,,,,,,,,0,,,
106,123,68,,,,,,,,0,,,
106,124,69,,,,,,,,0,,,
106,125,70,,,,,,,,0,,,
106,126,71,,,,,,,,0,,,
106,127,72,,,,,,,,0,,,
106,128,73,,,,,,,,0,,,
106,130,74,,,,,,,,0,,,
106,131,75,,,,,,,,0,,,
106,133,76,,,,,,,,0,,,
106,134,77,,,,,,,,0,,,
106,135,78,,,,,,,,0,,,
106,136,79,,,,,,,,0,,,
106,137,80,,,,,,,,0,,,
106,138,81,,,,,,,,0,,,
106,139,82,,,,,,,,0,,,
106,140,83,,,,,,,,0,,,
106,141,84,,,,,,,,0,,,
106,142,85,,,,,,,,0,,,
106,143,86,,,,,,,,0,,,
106,144,87,,,,,,,,0,,,
106,145,88,,,,,,,,0,,,
106,146,89,,,,,,,,0,,,
106,147,90,,,,,,,,0,,,
106,148,91,,,,,,,,0,,,
106,149,92,,,,,,,,0,,,
106,150,93,,,,,,,,0,,,
106,151,94,,,,,,,,0,,,
106,152,95,,,,,,,,0,,,
106,153,96,,,,,,,,0,,,
106,154,97,,,,,,,,0,,,
106,155,98,,,,,,,,0,,,
106,156,99,,,,,,,,0,,,
106,157,100,,,,,,,,0,,,
106,158,101,,,,,,,,0,,,
106,159,102,,,,,,,,0,,,
106,160,103,,,,,,,,0,,,
106,161,104,,,,,,,,0,,,
106,166,105,,,,,,,,0,,,
106,168,106,,,,,,,,0,,,
106,170,107,,,,,,,,0,,,
106,172,108,,,,,,,,0,,,
106,174,109,,,,,,,,0,,,
106,175,110,,,,,,,,0,,,
106,176,111,,,,,,,,0,,,
106,177,112,,,,,,,,0,,,
106,178,113,,,,,,,,0,,,
106,179,114,,,,,,,,0,,,
106,180,115,,,,,,,,0,,,
106,181,116,,,,,,,,0,,,
106,182,117,,,,,,,,0,,,
106,183,118,,,,,,,,0,,,
106,185,119,,,,,,,,0,,,
106,186,120,,,,,,,,0,,,
106,187,121,,,,,,,,0,,,
106,188,122,,,,,,,,0,,,
106,189,123,,,,,,,,0,,,
106,190,124,,,,,,,,0,,,
106,191,125,,,,,,,,0,,,
106,192,126,,,,,,,,0,,,
106,193,127,,,,,,,,0,,,
106,194,128,,,,,,,,0,,,
106,195,129,,,,,,,,0,,,
106,196,130,,,,,,,,0,,,
106,197,131,,,,,,,,0,,,
106,198,132,,,,,,,,0,,,
106,199,133,,,,,,,,0,,,
106,200,134,,,,,,,,0,,,
106,201,135,,,,,,,,0,,,
106,202,136,,,,,,,,0,,,
106,203,137,,,,,,,,0,,,
106,205,138,,,,,,,,0,,,
106,207,139,,,,,,,,0,,,
106,209,140,,,,,,,,0,,,
106,211,141,,,,,,,,0,,,
106,213,142,,,,,,,,0,,,
106,215,143,,,,,,,,0,,,
106,217,144,,,,,,,,0,,,
106,219,145,,,,,,,,0,,,
106,221,146,,,,,,,,0,,,
106,222,147,,,,,,,,0,,,
106,223,148,,,,,,,,0,,,
106,224,149,,,,,,,,0,,,
106,225,150,,,,,,,,0,,,
106,226,151,,,,,,,,0,,,
106,227,152,,,,,,,,0,,,
106,228,153,,,,,,,,0,,,
106,229,154,,,,,,,,0,,,
106,230,155,,,,,,,,0,,,
106,231,156,,,,,,,,0,,,
106,232,157,,,,,,,,0,,,
106,233,158,,,,,,,,0,,,
106,234,159,,,,,,,,0,,,
106,235,160,,,,,,,,0,,,
106,236,161,,,,,,,,0,,,
106,237,162,,,,,,,,0,,,
106,238,163,,,,,,,,0,,,
106,239,164,,,,,,,,0,,,
106,240,165,,,,,,,,0,,,
106,241,166,,,,,,,,0,,,
106,242,167,,,,,,,,0,,,
106,243,168,,,,,,,,0,,,
106,244,169,,,,,,,,0,,,
106,245,170,,,,,,,,0,,,
106,246,171,,,,,,,,0,,,
106,247,172,,,,,,,,0,,,
106,248,173,,,,,,,,0,,,
106,249,174,,,,,,,,0,,,
106,250,175,,,,,,,,0,,,
106,252,176,,,,,,,,0,,,
106,254,177,,,,,,,,0,,,
106,256,178,,,,,,,,0,,,
106,258,179,,,,,,,,0,,,
106,260,180,,,,,,,,0,,,
106,262,181,,,,,,,,0,,,
106,264,182,,,,,,,,0,,,
106,266,183,,,,,,,,0,,,
106,267,184,,,,,,,,0,,,
106,268,185,,,,,,,,0,,,
106,269,186,,,,,,,,0,,,
106,270,187,,,,,,,,0,,,
106,271,188,,,,,,,,0,,,
106,272,189,,,,,,,,0,,,
106,273,190,,,,,,,,0,,,
106,274,191,,,,,,,,0,,,
106,275,192,,,,,,,,0,,,
106,276,193,,,,,,,,0,,,
106,277,194,,,,,,,,0,,,
106,278,195,,,,,,,,0,,,
106,279,196,,,,,,,,0,,,
106,280,197,,,,,,,,0,,,
106,281,198,,,,,,,,0,,,
106,282,199,,,,,,,,0,,,
106,283,200,,,,,,,,0,,,
106,284,201,,,,,,,,0,,,
106,285,202,,,,,,,,0,,,
106,286,203,,,,,,,,0,,,
106,287,204,,,,,,,,0,,,
106,288,205,,,,,,,,0,,,
106,289,206,,,,,,,,0,,,
106,290,207,,,,,,,,0,,,
106,291,208,,,,,,,,0,,,
106,292,209,,,,,,,,0,,,
106,293,210,,,,,,,,0,,,
106,294,211,,,,,,,,0,,,
106,295,212,,,,,,,,0,,,
106,296,213,,,,,,,,0,,,
106,298,214,,,,,,,,0,,,
106,300,215,,,,,,,,0,,,
106,302,216,,,,,,,,0,,,
106,304,217,,,,,,,,0,,,
106,306,218,,,,,,,,0,,,
106,308,219,,,,,,,,0,,,
106,310,220,,,,,,,,0,,,
106,312,221,,,,,,,,0,,,
106,313,222,,,,,,,,0,,,
106,314,223,,,,,,,,0,,,
106,315,224,,,,,,,,0,,,
106,316,225,,,,,,,,0,,,
106,317,226,,,,,,,,0,,,
106,318,227,,,,,,,,0,,,
106,319,228,,,,,,,,0,,,
106,320,229,,,,,,,,0,,,
106,321,230,,,,,,,,0,,,
106,322,231,,,,,,,,0,,,
106,323,232,,,,,,,,0,,,
106,324,233,,,,,,,,0,,,
106,325,234,,,,,,,,0,,,
106,326,235,,,,,,,,0,,,
106,327,236,,,,,,,,0,,,
106,328,237,,,,,,,,0,,,
106,329,238,,,,,,,,0,,,
106,330,239,,,,,,,,0,,,
106,331,240,,,,,,,,0,,,
106,332,241,,,,,,,,0,,,
106,333,242,,,,,,,,0,,,
106,334,243,,,,,,,,0,,,
106,335,244,,,,,,,,0,,,
106,336,245,,,,,,,,0,,,
106,337,246,,,,,,,,0,,,
106,338,247,,,,,,,,0,,,
106,339,248,,,,,,,,0,,,
106,340,249,,,,,,,,0,,,
106,341,250,,,,,,,,0,,,
106,342,251,,,,,,,,0,,,
106,344,252,,,,,,,,0,,,
106,346,253,,,,,,,,0,,,
106,348,254,,,,,,,,0,,,
106,350,255,,,,,,,,0,,,
106,351,256,,,,,,,,0,,,
106,353,257,,,,,,,,0,,,
106,355,258,,,,,,,,0,,,
106,357,259,,,,,,,,0,,,
106,358,260,,,,,,,,0,,,
106,359,261,,,,,,,,0,,,
106,360,262,,,,,,,,0,,,
106,361,263,,,,,,,,0,,,
106,362,264,,,,,,,,0,,,
106,363,265,,,,,,,,0,,,
106,364,266,,,,,,,,0,,,
106,365,267,,,,,,,,0,,,
106,366,268,,,,,,,,0,,,
106,367,269,,,,,,,,0,,,
106,368,270,,,,,,,,0,,,
106,369,271,,,,,,,,0,,,
106,370,272,,,,,,,,0,,,
106,371,273,,,,,,,,0,,,
106,372,274,,,,,,,,0,,,
106,373,275,,,,,,,,0,,,
106,374,276,,,,,,,,0,,,
106,375,277,,,,,,,,0,,,
106,376,278,,,,,,,,0,,,
106,377,279,,,,,,,,0,,,
106,378,280,,,,,,,,0,,,
106,379,281,,,,,,,,0,,,
106,380,282,,,,,,,,0,,,
106,381,283,,,,,,,,0,,,
106,382,284,,,,,,,,0,,,
106,383,285,,,,,,,,0,,,
106,384,286,,,,,,,,0,,,
106,385,287,,,,,,,,0,,,
106,386,288,,,,,,,,0,,,
106,387,289,,,,,,,,0,,,
106,388,290,,,,,,,,0,,,
106,390,291,,,,,,,,0,,,
106,392,292,,,,,,,,0,,,
106,394,293,,,,,,,,0,,,
106,395,294,,,,,,,,0,,,
106,397,295,,,,,,,,0,,,
106,399,296,,,,,,,,0,,,
106,401,297,,,,,,,,0,,,
106,402,298,,,,,,,,0,,,
106,403,299,,,,,,,,0,,,
106,404,300,,,,,,,,0,,,
106,405,301,,,,,,,,0,,,
106,406,302,,,,,,,,0,,,
106,407,303,,,,,,,,0,,,
106,408,304,,,,,,,,0,,,
106,409,305,,,,,,,,0,,,
106,410,306,,,,,,,,0,,,
106,411,307,,,,,,,,0,,,
106,412,308,,,,,,,,0,,,
106,413,309,,,,,,,,0,,,
106,414,310,,,,,,,,0,,,
106,415,311,,,,,,,,0,,,
106,416,312,,,,,,,,0,,,
106,417,313,,,,,,,,0,,,
106,418,314,,,,,,,,0,,,
106,419,315,,,,,,,,0,,,
106,420,316,,,,,,,,0,,,
106,421,317,,,,,,,,0,,,
106,422,318,,,,,,,,0,,,
106,423,319,,,,,,,,0,,,
106,424,320,,,,,,,,0,,,
106,425,321,,,,,,,,0,,,
106,426,322,,,,,,,,0,,,
106,427,323,,,,,,,,0,,,
106,428,324,,,,,,,,0,,,
106,429,325,,,,,,,,0,,,
106,430,326,,,,,,,,0,,,
106,431,327,,,,,,,,0,,,
106,433,328,,,,,,,,0,,,
106,435,329,,,,,,,,0,,,
106,437,330,,,,,,,,0,,,
106,439,331,,,,,,,,0,,,
106,440,332,,,,,,,,0,,,
106,442,333,,,,,,,,0,,,
106,444,334,,,,,,,,0,,,
106,446,335,,,,,,,,0,,,
106,448,336,,,,,,,,0,,,
106,449,337,,,,,,,,0,,,
106,450,338,,,,,,,,0,,,
106,451,339,,,,,,,,0,,,
106,452,340,,,,,,,,0,,,
106,453,341,,,,,,,,0,,,
106,454,342,,,,,,,,0,,,
106,455,343,,,,,,,,0,,,
106,456,344,,,,,,,,0,,,
106,457,345,,,,,,,,0,,,
106,458,346,,,,,,,,0,,,
106,459,347,,,,,,,,0,,,
106,460,348,,,,,,,,0,,,
106,461,349,,,,,,,,0,,,
106,462,350,,,,,,,,0,,,
106,463,351,,,,,,,,0,,,
106,464,352,,,,,,,,0,,,
106,465,353,,,,,,,,0,,,
106,466,354,,,,,,,,0,,,
106,467,355,,,,,,,,0,,,
106,468,356,,,,,,,,0,,,
106,469,357,,,,,,,,0,,,
106,470,358,,,,,,,,0,,,
106,471,359,,,,,,,,0,,,
106,472,360,,,,,,,,0,,,
106,473,361,,,,,,,,0,,,
106,474,362,,,,,,,,0,,,
106,475,363,,,,,,,,0,,,
106,476,364,,,,,,,,0,,,
106,477,365,,,,,,,,0,,,
106,479,366,,,,,,,,0,,,
106,481,367,,,,,,,,0,,,
106,483,368,,,,,,,,0,,,
106,485,369,,,,,,,,0,,,
106,486,370,,,,,,,,0,,,
106,488,371,,,,,,,,0,,,
106,490,372,,,,,,,,0,,,
106,492,373,,,,,,,,0,,,
106,493,374,,,,,,,,0,,,
106,494,375,,,,,,,,0,,,
106,495,376,,,,,,,,0,,,
106,496,377,,,,,,,,0,,,
106,497,378,,,,,,,,0,,,
106,498,379,,,,,,,,0,,,
106,499,380,,,,,,,,0,,,
106,500,381,,,,,,,,0,,,
106,501,382,,,,,,,,0,,,
106,502,383,,,,,,,,0,,,
106,503,384,,,,,,,,0,,,
106,504,385,,,,,,,,0,,,
106,505,386,,,,,,,,0,,,
106,506,387,,,,,,,,0,,,
106,507,388,,,,,,,,0,,,
106,508,389,,,,,,,,0,,,
106,509,390,,,,,,,,0,,,
106,510,391,,,,,,,,0,,,
106,511,392,,,,,,,,0,,,
106,512,393,,,,,,,,0,,,
106,513,394,,,,,,,,0,,,
106,514,395,,,,,,,,0,,,
106,515,396,,,,,,,,0,,,
106,516,397,,,,,,,,0,,,
106,517,398,,,,,,,,0,,,
106,518,399,,,,,,,,0,,,
106,519,400,,,,,,,,0,,,
106,520,401,,,,,,,,0,,,
106,521,402,,,,,,,,0,,,
106,522,403,,,,,,,,0,,,
106,524,404,,,,,,,,0,,,
106,526,405,,,,,,,,0,,,
106,528,406,,,,,,,,0,,,
106,530,407,,,,,,,,0,,,
106,531,408,,,,,,,,0,,,
106,533,409,,,,,,,,0,,,
106,535,410,,,,,,,,0,,,
106,537,411,,,,,,,,0,,,
106,539,412,,,,,,,,0,,,
106,541,413,,,,,,,,0,,,
106,542,414,,,,,,,,0,,,
106,543,415,,,,,,,,0,,,
106,544,416,,,,,,,,0,,,
106,545,417,,,,,,,,0,,,
106,546,418,,,,,,,,0,,,
106,547,419,,,,,,,,0,,,
106,548,420,,,,,,,,0,,,
106,549,421,,,,,,,,0,,,
106,550,422,,,,,,,,0,,,
106,551,423,,,,,,,,0,,,
106,552,424,,,,,,,,0,,,
106,553,425,,,,,,,,0,,,
106,554,426,,,,,,,,0,,,
106,555,427,,,,,,,,0,,,
106,556,428,,,,,,,,0,,,
106,557,429,,,,,,,,0,,,
106,558,430,,,,,,,,0,,,
106,559,431,,,,,,,,0,,,
106,560,432,,,,,,,,0,,,
106,561,433,,,,,,,,0,,,
106,562,434,,,,,,,,0,,,
106,563,435,,,,,,,,0,,,
106,564,436,,,,,,,,0,,,
106,565,437,,,,,,,,0,,,
106,566,438,,,,,,,,0,,,
106,567,439,,,,,,,,0,,,
106,568,440,,,,,,,,0,,,
106,570,441,,,,,,,,0,,,
106,572,442,,,,,,,,0,,,
106,574,443,,,,,,,,0,,,
106,576,444,,,,,,,,0,,,
106,579,445,,,,,,,,0,,,
106,581,446,,,,,,,,0,,,
106,584,447,,,,,,,,0,,,
106,586,448,,,,,,,,0,,,
106,588,449,,,,,,,,0,,,
106,590,450,,,,,,,,0,,,
106,592,451,,,,,,,,0,,,
106,593,452,,,,,,,,0,,,
106,594,453,,,,,,,,0,,,
106,595,454,,,,,,,,0,,,
106,596,455,,,,,,,,0,,,
106,597,456,,,,,,,,0,,,
106,598,457,,,,,,,,0,,,
106,599,458,,,,,,,,0,,,
106,600,459,,,,,,,,0,,,
106,601,460,,,,,,,,0,,,
106,602,461,,,,,,,,0,,,
106,603,462,,,,,,,,0,,,
106,604,463,,,,,,,,0,,,
106,605,464,,,,,,,,0,,,
106,606,465,,,,,,,,0,,,
106,607,466,,,,,,,,0,,,
106,608,467,,,,,,,,0,,,
106,609,468,,,,,,,,0,,,
106,610,469,,,,,,,,0,,,
106,611,470,,,,,,,,0,,,
106,612,471,,,,,,,,0,,,
106,613,472,,,,,,,,0,,,
106,614,473,,,,,,,,0,,,
106,615,474,,,,,,,,0,,,
106,616,475,,,,,,,,0,,,
106,617,476,,,,,,,,0,,,
106,618,477,,,,,,,,0,,,
106,619,478,,,,,,,,0,,,
106,620,479,,,,,,,,0,,,
106,622,480,,,,,,,,0,,,
106,624,481,,,,,,,,0,,,
106,626,482,,,,,,,,0,,,
106,628,483,,,,,,,,0,,,
106,632,484,,,,,,,,0,,,
106,639,485,,,,,,,,0,,,
106,641,486,,,,,,,,0,,,
106,642,487,,,,,,,,0,,,
106,643,488,,,,,,,,0,,,
106,644,489,,,,,,,,0,,,
106,645,490,,,,,,,,0,,,
106,646,491,,,,,,,,0,,,
106,647,492,,,,,,,,0,,,
106,648,493,,,,,,,,0,,,
106,649,494,,,,,,,,0,,,
106,650,495,,,,,,,,0,,,
106,651,496,,,,,,,,0,,,
106,652,497,,,,,,,,0,,,
106,653,498,,,,,,,,0,,,
106,654,499,,,,,,,,0,,,
106,655,500,,,,,,,,0,,,
106,656,501,,,,,,,,0,,,
106,657,502,,,,,,,,0,,,
106,658,503,,,,,,,,0,,,
106,659,504,,,,,,,,0,,,
106,660,505,,,,,,,,0,,,
106,661,506,,,,,,,,0,,,
106,662,507,,,,,,,,0,,,
106,663,508,,,,,,,,0,,,
106,664,509,,,,,,,,0,,,
106,665,510,,,,,,,,0,,,
106,666,511,,,,,,,,0,,,
106,667,512,,,,,,,,0,,,
106,668,513,,,,,,,,0,,,
106,669,514,,,,,,,,0,,,
106,671,515,,,,,,,,0,,,
118,14,1,,,,0.877612829208374,0.0,0.877612829208374,0.877612829208374,1,True,"Success (standoff ok (err -0.03 mm, 3 steps, travel 7.1 mm))",2026-10-07 10:54:41
118,16,2,,,,0.9091052412986756,0.0,0.9091052412986756,0.9091052412986756,1,True,"Success (standoff ok (err -0.08 mm, 2 steps, travel 7.3 mm))",2026-10-07 10:55:49
118,18,3,,,,0.883868932723999,0.0,0.883868932723999,0.883868932723999,1,True,"Success (standoff ok (err -0.10 mm, 2 steps, travel 7.3 mm))",2026-10-07 10:56:03
118,20,4,,,,0.771222710609436,0.0,0.771222710609436,0.771222710609436,1,True,"Success (standoff ok (err -0.17 mm, 2 steps, travel 7.4 mm))",2026-10-07 10:56:10
118,21,5,,,,0.8408361673355103,0.0,0.8408361673355103,0.8408361673355103,1,True,"Success (standoff ok (err -0.07 mm, 2 steps, travel 8.0 mm))",2026-10-07 10:56:18
118,23,6,,,,0.774446427822113,0.0,0.774446427822113,0.774446427822113,1,True,"Success (standoff ok (err -0.11 mm, 2 steps, travel 8.0 mm))",2026-10-07 10:56:25
118,25,7,,,,0.8939230442047119,0.0,0.8939230442047119,0.8939230442047119,1,True,"Success (standoff ok (err -0.17 mm, 2 steps, travel 7.7 mm))",2026-10-07 10:56:33
118,27,8,,,,0.8797207474708557,0.0,0.8797207474708557,0.8797207474708557,1,True,"Success (standoff ok (err -0.16 mm, 2 steps, travel 7.6 mm))",2026-10-07 10:56:40
118,28,9,,,,0.7475590705871582,0.0,0.7475590705871582,0.7475590705871582,1,True,"Success (standoff ok (err -0.02 mm, 2 steps, travel 8.2 mm))",2026-10-07 10:56:48
118,30,10,,,,0.7348233461380005,0.0,0.7348233461380005,0.7348233461380005,1,True,"Success (standoff ok (err -0.18 mm, 2 steps, travel 8.2 mm))",2026-10-07 10:56:55
118,32,11,,,,0.6765952706336975,0.0,0.6765952706336975,0.6765952706336975,1,True,"Success (standoff ok (err -0.15 mm, 2 steps, travel 8.2 mm))",2026-10-07 10:57:09
118,34,12,,,,0.7852676510810852,0.0,0.7852676510810852,0.7852676510810852,1,True,"Success (standoff ok (err -0.17 mm, 2 steps, travel 8.4 mm))",2026-10-07 10:57:17
118,35,13,,,,0.6817725300788879,0.0,0.6817725300788879,0.6817725300788879,1,True,"Success (standoff ok (err -0.16 mm, 2 steps, travel 8.7 mm))",2026-10-07 10:57:24
118,37,14,,,,0.6497228145599365,0.0,0.6497228145599365,0.6497228145599365,1,True,"Success (standoff ok (err -0.16 mm, 3 steps, travel 8.6 mm))",2026-10-07 10:57:33
118,39,15,,,,0.605112612247467,0.0,0.605112612247467,0.605112612247467,1,True,"Success (standoff ok (err -0.14 mm, 2 steps, travel 8.5 mm))",2026-10-07 10:57:40
118,41,16,,,,0.6116056442260742,0.0,0.6116056442260742,0.6116056442260742,1,True,"Success (standoff ok (err -0.11 mm, 2 steps, travel 8.4 mm))",2026-10-07 10:57:48
118,42,17,,,,0.5975335836410522,0.0,0.5975335836410522,0.5975335836410522,1,True,"Success (standoff ok (err -0.13 mm, 2 steps, travel 8.7 mm))",2026-10-07 10:57:55
118,44,18,,,,0.5985629558563232,0.0,0.5985629558563232,0.5985629558563232,1,True,"Success (standoff ok (err -0.09 mm, 2 steps, travel 8.8 mm))",2026-10-07 10:58:03
118,46,19,,,,0.619482696056366,0.0,0.619482696056366,0.619482696056366,1,True,"Success (standoff ok (err -0.16 mm, 2 steps, travel 8.8 mm))",2026-10-07 10:58:09
118,48,20,,,,0.608079731464386,0.0,0.608079731464386,0.608079731464386,1,True,"Success (standoff ok (err +0.20 mm, 3 steps, travel 9.3 mm))",2026-10-07 10:58:24
118,49,21,,,,0.6305575370788574,0.0,0.6305575370788574,0.6305575370788574,1,True,"Success (standoff ok (err -0.19 mm, 2 steps, travel 9.4 mm))",2026-10-07 10:58:32
118,51,22,,,,0.593346357345581,0.0,0.593346357345581,0.593346357345581,1,True,"Success (standoff ok (err -0.08 mm, 2 steps, travel 9.4 mm))",2026-10-07 10:58:40
118,53,23,,,,0.6006154417991638,0.0,0.6006154417991638,0.6006154417991638,1,True,"Success (standoff ok (err +0.10 mm, 3 steps, travel 9.4 mm))",2026-10-07 10:58:48
118,55,24,,,,0.6286460161209106,0.0,0.6286460161209106,0.6286460161209106,1,True,"Success (standoff ok (err -0.19 mm, 2 steps, travel 9.0 mm))",2026-10-07 10:58:56
118,56,25,,,,0.5977237224578857,0.0,0.5977237224578857,0.5977237224578857,1,True,"Success (standoff ok (err -0.07 mm, 2 steps, travel 7.6 mm))",2026-10-07 10:59:04
118,58,26,,,,0.5832290649414062,0.0,0.5832290649414062,0.5832290649414062,1,True,"Success (standoff ok (err -0.18 mm, 2 steps, travel 8.0 mm))",2026-10-07 10:59:12
118,60,27,,,,0.6313028931617737,0.0,0.6313028931617737,0.6313028931617737,1,True,"Success (standoff ok (err -0.07 mm, 2 steps, travel 8.3 mm))",2026-10-07 10:59:21
118,62,28,,,,0.5962973833084106,0.0,0.5962973833084106,0.5962973833084106,1,True,"Success (standoff ok (err -0.10 mm, 2 steps, travel 8.6 mm))",2026-10-07 10:59:33
118,63,29,,,,0.5533841252326965,0.0,0.5533841252326965,0.5533841252326965,1,True,"Success (standoff ok (err -0.08 mm, 2 steps, travel 10.9 mm))",2026-10-07 10:59:44
118,65,30,,,,0.6170555949211121,0.0,0.6170555949211121,0.6170555949211121,1,True,"Success (standoff ok (err +0.14 mm, 2 steps, travel 11.3 mm))",2026-10-07 11:02:03
118,67,31,,,,0.5341213941574097,0.0,0.5341213941574097,0.5341213941574097,1,True,"Success (standoff ok (err +0.00 mm, 3 steps, travel 11.2 mm))",2026-10-07 11:02:17
118,69,32,,,,0.5823841691017151,0.0,0.5823841691017151,0.5823841691017151,1,True,"Success (standoff ok (err -0.13 mm, 2 steps, travel 10.5 mm))",2026-10-07 11:02:26
118,70,33,,,,0.6709954142570496,0.0,0.6709954142570496,0.6709954142570496,1,True,"Success (standoff NOT corrected: out of range on the far side (seek disabled) (err n/a, 0 steps, travel 0.0 mm))",2026-10-07 11:02:32
118,72,34,,,,0.7328680157661438,0.0,0.7328680157661438,0.7328680157661438,1,True,"Success (standoff NOT corrected: out of range on the far side (seek disabled) (err n/a, 0 steps, travel 0.0 mm))",2026-10-07 11:02:44
118,74,35,,,,0.7296544313430786,0.0,0.7296544313430786,0.7296544313430786,1,True,"Success (standoff NOT corrected: out of range on the far side (seek disabled) (err n/a, 0 steps, travel 0.0 mm))",2026-10-07 11:02:50
118,76,36,,,,0.6324946880340576,0.0,0.6324946880340576,0.6324946880340576,1,True,"Success (standoff NOT corrected: out of range on the far side (seek disabled) (err n/a, 0 steps, travel 0.0 mm))",2026-10-07 11:02:58
119,11,1,,,,0.5163773894309998,0.0,0.5163773894309998,0.5163773894309998,1,True,"Success (standoff NOT corrected: out of range on the far side (seek disabled) (err n/a, 0 steps, travel 0.0 mm))",2026-10-07 11:17:56
119,12,2,,,,0.4413357377052307,0.0,0.4413357377052307,0.4413357377052307,1,True,"Success (standoff ok (err -0.01 mm, 3 steps, travel 9.4 mm))",2026-10-07 11:18:11
119,13,3,,,,0.4357016086578369,0.0,0.4357016086578369,0.4357016086578369,1,True,"Success (standoff ok (err -0.07 mm, 2 steps, travel 7.9 mm))",2026-10-07 11:18:16
119,15,4,,,,0.4375186562538147,0.0,0.4375186562538147,0.4375186562538147,1,True,"Success (standoff ok (err -0.17 mm, 2 steps, travel 7.1 mm))",2026-10-07 11:18:23
119,16,5,,,,0.4341506958007812,0.0,0.4341506958007812,0.4341506958007812,1,True,"Success (standoff ok (err -0.16 mm, 2 steps, travel 6.3 mm))",2026-10-07 11:18:28
119,17,6,,,,0.4105180501937866,0.0,0.4105180501937866,0.4105180501937866,1,True,"Success (standoff ok (err +0.11 mm, 2 steps, travel 6.5 mm))",2026-10-07 11:18:30
119,18,7,,,,0.4500320553779602,0.0,0.4500320553779602,0.4500320553779602,1,True,"Success (standoff ok (err -0.14 mm, 2 steps, travel 6.4 mm))",2026-10-07 11:18:36
119,20,8,,,,0.3971171379089355,0.0,0.3971171379089355,0.3971171379089355,1,True,"Success (standoff ok (err -0.19 mm, 2 steps, travel 6.7 mm))",2026-10-07 11:18:40
119,22,9,,,,0.4380550980567932,0.0,0.4380550980567932,0.4380550980567932,1,True,"Success (standoff ok (err +0.19 mm, 2 steps, travel 7.1 mm))",2026-10-07 11:18:47
119,25,10,,,,0.4488277435302734,0.0,0.4488277435302734,0.4488277435302734,1,True,"Success (standoff ok (err +0.06 mm, 2 steps, travel 6.7 mm))",2026-10-07 11:18:52
119,27,11,,,,0.486169159412384,0.0,0.486169159412384,0.486169159412384,1,True,"Success (standoff ok (err -0.13 mm, 2 steps, travel 5.8 mm))",2026-10-07 11:18:59
119,29,12,,,,0.4843154549598694,0.0,0.4843154549598694,0.4843154549598694,1,True,"Success (standoff ok (err -0.13 mm, 2 steps, travel 5.9 mm))",2026-10-07 11:19:06
119,31,13,,,,0.5000373721122742,0.0,0.5000373721122742,0.5000373721122742,1,True,"Success (standoff ok (err -0.19 mm, 1 step, travel 5.5 mm))",2026-10-07 11:19:10
119,32,14,,,,0.4886782169342041,0.0,0.4886782169342041,0.4886782169342041,1,True,"Success (standoff ok (err -0.12 mm, 2 steps, travel 5.2 mm))",2026-10-07 11:19:15
119,33,15,,,,0.4800564050674438,0.0,0.4800564050674438,0.4800564050674438,1,True,"Success (standoff ok (err +0.05 mm, 2 steps, travel 5.3 mm))",2026-10-07 11:19:18
119,34,16,,,,0.4419562220573425,0.0,0.4419562220573425,0.4419562220573425,1,True,"Success (standoff ok (err +0.07 mm, 2 steps, travel 5.3 mm))",2026-10-07 11:19:22
119,36,17,,,,0.5073875188827515,0.0,0.5073875188827515,0.5073875188827515,1,True,"Success (standoff ok (err -0.06 mm, 2 steps, travel 6.2 mm))",2026-10-07 11:19:26
119,37,18,,,,0.4433071613311767,0.0,0.4433071613311767,0.4433071613311767,1,True,"Success (standoff ok (err -0.14 mm, 1 step, travel 5.2 mm))",2026-10-07 11:19:30
119,38,19,,,,0.47435462474823,0.0,0.47435462474823,0.47435462474823,1,True,"Success (standoff ok (err -0.13 mm, 1 step, travel 4.8 mm))",2026-10-07 11:19:34
119,39,20,,,,0.4609963297843933,0.0,0.4609963297843933,0.4609963297843933,1,True,"Success (standoff ok (err -0.13 mm, 2 steps, travel 4.7 mm))",2026-10-07 11:19:37
119,40,21,,,,0.488821268081665,0.0,0.488821268081665,0.488821268081665,1,True,"Success (standoff ok (err -0.00 mm, 2 steps, travel 5.5 mm))",2026-10-07 11:19:40
119,41,22,,,,0.4566588997840881,0.0,0.4566588997840881,0.4566588997840881,1,True,"Success (standoff ok (err +0.05 mm, 2 steps, travel 6.1 mm))",2026-10-07 11:19:44
119,42,23,,,,0.7696062326431274,0.0,0.7696062326431274,0.7696062326431274,1,True,"Success (standoff ok (err -0.10 mm, 2 steps, travel 7.1 mm))",2026-10-07 11:19:47
119,43,24,,,,0.8094432950019836,0.0,0.8094432950019836,0.8094432950019836,1,True,"Success (standoff ok (err -0.14 mm, 2 steps, travel 11.2 mm))",2026-10-07 11:19:50
119,45,25,,,,0.4780682921409607,0.0,0.4780682921409607,0.4780682921409607,1,True,"Success (standoff ok (err -0.18 mm, 1 step, travel 4.8 mm))",2026-10-07 11:19:55
119,46,26,,,,0.5094584822654724,0.0,0.5094584822654724,0.5094584822654724,1,True,"Success (standoff ok (err -0.13 mm, 1 step, travel 4.9 mm))",2026-10-07 11:19:58
119,48,27,,,,0.5220484733581543,0.0,0.5220484733581543,0.5220484733581543,1,True,"Success (standoff ok (err -0.05 mm, 2 steps, travel 5.5 mm))",2026-10-07 11:20:02
119,49,28,,,,0.5241361260414124,0.0,0.5241361260414124,0.5241361260414124,1,True,"Success (standoff ok (err -0.17 mm, 1 step, travel 4.8 mm))",2026-10-07 11:20:06
119,50,29,,,,0.4687502980232239,0.0,0.4687502980232239,0.4687502980232239,1,True,"Success (standoff ok (err +0.05 mm, 2 steps, travel 5.4 mm))",2026-10-07 11:20:11
119,51,30,,,,0.5182686448097229,0.0,0.5182686448097229,0.5182686448097229,1,True,"Success (standoff ok (err -0.13 mm, 1 step, travel 5.8 mm))",2026-10-07 11:20:14
119,52,31,,,,0.5139783024787903,0.0,0.5139783024787903,0.5139783024787903,1,True,"Success (standoff ok (err -0.11 mm, 2 steps, travel 6.2 mm))",2026-10-07 11:20:19
119,54,32,,,,0.5194047093391418,0.0,0.5194047093391418,0.5194047093391418,1,True,"Success (standoff ok (err -0.05 mm, 2 steps, travel 6.4 mm))",2026-10-07 11:20:24
119,55,33,,,,0.4925251007080078,0.0,0.4925251007080078,0.4925251007080078,1,True,"Success (standoff ok (err -0.12 mm, 2 steps, travel 6.0 mm))",2026-10-07 11:20:27
119,56,34,,,,0.5421373248100281,0.0,0.5421373248100281,0.5421373248100281,1,True,"Success (standoff ok (err -0.18 mm, 1 step, travel 5.8 mm))",2026-10-07 11:22:02
119,57,35,,,,0.5358061194419861,0.0,0.5358061194419861,0.5358061194419861,1,True,"Success (standoff ok (err -0.10 mm, 2 steps, travel 5.9 mm))",2026-10-07 11:38:52
119,58,36,,,,0.4595226049423218,0.0,0.4595226049423218,0.4595226049423218,1,True,"Success (standoff ok (err -0.17 mm, 1 step, travel 5.7 mm))",2026-10-07 11:39:02
119,60,37,,,,0.5401390790939331,0.0,0.5401390790939331,0.5401390790939331,1,True,"Success (standoff ok (err -0.08 mm, 2 steps, travel 6.4 mm))",2026-10-07 11:39:09
119,62,38,,,,0.5224090814590454,0.0,0.5224090814590454,0.5224090814590454,1,True,"Success (standoff ok (err -0.19 mm, 2 steps, travel 5.9 mm))",2026-10-07 11:39:15
119,63,39,,,,0.5773964524269104,0.0,0.5773964524269104,0.5773964524269104,1,True,"Success (standoff ok (err -0.02 mm, 2 steps, travel 5.4 mm))",2026-10-07 11:39:22
119,65,40,,,,0.5996254086494446,0.0,0.5996254086494446,0.5996254086494446,1,True,"Success (standoff ok (err -0.02 mm, 1 step, travel 5.6 mm))",2026-10-07 11:39:29
119,67,41,,,,0.5380195379257202,0.0,0.5380195379257202,0.5380195379257202,1,True,"Success (standoff ok (err -0.04 mm, 2 steps, travel 4.8 mm))",2026-10-07 11:39:36
119,68,42,,,,0.569758415222168,0.0,0.569758415222168,0.569758415222168,1,True,"Success (standoff ok (err -0.19 mm, 1 step, travel 4.1 mm))",2026-10-07 11:39:41
119,69,43,,,,0.5653464794158936,0.0,0.5653464794158936,0.5653464794158936,1,True,"Success (standoff ok (err -0.18 mm, 1 step, travel 4.1 mm))",2026-10-07 11:39:46
119,70,44,,,,0.574658215045929,0.0,0.574658215045929,0.574658215045929,1,True,"Success (standoff ok (err -0.05 mm, 2 steps, travel 4.6 mm))",2026-10-07 11:39:53
119,71,45,,,,0.5195924639701843,0.0,0.5195924639701843,0.5195924639701843,1,True,"Success (standoff ok (err +0.00 mm, 2 steps, travel 5.1 mm))",2026-10-07 11:39:58
119,73,46,,,,0.5159437656402588,0.0,0.5159437656402588,0.5159437656402588,1,True,"Success (standoff ok (err +0.03 mm, 1 step, travel 4.5 mm))",2026-10-07 11:40:05
119,74,47,,,,0.496596097946167,0.0,0.496596097946167,0.496596097946167,1,True,"Success (standoff ok (err -0.03 mm, 2 steps, travel 4.1 mm))",2026-10-07 11:40:10
119,75,48,,,,0.5004730820655823,0.0,0.5004730820655823,0.5004730820655823,1,True,"Success (standoff ok (err +0.01 mm, 2 steps, travel 4.0 mm))",2026-10-07 11:40:15
119,76,49,,,,0.6281527876853943,0.0,0.6281527876853943,0.6281527876853943,1,True,"Success (standoff ok (err -0.01 mm, 2 steps, travel 4.3 mm))",2026-10-07 11:40:20
119,77,50,,,,0.5496886372566223,0.0,0.5496886372566223,0.5496886372566223,1,True,"Success (standoff ok (err -0.08 mm, 2 steps, travel 4.9 mm))",2026-10-07 11:40:25
119,78,51,,,,0.5778175592422485,0.0,0.5778175592422485,0.5778175592422485,1,True,"Success (standoff ok (err -0.15 mm, 1 step, travel 4.3 mm))",2026-10-07 11:40:30
119,79,52,,,,0.5574235320091248,0.0,0.5574235320091248,0.5574235320091248,1,True,"Success (standoff ok (err +0.03 mm, 2 steps, travel 4.4 mm))",2026-10-07 11:40:35
119,80,53,,,,0.5930623412132263,0.0,0.5930623412132263,0.5930623412132263,1,True,"Success (standoff ok (err +0.00 mm, 2 steps, travel 4.2 mm))",2026-10-07 11:40:41
119,81,54,,,,0.6926417350769043,0.0,0.6926417350769043,0.6926417350769043,1,True,"Success (standoff ok (err -0.11 mm, 2 steps, travel 3.9 mm))",2026-10-07 11:41:23
119,82,55,,,,0.6260675191879272,0.0,0.6260675191879272,0.6260675191879272,1,True,"Success (standoff ok (err -0.18 mm, 1 step, travel 4.0 mm))",2026-10-07 11:41:29
119,83,56,,,,0.6235504150390625,0.0,0.6235504150390625,0.6235504150390625,1,True,"Success (standoff ok (err -0.14 mm, 2 steps, travel 3.5 mm))",2026-10-07 11:41:34
119,84,57,,,,0.6706422567367554,0.0,0.6706422567367554,0.6706422567367554,1,True,"Success (standoff ok (err -0.01 mm, 1 step, travel 3.4 mm))",2026-10-07 11:41:39
119,85,58,,,,0.6088081002235413,0.0,0.6088081002235413,0.6088081002235413,1,True,"Success (standoff ok (err -0.17 mm, 1 step, travel 3.6 mm))",2026-10-07 11:41:59
119,86,59,,,,0.5754977464675903,0.0,0.5754977464675903,0.5754977464675903,1,True,"Success (standoff ok (err -0.02 mm, 2 steps, travel 4.5 mm))",2026-10-07 11:42:15
119,87,60,,,,0.5960962176322937,0.0,0.5960962176322937,0.5960962176322937,1,True,"Success (standoff ok (err +0.04 mm, 2 steps, travel 5.1 mm))",2026-10-07 11:42:23
119,88,61,,,,0.5518299341201782,0.0,0.5518299341201782,0.5518299341201782,1,True,"Success (standoff ok (err -0.12 mm, 1 step, travel 4.2 mm))",2026-10-07 11:42:28
119,89,62,,,,0.5987516045570374,0.0,0.5987516045570374,0.5987516045570374,1,True,"Success (standoff ok (err -0.06 mm, 2 steps, travel 4.2 mm))",2026-10-07 11:42:34
119,90,63,,,,0.6057652831077576,0.0,0.6057652831077576,0.6057652831077576,1,True,"Success (standoff ok (err -0.14 mm, 2 steps, travel 4.2 mm))",2026-10-07 11:42:41
119,91,64,,,,0.5448377132415771,0.0,0.5448377132415771,0.5448377132415771,1,True,"Success (standoff ok (err -0.03 mm, 2 steps, travel 5.4 mm))",2026-10-07 11:42:48
119,93,65,,,,0.6123024225234985,0.0,0.6123024225234985,0.6123024225234985,1,True,"Success (standoff ok (err -0.12 mm, 2 steps, travel 6.0 mm))",2026-10-07 11:42:57
119,95,66,,,,0.5629390478134155,0.0,0.5629390478134155,0.5629390478134155,1,True,"Success (standoff ok (err -0.02 mm, 2 steps, travel 6.0 mm))",2026-10-07 11:43:04
119,96,67,,,,0.6345844268798828,0.0,0.6345844268798828,0.6345844268798828,1,True,"Success (standoff ok (err -0.08 mm, 2 steps, travel 5.4 mm))",2026-10-07 11:43:12
119,98,68,,,,0.5765795707702637,0.0,0.5765795707702637,0.5765795707702637,1,True,"Success (standoff ok (err -0.16 mm, 1 step, travel 5.4 mm))",2026-10-07 11:43:48
119,99,69,,,,0.52631676197052,0.0,0.52631676197052,0.52631676197052,1,True,"Success (standoff ok (err -0.11 mm, 2 steps, travel 5.2 mm))",2026-10-07 11:43:55
119,100,70,,,,0.5741378664970398,0.0,0.5741378664970398,0.5741378664970398,1,True,"Success (standoff ok (err -0.09 mm, 2 steps, travel 5.2 mm))",2026-10-07 11:44:02
119,101,71,,,,0.5440086126327515,0.0,0.5440086126327515,0.5440086126327515,1,True,"Success (standoff ok (err -0.19 mm, 1 step, travel 4.6 mm))",2026-10-07 11:44:10
119,102,72,,,,0.5365538597106934,0.0,0.5365538597106934,0.5365538597106934,1,True,"Success (standoff ok (err -0.00 mm, 2 steps, travel 5.0 mm))",2026-10-07 11:44:19
119,104,73,,,,0.5825433135032654,0.0,0.5825433135032654,0.5825433135032654,1,True,"Success (standoff ok (err -0.04 mm, 2 steps, travel 5.3 mm))",2026-10-07 11:44:28
119,105,74,,,,0.5829831957817078,0.0,0.5829831957817078,0.5829831957817078,1,True,"Success (standoff ok (err -0.12 mm, 1 step, travel 5.0 mm))",2026-10-07 11:44:33
119,106,75,,,,0.6693148612976074,0.0,0.6693148612976074,0.6693148612976074,1,True,"Success (standoff ok (err -0.16 mm, 1 step, travel 4.1 mm))",2026-10-07 11:44:39
119,107,76,,,,0.5859217047691345,0.0,0.5859217047691345,0.5859217047691345,1,True,"Success (standoff ok (err -0.18 mm, 1 step, travel 3.4 mm))",2026-10-07 11:44:44
119,108,77,,,,0.6259560585021973,0.0,0.6259560585021973,0.6259560585021973,1,True,"Success (standoff ok (err -0.02 mm, 2 steps, travel 3.7 mm))",2026-10-07 11:44:51
119,109,78,,,,0.7452565431594849,0.0,0.7452565431594849,0.7452565431594849,1,True,"Success (standoff ok (err -0.08 mm, 2 steps, travel 4.2 mm))",2026-10-07 11:44:57
119,111,79,,,,0.7916998863220215,0.0,0.7916998863220215,0.7916998863220215,1,True,"Success (standoff ok (err -0.09 mm, 1 step, travel 3.5 mm))",2026-10-07 11:45:02
119,112,80,,,,0.7629266381263733,0.0,0.7629266381263733,0.7629266381263733,1,True,"Success (standoff ok (err -0.16 mm, 1 step, travel 3.1 mm))",2026-10-07 11:45:07
119,113,81,,,,0.6038689613342285,0.0,0.6038689613342285,0.6038689613342285,1,True,"Success (standoff ok (err -0.18 mm, 1 step, travel 3.3 mm))",2026-10-07 11:45:12
119,114,82,,,,0.9374293684959412,0.0,0.9374293684959412,0.9374293684959412,1,True,"Success (standoff ok (err -0.11 mm, 1 step, travel 3.0 mm))",2026-10-07 11:45:22
119,115,83,,,,0.8056223392486572,0.0,0.8056223392486572,0.8056223392486572,1,True,"Success (standoff ok (err -0.20 mm, 1 step, travel 3.3 mm))",2026-10-07 11:45:28
119,116,84,,,,0.7488098740577698,0.0,0.7488098740577698,0.7488098740577698,1,True,"Success (standoff ok (err -0.18 mm, 1 step, travel 4.0 mm))",2026-10-07 11:45:34
119,117,85,,,,0.6630170345306396,0.0,0.6630170345306396,0.6630170345306396,1,True,"Success (standoff ok (err -0.09 mm, 2 steps, travel 4.5 mm))",2026-10-07 11:45:41
119,118,86,,,,0.6969732046127319,0.0,0.6969732046127319,0.6969732046127319,1,True,"Success (standoff ok (err -0.18 mm, 1 step, travel 4.7 mm))",2026-10-07 11:45:48
119,119,87,,,,0.6698164343833923,0.0,0.6698164343833923,0.6698164343833923,1,True,"Success (standoff ok (err -0.06 mm, 2 steps, travel 4.8 mm))",2026-10-07 11:48:26
119,120,88,,,,0.6040698289871216,0.0,0.6040698289871216,0.6040698289871216,1,True,"Success (standoff ok (err -0.16 mm, 1 step, travel 5.0 mm))",2026-10-07 11:48:35
119,121,89,,,,0.6035405397415161,0.0,0.6035405397415161,0.6035405397415161,1,True,"Success (standoff ok (err -0.16 mm, 2 steps, travel 5.1 mm))",2026-10-07 11:48:43
119,122,90,,,,0.6233882904052734,0.0,0.6233882904052734,0.6233882904052734,1,True,"Success (standoff ok (err -0.01 mm, 2 steps, travel 5.2 mm))",2026-10-07 11:48:53
119,123,91,,,,0.5845338106155396,0.0,0.5845338106155396,0.5845338106155396,1,True,"Success (standoff ok (err -0.13 mm, 2 steps, travel 5.3 mm))",2026-10-07 11:49:00
119,124,92,,,,0.6020429730415344,0.0,0.6020429730415344,0.6020429730415344,1,True,"Success (standoff ok (err -0.08 mm, 2 steps, travel 5.4 mm))",2026-10-07 11:49:48
119,125,93,,,,0.5662050843238831,0.0,0.5662050843238831,0.5662050843238831,1,True,"Success (standoff ok (err -0.20 mm, 1 step, travel 5.1 mm))",2026-10-07 11:49:55
119,126,94,,,,0.6413578987121582,0.0,0.6413578987121582,0.6413578987121582,1,True,"Success (standoff ok (err -0.11 mm, 2 steps, travel 5.4 mm))",2026-10-07 11:50:02
119,128,95,,,,0.5761373043060303,0.0,0.5761373043060303,0.5761373043060303,1,True,"Success (standoff ok (err -0.04 mm, 2 steps, travel 5.2 mm))",2026-10-07 11:50:09
119,129,96,,,,0.6080543994903564,0.0,0.6080543994903564,0.6080543994903564,1,True,"Success (standoff ok (err -0.03 mm, 2 steps, travel 4.4 mm))",2026-10-07 11:50:15
119,131,97,,,,0.6020238995552063,0.0,0.6020238995552063,0.6020238995552063,1,True,"Success (standoff ok (err +0.01 mm, 2 steps, travel 4.4 mm))",2026-10-07 11:50:27
119,132,98,,,,0.6179365515708923,0.0,0.6179365515708923,0.6179365515708923,1,True,"Success (standoff ok (err -0.12 mm, 2 steps, travel 4.5 mm))",2026-10-07 11:50:40
119,133,99,,,,0.6271734833717346,0.0,0.6271734833717346,0.6271734833717346,1,True,"Success (standoff ok (err -0.14 mm, 1 step, travel 4.3 mm))",2026-10-07 11:50:46
119,134,100,,,,0.5973729491233826,0.0,0.5973729491233826,0.5973729491233826,1,True,"Success (standoff ok (err -0.10 mm, 2 steps, travel 4.4 mm))",2026-10-07 11:50:53
119,135,101,,,,0.61067134141922,0.0,0.61067134141922,0.61067134141922,1,True,"Success (standoff ok (err -0.10 mm, 1 step, travel 4.3 mm))",2026-10-07 11:50:59
119,136,102,,,,0.6152075529098511,0.0,0.6152075529098511,0.6152075529098511,1,True,"Success (standoff ok (err -0.10 mm, 1 step, travel 4.4 mm))",2026-10-07 11:51:04
119,137,103,,,,0.6246697902679443,0.0,0.6246697902679443,0.6246697902679443,1,True,"Success (standoff ok (err -0.04 mm, 2 steps, travel 4.3 mm))",2026-10-07 11:51:10
119,138,104,,,,0.6695562601089478,0.0,0.6695562601089478,0.6695562601089478,1,True,"Success (standoff ok (err +0.01 mm, 2 steps, travel 4.2 mm))",2026-10-07 11:51:43
119,139,105,,,,0.7418748736381531,0.0,0.7418748736381531,0.7418748736381531,1,True,"Success (standoff ok (err -0.14 mm, 1 step, travel 4.0 mm))",2026-10-07 11:51:50
119,140,106,,,,0.8034902811050415,0.0,0.8034902811050415,0.8034902811050415,1,True,"Success (standoff ok (err +0.12 mm, 2 steps, travel 4.2 mm))",2026-10-07 11:51:57
119,141,107,,,,0.7872742414474487,0.0,0.7872742414474487,0.7872742414474487,1,True,"Success (standoff ok (err -0.09 mm, 1 step, travel 3.9 mm))",2026-10-07 11:52:02
119,142,108,,,,0.7650741934776306,0.0,0.7650741934776306,0.7650741934776306,1,True,"Success (standoff ok (err +0.12 mm, 2 steps, travel 3.9 mm))",2026-10-07 11:52:08
119,143,109,,,,0.7161536812782288,0.0,0.7161536812782288,0.7161536812782288,1,True,"Success (standoff ok (err +0.09 mm, 2 steps, travel 3.6 mm))",2026-10-07 11:52:14
119,144,110,,,,0.8853137493133545,0.0,0.8853137493133545,0.8853137493133545,1,True,"Success (standoff ok (err -0.16 mm, 1 step, travel 3.2 mm))",2026-10-07 11:52:19
119,145,111,,,,0.9576022624969482,0.0,0.9576022624969482,0.9576022624969482,1,True,"Success (standoff ok (err -0.17 mm, 1 step, travel 2.8 mm))",2026-10-07 11:52:24
119,146,112,,,,0.9644404053688048,0.0,0.9644404053688048,0.9644404053688048,1,True,"Success (standoff ok (err -0.19 mm, 1 step, travel 3.0 mm))",2026-10-07 11:52:31
119,147,113,,,,0.8819848299026489,0.0,0.8819848299026489,0.8819848299026489,1,True,"Success (standoff ok (err -0.19 mm, 1 step, travel 3.2 mm))",2026-10-07 11:52:35
119,148,114,,,,0.9298744797706604,0.0,0.9298744797706604,0.9298744797706604,1,True,"Success (standoff ok (err -0.06 mm, 2 steps, travel 3.7 mm))",2026-10-07 11:52:41
119,149,115,,,,0.912494659423828,0.0,0.912494659423828,0.912494659423828,1,True,"Success (standoff ok (err -0.18 mm, 1 step, travel 3.8 mm))",2026-10-07 11:52:45
119,150,116,,,,0.9029370546340942,0.0,0.9029370546340942,0.9029370546340942,1,True,"Success (standoff ok (err -0.10 mm, 1 step, travel 3.9 mm))",2026-10-07 11:52:50
119,151,117,,,,0.6068968772888184,0.0,0.6068968772888184,0.6068968772888184,1,True,"Success (standoff ok (err -0.09 mm, 2 steps, travel 4.0 mm))",2026-10-07 11:52:55
119,152,118,,,,0.6512922048568726,0.0,0.6512922048568726,0.6512922048568726,1,True,"Success (standoff ok (err -0.08 mm, 2 steps, travel 4.0 mm))",2026-10-07 11:53:01
119,153,119,,,,0.630103349685669,0.0,0.630103349685669,0.630103349685669,1,True,"Success (standoff ok (err -0.12 mm, 2 steps, travel 4.2 mm))",2026-10-07 11:53:07
119,154,120,,,,0.6180819869041443,0.0,0.6180819869041443,0.6180819869041443,1,True,"Success (standoff ok (err -0.11 mm, 1 step, travel 4.1 mm))",2026-10-07 11:53:12
119,155,121,,,,0.6677606701850891,0.0,0.6677606701850891,0.6677606701850891,1,True,"Success (standoff ok (err -0.12 mm, 2 steps, travel 4.2 mm))",2026-10-07 11:53:21
119,156,122,,,,0.6278383731842041,0.0,0.6278383731842041,0.6278383731842041,1,True,"Success (standoff ok (err -0.06 mm, 1 step, travel 4.1 mm))",2026-10-07 11:53:26
119,157,123,,,,0.5976131558418274,0.0,0.5976131558418274,0.5976131558418274,1,True,"Success (standoff ok (err -0.20 mm, 1 step, travel 3.9 mm))",2026-10-07 11:53:32
119,158,124,,,,0.6027498841285706,0.0,0.6027498841285706,0.6027498841285706,1,True,"Success (standoff ok (err +0.05 mm, 2 steps, travel 4.0 mm))",2026-10-07 11:53:39
119,160,125,,,,0.588158369064331,0.0,0.588158369064331,0.588158369064331,1,True,"Success (standoff ok (err -0.02 mm, 2 steps, travel 3.8 mm))",2026-10-07 11:53:46
119,161,126,,,,0.6747177243232727,0.0,0.6747177243232727,0.6747177243232727,1,True,"Success (standoff ok (err -0.13 mm, 1 step, travel 2.9 mm))",2026-10-07 11:53:56
119,162,127,,,,0.629751980304718,0.0,0.629751980304718,0.629751980304718,1,True,"Success (standoff ok (err -0.02 mm, 2 steps, travel 3.1 mm))",2026-10-07 11:54:01
119,163,128,,,,0.629706084728241,0.0,0.629706084728241,0.629706084728241,1,True,"Success (standoff ok (err -0.13 mm, 1 step, travel 3.1 mm))",2026-10-07 11:54:06
119,164,129,,,,0.715232789516449,0.0,0.715232789516449,0.715232789516449,1,True,"Success (standoff ok (err -0.17 mm, 1 step, travel 3.3 mm))",2026-10-07 11:54:14
119,165,130,,,,0.6914541125297546,0.0,0.6914541125297546,0.6914541125297546,1,True,"Success (standoff ok (err -0.09 mm, 2 steps, travel 3.3 mm))",2026-10-07 11:54:20
119,166,131,,,,0.6585347652435303,0.0,0.6585347652435303,0.6585347652435303,1,True,"Success (standoff ok (err -0.16 mm, 2 steps, travel 3.3 mm))",2026-10-07 11:54:25
119,167,132,,,,0.6891214847564697,0.0,0.6891214847564697,0.6891214847564697,1,True,"Success (standoff ok (err -0.13 mm, 1 step, travel 3.5 mm))",2026-10-07 11:54:31
119,168,133,,,,0.6824982166290283,0.0,0.6824982166290283,0.6824982166290283,1,True,"Success (standoff ok (err -0.15 mm, 1 step, travel 3.4 mm))",2026-10-07 11:54:36
119,169,134,,,,0.8443769812583923,0.0,0.8443769812583923,0.8443769812583923,1,True,"Success (standoff ok (err -0.18 mm, 1 step, travel 3.4 mm))",2026-10-07 11:54:42
119,170,135,,,,1.0617363452911377,0.0,1.0617363452911377,1.0617363452911377,1,True,"Success (standoff ok (err +0.05 mm, 2 steps, travel 3.5 mm))",2026-10-07 11:54:47
119,171,136,,,,0.9262427687644958,0.0,0.9262427687644958,0.9262427687644958,1,True,"Success (standoff ok (err +0.03 mm, 2 steps, travel 3.4 mm))",2026-10-07 11:54:53
119,172,137,,,,0.9134519100189208,0.0,0.9134519100189208,0.9134519100189208,1,True,"Success (standoff ok (err -0.10 mm, 1 step, travel 3.1 mm))",2026-10-07 11:54:57
119,173,138,,,,1.0175514221191406,0.0,1.0175514221191406,1.0175514221191406,1,True,"Success (standoff ok (err -0.15 mm, 1 step, travel 2.8 mm))",2026-10-07 11:55:02
119,174,139,,,,1.0534894466400146,0.0,1.0534894466400146,1.0534894466400146,1,True,"Success (standoff ok (err -0.17 mm, 1 step, travel 2.7 mm))",2026-10-07 11:55:07
119,175,140,,,,0.9862247109413148,0.0,0.9862247109413148,0.9862247109413148,1,True,"Success (standoff ok (err -0.13 mm, 1 step, travel 2.5 mm))",2026-10-07 11:55:12
119,176,141,,,,0.984155535697937,0.0,0.984155535697937,0.984155535697937,1,True,"Success (standoff ok (err -0.12 mm, 1 step, travel 2.3 mm))",2026-10-07 11:55:17
119,177,142,,,,0.8962184190750122,0.0,0.8962184190750122,0.8962184190750122,1,True,"Success (standoff ok (err -0.15 mm, 1 step, travel 2.5 mm))",2026-10-07 11:55:22
119,178,143,,,,0.9203645586967468,0.0,0.9203645586967468,0.9203645586967468,1,True,"Success (standoff ok (err -0.04 mm, 1 step, travel 2.6 mm))",2026-10-07 11:55:28
119,179,144,,,,0.9446710348129272,0.0,0.9446710348129272,0.9446710348129272,1,True,"Success (standoff ok (err +0.07 mm, 2 steps, travel 2.8 mm))",2026-10-07 11:55:37
119,180,145,,,,1.0628924369812012,0.0,1.0628924369812012,1.0628924369812012,1,True,"Success (standoff ok (err +0.03 mm, 2 steps, travel 2.9 mm))",2026-10-07 11:55:42
119,181,146,,,,0.9725016355514526,0.0,0.9725016355514526,0.9725016355514526,1,True,"Success (standoff ok (err -0.04 mm, 1 step, travel 2.7 mm))",2026-10-07 11:55:48
119,182,147,,,,0.8246186375617981,0.0,0.8246186375617981,0.8246186375617981,1,True,"Success (standoff ok (err -0.12 mm, 1 step, travel 2.7 mm))",2026-10-07 11:55:53
119,183,148,,,,0.6622084975242615,0.0,0.6622084975242615,0.6622084975242615,1,True,"Success (standoff ok (err -0.07 mm, 1 step, travel 2.8 mm))",2026-10-07 11:55:57
119,184,149,,,,0.7284605503082275,0.0,0.7284605503082275,0.7284605503082275,1,True,"Success (standoff ok (err -0.04 mm, 2 steps, travel 2.8 mm))",2026-10-07 11:56:02
119,185,150,,,,0.6457352638244629,0.0,0.6457352638244629,0.6457352638244629,1,True,"Success (standoff ok (err -0.05 mm, 1 step, travel 3.0 mm))",2026-10-07 11:56:08
119,186,151,,,,0.637403130531311,0.0,0.637403130531311,0.637403130531311,1,True,"Success (standoff ok (err -0.12 mm, 1 step, travel 3.0 mm))",2026-10-07 13:19:36
119,187,152,,,,0.5886748433113098,0.0,0.5886748433113098,0.5886748433113098,1,True,"Success (standoff ok (err +0.08 mm, 2 steps, travel 3.1 mm))",2026-10-07 14:05:27
119,188,153,,,,0.6988096237182617,0.0,0.6988096237182617,0.6988096237182617,1,True,"Success (standoff ok (err -0.18 mm, 1 step, travel 2.5 mm))",2026-10-07 14:05:35
119,189,154,,,,0.6577956676483154,0.0,0.6577956676483154,0.6577956676483154,1,True,"Success (standoff ok (err -0.10 mm, 1 step, travel 2.4 mm))",2026-10-07 14:05:41
119,190,155,,,,0.6114816665649414,0.0,0.6114816665649414,0.6114816665649414,1,True,"Success (standoff ok (err +0.06 mm, 2 steps, travel 2.2 mm))",2026-10-07 14:05:47
119,191,156,,,,0.7326912879943848,0.0,0.7326912879943848,0.7326912879943848,1,True,"Success (standoff ok (err +0.02 mm, 2 steps, travel 1.7 mm))",2026-10-07 14:05:54
119,192,157,,,,0.688176155090332,0.0,0.688176155090332,0.688176155090332,1,True,"Success (standoff ok (err -0.13 mm, 1 step, travel 1.6 mm))",2026-10-07 14:05:59
119,193,158,,,,0.6902313232421875,0.0,0.6902313232421875,0.6902313232421875,1,True,"Success (standoff ok (err -0.10 mm, 1 step, travel 2.1 mm))",2026-10-07 14:06:08
119,194,159,,,,0.651821494102478,0.0,0.651821494102478,0.651821494102478,1,True,"Success (standoff ok (err -0.10 mm, 1 step, travel 2.5 mm))",2026-10-07 14:06:15
119,195,160,,,,0.7253614068031311,0.0,0.7253614068031311,0.7253614068031311,1,True,"Success (standoff ok (err -0.16 mm, 1 step, travel 2.7 mm))",2026-10-07 14:06:21
119,196,161,,,,0.6496644020080566,0.0,0.6496644020080566,0.6496644020080566,1,True,"Success (standoff ok (err +0.02 mm, 2 steps, travel 2.8 mm))",2026-10-07 14:06:28
119,197,162,,,,0.6546735763549805,0.0,0.6546735763549805,0.6546735763549805,1,True,"Success (standoff ok (err -0.08 mm, 1 step, travel 2.6 mm))",2026-10-07 14:06:51
119,198,163,,,,0.7200261950492859,0.0,0.7200261950492859,0.7200261950492859,1,True,"Success (standoff ok (err -0.17 mm, 1 step, travel 2.3 mm))",2026-10-07 14:06:57
119,199,164,,,,1.0222234725952148,0.0,1.0222234725952148,1.0222234725952148,1,True,"Success (standoff ok (err -0.09 mm, 1 step, travel 2.5 mm))",2026-10-07 14:07:03
119,200,165,,,,0.9214818477630616,0.0,0.9214818477630616,0.9214818477630616,1,True,"Success (standoff ok (err -0.00 mm, 1 step, travel 2.6 mm))",2026-10-07 14:07:09
119,201,166,,,,0.8891430497169495,0.0,0.8891430497169495,0.8891430497169495,1,True,"Success (standoff ok (err -0.16 mm, 1 step, travel 2.4 mm))",2026-10-07 14:07:15
119,202,167,,,,0.9476757049560548,0.0,0.9476757049560548,0.9476757049560548,1,True,"Success (standoff ok (err +0.08 mm, 2 steps, travel 2.3 mm))",2026-10-07 14:07:21
119,203,168,,,,0.7938170433044434,0.0,0.7938170433044434,0.7938170433044434,1,True,"Success (standoff ok (err -0.19 mm, 1 step, travel 1.7 mm))",2026-10-07 14:07:28
119,204,169,,,,0.8929324150085449,0.0,0.8929324150085449,0.8929324150085449,1,True,"Success (standoff ok (err -0.06 mm, 1 step, travel 1.5 mm))",2026-10-07 14:07:35
119,205,170,,,,0.8545106649398804,0.0,0.8545106649398804,0.8545106649398804,1,True,"Success (standoff ok (err -0.09 mm, 1 step, travel 1.2 mm))",2026-10-07 14:07:40
119,206,171,,,,0.9154358506202698,0.0,0.9154358506202698,0.9154358506202698,1,True,"Success (standoff ok (err -0.00 mm, 1 step, travel 0.3 mm))",2026-10-07 14:07:48
119,207,172,,,,0.8606171607971191,0.0,0.8606171607971191,0.8606171607971191,1,True,"Success (standoff ok (err -0.09 mm, 1 step, travel 0.5 mm))",2026-10-07 14:07:54
119,208,173,,,,0.7513189315795898,0.0,0.7513189315795898,0.7513189315795898,1,True,"Success (standoff ok (err -0.10 mm, 1 step, travel 0.9 mm))",2026-10-07 14:07:59
119,209,174,,,,0.8798706531524658,0.0,0.8798706531524658,0.8798706531524658,1,True,"Success (standoff ok (err -0.12 mm, 1 step, travel 1.7 mm))",2026-10-07 14:08:04
119,210,175,,,,0.9518709778785706,0.0,0.9518709778785706,0.9518709778785706,1,True,"Success (standoff ok (err -0.09 mm, 2 steps, travel 2.6 mm))",2026-10-07 14:08:09
119,211,176,,,,0.8534559607505798,0.0,0.8534559607505798,0.8534559607505798,1,True,"Success (standoff ok (err -0.12 mm, 1 step, travel 2.6 mm))",2026-10-07 14:08:15
119,212,177,,,,0.7516267895698547,0.0,0.7516267895698547,0.7516267895698547,1,True,"Success (standoff ok (err -0.12 mm, 2 steps, travel 2.5 mm))",2026-10-07 14:08:21
119,213,178,,,,0.8190172910690308,0.0,0.8190172910690308,0.8190172910690308,1,True,"Success (standoff ok (err -0.19 mm, 1 step, travel 2.3 mm))",2026-10-07 14:08:53
119,214,179,,,,0.6302326917648315,0.0,0.6302326917648315,0.6302326917648315,1,True,"Success (standoff ok (err -0.09 mm, 1 step, travel 2.6 mm))",2026-10-07 14:09:00
119,215,180,,,,0.6371286511421204,0.0,0.6371286511421204,0.6371286511421204,1,True,"Success (standoff ok (err +0.06 mm, 2 steps, travel 2.7 mm))",2026-10-07 14:09:07
119,216,181,,,,0.6009340286254883,0.0,0.6009340286254883,0.6009340286254883,1,True,"Success (standoff ok (err -0.12 mm, 1 step, travel 2.4 mm))",2026-10-07 14:09:12
119,217,182,,,,0.6286406517028809,0.0,0.6286406517028809,0.6286406517028809,1,True,"Success (standoff ok (err -0.12 mm, 1 step, travel 1.9 mm))",2026-10-07 14:09:19
119,218,183,,,,0.6574824452400208,0.0,0.6574824452400208,0.6574824452400208,1,True,"Success (standoff ok (err -0.03 mm, 1 step, travel 1.5 mm))",2026-10-07 14:09:25
119,219,184,,,,0.6020879745483398,0.0,0.6020879745483398,0.6020879745483398,1,True,"Success (standoff ok (err -0.07 mm, 1 step, travel 1.1 mm))",2026-10-07 14:09:32
119,220,185,,,,0.8292543888092041,0.0,0.8292543888092041,0.8292543888092041,1,True,"Success (standoff ok (err -0.15 mm, 1 step, travel 0.8 mm))",2026-10-07 14:09:49
119,222,186,,,,0.7502847909927368,0.0,0.7502847909927368,0.7502847909927368,1,True,"Success (standoff ok (err +0.06 mm, 1 step, travel 0.7 mm))",2026-10-07 14:09:56
119,224,187,,,,0.6556335091590881,0.0,0.6556335091590881,0.6556335091590881,1,True,"Success (standoff ok (err -0.13 mm, 1 step, travel 0.4 mm))",2026-10-07 14:10:11
119,226,188,,,,0.6723007559776306,0.0,0.6723007559776306,0.6723007559776306,1,True,"Success (standoff ok (err -0.15 mm, 0 steps, travel 0.0 mm))",2026-10-07 14:10:18
119,228,189,,,,0.8323812484741211,0.0,0.8323812484741211,0.8323812484741211,1,True,"Success (standoff ok (err +0.06 mm, 1 step, travel 0.7 mm))",2026-10-07 14:10:30
119,230,190,,,,0.700032114982605,0.0,0.700032114982605,0.700032114982605,1,True,"Success (standoff ok (err -0.01 mm, 1 step, travel 0.7 mm))",2026-10-07 14:11:56
119,232,191,,,,0.7400542497634888,0.0,0.7400542497634888,0.7400542497634888,1,True,"Success (standoff ok (err -0.14 mm, 1 step, travel 0.7 mm))",2026-10-07 14:12:05
119,234,192,,,,0.7835814356803894,0.0,0.7835814356803894,0.7835814356803894,1,True,"Success (standoff ok (err +0.19 mm, 0 steps, travel 0.0 mm))",2026-10-07 14:12:49
119,236,193,,,,0.8893099427223206,0.0,0.8893099427223206,0.8893099427223206,1,True,"Success (standoff ok (err +0.17 mm, 0 steps, travel 0.0 mm))",2026-10-07 14:13:05
119,237,194,,,,0.6575861573219299,0.0,0.6575861573219299,0.6575861573219299,1,True,"Success (standoff ok (err -0.03 mm, 0 steps, travel 0.0 mm))",2026-10-07 14:13:14
119,238,195,,,,0.7205548882484436,0.0,0.7205548882484436,0.7205548882484436,1,True,"Success (standoff ok (err -0.13 mm, 1 step, travel 0.3 mm))",2026-10-07 14:13:44
119,239,196,,,,0.6296098232269287,0.0,0.6296098232269287,0.6296098232269287,1,True,"Success (standoff ok (err -0.04 mm, 1 step, travel 0.8 mm))",2026-10-07 14:13:53
119,240,197,,,,0.7722324132919312,0.0,0.7722324132919312,0.7722324132919312,1,True,"Success (standoff ok (err -0.02 mm, 1 step, travel 1.3 mm))",2026-10-07 14:14:00
119,241,198,,,,0.667138397693634,0.0,0.667138397693634,0.667138397693634,1,True,"Success (standoff ok (err -0.14 mm, 1 step, travel 1.2 mm))",2026-10-07 14:14:07
119,242,199,,,,0.7796010375022888,0.0,0.7796010375022888,0.7796010375022888,1,True,"Success (standoff ok (err -0.02 mm, 1 step, travel 1.4 mm))",2026-10-07 14:14:14
119,243,200,,,,0.7443064451217651,0.0,0.7443064451217651,0.7443064451217651,1,True,"Success (standoff ok (err -0.04 mm, 1 step, travel 1.4 mm))",2026-10-07 14:14:19
119,244,201,,,,0.776519775390625,0.0,0.776519775390625,0.776519775390625,1,True,"Success (standoff ok (err -0.05 mm, 1 step, travel 1.5 mm))",2026-10-07 14:14:25
119,245,202,,,,0.851881206035614,0.0,0.851881206035614,0.851881206035614,1,True,"Success (standoff ok (err +0.14 mm, 1 step, travel 2.0 mm))",2026-10-07 14:14:50
119,246,203,,,,0.8322548866271973,0.0,0.8322548866271973,0.8322548866271973,1,True,"Success (standoff ok (err +0.02 mm, 2 steps, travel 1.8 mm))",2026-10-07 14:14:56
119,247,204,,,,0.7398772239685059,0.0,0.7398772239685059,0.7398772239685059,1,True,"Success (standoff ok (err -0.12 mm, 1 step, travel 0.8 mm))",2026-10-07 14:15:00
119,248,205,,,,0.7132235169410706,0.0,0.7132235169410706,0.7132235169410706,1,True,"Success (standoff ok (err +0.03 mm, 1 step, travel 0.3 mm))",2026-10-07 14:15:05
119,249,206,,,,0.6306508183479309,0.0,0.6306508183479309,0.6306508183479309,1,True,"Success (standoff ok (err +0.12 mm, 0 steps, travel 0.0 mm))",2026-10-07 14:15:10
119,250,207,,,,0.9024903178215028,0.0,0.9024903178215028,0.9024903178215028,1,True,"Success (standoff ok (err +0.01 mm, 1 step, travel 0.5 mm))",2026-10-07 14:15:15
119,251,208,,,,0.6076589226722717,0.0,0.6076589226722717,0.6076589226722717,1,True,"Success (standoff ok (err +0.05 mm, 1 step, travel 0.5 mm))",2026-10-07 14:15:19
119,252,209,,,,0.635637640953064,0.0,0.635637640953064,0.635637640953064,1,True,"Success (standoff ok (err +0.01 mm, 1 step, travel 0.4 mm))",2026-10-07 14:16:41
119,253,210,,,,0.6891319155693054,0.0,0.6891319155693054,0.6891319155693054,1,True,"Success (standoff ok (err -0.06 mm, 0 steps, travel 0.0 mm))",2026-10-07 14:16:51
119,254,211,,,,0.8403393626213074,0.0,0.8403393626213074,0.8403393626213074,1,True,"Success (standoff ok (err -0.07 mm, 1 step, travel 0.7 mm))",2026-10-07 14:16:57
119,255,212,,,,0.8313900232315063,0.0,0.8313900232315063,0.8313900232315063,1,True,"Success (standoff ok (err -0.05 mm, 1 step, travel 1.0 mm))",2026-10-07 14:17:02
119,256,213,,,,0.796201229095459,0.0,0.796201229095459,0.796201229095459,1,True,"Success (standoff ok (err -0.06 mm, 1 step, travel 1.0 mm))",2026-10-07 14:17:06
119,257,214,,,,0.685889720916748,0.0,0.685889720916748,0.685889720916748,1,True,"Success (standoff ok (err +0.05 mm, 1 step, travel 1.0 mm))",2026-10-07 14:17:11
119,258,215,,,,0.7428231835365295,0.0,0.7428231835365295,0.7428231835365295,1,True,"Success (standoff ok (err -0.06 mm, 1 step, travel 0.7 mm))",2026-10-07 14:17:16
119,259,216,,,,0.8422645926475525,0.0,0.8422645926475525,0.8422645926475525,1,True,"Success (standoff ok (err -0.06 mm, 1 step, travel 0.8 mm))",2026-10-07 14:17:21
119,260,217,,,,0.7179659605026245,0.0,0.7179659605026245,0.7179659605026245,1,True,"Success (standoff ok (err -0.11 mm, 1 step, travel 0.7 mm))",2026-10-07 14:17:26
119,261,218,,,,0.8042421936988831,0.0,0.8042421936988831,0.8042421936988831,1,True,"Success (standoff ok (err +0.12 mm, 1 step, travel 0.8 mm))",2026-10-07 14:17:32
119,262,219,,,,0.7988262176513672,0.0,0.7988262176513672,0.7988262176513672,1,True,"Success (standoff ok (err +0.03 mm, 1 step, travel 0.3 mm))",2026-10-07 14:17:37
119,263,220,,,,0.690787136554718,0.0,0.690787136554718,0.690787136554718,1,True,"Success (standoff ok (err +0.16 mm, 0 steps, travel 0.0 mm))",2026-10-07 14:17:40
119,264,221,,,,0.7994914054870605,0.0,0.7994914054870605,0.7994914054870605,1,True,"Success (standoff ok (err -0.06 mm, 1 step, travel 0.6 mm))",2026-10-07 14:17:44
119,265,222,,,,1.0442593097686768,0.0,1.0442593097686768,1.0442593097686768,1,True,"Success (standoff ok (err +0.19 mm, 1 step, travel 0.6 mm))",2026-10-07 14:17:52
119,267,223,,,,0.8694443106651306,0.0,0.8694443106651306,0.8694443106651306,1,True,"Success (standoff ok (err +0.07 mm, 1 step, travel 0.9 mm))",2026-10-07 14:19:40
119,269,224,,,,0.7488703727722168,0.0,0.7488703727722168,0.7488703727722168,1,True,"Success (standoff ok (err +0.17 mm, 1 step, travel 0.9 mm))",2026-10-07 14:19:46
119,271,225,,,,0.693257749080658,0.0,0.693257749080658,0.693257749080658,1,True,"Success (standoff ok (err -0.14 mm, 1 step, travel 1.4 mm))",2026-10-07 14:19:52
119,272,226,,,,0.6643986701965332,0.0,0.6643986701965332,0.6643986701965332,1,True,"Success (standoff ok (err +0.08 mm, 1 step, travel 1.7 mm))",2026-10-07 14:19:59
119,274,227,,,,0.6385400891304016,0.0,0.6385400891304016,0.6385400891304016,1,True,"Success (standoff ok (err +0.10 mm, 1 step, travel 1.5 mm))",2026-10-07 14:20:22
119,276,228,,,,0.8299842476844788,0.0,0.8299842476844788,0.8299842476844788,1,True,"Success (standoff ok (err +0.06 mm, 1 step, travel 1.4 mm))",2026-10-07 14:20:27
119,278,229,,,,0.803525447845459,0.0,0.803525447845459,0.803525447845459,1,True,"Success (standoff ok (err +0.09 mm, 1 step, travel 1.1 mm))",2026-10-07 14:20:37
119,279,230,,,,0.7724258303642273,0.0,0.7724258303642273,0.7724258303642273,1,True,"Success (standoff ok (err -0.08 mm, 1 step, travel 0.9 mm))",2026-10-07 14:20:42
119,280,231,,,,0.7050511240959167,0.0,0.7050511240959167,0.7050511240959167,1,True,"Success (standoff ok (err +0.06 mm, 1 step, travel 0.6 mm))",2026-10-07 14:20:47
119,281,232,,,,0.862281322479248,0.0,0.862281322479248,0.862281322479248,1,True,"Success (standoff ok (err +0.06 mm, 1 step, travel 0.2 mm))",2026-10-07 14:21:08
119,282,233,,,,0.8083599805831909,0.0,0.8083599805831909,0.8083599805831909,1,True,"Success (standoff ok (err -0.16 mm, 0 steps, travel 0.0 mm))",2026-10-07 14:21:12
119,283,234,,,,0.809800922870636,0.0,0.809800922870636,0.809800922870636,1,True,"Success (standoff ok (err -0.12 mm, 1 step, travel 0.2 mm))",2026-10-07 14:21:18
119,284,235,,,,0.7690483331680298,0.0,0.7690483331680298,0.7690483331680298,1,True,"Success (standoff ok (err -0.01 mm, 1 step, travel 0.2 mm))",2026-10-07 14:21:23
119,285,236,,,,0.8776822686195374,0.0,0.8776822686195374,0.8776822686195374,1,True,"Success (standoff ok (err -0.01 mm, 1 step, travel 0.2 mm))",2026-10-07 14:21:28
119,286,237,,,,0.7822206616401672,0.0,0.7822206616401672,0.7822206616401672,1,True,"Success (standoff ok (err -0.10 mm, 1 step, travel 0.3 mm))",2026-10-07 14:21:33
119,287,238,,,,0.7536262273788452,0.0,0.7536262273788452,0.7536262273788452,1,True,"Success (standoff ok (err -0.04 mm, 1 step, travel 0.5 mm))",2026-10-07 14:22:10
119,288,239,,,,0.7458800077438354,0.0,0.7458800077438354,0.7458800077438354,1,True,"Success (standoff ok (err -0.09 mm, 1 step, travel 0.3 mm))",2026-10-07 14:22:15
119,289,240,,,,0.7904094457626343,0.0,0.7904094457626343,0.7904094457626343,1,True,"Success (standoff ok (err -0.20 mm, 0 steps, travel 0.0 mm))",2026-10-07 14:22:17
119,290,241,,,,0.7223770022392273,0.0,0.7223770022392273,0.7223770022392273,1,True,"Success (standoff ok (err -0.10 mm, 0 steps, travel 0.0 mm))",2026-10-07 14:22:21
119,291,242,,,,0.5704623460769653,0.0,0.5704623460769653,0.5704623460769653,1,True,"Success (standoff ok (err +0.08 mm, 1 step, travel 0.3 mm))",2026-10-07 14:22:25
119,292,243,,,,0.7829117774963379,0.0,0.7829117774963379,0.7829117774963379,1,True,"Success (standoff ok (err -0.05 mm, 1 step, travel 0.7 mm))",2026-10-07 14:22:51
119,293,244,,,,0.5812850594520569,0.0,0.5812850594520569,0.5812850594520569,1,True,"Success (standoff ok (err +0.09 mm, 1 step, travel 0.6 mm))",2026-10-07 14:23:00
119,294,245,,,,0.7810640335083008,0.0,0.7810640335083008,0.7810640335083008,1,True,"Success (standoff ok (err -0.04 mm, 1 step, travel 0.4 mm))",2026-10-07 14:23:40
119,295,246,,,,0.6933534145355225,0.0,0.6933534145355225,0.6933534145355225,1,True,"Success (standoff ok (err +0.16 mm, 0 steps, travel 0.0 mm))",2026-10-07 14:24:45
119,296,247,,,,0.6200113892555237,0.0,0.6200113892555237,0.6200113892555237,1,True,"Success (standoff ok (err +0.13 mm, 0 steps, travel 0.0 mm))",2026-10-07 14:24:49
119,297,248,,,,0.780031681060791,0.0,0.780031681060791,0.780031681060791,1,True,"Success (standoff ok (err -0.02 mm, 0 steps, travel 0.0 mm))",2026-10-07 14:24:53
119,298,249,,,,0.7789728045463562,0.0,0.7789728045463562,0.7789728045463562,1,True,"Success (standoff ok (err -0.19 mm, 0 steps, travel 0.0 mm))",2026-10-07 14:24:57
119,299,250,,,,0.9532499313354492,0.0,0.9532499313354492,0.9532499313354492,1,True,"Success (standoff ok (err -0.16 mm, 0 steps, travel 0.0 mm))",2026-10-07 14:25:00
119,300,251,,,,0.963468849658966,0.0,0.963468849658966,0.963468849658966,1,True,"Success (standoff ok (err -0.16 mm, 0 steps, travel 0.0 mm))",2026-10-07 14:25:03
119,301,252,,,,1.0777804851531982,0.0,1.0777804851531982,1.0777804851531982,1,True,"Success (standoff ok (err +0.06 mm, 1 step, travel 0.3 mm))",2026-10-07 14:25:07
119,302,253,,,,0.9321200847625732,0.0,0.9321200847625732,0.9321200847625732,1,True,"Success (standoff ok (err -0.14 mm, 0 steps, travel 0.0 mm))",2026-10-07 14:25:10
119,303,254,,,,0.9367558360099792,0.0,0.9367558360099792,0.9367558360099792,1,True,"Success (standoff ok (err +0.02 mm, 1 step, travel 0.5 mm))",2026-10-07 14:25:14
119,304,255,,,,0.8703368902206421,0.0,0.8703368902206421,0.8703368902206421,1,True,"Success (standoff ok (err -0.05 mm, 1 step, travel 0.1 mm))",2026-10-07 14:25:18
119,305,256,,,,0.7737833261489868,0.0,0.7737833261489868,0.7737833261489868,1,True,"Success (standoff ok (err -0.01 mm, 1 step, travel 0.1 mm))",2026-10-07 14:25:22
119,306,257,,,,0.7509651780128479,0.0,0.7509651780128479,0.7509651780128479,1,True,"Success (standoff ok (err +0.16 mm, 1 step, travel 0.6 mm))",2026-10-07 14:25:27
119,307,258,,,,0.7006928324699402,0.0,0.7006928324699402,0.7006928324699402,1,True,"Success (standoff ok (err +0.01 mm, 1 step, travel 0.9 mm))",2026-10-07 14:25:32
119,308,259,,,,1.095687747001648,0.0,1.095687747001648,1.095687747001648,1,True,"Success (standoff ok (err -0.00 mm, 1 step, travel 1.1 mm))",2026-10-07 14:25:36
119,310,260,,,,0.7814541459083557,0.0,0.7814541459083557,0.7814541459083557,1,True,"Success (standoff ok (err +0.04 mm, 1 step, travel 1.3 mm))",2026-10-07 14:25:41
119,312,261,,,,0.8094838261604309,0.0,0.8094838261604309,0.8094838261604309,1,True,"Success (standoff ok (err -0.08 mm, 2 steps, travel 1.5 mm))",2026-10-07 14:25:47
119,314,262,,,,0.6953227519989014,0.0,0.6953227519989014,0.6953227519989014,1,True,"Success (standoff ok (err +0.11 mm, 1 step, travel 1.6 mm))",2026-10-07 14:27:00
119,316,263,,,,0.6649968028068542,0.0,0.6649968028068542,0.6649968028068542,1,True,"Success (standoff ok (err +0.02 mm, 1 step, travel 1.8 mm))",2026-10-07 14:27:07
119,318,264,,,,0.6740763783454895,0.0,0.6740763783454895,0.6740763783454895,1,True,"Success (standoff ok (err -0.08 mm, 2 steps, travel 1.5 mm))",2026-10-07 14:27:16
119,320,265,,,,0.6486529111862183,0.0,0.6486529111862183,0.6486529111862183,1,True,"Success (standoff ok (err +0.12 mm, 1 step, travel 1.3 mm))",2026-10-07 14:27:22
119,322,266,,,,0.982699990272522,0.0,0.982699990272522,0.982699990272522,1,True,"Success (standoff ok (err +0.09 mm, 1 step, travel 1.1 mm))",2026-10-07 14:27:28
119,324,267,,,,0.9966731071472168,0.0,0.9966731071472168,0.9966731071472168,1,True,"Success (standoff ok (err +0.08 mm, 1 step, travel 1.1 mm))",2026-10-07 14:27:34
119,325,268,,,,0.8518457412719727,0.0,0.8518457412719727,0.8518457412719727,1,True,"Success (standoff ok (err +0.03 mm, 1 step, travel 0.8 mm))",2026-10-07 14:27:39
119,326,269,,,,0.746949315071106,0.0,0.746949315071106,0.746949315071106,1,True,"Success (standoff ok (err +0.10 mm, 1 step, travel 0.5 mm))",2026-10-07 14:28:32
119,327,270,,,,0.8412006497383118,0.0,0.8412006497383118,0.8412006497383118,1,True,"Success (standoff ok (err -0.04 mm, 1 step, travel 0.3 mm))",2026-10-07 14:28:38
119,328,271,,,,0.7644042372703552,0.0,0.7644042372703552,0.7644042372703552,1,True,"Success (standoff ok (err -0.19 mm, 0 steps, travel 0.0 mm))",2026-10-07 14:28:41
119,329,272,,,,1.022017240524292,0.0,1.022017240524292,1.022017240524292,1,True,"Success (standoff ok (err -0.09 mm, 1 step, travel 0.4 mm))",2026-10-07 14:28:46
119,330,273,,,,0.9518900513648988,0.0,0.9518900513648988,0.9518900513648988,1,True,"Success (standoff ok (err -0.06 mm, 1 step, travel 0.4 mm))",2026-10-07 14:28:50
119,331,274,,,,1.0873196125030518,0.0,1.0873196125030518,1.0873196125030518,1,True,"Success (standoff ok (err -0.11 mm, 0 steps, travel 0.0 mm))",2026-10-07 14:28:53
119,332,275,,,,1.167946457862854,0.0,1.167946457862854,1.167946457862854,1,True,"Success (standoff ok (err -0.19 mm, 0 steps, travel 0.0 mm))",2026-10-07 14:28:56
119,333,276,,,,0.9132784605026244,0.0,0.9132784605026244,0.9132784605026244,1,True,"Success (standoff ok (err -0.13 mm, 0 steps, travel 0.0 mm))",2026-10-07 14:29:09
119,334,277,,,,0.8897343277931213,0.0,0.8897343277931213,0.8897343277931213,1,True,"Success (standoff ok (err -0.11 mm, 0 steps, travel 0.0 mm))",2026-10-07 14:29:13
119,335,278,,,,0.8240029215812683,0.0,0.8240029215812683,0.8240029215812683,1,True,"Success (standoff ok (err -0.02 mm, 0 steps, travel 0.0 mm))",2026-10-07 14:29:43
119,336,279,,,,0.9390133619308472,0.0,0.9390133619308472,0.9390133619308472,1,True,"Success (standoff ok (err +0.14 mm, 0 steps, travel 0.0 mm))",2026-10-07 14:29:47
119,337,280,,,,0.8370646834373474,0.0,0.8370646834373474,0.8370646834373474,1,True,"Success (standoff ok (err -0.01 mm, 0 steps, travel 0.0 mm))",2026-10-07 14:29:50
119,338,281,,,,0.7265537977218628,0.0,0.7265537977218628,0.7265537977218628,1,True,"Success (standoff ok (err +0.01 mm, 1 step, travel 0.2 mm))",2026-10-07 14:29:54
119,339,282,,,,0.7355096936225891,0.0,0.7355096936225891,0.7355096936225891,1,True,"Success (standoff ok (err -0.07 mm, 0 steps, travel 0.0 mm))",2026-10-07 14:29:56
119,340,283,,,,0.7049071788787842,0.0,0.7049071788787842,0.7049071788787842,1,True,"Success (standoff ok (err +0.05 mm, 1 step, travel 0.5 mm))",2026-10-07 14:30:02
119,341,284,,,,0.8954763412475586,0.0,0.8954763412475586,0.8954763412475586,1,True,"Success (standoff ok (err -0.02 mm, 1 step, travel 0.4 mm))",2026-10-07 14:31:34
119,342,285,,,,0.9343501925468444,0.0,0.9343501925468444,0.9343501925468444,1,True,"Success (standoff ok (err -0.02 mm, 1 step, travel 0.2 mm))",2026-10-07 14:31:39
119,343,286,,,,1.1294422149658203,0.0,1.1294422149658203,1.1294422149658203,1,True,"Success (standoff ok (err +0.05 mm, 1 step, travel 0.3 mm))",2026-10-07 14:31:44
119,344,287,,,,0.9067609906196594,0.0,0.9067609906196594,0.9067609906196594,1,True,"Success (standoff ok (err +0.05 mm, 1 step, travel 0.4 mm))",2026-10-07 14:31:48
119,345,288,,,,0.9464657306671144,0.0,0.9464657306671144,0.9464657306671144,1,True,"Success (standoff ok (err +0.04 mm, 1 step, travel 0.5 mm))",2026-10-07 14:31:52
119,346,289,,,,1.0042387247085571,0.0,1.0042387247085571,1.0042387247085571,1,True,"Success (standoff ok (err -0.06 mm, 1 step, travel 0.3 mm))",2026-10-07 14:31:56
119,347,290,,,,1.1131014823913574,0.0,1.1131014823913574,1.1131014823913574,1,True,"Success (standoff ok (err +0.19 mm, 1 step, travel 0.6 mm))",2026-10-07 14:32:00
119,348,291,,,,0.9970405697822572,0.0,0.9970405697822572,0.9970405697822572,1,True,"Success (standoff ok (err +0.01 mm, 1 step, travel 0.5 mm))",2026-10-07 14:32:13
119,349,292,,,,1.032758355140686,0.0,1.032758355140686,1.032758355140686,1,True,"Success (standoff ok (err +0.13 mm, 1 step, travel 1.0 mm))",2026-10-07 14:32:18
119,350,293,,,,0.8244249224662781,0.0,0.8244249224662781,0.8244249224662781,1,True,"Success (standoff ok (err -0.04 mm, 1 step, travel 0.7 mm))",2026-10-07 14:32:22
119,351,294,,,,0.7649818062782288,0.0,0.7649818062782288,0.7649818062782288,1,True,"Success (standoff ok (err +0.02 mm, 1 step, travel 0.4 mm))",2026-10-07 14:32:26
119,352,295,,,,0.7509341835975647,0.0,0.7509341835975647,0.7509341835975647,1,True,"Success (standoff ok (err -0.08 mm, 0 steps, travel 0.0 mm))",2026-10-07 14:32:30
119,353,296,,,,0.8634880185127258,0.0,0.8634880185127258,0.8634880185127258,1,True,"Success (standoff ok (err -0.03 mm, 1 step, travel 0.3 mm))",2026-10-07 14:32:34
119,354,297,,,,0.9113499522209167,0.0,0.9113499522209167,0.9113499522209167,1,True,"Success (standoff ok (err +0.17 mm, 1 step, travel 0.5 mm))",2026-10-07 14:32:39
119,355,298,,,,1.009114384651184,0.0,1.009114384651184,1.009114384651184,1,True,"Success (standoff ok (err -0.13 mm, 1 step, travel 0.8 mm))",2026-10-07 14:32:46
119,357,299,,,,0.6655573844909668,0.0,0.6655573844909668,0.6655573844909668,1,True,"Success (standoff ok (err +0.04 mm, 1 step, travel 0.9 mm))",2026-10-07 14:33:59
119,359,300,,,,0.6676748394966125,0.0,0.6676748394966125,0.6676748394966125,1,True,"Success (standoff ok (err -0.04 mm, 2 steps, travel 0.9 mm))",2026-10-07 14:34:04
119,361,301,,,,0.7191559672355652,0.0,0.7191559672355652,0.7191559672355652,1,True,"Success (standoff ok (err +0.13 mm, 1 step, travel 1.0 mm))",2026-10-07 14:34:12
119,362,302,,,,0.7556644082069397,0.0,0.7556644082069397,0.7556644082069397,1,True,"Success (standoff ok (err +0.15 mm, 1 step, travel 0.9 mm))",2026-10-07 14:39:58
119,364,303,,,,0.659727156162262,0.0,0.659727156162262,0.659727156162262,1,True,"Success (standoff ok (err -0.04 mm, 1 step, travel 1.0 mm))",2026-10-07 14:40:31
119,366,304,,,,0.7067441940307617,0.0,0.7067441940307617,0.7067441940307617,1,True,"Success (standoff ok (err +0.19 mm, 1 step, travel 0.5 mm))",2026-10-07 14:40:36
119,368,305,,,,0.8849743008613586,0.0,0.8849743008613586,0.8849743008613586,1,True,"Success (standoff ok (err -0.13 mm, 1 step, travel 0.7 mm))",2026-10-07 14:40:59
119,369,306,,,,0.8709850907325745,0.0,0.8709850907325745,0.8709850907325745,1,True,"Success (standoff ok (err +0.05 mm, 1 step, travel 0.3 mm))",2026-10-07 14:41:05
119,370,307,,,,0.7074528932571411,0.0,0.7074528932571411,0.7074528932571411,1,True,"Success (standoff ok (err -0.02 mm, 0 steps, travel 0.0 mm))",2026-10-07 14:41:09
119,371,308,,,,0.6674492359161377,0.0,0.6674492359161377,0.6674492359161377,1,True,"Success (standoff ok (err -0.13 mm, 1 step, travel 0.3 mm))",2026-10-07 14:41:15
119,372,309,,,,0.7971090078353882,0.0,0.7971090078353882,0.7971090078353882,1,True,"Success (standoff ok (err -0.13 mm, 1 step, travel 0.7 mm))",2026-10-07 14:42:04
119,373,310,,,,0.9914809465408324,0.0,0.9914809465408324,0.9914809465408324,1,True,"Success (standoff ok (err +0.02 mm, 1 step, travel 1.2 mm))",2026-10-07 14:42:09
119,374,311,,,,0.9910476207733154,0.0,0.9910476207733154,0.9910476207733154,1,True,"Success (standoff ok (err -0.13 mm, 1 step, travel 1.0 mm))",2026-10-07 14:42:14
119,375,312,,,,1.0460478067398071,0.0,1.0460478067398071,1.0460478067398071,1,True,"Success (standoff ok (err -0.04 mm, 1 step, travel 1.0 mm))",2026-10-07 14:42:19
119,376,313,,,,1.1327743530273438,0.0,1.1327743530273438,1.1327743530273438,1,True,"Success (standoff ok (err -0.13 mm, 1 step, travel 0.6 mm))",2026-10-07 14:42:25
119,377,314,,,,0.9856605529785156,0.0,0.9856605529785156,0.9856605529785156,1,True,"Success (standoff ok (err -0.01 mm, 1 step, travel 0.8 mm))",2026-10-07 14:42:30
119,378,315,,,,0.8946236968040466,0.0,0.8946236968040466,0.8946236968040466,1,True,"Success (standoff ok (err -0.09 mm, 1 step, travel 0.8 mm))",2026-10-07 14:42:35
119,379,316,,,,0.7528457045555115,0.0,0.7528457045555115,0.7528457045555115,1,True,"Success (standoff ok (err -0.07 mm, 1 step, travel 0.6 mm))",2026-10-07 14:42:40
119,380,317,,,,1.0383596420288086,0.0,1.0383596420288086,1.0383596420288086,1,True,"Success (standoff ok (err -0.19 mm, 0 steps, travel 0.0 mm))",2026-10-07 14:43:36
119,381,318,,,,1.112304925918579,0.0,1.112304925918579,1.112304925918579,1,True,"Success (standoff ok (err -0.05 mm, 1 step, travel 0.2 mm))",2026-10-07 14:43:41
119,382,319,,,,0.8913075923919678,0.0,0.8913075923919678,0.8913075923919678,1,True,"Success (standoff ok (err +0.09 mm, 0 steps, travel 0.0 mm))",2026-10-07 14:43:44
119,383,320,,,,0.7560369372367859,0.0,0.7560369372367859,0.7560369372367859,1,True,"Success (standoff ok (err +0.20 mm, 0 steps, travel 0.0 mm))",2026-10-07 14:43:48
119,384,321,,,,0.7580393552780151,0.0,0.7580393552780151,0.7580393552780151,1,True,"Success (standoff ok (err +0.00 mm, 1 step, travel 0.6 mm))",2026-10-07 14:44:03
119,385,322,,,,0.8122974634170532,0.0,0.8122974634170532,0.8122974634170532,1,True,"Success (standoff ok (err -0.04 mm, 1 step, travel 0.5 mm))",2026-10-07 14:45:00
119,386,323,,,,1.0197651386260986,0.0,1.0197651386260986,1.0197651386260986,1,True,"Success (standoff ok (err +0.05 mm, 1 step, travel 0.2 mm))",2026-10-07 14:45:05
119,387,324,,,,0.911373496055603,0.0,0.911373496055603,0.911373496055603,1,True,"Success (standoff ok (err -0.17 mm, 0 steps, travel 0.0 mm))",2026-10-07 14:45:08
119,388,325,,,,0.7749095559120178,0.0,0.7749095559120178,0.7749095559120178,1,True,"Success (standoff ok (err -0.13 mm, 1 step, travel 0.7 mm))",2026-10-07 14:45:12
119,389,326,,,,1.0952448844909668,0.0,1.0952448844909668,1.0952448844909668,1,True,"Success (standoff ok (err -0.09 mm, 1 step, travel 0.8 mm))",2026-10-07 14:45:16
119,390,327,,,,1.0015203952789309,0.0,1.0015203952789309,1.0015203952789309,1,True,"Success (standoff ok (err +0.01 mm, 1 step, travel 0.7 mm))",2026-10-07 14:45:21
119,391,328,,,,0.9994524717330932,0.0,0.9994524717330932,0.9994524717330932,1,True,"Success (standoff ok (err +0.01 mm, 1 step, travel 0.6 mm))",2026-10-07 14:45:25
119,392,329,,,,0.9503147006034852,0.0,0.9503147006034852,0.9503147006034852,1,True,"Success (standoff ok (err -0.15 mm, 1 step, travel 0.4 mm))",2026-10-07 14:45:29
119,393,330,,,,0.8964669704437256,0.0,0.8964669704437256,0.8964669704437256,1,True,"Success (standoff ok (err -0.05 mm, 1 step, travel 0.7 mm))",2026-10-07 14:45:33
119,394,331,,,,0.983571708202362,0.0,0.983571708202362,0.983571708202362,1,True,"Success (standoff ok (err -0.11 mm, 1 step, travel 0.4 mm))",2026-10-07 14:45:44
119,395,332,,,,0.8650505542755127,0.0,0.8650505542755127,0.8650505542755127,1,True,"Success (standoff ok (err -0.13 mm, 0 steps, travel 0.0 mm))",2026-10-07 14:45:48
119,396,333,,,,0.6626978516578674,0.0,0.6626978516578674,0.6626978516578674,1,True,"Success (standoff ok (err +0.03 mm, 1 step, travel 0.3 mm))",2026-10-07 14:45:52
119,397,334,,,,0.8861556649208069,0.0,0.8861556649208069,0.8861556649208069,1,True,"Success (standoff ok (err -0.09 mm, 2 steps, travel 0.8 mm))",2026-10-07 14:45:57
119,398,335,,,,0.7929405570030212,0.0,0.7929405570030212,0.7929405570030212,1,True,"Success (standoff ok (err +0.10 mm, 1 step, travel 0.7 mm))",2026-10-07 14:46:02
119,399,336,,,,0.7934278249740601,0.0,0.7934278249740601,0.7934278249740601,1,True,"Success (standoff ok (err -0.09 mm, 1 step, travel 1.1 mm))",2026-10-07 14:46:06
119,401,337,,,,0.7621964812278748,0.0,0.7621964812278748,0.7621964812278748,1,True,"Success (standoff ok (err -0.04 mm, 1 step, travel 1.3 mm))",2026-10-07 14:46:10
119,403,338,,,,0.6590667366981506,0.0,0.6590667366981506,0.6590667366981506,1,True,"Success (standoff ok (err -0.07 mm, 1 step, travel 1.6 mm))",2026-10-07 14:46:14
119,405,339,,,,0.7431277632713318,0.0,0.7431277632713318,0.7431277632713318,1,True,"Success (standoff ok (err +0.12 mm, 1 step, travel 1.7 mm))",2026-10-07 14:46:19
119,406,340,,,,0.6903886795043945,0.0,0.6903886795043945,0.6903886795043945,1,True,"Success (standoff ok (err +0.10 mm, 1 step, travel 2.0 mm))",2026-10-07 14:46:24
119,408,341,,,,0.7137596607208252,0.0,0.7137596607208252,0.7137596607208252,1,True,"Success (standoff ok (err +0.03 mm, 1 step, travel 2.1 mm))",2026-10-07 14:48:18
119,410,342,,,,0.6628507375717163,0.0,0.6628507375717163,0.6628507375717163,1,True,"Success (standoff ok (err +0.17 mm, 1 step, travel 1.7 mm))",2026-10-07 14:48:23
119,412,343,,,,0.8632439374923706,0.0,0.8632439374923706,0.8632439374923706,1,True,"Success (standoff ok (err +0.08 mm, 1 step, travel 1.5 mm))",2026-10-07 14:49:10
119,413,344,,,,0.7378348708152771,0.0,0.7378348708152771,0.7378348708152771,1,True,"Success (standoff ok (err +0.03 mm, 1 step, travel 1.4 mm))",2026-10-07 14:49:16
119,414,345,,,,0.7049673795700073,0.0,0.7049673795700073,0.7049673795700073,1,True,"Success (standoff ok (err +0.04 mm, 1 step, travel 1.1 mm))",2026-10-07 14:49:20
119,415,346,,,,0.7634130120277405,0.0,0.7634130120277405,0.7634130120277405,1,True,"Success (standoff ok (err +0.05 mm, 1 step, travel 0.6 mm))",2026-10-07 14:49:24
119,416,347,,,,0.9292253851890564,0.0,0.9292253851890564,0.9292253851890564,1,True,"Success (standoff ok (err +0.07 mm, 1 step, travel 0.2 mm))",2026-10-07 14:49:28
119,417,348,,,,0.8699697256088257,0.0,0.8699697256088257,0.8699697256088257,1,True,"Success (standoff ok (err -0.10 mm, 0 steps, travel 0.0 mm))",2026-10-07 14:49:31
119,418,349,,,,0.9271258115768432,0.0,0.9271258115768432,0.9271258115768432,1,True,"Success (standoff ok (err -0.01 mm, 0 steps, travel 0.0 mm))",2026-10-07 14:49:34
119,419,350,,,,0.9757602214813232,0.0,0.9757602214813232,0.9757602214813232,1,True,"Success (standoff ok (err +0.11 mm, 0 steps, travel 0.0 mm))",2026-10-07 14:49:36
119,420,351,,,,1.1217767000198364,0.0,1.1217767000198364,1.1217767000198364,1,True,"Success (standoff ok (err -0.02 mm, 0 steps, travel 0.0 mm))",2026-10-07 14:49:39
119,421,352,,,,0.9536978602409364,0.0,0.9536978602409364,0.9536978602409364,1,True,"Success (standoff ok (err -0.18 mm, 0 steps, travel 0.0 mm))",2026-10-07 14:49:42
119,422,353,,,,1.1630401611328125,0.0,1.1630401611328125,1.1630401611328125,1,True,"Success (standoff ok (err -0.03 mm, 1 step, travel 0.5 mm))",2026-10-07 14:49:46
119,423,354,,,,0.909438133239746,0.0,0.909438133239746,0.909438133239746,1,True,"Success (standoff ok (err +0.01 mm, 1 step, travel 0.2 mm))",2026-10-07 14:49:51
119,424,355,,,,1.024180889129639,0.0,1.024180889129639,1.024180889129639,1,True,"Success (standoff ok (err -0.01 mm, 1 step, travel 0.3 mm))",2026-10-07 14:49:55
119,425,356,,,,0.7600274682044983,0.0,0.7600274682044983,0.7600274682044983,1,True,"Success (standoff ok (err +0.04 mm, 1 step, travel 0.7 mm))",2026-10-07 14:50:00
119,426,357,,,,0.8687016367912292,0.0,0.8687016367912292,0.8687016367912292,1,True,"Success (standoff ok (err +0.13 mm, 1 step, travel 0.7 mm))",2026-10-07 14:50:04
119,427,358,,,,0.7378673553466797,0.0,0.7378673553466797,0.7378673553466797,1,True,"Success (standoff ok (err +0.15 mm, 1 step, travel 0.6 mm))",2026-10-07 14:50:09
119,428,359,,,,0.7809066772460938,0.0,0.7809066772460938,0.7809066772460938,1,True,"Success (standoff ok (err -0.00 mm, 1 step, travel 1.0 mm))",2026-10-07 14:51:10
119,429,360,,,,0.8746510744094849,0.0,0.8746510744094849,0.8746510744094849,1,True,"Success (standoff ok (err +0.15 mm, 1 step, travel 0.7 mm))",2026-10-07 14:51:20
119,430,361,,,,0.8186075091362,0.0,0.8186075091362,0.8186075091362,1,True,"Success (standoff ok (err +0.02 mm, 1 step, travel 0.4 mm))",2026-10-07 14:51:24
119,431,362,,,,1.2163307666778564,0.0,1.2163307666778564,1.2163307666778564,1,True,"Success (standoff ok (err +0.11 mm, 0 steps, travel 0.0 mm))",2026-10-07 14:51:27
119,432,363,,,,1.0592260360717771,0.0,1.0592260360717771,1.0592260360717771,1,True,"Success (standoff ok (err +0.15 mm, 0 steps, travel 0.0 mm))",2026-10-07 14:51:32
119,433,364,,,,1.0025715827941897,0.0,1.0025715827941897,1.0025715827941897,1,True,"Success (standoff ok (err +0.04 mm, 0 steps, travel 0.0 mm))",2026-10-07 14:51:35
119,434,365,,,,0.985780954360962,0.0,0.985780954360962,0.985780954360962,1,True,"Success (standoff ok (err -0.05 mm, 1 step, travel 0.3 mm))",2026-10-07 14:52:25
119,435,366,,,,0.9178397059440612,0.0,0.9178397059440612,0.9178397059440612,1,True,"Success (standoff ok (err -0.07 mm, 1 step, travel 0.3 mm))",2026-10-07 14:52:29
119,436,367,,,,0.9480080008506776,0.0,0.9480080008506776,0.9480080008506776,1,True,"Success (standoff ok (err +0.20 mm, 0 steps, travel 0.0 mm))",2026-10-07 14:52:43
119,437,368,,,,0.9562459588050842,0.0,0.9562459588050842,0.9562459588050842,1,True,"Success (standoff ok (err +0.13 mm, 0 steps, travel 0.0 mm))",2026-10-07 14:52:46
119,438,369,,,,0.9712430834770204,0.0,0.9712430834770204,0.9712430834770204,1,True,"Success (standoff ok (err +0.16 mm, 0 steps, travel 0.0 mm))",2026-10-07 14:52:49
119,439,370,,,,0.8449900150299072,0.0,0.8449900150299072,0.8449900150299072,1,True,"Success (standoff ok (err +0.16 mm, 1 step, travel 0.4 mm))",2026-10-07 14:52:54
119,440,371,,,,0.8534401655197144,0.0,0.8534401655197144,0.8534401655197144,1,True,"Success (standoff ok (err -0.05 mm, 1 step, travel 0.9 mm))",2026-10-07 14:52:58
119,441,372,,,,0.7509487867355347,0.0,0.7509487867355347,0.7509487867355347,1,True,"Success (standoff ok (err -0.09 mm, 1 step, travel 1.3 mm))",2026-10-07 14:53:02
119,442,373,,,,0.6946894526481628,0.0,0.6946894526481628,0.6946894526481628,1,True,"Success (standoff ok (err +0.16 mm, 1 step, travel 1.3 mm))",2026-10-07 14:53:07
119,444,374,,,,0.5725616216659546,0.0,0.5725616216659546,0.5725616216659546,1,True,"Success (standoff ok (err +0.09 mm, 1 step, travel 1.7 mm))",2026-10-07 14:53:12
119,446,375,,,,0.6560754776000977,0.0,0.6560754776000977,0.6560754776000977,1,True,"Success (standoff ok (err +0.16 mm, 1 step, travel 2.0 mm))",2026-10-07 14:53:25
119,448,376,,,,0.669841468334198,0.0,0.669841468334198,0.669841468334198,1,True,"Success (standoff ok (err +0.19 mm, 1 step, travel 2.0 mm))",2026-10-07 14:53:33
119,450,377,,,,0.7832631468772888,0.0,0.7832631468772888,0.7832631468772888,1,True,"Success (standoff ok (err +0.04 mm, 1 step, travel 2.3 mm))",2026-10-07 14:53:45
119,451,378,,,,0.761355459690094,0.0,0.761355459690094,0.761355459690094,1,True,"Success (standoff ok (err +0.14 mm, 1 step, travel 2.2 mm))",2026-10-07 14:53:50
119,453,379,,,,0.8464717864990234,0.0,0.8464717864990234,0.8464717864990234,1,True,"Success (standoff ok (err +0.19 mm, 1 step, travel 2.0 mm))",2026-10-07 14:55:18
119,455,380,,,,0.6430473923683167,0.0,0.6430473923683167,0.6430473923683167,1,True,"Success (standoff ok (err +0.06 mm, 1 step, travel 2.0 mm))",2026-10-07 14:55:22
119,457,381,,,,0.6309309601783752,0.0,0.6309309601783752,0.6309309601783752,1,True,"Success (standoff ok (err -0.01 mm, 2 steps, travel 1.9 mm))",2026-10-07 14:55:28
119,458,382,,,,0.6423395872116089,0.0,0.6423395872116089,0.6423395872116089,1,True,"Success (standoff ok (err +0.09 mm, 1 step, travel 1.5 mm))",2026-10-07 14:55:34
119,459,383,,,,0.8092525601387024,0.0,0.8092525601387024,0.8092525601387024,1,True,"Success (standoff ok (err +0.17 mm, 1 step, travel 1.3 mm))",2026-10-07 14:55:39
119,460,384,,,,0.8489319682121277,0.0,0.8489319682121277,0.8489319682121277,1,True,"Success (standoff ok (err -0.02 mm, 1 step, travel 1.0 mm))",2026-10-07 14:55:43
119,461,385,,,,0.8587142825126648,0.0,0.8587142825126648,0.8587142825126648,1,True,"Success (standoff ok (err +0.01 mm, 1 step, travel 0.6 mm))",2026-10-07 14:55:48
119,462,386,,,,0.8370968699455261,0.0,0.8370968699455261,0.8370968699455261,1,True,"Success (standoff ok (err +0.10 mm, 0 steps, travel 0.0 mm))",2026-10-07 14:55:51
119,463,387,,,,0.8528581261634827,0.0,0.8528581261634827,0.8528581261634827,1,True,"Success (standoff ok (err +0.02 mm, 1 step, travel 0.3 mm))",2026-10-07 14:55:56
119,464,388,,,,0.918656587600708,0.0,0.918656587600708,0.918656587600708,1,True,"Success (standoff ok (err -0.00 mm, 1 step, travel 0.5 mm))",2026-10-07 14:56:01
119,465,389,,,,0.8929631114006042,0.0,0.8929631114006042,0.8929631114006042,1,True,"Success (standoff ok (err +0.13 mm, 1 step, travel 0.3 mm))",2026-10-07 14:56:05
119,466,390,,,,0.9922721982002258,0.0,0.9922721982002258,0.9922721982002258,1,True,"Success (standoff ok (err +0.02 mm, 1 step, travel 0.3 mm))",2026-10-07 14:56:09
119,467,391,,,,1.0069403648376465,0.0,1.0069403648376465,1.0069403648376465,1,True,"Success (standoff ok (err +0.03 mm, 0 steps, travel 0.0 mm))",2026-10-07 14:56:12
119,468,392,,,,0.9816402196884156,0.0,0.9816402196884156,0.9816402196884156,1,True,"Success (standoff ok (err +0.18 mm, 0 steps, travel 0.0 mm))",2026-10-07 14:56:43
119,469,393,,,,0.8351650834083557,0.0,0.8351650834083557,0.8351650834083557,1,True,"Success (standoff ok (err +0.04 mm, 1 step, travel 0.3 mm))",2026-10-07 14:56:48
119,470,394,,,,0.880759060382843,0.0,0.880759060382843,0.880759060382843,1,True,"Success (standoff ok (err +0.05 mm, 1 step, travel 0.5 mm))",2026-10-07 14:56:52
119,471,395,,,,0.8900153636932373,0.0,0.8900153636932373,0.8900153636932373,1,True,"Success (standoff ok (err +0.09 mm, 1 step, travel 0.7 mm))",2026-10-07 14:56:57
119,472,396,,,,0.8209702372550964,0.0,0.8209702372550964,0.8209702372550964,1,True,"Success (standoff ok (err +0.11 mm, 1 step, travel 0.8 mm))",2026-10-07 14:57:01
119,473,397,,,,0.8017680048942566,0.0,0.8017680048942566,0.8017680048942566,1,True,"Success (standoff ok (err +0.01 mm, 1 step, travel 0.8 mm))",2026-10-07 14:57:06
119,474,398,,,,0.926143229007721,0.0,0.926143229007721,0.926143229007721,1,True,"Success (standoff ok (err +0.12 mm, 1 step, travel 0.4 mm))",2026-10-07 14:57:38
119,475,399,,,,0.9110590815544128,0.0,0.9110590815544128,0.9110590815544128,1,True,"Success (standoff ok (err +0.05 mm, 1 step, travel 0.5 mm))",2026-10-07 14:57:45
119,476,400,,,,1.0756826400756836,0.0,1.0756826400756836,1.0756826400756836,1,True,"Success (standoff ok (err +0.05 mm, 1 step, travel 0.4 mm))",2026-10-07 14:57:49
119,477,401,,,,0.9589666128158568,0.0,0.9589666128158568,0.9589666128158568,1,True,"Success (standoff ok (err +0.01 mm, 1 step, travel 0.2 mm))",2026-10-07 14:57:53
119,478,402,,,,0.908415913581848,0.0,0.908415913581848,0.908415913581848,1,True,"Success (standoff ok (err +0.16 mm, 0 steps, travel 0.0 mm))",2026-10-07 14:57:56
119,479,403,,,,0.9334206581115724,0.0,0.9334206581115724,0.9334206581115724,1,True,"Success (standoff ok (err -0.02 mm, 1 step, travel 0.4 mm))",2026-10-07 14:58:00
119,480,404,,,,0.9691837430000304,0.0,0.9691837430000304,0.9691837430000304,1,True,"Success (standoff ok (err +0.11 mm, 1 step, travel 0.3 mm))",2026-10-07 14:58:04
119,481,405,,,,0.8342957496643066,0.0,0.8342957496643066,0.8342957496643066,1,True,"Success (standoff ok (err +0.04 mm, 1 step, travel 0.3 mm))",2026-10-07 14:58:08
119,482,406,,,,0.9333798289299012,0.0,0.9333798289299012,0.9333798289299012,1,True,"Success (standoff ok (err +0.00 mm, 1 step, travel 0.2 mm))",2026-10-07 14:58:11
119,483,407,,,,0.762394368648529,0.0,0.762394368648529,0.762394368648529,1,True,"Success (standoff ok (err +0.06 mm, 0 steps, travel 0.0 mm))",2026-10-07 14:58:14
119,484,408,,,,0.8755210041999817,0.0,0.8755210041999817,0.8755210041999817,1,True,"Success (standoff ok (err -0.15 mm, 1 step, travel 0.5 mm))",2026-10-07 14:58:18
119,485,409,,,,0.7385030388832092,0.0,0.7385030388832092,0.7385030388832092,1,True,"Success (standoff ok (err +0.05 mm, 1 step, travel 0.7 mm))",2026-10-07 14:58:22
119,486,410,,,,0.7813236117362976,0.0,0.7813236117362976,0.7813236117362976,1,True,"Success (standoff ok (err +0.06 mm, 1 step, travel 1.1 mm))",2026-10-07 14:58:26
119,487,411,,,,0.769326388835907,0.0,0.769326388835907,0.769326388835907,1,True,"Success (standoff ok (err +0.10 mm, 1 step, travel 1.4 mm))",2026-10-07 15:00:02
119,489,412,,,,0.7282835245132446,0.0,0.7282835245132446,0.7282835245132446,1,True,"Success (standoff ok (err +0.18 mm, 1 step, travel 1.6 mm))",2026-10-07 15:00:33
119,491,413,,,,0.734325647354126,0.0,0.734325647354126,0.734325647354126,1,True,"Success (standoff ok (err +0.10 mm, 1 step, travel 1.8 mm))",2026-10-07 15:00:38
119,493,414,,,,0.6926411390304565,0.0,0.6926411390304565,0.6926411390304565,1,True,"Success (standoff ok (err +0.15 mm, 1 step, travel 1.9 mm))",2026-10-07 15:00:47
119,495,415,,,,0.7652178406715393,0.0,0.7652178406715393,0.7652178406715393,1,True,"Success (standoff ok (err -0.03 mm, 2 steps, travel 2.3 mm))",2026-10-07 15:01:02
119,501,416,,,,0.74715256690979,0.0,0.74715256690979,0.74715256690979,1,True,"Success (standoff ok (err +0.03 mm, 1 step, travel 1.0 mm))",2026-10-07 15:01:20
119,502,417,,,,0.8846083283424377,0.0,0.8846083283424377,0.8846083283424377,1,True,"Success (standoff ok (err +0.06 mm, 1 step, travel 0.8 mm))",2026-10-07 15:02:11
119,503,418,,,,0.8137241005897522,0.0,0.8137241005897522,0.8137241005897522,1,True,"Success (standoff ok (err +0.09 mm, 1 step, travel 0.4 mm))",2026-10-07 15:02:16
119,504,419,,,,0.728895366191864,0.0,0.728895366191864,0.728895366191864,1,True,"Success (standoff ok (err +0.05 mm, 0 steps, travel 0.0 mm))",2026-10-07 15:02:58
119,505,420,,,,0.8269768953323364,0.0,0.8269768953323364,0.8269768953323364,1,True,"Success (standoff ok (err -0.11 mm, 1 step, travel 0.1 mm))",2026-10-07 15:03:09
119,506,421,,,,0.9130337834358216,0.0,0.9130337834358216,0.9130337834358216,1,True,"Success (standoff ok (err +0.07 mm, 0 steps, travel 0.0 mm))",2026-10-07 15:03:18
119,507,422,,,,0.7995009422302246,0.0,0.7995009422302246,0.7995009422302246,1,True,"Success (standoff ok (err +0.20 mm, 0 steps, travel 0.0 mm))",2026-10-07 15:03:22
119,508,423,,,,0.9333235025405884,0.0,0.9333235025405884,0.9333235025405884,1,True,"Success (standoff ok (err +0.02 mm, 1 step, travel 0.1 mm))",2026-10-07 15:03:26
119,509,424,,,,0.9229505062103271,0.0,0.9229505062103271,0.9229505062103271,1,True,"Success (standoff ok (err +0.17 mm, 0 steps, travel 0.0 mm))",2026-10-07 15:03:29
119,510,425,,,,1.0270485877990725,0.0,1.0270485877990725,1.0270485877990725,1,True,"Success (standoff ok (err +0.08 mm, 0 steps, travel 0.0 mm))",2026-10-07 15:03:33
119,511,426,,,,0.9591230750083924,0.0,0.9591230750083924,0.9591230750083924,1,True,"Success (standoff ok (err -0.01 mm, 1 step, travel 0.3 mm))",2026-10-07 15:03:38
119,512,427,,,,0.8358371257781982,0.0,0.8358371257781982,0.8358371257781982,1,True,"Success (standoff ok (err -0.05 mm, 1 step, travel 0.5 mm))",2026-10-07 15:03:42
119,513,428,,,,0.8704322576522827,0.0,0.8704322576522827,0.8704322576522827,1,True,"Success (standoff ok (err +0.07 mm, 1 step, travel 0.5 mm))",2026-10-07 15:03:46
119,514,429,,,,0.8242511749267578,0.0,0.8242511749267578,0.8242511749267578,1,True,"Success (standoff ok (err +0.02 mm, 1 step, travel 0.3 mm))",2026-10-07 15:04:15
119,515,430,,,,0.8291718363761902,0.0,0.8291718363761902,0.8291718363761902,1,True,"Success (standoff ok (err +0.06 mm, 1 step, travel 0.4 mm))",2026-10-07 15:04:19
119,516,431,,,,0.8781921863555908,0.0,0.8781921863555908,0.8781921863555908,1,True,"Success (standoff ok (err +0.14 mm, 0 steps, travel 0.0 mm))",2026-10-07 15:04:23
119,517,432,,,,0.8152276277542114,0.0,0.8152276277542114,0.8152276277542114,1,True,"Success (standoff ok (err +0.05 mm, 1 step, travel 0.2 mm))",2026-10-07 15:04:54
119,518,433,,,,0.7821419835090637,0.0,0.7821419835090637,0.7821419835090637,1,True,"Success (standoff ok (err +0.01 mm, 1 step, travel 0.3 mm))",2026-10-07 15:04:59
119,519,434,,,,0.8137261867523193,0.0,0.8137261867523193,0.8137261867523193,1,True,"Success (standoff ok (err -0.02 mm, 1 step, travel 0.3 mm))",2026-10-07 15:05:04
119,520,435,,,,0.8542889356613159,0.0,0.8542889356613159,0.8542889356613159,1,True,"Success (standoff ok (err -0.09 mm, 0 steps, travel 0.0 mm))",2026-10-07 15:05:06
119,521,436,,,,0.8768650889396667,0.0,0.8768650889396667,0.8768650889396667,1,True,"Success (standoff ok (err -0.19 mm, 0 steps, travel 0.0 mm))",2026-10-07 15:05:09
119,522,437,,,,0.9024938941001892,0.0,0.9024938941001892,0.9024938941001892,1,True,"Success (standoff ok (err -0.17 mm, 0 steps, travel 0.0 mm))",2026-10-07 15:05:12
119,523,438,,,,0.8899843692779541,0.0,0.8899843692779541,0.8899843692779541,1,True,"Success (standoff ok (err -0.13 mm, 0 steps, travel 0.0 mm))",2026-10-07 15:05:15
119,524,439,,,,0.7353818416595459,0.0,0.7353818416595459,0.7353818416595459,1,True,"Success (standoff ok (err -0.01 mm, 1 step, travel 0.2 mm))",2026-10-07 15:05:19
119,525,440,,,,0.8220073580741882,0.0,0.8220073580741882,0.8220073580741882,1,True,"Success (standoff ok (err -0.07 mm, 1 step, travel 0.5 mm))",2026-10-07 15:05:24
119,526,441,,,,0.7693073153495789,0.0,0.7693073153495789,0.7693073153495789,1,True,"Success (standoff ok (err -0.03 mm, 1 step, travel 0.5 mm))",2026-10-07 15:05:28
119,527,442,,,,0.8313655853271484,0.0,0.8313655853271484,0.8313655853271484,1,True,"Success (standoff ok (err -0.01 mm, 1 step, travel 0.2 mm))",2026-10-07 15:06:23
119,528,443,,,,0.8207225799560547,0.0,0.8207225799560547,0.8207225799560547,1,True,"Success (standoff ok (err +0.06 mm, 0 steps, travel 0.0 mm))",2026-10-07 15:06:27
119,529,444,,,,0.7622313499450684,0.0,0.7622313499450684,0.7622313499450684,1,True,"Success (standoff ok (err +0.07 mm, 1 step, travel 0.2 mm))",2026-10-07 15:06:31
119,530,445,,,,0.7523563504219055,0.0,0.7523563504219055,0.7523563504219055,1,True,"Success (standoff ok (err +0.14 mm, 1 step, travel 0.3 mm))",2026-10-07 15:06:36
119,531,446,,,,0.6628662347793579,0.0,0.6628662347793579,0.6628662347793579,1,True,"Success (standoff ok (err +0.10 mm, 0 steps, travel 0.0 mm))",2026-10-07 15:06:39
119,532,447,,,,0.7871857285499573,0.0,0.7871857285499573,0.7871857285499573,1,True,"Success (standoff ok (err -0.07 mm, 0 steps, travel 0.0 mm))",2026-10-07 15:07:02
119,533,448,,,,0.8165159821510315,0.0,0.8165159821510315,0.8165159821510315,1,True,"Success (standoff ok (err -0.15 mm, 1 step, travel 0.2 mm))",2026-10-07 15:07:06
119,534,449,,,,0.7692337036132812,0.0,0.7692337036132812,0.7692337036132812,1,True,"Success (standoff ok (err -0.09 mm, 1 step, travel 0.6 mm))",2026-10-07 15:07:10
119,535,450,,,,0.8573305606842041,0.0,0.8573305606842041,0.8573305606842041,1,True,"Success (standoff ok (err -0.02 mm, 1 step, travel 1.0 mm))",2026-10-07 15:08:31
119,536,451,,,,0.8065485954284668,0.0,0.8065485954284668,0.8065485954284668,1,True,"Success (standoff ok (err +0.15 mm, 1 step, travel 1.0 mm))",2026-10-07 15:08:36
119,537,452,,,,0.8469754457473755,0.0,0.8469754457473755,0.8469754457473755,1,True,"Success (standoff ok (err +0.02 mm, 1 step, travel 0.8 mm))",2026-10-07 15:09:06
119,538,453,,,,0.7577377557754517,0.0,0.7577377557754517,0.7577377557754517,1,True,"Success (standoff ok (err -0.12 mm, 1 step, travel 0.4 mm))",2026-10-07 15:09:10
119,539,454,,,,0.8690917491912842,0.0,0.8690917491912842,0.8690917491912842,1,True,"Success (standoff ok (err -0.02 mm, 1 step, travel 0.6 mm))",2026-10-07 15:09:14
119,540,455,,,,0.8326512575149536,0.0,0.8326512575149536,0.8326512575149536,1,True,"Success (standoff ok (err +0.05 mm, 1 step, travel 0.6 mm))",2026-10-07 15:09:18
119,541,456,,,,0.8772808313369751,0.0,0.8772808313369751,0.8772808313369751,1,True,"Success (standoff ok (err -0.09 mm, 1 step, travel 0.3 mm))",2026-10-07 15:09:22
119,542,457,,,,0.8401289582252502,0.0,0.8401289582252502,0.8401289582252502,1,True,"Success (standoff ok (err +0.01 mm, 0 steps, travel 0.0 mm))",2026-10-07 15:09:24
119,543,458,,,,0.7692825794219971,0.0,0.7692825794219971,0.7692825794219971,1,True,"Success (standoff ok (err -0.02 mm, 1 step, travel 0.3 mm))",2026-10-07 15:09:28
119,544,459,,,,0.8933213353157043,0.0,0.8933213353157043,0.8933213353157043,1,True,"Success (standoff ok (err -0.03 mm, 1 step, travel 0.4 mm))",2026-10-07 15:09:32
119,545,460,,,,0.8381164073944092,0.0,0.8381164073944092,0.8381164073944092,1,True,"Success (standoff ok (err +0.01 mm, 1 step, travel 0.3 mm))",2026-10-07 15:09:36
119,546,461,,,,1.0051944255828855,0.0,1.0051944255828855,1.0051944255828855,1,True,"Success (standoff ok (err +0.10 mm, 1 step, travel 0.3 mm))",2026-10-07 15:10:06
119,547,462,,,,0.9362396597862244,0.0,0.9362396597862244,0.9362396597862244,1,True,"Success (standoff ok (err -0.03 mm, 1 step, travel 0.4 mm))",2026-10-07 15:10:10
119,548,463,,,,0.7483130693435669,0.0,0.7483130693435669,0.7483130693435669,1,True,"Success (standoff ok (err +0.17 mm, 0 steps, travel 0.0 mm))",2026-10-07 15:10:13
119,549,464,,,,0.7164588570594788,0.0,0.7164588570594788,0.7164588570594788,1,True,"Success (standoff ok (err -0.19 mm, 0 steps, travel 0.0 mm))",2026-10-07 15:10:17
119,550,465,,,,0.6963500380516052,0.0,0.6963500380516052,0.6963500380516052,1,True,"Success (standoff ok (err -0.11 mm, 1 step, travel 0.6 mm))",2026-10-07 15:10:21
119,551,466,,,,0.7081565260887146,0.0,0.7081565260887146,0.7081565260887146,1,True,"Success (standoff ok (err -0.03 mm, 1 step, travel 0.8 mm))",2026-10-07 15:10:25
119,552,467,,,,0.638471245765686,0.0,0.638471245765686,0.638471245765686,1,True,"Success (standoff ok (err -0.04 mm, 1 step, travel 0.7 mm))",2026-10-07 15:10:29
119,553,468,,,,0.6491497159004211,0.0,0.6491497159004211,0.6491497159004211,1,True,"Success (standoff ok (err -0.11 mm, 1 step, travel 0.7 mm))",2026-10-07 15:10:33
119,554,469,,,,0.6202450394630432,0.0,0.6202450394630432,0.6202450394630432,1,True,"Success (standoff ok (err +0.04 mm, 1 step, travel 0.9 mm))",2026-10-07 15:10:37
119,555,470,,,,0.6268376111984253,0.0,0.6268376111984253,0.6268376111984253,1,True,"Success (standoff ok (err -0.08 mm, 1 step, travel 0.9 mm))",2026-10-07 15:10:41
119,556,471,,,,0.7005086541175842,0.0,0.7005086541175842,0.7005086541175842,1,True,"Success (standoff ok (err -0.01 mm, 1 step, travel 0.9 mm))",2026-10-07 15:11:39
119,557,472,,,,0.6830701231956482,0.0,0.6830701231956482,0.6830701231956482,1,True,"Success (standoff ok (err -0.11 mm, 1 step, travel 0.6 mm))",2026-10-07 15:11:55
119,558,473,,,,0.7243391871452332,0.0,0.7243391871452332,0.7243391871452332,1,True,"Success (standoff ok (err -0.02 mm, 1 step, travel 0.4 mm))",2026-10-07 15:11:59
119,559,474,,,,0.684029757976532,0.0,0.684029757976532,0.684029757976532,1,True,"Success (standoff ok (err -0.14 mm, 0 steps, travel 0.0 mm))",2026-10-07 15:12:03
119,560,475,,,,0.6815153360366821,0.0,0.6815153360366821,0.6815153360366821,1,True,"Success (standoff ok (err +0.04 mm, 0 steps, travel 0.0 mm))",2026-10-07 15:12:06
119,561,476,,,,0.5960497260093689,0.0,0.5960497260093689,0.5960497260093689,1,True,"Success (standoff ok (err -0.16 mm, 0 steps, travel 0.0 mm))",2026-10-07 15:12:10
119,562,477,,,,0.620209276676178,0.0,0.620209276676178,0.620209276676178,1,True,"Success (standoff ok (err -0.05 mm, 1 step, travel 0.3 mm))",2026-10-07 15:12:27
119,563,478,,,,0.6346875429153442,0.0,0.6346875429153442,0.6346875429153442,1,True,"Success (standoff ok (err +0.10 mm, 1 step, travel 0.7 mm))",2026-10-07 15:12:32
119,564,479,,,,0.6693026423454285,0.0,0.6693026423454285,0.6693026423454285,1,True,"Success (standoff ok (err +0.02 mm, 1 step, travel 0.7 mm))",2026-10-07 15:12:38
119,565,480,,,,0.5986270308494568,0.0,0.5986270308494568,0.5986270308494568,1,True,"Success (standoff ok (err -0.11 mm, 1 step, travel 0.7 mm))",2026-10-07 15:12:42
119,566,481,,,,0.6385740637779236,0.0,0.6385740637779236,0.6385740637779236,1,True,"Success (standoff ok (err +0.02 mm, 1 step, travel 0.9 mm))",2026-10-07 15:12:46
119,567,482,,,,0.6397223472595215,0.0,0.6397223472595215,0.6397223472595215,1,True,"Success (standoff ok (err +0.05 mm, 1 step, travel 0.9 mm))",2026-10-07 15:12:50
119,568,483,,,,0.6695166230201721,0.0,0.6695166230201721,0.6695166230201721,1,True,"Success (standoff ok (err -0.17 mm, 1 step, travel 0.7 mm))",2026-10-07 15:12:54
119,569,484,,,,0.676160454750061,0.0,0.676160454750061,0.676160454750061,1,True,"Success (standoff ok (err -0.04 mm, 1 step, travel 0.7 mm))",2026-10-07 15:12:58
119,570,485,,,,0.6664004921913147,0.0,0.6664004921913147,0.6664004921913147,1,True,"Success (standoff ok (err -0.05 mm, 1 step, travel 0.7 mm))",2026-10-07 15:13:02
119,571,486,,,,0.7091572880744934,0.0,0.7091572880744934,0.7091572880744934,1,True,"Success (standoff NOT corrected: no Keyence data (sensor/node silent) (err n/a, 0 steps, travel 0.0 mm))",2026-10-07 15:13:06
119,572,487,,,,0.6516760587692261,0.0,0.6516760587692261,0.6516760587692261,1,True,"Success (standoff ok (err +0.03 mm, 1 step, travel 0.4 mm))",2026-10-07 15:14:17
119,573,488,,,,0.7473522424697876,0.0,0.7473522424697876,0.7473522424697876,1,True,"Success (standoff ok (err +0.00 mm, 0 steps, travel 0.0 mm))",2026-10-07 15:14:21
119,574,489,,,,0.7807594537734985,0.0,0.7807594537734985,0.7807594537734985,1,True,"Success (standoff ok (err +0.08 mm, 1 step, travel 0.3 mm))",2026-10-07 15:14:24
119,575,490,,,,0.7733303308486938,0.0,0.7733303308486938,0.7733303308486938,1,True,"Success (standoff ok (err +0.07 mm, 1 step, travel 0.3 mm))",2026-10-07 15:14:29
119,576,491,,,,0.7640725374221802,0.0,0.7640725374221802,0.7640725374221802,1,True,"Success (standoff ok (err +0.00 mm, 1 step, travel 0.4 mm))",2026-10-07 15:14:49
119,577,492,,,,0.6957811117172241,0.0,0.6957811117172241,0.6957811117172241,1,True,"Success (standoff ok (err +0.09 mm, 1 step, travel 0.2 mm))",2026-10-07 15:15:02
119,578,493,,,,0.699162483215332,0.0,0.699162483215332,0.699162483215332,1,True,"Success (standoff ok (err +0.06 mm, 0 steps, travel 0.0 mm))",2026-10-07 15:15:56
119,579,494,,,,0.6801506876945496,0.0,0.6801506876945496,0.6801506876945496,1,True,"Success (standoff ok (err -0.15 mm, 0 steps, travel 0.0 mm))",2026-10-07 15:16:00
119,580,495,,,,0.6796655058860779,0.0,0.6796655058860779,0.6796655058860779,1,True,"Success (standoff ok (err -0.06 mm, 1 step, travel 0.5 mm))",2026-10-07 15:16:05
119,581,496,,,,0.6693011522293091,0.0,0.6693011522293091,0.6693011522293091,1,True,"Success (standoff ok (err -0.04 mm, 1 step, travel 0.7 mm))",2026-10-07 15:16:09
119,582,497,,,,0.6096681952476501,0.0,0.6096681952476501,0.6096681952476501,1,True,"Success (standoff ok (err -0.07 mm, 1 step, travel 0.8 mm))",2026-10-07 15:16:13
119,583,498,,,,0.583941638469696,0.0,0.583941638469696,0.583941638469696,1,True,"Success (standoff ok (err -0.12 mm, 1 step, travel 0.7 mm))",2026-10-07 15:16:17
119,584,499,,,,0.6359335780143738,0.0,0.6359335780143738,0.6359335780143738,1,True,"Success (standoff ok (err -0.04 mm, 1 step, travel 1.0 mm))",2026-10-07 15:16:21
119,585,500,,,,0.602898895740509,0.0,0.602898895740509,0.602898895740509,1,True,"Success (standoff ok (err -0.14 mm, 1 step, travel 0.9 mm))",2026-10-07 15:16:25
119,586,501,,,,0.6529715657234192,0.0,0.6529715657234192,0.6529715657234192,1,True,"Success (standoff ok (err -0.06 mm, 1 step, travel 1.0 mm))",2026-10-07 15:16:29
119,587,502,,,,0.6291037797927856,0.0,0.6291037797927856,0.6291037797927856,1,True,"Success (standoff ok (err -0.08 mm, 1 step, travel 0.9 mm))",2026-10-07 15:16:48
119,588,503,,,,0.6058835983276367,0.0,0.6058835983276367,0.6058835983276367,1,True,"Success (standoff ok (err -0.02 mm, 1 step, travel 0.9 mm))",2026-10-07 15:16:53
119,589,504,,,,0.6516292691230774,0.0,0.6516292691230774,0.6516292691230774,1,True,"Success (standoff ok (err -0.07 mm, 1 step, travel 0.6 mm))",2026-10-07 15:16:57
119,590,505,,,,0.624212920665741,0.0,0.624212920665741,0.624212920665741,1,True,"Success (standoff ok (err +0.12 mm, 1 step, travel 0.8 mm))",2026-10-07 15:17:01
119,591,506,,,,0.6549975275993347,0.0,0.6549975275993347,0.6549975275993347,1,True,"Success (standoff ok (err -0.05 mm, 1 step, travel 0.4 mm))",2026-10-07 15:17:06
119,592,507,,,,0.6250464916229248,0.0,0.6250464916229248,0.6250464916229248,1,True,"Success (standoff ok (err +0.19 mm, 1 step, travel 0.4 mm))",2026-10-07 15:17:10
119,594,508,,,,0.6378063559532166,0.0,0.6378063559532166,0.6378063559532166,1,True,"Success (standoff ok (err -0.02 mm, 1 step, travel 0.3 mm))",2026-10-07 15:18:24
119,595,509,,,,0.6381040811538696,0.0,0.6381040811538696,0.6381040811538696,1,True,"Success (standoff ok (err -0.12 mm, 1 step, travel 0.1 mm))",2026-10-07 15:18:28
119,596,510,,,,0.6221693754196167,0.0,0.6221693754196167,0.6221693754196167,1,True,"Success (standoff ok (err -0.06 mm, 1 step, travel 0.6 mm))",2026-10-07 15:18:32
119,597,511,,,,0.6371402740478516,0.0,0.6371402740478516,0.6371402740478516,1,True,"Success (standoff ok (err -0.04 mm, 1 step, travel 1.0 mm))",2026-10-07 15:18:37
119,598,512,,,,0.6393411755561829,0.0,0.6393411755561829,0.6393411755561829,1,True,"Success (standoff ok (err -0.10 mm, 1 step, travel 0.9 mm))",2026-10-07 15:18:41
119,599,513,,,,0.605601966381073,0.0,0.605601966381073,0.605601966381073,1,True,"Success (standoff ok (err -0.10 mm, 1 step, travel 0.8 mm))",2026-10-07 15:18:46
119,600,514,,,,0.6275784969329834,0.0,0.6275784969329834,0.6275784969329834,1,True,"Success (standoff ok (err -0.03 mm, 1 step, travel 0.9 mm))",2026-10-07 15:18:50
119,601,515,,,,0.6239461898803711,0.0,0.6239461898803711,0.6239461898803711,1,True,"Success (standoff ok (err +0.08 mm, 2 steps, travel 1.4 mm))",2026-10-07 15:20:03
119,602,516,,,,0.5998995900154114,0.0,0.5998995900154114,0.5998995900154114,1,True,"Success (standoff ok (err +0.04 mm, 2 steps, travel 0.9 mm))",2026-10-07 15:20:08
119,603,517,,,,0.6932306289672852,0.0,0.6932306289672852,0.6932306289672852,1,True,"Success (standoff ok (err -0.11 mm, 1 step, travel 0.6 mm))",2026-10-07 15:20:17
119,604,518,,,,0.6495296955108643,0.0,0.6495296955108643,0.6495296955108643,1,True,"Success (standoff ok (err -0.03 mm, 1 step, travel 0.6 mm))",2026-10-07 15:20:21
119,605,519,,,,0.6453412771224976,0.0,0.6453412771224976,0.6453412771224976,1,True,"Success (standoff ok (err +0.04 mm, 1 step, travel 0.4 mm))",2026-10-07 15:20:25
119,606,520,,,,0.6334391236305237,0.0,0.6334391236305237,0.6334391236305237,1,True,"Success (standoff ok (err -0.15 mm, 0 steps, travel 0.0 mm))",2026-10-07 15:20:28
119,607,521,,,,0.6786450743675232,0.0,0.6786450743675232,0.6786450743675232,1,True,"Success (standoff ok (err +0.09 mm, 0 steps, travel 0.0 mm))",2026-10-07 15:20:31
119,608,522,,,,0.7299724221229553,0.0,0.7299724221229553,0.7299724221229553,1,True,"Success (standoff ok (err -0.14 mm, 3 steps, travel 5.0 mm))",2026-10-07 15:20:57
119,609,523,,,,0.7283103466033936,0.0,0.7283103466033936,0.7283103466033936,1,True,"Success (standoff ok (err +0.00 mm, 0 steps, travel 0.0 mm))",2026-10-07 15:21:07
119,610,524,,,,0.6900885701179504,0.0,0.6900885701179504,0.6900885701179504,1,True,"Success (standoff ok (err +0.00 mm, 1 step, travel 0.3 mm))",2026-10-07 15:22:02
119,611,525,,,,0.7151630520820618,0.0,0.7151630520820618,0.7151630520820618,1,True,"Success (standoff ok (err -0.15 mm, 1 step, travel 0.3 mm))",2026-10-07 15:22:06
119,612,526,,,,0.673987865447998,0.0,0.673987865447998,0.673987865447998,1,True,"Success (standoff ok (err -0.04 mm, 1 step, travel 0.6 mm))",2026-10-07 15:22:10
119,613,527,,,,0.6115087866783142,0.0,0.6115087866783142,0.6115087866783142,1,True,"Success (standoff ok (err -0.04 mm, 1 step, travel 0.8 mm))",2026-10-07 15:22:14
119,614,528,,,,0.5926519632339478,0.0,0.5926519632339478,0.5926519632339478,1,True,"Success (standoff ok (err -0.01 mm, 1 step, travel 0.7 mm))",2026-10-07 15:22:18
119,615,529,,,,0.6398686766624451,0.0,0.6398686766624451,0.6398686766624451,1,True,"Success (standoff ok (err -0.05 mm, 1 step, travel 0.3 mm))",2026-10-07 15:22:22
119,616,530,,,,0.6327548623085022,0.0,0.6327548623085022,0.6327548623085022,1,True,"Success (standoff ok (err +0.09 mm, 0 steps, travel 0.0 mm))",2026-10-07 15:22:25
119,617,531,,,,0.6280419230461121,0.0,0.6280419230461121,0.6280419230461121,1,True,"Success (standoff ok (err -0.03 mm, 1 step, travel 0.3 mm))",2026-10-07 15:22:29
119,618,532,,,,0.6428202986717224,0.0,0.6428202986717224,0.6428202986717224,1,True,"Success (standoff ok (err +0.09 mm, 1 step, travel 0.4 mm))",2026-10-07 15:22:33
119,619,533,,,,0.6209900975227356,0.0,0.6209900975227356,0.6209900975227356,1,True,"Success (standoff ok (err +0.08 mm, 1 step, travel 0.7 mm))",2026-10-07 15:22:37
119,620,534,,,,0.6518721580505371,0.0,0.6518721580505371,0.6518721580505371,1,True,"Success (standoff ok (err -0.10 mm, 1 step, travel 1.1 mm))",2026-10-07 15:23:23
119,621,535,,,,0.7027170062065125,0.0,0.7027170062065125,0.7027170062065125,1,True,"Success (standoff ok (err +0.02 mm, 1 step, travel 1.3 mm))",2026-10-07 15:23:29
119,622,536,,,,0.5484414100646973,0.0,0.5484414100646973,0.5484414100646973,1,True,"Success (standoff ok (err +0.17 mm, 1 step, travel 1.5 mm))",2026-10-07 15:24:02
119,624,537,,,,0.4874411225318908,0.0,0.4874411225318908,0.4874411225318908,1,True,"Success (standoff ok (err +0.00 mm, 1 step, travel 1.8 mm))",2026-10-07 15:24:09
119,625,538,,,,0.61533123254776,0.0,0.61533123254776,0.61533123254776,1,True,"Success (standoff ok (err +0.03 mm, 2 steps, travel 8.8 mm))",2026-10-07 15:24:16
119,627,539,,,,0.219108760356903,0.0,0.219108760356903,0.219108760356903,1,True,"Success (standoff NOT corrected: out of range on the far side (seek disabled) (err n/a, 0 steps, travel 0.0 mm))",2026-10-07 15:26:43
119,628,540,,,,0.1715153455734253,0.0,0.1715153455734253,0.1715153455734253,1,True,"Success (standoff NOT corrected: out of range on the far side (seek disabled) (err n/a, 0 steps, travel 0.0 mm))",2026-10-07 15:26:46
119,629,541,,,,0.1357296109199524,0.0,0.1357296109199524,0.1357296109199524,1,True,"Success (standoff NOT corrected: out of range on the far side (seek disabled) (err n/a, 0 steps, travel 0.0 mm))",2026-10-07 15:26:56
119,630,542,,,,0.1097080111503601,0.0,0.1097080111503601,0.1097080111503601,1,True,"Success (standoff NOT corrected: out of range on the far side (seek disabled) (err n/a, 0 steps, travel 0.0 mm))",2026-10-07 15:26:59
119,631,543,,,,0.1117974519729614,0.0,0.1117974519729614,0.1117974519729614,1,True,"Success (standoff NOT corrected: out of range on the far side (seek disabled) (err n/a, 0 steps, travel 0.0 mm))",2026-10-07 15:27:02
119,632,544,,,,0.1178154349327087,0.0,0.1178154349327087,0.1178154349327087,1,True,"Success (standoff NOT corrected: out of range on the far side (seek disabled) (err n/a, 0 steps, travel 0.0 mm))",2026-10-07 15:27:06
119,633,545,,,,0.1106795668601989,0.0,0.1106795668601989,0.1106795668601989,1,True,"Success (standoff NOT corrected: out of range on the far side (seek disabled) (err n/a, 0 steps, travel 0.0 mm))",2026-10-07 15:27:08
119,634,546,,,,0.1960813999176025,0.0,0.1960813999176025,0.1960813999176025,1,True,"Success (standoff NOT corrected: out of range on the far side (seek disabled) (err n/a, 0 steps, travel 0.0 mm))",2026-10-07 15:27:11
119,635,547,,,,0.2918362617492676,0.0,0.2918362617492676,0.2918362617492676,1,True,"Success (standoff NOT corrected: out of range on the far side (seek disabled) (err n/a, 0 steps, travel 0.0 mm))",2026-10-07 15:27:14
119,636,548,,,,0.3255519270896911,0.0,0.3255519270896911,0.3255519270896911,1,True,"Success (standoff NOT corrected: out of range on the far side (seek disabled) (err n/a, 0 steps, travel 0.0 mm))",2026-10-07 15:27:17
119,637,549,,,,0.3052365779876709,0.0,0.3052365779876709,0.3052365779876709,1,True,"Success (standoff NOT corrected: out of range on the far side (seek disabled) (err n/a, 0 steps, travel 0.0 mm))",2026-10-07 15:27:20
119,638,550,,,,0.292239785194397,0.0,0.292239785194397,0.292239785194397,1,True,"Success (standoff NOT corrected: out of range on the far side (seek disabled) (err n/a, 0 steps, travel 0.0 mm))",2026-10-07 15:27:23
119,639,551,,,,0.3164830803871155,0.0,0.3164830803871155,0.3164830803871155,1,True,"Success (standoff NOT corrected: out of range on the far side (seek disabled) (err n/a, 0 steps, travel 0.0 mm))",2026-10-07 15:27:27
119,640,552,,,,0.3266665339469909,0.0,0.3266665339469909,0.3266665339469909,1,True,"Success (standoff NOT corrected: out of range on the far side (seek disabled) (err n/a, 0 steps, travel 0.0 mm))",2026-10-07 15:27:29
119,641,553,,,,0.3431034088134765,0.0,0.3431034088134765,0.3431034088134765,1,True,"Success (standoff NOT corrected: out of range on the far side (seek disabled) (err n/a, 0 steps, travel 0.0 mm))",2026-10-07 15:27:35
120,13,1,,,,0.4891622066497803,0.0,0.4891622066497803,0.4891622066497803,1,True,"Success (standoff ok (err +0.01 mm, 2 steps, travel 6.4 mm))",2026-10-07 17:46:40
120,15,2,,,,0.4897606372833252,0.0,0.4897606372833252,0.4897606372833252,1,True,"Success (standoff ok (err +0.08 mm, 2 steps, travel 6.4 mm))",2026-10-07 17:54:00
120,17,3,,,,0.4761016368865967,0.0,0.4761016368865967,0.4761016368865967,1,True,"Success (standoff ok (err -0.09 mm, 2 steps, travel 6.1 mm))",2026-10-07 17:54:09
120,19,4,,,,0.5255559086799622,0.0,0.5255559086799622,0.5255559086799622,1,True,"Success (standoff ok (err -0.12 mm, 2 steps, travel 5.8 mm))",2026-10-07 17:54:17
120,20,5,,,,0.5581986904144287,0.0,0.5581986904144287,0.5581986904144287,1,True,"Success (standoff ok (err -0.07 mm, 1 step, travel 4.9 mm))",2026-10-07 17:54:23
120,22,6,,,,0.5209633708000183,0.0,0.5209633708000183,0.5209633708000183,1,True,"Success (standoff ok (err -0.12 mm, 2 steps, travel 4.9 mm))",2026-10-07 17:54:32
120,24,7,,,,0.5229389667510986,0.0,0.5229389667510986,0.5229389667510986,1,True,"Success (standoff ok (err -0.16 mm, 1 step, travel 4.9 mm))",2026-10-07 17:54:38
120,26,8,,,,0.5370631814002991,0.0,0.5370631814002991,0.5370631814002991,1,True,"Success (standoff ok (err -0.16 mm, 1 step, travel 4.8 mm))",2026-10-07 17:54:46
120,27,9,,,,0.5933910608291626,0.0,0.5933910608291626,0.5933910608291626,1,True,"Success (standoff ok (err -0.03 mm, 2 steps, travel 4.1 mm))",2026-10-07 17:54:53
120,29,10,,,,0.5749654769897461,0.0,0.5749654769897461,0.5749654769897461,1,True,"Success (standoff ok (err -0.19 mm, 1 step, travel 4.0 mm))",2026-10-07 17:54:59
120,31,11,,,,0.5498525500297546,0.0,0.5498525500297546,0.5498525500297546,1,True,"Success (standoff ok (err -0.11 mm, 1 step, travel 4.2 mm))",2026-10-07 17:55:05
120,33,12,,,,0.5201455950737,0.0,0.5201455950737,0.5201455950737,1,True,"Success (standoff ok (err -0.04 mm, 2 steps, travel 4.4 mm))",2026-10-07 17:55:12
120,34,13,,,,0.5745404958724976,0.0,0.5745404958724976,0.5745404958724976,1,True,"Success (standoff ok (err -0.07 mm, 2 steps, travel 3.2 mm))",2026-10-07 17:55:46
120,36,14,,,,0.5761811137199402,0.0,0.5761811137199402,0.5761811137199402,1,True,"Success (standoff ok (err -0.12 mm, 1 step, travel 3.5 mm))",2026-10-07 17:55:52
120,38,15,,,,0.5995476245880127,0.0,0.5995476245880127,0.5995476245880127,1,True,"Success (standoff ok (err +0.00 mm, 2 steps, travel 3.7 mm))",2026-10-07 17:55:57
120,40,16,,,,0.5619215965270996,0.0,0.5619215965270996,0.5619215965270996,1,True,"Success (standoff ok (err -0.05 mm, 2 steps, travel 3.6 mm))",2026-10-07 17:56:13
120,41,17,,,,0.6018072366714478,0.0,0.6018072366714478,0.6018072366714478,1,True,"Success (standoff ok (err -0.17 mm, 1 step, travel 4.0 mm))",2026-10-07 17:56:19
120,43,18,,,,0.5823907256126404,0.0,0.5823907256126404,0.5823907256126404,1,True,"Success (standoff ok (err -0.17 mm, 2 steps, travel 4.0 mm))",2026-10-07 17:56:25
120,45,19,,,,0.5703741312026978,0.0,0.5703741312026978,0.5703741312026978,1,True,"Success (standoff ok (err +0.01 mm, 2 steps, travel 3.6 mm))",2026-10-07 17:56:30
120,47,20,,,,0.5706965923309326,0.0,0.5706965923309326,0.5706965923309326,1,True,"Success (standoff ok (err -0.19 mm, 1 step, travel 2.9 mm))",2026-10-07 17:56:35
120,48,21,,,,0.5731037259101868,0.0,0.5731037259101868,0.5731037259101868,1,True,"Success (standoff ok (err -0.01 mm, 2 steps, travel 3.5 mm))",2026-10-07 17:56:41
120,50,22,,,,0.5490103363990784,0.0,0.5490103363990784,0.5490103363990784,1,True,"Success (standoff ok (err -0.13 mm, 1 step, travel 3.4 mm))",2026-10-07 17:56:46
120,52,23,,,,0.5503007769584656,0.0,0.5503007769584656,0.5503007769584656,1,True,"Success (standoff ok (err -0.03 mm, 2 steps, travel 3.4 mm))",2026-10-07 17:57:18
120,54,24,,,,0.600464940071106,0.0,0.600464940071106,0.600464940071106,1,True,"Success (standoff ok (err +0.02 mm, 2 steps, travel 3.6 mm))",2026-10-07 17:57:24
120,55,25,,,,0.566672682762146,0.0,0.566672682762146,0.566672682762146,1,True,"Success (standoff ok (err -0.06 mm, 1 step, travel 3.8 mm))",2026-10-07 17:57:31
120,57,26,,,,0.5725175142288208,0.0,0.5725175142288208,0.5725175142288208,1,True,"Success (standoff ok (err -0.08 mm, 2 steps, travel 3.7 mm))",2026-10-07 17:57:37
120,59,27,,,,0.6045103073120117,0.0,0.6045103073120117,0.6045103073120117,1,True,"Success (standoff ok (err -0.06 mm, 1 step, travel 3.4 mm))",2026-10-07 17:57:41
120,61,28,,,,0.5425280332565308,0.0,0.5425280332565308,0.5425280332565308,1,True,"Success (standoff ok (err -0.20 mm, 1 step, travel 3.1 mm))",2026-10-07 17:57:46
120,62,29,,,,0.6361070275306702,0.0,0.6361070275306702,0.6361070275306702,1,True,"Success (standoff ok (err -0.17 mm, 1 step, travel 2.8 mm))",2026-10-07 17:57:51
120,64,30,,,,0.5586397647857666,0.0,0.5586397647857666,0.5586397647857666,1,True,"Success (standoff ok (err +0.02 mm, 2 steps, travel 3.3 mm))",2026-10-07 17:57:57
120,66,31,,,,0.5763760209083557,0.0,0.5763760209083557,0.5763760209083557,1,True,"Success (standoff ok (err -0.15 mm, 1 step, travel 3.3 mm))",2026-10-07 17:58:20
120,68,32,,,,0.5843138694763184,0.0,0.5843138694763184,0.5843138694763184,1,True,"Success (standoff ok (err -0.13 mm, 1 step, travel 3.3 mm))",2026-10-07 17:58:25
120,69,33,,,,0.5818426609039307,0.0,0.5818426609039307,0.5818426609039307,1,True,"Success (standoff ok (err -0.05 mm, 2 steps, travel 3.1 mm))",2026-10-07 17:58:31
120,71,34,,,,0.5800700187683105,0.0,0.5800700187683105,0.5800700187683105,1,True,"Success (standoff ok (err -0.18 mm, 1 step, travel 2.9 mm))",2026-10-07 17:58:39
120,73,35,,,,0.5673119425773621,0.0,0.5673119425773621,0.5673119425773621,1,True,"Success (standoff ok (err -0.09 mm, 1 step, travel 2.9 mm))",2026-10-07 17:58:45
120,74,36,,,,0.6430765986442566,0.0,0.6430765986442566,0.6430765986442566,1,True,"Success (standoff ok (err +0.01 mm, 2 steps, travel 2.1 mm))",2026-10-07 17:58:52
120,76,37,,,,0.6492286920547485,0.0,0.6492286920547485,0.6492286920547485,1,True,"Success (standoff ok (err -0.20 mm, 1 step, travel 2.2 mm))",2026-10-07 17:59:19
120,78,38,,,,0.6235289573669434,0.0,0.6235289573669434,0.6235289573669434,1,True,"Success (standoff ok (err -0.17 mm, 1 step, travel 2.3 mm))",2026-10-07 17:59:24
120,80,39,,,,0.6412196159362793,0.0,0.6412196159362793,0.6412196159362793,1,True,"Success (standoff ok (err -0.10 mm, 1 step, travel 2.5 mm))",2026-10-07 17:59:29
120,81,40,,,,0.6910651922225952,0.0,0.6910651922225952,0.6910651922225952,1,True,"Success (standoff ok (err -0.12 mm, 1 step, travel 1.6 mm))",2026-10-07 17:59:34
120,83,41,,,,0.6196478009223938,0.0,0.6196478009223938,0.6196478009223938,1,True,"Success (standoff ok (err -0.02 mm, 1 step, travel 1.6 mm))",2026-10-07 17:59:39
120,85,42,,,,0.6327956914901733,0.0,0.6327956914901733,0.6327956914901733,1,True,"Success (standoff ok (err -0.19 mm, 1 step, travel 1.4 mm))",2026-10-07 18:00:05
120,87,43,,,,0.6297177076339722,0.0,0.6297177076339722,0.6297177076339722,1,True,"Success (standoff ok (err -0.14 mm, 1 step, travel 1.0 mm))",2026-10-07 18:00:11
120,89,44,,,,0.6398007273674011,0.0,0.6398007273674011,0.6398007273674011,1,True,"Success (standoff ok (err +0.01 mm, 1 step, travel 1.2 mm))",2026-10-07 18:00:16
120,91,45,,,,0.6610360741615295,0.0,0.6610360741615295,0.6610360741615295,1,True,"Success (standoff ok (err +0.06 mm, 1 step, travel 1.4 mm))",2026-10-07 18:00:22
120,93,46,,,,0.8682787418365479,0.0,0.8682787418365479,0.8682787418365479,1,True,"Success (standoff ok (err -0.06 mm, 1 step, travel 1.5 mm))",2026-10-07 18:00:27
