target_line,group_id,point_id,q1,q2,q3,q4,q5,q6,is_discontinuous,is_task_waypoint,source_point_id,waypoint_kind,speed,base_normal_error_mm,base_x_actual_mm,standoff_mm,base_height_mm,lift_mm
1,104,1,-1.5708,-1.5708,1.5708,-1.5708,-1.5708,0,0,0,,home,10,0,-1610,17,682,30
1,104,2,-1.571802453,-1.477426801,1.516879921,-1.614641609,-1.543482602,-0.001057656525,0,0,,transition,10,0,-1610,17,682,30
1,104,3,-1.572804905,-1.384053601,1.462959843,-1.658483217,-1.516165205,-0.002115313051,0,0,,transition,10,0,-1610,17,682,30
1,104,4,-1.573807358,-1.290680402,1.409039764,-1.702324826,-1.488847807,-0.003172969576,0,0,,transition,10,0,-1610,17,682,30
1,104,5,-1.574809811,-1.197307203,1.355119686,-1.746166435,-1.46153041,-0.004230626102,0,0,,transition,10,0,-1610,17,682,30
1,104,6,-1.575812263,-1.103934004,1.301199607,-1.790008044,-1.434213012,-0.005288282627,0,0,,transition,10,0,-1610,17,682,30
1,104,7,-1.576814716,-1.010560804,1.247279529,-1.833849652,-1.406895614,-0.006345939152,0,0,,transition,10,0,-1610,17,682,30
1,104,8,-1.577817169,-0.917187605,1.19335945,-1.877691261,-1.379578217,-0.007403595678,0,0,,transition,10,0,-1610,17,682,30
1,104,9,-1.578819621,-0.8238144058,1.139439371,-1.92153287,-1.352260819,-0.008461252203,0,0,,transition,10,0,-1610,17,682,30
1,104,10,-1.579822074,-0.7304412065,1.085519293,-1.965374479,-1.324943421,-0.009518908728,0,0,,transition,10,0,-1610,17,682,30
1,104,11,-1.580824527,-0.6370680072,1.031599214,-2.009216087,-1.297626024,-0.01057656525,0,0,,transition,10,0,-1610,17,682,30
1,104,12,-1.581826979,-0.5436948079,0.9776791358,-2.053057696,-1.270308626,-0.01163422178,0,0,,transition,10,0,-1610,17,682,30
1,104,13,-1.582829432,-0.4503216086,0.9237590572,-2.096899305,-1.242991229,-0.0126918783,0,1,1,task,10,0,-1610,17,682,30
1,104,14,-1.595930494,-0.4877168565,0.9889809075,-2.080253025,-1.193963525,-0.02702921526,0,1,2,task,10,0,-1610,17,682,30
1,104,15,-1.564429074,-0.4921988451,0.9767832897,-2.080347254,-1.223080353,0.006768348158,0,1,3,task,10,0,-1610,17,682,30
1,104,16,-1.564073618,-0.4664621547,0.9148658786,-2.037326623,-1.22476864,0.007142545727,0,0,,transition,30,0,-1610,17,682,30
1,104,17,-1.563718162,-0.4407254643,0.8529484674,-1.994305992,-1.226456927,0.007516743297,0,1,4,task,25,0,-1610,17,682,30
1,104,18,-1.562260016,-0.4125708489,0.7897987628,-1.959117409,-1.232631344,0.009042801295,0,0,,transition,30,0,-1610,17,682,30
1,104,19,-1.560801869,-0.3844162334,0.7266490581,-1.923928825,-1.238805761,0.01056885929,0,1,5,task,30,0,-1610,17,682,30
1,104,20,-1.548295499,-0.3809313903,0.7576114825,-2.01447356,-1.289317351,0.02215252128,0,0,,transition,10,0,-1610,17,682,30
1,104,21,-1.535789129,-0.3774465472,0.7885739068,-2.105018295,-1.339828941,0.03373618326,0,0,,transition,10,0,-1610,17,682,30
1,104,22,-1.523282759,-0.3739617041,0.8195363312,-2.195563029,-1.390340531,0.04531984524,0,0,,transition,10,0,-1610,17,682,30
1,104,23,-1.51077639,-0.370476861,0.8504987556,-2.286107764,-1.440852122,0.05690350723,0,0,,transition,10,0,-1610,17,682,30
1,104,24,-1.49827002,-0.3669920179,0.88146118,-2.376652499,-1.491363712,0.06848716921,0,0,,transition,10,0,-1610,17,682,30
1,104,25,-1.48576365,-0.3635071748,0.9124236043,-2.467197234,-1.541875302,0.08007083119,0,1,6,task,10,0,-1610,17,682,30
1,104,26,-1.4902916,-0.357584505,0.8620984959,-2.375669533,-1.510843043,0.0764882785,0,0,,transition,10,0,-1610,17,682,30
1,104,27,-1.49481955,-0.3516618351,0.8117733875,-2.284141832,-1.479810784,0.0729057258,0,0,,transition,10,0,-1610,17,682,30
1,104,28,-1.499347501,-0.3457391653,0.7614482791,-2.192614131,-1.448778525,0.06932317311,0,0,,transition,10,0,-1610,17,682,30
1,104,29,-1.503875451,-0.3398164954,0.7111231707,-2.101086429,-1.417746266,0.06574062041,0,0,,transition,10,0,-1610,17,682,30
1,104,30,-1.508403401,-0.3338938256,0.6607980623,-2.009558728,-1.386714007,0.06215806772,0,0,,transition,10,0,-1610,17,682,30
1,104,31,-1.512931352,-0.3279711558,0.6104729539,-1.918031027,-1.355681747,0.05857551502,0,0,,transition,10,0,-1610,17,682,30
1,104,32,-1.517459302,-0.3220484859,0.5601478455,-1.826503326,-1.324649488,0.05499296232,0,1,7,task,10,0,-1610,17,682,30
1,104,33,-1.517631283,-0.3578409251,0.6405403118,-1.874247584,-1.321606316,0.05485684588,0,0,,transition,30,0,-1610,17,682,30
1,104,34,-1.517803264,-0.3936333643,0.7209327782,-1.921991842,-1.318563143,0.05472072944,0,1,8,task,30,0,-1610,17,682,30
1,104,35,-1.517981446,-0.4227195422,0.7869339873,-1.962057445,-1.315522725,0.054577764,0,0,,transition,30,0,-1610,17,682,30
1,104,36,-1.518159628,-0.4518057201,0.8529351965,-2.002123047,-1.312482307,0.05443479856,0,1,9,task,30,0,-1610,17,682,30
1,104,37,-1.517490954,-0.4763216253,0.9073113562,-2.033095645,-1.312648924,0.05512303522,0,0,,transition,30,0,-1610,17,682,30
1,104,38,-1.51682228,-0.5008375305,0.9616875158,-2.064068243,-1.312815541,0.05581127189,0,1,10,task,30,0,-1610,17,682,30
1,104,39,-1.493533845,-0.4892834167,0.9224770764,-2.042144285,-1.312733924,0.07989884465,0,1,11,task,10,0,-1610,17,682,30
1,104,40,-1.493850897,-0.4629504915,0.8627809383,-2.005828246,-1.314938503,0.07952831725,0,0,,transition,30,0,-1610,17,682,30
1,104,41,-1.494167949,-0.4366175663,0.8030848002,-1.969512208,-1.317143081,0.07915778985,0,1,12,task,30,0,-1610,17,682,30
1,104,42,-1.493515331,-0.4038141494,0.727452127,-1.920972654,-1.323125676,0.07971315126,0,0,,transition,30,0,-1610,17,682,30
1,104,43,-1.492862713,-0.3710107326,0.6518194538,-1.872433101,-1.329108272,0.08026851267,0,1,13,task,30,0,-1610,17,682,30
1,104,44,-1.49269294,-0.3304488419,0.562372375,-1.821158662,-1.333244466,0.08036246047,0,0,,transition,30,0,-1610,17,682,30
1,104,45,-1.492523166,-0.2898869513,0.4729252962,-1.769884223,-1.33738066,0.08045640828,0,1,14,task,30,0,-1610,17,682,30
1,104,46,-1.468734638,-0.2743364315,0.4263898769,-1.742731163,-1.3451164,0.1047230831,0,1,15,task,10,0,-1610,17,682,30
1,104,47,-1.466641802,-0.3161995375,0.5165981736,-1.792011222,-1.348900817,0.1067778537,0,0,,transition,30,0,-1610,17,682,30
1,104,48,-1.464548966,-0.3580626434,0.6068064703,-1.84129128,-1.352685234,0.1088326242,0,1,16,task,30,0,-1610,17,682,30
1,104,49,-1.462005539,-0.3908564006,0.6781619852,-1.882276299,-1.357844233,0.111310733,0,0,,transition,30,0,-1610,17,682,30
1,104,50,-1.459462113,-0.4236501577,0.7495175001,-1.923261318,-1.363003233,0.1137888419,0,1,17,task,30,0,-1610,17,682,30
1,104,51,-1.456604868,-0.4519512976,0.8137695288,-1.964720771,-1.368903386,0.1165590041,0,0,,transition,30,0,-1610,17,682,30
1,104,52,-1.453747623,-0.4802524376,0.8780215575,-2.006180224,-1.374803538,0.1193291663,0,1,18,task,30,0,-1610,17,682,30
1,104,53,-1.464388748,-0.5793931251,0.9410014159,-1.966600204,-1.392621398,0.1084810603,0,0,,transition,10,0,-1610,17,682,30
1,104,54,-1.475029874,-0.6785338126,1.003981274,-1.927020183,-1.410439259,0.09763295424,0,0,,transition,10,0,-1610,17,682,30
1,104,55,-1.485670999,-0.7776745001,1.066961133,-1.887440163,-1.428257119,0.08678484821,0,0,,transition,10,0,-1610,17,682,30
1,104,56,-1.496312124,-0.8768151876,1.129940991,-1.847860143,-1.446074979,0.07593674218,0,0,,transition,10,0,-1610,17,682,30
1,104,57,-1.506953249,-0.9759558751,1.19292085,-1.808280122,-1.463892839,0.06508863616,0,0,,transition,10,0,-1610,17,682,30
1,104,58,-1.517594374,-1.075096563,1.255900708,-1.768700102,-1.481710699,0.05424053013,0,0,,transition,10,0,-1610,17,682,30
1,104,59,-1.528235499,-1.17423725,1.318880566,-1.729120082,-1.499528559,0.0433924241,0,0,,transition,10,0,-1610,17,682,30
1,104,60,-1.538876625,-1.273377938,1.381860425,-1.689540061,-1.51734642,0.03254431808,0,0,,transition,10,0,-1610,17,682,30
1,104,61,-1.54951775,-1.372518625,1.444840283,-1.649960041,-1.53516428,0.02169621205,0,0,,transition,10,0,-1610,17,682,30
1,104,62,-1.560158875,-1.471659313,1.507820142,-1.61038002,-1.55298214,0.01084810603,0,0,,transition,10,0,-1610,17,682,30
1,104,63,-1.5708,-1.5708,1.5708,-1.5708,-1.5708,0,0,0,,home,10,0,-1610,17,682,30
1,105,1,-1.5708,-1.5708,1.5708,-1.5708,-1.5708,0,0,0,,home,10,0,-1610,17,682,30
1,105,2,-1.587039101,-1.47813485,1.519386242,-1.609901959,-1.552767097,-0.01656681376,0,0,,transition,10,0,-1610,17,682,30
1,105,3,-1.603278202,-1.385469699,1.467972483,-1.649003918,-1.534734195,-0.03313362753,0,0,,transition,10,0,-1610,17,682,30
1,105,4,-1.619517303,-1.292804549,1.416558725,-1.688105877,-1.516701292,-0.04970044129,0,0,,transition,10,0,-1610,17,682,30
1,105,5,-1.635756405,-1.200139398,1.365144967,-1.727207836,-1.498668389,-0.06626725506,0,0,,transition,10,0,-1610,17,682,30
1,105,6,-1.651995506,-1.107474248,1.313731209,-1.766309795,-1.480635487,-0.08283406882,0,0,,transition,10,0,-1610,17,682,30
1,105,7,-1.668234607,-1.014809098,1.26231745,-1.805411754,-1.462602584,-0.09940088258,0,0,,transition,10,0,-1610,17,682,30
1,105,8,-1.684473708,-0.9221439472,1.210903692,-1.844513713,-1.444569681,-0.1159676963,0,0,,transition,10,0,-1610,17,682,30
1,105,9,-1.700712809,-0.8294787968,1.159489934,-1.883615672,-1.426536779,-0.1325345101,0,0,,transition,10,0,-1610,17,682,30
1,105,10,-1.71695191,-0.7368136464,1.108076176,-1.922717631,-1.408503876,-0.1491013239,0,0,,transition,10,0,-1610,17,682,30
1,105,11,-1.733191012,-0.644148496,1.056662417,-1.96181959,-1.390470973,-0.1656681376,0,0,,transition,10,0,-1610,17,682,30
1,105,12,-1.749430113,-0.5514833456,1.005248659,-2.000921549,-1.372438071,-0.1822349514,0,1,1,task,10,0,-1610,17,682,30
1,105,13,-1.747778136,-0.5267196577,0.9511381966,-1.969657442,-1.370724037,-0.1806154865,0,0,,transition,30,0,-1610,17,682,30
1,105,14,-1.74612616,-0.5019559699,0.8970277341,-1.938393335,-1.369010003,-0.1789960216,0,1,2,task,15,0,-1610,17,682,30
1,105,15,-1.744552734,-0.4739861187,0.8360229986,-1.903433312,-1.367286595,-0.1774545143,0,0,,transition,30,0,-1610,17,682,30
1,105,16,-1.742979309,-0.4460162675,0.7750182631,-1.868473289,-1.365563187,-0.175913007,0,1,3,task,20,0,-1610,17,682,30
1,105,17,-1.741478868,-0.4130167389,0.7031281937,-1.827650172,-1.363831204,-0.1744439182,0,0,,transition,30,0,-1610,17,682,30
1,105,18,-1.739978428,-0.3800172103,0.6312381243,-1.786827055,-1.362099221,-0.1729748293,0,1,4,task,25,0,-1610,17,682,30
1,105,19,-1.701371158,-0.3687363741,0.5907778868,-1.767959665,-1.422028269,-0.1320431199,0,1,5,task,10,0,-1610,17,682,30
1,105,20,-1.701193269,-0.4058978295,0.6741451351,-1.821711763,-1.428364625,-0.1317416909,0,0,,transition,30,0,-1610,17,682,30
1,105,21,-1.701015379,-0.4430592848,0.7575123835,-1.87546386,-1.434700982,-0.1314402618,0,1,6,task,30,0,-1610,17,682,30
1,105,22,-1.702521342,-0.4707987824,0.8166779656,-1.906510051,-1.434801929,-0.1329588081,0,0,,transition,30,0,-1610,17,682,30
1,105,23,-1.704027305,-0.49853828,0.8758435477,-1.937556241,-1.434902876,-0.1344773543,0,1,7,task,30,0,-1610,17,682,30
1,105,24,-1.705700403,-0.5242822979,0.9335287879,-1.973171472,-1.434660698,-0.1361645626,0,0,,transition,30,0,-1610,17,682,30
1,105,25,-1.7073735,-0.5500263159,0.991214028,-2.008786703,-1.43441852,-0.137851771,0,1,8,task,30,0,-1610,17,682,30
1,105,26,-1.680214266,-0.5186616982,0.9137474215,-1.962314616,-1.439352501,-0.1103705052,0,1,9,task,10,0,-1610,17,682,30
1,105,27,-1.67671333,-0.4915189848,0.8545003807,-1.930137942,-1.447703996,-0.1067333663,0,0,,transition,30,0,-1610,17,682,30
1,105,28,-1.673212393,-0.4643762713,0.79525334,-1.897961269,-1.456055491,-0.1030962274,0,1,10,task,30,0,-1610,17,682,30
1,105,29,-1.669099475,-0.4309897698,0.7208549948,-1.854352262,-1.467345671,-0.09884621479,0,0,,transition,30,0,-1610,17,682,30
1,105,30,-1.664986556,-0.3976032683,0.6464566496,-1.810743255,-1.478635851,-0.09459620214,0,1,11,task,30,0,-1610,17,682,30
1,105,31,-1.6391396,-0.36596985,0.5756354424,-1.776676983,-1.488673064,-0.06857800592,0,1,12,task,10,0,-1610,17,682,30
1,105,32,-1.639647335,-0.4015006213,0.6528388153,-1.820457844,-1.489708424,-0.06908103186,0,0,,transition,30,0,-1610,17,682,30
1,105,33,-1.640155071,-0.4370313925,0.7300421881,-1.864238705,-1.490743783,-0.0695840578,0,1,13,task,30,0,-1610,17,682,30
1,105,34,-1.642107732,-0.4652030854,0.7893058414,-1.893360327,-1.486541581,-0.07156961723,0,0,,transition,30,0,-1610,17,682,30
1,105,35,-1.644060393,-0.4933747783,0.8485694947,-1.922481949,-1.482339379,-0.07355517667,0,1,14,task,30,0,-1610,17,682,30
1,105,36,-1.642459793,-0.519827141,0.9073062308,-1.959634846,-1.491261186,-0.07189618497,0,0,,transition,30,0,-1610,17,682,30
1,105,37,-1.640859193,-0.5462795038,0.9660429669,-1.996787744,-1.500182992,-0.07023719326,0,1,15,task,30,0,-1610,17,682,30
1,105,38,-1.607392281,-0.5186149655,0.9029184962,-1.963106084,-1.532994732,-0.03662401842,0,1,16,task,10,0,-1610,17,682,30
1,105,39,-1.606702947,-0.490358289,0.8407535437,-1.926233101,-1.533989631,-0.0359336222,0,0,,transition,30,0,-1610,17,682,30
1,105,40,-1.606013613,-0.4621016125,0.7785885912,-1.889360119,-1.534984529,-0.03524322598,0,1,17,task,30,0,-1610,17,682,30
1,105,41,-1.60533569,-0.429506378,0.7080963258,-1.850028625,-1.536054562,-0.03456371394,0,0,,transition,30,0,-1610,17,682,30
1,105,42,-1.604657768,-0.3969111436,0.6376040604,-1.810697131,-1.537124594,-0.03388420191,0,1,18,task,30,0,-1610,17,682,30
1,105,43,-1.592245053,-0.3665604698,0.5698969654,-1.770474318,-1.541235515,-0.02146328288,0,0,,transition,10,0,-1610,17,682,30
1,105,44,-1.579832339,-0.3362097961,0.5021898704,-1.730251506,-1.545346436,-0.009042363854,0,1,19,task,10,0,-1610,17,682,30
1,105,45,-1.580535103,-0.3755600612,0.5873035081,-1.777779669,-1.543070002,-0.009746071514,0,0,,transition,30,0,-1610,17,682,30
1,105,46,-1.581237868,-0.4149103263,0.6724171459,-1.825307831,-1.540793568,-0.01044977917,0,1,20,task,30,0,-1610,17,682,30
1,105,47,-1.58209849,-0.4468263635,0.7421704877,-1.865900107,-1.53805324,-0.01131185342,0,0,,transition,30,0,-1610,17,682,30
1,105,48,-1.582959112,-0.4787424008,0.8119238294,-1.906492383,-1.535312911,-0.01217392767,0,1,21,task,30,0,-1610,17,682,30
1,105,49,-1.583367294,-0.5062360533,0.8730028667,-1.943894544,-1.534359033,-0.01258246043,0,0,,transition,30,0,-1610,17,682,30
1,105,50,-1.583775476,-0.5337297058,0.934081904,-1.981296705,-1.533405154,-0.01299099319,0,1,22,task,30,0,-1610,17,682,30
1,105,51,-1.560049907,-0.5131697871,0.8879081888,-1.95574934,-1.533498406,0.01074987915,0,1,23,task,10,0,-1610,17,682,30
1,105,52,-1.558624543,-0.4816595572,0.8157219475,-1.907043255,-1.539297794,0.01217382763,0,0,,transition,30,0,-1610,17,682,30
1,105,53,-1.557199178,-0.4501493273,0.7435357061,-1.858337169,-1.545097182,0.01359777611,0,1,24,task,30,0,-1610,17,682,30
1,105,54,-1.557303594,-0.4167301474,0.6725006794,-1.820544196,-1.545283177,0.01349324788,0,0,,transition,30,0,-1610,17,682,30
1,105,55,-1.557408011,-0.3833109675,0.6014656526,-1.782751222,-1.545469171,0.01338871966,0,1,25,task,30,0,-1610,17,682,30
1,105,56,-1.55852401,-0.4822683869,0.6822435149,-1.76508862,-1.547580073,0.01227299302,0,0,,transition,10,0,-1610,17,682,30
1,105,57,-1.559640009,-0.5812258063,0.7630213772,-1.747426018,-1.549690976,0.01115726638,0,0,,transition,10,0,-1610,17,682,30
1,105,58,-1.560756008,-0.6801832256,0.8437992394,-1.729763417,-1.551801878,0.01004153975,0,0,,transition,10,0,-1610,17,682,30
1,105,59,-1.561872007,-0.779140645,0.9245771017,-1.712100815,-1.553912781,0.008925813108,0,0,,transition,10,0,-1610,17,682,30
1,105,60,-1.562988006,-0.8780980644,1.005354964,-1.694438213,-1.556023683,0.007810086469,0,0,,transition,10,0,-1610,17,682,30
1,105,61,-1.564104005,-0.9770554838,1.086132826,-1.676775611,-1.558134585,0.006694359831,0,0,,transition,10,0,-1610,17,682,30
1,105,62,-1.565220004,-1.076012903,1.166910689,-1.659113009,-1.560245488,0.005578633192,0,0,,transition,10,0,-1610,17,682,30
1,105,63,-1.566336004,-1.174970323,1.247688551,-1.641450407,-1.56235639,0.004462906554,0,0,,transition,10,0,-1610,17,682,30
1,105,64,-1.567452003,-1.273927742,1.328466413,-1.623787806,-1.564467293,0.003347179915,0,0,,transition,10,0,-1610,17,682,30
1,105,65,-1.568568002,-1.372885161,1.409244275,-1.606125204,-1.566578195,0.002231453277,0,0,,transition,10,0,-1610,17,682,30
1,105,66,-1.569684001,-1.471842581,1.490022138,-1.588462602,-1.568689098,0.001115726638,0,0,,transition,10,0,-1610,17,682,30
1,105,67,-1.5708,-1.5708,1.5708,-1.5708,-1.5708,0,0,0,,home,10,0,-1610,17,682,30
1,106,1,-1.5708,-1.5708,1.5708,-1.5708,-1.5708,0,0,0,,home,10,0,-1610,17,682,30
1,106,2,-1.612548967,-1.475801683,1.479816855,-1.559168655,-1.54767144,-0.0448425453,0,0,,transition,10,0,-1610,17,682,30
1,106,3,-1.654297934,-1.380803366,1.388833709,-1.54753731,-1.524542881,-0.08968509059,0,0,,transition,10,0,-1610,17,682,30
1,106,4,-1.696046901,-1.285805049,1.297850564,-1.535905965,-1.501414321,-0.1345276359,0,0,,transition,10,0,-1610,17,682,30
1,106,5,-1.737795867,-1.190806732,1.206867418,-1.52427462,-1.478285762,-0.1793701812,0,0,,transition,10,0,-1610,17,682,30
1,106,6,-1.779544834,-1.095808415,1.115884273,-1.512643275,-1.455157202,-0.2242127265,0,0,,transition,10,0,-1610,17,682,30
1,106,7,-1.821293801,-1.000810098,1.024901127,-1.50101193,-1.432028642,-0.2690552718,0,0,,transition,10,0,-1610,17,682,30
1,106,8,-1.863042768,-0.9058117811,0.9339179817,-1.489380585,-1.408900083,-0.3138978171,0,0,,transition,10,0,-1610,17,682,30
1,106,9,-1.904791735,-0.8108134641,0.8429348363,-1.47774924,-1.385771523,-0.3587403624,0,0,,transition,10,0,-1610,17,682,30
1,106,10,-1.946540702,-0.7158151471,0.7519516908,-1.466117895,-1.362642963,-0.4035829077,0,0,,transition,10,0,-1610,17,682,30
1,106,11,-1.988289669,-0.6208168301,0.6609685453,-1.45448655,-1.339514404,-0.448425453,0,0,,transition,10,0,-1610,17,682,30
1,106,12,-2.030038636,-0.5258185131,0.5699853999,-1.442855205,-1.316385844,-0.4932679983,0,0,,transition,10,0,-1610,17,682,30
1,106,13,-2.071787602,-0.4308201961,0.4790022544,-1.43122386,-1.293257285,-0.5381105436,0,0,,transition,10,0,-1610,17,682,30
1,106,14,-2.113536569,-0.3358218791,0.3880191089,-1.419592515,-1.270128725,-0.5829530889,0,0,,transition,10,0,-1610,17,682,30
1,106,15,-2.155285536,-0.2408235621,0.2970359635,-1.40796117,-1.247000165,-0.6277956342,0,0,,transition,10,0,-1610,17,682,30
1,106,16,-2.197034503,-0.1458252451,0.206052818,-1.396329825,-1.223871606,-0.6726381795,0,1,1,task,10,0,-1610,17,682,30
1,106,17,-2.203668886,-0.1780492937,0.2788364119,-1.428385857,-1.215662612,-0.6824973848,0,0,,transition,10,0,-1610,17,682,30
1,106,18,-2.210303268,-0.2102733423,0.3516200058,-1.460441889,-1.207453618,-0.6923565902,0,0,,transition,10,0,-1610,17,682,30
1,106,19,-2.216937651,-0.2424973908,0.4244035997,-1.492497921,-1.199244625,-0.7022157955,0,1,2,task,10,0,-1610,17,682,30
1,106,20,-2.218921369,-0.2798239198,0.5094348029,-1.559229566,-1.209850532,-0.7007988097,0,0,,transition,10,0,-1610,17,682,30
1,106,21,-2.220905088,-0.3171504487,0.5944660062,-1.625961212,-1.22045644,-0.6993818238,0,0,,transition,10,0,-1610,17,682,30
1,106,22,-2.222888807,-0.3544769777,0.6794972094,-1.692692857,-1.231062347,-0.6979648379,0,1,3,task,10,0,-1610,17,682,30
1,106,23,-2.227819568,-0.3844361948,0.7461897237,-1.736680255,-1.240155378,-0.7006622623,0,0,,transition,30,0,-1610,17,682,30
1,106,24,-2.232750329,-0.414395412,0.812882238,-1.780667653,-1.249248408,-0.7033596867,0,1,4,task,25,0,-1610,17,682,30
1,106,25,-2.242930363,-0.4573636251,0.8970788215,-1.81183583,-1.268167114,-0.7099039838,0,1,5,task,30,0,-1610,17,682,30
1,106,26,-2.255346495,-0.4931840062,0.9647829188,-1.824447109,-1.280508546,-0.7205247922,0,1,6,task,30,0,-1610,17,682,30
1,106,27,-2.281921357,-0.5217565773,1.046646893,-1.860440762,-1.244998479,-0.7590432882,0,1,7,task,10,0,-1610,17,682,30
1,106,28,-2.302208047,-0.5561665686,1.141973713,-1.930507122,-1.234446338,-0.7837211726,0,1,8,task,30,0,-1610,17,682,30
1,106,29,-2.323383893,-0.5862219625,1.229282809,-1.996148375,-1.223675865,-0.8093557189,0,1,9,task,30,0,-1610,17,682,30
1,106,30,-2.338969138,-0.6164805269,1.301179241,-2.041771334,-1.235099118,-0.8224395764,0,1,10,task,30,0,-1610,17,682,30
1,106,31,-2.351131001,-0.6126373531,1.310520084,-2.041838765,-1.206825895,-0.8454054108,0,1,11,task,30,0,-1610,17,682,30
1,106,32,-2.378025161,-0.6418659793,1.405751357,-2.105608222,-1.185335608,-0.8826301017,0,0,,transition,10,0,-1610,17,682,30
1,106,33,-2.404919322,-0.6710946055,1.50098263,-2.169377678,-1.163845321,-0.9198547925,0,0,,transition,10,0,-1610,17,682,30
1,106,34,-2.431813483,-0.7003232317,1.596213903,-2.233147135,-1.142355034,-0.9570794834,0,1,12,task,10,0,-1610,17,682,30
1,106,35,-2.395902823,-0.6993752777,1.536013882,-2.184063728,-1.185171521,-0.9008866025,0,1,13,task,30,0,-1610,17,682,30
1,106,36,-2.371991397,-0.6830395615,1.473804038,-2.138932533,-1.192488381,-0.872399721,0,1,14,task,30,0,-1610,17,682,30
1,106,37,-2.325718724,-0.6836188252,1.414196493,-2.109831274,-1.274543974,-0.7960574885,0,1,15,task,10,0,-1610,17,682,30
1,106,38,-2.307637308,-0.6594770102,1.362473544,-2.098298835,-1.269812681,-0.7772380744,0,1,16,task,30,0,-1610,17,682,30
1,106,39,-2.293550216,-0.6317767135,1.307615564,-2.08319524,-1.254457803,-0.765391794,0,1,17,task,30,0,-1610,17,682,30
1,106,40,-2.275484587,-0.604352069,1.237255904,-2.042795257,-1.255403834,-0.7459045756,0,1,18,task,30,0,-1610,17,682,30
1,106,41,-2.263017752,-0.5857496489,1.1735995,-1.97717199,-1.269688715,-0.7300992826,0,0,,transition,30,0,-1610,17,682,30
1,106,42,-2.250550917,-0.5671472289,1.109943095,-1.911548722,-1.283973595,-0.7142939897,0,1,19,task,30,0,-1610,17,682,30
1,106,43,-2.236359105,-0.5285432674,1.023520311,-1.86083988,-1.276971224,-0.7009081258,0,1,20,task,30,0,-1610,17,682,30
1,106,44,-2.223368871,-0.4907742928,0.9456657321,-1.830255163,-1.267661584,-0.6890758184,0,1,21,task,30,0,-1610,17,682,30
1,106,45,-2.21082841,-0.4497858363,0.8607843055,-1.795978951,-1.258639025,-0.6775767849,0,1,22,task,30,0,-1610,17,682,30
1,106,46,-2.19871684,-0.4045230994,0.7665721181,-1.756753671,-1.249892908,-0.6663946208,0,1,23,task,30,0,-1610,17,682,30
1,106,47,-2.189901622,-0.3779638502,0.70372594,-1.72325029,-1.257318301,-0.6552551078,0,0,,transition,30,0,-1610,17,682,30
1,106,48,-2.181086405,-0.3514046011,0.6408797618,-1.689746909,-1.264743694,-0.6441155948,0,1,24,task,30,0,-1610,17,682,30
1,106,49,-2.174163692,-0.3134879266,0.5553876864,-1.640150279,-1.266070162,-0.6365205168,0,0,,transition,30,0,-1610,17,682,30
1,106,50,-2.16724098,-0.2755712522,0.4698956109,-1.59055365,-1.267396631,-0.6289254388,0,1,25,task,30,0,-1610,17,682,30
1,106,51,-2.149991693,-0.3226682588,0.5613715219,-1.664064293,-1.302526114,-0.604107861,0,0,,transition,10,0,-1610,17,682,30
1,106,52,-2.132742405,-0.3697652653,0.6528474329,-1.737574936,-1.337655598,-0.5792902832,0,1,26,task,10,0,-1610,17,682,30
1,106,53,-2.139505896,-0.4000259838,0.7220278183,-1.780016136,-1.335960639,-0.5864610733,0,0,,transition,30,0,-1610,17,682,30
1,106,54,-2.146269387,-0.4302867023,0.7912082036,-1.822457336,-1.334265679,-0.5936318634,0,1,27,task,30,0,-1610,17,682,30
1,106,55,-2.151981334,-0.455992384,0.8498237085,-1.859638147,-1.337459385,-0.5989568045,0,0,,transition,30,0,-1610,17,682,30
1,106,56,-2.15769328,-0.4816980658,0.9084392135,-1.896818958,-1.34065309,-0.6042817455,0,1,28,task,30,0,-1610,17,682,30
1,106,57,-2.16988832,-0.5228109481,0.9945171687,-1.934702749,-1.346324866,-0.616203559,0,1,29,task,30,0,-1610,17,682,30
1,106,58,-2.182563931,-0.5608348992,1.073851455,-1.968967581,-1.352192278,-0.6285583139,0,1,30,task,30,0,-1610,17,682,30
1,106,59,-2.195746342,-0.5964031128,1.147822032,-2.000365779,-1.358265446,-0.6413693637,0,1,31,task,30,0,-1610,17,682,30
1,106,60,-2.209463444,-0.6299555772,1.217386924,-2.029421653,-1.364555097,-0.6546615571,0,1,32,task,30,0,-1610,17,682,30
1,106,61,-2.224830677,-0.644554115,1.275066887,-2.088551856,-1.340413318,-0.6738067045,0,0,,transition,30,0,-1610,17,682,30
1,106,62,-2.24019791,-0.6591526528,1.332746851,-2.147682059,-1.316271539,-0.692951852,0,1,33,task,30,0,-1610,17,682,30
1,106,63,-2.263795998,-0.6800866252,1.382638032,-2.149273523,-1.296703772,-0.7224621105,0,1,34,task,30,0,-1610,17,682,30
1,106,64,-2.285139889,-0.701311998,1.430969278,-2.151814102,-1.287784595,-0.7479241275,0,1,35,task,30,0,-1610,17,682,30
1,106,65,-2.306321368,-0.7218725784,1.477328421,-2.153594452,-1.282589012,-0.7726088624,0,1,36,task,30,0,-1610,17,682,30
1,106,66,-2.328454136,-0.745755995,1.558168651,-2.231922711,-1.276307247,-0.7960063968,0,1,37,task,30,0,-1610,17,682,30
1,106,67,-2.358785873,-0.7580476162,1.635503279,-2.313176216,-1.247781604,-0.8330809413,0,1,38,task,30,0,-1610,17,682,30
1,106,68,-2.376434636,-0.7705040707,1.674923057,-2.333535682,-1.246445473,-0.8525353968,0,1,39,task,30,0,-1610,17,682,30
1,106,69,-2.339187821,-0.812077338,1.734688434,-2.399210494,-1.292021242,-0.7990365606,0,1,40,task,10,0,-1610,17,682,30
1,106,70,-2.314021898,-0.7966072858,1.681632371,-2.369793074,-1.301598436,-0.7706811539,0,1,41,task,30,0,-1610,17,682,30
1,106,71,-2.281817645,-0.7841398925,1.607872945,-2.29806836,-1.336595999,-0.7323526979,0,1,42,task,30,0,-1610,17,682,30
1,106,72,-2.260069419,-0.761569983,1.543393287,-2.254046308,-1.343567239,-0.7090303512,0,1,43,task,30,0,-1610,17,682,30
1,106,73,-2.243495466,-0.735820441,1.486961302,-2.230525107,-1.337493101,-0.6926293139,0,1,44,task,30,0,-1610,17,682,30
1,106,74,-2.227636497,-0.708994996,1.428334561,-2.2059051,-1.331656786,-0.6768949428,0,1,45,task,30,0,-1610,17,682,30
1,106,75,-2.211056638,-0.6809155218,1.358069637,-2.161617565,-1.330949983,-0.6600863753,0,1,46,task,30,0,-1610,17,682,30
1,106,76,-2.199544064,-0.6647936343,1.304151989,-2.108065387,-1.342883312,-0.6469744025,0,0,,transition,30,0,-1610,17,682,30
1,106,77,-2.188031491,-0.6486717468,1.250234342,-2.054513208,-1.35481664,-0.6338624297,0,1,47,task,30,0,-1610,17,682,30
1,106,78,-2.172735847,-0.6146685334,1.173855057,-2.013482093,-1.355117551,-0.6180419781,0,1,48,task,30,0,-1610,17,682,30
1,106,79,-2.160378348,-0.5795073877,1.102824756,-1.986305815,-1.347537654,-0.6062339259,0,1,49,task,30,0,-1610,17,682,30
1,106,80,-2.148487244,-0.5421819669,1.027010113,-1.9565983,-1.340193798,-0.5948197437,0,1,50,task,30,0,-1610,17,682,30
1,106,81,-2.136509429,-0.4995886864,0.9322863319,-1.903457347,-1.3352223,-0.5832009338,0,1,51,task,30,0,-1610,17,682,30
1,106,82,-2.130392089,-0.4746034417,0.8745007366,-1.866765273,-1.334219301,-0.5771129829,0,0,,transition,30,0,-1610,17,682,30
1,106,83,-2.124274748,-0.4496181971,0.8167151413,-1.830073199,-1.333216302,-0.571025032,0,1,52,task,30,0,-1610,17,682,30
1,106,84,-2.117293774,-0.4185502006,0.7440185061,-1.782235405,-1.336447659,-0.5634398775,0,0,,transition,30,0,-1610,17,682,30
1,106,85,-2.1103128,-0.3874822041,0.6713218709,-1.73439761,-1.339679015,-0.5558547229,0,1,53,task,30,0,-1610,17,682,30
1,106,86,-2.077271203,-0.4367634987,0.762059655,-1.813508905,-1.388930187,-0.515721214,0,1,54,task,10,0,-1610,17,682,30
1,106,87,-2.083321404,-0.463121466,0.8204499549,-1.84667623,-1.388117685,-0.521962246,0,0,,transition,30,0,-1610,17,682,30
1,106,88,-2.089371606,-0.4894794332,0.8788402549,-1.879843556,-1.387305183,-0.528203278,0,1,55,task,30,0,-1610,17,682,30
1,106,89,-2.101421799,-0.510435115,0.9341512556,-1.913430154,-1.365866711,-0.5429976112,0,0,,transition,10,0,-1610,17,682,30
1,106,90,-2.113471992,-0.5313907968,0.9894622563,-1.947016752,-1.34442824,-0.5577919444,0,1,56,task,10,0,-1610,17,682,30
1,106,91,-2.127966225,-0.5689834378,1.073131929,-1.985139289,-1.339271786,-0.5735775522,0,1,57,task,30,0,-1610,17,682,30
1,106,92,-2.140722339,-0.6044280385,1.146180047,-2.012184547,-1.342529981,-0.5865268536,0,1,58,task,30,0,-1610,17,682,30
1,106,93,-2.151687132,-0.6386499257,1.210687093,-2.02982596,-1.353846723,-0.5964891332,0,1,59,task,30,0,-1610,17,682,30
1,106,94,-2.169056652,-0.6729420135,1.294885247,-2.085699068,-1.345718907,-0.6154167189,0,1,60,task,30,0,-1610,17,682,30
1,106,95,-2.188547066,-0.703999718,1.385255029,-2.161868723,-1.333059773,-0.636800732,0,1,61,task,30,0,-1610,17,682,30
1,106,96,-2.206671592,-0.7315192063,1.465698694,-2.227796311,-1.327555392,-0.6556409806,0,1,62,task,30,0,-1610,17,682,30
1,106,97,-2.221649438,-0.7585580153,1.522162367,-2.248363753,-1.33532261,-0.670284675,0,1,63,task,30,0,-1610,17,682,30
1,106,98,-2.237296272,-0.784663513,1.576652929,-2.267987162,-1.343367164,-0.6855217574,0,1,64,task,30,0,-1610,17,682,30
1,106,99,-2.259898746,-0.8069357975,1.643582025,-2.31724295,-1.33323447,-0.7100638014,0,1,65,task,30,0,-1610,17,682,30
1,106,100,-2.285128508,-0.8246753472,1.708164994,-2.367416188,-1.318764721,-0.7381082264,0,1,66,task,30,0,-1610,17,682,30
1,106,101,-2.313655195,-0.8385724936,1.769924153,-2.415993444,-1.298769795,-0.7708311192,0,1,67,task,30,0,-1610,17,682,30
1,106,102,-2.317477432,-0.8367210346,1.772203251,-2.418293258,-1.290046206,-0.776541567,0,1,68,task,30,0,-1610,17,682,30
1,106,103,-2.280223746,-0.8676732992,1.823349095,-2.479142101,-1.326553772,-0.7288484839,0,1,69,task,10,0,-1610,17,682,30
1,106,104,-2.260468362,-0.8485422383,1.765317353,-2.437293108,-1.322838738,-0.7095505981,0,1,70,task,30,0,-1610,17,682,30
1,106,105,-2.249365157,-0.8395714797,1.722968075,-2.386961142,-1.326622279,-0.6987679377,0,0,,transition,30,0,-1610,17,682,30
1,106,106,-2.238261952,-0.8306007212,1.680618796,-2.336629177,-1.330405819,-0.6879852772,0,1,71,task,30,0,-1610,17,682,30
1,106,107,-2.216451696,-0.8080289161,1.615421484,-2.29072116,-1.338633441,-0.6645211753,0,1,72,task,30,0,-1610,17,682,30
1,106,108,-2.20005421,-0.7821814046,1.558767716,-2.266407454,-1.333671595,-0.6481328715,0,1,73,task,30,0,-1610,17,682,30
1,106,109,-2.183370667,-0.7568342719,1.505287747,-2.251934009,-1.332045592,-0.6306034698,0,1,74,task,30,0,-1610,17,682,30
1,106,110,-2.158272381,-0.7346847809,1.43934842,-2.216620804,-1.360052793,-0.6009557749,0,1,75,task,30,0,-1610,17,682,30
1,106,111,-2.138723823,-0.7046841621,1.351268292,-2.141894656,-1.374266789,-0.5798810471,0,1,76,task,30,0,-1610,17,682,30
1,106,112,-2.133876088,-0.6847297331,1.300630725,-2.09533966,-1.366613582,-0.5761424618,0,0,,transition,30,0,-1610,17,682,30
1,106,113,-2.129028352,-0.6647753041,1.249993158,-2.048784665,-1.358960376,-0.5724038765,0,1,77,task,30,0,-1610,17,682,30
1,106,114,-2.120528171,-0.6318675461,1.196736411,-2.048937088,-1.340462028,-0.5656852496,0,1,78,task,30,0,-1610,17,682,30
1,106,115,-2.101850312,-0.5990437126,1.119685331,-2.014768188,-1.358911025,-0.5439865803,0,1,79,task,30,0,-1610,17,682,30
1,106,116,-2.083894796,-0.561402942,1.029871676,-1.965909607,-1.377825017,-0.5234913267,0,1,80,task,30,0,-1610,17,682,30
1,106,117,-2.070377194,-0.5177837084,0.9318997684,-1.911465202,-1.38352762,-0.5091264934,0,1,81,task,30,0,-1610,17,682,30
1,106,118,-2.064494225,-0.4931043871,0.8774651549,-1.881136311,-1.384229693,-0.5030652539,0,0,,transition,30,0,-1610,17,682,30
1,106,119,-2.058611255,-0.4684250657,0.8230305414,-1.85080742,-1.384931765,-0.4970040144,0,1,82,task,30,0,-1610,17,682,30
1,106,120,-2.019837102,-0.4916995603,0.8607766262,-1.897035143,-1.441123316,-0.4530486802,0,1,83,task,10,0,-1610,17,682,30
1,106,121,-2.025323409,-0.5162253841,0.915296872,-1.929085997,-1.440340886,-0.4586120814,0,0,,transition,30,0,-1610,17,682,30
1,106,122,-2.030809715,-0.540751208,0.9698171178,-1.961136851,-1.439558457,-0.4641754826,0,1,84,task,30,0,-1610,17,682,30
1,106,123,-2.041953786,-0.5839743476,1.064237796,-2.013012776,-1.439191928,-0.4754324633,0,1,85,task,30,0,-1610,17,682,30
1,106,124,-2.057806748,-0.6217467965,1.148982445,-2.055351743,-1.424544672,-0.4924745386,0,1,86,task,30,0,-1610,17,682,30
1,106,125,-2.080808389,-0.6527299474,1.221211779,-2.079795311,-1.388582247,-0.5190411625,0,1,87,task,10,0,-1610,17,682,30
1,106,126,-2.096268628,-0.6861496457,1.297926111,-2.120637925,-1.380870654,-0.5355782843,0,1,88,task,30,0,-1610,17,682,30
1,106,127,-2.108158124,-0.7200142917,1.37552145,-2.170300509,-1.386974916,-0.5469301217,0,1,89,task,30,0,-1610,17,682,30
1,106,128,-2.119381347,-0.7526669492,1.450933259,-2.221620561,-1.396996291,-0.5571485215,0,1,90,task,30,0,-1610,17,682,30
1,106,129,-2.1365062,-0.7809865598,1.52563438,-2.275641371,-1.390806639,-0.5748476152,0,1,91,task,30,0,-1610,17,682,30
1,106,130,-2.154896454,-0.806642007,1.589317831,-2.310946615,-1.38375282,-0.5942777327,0,1,92,task,30,0,-1610,17,682,30
1,106,131,-2.181912621,-0.8268695077,1.647678722,-2.33623295,-1.354813938,-0.6255332516,0,1,93,task,30,0,-1610,17,682,30
1,106,132,-2.198822767,-0.8509351571,1.716986885,-2.393828781,-1.357973601,-0.6417166405,0,1,94,task,30,0,-1610,17,682,30
1,106,133,-2.222368634,-0.8694601317,1.782760573,-2.447422063,-1.345486037,-0.6667562425,0,1,95,task,30,0,-1610,17,682,30
1,106,134,-2.24871432,-0.8848632855,1.841074648,-2.487500496,-1.329263414,-0.6958371725,0,1,96,task,30,0,-1610,17,682,30
1,106,135,-2.255874656,-0.8888495776,1.855804563,-2.496497719,-1.325475532,-0.7037758283,0,1,97,task,30,0,-1610,17,682,30
1,106,136,-2.214725385,-0.9177932681,1.889159395,-2.523022753,-1.365368856,-0.6555239471,0,1,98,task,10,0,-1610,17,682,30
1,106,137,-2.194694587,-0.8986677029,1.826891265,-2.472081497,-1.365550031,-0.6357501366,0,1,99,task,30,0,-1610,17,682,30
1,106,138,-2.166110157,-0.8816636611,1.771088779,-2.443620895,-1.39185983,-0.6036985358,0,1,100,task,30,0,-1610,17,682,30
1,106,139,-2.138330386,-0.8627532675,1.711037881,-2.408923423,-1.420377557,-0.5731205386,0,1,101,task,30,0,-1610,17,682,30
1,106,140,-2.120909529,-0.8379327732,1.647578057,-2.368024238,-1.423401686,-0.5554590172,0,1,102,task,30,0,-1610,17,682,30
1,106,141,-2.10391574,-0.8118465773,1.579330854,-2.320541462,-1.42798314,-0.5382058356,0,1,103,task,30,0,-1610,17,682,30
1,106,142,-2.088474618,-0.7836874916,1.510977128,-2.277308529,-1.430462854,-0.522570224,0,1,104,task,30,0,-1610,17,682,30
1,106,143,-2.073851607,-0.753890012,1.439495019,-2.23203622,-1.432862279,-0.5077645453,0,1,105,task,30,0,-1610,17,682,30
1,106,144,-2.060137115,-0.7221155264,1.36543454,-2.186586558,-1.434674286,-0.4938899304,0,1,106,task,30,0,-1610,17,682,30
1,106,145,-2.047357212,-0.6885614302,1.289514612,-2.142668348,-1.435606204,-0.4809747086,0,1,107,task,30,0,-1610,17,682,30
1,106,146,-2.035218055,-0.6527850821,1.209714718,-2.097274284,-1.436439875,-0.4687047121,0,1,108,task,30,0,-1610,17,682,30
1,106,147,-2.023108239,-0.6133531868,1.118204727,-2.038149551,-1.439189698,-0.4564149456,0,1,109,task,30,0,-1610,17,682,30
1,106,148,-2.012170536,-0.5716711296,1.026868288,-1.987184746,-1.43971815,-0.4453616122,0,1,110,task,30,0,-1610,17,682,30
1,106,149,-2.006797889,-0.5483730044,0.9749576829,-1.956404782,-1.440535539,-0.4399097658,0,0,,transition,30,0,-1610,17,682,30
1,106,150,-2.001425241,-0.5250748791,0.9230470775,-1.925624818,-1.441352928,-0.4344579193,0,1,111,task,30,0,-1610,17,682,30
1,106,151,-1.99647794,-0.499620888,0.868020299,-1.895738332,-1.441467537,-0.4294605794,0,0,,transition,30,0,-1610,17,682,30
1,106,152,-1.991530639,-0.4741668969,0.8129935205,-1.865851846,-1.441582147,-0.4244632394,0,1,112,task,30,0,-1610,17,682,30
1,106,153,-1.975269313,-0.5020443058,0.8708995259,-1.910522211,-1.47084356,-0.4068328497,0,0,,transition,10,0,-1610,17,682,30
1,106,154,-1.959007988,-0.5299217148,0.9288055313,-1.955192576,-1.500104974,-0.38920246,0,1,113,task,10,0,-1610,17,682,30
1,106,155,-1.96438341,-0.5533957656,0.9813251415,-1.986729097,-1.497485525,-0.3946477006,0,0,,transition,30,0,-1610,17,682,30
1,106,156,-1.969758832,-0.5768698165,1.033844752,-2.018265618,-1.494866077,-0.4000929412,0,1,114,task,30,0,-1610,17,682,30
1,106,157,-1.982851876,-0.6159274826,1.114815368,-2.050481864,-1.483389049,-0.4136672142,0,1,115,task,30,0,-1610,17,682,30
1,106,158,-1.98912324,-0.6584190679,1.213202284,-2.122446694,-1.496880551,-0.4193826976,0,1,116,task,30,0,-1610,17,682,30
1,106,159,-2.002005656,-0.6938000494,1.28976918,-2.160513435,-1.489802964,-0.4325422138,0,1,117,task,30,0,-1610,17,682,30
1,106,160,-2.01857672,-0.7267136009,1.365161759,-2.200644948,-1.473018297,-0.4497992516,0,1,118,task,30,0,-1610,17,682,30
1,106,161,-2.030877492,-0.7590619434,1.437894924,-2.242479145,-1.472225951,-0.4621528437,0,1,119,task,30,0,-1610,17,682,30
1,106,162,-2.044091071,-0.7900971971,1.517778183,-2.304361521,-1.470488796,-0.4752150585,0,1,120,task,30,0,-1610,17,682,30
1,106,163,-2.055659412,-0.8194713502,1.575702479,-2.324842609,-1.47604429,-0.4867668216,0,1,121,task,30,0,-1610,17,682,30
1,106,164,-2.07453512,-0.8457580632,1.652404266,-2.388576283,-1.462090989,-0.5059384847,0,1,122,task,30,0,-1610,17,682,30
1,106,165,-2.098765681,-0.8691749901,1.705545427,-2.401605419,-1.43666455,-0.5320923087,0,1,123,task,30,0,-1610,17,682,30
1,106,166,-2.122896061,-0.8902255943,1.773244327,-2.452988287,-1.414880665,-0.5576033331,0,1,124,task,30,0,-1610,17,682,30
1,106,167,-2.140779376,-0.913111354,1.830909023,-2.486112279,-1.413684027,-0.5757445988,0,1,125,task,30,0,-1610,17,682,30
1,106,168,-2.161654657,-0.9336801271,1.889625936,-2.524655042,-1.407558269,-0.5971744612,0,1,126,task,30,0,-1610,17,682,30
1,106,169,-2.173557347,-0.942058382,1.918049497,-2.545032445,-1.40087198,-0.6096529646,0,1,127,task,30,0,-1610,17,682,30
1,106,170,-2.129564424,-0.9613301062,1.95122021,-2.585814276,-1.439125185,-0.5616068975,0,1,128,task,10,0,-1610,17,682,30
1,106,171,-2.102937808,-0.9444802202,1.886208524,-2.530994144,-1.461129026,-0.5341836887,0,1,129,task,30,0,-1610,17,682,30
1,106,172,-2.085322678,-0.9208687981,1.831755844,-2.505096353,-1.463163503,-0.5162880841,0,1,130,task,30,0,-1610,17,682,30
1,106,173,-2.061003149,-0.8995866954,1.769577852,-2.465103842,-1.48646113,-0.4911113542,0,1,131,task,30,0,-1610,17,682,30
1,106,174,-2.05207243,-0.8723338266,1.707195854,-2.424031051,-1.470559356,-0.48288092,0,1,132,task,30,0,-1610,17,682,30
1,106,175,-2.031539235,-0.8473394154,1.639436095,-2.378276725,-1.489570107,-0.4617676121,0,1,133,task,30,0,-1610,17,682,30
1,106,176,-2.004968479,-0.8218629156,1.575913958,-2.348632448,-1.529646174,-0.4342176142,0,1,134,task,10,0,-1610,17,682,30
1,106,177,-1.991068477,-0.7921599201,1.506690176,-2.306512333,-1.535581061,-0.4202988313,0,1,135,task,30,0,-1610,17,682,30
1,106,178,-1.97815635,-0.760867862,1.435898528,-2.265442786,-1.540686445,-0.4073657424,0,1,136,task,30,0,-1610,17,682,30
1,106,179,-1.96679367,-0.7277426855,1.36180933,-2.22210709,-1.542938711,-0.3960145723,0,1,137,task,30,0,-1610,17,682,30
1,106,180,-1.95731658,-0.6926726829,1.284991885,-2.178149806,-1.540842692,-0.3865769612,0,1,138,task,30,0,-1610,17,682,30
1,106,181,-1.948260313,-0.6555213511,1.203858583,-2.131894833,-1.538882387,-0.377558777,0,1,139,task,30,0,-1610,17,682,30
1,106,182,-1.940181008,-0.6152235771,1.114380235,-2.077333345,-1.535046832,-0.3695598357,0,1,140,task,30,0,-1610,17,682,30
1,106,183,-1.932036435,-0.5716264311,1.018376404,-2.020169921,-1.532765079,-0.3614692205,0,1,141,task,30,0,-1610,17,682,30
1,106,184,-1.927935941,-0.5476241815,0.9656427417,-1.989055227,-1.532397323,-0.3573824803,0,0,,transition,30,0,-1610,17,682,30
1,106,185,-1.923835447,-0.5236219319,0.9129090799,-1.957940534,-1.532029567,-0.3532957401,0,1,142,task,30,0,-1610,17,682,30
1,106,186,-1.903833033,-0.5553192974,0.9830985443,-2.004802559,-1.533942075,-0.3332195816,0,1,143,task,10,0,-1610,17,682,30
1,106,187,-1.907044704,-0.5782175552,1.03437772,-2.037201711,-1.536799109,-0.3363771016,0,0,,transition,30,0,-1610,17,682,30
1,106,188,-1.910256375,-0.601115813,1.085656897,-2.069600863,-1.539656142,-0.3395346216,0,1,144,task,30,0,-1610,17,682,30
1,106,189,-1.917844237,-0.6420385838,1.175261829,-2.121353786,-1.542481267,-0.3470748155,0,1,145,task,30,0,-1610,17,682,30
1,106,190,-1.926517398,-0.6797846208,1.256804315,-2.165511917,-1.542968618,-0.3557401539,0,1,146,task,30,0,-1610,17,682,30
1,106,191,-1.935639921,-0.7154654912,1.33396748,-2.207353319,-1.543439403,-0.3648546354,0,1,147,task,30,0,-1610,17,682,30
1,106,192,-1.945246983,-0.7494125561,1.40748051,-2.24727537,-1.543892344,-0.3744534201,0,1,148,task,30,0,-1610,17,682,30
1,106,193,-1.95537745,-0.7818759449,1.477896479,-2.2855805,-1.544326037,-0.3845753561,0,1,149,task,30,0,-1610,17,682,30
1,106,194,-1.967987706,-0.812775394,1.547828786,-2.32649006,-1.539005638,-0.3972009715,0,1,150,task,30,0,-1610,17,682,30
1,106,195,-1.982462159,-0.8419474957,1.617736261,-2.37131838,-1.530318338,-0.4116972796,0,1,151,task,30,0,-1610,17,682,30
1,106,196,-1.996467318,-0.8697332606,1.685020063,-2.415048433,-1.525322759,-0.4256809554,0,1,152,task,30,0,-1610,17,682,30
1,106,197,-2.010621558,-0.8960142367,1.751958498,-2.4623523,-1.522165429,-0.439726023,0,1,153,task,30,0,-1610,17,682,30
1,106,198,-2.024687308,-0.9212291785,1.81469684,-2.503826847,-1.52157582,-0.4536890668,0,1,154,task,30,0,-1610,17,682,30
1,106,199,-2.036616266,-0.944924035,1.879713897,-2.555887463,-1.528644368,-0.4652447213,0,1,155,task,30,0,-1610,17,682,30
1,106,200,-2.0572114,-0.9669510754,1.938110507,-2.591753577,-1.516196109,-0.4859282239,0,1,156,task,30,0,-1610,17,682,30
1,106,201,-2.083287006,-0.9779044958,1.97494163,-2.608869209,-1.479500668,-0.5130155061,0,1,157,task,10,0,-1610,17,682,30
1,106,202,-2.032468373,-0.9912624263,1.993385316,-2.625971263,-1.527315552,-0.4610338556,0,1,158,task,10,0,-1610,17,682,30
1,106,203,-2.01572309,-0.9692391754,1.935051242,-2.587443386,-1.53043012,-0.4443648814,0,1,159,task,30,0,-1610,17,682,30
1,106,204,-2.002178967,-0.945362658,1.878146942,-2.55463352,-1.527995422,-0.4308571885,0,1,160,task,30,0,-1610,17,682,30
1,106,205,-1.989346041,-0.9209656312,1.819073884,-2.518992477,-1.525920638,-0.4180901122,0,1,161,task,30,0,-1610,17,682,30
1,106,206,-1.977491538,-0.8963727925,1.749170897,-2.460226944,-1.523446003,-0.406590763,0,1,162,task,30,0,-1610,17,682,30
1,106,207,-1.963057354,-0.8700446855,1.678064684,-2.404916346,-1.530116285,-0.392281314,0,1,163,task,30,0,-1610,17,682,30
1,106,208,-1.94666743,-0.8419678639,1.60656893,-2.354683535,-1.544784807,-0.3758590418,0,1,164,task,30,0,-1610,17,682,30
1,106,209,-1.936121534,-0.8116344139,1.540739799,-2.319108285,-1.544627196,-0.3653172917,0,1,165,task,30,0,-1610,17,682,30
1,106,210,-1.926150627,-0.7801628835,1.472569643,-2.28232046,-1.54445406,-0.3553504298,0,1,166,task,30,0,-1610,17,682,30
1,106,211,-1.916709609,-0.7473956365,1.401705922,-2.24412613,-1.5442665,-0.3459133554,0,1,167,task,30,0,-1610,17,682,30
1,106,212,-1.907757903,-0.713133096,1.327705926,-2.204283021,-1.544065522,-0.3369654976,0,1,168,task,30,0,-1610,17,682,30
1,106,213,-1.899258921,-0.6771173147,1.250000758,-2.162480937,-1.543852043,-0.3284702683,0,1,169,task,30,0,-1610,17,682,30
1,106,214,-1.891179583,-0.6390059647,1.167838404,-2.118310859,-1.543626905,-0.3203945927,0,1,170,task,30,0,-1610,17,682,30
1,106,215,-1.883489919,-0.5983289495,1.080188839,-2.071213446,-1.543390876,-0.3127085026,0,1,171,task,30,0,-1610,17,682,30
1,106,216,-1.876162711,-0.5544109988,0.9855747507,-2.020387181,-1.543144664,-0.3053847845,0,1,172,task,30,0,-1610,17,682,30
1,106,217,-1.864501705,-0.5091113994,0.8868454825,-1.965349109,-1.552410461,-0.2937288796,0,0,,transition,10,0,-1610,17,682,30
1,106,218,-1.852840698,-0.4638117999,0.7881162143,-1.910311036,-1.561676259,-0.2820729746,0,0,,transition,10,0,-1610,17,682,30
1,106,219,-1.841179692,-0.4185122005,0.6893869462,-1.855272964,-1.570942056,-0.2704170697,0,0,,transition,10,0,-1610,17,682,30
1,106,220,-1.829518685,-0.373212601,0.590657678,-1.800234891,-1.580207853,-0.2587611648,0,0,,transition,10,0,-1610,17,682,30
1,106,221,-1.817857678,-0.3279130016,0.4919284098,-1.745196818,-1.58947365,-0.2471052598,0,1,173,task,10,0,-1610,17,682,30
1,106,222,-1.820693108,-0.3669894793,0.5759035184,-1.790966146,-1.589185763,-0.2499383928,0,0,,transition,30,0,-1610,17,682,30
1,106,223,-1.823528537,-0.406065957,0.6598786269,-1.836735473,-1.588897876,-0.2527715257,0,1,174,task,30,0,-1610,17,682,30
1,106,224,-1.826495673,-0.4373929382,0.7269426909,-1.873342412,-1.588598575,-0.2557358561,0,0,,transition,30,0,-1610,17,682,30
1,106,225,-1.829462809,-0.4687199193,0.7940067549,-1.90994935,-1.588299274,-0.2587001865,0,1,175,task,30,0,-1610,17,682,30
1,106,226,-1.832598558,-0.4962670173,0.854281589,-1.945391668,-1.587882041,-0.2618259905,0,0,,transition,30,0,-1610,17,682,30
1,106,227,-1.835734307,-0.5238141152,0.9145564231,-1.980833985,-1.587464809,-0.2649517945,0,1,176,task,30,0,-1610,17,682,30
1,106,228,-1.839197861,-0.5487244286,0.972097055,-2.019220059,-1.586391848,-0.2683786622,0,0,,transition,30,0,-1610,17,682,30
1,106,229,-1.842661416,-0.573634742,1.029637687,-2.057606132,-1.585318888,-0.27180553,0,1,177,task,30,0,-1610,17,682,30
1,106,230,-1.850192827,-0.6160742515,1.120555694,-2.105347148,-1.582291658,-0.2793241045,0,1,178,task,30,0,-1610,17,682,30
1,106,231,-1.858099834,-0.6556424965,1.205285336,-2.149730716,-1.579265419,-0.2872202255,0,1,179,task,30,0,-1610,17,682,30
1,106,232,-1.866410839,-0.6929052179,1.285061654,-2.19142303,-1.576240786,-0.2955224783,0,1,180,task,30,0,-1610,17,682,30
1,106,233,-1.875157138,-0.7282660064,1.360766017,-2.230898445,-1.573218492,-0.3042623612,0,1,181,task,30,0,-1610,17,682,30
1,106,234,-1.884373293,-0.7620245339,1.433053383,-2.268508472,-1.570199414,-0.3134746596,0,1,182,task,30,0,-1610,17,682,30
1,106,235,-1.894097564,-0.7944103448,1.502426133,-2.304521776,-1.567184598,-0.3231978782,0,1,183,task,30,0,-1610,17,682,30
1,106,236,-1.90575725,-0.8253733567,1.569261634,-2.33863275,-1.56007824,-0.3348655719,0,1,184,task,30,0,-1610,17,682,30
1,106,237,-1.918184643,-0.8552353769,1.633853398,-2.371375906,-1.552730199,-0.3473209267,0,1,185,task,30,0,-1610,17,682,30
1,106,238,-1.931349862,-0.8841268917,1.696460119,-2.402908027,-1.545416138,-0.360536336,0,1,186,task,30,0,-1610,17,682,30
1,106,239,-1.949049632,-0.9078180664,1.785362347,-2.500016669,-1.527618899,-0.377814246,0,1,187,task,30,0,-1610,17,682,30
1,106,240,-1.960826299,-0.9329265634,1.84529233,-2.535164598,-1.528639083,-0.3895536448,0,1,188,task,30,0,-1610,17,682,30
1,106,241,-1.973395197,-0.9571581267,1.903922463,-2.569888218,-1.529603872,-0.4020839029,0,1,189,task,30,0,-1610,17,682,30
1,106,242,-1.986837812,-0.9805404764,1.961387055,-2.604292805,-1.530507537,-0.4154863523,0,1,190,task,30,0,-1610,17,682,30
1,106,243,-1.999650847,-0.9989881342,2.009814582,-2.636071658,-1.529078703,-0.4282339705,0,1,191,task,30,0,-1610,17,682,30
1,106,244,-1.965924447,-1.005812926,2.024244289,-2.645050901,-1.530937359,-0.3945307917,0,1,192,task,10,0,-1610,17,682,30
1,106,245,-1.948087836,-0.9838083417,1.96676954,-2.610487612,-1.541181117,-0.3766662694,0,1,193,task,30,0,-1610,17,682,30
1,106,246,-1.930446321,-0.9604858211,1.909902568,-2.580431491,-1.553898319,-0.3589774157,0,1,194,task,30,0,-1610,17,682,30
1,106,247,-1.914232416,-0.9361483472,1.850570183,-2.54665497,-1.565877855,-0.3428109439,0,1,195,task,30,0,-1610,17,682,30
1,106,248,-1.899090448,-0.9112632102,1.787132678,-2.5053825,-1.577752916,-0.327821392,0,1,196,task,30,0,-1610,17,682,30
1,106,249,-1.887306303,-0.8851544268,1.714863816,-2.445895831,-1.582894431,-0.3162837007,0,1,197,task,30,0,-1610,17,682,30
1,106,250,-1.87772164,-0.8562723307,1.650266058,-2.408333405,-1.583564872,-0.3067300982,0,1,198,task,30,0,-1610,17,682,30
1,106,251,-1.868702698,-0.8263622309,1.583713622,-2.36984332,-1.584177402,-0.2977392542,0,1,199,task,30,0,-1610,17,682,30
1,106,252,-1.860201107,-0.7953082783,1.514929279,-2.330264998,-1.584736989,-0.2892630625,0,1,200,task,30,0,-1610,17,682,30
1,106,253,-1.852173828,-0.7629649853,1.443574622,-2.289406155,-1.585248055,-0.2812587201,0,1,201,task,30,0,-1610,17,682,30
1,106,254,-1.844582445,-0.7291475976,1.36922855,-2.247030946,-1.585714554,-0.2736880198,0,1,202,task,30,0,-1610,17,682,30
1,106,255,-1.837392561,-0.6936175437,1.291355103,-2.202842376,-1.586140027,-0.266516752,0,1,203,task,30,0,-1610,17,682,30
1,106,256,-1.830573287,-0.6560596346,1.20925334,-2.156455002,-1.586527652,-0.2597141978,0,1,204,task,30,0,-1610,17,682,30
1,106,257,-1.824086896,-0.6159522931,1.121350157,-2.106263839,-1.586917492,-0.2532465148,0,1,205,task,30,0,-1610,17,682,30
1,106,258,-1.820964749,-0.5937849545,1.071087452,-2.074527844,-1.587241092,-0.2501455465,0,0,,transition,30,0,-1610,17,682,30
1,106,259,-1.817842601,-0.5716176159,1.020824746,-2.042791849,-1.587564692,-0.2470445782,0,1,206,task,30,0,-1610,17,682,30
1,106,260,-1.814877775,-0.5470597456,0.9655699742,-2.008453655,-1.587840187,-0.2440935626,0,0,,transition,30,0,-1610,17,682,30
1,106,261,-1.811912948,-0.5225018754,0.910315202,-1.974115461,-1.588115683,-0.241142547,0,1,207,task,30,0,-1610,17,682,30
1,106,262,-1.809067407,-0.4952828599,0.8518320846,-1.941578949,-1.588439625,-0.2383010189,0,0,,transition,30,0,-1610,17,682,30
1,106,263,-1.806221866,-0.4680638443,0.7933489673,-1.909042437,-1.588763567,-0.2354594908,0,1,208,task,30,0,-1610,17,682,30
1,106,264,-1.803504023,-0.436521636,0.7257120883,-1.871921902,-1.589082964,-0.2327444183,0,0,,transition,30,0,-1610,17,682,30
1,106,265,-1.800786181,-0.4049794278,0.6580752093,-1.834801366,-1.589402361,-0.2300293459,0,1,209,task,30,0,-1610,17,682,30
1,106,266,-1.787429307,-0.3712381741,0.5855238987,-1.794152298,-1.589961217,-0.2166741495,0,0,,transition,10,0,-1610,17,682,30
1,106,267,-1.774072433,-0.3374969205,0.5129725881,-1.753503229,-1.590520073,-0.203318953,0,1,210,task,10,0,-1610,17,682,30
1,106,268,-1.776448233,-0.3757911718,0.5954773528,-1.798968697,-1.59017987,-0.2056926803,0,0,,transition,30,0,-1610,17,682,30
1,106,269,-1.778824034,-0.4140854231,0.6779821176,-1.844434166,-1.589839666,-0.2080664075,0,1,211,task,30,0,-1610,17,682,30
1,106,270,-1.781312352,-0.4450578839,0.7445274004,-1.881260788,-1.589486336,-0.2105518737,0,0,,transition,30,0,-1610,17,682,30
1,106,271,-1.78380067,-0.4760303448,0.8110726832,-1.91808741,-1.589133007,-0.2130373399,0,1,212,task,30,0,-1610,17,682,30
1,106,272,-1.786399783,-0.5028465247,0.8688115751,-1.950404764,-1.588800822,-0.2156325899,0,0,,transition,30,0,-1610,17,682,30
1,106,273,-1.788998896,-0.5296627046,0.9265504671,-1.982722119,-1.588468638,-0.2182278399,0,1,213,task,30,0,-1610,17,682,30
1,106,274,-1.791664639,-0.5535699804,0.9794865903,-2.014045153,-1.588337894,-0.2208867576,0,0,,transition,30,0,-1610,17,682,30
1,106,275,-1.794330383,-0.5774772562,1.032422713,-2.045368188,-1.588207151,-0.2235456752,0,1,214,task,30,0,-1610,17,682,30
1,106,276,-1.79993954,-0.6210065485,1.129247948,-2.10325474,-1.587890114,-0.229135704,0,1,215,task,30,0,-1610,17,682,30
1,106,277,-1.805848593,-0.6612389389,1.219204288,-2.157571159,-1.587513101,-0.2350197037,0,1,216,task,30,0,-1610,17,682,30
1,106,278,-1.812062218,-0.6987472341,1.302220273,-2.206154727,-1.58714552,-0.2412123676,0,1,217,task,30,0,-1610,17,682,30
1,106,279,-1.818606889,-0.7341635763,1.380101858,-2.25078016,-1.5867792,-0.2477394999,0,1,218,task,30,0,-1610,17,682,30
1,106,280,-1.825521707,-0.7678810066,1.454506328,-2.29362962,-1.586371839,-0.2546345511,0,1,219,task,30,0,-1610,17,682,30
1,106,281,-1.832838904,-0.8001330024,1.52596085,-2.334996525,-1.58591984,-0.2619295457,0,1,220,task,30,0,-1610,17,682,30
1,106,282,-1.840594551,-0.8311004327,1.594880753,-2.375114971,-1.585419179,-0.2696603265,0,1,221,task,30,0,-1610,17,682,30
1,106,283,-1.848829154,-0.8609256178,1.661600701,-2.414176828,-1.584865342,-0.2778671401,0,1,222,task,30,0,-1610,17,682,30
1,106,284,-1.85758835,-0.8897216416,1.726395612,-2.452343319,-1.584253242,-0.286595332,0,1,223,task,30,0,-1610,17,682,30
1,106,285,-1.867519069,-0.9165464702,1.793129826,-2.498798713,-1.581924094,-0.2964228984,0,1,224,task,30,0,-1610,17,682,30
1,106,286,-1.878776532,-0.940811809,1.861540764,-2.553594471,-1.577748278,-0.3074739369,0,1,225,task,30,0,-1610,17,682,30
1,106,287,-1.889420485,-0.9656204628,1.920257288,-2.587542994,-1.577134516,-0.3180985069,0,1,226,task,30,0,-1610,17,682,30
1,106,288,-1.900824072,-0.9896473239,1.977866426,-2.621164224,-1.576473494,-0.3294812133,0,1,227,task,30,0,-1610,17,682,30
1,106,289,-1.912968578,-1.012726045,2.034033221,-2.65428819,-1.575765977,-0.3416033638,0,1,228,task,30,0,-1610,17,682,30
1,106,290,-1.877347603,-1.015772168,2.043435261,-2.660427992,-1.577975889,-0.3060503506,0,1,229,task,10,0,-1610,17,682,30
1,106,291,-1.866283192,-0.9925429607,1.986708215,-2.626888223,-1.578598959,-0.295005696,0,1,230,task,30,0,-1610,17,682,30
1,106,292,-1.85599068,-0.9685522092,1.929020403,-2.593149506,-1.579174254,-0.2847314395,0,1,231,task,30,0,-1610,17,682,30
1,106,293,-1.845778716,-0.9446277467,1.866274507,-2.54914665,-1.581346486,-0.2746244675,0,1,232,task,30,0,-1610,17,682,30
1,106,294,-1.835999302,-0.9198593011,1.800209061,-2.500232906,-1.584115018,-0.2649691618,0,1,233,task,30,0,-1610,17,682,30
1,106,295,-1.827261862,-0.8928937398,1.734842395,-2.456948063,-1.585627796,-0.2562985883,0,1,234,task,30,0,-1610,17,682,30
1,106,296,-1.819378073,-0.8641750473,1.669709755,-2.417909831,-1.586170143,-0.2484460957,0,1,235,task,30,0,-1610,17,682,30
1,106,297,-1.811972955,-0.8344127576,1.602662862,-2.378002836,-1.586653286,-0.2410686542,0,1,236,task,30,0,-1610,17,682,30
1,106,298,-1.805004201,-0.8034954657,1.533425686,-2.337062889,-1.587082468,-0.2341242892,0,1,237,task,30,0,-1610,17,682,30
1,106,299,-1.798434347,-0.7712823274,1.461662722,-2.294895651,-1.587462335,-0.2275758311,0,1,238,task,30,0,-1610,17,682,30
1,106,300,-1.7922301,-0.7375938296,1.386958122,-2.25126502,-1.587797017,-0.2213902467,0,1,239,task,30,0,-1610,17,682,30
1,106,301,-1.786363706,-0.7022266745,1.308267031,-2.204822234,-1.588087131,-0.215542595,0,1,240,task,30,0,-1610,17,682,30
1,106,302,-1.780809406,-0.6648033188,1.225090045,-2.155701645,-1.588330395,-0.2100050728,0,1,241,task,30,0,-1610,17,682,30
1,106,303,-1.775542461,-0.6248705464,1.13671567,-2.103896404,-1.588530471,-0.2047517423,0,1,242,task,30,0,-1610,17,682,30
1,106,304,-1.770541137,-0.5818189979,1.041796341,-2.048668389,-1.588690631,-0.1997611162,0,1,243,task,30,0,-1610,17,682,30
1,106,305,-1.768163486,-0.5582767179,0.9900586466,-2.018794583,-1.588752228,-0.1973874682,0,0,,transition,30,0,-1610,17,682,30
1,106,306,-1.765785835,-0.5347344379,0.9383209524,-1.988920777,-1.588813825,-0.1950138202,0,1,244,task,30,0,-1610,17,682,30
1,106,307,-1.763435486,-0.5081383967,0.8808719614,-1.956441286,-1.589177705,-0.1926673641,0,0,,transition,30,0,-1610,17,682,30
1,106,308,-1.761085137,-0.4815423554,0.8234229703,-1.923961795,-1.589541585,-0.1903209081,0,1,245,task,30,0,-1610,17,682,30
1,106,309,-1.758828608,-0.4508321315,0.7572129145,-1.886843638,-1.589950879,-0.1880673164,0,0,,transition,30,0,-1610,17,682,30
1,106,310,-1.75657208,-0.4201219075,0.6910028586,-1.84972548,-1.590360173,-0.1858137247,0,1,246,task,30,0,-1610,17,682,30
1,106,311,-1.754418886,-0.382361483,0.6094425775,-1.804305795,-1.590754452,-0.1836623712,0,0,,transition,30,0,-1610,17,682,30
1,106,312,-1.752265692,-0.3446010585,0.5278822963,-1.75888611,-1.591148731,-0.1815110178,0,1,247,task,30,0,-1610,17,682,30
1,106,313,-1.74291401,-0.379567177,0.6030211936,-1.798962903,-1.591171091,-0.1721574016,0,0,,transition,10,0,-1610,17,682,30
1,106,314,-1.733562328,-0.4145332956,0.6781600908,-1.839039696,-1.591193451,-0.1628037854,0,1,248,task,10,0,-1610,17,682,30
1,106,315,-1.735581303,-0.4460282042,0.7465005337,-1.878178486,-1.590680577,-0.1648200846,0,0,,transition,30,0,-1610,17,682,30
1,106,316,-1.737600278,-0.4775231129,0.8148409765,-1.917317275,-1.590167702,-0.1668363837,0,1,249,task,30,0,-1610,17,682,30
1,106,317,-1.739713162,-0.5046263597,0.8736936289,-1.951312242,-1.589659769,-0.1689448126,0,0,,transition,30,0,-1610,17,682,30
1,106,318,-1.741826046,-0.5317296066,0.9325462813,-1.985307209,-1.589151835,-0.1710532414,0,1,250,task,30,0,-1610,17,682,30
1,106,319,-1.743902352,-0.5553363531,0.9841866694,-2.014664276,-1.589133752,-0.1731271273,0,0,,transition,30,0,-1610,17,682,30
1,106,320,-1.745978658,-0.5789430996,1.035827058,-2.044021343,-1.589115668,-0.1752010131,0,1,251,task,30,0,-1610,17,682,30
1,106,321,-1.750344808,-0.6221311464,1.130534611,-2.098191503,-1.589053641,-0.1795608326,0,1,252,task,30,0,-1610,17,682,30
1,106,322,-1.754941426,-0.6622139311,1.2186901,-2.148918771,-1.588963692,-0.1841495051,0,1,253,task,30,0,-1610,17,682,30
1,106,323,-1.759787282,-0.6998046128,1.30164603,-2.196942591,-1.588843533,-0.1889856626,0,1,254,task,30,0,-1610,17,682,30
1,106,324,-1.764903244,-0.7353347577,1.380360768,-2.242789852,-1.58869062,-0.1940900201,0,1,255,task,30,0,-1610,17,682,30
1,106,325,-1.770312583,-0.7691204591,1.455543371,-2.286853585,-1.588502115,-0.1994856748,0,1,256,task,30,0,-1610,17,682,30
1,106,326,-1.776056797,-0.8015233721,1.528222916,-2.330387939,-1.588227558,-0.205210308,0,1,257,task,30,0,-1610,17,682,30
1,106,327,-1.7821548,-0.8325906889,1.598358278,-2.372782788,-1.58789755,-0.2112848194,0,1,258,task,30,0,-1610,17,682,30
1,106,328,-1.788638512,-0.8624529248,1.666244476,-2.414137044,-1.587512163,-0.2177411342,0,1,259,task,30,0,-1610,17,682,30
1,106,329,-1.795545808,-0.8912243968,1.732169936,-2.454624551,-1.587065962,-0.2246167301,0,1,260,task,30,0,-1610,17,682,30
1,106,330,-1.803062279,-0.9185412213,1.797036984,-2.496238007,-1.586158272,-0.2320873375,0,1,261,task,30,0,-1610,17,682,30
1,106,331,-1.811435797,-0.9437583188,1.861769166,-2.541394503,-1.584284931,-0.2403843405,0,1,262,task,30,0,-1610,17,682,30
1,106,332,-1.820431146,-0.9678102239,1.925076697,-2.586269981,-1.582281873,-0.2492894241,0,1,263,task,30,0,-1610,17,682,30
1,106,333,-1.829852524,-0.9912046577,1.985515322,-2.626740547,-1.580803867,-0.2586423047,0,1,264,task,30,0,-1610,17,682,30
1,106,334,-1.839563236,-1.014497986,2.042423258,-2.660384756,-1.58029656,-0.2683366005,0,1,265,task,30,0,-1610,17,682,30
1,106,335,-1.841059523,-1.017873303,2.050752038,-2.665342835,-1.580217834,-0.2698303456,0,1,266,task,30,0,-1610,17,682,30
1,106,336,-1.804190533,-1.019029974,2.055965513,-2.66901107,-1.582482992,-0.2330289555,0,1,267,task,10,0,-1610,17,682,30
1,106,337,-1.795572991,-0.9961513846,1.998413798,-2.633282555,-1.583140615,-0.2244396711,0,1,268,task,30,0,-1610,17,682,30
1,106,338,-1.787198649,-0.9731228167,1.937338338,-2.590764477,-1.584703747,-0.2161359822,0,1,269,task,30,0,-1610,17,682,30
1,106,339,-1.779424604,-0.9490278034,1.875084782,-2.548122141,-1.586161901,-0.2084232603,0,1,270,task,30,0,-1610,17,682,30
1,106,340,-1.772188314,-0.9238561392,1.811492641,-2.505207679,-1.58752579,-0.2012399106,0,1,271,task,30,0,-1610,17,682,30
1,106,341,-1.765598975,-0.8969857933,1.746491867,-2.462523456,-1.588345872,-0.1946939947,0,1,272,task,30,0,-1610,17,682,30
1,106,342,-1.759577995,-0.86849739,1.679865892,-2.419787314,-1.588678955,-0.1887080069,0,1,273,task,30,0,-1610,17,682,30
1,106,343,-1.753934563,-0.8388613,1.611270301,-2.376233722,-1.588944394,-0.1830935774,0,1,274,task,30,0,-1610,17,682,30
1,106,344,-1.748636862,-0.8080005294,1.540891058,-2.33268765,-1.589138829,-0.1778169135,0,1,275,task,30,0,-1610,17,682,30
1,106,345,-1.743655681,-0.7759319876,1.469538147,-2.291194428,-1.589261528,-0.172845733,0,1,276,task,30,0,-1610,17,682,30
1,106,346,-1.73895326,-0.7424244848,1.395315367,-2.248275002,-1.589355737,-0.1681519326,0,1,277,task,30,0,-1610,17,682,30
1,106,347,-1.734506774,-0.70725373,1.317713046,-2.203643796,-1.589423805,-0.1637128068,0,1,278,task,30,0,-1610,17,682,30
1,106,348,-1.73029583,-0.6701247103,1.236070098,-2.156934542,-1.589467831,-0.159508069,0,1,279,task,30,0,-1610,17,682,30
1,106,349,-1.726302151,-0.6306384096,1.149500948,-2.107660494,-1.589489696,-0.1555195365,0,1,280,task,30,0,-1610,17,682,30
1,106,350,-1.722509308,-0.588234559,1.056770121,-2.055146262,-1.589491087,-0.1517308644,0,1,281,task,30,0,-1610,17,682,30
1,106,351,-1.7207059,-0.5651599865,1.00641495,-2.026773919,-1.589482307,-0.1499290915,0,0,,transition,30,0,-1610,17,682,30
1,106,352,-1.718902492,-0.5420854139,0.9560597789,-1.998401576,-1.589473526,-0.1481273186,0,1,282,task,30,0,-1610,17,682,30
1,106,353,-1.717012005,-0.5153272621,0.8970634746,-1.962859775,-1.590095805,-0.1462419382,0,0,,transition,30,0,-1610,17,682,30
1,106,354,-1.715121518,-0.4885691103,0.8380671704,-1.927317975,-1.590718084,-0.1443565579,0,1,283,task,30,0,-1610,17,682,30
1,106,355,-1.713274014,-0.4571343131,0.7688149685,-1.885541318,-1.591500397,-0.1425110576,0,0,,transition,30,0,-1610,17,682,30
1,106,356,-1.711426511,-0.425699516,0.6995627667,-1.843764661,-1.59228271,-0.1406655574,0,1,284,task,30,0,-1610,17,682,30
1,106,357,-1.709745199,-0.3877653257,0.6172109238,-1.79692838,-1.592739346,-0.1389831408,0,0,,transition,30,0,-1610,17,682,30
1,106,358,-1.708063887,-0.3498311354,0.534859081,-1.750092099,-1.593195982,-0.1373007243,0,1,285,task,30,0,-1610,17,682,30
1,106,359,-1.697954549,-0.3774115543,0.5938463942,-1.780764623,-1.59322222,-0.1271887107,0,0,,transition,10,0,-1610,17,682,30
1,106,360,-1.68784521,-0.4049919733,0.6528337074,-1.811437146,-1.593248457,-0.1170766972,0,1,286,task,10,0,-1610,17,682,30
1,106,361,-1.689224977,-0.436784632,0.720637421,-1.848070343,-1.593156097,-0.1184571605,0,0,,transition,30,0,-1610,17,682,30
1,106,362,-1.690604743,-0.4685772907,0.7884411346,-1.884703541,-1.593063737,-0.1198376238,0,1,287,task,30,0,-1610,17,682,30
1,106,363,-1.692447383,-0.4986937538,0.8579465048,-1.932793524,-1.591529884,-0.121676448,0,0,,transition,30,0,-1610,17,682,30
1,106,364,-1.694290022,-0.5288102169,0.9274518751,-1.980883508,-1.589996031,-0.1235152723,0,1,288,task,30,0,-1610,17,682,30
1,106,365,-1.695811244,-0.5526110345,0.9796215483,-2.010762007,-1.589914785,-0.125034547,0,0,,transition,30,0,-1610,17,682,30
1,106,366,-1.697332466,-0.5764118521,1.031791221,-2.040640506,-1.589833539,-0.1265538217,0,1,289,task,30,0,-1610,17,682,30
1,106,367,-1.700464981,-0.6196212794,1.126025184,-2.093521774,-1.589884546,-0.1296838464,0,1,290,task,30,0,-1610,17,682,30
1,106,368,-1.703761951,-0.6597590539,1.213743721,-2.142962868,-1.589921047,-0.132977743,0,1,291,task,30,0,-1610,17,682,30
1,106,369,-1.707236719,-0.6974358008,1.296290471,-2.189697014,-1.589941854,-0.1364488052,0,1,292,task,30,0,-1610,17,682,30
1,106,370,-1.710904119,-0.7330820591,1.374617761,-2.234246222,-1.589945647,-0.1401118102,0,1,293,task,30,0,-1610,17,682,30
1,106,371,-1.714780686,-0.7670139161,1.4494303,-2.276999355,-1.589930951,-0.1439832319,0,1,294,task,30,0,-1610,17,682,30
1,106,372,-1.718884916,-0.7994705678,1.521267562,-2.318256947,-1.589896114,-0.1480814927,0,1,295,task,30,0,-1610,17,682,30
1,106,373,-1.723237555,-0.8306371705,1.590554089,-2.358258659,-1.589839284,-0.1524272621,0,1,296,task,30,0,-1610,17,682,30
1,106,374,-1.727857291,-0.8606392358,1.658436798,-2.399018412,-1.589768982,-0.157035045,0,1,297,task,30,0,-1610,17,682,30
1,106,375,-1.732763113,-0.8893188392,1.727974901,-2.447379523,-1.589688246,-0.1619029796,0,1,298,task,30,0,-1610,17,682,30
1,106,376,-1.737958892,-0.9165625463,1.795208508,-2.494372885,-1.589669133,-0.167053253,0,1,299,task,30,0,-1610,17,682,30
1,106,377,-1.743262657,-0.9419352381,1.859149144,-2.537680542,-1.590255081,-0.1723218289,0,1,300,task,30,0,-1610,17,682,30
1,106,378,-1.748958738,-0.966215728,1.921709428,-2.580715438,-1.590769197,-0.1779765813,0,1,301,task,30,0,-1610,17,682,30
1,106,379,-1.755092627,-0.989417276,1.983054744,-2.623630693,-1.591203122,-0.1840622698,0,1,302,task,30,0,-1610,17,682,30
1,106,380,-1.761717185,-1.011532257,2.043332517,-2.666582412,-1.591547139,-0.1906308968,0,1,303,task,30,0,-1610,17,682,30
1,106,381,-1.753722842,-1.014333289,2.067020853,-2.70126184,-1.614784601,-0.1826750603,0,1,304,task,30,0,-1610,17,682,30
1,106,382,-1.715685008,-1.011988046,2.067214341,-2.702075347,-1.617707616,-0.14471049,0,1,305,task,10,0,-1610,17,682,30
1,106,383,-1.711488982,-0.9905056515,2.009885276,-2.664619431,-1.615304445,-0.140514042,0,1,306,task,30,0,-1610,17,682,30
1,106,384,-1.707599018,-0.9680802451,1.951627605,-2.627213114,-1.612866031,-0.1366240248,0,1,307,task,30,0,-1610,17,682,30
1,106,385,-1.71005581,-0.9466262589,1.888252793,-2.575623519,-1.594899398,-0.13905776,0,1,308,task,30,0,-1610,17,682,30
1,106,386,-1.706546984,-0.9233533502,1.818956227,-2.5163767,-1.592291714,-0.135637436,0,1,309,task,30,0,-1610,17,682,30
1,106,387,-1.702907119,-0.8980419493,1.744532661,-2.450023856,-1.590631423,-0.1320814219,0,1,310,task,30,0,-1610,17,682,30
1,106,388,-1.697235764,-0.8693806753,1.677956833,-2.408338962,-1.595259909,-0.1264393381,0,1,311,task,30,0,-1610,17,682,30
1,106,389,-1.691456907,-0.8394589106,1.612759573,-2.373443424,-1.601174109,-0.1206808865,0,1,312,task,30,0,-1610,17,682,30
1,106,390,-1.686015155,-0.8085195591,1.54552299,-2.33747198,-1.607083279,-0.1152617205,0,1,313,task,30,0,-1610,17,682,30
1,106,391,-1.68088189,-0.7764302002,1.475945704,-2.300260394,-1.612987347,-0.1101528323,0,1,314,task,30,0,-1610,17,682,30
1,106,392,-1.676158441,-0.7428707563,1.402270403,-2.258803873,-1.618486446,-0.1054572026,0,1,315,task,30,0,-1610,17,682,30
1,106,393,-1.671797243,-0.7075272204,1.324074097,-2.213259534,-1.623626838,-0.1011250904,0,1,316,task,30,0,-1610,17,682,30
1,106,394,-1.667670558,-0.670196303,1.241801839,-2.165594858,-1.628739106,-0.09702656562,0,1,317,task,30,0,-1610,17,682,30
1,106,395,-1.663760025,-0.6304747202,1.154556726,-2.115318684,-1.633825158,-0.09314324777,0,1,318,task,30,0,-1610,17,682,30
1,106,396,-1.660049162,-0.5877952718,1.061086362,-2.061748,-1.638886712,-0.08945864166,0,1,319,task,30,0,-1610,17,682,30
1,106,397,-1.658286147,-0.5645568725,1.010316026,-2.032813589,-1.641406015,-0.08770827128,0,0,,transition,30,0,-1610,17,682,30
1,106,398,-1.656523132,-0.5413184731,0.9595456906,-2.003879179,-1.643925319,-0.0859579009,0,1,320,task,30,0,-1610,17,682,30
1,106,399,-1.655314179,-0.5156107335,0.9043407415,-1.973463299,-1.644699864,-0.08475110605,0,0,,transition,30,0,-1610,17,682,30
1,106,400,-1.654105226,-0.4899029939,0.8491357923,-1.943047419,-1.645474409,-0.0835443112,0,1,321,task,30,0,-1610,17,682,30
1,106,401,-1.653140777,-0.4607034983,0.786693988,-1.909091238,-1.645531926,-0.08257784606,0,0,,transition,30,0,-1610,17,682,30
1,106,402,-1.652176328,-0.4315040027,0.7242521836,-1.875135057,-1.645589444,-0.08161138092,0,1,322,task,30,0,-1610,17,682,30
1,106,403,-1.651255731,-0.3965344032,0.6492311186,-1.834372801,-1.64564384,-0.0806887768,0,0,,transition,30,0,-1610,17,682,30
1,106,404,-1.650335135,-0.3615648037,0.5742100535,-1.793610546,-1.645698235,-0.07976617268,0,1,323,task,30,0,-1610,17,682,30
1,106,405,-1.628803895,-0.3997041354,0.6595197696,-1.839481587,-1.645884839,-0.05817502627,0,1,324,task,10,0,-1610,17,682,30
1,106,406,-1.629484892,-0.431136332,0.7269342093,-1.876259114,-1.645843031,-0.05885752433,0,0,,transition,30,0,-1610,17,682,30
1,106,407,-1.630165888,-0.4625685287,0.794348649,-1.913036642,-1.645801223,-0.05954002239,0,1,325,task,30,0,-1610,17,682,30
1,106,408,-1.630879839,-0.4896703569,0.85233825,-1.944722052,-1.645756839,-0.06025546842,0,0,,transition,30,0,-1610,17,682,30
1,106,409,-1.63159379,-0.5167721851,0.910327851,-1.976407461,-1.645712455,-0.06097091446,0,1,326,task,30,0,-1610,17,682,30
1,106,410,-1.632358016,-0.5407415503,0.9622023553,-2.005054504,-1.645611812,-0.06173645026,0,0,,transition,30,0,-1610,17,682,30
1,106,411,-1.633122242,-0.5647109155,1.014076859,-2.033701547,-1.645511168,-0.06250198606,0,1,327,task,30,0,-1610,17,682,30
1,106,412,-1.634732671,-0.6084380016,1.108977453,-2.086347344,-1.64528894,-0.06411496998,0,1,328,task,30,0,-1610,17,682,30
1,106,413,-1.636427017,-0.6490059882,1.197142055,-2.135421761,-1.645060648,-0.06581185446,0,1,329,task,30,0,-1610,17,682,30
1,106,414,-1.638212033,-0.6870577963,1.279982059,-2.181693702,-1.644825802,-0.06759938855,0,1,330,task,30,0,-1610,17,682,30
1,106,415,-1.640095217,-0.7230440703,1.358490512,-2.22570604,-1.644583854,-0.06948506765,0,1,331,task,30,0,-1610,17,682,30
1,106,416,-1.642084924,-0.7572944163,1.433398003,-2.267860285,-1.644334195,-0.07147724002,0,1,332,task,30,0,-1610,17,682,30
1,106,417,-1.644190485,-0.7900577724,1.505261111,-2.308464662,-1.644076141,-0.07358523207,0,1,333,task,30,0,-1610,17,682,30
1,106,418,-1.64642236,-0.821526798,1.574515971,-2.347763298,-1.643808922,-0.07581949655,0,1,334,task,30,0,-1610,17,682,30
1,106,419,-1.648792313,-0.8518533528,1.641512449,-2.385954931,-1.64353167,-0.07819178861,0,1,335,task,30,0,-1610,17,682,30
1,106,420,-1.651313622,-0.8811586993,1.706536883,-2.423205458,-1.643243401,-0.08071537613,0,1,336,task,30,0,-1610,17,682,30
1,106,421,-1.655526113,-0.9080692659,1.782724494,-2.490141596,-1.638803753,-0.08486640501,0,1,337,task,30,0,-1610,17,682,30
1,106,422,-1.662186438,-0.9310679049,1.859864081,-2.565437116,-1.628667509,-0.09138067792,0,1,338,task,30,0,-1610,17,682,30
1,106,423,-1.666214522,-0.9548392856,1.920806917,-2.60503741,-1.626372201,-0.0953816686,0,1,339,task,30,0,-1610,17,682,30
1,106,424,-1.670545473,-0.9776053851,1.980594501,-2.644486033,-1.62403693,-0.09968281721,0,1,340,task,30,0,-1610,17,682,30
1,106,425,-1.675215015,-0.9993620069,2.039362545,-2.68392247,-1.621657034,-0.1043195242,0,1,341,task,30,0,-1610,17,682,30
1,106,426,-1.677416745,-1.008731336,2.065268301,-2.701539264,-1.620580184,-0.1065055421,0,1,342,task,30,0,-1610,17,682,30
1,106,427,-1.639030793,-1.004575932,2.061187908,-2.699652551,-1.623388685,-0.06817225201,0,1,343,task,10,0,-1610,17,682,30
1,106,428,-1.635485342,-0.9835116222,2.002586179,-2.65919541,-1.626019094,-0.06465196515,0,1,344,task,30,0,-1610,17,682,30
1,106,429,-1.632201976,-0.9613846121,1.942992325,-2.618805784,-1.628612067,-0.0613910877,0,1,345,task,30,0,-1610,17,682,30
1,106,430,-1.629152563,-0.9382105266,1.88227491,-2.57833703,-1.631171559,-0.05836178178,0,1,346,task,30,0,-1610,17,682,30
1,106,431,-1.624964328,-0.9149216851,1.811961688,-2.517607774,-1.637304927,-0.05423418587,0,1,347,task,30,0,-1610,17,682,30
1,106,432,-1.621452741,-0.8891055155,1.739505662,-2.456782019,-1.642295201,-0.05076423212,0,1,348,task,30,0,-1610,17,682,30
1,106,433,-1.619572225,-0.8607849201,1.672072093,-2.4119242,-1.643256252,-0.04889130254,0,1,349,task,30,0,-1610,17,682,30
1,106,434,-1.617842835,-0.8312235508,1.603032636,-2.36724809,-1.644099874,-0.04716659417,0,1,350,task,30,0,-1610,17,682,30
1,106,435,-1.616411082,-0.8004325993,1.534716449,-2.32800858,-1.644344795,-0.04573363676,0,1,351,task,30,0,-1610,17,682,30
1,106,436,-1.61506154,-0.7683962305,1.463935293,-2.287554879,-1.64458303,-0.04438282065,0,1,352,task,30,0,-1610,17,682,30
1,106,437,-1.613787313,-0.7349410539,1.390291328,-2.2456621,-1.64481513,-0.04310725814,0,1,353,task,30,0,-1610,17,682,30
1,106,438,-1.612582258,-0.6998442663,1.313281728,-2.202049828,-1.645041589,-0.04190081253,0,1,354,task,30,0,-1610,17,682,30
1,106,439,-1.611440884,-0.6628134725,1.232254237,-2.15635785,-1.645262844,-0.04075799824,0,1,355,task,30,0,-1610,17,682,30
1,106,440,-1.610358267,-0.623453974,1.146335411,-2.108107106,-1.645479291,-0.0396738965,0,1,356,task,30,0,-1610,17,682,30
1,106,441,-1.609329979,-0.5812126226,1.05430768,-2.056632887,-1.64569128,-0.03864408382,0,1,357,task,30,0,-1610,17,682,30
1,106,442,-1.608352026,-0.535273911,0.9543819821,-2.000961385,-1.645899129,-0.03766457112,0,1,358,task,30,0,-1610,17,682,30
1,106,443,-1.607899464,-0.5096029244,0.899091218,-1.970450671,-1.645952594,-0.0372111269,0,0,,transition,30,0,-1610,17,682,30
1,106,444,-1.607446902,-0.4839319377,0.8438004539,-1.939939957,-1.646006058,-0.03675768267,0,1,359,task,30,0,-1610,17,682,30
1,106,445,-1.607022333,-0.4545369974,0.7806871336,-1.905305185,-1.64603161,-0.03633216857,0,0,,transition,30,0,-1610,17,682,30
1,106,446,-1.606597764,-0.4251420572,0.7175738133,-1.870670414,-1.646057162,-0.03590665447,0,1,360,task,30,0,-1610,17,682,30
1,106,447,-1.606192592,-0.3897508804,0.6413997283,-1.828972529,-1.64608096,-0.03550052158,0,0,,transition,30,0,-1610,17,682,30
1,106,448,-1.605787421,-0.3543597036,0.5652256433,-1.787274643,-1.646104757,-0.0350943887,0,1,361,task,30,0,-1610,17,682,30
1,106,449,-1.583616446,-0.3798343,0.6232663561,-1.81805485,-1.646210688,-0.01286056237,0,1,362,task,10,0,-1610,17,682,30
1,106,450,-1.583764509,-0.4126890203,0.6940825998,-1.857116501,-1.646208333,-0.013008984,0,0,,transition,30,0,-1610,17,682,30
1,106,451,-1.583912572,-0.4455437406,0.7648988434,-1.896178152,-1.646205978,-0.01315740563,0,1,363,task,30,0,-1610,17,682,30
1,106,452,-1.584067846,-0.4734614913,0.8249814474,-1.92944367,-1.646202737,-0.01331302318,0,0,,transition,30,0,-1610,17,682,30
1,106,453,-1.58422312,-0.501379242,0.8850640513,-1.962709188,-1.646199497,-0.01346864072,0,1,364,task,30,0,-1610,17,682,30
1,106,454,-1.584406978,-0.525888369,0.9383633477,-1.992526836,-1.64612056,-0.01365281609,0,0,,transition,30,0,-1610,17,682,30
1,106,455,-1.584590836,-0.5503974959,0.9916626442,-2.022344484,-1.646041624,-0.01383699147,0,1,365,task,30,0,-1610,17,682,30
1,106,456,-1.584988305,-0.5948017446,1.088683498,-2.076979295,-1.645843196,-0.01423506055,0,1,366,task,30,0,-1610,17,682,30
1,106,457,-1.585406551,-0.6358154854,1.178503094,-2.127804704,-1.645642588,-0.01465387613,0,1,367,task,30,0,-1610,17,682,30
1,106,458,-1.585847243,-0.6741459371,1.262676493,-2.175668659,-1.645439646,-0.01509510206,0,1,368,task,30,0,-1610,17,682,30
1,106,459,-1.58631223,-0.7102818059,1.342283457,-2.221162335,-1.645234203,-0.0155605853,0,1,369,task,30,0,-1610,17,682,30
1,106,460,-1.586803573,-0.7445763588,1.418110283,-2.264718893,-1.645026071,-0.01605238185,0,1,370,task,30,0,-1610,17,682,30
1,106,461,-1.587323572,-0.7772936122,1.490751031,-2.306668525,-1.644815039,-0.01657278724,0,1,371,task,30,0,-1610,17,682,30
1,106,462,-1.587942495,-0.8086697585,1.561723113,-2.349523216,-1.644399031,-0.01719146668,0,1,372,task,30,0,-1610,17,682,30
1,106,463,-1.588608003,-0.8387594802,1.630382577,-2.39148682,-1.643955192,-0.01785642562,0,1,373,task,30,0,-1610,17,682,30
1,106,464,-1.58931687,-0.8676815907,1.696925764,-2.432504118,-1.643504681,-0.01856446286,0,1,374,task,30,0,-1610,17,682,30
1,106,465,-1.590073447,-0.8955344162,1.761612638,-2.472736976,-1.643046911,-0.01931989851,0,1,375,task,30,0,-1610,17,682,30
1,106,466,-1.592417716,-0.9204434384,1.832141166,-2.531058129,-1.638536782,-0.02165083681,0,1,376,task,30,0,-1610,17,682,30
1,106,467,-1.594962737,-0.9435678327,1.900368384,-2.588204377,-1.633919792,-0.02417611228,0,1,377,task,30,0,-1610,17,682,30
1,106,468,-1.597030113,-0.9661241769,1.961096582,-2.630084049,-1.630920993,-0.02623327942,0,1,378,task,30,0,-1610,17,682,30
1,106,469,-1.599259408,-0.9875664177,2.020711817,-2.671961139,-1.627896026,-0.02845042642,0,1,379,task,30,0,-1610,17,682,30
1,106,470,-1.600640639,-0.9995352131,2.054983905,-2.696420661,-1.626120323,-0.02982358463,0,1,380,task,30,0,-1610,17,682,30
1,106,471,-1.562358518,-0.9936228594,2.04667222,-2.691855279,-1.628763405,0.0084285468,0,1,381,task,10,0,-1610,17,682,30
1,106,472,-1.561072594,-0.9732182805,1.986797162,-2.64729302,-1.632593065,0.009719013229,0,1,382,task,30,0,-1610,17,682,30
1,106,473,-1.5598856,-0.9515772965,1.925790238,-2.602793029,-1.636397848,0.01091183953,0,1,383,task,30,0,-1610,17,682,30
1,106,474,-1.55905598,-0.9287869209,1.86047289,-2.550743695,-1.639482331,0.01175018225,0,1,384,task,30,0,-1610,17,682,30
1,106,475,-1.558288832,-0.9045173517,1.793544007,-2.498557735,-1.642543921,0.01252611314,0,1,385,task,30,0,-1610,17,682,30
1,106,476,-1.558062635,-0.8781248177,1.727651262,-2.452935637,-1.644246344,0.01275710688,0,1,386,task,30,0,-1610,17,682,30
1,106,477,-1.558370405,-0.8499074484,1.663118611,-2.414256881,-1.644468752,0.01244983369,0,1,387,task,30,0,-1610,17,682,30
1,106,478,-1.558659564,-0.8206237378,1.59664858,-2.374705763,-1.64469274,0.01216108978,0,1,388,task,30,0,-1610,17,682,30
1,106,479,-1.558931762,-0.7901653041,1.527969798,-2.334119411,-1.644918131,0.01188923053,0,1,389,task,30,0,-1610,17,682,30
1,106,480,-1.559188461,-0.75839431,1.456751518,-2.29230502,-1.645144771,0.01163280001,0,1,390,task,30,0,-1610,17,682,30
1,106,481,-1.559430958,-0.72513435,1.382583004,-2.249028351,-1.64537252,0.01139050465,0,1,391,task,30,0,-1610,17,682,30
1,106,482,-1.55967259,-0.6901744855,1.304761137,-2.203615393,-1.645561255,0.01114898544,0,1,392,task,30,0,-1610,17,682,30
1,106,483,-1.55990296,-0.6531790103,1.222744257,-2.15602072,-1.64574625,0.01091865597,0,1,393,task,30,0,-1610,17,682,30
1,106,484,-1.560121582,-0.6137299081,1.13562904,-2.105780461,-1.645932096,0.01070000736,0,1,394,task,30,0,-1610,17,682,30
1,106,485,-1.560329345,-0.5712395224,1.042117405,-2.052184262,-1.64611869,0.01049215634,0,1,395,task,30,0,-1610,17,682,30
1,106,486,-1.560428196,-0.5480351964,0.9911994028,-2.023182739,-1.646212316,0.01039323134,0,0,,transition,30,0,-1610,17,682,30
1,106,487,-1.560527047,-0.5248308703,0.9402814008,-1.994181215,-1.646305941,0.01029430633,0,1,396,task,30,0,-1610,17,682,30
1,106,488,-1.560641238,-0.4987659669,0.8836512571,-1.962257934,-1.646325647,0.01017990486,0,0,,transition,30,0,-1610,17,682,30
1,106,489,-1.560755428,-0.4727010636,0.8270211133,-1.930334653,-1.646345352,0.01006550339,0,1,397,task,30,0,-1610,17,682,30
1,106,490,-1.560877712,-0.4425746719,0.7618864255,-1.893920078,-1.646314664,0.009942907079,0,0,,transition,30,0,-1610,17,682,30
1,106,491,-1.560999997,-0.4124482803,0.6967517377,-1.857505503,-1.646283977,0.009820310773,0,1,398,task,30,0,-1610,17,682,30
1,106,492,-1.561116752,-0.3755946942,0.6169814967,-1.813182144,-1.646253676,0.009703219031,0,0,,transition,30,0,-1610,17,682,30
1,106,493,-1.561233507,-0.3387411081,0.5372112558,-1.768858785,-1.646223375,0.009586127288,0,1,399,task,30,0,-1610,17,682,30
1,106,494,-1.538826862,-0.3502822639,0.5643085116,-1.78082375,-1.646112016,0.03205637642,0,1,400,task,10,0,-1610,17,682,30
1,106,495,-1.538438273,-0.3859834291,0.6419799601,-1.82478593,-1.646200423,0.03244626843,0,0,,transition,30,0,-1610,17,682,30
1,106,496,-1.538049684,-0.4216845942,0.7196514085,-1.86874811,-1.64628883,0.03283616044,0,1,401,task,30,0,-1610,17,682,30
1,106,497,-1.53764232,-0.451151176,0.7837925466,-1.905413046,-1.646379816,0.03324462138,0,0,,transition,30,0,-1610,17,682,30
1,106,498,-1.537234957,-0.4806177577,0.8479336847,-1.942077983,-1.646470801,0.03365308231,0,1,402,task,30,0,-1610,17,682,30
1,106,499,-1.536843712,-0.5060978851,0.9039666625,-1.974502551,-1.646433798,0.0340448035,0,0,,transition,30,0,-1610,17,682,30
1,106,500,-1.536452468,-0.5315780126,0.9599996403,-2.006927119,-1.646396794,0.03443652469,0,1,403,task,30,0,-1610,17,682,30
1,106,501,-1.5360562,-0.5543873968,1.010534559,-2.03647643,-1.646310329,0.03483289295,0,0,,transition,30,0,-1610,17,682,30
1,106,502,-1.535659931,-0.577196781,1.061069478,-2.066025741,-1.646223864,0.03522926122,0,1,404,task,30,0,-1610,17,682,30
1,106,503,-1.534826193,-0.6189892252,1.154080359,-2.12088881,-1.646056364,0.03606274057,0,1,405,task,30,0,-1610,17,682,30
1,106,504,-1.533947864,-0.6577833907,1.240850592,-2.172495811,-1.645895047,0.0369403286,0,1,406,task,30,0,-1610,17,682,30
1,106,505,-1.533008604,-0.6940244482,1.32085315,-2.218042025,-1.645780499,0.03788014838,0,1,407,task,30,0,-1610,17,682,30
1,106,506,-1.532017133,-0.728353187,1.396925356,-2.261566499,-1.64567028,0.03887209621,0,1,408,task,30,0,-1610,17,682,30
1,106,507,-1.53096898,-0.7610473389,1.469690934,-2.303414901,-1.645564778,0.03992063704,0,1,409,task,30,0,-1610,17,682,30
1,106,508,-1.529859152,-0.7923184305,1.539631936,-2.343857393,-1.645464424,0.04103075879,0,1,410,task,30,0,-1610,17,682,30
1,106,509,-1.528682053,-0.8223305998,1.607130258,-2.383111327,-1.645369701,0.0422080509,0,1,411,task,30,0,-1610,17,682,30
1,106,510,-1.52743139,-0.8512127746,1.672494737,-2.421356153,-1.645281149,0.04345879748,0,1,412,task,30,0,-1610,17,682,30
1,106,511,-1.526100068,-0.8790668001,1.735979535,-2.45874367,-1.645199379,0.04479008817,0,1,413,task,30,0,-1610,17,682,30
1,106,512,-1.525294663,-0.9047532656,1.801514153,-2.50491139,-1.643496422,0.04558079497,0,1,414,task,30,0,-1610,17,682,30
1,106,513,-1.524579842,-0.9288643131,1.8662291,-2.552888893,-1.641425528,0.04627504545,0,1,415,task,30,0,-1610,17,682,30
1,106,514,-1.523812537,-0.951658284,1.929434364,-2.600671204,-1.639364898,0.04701887289,0,1,416,task,30,0,-1610,17,682,30
1,106,515,-1.523801134,-0.9727740555,1.991825131,-2.649743278,-1.635359511,0.04699662361,0,1,417,task,30,0,-1610,17,682,30
1,106,516,-1.524293507,-0.9868525548,2.03627339,-2.685973818,-1.631307573,0.04647518744,0,1,418,task,30,0,-1610,17,682,30
1,106,517,-1.486549764,-0.9792377072,2.023811839,-2.678798709,-1.633743982,0.08421209549,0,1,419,task,10,0,-1610,17,682,30
1,106,518,-1.486480483,-0.9600851276,1.958345258,-2.619146127,-1.641118227,0.08438949796,0,1,420,task,30,0,-1610,17,682,30
1,106,519,-1.488795476,-0.9379719938,1.897310326,-2.574264913,-1.642500618,0.0821064435,0,1,421,task,30,0,-1610,17,682,30
1,106,520,-1.490948178,-0.9146363976,1.834887114,-2.52921157,-1.643915036,0.07998152268,0,1,422,task,30,0,-1610,17,682,30
1,106,521,-1.492955115,-0.8900692936,1.770911679,-2.483831891,-1.645357958,0.07799855381,0,1,423,task,30,0,-1610,17,682,30
1,106,522,-1.495079963,-0.8637073769,1.706999124,-2.442445254,-1.646137756,0.07588443303,0,1,424,task,30,0,-1610,17,682,30
1,106,523,-1.497355842,-0.8356601591,1.643391599,-2.40553816,-1.646127993,0.07360700917,0,1,425,task,30,0,-1610,17,682,30
1,106,524,-1.499496649,-0.8065565452,1.577811632,-2.367704934,-1.646128048,0.07146464333,0,1,426,task,30,0,-1610,17,682,30
1,106,525,-1.501513988,-0.7762864582,1.509991306,-2.328788633,-1.646137088,0.06944572759,0,1,427,task,30,0,-1610,17,682,30
1,106,526,-1.50341818,-0.7447105995,1.439602686,-2.288601411,-1.646154371,0.06753993884,0,1,428,task,30,0,-1610,17,682,30
1,106,527,-1.505218435,-0.7116511917,1.366237101,-2.24691308,-1.646179232,0.0657380669,0,1,429,task,30,0,-1610,17,682,30
1,106,528,-1.506922992,-0.6768780014,1.289374209,-2.203434159,-1.646211074,0.06403186932,0,1,430,task,30,0,-1610,17,682,30
1,106,529,-1.508539249,-0.6400864873,1.208333932,-2.157789676,-1.646249358,0.06241394823,0,1,431,task,30,0,-1610,17,682,30
1,106,530,-1.510073864,-0.6008620293,1.122198031,-2.109476514,-1.6462936,0.06087764541,0,1,432,task,30,0,-1610,17,682,30
1,106,531,-1.511516355,-0.5578930312,1.025761229,-2.051337953,-1.646399302,0.05943735709,0,1,433,task,30,0,-1610,17,682,30
1,106,532,-1.51219766,-0.5339817644,0.9718307576,-2.018121068,-1.646473818,0.05875712695,0,0,,transition,30,0,-1610,17,682,30
1,106,533,-1.512878966,-0.5100704976,0.9179002863,-1.984904182,-1.646548333,0.0580768968,0,1,434,task,30,0,-1610,17,682,30
1,106,534,-1.513574162,-0.4827915337,0.8571396783,-1.948072685,-1.646455105,0.05738072155,0,0,,transition,30,0,-1610,17,682,30
1,106,535,-1.514269359,-0.4555125699,0.7963790702,-1.911241188,-1.646361877,0.05668454629,0,1,435,task,30,0,-1610,17,682,30
1,106,536,-1.514971097,-0.4231692876,0.7250034202,-1.868726694,-1.646125376,0.05597985912,0,0,,transition,30,0,-1610,17,682,30
1,106,537,-1.515672836,-0.3908260054,0.6536277701,-1.8262122,-1.645888874,0.05527517195,0,1,436,task,30,0,-1610,17,682,30
1,106,538,-1.516318065,-0.3506572358,0.5662231715,-1.777021986,-1.64575255,0.05462698881,0,0,,transition,30,0,-1610,17,682,30
1,106,539,-1.516963294,-0.3104884662,0.4788185728,-1.727831771,-1.645616225,0.05397880567,0,1,437,task,30,0,-1610,17,682,30
1,106,540,-1.494707984,-0.3077485645,0.4755625544,-1.724274901,-1.645188826,0.07629294786,0,1,438,task,10,0,-1610,17,682,30
1,106,541,-1.493833347,-0.3471299395,0.5603810788,-1.770196662,-1.645240125,0.07717064214,0,0,,transition,30,0,-1610,17,682,30
1,106,542,-1.492958711,-0.3865113146,0.6451996031,-1.816118424,-1.645291423,0.07804833643,0,1,439,task,30,0,-1610,17,682,30
1,106,543,-1.491998422,-0.4185994567,0.7152920101,-1.856445749,-1.645511497,0.07901360116,0,0,,transition,30,0,-1610,17,682,30
1,106,544,-1.491038133,-0.4506875988,0.7853844171,-1.896773074,-1.645731571,0.07997886589,0,1,440,task,30,0,-1610,17,682,30
1,106,545,-1.489968613,-0.4807318783,0.8581745698,-1.95155641,-1.646192836,0.08104494758,0,0,,transition,30,0,-1610,17,682,30
1,106,546,-1.488899094,-0.5107761578,0.9309647226,-2.006339746,-1.646654101,0.08211102927,0,1,441,task,30,0,-1610,17,682,30
1,106,547,-1.486913674,-0.5564941738,1.030876971,-2.061666942,-1.646652417,0.08409936062,0,1,442,task,30,0,-1610,17,682,30
1,106,548,-1.484828459,-0.5983796927,1.122613173,-2.112643072,-1.646657169,0.08618753655,0,1,443,task,30,0,-1610,17,682,30
1,106,549,-1.482635795,-0.637286609,1.208047126,-2.160287439,-1.646668837,0.08838321963,0,1,444,task,30,0,-1610,17,682,30
1,106,550,-1.480327229,-0.6737887106,1.288442246,-2.20528901,-1.646687949,0.09069486975,0,1,445,task,30,0,-1610,17,682,30
1,106,551,-1.477893409,-0.7082922822,1.364697936,-2.248140163,-1.646715087,0.09313184961,0,1,446,task,30,0,-1610,17,682,30
1,106,552,-1.475323957,-0.7410962313,1.437481193,-2.289208171,-1.64675089,0.09570454708,0,1,447,task,30,0,-1610,17,682,30
1,106,553,-1.472607331,-0.7724268073,1.50730271,-2.32877656,-1.64679607,0.09842451792,0,1,448,task,30,0,-1610,17,682,30
1,106,554,-1.469730655,-0.8024588726,1.574563634,-2.367070587,-1.646851412,0.1013046526,0,1,449,task,30,0,-1610,17,682,30
1,106,555,-1.466679525,-0.8313295443,1.639585719,-2.404273736,-1.646917791,0.1043593725,0,1,450,task,30,0,-1610,17,682,30
1,106,556,-1.463437778,-0.8591472521,1.702631543,-2.440538855,-1.646996179,0.1076048604,0,1,451,task,30,0,-1610,17,682,30
1,106,557,-1.459867102,-0.8851200331,1.765188948,-2.47972802,-1.647424193,0.1111760355,0,1,452,task,30,0,-1610,17,682,30
1,106,558,-1.455998518,-0.9096147095,1.826665932,-2.520005359,-1.648032953,0.1150425317,0,1,453,task,30,0,-1610,17,682,30
1,106,559,-1.451857982,-0.9330316615,1.886644376,-2.559836673,-1.648676963,0.1191796118,0,1,454,task,30,0,-1610,17,682,30
1,106,560,-1.447416249,-0.9553910632,1.945268128,-2.599342636,-1.649359983,0.1236164119,0,1,455,task,30,0,-1610,17,682,30
1,106,561,-1.443154234,-0.9740672426,1.993038081,-2.62922378,-1.650440061,0.1278901151,0,1,456,task,30,0,-1610,17,682,30
1,106,562,-1.406736129,-0.9639680854,1.976268063,-2.61962261,-1.651823314,0.1643997003,0,1,457,task,10,0,-1610,17,682,30
1,106,563,-1.412581851,-0.9418997988,1.921508767,-2.587339368,-1.651345422,0.1585361903,0,1,458,task,30,0,-1610,17,682,30
1,106,564,-1.418040807,-0.9189836087,1.865552269,-2.554671448,-1.650879975,0.153060854,0,1,459,task,30,0,-1610,17,682,30
1,106,565,-1.423154336,-0.8952143226,1.808222453,-2.521357212,-1.650412326,0.1479327234,0,1,460,task,30,0,-1610,17,682,30
1,106,566,-1.428387372,-0.8716366041,1.742864674,-2.470968051,-1.648713298,0.1427280423,0,1,461,task,30,0,-1610,17,682,30
1,106,567,-1.432846739,-0.8457932018,1.677557518,-2.425539147,-1.648342054,0.1382863878,0,1,462,task,30,0,-1610,17,682,30
1,106,568,-1.43651683,-0.8178131138,1.612802193,-2.386084187,-1.649533231,0.1346317493,0,1,463,task,30,0,-1610,17,682,30
1,106,569,-1.43997114,-0.7886511409,1.545891149,-2.345646726,-1.650748356,0.1311915947,0,1,464,task,30,0,-1610,17,682,30
1,106,570,-1.443227956,-0.7581863373,1.476525225,-2.304049345,-1.651985362,0.1279477339,0,1,465,task,30,0,-1610,17,682,30
1,106,571,-1.446303578,-0.7262629159,1.404333794,-2.261077897,-1.653242399,0.1248839513,0,1,466,task,30,0,-1610,17,682,30
1,106,572,-1.449205221,-0.6926783249,1.328888182,-2.216550004,-1.654541818,0.1219932699,0,1,467,task,30,0,-1610,17,682,30
1,106,573,-1.451640538,-0.6572274833,1.251376543,-2.173711791,-1.656905824,0.1195755049,0,1,468,task,30,0,-1610,17,682,30
1,106,574,-1.453952859,-0.6196506729,1.169404861,-2.128539955,-1.659275054,0.1172808137,0,1,469,task,30,0,-1610,17,682,30
1,106,575,-1.456151215,-0.579483256,1.081949912,-2.080475867,-1.661649112,0.1151001716,0,1,470,task,30,0,-1610,17,682,30
1,106,576,-1.458243783,-0.5360569131,0.987544984,-2.028721091,-1.664027634,0.1130254086,0,1,471,task,30,0,-1610,17,682,30
1,106,577,-1.45856782,-0.510752283,0.9306384031,-1.993207698,-1.667692151,0.112745469,0,0,,transition,30,0,-1610,17,682,30
1,106,578,-1.458891858,-0.4854476529,0.8737318222,-1.957694305,-1.671356668,0.1124655295,0,1,472,task,30,0,-1610,17,682,30
1,106,579,-1.460126925,-0.4563360922,0.8081665591,-1.91666024,-1.671538519,0.111228876,0,0,,transition,30,0,-1610,17,682,30
1,106,580,-1.461361992,-0.4272245316,0.7426012961,-1.875626175,-1.671720369,0.1099922225,0,1,473,task,30,0,-1610,17,682,30
1,106,581,-1.463229228,-0.3937117514,0.6691808479,-1.833779777,-1.669259396,0.1080889491,0,0,,transition,30,0,-1610,17,682,30
1,106,582,-1.465096463,-0.3601989712,0.5957603997,-1.791933379,-1.666798423,0.1061856756,0,1,474,task,30,0,-1610,17,682,30
1,106,583,-1.46626881,-0.3171432421,0.503067996,-1.742296729,-1.666752138,0.1050073377,0,0,,transition,30,0,-1610,17,682,30
1,106,584,-1.467441157,-0.274087513,0.4103755924,-1.69266008,-1.666705853,0.1038289997,0,1,475,task,30,0,-1610,17,682,30
1,106,585,-1.445525143,-0.2526260594,0.3687081278,-1.670730653,-1.66662122,0.125846521,0,1,476,task,10,0,-1610,17,682,30
1,106,586,-1.444253922,-0.2837354259,0.4366120203,-1.708472162,-1.667926324,0.1271407339,0,0,,transition,30,0,-1610,17,682,30
1,106,587,-1.442982701,-0.3148447925,0.5045159128,-1.746213672,-1.669231428,0.1284349468,0,0,,transition,30,0,-1610,17,682,30
1,106,588,-1.44171148,-0.3459541591,0.5724198052,-1.783955181,-1.670536532,0.1297291597,0,1,477,task,30,0,-1610,17,682,30
1,106,589,-1.440032668,-0.3801770775,0.6471031244,-1.825786504,-1.671308449,0.1314266433,0,0,,transition,30,0,-1610,17,682,30
1,106,590,-1.438353857,-0.4143999959,0.7217864436,-1.867617827,-1.672080366,0.1331241269,0,1,478,task,30,0,-1610,17,682,30
1,106,591,-1.436702324,-0.442835886,0.7839018729,-1.902647883,-1.672465829,0.1347887554,0,0,,transition,30,0,-1610,17,682,30
1,106,592,-1.435050791,-0.4712717761,0.8460173022,-1.937677939,-1.672851291,0.1364533839,0,1,479,task,30,0,-1610,17,682,30
1,106,593,-1.43376596,-0.4966799055,0.9024776681,-1.971504553,-1.671633025,0.13772448,0,0,,transition,30,0,-1610,17,682,30
1,106,594,-1.43248113,-0.5220880349,0.958938034,-2.005331166,-1.670414759,0.138995576,0,1,480,task,30,0,-1610,17,682,30
1,106,595,-1.431488579,-0.5449142533,1.009955112,-2.036319178,-1.667949367,0.1399540216,0,0,,transition,30,0,-1610,17,682,30
1,106,596,-1.430496027,-0.5677404716,1.06097219,-2.06730719,-1.665483975,0.1409124672,0,1,481,task,30,0,-1610,17,682,30
1,106,597,-1.427100734,-0.6079336932,1.148256198,-2.114313489,-1.665059242,0.1443166137,0,1,482,task,30,0,-1610,17,682,30
1,106,598,-1.423533053,-0.6454797246,1.229907587,-2.158321063,-1.664635567,0.1478936542,0,1,483,task,30,0,-1610,17,682,30
1,106,599,-1.41977975,-0.6808607519,1.306985052,-2.199905398,-1.664212954,0.1516568617,0,1,484,task,30,0,-1610,17,682,30
1,106,600,-1.415826228,-0.7144254468,1.380256868,-2.239484966,-1.663791401,0.1556208767,0,1,485,task,30,0,-1610,17,682,30
1,106,601,-1.411656352,-0.7464346927,1.45030091,-2.277375513,-1.663370895,0.1598018835,0,1,486,task,30,0,-1610,17,682,30
1,106,602,-1.407252243,-0.7770888053,1.517564241,-2.3138224,-1.662951411,0.1642178146,0,1,487,task,30,0,-1610,17,682,30
1,106,603,-1.402594042,-0.8065446246,1.582400583,-2.349020975,-1.662532907,0.1688885873,0,1,488,task,30,0,-1610,17,682,30
1,106,604,-1.397194831,-0.8347192884,1.645616951,-2.384627315,-1.66344301,0.1743213421,0,1,489,task,30,0,-1610,17,682,30
1,106,605,-1.391420302,-0.859403842,1.725294022,-2.463718794,-1.664586283,0.180001433,0,1,490,task,30,0,-1610,17,682,30
1,106,606,-1.387221897,-0.884026562,1.788861778,-2.508420031,-1.660470545,0.1840992589,0,1,491,task,30,0,-1610,17,682,30
1,106,607,-1.381489012,-0.9077999305,1.84626945,-2.54200966,-1.659612844,0.1898318252,0,1,492,task,30,0,-1610,17,682,30
1,106,608,-1.375368874,-0.9306775753,1.902316574,-2.575111281,-1.65877028,0.1959520856,0,1,493,task,30,0,-1610,17,682,30
1,106,609,-1.368914093,-0.9523882442,1.956377411,-2.607369376,-1.657955271,0.2024074755,0,1,494,task,30,0,-1610,17,682,30
1,106,610,-1.332655855,-0.9415466458,1.92939389,-2.579748764,-1.661809982,0.2389304066,0,1,495,task,10,0,-1610,17,682,30
1,106,611,-1.339628154,-0.918797302,1.876020177,-2.55112456,-1.664424728,0.2319712101,0,1,496,task,30,0,-1610,17,682,30
1,106,612,-1.346789765,-0.8959362944,1.819589442,-2.516915295,-1.665363646,0.2248142232,0,1,497,task,30,0,-1610,17,682,30
1,106,613,-1.353505002,-0.8721259332,1.761699041,-2.482167604,-1.666326132,0.2181038792,0,1,498,task,30,0,-1610,17,682,30
1,106,614,-1.359588664,-0.8474335659,1.699520349,-2.440564394,-1.66792071,0.2120660332,0,1,499,task,30,0,-1610,17,682,30
1,106,615,-1.365974394,-0.8216847974,1.628331256,-2.381930056,-1.667605041,0.2057345205,0,1,500,task,30,0,-1610,17,682,30
1,106,616,-1.373050379,-0.7941334649,1.563174698,-2.341185673,-1.664232786,0.1985807273,0,1,501,task,30,0,-1610,17,682,30
1,106,617,-1.379182136,-0.765007046,1.497265832,-2.303270391,-1.662561576,0.1923993413,0,1,502,task,30,0,-1610,17,682,30
1,106,618,-1.384251952,-0.7343018549,1.429704137,-2.266501754,-1.663186398,0.187319927,0,1,503,task,30,0,-1610,17,682,30
1,106,619,-1.389055603,-0.7021858247,1.359248673,-2.228231726,-1.66381277,0.1825073049,0,1,504,task,30,0,-1610,17,682,30
1,106,620,-1.393613063,-0.6684470924,1.285426877,-2.188200993,-1.664440698,0.1779414539,0,1,505,task,30,0,-1610,17,682,30
1,106,621,-1.397942398,-0.6328078161,1.207623548,-2.146073454,-1.665070171,0.1736042638,0,1,506,task,30,0,-1610,17,682,30
1,106,622,-1.401992601,-0.5948045342,1.124652869,-2.100816556,-1.6659339,0.1695515333,0,1,507,task,30,0,-1610,17,682,30
1,106,623,-1.404899473,-0.5524244917,1.029917069,-2.043543479,-1.670160711,0.166711208,0,1,508,task,30,0,-1610,17,682,30
1,106,624,-1.406596112,-0.5293908118,0.9789923218,-2.013745485,-1.671146963,0.165025479,0,0,,transition,30,0,-1610,17,682,30
1,106,625,-1.408292751,-0.506357132,0.9280675744,-1.983947491,-1.672133214,0.1633397501,0,1,509,task,30,0,-1610,17,682,30
1,106,626,-1.410133008,-0.4809217658,0.8725078674,-1.952686009,-1.672299504,0.1614939234,0,0,,transition,30,0,-1610,17,682,30
1,106,627,-1.411973265,-0.4554863997,0.8169481605,-1.921424526,-1.672465794,0.1596480967,0,1,510,task,30,0,-1610,17,682,30
1,106,628,-1.413841199,-0.4264036899,0.7537502328,-1.886555597,-1.672215239,0.1577669238,0,0,,transition,30,0,-1610,17,682,30
1,106,629,-1.415709133,-0.3973209801,0.6905523051,-1.851686668,-1.671964683,0.1558857509,0,1,511,task,30,0,-1610,17,682,30
1,106,630,-1.417494176,-0.361821419,0.6134053715,-1.809275353,-1.671719145,0.1540878808,0,0,,transition,30,0,-1610,17,682,30
1,106,631,-1.419279219,-0.3263218579,0.536258438,-1.766864037,-1.671473607,0.1522900107,0,1,512,task,30,0,-1610,17,682,30
1,106,632,-1.420504589,-0.2925475839,0.4627656463,-1.726626988,-1.670967665,0.1510507185,0,0,,transition,30,0,-1610,17,682,30
1,106,633,-1.42172996,-0.25877331,0.3892728546,-1.686389939,-1.670461722,0.1498114264,0,0,,transition,30,0,-1610,17,682,30
1,106,634,-1.422955331,-0.224999036,0.315780063,-1.646152891,-1.66995578,0.1485721342,0,1,513,task,30,0,-1610,17,682,30
1,106,635,-1.412230606,-0.1956025391,0.2546859517,-1.613958283,-1.670469117,0.1593599776,0,0,,transition,10,0,-1610,17,682,30
1,106,636,-1.401505882,-0.1662060423,0.1935918404,-1.581763676,-1.670982454,0.1701478209,0,1,514,task,10,0,-1610,17,682,30
1,106,637,-1.400232329,-0.2088203644,0.2863809948,-1.63226594,-1.671100814,0.1714299604,0,0,,transition,30,0,-1610,17,682,30
1,106,638,-1.398958776,-0.2514346866,0.3791701493,-1.682768205,-1.671219173,0.1727120999,0,0,,transition,30,0,-1610,17,682,30
1,106,639,-1.397685222,-0.2940490088,0.4719593037,-1.73327047,-1.671337533,0.1739942394,0,1,515,task,30,0,-1610,17,682,30
1,106,640,-1.395689659,-0.3326703393,0.555812518,-1.778983423,-1.671518229,0.1760031668,0,0,,transition,30,0,-1610,17,682,30
1,106,641,-1.393694095,-0.3712916698,0.6396657324,-1.824696377,-1.671698925,0.1780120943,0,1,516,task,30,0,-1610,17,682,30
1,106,642,-1.391607596,-0.4019072683,0.7060837682,-1.860969104,-1.671882936,0.1801124787,0,0,,transition,30,0,-1610,17,682,30
1,106,643,-1.389521096,-0.4325228668,0.772501804,-1.897241831,-1.672066948,0.1822128632,0,1,517,task,30,0,-1610,17,682,30
1,106,644,-1.387337453,-0.4587470255,0.8293946145,-1.928369227,-1.672254443,0.1844109541,0,0,,transition,30,0,-1610,17,682,30
1,106,645,-1.38515381,-0.4849711842,0.886287425,-1.959496622,-1.672441938,0.1866090451,0,1,518,task,30,0,-1610,17,682,30
1,106,646,-1.383061517,-0.5085231506,0.9378918646,-1.988683781,-1.671935328,0.188700797,0,0,,transition,30,0,-1610,17,682,30
1,106,647,-1.380969224,-0.5320751169,0.9894963043,-2.017870941,-1.671428717,0.1907925489,0,1,519,task,30,0,-1610,17,682,30
1,106,648,-1.376686147,-0.5749575569,1.08396489,-2.07208891,-1.670055931,0.1950652998,0,1,520,task,30,0,-1610,17,682,30
1,106,649,-1.37262475,-0.6147148218,1.172368653,-2.124140608,-1.667209481,0.1990824728,0,1,521,task,30,0,-1610,17,682,30
1,106,650,-1.368152726,-0.6514187454,1.253619196,-2.170639367,-1.665045314,0.2035268362,0,1,522,task,30,0,-1610,17,682,30
1,106,651,-1.363149599,-0.6856409072,1.328748915,-2.211822758,-1.663850257,0.2085270127,0,1,523,task,30,0,-1610,17,682,30
1,106,652,-1.357879848,-0.7181245907,1.400275458,-2.251128732,-1.662659838,0.2137940906,0,1,524,task,30,0,-1610,17,682,30
1,106,653,-1.351447963,-0.7487396852,1.469246771,-2.290567008,-1.66416904,0.2202766346,0,1,525,task,30,0,-1610,17,682,30
1,106,654,-1.344557921,-0.7778987808,1.53531152,-2.328343656,-1.665980661,0.227227587,0,1,526,task,30,0,-1610,17,682,30
1,106,655,-1.33711517,-0.8056124661,1.600374424,-2.368254379,-1.668268427,0.2347362892,0,1,527,task,30,0,-1610,17,682,30
1,106,656,-1.329599691,-0.8318639812,1.66614486,-2.413856813,-1.669552542,0.2422692933,0,1,528,task,30,0,-1610,17,682,30
1,106,657,-1.322817581,-0.856684935,1.73249458,-2.464635354,-1.667607457,0.2489492773,0,1,529,task,30,0,-1610,17,682,30
1,106,658,-1.315370236,-0.8805194109,1.790771052,-2.500195818,-1.666281691,0.2563781449,0,1,530,task,30,0,-1610,17,682,30
1,106,659,-1.307437895,-0.9033569084,1.847495936,-2.53517634,-1.664987693,0.2642917071,0,1,531,task,30,0,-1610,17,682,30
1,106,660,-1.299312924,-0.9259594595,1.900888615,-2.564278883,-1.662849584,0.2724095155,0,1,532,task,30,0,-1610,17,682,30
1,106,661,-1.298400489,-0.9285947105,1.906631953,-2.566801031,-1.662479092,0.2733226424,0,1,533,task,30,0,-1610,17,682,30
1,106,662,-1.264918318,-0.9148703012,1.88198081,-2.552786653,-1.663028883,0.306942358,0,1,534,task,10,0,-1610,17,682,30
1,106,663,-1.274191609,-0.8922311427,1.830213623,-2.526918033,-1.664836164,0.2976481855,0,1,535,task,30,0,-1610,17,682,30
1,106,664,-1.282796655,-0.8696147138,1.773028988,-2.490184109,-1.666887774,0.2890980267,0,1,536,task,30,0,-1610,17,682,30
1,106,665,-1.29098357,-0.8459728695,1.71312838,-2.450286998,-1.668693889,0.2809724547,0,1,537,task,30,0,-1610,17,682,30
1,106,666,-1.298919435,-0.8211310353,1.648650424,-2.40345898,-1.669869895,0.2731068154,0,1,538,task,30,0,-1610,17,682,30
1,106,667,-1.30712103,-0.7949230426,1.584533981,-2.361308185,-1.668993638,0.2648828654,0,1,539,task,30,0,-1610,17,682,30
1,106,668,-1.315234344,-0.7674068325,1.519709763,-2.321557334,-1.66705242,0.2567043972,0,1,540,task,30,0,-1610,17,682,30
1,106,669,-1.322738904,-0.7383766506,1.453935566,-2.284178251,-1.665674146,0.2491404341,0,1,541,task,30,0,-1610,17,682,30
1,106,670,-1.329822712,-0.7079226148,1.385653155,-2.245980435,-1.664396796,0.2420012467,0,1,542,task,30,0,-1610,17,682,30
1,106,671,-1.336742425,-0.6759536076,1.313964657,-2.205565683,-1.662481596,0.2350161917,0,1,543,task,30,0,-1610,17,682,30
1,106,672,-1.341135417,-0.6405278812,1.233761976,-2.155902607,-1.667857522,0.2307387849,0,1,544,task,30,0,-1610,17,682,30
1,106,673,-1.346903737,-0.6036510622,1.153290487,-2.111292381,-1.6678007,0.2249458812,0,1,545,task,30,0,-1610,17,682,30
1,106,674,-1.352394592,-0.5641551433,1.067258297,-2.063712685,-1.667755771,0.2194313998,0,1,546,task,30,0,-1610,17,682,30
1,106,675,-1.357626957,-0.5213722252,0.9742019526,-2.012369973,-1.66772209,0.2141762825,0,1,547,task,30,0,-1610,17,682,30
1,106,676,-1.360122563,-0.4978257669,0.9230423856,-1.984210204,-1.667710568,0.2116697008,0,0,,transition,30,0,-1610,17,682,30
1,106,677,-1.362618168,-0.4742793086,0.8718828186,-1.956050435,-1.667699046,0.2091631192,0,1,548,task,30,0,-1610,17,682,30
1,106,678,-1.365001128,-0.4477223363,0.8142206933,-1.924387434,-1.667692556,0.2067695495,0,0,,transition,30,0,-1610,17,682,30
1,106,679,-1.367384087,-0.421165364,0.756558568,-1.892724433,-1.667686067,0.2043759798,0,1,549,task,30,0,-1610,17,682,30
1,106,680,-1.369661671,-0.3899526488,0.6887950971,-1.855605402,-1.667684341,0.2020881221,0,0,,transition,30,0,-1610,17,682,30
1,106,681,-1.371939254,-0.3587399336,0.6210316262,-1.81848637,-1.667682615,0.1998002645,0,1,550,task,30,0,-1610,17,682,30
1,106,682,-1.374118135,-0.3187605285,0.5341688006,-1.771024938,-1.6676854,0.1976114182,0,0,,transition,30,0,-1610,17,682,30
1,106,683,-1.376297015,-0.2787811234,0.4473059749,-1.723563506,-1.667688185,0.1954225719,0,1,551,task,30,0,-1610,17,682,30
1,106,684,-1.377340172,-0.2418020436,0.3666950081,-1.679638063,-1.667691714,0.1943745745,0,0,,transition,30,0,-1610,17,682,30
1,106,685,-1.378383329,-0.2048229638,0.2860840413,-1.63571262,-1.667695243,0.1933265771,0,0,,transition,30,0,-1610,17,682,30
1,106,686,-1.379426485,-0.167843884,0.2054730745,-1.591787177,-1.667698772,0.1922785796,0,0,,transition,30,0,-1610,17,682,30
1,106,687,-1.380469642,-0.1308648042,0.1248621078,-1.547861735,-1.667702301,0.1912305822,0,1,552,task,30,0,-1610,17,682,30
1,106,688,-1.374904132,-0.1752898599,0.2232219988,-1.602240504,-1.667327952,0.1968140798,0,0,,transition,10,0,-1610,17,682,30
1,106,689,-1.369338621,-0.2197149157,0.3215818899,-1.656619274,-1.666953602,0.2023975774,0,0,,transition,10,0,-1610,17,682,30
1,106,690,-1.363773111,-0.2641399715,0.419941781,-1.710998044,-1.666579253,0.2079810751,0,0,,transition,10,0,-1610,17,682,30
1,106,691,-1.358207601,-0.3085650273,0.518301672,-1.765376814,-1.666204904,0.2135645727,0,0,,transition,10,0,-1610,17,682,30
1,106,692,-1.35264209,-0.3529900831,0.6166615631,-1.819755584,-1.665830554,0.2191480703,0,0,,transition,10,0,-1610,17,682,30
1,106,693,-1.34707658,-0.3974151389,0.7150214542,-1.874134354,-1.665456205,0.2247315679,0,0,,transition,10,0,-1610,17,682,30
1,106,694,-1.34151107,-0.4418401947,0.8133813453,-1.928513124,-1.665081856,0.2303150656,0,1,553,task,10,0,-1610,17,682,30
1,106,695,-1.338751626,-0.4666036243,0.8674818588,-1.958588777,-1.665271769,0.2330895149,0,0,,transition,30,0,-1610,17,682,30
1,106,696,-1.335992182,-0.491367054,0.9215823724,-1.98866443,-1.665461683,0.2358639641,0,1,554,task,30,0,-1610,17,682,30
1,106,697,-1.330210579,-0.5357997411,1.018837059,-2.042933933,-1.665857437,0.2416764689,0,1,555,task,30,0,-1610,17,682,30
1,106,698,-1.324147775,-0.576452617,1.108022633,-2.092882237,-1.666270039,0.24777116,0,1,556,task,30,0,-1610,17,682,30
1,106,699,-1.317783585,-0.6141487074,1.190943213,-2.13948795,-1.666700469,0.2541683262,0,1,557,task,30,0,-1610,17,682,30
1,106,700,-1.311095942,-0.6494420987,1.268816359,-2.183411805,-1.66714977,0.260890156,0,1,558,task,30,0,-1610,17,682,30
1,106,701,-1.304060679,-0.6827253338,1.342507937,-2.225124106,-1.667619049,0.2679609513,0,1,559,task,30,0,-1610,17,682,30
1,106,702,-1.29665129,-0.7142870479,1.41265815,-2.264973086,-1.668109481,0.2754073697,0,1,560,task,30,0,-1610,17,682,30
1,106,703,-1.288838663,-0.7443453899,1.479754623,-2.303224526,-1.668622307,0.2832586971,0,1,561,task,30,0,-1610,17,682,30
1,106,704,-1.280590772,-0.7730685828,1.54417738,-2.340086133,-1.669158839,0.2915471556,0,1,562,task,30,0,-1610,17,682,30
1,106,705,-1.27186752,-0.8004858157,1.606613984,-2.376673151,-1.669738204,0.3003096639,0,1,563,task,30,0,-1610,17,682,30
1,106,706,-1.262933573,-0.8257263053,1.670224926,-2.420529489,-1.669537839,0.3092199652,0,1,564,task,30,0,-1610,17,682,30
1,106,707,-1.253644935,-0.8496752649,1.731628411,-2.463237676,-1.668876497,0.3184607135,0,1,565,task,30,0,-1610,17,682,30
1,106,708,-1.244831693,-0.8725871292,1.790861375,-2.504053168,-1.665455327,0.3271439014,0,1,566,task,30,0,-1610,17,682,30
1,106,709,-1.233439911,-0.8944182753,1.843005503,-2.531971424,-1.667249258,0.3386516583,0,1,567,task,30,0,-1610,17,682,30
1,106,710,-1.230208992,-0.8991912668,1.855505826,-2.539621191,-1.668743188,0.3419366837,0,1,568,task,30,0,-1610,17,682,30
1,106,711,-1.198414467,-0.8837512399,1.827011477,-2.523436921,-1.669091084,0.3738829783,0,1,569,task,10,0,-1610,17,682,30
1,106,712,-1.209697043,-0.8620089864,1.773467726,-2.491627102,-1.670189739,0.362602154,0,1,570,task,30,0,-1610,17,682,30
1,106,713,-1.221076917,-0.8383355388,1.717793369,-2.458455064,-1.669248303,0.3511747304,0,1,571,task,30,0,-1610,17,682,30
1,106,714,-1.231807976,-0.8136638902,1.660305029,-2.424384046,-1.668350543,0.3403988893,0,1,572,task,30,0,-1610,17,682,30
1,106,715,-1.2419404,-0.7879319947,1.600845328,-2.389326,-1.667494023,0.3302240789,0,1,573,task,30,0,-1610,17,682,30
1,106,716,-1.251519734,-0.761060241,1.539220231,-2.353173028,-1.666676411,0.3206044324,0,1,574,task,30,0,-1610,17,682,30
1,106,717,-1.260587355,-0.7329471282,1.475189582,-2.315792328,-1.665895484,0.3114982935,0,1,575,task,30,0,-1610,17,682,30
1,106,718,-1.269180899,-0.7034631393,1.408453693,-2.277018986,-1.665149135,0.3028677899,0,1,576,task,30,0,-1610,17,682,30
1,106,719,-1.277334631,-0.6724418501,1.338633873,-2.236645461,-1.664435373,0.2946784492,0,1,577,task,30,0,-1610,17,682,30
1,106,720,-1.285079788,-0.6396666301,1.265243326,-2.194405851,-1.66375232,0.2868988555,0,1,578,task,30,0,-1610,17,682,30
1,106,721,-1.292444882,-0.6048499965,1.187641995,-2.149951428,-1.663098213,0.2795003424,0,1,579,task,30,0,-1610,17,682,30
1,106,722,-1.29945597,-0.5676000346,1.104963138,-2.10281084,-1.662471393,0.2724567182,0,1,580,task,30,0,-1610,17,682,30
1,106,723,-1.306136898,-0.5273624428,1.015986598,-2.052321386,-1.661870307,0.2657440211,0,1,581,task,30,0,-1610,17,682,30
1,106,724,-1.312509516,-0.483312432,0.9189023944,-1.997500728,-1.661293497,0.2593402999,0,1,582,task,30,0,-1610,17,682,30
1,106,725,-1.315551693,-0.4587214928,0.864861335,-1.967140695,-1.661016548,0.2562828595,0,0,,transition,30,0,-1610,17,682,30
1,106,726,-1.31859387,-0.4341305535,0.8108202756,-1.936780662,-1.660739599,0.2532254191,0,1,583,task,30,0,-1610,17,682,30
1,106,727,-1.339611048,-0.5288530074,0.8741519193,-1.906282273,-1.653244632,0.2321233008,0,0,,transition,10,0,-1610,17,682,30
1,106,728,-1.360628225,-0.6235754613,0.937483563,-1.875783885,-1.645749666,0.2110211826,0,0,,transition,10,0,-1610,17,682,30
1,106,729,-1.381645403,-0.7182979151,1.000815207,-1.845285496,-1.638254699,0.1899190643,0,0,,transition,10,0,-1610,17,682,30
1,106,730,-1.40266258,-0.813020369,1.06414685,-1.814787108,-1.630759733,0.1688169461,0,0,,transition,10,0,-1610,17,682,30
1,106,731,-1.423679758,-0.9077428229,1.127478494,-1.784288719,-1.623264766,0.1477148278,0,0,,transition,10,0,-1610,17,682,30
1,106,732,-1.444696935,-1.002465277,1.190810138,-1.753790331,-1.615769799,0.1266127095,0,0,,transition,10,0,-1610,17,682,30
1,106,733,-1.465714113,-1.097187731,1.254141782,-1.723291942,-1.608274833,0.1055105913,0,0,,transition,10,0,-1610,17,682,30
1,106,734,-1.48673129,-1.191910185,1.317473425,-1.692793554,-1.600779866,0.08440847303,0,0,,transition,10,0,-1610,17,682,30
1,106,735,-1.507748468,-1.286632638,1.380805069,-1.662295165,-1.5932849,0.06330635477,0,0,,transition,10,0,-1610,17,682,30
1,106,736,-1.528765645,-1.381355092,1.444136713,-1.631796777,-1.585789933,0.04220423651,0,0,,transition,10,0,-1610,17,682,30
1,106,737,-1.549782823,-1.476077546,1.507468356,-1.601298388,-1.578294967,0.02110211826,0,0,,transition,10,0,-1610,17,682,30
1,106,738,-1.5708,-1.5708,1.5708,-1.5708,-1.5708,0,0,0,,home,10,0,-1610,17,682,30
1,107,1,-1.5708,-1.5708,1.5708,-1.5708,-1.5708,0,0,0,,home,10,0,-1610,17,682,30
1,107,2,-1.577121986,-1.476874402,1.497284423,-1.591798541,-1.578086061,-0.006351113067,0,0,,transition,10,0,-1610,17,682,30
1,107,3,-1.583443972,-1.382948804,1.423768846,-1.612797082,-1.585372122,-0.01270222613,0,0,,transition,10,0,-1610,17,682,30
1,107,4,-1.589765958,-1.289023207,1.350253269,-1.633795623,-1.592658183,-0.0190533392,0,0,,transition,10,0,-1610,17,682,30
1,107,5,-1.596087944,-1.195097609,1.276737692,-1.654794164,-1.599944243,-0.02540445227,0,0,,transition,10,0,-1610,17,682,30
1,107,6,-1.60240993,-1.101172011,1.203222115,-1.675792705,-1.607230304,-0.03175556533,0,0,,transition,10,0,-1610,17,682,30
1,107,7,-1.608731916,-1.007246413,1.129706538,-1.696791247,-1.614516365,-0.0381066784,0,0,,transition,10,0,-1610,17,682,30
1,107,8,-1.615053902,-0.9133208153,1.05619096,-1.717789788,-1.621802426,-0.04445779147,0,0,,transition,10,0,-1610,17,682,30
1,107,9,-1.621375888,-0.8193952174,0.9826753834,-1.738788329,-1.629088487,-0.05080890453,0,0,,transition,10,0,-1610,17,682,30
1,107,10,-1.627697874,-0.7254696196,0.9091598063,-1.75978687,-1.636374548,-0.0571600176,0,0,,transition,10,0,-1610,17,682,30
1,107,11,-1.63401986,-0.6315440218,0.8356442292,-1.780785411,-1.643660608,-0.06351113067,0,0,,transition,10,0,-1610,17,682,30
1,107,12,-1.640341846,-0.537618424,0.7621286522,-1.801783952,-1.650946669,-0.06986224374,0,0,,transition,10,0,-1610,17,682,30
1,107,13,-1.646663832,-0.4436928262,0.6886130751,-1.822782493,-1.65823273,-0.0762133568,0,0,,transition,10,0,-1610,17,682,30
1,107,14,-1.652985818,-0.3497672283,0.615097498,-1.843781034,-1.665518791,-0.08256446987,0,1,1,task,10,0,-1610,17,682,30
1,107,15,-1.653953259,-0.3827234177,0.6870254946,-1.883865781,-1.665415916,-0.08353539292,0,0,,transition,30,0,-1610,17,682,30
1,107,16,-1.6549207,-0.415679607,0.7589534913,-1.923950528,-1.665313041,-0.08450631597,0,1,2,task,15,0,-1610,17,682,30
1,107,17,-1.655934821,-0.443502459,0.8197672906,-1.958058395,-1.665205277,-0.08552386792,0,0,,transition,30,0,-1610,17,682,30
1,107,18,-1.656948943,-0.471325311,0.88058109,-1.992166261,-1.665097513,-0.08654141988,0,1,3,task,20,0,-1610,17,682,30
1,107,19,-1.658013212,-0.4959025861,0.934412692,-2.022541766,-1.6649845,-0.08760906263,0,0,,transition,30,0,-1610,17,682,30
1,107,20,-1.659077482,-0.5204798612,0.9882442939,-2.052917271,-1.664871487,-0.08867670538,0,1,4,task,25,0,-1610,17,682,30
1,107,21,-1.636993167,-0.5266833039,1.015862835,-2.075598803,-1.659725305,-0.06646070319,0,1,5,task,10,0,-1610,17,682,30
1,107,22,-1.636187671,-0.5028549974,0.9633156735,-2.045586462,-1.659818762,-0.0656532553,0,0,,transition,30,0,-1610,17,682,30
1,107,23,-1.635382175,-0.4790266908,0.9107685119,-2.015574121,-1.659912218,-0.06484580742,0,1,6,task,30,0,-1610,17,682,30
1,107,24,-1.63461506,-0.4522362128,0.851877877,-1.982183595,-1.660000957,-0.06407661884,0,0,,transition,30,0,-1610,17,682,30
1,107,25,-1.633847945,-0.4254457347,0.7929872421,-1.948793068,-1.660089696,-0.06330743027,0,1,7,task,30,0,-1610,17,682,30
1,107,26,-1.633116531,-0.3941324546,0.7243355676,-1.910167213,-1.660174034,-0.06257383016,0,0,,transition,30,0,-1610,17,682,30
1,107,27,-1.632385116,-0.3628191746,0.6556838931,-1.871541358,-1.660258373,-0.06184023006,0,1,8,task,30,0,-1610,17,682,30
1,107,28,-1.6276478,-0.4557407765,0.7260774397,-1.848407408,-1.65337696,-0.05708328929,0,0,,transition,10,0,-1610,17,682,30
1,107,29,-1.622910483,-0.5486623785,0.7964709864,-1.825273457,-1.646495546,-0.05232634851,0,0,,transition,10,0,-1610,17,682,30
1,107,30,-1.618173166,-0.6415839805,0.8668645331,-1.802139506,-1.639614133,-0.04756940774,0,0,,transition,10,0,-1610,17,682,30
1,107,31,-1.61343585,-0.7345055824,0.9372580798,-1.779005556,-1.63273272,-0.04281246696,0,0,,transition,10,0,-1610,17,682,30
1,107,32,-1.608698533,-0.8274271844,1.007651626,-1.755871605,-1.625851306,-0.03805552619,0,0,,transition,10,0,-1610,17,682,30
1,107,33,-1.603961216,-0.9203487863,1.078045173,-1.732737655,-1.618969893,-0.03329858542,0,0,,transition,10,0,-1610,17,682,30
1,107,34,-1.5992239,-1.013270388,1.14843872,-1.709603704,-1.61208848,-0.02854164464,0,0,,transition,10,0,-1610,17,682,30
1,107,35,-1.594486583,-1.10619199,1.218832267,-1.686469753,-1.605207066,-0.02378470387,0,0,,transition,10,0,-1610,17,682,30
1,107,36,-1.589749267,-1.199113592,1.289225813,-1.663335803,-1.598325653,-0.0190277631,0,0,,transition,10,0,-1610,17,682,30
1,107,37,-1.58501195,-1.292035194,1.35961936,-1.640201852,-1.59144424,-0.01427082232,0,0,,transition,10,0,-1610,17,682,30
1,107,38,-1.580274633,-1.384956796,1.430012907,-1.617067901,-1.584562827,-0.009513881548,0,0,,transition,10,0,-1610,17,682,30
1,107,39,-1.575537317,-1.477878398,1.500406453,-1.593933951,-1.577681413,-0.004756940774,0,0,,transition,10,0,-1610,17,682,30
1,107,40,-1.5708,-1.5708,1.5708,-1.5708,-1.5708,0,0,0,,home,10,0,-1610,17,682,30
2,118,1,-1.5708,-1.5708,1.5708,-1.5708,-1.5708,0,0,0,,home,10,0,1610,17,682,30
2,118,2,-1.570272232,-1.47799913,1.496594081,-1.590091032,-1.56501374,0.0005287026964,0,0,,transition,10,0,1610,17,682,30
2,118,3,-1.569744463,-1.385198261,1.422388162,-1.609382064,-1.55922748,0.001057405393,0,0,,transition,10,0,1610,17,682,30
2,118,4,-1.569216695,-1.292397391,1.348182242,-1.628673096,-1.553441221,0.001586108089,0,0,,transition,10,0,1610,17,682,30
2,118,5,-1.568688926,-1.199596521,1.273976323,-1.647964128,-1.547654961,0.002114810786,0,0,,transition,10,0,1610,17,682,30
2,118,6,-1.568161158,-1.106795652,1.199770404,-1.667255159,-1.541868701,0.002643513482,0,0,,transition,10,0,1610,17,682,30
2,118,7,-1.567633389,-1.013994782,1.125564485,-1.686546191,-1.536082441,0.003172216178,0,0,,transition,10,0,1610,17,682,30
2,118,8,-1.567105621,-0.9211939122,1.051358566,-1.705837223,-1.530296181,0.003700918875,0,0,,transition,10,0,1610,17,682,30
2,118,9,-1.566577853,-0.8283930425,0.9771526463,-1.725128255,-1.524509922,0.004229621571,0,0,,transition,10,0,1610,17,682,30
2,118,10,-1.566050084,-0.7355921728,0.9029467271,-1.744419287,-1.518723662,0.004758324268,0,0,,transition,10,0,1610,17,682,30
2,118,11,-1.565522316,-0.6427913032,0.8287408079,-1.763710319,-1.512937402,0.005287026964,0,0,,transition,10,0,1610,17,682,30
2,118,12,-1.564994547,-0.5499904335,0.7545348887,-1.783001351,-1.507151142,0.00581572966,0,0,,transition,10,0,1610,17,682,30
2,118,13,-1.564466779,-0.4571895638,0.6803289695,-1.802292383,-1.501364883,0.006344432357,0,0,,transition,10,0,1610,17,682,30
2,118,14,-1.563939011,-0.3643886941,0.6061230503,-1.821583415,-1.495578623,0.006873135053,0,1,1,task,10,0,1610,17,682,30
2,118,15,-1.563852651,-0.3974773786,0.6777308537,-1.860750649,-1.49560828,0.006959681516,0,0,,transition,30,0,1610,17,682,30
2,118,16,-1.563766291,-0.430566063,0.7493386572,-1.899917883,-1.495637937,0.00704622798,0,1,2,task,15,0,1610,17,682,30
2,118,17,-1.563675798,-0.4585084439,0.8097668489,-1.933052105,-1.495667926,0.007136910597,0,0,,transition,30,0,1610,17,682,30
2,118,18,-1.563585304,-0.4864508249,0.8701950406,-1.966186328,-1.495697915,0.007227593215,0,1,3,task,20,0,1610,17,682,30
2,118,19,-1.563490375,-0.511155623,0.9236186306,-1.995553849,-1.495728256,0.007322714743,0,0,,transition,30,0,1610,17,682,30
2,118,20,-1.563395445,-0.5358604212,0.9770422205,-2.024921369,-1.495758597,0.007417836271,0,1,4,task,25,0,1610,17,682,30
2,118,21,-1.587437454,-0.5319567799,0.9729766182,-2.023623254,-1.495483811,-0.01669037253,0,1,5,task,10,0,1610,17,682,30
2,118,22,-1.587245352,-0.5071188968,0.9192740838,-1.994219684,-1.49547394,-0.01649786841,0,0,,transition,30,0,1610,17,682,30
2,118,23,-1.587053251,-0.4822810137,0.8655715493,-1.964816114,-1.495464069,-0.01630536428,0,1,6,task,30,0,1610,17,682,30
2,118,24,-1.586870067,-0.4541512378,0.8047448148,-1.931579571,-1.495453738,-0.01612178692,0,0,,transition,30,0,1610,17,682,30
2,118,25,-1.586686883,-0.4260214619,0.7439180803,-1.898343028,-1.495443407,-0.01593820956,0,1,7,task,30,0,1610,17,682,30
2,118,26,-1.586512007,-0.3926240042,0.6716454056,-1.858927607,-1.49543265,-0.01576295014,0,0,,transition,30,0,1610,17,682,30
2,118,27,-1.586337132,-0.3592265466,0.5993727308,-1.819512185,-1.495421893,-0.01558769073,0,1,8,task,30,0,1610,17,682,30
2,118,28,-1.614412956,-0.3705138746,0.6254413158,-1.826152348,-1.473895457,-0.04382517932,0,1,9,task,10,0,1610,17,682,30
2,118,29,-1.614902536,-0.4027167886,0.694818733,-1.863400292,-1.473941009,-0.04431684199,0,0,,transition,30,0,1610,17,682,30
2,118,30,-1.615392116,-0.4349197025,0.7641961502,-1.900648236,-1.473986562,-0.04480850466,0,1,10,task,30,0,1610,17,682,30
2,118,31,-1.615904869,-0.4623739992,0.8232454481,-1.932314517,-1.47403191,-0.04532343871,0,0,,transition,30,0,1610,17,682,30
2,118,32,-1.616417621,-0.489828296,0.882294746,-1.963980799,-1.474077258,-0.04583837276,0,1,11,task,30,0,1610,17,682,30
2,118,33,-1.616955235,-0.5142399848,0.9347459531,-1.99208928,-1.474122391,-0.04637827433,0,0,,transition,30,0,1610,17,682,30
2,118,34,-1.617492849,-0.5386516736,0.9871971601,-2.020197761,-1.474167523,-0.0469181759,0,1,12,task,30,0,1610,17,682,30
2,118,35,-1.641528622,-0.537781357,0.9902302092,-2.021784383,-1.474179556,-0.07106655841,0,1,13,task,10,0,1610,17,682,30
2,118,36,-1.640711645,-0.5134116159,0.9377813744,-1.9936144,-1.47411887,-0.07024621602,0,0,,transition,30,0,1610,17,682,30
2,118,37,-1.639894667,-0.4890418748,0.8853325395,-1.965444417,-1.474058184,-0.06942587363,0,1,14,task,30,0,1610,17,682,30
2,118,38,-1.639115532,-0.4616437925,0.8263214064,-1.933736995,-1.473997147,-0.06864352965,0,0,,transition,30,0,1610,17,682,30
2,118,39,-1.638336397,-0.4342457103,0.7673102733,-1.902029573,-1.47393611,-0.06786118567,0,1,15,task,30,0,1610,17,682,30
2,118,40,-1.637592528,-0.4021322144,0.6980479627,-1.864783143,-1.473874738,-0.06711425314,0,0,,transition,30,0,1610,17,682,30
2,118,41,-1.636848659,-0.3700187185,0.6287856522,-1.827536713,-1.473813366,-0.0663673206,0,1,16,task,30,0,1610,17,682,30
2,118,42,-1.659547175,-0.3691461541,0.6306670889,-1.826499364,-1.472779242,-0.08918296587,0,1,17,task,10,0,1610,17,682,30
2,118,43,-1.660423302,-0.4014439776,0.7006667641,-1.864880629,-1.473326734,-0.09005823063,0,0,,transition,30,0,1610,17,682,30
2,118,44,-1.661299429,-0.433741801,0.7706664392,-1.903261895,-1.473874227,-0.0909334954,0,1,18,task,30,0,1610,17,682,30
2,118,45,-1.662340118,-0.4610835933,0.8296781581,-1.935112912,-1.473970409,-0.09197813341,0,0,,transition,30,0,1610,17,682,30
2,118,46,-1.663380806,-0.4884253856,0.888689877,-1.966963928,-1.474066592,-0.09302277143,0,1,19,task,30,0,1610,17,682,30
2,118,47,-1.664472173,-0.5127488076,0.9411680955,-1.99529529,-1.474162014,-0.09411827827,0,0,,transition,30,0,1610,17,682,30
2,118,48,-1.66556354,-0.5370722297,0.993646314,-2.023626652,-1.474257436,-0.09521378512,0,1,20,task,30,0,1610,17,682,30
2,118,49,-1.689803789,-0.5399416959,1.004997326,-2.030138995,-1.474487877,-0.1195654661,0,1,21,task,10,0,1610,17,682,30
2,118,50,-1.688465094,-0.5157502138,0.9524098016,-2.001067971,-1.474240778,-0.1182237398,0,0,,transition,30,0,1610,17,682,30
2,118,51,-1.687126398,-0.4915587317,0.899822277,-1.971996947,-1.47399368,-0.1168820135,0,1,22,task,30,0,1610,17,682,30
2,118,52,-1.685958952,-0.4643175772,0.8407062474,-1.939322543,-1.473337785,-0.1157167185,0,0,,transition,30,0,1610,17,682,30
2,118,53,-1.684791506,-0.4370764227,0.7815902178,-1.906648138,-1.47268189,-0.1145514235,0,1,23,task,30,0,1610,17,682,30
2,118,54,-1.683691923,-0.4051983684,0.7124283536,-1.868546328,-1.471968239,-0.1134546117,0,0,,transition,30,0,1610,17,682,30
2,118,55,-1.682592341,-0.3733203142,0.6432664893,-1.830444519,-1.471254589,-0.1123578,0,1,24,task,30,0,1610,17,682,30
2,118,56,-1.704117575,-0.3592785607,0.6202122595,-1.818385004,-1.473090345,-0.1339673313,0,1,25,task,10,0,1610,17,682,30
2,118,57,-1.705705765,-0.3920354107,0.6912972012,-1.857313582,-1.472882487,-0.1355660254,0,0,,transition,30,0,1610,17,682,30
2,118,58,-1.707293955,-0.4247922607,0.7623821428,-1.896242161,-1.472674628,-0.1371647196,0,1,26,task,30,0,1610,17,682,30
2,118,59,-1.708958118,-0.4525602934,0.8226426632,-1.929326279,-1.472463408,-0.1388397885,0,0,,transition,30,0,1610,17,682,30
2,118,60,-1.710622281,-0.4803283262,0.8829031835,-1.962410397,-1.472252187,-0.1405148574,0,1,27,task,30,0,1610,17,682,30
2,118,61,-1.712368017,-0.504927395,0.9363203879,-1.991810629,-1.472037396,-0.1422719347,0,0,,transition,30,0,1610,17,682,30
2,118,62,-1.714113753,-0.5295264638,0.9897375922,-2.021210861,-1.471822605,-0.1440290119,0,1,28,task,30,0,1610,17,682,30
2,118,63,-1.737794498,-0.5340840653,1.014018017,-2.043140342,-1.4756233,-0.1677619121,0,1,29,task,10,0,1610,17,682,30
2,118,64,-1.735777785,-0.5101105551,0.9615944995,-2.013872453,-1.475783098,-0.1657345824,0,0,,transition,30,0,1610,17,682,30
2,118,65,-1.733761072,-0.4861370449,0.9091709819,-1.984604564,-1.475942896,-0.1637072528,0,1,30,task,30,0,1610,17,682,30
2,118,66,-1.731839376,-0.4592228562,0.8504235925,-1.95194318,-1.476096544,-0.1617752172,0,0,,transition,30,0,1610,17,682,30
2,118,67,-1.729917681,-0.4323086676,0.7916762032,-1.919281796,-1.476250193,-0.1598431817,0,1,31,task,30,0,1610,17,682,30
2,118,68,-1.728084431,-0.4008984646,0.7232012032,-1.881379264,-1.476398074,-0.1579998416,0,0,,transition,30,0,1610,17,682,30
2,118,69,-1.726251181,-0.3694882616,0.6547262031,-1.843476732,-1.476545954,-0.1561565015,0,1,32,task,30,0,1610,17,682,30
2,118,70,-1.745999021,-0.3422488769,0.605382009,-1.818349285,-1.482369105,-0.1759004431,0,1,33,task,10,0,1610,17,682,30
2,118,71,-1.748053896,-0.3756656315,0.6784690119,-1.859041819,-1.482182307,-0.1779663567,0,0,,transition,30,0,1610,17,682,30
2,118,72,-1.750108771,-0.4090823862,0.7515560147,-1.899734354,-1.481995508,-0.1800322704,0,1,34,task,30,0,1610,17,682,30
2,118,73,-1.75226219,-0.4371577194,0.8130803625,-1.934195226,-1.481800952,-0.1821968568,0,0,,transition,30,0,1610,17,682,30
2,118,74,-1.754415608,-0.4652330526,0.8746047103,-1.968656098,-1.481606396,-0.1843614433,0,1,35,task,30,0,1610,17,682,30
2,118,75,-1.756674839,-0.4899640094,0.9289378081,-1.999258842,-1.481403566,-0.1866319932,0,0,,transition,30,0,1610,17,682,30
2,118,76,-1.75893407,-0.5146949662,0.9832709059,-2.029861585,-1.481200736,-0.188902543,0,1,36,task,30,0,1610,17,682,30
2,118,77,-1.741830973,-0.6107045148,1.036682642,-1.988128714,-1.489346124,-0.1717295846,0,0,,transition,10,0,1610,17,682,30
2,118,78,-1.724727875,-0.7067140633,1.090094378,-1.946395842,-1.497491511,-0.1545566261,0,0,,transition,10,0,1610,17,682,30
2,118,79,-1.707624778,-0.8027236118,1.143506113,-1.904662971,-1.505636899,-0.1373836677,0,0,,transition,10,0,1610,17,682,30
2,118,80,-1.690521681,-0.8987331603,1.196917849,-1.8629301,-1.513782287,-0.1202107092,0,0,,transition,10,0,1610,17,682,30
2,118,81,-1.673418584,-0.9947427089,1.250329585,-1.821197228,-1.521927674,-0.1030377507,0,0,,transition,10,0,1610,17,682,30
2,118,82,-1.656315486,-1.090752257,1.303741321,-1.779464357,-1.530073062,-0.08586479228,0,0,,transition,10,0,1610,17,682,30
2,118,83,-1.639212389,-1.186761806,1.357153057,-1.737731486,-1.538218449,-0.06869183383,0,0,,transition,10,0,1610,17,682,30
2,118,84,-1.622109292,-1.282771354,1.410564793,-1.695998614,-1.546363837,-0.05151887537,0,0,,transition,10,0,1610,17,682,30
2,118,85,-1.605006195,-1.378780903,1.463976528,-1.654265743,-1.554509225,-0.03434591691,0,0,,transition,10,0,1610,17,682,30
2,118,86,-1.587903097,-1.474790451,1.517388264,-1.612532871,-1.562654612,-0.01717295846,0,0,,transition,10,0,1610,17,682,30
2,118,87,-1.5708,-1.5708,1.5708,-1.5708,-1.5708,0,0,0,,home,10,0,1610,17,682,30
2,119,1,-1.5708,-1.5708,1.5708,-1.5708,-1.5708,0,0,0,,home,10,0,1610,17,682,30
2,119,2,-1.52094894,-1.474563943,1.545933101,-1.631001786,-1.610690049,0.05422302975,0,0,,transition,10,0,1610,17,682,30
2,119,3,-1.47109788,-1.378327885,1.521066203,-1.691203571,-1.650580098,0.1084460595,0,0,,transition,10,0,1610,17,682,30
2,119,4,-1.421246819,-1.282091828,1.496199304,-1.751405357,-1.690470147,0.1626690893,0,0,,transition,10,0,1610,17,682,30
2,119,5,-1.371395759,-1.185855771,1.471332405,-1.811607143,-1.730360196,0.216892119,0,0,,transition,10,0,1610,17,682,30
2,119,6,-1.321544699,-1.089619714,1.446465507,-1.871808929,-1.770250245,0.2711151488,0,0,,transition,10,0,1610,17,682,30
2,119,7,-1.271693639,-0.9933836562,1.421598608,-1.932010714,-1.810140294,0.3253381785,0,0,,transition,10,0,1610,17,682,30
2,119,8,-1.221842579,-0.8971475989,1.396731709,-1.9922125,-1.850030343,0.3795612083,0,0,,transition,10,0,1610,17,682,30
2,119,9,-1.171991518,-0.8009115416,1.371864811,-2.052414286,-1.889920392,0.433784238,0,0,,transition,10,0,1610,17,682,30
2,119,10,-1.122140458,-0.7046754843,1.346997912,-2.112616071,-1.929810441,0.4880072678,0,0,,transition,10,0,1610,17,682,30
2,119,11,-1.072289398,-0.6084394271,1.322131013,-2.172817857,-1.96970049,0.5422302975,0,1,1,task,10,0,1610,17,682,30
2,119,12,-1.094316276,-0.5926002294,1.260972969,-2.135335402,-1.936817794,0.5114671617,0,1,2,task,15,0,1610,17,682,30
2,119,13,-1.097215708,-0.5559349095,1.190141072,-2.10205161,-1.969460482,0.5148059808,0,1,3,task,20,0,1610,17,682,30
2,119,14,-1.100270173,-0.5340387793,1.129033785,-2.039006581,-1.979080424,0.514571754,0,0,,transition,10,0,1610,17,682,30
2,119,15,-1.103324638,-0.5121426491,1.067926499,-1.975961552,-1.988700366,0.5143375272,0,1,4,task,10,0,1610,17,682,30
2,119,16,-1.138121361,-0.4974614262,0.9867981639,-1.917277142,-1.90086909,0.4591376462,0,1,5,task,10,0,1610,17,682,30
2,119,17,-1.145627242,-0.4621236774,0.923737955,-1.913174787,-1.911307124,0.4525708741,0,1,6,task,30,0,1610,17,682,30
2,119,18,-1.15125744,-0.4201022293,0.8430547269,-1.888798814,-1.927791028,0.4489850947,0,1,7,task,30,0,1610,17,682,30
2,119,19,-1.153541992,-0.3918702228,0.7803067444,-1.849074792,-1.93753327,0.4483348415,0,0,,transition,30,0,1610,17,682,30
2,119,20,-1.155826545,-0.3636382162,0.7175587618,-1.809350769,-1.947275512,0.4476845883,0,1,8,task,30,0,1610,17,682,30
2,119,21,-1.156140607,-0.3203980276,0.620261526,-1.738603987,-1.964668343,0.4510005485,0,0,,transition,10,0,1610,17,682,30
2,119,22,-1.156454669,-0.2771578389,0.5229642903,-1.667857204,-1.982061173,0.4543165086,0,1,9,task,10,0,1610,17,682,30
2,119,23,-1.160436907,-0.24511149,0.4493086541,-1.625044406,-1.977980947,0.4491488776,0,0,,transition,30,0,1610,17,682,30
2,119,24,-1.164419145,-0.2130651412,0.3756530179,-1.582231609,-1.973900721,0.4439812465,0,0,,transition,30,0,1610,17,682,30
2,119,25,-1.168401382,-0.1810187923,0.3019973817,-1.539418811,-1.969820494,0.4388136154,0,1,10,task,30,0,1610,17,682,30
2,119,26,-1.187168176,-0.2323700672,0.3981044235,-1.604547507,-1.935933834,0.4128256993,0,0,,transition,10,0,1610,17,682,30
2,119,27,-1.20593497,-0.2837213421,0.4942114652,-1.669676203,-1.902047173,0.3868377831,0,1,11,task,10,0,1610,17,682,30
2,119,28,-1.200732936,-0.3228952847,0.5880552703,-1.734349284,-1.906362004,0.3928480988,0,0,,transition,30,0,1610,17,682,30
2,119,29,-1.195530902,-0.3620692272,0.6818990753,-1.799022366,-1.910676835,0.3988584144,0,1,12,task,30,0,1610,17,682,30
2,119,30,-1.189704009,-0.3866013788,0.7391797696,-1.830004284,-1.916493624,0.4059484724,0,0,,transition,30,0,1610,17,682,30
2,119,31,-1.183877115,-0.4111335304,0.7964604639,-1.860986201,-1.922310413,0.4130385304,0,1,13,task,30,0,1610,17,682,30
2,119,32,-1.176326236,-0.4548645886,0.8869010116,-1.896666359,-1.916226129,0.4203757185,0,1,14,task,30,0,1610,17,682,30
2,119,33,-1.168496968,-0.4947444026,0.9689083612,-1.92780245,-1.909942652,0.4279245732,0,1,15,task,30,0,1610,17,682,30
2,119,34,-1.16037432,-0.5316749486,1.044450035,-1.955463116,-1.903451862,0.4356966743,0,1,16,task,30,0,1610,17,682,30
2,119,35,-1.156025573,-0.5524234869,1.097375617,-1.999376926,-1.900692989,0.4397336087,0,0,,transition,30,0,1610,17,682,30
2,119,36,-1.151676826,-0.5731720253,1.150301199,-2.043290735,-1.897934115,0.4437705431,0,1,17,task,30,0,1610,17,682,30
2,119,37,-1.129445511,-0.5957175164,1.242191846,-2.130526165,-1.938632578,0.4735761863,0,1,18,task,30,0,1610,17,682,30
2,119,38,-1.120033509,-0.6253703033,1.316441162,-2.180066356,-1.931542714,0.4821644356,0,1,19,task,30,0,1610,17,682,30
2,119,39,-1.109415952,-0.6519395877,1.381333479,-2.216458969,-1.926789488,0.4927009443,0,1,20,task,30,0,1610,17,682,30
2,119,40,-1.103287887,-0.6817593164,1.429984144,-2.216429949,-1.905166499,0.4961710745,0,1,21,task,30,0,1610,17,682,30
2,119,41,-1.060618651,-0.673184317,1.501303204,-2.311698033,-2.002667304,0.5606991222,0,1,22,task,10,0,1610,17,682,30
2,119,42,-1.046196347,-0.6906250113,1.555212678,-2.342606168,-2.002801882,0.5767709323,0,1,23,task,30,0,1610,17,682,30
2,119,43,-1.021423816,-0.6836321485,1.601585449,-2.406497722,-2.048586253,0.6144005333,0,1,24,task,30,0,1610,17,682,30
2,119,44,-1.053927736,-0.7197004556,1.638954092,-2.434045134,-1.987513413,0.5640868675,0,0,,transition,10,0,1610,17,682,30
2,119,45,-1.086431656,-0.7557687627,1.676322736,-2.461592546,-1.926440573,0.5137732017,0,1,25,task,10,0,1610,17,682,30
2,119,46,-1.103686684,-0.7426297844,1.621042117,-2.41878733,-1.91567197,0.4940518184,0,1,26,task,30,0,1610,17,682,30
2,119,47,-1.113895618,-0.7373715258,1.57884368,-2.363012469,-1.903449314,0.4824362562,0,0,,transition,30,0,1610,17,682,30
2,119,48,-1.124104552,-0.7321132673,1.536645243,-2.307237609,-1.891226658,0.4708206939,0,1,27,task,30,0,1610,17,682,30
2,119,49,-1.130938044,-0.7040188896,1.475913907,-2.275144268,-1.908930878,0.4663109236,0,1,28,task,30,0,1610,17,682,30
2,119,50,-1.149764026,-0.6864807889,1.425469975,-2.257905191,-1.886232996,0.4426364216,0,1,29,task,30,0,1610,17,682,30
2,119,51,-1.1689575,-0.6679037137,1.372966681,-2.239088688,-1.859483604,0.4187442024,0,1,30,task,30,0,1610,17,682,30
2,119,52,-1.188714608,-0.6481462005,1.318190338,-2.2184804,-1.828010676,0.3945403972,0,1,31,task,10,0,1610,17,682,30
2,119,53,-1.1966229,-0.632770649,1.262840202,-2.157799865,-1.817227961,0.385793364,0,0,,transition,30,0,1610,17,682,30
2,119,54,-1.204531191,-0.6173950974,1.207490065,-2.09711933,-1.806445246,0.3770463308,0,1,32,task,30,0,1610,17,682,30
2,119,55,-1.212643447,-0.5835505576,1.136459644,-2.066487779,-1.809986868,0.3689419866,0,1,33,task,30,0,1610,17,682,30
2,119,56,-1.22041595,-0.5475783463,1.060795375,-2.033330332,-1.813415543,0.3611605562,0,1,34,task,30,0,1610,17,682,30
2,119,57,-1.22786842,-0.5089971303,0.9794498368,-1.997080945,-1.816737857,0.3536836061,0,1,35,task,30,0,1610,17,682,30
2,119,58,-1.235019193,-0.4671050372,0.8908936753,-1.956912291,-1.819959885,0.3464939722,0,1,36,task,30,0,1610,17,682,30
2,119,59,-1.237940487,-0.4402401753,0.828348813,-1.915253841,-1.823380952,0.343864356,0,0,,transition,30,0,1610,17,682,30
2,119,60,-1.240861781,-0.4133753133,0.7658039507,-1.873595391,-1.826802019,0.3412347397,0,1,37,task,30,0,1610,17,682,30
2,119,61,-1.244876954,-0.3820589785,0.6939080278,-1.828398325,-1.825492957,0.3370184886,0,0,,transition,30,0,1610,17,682,30
2,119,62,-1.248892127,-0.3507426437,0.6220121049,-1.78320126,-1.824183896,0.3328022375,0,1,38,task,30,0,1610,17,682,30
2,119,63,-1.269690388,-0.3904481751,0.6897481843,-1.808815403,-1.823571115,0.3112570862,0,1,39,task,10,0,1610,17,682,30
2,119,64,-1.265615013,-0.4209649651,0.7628174213,-1.860514949,-1.825824767,0.3155743536,0,0,,transition,30,0,1610,17,682,30
2,119,65,-1.261539637,-0.4514817552,0.8358866584,-1.912214494,-1.828078418,0.319891621,0,1,40,task,30,0,1610,17,682,30
2,119,66,-1.258537425,-0.4756966981,0.8920723363,-1.948147691,-1.825679584,0.3227390365,0,0,,transition,30,0,1610,17,682,30
2,119,67,-1.255535213,-0.4999116411,0.9482580142,-1.984080887,-1.82328075,0.325586452,0,1,41,task,30,0,1610,17,682,30
2,119,68,-1.249168138,-0.5411234273,1.038100983,-2.03071538,-1.818676574,0.331800834,0,1,42,task,30,0,1610,17,682,30
2,119,69,-1.242396929,-0.5782322567,1.114332053,-2.061487195,-1.814363914,0.3385328051,0,1,43,task,30,0,1610,17,682,30
2,119,70,-1.235339301,-0.6131791994,1.18579254,-2.089655919,-1.809924083,0.3455245571,0,1,44,task,30,0,1610,17,682,30
2,119,71,-1.224630295,-0.6467049696,1.271362891,-2.15236211,-1.816749556,0.3570036288,0,1,45,task,30,0,1610,17,682,30
2,119,72,-1.218372902,-0.6614225344,1.32371572,-2.209559905,-1.822615249,0.3634927535,0,0,,transition,30,0,1610,17,682,30
2,119,73,-1.212115509,-0.6761400991,1.376068549,-2.2667577,-1.828480942,0.3699818782,0,1,46,task,30,0,1610,17,682,30
2,119,74,-1.206122013,-0.7057028513,1.432533983,-2.280890804,-1.816193434,0.3754180032,0,1,47,task,30,0,1610,17,682,30
2,119,75,-1.196085303,-0.7316532291,1.492998847,-2.310918625,-1.81580969,0.3857983691,0,1,48,task,30,0,1610,17,682,30
2,119,76,-1.185536256,-0.7563931059,1.551127195,-2.339699767,-1.815347097,0.3967020565,0,1,49,task,30,0,1610,17,682,30
2,119,77,-1.170403157,-0.7761165107,1.619713271,-2.401234093,-1.827240401,0.4129667449,0,1,50,task,30,0,1610,17,682,30
2,119,78,-1.148769807,-0.7860184395,1.6889644,-2.480012255,-1.856493999,0.4373716905,0,1,51,task,30,0,1610,17,682,30
2,119,79,-1.133121696,-0.7981667427,1.736554202,-2.513718983,-1.868523075,0.4549285619,0,1,52,task,30,0,1610,17,682,30
2,119,80,-1.180318503,-0.8359298169,1.786186785,-2.547624182,-1.814884732,0.4000745013,0,1,53,task,10,0,1610,17,682,30
2,119,81,-1.188239319,-0.8169384967,1.717310725,-2.478443362,-1.825498303,0.3937644913,0,1,54,task,30,0,1610,17,682,30
2,119,82,-1.199392927,-0.7979568524,1.649244006,-2.414123603,-1.825430256,0.382885812,0,1,55,task,30,0,1610,17,682,30
2,119,83,-1.213171874,-0.7773009651,1.581057049,-2.354478168,-1.815866476,0.3682438139,0,1,56,task,30,0,1610,17,682,30
2,119,84,-1.223118921,-0.7524279484,1.523749123,-2.327521629,-1.816281623,0.3579377963,0,1,57,task,30,0,1610,17,682,30
2,119,85,-1.232577224,-0.726437652,1.464259557,-2.299385082,-1.816606069,0.3481296081,0,1,58,task,30,0,1610,17,682,30
2,119,86,-1.238580973,-0.6975260507,1.395648165,-2.257423055,-1.82648264,0.3428409056,0,1,59,task,30,0,1610,17,682,30
2,119,87,-1.249157434,-0.6681604457,1.306898447,-2.176427308,-1.819794305,0.3318431005,0,1,60,task,30,0,1610,17,682,30
2,119,88,-1.260341468,-0.6346377467,1.216205889,-2.101975282,-1.809572353,0.3197172014,0,1,61,task,30,0,1610,17,682,30
2,119,89,-1.266166501,-0.6002423312,1.150297003,-2.083223762,-1.816454179,0.3141207769,0,1,62,task,30,0,1610,17,682,30
2,119,90,-1.272832155,-0.5646084493,1.078650068,-2.058358641,-1.819351654,0.3073272292,0,1,63,task,30,0,1610,17,682,30
2,119,91,-1.282904953,-0.5282074791,0.9951923057,-2.016258232,-1.808541493,0.2961144617,0,1,64,task,30,0,1610,17,682,30
2,119,92,-1.291703043,-0.507523213,0.9383726787,-1.973441859,-1.788280304,0.2859158412,0,0,,transition,10,0,1610,17,682,30
2,119,93,-1.300501132,-0.486838947,0.8815530518,-1.930625485,-1.768019115,0.2757172207,0,1,65,task,10,0,1610,17,682,30
2,119,94,-1.303870579,-0.4614126252,0.8257947211,-1.900003618,-1.767010993,0.272227839,0,0,,transition,30,0,1610,17,682,30
2,119,95,-1.307240026,-0.4359863034,0.7700363904,-1.869381752,-1.766002872,0.2687384573,0,1,66,task,30,0,1610,17,682,30
2,119,96,-1.304443264,-0.4794398998,0.8668630039,-1.927311973,-1.766766279,0.2715886011,0,0,,transition,10,0,1610,17,682,30
2,119,97,-1.301646502,-0.5228934962,0.9636896173,-1.985242195,-1.767529685,0.2744387449,0,0,,transition,10,0,1610,17,682,30
2,119,98,-1.29884974,-0.5663470926,1.060516231,-2.043172417,-1.768293091,0.2772888887,0,0,,transition,10,0,1610,17,682,30
2,119,99,-1.296052978,-0.609800689,1.157342844,-2.101102638,-1.769056498,0.2801390326,0,0,,transition,10,0,1610,17,682,30
2,119,100,-1.293256216,-0.6532542853,1.254169458,-2.15903286,-1.769819904,0.2829891764,0,0,,transition,10,0,1610,17,682,30
2,119,101,-1.290459454,-0.6967078817,1.350996071,-2.216963082,-1.77058331,0.2858393202,0,1,67,task,10,0,1610,17,682,30
2,119,102,-1.277264302,-0.723829222,1.431760666,-2.284966575,-1.788552815,0.3000895397,0,1,68,task,30,0,1610,17,682,30
2,119,103,-1.258957252,-0.7441899707,1.499052676,-2.335356019,-1.820516515,0.3209014512,0,1,69,task,30,0,1610,17,682,30
2,119,104,-1.251249347,-0.7709734805,1.549018249,-2.341208558,-1.816588915,0.3289402538,0,1,70,task,30,0,1610,17,682,30
2,119,105,-1.240986405,-0.7953126263,1.610144848,-2.377618131,-1.819279945,0.3396907125,0,1,71,task,30,0,1610,17,682,30
2,119,106,-1.229184123,-0.8172870543,1.674350137,-2.426530093,-1.824888765,0.3520792338,0,1,72,task,30,0,1610,17,682,30
2,119,107,-1.225092244,-0.8258876399,1.71671183,-2.479769714,-1.822077863,0.355328204,0,0,,transition,30,0,1610,17,682,30
2,119,108,-1.221000364,-0.8344882256,1.759073523,-2.533009335,-1.819266961,0.3585771742,0,1,73,task,30,0,1610,17,682,30
2,119,109,-1.21187173,-0.8541763647,1.813712787,-2.566709949,-1.813952836,0.3674941962,0,1,74,task,30,0,1610,17,682,30
2,119,110,-1.210075349,-0.8573199023,1.820527676,-2.567969111,-1.813984258,0.3694260706,0,1,75,task,30,0,1610,17,682,30
2,119,111,-1.2408131,-0.8780903528,1.852986432,-2.587259767,-1.812823731,0.3377835069,0,1,76,task,10,0,1610,17,682,30
2,119,112,-1.252991794,-0.8600205851,1.802518477,-2.561286836,-1.807859858,0.324814707,0,1,77,task,30,0,1610,17,682,30
2,119,113,-1.270495494,-0.8472454751,1.738691367,-2.497774702,-1.785311477,0.3060413739,0,1,78,task,30,0,1610,17,682,30
2,119,114,-1.285832558,-0.8298420174,1.672685906,-2.4374288,-1.766547485,0.28974844,0,1,79,task,30,0,1610,17,682,30
2,119,115,-1.299879231,-0.8091113086,1.611524184,-2.394835542,-1.749404799,0.274732235,0,1,80,task,30,0,1610,17,682,30
2,119,116,-1.30723678,-0.7829294035,1.543241722,-2.345590512,-1.750350363,0.2674530377,0,1,81,task,30,0,1610,17,682,30
2,119,117,-1.315002076,-0.7554169154,1.476720063,-2.304570557,-1.748868026,0.259554068,0,1,82,task,30,0,1610,17,682,30
2,119,118,-1.322567648,-0.7260027939,1.401404499,-2.249748554,-1.746679194,0.2519125951,0,1,83,task,30,0,1610,17,682,30
2,119,119,-1.356782963,-0.7681405285,1.485802465,-2.308815048,-1.710557541,0.2158784186,0,1,84,task,10,0,1610,17,682,30
2,119,120,-1.350289582,-0.7964581094,1.555020986,-2.354501604,-1.711681891,0.2223975422,0,1,85,task,30,0,1610,17,682,30
2,119,121,-1.343107881,-0.8227958795,1.623731326,-2.404268097,-1.713777986,0.2295924781,0,1,86,task,30,0,1610,17,682,30
2,119,122,-1.335600884,-0.8475692293,1.688223698,-2.44889957,-1.715597674,0.2371277633,0,1,87,task,30,0,1610,17,682,30
2,119,123,-1.323315778,-0.8679864895,1.752518486,-2.501253538,-1.729523773,0.2497999173,0,1,88,task,30,0,1610,17,682,30
2,119,124,-1.306078879,-0.8852992349,1.806555523,-2.535698488,-1.754793602,0.268237571,0,1,89,task,30,0,1610,17,682,30
2,119,125,-1.292382786,-0.8998308632,1.871192344,-2.600072159,-1.768342719,0.2823066848,0,1,90,task,30,0,1610,17,682,30
2,119,126,-1.288002029,-0.9059600083,1.892652986,-2.616872705,-1.770751547,0.2868006191,0,1,91,task,30,0,1610,17,682,30
2,119,127,-1.336157187,-0.9329931601,1.919059733,-2.616891967,-1.729877627,0.2365887937,0,1,92,task,10,0,1610,17,682,30
2,119,128,-1.347653997,-0.9159073019,1.859157884,-2.566480499,-1.719724017,0.2248652672,0,1,93,task,30,0,1610,17,682,30
2,119,129,-1.355642968,-0.8948559417,1.799742455,-2.524204607,-1.71726985,0.2168295248,0,1,94,task,30,0,1610,17,682,30
2,119,130,-1.363391925,-0.8730708978,1.73520576,-2.47275804,-1.714111575,0.2090800262,0,1,95,task,30,0,1610,17,682,30
2,119,131,-1.37940201,-0.852339027,1.677137145,-2.435367058,-1.686124135,0.1923229873,0,1,96,task,30,0,1610,17,682,30
2,119,132,-1.391046589,-0.8284602571,1.613125866,-2.390758627,-1.668382478,0.1803658461,0,1,97,task,30,0,1610,17,682,30
2,119,133,-1.39634079,-0.8004417545,1.545272724,-2.346089146,-1.667871978,0.1750908563,0,1,98,task,30,0,1610,17,682,30
2,119,134,-1.401307862,-0.7708798852,1.474231589,-2.299079249,-1.66748451,0.1701437373,0,1,99,task,30,0,1610,17,682,30
2,119,135,-1.448196514,-0.8035513301,1.538498769,-2.340715965,-1.603974701,0.1225714009,0,1,100,task,10,0,1610,17,682,30
2,119,136,-1.444353006,-0.8326983946,1.60406929,-2.378088303,-1.604681558,0.1264114372,0,1,101,task,30,0,1610,17,682,30
2,119,137,-1.433171904,-0.858032242,1.668041893,-2.420679827,-1.625630145,0.1376759158,0,1,102,task,30,0,1610,17,682,30
2,119,138,-1.423873497,-0.8824026873,1.732432371,-2.466809008,-1.639550374,0.1470407526,0,1,103,task,30,0,1610,17,682,30
2,119,139,-1.416433186,-0.9056339836,1.796677328,-2.515415508,-1.64696007,0.1544858601,0,1,104,task,30,0,1610,17,682,30
2,119,140,-1.405176843,-0.9266216631,1.855056736,-2.555728223,-1.663076653,0.1659077267,0,1,105,task,30,0,1610,17,682,30
2,119,141,-1.395333532,-0.9453281758,1.917369919,-2.609197386,-1.673848653,0.1757861049,0,1,106,task,30,0,1610,17,682,30
2,119,142,-1.387794122,-0.9542389769,1.951872584,-2.640317053,-1.684063299,0.18341613,0,1,107,task,30,0,1610,17,682,30
2,119,143,-1.43994051,-0.973112059,1.975378834,-2.645171349,-1.640246206,0.130742578,0,1,108,task,10,0,1610,17,682,30
2,119,144,-1.46313678,-0.9586260676,1.917967357,-2.592824458,-1.592941812,0.107456376,0,1,109,task,10,0,1610,17,682,30
2,119,145,-1.463864463,-0.9350752942,1.857266021,-2.551686388,-1.600278421,0.1067719364,0,1,110,task,30,0,1610,17,682,30
2,119,146,-1.466088154,-0.9108665665,1.794586232,-2.507836266,-1.603475366,0.1045933165,0,1,111,task,30,0,1610,17,682,30
2,119,147,-1.468770141,-0.8855328068,1.729764786,-2.462069407,-1.605027764,0.1019531381,0,1,112,task,30,0,1610,17,682,30
2,119,148,-1.472288369,-0.858981158,1.662812282,-2.414687355,-1.60374452,0.09846615549,0,1,113,task,30,0,1610,17,682,30
2,119,149,-1.475645829,-0.8307347023,1.596625438,-2.373256522,-1.602351825,0.09512029299,0,1,114,task,30,0,1610,17,682,30
2,119,150,-1.478007729,-0.8009844596,1.529943803,-2.335183553,-1.603401409,0.09276617884,0,1,115,task,30,0,1610,17,682,30
2,119,151,-1.506494501,-0.8179428825,1.565233837,-2.354824584,-1.601988464,0.06428137619,0,1,116,task,10,0,1610,17,682,30
2,119,152,-1.50477057,-0.8473153216,1.630670426,-2.391460645,-1.601434967,0.06600222416,0,1,117,task,30,0,1610,17,682,30
2,119,153,-1.502358838,-0.8752762838,1.6964572,-2.43299558,-1.602521936,0.06840471706,0,1,118,task,30,0,1610,17,682,30
2,119,154,-1.500312326,-0.9009737034,1.766964854,-2.48988014,-1.60222913,0.07040784035,0,1,119,task,30,0,1610,17,682,30
2,119,155,-1.500477898,-0.9255752543,1.834102605,-2.541767665,-1.59576071,0.07019243843,0,1,120,task,30,0,1610,17,682,30
2,119,156,-1.503831559,-0.9490182985,1.900762418,-2.594683879,-1.581206978,0.06678792679,0,1,121,task,30,0,1610,17,682,30
2,119,157,-1.504161365,-0.9711667375,1.96100782,-2.636602072,-1.574659915,0.06643916472,0,1,122,task,30,0,1610,17,682,30
2,119,158,-1.504370589,-0.9869914648,2.005260994,-2.667801837,-1.569889068,0.06621752554,0,1,123,task,30,0,1610,17,682,30
2,119,159,-1.541629114,-0.9936818971,2.021248169,-2.677010599,-1.566959945,0.02907421024,0,1,124,task,10,0,1610,17,682,30
2,119,160,-1.541434528,-0.9722361157,1.963636884,-2.639261518,-1.569940598,0.02927139107,0,1,125,task,30,0,1610,17,682,30
2,119,161,-1.541253586,-0.9497980668,1.904960845,-2.601439503,-1.572919986,0.02945520341,0,1,126,task,30,0,1610,17,682,30
2,119,162,-1.541084909,-0.926368347,1.845092991,-2.563416993,-1.575898252,0.02962702255,0,1,127,task,30,0,1610,17,682,30
2,119,163,-1.535842809,-0.9019987478,1.776256968,-2.509191538,-1.59267519,0.03488483532,0,1,128,task,30,0,1610,17,682,30
2,119,164,-1.535862685,-0.8773327756,1.694428616,-2.426068542,-1.59559372,0.03491416451,0,1,129,task,30,0,1610,17,682,30
2,119,165,-1.540825258,-0.8496054978,1.631613884,-2.390089959,-1.584270355,0.02994893692,0,1,130,task,30,0,1610,17,682,30
2,119,166,-1.545411675,-0.8207287243,1.566129953,-2.351760691,-1.573222673,0.02536507912,0,1,131,task,30,0,1610,17,682,30
2,119,167,-1.549289064,-0.7903005291,1.494826347,-2.305263421,-1.563559787,0.0214947536,0,1,132,task,30,0,1610,17,682,30
2,119,168,-1.552940972,-0.7582467524,1.420560975,-2.257361204,-1.553944721,0.01784924838,0,1,133,task,30,0,1610,17,682,30
2,119,169,-1.554799581,-0.7229558487,1.334173832,-2.192252291,-1.549486987,0.01599603667,0,1,134,task,30,0,1610,17,682,30
2,119,170,-1.555179548,-0.6857731041,1.253220404,-2.145072614,-1.549607397,0.0156163842,0,1,135,task,30,0,1610,17,682,30
2,119,171,-1.55555749,-0.6466120022,1.169331726,-2.098622872,-1.549669487,0.01523848578,0,1,136,task,30,0,1610,17,682,30
2,119,172,-1.555916348,-0.6047983885,1.079743951,-2.049126991,-1.549733003,0.0148796254,0,1,137,task,30,0,1610,17,682,30
2,119,173,-1.556257529,-0.5596113893,0.9828820524,-1.995730789,-1.549797842,0.01453839887,0,1,138,task,30,0,1610,17,682,30
2,119,174,-1.556419917,-0.534775414,0.929599962,-1.966424217,-1.549830878,0.01437596774,0,0,,transition,30,0,1610,17,682,30
2,119,175,-1.556582306,-0.5099394387,0.8763178717,-1.937117645,-1.549863915,0.01421353662,0,1,139,task,30,0,1610,17,682,30
2,119,176,-1.556737069,-0.4819196225,0.8161277416,-1.904087056,-1.549897526,0.0140587123,0,0,,transition,30,0,1610,17,682,30
2,119,177,-1.556891831,-0.4538998063,0.7559376115,-1.871056468,-1.549931137,0.01390388797,0,1,140,task,30,0,1610,17,682,30
2,119,178,-1.557039493,-0.4208429657,0.6847876319,-1.832103227,-1.549965285,0.01375614776,0,0,,transition,30,0,1610,17,682,30
2,119,179,-1.557187154,-0.3877861251,0.6136376524,-1.793149985,-1.549999433,0.01360840755,0,1,141,task,30,0,1610,17,682,30
2,119,180,-1.568363715,-0.3570869277,0.5480812566,-1.757781346,-1.550058482,0.002429528566,0,0,,transition,10,0,1610,17,682,30
2,119,181,-1.579540276,-0.3263877302,0.4825248608,-1.722412706,-1.55011753,-0.008749350419,0,1,142,task,10,0,1610,17,682,30
2,119,182,-1.57965578,-0.3661098993,0.5683228866,-1.76950174,-1.550054895,-0.00886491633,0,0,,transition,30,0,1610,17,682,30
2,119,183,-1.579771284,-0.4058320684,0.6541209124,-1.816590775,-1.54999226,-0.008980482242,0,1,143,task,30,0,1610,17,682,30
2,119,184,-1.579892257,-0.4374254376,0.7222009086,-1.854090442,-1.549929202,-0.009101500724,0,0,,transition,30,0,1610,17,682,30
2,119,185,-1.580013229,-0.4690188069,0.7902809049,-1.891590109,-1.549866144,-0.009222519206,0,1,144,task,30,0,1610,17,682,30
2,119,186,-1.580140068,-0.496166857,0.8487024985,-1.923876544,-1.549802629,-0.00934938763,0,0,,transition,30,0,1610,17,682,30
2,119,187,-1.580266907,-0.5233149071,0.9071240921,-1.956162978,-1.549739114,-0.009476256053,0,1,145,task,30,0,1610,17,682,30
2,119,188,-1.580400051,-0.5475579276,0.9592548388,-1.985063432,-1.549675105,-0.009609411418,0,0,,transition,30,0,1610,17,682,30
2,119,189,-1.580533196,-0.571800948,1.011385585,-2.013963885,-1.549611096,-0.009742566782,0,1,146,task,30,0,1610,17,682,30
2,119,190,-1.580813061,-0.6161144456,1.106644209,-2.06693411,-1.54948201,-0.01002241479,0,1,147,task,30,0,1610,17,682,30
2,119,191,-1.581107571,-0.6572486705,1.195071092,-2.116251477,-1.549351766,-0.01031686461,0,1,148,task,30,0,1610,17,682,30
2,119,192,-1.581478764,-0.6962471083,1.28144135,-2.168897789,-1.549019968,-0.01068759459,0,1,149,task,30,0,1610,17,682,30
2,119,193,-1.581878577,-0.7329682835,1.363459867,-2.219858987,-1.548660301,-0.01108652801,0,1,150,task,30,0,1610,17,682,30
2,119,194,-1.582317231,-0.767233145,1.440314821,-2.266645489,-1.548248316,-0.01152428634,0,1,151,task,30,0,1610,17,682,30
2,119,195,-1.582791877,-0.7995810566,1.513233084,-2.310497205,-1.547802819,-0.01199805989,0,1,152,task,30,0,1610,17,682,30
2,119,196,-1.583295556,-0.8305305267,1.583465846,-2.353060847,-1.547353636,-0.01250066131,0,1,153,task,30,0,1610,17,682,30
2,119,197,-1.583831025,-0.860231365,1.651374547,-2.394547922,-1.5469004,-0.01303482408,0,1,154,task,30,0,1610,17,682,30
2,119,198,-1.584472832,-0.8887112792,1.71816687,-2.437253257,-1.546244493,-0.01367454359,0,1,155,task,30,0,1610,17,682,30
2,119,199,-1.582324913,-0.9122980186,1.800015391,-2.523386981,-1.553172587,-0.01150934551,0,1,156,task,30,0,1610,17,682,30
2,119,200,-1.581366404,-0.9359278355,1.863028483,-2.567823348,-1.556651169,-0.01054855965,0,1,157,task,30,0,1610,17,682,30
2,119,201,-1.580726255,-0.9587733633,1.923247641,-2.608124552,-1.559166432,-0.009907541264,0,1,158,task,30,0,1610,17,682,30
2,119,202,-1.580038063,-0.9805446039,1.982265749,-2.648296526,-1.561688629,-0.009218903003,0,1,159,task,30,0,1610,17,682,30
2,119,203,-1.579362843,-0.999478748,2.035224133,-2.684989805,-1.563998869,-0.008543692696,0,1,160,task,30,0,1610,17,682,30
2,119,204,-1.617476618,-1.004376245,2.047159149,-2.691712488,-1.561017743,-0.04654201081,0,1,161,task,10,0,1610,17,682,30
2,119,205,-1.617051861,-0.9838377866,1.988421992,-2.649693157,-1.558045697,-0.0461331453,0,1,162,task,30,0,1610,17,682,30
2,119,206,-1.616658429,-0.9621519988,1.928612939,-2.607751686,-1.555067487,-0.0457550488,0,1,163,task,30,0,1610,17,682,30
2,119,207,-1.616292946,-0.9393384402,1.867599968,-2.565736258,-1.552083778,-0.04540438953,0,1,164,task,30,0,1610,17,682,30
2,119,208,-1.617196036,-0.9161362119,1.797958338,-2.505099243,-1.545783364,-0.04635097044,0,1,165,task,30,0,1610,17,682,30
2,119,209,-1.616397906,-0.8902655553,1.728218454,-2.450238934,-1.544010872,-0.04557983492,0,1,166,task,30,0,1610,17,682,30
2,119,210,-1.614482909,-0.8621977664,1.658869977,-2.401564755,-1.545545653,-0.04367694482,0,1,167,task,30,0,1610,17,682,30
2,119,211,-1.612964362,-0.8325585123,1.590348811,-2.358754947,-1.546242416,-0.04216372223,0,1,168,task,30,0,1610,17,682,30
2,119,212,-1.611537076,-0.801637924,1.51949363,-2.314888374,-1.546925247,-0.04074078919,0,1,169,task,30,0,1610,17,682,30
2,119,213,-1.610193038,-0.7692863383,1.445936797,-2.269747482,-1.547595377,-0.03940022209,0,1,170,task,30,0,1610,17,682,30
2,119,214,-1.608972837,-0.7350452894,1.369633874,-2.224071967,-1.548100666,-0.03818257781,0,1,171,task,30,0,1610,17,682,30
2,119,215,-1.607876707,-0.6986754043,1.29015764,-2.177750508,-1.548408201,-0.03708828958,0,1,172,task,30,0,1610,17,682,30
2,119,216,-1.606838958,-0.6601949773,1.206270782,-2.129127065,-1.548708189,-0.03605190776,0,1,173,task,30,0,1610,17,682,30
2,119,217,-1.605855032,-0.6191435499,1.116957422,-2.077646394,-1.549001229,-0.03506891417,0,1,174,task,30,0,1610,17,682,30
2,119,218,-1.604928902,-0.574943373,1.021215243,-2.023235493,-1.549259249,-0.03414325317,0,1,175,task,30,0,1610,17,682,30
2,119,219,-1.60449299,-0.5508143537,0.9691372363,-1.994049945,-1.549369615,-0.03370741209,0,0,,transition,30,0,1610,17,682,30
2,119,220,-1.604057079,-0.5266853345,0.9170592291,-1.964864397,-1.549479982,-0.03327157101,0,1,176,task,30,0,1610,17,682,30
2,119,221,-1.603641991,-0.4996964955,0.8588009313,-1.932357752,-1.549588225,-0.03285645061,0,0,,transition,30,0,1610,17,682,30
2,119,222,-1.603226903,-0.4727076565,0.8005426336,-1.899851107,-1.549696468,-0.03244133022,0,1,177,task,30,0,1610,17,682,30
2,119,223,-1.602831178,-0.4413742253,0.7328571889,-1.862261332,-1.54980274,-0.03204547733,0,0,,transition,30,0,1610,17,682,30
2,119,224,-1.602435452,-0.4100407941,0.6651717442,-1.824671557,-1.549909012,-0.03164962444,0,1,178,task,30,0,1610,17,682,30
2,119,225,-1.625151631,-0.4143828754,0.6772141511,-1.834671671,-1.549643927,-0.05437093617,0,1,179,task,10,0,1610,17,682,30
2,119,226,-1.625830461,-0.4454612023,0.7446177018,-1.872595097,-1.549467255,-0.05504977628,0,0,,transition,30,0,1610,17,682,30
2,119,227,-1.62650929,-0.4765395293,0.8120212525,-1.910518523,-1.549290584,-0.0557286164,0,1,180,task,30,0,1610,17,682,30
2,119,228,-1.627218887,-0.5033299897,0.8700860237,-1.94330101,-1.549119549,-0.05643796376,0,0,,transition,30,0,1610,17,682,30
2,119,229,-1.627928484,-0.5301204502,0.9281507948,-1.976083497,-1.548948514,-0.05714731113,0,1,181,task,30,0,1610,17,682,30
2,119,230,-1.628661259,-0.5539918313,0.9796766344,-2.004854141,-1.548818084,-0.05787975608,0,0,,transition,30,0,1610,17,682,30
2,119,231,-1.629394034,-0.5778632125,1.031202474,-2.033624786,-1.548687653,-0.05861220104,0,1,182,task,30,0,1610,17,682,30
2,119,232,-1.63093507,-0.6216097487,1.125660993,-2.086566736,-1.548419433,-0.06015224474,0,1,183,task,30,0,1610,17,682,30
2,119,233,-1.632557598,-0.6622864555,1.213553531,-2.13600991,-1.548143272,-0.06177342261,0,1,184,task,30,0,1610,17,682,30
2,119,234,-1.634268281,-0.7005115328,1.296235074,-2.182690852,-1.547858519,-0.06348236898,0,1,185,task,30,0,1610,17,682,30
2,119,235,-1.636074532,-0.7367213324,1.374664774,-2.227132092,-1.547564457,-0.06528646436,0,1,186,task,30,0,1610,17,682,30
2,119,236,-1.638094197,-0.7709592674,1.450942933,-2.2727692,-1.546917416,-0.06730191021,0,1,187,task,30,0,1610,17,682,30
2,119,237,-1.640346706,-0.8032981605,1.525427363,-2.319857157,-1.545913405,-0.06954694767,0,1,188,task,30,0,1610,17,682,30
2,119,238,-1.642740638,-0.8341468834,1.597166662,-2.365682322,-1.544883221,-0.07193117639,0,1,189,task,30,0,1610,17,682,30
2,119,239,-1.645333758,-0.8635626777,1.666670463,-2.410818222,-1.543698587,-0.0745119925,0,1,190,task,30,0,1610,17,682,30
2,119,240,-1.648140749,-0.8916479367,1.734221118,-2.455427308,-1.542370757,-0.07730369245,0,1,191,task,30,0,1610,17,682,30
2,119,241,-1.650431579,-0.9180933407,1.800901848,-2.50232319,-1.542896334,-0.07956680813,0,1,192,task,30,0,1610,17,682,30
2,119,242,-1.65167961,-0.9424240835,1.867413295,-2.553673378,-1.546492882,-0.08076635572,0,1,193,task,30,0,1610,17,682,30
2,119,243,-1.653007575,-0.9653058598,1.932011838,-2.604065679,-1.550099649,-0.08204160324,0,1,194,task,30,0,1610,17,682,30
2,119,244,-1.654332045,-0.9867860674,1.992995616,-2.648945655,-1.553943483,-0.0833273814,0,1,195,task,30,0,1610,17,682,30
2,119,245,-1.655763697,-1.007006363,2.052884002,-2.693999575,-1.557763556,-0.08471798588,0,1,196,task,30,0,1610,17,682,30
2,119,246,-1.655867949,-1.008369157,2.057025878,-2.697154896,-1.558029184,-0.08481927864,0,1,197,task,30,0,1610,17,682,30
2,119,247,-1.694428433,-1.011452972,2.064800324,-2.701297382,-1.555046286,-0.1232681289,0,1,198,task,10,0,1610,17,682,30
2,119,248,-1.692440419,-0.9921809099,2.002794379,-2.649731647,-1.54925456,-0.1213727229,0,1,199,task,30,0,1610,17,682,30
2,119,249,-1.689682998,-0.9705424675,1.940274156,-2.60133041,-1.545685358,-0.1186880571,0,1,200,task,30,0,1610,17,682,30
2,119,250,-1.686587345,-0.9471122133,1.876893152,-2.55465705,-1.543442491,-0.1156498019,0,1,201,task,30,0,1610,17,682,30
2,119,251,-1.683710894,-0.9224448188,1.812093783,-2.507810114,-1.54114749,-0.1128237673,0,1,202,task,30,0,1610,17,682,30
2,119,252,-1.680329754,-0.8960138358,1.746753185,-2.463838357,-1.540715207,-0.1094735726,0,1,203,task,30,0,1610,17,682,30
2,119,253,-1.676588379,-0.8680272029,1.680597828,-2.422002618,-1.541873878,-0.1057485705,0,1,204,task,30,0,1610,17,682,30
2,119,254,-1.67308101,-0.8388927089,1.612503097,-2.379361113,-1.542997025,-0.102255195,0,1,205,task,30,0,1610,17,682,30
2,119,255,-1.669684516,-0.8084111167,1.540669722,-2.332578189,-1.544396066,-0.09887548326,0,1,206,task,30,0,1610,17,682,30
2,119,256,-1.666421587,-0.7763164385,1.465006578,-2.282325798,-1.545969261,-0.09562809428,0,1,207,task,30,0,1610,17,682,30
2,119,257,-1.663502376,-0.7423320693,1.388118211,-2.23474863,-1.54700837,-0.09271673668,0,1,208,task,30,0,1610,17,682,30
2,119,258,-1.660964575,-0.7064487344,1.310746917,-2.191585398,-1.547301607,-0.09018119223,0,1,209,task,30,0,1610,17,682,30
2,119,259,-1.658560962,-0.6686486445,1.229314567,-2.146273406,-1.547584273,-0.08777947384,0,1,210,task,30,0,1610,17,682,30
2,119,260,-1.656281132,-0.6285260296,1.142930704,-2.098328352,-1.547857177,-0.08550120343,0,1,211,task,30,0,1610,17,682,30
2,119,261,-1.654115733,-0.5855125533,1.050350938,-2.047074524,-1.548121044,-0.08333705226,0,1,212,task,30,0,1610,17,682,30
2,119,262,-1.653086033,-0.5621408834,1.000045738,-2.019295511,-1.548248788,-0.08230783172,0,0,,transition,30,0,1610,17,682,30
2,119,263,-1.652056334,-0.5387692135,0.9497405375,-1.991516497,-1.548376532,-0.08127861119,0,1,213,task,30,0,1610,17,682,30
2,119,264,-1.651075825,-0.5128661954,0.8939633902,-1.960795308,-1.548500384,-0.08029844549,0,0,,transition,30,0,1610,17,682,30
2,119,265,-1.650095316,-0.4869631773,0.8381862429,-1.930074119,-1.548624236,-0.0793182798,0,1,214,task,30,0,1610,17,682,30
2,119,266,-1.649159526,-0.4573321475,0.7743032728,-1.894944434,-1.548748332,-0.0783827178,0,0,,transition,30,0,1610,17,682,30
2,119,267,-1.648223736,-0.4277011177,0.7104203026,-1.85981475,-1.548872427,-0.0774471558,0,1,215,task,30,0,1610,17,682,30
2,119,268,-1.647283889,-0.3907839765,0.6298442836,-1.813887748,-1.549174076,-0.0765076164,0,0,,transition,30,0,1610,17,682,30
2,119,269,-1.646344042,-0.3538668353,0.5492682645,-1.767960747,-1.549475724,-0.07556807699,0,1,216,task,30,0,1610,17,682,30
2,119,270,-1.658493238,-0.3862113196,0.6213111209,-1.810768691,-1.54894029,-0.08771883769,0,0,,transition,10,0,1610,17,682,30
2,119,271,-1.670642434,-0.4185558039,0.6933539772,-1.853576635,-1.548404855,-0.09986959839,0,1,217,task,10,0,1610,17,682,30
2,119,272,-1.671832995,-0.4486967984,0.7582531235,-1.889012037,-1.548286358,-0.1010598748,0,0,,transition,30,0,1610,17,682,30
2,119,273,-1.673023556,-0.4788377929,0.8231522698,-1.924447439,-1.548167861,-0.1022501513,0,1,218,task,30,0,1610,17,682,30
2,119,274,-1.674271937,-0.5050820299,0.8795895645,-1.955315888,-1.548045481,-0.1034981399,0,0,,transition,30,0,1610,17,682,30
2,119,275,-1.675520318,-0.531326267,0.9360268592,-1.986184337,-1.547923101,-0.1047461286,0,1,219,task,30,0,1610,17,682,30
2,119,276,-1.67683085,-0.5549452568,0.9867816075,-2.013993472,-1.547796555,-0.106056153,0,0,,transition,30,0,1610,17,682,30
2,119,277,-1.678141381,-0.5785642466,1.037536356,-2.041802607,-1.547670008,-0.1073661775,0,1,220,task,30,0,1610,17,682,30
2,119,278,-1.680896299,-0.6219633239,1.130765266,-2.092974815,-1.547407957,-0.110119834,0,1,221,task,30,0,1610,17,682,30
2,119,279,-1.683795629,-0.662403229,1.217636228,-2.140743484,-1.54713626,-0.1130176408,0,1,222,task,30,0,1610,17,682,30
2,119,280,-1.686851076,-0.7004758785,1.29944389,-2.185810912,-1.546854156,-0.1160712835,0,1,223,task,30,0,1610,17,682,30
2,119,281,-1.69007565,-0.7366019033,1.377109739,-2.228677467,-1.546560805,-0.1192937514,0,1,224,task,30,0,1610,17,682,30
2,119,282,-1.69378315,-0.7709910059,1.454780599,-2.276880939,-1.545318447,-0.1229910317,0,1,225,task,30,0,1610,17,682,30
2,119,283,-1.698194031,-0.80332401,1.534284838,-2.334449581,-1.542575926,-0.1273691012,0,1,226,task,30,0,1610,17,682,30
2,119,284,-1.702274308,-0.8338532918,1.604242266,-2.376714577,-1.541579093,-0.1314370236,0,1,227,task,30,0,1610,17,682,30
2,119,285,-1.706614349,-0.8631617852,1.671983666,-2.417969044,-1.540549019,-0.1357628968,0,1,228,task,30,0,1610,17,682,30
2,119,286,-1.711239914,-0.8913583893,1.737793255,-2.458386529,-1.539482511,-0.1403723244,0,1,229,task,30,0,1610,17,682,30
2,119,287,-1.715927146,-0.9182969625,1.802307137,-2.499364831,-1.539044341,-0.1450347122,0,1,230,task,30,0,1610,17,682,30
2,119,288,-1.720150935,-0.9434445435,1.866491027,-2.543679157,-1.540588903,-0.1492090928,0,1,231,task,30,0,1610,17,682,30
2,119,289,-1.724690615,-0.9674588128,1.92928819,-2.587744563,-1.54207106,-0.1536929065,0,1,232,task,30,0,1610,17,682,30
2,119,290,-1.729583329,-0.9903474991,1.990864621,-2.631719327,-1.543483414,-0.1585225879,0,1,233,task,30,0,1610,17,682,30
2,119,291,-1.733060193,-1.010259873,2.054714092,-2.686650416,-1.548958818,-0.1618583597,0,1,234,task,30,0,1610,17,682,30
2,119,292,-1.733045439,-1.013624042,2.070462671,-2.704125156,-1.552082342,-0.161776944,0,1,235,task,30,0,1610,17,682,30
2,119,293,-1.793057694,-1.017755568,2.067384002,-2.675683685,-1.500217874,-0.2222824724,0,1,236,task,10,0,1610,17,682,30
2,119,294,-1.777206466,-0.996997762,2.005493807,-2.631702532,-1.518848727,-0.2062942587,0,1,237,task,30,0,1610,17,682,30
2,119,295,-1.767844411,-0.9739559199,1.944807939,-2.591267457,-1.524238972,-0.1969346156,0,1,238,task,30,0,1610,17,682,30
2,119,296,-1.75915163,-0.9498841183,1.882969723,-2.550588978,-1.529542122,-0.1882470053,0,1,239,task,30,0,1610,17,682,30
2,119,297,-1.751058663,-0.9247699271,1.819823586,-2.509537694,-1.534765824,-0.1801613023,0,1,240,task,30,0,1610,17,682,30
2,119,298,-1.744272065,-0.8982110006,1.755894943,-2.469534412,-1.537817806,-0.1733879942,0,1,241,task,30,0,1610,17,682,30
2,119,299,-1.738617093,-0.8702896196,1.690996733,-2.430336785,-1.538849628,-0.1677494407,0,1,242,task,30,0,1610,17,682,30
2,119,300,-1.733311732,-0.8413125499,1.624263696,-2.390339084,-1.539842709,-0.1624587859,0,1,243,task,30,0,1610,17,682,30
2,119,301,-1.728324411,-0.811178977,1.555431587,-2.349380058,-1.540800402,-0.1574845819,0,1,244,task,30,0,1610,17,682,30
2,119,302,-1.72362726,-0.7797600226,1.48418127,-2.307271347,-1.541725685,-0.1527990745,0,1,245,task,30,0,1610,17,682,30
2,119,303,-1.718137487,-0.7457149391,1.398032184,-2.240224782,-1.545997562,-0.1473589309,0,1,246,task,30,0,1610,17,682,30
2,119,304,-1.714147768,-0.7100976073,1.321584892,-2.198316358,-1.546297998,-0.1433712096,0,1,247,task,30,0,1610,17,682,30
2,119,305,-1.710368038,-0.6726438263,1.241227726,-2.154327334,-1.546586328,-0.1395932239,0,1,248,task,30,0,1610,17,682,30
2,119,306,-1.706782097,-0.6329711348,1.156123103,-2.107803203,-1.54686345,-0.1360087876,0,1,249,task,30,0,1610,17,682,30
2,119,307,-1.703375371,-0.5905487769,1.065110439,-2.05811469,-1.547130175,-0.132603343,0,1,250,task,30,0,1610,17,682,30
2,119,308,-1.700134719,-0.5446024705,0.966497923,-2.004344756,-1.547387236,-0.1293637603,0,1,251,task,30,0,1610,17,682,30
2,119,309,-1.698591487,-0.5192623449,0.9120700349,-1.974702593,-1.547511269,-0.1278209634,0,0,,transition,30,0,1610,17,682,30
2,119,310,-1.697048254,-0.4939222192,0.8576421468,-1.94506043,-1.547635302,-0.1262781665,0,1,252,task,30,0,1610,17,682,30
2,119,311,-1.695576729,-0.4651689884,0.7958065295,-1.911421301,-1.54775514,-0.1248069824,0,0,,transition,30,0,1610,17,682,30
2,119,312,-1.694105203,-0.4364157575,0.7339709121,-1.877782172,-1.547874979,-0.1233357982,0,1,253,task,30,0,1610,17,682,30
2,119,313,-1.692700487,-0.4021143284,0.6600586353,-1.837612419,-1.547990901,-0.1219313364,0,0,,transition,30,0,1610,17,682,30
2,119,314,-1.691295772,-0.3678128992,0.5861463585,-1.797442666,-1.548106823,-0.1205268745,0,1,254,task,30,0,1610,17,682,30
2,119,315,-1.729108098,-0.4035371567,0.6562200644,-1.80871699,-1.496731447,-0.1587534282,0,1,255,task,10,0,1610,17,682,30
2,119,316,-1.73095968,-0.4350308476,0.7238760327,-1.845377915,-1.49666265,-0.160611297,0,0,,transition,30,0,1610,17,682,30
2,119,317,-1.732811262,-0.4665245386,0.791532001,-1.88203884,-1.496593853,-0.1624691658,0,1,256,task,30,0,1610,17,682,30
2,119,318,-1.734751707,-0.4936440094,0.8496705322,-1.913549322,-1.496522051,-0.1644161067,0,0,,transition,30,0,1610,17,682,30
2,119,319,-1.736692151,-0.5207634802,0.9078090634,-1.945059803,-1.496450249,-0.1663630476,0,1,257,task,30,0,1610,17,682,30
2,119,320,-1.738728023,-0.5450197851,0.9597325381,-1.973210613,-1.496375262,-0.1684056439,0,0,,transition,30,0,1610,17,682,30
2,119,321,-1.740763894,-0.56927609,1.011656013,-2.001361423,-1.496300275,-0.1704482401,0,1,258,task,30,0,1610,17,682,30
2,119,322,-1.745040947,-0.6136760645,1.10659682,-2.05285275,-1.496143542,-0.1747392416,0,1,259,task,30,0,1610,17,682,30
2,119,323,-1.749539267,-0.6549454397,1.194774907,-2.100693812,-1.495979635,-0.1792520558,0,1,260,task,30,0,1610,17,682,30
2,119,324,-1.754276511,-0.6937345487,1.277609352,-2.145651851,-1.495808105,-0.1840043922,0,1,261,task,30,0,1610,17,682,30
2,119,325,-1.759272269,-0.7305004734,1.356097631,-2.188265584,-1.495628471,-0.1890159006,0,1,262,task,30,0,1610,17,682,30
2,119,326,-1.76387309,-0.766343505,1.444564636,-2.256820736,-1.497503558,-0.1935600999,0,1,263,task,30,0,1610,17,682,30
2,119,327,-1.764951841,-0.7992174486,1.524462115,-2.316734099,-1.5107725,-0.194413458,0,1,264,task,30,0,1610,17,682,30
2,119,328,-1.767838102,-0.8300328347,1.59707144,-2.365590258,-1.51893099,-0.1971743634,0,1,265,task,30,0,1610,17,682,30
2,119,329,-1.771678505,-0.8594455302,1.665576551,-2.409275778,-1.524873843,-0.2009303274,0,1,266,task,30,0,1610,17,682,30
2,119,330,-1.775772261,-0.8876716139,1.732093268,-2.452194552,-1.530770934,-0.2049414166,0,1,267,task,30,0,1610,17,682,30
2,119,331,-1.781051434,-0.9146159011,1.797578549,-2.495879988,-1.53419337,-0.2101470224,0,1,268,task,30,0,1610,17,682,30
2,119,332,-1.793690212,-0.9388360471,1.866570065,-2.549150551,-1.519458778,-0.2227781198,0,1,269,task,30,0,1610,17,682,30
2,119,333,-1.804281653,-0.9625674358,1.928275259,-2.588878158,-1.51206046,-0.2334035313,0,1,270,task,30,0,1610,17,682,30
2,119,334,-1.814978339,-0.9855456467,1.987591111,-2.625406208,-1.506250987,-0.244151635,0,1,271,task,30,0,1610,17,682,30
2,119,335,-1.826494866,-1.007578782,2.045899559,-2.661697796,-1.500388531,-0.2557333915,0,1,272,task,30,0,1610,17,682,30
2,119,336,-1.831054999,-1.015613635,2.067579328,-2.675299362,-1.498170764,-0.2603220739,0,1,273,task,30,0,1610,17,682,30
2,119,337,-1.868691339,-1.012541857,2.065636077,-2.673656738,-1.496246338,-0.298011194,0,1,274,task,10,0,1610,17,682,30
2,119,338,-1.858264191,-0.9910855494,2.007198464,-2.634515294,-1.495654254,-0.2876434062,0,1,275,task,30,0,1610,17,682,30
2,119,339,-1.848596212,-0.9686250463,1.947794582,-2.59537215,-1.494974996,-0.2780308349,0,1,276,task,30,0,1610,17,682,30
2,119,340,-1.839607197,-0.9451702965,1.887294224,-2.55609248,-1.494217306,-0.2690935853,0,1,277,task,30,0,1610,17,682,30
2,119,341,-1.831227876,-0.9207130022,1.825552563,-2.516544203,-1.493388809,-0.2607626734,0,1,278,task,30,0,1610,17,682,30
2,119,342,-1.823717923,-0.8966806754,1.740698496,-2.425079414,-1.491811571,-0.2536186496,0,1,279,task,30,0,1610,17,682,30
2,119,343,-1.815857595,-0.8681200157,1.675793658,-2.387044868,-1.492255341,-0.245743778,0,1,280,task,30,0,1610,17,682,30
2,119,344,-1.808475075,-0.8385307787,1.609002346,-2.348108922,-1.49266476,-0.2383470468,0,1,281,task,30,0,1610,17,682,30
2,119,345,-1.80152806,-0.8078035209,1.540054196,-2.308114881,-1.493042465,-0.231386061,0,1,282,task,30,0,1610,17,682,30
2,119,346,-1.794979102,-0.7758003268,1.4686212,-2.266876352,-1.493390842,-0.224823295,0,1,283,task,30,0,1610,17,682,30
2,119,347,-1.788708727,-0.7420342922,1.393104262,-2.221999167,-1.493985042,-0.2185394013,0,1,284,task,30,0,1610,17,682,30
2,119,348,-1.782607939,-0.7057616546,1.311378294,-2.170644094,-1.495104208,-0.2124210605,0,1,285,task,30,0,1610,17,682,30
2,119,349,-1.776941145,-0.6675580224,1.227331418,-2.120933034,-1.495819164,-0.2067336992,0,1,286,task,30,0,1610,17,682,30
2,119,350,-1.771700199,-0.6273921988,1.141235686,-2.073933701,-1.496049196,-0.2014755162,0,1,287,task,30,0,1610,17,682,30
2,119,351,-1.766719235,-0.5843578058,1.048965812,-2.023606779,-1.496269174,-0.1964779208,0,1,288,task,30,0,1610,17,682,30
2,119,352,-1.764349304,-0.5609889709,0.9988323527,-1.996286265,-1.496374431,-0.194099949,0,0,,transition,30,0,1610,17,682,30
2,119,353,-1.761979373,-0.5376201359,0.9486988931,-1.96896575,-1.496479687,-0.1917219772,0,1,289,task,30,0,1610,17,682,30
2,119,354,-1.759721445,-0.5117375842,0.89312083,-1.938704935,-1.496580485,-0.1894562591,0,0,,transition,30,0,1610,17,682,30
2,119,355,-1.757463518,-0.4858550325,0.8375427669,-1.90844412,-1.496681282,-0.187190541,0,1,290,task,30,0,1610,17,682,30
2,119,356,-1.755309836,-0.4562869339,0.7739593931,-1.87385481,-1.496777876,-0.1850292964,0,0,,transition,30,0,1610,17,682,30
2,119,357,-1.753156154,-0.4267188353,0.7103760192,-1.839265501,-1.496874469,-0.1828680518,0,1,291,task,30,0,1610,17,682,30
2,119,358,-1.751099661,-0.3909714597,0.6333335877,-1.7973883,-1.496967095,-0.1808042032,0,0,,transition,30,0,1610,17,682,30
2,119,359,-1.749043167,-0.3552240842,0.5562911562,-1.7555111,-1.49705972,-0.1787403547,0,1,292,task,30,0,1610,17,682,30
2,119,360,-1.773360447,-0.3887576062,0.6330387675,-1.798704441,-1.497137002,-0.2031258508,0,1,293,task,10,0,1610,17,682,30
2,119,361,-1.775726549,-0.4211326621,0.7028758687,-1.836859629,-1.497004285,-0.2055007873,0,0,,transition,30,0,1610,17,682,30
2,119,362,-1.778092651,-0.453507718,0.7727129699,-1.875014817,-1.496871568,-0.2078757237,0,1,294,task,30,0,1610,17,682,30
2,119,363,-1.780571788,-0.4811220552,0.832202138,-1.907572958,-1.49673312,-0.2103638973,0,0,,transition,30,0,1610,17,682,30
2,119,364,-1.783050926,-0.5087363924,0.891691306,-1.940131099,-1.496594672,-0.2128520708,0,1,295,task,30,0,1610,17,682,30
2,119,365,-1.785651385,-0.5332944175,0.944559108,-1.969113581,-1.496450142,-0.2154617897,0,0,,transition,30,0,1610,17,682,30
2,119,366,-1.788251844,-0.5578524426,0.9974269101,-1.998096064,-1.496305612,-0.2180715086,0,1,296,task,30,0,1610,17,682,30
2,119,367,-1.793713631,-0.6026246844,1.093785349,-2.051004758,-1.496003638,-0.2235523167,0,1,297,task,30,0,1610,17,682,30
2,119,368,-1.799509872,-0.6443061409,1.184283382,-2.102205926,-1.495505724,-0.2293693813,0,1,298,task,30,0,1610,17,682,30
2,119,369,-1.805651912,-0.6833995942,1.26981166,-2.151687646,-1.494859871,-0.235532275,0,1,299,task,30,0,1610,17,682,30
2,119,370,-1.812133542,-0.7202551844,1.350665931,-2.198699079,-1.494175544,-0.2420336506,0,1,300,task,30,0,1610,17,682,30
2,119,371,-1.818964955,-0.7551055075,1.427550531,-2.243564837,-1.493506858,-0.2488832686,0,1,301,task,30,0,1610,17,682,30
2,119,372,-1.826108307,-0.7877617133,1.500736147,-2.286248485,-1.493054055,-0.2560423871,0,1,302,task,30,0,1610,17,682,30
2,119,373,-1.833678291,-0.8190228748,1.571198604,-2.327564153,-1.492565131,-0.263627956,0,1,303,task,30,0,1610,17,682,30
2,119,374,-1.841714221,-0.8490461331,1.63930918,-2.367721826,-1.4920372,-0.2716793564,0,1,304,task,30,0,1610,17,682,30
2,119,375,-1.85027514,-0.8779415802,1.705615274,-2.407453368,-1.491424492,-0.2802541024,0,1,305,task,30,0,1610,17,682,30
2,119,376,-1.859677034,-0.9054028994,1.774208861,-2.456005499,-1.489978596,-0.289633088,0,1,306,task,30,0,1610,17,682,30
2,119,377,-1.868450737,-0.9294715061,1.849652536,-2.527001929,-1.491609446,-0.2981102638,0,1,307,task,30,0,1610,17,682,30
2,119,378,-1.878129635,-0.9532032373,1.912007743,-2.569658597,-1.492565723,-0.3077014145,0,1,308,task,30,0,1610,17,682,30
2,119,379,-1.888543173,-0.9760083073,1.972277332,-2.609899482,-1.493393811,-0.318043796,0,1,309,task,30,0,1610,17,682,30
2,119,380,-1.899755196,-0.9977715882,2.031484767,-2.650079757,-1.494119583,-0.3291792019,0,1,310,task,30,0,1610,17,682,30
2,119,381,-1.905862305,-1.008550937,2.061559524,-2.670764367,-1.494449264,-0.3352446294,0,1,311,task,30,0,1610,17,682,30
2,119,382,-1.942470165,-1.003652703,2.055360484,-2.666635273,-1.492782461,-0.3719237257,0,1,312,task,10,0,1610,17,682,30
2,119,383,-1.929667074,-0.982726313,1.996184586,-2.624767567,-1.491969133,-0.3592325252,0,1,313,task,30,0,1610,17,682,30
2,119,384,-1.917790094,-0.9606797312,1.935967265,-2.582933182,-1.491017326,-0.3474584525,0,1,314,task,30,0,1610,17,682,30
2,119,385,-1.906650508,-0.9376384236,1.873005342,-2.53717959,-1.490194745,-0.3364480535,0,1,315,task,30,0,1610,17,682,30
2,119,386,-1.896068359,-0.9134430608,1.804535504,-2.481637751,-1.489801297,-0.3260477171,0,1,316,task,30,0,1610,17,682,30
2,119,387,-1.885891767,-0.887130524,1.736865208,-2.432508845,-1.490022072,-0.3159477456,0,1,317,task,30,0,1610,17,682,30
2,119,388,-1.876029473,-0.8590274945,1.670198858,-2.389909687,-1.491033571,-0.3060838554,0,1,318,task,30,0,1610,17,682,30
2,119,389,-1.866811636,-0.8297614758,1.602430715,-2.348414587,-1.49183878,-0.2968535938,0,1,319,task,30,0,1610,17,682,30
2,119,390,-1.858152649,-0.7992798416,1.532814527,-2.306709331,-1.49253512,-0.2881781423,0,1,320,task,30,0,1610,17,682,30
2,119,391,-1.849987834,-0.7674408962,1.460618647,-2.263732082,-1.493181878,-0.2799960027,0,1,321,task,30,0,1610,17,682,30
2,119,392,-1.842277672,-0.7338920622,1.385698665,-2.219939764,-1.493774221,-0.2722666127,0,1,322,task,30,0,1610,17,682,30
2,119,393,-1.834985507,-0.6982086394,1.307996321,-2.176072187,-1.494310477,-0.2649525669,0,1,323,task,30,0,1610,17,682,30
2,119,394,-1.828074135,-0.6605544393,1.226156726,-2.13000145,-1.494818514,-0.2580195662,0,1,324,task,30,0,1610,17,682,30
2,119,395,-1.821514601,-0.6205154364,1.13926855,-2.081233339,-1.495300168,-0.2514385866,0,1,325,task,30,0,1610,17,682,30
2,119,396,-1.815280803,-0.5775090157,1.046053637,-2.02907507,-1.495757129,-0.2451834669,0,1,326,task,30,0,1610,17,682,30
2,119,397,-1.812315187,-0.5541061599,0.9954009466,-2.000885568,-1.495973242,-0.2422071739,0,0,,transition,30,0,1610,17,682,30
2,119,398,-1.809349571,-0.5307033041,0.9447482565,-1.972696067,-1.496189354,-0.2392308809,0,1,327,task,30,0,1610,17,682,30
2,119,399,-1.806524475,-0.5047433936,0.8886390511,-1.941695727,-1.496394072,-0.2363951093,0,0,,transition,30,0,1610,17,682,30
2,119,400,-1.80369938,-0.4787834831,0.8325298457,-1.910695387,-1.496598789,-0.2335593376,0,1,328,task,30,0,1610,17,682,30
2,119,401,-1.801004561,-0.4490173513,0.7681713623,-1.875239931,-1.496794886,-0.2308539774,0,0,,transition,30,0,1610,17,682,30
2,119,402,-1.798309743,-0.4192512195,0.7038128789,-1.839784474,-1.496990983,-0.2281486173,0,1,329,task,30,0,1610,17,682,30
2,119,403,-1.79573642,-0.3830373494,0.6254265247,-1.796737711,-1.497178963,-0.2255648667,0,0,,transition,30,0,1610,17,682,30
2,119,404,-1.793163097,-0.3468234792,0.5470401705,-1.753690948,-1.497366942,-0.2229811161,0,1,330,task,30,0,1610,17,682,30
2,119,405,-1.81707781,-0.368386899,0.5990911344,-1.785532857,-1.497059826,-0.2469690932,0,1,331,task,10,0,1610,17,682,30
2,119,406,-1.819962765,-0.4022230592,0.67257543,-1.826342946,-1.496770024,-0.2498665166,0,0,,transition,30,0,1610,17,682,30
2,119,407,-1.822847721,-0.4360592193,0.7460597255,-1.867153035,-1.496480221,-0.2527639399,0,1,332,task,30,0,1610,17,682,30
2,119,408,-1.8258489,-0.4643737066,0.8073790981,-1.9010507,-1.496255976,-0.2557764008,0,0,,transition,30,0,1610,17,682,30
2,119,409,-1.828850079,-0.4926881939,0.8686984706,-1.934948365,-1.49603173,-0.2587888618,0,1,333,task,30,0,1610,17,682,30
2,119,410,-1.831980161,-0.5176123339,0.9225437381,-1.964556188,-1.495857397,-0.2619295891,0,0,,transition,30,0,1610,17,682,30
2,119,411,-1.835110243,-0.5425364739,0.9763890055,-1.994164012,-1.495683063,-0.2650703165,0,1,334,task,30,0,1610,17,682,30
2,119,412,-1.841680315,-0.5877632924,1.074115285,-2.048008609,-1.495317364,-0.2716622074,0,1,335,task,30,0,1610,17,682,30
2,119,413,-1.848583726,-0.6295243113,1.164404315,-2.097851163,-1.494933619,-0.2785880398,0,1,336,task,30,0,1610,17,682,30
2,119,414,-1.855846315,-0.6685638766,1.248885105,-2.144573744,-1.494530741,-0.2858737344,0,1,337,task,30,0,1610,17,682,30
2,119,415,-1.863496636,-0.705394188,1.328680575,-2.188784183,-1.494107572,-0.293547943,0,1,338,task,30,0,1610,17,682,30
2,119,416,-1.871575888,-0.7403423508,1.404794476,-2.231341011,-1.493631088,-0.3016516586,0,1,339,task,30,0,1610,17,682,30
2,119,417,-1.880227046,-0.7731390864,1.479696073,-2.276875095,-1.492752781,-0.3103228284,0,1,340,task,30,0,1610,17,682,30
2,119,418,-1.889391587,-0.8043916015,1.551654463,-2.320954263,-1.49180919,-0.3195048843,0,1,341,task,30,0,1610,17,682,30
2,119,419,-1.899080308,-0.8343073739,1.620851874,-2.363297322,-1.490901216,-0.3292085311,0,1,342,task,30,0,1610,17,682,30
2,119,420,-1.909316601,-0.8630739117,1.687504863,-2.403777313,-1.490097855,-0.3394580373,0,1,343,task,30,0,1610,17,682,30
2,119,421,-1.920213292,-0.8907470181,1.75225819,-2.443381257,-1.489226646,-0.3503668175,0,1,344,task,30,0,1610,17,682,30
2,119,422,-1.931466851,-0.9163892217,1.818727414,-2.491256171,-1.489183667,-0.3615367736,0,1,345,task,30,0,1610,17,682,30
2,119,423,-1.943477226,-0.9405591068,1.884029948,-2.540037961,-1.489079085,-0.3734259925,0,1,346,task,30,0,1610,17,682,30
2,119,424,-1.956148193,-0.9633115118,1.947249719,-2.587320078,-1.489345581,-0.3859516635,0,1,347,task,30,0,1610,17,682,30
2,119,425,-1.969306835,-0.9846431208,2.008053031,-2.632081858,-1.490560541,-0.3989516067,0,1,348,task,30,0,1610,17,682,30
2,119,426,-1.978425307,-0.9978598424,2.047054928,-2.661286511,-1.491247127,-0.4079578487,0,1,349,task,30,0,1610,17,682,30
2,119,427,-2.013647376,-0.9911856124,2.036663413,-2.654738607,-1.489842823,-0.443265556,0,1,350,task,10,0,1610,17,682,30
2,119,428,-1.999029739,-0.9713590273,1.974345292,-2.60334386,-1.488137548,-0.4289420008,0,1,351,task,30,0,1610,17,682,30
2,119,429,-1.984689921,-0.9492679226,1.9123176,-2.557002108,-1.48806481,-0.4147499652,0,1,352,task,30,0,1610,17,682,30
2,119,430,-1.971065058,-0.9256669035,1.849502231,-2.512217914,-1.488488804,-0.4012141193,0,1,353,task,30,0,1610,17,682,30
2,119,431,-1.958351064,-0.9008584837,1.785178669,-2.467052295,-1.488737608,-0.3885733468,0,1,354,task,30,0,1610,17,682,30
2,119,432,-1.946325133,-0.8744205053,1.720644425,-2.425154364,-1.489171859,-0.3765703927,0,1,355,task,30,0,1610,17,682,30
2,119,433,-1.934885578,-0.8464518492,1.656006775,-2.386787995,-1.489916342,-0.3651102342,0,1,356,task,30,0,1610,17,682,30
2,119,434,-1.924118846,-0.8173849591,1.589387421,-2.347468651,-1.490608577,-0.3543233921,0,1,357,task,30,0,1610,17,682,30
2,119,435,-1.913904671,-0.7871194271,1.51989751,-2.305743523,-1.491448207,-0.3440909512,0,1,358,task,30,0,1610,17,682,30
2,119,436,-1.904067654,-0.7554138775,1.445672413,-2.25846212,-1.492848694,-0.3342365602,0,1,359,task,30,0,1610,17,682,30
2,119,437,-1.894846408,-0.7218830639,1.369207361,-2.211715236,-1.493930274,-0.3249909866,0,1,360,task,30,0,1610,17,682,30
2,119,438,-1.886311863,-0.6863220975,1.292243065,-2.169498152,-1.49429662,-0.3164296394,0,1,361,task,30,0,1610,17,682,30
2,119,439,-1.878211321,-0.6487945752,1.211114775,-2.125043943,-1.4946471,-0.3083034811,0,1,362,task,30,0,1610,17,682,30
2,119,440,-1.870512832,-0.6088831575,1.124907113,-2.077857705,-1.494982463,-0.3005804385,0,1,363,task,30,0,1610,17,682,30
2,119,441,-1.863187473,-0.5659997114,1.032332633,-2.027242945,-1.495303427,-0.2932314819,0,1,364,task,30,0,1610,17,682,30
2,119,442,-1.85969824,-0.5426344787,0.9819053177,-1.999703404,-1.495457056,-0.2897308795,0,0,,transition,30,0,1610,17,682,30
2,119,443,-1.856209006,-0.5192692459,0.9314780022,-1.972163863,-1.495610685,-0.2862302771,0,1,365,task,30,0,1610,17,682,30
2,119,444,-1.85288129,-0.4932780331,0.8753751051,-1.941560276,-1.49575779,-0.2828915796,0,0,,transition,30,0,1610,17,682,30
2,119,445,-1.849553573,-0.4672868203,0.819272208,-1.910956688,-1.495904895,-0.2795528821,0,1,366,task,30,0,1610,17,682,30
2,119,446,-1.846376505,-0.4374035711,0.7547258194,-1.875788244,-1.49604579,-0.2763651831,0,0,,transition,30,0,1610,17,682,30
2,119,447,-1.843199436,-0.4075203219,0.6901794308,-1.840619799,-1.496186686,-0.2731774842,0,1,367,task,30,0,1610,17,682,30
2,119,448,-1.84014326,-0.3707423354,0.6104424559,-1.796864322,-1.496398827,-0.2701098385,0,0,,transition,30,0,1610,17,682,30
2,119,449,-1.837087084,-0.3339643489,0.5307054811,-1.753108844,-1.496610968,-0.2670421928,0,1,368,task,30,0,1610,17,682,30
2,119,450,-1.845642088,-0.3729299941,0.6157561817,-1.799847632,-1.496377192,-0.2756243083,0,0,,transition,10,0,1610,17,682,30
2,119,451,-1.854197091,-0.4118956394,0.7008068823,-1.84658642,-1.496143416,-0.2842064237,0,0,,transition,10,0,1610,17,682,30
2,119,452,-1.862752094,-0.4508612846,0.785857583,-1.893325208,-1.49590964,-0.2927885391,0,0,,transition,10,0,1610,17,682,30
2,119,453,-1.871307098,-0.4898269299,0.8709082836,-1.940063996,-1.495675864,-0.3013706545,0,0,,transition,10,0,1610,17,682,30
2,119,454,-1.879862101,-0.5287925752,0.9559589843,-1.986802783,-1.495442087,-0.30995277,0,0,,transition,10,0,1610,17,682,30
2,119,455,-1.888417104,-0.5677582204,1.041009685,-2.033541571,-1.495208311,-0.3185348854,0,1,369,task,10,0,1610,17,682,30
2,119,456,-1.896350765,-0.6100600142,1.132287699,-2.083149006,-1.494930185,-0.3264938924,0,1,370,task,30,0,1610,17,682,30
2,119,457,-1.904685576,-0.6494831791,1.217398163,-2.129431787,-1.494641132,-0.3348552214,0,1,371,task,30,0,1610,17,682,30
2,119,458,-1.913452259,-0.686587203,1.29756558,-2.173052016,-1.494340775,-0.3436497137,0,1,372,task,30,0,1610,17,682,30
2,119,459,-1.922684702,-0.7217713726,1.373665456,-2.214482683,-1.494028752,-0.3529113884,0,1,373,task,30,0,1610,17,682,30
2,119,460,-1.93303139,-0.7549557339,1.453267424,-2.268551904,-1.49175714,-0.3632812448,0,1,374,task,30,0,1610,17,682,30
2,119,461,-1.943570055,-0.7862274861,1.525432401,-2.312619731,-1.490657357,-0.3738395542,0,1,375,task,30,0,1610,17,682,30
2,119,462,-1.95454156,-0.8161415391,1.593321123,-2.351852435,-1.490063009,-0.384835822,0,1,376,task,30,0,1610,17,682,30
2,119,463,-1.96617014,-0.8448791742,1.658998809,-2.389984081,-1.48942846,-0.3964904139,0,1,377,task,30,0,1610,17,682,30
2,119,464,-1.978515304,-0.8725463095,1.722728519,-2.42716493,-1.488751236,-0.4088631026,0,1,378,task,30,0,1610,17,682,30
2,119,465,-1.991498765,-0.898533018,1.786657571,-2.468671777,-1.48836756,-0.4218226867,0,1,379,task,30,0,1610,17,682,30
2,119,466,-2.00530858,-0.9231530938,1.84958926,-2.511306094,-1.487968836,-0.4355830213,0,1,380,task,30,0,1610,17,682,30
2,119,467,-2.020084951,-0.9466410156,1.91104667,-2.553507694,-1.487419223,-0.4503001122,0,1,381,task,30,0,1610,17,682,30
2,119,468,-2.035930524,-0.9690111008,1.971183143,-2.595402121,-1.486704425,-0.4660761206,0,1,382,task,30,0,1610,17,682,30
2,119,469,-2.048066075,-0.9836435444,2.024210355,-2.647014884,-1.488567613,-0.4777754379,0,1,383,task,30,0,1610,17,682,30
2,119,470,-2.086551219,-0.9782771192,1.992794094,-2.590937882,-1.476167106,-0.5175472677,0,1,384,task,10,0,1610,17,682,30
2,119,471,-2.067114414,-0.9564132977,1.936760519,-2.558125708,-1.480925448,-0.4978633513,0,1,385,task,30,0,1610,17,682,30
2,119,472,-2.049945384,-0.9334341012,1.878680366,-2.522395294,-1.483108207,-0.4806017493,0,1,386,task,30,0,1610,17,682,30
2,119,473,-2.033864566,-0.9094930948,1.819246906,-2.486108121,-1.4852366,-0.4644362574,0,1,387,task,30,0,1610,17,682,30
2,119,474,-2.018775153,-0.8845587365,1.758319673,-2.449171708,-1.487312071,-0.4492689253,0,1,388,task,30,0,1610,17,682,30
2,119,475,-2.004810408,-0.8582216342,1.696035369,-2.412347686,-1.48870846,-0.4352485282,0,1,389,task,30,0,1610,17,682,30
2,119,476,-1.991913964,-0.8304162241,1.632294889,-2.375684182,-1.489312291,-0.4223193669,0,1,390,task,30,0,1610,17,682,30
2,119,477,-1.979747675,-0.8015153096,1.566521439,-2.338009412,-1.489882178,-0.4101224373,0,1,391,task,30,0,1610,17,682,30
2,119,478,-1.968252696,-0.7714056651,1.498439988,-2.299168209,-1.490419713,-0.3985986053,0,1,392,task,30,0,1610,17,682,30
2,119,479,-1.957376183,-0.7399435132,1.427712368,-2.258972087,-1.490926461,-0.3876947807,0,1,393,task,30,0,1610,17,682,30
2,119,480,-1.946183183,-0.7060503073,1.344323625,-2.198856616,-1.494313095,-0.3764775555,0,1,394,task,30,0,1610,17,682,30
2,119,481,-1.936479449,-0.6704459491,1.267353869,-2.157187106,-1.494573235,-0.3667430177,0,1,395,task,30,0,1610,17,682,30
2,119,482,-1.927256154,-0.632804564,1.186056654,-2.113184692,-1.494825521,-0.357490448,0,1,396,task,30,0,1610,17,682,30
2,119,483,-1.918479121,-0.5926839375,1.099463322,-2.066326098,-1.495069987,-0.3486855386,0,1,397,task,30,0,1610,17,682,30
2,119,484,-1.910117282,-0.5494547217,1.006197268,-2.015866936,-1.495306716,-0.3402971016,0,1,398,task,30,0,1610,17,682,30
2,119,485,-1.93849816,-0.5377916127,0.9792458007,-1.98274784,-1.478858516,-0.3693333852,0,1,399,task,10,0,1610,17,682,30
2,119,486,-1.947362151,-0.5815971689,1.073010725,-2.032150224,-1.479131246,-0.37823006,0,1,400,task,30,0,1610,17,682,30
2,119,487,-1.956654954,-0.6221820653,1.159812059,-2.077772926,-1.47941975,-0.3875568089,0,1,401,task,30,0,1610,17,682,30
2,119,488,-1.966407611,-0.660218447,1.241116111,-2.120407657,-1.479725734,-0.3973447291,0,1,402,task,30,0,1610,17,682,30
2,119,489,-1.978076744,-0.6962772944,1.321471603,-2.166744488,-1.475459629,-0.409226147,0,1,403,task,30,0,1610,17,682,30
2,119,490,-1.987800785,-0.731608615,1.409633212,-2.235869968,-1.479144863,-0.4187322048,0,1,404,task,30,0,1610,17,682,30
2,119,491,-1.997662098,-0.7638058845,1.483316155,-2.282389367,-1.484043397,-0.428397302,0,1,405,task,30,0,1610,17,682,30
2,119,492,-2.009254446,-0.7941097583,1.552870647,-2.324521834,-1.48541228,-0.4399389307,0,1,406,task,30,0,1610,17,682,30
2,119,493,-2.021527361,-0.8230989833,1.619985783,-2.365501862,-1.486704902,-0.4521579462,0,1,407,task,30,0,1610,17,682,30
2,119,494,-2.034540842,-0.850892414,1.68496013,-2.405505258,-1.487914819,-0.4651141293,0,1,408,task,30,0,1610,17,682,30
2,119,495,-2.049804117,-0.8766683623,1.749402261,-2.447814391,-1.485070448,-0.4804353504,0,1,409,task,30,0,1610,17,682,30
2,119,496,-2.066831149,-0.9006998365,1.81247154,-2.490414946,-1.480015975,-0.4975921552,0,1,410,task,30,0,1610,17,682,30
2,119,497,-2.083532461,-0.9244955861,1.86964105,-2.522125495,-1.478626738,-0.5144137465,0,1,411,task,30,0,1610,17,682,30
2,119,498,-2.101309481,-0.9474377454,1.925492566,-2.553226213,-1.477263258,-0.5323208261,0,1,412,task,30,0,1610,17,682,30
2,119,499,-2.11873184,-0.9678450433,1.975888275,-2.581407529,-1.476035382,-0.5498724562,0,1,413,task,30,0,1610,17,682,30
2,119,500,-2.149968399,-0.9565925515,1.957014304,-2.570816495,-1.476001648,-0.5812498317,0,1,414,task,10,0,1610,17,682,30
2,119,501,-2.131094301,-0.9345426297,1.901734337,-2.537917927,-1.475578472,-0.5623490099,0,1,415,task,30,0,1610,17,682,30
2,119,502,-2.113379115,-0.9116007694,1.845180061,-2.504542189,-1.47513396,-0.5446103405,0,1,416,task,30,0,1610,17,682,30
2,119,503,-2.096724556,-0.8877437444,1.787237777,-2.470607566,-1.474667738,-0.5279351742,0,1,417,task,30,0,1610,17,682,30
2,119,504,-2.081042522,-0.8629352731,1.727773217,-2.436023878,-1.474179751,-0.5122350855,0,1,418,task,30,0,1610,17,682,30
2,119,505,-2.066116738,-0.8370133911,1.649323673,-2.361799859,-1.474278289,-0.4976494783,0,1,419,task,30,0,1610,17,682,30
2,119,506,-2.052006999,-0.8088648808,1.585949205,-2.326632085,-1.474124928,-0.4834866977,0,1,420,task,30,0,1610,17,682,30
2,119,507,-2.038657776,-0.7795936553,1.520392668,-2.290331446,-1.47397021,-0.4700874021,0,1,421,task,30,0,1610,17,682,30
2,119,508,-2.026011499,-0.74907366,1.45236086,-2.252736504,-1.473812921,-0.4573937735,0,1,422,task,30,0,1610,17,682,30
2,119,509,-2.014031678,-0.7169251636,1.379775723,-2.210290143,-1.473612616,-0.445388137,0,1,423,task,30,0,1610,17,682,30
2,119,510,-2.00229673,-0.6824542225,1.299912847,-2.159121215,-1.474580818,-0.4335994577,0,1,424,task,30,0,1610,17,682,30
2,119,511,-1.990421347,-0.6461226874,1.21809895,-2.110729614,-1.477915063,-0.4215435011,0,1,425,task,30,0,1610,17,682,30
2,119,512,-1.979438357,-0.6076570584,1.134213981,-2.064940065,-1.480140975,-0.4104226583,0,1,426,task,30,0,1610,17,682,30
2,119,513,-1.969696891,-0.5664992622,1.045967238,-2.018377339,-1.479826986,-0.4006468568,0,1,427,task,30,0,1610,17,682,30
2,119,514,-1.960398923,-0.5218802115,0.9502419201,-1.967759827,-1.479528554,-0.3913158069,0,1,428,task,30,0,1610,17,682,30
2,119,515,-1.982185745,-0.5059019326,0.9211255684,-1.952917546,-1.480232713,-0.4131809051,0,1,429,task,10,0,1610,17,682,30
2,119,516,-1.991916238,-0.551408237,1.019067174,-2.005071386,-1.480519543,-0.4229458176,0,1,430,task,30,0,1610,17,682,30
2,119,517,-2.002783451,-0.59314643,1.109931028,-2.054314798,-1.478481939,-0.4339458049,0,1,431,task,30,0,1610,17,682,30
2,119,518,-2.014129089,-0.6319505849,1.194933886,-2.101059864,-1.476608576,-0.4454225156,0,1,432,task,30,0,1610,17,682,30
2,119,519,-2.025932838,-0.6684002046,1.275894662,-2.147201698,-1.475074101,-0.457341532,0,1,433,task,30,0,1610,17,682,30
2,119,520,-2.038108988,-0.7027868519,1.353056175,-2.19223454,-1.47425731,-0.4695966129,0,1,434,task,30,0,1610,17,682,30
2,119,521,-2.050575684,-0.7353903656,1.427331188,-2.237169959,-1.474491652,-0.4820807779,0,1,435,task,30,0,1610,17,682,30
2,119,522,-2.063738181,-0.7661110852,1.496570125,-2.276736258,-1.474630941,-0.4952839548,0,1,436,task,30,0,1610,17,682,30
2,119,523,-2.077625245,-0.7954340472,1.562724221,-2.31401266,-1.474746844,-0.5092201655,0,1,437,task,30,0,1610,17,682,30
2,119,524,-2.092290163,-0.8235671871,1.626578732,-2.350102592,-1.474850524,-0.5239369946,0,1,438,task,30,0,1610,17,682,30
2,119,525,-2.108423702,-0.8501441425,1.694005566,-2.397943967,-1.473119303,-0.5401038242,0,1,439,task,30,0,1610,17,682,30
2,119,526,-2.124420433,-0.8749261076,1.763220561,-2.455055518,-1.47418704,-0.5558246136,0,1,440,task,30,0,1610,17,682,30
2,119,527,-2.141587778,-0.8987195299,1.821389624,-2.489765981,-1.474837864,-0.572994225,0,1,441,task,30,0,1610,17,682,30
2,119,528,-2.159824052,-0.9215541975,1.878091965,-2.523886827,-1.475452331,-0.5912348015,0,1,442,task,30,0,1610,17,682,30
2,119,529,-2.179224968,-0.9434555039,1.933445211,-2.557501765,-1.476029374,-0.6106423756,0,1,443,task,30,0,1610,17,682,30
2,119,530,-2.180235377,-0.9445347998,1.93620089,-2.559183806,-1.476057448,-0.6116531884,0,1,444,task,30,0,1610,17,682,30
2,119,531,-2.209516351,-0.931685053,1.913475321,-2.546527568,-1.476194263,-0.641065559,0,1,445,task,10,0,1610,17,682,30
2,119,532,-2.189592268,-0.910034907,1.857745775,-2.511173854,-1.47535492,-0.6211800283,0,1,446,task,30,0,1610,17,682,30
2,119,533,-2.170839489,-0.887390041,1.800421959,-2.474922043,-1.474460126,-0.602470649,0,1,447,task,30,0,1610,17,682,30
2,119,534,-2.153036412,-0.863702309,1.737557276,-2.428937658,-1.473916565,-0.5848102364,0,1,448,task,30,0,1610,17,682,30
2,119,535,-2.13592412,-0.8385699571,1.673636576,-2.384569413,-1.474149352,-0.5677396123,0,1,449,task,30,0,1610,17,682,30
2,119,536,-2.11938612,-0.8120254006,1.608595759,-2.341836647,-1.4753555,-0.5511461147,0,1,450,task,30,0,1610,17,682,30
2,119,537,-2.104070919,-0.7840049642,1.543783976,-2.303497817,-1.475490749,-0.5357813713,0,1,451,task,30,0,1610,17,682,30
2,119,538,-2.08958621,-0.7546850799,1.476727003,-2.264340465,-1.475506333,-0.5212498082,0,1,452,task,30,0,1610,17,682,30
2,119,539,-2.075905989,-0.7237538581,1.406712371,-2.22348761,-1.475294508,-0.5075361169,0,1,453,task,30,0,1610,17,682,30
2,119,540,-2.062916628,-0.6912115122,1.333484394,-2.180967143,-1.475039365,-0.4945137256,0,1,454,task,30,0,1610,17,682,30
2,119,541,-2.05029701,-0.6568664446,1.257236436,-2.138054126,-1.475634064,-0.4818125184,0,1,455,task,30,0,1610,17,682,30
2,119,542,-2.038168905,-0.6204214523,1.176886632,-2.093432988,-1.476591982,-0.4695859079,0,1,456,task,30,0,1610,17,682,30
2,119,543,-2.026609044,-0.5814246556,1.091162139,-2.045908167,-1.477538312,-0.4579316618,0,1,457,task,30,0,1610,17,682,30
2,119,544,-2.015484762,-0.5394592201,1.000012826,-1.996958082,-1.478806163,-0.4466981732,0,1,458,task,30,0,1610,17,682,30
2,119,545,-2.004849312,-0.493525516,0.9003852531,-1.943491985,-1.480106818,-0.4359576521,0,1,459,task,30,0,1610,17,682,30
2,119,546,-2.025200194,-0.4661608422,0.8481561353,-1.914381959,-1.478678072,-0.4564792769,0,1,460,task,10,0,1610,17,682,30
2,119,547,-2.03057209,-0.4902788603,0.9003994595,-1.942653049,-1.478426586,-0.4618886383,0,0,,transition,30,0,1610,17,682,30
2,119,548,-2.035943986,-0.5143968784,0.9526427837,-1.970924139,-1.4781751,-0.4672979997,0,1,461,task,30,0,1610,17,682,30
2,119,549,-2.047180524,-0.5580528754,1.047251759,-2.02210734,-1.477674138,-0.4786125331,0,1,462,task,30,0,1610,17,682,30
2,119,550,-2.058942644,-0.5982575492,1.134450214,-2.069265821,-1.477176379,-0.4904559324,0,1,463,task,30,0,1610,17,682,30
2,119,551,-2.071265965,-0.6357369083,1.21582567,-2.113256571,-1.476683234,-0.5028640531,0,1,464,task,30,0,1610,17,682,30
2,119,552,-2.084290322,-0.6710216191,1.294960678,-2.159534058,-1.475852801,-0.5159767321,0,1,465,task,30,0,1610,17,682,30
2,119,553,-2.097621987,-0.703980008,1.368654159,-2.201407368,-1.476106903,-0.5293501484,0,1,466,task,30,0,1610,17,682,30
2,119,554,-2.111625724,-0.7352498743,1.438886842,-2.241388208,-1.476379877,-0.5433954835,0,1,467,task,30,0,1610,17,682,30
2,119,555,-2.126364843,-0.7650484762,1.506185215,-2.279837036,-1.476629841,-0.5581779038,0,1,468,task,30,0,1610,17,682,30
2,119,556,-2.142191327,-0.7933783614,1.574062699,-2.323825903,-1.475947883,-0.5740467881,0,1,469,task,30,0,1610,17,682,30
2,119,557,-2.158908875,-0.8201510742,1.637981362,-2.363434027,-1.475179362,-0.5908298687,0,1,470,task,30,0,1610,17,682,30
2,119,558,-2.176583315,-0.8457065714,1.699772441,-2.402005017,-1.474325551,-0.6085700594,0,1,471,task,30,0,1610,17,682,30
2,119,559,-2.194800683,-0.8698234503,1.760867881,-2.443035491,-1.474662099,-0.6267402483,0,1,472,task,30,0,1610,17,682,30
2,119,560,-2.214083191,-0.8927223751,1.820301368,-2.483698207,-1.474957878,-0.6459559357,0,1,473,task,30,0,1610,17,682,30
2,119,561,-2.234147907,-0.9143515205,1.878630489,-2.525377518,-1.47612925,-0.6658601766,0,1,474,task,30,0,1610,17,682,30
2,119,562,-2.237803247,-0.9180543264,1.888862389,-2.532864339,-1.476403679,-0.6694784541,0,1,475,task,30,0,1610,17,682,30
2,119,563,-2.26559742,-0.9042660225,1.853689439,-2.496611702,-1.475582797,-0.6978266155,0,1,476,task,10,0,1610,17,682,30
2,119,564,-2.244676299,-0.8822088548,1.8000102,-2.465898584,-1.474851511,-0.6768587813,0,1,477,task,30,0,1610,17,682,30
2,119,565,-2.224580958,-0.8594525261,1.742558346,-2.429286993,-1.475012083,-0.6567375452,0,1,478,task,30,0,1610,17,682,30
2,119,566,-2.205551435,-0.8354456306,1.683284938,-2.391932854,-1.475181404,-0.6376779796,0,1,479,task,30,0,1610,17,682,30
2,119,567,-2.187481061,-0.8100243936,1.621980036,-2.35374952,-1.475441369,-0.6195692758,0,1,480,task,30,0,1610,17,682,30
2,119,568,-2.170261255,-0.782946476,1.5596721,-2.317466588,-1.475903549,-0.6022726622,0,1,481,task,30,0,1610,17,682,30
2,119,569,-2.153839055,-0.7543484804,1.495917622,-2.282174818,-1.476562202,-0.5857489884,0,1,482,task,30,0,1610,17,682,30
2,119,570,-2.138231696,-0.7244687469,1.42956978,-2.245465677,-1.477215531,-0.570045123,0,1,483,task,30,0,1610,17,682,30
2,119,571,-2.123384515,-0.6931477248,1.360271135,-2.207148867,-1.477861735,-0.5551059754,0,1,484,task,30,0,1610,17,682,30
2,119,572,-2.109247172,-0.6601800421,1.287565181,-2.16698023,-1.478499391,-0.5408808172,0,1,485,task,30,0,1610,17,682,30
2,119,573,-2.095773296,-0.6252961682,1.210856277,-2.124640062,-1.47912739,-0.5273229187,0,1,486,task,30,0,1610,17,682,30
2,119,574,-2.082920145,-0.5881330031,1.129345368,-2.079698301,-1.479744879,-0.5143892122,0,1,487,task,30,0,1610,17,682,30
2,119,575,-2.070648297,-0.5481839998,1.041920973,-2.031555424,-1.480351227,-0.5020399799,0,1,488,task,30,0,1610,17,682,30
2,119,576,-2.05892137,-0.504708249,0.9469603975,-1.979334622,-1.480945976,-0.4902385679,0,1,489,task,30,0,1610,17,682,30
2,119,577,-2.053313563,-0.4806280456,0.8944453221,-1.950499804,-1.481237398,-0.4845948458,0,0,,transition,30,0,1610,17,682,30
2,119,578,-2.047705756,-0.4565478423,0.8419302468,-1.921664986,-1.48152882,-0.4789511238,0,1,490,task,30,0,1610,17,682,30
2,119,579,-2.063989775,-0.4192825953,0.772814805,-1.890444037,-1.487044824,-0.4950618765,0,1,491,task,10,0,1610,17,682,30
2,119,580,-2.069715829,-0.4449730956,0.8290866063,-1.921616317,-1.486650093,-0.500824632,0,0,,transition,30,0,1610,17,682,30
2,119,581,-2.075441882,-0.470663596,0.8853584076,-1.952788597,-1.486255362,-0.5065873875,0,1,492,task,30,0,1610,17,682,30
2,119,582,-2.081424193,-0.4934913123,0.935470844,-1.980631066,-1.485849962,-0.5126075197,0,0,,transition,30,0,1610,17,682,30
2,119,583,-2.087406504,-0.5163190287,0.9855832804,-2.008473536,-1.485444561,-0.5186276518,0,1,493,task,30,0,1610,17,682,30
2,119,584,-2.099916458,-0.5578174045,1.076921921,-2.05935799,-1.48461216,-0.5312157435,0,1,494,task,30,0,1610,17,682,30
2,119,585,-2.113007174,-0.5961104895,1.161459155,-2.10656974,-1.483758002,-0.5443873775,0,1,495,task,30,0,1610,17,682,30
2,119,586,-2.126716921,-0.6318254324,1.2405713,-2.150852207,-1.482882067,-0.5581811423,0,1,496,task,30,0,1610,17,682,30
2,119,587,-2.141087061,-0.6653997142,1.315221299,-2.192724593,-1.4819845,-0.5726387522,0,1,497,task,30,0,1610,17,682,30
2,119,588,-2.15616231,-0.6971513404,1.386112169,-2.232565083,-1.481065655,-0.5878053182,0,1,498,task,30,0,1610,17,682,30
2,119,589,-2.17199103,-0.7273186086,1.453773908,-2.270657945,-1.480126141,-0.6037296379,0,1,499,task,30,0,1610,17,682,30
2,119,590,-2.188625527,-0.756084143,1.518616018,-2.307221951,-1.479166882,-0.6204645028,0,1,500,task,30,0,1610,17,682,30
2,119,591,-2.206122373,-0.7835901729,1.580960872,-2.342428417,-1.478189185,-0.6380670205,0,1,501,task,30,0,1610,17,682,30
2,119,592,-2.224542735,-0.8099486436,1.641065793,-2.376413112,-1.477194826,-0.6565989495,0,1,502,task,30,0,1610,17,682,30
2,119,593,-2.24395271,-0.8352481293,1.699138131,-2.409284361,-1.476186146,-0.6761270378,0,1,503,task,30,0,1610,17,682,30
2,119,594,-2.264423659,-0.8595586865,1.755345825,-2.441128701,-1.475166173,-0.6967233594,0,1,504,task,30,0,1610,17,682,30
2,119,595,-2.285337874,-0.8821998854,1.809611475,-2.472497046,-1.475935363,-0.7176644464,0,1,505,task,30,0,1610,17,682,30
2,119,596,-2.291750332,-0.8886375948,1.825224336,-2.481286665,-1.476232813,-0.7240896033,0,1,506,task,30,0,1610,17,682,30
2,119,597,-2.219655299,-0.9568538353,1.799781902,-2.390237999,-1.485689532,-0.651680643,0,0,,transition,10,0,1610,17,682,30
2,119,598,-2.147560266,-1.025070076,1.774339469,-2.299189332,-1.49514625,-0.5792716826,0,0,,transition,10,0,1610,17,682,30
2,119,599,-2.075465232,-1.093286316,1.748897035,-2.208140666,-1.504602969,-0.5068627223,0,0,,transition,10,0,1610,17,682,30
2,119,600,-2.003370199,-1.161502557,1.723454602,-2.117091999,-1.514059688,-0.434453762,0,0,,transition,10,0,1610,17,682,30
2,119,601,-1.931275166,-1.229718797,1.698012168,-2.026043333,-1.523516406,-0.3620448017,0,0,,transition,10,0,1610,17,682,30
2,119,602,-1.859180133,-1.297935038,1.672569734,-1.934994666,-1.532973125,-0.2896358413,0,0,,transition,10,0,1610,17,682,30
2,119,603,-1.7870851,-1.366151278,1.647127301,-1.843946,-1.542429844,-0.217226881,0,0,,transition,10,0,1610,17,682,30
2,119,604,-1.714990066,-1.434367519,1.621684867,-1.752897333,-1.551886563,-0.1448179207,0,0,,transition,10,0,1610,17,682,30
2,119,605,-1.642895033,-1.502583759,1.596242434,-1.661848667,-1.561343281,-0.07240896033,0,0,,transition,10,0,1610,17,682,30
2,119,606,-1.5708,-1.5708,1.5708,-1.5708,-1.5708,0,0,0,,home,10,0,1610,17,682,30
2,120,1,-1.5708,-1.5708,1.5708,-1.5708,-1.5708,0,0,0,,home,10,0,1610,17,682,30
2,120,2,-1.563071103,-1.478609211,1.51790143,-1.608671084,-1.602911524,0.008339931265,0,0,,transition,10,0,1610,17,682,30
2,120,3,-1.555342205,-1.386418423,1.465002859,-1.646542168,-1.635023048,0.01667986253,0,0,,transition,10,0,1610,17,682,30
2,120,4,-1.547613308,-1.294227634,1.412104289,-1.684413252,-1.667134572,0.02501979379,0,0,,transition,10,0,1610,17,682,30
2,120,5,-1.53988441,-1.202036845,1.359205719,-1.722284335,-1.699246097,0.03335972506,0,0,,transition,10,0,1610,17,682,30
2,120,6,-1.532155513,-1.109846057,1.306307148,-1.760155419,-1.731357621,0.04169965632,0,0,,transition,10,0,1610,17,682,30
2,120,7,-1.524426616,-1.017655268,1.253408578,-1.798026503,-1.763469145,0.05003958759,0,0,,transition,10,0,1610,17,682,30
2,120,8,-1.516697718,-0.9254644793,1.200510008,-1.835897587,-1.795580669,0.05837951885,0,0,,transition,10,0,1610,17,682,30
2,120,9,-1.508968821,-0.8332736907,1.147611438,-1.873768671,-1.827692193,0.06671945012,0,0,,transition,10,0,1610,17,682,30
2,120,10,-1.501239923,-0.741082902,1.094712867,-1.911639755,-1.859803717,0.07505938138,0,0,,transition,10,0,1610,17,682,30
2,120,11,-1.493511026,-0.6488921133,1.041814297,-1.949510839,-1.891915241,0.08339931265,0,0,,transition,10,0,1610,17,682,30
2,120,12,-1.485782129,-0.5567013247,0.9889157267,-1.987381923,-1.924026765,0.09173924391,0,0,,transition,10,0,1610,17,682,30
2,120,13,-1.478053231,-0.464510536,0.9360171563,-2.025253006,-1.95613829,0.1000791752,0,1,1,task,10,0,1610,17,682,30
2,120,14,-1.482240129,-0.4411467409,0.8787522113,-1.989561398,-1.943809822,0.09512741425,0,0,,transition,30,0,1610,17,682,30
2,120,15,-1.486427028,-0.4177829459,0.8214872663,-1.953869791,-1.931481355,0.09017565332,0,1,2,task,15,0,1610,17,682,30
2,120,16,-1.498194815,-0.3845218967,0.7394634684,-1.908676033,-1.918820956,0.07736132246,0,0,,transition,10,0,1610,17,682,30
2,120,17,-1.509962602,-0.3512608475,0.6574396705,-1.863482276,-1.906160557,0.06454699159,0,0,,transition,10,0,1610,17,682,30
2,120,18,-1.52173039,-0.3179997984,0.5754158726,-1.818288519,-1.893500158,0.05173266073,0,1,3,task,10,0,1610,17,682,30
2,120,19,-1.519621591,-0.3507278607,0.6481876228,-1.857902235,-1.899666623,0.05407483965,0,0,,transition,30,0,1610,17,682,30
2,120,20,-1.517512792,-0.383455923,0.720959373,-1.897515951,-1.905833089,0.05641701858,0,1,4,task,25,0,1610,17,682,30
2,120,21,-1.515273835,-0.4110320548,0.7837907764,-1.933838265,-1.912152281,0.05892454784,0,0,,transition,30,0,1610,17,682,30
2,120,22,-1.513034877,-0.4386081866,0.8466221798,-1.970160578,-1.918471473,0.06143207709,0,1,5,task,30,0,1610,17,682,30
2,120,23,-1.512099474,-0.4633095777,0.9027589778,-2.00353647,-1.919408636,0.06244663201,0,0,,transition,30,0,1610,17,682,30
2,120,24,-1.511164071,-0.4880109688,0.9588957759,-2.036912363,-1.920345798,0.06346118693,0,1,6,task,30,0,1610,17,682,30
2,120,25,-1.558977893,-0.5046211824,0.9657574017,-2.046717547,-1.830730132,0.01222259807,0,1,7,task,10,0,1610,17,682,30
2,120,26,-1.559346093,-0.4799178413,0.9105441374,-2.014769254,-1.829849206,0.01183927068,0,0,,transition,30,0,1610,17,682,30
2,120,27,-1.559714294,-0.4552145001,0.855330873,-1.982820962,-1.82896828,0.0114559433,0,1,8,task,30,0,1610,17,682,30
2,120,28,-1.56066988,-0.4266015226,0.7905100677,-1.943877164,-1.8257281,0.0104600468,0,0,,transition,30,0,1610,17,682,30
2,120,29,-1.561625466,-0.3979885451,0.7256892624,-1.904933365,-1.82248792,0.009464150307,0,1,9,task,30,0,1610,17,682,30
2,120,30,-1.562654041,-0.3628229735,0.6465380151,-1.857889558,-1.818793192,0.008395426221,0,0,,transition,30,0,1610,17,682,30
2,120,31,-1.563682615,-0.3276574019,0.5673867677,-1.810845751,-1.815098464,0.007326702134,0,1,10,task,30,0,1610,17,682,30
2,120,32,-1.588426186,-0.3497159333,0.5977029141,-1.817740691,-1.805646327,-0.01813194959,0,1,11,task,10,0,1610,17,682,30
2,120,33,-1.587528581,-0.3839031528,0.6739529667,-1.862996747,-1.809902379,-0.01722603831,0,0,,transition,30,0,1610,17,682,30
2,120,34,-1.586630975,-0.4180903723,0.7502030194,-1.908252803,-1.81415843,-0.01632012704,0,1,12,task,30,0,1610,17,682,30
2,120,35,-1.585065692,-0.4467251519,0.8173549585,-1.952621963,-1.820798808,-0.01472894345,0,0,,transition,30,0,1610,17,682,30
2,120,36,-1.583500408,-0.4753599315,0.8845068975,-1.996991124,-1.827439187,-0.01313775986,0,1,13,task,30,0,1610,17,682,30
2,120,37,-1.583214482,-0.4995098478,0.938833325,-2.02911492,-1.829066292,-0.0128471767,0,0,,transition,30,0,1610,17,682,30
2,120,38,-1.582928555,-0.523659764,0.9931597525,-2.061238716,-1.830693397,-0.01255659354,0,1,14,task,30,0,1610,17,682,30
2,120,39,-1.624562415,-0.5380862715,0.9995851977,-2.057761004,-1.765665524,-0.05480277098,0,1,15,task,10,0,1610,17,682,30
2,120,40,-1.622401928,-0.5120038426,0.9402143107,-2.018939161,-1.77140087,-0.05266223869,0,0,,transition,30,0,1610,17,682,30
2,120,41,-1.620241441,-0.4859214136,0.8808434237,-1.980117317,-1.777136215,-0.0505217064,0,1,16,task,30,0,1610,17,682,30
2,120,42,-1.618294635,-0.4565250366,0.8163912994,-1.941672895,-1.782443781,-0.04858595674,0,0,,transition,30,0,1610,17,682,30
2,120,43,-1.616347829,-0.4271286596,0.7519391752,-1.903228474,-1.787751347,-0.04665020708,0,1,17,task,30,0,1610,17,682,30
2,120,44,-1.614727216,-0.3925249998,0.67693833,-1.860526716,-1.792129113,-0.04503297164,0,0,,transition,30,0,1610,17,682,30
2,120,45,-1.613106604,-0.35792134,0.6019374848,-1.817824959,-1.796506879,-0.04341573621,0,1,18,task,30,0,1610,17,682,30
2,120,46,-1.639583603,-0.366081033,0.6115975375,-1.832508163,-1.779766726,-0.07032396023,0,1,19,task,10,0,1610,17,682,30
2,120,47,-1.640826229,-0.3995536635,0.6845055133,-1.87352478,-1.778009257,-0.07156707086,0,0,,transition,30,0,1610,17,682,30
2,120,48,-1.642068856,-0.433026294,0.7574134891,-1.914541397,-1.776251787,-0.07281018149,0,1,20,task,30,0,1610,17,682,30
2,120,49,-1.643372471,-0.4612257598,0.8188988377,-1.949410082,-1.774485078,-0.07411370368,0,0,,transition,30,0,1610,17,682,30
2,120,50,-1.644676087,-0.4894252255,0.8803841863,-1.984278767,-1.772718369,-0.07541722588,0,1,21,task,30,0,1610,17,682,30
2,120,51,-1.646045252,-0.5143118891,0.9347373977,-2.015329891,-1.770941807,-0.07678567685,0,0,,transition,30,0,1610,17,682,30
2,120,52,-1.647414418,-0.5391985527,0.9890906092,-2.046381015,-1.769165244,-0.07815412783,0,1,22,task,30,0,1610,17,682,30
2,120,53,-1.65029391,-0.5843128591,1.087839477,-2.103188804,-1.765591047,-0.08103085042,0,1,23,task,30,0,1610,17,682,30
2,120,54,-1.65109864,-0.6055844631,1.139868147,-2.141870739,-1.766262302,-0.08184887343,0,0,,transition,30,0,1610,17,682,30
2,120,55,-1.651903369,-0.6268560671,1.191896816,-2.180552674,-1.766933556,-0.08266689644,0,1,24,task,30,0,1610,17,682,30
2,120,56,-1.650936772,-0.6637129269,1.280682792,-2.240731072,-1.77732954,-0.08183558421,0,1,25,task,30,0,1610,17,682,30
2,120,57,-1.649924656,-0.6978386285,1.364423315,-2.298605478,-1.787726891,-0.08095866249,0,1,26,task,30,0,1610,17,682,30
2,120,58,-1.644947601,-0.7278143624,1.441629424,-2.352020144,-1.810866369,-0.07625711402,0,1,27,task,30,0,1610,17,682,30
2,120,59,-1.650369946,-0.7609567243,1.49451636,-2.350058552,-1.800310793,-0.08169589566,0,1,28,task,30,0,1610,17,682,30
2,120,60,-1.700245963,-0.7792748309,1.526987115,-2.384098996,-1.73362453,-0.1310721327,0,1,29,task,10,0,1610,17,682,30
2,120,61,-1.697653609,-0.748394753,1.450075055,-2.329361372,-1.730646158,-0.128424744,0,1,30,task,30,0,1610,17,682,30
2,120,62,-1.698729851,-0.7162398569,1.374255113,-2.281026475,-1.716119962,-0.1292368468,0,1,31,task,30,0,1610,17,682,30
2,120,63,-1.700074171,-0.6817528789,1.291814265,-2.225197879,-1.70055009,-0.1303357815,0,1,32,task,30,0,1610,17,682,30
2,120,64,-1.696597619,-0.6441430188,1.208244398,-2.176326257,-1.701268902,-0.1268508828,0,1,33,task,30,0,1610,17,682,30
2,120,65,-1.693069622,-0.6032824655,1.115582404,-2.118274107,-1.70277679,-0.1233338556,0,1,34,task,30,0,1610,17,682,30
2,120,66,-1.689960125,-0.5595197911,1.019644278,-2.063201444,-1.703380818,-0.12021228,0,1,35,task,30,0,1610,17,682,30
2,120,67,-1.688401666,-0.5350487686,0.9652244871,-2.030358581,-1.703967516,-0.1186536182,0,0,,transition,30,0,1610,17,682,30
2,120,68,-1.686843206,-0.5105777462,0.9108046962,-1.997515719,-1.704554214,-0.1170949565,0,1,36,task,30,0,1610,17,682,30
2,120,69,-1.685449831,-0.4834474745,0.8518212968,-1.964224439,-1.704785516,-0.1156938955,0,0,,transition,30,0,1610,17,682,30
2,120,70,-1.684056456,-0.4563172029,0.7928378975,-1.930933159,-1.705016818,-0.1142928346,0,1,37,task,30,0,1610,17,682,30
2,120,71,-1.681227364,-0.4223928582,0.7174412432,-1.884859477,-1.711045416,-0.1115325179,0,0,,transition,30,0,1610,17,682,30
2,120,72,-1.678398272,-0.3884685135,0.6420445889,-1.838785796,-1.717074013,-0.1087722012,0,1,38,task,30,0,1610,17,682,30
2,120,73,-1.713953208,-0.3636068722,0.5732912254,-1.785862344,-1.66197794,-0.1437579344,0,1,39,task,10,0,1610,17,682,30
2,120,74,-1.713347752,-0.4017377281,0.6604628307,-1.843648206,-1.670450269,-0.1432718417,0,0,,transition,30,0,1610,17,682,30
2,120,75,-1.712742296,-0.439868584,0.747634436,-1.901434067,-1.678922598,-0.1427857489,0,1,40,task,30,0,1610,17,682,30
2,120,76,-1.712102776,-0.4677555843,0.8082365546,-1.935419397,-1.68743301,-0.1422845115,0,0,,transition,30,0,1610,17,682,30
2,120,77,-1.711463256,-0.4956425846,0.8688386733,-1.969404727,-1.695943422,-0.1417832741,0,1,41,task,30,0,1610,17,682,30
2,120,78,-1.712097687,-0.5209579039,0.9250968542,-2.003379106,-1.699726275,-0.1424900874,0,0,,transition,30,0,1610,17,682,30
2,120,79,-1.712732117,-0.5462732231,0.9813550351,-2.037353486,-1.703509129,-0.1431969008,0,1,42,task,30,0,1610,17,682,30
2,120,80,-1.716367503,-0.5914828078,1.07983884,-2.093148855,-1.702903399,-0.1468488851,0,1,43,task,30,0,1610,17,682,30
2,120,81,-1.720451658,-0.6337366592,1.17503868,-2.152472118,-1.701365612,-0.150922591,0,1,44,task,30,0,1610,17,682,30
2,120,82,-1.724531071,-0.6723554259,1.260366085,-2.202032938,-1.700555072,-0.1550123403,0,1,45,task,30,0,1610,17,682,30
2,120,83,-1.729132262,-0.7089228932,1.344641783,-2.256360026,-1.698722983,-0.159588212,0,1,46,task,30,0,1610,17,682,30
2,120,84,-1.733744135,-0.7430322231,1.42182269,-2.302857865,-1.697658249,-0.1641996765,0,1,47,task,30,0,1610,17,682,30
2,120,85,-1.739012844,-0.7754065438,1.499705837,-2.356321435,-1.695325115,-0.169413034,0,1,48,task,30,0,1610,17,682,30
2,120,86,-1.744370946,-0.8058710313,1.572772546,-2.404805932,-1.693633041,-0.1747327046,0,1,49,task,30,0,1610,17,682,30
2,120,87,-1.782675412,-0.7920470083,1.521341739,-2.354621905,-1.652820777,-0.212468553,0,1,50,task,10,0,1610,17,682,30
2,120,88,-1.782062463,-0.7603899776,1.442826095,-2.295966689,-1.636629088,-0.2116515467,0,1,51,task,30,0,1610,17,682,30
2,120,89,-1.777605398,-0.7265400263,1.36733637,-2.251119296,-1.632909626,-0.2071476976,0,1,52,task,30,0,1610,17,682,30
2,120,90,-1.773389181,-0.6908969481,1.288240868,-2.204509281,-1.629153373,-0.2028883223,0,1,53,task,30,0,1610,17,682,30
2,120,91,-1.767161202,-0.6526256815,1.202975297,-2.153488485,-1.632954398,-0.1967154465,0,1,54,task,30,0,1610,17,682,30
2,120,92,-1.762439845,-0.6114091763,1.11091268,-2.097077837,-1.632572715,-0.1919977608,0,1,55,task,30,0,1610,17,682,30
2,120,93,-1.759340523,-0.5668096231,1.012514244,-2.037992478,-1.627202525,-0.1888414198,0,1,56,task,30,0,1610,17,682,30
2,120,94,-1.757180805,-0.5426883469,0.9606756917,-2.009486663,-1.627009465,-0.1866773681,0,0,,transition,30,0,1610,17,682,30
2,120,95,-1.755021087,-0.5185670707,0.9088371392,-1.980980847,-1.626816406,-0.1845133164,0,1,57,task,30,0,1610,17,682,30
2,120,96,-1.752962444,-0.4915907882,0.8508154966,-1.949154492,-1.626615159,-0.1824503405,0,0,,transition,30,0,1610,17,682,30
2,120,97,-1.750903801,-0.4646145056,0.7927938539,-1.917328137,-1.626413913,-0.1803873646,0,1,58,task,30,0,1610,17,682,30
2,120,98,-1.747219445,-0.4318631635,0.7210197457,-1.875870596,-1.632794124,-0.1767692784,0,0,,transition,30,0,1610,17,682,30
2,120,99,-1.743535089,-0.3991118213,0.6492456376,-1.834413055,-1.639174336,-0.1731511922,0,1,59,task,30,0,1610,17,682,30
2,120,100,-1.773748395,-0.3550878771,0.5514073282,-1.776104647,-1.599066492,-0.2030371059,0,1,60,task,10,0,1610,17,682,30
2,120,101,-1.776645577,-0.3913725906,0.629956069,-1.81958479,-1.596777906,-0.205921299,0,0,,transition,30,0,1610,17,682,30
2,120,102,-1.779542759,-0.427657304,0.7085048098,-1.863064933,-1.594489319,-0.2088054921,0,1,61,task,30,0,1610,17,682,30
2,120,103,-1.782190928,-0.4571480805,0.7718800287,-1.897501887,-1.593618016,-0.2114490663,0,0,,transition,30,0,1610,17,682,30
2,120,104,-1.784839097,-0.486638857,0.8352552476,-1.931938842,-1.592746713,-0.2140926405,0,1,62,task,30,0,1610,17,682,30
2,120,105,-1.787614361,-0.512453287,0.8906435513,-1.962058681,-1.591868178,-0.2168631755,0,0,,transition,30,0,1610,17,682,30
2,120,106,-1.790389626,-0.5382677171,0.9460318551,-1.992178519,-1.590989644,-0.2196337106,0,1,63,task,30,0,1610,17,682,30
2,120,107,-1.792950504,-0.5616450454,0.9963754236,-2.020159177,-1.591340088,-0.2221947769,0,0,,transition,30,0,1610,17,682,30
2,120,108,-1.795511382,-0.5850223738,1.046718992,-2.048139834,-1.591690532,-0.2247558433,0,1,64,task,30,0,1610,17,682,30
2,120,109,-1.800545435,-0.6280717964,1.139675131,-2.100554465,-1.593564083,-0.2297952094,0,1,65,task,30,0,1610,17,682,30
2,120,110,-1.80525452,-0.6685550177,1.23012692,-2.156882062,-1.597372718,-0.2345089987,0,1,66,task,30,0,1610,17,682,30
2,120,111,-1.810902375,-0.7062150464,1.314798649,-2.209596776,-1.598905375,-0.2401436086,0,1,67,task,30,0,1610,17,682,30
2,120,112,-1.817481089,-0.7414337776,1.393194263,-2.256155552,-1.59843568,-0.2467006324,0,1,68,task,30,0,1610,17,682,30
2,120,113,-1.824697254,-0.774882032,1.468538275,-2.301789377,-1.597103747,-0.2538812384,0,1,69,task,30,0,1610,17,682,30
2,120,114,-1.833037366,-0.806634686,1.541539435,-2.347178062,-1.593602683,-0.2621579857,0,1,70,task,30,0,1610,17,682,30
2,120,115,-1.858418712,-0.791552594,1.508062018,-2.330664776,-1.590648016,-0.2874931562,0,1,71,task,10,0,1610,17,682,30
2,120,116,-1.848756907,-0.7591904633,1.432028589,-2.281055574,-1.59657733,-0.2779398329,0,1,72,task,30,0,1610,17,682,30
2,120,117,-1.841027242,-0.7248391176,1.353622843,-2.231496978,-1.59788885,-0.2702596357,0,1,73,task,30,0,1610,17,682,30
2,120,118,-1.834804754,-0.687951046,1.268444198,-2.174451843,-1.595514955,-0.2640605383,0,1,74,task,30,0,1610,17,682,30
2,120,119,-1.829434959,-0.6485942604,1.180595682,-2.119312742,-1.591276845,-0.258682625,0,1,75,task,30,0,1610,17,682,30
2,120,120,-1.823371558,-0.6071082383,1.091308275,-2.069368033,-1.590351171,-0.2526177852,0,1,76,task,30,0,1610,17,682,30
2,120,121,-1.817112085,-0.5627020009,0.9966977816,-2.018657606,-1.591150825,-0.2463625277,0,1,77,task,30,0,1610,17,682,30
2,120,122,-1.814129078,-0.5384123964,0.944864523,-1.990859248,-1.591545894,-0.2433815382,0,0,,transition,30,0,1610,17,682,30
2,120,123,-1.81114607,-0.5141227918,0.8930312643,-1.963060889,-1.591940963,-0.2404005487,0,1,78,task,30,0,1610,17,682,30
2,120,124,-1.808299756,-0.4869133527,0.8348505098,-1.9318334,-1.592331587,-0.2375561701,0,0,,transition,30,0,1610,17,682,30
2,120,125,-1.805453443,-0.4597039136,0.7766697553,-1.900605912,-1.592722212,-0.2347117914,0,1,79,task,30,0,1610,17,682,30
2,120,126,-1.802734681,-0.42799497,0.7086892898,-1.864076881,-1.593108679,-0.2319948854,0,0,,transition,30,0,1610,17,682,30
2,120,127,-1.800015918,-0.3962860264,0.6407088242,-1.82754785,-1.593495145,-0.2292779793,0,1,80,task,30,0,1610,17,682,30
2,120,128,-1.80903331,-0.3645155154,0.5720366908,-1.790864829,-1.593354556,-0.2382967697,0,0,,transition,10,0,1610,17,682,30
2,120,129,-1.818050702,-0.3327450044,0.5033645574,-1.754181808,-1.593213967,-0.24731556,0,1,81,task,10,0,1610,17,682,30
2,120,130,-1.820883329,-0.3706408127,0.5847842548,-1.797888575,-1.592952887,-0.2501470637,0,0,,transition,30,0,1610,17,682,30
2,120,131,-1.823715957,-0.408536621,0.6662039522,-1.841595343,-1.592691807,-0.2529785673,0,1,82,task,30,0,1610,17,682,30
2,120,132,-1.826678174,-0.4391741647,0.7317855721,-1.876722306,-1.592427274,-0.2559396058,0,0,,transition,30,0,1610,17,682,30
2,120,133,-1.829640391,-0.4698117085,0.797367192,-1.91184927,-1.592162741,-0.2589006443,0,1,83,task,30,0,1610,17,682,30
2,120,134,-1.83274123,-0.4963471721,0.8540143094,-1.942143788,-1.591894512,-0.262000247,0,0,,transition,30,0,1610,17,682,30
2,120,135,-1.835842069,-0.5228826357,0.9106614269,-1.972438307,-1.591626283,-0.2650998497,0,1,84,task,30,0,1610,17,682,30
2,120,136,-1.839091416,-0.5466966394,0.9613904934,-1.999536172,-1.591354093,-0.2683478979,0,0,,transition,30,0,1610,17,682,30
2,120,137,-1.842340763,-0.5705106432,1.01211956,-2.026634038,-1.591081903,-0.2715959462,0,1,85,task,30,0,1610,17,682,30
2,120,138,-1.849158154,-0.6141977928,1.105020102,-2.076212821,-1.590529023,-0.2784106054,0,1,86,task,30,0,1610,17,682,30
2,120,139,-1.856318066,-0.6548687309,1.191379437,-2.122266284,-1.589967004,-0.2855676419,0,1,87,task,30,0,1610,17,682,30
2,120,140,-1.863846737,-0.693140606,1.272542287,-2.165521868,-1.589395144,-0.2930932816,0,1,88,task,30,0,1610,17,682,30
2,120,141,-1.869188916,-0.7308263601,1.364080144,-2.236074501,-1.597067601,-0.2984218991,0,1,89,task,30,0,1610,17,682,30
2,120,142,-1.880136129,-0.7649518602,1.449319456,-2.30003668,-1.588039596,-0.3091662641,0,1,90,task,30,0,1610,17,682,30
2,120,143,-1.889147191,-0.7965289996,1.519159685,-2.338801936,-1.586828506,-0.3181578946,0,1,91,task,30,0,1610,17,682,30
2,120,144,-1.849353792,-0.8933128746,1.525614724,-2.242801694,-1.584824943,-0.2783881578,0,0,,transition,10,0,1610,17,682,30
2,120,145,-1.809560393,-0.9900967497,1.532069764,-2.146801452,-1.582821379,-0.2386184209,0,0,,transition,10,0,1610,17,682,30
2,120,146,-1.769766994,-1.086880625,1.538524803,-2.05080121,-1.580817816,-0.1988486841,0,0,,transition,10,0,1610,17,682,30
2,120,147,-1.729973595,-1.1836645,1.544979842,-1.954800968,-1.578814253,-0.1590789473,0,0,,transition,10,0,1610,17,682,30
2,120,148,-1.690180197,-1.280448375,1.551434882,-1.858800726,-1.57681069,-0.1193092105,0,0,,transition,10,0,1610,17,682,30
2,120,149,-1.650386798,-1.37723225,1.557889921,-1.762800484,-1.574807126,-0.07953947365,0,0,,transition,10,0,1610,17,682,30
2,120,150,-1.610593399,-1.474016125,1.564344961,-1.666800242,-1.572803563,-0.03976973682,0,0,,transition,10,0,1610,17,682,30
2,120,151,-1.5708,-1.5708,1.5708,-1.5708,-1.5708,0,0,0,,home,10,0,1610,17,682,30
