target_line,group_id,point_id,q1,q2,q3,q4,q5,q6,is_discontinuous,is_task_waypoint,source_point_id,waypoint_kind,speed,base_normal_error_mm,base_x_actual_mm,standoff_mm,base_height_mm,lift_mm
1,132,1,-1.5708,-1.5708,1.5708,-1.5708,-1.5708,0,0,0,,home,30,0,-1610,10,652,0
1,132,2,-1.590874033,-1.46558754,1.476188427,-1.581685382,-1.572624922,-0.019205892,0,0,,transition,10,0,-1610,10,652,0
1,132,3,-1.610948066,-1.360375081,1.381576856,-1.592570763,-1.574449844,-0.038411784,0,0,,transition,10,0,-1610,10,652,0
1,132,4,-1.631022099,-1.255162622,1.286965283,-1.603456146,-1.576274767,-0.057617676,0,0,,transition,10,0,-1610,10,652,0
1,132,5,-1.651096132,-1.149950163,1.192353711,-1.614341528,-1.578099689,-0.076823568,0,0,,transition,10,0,-1610,10,652,0
1,132,6,-1.671170165,-1.044737703,1.097742139,-1.625226909,-1.579924611,-0.09602946,0,0,,transition,10,0,-1610,10,652,0
1,132,7,-1.691244198,-0.939525244,1.003130566,-1.636112291,-1.581749533,-0.115235352,0,0,,transition,10,0,-1610,10,652,0
1,132,8,-1.711318232,-0.834312785,0.908518994,-1.646997673,-1.583574455,-0.134441245,0,0,,transition,10,0,-1610,10,652,0
1,132,9,-1.731392265,-0.729100326,0.813907422,-1.657883054,-1.585399378,-0.153647137,0,0,,transition,10,0,-1610,10,652,0
1,132,10,-1.751466298,-0.623887866,0.71929585,-1.668768437,-1.5872243,-0.172853029,0,0,,transition,10,0,-1610,10,652,0
1,132,11,-1.771540331,-0.518675407,0.624684278,-1.679653819,-1.589049222,-0.192058921,0,0,,transition,10,0,-1610,10,652,0
1,132,12,-1.791614364,-0.413462948,0.530072705,-1.6905392,-1.590874144,-0.211264813,0,0,,transition,10,0,-1610,10,652,0
1,132,13,-1.811688397,-0.308250488,0.435461133,-1.701424582,-1.592699067,-0.230470705,0,0,,transition,10,0,-1610,10,652,0
1,132,14,-1.83176243,-0.203038029,0.340849561,-1.712309964,-1.594523989,-0.249676597,0,0,,transition,10,0,-1610,10,652,0
1,132,15,-1.851836463,-0.09782557,0.246237989,-1.723195347,-1.596348911,-0.268882489,0,0,,transition,10,0,-1610,10,652,0
1,132,16,-1.871910496,0.00738689,0.151626416,-1.734080728,-1.598173833,-0.288088381,0,0,,transition,10,0,-1610,10,652,0
1,132,17,-1.891984529,0.112599349,0.057014844,-1.74496611,-1.599998755,-0.307294273,0,1,1,task,10,0,-1610,10,652,0
1,132,18,-1.894250038,0.078922847,0.131840439,-1.7854322,-1.59964234,-0.309556231,0,0,,transition,30,0,-1610,10,652,0
1,132,19,-1.896515547,0.045246344,0.206666034,-1.825898292,-1.599285924,-0.311818189,0,0,,transition,10,0,-1610,10,652,0
1,132,20,-1.898792138,-0.015089911,0.341013789,-1.899234477,-1.598925376,-0.314091424,0,1,2,task,10,0,-1610,10,652,0
1,132,21,-1.90237858,-0.062493237,0.448274231,-1.958075924,-1.598399292,-0.317672375,0,0,,transition,10,0,-1610,10,652,0
1,132,22,-1.90595092,-0.105592527,0.546154432,-2.01184092,-1.597872952,-0.321239227,0,1,3,task,10,0,-1610,10,652,0
1,132,23,-1.909441305,-0.138153553,0.621152235,-2.053382596,-1.598385359,-0.324732276,0,0,,transition,10,0,-1610,10,652,0
1,132,24,-1.912921607,-0.169697975,0.69396264,-2.093753073,-1.59889754,-0.32821524,0,1,4,task,10,0,-1610,10,652,0
1,132,25,-1.91637104,-0.196010435,0.755546075,-2.128239727,-1.600203002,-0.331674308,0,0,,transition,10,0,-1610,10,652,0
1,132,26,-1.919812332,-0.221897652,0.816231092,-2.162252668,-1.601508268,-0.335125213,0,1,5,task,10,0,-1610,10,652,0
1,132,27,-1.927013978,-0.266796996,0.92314937,-2.222748473,-1.604143071,-0.342347464,0,1,6,task,30,0,-1610,10,652,0
1,132,28,-1.934547748,-0.306596648,1.019566197,-2.277892041,-1.606803072,-0.349903381,0,1,7,task,30,0,-1610,10,652,0
1,132,29,-1.942585227,-0.342812076,1.108012374,-2.328224982,-1.608925625,-0.357954793,0,1,8,task,30,0,-1610,10,652,0
1,132,30,-1.951207138,-0.376362973,1.190200129,-2.374377241,-1.610346588,-0.366576463,0,1,9,task,30,0,-1610,10,652,0
1,132,31,-1.960248836,-0.407422598,1.267605609,-2.41827955,-1.611818143,-0.375615709,0,1,10,task,30,0,-1610,10,652,0
1,132,32,-1.969741027,-0.436350545,1.341062598,-2.46040991,-1.613343471,-0.385103194,0,1,11,task,30,0,-1610,10,652,0
1,132,33,-1.942255874,-0.43599151,1.341167739,-2.457362647,-1.614015999,-0.35758419,0,1,12,task,10,0,-1610,10,652,0
1,132,34,-1.933684264,-0.406733797,1.268793275,-2.418751316,-1.611612975,-0.349030025,0,1,13,task,30,0,-1610,10,652,0
1,132,35,-1.925511889,-0.375448863,1.192608587,-2.378410934,-1.6092933,-0.340867258,0,1,14,task,30,0,-1610,10,652,0
1,132,36,-1.918027566,-0.342122563,1.111305213,-2.334082881,-1.605860379,-0.33336742,0,1,15,task,30,0,-1610,10,652,0
1,132,37,-1.911167758,-0.306150411,1.023722611,-2.285299904,-1.601375046,-0.326475942,0,1,16,task,30,0,-1610,10,652,0
1,132,38,-1.904472817,-0.266456073,0.928391451,-2.232333467,-1.597482795,-0.319755218,0,1,17,task,30,0,-1610,10,652,0
1,132,39,-1.900731145,-0.244170585,0.874708465,-2.201391928,-1.59774443,-0.316015708,0,0,,transition,10,0,-1610,10,652,0
1,132,40,-1.896981433,-0.221656006,0.820552648,-2.17020651,-1.598005928,-0.312268158,0,1,18,task,10,0,-1610,10,652,0
1,132,41,-1.893404715,-0.195764608,0.75931554,-2.135317392,-1.598274873,-0.308693477,0,0,,transition,10,0,-1610,10,652,0
1,132,42,-1.889819207,-0.169444288,0.697171815,-2.099950415,-1.598543696,-0.305110004,0,1,19,task,10,0,-1610,10,652,0
1,132,43,-1.886397358,-0.137776058,0.623612343,-2.058516299,-1.598819482,-0.301690075,0,0,,transition,10,0,-1610,10,652,0
1,132,44,-1.882965205,-0.105076411,0.54783302,-2.015893535,-1.599095164,-0.298259841,0,1,20,task,10,0,-1610,10,652,0
1,132,45,-1.879689637,-0.061579458,0.448682301,-1.960697364,-1.599377358,-0.294986083,0,0,,transition,10,0,-1610,10,652,0
1,132,46,-1.876400212,-0.013647725,0.339865168,-1.900269234,-1.599659473,-0.291698466,0,1,21,task,10,0,-1610,10,652,0
1,132,47,-1.863699809,0.028998669,0.24507055,-1.848170051,-1.599917332,-0.278995022,0,0,,transition,10,0,-1610,10,652,0
1,132,48,-1.850992481,0.090930275,0.108001328,-1.773081377,-1.600175196,-0.266284652,0,1,22,task,10,0,-1610,10,652,0
1,132,49,-1.853955424,0.00159326,0.307556832,-1.883023606,-1.599974746,-0.269246906,0,0,,transition,10,0,-1610,10,652,0
1,132,50,-1.856900134,-0.058770787,0.443640068,-1.958466048,-1.599774288,-0.27219092,0,1,23,task,10,0,-1610,10,652,0
1,132,51,-1.859989476,-0.097985662,0.533662984,-2.008999147,-1.599577342,-0.275279539,0,0,,transition,10,0,-1610,10,652,0
1,132,52,-1.863067298,-0.135101643,0.619132906,-2.057077861,-1.599380357,-0.278356633,0,1,24,task,10,0,-1610,10,652,0
1,132,53,-1.866293892,-0.164584108,0.688183117,-2.096372176,-1.599187129,-0.281582468,0,0,,transition,10,0,-1610,10,652,0
1,132,54,-1.869511268,-0.193388768,0.755784694,-2.13489545,-1.598993847,-0.284799083,0,1,25,task,10,0,-1610,10,652,0
1,132,55,-1.872885155,-0.217880556,0.81425822,-2.168605428,-1.598804575,-0.288172174,0,0,,transition,10,0,-1610,10,652,0
1,132,56,-1.876250893,-0.242052082,0.872061027,-2.201964776,-1.598615238,-0.291537116,0,1,26,task,10,0,-1610,10,652,0
1,132,57,-1.883306753,-0.284422199,0.975286782,-2.262280422,-1.598245049,-0.298591306,0,1,27,task,30,0,-1610,10,652,0
1,132,58,-1.890701357,-0.322214438,1.069257161,-2.31792263,-1.597883846,-0.305984159,0,1,28,task,30,0,-1610,10,652,0
1,132,59,-1.898459372,-0.356442683,1.156238989,-2.370144744,-1.597532244,-0.313740339,0,1,29,task,30,0,-1610,10,652,0
1,132,60,-1.903576884,-0.388607189,1.231786358,-2.405897325,-1.60809459,-0.318921945,0,1,30,task,30,0,-1610,10,652,0
1,132,61,-1.910207459,-0.419892519,1.299308647,-2.427785133,-1.614180244,-0.325494311,0,1,31,task,30,0,-1610,10,652,0
1,132,62,-1.919027878,-0.448525355,1.372599179,-2.4703665,-1.61404251,-0.334287996,0,1,32,task,30,0,-1610,10,652,0
1,132,63,-1.910272162,-0.412459636,1.283585404,-2.418235009,-1.605404347,-0.325524956,0,0,,transition,10,0,-1610,10,652,0
1,132,64,-1.901488391,-0.376127307,1.194124756,-2.365918151,-1.596765137,-0.316733008,0,0,,transition,10,0,-1610,10,652,0
1,132,65,-1.89267931,-0.339485565,1.104108565,-2.313350845,-1.588125009,-0.307914969,0,0,,transition,10,0,-1610,10,652,0
1,132,66,-1.883847224,-0.302472509,1.013388859,-2.260447714,-1.579484075,-0.299073202,0,0,,transition,10,0,-1610,10,652,0
1,132,67,-1.874994079,-0.264998101,0.921758066,-2.207091831,-1.570842432,-0.290209697,0,0,,transition,10,0,-1610,10,652,0
1,132,68,-1.866121512,-0.226928488,0.828914262,-2.153115667,-1.562200162,-0.281326126,0,0,,transition,10,0,-1610,10,652,0
1,132,69,-1.857230902,-0.188057197,0.734397705,-2.098266445,-1.55355734,-0.272423894,0,1,33,task,10,0,-1610,10,652,0
1,132,70,-1.854237743,-0.158183711,0.664807489,-2.059217355,-1.553367928,-0.269433663,0,0,,transition,10,0,-1610,10,652,0
1,132,71,-1.851234608,-0.127529438,0.593545278,-2.019277181,-1.553178159,-0.266433465,0,1,34,task,10,0,-1610,10,652,0
1,132,72,-1.84837071,-0.088302431,0.503786619,-1.96941276,-1.552998545,-0.263572125,0,0,,transition,10,0,-1610,10,652,0
1,132,73,-1.845493902,-0.046403453,0.408222469,-1.916415006,-1.55281855,-0.260697882,0,1,35,task,10,0,-1610,10,652,0
1,132,74,-1.832578499,-0.000696308,0.305729348,-1.861555405,-1.552303009,-0.24778717,0,0,,transition,10,0,-1610,10,652,0
1,132,75,-1.81965204,0.057968341,0.174862741,-1.791279809,-1.551786496,-0.234865445,0,1,36,task,10,0,-1610,10,652,0
1,132,76,-1.822198801,-0.014721541,0.337479238,-1.880247946,-1.551989431,-0.237409754,0,0,,transition,10,0,-1610,10,652,0
1,132,77,-1.82472806,-0.070651141,0.463411367,-1.949292284,-1.552191919,-0.239936571,0,1,37,task,10,0,-1610,10,652,0
1,132,78,-1.827391034,-0.10857483,0.550284785,-1.99746141,-1.552372053,-0.242597181,0,0,,transition,10,0,-1610,10,652,0
1,132,79,-1.830042549,-0.144671858,0.63320158,-2.043500743,-1.552551829,-0.245246341,0,1,38,task,10,0,-1610,10,652,0
1,132,80,-1.832823605,-0.1736717,0.70085716,-2.081375517,-1.55274208,-0.248024608,0,0,,transition,10,0,-1610,10,652,0
1,132,81,-1.835595465,-0.202047412,0.76718201,-2.118543805,-1.552931982,-0.250793687,0,1,39,task,10,0,-1610,10,652,0
1,132,82,-1.812997185,-0.207779825,0.780961931,-2.128838944,-1.55221894,-0.228201414,0,1,40,task,10,0,-1610,10,652,0
1,132,83,-1.810470351,-0.179979378,0.715966264,-2.092588373,-1.552027213,-0.225677067,0,0,,transition,10,0,-1610,10,652,0
1,132,84,-1.807934849,-0.15160597,0.649751092,-2.055691375,-1.551835137,-0.22314406,0,1,41,task,10,0,-1610,10,652,0
1,132,85,-1.805543705,-0.116956552,0.57057088,-2.012772282,-1.551545215,-0.220756293,0,0,,transition,10,0,-1610,10,652,0
1,132,86,-1.803142264,-0.080766425,0.488058456,-1.96806182,-1.551254818,-0.218358253,0,1,42,task,10,0,-1610,10,652,0
1,132,87,-1.800866748,-0.029996415,0.374119267,-1.906883951,-1.550920852,-0.21608527,0,0,,transition,10,0,-1610,10,652,0
1,132,88,-1.798576383,0.030669945,0.238543903,-1.833966482,-1.550586356,-0.21379747,0,1,43,task,10,0,-1610,10,652,0
1,132,89,-1.789935115,-0.033166139,0.382186749,-1.913984857,-1.55053042,-0.20515461,0,0,,transition,10,0,-1610,10,652,0
1,132,90,-1.78128038,-0.086478739,0.502824699,-1.98152209,-1.550474396,-0.196498278,0,1,44,task,10,0,-1610,10,652,0
1,132,91,-1.783455649,-0.121887987,0.583751894,-2.025540699,-1.550700374,-0.198672184,0,0,,transition,10,0,-1610,10,652,0
1,132,92,-1.78562114,-0.155880748,0.661618046,-2.067914899,-1.550925962,-0.200836328,0,1,45,task,10,0,-1610,10,652,0
1,132,93,-1.787892384,-0.183770638,0.726379302,-2.103287044,-1.551165982,-0.203105208,0,0,,transition,10,0,-1610,10,652,0
1,132,94,-1.790155583,-0.211122373,0.789996491,-2.138053382,-1.551405583,-0.205366064,0,1,46,task,10,0,-1610,10,652,0
1,132,95,-1.76795078,-0.222264877,0.817823801,-2.158300592,-1.550749468,-0.183163355,0,1,47,task,10,0,-1610,10,652,0
1,132,96,-1.765907537,-0.195918485,0.756091327,-2.124119392,-1.550588267,-0.181120943,0,0,,transition,10,0,-1610,10,652,0
1,132,97,-1.763856699,-0.169113493,0.693387715,-2.089425771,-1.550426748,-0.179070948,0,1,48,task,10,0,-1610,10,652,0
1,132,98,-1.761902937,-0.136895257,0.619107482,-2.048568056,-1.550275576,-0.177117467,0,0,,transition,10,0,-1610,10,652,0
1,132,99,-1.75994015,-0.103564265,0.542429562,-2.006425562,-1.550124113,-0.175154972,0,1,49,task,10,0,-1610,10,652,0
1,132,100,-1.758071159,-0.059162071,0.44176322,-1.951365056,-1.549982332,-0.173285749,0,0,,transition,10,0,-1610,10,652,0
1,132,101,-1.756189829,-0.009835414,0.330357092,-1.890489455,-1.549840287,-0.171404196,0,1,50,task,10,0,-1610,10,652,0
1,132,102,-1.746694278,-0.053121929,0.428062771,-1.944915894,-1.549852961,-0.161906577,0,0,,transition,10,0,-1610,10,652,0
1,132,103,-1.737192713,-0.092434225,0.517096534,-1.994644764,-1.549865628,-0.152402942,0,1,51,task,10,0,-1610,10,652,0
1,132,104,-1.738904736,-0.1272362,0.597102387,-2.038842418,-1.549965107,-0.154115233,0,0,,transition,10,0,-1610,10,652,0
1,132,105,-1.740607749,-0.160714522,0.67424966,-2.081505313,-1.55006437,-0.155818519,0,1,52,task,10,0,-1610,10,652,0
1,132,106,-1.742396727,-0.188272431,0.738716665,-2.117407303,-1.550171025,-0.157607451,0,0,,transition,10,0,-1610,10,652,0
1,132,107,-1.744178234,-0.215315283,0.802089419,-2.15273023,-1.55027744,-0.159388919,0,1,53,task,10,0,-1610,10,652,0
1,132,108,-1.722025411,-0.2312404,0.839980967,-2.176284896,-1.550082071,-0.137232056,0,1,54,task,10,0,-1610,10,652,0
1,132,109,-1.720474156,-0.205615616,0.77949645,-2.142289446,-1.550011372,-0.135680604,0,0,,transition,10,0,-1610,10,652,0
1,132,110,-1.718916041,-0.179581148,0.718146739,-2.107838616,-1.549940483,-0.134122297,0,1,55,task,10,0,-1610,10,652,0
1,132,111,-1.717433895,-0.148570248,0.646196568,-2.067762599,-1.549875065,-0.132639767,0,0,,transition,10,0,-1610,10,652,0
1,132,112,-1.715943712,-0.116617035,0.572220412,-2.026603064,-1.549809478,-0.131149204,0,1,56,task,10,0,-1610,10,652,0
1,132,113,-1.71452695,-0.075072529,0.477517021,-1.974306429,-1.549748993,-0.129731884,0,0,,transition,10,0,-1610,10,652,0
1,132,114,-1.713099542,-0.029949489,0.375021347,-1.917796258,-1.549688364,-0.12830392,0,1,57,task,10,0,-1610,10,652,0
1,132,115,-1.709344853,-0.061540382,0.44461227,-1.951355826,-1.52265465,-0.124710224,0,0,,transition,10,0,-1610,10,652,0
1,132,116,-1.705579768,-0.091210158,0.5099941,-1.982653333,-1.495616826,-0.121100035,0,1,58,task,10,0,-1610,10,652,0
1,132,117,-1.706936574,-0.126538142,0.591383961,-2.027988454,-1.49571201,-0.122459971,0,0,,transition,10,0,-1610,10,652,0
1,132,118,-1.708283596,-0.160462661,0.66974112,-2.071695054,-1.495806973,-0.123810102,0,1,59,task,10,0,-1610,10,652,0
1,132,119,-1.709701666,-0.188262775,0.734984588,-2.108407578,-1.495906483,-0.125231304,0,0,,transition,10,0,-1610,10,652,0
1,132,120,-1.711111703,-0.215528076,0.799090892,-2.144518333,-1.496005764,-0.126644458,0,1,60,task,10,0,-1610,10,652,0
1,132,121,-1.712595869,-0.239078798,0.855380021,-2.176521528,-1.496109921,-0.128131759,0,0,,transition,10,0,-1610,10,652,0
1,132,122,-1.714072883,-0.262356591,0.911101217,-2.208230232,-1.496213837,-0.129611896,0,1,61,task,10,0,-1610,10,652,0
1,132,123,-1.68894128,-0.238192309,0.847819192,-2.170433353,-1.496019002,-0.104410713,0,1,62,task,10,0,-1610,10,652,0
1,132,124,-1.687770522,-0.212804501,0.787813938,-2.136633231,-1.495923447,-0.103237476,0,0,,transition,10,0,-1610,10,652,0
1,132,125,-1.686592579,-0.187023477,0.726979578,-2.102397737,-1.49582766,-0.102057042,0,1,63,task,10,0,-1610,10,652,0
1,132,126,-1.685474451,-0.156418695,0.655880936,-2.062717678,-1.495736163,-0.100936412,0,0,,transition,10,0,-1610,10,652,0
1,132,127,-1.684347902,-0.124926359,0.582876178,-2.022019671,-1.495644445,-0.099807344,0,1,64,task,10,0,-1610,10,652,0
1,132,128,-1.683279738,-0.084317622,0.490186331,-1.970748998,-1.495556739,-0.09873666,0,0,,transition,10,0,-1610,10,652,0
1,132,129,-1.682200467,-0.040500291,0.390514708,-1.915705963,-1.495468818,-0.097654844,0,1,65,task,10,0,-1610,10,652,0
1,132,130,-1.661096453,-0.08659037,0.490488266,-1.969387893,-1.495537976,-0.076490203,0,1,66,task,10,0,-1610,10,652,0
1,132,131,-1.661947512,-0.123059296,0.574058569,-2.015549197,-1.495622387,-0.077343164,0,0,,transition,10,0,-1610,10,652,0
1,132,132,-1.662789555,-0.157931752,0.654174209,-2.05985297,-1.495706579,-0.078187092,0,1,67,task,10,0,-1610,10,652,0
1,132,133,-1.663678368,-0.186333412,0.720399657,-2.096734158,-1.495794536,-0.079077748,0,0,,transition,10,0,-1610,10,652,0
1,132,134,-1.664559895,-0.214151195,0.785381093,-2.132955744,-1.495882261,-0.079961106,0,1,68,task,10,0,-1610,10,652,0
1,132,135,-1.665489607,-0.238119378,0.842230491,-2.164891629,-1.49597401,-0.080892596,0,0,,transition,10,0,-1610,10,652,0
1,132,136,-1.666412902,-0.261795482,0.898470494,-2.196510662,-1.496065512,-0.081817663,0,1,69,task,10,0,-1610,10,652,0
1,132,137,-1.64207697,-0.241313382,0.843285657,-2.161690239,-1.495963066,-0.057413368,0,1,70,task,10,0,-1610,10,652,0
1,132,138,-1.641442487,-0.215819327,0.783467367,-2.128510932,-1.495877589,-0.056777814,0,0,,transition,10,0,-1610,10,652,0
1,132,139,-1.640801677,-0.189925223,0.722805215,-2.094888271,-1.495791853,-0.056135928,0,1,71,task,10,0,-1610,10,652,0
1,132,140,-1.640195068,-0.15921975,0.651880541,-2.055808217,-1.495712359,-0.055528139,0,0,,transition,10,0,-1610,10,652,0
1,132,141,-1.639580989,-0.127609967,0.579013154,-2.01569031,-1.495632621,-0.054912869,0,1,72,task,10,0,-1610,10,652,0
1,132,142,-1.639001792,-0.086881235,0.486433758,-1.96497694,-1.495556136,-0.054332405,0,0,,transition,10,0,-1610,10,652,0
1,132,143,-1.638412672,-0.042868402,0.386707007,-1.910401052,-1.495479421,-0.053742002,0,1,73,task,10,0,-1610,10,652,0
1,132,144,-1.616692697,-0.07242575,0.447774804,-1.940175069,-1.495556582,-0.031959784,0,1,74,task,10,0,-1610,10,652,0
1,132,145,-1.617040997,-0.111508092,0.536457801,-1.988296935,-1.495625261,-0.032308662,0,0,,transition,10,0,-1610,10,652,0
1,132,146,-1.617380917,-0.148482521,0.620567507,-2.03395404,-1.495693667,-0.032649152,0,1,75,task,10,0,-1610,10,652,0
1,132,147,-1.617744845,-0.178241714,0.689537956,-2.072233341,-1.495760278,-0.033013711,0,0,,transition,10,0,-1610,10,652,0
1,132,148,-1.618102069,-0.207295027,0.756998645,-2.109709254,-1.495826683,-0.033371556,0,1,76,task,10,0,-1610,10,652,0
1,132,149,-1.618482276,-0.232109061,0.815474372,-2.14245588,-1.49589479,-0.033752369,0,0,,transition,10,0,-1610,10,652,0
1,132,150,-1.618856705,-0.256587753,0.873246901,-2.174835072,-1.495962684,-0.034127396,0,1,77,task,10,0,-1610,10,652,0
1,132,151,-1.595166684,-0.239830036,0.827963403,-2.146953893,-1.495739649,-0.010372107,0,1,78,task,10,0,-1610,10,652,0
1,132,152,-1.595059773,-0.213743364,0.766748887,-2.112560718,-1.495703397,-0.010265001,0,0,,transition,10,0,-1610,10,652,0
1,132,153,-1.594947146,-0.187215971,0.704602108,-2.077676429,-1.495666977,-0.010152167,0,1,79,task,10,0,-1610,10,652,0
1,132,154,-1.594845638,-0.155472656,0.631313605,-2.036865527,-1.495631166,-0.010050464,0,0,,transition,10,0,-1610,10,652,0
1,132,155,-1.594737245,-0.122684113,0.555774997,-1.994850261,-1.495595189,-0.009941861,0,1,80,task,10,0,-1610,10,652,0
1,132,156,-1.594641534,-0.079517616,0.45776977,-1.940745398,-1.495559803,-0.009845957,0,0,,transition,10,0,-1610,10,652,0
1,132,157,-1.594536356,-0.03204192,0.35037287,-1.881558773,-1.495524242,-0.009740564,0,1,81,task,10,0,-1610,10,652,0
1,132,158,-1.572595998,-0.045781612,0.376258574,-1.893258283,-1.495430153,0.012261462,0,1,82,task,10,0,-1610,10,652,0
1,132,159,-1.572459404,-0.090769915,0.478252794,-1.949659007,-1.495444772,0.012398351,0,0,,transition,10,0,-1610,10,652,0
1,132,160,-1.572314286,-0.132206285,0.572513708,-2.001878997,-1.495459247,0.012543784,0,1,83,task,10,0,-1610,10,652,0
1,132,161,-1.572170193,-0.164140062,0.646227764,-2.043054642,-1.495473507,0.01268818,0,0,,transition,10,0,-1610,10,652,0
1,132,162,-1.572019813,-0.19513254,0.717918548,-2.083148786,-1.495487632,0.012838877,0,1,84,task,10,0,-1610,10,652,0
1,132,163,-1.571868374,-0.221180944,0.779064685,-2.117642432,-1.49550151,0.012990625,0,0,,transition,10,0,-1610,10,652,0
1,132,164,-1.571711694,-0.2468195,0.839345647,-2.151681143,-1.495515252,0.013147626,0,1,85,task,10,0,-1610,10,652,0
1,132,165,-1.571641564,-0.348664154,0.895611366,-2.106997979,-1.501306387,0.01213627,0,0,,transition,10,0,-1610,10,652,0
1,132,166,-1.571571434,-0.450508807,0.951877085,-2.062314814,-1.507097522,0.011124914,0,0,,transition,10,0,-1610,10,652,0
1,132,167,-1.571501304,-0.552353461,1.008142805,-2.017631649,-1.512888656,0.010113558,0,0,,transition,10,0,-1610,10,652,0
1,132,168,-1.571431173,-0.654198115,1.064408525,-1.972948484,-1.51867979,0.009102203,0,0,,transition,10,0,-1610,10,652,0
1,132,169,-1.571361043,-0.756042769,1.120674244,-1.928265319,-1.524470925,0.008090847,0,0,,transition,10,0,-1610,10,652,0
1,132,170,-1.571290912,-0.857887423,1.176939963,-1.883582155,-1.530262059,0.007079491,0,0,,transition,10,0,-1610,10,652,0
1,132,171,-1.571220782,-0.959732077,1.233205683,-1.838898989,-1.536053193,0.006068135,0,0,,transition,10,0,-1610,10,652,0
1,132,172,-1.571150651,-1.061576731,1.289471403,-1.794215824,-1.541844328,0.005056779,0,0,,transition,10,0,-1610,10,652,0
1,132,173,-1.571080522,-1.163421385,1.345737122,-1.749532659,-1.547635462,0.004045423,0,0,,transition,10,0,-1610,10,652,0
1,132,174,-1.571010391,-1.265266039,1.402002842,-1.704849494,-1.553426597,0.003034068,0,0,,transition,10,0,-1610,10,652,0
1,132,175,-1.570940261,-1.367110692,1.458268561,-1.66016633,-1.559217731,0.002022712,0,0,,transition,10,0,-1610,10,652,0
1,132,176,-1.57087013,-1.468955347,1.51453428,-1.615483165,-1.565008866,0.001011356,0,0,,transition,10,0,-1610,10,652,0
1,132,177,-1.5708,-1.5708,1.5708,-1.5708,-1.5708,0,0,0,,home,30,0,-1610,10,652,0
1,133,1,-1.5708,-1.5708,1.5708,-1.5708,-1.5708,0,0,0,,home,30,0,-1610,10,652,0
1,133,2,-1.624996448,-1.472260574,1.523914046,-1.62215903,-1.574438052,-0.053154122,0,0,,transition,10,0,-1610,10,652,0
1,133,3,-1.679192895,-1.373721147,1.477028092,-1.673518061,-1.578076103,-0.106308244,0,0,,transition,10,0,-1610,10,652,0
1,133,4,-1.733389343,-1.275181722,1.430142138,-1.724877091,-1.581714154,-0.159462366,0,0,,transition,10,0,-1610,10,652,0
1,133,5,-1.78758579,-1.176642295,1.383256185,-1.776236121,-1.585352205,-0.212616488,0,0,,transition,10,0,-1610,10,652,0
1,133,6,-1.841782238,-1.078102869,1.33637023,-1.827595153,-1.588990257,-0.265770611,0,0,,transition,10,0,-1610,10,652,0
1,133,7,-1.895978686,-0.979563443,1.289484277,-1.878954183,-1.592628308,-0.318924733,0,0,,transition,10,0,-1610,10,652,0
1,133,8,-1.950175134,-0.881024017,1.242598323,-1.930313213,-1.59626636,-0.372078855,0,0,,transition,10,0,-1610,10,652,0
1,133,9,-2.004371581,-0.782484591,1.195712369,-1.981672244,-1.59990441,-0.425232977,0,0,,transition,10,0,-1610,10,652,0
1,133,10,-2.058568029,-0.683945165,1.148826415,-2.033031274,-1.603542462,-0.478387099,0,0,,transition,10,0,-1610,10,652,0
1,133,11,-2.112764476,-0.585405739,1.101940462,-2.084390304,-1.607180513,-0.531541221,0,0,,transition,10,0,-1610,10,652,0
1,133,12,-2.166960924,-0.486866312,1.055054507,-2.135749335,-1.610818565,-0.584695343,0,0,,transition,10,0,-1610,10,652,0
1,133,13,-2.221157371,-0.388326886,1.008168554,-2.187108365,-1.614456617,-0.637849465,0,0,,transition,10,0,-1610,10,652,0
1,133,14,-2.275353819,-0.28978746,0.9612826,-2.238467395,-1.618094667,-0.691003588,0,1,1,task,10,0,-1610,10,652,0
1,133,15,-2.290099282,-0.323415392,1.034751381,-2.26882046,-1.621467271,-0.705583202,0,1,2,task,30,0,-1610,10,652,0
1,133,16,-2.305639197,-0.355485414,1.110279927,-2.311211662,-1.62415884,-0.721137128,0,1,3,task,30,0,-1610,10,652,0
1,133,17,-2.318561764,-0.379460372,1.167749686,-2.344586032,-1.626257327,-0.73409125,0,1,4,task,30,0,-1610,10,652,0
1,133,18,-2.330059351,-0.411219433,1.241642083,-2.378637541,-1.626622606,-0.745259235,0,0,,transition,10,0,-1610,10,652,0
1,133,19,-2.341524944,-0.442779983,1.315215184,-2.412566237,-1.62698059,-0.756396202,0,0,,transition,10,0,-1610,10,652,0
1,133,20,-2.352955174,-0.474159705,1.388520608,-2.446405842,-1.62733038,-0.767498883,0,1,5,task,10,0,-1610,10,652,0
1,133,21,-2.334091051,-0.449639256,1.332215699,-2.421184195,-1.627630084,-0.74896713,0,1,6,task,30,0,-1610,10,652,0
1,133,22,-2.315917245,-0.423766301,1.273089347,-2.394505377,-1.628214253,-0.731095446,0,1,7,task,30,0,-1610,10,652,0
1,133,23,-2.299237459,-0.396339524,1.209924174,-2.363875887,-1.626030796,-0.714579758,0,1,8,task,30,0,-1610,10,652,0
1,133,24,-2.283587437,-0.36711681,1.142662541,-2.330319393,-1.622492088,-0.699017019,0,1,9,task,30,0,-1610,10,652,0
1,133,25,-2.268087561,-0.33609906,1.070350247,-2.292834699,-1.62068139,-0.683594866,0,1,10,task,30,0,-1610,10,652,0
1,133,26,-2.252998835,-0.302613866,0.992387916,-2.251918963,-1.619621812,-0.668575647,0,1,11,task,30,0,-1610,10,652,0
1,133,27,-2.237565254,-0.33034608,1.060542655,-2.288833716,-1.619993731,-0.653070291,0,1,12,task,10,0,-1610,10,652,0
1,133,28,-2.252750479,-0.36205788,1.13661443,-2.331508335,-1.620662745,-0.668221074,0,1,13,task,30,0,-1610,10,652,0
1,133,29,-2.268422167,-0.391464729,1.20732174,-2.370459476,-1.621888094,-0.683844475,0,1,14,task,30,0,-1610,10,652,0
1,133,30,-2.283444431,-0.419713203,1.268026953,-2.392786795,-1.62756764,-0.698626814,0,1,15,task,30,0,-1610,10,652,0
1,133,31,-2.301328323,-0.446123317,1.323543153,-2.408030952,-1.625499327,-0.715899152,0,1,16,task,30,0,-1610,10,652,0
1,133,32,-2.319904183,-0.471445724,1.37945499,-2.428927271,-1.623789259,-0.733973368,0,1,17,task,30,0,-1610,10,652,0
1,133,33,-2.339275854,-0.495656153,1.435712779,-2.45528525,-1.62224349,-0.753003477,0,1,18,task,30,0,-1610,10,652,0
1,133,34,-2.315222956,-0.505771248,1.463385829,-2.469990119,-1.620240481,-0.728875296,0,1,19,task,10,0,-1610,10,652,0
1,133,35,-2.296460502,-0.481624192,1.404824669,-2.438138418,-1.620602662,-0.710294282,0,1,20,task,30,0,-1610,10,652,0
1,133,36,-2.278473867,-0.456109212,1.343569704,-2.404964262,-1.621119308,-0.692480318,0,1,21,task,30,0,-1610,10,652,0
1,133,37,-2.261224078,-0.429071996,1.279279346,-2.37027652,-1.621781345,-0.675395166,0,1,22,task,30,0,-1610,10,652,0
1,133,38,-2.252826117,-0.39841025,1.230177122,-2.375521241,-1.59398882,-0.667715733,0,1,23,task,30,0,-1610,10,652,0
1,133,39,-2.238751339,-0.368905005,1.157485408,-2.331509752,-1.587428554,-0.653636366,0,1,24,task,30,0,-1610,10,652,0
1,133,40,-2.225260026,-0.337003666,1.080092546,-2.285377652,-1.58086745,-0.6401643,0,1,25,task,30,0,-1610,10,652,0
1,133,41,-2.212319718,-0.302229366,0.996930386,-2.236522269,-1.574309221,-0.627265188,0,1,26,task,30,0,-1610,10,652,0
1,133,42,-2.199900036,-0.263878683,0.906437768,-2.184075273,-1.567757006,-0.614906917,0,1,27,task,30,0,-1610,10,652,0
1,133,43,-2.187298711,-0.221607898,0.806823481,-2.127200605,-1.563891993,-0.602357003,0,1,28,task,30,0,-1610,10,652,0
1,133,44,-2.180900215,-0.197775453,0.750802176,-2.095598728,-1.563386156,-0.595970704,0,0,,transition,10,0,-1610,10,652,0
1,133,45,-2.174491632,-0.173618203,0.694100942,-2.063641623,-1.562879831,-0.589574332,0,1,29,task,10,0,-1610,10,652,0
1,133,46,-2.16833901,-0.144860718,0.627535521,-2.02642899,-1.562395008,-0.583432957,0,0,,transition,10,0,-1610,10,652,0
1,133,47,-2.162174297,-0.115377205,0.559417197,-1.988389424,-1.56190966,-0.577279503,0,1,30,task,10,0,-1610,10,652,0
1,133,48,-2.156256167,-0.077263121,0.472595805,-1.940284884,-1.561444859,-0.571371711,0,0,,transition,10,0,-1610,10,652,0
1,133,49,-2.150321673,-0.036566004,0.380163283,-1.889152252,-1.560979442,-0.565447567,0,1,31,task,10,0,-1610,10,652,0
1,133,50,-2.146531688,0.00824968,0.279898232,-1.834109145,-1.560682469,-0.561663893,0,0,,transition,30,0,-1610,10,652,0
1,133,51,-2.142727693,0.066822485,0.149501142,-1.762691196,-1.560385059,-0.557866216,0,0,,transition,10,0,-1610,10,652,0
1,133,52,-2.138874184,0.09974291,0.075501076,-1.722018968,-1.560086802,-0.554019023,0,1,32,task,10,0,-1610,10,652,0
1,133,53,-2.130289451,0.069250785,0.143946647,-1.760463186,-1.559672191,-0.545441489,0,0,,transition,10,0,-1610,10,652,0
1,133,54,-2.121657424,0.01088058,0.273667862,-1.832306078,-1.559256867,-0.536816657,0,1,33,task,10,0,-1610,10,652,0
1,133,55,-2.127266161,-0.041237973,0.390987364,-1.89678763,-1.559740063,-0.542415253,0,0,,transition,10,0,-1610,10,652,0
1,133,56,-2.13285517,-0.087105917,0.494663373,-1.953876368,-1.560222568,-0.547994136,0,1,34,task,10,0,-1610,10,652,0
1,133,57,-2.138681399,-0.120256804,0.570679846,-1.996029958,-1.560726766,-0.553809164,0,0,,transition,10,0,-1610,10,652,0
1,133,58,-2.144494262,-0.152257226,0.644217463,-2.03685513,-1.561230396,-0.559610839,0,1,35,task,10,0,-1610,10,652,0
1,133,59,-2.150551992,-0.178463917,0.705277443,-2.071004641,-1.561756742,-0.565656253,0,0,,transition,10,0,-1610,10,652,0
1,133,60,-2.156598971,-0.204225165,0.765395566,-2.104657658,-1.562282563,-0.57169093,0,1,36,task,10,0,-1610,10,652,0
1,133,61,-2.169195161,-0.248445859,0.870111129,-2.163763135,-1.563381403,-0.584260165,0,1,37,task,30,0,-1610,10,652,0
1,133,62,-2.182164009,-0.287781834,0.96280139,-2.214595442,-1.565067373,-0.59717865,0,1,38,task,30,0,-1610,10,652,0
1,133,63,-2.195563369,-0.323575796,1.04692616,-2.259680066,-1.567202528,-0.610505161,0,1,39,task,30,0,-1610,10,652,0
1,133,64,-2.209514576,-0.356383664,1.124910185,-2.301661503,-1.569444147,-0.624373067,0,1,40,task,30,0,-1610,10,652,0
1,133,65,-2.224048343,-0.386736742,1.197929298,-2.341189853,-1.571797608,-0.638812639,0,1,41,task,30,0,-1610,10,652,0
1,133,66,-2.238804727,-0.415226018,1.264809371,-2.373924593,-1.575603293,-0.653383764,0,1,42,task,30,0,-1610,10,652,0
1,133,67,-2.250525037,-0.44403836,1.322840064,-2.391136998,-1.591847662,-0.664510702,0,1,43,task,30,0,-1610,10,652,0
1,133,68,-2.26412832,-0.471612367,1.38444897,-2.421364604,-1.603580415,-0.677815724,0,1,44,task,30,0,-1610,10,652,0
1,133,69,-2.28041483,-0.497137239,1.446429507,-2.457738273,-1.608701657,-0.694019721,0,1,45,task,30,0,-1610,10,652,0
1,133,70,-2.297448661,-0.521317841,1.505911609,-2.49313926,-1.613879532,-0.710981324,0,1,46,task,30,0,-1610,10,652,0
1,133,71,-2.275379693,-0.533178138,1.540529009,-2.515202702,-1.610963746,-0.688955719,0,1,47,task,10,0,-1610,10,652,0
1,133,72,-2.258966562,-0.509217427,1.481586957,-2.480502337,-1.604567366,-0.672640704,0,1,48,task,30,0,-1610,10,652,0
1,133,73,-2.24377967,-0.483913037,1.421271511,-2.447124667,-1.596642755,-0.657626197,0,1,49,task,30,0,-1610,10,652,0
1,133,74,-2.230698672,-0.457126878,1.361443573,-2.419500744,-1.583956964,-0.644909146,0,1,50,task,30,0,-1610,10,652,0
1,133,75,-2.216767618,-0.429854227,1.298925926,-2.39027188,-1.57614349,-0.631272791,0,1,51,task,30,0,-1610,10,652,0
1,133,76,-2.202339359,-0.401701031,1.233272639,-2.359162898,-1.572224908,-0.617055623,0,1,52,task,30,0,-1610,10,652,0
1,133,77,-2.188189214,-0.371964213,1.16191673,-2.32144644,-1.569533696,-0.603021782,0,1,53,task,30,0,-1610,10,652,0
1,133,78,-2.17461085,-0.339976744,1.086018057,-2.281477483,-1.566983353,-0.589544025,0,1,54,task,30,0,-1610,10,652,0
1,133,79,-2.161576177,-0.305285823,1.004595786,-2.238746335,-1.564557305,-0.576595563,0,1,55,task,30,0,-1610,10,652,0
1,133,80,-2.148936034,-0.267504232,0.915291136,-2.190223791,-1.562698998,-0.564011873,0,1,56,task,30,0,-1610,10,652,0
1,133,81,-2.136651433,-0.225479506,0.815284972,-2.133943404,-1.561480724,-0.551757497,0,1,57,task,30,0,-1610,10,652,0
1,133,82,-2.130757797,-0.201379965,0.758762466,-2.102381182,-1.560898293,-0.545877457,0,0,,transition,10,0,-1610,10,652,0
1,133,83,-2.124854154,-0.176948344,0.70154448,-2.070455462,-1.560315313,-0.539987427,0,1,58,task,10,0,-1610,10,652,0
1,133,84,-2.119191974,-0.147931207,0.634501874,-2.033299838,-1.559757965,-0.534337409,0,0,,transition,10,0,-1610,10,652,0
1,133,85,-2.113517887,-0.118175323,0.565878786,-1.995302432,-1.55920005,-0.5286755,0,1,59,task,10,0,-1610,10,652,0
1,133,86,-2.108075928,-0.079847624,0.47868794,-1.947317284,-1.558666524,-0.523244336,0,0,,transition,10,0,-1610,10,652,0
1,133,87,-2.102618012,-0.038922391,0.385854246,-1.896286852,-1.55813237,-0.517797232,0,1,60,task,10,0,-1610,10,652,0
1,133,88,-2.083034742,-0.073643748,0.465390694,-1.943589221,-1.556649705,-0.498239639,0,1,61,task,10,0,-1610,10,652,0
1,133,89,-2.088320031,-0.109083685,0.546176036,-1.987808476,-1.557265493,-0.503513412,0,0,,transition,10,0,-1610,10,652,0
1,133,90,-2.093591603,-0.14304093,0.623756571,-2.03030561,-1.557880659,-0.508773487,0,1,62,task,10,0,-1610,10,652,0
1,133,91,-2.099089412,-0.170519535,0.68735835,-2.065312268,-1.558524409,-0.514257862,0,0,,transition,10,0,-1610,10,652,0
1,133,92,-2.104576353,-0.197466629,0.749831042,-2.099721278,-1.559167556,-0.519731391,0,1,63,task,10,0,-1610,10,652,0
1,133,93,-2.116013663,-0.243464265,0.857954296,-2.159635165,-1.560513477,-0.531137821,0,1,64,task,30,0,-1610,10,652,0
1,133,94,-2.12792996,-0.283816278,0.954232406,-2.213373337,-1.561921691,-0.543018996,0,1,65,task,30,0,-1610,10,652,0
1,133,95,-2.140180885,-0.320375793,1.040733838,-2.25964678,-1.564023709,-0.55520518,0,1,66,task,30,0,-1610,10,652,0
1,133,96,-2.152760004,-0.354233953,1.119644202,-2.29951623,-1.566904155,-0.56767662,0,1,67,task,30,0,-1610,10,652,0
1,133,97,-2.165866019,-0.385630945,1.193542321,-2.336902561,-1.569935648,-0.580653182,0,1,68,task,30,0,-1610,10,652,0
1,133,98,-2.179652371,-0.415026676,1.263745237,-2.373185658,-1.572695577,-0.594304578,0,1,69,task,30,0,-1610,10,652,0
1,133,99,-2.194086654,-0.44263037,1.330554404,-2.408125897,-1.575449572,-0.608591095,0,1,70,task,30,0,-1610,10,652,0
1,133,100,-2.208555724,-0.469071959,1.394260997,-2.441300951,-1.580364198,-0.622867277,0,1,71,task,30,0,-1610,10,652,0
1,133,101,-2.222575358,-0.494899675,1.455280542,-2.472761944,-1.58897036,-0.636639311,0,1,72,task,30,0,-1610,10,652,0
1,133,102,-2.237230009,-0.519471421,1.513988444,-2.503412321,-1.597719439,-0.651044176,0,1,73,task,30,0,-1610,10,652,0
1,133,103,-2.252610054,-0.54332574,1.571940108,-2.53612491,-1.606439768,-0.666258458,0,1,74,task,30,0,-1610,10,652,0
1,133,104,-2.233178375,-0.556186912,1.612562807,-2.564300197,-1.59974195,-0.646942972,0,1,75,task,10,0,-1610,10,652,0
1,133,105,-2.217502162,-0.533551214,1.555701451,-2.532558617,-1.592434947,-0.631465043,0,1,76,task,30,0,-1610,10,652,0
1,133,106,-2.202403857,-0.509859938,1.496827234,-2.500068067,-1.585720045,-0.61655932,0,1,77,task,30,0,-1610,10,652,0
1,133,107,-2.187993242,-0.484915301,1.435740028,-2.466810056,-1.579129577,-0.602337949,0,1,78,task,30,0,-1610,10,652,0
1,133,108,-2.173559562,-0.459163077,1.372095254,-2.432014881,-1.574886528,-0.588057792,0,1,79,task,30,0,-1610,10,652,0
1,133,109,-2.159199929,-0.432333886,1.305497875,-2.395458125,-1.572697573,-0.573814122,0,1,80,task,30,0,-1610,10,652,0
1,133,110,-2.145467876,-0.403736536,1.235538166,-2.357358567,-1.570630314,-0.560186273,0,1,81,task,30,0,-1610,10,652,0
1,133,111,-2.132526122,-0.373136218,1.162844586,-2.320001473,-1.567964976,-0.547371433,0,1,82,task,30,0,-1610,10,652,0
1,133,112,-2.120450566,-0.340363503,1.087795384,-2.285017438,-1.564228272,-0.535451888,0,1,83,task,30,0,-1610,10,652,0
1,133,113,-2.108670195,-0.305267913,1.005949495,-2.243909526,-1.561338989,-0.523767283,0,1,84,task,30,0,-1610,10,652,0
1,133,114,-2.097101287,-0.267085033,0.914718956,-2.193916187,-1.55956673,-0.512243066,0,1,85,task,30,0,-1610,10,652,0
1,133,115,-2.086002176,-0.224224402,0.813754917,-2.13889807,-1.557874218,-0.501181604,0,1,86,task,30,0,-1610,10,652,0
1,133,116,-2.080679176,-0.199679797,0.756684525,-2.10792892,-1.557066059,-0.495874065,0,0,,transition,10,0,-1610,10,652,0
1,133,117,-2.075346483,-0.174780059,0.698868435,-2.076569082,-1.556257215,-0.490556867,0,1,87,task,10,0,-1610,10,652,0
1,133,118,-2.070204866,-0.145125887,0.630663196,-2.039322716,-1.555605924,-0.485425571,0,0,,transition,10,0,-1610,10,652,0
1,133,119,-2.065051522,-0.114667089,0.560733564,-2.001156559,-1.55495403,-0.48028257,0,1,88,task,10,0,-1610,10,652,0
1,133,120,-2.043209281,-0.126911004,0.590224867,-2.021646658,-1.553380286,-0.458458201,0,1,89,task,10,0,-1610,10,652,0
1,133,121,-2.048205369,-0.156338178,0.658254702,-2.059269583,-1.553834821,-0.463449105,0,0,,transition,10,0,-1610,10,652,0
1,133,122,-2.053189998,-0.185072822,0.724804641,-2.09610519,-1.554288892,-0.468428563,0,1,90,task,10,0,-1610,10,652,0
1,133,123,-2.058396049,-0.209435595,0.782019026,-2.127982382,-1.554765556,-0.473628212,0,0,,transition,10,0,-1610,10,652,0
1,133,124,-2.063592278,-0.233476932,0.838561008,-2.159508608,-1.555241743,-0.478818055,0,1,91,task,10,0,-1610,10,652,0
1,133,125,-2.074196304,-0.27542727,0.937067935,-2.212084477,-1.557192563,-0.489387014,0,1,92,task,30,0,-1610,10,652,0
1,133,126,-2.085105666,-0.312988297,1.025493532,-2.257857047,-1.559784661,-0.50023648,0,1,93,task,30,0,-1610,10,652,0
1,133,127,-2.096195845,-0.347586853,1.104951151,-2.294893965,-1.563518957,-0.511206058,0,1,94,task,30,0,-1610,10,652,0
1,133,128,-2.107490938,-0.380297385,1.177364314,-2.32424496,-1.568308016,-0.522284944,0,1,95,task,30,0,-1610,10,652,0
1,133,129,-2.120239962,-0.410785957,1.251782174,-2.365496478,-1.569916493,-0.534957584,0,1,96,task,30,0,-1610,10,652,0
1,133,130,-2.133578684,-0.439245143,1.322298611,-2.404910779,-1.571621509,-0.548212012,0,1,97,task,30,0,-1610,10,652,0
1,133,131,-2.147545742,-0.465926371,1.389494415,-2.442821735,-1.573429013,-0.56208642,0,1,98,task,30,0,-1610,10,652,0
1,133,132,-2.161946382,-0.491241065,1.453791367,-2.479247409,-1.57610623,-0.576375342,0,1,99,task,30,0,-1610,10,652,0
1,133,133,-2.176234831,-0.515895603,1.515518121,-2.513877803,-1.581446418,-0.590511344,0,1,100,task,30,0,-1610,10,652,0
1,133,134,-2.191229803,-0.539273677,1.575055583,-2.547747636,-1.58689763,-0.605349852,0,1,101,task,30,0,-1610,10,652,0
1,133,135,-2.206980587,-0.561458573,1.632629399,-2.581013372,-1.592464369,-0.620941027,0,1,102,task,30,0,-1610,10,652,0
1,133,136,-2.194035432,-0.577403265,1.667406828,-2.580038808,-1.569753133,-0.607709175,0,1,103,task,10,0,-1610,10,652,0
1,133,137,-2.175608393,-0.555612387,1.613260994,-2.556041453,-1.572310211,-0.589539158,0,1,104,task,30,0,-1610,10,652,0
1,133,138,-2.158855646,-0.532874353,1.557106513,-2.530209881,-1.572625421,-0.573040519,0,1,105,task,30,0,-1610,10,652,0
1,133,139,-2.142866754,-0.509027812,1.49895111,-2.50345436,-1.573240093,-0.557269418,0,1,106,task,30,0,-1610,10,652,0
1,133,140,-2.127985995,-0.484364757,1.436912904,-2.470852932,-1.57278931,-0.542526475,0,1,107,task,30,0,-1610,10,652,0
1,133,141,-2.114159761,-0.458589553,1.370676271,-2.432579324,-1.571201182,-0.528780256,0,1,108,task,30,0,-1610,10,652,0
1,133,142,-2.10097662,-0.431128462,1.301393424,-2.39297812,-1.569704962,-0.515670557,0,1,109,task,30,0,-1610,10,652,0
1,133,143,-2.088395356,-0.401769117,1.228561758,-2.351755146,-1.568295054,-0.503156528,0,1,110,task,30,0,-1610,10,652,0
1,133,144,-2.076377958,-0.370224598,1.15151943,-2.308532029,-1.566966244,-0.491200507,0,1,111,task,30,0,-1610,10,652,0
1,133,145,-2.066902471,-0.336690255,1.085533223,-2.296633747,-1.558302254,-0.482064684,0,1,112,task,30,0,-1610,10,652,0
1,133,146,-2.056406677,-0.301276811,1.002974027,-2.256517817,-1.554998875,-0.471634681,0,1,113,task,30,0,-1610,10,652,0
1,133,147,-2.045737899,-0.262058695,0.9080379,-2.202502881,-1.55417028,-0.460976384,0,1,114,task,30,0,-1610,10,652,0
1,133,148,-2.035520568,-0.217736021,0.802524843,-2.143023448,-1.553382005,-0.450767649,0,1,115,task,30,0,-1610,10,652,0
1,133,149,-2.030629357,-0.192120664,0.742478002,-2.109450807,-1.553007035,-0.445879846,0,0,,transition,10,0,-1610,10,652,0
1,133,150,-2.02572784,-0.166087464,0.681549301,-2.075414209,-1.552631664,-0.440981747,0,1,116,task,10,0,-1610,10,652,0
1,133,151,-2.023093457,-0.210835581,0.780036111,-2.105375739,-1.503741696,-0.439324298,0,1,117,task,10,0,-1610,10,652,0
1,133,152,-2.028063333,-0.233866469,0.834731053,-2.136143295,-1.504195984,-0.444292204,0,0,,transition,10,0,-1610,10,652,0
1,133,153,-2.033023056,-0.256648347,0.888911537,-2.166645918,-1.504649593,-0.44924997,0,1,118,task,10,0,-1610,10,652,0
1,133,154,-2.043393974,-0.29695405,0.986337933,-2.221960275,-1.505603336,-0.459614929,0,1,119,task,30,0,-1610,10,652,0
1,133,155,-2.054140987,-0.333169755,1.074871503,-2.27182819,-1.506957606,-0.470339468,0,1,120,task,30,0,-1610,10,652,0
1,133,156,-2.063459195,-0.367005754,1.149971924,-2.302304451,-1.515367851,-0.479329122,0,1,121,task,30,0,-1610,10,652,0
1,133,157,-2.073013152,-0.399274961,1.227960091,-2.34671717,-1.524545846,-0.488593873,0,1,122,task,30,0,-1610,10,652,0
1,133,158,-2.057415361,-0.423642264,1.28706773,-2.379881403,-1.514881289,-0.473258246,0,1,123,task,10,0,-1610,10,652,0
1,133,159,-2.046006804,-0.39357779,1.212251581,-2.337843077,-1.512991435,-0.461910795,0,1,124,task,30,0,-1610,10,652,0
1,133,160,-2.035221942,-0.361433779,1.133760564,-2.295026436,-1.510795933,-0.451199469,0,1,125,task,30,0,-1610,10,652,0
1,133,161,-2.025129657,-0.327156606,1.051726453,-2.252587616,-1.507868641,-0.441208051,0,1,126,task,30,0,-1610,10,652,0
1,133,162,-2.015460864,-0.289698426,0.963215443,-2.206858643,-1.505071364,-0.431622093,0,1,127,task,30,0,-1610,10,652,0
1,133,163,-2.005761777,-0.247803147,0.862648255,-2.150157573,-1.504093708,-0.421930869,0,1,128,task,30,0,-1610,10,652,0
1,133,164,-2.001124181,-0.223972938,0.806339,-2.118657465,-1.503628254,-0.417296073,0,0,,transition,10,0,-1610,10,652,0
1,133,165,-1.996476297,-0.199846448,0.749412992,-2.086837413,-1.50316211,-0.412651002,0,1,129,task,10,0,-1610,10,652,0
1,133,166,-1.979345516,-0.240415902,0.839654067,-2.134944474,-1.503777791,-0.395450264,0,1,130,task,10,0,-1610,10,652,0
1,133,167,-1.988226359,-0.28367904,0.941751951,-2.190299029,-1.505455787,-0.404295662,0,1,131,task,30,0,-1610,10,652,0
1,133,168,-1.997504254,-0.322351879,1.034361871,-2.240758663,-1.507207384,-0.413531027,0,1,132,task,30,0,-1610,10,652,0
1,133,169,-2.007205535,-0.357498579,1.119841161,-2.287617844,-1.50903748,-0.423182169,0,1,133,task,30,0,-1610,10,652,0
1,133,170,-2.017358741,-0.389938335,1.199807203,-2.331735999,-1.510948896,-0.433277623,0,1,134,task,30,0,-1610,10,652,0
1,133,171,-2.027995912,-0.420672919,1.275644735,-2.37372959,-1.512933321,-0.443851763,0,1,135,task,30,0,-1610,10,652,0
1,133,172,-2.00977417,-0.447885888,1.339304262,-2.408908403,-1.513314017,-0.425559921,0,1,136,task,10,0,-1610,10,652,0
1,133,173,-1.999421058,-0.418629535,1.266683385,-2.369216308,-1.511067215,-0.415283885,0,1,137,task,30,0,-1610,10,652,0
1,133,174,-1.989495537,-0.387558508,1.19000506,-2.327007358,-1.509103358,-0.405418007,0,1,138,task,30,0,-1610,10,652,0
1,133,175,-1.979890372,-0.354641769,1.108147929,-2.280732172,-1.507703379,-0.395845926,0,1,139,task,30,0,-1610,10,652,0
1,133,176,-1.970720005,-0.318707243,1.020348847,-2.231527677,-1.506366995,-0.38670398,0,1,140,task,30,0,-1610,10,652,0
1,133,177,-1.961956291,-0.278997542,0.924913924,-2.178456883,-1.505089961,-0.377964384,0,1,141,task,30,0,-1610,10,652,0
1,133,178,-1.953573399,-0.234307436,0.819174258,-2.120055741,-1.503868382,-0.369601634,0,1,142,task,30,0,-1610,10,652,0
1,133,179,-1.93429022,-0.264127507,0.884370533,-2.154151793,-1.504247021,-0.350250102,0,1,143,task,10,0,-1610,10,652,0
1,133,180,-1.942411919,-0.305948805,0.984525438,-2.210307147,-1.505233664,-0.358358727,0,1,144,task,30,0,-1610,10,652,0
1,133,181,-1.950912585,-0.343512711,1.076003957,-2.262033019,-1.506267026,-0.366843667,0,1,145,task,30,0,-1610,10,652,0
1,133,182,-1.959818759,-0.377742677,1.160864212,-2.310463976,-1.507350559,-0.375731223,0,1,146,task,30,0,-1610,10,652,0
1,133,183,-1.969133953,-0.409309584,1.240359179,-2.356021132,-1.508577169,-0.385020908,0,1,147,task,30,0,-1610,10,652,0
1,133,184,-1.978546353,-0.439582607,1.314129181,-2.394937439,-1.511110463,-0.394348218,0,1,148,task,30,0,-1610,10,652,0
1,133,185,-1.95978708,-0.469055245,1.380708116,-2.427576749,-1.512984241,-0.375446817,0,1,149,task,10,0,-1610,10,652,0
1,133,186,-1.950830546,-0.440137031,1.310949863,-2.392926528,-1.509712682,-0.366616999,0,1,150,task,30,0,-1610,10,652,0
1,133,187,-1.942138673,-0.409702594,1.237023442,-2.354594044,-1.507093322,-0.358010699,0,1,151,task,30,0,-1610,10,652,0
1,133,188,-1.933406807,-0.377847069,1.156437095,-2.30776713,-1.506166939,-0.349291431,0,1,152,task,30,0,-1610,10,652,0
1,133,189,-1.925085165,-0.343190076,1.070461188,-2.258338206,-1.505285369,-0.340980273,0,1,153,task,30,0,-1610,10,652,0
1,133,190,-1.917145962,-0.305099055,0.977666394,-2.205510933,-1.504445379,-0.33304963,0,1,154,task,30,0,-1610,10,652,0
1,133,191,-1.909563825,-0.262598255,0.875878392,-2.148087179,-1.503644034,-0.325474302,0,1,155,task,30,0,-1610,10,652,0
1,133,192,-1.888543387,-0.283217237,0.920358969,-2.172231208,-1.50330774,-0.304405303,0,1,156,task,10,0,-1610,10,652,0
1,133,193,-1.895740151,-0.323940256,1.018651787,-2.22815979,-1.50398754,-0.311598926,0,1,157,task,30,0,-1610,10,652,0
1,133,194,-1.903282243,-0.36068185,1.108919527,-2.280030022,-1.50470098,-0.319136653,0,1,158,task,30,0,-1610,10,652,0
1,133,195,-1.91119478,-0.394259414,1.192994368,-2.328856018,-1.505450698,-0.327043467,0,1,159,task,30,0,-1610,10,652,0
1,133,196,-1.919505338,-0.425215385,1.272113334,-2.375331678,-1.506239614,-0.335346795,0,1,160,task,30,0,-1610,10,652,0
1,133,197,-1.927133883,-0.455586914,1.341411682,-2.404512186,-1.51083286,-0.342802955,0,1,161,task,30,0,-1610,10,652,0
1,133,198,-1.915732996,-0.420444529,1.254783809,-2.356196415,-1.509383422,-0.331425884,0,0,,transition,10,0,-1610,10,652,0
1,133,199,-1.904290793,-0.385031141,1.167700589,-2.307697491,-1.507929068,-0.320007785,0,0,,transition,10,0,-1610,10,652,0
1,133,200,-1.892811769,-0.349303441,1.08005259,-2.258949186,-1.506470384,-0.308553115,0,0,,transition,10,0,-1610,10,652,0
1,133,201,-1.88129977,-0.313198948,0.991690763,-2.209864836,-1.50500787,-0.297065692,0,0,,transition,10,0,-1610,10,652,0
1,133,202,-1.869758106,-0.276626944,0.902406114,-2.160326087,-1.503541961,-0.285548799,0,0,,transition,10,0,-1610,10,652,0
1,133,203,-1.858189637,-0.239452742,0.81189488,-2.110163796,-1.502073031,-0.274005275,0,1,162,task,10,0,-1610,10,652,0
1,133,204,-1.855156365,-0.212703639,0.749357819,-2.075093482,-1.501813008,-0.270971349,0,0,,transition,10,0,-1610,10,652,0
1,133,205,-1.852113166,-0.185499992,0.685861247,-2.039518814,-1.50155246,-0.267927493,0,1,163,task,10,0,-1610,10,652,0
1,133,206,-1.849212221,-0.152608438,0.61017772,-1.997437823,-1.501303914,-0.265025603,0,0,,transition,10,0,-1610,10,652,0
1,133,207,-1.846299345,-0.118582625,0.532053165,-1.954050826,-1.501054807,-0.262111772,0,1,164,task,10,0,-1610,10,652,0
1,133,208,-1.84352386,-0.072544719,0.427869019,-1.896609132,-1.500817001,-0.25933508,0,0,,transition,10,0,-1610,10,652,0
1,133,209,-1.840731625,-0.021023877,0.311727083,-1.832693695,-1.500578518,-0.256541619,0,1,165,task,10,0,-1610,10,652,0
1,133,210,-1.825202717,-0.052619134,0.381868855,-1.872631559,-1.477786725,-0.241441297,0,1,166,task,10,0,-1610,10,652,0
1,133,211,-1.827854069,-0.097325073,0.483462111,-1.92917554,-1.477967043,-0.244100476,0,0,,transition,10,0,-1610,10,652,0
1,133,212,-1.830489918,-0.138762569,0.577947338,-1.981881326,-1.47814684,-0.2467441,0,1,167,task,10,0,-1610,10,652,0
1,133,213,-1.833258441,-0.170624513,0.651735795,-2.023455215,-1.47833286,-0.249520692,0,0,,transition,10,0,-1610,10,652,0
1,133,214,-1.83601531,-0.201619006,0.723665334,-2.064038665,-1.478518448,-0.252285593,0,1,168,task,10,0,-1610,10,652,0
1,133,215,-1.838910255,-0.227630154,0.784975799,-2.098975368,-1.47871068,-0.255188864,0,0,,transition,10,0,-1610,10,652,0
1,133,216,-1.841795259,-0.253262509,0.845491185,-2.133496646,-1.478902512,-0.258082165,0,1,169,task,10,0,-1610,10,652,0
1,133,217,-1.818814904,-0.260429293,0.857234695,-2.140143821,-1.478306871,-0.235011705,0,1,170,task,10,0,-1610,10,652,0
1,133,218,-1.816190892,-0.235120926,0.797476259,-2.106078842,-1.478083643,-0.23238089,0,0,,transition,10,0,-1610,10,652,0
1,133,219,-1.813557371,-0.209455541,0.736970042,-2.071623917,-1.477860046,-0.229740539,0,1,171,task,10,0,-1610,10,652,0
1,133,220,-1.811050493,-0.179048722,0.666374128,-2.03181094,-1.477642625,-0.22722707,0,0,,transition,10,0,-1610,10,652,0
1,133,221,-1.808532552,-0.147847879,0.594079391,-1.991094135,-1.477424811,-0.224702503,0,1,172,task,10,0,-1610,10,652,0
1,133,222,-1.806136201,-0.1078016,0.502687243,-1.94011586,-1.477212782,-0.22229977,0,0,,transition,10,0,-1610,10,652,0
1,133,223,-1.803725376,-0.064978868,0.405263787,-1.885884033,-1.477000288,-0.219882512,0,1,173,task,10,0,-1610,10,652,0
1,133,224,-1.78250226,-0.074974506,0.424254895,-1.898343068,-1.474526738,-0.198610298,0,1,174,task,10,0,-1610,10,652,0
1,133,225,-1.784488702,-0.116147793,0.517599133,-1.949610023,-1.475538314,-0.200585907,0,0,,transition,10,0,-1610,10,652,0
1,133,226,-1.786462189,-0.15490708,0.605704459,-1.998053092,-1.476549406,-0.202548527,0,1,175,task,10,0,-1610,10,652,0
1,133,227,-1.788707511,-0.185646568,0.676870591,-2.038007626,-1.476869355,-0.204797646,0,0,,transition,10,0,-1610,10,652,0
1,133,228,-1.790942363,-0.215639986,0.746442377,-2.077114788,-1.477188932,-0.207036263,0,1,176,task,10,0,-1610,10,652,0
1,133,229,-1.793290951,-0.241071706,0.806313171,-2.111074823,-1.477514801,-0.209388722,0,0,,transition,10,0,-1610,10,652,0
1,133,230,-1.795630503,-0.266160713,0.865467236,-2.144661601,-1.477840314,-0.211732123,0,1,177,task,10,0,-1610,10,652,0
1,133,231,-1.772855658,-0.276857164,0.88471739,-2.15413928,-1.477660523,-0.188856576,0,1,178,task,10,0,-1610,10,652,0
1,133,232,-1.770862419,-0.252487455,0.827809714,-2.122880449,-1.476946856,-0.186868153,0,0,,transition,10,0,-1610,10,652,0
1,133,233,-1.768861117,-0.227814724,0.770271379,-2.091294568,-1.476232701,-0.184871667,0,1,179,task,10,0,-1610,10,652,0
1,133,234,-1.767049966,-0.199090483,0.703884292,-2.054624696,-1.475137841,-0.183071952,0,0,,transition,10,0,-1610,10,652,0
1,133,235,-1.765229644,-0.169743562,0.636171348,-2.017252296,-1.474042581,-0.181263051,0,1,180,task,10,0,-1610,10,652,0
1,133,236,-1.763492089,-0.133336342,0.553193761,-1.971616357,-1.472980952,-0.179535988,0,0,,transition,10,0,-1610,10,652,0
1,133,237,-1.76174283,-0.095114928,0.466288837,-1.923868212,-1.471918916,-0.177797189,0,1,181,task,10,0,-1610,10,652,0
1,133,238,-1.737604484,-0.090810182,0.445679874,-1.910028566,-1.479101639,-0.153430728,0,1,182,task,10,0,-1610,10,652,0
1,133,239,-1.739295934,-0.13045573,0.535592066,-1.959160118,-1.47925391,-0.155126891,0,0,,transition,10,0,-1610,10,652,0
1,133,240,-1.740975594,-0.16800477,0.620959731,-2.005844699,-1.479405735,-0.156811233,0,1,183,task,10,0,-1610,10,652,0
1,133,241,-1.742741531,-0.198007553,0.690047094,-2.043788406,-1.47956683,-0.158581654,0,0,,transition,10,0,-1610,10,652,0
1,133,242,-1.74449819,-0.227327497,0.757677724,-2.080959028,-1.479727486,-0.16034278,0,1,184,task,10,0,-1610,10,652,0
1,133,243,-1.746344499,-0.252389799,0.816246679,-2.113318609,-1.479898043,-0.162193325,0,0,,transition,10,0,-1610,10,652,0
1,133,244,-1.748182736,-0.277127501,0.87413826,-2.14532611,-1.480068149,-0.164035787,0,1,185,task,10,0,-1610,10,652,0
1,133,245,-1.726054684,-0.295347016,0.906475918,-2.163395413,-1.477784541,-0.141846777,0,1,186,task,10,0,-1610,10,652,0
1,133,246,-1.72445509,-0.271567409,0.850748827,-2.132632512,-1.477637899,-0.140242629,0,0,,transition,10,0,-1610,10,652,0
1,133,247,-1.722847963,-0.247515393,0.794457652,-2.101578602,-1.477490848,-0.138630936,0,1,187,task,10,0,-1610,10,652,0
1,133,248,-1.721319807,-0.219747116,0.730287803,-2.066355805,-1.477352494,-0.137098039,0,0,,transition,10,0,-1610,10,652,0
1,133,249,-1.719783158,-0.191444425,0.664984507,-2.030534739,-1.477213752,-0.135556631,0,1,188,task,10,0,-1610,10,652,0
1,133,250,-1.718322295,-0.156965662,0.586400132,-1.987602388,-1.477083141,-0.13409086,0,0,,transition,10,0,-1610,10,652,0
1,133,251,-1.716851027,-0.121073882,0.504765407,-1.943033654,-1.47695215,-0.132614655,0,1,189,task,10,0,-1610,10,652,0
1,133,252,-1.693017695,-0.103094335,0.451855426,-1.909989236,-1.481526857,-0.108628714,0,1,190,task,10,0,-1610,10,652,0
1,133,253,-1.694209481,-0.142413912,0.540695213,-1.958246186,-1.481666178,-0.1098238,0,0,,transition,10,0,-1610,10,652,0
1,133,254,-1.695390682,-0.179715572,0.625162573,-2.004149546,-1.481805142,-0.111008277,0,1,191,task,10,0,-1610,10,652,0
1,133,255,-1.696634575,-0.209666716,0.6937606,-2.041529244,-1.481951222,-0.112255242,0,0,,transition,10,0,-1610,10,652,0
1,133,256,-1.697870131,-0.23894779,0.76092999,-2.078151088,-1.482096937,-0.113493855,0,1,192,task,10,0,-1610,10,652,0
1,133,257,-1.699170388,-0.264052561,0.819196698,-2.11004161,-1.482250246,-0.114796938,0,0,,transition,10,0,-1610,10,652,0
1,133,258,-1.700463399,-0.288835999,0.876793441,-2.14158411,-1.48240317,-0.116092768,0,1,193,task,10,0,-1610,10,652,0
1,133,259,-1.690489292,-0.387448614,0.930178561,-2.09767764,-1.489202926,-0.107162555,0,0,,transition,10,0,-1610,10,652,0
1,133,260,-1.680515184,-0.48606123,0.98356368,-2.05377117,-1.496002682,-0.098232342,0,0,,transition,10,0,-1610,10,652,0
1,133,261,-1.670541076,-0.584673845,1.036948801,-2.0098647,-1.502802439,-0.089302129,0,0,,transition,10,0,-1610,10,652,0
1,133,262,-1.660566968,-0.683286461,1.09033392,-1.96595823,-1.509602194,-0.080371916,0,0,,transition,10,0,-1610,10,652,0
1,133,263,-1.650592861,-0.781899076,1.143719041,-1.92205176,-1.516401951,-0.071441703,0,0,,transition,10,0,-1610,10,652,0
1,133,264,-1.640618753,-0.880511692,1.19710416,-1.87814529,-1.523201707,-0.06251149,0,0,,transition,10,0,-1610,10,652,0
1,133,265,-1.630644646,-0.979124307,1.25048928,-1.83423882,-1.530001463,-0.053581277,0,0,,transition,10,0,-1610,10,652,0
1,133,266,-1.620670538,-1.077736923,1.3038744,-1.79033235,-1.536801219,-0.044651064,0,0,,transition,10,0,-1610,10,652,0
1,133,267,-1.610696431,-1.176349539,1.35725952,-1.74642588,-1.543600975,-0.035720852,0,0,,transition,10,0,-1610,10,652,0
1,133,268,-1.600722322,-1.274962154,1.41064464,-1.70251941,-1.550400731,-0.026790639,0,0,,transition,10,0,-1610,10,652,0
1,133,269,-1.590748215,-1.373574769,1.46402976,-1.65861294,-1.557200488,-0.017860426,0,0,,transition,10,0,-1610,10,652,0
1,133,270,-1.580774107,-1.472187385,1.51741488,-1.61470647,-1.564000243,-0.008930213,0,0,,transition,10,0,-1610,10,652,0
1,133,271,-1.5708,-1.5708,1.5708,-1.5708,-1.5708,0,0,0,,home,30,0,-1610,10,652,0
1,134,1,-1.5708,-1.5708,1.5708,-1.5708,-1.5708,0,0,0,,home,30,0,-1610,10,652,0
1,134,2,-1.638120846,-1.472954922,1.497543103,-1.59224367,-1.574973008,-0.066273283,0,0,,transition,10,0,-1610,10,652,0
1,134,3,-1.705441691,-1.375109844,1.424286205,-1.613687338,-1.579146016,-0.132546565,0,0,,transition,10,0,-1610,10,652,0
1,134,4,-1.772762537,-1.277264766,1.351029309,-1.635131008,-1.583319026,-0.198819848,0,0,,transition,10,0,-1610,10,652,0
1,134,5,-1.840083382,-1.179419689,1.277772411,-1.656574678,-1.587492034,-0.26509313,0,0,,transition,10,0,-1610,10,652,0
1,134,6,-1.907404228,-1.08157461,1.204515514,-1.678018346,-1.591665042,-0.331366413,0,0,,transition,10,0,-1610,10,652,0
1,134,7,-1.974725074,-0.983729533,1.131258617,-1.699462016,-1.59583805,-0.397639695,0,0,,transition,10,0,-1610,10,652,0
1,134,8,-2.04204592,-0.885884455,1.058001719,-1.720905686,-1.600011059,-0.463912978,0,0,,transition,10,0,-1610,10,652,0
1,134,9,-2.109366766,-0.788039377,0.984744823,-1.742349354,-1.604184068,-0.53018626,0,0,,transition,10,0,-1610,10,652,0
1,134,10,-2.176687612,-0.690194299,0.911487925,-1.763793024,-1.608357076,-0.596459543,0,0,,transition,10,0,-1610,10,652,0
1,134,11,-2.244008457,-0.592349221,0.838231028,-1.785236694,-1.612530084,-0.662732826,0,0,,transition,10,0,-1610,10,652,0
1,134,12,-2.311329303,-0.494504143,0.764974131,-1.806680362,-1.616703092,-0.729006108,0,0,,transition,10,0,-1610,10,652,0
1,134,13,-2.378650148,-0.396659065,0.691717234,-1.828124032,-1.620876101,-0.795279391,0,0,,transition,10,0,-1610,10,652,0
1,134,14,-2.445970994,-0.298813987,0.618460337,-1.849567702,-1.62504911,-0.861552673,0,0,,transition,10,0,-1610,10,652,0
1,134,15,-2.51329184,-0.200968909,0.545203439,-1.87101137,-1.629222118,-0.927825956,0,0,,transition,10,0,-1610,10,652,0
1,134,16,-2.580612685,-0.103123831,0.471946542,-1.89245504,-1.633395126,-0.994099238,0,1,1,task,10,0,-1610,10,652,0
1,134,17,-2.574875943,-0.134021038,0.542329629,-1.93158326,-1.633122617,-0.988357821,0,0,,transition,10,0,-1610,10,652,0
1,134,18,-2.569125747,-0.164332867,0.61147268,-1.970056036,-1.632849398,-0.982602946,0,1,2,task,10,0,-1610,10,652,0
1,134,19,-2.563170037,-0.188845755,0.668038411,-2.001740926,-1.632562166,-0.976642799,0,0,,transition,10,0,-1610,10,652,0
1,134,20,-2.557204595,-0.213146203,0.72417046,-2.03320403,-1.632274392,-0.970672918,0,1,3,task,10,0,-1610,10,652,0
1,134,21,-2.544828736,-0.254615972,0.821097287,-2.087903902,-1.631668222,-0.958288745,0,1,4,task,10,0,-1610,10,652,0
1,134,22,-2.531976786,-0.291031447,0.907259412,-2.136872288,-1.631028877,-0.945429136,0,1,5,task,10,0,-1610,10,652,0
1,134,23,-2.517055434,-0.320772529,0.979076226,-2.177993701,-1.629562885,-0.930499572,0,1,6,task,10,0,-1610,10,652,0
1,134,24,-2.518626475,-0.323658612,0.985422769,-2.181608863,-1.63035422,-0.932071927,0,1,7,task,30,0,-1610,10,652,0
1,134,25,-2.504754662,-0.353282805,1.057300976,-2.223041698,-1.62964198,-0.918194096,0,1,8,task,10,0,-1610,10,652,0
1,134,26,-2.489641824,-0.371517356,1.108702053,-2.254481478,-1.613721544,-0.903152497,0,1,9,task,10,0,-1610,10,652,0
1,134,27,-2.490337371,-0.380429358,1.124037986,-2.261789299,-1.628889754,-0.903771792,0,1,10,task,30,0,-1610,10,652,0
1,134,28,-2.485713044,-0.397640098,1.160438936,-2.246044672,-1.590546764,-0.898055335,0,1,11,task,10,0,-1610,10,652,0
1,134,29,-2.458153792,-0.352704266,1.060914638,-2.196635504,-1.582278945,-0.871024193,0,0,,transition,10,0,-1610,10,652,0
1,134,30,-2.430556461,-0.307324046,0.960600201,-2.146873797,-1.574004004,-0.843954725,0,0,,transition,10,0,-1610,10,652,0
1,134,31,-2.402924998,-0.26137992,0.859213451,-2.096597809,-1.565722814,-0.816850871,0,0,,transition,10,0,-1610,10,652,0
1,134,32,-2.375262727,-0.214680233,0.756317537,-2.045563149,-1.557436122,-0.78971595,0,0,,transition,10,0,-1610,10,652,0
1,134,33,-2.34757246,-0.166902351,0.651191228,-1.993371921,-1.549144576,-0.762552764,0,1,12,task,10,0,-1610,10,652,0
1,134,34,-2.35448845,-0.191377084,0.706612973,-2.025031748,-1.553846062,-0.769312808,0,0,,transition,10,0,-1610,10,652,0
1,134,35,-2.361395751,-0.215546962,0.761398448,-2.056359462,-1.558547146,-0.776063894,0,1,13,task,10,0,-1610,10,652,0
1,134,36,-2.374358669,-0.25904047,0.86017751,-2.116108683,-1.573226296,-0.788689426,0,1,14,task,30,0,-1610,10,652,0
1,134,37,-2.387982084,-0.296935209,0.944888491,-2.163842679,-1.587055657,-0.802009831,0,1,15,task,30,0,-1610,10,652,0
1,134,38,-2.405362967,-0.32720022,1.003399542,-2.172200513,-1.588172525,-0.818524316,0,1,16,task,30,0,-1610,10,652,0
1,134,39,-2.423754521,-0.357955703,1.072839624,-2.207052251,-1.588232438,-0.836710942,0,1,17,task,30,0,-1610,10,652,0
1,134,40,-2.442767023,-0.386490585,1.137507485,-2.239341337,-1.588491133,-0.85550272,0,1,18,task,30,0,-1610,10,652,0
1,134,41,-2.462420524,-0.413136,1.198116061,-2.269454869,-1.588958267,-0.874918167,0,1,19,task,30,0,-1610,10,652,0
1,134,42,-2.470364071,-0.423196044,1.221057111,-2.280815092,-1.589202356,-0.882762564,0,1,20,task,30,0,-1610,10,652,0
1,134,43,-2.454404372,-0.447082535,1.27817046,-2.313760381,-1.587799894,-0.866862106,0,1,21,task,10,0,-1610,10,652,0
1,134,44,-2.435653824,-0.420911947,1.217473648,-2.279170568,-1.582791779,-0.848338832,0,1,22,task,30,0,-1610,10,652,0
1,134,45,-2.417570558,-0.393018822,1.153197344,-2.242884195,-1.577847044,-0.830486398,0,1,23,task,30,0,-1610,10,652,0
1,134,46,-2.400128486,-0.3631378,1.084763597,-2.204578541,-1.572966985,-0.813277467,0,1,24,task,30,0,-1610,10,652,0
1,134,47,-2.383568719,-0.330874948,1.011896585,-2.164792377,-1.567174943,-0.797015528,0,1,25,task,30,0,-1610,10,652,0
1,134,48,-2.373141188,-0.296387159,0.947586666,-2.148052879,-1.54049527,-0.788307037,0,1,26,task,30,0,-1610,10,652,0
1,134,49,-2.35698746,-0.260189535,0.864024024,-2.103062706,-1.537086216,-0.772342524,0,1,27,task,30,0,-1610,10,652,0
1,134,50,-2.341292664,-0.219566369,0.77072587,-2.052534121,-1.534147423,-0.756800712,0,1,28,task,30,0,-1610,10,652,0
1,134,51,-2.316457082,-0.23063073,0.79379531,-2.065669321,-1.532220315,-0.732020836,0,1,29,task,10,0,-1610,10,652,0
1,134,52,-2.331719424,-0.270845194,0.886070677,-2.115227934,-1.535399284,-0.747115923,0,1,30,task,30,0,-1610,10,652,0
1,134,53,-2.347338247,-0.30683495,0.968764617,-2.158911243,-1.539426488,-0.762504461,0,1,31,task,30,0,-1610,10,652,0
1,134,54,-2.362851266,-0.339653129,1.042759865,-2.195284852,-1.546040206,-0.777593788,0,1,32,task,30,0,-1610,10,652,0
1,134,55,-2.376065345,-0.371753475,1.108894385,-2.222394981,-1.562998471,-0.789763245,0,1,33,task,30,0,-1610,10,652,0
1,134,56,-2.392042853,-0.401741822,1.175472449,-2.256706325,-1.571929362,-0.805239493,0,1,34,task,30,0,-1610,10,652,0
1,134,57,-2.40959809,-0.429746863,1.239932626,-2.292797528,-1.577564303,-0.82252423,0,1,35,task,30,0,-1610,10,652,0
1,134,58,-2.427820465,-0.456075356,1.300935797,-2.32728613,-1.583269895,-0.840480227,0,1,36,task,30,0,-1610,10,652,0
1,134,59,-2.437807579,-0.469481218,1.332162901,-2.34508503,-1.586336894,-0.850327725,0,1,37,task,30,0,-1610,10,652,0
1,134,60,-2.420546898,-0.490534783,1.383331095,-2.374945494,-1.58481087,-0.83313275,0,1,38,task,10,0,-1610,10,652,0
1,134,61,-2.402273412,-0.465502431,1.325184118,-2.342141631,-1.577921732,-0.815179179,0,1,39,task,30,0,-1610,10,652,0
1,134,62,-2.384690066,-0.439034196,1.264128492,-2.308085231,-1.571110666,-0.797923785,0,1,40,task,30,0,-1610,10,652,0
1,134,63,-2.368423597,-0.411079321,1.201440644,-2.275792897,-1.562071292,-0.782166481,0,1,41,task,30,0,-1610,10,652,0
1,134,64,-2.353431821,-0.381560196,1.137042269,-2.245498781,-1.550669651,-0.767863388,0,1,42,task,30,0,-1610,10,652,0
1,134,65,-2.338089763,-0.350730074,1.067693318,-2.211044136,-1.542580522,-0.753008793,0,1,43,task,30,0,-1610,10,652,0
1,134,66,-2.322376698,-0.318129043,0.992265471,-2.171548205,-1.538030169,-0.73756754,0,1,44,task,30,0,-1610,10,652,0
1,134,67,-2.307125114,-0.282444138,0.910123891,-2.128269132,-1.533990398,-0.722544962,0,1,45,task,30,0,-1610,10,652,0
1,134,68,-2.279247769,-0.284989942,0.913198282,-2.130003486,-1.531894632,-0.69472556,0,1,46,task,10,0,-1610,10,652,0
1,134,69,-2.294054329,-0.321195856,0.996693473,-2.174124981,-1.535680571,-0.709323486,0,1,47,task,30,0,-1610,10,652,0
1,134,70,-2.30952543,-0.354243608,1.074032067,-2.215743817,-1.539224402,-0.724597378,0,1,48,task,30,0,-1610,10,652,0
1,134,71,-2.325594183,-0.384719781,1.146054122,-2.254694256,-1.542888074,-0.740455025,0,1,49,task,30,0,-1610,10,652,0
1,134,72,-2.341110483,-0.41408638,1.21260985,-2.288300605,-1.550763007,-0.75551185,0,1,50,task,30,0,-1610,10,652,0
1,134,73,-2.357015056,-0.441889615,1.27541542,-2.319768898,-1.55947365,-0.770901109,0,1,51,task,30,0,-1610,10,652,0
1,134,74,-2.373529213,-0.468270222,1.33535624,-2.350319091,-1.568329554,-0.786897153,0,1,52,task,30,0,-1610,10,652,0
1,134,75,-2.390709945,-0.493910812,1.394046674,-2.382482628,-1.577219036,-0.803645218,0,1,53,task,30,0,-1610,10,652,0
1,134,76,-2.402595277,-0.510357418,1.431907007,-2.403462316,-1.58321937,-0.815250245,0,1,54,task,30,0,-1610,10,652,0
1,134,77,-2.38392561,-0.529041978,1.478073287,-2.430728355,-1.581560005,-0.796653207,0,1,55,task,10,0,-1610,10,652,0
1,134,78,-2.367830265,-0.504001747,1.42266665,-2.401920974,-1.567776514,-0.781222797,0,1,56,task,30,0,-1610,10,652,0
1,134,79,-2.350569563,-0.479328959,1.365078598,-2.371606314,-1.559970983,-0.764412879,0,1,57,task,30,0,-1610,10,652,0
1,134,80,-2.333844775,-0.453427766,1.304833039,-2.340133091,-1.552762255,-0.748107732,0,1,58,task,30,0,-1610,10,652,0
1,134,81,-2.31776385,-0.426021312,1.241566255,-2.30734377,-1.545698489,-0.732431908,0,1,59,task,30,0,-1610,10,652,0
1,134,82,-2.301802222,-0.397394129,1.174323608,-2.271458312,-1.540514053,-0.716761982,0,1,60,task,30,0,-1610,10,652,0
1,134,83,-2.285902231,-0.3672491,1.102297225,-2.231797616,-1.537435067,-0.701029402,0,1,61,task,30,0,-1610,10,652,0
1,134,84,-2.270613437,-0.334609917,1.02516411,-2.189580603,-1.534463267,-0.685897108,0,1,62,task,30,0,-1610,10,652,0
1,134,85,-2.239886922,-0.330395131,1.012129304,-2.182324107,-1.531867179,-0.655253577,0,1,63,task,10,0,-1610,10,652,0
1,134,86,-2.254630678,-0.364039984,1.091804073,-2.226312267,-1.534404928,-0.669872689,0,1,64,task,30,0,-1610,10,652,0
1,134,87,-2.269978432,-0.395038164,1.16606987,-2.26757788,-1.537038842,-0.685086918,0,1,65,task,30,0,-1610,10,652,0
1,134,88,-2.285962415,-0.423815718,1.23586997,-2.306643078,-1.539773639,-0.700928108,0,1,66,task,30,0,-1610,10,652,0
1,134,89,-2.301945453,-0.451456287,1.30129683,-2.341836959,-1.544867891,-0.716632116,0,1,67,task,30,0,-1610,10,652,0
1,134,90,-2.318344993,-0.477784118,1.36334701,-2.374861024,-1.550908172,-0.732693388,0,1,68,task,30,0,-1610,10,652,0
1,134,91,-2.33543163,-0.502701825,1.422633036,-2.406698772,-1.557086033,-0.74942833,0,1,69,task,30,0,-1610,10,652,0
1,134,92,-2.353241759,-0.526340933,1.479454236,-2.437532234,-1.563405138,-0.766874157,0,1,70,task,30,0,-1610,10,652,0
1,134,93,-2.364510991,-0.546665078,1.521974099,-2.456814558,-1.579830487,-0.777314822,0,1,71,task,30,0,-1610,10,652,0
1,134,94,-2.3536426,-0.559049578,1.564148241,-2.483526193,-1.549483313,-0.767749702,0,1,72,task,10,0,-1610,10,652,0
1,134,95,-2.333325174,-0.537622713,1.509576151,-2.453633165,-1.548863131,-0.747544578,0,1,73,task,30,0,-1610,10,652,0
1,134,96,-2.314519913,-0.51473038,1.453139675,-2.423615045,-1.546341127,-0.728953429,0,1,74,task,30,0,-1610,10,652,0
1,134,97,-2.296704949,-0.490498059,1.394427005,-2.392814297,-1.543324149,-0.711367961,0,1,75,task,30,0,-1610,10,652,0
1,134,98,-2.279622623,-0.464895968,1.33304348,-2.360770029,-1.54048824,-0.694492696,0,1,76,task,30,0,-1610,10,652,0
1,134,99,-2.263213347,-0.438036942,1.267991215,-2.325442183,-1.537868238,-0.678245431,0,1,77,task,30,0,-1610,10,652,0
1,134,100,-2.247452654,-0.409685149,1.198588707,-2.286184491,-1.535418972,-0.662606248,0,1,78,task,30,0,-1610,10,652,0
1,134,101,-2.232337489,-0.379204614,1.124959507,-2.244862876,-1.533064526,-0.647604553,0,1,79,task,30,0,-1610,10,652,0
1,134,102,-2.217833678,-0.346210466,1.04624699,-2.201001418,-1.530800118,-0.633206562,0,1,80,task,30,0,-1610,10,652,0
1,134,103,-2.203909001,-0.310154087,0.961237709,-2.153931578,-1.528621177,-0.619380436,0,1,81,task,30,0,-1610,10,652,0
1,134,104,-2.192237127,-0.271250302,0.877454625,-2.118963385,-1.519921411,-0.608194416,0,1,82,task,30,0,-1610,10,652,0
1,134,105,-2.179177797,-0.227354666,0.774210768,-2.061142671,-1.51853782,-0.595174912,0,1,83,task,30,0,-1610,10,652,0
1,134,106,-2.172906577,-0.201892048,0.715105591,-2.028263282,-1.517876026,-0.588921752,0,0,,transition,10,0,-1610,10,652,0
1,134,107,-2.166624012,-0.176034784,0.655170862,-1.994949353,-1.517213329,-0.582657278,0,1,84,task,10,0,-1610,10,652,0
1,134,108,-2.160593878,-0.144665037,0.583354188,-1.955264557,-1.516579497,-0.576643497,0,0,,transition,10,0,-1610,10,652,0
1,134,109,-2.154549645,-0.112311089,0.509424107,-1.914451106,-1.515944643,-0.570615645,0,1,85,task,10,0,-1610,10,652,0
1,134,110,-2.148750207,-0.068294491,0.410125615,-1.859929734,-1.515337323,-0.56483097,0,0,,transition,10,0,-1610,10,652,0
1,134,111,-2.142930124,-0.019490546,0.300393417,-1.799762949,-1.514728669,-0.559025675,0,1,86,task,10,0,-1610,10,652,0
1,134,112,-2.130623335,-0.0770707,0.429947323,-1.869035185,-1.491384335,-0.547712534,0,1,87,task,10,0,-1610,10,652,0
1,134,113,-2.136432495,-0.114775812,0.515806284,-1.91667084,-1.491835612,-0.55352417,0,0,,transition,10,0,-1610,10,652,0
1,134,114,-2.142224567,-0.150696493,0.597804633,-1.962231503,-1.492285766,-0.559318716,0,1,88,task,10,0,-1610,10,652,0
1,134,115,-2.148265506,-0.179153645,0.663661368,-1.999101772,-1.492756833,-0.565361553,0,0,,transition,10,0,-1610,10,652,0
1,134,116,-2.154293409,-0.207035376,0.728295935,-2.035326139,-1.493226972,-0.571391361,0,1,89,task,10,0,-1610,10,652,0
1,134,117,-2.16058028,-0.230713085,0.783938899,-2.066750632,-1.493719274,-0.577679475,0,0,,transition,10,0,-1610,10,652,0
1,134,118,-2.166856091,-0.254117639,0.839016103,-2.097883184,-1.494210736,-0.583956541,0,1,90,task,10,0,-1610,10,652,0
1,134,119,-2.179549633,-0.294110649,0.928583659,-2.138049611,-1.496725598,-0.596520066,0,1,91,task,30,0,-1610,10,652,0
1,134,120,-2.191488692,-0.331951364,1.014580608,-2.181744022,-1.504159878,-0.608058784,0,1,92,task,30,0,-1610,10,652,0
1,134,121,-2.20416204,-0.366992065,1.097662441,-2.229468966,-1.510812173,-0.620422107,0,1,93,task,30,0,-1610,10,652,0
1,134,122,-2.217384416,-0.399240321,1.175126077,-2.274495094,-1.517500527,-0.633342363,0,1,94,task,30,0,-1610,10,652,0
1,134,123,-2.230750787,-0.429439338,1.246827937,-2.314568831,-1.525744047,-0.646315053,0,1,95,task,30,0,-1610,10,652,0
1,134,124,-2.244662146,-0.457750386,1.314711015,-2.352781644,-1.534189166,-0.659833104,0,1,96,task,30,0,-1610,10,652,0
1,134,125,-2.259598627,-0.48465191,1.3746402,-2.377802866,-1.541205772,-0.674266277,0,1,97,task,30,0,-1610,10,652,0
1,134,126,-2.276578592,-0.509874234,1.434696549,-2.407907063,-1.543862211,-0.691003037,0,1,98,task,30,0,-1610,10,652,0
1,134,127,-2.294867469,-0.533452858,1.494682126,-2.442893376,-1.545003385,-0.709219618,0,1,99,task,30,0,-1610,10,652,0
1,134,128,-2.314006789,-0.555719949,1.552283074,-2.476798548,-1.546264503,-0.728279275,0,1,100,task,30,0,-1610,10,652,0
1,134,129,-2.332789514,-0.575508042,1.60437204,-2.507754014,-1.547564535,-0.746979919,0,1,101,task,30,0,-1610,10,652,0
1,134,130,-2.311112702,-0.59108484,1.642595126,-2.53092323,-1.545580591,-0.725387741,0,1,102,task,10,0,-1610,10,652,0
1,134,131,-2.291957432,-0.570016325,1.586721943,-2.49663946,-1.542116178,-0.706395977,0,1,103,task,30,0,-1610,10,652,0
1,134,132,-2.273698779,-0.547747002,1.52881144,-2.461589331,-1.538743902,-0.688295219,0,1,104,task,30,0,-1610,10,652,0
1,134,133,-2.256283133,-0.524196963,1.46865921,-2.425641006,-1.53545964,-0.671031897,0,1,105,task,30,0,-1610,10,652,0
1,134,134,-2.240689947,-0.498798538,1.407083778,-2.391238508,-1.528885362,-0.655794608,0,1,106,task,30,0,-1610,10,652,0
1,134,135,-2.229619794,-0.470710921,1.350998173,-2.374565477,-1.50947782,-0.645991515,0,1,107,task,30,0,-1610,10,652,0
1,134,136,-2.214335398,-0.443860596,1.283718537,-2.335911727,-1.506252605,-0.630850184,0,1,108,task,30,0,-1610,10,652,0
1,134,137,-2.199519448,-0.415180059,1.212400125,-2.294589632,-1.503801282,-0.616123875,0,1,109,task,30,0,-1610,10,652,0
1,134,138,-2.185339526,-0.384304166,1.136798793,-2.251192308,-1.501420837,-0.602028358,0,1,110,task,30,0,-1610,10,652,0
1,134,139,-2.171759218,-0.35083524,1.056022066,-2.205222625,-1.499107198,-0.588527545,0,1,111,task,30,0,-1610,10,652,0
1,134,140,-2.158970847,-0.314694276,0.97151574,-2.160829539,-1.495996637,-0.575885805,0,1,112,task,30,0,-1610,10,652,0
1,134,141,-2.146836778,-0.27524165,0.881266084,-2.115879176,-1.492428803,-0.563923773,0,1,113,task,30,0,-1610,10,652,0
1,134,142,-2.134335777,-0.231284979,0.779522736,-2.063028116,-1.492342751,-0.55138954,0,1,114,task,30,0,-1610,10,652,0
1,134,143,-2.128437275,-0.205422553,0.719426599,-2.029668482,-1.491925409,-0.545487568,0,0,,transition,10,0,-1610,10,652,0
1,134,144,-2.122526839,-0.179148026,0.658463437,-1.995854709,-1.491507087,-0.539573682,0,1,115,task,10,0,-1610,10,652,0
1,134,145,-2.116884786,-0.147065226,0.584806834,-1.954820688,-1.4910171,-0.533931205,0,0,,transition,10,0,-1610,10,652,0
1,134,146,-2.111227792,-0.113931206,0.50889137,-1.912580045,-1.490526121,-0.528273786,0,1,116,task,10,0,-1610,10,652,0
1,134,147,-2.091332065,-0.144179716,0.573011714,-1.947819886,-1.489957291,-0.508317497,0,1,117,task,10,0,-1610,10,652,0
1,134,148,-2.096900258,-0.174148596,0.641639845,-1.98516737,-1.490175255,-0.513896783,0,0,,transition,10,0,-1610,10,652,0
1,134,149,-2.102455211,-0.203415193,0.708769596,-2.021719742,-1.490392047,-0.519462857,0,1,118,task,10,0,-1610,10,652,0
1,134,150,-2.108294044,-0.228052528,0.765793955,-2.052464566,-1.490473873,-0.525318498,0,0,,transition,10,0,-1610,10,652,0
1,134,151,-2.114121789,-0.2523726,0.822156967,-2.082866157,-1.490554456,-0.531163106,0,1,119,task,10,0,-1610,10,652,0
1,134,152,-2.125876955,-0.295164667,0.921453697,-2.135591889,-1.492345518,-0.5428636,0,1,120,task,30,0,-1610,10,652,0
1,134,153,-2.137996046,-0.333545735,1.011183706,-2.18302448,-1.494725487,-0.554889339,0,1,121,task,30,0,-1610,10,652,0
1,134,154,-2.150618822,-0.368555978,1.09402253,-2.227149498,-1.497255784,-0.56740457,0,1,122,task,30,0,-1610,10,652,0
1,134,155,-2.163702855,-0.40129534,1.173066177,-2.271885583,-1.50020974,-0.580374576,0,1,123,task,30,0,-1610,10,652,0
1,134,156,-2.17737615,-0.431629147,1.24735824,-2.314301858,-1.503234251,-0.593928052,0,1,124,task,30,0,-1610,10,652,0
1,134,157,-2.191737595,-0.459834545,1.317605704,-2.354714343,-1.506121118,-0.608173818,0,1,125,task,30,0,-1610,10,652,0
1,134,158,-2.206871706,-0.486120667,1.384344593,-2.393364843,-1.50874128,-0.623202172,0,1,126,task,30,0,-1610,10,652,0
1,134,159,-2.221071766,-0.512087331,1.443974736,-2.419767209,-1.516768427,-0.636885873,0,1,127,task,30,0,-1610,10,652,0
1,134,160,-2.23474587,-0.537699581,1.502643989,-2.448053763,-1.528666605,-0.64984972,0,1,128,task,30,0,-1610,10,652,0
1,134,161,-2.25085784,-0.561405076,1.561609336,-2.481565407,-1.535157174,-0.665615192,0,1,129,task,30,0,-1610,10,652,0
1,134,162,-2.268630936,-0.583517851,1.619363077,-2.516501148,-1.539158157,-0.683199288,0,1,130,task,30,0,-1610,10,652,0
1,134,163,-2.287304186,-0.604459262,1.675195354,-2.550775575,-1.543253749,-0.701678098,0,1,131,task,30,0,-1610,10,652,0
1,134,164,-2.288588591,-0.60582149,1.678870448,-2.553050559,-1.543531561,-0.702949288,0,1,132,task,30,0,-1610,10,652,0
1,134,165,-2.26519574,-0.619754478,1.713236132,-2.574143178,-1.541418039,-0.679642751,0,1,133,task,10,0,-1610,10,652,0
1,134,166,-2.247238026,-0.598912405,1.657756119,-2.54027811,-1.53579712,-0.661956652,0,1,134,task,30,0,-1610,10,652,0
1,134,167,-2.23049294,-0.576837632,1.601015671,-2.507150285,-1.529298979,-0.645548476,0,1,135,task,30,0,-1610,10,652,0
1,134,168,-2.215161299,-0.553429786,1.543406266,-2.475895804,-1.521023166,-0.630680548,0,1,136,task,30,0,-1610,10,652,0
1,134,169,-2.200204489,-0.529173869,1.484406328,-2.445309279,-1.513962987,-0.616137211,0,1,137,task,30,0,-1610,10,652,0
1,134,170,-2.185566696,-0.504025049,1.423850246,-2.415282757,-1.50823578,-0.6018415,0,1,138,task,30,0,-1610,10,652,0
1,134,171,-2.170736744,-0.478209168,1.358298077,-2.377854634,-1.50549423,-0.587128876,0,1,139,task,30,0,-1610,10,652,0
1,134,172,-2.156374307,-0.450856842,1.288978492,-2.337392129,-1.503556615,-0.572826803,0,1,140,task,30,0,-1610,10,652,0
1,134,173,-2.14302068,-0.421365641,1.216319682,-2.296014268,-1.500402577,-0.559599676,0,1,141,task,30,0,-1610,10,652,0
1,134,174,-2.13072585,-0.389478199,1.139990308,-2.253952453,-1.49560149,-0.547521312,0,1,142,task,30,0,-1610,10,652,0
1,134,175,-2.118220802,-0.355721107,1.058947856,-2.209754589,-1.49364423,-0.535084214,0,1,143,task,30,0,-1610,10,652,0
1,134,176,-2.10624046,-0.318832823,0.971528225,-2.162308201,-1.491784907,-0.523162575,0,1,144,task,30,0,-1610,10,652,0
1,134,177,-2.094754584,-0.277957862,0.875840677,-2.110576459,-1.49001755,-0.511726854,0,1,145,task,30,0,-1610,10,652,0
1,134,178,-2.083609667,-0.23176215,0.7685773,-2.05241102,-1.488840831,-0.500598907,0,1,146,task,30,0,-1610,10,652,0
1,134,179,-2.07815581,-0.204935504,0.706657358,-2.018597223,-1.488747603,-0.495128604,0,0,,transition,10,0,-1610,10,652,0
1,134,180,-2.072689803,-0.177638341,0.643743839,-1.984261323,-1.488653248,-0.489646176,0,1,147,task,10,0,-1610,10,652,0
1,134,181,-2.049845981,-0.195755418,0.675426668,-2.000213325,-1.491685539,-0.466575484,0,1,148,task,10,0,-1610,10,652,0
1,134,182,-2.054949306,-0.222107994,0.736241997,-2.033384515,-1.492370722,-0.471665591,0,0,,transition,10,0,-1610,10,652,0
1,134,183,-2.060041317,-0.248059081,0.796214055,-2.066114573,-1.493054884,-0.476744418,0,1,149,task,10,0,-1610,10,652,0
1,134,184,-2.070670152,-0.293030935,0.901439069,-2.123775594,-1.494492749,-0.487341675,0,1,150,task,30,0,-1610,10,652,0
1,134,185,-2.081759125,-0.332918393,0.996037901,-2.175885764,-1.496003663,-0.498393454,0,1,151,task,30,0,-1610,10,652,0
1,134,186,-2.093336946,-0.368982005,1.082790123,-2.223964869,-1.497592518,-0.509927982,0,1,152,task,30,0,-1610,10,652,0
1,134,187,-2.105434573,-0.402008685,1.163442246,-2.268973469,-1.499264612,-0.521975693,0,1,153,task,30,0,-1610,10,652,0
1,134,188,-2.118085422,-0.432525105,1.239174787,-2.311566607,-1.501025669,-0.534569427,0,1,154,task,30,0,-1610,10,652,0
1,134,189,-2.13143954,-0.461480281,1.31118684,-2.352197366,-1.502478577,-0.547881239,0,1,155,task,30,0,-1610,10,652,0
1,134,190,-2.145443726,-0.488643765,1.379754819,-2.39118496,-1.503979199,-0.561839029,0,1,156,task,30,0,-1610,10,652,0
1,134,191,-2.159922158,-0.514339696,1.444942086,-2.427765973,-1.506250468,-0.576221532,0,1,157,task,30,0,-1610,10,652,0
1,134,192,-2.174496278,-0.539160339,1.506503734,-2.460254023,-1.51058552,-0.590561295,0,1,158,task,30,0,-1610,10,652,0
1,134,193,-2.189780911,-0.562719342,1.56584736,-2.491859428,-1.515088603,-0.605588161,0,1,159,task,30,0,-1610,10,652,0
1,134,194,-2.205332832,-0.585633089,1.624046229,-2.524462851,-1.521246381,-0.620811269,0,1,160,task,30,0,-1610,10,652,0
1,134,195,-2.221644356,-0.60746801,1.680499521,-2.556653862,-1.527660185,-0.636778048,0,1,161,task,30,0,-1610,10,652,0
1,134,196,-2.237952531,-0.628736439,1.735278099,-2.588190782,-1.536646074,-0.652615307,0,1,162,task,30,0,-1610,10,652,0
1,134,197,-2.240915413,-0.632916279,1.74571773,-2.594199907,-1.539241216,-0.655448961,0,1,163,task,30,0,-1610,10,652,0
1,134,198,-2.220075802,-0.643004918,1.77868556,-2.619962899,-1.524966404,-0.635362208,0,1,164,task,10,0,-1610,10,652,0
1,134,199,-2.201361227,-0.623866794,1.722680608,-2.583697699,-1.523130264,-0.616701646,0,1,165,task,30,0,-1610,10,652,0
1,134,200,-2.183725563,-0.603466838,1.665091295,-2.547229855,-1.521150014,-0.599130456,0,1,166,task,30,0,-1610,10,652,0
1,134,201,-2.169743636,-0.580145374,1.60967811,-2.520907788,-1.51100202,-0.585741085,0,1,167,task,30,0,-1610,10,652,0
1,134,202,-2.154886046,-0.557708559,1.551221826,-2.489183387,-1.505806792,-0.571165261,0,1,168,task,30,0,-1610,10,652,0
1,134,203,-2.139848941,-0.534915459,1.489479223,-2.453009249,-1.503630961,-0.556216591,0,1,169,task,30,0,-1610,10,652,0
1,134,204,-2.12553701,-0.510675715,1.425333291,-2.415876989,-1.501574599,-0.541982845,0,1,170,task,30,0,-1610,10,652,0
1,134,205,-2.111902394,-0.484863097,1.358459201,-2.377585616,-1.499629379,-0.528417029,0,1,171,task,30,0,-1610,10,652,0
1,134,206,-2.098901027,-0.457309969,1.288446187,-2.337890047,-1.497787639,-0.515475866,0,1,172,task,30,0,-1610,10,652,0
1,134,207,-2.086492309,-0.427792175,1.214764149,-2.296482764,-1.496042333,-0.503119476,0,1,173,task,30,0,-1610,10,652,0
1,134,208,-2.074638804,-0.396005109,1.136711053,-2.252965078,-1.49438698,-0.491311078,0,1,174,task,30,0,-1610,10,652,0
1,134,209,-2.063305965,-0.36152395,1.053325719,-2.20679963,-1.492815611,-0.480016722,0,1,175,task,30,0,-1610,10,652,0
1,134,210,-2.052461883,-0.323733147,0.963233397,-2.157226441,-1.49132273,-0.469205043,0,1,176,task,30,0,-1610,10,652,0
1,134,211,-2.042077061,-0.281690194,0.864347565,-2.103100904,-1.489903274,-0.458847039,0,1,177,task,30,0,-1610,10,652,0
1,134,212,-2.03710584,-0.257895482,0.809064912,-2.072965614,-1.489228412,-0.453886642,0,0,,transition,10,0,-1610,10,652,0
1,134,213,-2.032124202,-0.233828818,0.753220253,-2.042540882,-1.48855257,-0.448915866,0,1,178,task,10,0,-1610,10,652,0
1,134,214,-2.007205494,-0.242805224,0.760863349,-2.043628577,-1.492674429,-0.42373879,0,1,179,task,10,0,-1610,10,652,0
1,134,215,-2.011913482,-0.266894193,0.816578589,-2.073832741,-1.493375958,-0.428433206,0,0,,transition,10,0,-1610,10,652,0
1,134,216,-2.016611327,-0.290716216,0.871743036,-2.103753604,-1.494076537,-0.433117516,0,1,180,task,10,0,-1610,10,652,0
1,134,217,-2.026428952,-0.332901397,0.970576436,-2.157550304,-1.495546371,-0.44290262,0,1,181,task,30,0,-1610,10,652,0
1,134,218,-2.036684849,-0.370891548,1.060734286,-2.206859208,-1.497088515,-0.45312013,0,1,182,task,30,0,-1610,10,652,0
1,134,219,-2.047407699,-0.405612119,1.144266405,-2.25280541,-1.498707944,-0.463798236,0,1,183,task,30,0,-1610,10,652,0
1,134,220,-2.058628601,-0.437669408,1.222528142,-2.296138877,-1.500410062,-0.474967497,0,1,184,task,30,0,-1610,10,652,0
1,134,221,-2.070381317,-0.46748276,1.296469798,-2.3373917,-1.502200747,-0.486661084,0,1,185,task,30,0,-1610,10,652,0
1,134,222,-2.08270254,-0.495353291,1.366787195,-2.376959983,-1.504086391,-0.498915039,0,1,186,task,30,0,-1610,10,652,0
1,134,223,-2.095632188,-0.521502758,1.434006994,-2.415150345,-1.506073955,-0.511768573,0,1,187,task,30,0,-1610,10,652,0
1,134,224,-2.109213741,-0.54609699,1.498538312,-2.452208157,-1.508171024,-0.525264383,0,1,188,task,30,0,-1610,10,652,0
1,134,225,-2.123494594,-0.569260701,1.560705551,-2.488335638,-1.510385859,-0.539449017,0,1,189,task,30,0,-1610,10,652,0
1,134,226,-2.138526476,-0.591087208,1.620770172,-2.523703988,-1.512727473,-0.554373269,0,1,190,task,30,0,-1610,10,652,0
1,134,227,-2.154365881,-0.611644983,1.678945602,-2.558461844,-1.515205684,-0.570092616,0,1,191,task,30,0,-1610,10,652,0
1,134,228,-2.171074561,-0.630982147,1.735407732,-2.59274141,-1.517831195,-0.586667705,0,1,192,task,30,0,-1610,10,652,0
1,134,229,-2.188720064,-0.649129575,1.790302462,-2.626663036,-1.520615665,-0.604164878,0,1,193,task,30,0,-1610,10,652,0
1,134,230,-2.194003337,-0.654976593,1.807644062,-2.638170136,-1.522729215,-0.609357234,0,1,194,task,30,0,-1610,10,652,0
1,134,231,-2.137348488,-0.738233267,1.786112784,-2.541136487,-1.527099287,-0.553961122,0,0,,transition,10,0,-1610,10,652,0
1,134,232,-2.080693639,-0.82148994,1.764581505,-2.444102839,-1.531469357,-0.498565009,0,0,,transition,10,0,-1610,10,652,0
1,134,233,-2.02403879,-0.904746613,1.743050227,-2.34706919,-1.535839429,-0.443168897,0,0,,transition,10,0,-1610,10,652,0
1,134,234,-1.967383942,-0.988003287,1.721518948,-2.250035542,-1.540209501,-0.387772785,0,0,,transition,10,0,-1610,10,652,0
1,134,235,-1.910729093,-1.07125996,1.69998767,-2.153001893,-1.544579572,-0.332376673,0,0,,transition,10,0,-1610,10,652,0
1,134,236,-1.854074244,-1.154516633,1.678456391,-2.055968244,-1.548949643,-0.276980561,0,0,,transition,10,0,-1610,10,652,0
1,134,237,-1.797419395,-1.237773306,1.656925114,-1.958934595,-1.553319714,-0.221584449,0,0,,transition,10,0,-1610,10,652,0
1,134,238,-1.740764546,-1.32102998,1.635393835,-1.861900946,-1.557689786,-0.166188336,0,0,,transition,10,0,-1610,10,652,0
1,134,239,-1.684109698,-1.404286654,1.613862557,-1.764867298,-1.562059858,-0.110792224,0,0,,transition,10,0,-1610,10,652,0
1,134,240,-1.627454849,-1.487543327,1.592331278,-1.667833649,-1.566429928,-0.055396112,0,0,,transition,10,0,-1610,10,652,0
1,134,241,-1.5708,-1.5708,1.5708,-1.5708,-1.5708,0,0,0,,home,30,0,-1610,10,652,0
2,143,1,-1.5708,-1.5708,1.5708,-1.5708,-1.5708,0,0,0,,home,30,0,1610,10,652,0
2,143,2,-1.531353594,-1.473483576,1.541873427,-1.636694383,-1.566672806,0.040614709,0,0,,transition,10,0,1610,10,652,0
2,143,3,-1.491907189,-1.376167152,1.512946854,-1.702588765,-1.562545614,0.081229417,0,0,,transition,10,0,1610,10,652,0
2,143,4,-1.452460782,-1.278850729,1.484020281,-1.768483149,-1.55841842,0.121844126,0,0,,transition,10,0,1610,10,652,0
2,143,5,-1.413014376,-1.181534305,1.455093707,-1.834377532,-1.554291227,0.162458835,0,0,,transition,10,0,1610,10,652,0
2,143,6,-1.373567971,-1.084217881,1.426167135,-1.900271915,-1.550164034,0.203073544,0,0,,transition,10,0,1610,10,652,0
2,143,7,-1.334121565,-0.986901456,1.397240561,-1.966166297,-1.546036841,0.243688252,0,0,,transition,10,0,1610,10,652,0
2,143,8,-1.294675158,-0.889585033,1.368313989,-2.03206068,-1.541909648,0.284302961,0,0,,transition,10,0,1610,10,652,0
2,143,9,-1.255228753,-0.792268609,1.339387415,-2.097955063,-1.537782455,0.32491767,0,0,,transition,10,0,1610,10,652,0
2,143,10,-1.215782347,-0.694952185,1.310460842,-2.163849446,-1.533655261,0.365532379,0,0,,transition,10,0,1610,10,652,0
2,143,11,-1.176335941,-0.597635761,1.281534269,-2.229743829,-1.529528069,0.406147087,0,0,,transition,10,0,1610,10,652,0
2,143,12,-1.136889535,-0.500319337,1.252607696,-2.295638212,-1.525400875,0.446761796,0,0,,transition,10,0,1610,10,652,0
2,143,13,-1.097443129,-0.403002913,1.223681122,-2.361532594,-1.521273682,0.487376505,0,1,1,task,10,0,1610,10,652,0
2,143,14,-1.108610676,-0.374715966,1.157623431,-2.327341929,-1.524117246,0.476255942,0,1,2,task,30,0,1610,10,652,0
2,143,15,-1.118888757,-0.344310885,1.087023581,-2.290637919,-1.528519675,0.465992703,0,1,3,task,30,0,1610,10,652,0
2,143,16,-1.128028931,-0.311257852,1.010826825,-2.25090103,-1.535632624,0.456830546,0,1,4,task,30,0,1610,10,652,0
2,143,17,-1.147192757,-0.337188851,1.078463007,-2.293256485,-1.539421555,0.437645096,0,1,5,task,10,0,1610,10,652,0
2,143,18,-1.138903846,-0.36871732,1.151335989,-2.330593963,-1.530164967,0.445966444,0,1,6,task,30,0,1610,10,652,0
2,143,19,-1.12921258,-0.397883411,1.218853212,-2.364388412,-1.524625239,0.455638672,0,1,7,task,30,0,1610,10,652,0
2,143,20,-1.118480443,-0.425285591,1.280456061,-2.391403193,-1.521237613,0.466249481,0,1,8,task,30,0,1610,10,652,0
2,143,21,-1.105975195,-0.451077069,1.334703866,-2.407608031,-1.522347691,0.478398109,0,1,9,task,30,0,1610,10,652,0
2,143,22,-1.091782809,-0.474868654,1.392884429,-2.439637143,-1.526981766,0.492453664,0,1,10,task,30,0,1610,10,652,0
2,143,23,-1.07867577,-0.497901143,1.450044647,-2.472642236,-1.525799423,0.505508282,0,1,11,task,30,0,1610,10,652,0
2,143,24,-1.069462269,-0.513068685,1.488159786,-2.495318287,-1.524575284,0.514702876,0,1,12,task,30,0,1610,10,652,0
2,143,25,-1.09407893,-0.528084858,1.532291859,-2.523312594,-1.525833534,0.490092814,0,1,13,task,10,0,1610,10,652,0
2,143,26,-1.106782851,-0.506023786,1.47771626,-2.492997132,-1.528497617,0.477462288,0,1,14,task,30,0,1610,10,652,0
2,143,27,-1.120351412,-0.48360015,1.419977166,-2.457683335,-1.526320329,0.463935583,0,1,15,task,30,0,1610,10,652,0
2,143,28,-1.133128057,-0.45956136,1.360018527,-2.422550366,-1.524646125,0.451219148,0,1,16,task,30,0,1610,10,652,0
2,143,29,-1.14553677,-0.433821167,1.305116945,-2.404897666,-1.522018789,0.439149627,0,1,17,task,30,0,1610,10,652,0
2,143,30,-1.154401057,-0.405759287,1.24728831,-2.388514413,-1.530058871,0.430460112,0,1,18,task,30,0,1610,10,652,0
2,143,31,-1.161302575,-0.376056305,1.179828199,-2.356699496,-1.543957715,0.423514418,0,1,19,task,30,0,1610,10,652,0
2,143,32,-1.171674907,-0.346503637,1.105852705,-2.312329495,-1.543814358,0.413145969,0,1,20,task,30,0,1610,10,652,0
2,143,33,-1.186346225,-0.365837797,1.153920559,-2.331914095,-1.568934115,0.398339605,0,1,21,task,10,0,1610,10,652,0
2,143,34,-1.176786028,-0.394436438,1.227061322,-2.377327941,-1.566777738,0.4078992,0,1,22,task,30,0,1610,10,652,0
2,143,35,-1.166767618,-0.420880248,1.296100633,-2.420836573,-1.564626459,0.417919019,0,1,23,task,30,0,1610,10,652,0
2,143,36,-1.167103871,-0.453594335,1.349497546,-2.416746473,-1.525791882,0.417261988,0,1,24,task,30,0,1610,10,652,0
2,143,37,-1.155459951,-0.478394009,1.41171679,-2.453877162,-1.526683452,0.428869495,0,1,25,task,30,0,1610,10,652,0
2,143,38,-1.143243769,-0.501741731,1.471188644,-2.489709622,-1.52753304,0.441048184,0,1,26,task,30,0,1610,10,652,0
2,143,39,-1.130417737,-0.523759696,1.528190589,-2.524399568,-1.528337667,0.453835562,0,1,27,task,30,0,1610,10,652,0
2,143,40,-1.119531484,-0.542013416,1.574294004,-2.550259522,-1.52716309,0.464650041,0,1,28,task,30,0,1610,10,652,0
2,143,41,-1.145833818,-0.554907651,1.614253425,-2.576196462,-1.528566655,0.438360953,0,1,29,task,10,0,1610,10,652,0
2,143,42,-1.151998807,-0.532081092,1.553184417,-2.533181635,-1.548989612,0.43203306,0,1,30,task,30,0,1610,10,652,0
2,143,43,-1.16156761,-0.509551626,1.493613926,-2.494627718,-1.557425873,0.42247361,0,1,31,task,30,0,1610,10,652,0
2,143,44,-1.170657278,-0.48562004,1.431665364,-2.455252781,-1.56585835,0.413421978,0,1,32,task,30,0,1610,10,652,0
2,143,45,-1.179153491,-0.459621413,1.371924752,-2.427331097,-1.574678533,0.405141679,0,1,33,task,30,0,1610,10,652,0
2,143,46,-1.188466466,-0.433314307,1.312921766,-2.40426518,-1.579257898,0.39604803,0,1,34,task,30,0,1610,10,652,0
2,143,47,-1.19842531,-0.406924903,1.245934008,-2.365527295,-1.580103682,0.386128783,0,1,35,task,30,0,1610,10,652,0
2,143,48,-1.207936381,-0.378574981,1.175160321,-2.324971597,-1.580894215,0.376653972,0,1,36,task,30,0,1610,10,652,0
2,143,49,-1.231678641,-0.395511305,1.218081973,-2.352081648,-1.582058159,0.352943642,0,1,37,task,10,0,1610,10,652,0
2,143,50,-1.222629606,-0.423097175,1.287404024,-2.391596566,-1.581275188,0.361954875,0,1,38,task,30,0,1610,10,652,0
2,143,51,-1.213145431,-0.448850319,1.353248019,-2.429472966,-1.580433048,0.37139734,0,1,39,task,30,0,1610,10,652,0
2,143,52,-1.203691895,-0.474020358,1.414203266,-2.459739159,-1.577936055,0.38073685,0,1,40,task,30,0,1610,10,652,0
2,143,53,-1.194481502,-0.499346143,1.470212271,-2.480544922,-1.573154713,0.389705746,0,1,41,task,30,0,1610,10,652,0
2,143,54,-1.183616326,-0.521990929,1.529087064,-2.515501983,-1.571949231,0.400517769,0,1,42,task,30,0,1610,10,652,0
2,143,55,-1.171989783,-0.543091301,1.586449031,-2.551772736,-1.571260373,0.41212248,0,1,43,task,30,0,1610,10,652,0
2,143,56,-1.159735694,-0.562946222,1.641728909,-2.587214572,-1.570532765,0.424353536,0,1,44,task,30,0,1610,10,652,0
2,143,57,-1.159572469,-0.563195796,1.642432816,-2.587669182,-1.570523063,0.424516454,0,1,45,task,30,0,1610,10,652,0
2,143,58,-1.187344759,-0.575808666,1.679489973,-2.61212999,-1.57225392,0.396798138,0,1,46,task,10,0,1610,10,652,0
2,143,59,-1.199053987,-0.556396315,1.624306855,-2.576354008,-1.572934468,0.385110597,0,1,47,task,30,0,1610,10,652,0
2,143,60,-1.210145228,-0.535752993,1.567153308,-2.53984422,-1.573576835,0.374039849,0,1,48,task,30,0,1610,10,652,0
2,143,61,-1.219881096,-0.512698519,1.511339021,-2.513024093,-1.576597883,0.364458302,0,1,49,task,30,0,1610,10,652,0
2,143,62,-1.229076497,-0.48840696,1.453813515,-2.486439933,-1.579743692,0.355408944,0,1,50,task,30,0,1610,10,652,0
2,143,63,-1.238201137,-0.463909363,1.392827829,-2.454469611,-1.581614116,0.346369625,0,1,51,task,30,0,1610,10,652,0
2,143,64,-1.247179932,-0.438740993,1.328141738,-2.417680095,-1.582460296,0.337435885,0,1,52,task,30,0,1610,10,652,0
2,143,65,-1.255739293,-0.411859193,1.260261272,-2.379415809,-1.583241563,0.328916745,0,1,53,task,30,0,1610,10,652,0
2,143,66,-1.281763151,-0.421958239,1.287843912,-2.399837214,-1.584615879,0.302938734,0,1,54,task,10,0,1610,10,652,0
2,143,67,-1.273804429,-0.448556101,1.354835589,-2.436674882,-1.583838924,0.310854583,0,1,55,task,30,0,1610,10,652,0
2,143,68,-1.265451652,-0.473524339,1.418819715,-2.472140153,-1.582988781,0.319158044,0,1,56,task,30,0,1610,10,652,0
2,143,69,-1.256797046,-0.497474968,1.480011034,-2.505381961,-1.581685835,0.327747217,0,1,57,task,30,0,1610,10,652,0
2,143,70,-1.247996182,-0.521233563,1.538526682,-2.535079526,-1.579392949,0.336449455,0,1,58,task,30,0,1610,10,652,0
2,143,71,-1.238742947,-0.543849199,1.594985775,-2.563897844,-1.576985692,0.345589711,0,1,59,task,30,0,1610,10,652,0
2,143,72,-1.228901972,-0.565218288,1.649977417,-2.593269908,-1.574751669,0.355319546,0,1,60,task,30,0,1610,10,652,0
2,143,73,-1.217906809,-0.584418493,1.705462379,-2.629558791,-1.574144257,0.366295046,0,1,61,task,30,0,1610,10,652,0
2,143,74,-1.215989013,-0.587540721,1.714650477,-2.635625729,-1.57403793,0.368209403,0,1,62,task,30,0,1610,10,652,0
2,143,75,-1.245504246,-0.598427943,1.747942225,-2.658152906,-1.575873395,0.338751032,0,1,63,task,10,0,1610,10,652,0
2,143,76,-1.255694855,-0.579353828,1.693705609,-2.624838002,-1.577089138,0.328617171,0,1,64,task,30,0,1610,10,652,0
2,143,77,-1.265039968,-0.558619006,1.638959095,-2.594876976,-1.579078216,0.319366628,0,1,65,task,30,0,1610,10,652,0
2,143,78,-1.27389808,-0.536801982,1.582438027,-2.564250297,-1.580966623,0.310592696,0,1,66,task,30,0,1610,10,652,0
2,143,79,-1.282304104,-0.513838661,1.523968906,-2.53284527,-1.582761553,0.302261194,0,1,67,task,30,0,1610,10,652,0
2,143,80,-1.290406361,-0.490238022,1.463864802,-2.500963232,-1.584102885,0.294227306,0,1,68,task,30,0,1610,10,652,0
2,143,81,-1.298218538,-0.465834979,1.40185545,-2.468443027,-1.585016975,0.286475506,0,1,69,task,30,0,1610,10,652,0
2,143,82,-1.305659969,-0.439960863,1.33716374,-2.434717412,-1.585839602,0.279084011,0,1,70,task,30,0,1610,10,652,0
2,143,83,-1.333639269,-0.443674971,1.350329322,-2.448812916,-1.58708914,0.251145508,0,1,71,task,10,0,1610,10,652,0
2,143,84,-1.326776043,-0.469240849,1.417400914,-2.488424588,-1.586746894,0.257994765,0,1,72,task,30,0,1610,10,652,0
2,143,85,-1.319725507,-0.493978202,1.478101777,-2.516705464,-1.585824266,0.264980509,0,1,73,task,30,0,1610,10,652,0
2,143,86,-1.312302306,-0.517765445,1.536084833,-2.542396314,-1.584857237,0.272310621,0,1,74,task,30,0,1610,10,652,0
2,143,87,-1.304146787,-0.540866409,1.593764493,-2.571098409,-1.584859397,0.28039071,0,1,75,task,30,0,1610,10,652,0
2,143,88,-1.295556296,-0.562881926,1.649566007,-2.598998905,-1.584740289,0.28889164,0,1,76,task,30,0,1610,10,652,0
2,143,89,-1.286497448,-0.583874409,1.703654178,-2.626201315,-1.584490082,0.297845405,0,1,77,task,30,0,1610,10,652,0
2,143,90,-1.270844142,-0.604085164,1.747924629,-2.633834866,-1.601511317,0.313394067,0,1,78,task,30,0,1610,10,652,0
2,143,91,-1.266693372,-0.610224194,1.764114788,-2.641678585,-1.603866212,0.317535794,0,1,79,task,30,0,1610,10,652,0
2,143,92,-1.297576246,-0.62107301,1.794445958,-2.662218542,-1.606410848,0.286739755,0,1,80,task,10,0,1610,10,652,0
2,143,93,-1.307286645,-0.602172688,1.73987189,-2.62829903,-1.605226997,0.277051365,0,1,81,task,30,0,1610,10,652,0
2,143,94,-1.316441714,-0.582141479,1.683677455,-2.593840463,-1.603968886,0.267916425,0,1,82,task,30,0,1610,10,652,0
2,143,95,-1.325085235,-0.56093987,1.625720949,-2.558743738,-1.602643159,0.259291455,0,1,83,task,30,0,1610,10,652,0
2,143,96,-1.337690929,-0.537667445,1.577842983,-2.552158794,-1.587287042,0.246811669,0,1,84,task,30,0,1610,10,652,0
2,143,97,-1.34430869,-0.510740265,1.532274212,-2.561391872,-1.588886401,0.240472904,0,1,85,task,30,0,1610,10,652,0
2,143,98,-1.347818793,-0.487150138,1.465236664,-2.515710071,-1.599751106,0.237026933,0,1,86,task,30,0,1610,10,652,0
2,143,99,-1.35116707,-0.461794622,1.39549938,-2.469185089,-1.610529472,0.233768207,0,1,87,task,30,0,1610,10,652,0
2,143,100,-1.356289498,-0.435346079,1.324872589,-2.424858533,-1.614534253,0.228685171,0,1,88,task,30,0,1610,10,652,0
2,143,101,-1.361153663,-0.406890559,1.25069673,-2.379017249,-1.618532346,0.223862216,0,1,89,task,30,0,1610,10,652,0
2,143,102,-1.365778198,-0.376148273,1.172305282,-2.331272401,-1.622524022,0.2192806,0,1,90,task,30,0,1610,10,652,0
2,143,103,-1.370180034,-0.342727999,1.088793811,-2.281108873,-1.626509549,0.214923303,0,1,91,task,30,0,1610,10,652,0
2,143,104,-1.374374576,-0.306064902,0.998883534,-2.227810998,-1.630489179,0.210774832,0,1,92,task,30,0,1610,10,652,0
2,143,105,-1.378375877,-0.265302893,0.900663629,-2.170322481,-1.634463157,0.206821061,0,1,93,task,30,0,1610,10,652,0
2,143,106,-1.380288328,-0.242195425,0.845880158,-2.138640478,-1.636447507,0.20493307,0,0,,transition,10,0,1610,10,652,0
2,143,107,-1.38219677,-0.219046148,0.791047197,-2.106950828,-1.638431715,0.203049088,0,1,94,task,10,0,1610,10,652,0
2,143,108,-1.406105961,-0.216929989,0.788800991,-2.117070144,-1.642457445,0.179167476,0,1,95,task,10,0,1610,10,652,0
2,143,109,-1.404207225,-0.239786276,0.840771906,-2.142926646,-1.641567551,0.181050109,0,0,,transition,10,0,1610,10,652,0
2,143,110,-1.402305411,-0.262585532,0.892656982,-2.168754217,-1.64067723,0.182935778,0,1,96,task,10,0,1610,10,652,0
2,143,111,-1.398141758,-0.303434999,0.988602178,-2.220182813,-1.639593672,0.187081296,0,1,97,task,30,0,1610,10,652,0
2,143,112,-1.39365591,-0.340382408,1.077946394,-2.270690141,-1.638953158,0.191561081,0,1,98,task,30,0,1610,10,652,0
2,143,113,-1.388952805,-0.374128593,1.1608894,-2.31798802,-1.638288341,0.196257036,0,1,99,task,30,0,1610,10,652,0
2,143,114,-1.384016714,-0.405244019,1.23871357,-2.362787865,-1.637597375,0.201184787,0,1,100,task,30,0,1610,10,652,0
2,143,115,-1.378830403,-0.434125037,1.312324759,-2.405598658,-1.636878223,0.20636146,0,1,101,task,30,0,1610,10,652,0
2,143,116,-1.373374951,-0.461056681,1.382389929,-2.446801776,-1.636128643,0.211805847,0,1,102,task,30,0,1610,10,652,0
2,143,117,-1.367629552,-0.486248576,1.449416025,-2.486693966,-1.635346153,0.217538617,0,1,103,task,30,0,1610,10,652,0
2,143,118,-1.361571278,-0.509856755,1.513798094,-2.525513637,-1.634528003,0.223582539,0,1,104,task,30,0,1610,10,652,0
2,143,119,-1.355486483,-0.532428205,1.575063554,-2.56072644,-1.632707,0.229621934,0,1,105,task,30,0,1610,10,652,0
2,143,120,-1.352919833,-0.559618097,1.625924048,-2.564157499,-1.619295541,0.231757139,0,1,106,task,30,0,1610,10,652,0
2,143,121,-1.346582722,-0.581669277,1.684786668,-2.598682408,-1.616392178,0.238019774,0,1,107,task,30,0,1610,10,652,0
2,143,122,-1.339867856,-0.602574541,1.741958416,-2.632680443,-1.613432762,0.244655747,0,1,108,task,30,0,1610,10,652,0
2,143,123,-1.332741788,-0.622371887,1.797590138,-2.66626673,-1.610412454,0.251698153,0,1,109,task,30,0,1610,10,652,0
2,143,124,-1.329284009,-0.631191946,1.822926065,-2.681746716,-1.60898831,0.255115373,0,1,110,task,30,0,1610,10,652,0
2,143,125,-1.361790963,-0.640609803,1.849550309,-2.700233698,-1.611591094,0.22268748,0,1,111,task,10,0,1610,10,652,0
2,143,126,-1.368021486,-0.62142385,1.79465776,-2.667269014,-1.615018067,0.216544133,0,1,112,task,30,0,1610,10,652,0
2,143,127,-1.373881708,-0.601158258,1.738374028,-2.634015016,-1.618385166,0.210766097,0,1,113,task,30,0,1610,10,652,0
2,143,128,-1.379402863,-0.579788989,1.68056603,-2.600360286,-1.621697305,0.205322511,0,1,114,task,30,0,1610,10,652,0
2,143,129,-1.382918069,-0.555252235,1.626929918,-2.584588824,-1.630059309,0.202058428,0,1,115,task,30,0,1610,10,652,0
2,143,130,-1.387158247,-0.53147626,1.569903118,-2.561023489,-1.635572368,0.197965543,0,1,116,task,30,0,1610,10,652,0
2,143,131,-1.392628868,-0.508848919,1.50702695,-2.522956978,-1.636392411,0.19250926,0,1,117,task,30,0,1610,10,652,0
2,143,132,-1.397809408,-0.484737976,1.44179124,-2.48400296,-1.637177602,0.18734127,0,1,118,task,30,0,1610,10,652,0
2,143,133,-1.402721792,-0.459021255,1.373866625,-2.443954866,-1.637930684,0.182439812,0,1,119,task,30,0,1610,10,652,0
2,143,134,-1.407385843,-0.431534487,1.302838032,-2.402562482,-1.638654122,0.177785207,0,1,120,task,30,0,1610,10,652,0
2,143,135,-1.411819524,-0.402056303,1.22817129,-2.359513554,-1.639350143,0.173359621,0,1,121,task,30,0,1610,10,652,0
2,143,136,-1.416039143,-0.370284442,1.149160594,-2.314405063,-1.640020758,0.169146861,0,1,122,task,30,0,1610,10,652,0
2,143,137,-1.420049128,-0.335799703,1.064980357,-2.266999856,-1.64070673,0.165143692,0,1,123,task,30,0,1610,10,652,0
2,143,138,-1.4237506,-0.298128722,0.976003164,-2.2200686,-1.641844131,0.161459882,0,1,124,task,30,0,1610,10,652,0
2,143,139,-1.427289448,-0.256422422,0.878678801,-2.168822365,-1.642944986,0.157934854,0,1,125,task,30,0,1610,10,652,0
2,143,140,-1.452394701,-0.245573348,0.85132049,-2.157340204,-1.644222966,0.132781993,0,1,126,task,10,0,1610,10,652,0
2,143,141,-1.450892462,-0.267250056,0.902133006,-2.184825242,-1.643856442,0.134282293,0,0,,transition,10,0,1610,10,652,0
2,143,142,-1.44938731,-0.288886611,0.95289675,-2.212301483,-1.643489706,0.1357855,0,1,127,task,10,0,1610,10,652,0
2,143,143,-1.4462397,-0.327727572,1.045217248,-2.262473811,-1.642732968,0.138927505,0,1,128,task,30,0,1610,10,652,0
2,143,144,-1.442941974,-0.363122477,1.130554903,-2.309103601,-1.641951108,0.14221777,0,1,129,task,30,0,1610,10,652,0
2,143,145,-1.439476178,-0.39573444,1.210502065,-2.353269023,-1.641167852,0.145674871,0,1,130,task,30,0,1610,10,652,0
2,143,146,-1.435800561,-0.425991819,1.286477733,-2.396534637,-1.640483318,0.149343925,0,1,131,task,30,0,1610,10,652,0
2,143,147,-1.431934584,-0.454195739,1.358667999,-2.438060012,-1.639774321,0.153202023,0,1,132,task,30,0,1610,10,652,0
2,143,148,-1.427863358,-0.480585837,1.427647166,-2.478179318,-1.639038902,0.157263936,0,1,133,task,30,0,1610,10,652,0
2,143,149,-1.423570433,-0.505339393,1.49385921,-2.517158725,-1.638274889,0.161545979,0,1,134,task,30,0,1610,10,652,0
2,143,150,-1.419037595,-0.528588139,1.557655208,-2.555217013,-1.637479866,0.166066215,0,1,135,task,30,0,1610,10,652,0
2,143,151,-1.414244631,-0.550429135,1.619317885,-2.592539248,-1.636651145,0.170844687,0,1,136,task,30,0,1610,10,652,0
2,143,152,-1.410794092,-0.574087015,1.675379352,-2.614702805,-1.630999219,0.174160388,0,1,137,task,30,0,1610,10,652,0
2,143,153,-1.407310096,-0.597108477,1.72957887,-2.634989862,-1.624836004,0.177475933,0,1,138,task,30,0,1610,10,652,0
2,143,154,-1.402871513,-0.618099797,1.786104976,-2.666371174,-1.620682879,0.181823632,0,1,139,task,30,0,1610,10,652,0
2,143,155,-1.398086554,-0.637937305,1.841579676,-2.69845633,-1.616657276,0.186520914,0,1,140,task,30,0,1610,10,652,0
2,143,156,-1.395063554,-0.649354537,1.874307757,-2.717644081,-1.614210772,0.189488732,0,1,141,task,30,0,1610,10,652,0
2,143,157,-1.429059947,-0.657453404,1.897182508,-2.733937304,-1.616838045,0.155560054,0,1,142,task,10,0,1610,10,652,0
2,143,158,-1.432483754,-0.637960694,1.842948839,-2.704181595,-1.622100687,0.152235991,0,1,143,task,30,0,1610,10,652,0
2,143,159,-1.435761109,-0.61748346,1.787908414,-2.675261112,-1.627148389,0.149056963,0,1,144,task,30,0,1610,10,652,0
2,143,160,-1.439078734,-0.59609782,1.733140952,-2.650019082,-1.631480899,0.145842255,0,1,145,task,30,0,1610,10,652,0
2,143,161,-1.442216407,-0.573755523,1.676963133,-2.624343296,-1.635748391,0.142794853,0,1,146,task,30,0,1610,10,652,0
2,143,162,-1.445706693,-0.551537798,1.618063928,-2.593371653,-1.638373798,0.139354331,0,1,147,task,30,0,1610,10,652,0
2,143,163,-1.449566084,-0.529314608,1.556023155,-2.55651791,-1.639201692,0.135508304,0,1,148,task,30,0,1610,10,652,0
2,143,164,-1.453216063,-0.505692361,1.491857623,-2.518929984,-1.639999289,0.131869762,0,1,149,task,30,0,1610,10,652,0
2,143,165,-1.456672994,-0.480572045,1.425279309,-2.480419375,-1.640768975,0.128422508,0,1,150,task,30,0,1610,10,652,0
2,143,166,-1.459951603,-0.45381936,1.355930887,-2.44076353,-1.641512892,0.125151964,0,1,151,task,30,0,1610,10,652,0
2,143,167,-1.463077524,-0.425288273,1.283304856,-2.399505548,-1.642189589,0.122031964,0,1,152,task,30,0,1610,10,652,0
2,143,168,-1.466068997,-0.39474432,1.206769622,-2.356188719,-1.642774854,0.119044143,0,1,153,task,30,0,1610,10,652,0
2,143,169,-1.468916408,-0.36178905,1.125626848,-2.310668648,-1.643340882,0.116199357,0,1,154,task,30,0,1610,10,652,0
2,143,170,-1.471629811,-0.325945353,1.03879231,-2.262338636,-1.643889018,0.113487633,0,1,155,task,30,0,1610,10,652,0
2,143,171,-1.474218357,-0.286509804,0.944691709,-2.210328185,-1.644420484,0.110899891,0,1,156,task,30,0,1610,10,652,0
2,143,172,-1.499544876,-0.268270588,0.898362903,-2.186164452,-1.645211915,0.085511991,0,1,157,task,10,0,1610,10,652,0
2,143,173,-1.497562251,-0.309952411,0.997441624,-2.241357227,-1.644834971,0.087495917,0,1,158,task,30,0,1610,10,652,0
2,143,174,-1.495484119,-0.347537221,1.088161143,-2.292282328,-1.644447447,0.089574971,0,1,159,task,30,0,1610,10,652,0
2,143,175,-1.493303462,-0.381899519,1.172470667,-2.340014094,-1.644048568,0.091756139,0,1,160,task,30,0,1610,10,652,0
2,143,176,-1.491012567,-0.413615786,1.251672751,-2.385278198,-1.64363748,0.094047098,0,1,161,task,30,0,1610,10,652,0
2,143,177,-1.488602935,-0.443085491,1.32668846,-2.428595799,-1.643213239,0.096456309,0,1,162,task,30,0,1610,10,652,0
2,143,178,-1.486065176,-0.470594779,1.398197236,-2.470359717,-1.642774797,0.098993114,0,1,163,task,30,0,1610,10,652,0
2,143,179,-1.483466582,-0.49658049,1.466084269,-2.50894867,-1.642066342,0.101585518,0,1,164,task,30,0,1610,10,652,0
2,143,180,-1.480754756,-0.521120434,1.531206222,-2.545810917,-1.641238869,0.1042877,0,1,165,task,30,0,1610,10,652,0
2,143,181,-1.477889797,-0.544252185,1.594123943,-2.581871168,-1.640384989,0.107140985,0,1,166,task,30,0,1610,10,652,0
2,143,182,-1.474858493,-0.566057928,1.655092939,-2.617302353,-1.639502469,0.110158402,0,1,167,task,30,0,1610,10,652,0
2,143,183,-1.472253333,-0.588109612,1.713432425,-2.647615197,-1.636821888,0.112721837,0,1,168,task,30,0,1610,10,652,0
2,143,184,-1.46965476,-0.609486544,1.770045231,-2.676308777,-1.633646718,0.115266057,0,1,169,task,30,0,1610,10,652,0
2,143,185,-1.46689887,-0.629849774,1.825313128,-2.70468028,-1.63042653,0.117960635,0,1,170,task,30,0,1610,10,652,0
2,143,186,-1.464590481,-0.649843916,1.879243732,-2.731457179,-1.625519782,0.120182947,0,1,171,task,30,0,1610,10,652,0
2,143,187,-1.46372975,-0.664932963,1.918154788,-2.749068599,-1.619462819,0.12095093,0,1,172,task,30,0,1610,10,652,0
2,143,188,-1.49901391,-0.671818929,1.937202028,-2.762990053,-1.622074315,0.08571954,0,1,173,task,10,0,1610,10,652,0
2,143,189,-1.498307766,-0.650519982,1.886332693,-2.7461131,-1.63196611,0.086545871,0,1,174,task,30,0,1610,10,652,0
2,143,190,-1.500361369,-0.631519294,1.831368234,-2.715607269,-1.634446436,0.084529088,0,1,175,task,30,0,1610,10,652,0
2,143,191,-1.502291388,-0.611460255,1.775184769,-2.684944053,-1.636897183,0.082632057,0,1,176,task,30,0,1610,10,652,0
2,143,192,-1.50410869,-0.590330659,1.71765243,-2.654005521,-1.639320697,0.080844191,0,1,177,task,30,0,1610,10,652,0
2,143,193,-1.506032614,-0.568640728,1.658712224,-2.622088899,-1.641087506,0.078941937,0,1,178,task,30,0,1610,10,652,0
2,143,194,-1.508089698,-0.546395183,1.598200576,-2.588997719,-1.642084729,0.076898318,0,1,179,task,30,0,1610,10,652,0
2,143,195,-1.510035601,-0.522885335,1.535801466,-2.555279956,-1.643056079,0.074963205,0,1,180,task,30,0,1610,10,652,0
2,143,196,-1.512008208,-0.498454578,1.469924701,-2.516757684,-1.643578836,0.072993142,0,1,181,task,30,0,1610,10,652,0
2,143,197,-1.513932623,-0.47262167,1.400871257,-2.475440235,-1.643897465,0.071068085,0,1,182,task,30,0,1610,10,652,0
2,143,198,-1.515756586,-0.445014749,1.328814648,-2.432887466,-1.644206638,0.069243258,0,1,183,task,30,0,1610,10,652,0
2,143,199,-1.517487721,-0.415422744,1.253228472,-2.388784492,-1.644507072,0.067511055,0,1,184,task,30,0,1610,10,652,0
2,143,200,-1.519132904,-0.383555859,1.173421684,-2.342730465,-1.644799413,0.065864619,0,1,185,task,30,0,1610,10,652,0
2,143,201,-1.520698352,-0.34900833,1.088456356,-2.294193591,-1.645084242,0.064297747,0,1,186,task,30,0,1610,10,652,0
2,143,202,-1.5221897,-0.311192863,0.997003651,-2.242432661,-1.645362087,0.062804821,0,1,187,task,30,0,1610,10,652,0
2,143,203,-1.527699691,-0.275041851,0.912689617,-2.198375661,-1.645554594,0.057280357,0,0,,transition,10,0,1610,10,652,0
2,143,204,-1.533202007,-0.238783667,0.828251217,-2.154300923,-1.645746445,0.051763526,0,0,,transition,10,0,1610,10,652,0
2,143,205,-1.538697242,-0.202402239,0.743643924,-2.110180034,-1.645937735,0.046253737,0,0,,transition,10,0,1610,10,652,0
2,143,206,-1.544185903,-0.165870491,0.65880053,-2.065972896,-1.646128549,0.040750484,0,0,,transition,10,0,1610,10,652,0
2,143,207,-1.549668422,-0.129142676,0.573614099,-2.021618345,-1.646318965,0.035253336,0,1,188,task,10,0,1610,10,652,0
2,143,208,-1.549267009,-0.160295751,0.646081493,-2.06236858,-1.64632255,0.035656053,0,0,,transition,10,0,1610,10,652,0
2,143,209,-1.548861242,-0.19131803,0.718323211,-2.103023606,-1.646326119,0.036063135,0,1,189,task,10,0,1610,10,652,0
2,143,210,-1.548440687,-0.216851973,0.778829845,-2.137430762,-1.646328857,0.036485033,0,0,,transition,10,0,1610,10,652,0
2,143,211,-1.548016734,-0.242325276,0.839251562,-2.171813385,-1.646331569,0.036910337,0,1,190,task,10,0,1610,10,652,0
2,143,212,-1.547246267,-0.286067781,0.93331786,-2.207385704,-1.645887522,0.03768141,0,1,191,task,30,0,1610,10,652,0
2,143,213,-1.5463729,-0.326661122,1.030588281,-2.262450122,-1.645693878,0.038556139,0,1,192,task,30,0,1610,10,652,0
2,143,214,-1.545456592,-0.363414832,1.120111254,-2.313603885,-1.645496702,0.039473775,0,1,193,task,30,0,1610,10,652,0
2,143,215,-1.544494103,-0.397105332,1.203627606,-2.361811183,-1.645295738,0.040437554,0,1,194,task,30,0,1610,10,652,0
2,143,216,-1.543481858,-0.428251911,1.282321868,-2.407737033,-1.645090699,0.041451046,0,1,195,task,30,0,1610,10,652,0
2,143,217,-1.542415908,-0.457217411,1.357043161,-2.451867457,-1.644881273,0.042518199,0,1,196,task,30,0,1610,10,652,0
2,143,218,-1.541291872,-0.484262525,1.428424709,-2.494574707,-1.64466711,0.043643386,0,1,197,task,30,0,1610,10,652,0
2,143,219,-1.540104885,-0.509577286,1.49695364,-2.536155562,-1.64444782,0.044831469,0,1,198,task,30,0,1610,10,652,0
2,143,220,-1.538849524,-0.533300306,1.5630142,-2.576855312,-1.644222969,0.046087865,0,1,199,task,30,0,1610,10,652,0
2,143,221,-1.537622258,-0.556012624,1.625793831,-2.613256554,-1.643677132,0.04731254,0,1,200,task,30,0,1610,10,652,0
2,143,222,-1.536591495,-0.578725868,1.683959313,-2.639935482,-1.642318551,0.04832902,0,1,201,task,30,0,1610,10,652,0
2,143,223,-1.535029175,-0.600264785,1.742158024,-2.670621243,-1.642310156,0.049884079,0,1,202,task,30,0,1610,10,652,0
2,143,224,-1.533133718,-0.620630254,1.79967116,-2.703142073,-1.642944814,0.05177596,0,1,203,task,30,0,1610,10,652,0
2,143,225,-1.53111708,-0.639883374,1.855872814,-2.73545197,-1.643554354,0.05378755,0,1,204,task,30,0,1610,10,652,0
2,143,226,-1.528680023,-0.657630674,1.911418069,-2.769744112,-1.644887362,0.056224901,0,1,205,task,30,0,1610,10,652,0
2,143,227,-1.525976754,-0.671533065,1.959782525,-2.802806817,-1.647136248,0.05893895,0,1,206,task,30,0,1610,10,652,0
2,143,228,-1.562431669,-0.678102007,1.975474447,-2.814751028,-1.649134376,0.022429677,0,1,207,task,10,0,1610,10,652,0
2,143,229,-1.563583104,-0.66245256,1.919138551,-2.774590339,-1.648236804,0.021275209,0,1,208,task,30,0,1610,10,652,0
2,143,230,-1.56465649,-0.645428972,1.861666397,-2.7346593,-1.647334005,0.020199034,0,1,209,task,30,0,1610,10,652,0
2,143,231,-1.565659486,-0.627066724,1.802935522,-2.694800756,-1.646426501,0.019193473,0,1,210,task,30,0,1610,10,652,0
2,143,232,-1.566864336,-0.606044522,1.74615586,-2.665308556,-1.644742447,0.017989696,0,1,211,task,30,0,1610,10,652,0
2,143,233,-1.567425718,-0.580385653,1.697227204,-2.664904016,-1.644749596,0.017440501,0,1,212,task,30,0,1610,10,652,0
2,143,234,-1.566941478,-0.559606439,1.634242935,-2.623349249,-1.647885029,0.017930484,0,1,213,task,30,0,1610,10,652,0
2,143,235,-1.566486404,-0.537361183,1.569299262,-2.581222338,-1.65102004,0.0183916,0,1,214,task,30,0,1610,10,652,0
2,143,236,-1.566154326,-0.513603049,1.502216904,-2.538475708,-1.653839227,0.018729238,0,1,215,task,30,0,1610,10,652,0
2,143,237,-1.566130645,-0.488313609,1.432762825,-2.494909114,-1.655683004,0.01875613,0,1,216,task,30,0,1610,10,652,0
2,143,238,-1.56610832,-0.461236791,1.360415923,-2.450237235,-1.657526834,0.018781726,0,1,217,task,30,0,1610,10,652,0
2,143,239,-1.566087247,-0.432179727,1.284673567,-2.404150312,-1.659370704,0.018806129,0,1,218,task,30,0,1610,10,652,0
2,143,240,-1.566067334,-0.400875581,1.204881126,-2.35626055,-1.66121461,0.018829434,0,1,219,task,30,0,1610,10,652,0
2,143,241,-1.566048497,-0.366950418,1.120158358,-2.306061644,-1.663058541,0.018851724,0,1,220,task,30,0,1610,10,652,0
2,143,242,-1.566030659,-0.329865636,1.029272585,-2.252859521,-1.664902491,0.018873075,0,1,221,task,30,0,1610,10,652,0
2,143,243,-1.564628517,-0.289002584,0.936065714,-2.207774688,-1.672203485,0.020297617,0,1,222,task,30,0,1610,10,652,0
2,143,244,-1.564834133,-0.266716009,0.884593438,-2.181559352,-1.67233399,0.020091531,0,0,,transition,10,0,1610,10,652,0
2,143,245,-1.565037404,-0.244385499,0.833065516,-2.155332076,-1.672464282,0.019887776,0,1,223,task,10,0,1610,10,652,0
2,143,246,-1.565803085,-0.219231422,0.775385209,-2.125961418,-1.670242496,0.019114032,0,0,,transition,10,0,1610,10,652,0
2,143,247,-1.566566924,-0.19400799,0.717597678,-2.096552745,-1.668020761,0.01834212,0,1,224,task,10,0,1610,10,652,0
2,143,248,-1.566792024,-0.162650039,0.644405034,-2.054861146,-1.66794216,0.018115809,0,0,,transition,10,0,1610,10,652,0
2,143,249,-1.567013225,-0.131178897,0.571026854,-2.013096818,-1.66786356,0.017893415,0,1,225,task,10,0,1610,10,652,0
2,143,250,-1.589238326,-0.144493099,0.596142059,-2.02596807,-1.668742259,-0.004437022,0,1,226,task,10,0,1610,10,652,0
2,143,251,-1.588855868,-0.17449623,0.664959638,-2.062848942,-1.670531204,-0.004053402,0,0,,transition,10,0,1610,10,652,0
2,143,252,-1.588470656,-0.204392401,0.733599836,-2.099659121,-1.672320158,-0.003667015,0,1,227,task,10,0,1610,10,652,0
2,143,253,-1.588492072,-0.229706066,0.792539922,-2.131828091,-1.672411938,-0.003688569,0,0,,transition,10,0,1610,10,652,0
2,143,254,-1.588510781,-0.254966739,0.851411276,-2.163981041,-1.672503628,-0.003707405,0,1,228,task,10,0,1610,10,652,0
2,143,255,-1.588563552,-0.277035857,0.903553578,-2.192630893,-1.672475402,-0.003760414,0,0,,transition,10,0,1610,10,652,0
2,143,256,-1.588613934,-0.299070303,0.95566158,-2.221280878,-1.672447071,-0.003811026,0,1,229,task,10,0,1610,10,652,0
2,143,257,-1.589199817,-0.338752027,1.049921779,-2.272235098,-1.670559537,-0.00439897,0,1,230,task,30,0,1610,10,652,0
2,143,258,-1.590488656,-0.375266988,1.136551715,-2.31765294,-1.666156345,-0.005691388,0,1,231,task,30,0,1610,10,652,0
2,143,259,-1.590914453,-0.40874258,1.220334559,-2.367241264,-1.665141275,-0.006118417,0,1,232,task,30,0,1610,10,652,0
2,143,260,-1.591266559,-0.439641849,1.299627814,-2.415319372,-1.664468234,-0.006471605,0,1,233,task,30,0,1610,10,652,0
2,143,261,-1.591637831,-0.468332171,1.374984778,-2.46167148,-1.663795721,-0.006843994,0,1,234,task,30,0,1610,10,652,0
2,143,262,-1.592029877,-0.495066376,1.447033395,-2.506672811,-1.663123781,-0.007237193,0,1,235,task,30,0,1610,10,652,0
2,143,263,-1.59244449,-0.520026902,1.516258043,-2.550625428,-1.662452464,-0.007653002,0,1,236,task,30,0,1610,10,652,0
2,143,264,-1.592883678,-0.543344434,1.583041826,-2.593781888,-1.661781826,-0.00809343,0,1,237,task,30,0,1610,10,652,0
2,143,265,-1.593349695,-0.565109645,1.647694113,-2.63636104,-1.661111927,-0.008560736,0,1,238,task,30,0,1610,10,652,0
2,143,266,-1.592730641,-0.586146047,1.708073893,-2.67160352,-1.663760617,-0.007940566,0,1,239,task,30,0,1610,10,652,0
2,143,267,-1.595152485,-0.612027538,1.757649905,-2.67251079,-1.657520717,-0.010358638,0,1,240,task,30,0,1610,10,652,0
2,143,268,-1.596718796,-0.632697829,1.816265319,-2.706557598,-1.654128866,-0.011923605,0,1,241,task,30,0,1610,10,652,0
2,143,269,-1.597518271,-0.651178154,1.875000483,-2.745914964,-1.653098888,-0.012723225,0,1,242,task,30,0,1610,10,652,0
2,143,270,-1.598374315,-0.668334687,1.932536843,-2.785400342,-1.652073177,-0.013579324,0,1,243,task,30,0,1610,10,652,0
2,143,271,-1.599293163,-0.684126802,1.988997302,-2.825177584,-1.651052205,-0.014498126,0,1,244,task,30,0,1610,10,652,0
2,143,272,-1.59929601,-0.68417191,1.989164591,-2.825297107,-1.65104916,-0.014500974,0,1,245,task,30,0,1610,10,652,0
2,143,273,-1.636479074,-0.689761208,2.00082806,-2.834392687,-1.652870062,-0.051762111,0,1,246,task,10,0,1610,10,652,0
2,143,274,-1.634076523,-0.673940281,1.94442378,-2.795015892,-1.654201008,-0.049363454,0,1,247,task,30,0,1610,10,652,0
2,143,275,-1.63183893,-0.656763458,1.886987434,-2.755970416,-1.655545586,-0.047129349,0,1,248,task,30,0,1610,10,652,0
2,143,276,-1.629272637,-0.63771533,1.829318854,-2.720480775,-1.658228099,-0.044574019,0,1,249,task,30,0,1610,10,652,0
2,143,277,-1.625549084,-0.615472828,1.774439882,-2.698862459,-1.664725785,-0.040882429,0,1,250,task,30,0,1610,10,652,0
2,143,278,-1.623942891,-0.593625703,1.717914282,-2.673344099,-1.665647013,-0.039284436,0,1,251,task,30,0,1610,10,652,0
2,143,279,-1.623359816,-0.572330727,1.657588201,-2.638643621,-1.66373605,-0.03869593,0,1,252,task,30,0,1610,10,652,0
2,143,280,-1.622925398,-0.550156684,1.594851469,-2.60109542,-1.661465422,-0.038254035,0,1,253,task,30,0,1610,10,652,0
2,143,281,-1.621505304,-0.526892636,1.528281207,-2.558231523,-1.66247705,-0.036832058,0,1,254,task,30,0,1610,10,652,0
2,143,282,-1.620164989,-0.502011503,1.459334903,-2.514613249,-1.663491173,-0.035489938,0,1,255,task,30,0,1610,10,652,0
2,143,283,-1.6188979,-0.475389304,1.387641713,-2.469993356,-1.664507595,-0.034221114,0,1,256,task,30,0,1610,10,652,0
2,143,284,-1.617698184,-0.4468525,1.312734786,-2.424078203,-1.665526136,-0.033019727,0,1,257,task,30,0,1610,10,652,0
2,143,285,-1.616351098,-0.416132562,1.234783243,-2.378429253,-1.667307363,-0.031672928,0,1,258,task,30,0,1610,10,652,0
2,143,286,-1.614794649,-0.382998348,1.153424572,-2.33330831,-1.67012459,-0.030118875,0,1,259,task,30,0,1610,10,652,0
2,143,287,-1.61341188,-0.347144142,1.066560633,-2.285231224,-1.672573801,-0.028737244,0,1,260,task,30,0,1610,10,652,0
2,143,288,-1.612724105,-0.308197999,0.972167589,-2.231599341,-1.672562786,-0.02804624,0,1,261,task,30,0,1610,10,652,0
2,143,289,-1.612397353,-0.286461851,0.920330682,-2.202407847,-1.672558425,-0.027717907,0,0,,transition,10,0,1610,10,652,0
2,143,290,-1.612068239,-0.264695513,0.868469367,-2.173221894,-1.672554,-0.027387203,0,1,262,task,10,0,1610,10,652,0
2,143,291,-1.611756532,-0.239813761,0.810061088,-2.14060617,-1.672550664,-0.027073944,0,0,,transition,10,0,1610,10,652,0
2,143,292,-1.611442116,-0.214887798,0.751603218,-2.10798479,-1.67254727,-0.026757962,0,1,263,task,10,0,1610,10,652,0
2,143,293,-1.611236997,-0.185269582,0.683126513,-2.070138677,-1.672156458,-0.026550757,0,0,,transition,10,0,1610,10,652,0
2,143,294,-1.611028657,-0.155568616,0.614526253,-2.032251414,-1.671765604,-0.026340315,0,1,264,task,10,0,1610,10,652,0
2,143,295,-1.633274744,-0.157020572,0.611785336,-2.029136199,-1.672490795,-0.048704002,0,1,265,task,10,0,1610,10,652,0
2,143,296,-1.63382998,-0.187046854,0.681215729,-2.067893945,-1.672507197,-0.049262141,0,0,,transition,10,0,1610,10,652,0
2,143,297,-1.634381821,-0.216997981,0.750540629,-2.106621005,-1.672523573,-0.049816869,0,1,266,task,10,0,1610,10,652,0
2,143,298,-1.634962486,-0.242061174,0.809424155,-2.139797602,-1.672541346,-0.050400526,0,0,,transition,10,0,1610,10,652,0
2,143,299,-1.635540444,-0.26708349,0.868266047,-2.172973166,-1.672559088,-0.050981464,0,1,267,task,10,0,1610,10,652,0
2,143,300,-1.636148549,-0.288942502,0.92046534,-2.202672554,-1.672578333,-0.051592659,0,0,,transition,10,0,1610,10,652,0
2,143,301,-1.636754304,-0.310773215,0.972644855,-2.232380222,-1.672597541,-0.052201492,0,1,268,task,10,0,1610,10,652,0
2,143,302,-1.638027451,-0.349849476,1.067614817,-2.286998043,-1.67263915,-0.053481023,0,1,269,task,30,0,1610,10,652,0
2,143,303,-1.639465434,-0.385437227,1.155427685,-2.337770535,-1.672306935,-0.054923948,0,1,270,task,30,0,1610,10,652,0
2,143,304,-1.641448833,-0.418521277,1.237340827,-2.384316634,-1.670264084,-0.056904519,0,1,271,task,30,0,1610,10,652,0
2,143,305,-1.643535842,-0.449232454,1.314818178,-2.428802711,-1.668230932,-0.058988253,0,1,272,task,30,0,1610,10,652,0
2,143,306,-1.645741149,-0.477899368,1.388710404,-2.471877878,-1.666186484,-0.061189821,0,1,273,task,30,0,1610,10,652,0
2,143,307,-1.648123194,-0.504790629,1.460228052,-2.51541178,-1.663969262,-0.06356794,0,1,274,task,30,0,1610,10,652,0
2,143,308,-1.650642087,-0.529975705,1.529031206,-2.557939612,-1.661759319,-0.066082644,0,1,275,task,30,0,1610,10,652,0
2,143,309,-1.651952133,-0.553668752,1.594339114,-2.597179454,-1.663840209,-0.067407512,0,1,276,task,30,0,1610,10,652,0
2,143,310,-1.653520383,-0.575844771,1.658041983,-2.636933451,-1.665379072,-0.068989287,0,1,277,task,30,0,1610,10,652,0
2,143,311,-1.655367883,-0.597211508,1.719204191,-2.673426208,-1.666383488,-0.07084536,0,1,278,task,30,0,1610,10,652,0
2,143,312,-1.657452125,-0.617668521,1.778407142,-2.707994088,-1.667055225,-0.072934118,0,1,279,task,30,0,1610,10,652,0
2,143,313,-1.660936895,-0.638810718,1.834211912,-2.73388779,-1.664220489,-0.076389253,0,1,280,task,30,0,1610,10,652,0
2,143,314,-1.665154721,-0.658521206,1.890626045,-2.764746446,-1.660082991,-0.080571695,0,1,281,task,30,0,1610,10,652,0
2,143,315,-1.6692711,-0.676571155,1.946952168,-2.799168185,-1.657011189,-0.084661702,0,1,282,task,30,0,1610,10,652,0
2,143,316,-1.673330375,-0.692852072,2.003149677,-2.837002117,-1.654865991,-0.088705062,0,1,283,task,30,0,1610,10,652,0
2,143,317,-1.67388413,-0.694884822,2.010441931,-2.841989396,-1.654587347,-0.089256619,0,1,284,task,30,0,1610,10,652,0
2,143,318,-1.711409773,-0.699553541,2.017986095,-2.848044467,-1.656192328,-0.126882496,0,1,285,task,10,0,1610,10,652,0
2,143,319,-1.704913398,-0.68224044,1.963529665,-2.816576803,-1.660937891,-0.120454354,0,1,286,task,30,0,1610,10,652,0
2,143,320,-1.699629985,-0.664555509,1.907595257,-2.782467758,-1.663682336,-0.115205548,0,1,287,task,30,0,1610,10,652,0
2,143,321,-1.694844542,-0.645612415,1.851131672,-2.749929301,-1.66605648,-0.110450479,0,1,288,task,30,0,1610,10,652,0
2,143,322,-1.690588121,-0.625454205,1.794298675,-2.719501223,-1.667828188,-0.106218472,0,1,289,task,30,0,1610,10,652,0
2,143,323,-1.687427185,-0.605532561,1.734583302,-2.682483679,-1.66716552,-0.103046545,0,1,290,task,30,0,1610,10,652,0
2,143,324,-1.684455993,-0.584333615,1.673372644,-2.645269976,-1.666523209,-0.10006429,0,1,291,task,30,0,1610,10,652,0
2,143,325,-1.681734135,-0.562228822,1.609919848,-2.605681143,-1.665657707,-0.097327197,0,1,292,task,30,0,1610,10,652,0
2,143,326,-1.679194567,-0.538831323,1.544310285,-2.564871765,-1.664717075,-0.094771654,0,1,293,task,30,0,1610,10,652,0
2,143,327,-1.676584816,-0.514468105,1.476727847,-2.52334649,-1.664489151,-0.09215227,0,1,294,task,30,0,1610,10,652,0
2,143,328,-1.674093733,-0.488509315,1.406601106,-2.480916716,-1.664348922,-0.089652422,0,1,295,task,30,0,1610,10,652,0
2,143,329,-1.671733934,-0.460738525,1.333476801,-2.437314296,-1.66421839,-0.087284063,0,1,296,task,30,0,1610,10,652,0
2,143,330,-1.669495281,-0.430943325,1.256813832,-2.392209506,-1.664096824,-0.085037033,0,1,297,task,30,0,1610,10,652,0
2,143,331,-1.667368655,-0.398829692,1.175901996,-2.345185244,-1.663983561,-0.082902193,0,1,298,task,30,0,1610,10,652,0
2,143,332,-1.665345832,-0.363983404,1.089776508,-2.295690114,-1.663877998,-0.080871304,0,1,299,task,30,0,1610,10,652,0
2,143,333,-1.663419378,-0.325801695,0.997067616,-2.24295638,-1.66377959,-0.078936915,0,1,300,task,30,0,1610,10,652,0
2,143,334,-1.662502139,-0.304594948,0.946398172,-2.214394869,-1.66373374,-0.078015772,0,0,,transition,10,0,1610,10,652,0
2,143,335,-1.661582554,-0.283361929,0.895712581,-2.185843261,-1.663687837,-0.077092274,0,1,301,task,10,0,1610,10,652,0
2,143,336,-1.660707229,-0.259268111,0.839040195,-2.154169937,-1.663645082,-0.076213099,0,0,,transition,10,0,1610,10,652,0
2,143,337,-1.659829236,-0.235138371,0.782335324,-2.122499799,-1.663602283,-0.075331246,0,1,302,task,10,0,1610,10,652,0
2,143,338,-1.658993173,-0.206736942,0.716533219,-2.086008158,-1.663562415,-0.074491383,0,0,,transition,10,0,1610,10,652,0
2,143,339,-1.658153847,-0.178275509,0.650655082,-2.049500184,-1.663522512,-0.073648244,0,1,303,task,10,0,1610,10,652,0
2,143,340,-1.679821571,-0.171744168,0.622019969,-2.026962424,-1.66513706,-0.095424184,0,1,304,task,10,0,1610,10,652,0
2,143,341,-1.680898478,-0.201417913,0.690303227,-2.064634352,-1.6652048,-0.096506148,0,0,,transition,10,0,1610,10,652,0
2,143,342,-1.681972043,-0.231032516,0.758515549,-2.102294167,-1.665272505,-0.097584756,0,1,305,task,10,0,1610,10,652,0
2,143,343,-1.683098264,-0.255953031,0.816691959,-2.134617444,-1.665344192,-0.098716089,0,0,,transition,10,0,1610,10,652,0
2,143,344,-1.684221818,-0.28083863,0.874839797,-2.166946806,-1.665415835,-0.099844744,0,1,306,task,10,0,1610,10,652,0
2,143,345,-1.685401039,-0.302660905,0.926543416,-2.19590088,-1.665491744,-0.101029139,0,0,,transition,10,0,1610,10,652,0
2,143,346,-1.68657795,-0.3244576,0.978233464,-2.224866741,-1.665567601,-0.102211216,0,1,307,task,10,0,1610,10,652,0
2,143,347,-1.689048183,-0.363593433,1.072460222,-2.278114451,-1.665728405,-0.104691931,0,1,308,task,30,0,1610,10,652,0
2,143,348,-1.691641031,-0.399257074,1.159773266,-2.327933084,-1.665898902,-0.107295421,0,1,309,task,30,0,1610,10,652,0
2,143,349,-1.69436588,-0.43210111,1.241648332,-2.375146789,-1.666079812,-0.110031093,0,1,310,task,30,0,1610,10,652,0
2,143,350,-1.697233102,-0.462570685,1.319114553,-2.420340653,-1.666271922,-0.112909346,0,1,311,task,30,0,1610,10,652,0
2,143,351,-1.700254193,-0.49098055,1.39292381,-2.463953036,-1.6664761,-0.115941699,0,1,312,task,30,0,1610,10,652,0
2,143,352,-1.703441924,-0.517557963,1.46364561,-2.50632756,-1.666693298,-0.119140957,0,1,313,task,30,0,1610,10,652,0
2,143,353,-1.706810522,-0.542468121,1.531723987,-2.547744594,-1.66692457,-0.122521386,0,1,314,task,30,0,1610,10,652,0
2,143,354,-1.710375897,-0.565829902,1.597513499,-2.588441544,-1.667171083,-0.126098935,0,1,315,task,30,0,1610,10,652,0
2,143,355,-1.714155883,-0.58772586,1.661303025,-2.628626672,-1.66743413,-0.129891493,0,1,316,task,30,0,1610,10,652,0
2,143,356,-1.718170553,-0.608208596,1.723332058,-2.668489069,-1.667715151,-0.133919189,0,1,317,task,30,0,1610,10,652,0
2,143,357,-1.722442577,-0.627304681,1.783802218,-2.708206282,-1.668015752,-0.138204763,0,1,318,task,30,0,1610,10,652,0
2,143,358,-1.727037813,-0.645141109,1.84284561,-2.747659577,-1.668225375,-0.142812187,0,1,319,task,30,0,1610,10,652,0
2,143,359,-1.732611963,-0.663688341,1.900032473,-2.782530688,-1.666663849,-0.148365535,0,1,320,task,30,0,1610,10,652,0
2,143,360,-1.738618741,-0.681603459,1.955907488,-2.816114571,-1.665028777,-0.15434251,0,1,321,task,30,0,1610,10,652,0
2,143,361,-1.744508548,-0.696991673,2.012521588,-2.856542252,-1.664834747,-0.160241581,0,1,322,task,30,0,1610,10,652,0
2,143,362,-1.746027759,-0.70053819,2.026932234,-2.867538697,-1.664913619,-0.161767266,0,1,323,task,30,0,1610,10,652,0
2,143,363,-1.783601116,-0.704674956,2.03050727,-2.870542778,-1.665960884,-0.199494886,0,1,324,task,10,0,1610,10,652,0
2,143,364,-1.775972082,-0.690745919,1.974989003,-2.830841025,-1.666808929,-0.191873319,0,1,325,task,30,0,1610,10,652,0
2,143,365,-1.769420666,-0.675851313,1.918593587,-2.791000761,-1.666231255,-0.185303953,0,1,326,task,30,0,1610,10,652,0
2,143,366,-1.763305528,-0.659531248,1.861137899,-2.751573453,-1.66568808,-0.179171781,0,1,327,task,30,0,1610,10,652,0
2,143,367,-1.757584288,-0.641833324,1.802496418,-2.712381035,-1.665176414,-0.173434269,0,1,328,task,30,0,1610,10,652,0
2,143,368,-1.75221991,-0.622781831,1.742526495,-2.673252279,-1.66469359,-0.168054255,0,1,329,task,30,0,1610,10,652,0
2,143,369,-1.747179881,-0.602378479,1.681064013,-2.634017624,-1.664237227,-0.162999118,0,1,330,task,30,0,1610,10,652,0
2,143,370,-1.742435536,-0.58060196,1.617917731,-2.594503867,-1.66380519,-0.158240109,0,1,331,task,30,0,1610,10,652,0
2,143,371,-1.737961505,-0.557406216,1.55286173,-2.554528271,-1.663395564,-0.153751786,0,1,332,task,30,0,1610,10,652,0
2,143,372,-1.733735254,-0.532717118,1.485625105,-2.513891526,-1.66300662,-0.149511549,0,1,333,task,30,0,1610,10,652,0
2,143,373,-1.72973669,-0.506426974,1.415877509,-2.472368731,-1.662636801,-0.145499257,0,1,334,task,30,0,1610,10,652,0
2,143,374,-1.725947845,-0.478385903,1.343208293,-2.42969712,-1.662284698,-0.141696898,0,1,335,task,30,0,1610,10,652,0
2,143,375,-1.722352598,-0.448388327,1.267095337,-2.385558372,-1.661949027,-0.138088317,0,1,336,task,30,0,1610,10,652,0
2,143,376,-1.718936448,-0.4161514,1.186856558,-2.339551656,-1.661628629,-0.134658976,0,1,337,task,30,0,1610,10,652,0
2,143,377,-1.715686304,-0.38127924,1.101570607,-2.291150073,-1.661322443,-0.131395764,0,1,338,task,30,0,1610,10,652,0
2,143,378,-1.71259033,-0.343200193,1.009938788,-2.239625296,-1.661029501,-0.12828682,0,1,339,task,30,0,1610,10,652,0
2,143,379,-1.709637792,-0.301047897,0.910024187,-2.183905613,-1.66074892,-0.125321388,0,1,340,task,30,0,1610,10,652,0
2,143,380,-1.708229618,-0.277243612,0.854371914,-2.15308584,-1.660614426,-0.123906805,0,0,,transition,10,0,1610,10,652,0
2,143,381,-1.706818926,-0.25340967,0.798700533,-2.122276383,-1.660479887,-0.122489694,0,1,341,task,10,0,1610,10,652,0
2,143,382,-1.705473422,-0.225577227,0.73451231,-2.086955156,-1.660350791,-0.121137804,0,0,,transition,10,0,1610,10,652,0
2,143,383,-1.704124845,-0.197699914,0.670280081,-2.051634509,-1.660221661,-0.119782831,0,1,342,task,10,0,1610,10,652,0
2,143,384,-1.694601641,-0.295778491,0.734602932,-2.017289188,-1.653834399,-0.111226915,0,0,,transition,10,0,1610,10,652,0
2,143,385,-1.685078438,-0.393857069,0.798925784,-1.982943866,-1.647447138,-0.102670998,0,0,,transition,10,0,1610,10,652,0
2,143,386,-1.675555235,-0.491935646,0.863248635,-1.948598543,-1.641059877,-0.094115082,0,0,,transition,10,0,1610,10,652,0
2,143,387,-1.666032032,-0.590014224,0.927571486,-1.914253222,-1.634672615,-0.085559165,0,0,,transition,10,0,1610,10,652,0
2,143,388,-1.656508828,-0.688092802,0.991894338,-1.879907899,-1.628285353,-0.077003249,0,0,,transition,10,0,1610,10,652,0
2,143,389,-1.646985626,-0.786171379,1.056217189,-1.845562577,-1.621898092,-0.068447332,0,0,,transition,10,0,1610,10,652,0
2,143,390,-1.637462422,-0.884249957,1.12054004,-1.811217255,-1.615510831,-0.059891416,0,0,,transition,10,0,1610,10,652,0
2,143,391,-1.627939219,-0.982328534,1.184862891,-1.776871933,-1.609123569,-0.051335499,0,0,,transition,10,0,1610,10,652,0
2,143,392,-1.618416016,-1.080407112,1.249185744,-1.74252661,-1.602736307,-0.042779583,0,0,,transition,10,0,1610,10,652,0
2,143,393,-1.608892812,-1.178485689,1.313508595,-1.708181289,-1.596349046,-0.034223666,0,0,,transition,10,0,1610,10,652,0
2,143,394,-1.59936961,-1.276564267,1.377831446,-1.673835966,-1.589961784,-0.02566775,0,0,,transition,10,0,1610,10,652,0
2,143,395,-1.589846406,-1.374642845,1.442154297,-1.639490644,-1.583574523,-0.017111833,0,0,,transition,10,0,1610,10,652,0
2,143,396,-1.580323204,-1.472721423,1.506477149,-1.605145322,-1.577187262,-0.008555917,0,0,,transition,10,0,1610,10,652,0
2,143,397,-1.5708,-1.5708,1.5708,-1.5708,-1.5708,0,0,0,,home,30,0,1610,10,652,0
2,144,1,-1.5708,-1.5708,1.5708,-1.5708,-1.5708,0,0,0,,home,30,0,1610,10,652,0
2,144,2,-1.561387887,-1.469618103,1.555007025,-1.653678091,-1.568642932,0.010685042,0,0,,transition,10,0,1610,10,652,0
2,144,3,-1.551975773,-1.368436206,1.539214051,-1.73655618,-1.566485865,0.021370083,0,0,,transition,10,0,1610,10,652,0
2,144,4,-1.54256366,-1.26725431,1.523421076,-1.819434271,-1.564328797,0.032055125,0,0,,transition,10,0,1610,10,652,0
2,144,5,-1.533151547,-1.166072413,1.507628101,-1.90231236,-1.56217173,0.042740166,0,0,,transition,10,0,1610,10,652,0
2,144,6,-1.523739434,-1.064890516,1.491835126,-1.985190451,-1.560014662,0.053425208,0,0,,transition,10,0,1610,10,652,0
2,144,7,-1.51432732,-0.963708619,1.476042152,-2.068068541,-1.557857595,0.064110249,0,0,,transition,10,0,1610,10,652,0
2,144,8,-1.504915207,-0.862526723,1.460249177,-2.150946631,-1.555700527,0.074795291,0,0,,transition,10,0,1610,10,652,0
2,144,9,-1.495503094,-0.761344826,1.444456202,-2.233824721,-1.55354346,0.085480332,0,0,,transition,10,0,1610,10,652,0
2,144,10,-1.48609098,-0.660162929,1.428663227,-2.316702811,-1.551386391,0.096165374,0,0,,transition,10,0,1610,10,652,0
2,144,11,-1.476678868,-0.558981032,1.412870253,-2.399580902,-1.549229324,0.106850415,0,0,,transition,10,0,1610,10,652,0
2,144,12,-1.467266754,-0.457799135,1.397077278,-2.482458991,-1.547072256,0.117535457,0,1,1,task,10,0,1610,10,652,0
2,144,13,-1.469758759,-0.430327004,1.326423573,-2.442365054,-1.549434467,0.115048914,0,1,2,task,30,0,1610,10,652,0
2,144,14,-1.4732481,-0.401407499,1.2512573,-2.396960472,-1.547775813,0.111566295,0,1,3,task,30,0,1610,10,652,0
2,144,15,-1.476767966,-0.370266509,1.172494201,-2.350878972,-1.545357379,0.108056774,0,1,4,task,30,0,1610,10,652,0
2,144,16,-1.480256136,-0.336542842,1.089107032,-2.30322875,-1.542404689,0.104581351,0,1,5,task,30,0,1610,10,652,0
2,144,17,-1.484263802,-0.300033903,1.002519804,-2.25822268,-1.53680043,0.100600395,0,1,6,task,30,0,1610,10,652,0
2,144,18,-1.487687696,-0.259968034,0.90976117,-2.212324838,-1.532754744,0.097198919,0,1,7,task,30,0,1610,10,652,0
2,144,19,-1.488840161,-0.237212746,0.855698711,-2.182098839,-1.532684429,0.096047102,0,0,,transition,10,0,1610,10,652,0
2,144,20,-1.489987897,-0.214404229,0.801561584,-2.151851572,-1.532613949,0.094900011,0,1,8,task,10,0,1610,10,652,0
2,144,21,-1.490698452,-0.18828287,0.742049517,-2.121849302,-1.534155328,0.094185742,0,0,,transition,10,0,1610,10,652,0
2,144,22,-1.491403307,-0.162054568,0.682349811,-2.091766797,-1.535696135,0.093477136,0,1,9,task,10,0,1610,10,652,0
2,144,23,-1.491914598,-0.129855212,0.608933283,-2.052954261,-1.537952122,0.092958649,0,0,,transition,10,0,1610,10,652,0
2,144,24,-1.492418134,-0.097415302,0.535051325,-2.013917523,-1.540207688,0.092447934,0,1,10,task,10,0,1610,10,652,0
2,144,25,-1.504013987,-0.072239161,0.478161125,-1.982620174,-1.540970982,0.080844878,0,0,,transition,10,0,1610,10,652,0
2,144,26,-1.515606377,-0.04685959,0.420857286,-1.951112801,-1.541734252,0.069245292,0,1,11,task,10,0,1610,10,652,0
2,144,27,-1.514938775,-0.086304245,0.511739805,-2.002152777,-1.54128659,0.069914225,0,0,,transition,10,0,1610,10,652,0
2,144,28,-1.514261416,-0.125249637,0.601611599,-2.052681634,-1.540838937,0.070592924,0,1,12,task,10,0,1610,10,652,0
2,144,29,-1.513837499,-0.154686498,0.669874954,-2.08981565,-1.539262608,0.071020788,0,0,,transition,10,0,1610,10,652,0
2,144,30,-1.513406771,-0.183971556,0.737861297,-2.126824932,-1.537686027,0.071455476,0,1,13,task,10,0,1610,10,652,0
2,144,31,-1.513170835,-0.208406772,0.792524499,-2.151946784,-1.535277139,0.071695654,0,0,,transition,10,0,1610,10,652,0
2,144,32,-1.512929577,-0.232752624,0.847033693,-2.177004641,-1.532867254,0.071941065,0,1,14,task,10,0,1610,10,652,0
2,144,33,-1.509835791,-0.275594681,0.944053857,-2.222344861,-1.538177482,0.075013124,0,1,15,task,30,0,1610,10,652,0
2,144,34,-1.505631007,-0.314404965,1.033866637,-2.266640061,-1.547146318,0.079188439,0,1,16,task,30,0,1610,10,652,0
2,144,35,-1.503295517,-0.350429116,1.122827022,-2.318887553,-1.548375415,0.081520167,0,1,17,task,30,0,1610,10,652,0
2,144,36,-1.501007081,-0.383412399,1.206202881,-2.368999038,-1.54899763,0.083806637,0,1,18,task,30,0,1610,10,652,0
2,144,37,-1.498599024,-0.413808598,1.284733327,-2.416851748,-1.54961546,0.08621265,0,1,19,task,30,0,1610,10,652,0
2,144,38,-1.496061816,-0.441976491,1.359263003,-2.462931531,-1.55022855,0.088747731,0,1,20,task,30,0,1610,10,652,0
2,144,39,-1.493384895,-0.46817288,1.430421265,-2.507610917,-1.550836513,0.091422435,0,1,21,task,30,0,1610,10,652,0
2,144,40,-1.521940591,-0.46628969,1.427239679,-2.505952045,-1.551143091,0.062871517,0,1,22,task,10,0,1610,10,652,0
2,144,41,-1.523768721,-0.439862409,1.355361706,-2.4606615,-1.550766526,0.061044439,0,1,23,task,30,0,1610,10,652,0
2,144,42,-1.525501016,-0.411426589,1.280056525,-2.413952775,-1.550386869,0.059313148,0,1,24,task,30,0,1610,10,652,0
2,144,43,-1.527144779,-0.38071639,1.200671746,-2.365439278,-1.550004354,0.057670344,0,1,25,task,30,0,1610,10,652,0
2,144,44,-1.528706591,-0.347358774,1.116328808,-2.314615443,-1.549619192,0.05610945,0,1,26,task,30,0,1610,10,652,0
2,144,45,-1.530192402,-0.310815776,1.025795873,-2.260787364,-1.549231576,0.054624518,0,1,27,task,30,0,1610,10,652,0
2,144,46,-1.531607603,-0.270276485,0.92725087,-2.202943852,-1.548841679,0.053210162,0,1,28,task,30,0,1610,10,652,0
2,144,47,-1.536764317,-0.2274013,0.835633299,-2.168996863,-1.533195515,0.048089326,0,1,29,task,30,0,1610,10,652,0
2,144,48,-1.536411418,-0.203145479,0.782602234,-2.147628851,-1.536917386,0.048437975,0,0,,transition,10,0,1610,10,652,0
2,144,49,-1.53605312,-0.178790488,0.729392921,-2.126182798,-1.540637531,0.048791839,0,1,30,task,10,0,1610,10,652,0
2,144,50,-1.536535056,-0.148699841,0.658467843,-2.085618776,-1.540930121,0.048309216,0,0,,transition,10,0,1610,10,652,0
2,144,51,-1.537010191,-0.118459635,0.587273908,-2.044935696,-1.541222712,0.047833396,0,1,31,task,10,0,1610,10,652,0
2,144,52,-1.542463774,-0.091882283,0.526773084,-2.01282233,-1.566919199,0.042371451,0,0,,transition,10,0,1610,10,652,0
2,144,53,-1.547905689,-0.065157592,0.465971,-1.980579516,-1.592614037,0.036924194,0,1,32,task,10,0,1610,10,652,0
2,144,54,-1.547504239,-0.101727148,0.550500173,-2.027902844,-1.59256024,0.037325892,0,0,,transition,10,0,1610,10,652,0
2,144,55,-1.547095732,-0.137964646,0.634376906,-2.074905639,-1.592506445,0.037734647,0,1,33,task,10,0,1610,10,652,0
2,144,56,-1.546758048,-0.165696852,0.697183658,-2.105730701,-1.592111729,0.038072792,0,0,,transition,10,0,1610,10,652,0
2,144,57,-1.546415887,-0.193295572,0.759747434,-2.136446218,-1.591716609,0.038415343,0,1,34,task,10,0,1610,10,652,0
2,144,58,-1.546029021,-0.216860453,0.811907192,-2.158793763,-1.591453271,0.038800613,0,0,,transition,10,0,1610,10,652,0
2,144,59,-1.54563876,-0.240345531,0.863931176,-2.181085297,-1.591189324,0.03918911,0,1,35,task,10,0,1610,10,652,0
2,144,60,-1.544231319,-0.283022486,0.956741618,-2.218068468,-1.592968647,0.040588149,0,1,36,task,30,0,1610,10,652,0
2,144,61,-1.543753707,-0.322440423,1.053272858,-2.275024824,-1.590954478,0.041063737,0,1,37,task,30,0,1610,10,652,0
2,144,62,-1.543272514,-0.358095617,1.1425653,-2.328769078,-1.588863575,0.041543246,0,1,38,task,30,0,1610,10,652,0
2,144,63,-1.542766359,-0.390697096,1.226014919,-2.379725714,-1.586772104,0.042047859,0,1,39,task,30,0,1610,10,652,0
2,144,64,-1.542233246,-0.420733759,1.304753484,-2.428537726,-1.584680026,0.042579574,0,1,40,task,30,0,1610,10,652,0
2,144,65,-1.54167096,-0.4485465,1.379597576,-2.475680951,-1.582587298,0.043140609,0,1,41,task,30,0,1610,10,652,0
2,144,66,-1.54107704,-0.474378288,1.45115918,-2.52152456,-1.580493872,0.043733433,0,1,42,task,30,0,1610,10,652,0
2,144,67,-1.56526022,-0.477649401,1.449743842,-2.508483457,-1.594813365,0.019556838,0,1,43,task,10,0,1610,10,652,0
2,144,68,-1.565875661,-0.451439262,1.379313276,-2.466072819,-1.594558513,0.018942588,0,1,44,task,30,0,1610,10,652,0
2,144,69,-1.566459011,-0.423361681,1.305716494,-2.422362298,-1.594300362,0.018360297,0,1,45,task,30,0,1610,10,652,0
2,144,70,-1.567012714,-0.393182503,1.228372456,-2.377005088,-1.594039156,0.017807534,0,1,46,task,30,0,1610,10,652,0
2,144,71,-1.567538974,-0.360577073,1.146510375,-2.329555124,-1.593775119,0.017282106,0,1,47,task,30,0,1610,10,652,0
2,144,72,-1.56812642,-0.325063343,1.060784217,-2.28317545,-1.593179984,0.016696087,0,1,48,task,30,0,1610,10,652,0
2,144,73,-1.568792217,-0.286237846,0.97053024,-2.238086271,-1.592170239,0.016031976,0,1,49,task,30,0,1610,10,652,0
2,144,74,-1.569429082,-0.243298128,0.871726792,-2.188559576,-1.591150779,0.015396066,0,1,50,task,30,0,1610,10,652,0
2,144,75,-1.569575832,-0.219508213,0.816432717,-2.160058992,-1.591287349,0.0152497,0,0,,transition,10,0,1610,10,652,0
2,144,76,-1.56971876,-0.195654234,0.761041969,-2.131525733,-1.591423603,0.015107116,0,1,51,task,10,0,1610,10,652,0
2,144,77,-1.569841759,-0.167689385,0.696747477,-2.09818068,-1.591633656,0.014984246,0,0,,transition,10,0,1610,10,652,0
2,144,78,-1.56996009,-0.139606092,0.63224565,-2.064746658,-1.591843421,0.014866008,0,1,52,task,10,0,1610,10,652,0
2,144,79,-1.592708967,-0.148671343,0.649681238,-2.069659764,-1.591621874,-0.007887844,0,1,53,task,10,0,1610,10,652,0
2,144,80,-1.592825863,-0.176324134,0.714022809,-2.104381603,-1.591529256,-0.00800468,0,0,,transition,10,0,1610,10,652,0
2,144,81,-1.59293809,-0.203881031,0.778206886,-2.139041755,-1.591436438,-0.008116862,0,1,54,task,10,0,1610,10,652,0
2,144,82,-1.593044701,-0.227416876,0.833707656,-2.169026199,-1.591404424,-0.00822335,0,0,,transition,10,0,1610,10,652,0
2,144,83,-1.593147464,-0.250899127,0.889135259,-2.198990992,-1.591372193,-0.008326009,0,1,55,task,10,0,1610,10,652,0
2,144,84,-1.593148786,-0.293293177,0.988578271,-2.251886876,-1.592150534,-0.00832706,0,1,56,task,30,0,1610,10,652,0
2,144,85,-1.593150255,-0.331572919,1.079573566,-2.300449177,-1.592928473,-0.008328118,0,1,57,task,30,0,1610,10,652,0
2,144,86,-1.593151887,-0.366635373,1.16411684,-2.345776605,-1.593705988,-0.008329199,0,1,58,task,30,0,1610,10,652,0
2,144,87,-1.593181478,-0.399002024,1.243912717,-2.389573347,-1.59438373,-0.008358193,0,1,59,task,30,0,1610,10,652,0
2,144,88,-1.593295266,-0.428874304,1.320522216,-2.434187596,-1.594773842,-0.008471567,0,1,60,task,30,0,1610,10,652,0
2,144,89,-1.593415208,-0.456705528,1.393521701,-2.477233072,-1.59516449,-0.008591045,0,1,61,task,30,0,1610,10,652,0
2,144,90,-1.593541814,-0.482715874,1.463463392,-2.519041836,-1.59555573,-0.008717135,0,1,62,task,30,0,1610,10,652,0
2,144,91,-1.622051745,-0.487615639,1.477276723,-2.530377942,-1.596111223,-0.037223088,0,1,63,task,10,0,1610,10,652,0
2,144,92,-1.621184455,-0.461805591,1.40797009,-2.48946855,-1.595534583,-0.036358239,0,1,64,task,30,0,1610,10,652,0
2,144,93,-1.620363155,-0.434226602,1.335725813,-2.447399193,-1.594961745,-0.035539043,0,1,65,task,30,0,1610,10,652,0
2,144,94,-1.619615536,-0.404496884,1.260313858,-2.404781053,-1.594281647,-0.034793489,0,1,66,task,30,0,1610,10,652,0
2,144,95,-1.618904997,-0.372546777,1.180792709,-2.360275874,-1.593606581,-0.03408462,0,1,67,task,30,0,1610,10,652,0
2,144,96,-1.618228842,-0.337983687,1.096251838,-2.313365575,-1.592936175,-0.033409767,0,1,68,task,30,0,1610,10,652,0
2,144,97,-1.617584634,-0.300241815,1.005408372,-2.263332939,-1.59227009,-0.032766511,0,1,69,task,30,0,1610,10,652,0
2,144,98,-1.616970158,-0.2584652,0.906350639,-2.209122134,-1.591608025,-0.032152659,0,1,70,task,30,0,1610,10,652,0
2,144,99,-1.616604408,-0.235355541,0.851349486,-2.178705581,-1.591578269,-0.031787226,0,0,,transition,10,0,1610,10,652,0
2,144,100,-1.616234861,-0.212199458,0.796290807,-2.148277841,-1.591548347,-0.031418005,0,1,71,task,10,0,1610,10,652,0
2,144,101,-1.615870835,-0.185219565,0.732957702,-2.113387415,-1.591582232,-0.031054183,0,0,,transition,10,0,1610,10,652,0
2,144,102,-1.615502237,-0.15816016,0.669502441,-2.078454251,-1.591615961,-0.030685798,0,1,72,task,10,0,1610,10,652,0
2,144,103,-1.615154856,-0.124450075,0.59174255,-2.035867538,-1.591651909,-0.030338484,0,0,,transition,10,0,1610,10,652,0
2,144,104,-1.614801302,-0.090544413,0.513623281,-1.993116897,-1.591687717,-0.029985004,0,1,73,task,10,0,1610,10,652,0
2,144,105,-1.626470969,-0.123126535,0.587780864,-2.03307966,-1.591690188,-0.041656894,0,0,,transition,10,0,1610,10,652,0
2,144,106,-1.638136072,-0.15548759,0.661517338,-2.072842287,-1.591692567,-0.05332423,0,1,74,task,10,0,1610,10,652,0
2,144,107,-1.638759037,-0.182932542,0.726013711,-2.108733852,-1.591694191,-0.053946926,0,0,,transition,10,0,1610,10,652,0
2,144,108,-1.639377357,-0.210300727,0.790395333,-2.144587334,-1.591695689,-0.054564981,0,1,75,task,10,0,1610,10,652,0
2,144,109,-1.640026249,-0.233612542,0.8461535,-2.175872651,-1.591710406,-0.055213452,0,0,,transition,10,0,1610,10,652,0
2,144,110,-1.640671292,-0.256880231,0.901859962,-2.207150307,-1.591724988,-0.055858078,0,1,76,task,10,0,1610,10,652,0
2,144,111,-1.641881653,-0.298968019,1.002089181,-2.262871917,-1.592318315,-0.057067819,0,1,77,task,30,0,1610,10,652,0
2,144,112,-1.643150956,-0.336911102,1.09389592,-2.314318399,-1.592918181,-0.058336147,0,1,78,task,30,0,1610,10,652,0
2,144,113,-1.644483626,-0.371597136,1.179264166,-2.36258631,-1.593525073,-0.059667463,0,1,79,task,30,0,1610,10,652,0
2,144,114,-1.645884542,-0.403609495,1.259518681,-2.408417281,-1.594139531,-0.06106662,0,1,80,task,30,0,1610,10,652,0
2,144,115,-1.647359101,-0.433350992,1.335596315,-2.452345625,-1.594762152,-0.062538986,0,1,81,task,30,0,1610,10,652,0
2,144,116,-1.648913281,-0.461108783,1.408188799,-2.494776221,-1.595393596,-0.064090511,0,1,82,task,30,0,1610,10,652,0
2,144,117,-1.650518891,-0.487084898,1.4774782,-2.535185524,-1.596148704,-0.065692246,0,1,83,task,30,0,1610,10,652,0
2,144,118,-1.67973232,-0.494063642,1.498901411,-2.553344265,-1.596082284,-0.09491126,0,1,84,task,10,0,1610,10,652,0
2,144,119,-1.677253314,-0.468630029,1.429679253,-2.511508352,-1.595471281,-0.092435281,0,1,85,task,30,0,1610,10,652,0
2,144,120,-1.674906349,-0.441443855,1.357610279,-2.468584193,-1.594872425,-0.090090866,0,1,86,task,30,0,1610,10,652,0
2,144,121,-1.672681115,-0.412313691,1.282196584,-2.424264794,-1.594284786,-0.087867736,0,1,87,task,30,0,1610,10,652,0
2,144,122,-1.67056835,-0.380975421,1.202791006,-2.378166655,-1.593707526,-0.085756659,0,1,88,task,30,0,1610,10,652,0
2,144,123,-1.668559711,-0.34705982,1.118525076,-2.32979012,-1.593139887,-0.08374932,0,1,89,task,30,0,1610,10,652,0
2,144,124,-1.666647664,-0.310036368,1.028185159,-2.278451708,-1.592581181,-0.081838209,0,1,90,task,30,0,1610,10,652,0
2,144,125,-1.664825387,-0.269108439,0.929982433,-2.223158891,-1.592030789,-0.080016525,0,1,91,task,30,0,1610,10,652,0
2,144,126,-1.663911773,-0.246514219,0.875722891,-2.192457809,-1.591943694,-0.079103312,0,0,,transition,10,0,1610,10,652,0
2,144,127,-1.662994482,-0.223882115,0.821424364,-2.161755541,-1.591856485,-0.078186426,0,1,92,task,10,0,1610,10,652,0
2,144,128,-1.662108354,-0.197709284,0.759431158,-2.126891615,-1.591830145,-0.077300621,0,0,,transition,10,0,1610,10,652,0
2,144,129,-1.66121785,-0.171475996,0.697356653,-2.092006754,-1.591803696,-0.076410444,0,1,93,task,10,0,1610,10,652,0
2,144,130,-1.660371415,-0.139212066,0.622361576,-2.050232972,-1.591780851,-0.075564182,0,0,,transition,10,0,1610,10,652,0
2,144,131,-1.659519212,-0.106813904,0.54713871,-2.008365511,-1.591757906,-0.074712154,0,1,94,task,10,0,1610,10,652,0
2,144,132,-1.671455069,-0.132045959,0.604876332,-2.040141509,-1.591830292,-0.086650182,0,0,,transition,10,0,1610,10,652,0
2,144,133,-1.683388523,-0.157164375,0.662404292,-2.071821432,-1.59190265,-0.098585809,0,1,95,task,10,0,1610,10,652,0
2,144,134,-1.684527168,-0.184688846,0.727311226,-2.108394073,-1.591945423,-0.099724181,0,0,,transition,10,0,1610,10,652,0
2,144,135,-1.685661208,-0.212146913,0.792127051,-2.144941909,-1.591988106,-0.10085795,0,1,96,task,10,0,1610,10,652,0
2,144,136,-1.686852679,-0.235474902,0.848210198,-2.176888561,-1.592034985,-0.102049001,0,0,,transition,10,0,1610,10,652,0
2,144,137,-1.688040348,-0.25876394,0.90425365,-2.208834383,-1.592081767,-0.103236252,0,1,97,task,10,0,1610,10,652,0
2,144,138,-1.689237319,-0.279806808,0.954691157,-2.237396881,-1.592328973,-0.104433031,0,0,,transition,10,0,1610,10,652,0
2,144,139,-1.690431,-0.300819874,1.005104886,-2.26596531,-1.592576081,-0.105626523,0,1,98,task,10,0,1610,10,652,0
2,144,140,-1.692933072,-0.338745557,1.097491731,-2.318764199,-1.593101884,-0.108127958,0,1,99,task,30,0,1610,10,652,0
2,144,141,-1.695561117,-0.373374224,1.183396123,-2.368383063,-1.593637631,-0.110755046,0,1,100,task,30,0,1610,10,652,0
2,144,142,-1.698324928,-0.405293347,1.264156275,-2.415573114,-1.594184075,-0.113517561,0,1,101,task,30,0,1610,10,652,0
2,144,143,-1.701235348,-0.434907441,1.34071794,-2.460876107,-1.594742043,-0.11642632,0,1,102,task,30,0,1610,10,652,0
2,144,144,-1.704304404,-0.462503805,1.413779129,-2.504703341,-1.595312454,-0.119493331,0,1,103,task,30,0,1610,10,652,0
2,144,145,-1.707545487,-0.488289789,1.483872789,-2.547381068,-1.595896321,-0.122731956,0,1,104,task,30,0,1610,10,652,0
2,144,146,-1.706167891,-0.453039651,1.393608097,-2.495143795,-1.604375187,-0.121407026,0,0,,transition,10,0,1610,10,652,0
2,144,147,-1.704760757,-0.41767621,1.303334241,-2.443015135,-1.61285178,-0.120052477,0,0,,transition,10,0,1610,10,652,0
2,144,148,-1.70332801,-0.382211567,1.21304655,-2.390977763,-1.621326385,-0.118672261,0,0,,transition,10,0,1610,10,652,0
2,144,149,-1.701872961,-0.346654827,1.122739486,-2.33901658,-1.62979924,-0.117269719,0,0,,transition,10,0,1610,10,652,0
2,144,150,-1.70039843,-0.311012401,1.032406108,-2.287117857,-1.638270545,-0.115847693,0,0,,transition,10,0,1610,10,652,0
2,144,151,-1.698906835,-0.275288036,0.942037247,-2.235268367,-1.646740465,-0.114408623,0,1,105,task,10,0,1610,10,652,0
2,144,152,-1.697602168,-0.253160906,0.889957126,-2.207694594,-1.64661896,-0.11310151,0,0,,transition,10,0,1610,10,652,0
2,144,153,-1.696295005,-0.230993304,0.837830459,-2.18011455,-1.646497311,-0.111791911,0,1,106,task,10,0,1610,10,652,0
2,144,154,-1.695038413,-0.205329447,0.776682267,-2.145160717,-1.646423998,-0.110531446,0,0,,transition,10,0,1610,10,652,0
2,144,155,-1.693778628,-0.17961542,0.715474255,-2.110196989,-1.646350662,-0.109267779,0,1,107,task,10,0,1610,10,652,0
2,144,156,-1.692578298,-0.148227603,0.642145108,-2.068790776,-1.646279938,-0.108063686,0,0,,transition,10,0,1610,10,652,0
2,144,157,-1.691373803,-0.116735166,0.568650738,-2.027323642,-1.646209199,-0.106855419,0,1,108,task,10,0,1610,10,652,0
2,144,158,-1.715324884,-0.156919966,0.658427364,-2.078458488,-1.64611537,-0.13087454,0,1,109,task,10,0,1610,10,652,0
2,144,159,-1.716814155,-0.184655796,0.723791963,-2.115473009,-1.646212872,-0.132368663,0,0,,transition,10,0,1610,10,652,0
2,144,160,-1.718299996,-0.212329117,0.789074262,-2.152467474,-1.646310355,-0.133859347,0,1,110,task,10,0,1610,10,652,0
2,144,161,-1.719858627,-0.235799307,0.845465587,-2.184780222,-1.646411511,-0.135422954,0,0,,transition,10,0,1610,10,652,0
2,144,162,-1.721414457,-0.25923267,0.901821946,-2.217094613,-1.646512642,-0.136983751,0,1,111,task,10,0,1610,10,652,0
2,144,163,-1.74683446,-0.281907991,0.951286898,-2.244106017,-1.646552494,-0.162476278,0,1,112,task,10,0,1610,10,652,0
2,144,164,-1.74497836,-0.259853241,0.898554601,-2.214599599,-1.646404344,-0.160614452,0,0,,transition,10,0,1610,10,652,0
2,144,165,-1.743119783,-0.237765693,0.845793412,-2.185096889,-1.646256142,-0.158750144,0,1,113,task,10,0,1610,10,652,0
2,144,166,-1.74134545,-0.212413157,0.785572731,-2.150961813,-1.646120686,-0.156969714,0,0,,transition,10,0,1610,10,652,0
2,144,167,-1.739568136,-0.187015179,0.725301984,-2.116821883,-1.64598521,-0.155186296,0,1,114,task,10,0,1610,10,652,0
2,144,168,-1.737872397,-0.156228238,0.653521539,-2.076568313,-1.645854599,-0.153484561,0,0,,transition,10,0,1610,10,652,0
2,144,169,-1.736172783,-0.125351921,0.581607726,-2.036270452,-1.645723981,-0.151778939,0,1,115,task,10,0,1610,10,652,0
2,144,170,-1.760050933,-0.15361669,0.643780349,-2.072171682,-1.645443855,-0.175722399,0,1,116,task,10,0,1610,10,652,0
2,144,171,-1.762023639,-0.181857239,0.709862821,-2.109085225,-1.645630349,-0.177702714,0,0,,transition,10,0,1610,10,652,0
2,144,172,-1.763993031,-0.210034343,0.775862028,-2.14597869,-1.645816832,-0.179679707,0,1,117,task,10,0,1610,10,652,0
2,144,173,-1.766056284,-0.233864128,0.832631474,-2.177998338,-1.646010376,-0.181750594,0,0,,transition,10,0,1610,10,652,0
2,144,174,-1.768116882,-0.257656638,0.889365563,-2.210019693,-1.646203894,-0.18381882,0,1,118,task,10,0,1610,10,652,0
2,144,175,-1.79445866,-0.28438576,0.948701556,-2.24312217,-1.646218226,-0.210236039,0,1,119,task,10,0,1610,10,652,0
2,144,176,-1.792077768,-0.262254763,0.895990284,-2.213709642,-1.645988532,-0.207846385,0,0,,transition,10,0,1610,10,652,0
2,144,177,-1.789694558,-0.24009273,0.843254108,-2.18430306,-1.645758802,-0.205454409,0,1,120,task,10,0,1610,10,652,0
2,144,178,-1.787434759,-0.214783181,0.783654399,-2.151264156,-1.64547463,-0.203184765,0,0,,transition,10,0,1610,10,652,0
2,144,179,-1.785172227,-0.18942832,0.724004486,-2.118220144,-1.645190432,-0.200912383,0,1,121,task,10,0,1610,10,652,0
2,144,180,-1.783010531,-0.158802075,0.653073784,-2.079176749,-1.64491654,-0.198740625,0,0,,transition,10,0,1610,10,652,0
2,144,181,-1.780845235,-0.128089142,0.582014772,-2.040091452,-1.644642641,-0.196565261,0,1,122,task,10,0,1610,10,652,0
2,144,182,-1.804396058,-0.145196129,0.619543855,-2.064577963,-1.643709275,-0.220166954,0,1,123,task,10,0,1610,10,652,0
2,144,183,-1.806790019,-0.174155135,0.686287975,-2.10043961,-1.644169758,-0.2225758,0,0,,transition,10,0,1610,10,652,0
2,144,184,-1.809180883,-0.203038158,0.752922087,-2.136266988,-1.644630229,-0.224981549,0,1,124,task,10,0,1610,10,652,0
2,144,185,-1.811680812,-0.227395762,0.809884747,-2.16696093,-1.645108055,-0.227495274,0,0,,transition,10,0,1610,10,652,0
2,144,186,-1.814178353,-0.251710079,0.86679907,-2.197649627,-1.645585847,-0.230006612,0,1,125,task,10,0,1610,10,652,0
2,144,187,-1.841572693,-0.282784473,0.935926566,-2.235694713,-1.645722267,-0.257481049,0,1,126,task,10,0,1610,10,652,0
2,144,188,-1.838762268,-0.26049327,0.884017998,-2.208420633,-1.645105498,-0.25465387,0,0,,transition,10,0,1610,10,652,0
2,144,189,-1.835949904,-0.23816657,0.832073931,-2.18114639,-1.644488691,-0.251824759,0,1,127,task,10,0,1610,10,652,0
2,144,190,-1.833364342,-0.21308426,0.775112535,-2.153127812,-1.643457572,-0.249210914,0,0,,transition,10,0,1610,10,652,0
2,144,191,-1.830776702,-0.187940551,0.718062446,-2.125081776,-1.642426449,-0.246595024,0,1,128,task,10,0,1610,10,652,0
2,144,192,-1.828101639,-0.156918518,0.645911784,-2.084604322,-1.642257277,-0.243908253,0,0,,transition,10,0,1610,10,652,0
2,144,193,-1.825422923,-0.125814463,0.573644337,-2.044091837,-1.642088167,-0.241217822,0,1,129,task,10,0,1610,10,652,0
2,144,194,-1.808448061,-0.222146832,0.640121381,-2.012539047,-1.637335622,-0.225136634,0,0,,transition,10,0,1610,10,652,0
2,144,195,-1.7914732,-0.318479201,0.706598425,-1.980986258,-1.632583078,-0.209055446,0,0,,transition,10,0,1610,10,652,0
2,144,196,-1.774498338,-0.414811571,0.77307547,-1.949433469,-1.627830533,-0.192974258,0,0,,transition,10,0,1610,10,652,0
2,144,197,-1.757523476,-0.51114394,0.839552514,-1.91788068,-1.623077989,-0.17689307,0,0,,transition,10,0,1610,10,652,0
2,144,198,-1.740548615,-0.607476309,0.906029558,-1.886327891,-1.618325444,-0.160811881,0,0,,transition,10,0,1610,10,652,0
2,144,199,-1.723573753,-0.703808678,0.972506602,-1.854775102,-1.6135729,-0.144730693,0,0,,transition,10,0,1610,10,652,0
2,144,200,-1.706598892,-0.800141047,1.038983646,-1.823222313,-1.608820355,-0.128649505,0,0,,transition,10,0,1610,10,652,0
2,144,201,-1.689624031,-0.896473416,1.105460691,-1.791669524,-1.604067811,-0.112568317,0,0,,transition,10,0,1610,10,652,0
2,144,202,-1.672649169,-0.992805785,1.171937735,-1.760116734,-1.599315267,-0.096487129,0,0,,transition,10,0,1610,10,652,0
2,144,203,-1.655674308,-1.089138154,1.238414779,-1.728563946,-1.594562723,-0.080405941,0,0,,transition,10,0,1610,10,652,0
2,144,204,-1.638699446,-1.185470523,1.304891823,-1.697011156,-1.589810178,-0.064324753,0,0,,transition,10,0,1610,10,652,0
2,144,205,-1.621724585,-1.281802892,1.371368867,-1.665458367,-1.585057634,-0.048243564,0,0,,transition,10,0,1610,10,652,0
2,144,206,-1.604749723,-1.378135262,1.437845912,-1.633905578,-1.580305089,-0.032162376,0,0,,transition,10,0,1610,10,652,0
2,144,207,-1.587774862,-1.474467631,1.504322955,-1.602352789,-1.575552545,-0.016081188,0,0,,transition,10,0,1610,10,652,0
2,144,208,-1.5708,-1.5708,1.5708,-1.5708,-1.5708,0,0,0,,home,30,0,1610,10,652,0
