target_line,group_id,point_id,x,y,z,rx,ry,rz,speed,is_discontinuous,base_y_error_mm,base_y_actual_mm,standoff_mm,base_height_mm,lift_mm
1,104,1,1.186576721586366068e+00,2.625668901761459395e+00,1.353585255887152172e+00,-1.571420294520867067e+00,9.467589640598417233e-02,3.134992326680319685e+00,60,0.000000000000000000e+00,0,-1610,30,652,0
1,104,2,1.156637855913781765e+00,2.625667326876676810e+00,1.353584641673613698e+00,-1.571615141940498006e+00,9.472715061133274439e-02,3.132935993988989587e+00,60,0.000000000000000000e+00,0,-1610,30,652,0
1,104,3,1.126698988856587924e+00,2.625665752035214240e+00,1.353583902234525072e+00,-1.571810204672305478e+00,9.477800359348553805e-02,3.130879630993020246e+00,60,0.000000000000000000e+00,0,-1610,30,652,0
1,104,4,1.096760120158447149e+00,2.625664177243674402e+00,1.353583037572984704e+00,-1.572005481875238253e+00,9.482845446468068928e-02,3.128823237822555114e+00,60,0.000000000000000000e+00,0,-1610,30,652,0
1,104,5,1.066821249563029150e+00,2.625662602508660903e+00,1.353582047692617696e+00,-1.572200972704492328e+00,9.487850233891359508e-02,3.126766814608651579e+00,60,0.000000000000000000e+00,0,-1610,30,652,0
1,104,6,1.036882376814010520e+00,2.625661027836776906e+00,1.353580932597572506e+00,-1.572396676311510699e+00,9.492814633195401086e-02,3.124710361483276078e+00,60,0.000000000000000000e+00,0,-1610,30,652,0
1,104,7,1.006943501655078288e+00,2.625659453234624685e+00,1.353579692292523839e+00,-1.572592591843990029e+00,9.497738556135915111e-02,3.122653878579307651e+00,60,0.000000000000000000e+00,0,-1610,30,652,0
1,104,8,9.770046238299283647e-01,2.625657878708807402e+00,1.353578326782671315e+00,-1.572788718445883971e+00,9.502621914649211909e-02,3.120597366030532172e+00,60,0.000000000000000000e+00,0,-1610,30,652,0
1,104,9,9.470657430822688738e-01,2.625656304265926888e+00,1.353576836073739020e+00,-1.572985055257406506e+00,9.507464620853411930e-02,3.118540823971643228e+00,60,0.000000000000000000e+00,0,-1610,30,652,0
1,104,10,9.171268591558192629e-01,2.625654729912584973e+00,1.353575220171976179e+00,-1.573181601415037267e+00,9.512266587050066668e-02,3.116484252538241240e+00,60,0.000000000000000000e+00,0,-1610,30,652,0
1,104,11,8.871879717943129684e-01,2.625653155655383042e+00,1.353573479084157150e+00,-1.573378356051522875e+00,9.517027725726001641e-02,3.114427651866833013e+00,60,0.000000000000000000e+00,0,-1610,30,652,0
1,104,12,8.572490807414976377e-01,2.625651581500922482e+00,1.353571612817581205e+00,-1.573575318295887149e+00,9.521747949554204560e-02,3.112371022094825967e+00,60,0.000000000000000000e+00,0,-1610,30,652,0
1,104,13,8.276698559789756882e-01,2.625841423402731856e+00,1.354453886003358143e+00,-1.574592804853929273e+00,8.882202011105166939e-02,3.098819765855172825e+00,60,0.000000000000000000e+00,0,-1610,30,652,0
1,104,14,7.976959858189585084e-01,2.625851004363707109e+00,1.355728684176426002e+00,-1.574576170203641823e+00,8.850180864448087270e-02,3.098853464964499871e+00,60,0.000000000000000000e+00,0,-1610,30,652,0
1,104,15,7.677207869839630661e-01,2.625859893369898224e+00,1.357003443553038924e+00,-1.574556626676360649e+00,8.820490641650846619e-02,3.098931608090936152e+00,60,0.000000000000000000e+00,0,-1610,30,652,0
1,104,16,7.599663877617350849e-01,2.625862192939103057e+00,1.357333215488764289e+00,-1.574551578502972449e+00,8.812809923496334186e-02,3.098951821624487124e+00,60,0.000000000000000000e+00,0,-1610,30,652,0
1,104,17,7.612061969499666070e-01,2.596121982703243347e+00,1.354753765451773173e+00,-1.574910472321457089e+00,7.941135915252250932e-02,3.089776270619184029e+00,30,0.000000000000000000e+00,0,-1610,30,652,0
1,104,18,7.909736952493184869e-01,2.595924648066035623e+00,1.353337293699083510e+00,-1.574681049622665974e+00,8.603064603691312762e-02,3.096412339198136188e+00,60,0.000000000000000000e+00,0,-1610,30,652,0
1,104,19,8.208194716965024895e-01,2.595834672452087322e+00,1.352050572470786083e+00,-1.574439646716326191e+00,8.905453352090098029e-02,3.100650127929784450e+00,60,0.000000000000000000e+00,0,-1610,30,652,0
1,104,20,8.506652493977968632e-01,2.595744721658703291e+00,1.350763044186023887e+00,-1.574172468796685376e+00,9.207785044534300134e-02,3.104890970833511954e+00,60,0.000000000000000000e+00,0,-1610,30,652,0
1,104,21,8.805172556373934700e-01,2.595713722067432894e+00,1.349843752641894934e+00,-1.573792971203244129e+00,9.312926131617027536e-02,3.109379884601602306e+00,60,0.000000000000000000e+00,0,-1610,30,652,0
1,104,22,9.103698701610904997e-01,2.595688570279326868e+00,1.348960434417102006e+00,-1.573396349434717845e+00,9.398354862850455405e-02,3.113894251149048831e+00,60,0.000000000000000000e+00,0,-1610,30,652,0
1,104,23,9.402681218796640206e-01,2.595682901599615011e+00,1.348205839827273600e+00,-1.573110728328515950e+00,9.418084746138521979e-02,3.116987195382389775e+00,60,0.000000000000000000e+00,0,-1610,30,652,0
1,104,24,9.702067314503064477e-01,2.595694460699737416e+00,1.347565402765930953e+00,-1.572929371782222585e+00,9.379800433622476064e-02,3.118822339579808922e+00,60,0.000000000000000000e+00,0,-1610,30,652,0
1,104,25,1.000146846195392847e+00,2.595702845300918771e+00,1.347130385405732378e+00,-1.572749509943934587e+00,9.352113167944375860e-02,3.120680261775497844e+00,60,0.000000000000000000e+00,0,-1610,30,652,0
1,104,26,1.030090162388973773e+00,2.595704488593171710e+00,1.347131665924597987e+00,-1.572570412701684628e+00,9.346966342735174571e-02,3.122586917892121949e+00,60,0.000000000000000000e+00,0,-1610,30,652,0
1,104,27,1.060033475271605852e+00,2.595706131979275355e+00,1.347132838776920138e+00,-1.572391517423022300e+00,9.341785058718299339e-02,3.124493578644020886e+00,60,0.000000000000000000e+00,0,-1610,30,652,0
1,104,28,1.089976785149781469e+00,2.595707775450343036e+00,1.347133903951048373e+00,-1.572212825112279777e+00,9.336569402688477126e-02,3.126400240495900373e+00,60,0.000000000000000000e+00,0,-1610,30,652,0
1,104,29,1.119920092330044081e+00,2.595709418997488971e+00,1.347134861436496189e+00,-1.572034336769287055e+00,9.331319461827236594e-02,3.128306899913088746e+00,60,0.000000000000000000e+00,0,-1610,30,652,0
1,104,30,1.149863397118982666e+00,2.595711062611824271e+00,1.347135711223941490e+00,-1.571856053389349084e+00,9.326035323699666257e-02,3.130213553361579137e+00,60,0.000000000000000000e+00,0,-1610,30,652,0
1,104,31,1.179806699823227278e+00,2.595712706284459603e+00,1.347136453305227466e+00,-1.571677975963232665e+00,9.320717076252149624e-02,3.132120197308062348e+00,60,0.000000000000000000e+00,0,-1610,30,652,0
1,104,32,1.184768719129831727e+00,2.565594927982172813e+00,1.341670025952277134e+00,-1.571560602353330172e+00,9.715212924212712764e-02,3.133713634650029167e+00,30,0.000000000000000000e+00,0,-1610,30,652,0
1,104,33,1.154806640229698811e+00,2.565561563451645100e+00,1.341868158496108077e+00,-1.571692520488447986e+00,9.826853429358561876e-02,3.132458366794515836e+00,60,0.000000000000000000e+00,0,-1610,30,652,0
1,104,34,1.124864563217283786e+00,2.565545058271085033e+00,1.342166656517917556e+00,-1.571884597079351575e+00,9.881949007753343395e-02,3.130562443462071354e+00,60,0.000000000000000000e+00,0,-1610,30,652,0
1,104,35,1.094937728820567946e+00,2.565541398312809473e+00,1.342541549334958173e+00,-1.572121428852274239e+00,9.893921607860067802e-02,3.128178482293798357e+00,60,0.000000000000000000e+00,0,-1610,30,652,0
1,104,36,1.065010891382343949e+00,2.565537738388387279e+00,1.342916273735683008e+00,-1.572358843486125535e+00,9.905837597584454812e-02,3.125794433077595080e+00,60,0.000000000000000000e+00,0,-1610,30,652,0
1,104,37,1.035084050303360703e+00,2.565534078528793671e+00,1.343290829732100455e+00,-1.572596838954378295e+00,9.917696665300002046e-02,3.123410302633990110e+00,60,0.000000000000000000e+00,0,-1610,30,652,0
1,104,38,1.005193405051639788e+00,2.565603047754291932e+00,1.343945931313625941e+00,-1.572885800887454888e+00,9.686072414606861081e-02,3.119990271084467803e+00,60,0.000000000000000000e+00,0,-1610,30,652,0
1,104,39,9.752664003706681406e-01,2.565651721126322116e+00,1.344637220767438635e+00,-1.573058251181628453e+00,9.522644749914754847e-02,3.117808050793249297e+00,60,0.000000000000000000e+00,0,-1610,30,652,0
1,104,40,9.453012149448534185e-01,2.565664803934412763e+00,1.345280606710008708e+00,-1.573136619605031594e+00,9.478635583835193223e-02,3.116870449644740138e+00,60,0.000000000000000000e+00,0,-1610,30,652,0
1,104,41,9.153499492865468934e-01,2.565679721976473537e+00,1.345944516625565468e+00,-1.573254974481714141e+00,9.428369942520231639e-02,3.115482737060942142e+00,60,0.000000000000000000e+00,0,-1610,30,652,0
1,104,42,8.855473743771486994e-01,2.565714242305039416e+00,1.346827364013053030e+00,-1.573801093026788056e+00,9.311157449759210891e-02,3.109286524761532444e+00,60,0.000000000000000000e+00,0,-1610,30,652,0
1,104,43,8.557461987482015697e-01,2.565780085753895712e+00,1.347852687028128216e+00,-1.574280596118364128e+00,9.088921259007820552e-02,3.103223162404137092e+00,60,0.000000000000000000e+00,0,-1610,30,652,0
1,104,44,8.259476266010568057e-01,2.565903563541366061e+00,1.349140795007794269e+00,-1.574626796025259567e+00,8.673922091467423101e-02,3.097405043201526098e+00,60,0.000000000000000000e+00,0,-1610,30,652,0
1,104,45,7.961143980379516982e-01,2.566014278723133035e+00,1.350546346745018722e+00,-1.574834007485185428e+00,8.302177361645468601e-02,3.092940900283037475e+00,60,0.000000000000000000e+00,0,-1610,30,652,0
1,104,46,7.662381314315838132e-01,2.566109121504601021e+00,1.352098826283757882e+00,-1.574902549435924559e+00,7.984241399767122438e-02,3.090154008281581266e+00,60,0.000000000000000000e+00,0,-1610,30,652,0
1,104,47,7.621873233909377543e-01,2.566121982703243098e+00,1.352309279868960434e+00,-1.574910472321457089e+00,7.941135915252250932e-02,3.089776270619184029e+00,60,0.000000000000000000e+00,0,-1610,30,652,0
1,104,48,7.631684498319091237e-01,2.536121982703243294e+00,1.349864794286147474e+00,-1.574910472321457089e+00,7.941135915252250932e-02,3.089776270619184029e+00,30,0.000000000000000000e+00,0,-1610,30,652,0
1,104,49,7.930791996799035903e-01,2.536066197592111937e+00,1.348313896613223095e+00,-1.574873736677090630e+00,8.128119383898901873e-02,3.091415004404944877e+00,60,0.000000000000000000e+00,0,-1610,30,652,0
1,104,50,8.229899477637434568e-01,2.536010420857444103e+00,1.346762814186649670e+00,-1.574830842025402466e+00,8.315112127163493128e-02,3.093054312220145263e+00,60,0.000000000000000000e+00,0,-1610,30,652,0
1,104,51,8.528337561295957769e-01,2.535910817939931672e+00,1.345293235311812552e+00,-1.574645622508638487e+00,8.649542436379897836e-02,3.097063466294092571e+00,60,0.000000000000000000e+00,0,-1610,30,652,0
1,104,52,8.825288331517766593e-01,2.535730299281065747e+00,1.344049608040580601e+00,-1.574050139762411149e+00,9.256534723753029326e-02,3.106405286983700442e+00,60,0.000000000000000000e+00,0,-1610,30,652,0
1,104,53,9.122288471834538726e-01,2.535676205773053749e+00,1.343174772209422940e+00,-1.573204238691586099e+00,9.440277406108221747e-02,3.116053441579810013e+00,60,0.000000000000000000e+00,0,-1610,30,652,0
1,104,54,9.421774539694904860e-01,2.535655356121967685e+00,1.342531075241452543e+00,-1.573080109145339911e+00,9.510417463873976907e-02,3.117547527488909509e+00,60,0.000000000000000000e+00,0,-1610,30,652,0
1,104,55,9.721218740300745509e-01,2.535624191161483854e+00,1.341837494025630795e+00,-1.572951895484556495e+00,9.615102658359431231e-02,3.119143238482535274e+00,60,0.000000000000000000e+00,0,-1610,30,652,0
1,104,56,1.002061629344669802e+00,2.535581531475070705e+00,1.341088270186095333e+00,-1.572817291526585226e+00,9.758294321352845024e-02,3.120852469306532928e+00,60,0.000000000000000000e+00,0,-1610,30,652,0
1,104,57,1.032001388731965230e+00,2.535538877794677681e+00,1.340338898564872538e+00,-1.572677751072813823e+00,9.901467606446900938e-02,3.122562376295435538e+00,60,0.000000000000000000e+00,0,-1610,30,652,0
1,104,58,1.061906095117421733e+00,2.535537531604636463e+00,1.339914383382690310e+00,-1.572372274745973186e+00,9.906509153936204903e-02,3.125659732026532467e+00,60,0.000000000000000000e+00,0,-1610,30,652,0
1,104,59,1.091805335587533010e+00,2.535542618003432391e+00,1.339540169438184325e+00,-1.572042439049011531e+00,9.889937974280282873e-02,3.128972955131142708e+00,60,0.000000000000000000e+00,0,-1610,30,652,0
1,104,60,1.121709978142648723e+00,2.535552322348689991e+00,1.339185549247195350e+00,-1.571729561703729683e+00,9.857773950699044718e-02,3.132110590514700643e+00,60,0.000000000000000000e+00,0,-1610,30,652,0
1,104,61,1.151657542055121830e+00,2.535598690378751296e+00,1.338988823924049054e+00,-1.571545904921294534e+00,9.702623294646151031e-02,3.133855151533409433e+00,60,0.000000000000000000e+00,0,-1610,30,652,0
1,104,62,1.181609139751313098e+00,2.535637625578029297e+00,1.338795253644660566e+00,-1.571382146575537986e+00,9.572344114577235885e-02,3.135463453749319562e+00,60,0.000000000000000000e+00,0,-1610,30,652,0
1,104,63,1.182781439054749972e+00,2.505626969934123149e+00,1.335933930278240922e+00,-1.571333063767342608e+00,9.608056150881494339e-02,3.135997784980505187e+00,30,0.000000000000000000e+00,0,-1610,30,652,0
1,104,64,1.152792571101491914e+00,2.505634112604030239e+00,1.336103831511488149e+00,-1.571366007580112356e+00,9.584117870635844305e-02,3.135639605150276399e+00,60,0.000000000000000000e+00,0,-1610,30,652,0
1,104,65,1.122824383022110073e+00,2.505618139947736633e+00,1.336280385287719641e+00,-1.571470503671417163e+00,9.637540631468377583e-02,3.134586605684456018e+00,60,0.000000000000000000e+00,0,-1610,30,652,0
1,104,66,1.092914998011178751e+00,2.505546589165933646e+00,1.336485767319347762e+00,-1.571785708139286530e+00,9.876924375578477466e-02,3.131559582162561473e+00,60,0.000000000000000000e+00,0,-1610,30,652,0
1,104,67,1.063078609136135277e+00,2.505538254138854448e+00,1.336859011637390182e+00,-1.572325351997130749e+00,9.904161844015346716e-02,3.126130396496483943e+00,60,0.000000000000000000e+00,0,-1610,30,652,0
1,104,68,1.033195432650048318e+00,2.505543746905286362e+00,1.337376325290272394e+00,-1.572693930985644917e+00,9.885123668838979860e-02,3.122367135475251132e+00,60,0.000000000000000000e+00,0,-1610,30,652,0
1,104,69,1.003237634756470875e+00,2.505571302083571261e+00,1.338124570396276525e+00,-1.572784278242709055e+00,9.792630636524912724e-02,3.121262462081019429e+00,60,0.000000000000000000e+00,0,-1610,30,652,0
1,104,70,9.732798386004763991e-01,2.505598859800145295e+00,1.338872753827807571e+00,-1.572872564931121264e+00,9.700129730931639216e-02,3.120158072248592429e+00,60,0.000000000000000000e+00,0,-1610,30,652,0
1,104,71,9.433220440801313167e-01,2.505626419969686047e+00,1.339620875578612536e+00,-1.572958791909028875e+00,9.607621499592400305e-02,3.119053962303789618e+00,60,0.000000000000000000e+00,0,-1610,30,652,0
1,104,72,9.133901361045764222e-01,2.505662265076954665e+00,1.340333026418735640e+00,-1.573121476598950075e+00,9.487176378030581780e-02,3.117052389169386650e+00,60,0.000000000000000000e+00,0,-1610,30,652,0
1,104,73,8.839437576220798842e-01,2.505869919463218132e+00,1.341260527742076158e+00,-1.574537290204968354e+00,8.786991815309175280e-02,3.098989532290812310e+00,60,0.000000000000000000e+00,0,-1610,30,652,0
1,104,74,8.541523877994896541e-01,2.506003157609881349e+00,1.342757357599904999e+00,-1.574824802246207245e+00,8.339465030969051007e-02,3.093267845333206534e+00,60,0.000000000000000000e+00,0,-1610,30,652,0
1,104,75,8.242272757209760936e-01,2.506042661602285282e+00,1.344307839294360818e+00,-1.574856388728482770e+00,8.207019806497783954e-02,3.092106637332807217e+00,60,0.000000000000000000e+00,0,-1610,30,652,0
1,104,76,7.943021628539765899e-01,2.506082169906214574e+00,1.345858228308588256e+00,-1.574884884388808803e+00,8.074578688108702273e-02,3.090945722391776673e+00,60,0.000000000000000000e+00,0,-1610,30,652,0
1,104,77,7.643770490364616421e-01,2.506121682338106282e+00,1.347408524635834937e+00,-1.574910291020621855e+00,7.942142593390699723e-02,3.089785091967561570e+00,60,0.000000000000000000e+00,0,-1610,30,652,0
1,104,78,7.641495762728804930e-01,2.506121982703243045e+00,1.347420308703334513e+00,-1.574910472321457089e+00,7.941135915252250932e-02,3.089776270619184029e+00,60,0.000000000000000000e+00,0,-1610,30,652,0
1,104,79,7.651307027138518624e-01,2.476121982703243241e+00,1.344975823120521552e+00,-1.574910472321457089e+00,7.941135915252250932e-02,3.089776270619184029e+00,30,0.000000000000000000e+00,0,-1610,30,652,0
1,104,80,7.950789743582318270e-01,2.476149624945252814e+00,1.343429719988060933e+00,-1.574831300923498212e+00,7.848990903031638489e-02,3.090177353577963082e+00,60,0.000000000000000000e+00,0,-1610,30,652,0
1,104,81,8.250272435959067341e-01,2.476177269216014665e+00,1.341883586698660258e+00,-1.574752873745564719e+00,7.756840798186792618e-02,3.090578305668912229e+00,60,0.000000000000000000e+00,0,-1610,30,652,0
1,104,82,8.549755104446505882e-01,2.476204915473601442e+00,1.340337423248106008e+00,-1.574675190489050580e+00,7.664685707431595496e-02,3.090979128413100518e+00,60,0.000000000000000000e+00,0,-1610,30,652,0
1,104,83,8.848380497309209503e-01,2.476252404778816363e+00,1.338814738864840370e+00,-1.574346656324766780e+00,7.507345170303025839e-02,3.094291898851111444e+00,60,0.000000000000000000e+00,0,-1610,30,652,0
1,104,84,9.144784937031769090e-01,2.476234621867731356e+00,1.337631983464442120e+00,-1.573526840629292378e+00,7.570251900663027556e-02,3.105504768304973240e+00,60,0.000000000000000000e+00,0,-1610,30,652,0
1,104,85,9.442763096531929801e-01,2.476036029572879382e+00,1.336753280907549746e+00,-1.573245161538606940e+00,8.235583888980424483e-02,3.111832939217054506e+00,60,0.000000000000000000e+00,0,-1610,30,652,0
1,104,86,9.741402778118275485e-01,2.475876653592634202e+00,1.335943887103175243e+00,-1.573036793727059068e+00,8.769542920778050643e-02,3.116017137872607812e+00,60,0.000000000000000000e+00,0,-1610,30,652,0
1,104,87,1.004054458266655292e+00,2.475747023553900306e+00,1.335187879800686872e+00,-1.572912588606186102e+00,9.203823544501532616e-02,3.118570902614273610e+00,60,0.000000000000000000e+00,0,-1610,30,652,0
1,104,88,1.033968651933208305e+00,2.475617445324977517e+00,1.334431114925310524e+00,-1.572766016456584648e+00,9.638095675787705652e-02,3.121127307869970391e+00,60,0.000000000000000000e+00,0,-1610,30,652,0
1,104,89,1.063756202834634124e+00,2.475541183289200031e+00,1.333810129035877035e+00,-1.572135360983409669e+00,9.894623246444078646e-02,3.128038420590447011e+00,60,0.000000000000000000e+00,0,-1610,30,652,0
1,104,90,1.093534930961272522e+00,2.475637779680555983e+00,1.333584861629994567e+00,-1.571382853577700800e+00,9.571827635777951926e-02,3.135455726750588035e+00,60,0.000000000000000000e+00,0,-1610,30,652,0
1,104,91,1.123527140588373996e+00,2.475632877231662921e+00,1.333415159374284231e+00,-1.571360322154153000e+00,9.588258196741339390e-02,3.135701552413205473e+00,60,0.000000000000000000e+00,0,-1610,30,652,0
1,104,92,1.153519350315283631e+00,2.475627974858473301e+00,1.333245454523483975e+00,-1.571337709237272673e+00,9.604688234847569284e-02,3.135947389582588674e+00,60,0.000000000000000000e+00,0,-1610,30,652,0
1,104,93,1.183511560142954444e+00,2.475623072561625726e+00,1.333075747077648643e+00,-1.571315014822196598e+00,9.621117745396201570e-02,3.136193238281724138e+00,60,0.000000000000000000e+00,0,-1610,30,652,0
1,104,94,1.181099699798371150e+00,2.446151735622334122e+00,1.330446247158499462e+00,-1.571914025391765168e+00,7.851482957385269579e-02,3.127343466173370334e+00,30,0.000000000000000000e+00,0,-1610,30,652,0
1,104,95,1.151134158498001492e+00,2.446178384334578571e+00,1.330639966439046917e+00,-1.571989233218895166e+00,7.762261610273046841e-02,3.126210389484106678e+00,60,0.000000000000000000e+00,0,-1610,30,652,0
1,104,96,1.121168618569864828e+00,2.446205034735144945e+00,1.330833623700826696e+00,-1.572062408633648101e+00,7.673033967781184295e-02,3.125077537083331247e+00,60,0.000000000000000000e+00,0,-1610,30,652,0
1,104,97,1.091203079908726670e+00,2.446231686741162648e+00,1.331027218939696333e+00,-1.572133552291201886e+00,7.583800580889121790e-02,3.123944905581989673e+00,60,0.000000000000000000e+00,0,-1610,30,652,0
1,104,98,1.061237542409345647e+00,2.446258340269751752e+00,1.331220752151898168e+00,-1.572202664852450082e+00,7.494562000333337970e-02,3.122812491591377970e+00,60,0.000000000000000000e+00,0,-1610,30,652,0
1,104,99,1.031622007239759720e+00,2.446295083621247368e+00,1.332044682396116508e+00,-1.573098545858984121e+00,7.369473118105229759e-02,3.110334546807525857e+00,60,0.000000000000000000e+00,0,-1610,30,652,0
1,104,100,1.001687345150851227e+00,2.446301616113912836e+00,1.332912656336340040e+00,-1.573221494097187811e+00,7.347233477413595004e-02,3.108566987606908416e+00,60,0.000000000000000000e+00,0,-1610,30,652,0
1,104,101,9.717526808693564000e-01,2.446308148738101984e+00,1.333780535850020543e+00,-1.573343659262428140e+00,7.324973418707281247e-02,3.106799510756331095e+00,60,0.000000000000000000e+00,0,-1610,30,652,0
1,104,102,9.418180141455321230e-01,2.446314681462881335e+00,1.334648320943167876e+00,-1.573465040914427071e+00,7.302693251827752086e-02,3.105032118656736451e+00,60,0.000000000000000000e+00,0,-1610,30,652,0
1,104,103,9.118833447296588179e-01,2.446321214257317855e+00,1.335516011622686072e+00,-1.573585638627360339e+00,7.280393286743391812e-02,3.103264813706868352e+00,60,0.000000000000000000e+00,0,-1610,30,652,0
1,104,104,8.820011164868941655e-01,2.446302786912931015e+00,1.336774781241241161e+00,-1.573830496054619665e+00,7.341058040000580931e-02,3.100247456856306094e+00,60,0.000000000000000000e+00,0,-1610,30,652,0
1,104,105,8.521447863381217402e-01,2.446272024896850361e+00,1.338226513575971000e+00,-1.574143260770089370e+00,7.442627943598778550e-02,3.096611515862189634e+00,60,0.000000000000000000e+00,0,-1610,30,652,0
1,104,106,8.222884287855718455e-01,2.446241265306489332e+00,1.339677822422373543e+00,-1.574463492541240406e+00,7.544066061873877516e-02,3.092974701544961569e+00,60,0.000000000000000000e+00,0,-1610,30,652,0
1,104,107,7.923930913320524905e-01,2.446187085138133988e+00,1.341177734688449696e+00,-1.574725206178546832e+00,7.724120552959012898e-02,3.090720637498098888e+00,60,0.000000000000000000e+00,0,-1610,30,652,0
1,104,108,7.661118291548232317e-01,2.446121982703242992e+00,1.342531337537708591e+00,-1.574910472321457089e+00,7.941135915252250932e-02,3.089776270619184029e+00,60,0.000000000000000000e+00,0,-1610,30,652,0
1,104,109,7.676719838381897976e-01,2.416817019645626008e+00,1.340374770334225252e+00,-1.574734311494343952e+00,5.615793860492712675e-02,3.071546818403809720e+00,30,0.000000000000000000e+00,0,-1610,30,652,0
1,104,110,7.972045326807091215e-01,2.416532722175423142e+00,1.338737748337174516e+00,-1.574476673163742069e+00,6.568712515837171750e-02,3.085582304872978909e+00,60,0.000000000000000000e+00,0,-1610,30,652,0
1,104,111,8.270246878946507785e-01,2.416473591009834720e+00,1.337282841322299687e+00,-1.574260676912442314e+00,6.767696439804438135e-02,3.090408593802346005e+00,60,0.000000000000000000e+00,0,-1610,30,652,0
1,104,112,8.568448203523075790e-01,2.416414466861786181e+00,1.335827121314711263e+00,-1.574025465594861561e+00,6.966623609664512884e-02,3.095236649388232397e+00,60,0.000000000000000000e+00,0,-1610,30,652,0
1,104,113,8.866649359372409389e-01,2.416355352140490353e+00,1.334370588196754914e+00,-1.573771027604436767e+00,7.165472861780952663e-02,3.100066502000846214e+00,60,0.000000000000000000e+00,0,-1610,30,652,0
1,104,114,9.165334535465701205e-01,2.416319859705538864e+00,1.333184133529074833e+00,-1.573560697638512806e+00,7.285018702861556505e-02,3.103631249709168038e+00,60,0.000000000000000000e+00,0,-1610,30,652,0
1,104,115,9.464590311927953969e-01,2.416312200798952592e+00,1.332316667637014618e+00,-1.573419041285032405e+00,7.311155988179907084e-02,3.105703235582453203e+00,60,0.000000000000000000e+00,0,-1610,30,652,0
1,104,116,9.763846052691893540e-01,2.416304542004253264e+00,1.331449071971751330e+00,-1.573276307644777106e+00,7.337265899497968924e-02,3.107775339989446550e+00,60,0.000000000000000000e+00,0,-1610,30,652,0
1,104,117,9.995972524393843539e-01,2.386293681043752279e+00,1.328578646561908716e+00,-1.573072045453699941e+00,7.374245519759670131e-02,3.110714071608107645e+00,30,0.000000000000000000e+00,0,-1610,30,652,0
1,104,118,9.696845620249694431e-01,2.386302934789259922e+00,1.329446117629761170e+00,-1.573246217629891586e+00,7.342741664657514988e-02,3.108210195468436243e+00,60,0.000000000000000000e+00,0,-1610,30,652,0
1,104,119,9.397718671095778298e-01,2.386312188786162469e+00,1.330313399216452641e+00,-1.573418818253088380e+00,7.311196962697552593e-02,3.105706485551258389e+00,60,0.000000000000000000e+00,0,-1610,30,652,0
1,104,120,9.098591669833158146e-01,2.386321442946528926e+00,1.331180491340109517e+00,-1.573589846088607747e+00,7.279612294784043591e-02,3.103202948678938089e+00,60,0.000000000000000000e+00,0,-1610,30,652,0
1,104,121,8.800435245591984312e-01,2.386379883681436720e+00,1.332514020433237745e+00,-1.573878954898509042e+00,7.082960463565779463e-02,3.098061874266709204e+00,60,0.000000000000000000e+00,0,-1610,30,652,0
1,104,122,8.502534759272675213e-01,2.386451317403515127e+00,1.333969597495578085e+00,-1.574174326995839257e+00,6.842642079268546063e-02,3.092227161155457260e+00,60,0.000000000000000000e+00,0,-1610,30,652,0
1,104,123,8.204633973078285791e-01,2.386522762695986177e+00,1.335423987552363911e+00,-1.574441639311633612e+00,6.602229199263121018e-02,3.086395044008046984e+00,60,0.000000000000000000e+00,0,-1610,30,652,0
1,104,124,7.907220466874125275e-01,2.386640221725401911e+00,1.337053909920691286e+00,-1.574666337589288645e+00,6.207897126226025186e-02,3.079292884543364472e+00,60,0.000000000000000000e+00,0,-1610,30,652,0
1,104,125,7.687271227520753314e-01,2.386817019645626203e+00,1.338606058223088313e+00,-1.574734311494343952e+00,5.615793860492712675e-02,3.071546818403809720e+00,60,0.000000000000000000e+00,0,-1610,30,652,0
1,104,126,7.697822616659608652e-01,2.356817019645625955e+00,1.336837346111951152e+00,-1.574734311494343952e+00,5.615793860492712675e-02,3.071546818403809720e+00,30,0.000000000000000000e+00,0,-1610,30,652,0
1,104,127,7.995260813446118942e-01,2.356677934655877937e+00,1.334745066442854622e+00,-1.574688544794425882e+00,6.081557272160775796e-02,3.077639842008498050e+00,60,0.000000000000000000e+00,0,-1610,30,652,0
1,104,128,8.292699687487481430e-01,2.356551374369999063e+00,1.332815608778574301e+00,-1.574540818500631545e+00,6.505940711527546938e-02,3.084060360692944869e+00,60,0.000000000000000000e+00,0,-1610,30,652,0
1,104,129,8.590141684419365653e-01,2.356461130177927910e+00,1.331362748943452301e+00,-1.574212705572345161e+00,6.809624940564584783e-02,3.091425938416584085e+00,60,0.000000000000000000e+00,0,-1610,30,652,0
1,104,130,8.887583180198068700e-01,2.356370903513548054e+00,1.329907995447898728e+00,-1.573839831727472660e+00,7.113166589061736822e-02,3.098795645900399354e+00,60,0.000000000000000000e+00,0,-1610,30,652,0
1,104,131,9.185729022997743964e-01,2.356317844818831109e+00,1.328730822632072428e+00,-1.573523535638293946e+00,7.291897434923688692e-02,3.104176328880849045e+00,60,0.000000000000000000e+00,0,-1610,30,652,0
1,104,132,9.484659450813572867e-01,2.356306156145494768e+00,1.327864156105167392e+00,-1.573306479478918884e+00,7.331765325654049370e-02,3.107338617534813441e+00,60,0.000000000000000000e+00,0,-1610,30,652,0
1,104,133,9.783589802879242292e-01,2.356294467824395333e+00,1.326997187293914582e+00,-1.573086915407075237e+00,7.371568539380612961e-02,3.110501175166248800e+00,60,0.000000000000000000e+00,0,-1610,30,652,0
1,104,134,9.974155536521347454e-01,2.326281020655095233e+00,1.324174738981906962e+00,-1.572755463406070753e+00,7.417484787509254218e-02,3.115162129118742129e+00,30,0.000000000000000000e+00,0,-1610,30,652,0
1,104,135,9.675366887900829216e-01,2.326290629606629690e+00,1.325109796970175502e+00,-1.573010344242012248e+00,7.384636846251479980e-02,3.111592941538215751e+00,60,0.000000000000000000e+00,0,-1610,30,652,0
1,104,136,9.376762742403106365e-01,2.326306147576750138e+00,1.325979798545920074e+00,-1.573306319436926781e+00,7.331794528907531472e-02,3.107340935878061483e+00,60,0.000000000000000000e+00,0,-1610,30,652,0
1,104,137,9.078169174502104255e-01,2.326322009208521280e+00,1.326845493706241941e+00,-1.573600260128453554e+00,7.277678362736184070e-02,3.103049763954881080e+00,60,0.000000000000000000e+00,0,-1610,30,652,0
1,104,138,8.781347615611367896e-01,2.326435257822153435e+00,1.328249173772674929e+00,-1.574110372514400336e+00,6.896675621808756595e-02,3.093538586469011253e+00,60,0.000000000000000000e+00,0,-1610,30,652,0
1,104,139,8.484692237764215328e-01,2.326557717161345629e+00,1.329700235878937153e+00,-1.574562196024002825e+00,6.484594397489562567e-02,3.083542860998217172e+00,60,0.000000000000000000e+00,0,-1610,30,652,0
1,104,140,8.186897948068891928e-01,2.326659252294205338e+00,1.331706549514926508e+00,-1.574678066696018064e+00,6.144141530036595356e-02,3.078458679415743582e+00,60,0.000000000000000000e+00,0,-1610,30,652,0
1,104,141,7.888922960397499740e-01,2.326757488193786916e+00,1.333800373162830510e+00,-1.574721676162764705e+00,5.815115396657666302e-02,3.074154150886715176e+00,60,0.000000000000000000e+00,0,-1610,30,652,0
1,104,142,7.708374005798463990e-01,2.326817019645626150e+00,1.335068634000814214e+00,-1.574734311494343952e+00,5.615793860492712675e-02,3.071546818403809720e+00,60,0.000000000000000000e+00,0,-1610,30,652,0
1,104,143,7.718925394937319329e-01,2.296817019645625901e+00,1.333299921889677275e+00,-1.574734311494343952e+00,5.615793860492712675e-02,3.071546818403809720e+00,30,0.000000000000000000e+00,0,-1610,30,652,0
1,104,144,8.017193770293471466e-01,2.296741072842848563e+00,1.331206013818652556e+00,-1.574716362272262860e+00,5.870086361782345108e-02,3.074873260488833804e+00,60,0.000000000000000000e+00,0,-1610,30,652,0
1,104,145,8.315461943567175052e-01,2.296665136481678360e+00,1.329111580980122387e+00,-1.574681477628274484e+00,6.124429506496698039e-02,3.078200767785099323e+00,60,0.000000000000000000e+00,0,-1610,30,652,0
1,104,146,8.613729941011338820e-01,2.296589212558757254e+00,1.327016623322414768e+00,-1.574629640611021397e+00,6.378809842358990068e-02,3.081529419660210767e+00,60,0.000000000000000000e+00,0,-1610,30,652,0
1,104,147,8.909360686466958335e-01,2.296420997697069755e+00,1.325443944052197454e+00,-1.574052393084899748e+00,6.944652207683388312e-02,3.094703221862792120e+00,60,0.000000000000000000e+00,0,-1610,30,652,0
1,104,148,9.205762261189098794e-01,2.296311355146898769e+00,1.324278481962853027e+00,-1.573403334248212548e+00,7.314040266943466762e-02,3.105932021194982351e+00,60,0.000000000000000000e+00,0,-1610,30,652,0
1,104,149,9.503844391903430999e-01,2.296289736255192171e+00,1.323401183449426144e+00,-1.572986746171523009e+00,7.387694393188626307e-02,3.111924759464374191e+00,60,0.000000000000000000e+00,0,-1610,30,652,0
1,104,150,9.802828996615098323e-01,2.296281895514391991e+00,1.322465704846525147e+00,-1.572778765926695854e+00,7.414497699735411729e-02,3.114837155438376470e+00,60,0.000000000000000000e+00,0,-1610,30,652,0
1,104,151,9.953034864491123734e-01,2.266275379482078467e+00,1.319750547052823686e+00,-1.572604741984190202e+00,7.436728379104495801e-02,3.117257653966905462e+00,30,0.000000000000000000e+00,0,-1610,30,652,0
1,104,152,9.653915255285423491e-01,2.266282001578391991e+00,1.320686510597296248e+00,-1.572781589704325134e+00,7.414135509511088351e-02,3.114797757270432399e+00,60,0.000000000000000000e+00,0,-1610,30,652,0
1,104,153,9.354795607627564014e-01,2.266288623728612173e+00,1.321622292613767069e+00,-1.572957330344466165e+00,7.391501037749126368e-02,3.112337989036888075e+00,60,0.000000000000000000e+00,0,-1610,30,652,0
1,104,154,9.058201954398774625e-01,2.266339024182248085e+00,1.322531486042913595e+00,-1.573697350760436375e+00,7.220386719214277882e-02,3.101401028773100865e+00,60,0.000000000000000000e+00,0,-1610,30,652,0
1,104,155,8.764842971380462089e-01,2.266602321480489568e+00,1.324264289930864535e+00,-1.574639802984293624e+00,6.334883539570124178e-02,3.080954571164499889e+00,60,0.000000000000000000e+00,0,-1610,30,652,0
1,104,156,8.466390212193015685e-01,2.266664200445220434e+00,1.326359470344085523e+00,-1.574680941841321680e+00,6.127565196321027585e-02,3.078241794806198417e+00,60,0.000000000000000000e+00,0,-1610,30,652,0
1,104,157,8.167937336429760276e-01,2.266726087688125446e+00,1.328454302157654254e+00,-1.574710820336668204e+00,5.920271446483149624e-02,3.075529779355994364e+00,60,0.000000000000000000e+00,0,-1610,30,652,0
1,104,158,7.869484329878193574e-01,2.266787982128362522e+00,1.330548785397977607e+00,-1.574729447621365797e+00,5.713009573244631767e-02,3.072818481842098048e+00,60,0.000000000000000000e+00,0,-1610,30,652,0
1,104,159,7.729476784076174667e-01,2.266817019645626097e+00,1.331531209778540337e+00,-1.574734311494343952e+00,5.615793860492712675e-02,3.071546818403809720e+00,60,0.000000000000000000e+00,0,-1610,30,652,0
1,104,160,7.740028173215027785e-01,2.236817019645625848e+00,1.329762497667403398e+00,-1.574734311494343952e+00,5.615793860492712675e-02,3.071546818403809720e+00,30,0.000000000000000000e+00,0,-1610,30,652,0
1,104,161,8.038776964172984485e-01,2.236931218382541608e+00,1.327675964928596297e+00,-1.574375563986663451e+00,5.236135474969727532e-02,3.073310966313009374e+00,60,0.000000000000000000e+00,0,-1610,30,652,0
1,104,162,8.337525294737204717e-01,2.237045441383267441e+00,1.325588907331687549e+00,-1.574030251140653203e+00,4.856364964720794042e-02,3.075073065846422704e+00,60,0.000000000000000000e+00,0,-1610,30,652,0
1,104,163,8.636273178573294906e-01,2.237159685635261575e+00,1.323501324624329234e+00,-1.573698357974261164e+00,4.476490447884895474e-02,3.076833229074544818e+00,60,0.000000000000000000e+00,0,-1610,30,652,0
1,104,164,8.935020629370449274e-01,2.237273948124857803e+00,1.321413216581873495e+00,-1.573379870415574144e+00,4.096520029496497628e-02,3.078591567960015318e+00,60,0.000000000000000000e+00,0,-1610,30,652,0
1,104,165,9.228549660797598087e-01,2.237455740432088724e+00,1.320014256023815502e+00,-1.572283989130129456e+00,3.495077429259030311e-02,3.099045145234367915e+00,60,0.000000000000000000e+00,0,-1610,30,652,0
1,104,166,9.525829273415726828e-01,2.236963174689266864e+00,1.318885224818538759e+00,-1.572554156294827532e+00,5.138675280276427948e-02,3.107383076383709142e+00,60,0.000000000000000000e+00,0,-1610,30,652,0
1,104,167,9.824428504770883475e-01,2.236771603760041582e+00,1.317941428987503993e+00,-1.572531562206016975e+00,5.778600861579419323e-02,3.111556298094283246e+00,60,0.000000000000000000e+00,0,-1610,30,652,0
1,104,168,7.848390884902356479e-01,2.206900066353475243e+00,1.327313173995719797e+00,-1.574472084860913723e+00,5.339704714254067675e-02,3.072829975195165098e+00,30,0.000000000000000000e+00,0,-1610,30,652,0
1,104,169,7.750579562353885343e-01,2.206817019645626043e+00,1.327993785556266459e+00,-1.574734311494343952e+00,5.615793860492712675e-02,3.071546818403809720e+00,60,0.000000000000000000e+00,0,-1610,30,652,0
1,104,170,7.763905530337649186e-01,2.178340994504107897e+00,1.326522406968996926e+00,-1.571223259062203947e+00,5.450135453743509828e-03,3.063417653448994304e+00,30,0.000000000000000000e+00,0,-1610,30,652,0
1,104,171,7.827584594703294041e-01,2.148288863030928031e+00,1.325858688869022473e+00,-1.571344919134616269e+00,7.183666030586621787e-03,3.065373302489066809e+00,30,0.000000000000000000e+00,0,-1610,30,652,0
1,104,172,7.776012694055516317e-01,2.148340994504108092e+00,1.326263058363191139e+00,-1.571223259062203947e+00,5.450135453743509828e-03,3.063417653448994304e+00,60,0.000000000000000000e+00,0,-1610,30,652,0
1,104,173,7.788119857773383448e-01,2.118340994504107844e+00,1.326003709757385352e+00,-1.571223259062203947e+00,5.450135453743509828e-03,3.063417653448994304e+00,30,0.000000000000000000e+00,0,-1610,30,652,0
1,104,174,7.805761454630313345e-01,2.088338935502927374e+00,1.325700996564314060e+00,-1.571228192736104035e+00,5.518593635797763852e-03,3.063494897887524715e+00,30,0.000000000000000000e+00,0,-1610,30,652,0
1,104,175,7.800227021491250579e-01,2.088340994504108039e+00,1.325744361151579342e+00,-1.571223259062203947e+00,5.450135453743509828e-03,3.063417653448994304e+00,60,0.000000000000000000e+00,0,-1610,30,652,0
1,104,176,7.812334185209117710e-01,2.058340994504107790e+00,1.325485012545773555e+00,-1.571223259062203947e+00,5.450135453743509828e-03,3.063417653448994304e+00,30,0.000000000000000000e+00,0,-1610,30,652,0
1,104,177,7.824441348926984841e-01,2.028340994504107986e+00,1.325225663939967768e+00,-1.571223259062203947e+00,5.450135453743509828e-03,3.063417653448994304e+00,30,0.000000000000000000e+00,0,-1610,30,652,0
1,104,178,7.836548512644851971e-01,1.998340994504107959e+00,1.324966315334161759e+00,-1.571223259062203947e+00,5.450135453743509828e-03,3.063417653448994304e+00,30,0.000000000000000000e+00,0,-1610,30,652,0
1,104,179,7.848655676362719102e-01,1.968340994504107933e+00,1.324706966728355972e+00,-1.571223259062203947e+00,5.450135453743509828e-03,3.063417653448994304e+00,30,0.000000000000000000e+00,0,-1610,30,652,0
1,104,180,7.863591867085064635e-01,1.940360211064167340e+00,1.325987604473878978e+00,-1.565679124762834107e+00,-6.166821876291739279e-02,3.058749781606119988e+00,30,0.000000000000000000e+00,0,-1610,30,652,0
1,104,181,7.881775329366422778e-01,1.911695425568077811e+00,1.328694673191500142e+00,-1.560720086780715832e+00,-1.060733296344200660e-01,3.046703728670391520e+00,30,0.000000000000000000e+00,0,-1610,30,652,0
1,104,182,7.904001960983548791e-01,1.883375366564519648e+00,1.333021045195640353e+00,-1.551843898037326808e+00,-1.619719239798382837e-01,3.024591627866043630e+00,30,0.000000000000000000e+00,0,-1610,30,652,0
1,105,1,1.306332175557541442e+00,2.625675201601708419e+00,1.353586460442195882e+00,-1.570643074653477633e+00,9.446688516854928608e-02,-3.139967955351230522e+00,60,0.000000000000000000e+00,0,-1610,30,652,0
1,105,2,1.276393312859919194e+00,2.625673626609686284e+00,1.353586347151349178e+00,-1.570837052489130858e+00,9.451973535443536356e-02,3.141161141638740606e+00,60,0.000000000000000000e+00,0,-1610,30,652,0
1,105,3,1.246454449803084952e+00,2.625672051634567961e+00,1.353586108627806261e+00,-1.571031248963537408e+00,9.457218788544774490e-02,3.139104900633054029e+00,60,0.000000000000000000e+00,0,-1610,30,652,0
1,105,4,1.216515586130684445e+00,2.625670476682957499e+00,1.353585744872566110e+00,-1.571225663250703786e+00,9.462424186694495809e-02,3.137048628937779693e+00,60,0.000000000000000000e+00,0,-1610,30,652,0
1,105,5,1.209750000749442611e+00,2.595714350006504745e+00,1.347137087673361933e+00,-1.571500105477142917e+00,9.315364807809611847e-02,3.134026828219971250e+00,30,0.000000000000000000e+00,0,-1610,30,652,0
1,105,6,1.239693300204323334e+00,2.595715993769068586e+00,1.347137614322517996e+00,-1.571322442912708839e+00,9.309978607072655343e-02,3.135933442565519869e+00,60,0.000000000000000000e+00,0,-1610,30,652,0
1,105,7,1.269636598494587432e+00,2.595717637563259128e+00,1.347138033248034272e+00,-1.571144989246962886e+00,9.304558563115072900e-02,3.137840036813741129e+00,60,0.000000000000000000e+00,0,-1610,30,652,0
1,105,8,1.299579895926971318e+00,2.595719281380183929e+00,1.347138344446414671e+00,-1.570967745452324760e+00,9.299104765380961091e-02,3.139746607434525050e+00,60,0.000000000000000000e+00,0,-1610,30,652,0
1,105,9,1.304533274336339588e+00,2.565484585104112814e+00,1.341161613618936821e+00,-1.570796365034484943e+00,1.008513235647552353e-01,3.141592273778338829e+00,30,0.000000000000000000e+00,0,-1610,30,652,0
1,105,10,1.274588243177591895e+00,2.565535964707649441e+00,1.341231359588828553e+00,-1.570979264229587891e+00,9.912990416839795316e-02,3.139744198409051279e+00,60,0.000000000000000000e+00,0,-1610,30,652,0
1,105,11,1.244643221065785177e+00,2.565587353038801588e+00,1.341300916147890376e+00,-1.571155739747281510e+00,9.740816259302254032e-02,3.137897066670179314e+00,60,0.000000000000000000e+00,0,-1610,30,652,0
1,105,12,1.214730793313758550e+00,2.565628296141570619e+00,1.341471809630072176e+00,-1.571431514464773915e+00,9.603555030308363882e-02,3.134968482945850621e+00,60,0.000000000000000000e+00,0,-1610,30,652,0
1,105,13,1.211589041316498250e+00,2.535624471915707723e+00,1.338624826051581396e+00,-1.571321501260669162e+00,9.616427991431764077e-02,3.136123059529694945e+00,30,0.000000000000000000e+00,0,-1610,30,652,0
1,105,14,1.241568943611978115e+00,2.535611318806268777e+00,1.338454379776842229e+00,-1.571260269206233406e+00,9.660508046157900708e-02,3.136782748432297208e+00,60,0.000000000000000000e+00,0,-1610,30,652,0
1,105,15,1.271548846656160192e+00,2.535598166262053255e+00,1.338283914821539966e+00,-1.571198450319080120e+00,9.704584187943243734e-02,3.137442520901069454e+00,60,0.000000000000000000e+00,0,-1610,30,652,0
1,105,16,1.301494353697519868e+00,2.535549202670373425e+00,1.338177754146047782e+00,-1.571025342329169572e+00,9.868637486587883423e-02,3.139268246814471919e+00,60,0.000000000000000000e+00,0,-1610,30,652,0
1,105,17,1.302736913040360545e+00,2.505598400897624867e+00,1.335254270259963461e+00,-1.571199558305978794e+00,9.703797907039790616e-02,3.137430749865358859e+00,30,0.000000000000000000e+00,0,-1610,30,652,0
1,105,18,1.272748044212176355e+00,2.505605542906328420e+00,1.335424193526973502e+00,-1.571233194232659613e+00,9.679864201806420709e-02,3.137072471667391227e+00,60,0.000000000000000000e+00,0,-1610,30,652,0
1,105,19,1.242759175607144773e+00,2.505612685083296487e+00,1.335594111285808960e+00,-1.571266657108551179e+00,9.655929331007118144e-02,3.136714218167975687e+00,60,0.000000000000000000e+00,0,-1610,30,652,0
1,105,20,1.212770307222318378e+00,2.505619827426553314e+00,1.335764023536289979e+00,-1.571299946948479409e+00,9.631993309185049590e-02,3.136355989296041535e+00,60,0.000000000000000000e+00,0,-1610,30,652,0
1,105,21,1.213503770072339893e+00,2.475618170341759683e+00,1.332906037036834190e+00,-1.571292238904077543e+00,9.637546723686618577e-02,3.136439098533599257e+00,30,0.000000000000000000e+00,0,-1610,30,652,0
1,105,22,1.243495980104392551e+00,2.475613268199513328e+00,1.332736324401096795e+00,-1.571269381478084259e+00,9.653975165017558702e-02,3.136684970361196978e+00,60,0.000000000000000000e+00,0,-1610,30,652,0
1,105,23,1.273488190240065432e+00,2.475608366135525706e+00,1.332566609170493521e+00,-1.571246442539400157e+00,9.670403064687538297e-02,3.136930853787501583e+00,60,0.000000000000000000e+00,0,-1610,30,652,0
1,105,24,1.303480400480311552e+00,2.475603464150436306e+00,1.332396891345082546e+00,-1.571223422083226851e+00,9.686830417994518605e-02,3.137176748835491580e+00,60,0.000000000000000000e+00,0,-1610,30,652,0
1,105,25,1.300961880826597694e+00,2.446045159313640305e+00,1.329670749944994679e+00,-1.571592857056856030e+00,8.208294364019397271e-02,3.131878083604616503e+00,30,0.000000000000000000e+00,0,-1610,30,652,0
1,105,26,1.270996332985110833e+00,2.446071800444092670e+00,1.329864717251468376e+00,-1.571676200970399284e+00,8.119103713032993497e-02,3.130744075866390475e+00,60,0.000000000000000000e+00,0,-1610,30,652,0
1,105,27,1.241030786936711428e+00,2.446098443594245886e+00,1.330058622559603165e+00,-1.571757509908333628e+00,8.029904560346157183e-02,3.129610305974909412e+00,60,0.000000000000000000e+00,0,-1610,30,652,0
1,105,28,1.211065242576201628e+00,2.446125088681272874e+00,1.330252465863713596e+00,-1.571836784502811390e+00,7.940697457896783718e-02,3.128476770540458141e+00,60,0.000000000000000000e+00,0,-1610,30,652,0
1,105,29,1.006310176178172311e+00,2.416296883371287230e+00,1.330581346522831554e+00,-1.573132497414777342e+00,7.363347937423103673e-02,3.109847559063131150e+00,30,1.000000000000000000e+00,0,-1610,30,652,0
1,105,30,1.036167777273258928e+00,2.416283662838262014e+00,1.329697805372174635e+00,-1.572825780878239765e+00,7.408461208813754695e-02,3.114180676334829645e+00,60,0.000000000000000000e+00,0,-1610,30,652,0
1,105,31,1.065893509426763863e+00,2.416260381086123399e+00,1.328933850056890131e+00,-1.572188161740619039e+00,7.487765984215188908e-02,3.122989286806896025e+00,60,0.000000000000000000e+00,0,-1610,30,652,0
1,105,32,1.095856490802641581e+00,2.416258989406318669e+00,1.328742264753343783e+00,-1.572097675526589189e+00,7.492581091343186728e-02,3.124209636312673677e+00,60,0.000000000000000000e+00,0,-1610,30,652,0
1,105,33,1.125819471433984642e+00,2.416257597719591033e+00,1.328550635082778042e+00,-1.572007072949804574e+00,7.497385318328597670e-02,3.125430002289862230e+00,60,0.000000000000000000e+00,0,-1610,30,652,0
1,105,34,1.155782451401784483e+00,2.416256206029037568e+00,1.328358961043744291e+00,-1.571916354205682875e+00,7.502178633514033912e-02,3.126650383827717317e+00,60,0.000000000000000000e+00,0,-1610,30,652,0
1,105,35,1.185745430787036314e+00,2.416254814337754464e+00,1.328167242634991085e+00,-1.571825519490681167e+00,7.506961005288648181e-02,3.127870780015311603e+00,60,0.000000000000000000e+00,0,-1610,30,652,0
1,105,36,1.179036745289149701e+00,2.386254153903497599e+00,1.325952980008718196e+00,-1.571782372848923082e+00,7.509226668623258938e-02,3.128449930726063144e+00,30,0.000000000000000000e+00,0,-1610,30,652,0
1,105,37,1.149080290196835996e+00,2.386255794993444646e+00,1.326144644067967171e+00,-1.571889538263591124e+00,7.503592245513091008e-02,3.127010825928149718e+00,60,0.000000000000000000e+00,0,-1610,30,652,0
1,105,38,1.119123834327738765e+00,2.386257436083648376e+00,1.326336246429484556e+00,-1.571996542498659721e+00,7.497942592330519851e-02,3.125571741126922376e+00,60,0.000000000000000000e+00,0,-1610,30,652,0
1,105,39,1.089167377549047799e+00,2.386259077169031961e+00,1.326527787095255873e+00,-1.572103385231648387e+00,7.492277760892518401e-02,3.124132677816106707e+00,60,0.000000000000000000e+00,0,-1610,30,652,0
1,105,40,1.059213070400543355e+00,2.386260924843877973e+00,1.326728951032602133e+00,-1.572214868933638154e+00,7.485898011552949427e-02,3.122627679577920201e+00,60,0.000000000000000000e+00,0,-1610,30,652,0
1,105,41,1.029421717836744188e+00,2.386278427884924280e+00,1.327663302553836022e+00,-1.572686289424685580e+00,7.426333192174872089e-02,3.116125250513461342e+00,60,0.000000000000000000e+00,0,-1610,30,652,0
1,105,42,1.008219635294417493e+00,2.356282264562402418e+00,1.326081872016150243e+00,-1.572788589989613683e+00,7.413237418750506791e-02,3.114700070300466805e+00,30,0.000000000000000000e+00,0,-1610,30,652,0
1,105,43,1.038067482451918488e+00,2.356269857835258108e+00,1.325146977651031843e+00,-1.572456434859445640e+00,7.455534843771616238e-02,3.119308893576921538e+00,60,0.000000000000000000e+00,0,-1610,30,652,0
1,105,44,1.067941282825293881e+00,2.356260173863848451e+00,1.324406184366411887e+00,-1.572174695612979844e+00,7.488483647767862905e-02,3.123170997269884452e+00,60,0.000000000000000000e+00,0,-1610,30,652,0
1,105,45,1.097888367732481774e+00,2.356258174482416479e+00,1.324214815287291902e+00,-1.572044635837606563e+00,7.495395605931842731e-02,3.124924239295412853e+00,60,0.000000000000000000e+00,0,-1610,30,652,0
1,105,46,1.127835451200832617e+00,2.356256175090439164e+00,1.324023354632618554e+00,-1.571914336124936362e+00,7.502285069152692110e-02,3.126677514217308662e+00,60,0.000000000000000000e+00,0,-1610,30,652,0
1,105,47,1.157782533470518294e+00,2.356254175697097608e+00,1.323831802398565571e+00,-1.571783797056913068e+00,7.509151943668412876e-02,3.128430819334515611e+00,60,0.000000000000000000e+00,0,-1610,30,652,0
1,105,48,1.187729614781723120e+00,2.356252176311573798e+00,1.323640158582148452e+00,-1.571653019219889202e+00,7.515996135917024645e-02,3.130184151945217153e+00,60,0.000000000000000000e+00,0,-1610,30,652,0
1,105,49,1.176896982541690617e+00,2.326250760042852139e+00,1.321452291680264013e+00,-1.571560237693065742e+00,7.520830491291996545e-02,3.131426152300667454e+00,30,0.000000000000000000e+00,0,-1610,30,652,0
1,105,50,1.146964510976877349e+00,2.326253317877927440e+00,1.321643865189453315e+00,-1.571727717258543988e+00,7.512091164031020618e-02,3.129183067098360027e+00,60,0.000000000000000000e+00,0,-1610,30,652,0
1,105,51,1.117032038012027328e+00,2.326255875732244682e+00,1.321835288808768327e+00,-1.571894806457064142e+00,7.503314648259307162e-02,3.126940024995653822e+00,60,0.000000000000000000e+00,0,-1610,30,652,0
1,105,52,1.087099563144237946e+00,2.326258433586579688e+00,1.322026562543948458e+00,-1.572061504058260395e+00,7.494501139753473318e-02,3.124697031650046419e+00,60,0.000000000000000000e+00,0,-1610,30,652,0
1,105,53,1.057173261754335902e+00,2.326261803333105949e+00,1.322303476338326345e+00,-1.572238714523245928e+00,7.482915462942929530e-02,3.122301287833448402e+00,60,0.000000000000000000e+00,0,-1610,30,652,0
1,105,54,1.027294410626481858e+00,2.326271411835862946e+00,1.323239298783515316e+00,-1.572498252058557311e+00,7.450244945878581326e-02,3.118731584998653439e+00,60,0.000000000000000000e+00,0,-1610,30,652,0
1,105,55,1.010181354757084593e+00,2.296274054850516499e+00,1.321529971759913824e+00,-1.572569233702799885e+00,7.441242670691727845e-02,3.117749731347104536e+00,30,0.000000000000000000e+00,0,-1610,30,652,0
1,105,56,1.040079805586042516e+00,2.296266214363630098e+00,1.320593984168209500e+00,-1.572358151831389605e+00,7.467928296086601136e-02,3.120662475596818197e+00,60,0.000000000000000000e+00,0,-1610,30,652,0
1,105,57,1.069980652896432405e+00,2.296259645387174420e+00,1.319878645260462946e+00,-1.572140341462658686e+00,7.490312804329923857e-02,3.123634412356189660e+00,60,0.000000000000000000e+00,0,-1610,30,652,0
1,105,58,1.099887196324177863e+00,2.296256096188211249e+00,1.319687763195664054e+00,-1.571909189185600741e+00,7.502556485816569420e-02,3.126746704459831161e+00,60,0.000000000000000000e+00,0,-1610,30,652,0
1,105,59,1.129793736004647497e+00,2.296252546986091936e+00,1.319496592552401815e+00,-1.571677282743883630e+00,7.514728975826345803e-02,3.129859091376456348e+00,60,0.000000000000000000e+00,0,-1610,30,652,0
1,105,60,1.159700273281381477e+00,2.296248997832176286e+00,1.319305133315988865e+00,-1.571444625427890873e+00,7.526829751487529307e-02,3.132971557991147460e+00,60,0.000000000000000000e+00,0,-1610,30,652,0
1,105,61,1.189620477596500914e+00,2.296246442952861955e+00,1.319109948243198938e+00,-1.571245588568460416e+00,7.535515220151767224e-02,3.135625152817406391e+00,60,0.000000000000000000e+00,0,-1610,30,652,0
1,105,62,1.174678517786154952e+00,2.266245903898200353e+00,1.316938185963017149e+00,-1.571139322995034338e+00,7.537372958831189962e-02,3.137037766519901627e+00,30,0.000000000000000000e+00,0,-1610,30,652,0
1,105,63,1.144723665976965954e+00,2.266246472758052022e+00,1.317140027955448600e+00,-1.571251462663634690e+00,7.535412066632174444e-02,3.135547047056880920e+00,60,0.000000000000000000e+00,0,-1610,30,652,0
1,105,64,1.114836914303954263e+00,2.266250365582899828e+00,1.317335168328499506e+00,-1.571534374752090901e+00,7.522174926094549186e-02,3.131772078734258447e+00,60,0.000000000000000000e+00,0,-1610,30,652,0
1,105,65,1.084989132178520110e+00,2.266256160850855128e+00,1.317525869787721238e+00,-1.571913407277901520e+00,7.502334054660142471e-02,3.126690001063716196e+00,60,0.000000000000000000e+00,0,-1610,30,652,0
1,105,66,1.055127399427075119e+00,2.266262135692306501e+00,1.317878075330221943e+00,-1.572247730945211863e+00,7.481786878296259324e-02,3.122177804806105073e+00,60,0.000000000000000000e+00,0,-1610,30,652,0
1,105,67,1.025215444192570047e+00,2.266268757499956266e+00,1.318814401967110195e+00,-1.572426788584416979e+00,7.459279037995458772e-02,3.119717672142271692e+00,60,0.000000000000000000e+00,0,-1610,30,652,0
1,105,68,1.012302768604216308e+00,2.236580097087051300e+00,1.316995884150810703e+00,-1.572455392419855880e+00,6.418608413010273850e-02,3.115732892688023892e+00,30,0.000000000000000000e+00,0,-1610,30,652,0
1,105,69,1.042162692706071647e+00,2.236388671440217024e+00,1.316048590989505218e+00,-1.572325539868221433e+00,7.058634621403947484e-02,3.119913601198361697e+00,60,0.000000000000000000e+00,0,-1610,30,652,0
1,105,70,1.071932070374367774e+00,2.236255469367625093e+00,1.315352290404997238e+00,-1.571868287272274900e+00,7.504711442518607889e-02,3.127296372059507057e+00,60,0.000000000000000000e+00,0,-1610,30,652,0
1,105,71,1.101684602409920721e+00,2.236246463798410744e+00,1.315157591272444915e+00,-1.571249696887493830e+00,7.535443080079784473e-02,3.135570526176829187e+00,60,0.000000000000000000e+00,0,-1610,30,652,0
1,105,72,1.131645816029402729e+00,2.236245976322653650e+00,1.314955724961833772e+00,-1.571153603244582531e+00,7.537124232787961731e-02,3.136847975574369674e+00,60,0.000000000000000000e+00,0,-1610,30,652,0
1,105,73,1.161607029347758724e+00,2.236245488842954376e+00,1.314753810102522680e+00,-1.571057466847391559e+00,7.538793167304436160e-02,3.138125433740757586e+00,60,0.000000000000000000e+00,0,-1610,30,652,0
1,105,74,1.191568242457753390e+00,2.236245001360499529e+00,1.314551846693828185e+00,-1.570961287930404460e+00,7.540449871443954954e-02,3.139402899617643961e+00,60,0.000000000000000000e+00,0,-1610,30,652,0
1,105,75,1.202473104611002652e+00,2.207874558951924193e+00,1.312711540031955781e+00,-1.570825794272256548e+00,2.101618231891033695e-02,3.140190418544575035e+00,30,0.000000000000000000e+00,0,-1610,30,652,0
1,105,76,1.172523708461555847e+00,2.207871824295406071e+00,1.312970757734524430e+00,-1.570860749985317106e+00,2.110728011301099549e-02,3.138540257737451711e+00,60,0.000000000000000000e+00,0,-1610,30,652,0
1,105,77,1.142574311809690935e+00,2.207869089670336127e+00,1.313229893553511829e+00,-1.570896006449263194e+00,2.119831865733745602e-02,3.136890092629403437e+00,60,0.000000000000000000e+00,0,-1610,30,652,0
1,105,78,1.112624914452779112e+00,2.207866355087912069e+00,1.313488947490894176e+00,-1.570931563513240814e+00,2.128929683538394180e-02,3.135239925408771722e+00,60,0.000000000000000000e+00,0,-1610,30,652,0
1,105,79,1.082675516188201126e+00,2.207863620559331608e+00,1.313747919549317356e+00,-1.570967421021495447e+00,2.138021353117536272e-02,3.133589758264079705e+00,60,0.000000000000000000e+00,0,-1610,30,652,0
1,105,80,1.053506160341209918e+00,2.207791733755486874e+00,1.314204249316498929e+00,-1.571640565636435838e+00,2.376274689344670676e-02,3.106076411927654490e+00,60,0.000000000000000000e+00,0,-1610,30,652,0
1,105,81,1.023611857862416930e+00,2.207779173442929288e+00,1.315356927741222037e+00,-1.571722757210687327e+00,2.417879539134393241e-02,3.103291826738518111e+00,60,0.000000000000000000e+00,0,-1610,30,652,0
1,105,82,9.937036067837790032e-01,2.207768192473371638e+00,1.316511614704991118e+00,-1.571793642551042591e+00,2.454242378576232397e-02,3.100974512624009360e+00,60,0.000000000000000000e+00,0,-1610,30,652,0
1,105,83,9.637953484627808098e-01,2.207757211564679967e+00,1.317666136898435036e+00,-1.571866219224717032e+00,2.490585281606461088e-02,3.098657128359330049e+00,60,0.000000000000000000e+00,0,-1610,30,652,0
1,105,84,9.338870823269858068e-01,2.207746230807434706e+00,1.318820494347820338e+00,-1.571940486481476995e+00,2.526907363430352937e-02,3.096339678805774653e+00,60,0.000000000000000000e+00,0,-1610,30,652,0
1,105,85,9.039997578742970941e-01,2.207709573119051250e+00,1.320055339547055784e+00,-1.572072298708184324e+00,2.648658174432338974e-02,3.093449946053218991e+00,60,0.000000000000000000e+00,0,-1610,30,652,0
1,105,86,8.742226437112692317e-01,2.207537751513140911e+00,1.321713526974929831e+00,-1.572538054130478091e+00,3.220010413360241408e-02,3.087545202390482135e+00,60,0.000000000000000000e+00,0,-1610,30,652,0
1,105,87,8.444453875568072032e-01,2.207365959672601630e+00,1.323369692952383714e+00,-1.573071418872202809e+00,3.790891792352235612e-02,3.081635429643223123e+00,60,0.000000000000000000e+00,0,-1610,30,652,0
1,105,88,8.146508320258434299e-01,2.207153261204269690e+00,1.325237026905762505e+00,-1.573716664393114417e+00,4.497853294659037715e-02,3.076734305093706379e+00,60,0.000000000000000000e+00,0,-1610,30,652,0
1,105,89,8.058854958293906190e-01,2.177982601888234004e+00,1.324776848212914526e+00,-1.571894367301616580e+00,1.737945557779840833e-02,3.078492952262812832e+00,30,0.000000000000000000e+00,0,-1610,30,652,0
1,105,90,8.357018325988410101e-01,2.177911964588774119e+00,1.323111620950595757e+00,-1.571952629692997316e+00,1.973524811643101451e-02,3.083064998822929947e+00,60,0.000000000000000000e+00,0,-1610,30,652,0
1,105,91,8.655181289860927052e-01,2.177841329820595639e+00,1.321445600803954568e+00,-1.571989362666529555e+00,2.209191322633152765e-02,3.087637369390131337e+00,60,0.000000000000000000e+00,0,-1610,30,652,0
1,105,92,8.953343904330020031e-01,2.177770700388018454e+00,1.319778787531391995e+00,-1.572004552540579914e+00,2.444922297268048439e-02,3.092210130562098591e+00,60,0.000000000000000000e+00,0,-1610,30,652,0
1,105,93,9.251915436015487604e-01,2.177743885189951989e+00,1.318380091258980036e+00,-1.571956570084765303e+00,2.534663492725286460e-02,3.095844630654064566e+00,60,0.000000000000000000e+00,0,-1610,30,652,0
1,105,94,9.550860238027683025e-01,2.177757047742796104e+00,1.317226419358991540e+00,-1.571867314787916747e+00,2.491127321405195438e-02,3.098622555086540054e+00,60,0.000000000000000000e+00,0,-1610,30,652,0
1,105,95,9.849804927628751372e-01,2.177770210515190374e+00,1.316072510743859336e+00,-1.571780488620587946e+00,2.447561213766080712e-02,3.101400385811806437e+00,60,0.000000000000000000e+00,0,-1610,30,652,0
1,105,96,1.014874951467831243e+00,2.177783373351121821e+00,1.314918365368737518e+00,-1.571696092867205463e+00,2.403966693803250010e-02,3.104178114457465831e+00,60,0.000000000000000000e+00,0,-1610,30,652,0
1,105,97,1.044608142943422413e+00,2.177813633479128708e+00,1.313846610941414861e+00,-1.571468298729620683e+00,2.303774908504352403e-02,3.112430040744214921e+00,60,0.000000000000000000e+00,0,-1610,30,652,0
1,105,98,1.074272079423607140e+00,2.177847091505902721e+00,1.313142244073881360e+00,-1.571197877907323015e+00,2.192831998335531551e-02,3.123281244803536527e+00,60,0.000000000000000000e+00,0,-1610,30,652,0
1,105,99,1.104098672698632155e+00,2.177856318279543846e+00,1.312920188877854777e+00,-1.571067806692650226e+00,2.162265968359333712e-02,3.129036992209680346e+00,60,0.000000000000000000e+00,0,-1610,30,652,0
1,105,100,1.133950609937055098e+00,2.177864209061395773e+00,1.312689298702267582e+00,-1.570959678641470791e+00,2.136065228871730781e-02,3.133944896217862652e+00,60,0.000000000000000000e+00,0,-1610,30,652,0
1,105,101,1.163891773635805427e+00,2.177867398673887234e+00,1.312430366945539051e+00,-1.570917958502367595e+00,2.125458425910942140e-02,3.135869674628769310e+00,60,0.000000000000000000e+00,0,-1610,30,652,0
1,105,102,1.193832936204857420e+00,2.177870588353819858e+00,1.312171323789251165e+00,-1.570876647205695420e+00,2.114843316091818970e-02,3.137794452006665402e+00,60,0.000000000000000000e+00,0,-1610,30,652,0
1,105,103,1.200308321071533291e+00,2.147866961335087588e+00,1.311500229597925671e+00,-1.570923654657540247e+00,2.126913242127237424e-02,3.135605764235549486e+00,30,0.000000000000000000e+00,0,-1610,30,652,0
1,105,104,1.170381734434486676e+00,2.147862982201493853e+00,1.311755692857197397e+00,-1.570976061812888736e+00,2.140142686366686142e-02,3.133193937196165457e+00,60,0.000000000000000000e+00,0,-1610,30,652,0
1,105,105,1.140483836122209826e+00,2.147857568439196729e+00,1.311979474295972059e+00,-1.571050454795920315e+00,2.158118594704849791e-02,3.129816841679745387e+00,60,0.000000000000000000e+00,0,-1610,30,652,0
1,105,106,1.110585933802535674e+00,2.147852154629760424e+00,1.312202912879400385e+00,-1.571126064843902936e+00,2.176068689307708581e-02,3.126439692303305762e+00,60,0.000000000000000000e+00,0,-1610,30,652,0
1,105,107,1.080688025739136693e+00,2.147846740866020454e+00,1.312426008631479402e+00,-1.571202890614793457e+00,2.193992045002546298e-02,3.123062507863628046e+00,60,0.000000000000000000e+00,0,-1610,30,652,0
1,105,108,1.050858438472636047e+00,2.147831571843751952e+00,1.312981918842689888e+00,-1.571334088323687705e+00,2.244300445854530146e-02,3.117634015560566407e+00,60,0.000000000000000000e+00,0,-1610,30,652,0
1,105,109,1.021119019946901130e+00,2.147803523183025032e+00,1.313976140226431832e+00,-1.571546677912579737e+00,2.337260682825714753e-02,3.109496880586697820e+00,60,0.000000000000000000e+00,0,-1610,30,652,0
1,105,110,9.913097882892845103e-01,2.147781509731758742e+00,1.315052334523464816e+00,-1.571707894054007015e+00,2.410140564751572789e-02,3.103784844442755819e+00,60,0.000000000000000000e+00,0,-1610,30,652,0
1,105,111,9.614359558002816275e-01,2.147765082982719065e+00,1.316205521457419536e+00,-1.571814022571216052e+00,2.464535715280069539e-02,3.100318302321226405e+00,60,0.000000000000000000e+00,0,-1610,30,652,0
1,105,112,9.315621067415431611e-01,2.147748656427284075e+00,1.317358339684131741e+00,-1.571923935487383517e+00,2.518885691323258236e-02,3.096851606297808424e+00,60,0.000000000000000000e+00,0,-1610,30,652,0
1,105,113,9.017148658976226194e-01,2.147762612117254388e+00,1.318660119992916213e+00,-1.572004916720935785e+00,2.471922147069616216e-02,3.092733847594812513e+00,60,0.000000000000000000e+00,0,-1610,30,652,0
1,105,114,8.719325986752795021e-01,2.147850755159566916e+00,1.320325575059436263e+00,-1.571985706260929039e+00,2.177739482166241025e-02,3.087027205777707284e+00,60,0.000000000000000000e+00,0,-1610,30,652,0
1,105,115,8.421502759052761355e-01,2.147938905928827413e+00,1.321989794947981078e+00,-1.571932947039557993e+00,1.883661951324078210e-02,3.081321158451642006e+00,60,0.000000000000000000e+00,0,-1610,30,652,0
1,105,116,8.123678870124328988e-01,2.148027058974462999e+00,1.323652780159621845e+00,-1.571846666637748857e+00,1.589733847436125558e-02,3.075615576239920212e+00,60,0.000000000000000000e+00,0,-1610,30,652,0
1,105,117,8.085387489206328215e-01,2.118179312150992200e+00,1.323673231603461176e+00,-1.571578491883203199e+00,1.082821763554053796e-02,3.069482511131061742e+00,30,0.000000000000000000e+00,0,-1610,30,652,0
1,105,118,8.382653020567680802e-01,2.118024497922168070e+00,1.321444823592737183e+00,-1.571849645805880824e+00,1.598270690450065423e-02,3.075781332584427652e+00,60,0.000000000000000000e+00,0,-1610,30,652,0
1,105,119,8.679913009398672052e-01,2.117907278870081456e+00,1.319784575854046516e+00,-1.571955733278562528e+00,1.989155472095394117e-02,3.083368299630072862e+00,60,0.000000000000000000e+00,0,-1610,30,652,0
1,105,120,8.977171896146503016e-01,2.117790067300799883e+00,1.318122144666958651e+00,-1.572002531727996200e+00,2.380276370879585990e-02,3.090956171124716434e+00,60,0.000000000000000000e+00,0,-1610,30,652,0
1,105,121,9.275052980546838466e-01,2.117748955837348124e+00,1.316738976327614052e+00,-1.571921898213174629e+00,2.517895453642049475e-02,3.096914796474351306e+00,60,0.000000000000000000e+00,0,-1610,30,652,0
1,105,122,9.573449158638644985e-01,2.117770798702404367e+00,1.315587676054533306e+00,-1.571776665472622181e+00,2.445613767594556620e-02,3.101524512141826673e+00,60,0.000000000000000000e+00,0,-1610,30,652,0
1,105,123,9.871810734352699512e-01,2.117792403774957144e+00,1.314454449120659563e+00,-1.571635157903264801e+00,2.374058414449198295e-02,3.106270810257610204e+00,60,0.000000000000000000e+00,0,-1610,30,652,0
1,105,124,1.016991823478162971e+00,2.117812250204619051e+00,1.313458812824200628e+00,-1.571478905958577421e+00,2.308357892857570981e-02,3.112028737118647470e+00,60,0.000000000000000000e+00,0,-1610,30,652,0
1,105,125,1.046802540479070842e+00,2.117832097167188010e+00,1.312462170322719945e+00,-1.571330251584343252e+00,2.242557589618443536e-02,3.117786410202276315e+00,60,0.000000000000000000e+00,0,-1610,30,652,0
1,105,126,1.076661995530634686e+00,2.117845259229226063e+00,1.311787790338477588e+00,-1.571224128255191310e+00,2.198892586606171484e-02,3.122138225068540329e+00,60,0.000000000000000000e+00,0,-1610,30,652,0
1,105,127,1.106589512034661826e+00,2.117849089909837446e+00,1.311564263286981280e+00,-1.571169406361862197e+00,2.186218367079661995e-02,3.124527885824586182e+00,60,0.000000000000000000e+00,0,-1610,30,652,0
1,105,128,1.136517025170824979e+00,2.117852920639641479e+00,1.311340564595750546e+00,-1.571115292759932780e+00,2.173530497874076595e-02,3.126917534353628625e+00,60,0.000000000000000000e+00,0,-1610,30,652,0
1,105,129,1.166444535554214124e+00,2.117856751385748026e+00,1.311116694253316783e+00,-1.571061787945839949e+00,2.160829306517375592e-02,3.129307163995377561e+00,60,0.000000000000000000e+00,0,-1610,30,652,0
1,105,130,1.196372043799969420e+00,2.117860582115267398e+00,1.310892652251158585e+00,-1.571008892395177270e+00,2.148115120775839770e-02,3.131696768090578509e+00,60,0.000000000000000000e+00,0,-1610,30,652,0
1,105,131,1.198176628087881168e+00,2.087856876028673980e+00,1.310210743771057729e+00,-1.571060057263162113e+00,2.160415821031902439e-02,3.129384916254744908e+00,30,0.000000000000000000e+00,0,-1610,30,652,0
1,105,132,1.168232907746485250e+00,2.087853912000738443e+00,1.310434870730814882e+00,-1.571101387805693417e+00,2.170244812629529285e-02,3.127535950280074584e+00,60,0.000000000000000000e+00,0,-1610,30,652,0
1,105,133,1.138289185852349839e+00,2.087850947977467175e+00,1.310658894924157991e+00,-1.571143082895192444e+00,2.180065879229675652e-02,3.125686971966052496e+00,60,0.000000000000000000e+00,0,-1610,30,652,0
1,105,134,1.108345462120536862e+00,2.087847983974096433e+00,1.310882816355892322e+00,-1.571185142305283833e+00,2.189878869069405987e-02,3.123837984397754397e+00,60,0.000000000000000000e+00,0,-1610,30,652,0
1,105,135,1.078401736266128230e+00,2.087845020005860253e+00,1.311106635031878742e+00,-1.571227565802125081e+00,2.199683630473803220e-02,3.121988990660608199e+00,60,0.000000000000000000e+00,0,-1610,30,652,0
1,105,136,1.048508883221299426e+00,2.087835348145271830e+00,1.311749733120200823e+00,-1.571306626296953945e+00,2.231770456741322128e-02,3.118729505488805565e+00,60,0.000000000000000000e+00,0,-1610,30,652,0
1,105,137,1.018659131118095251e+00,2.087819991629769500e+00,1.312747735318442688e+00,-1.571420018107548833e+00,2.282703393724649921e-02,3.114274588816340561e+00,60,0.000000000000000000e+00,0,-1610,30,652,0
1,105,138,9.888093612618675810e-01,2.087804635199953740e+00,1.313745135052096780e+00,-1.571537960546896873e+00,2.333578896574994843e-02,3.109819500497188027e+00,60,0.000000000000000000e+00,0,-1610,30,652,0
1,105,139,9.589634370872806013e-01,2.087788426455207791e+00,1.314749502225746935e+00,-1.571664339781588149e+00,2.387223838745478055e-02,3.105244436067204461e+00,60,0.000000000000000000e+00,0,-1610,30,652,0
1,105,140,9.291917467729278179e-01,2.087755838334912184e+00,1.315898202918664328e+00,-1.571875414384855008e+00,2.495128766354226535e-02,3.098367318739885690e+00,60,0.000000000000000000e+00,0,-1610,30,652,0
1,105,141,8.994866121737201681e-01,2.087810792801326532e+00,1.317261878079884152e+00,-1.571998574228357981e+00,2.311101583468944121e-02,3.089614322687049608e+00,60,0.000000000000000000e+00,0,-1610,30,652,0
1,105,142,8.698725537269531571e-01,2.087985669731106331e+00,1.318918100302064911e+00,-1.571891349334614052e+00,1.727716509781007659e-02,3.078294391302179189e+00,60,0.000000000000000000e+00,0,-1610,30,652,0
1,105,143,8.401439311384875097e-01,2.088117323868207809e+00,1.321031733475835690e+00,-1.571697393106365359e+00,1.289140107130926083e-02,3.071807509855228879e+00,60,0.000000000000000000e+00,0,-1610,30,652,0
1,105,144,8.103600704966222867e-01,2.088228128392219940e+00,1.323366827951502955e+00,-1.571478108747971891e+00,9.203922646837670030e-03,3.067651494053147854e+00,60,0.000000000000000000e+00,0,-1610,30,652,0
1,105,145,8.110471386728292931e-01,2.058256708967081572e+00,1.323148868862436878e+00,-1.571416578259848595e+00,8.253142934357748928e-03,3.066579442314305570e+00,30,0.000000000000000000e+00,0,-1610,30,652,0
1,105,146,8.408608207063696938e-01,2.058172424159288472e+00,1.320812189543383530e+00,-1.571592177388201783e+00,1.105744056540558518e-02,3.069740862859286601e+00,60,0.000000000000000000e+00,0,-1610,30,652,0
1,105,147,8.706744671639206068e-01,2.058088142343815097e+00,1.318474974419654222e+00,-1.571750047391457183e+00,1.386289114386629606e-02,3.072902011035628878e+00,60,0.000000000000000000e+00,0,-1610,30,652,0
1,105,148,9.002455594829819052e-01,2.057884446246546872e+00,1.316459177194726715e+00,-1.571969500846471357e+00,2.065326630134434183e-02,3.084846260356393088e+00,60,0.000000000000000000e+00,0,-1610,30,652,0
1,105,149,9.296949416900928131e-01,2.057773664852508677e+00,1.315103468324749336e+00,-1.571758105286297447e+00,2.436123344935170465e-02,3.102129358331655151e+00,60,0.000000000000000000e+00,0,-1610,30,652,0
1,105,150,9.594922193763959495e-01,2.057799364922389351e+00,1.314069277158608440e+00,-1.571579486967077166e+00,2.351025486823665744e-02,3.108290466013691855e+00,60,0.000000000000000000e+00,0,-1610,30,652,0
1,105,151,9.893666286865558934e-01,2.057811887829663622e+00,1.313071298079447669e+00,-1.571481690827140953e+00,2.309558413790324671e-02,3.111923607708622974e+00,60,0.000000000000000000e+00,0,-1610,30,652,0
1,105,152,1.019241024778107407e+00,2.057824410956375694e+00,1.312072918388323739e+00,-1.571386919559698558e+00,2.268051541606430632e-02,3.115556648976229415e+00,60,0.000000000000000000e+00,0,-1610,30,652,0
1,105,153,1.049115409833671908e+00,2.057836934051479716e+00,1.311074138019528101e+00,-1.571295175335322147e+00,2.226507348965678368e-02,3.119189568612213748e+00,60,0.000000000000000000e+00,0,-1610,30,652,0
1,105,154,1.079026621808910180e+00,2.057844779232058663e+00,1.310433837306456351e+00,-1.571231028026274235e+00,2.200479747167594091e-02,3.121838788819170762e+00,60,0.000000000000000000e+00,0,-1610,30,652,0
1,105,155,1.108980575428128779e+00,2.057847196319298799e+00,1.310209830142570864e+00,-1.571196380497607237e+00,2.192485214649875225e-02,3.123346629643956263e+00,60,0.000000000000000000e+00,0,-1610,30,652,0
1,105,156,1.138934527585412360e+00,2.057849613432596758e+00,1.309985754644400258e+00,-1.571161975054693460e+00,2.184485183198336955e-02,3.124854466911594297e+00,60,0.000000000000000000e+00,0,-1610,30,652,0
1,105,157,1.168888478435274658e+00,2.057852030563691148e+00,1.309761610808561016e+00,-1.571127811825802967e+00,2.176479735052438969e-02,3.126362298948713203e+00,60,0.000000000000000000e+00,0,-1610,30,652,0
1,105,158,1.198842428132239180e+00,2.057854447704318801e+00,1.309537398632136362e+00,-1.571093890935901349e+00,2.168468952491497959e-02,3.127870124082092751e+00,60,0.000000000000000000e+00,0,-1610,30,652,0
1,105,159,1.195886862570635589e+00,2.027852530202134407e+00,1.308891219257131588e+00,-1.571120780280228502e+00,2.174824287973287085e-02,3.126673976996300119e+00,30,0.000000000000000000e+00,0,-1610,30,652,0
1,105,160,1.165925870391967267e+00,2.027850489578196580e+00,1.309115500263373200e+00,-1.571149563778974523e+00,2.181584037779882301e-02,3.125401017542433380e+00,60,0.000000000000000000e+00,0,-1610,30,652,0
1,105,161,1.135964877321381739e+00,2.027848448964808092e+00,1.309339732562598835e+00,-1.571178519943212670e+00,2.188339948205708652e-02,3.124128053928339810e+00,60,0.000000000000000000e+00,0,-1610,30,652,0
1,105,162,1.106003883265904264e+00,2.027846408366940523e+00,1.309563916156720964e+00,-1.571207648696636650e+00,2.195091969755846861e-02,3.122855087160864240e+00,60,0.000000000000000000e+00,0,-1610,30,652,0
1,105,163,1.076042888132564990e+00,2.027844367789564561e+00,1.309788051047889201e+00,-1.571236949961265061e+00,2.201840052956027804e-02,3.121582118246924331e+00,60,0.000000000000000000e+00,0,-1610,30,652,0
1,105,164,1.046127402087192904e+00,2.027836753014561566e+00,1.310518757761868214e+00,-1.571296480049431121e+00,2.227108180790215997e-02,3.119137050797370581e+00,60,0.000000000000000000e+00,0,-1610,30,652,0
1,105,165,1.016236056547706879e+00,2.027826180615801999e+00,1.311518014222489148e+00,-1.571373771385794260e+00,2.262183095179359782e-02,3.116070028532047953e+00,60,0.000000000000000000e+00,0,-1610,30,652,0
1,105,166,9.863447033624015425e-01,2.027815608169229566e+00,1.312516985102676559e+00,-1.571453220391574312e+00,2.297231659920884184e-02,3.113002917441330730e+00,60,0.000000000000000000e+00,0,-1610,30,652,0
1,105,167,9.564533412179099248e-01,2.027805035825901658e+00,1.313515670439848737e+00,-1.571534825791987222e+00,2.332252383341537616e-02,3.109935730282170852e+00,60,0.000000000000000000e+00,0,-1610,30,652,0
1,105,168,9.265619688011246247e-01,2.027794463736872554e+00,1.314514070279584113e+00,-1.571618586191832367e+00,2.367243774641880627e-02,3.106868479818659434e+00,60,0.000000000000000000e+00,0,-1610,30,652,0
1,105,169,8.976259954106031724e-01,2.028078419773466035e+00,1.316199015371420256e+00,-1.571767118488360815e+00,1.418659970915281399e-02,3.073266672248792020e+00,60,0.000000000000000000e+00,0,-1610,30,652,0
1,105,170,8.677940594963859944e-01,2.028146423944890309e+00,1.318537405956045294e+00,-1.571642769555927188e+00,1.192276719451190736e-02,3.070716058517262148e+00,60,0.000000000000000000e+00,0,-1610,30,652,0
1,105,171,8.379621009313489299e-01,2.028214430518960221e+00,1.320875447675791126e+00,-1.571506876331497216e+00,9.659657742853822171e-03,3.068165286750026866e+00,60,0.000000000000000000e+00,0,-1610,30,652,0
1,105,172,8.081301183795190912e-01,2.028282438306865831e+00,1.323213140613292982e+00,-1.571359443523781874e+00,7.397343437456571635e-03,3.065614306507464359e+00,60,0.000000000000000000e+00,0,-1610,30,652,0
1,105,173,8.134736983717190117e-01,1.998521804468522234e+00,1.322630811580010723e+00,-1.570754251313942529e+00,-5.586122978535890127e-04,3.066413170664463284e+00,30,0.000000000000000000e+00,0,-1610,30,652,0
1,105,174,8.432924439916047454e-01,1.998702615049964937e+00,1.320293952883552890e+00,-1.570321230631587905e+00,-6.570106757440852263e-03,3.069405988552299736e+00,60,0.000000000000000000e+00,0,-1610,30,652,0
1,105,175,8.730045668979276030e-01,1.998994726898588592e+00,1.318210888955170246e+00,-1.569735114721581226e+00,-1.629047505131420159e-02,3.076538572019889450e+00,60,0.000000000000000000e+00,0,-1610,30,652,0
1,105,176,9.026308823286901539e-01,1.999340330760686513e+00,1.316360051076831628e+00,-1.569278364231368128e+00,-2.780661233473979976e-02,3.087049742183323175e+00,60,0.000000000000000000e+00,0,-1610,30,652,0
1,105,177,9.322655939657811253e-01,1.999397034481066315e+00,1.314980470684153468e+00,-1.569505218184774842e+00,-2.971088013895317737e-02,3.098157819552717740e+00,60,0.000000000000000000e+00,0,-1610,30,652,0
1,105,178,9.621776848863308196e-01,1.999429651238013861e+00,1.313792915398160677e+00,-1.569524072399287817e+00,-3.080037904460564135e-02,3.100303126855592062e+00,60,0.000000000000000000e+00,0,-1610,30,652,0
1,105,179,9.920897706991849141e-01,1.999462267131835835e+00,1.312605186627796572e+00,-1.569547599918215575e+00,-3.188993659475558573e-02,3.102448604613597283e+00,60,0.000000000000000000e+00,0,-1610,30,652,0
1,105,180,9.840930425753384725e-01,1.969472619277994330e+00,1.313751627758435792e+00,-1.569556044881817991e+00,-3.223577360699225736e-02,3.103129621715328135e+00,30,0.000000000000000000e+00,0,-1610,30,652,0
1,105,181,9.542279992047901782e-01,1.969416152646304319e+00,1.314938199098540483e+00,-1.569515702696472559e+00,-3.034947362352324873e-02,3.099415255648732881e+00,60,0.000000000000000000e+00,0,-1610,30,652,0
1,105,182,9.244138630714608951e-01,1.969374354980343522e+00,1.316260890385023252e+00,-1.569423557447312767e+00,-2.895008239556062790e-02,3.094203011604062858e+00,60,0.000000000000000000e+00,0,-1610,30,652,0
1,105,183,8.946394176983236690e-01,1.969344004263109627e+00,1.317689115167627323e+00,-1.569293255442916202e+00,-2.793009690764236552e-02,3.087822025451527619e+00,60,0.000000000000000000e+00,0,-1610,30,652,0
1,105,184,8.648557314370919347e-01,1.969208171384835948e+00,1.319441653170811524e+00,-1.569408735117675313e+00,-2.340014115937516515e-02,3.082358148232257733e+00,60,0.000000000000000000e+00,0,-1610,30,652,0
1,105,185,8.350676981363005513e-01,1.969023369490801034e+00,1.321343446970055346e+00,-1.569686513616353807e+00,-1.724421606980341970e-02,3.077319513492795089e+00,60,0.000000000000000000e+00,0,-1610,30,652,0
1,105,186,8.052795589346306571e-01,1.968838549861443576e+00,1.323243341493344438e+00,-1.570026300066876601e+00,-1.109190814336691311e-02,3.072280042205912665e+00,60,0.000000000000000000e+00,0,-1610,30,652,0
1,105,187,8.160292171380787440e-01,1.940136268819863119e+00,1.323614809862303954e+00,-1.566724410751056951e+00,-5.425005289349282833e-02,3.066637809212847010e+00,30,0.000000000000000000e+00,0,-1610,30,652,0
1,105,188,8.457747068082170916e-01,1.940151858260338535e+00,1.321551500531657819e+00,-1.567020440056099861e+00,-5.479311222580940388e-02,3.072755065668074881e+00,60,0.000000000000000000e+00,0,-1610,30,652,0
1,105,189,8.753473629190720029e-01,1.940344054314755651e+00,1.319581356746024170e+00,-1.567318255583324493e+00,-6.124175445628909920e-02,3.084825483120020806e+00,60,0.000000000000000000e+00,0,-1610,30,652,0
1,105,190,9.050675862344945699e-01,1.939734498661134454e+00,1.318121823633362943e+00,-1.568807043628172249e+00,-4.094654922982243761e-02,3.093034774049045144e+00,30,0.000000000000000000e+00,0,-1610,30,652,0
1,105,191,9.349490202182453302e-01,1.939529912101204845e+00,1.316696460384394918e+00,-1.569234823653290034e+00,-3.413474849442210690e-02,3.095870353771521977e+00,60,0.000000000000000000e+00,0,-1610,30,652,0
1,105,192,9.647271910423578234e-01,1.939459293082189895e+00,1.315349928343919395e+00,-1.569545260879383841e+00,-3.179058304980397764e-02,3.102252961160012035e+00,60,0.000000000000000000e+00,0,-1610,30,652,0
1,105,193,9.945079913292889096e-01,1.939524183115432843e+00,1.314363551364598148e+00,-1.569689562026487240e+00,-3.396133210224050458e-02,3.109008943061289720e+00,60,0.000000000000000000e+00,0,-1610,30,652,0
1,105,194,9.817389491151837788e-01,1.910855610686119865e+00,1.316195326656671716e+00,-1.566889553452332606e+00,-7.833697196966782350e-02,3.091711381674355330e+00,30,0.000000000000000000e+00,0,-1610,30,652,0
1,105,195,9.515970284563373127e-01,1.911054033161073917e+00,1.317670713708285479e+00,-1.567066425853677503e+00,-8.498877853614428268e-02,3.097680836670194893e+00,60,0.000000000000000000e+00,0,-1610,30,652,0
1,105,196,9.218605177554568542e-01,1.911175649006111810e+00,1.319016585291381327e+00,-1.566195183917621803e+00,-8.902116718239660997e-02,3.089884151625906128e+00,60,0.000000000000000000e+00,0,-1610,30,652,0
1,105,197,8.922136632824155811e-01,1.911153354790443348e+00,1.320755494969962252e+00,-1.565339089326369670e+00,-8.822542130697486051e-02,3.079735126045171523e+00,60,0.000000000000000000e+00,0,-1610,30,652,0
1,105,198,8.625925330168688898e-01,1.911169889578533843e+00,1.322647648550558497e+00,-1.564358330150438237e+00,-8.871425217909068017e-02,3.069053832462007136e+00,60,0.000000000000000000e+00,0,-1610,30,652,0
1,105,199,8.328855815827322928e-01,1.912221733698996617e+00,1.324804575226864012e+00,-1.560887489295152974e+00,-1.238164732511961574e-01,3.061528274286762219e+00,30,0.000000000000000000e+00,0,-1610,30,652,0
1,105,200,8.032307283289230604e-01,1.912236034462227785e+00,1.327270147143689627e+00,-1.559830210454852928e+00,-1.242100606467810842e-01,3.053304928430696119e+00,60,0.000000000000000000e+00,0,-1610,30,652,0
1,105,201,8.192807889852158354e-01,1.882501697385302819e+00,1.329921324986973463e+00,-1.559596163372885869e+00,-1.331531146312170399e-01,3.057424457800648199e+00,30,0.000000000000000000e+00,0,-1610,30,652,0
1,105,202,8.491361764011040592e-01,1.882487967520271255e+00,1.327471448091017692e+00,-1.559834045768845989e+00,-1.327094530446106813e-01,3.058931537463487338e+00,60,0.000000000000000000e+00,0,-1610,30,652,0
1,105,203,8.787518758255001838e-01,1.882457120658911798e+00,1.325116703823467024e+00,-1.561214408299597345e+00,-1.317755559841238266e-01,3.068794494131237727e+00,60,0.000000000000000000e+00,0,-1610,30,652,0
1,105,204,9.084584795846057936e-01,1.882451748571966288e+00,1.323177387169163222e+00,-1.562252310634377750e+00,-1.316654840888769051e-01,3.076603005999934304e+00,60,0.000000000000000000e+00,0,-1610,30,652,0
1,105,205,9.381804548043426450e-01,1.882450654367114673e+00,1.321296819977493708e+00,-1.563226409989349364e+00,-1.316878805370405026e-01,3.084005038346205652e+00,60,0.000000000000000000e+00,0,-1610,30,652,0
1,105,206,9.679414158195223106e-01,1.882459295753223127e+00,1.319732280582502693e+00,-1.564093257183946761e+00,-1.320255308923723447e-01,3.090717023736988089e+00,60,0.000000000000000000e+00,0,-1610,30,652,0
1,105,207,9.977947559756414897e-01,1.882465998275682839e+00,1.318218907846596455e+00,-1.564565036867641368e+00,-1.322741436824941275e-01,3.094380593644048716e+00,60,0.000000000000000000e+00,0,-1610,30,652,0
1,105,208,9.754132649668525445e-01,1.853068548144309657e+00,1.323272477880999887e+00,-1.562328517511891501e+00,-1.524780558383378448e-01,3.085898589951320492e+00,30,0.000000000000000000e+00,0,-1610,30,652,0
1,105,209,9.455557813915989041e-01,1.853562221048978831e+00,1.324887651260986399e+00,-1.560816483150619938e+00,-1.690914238413401272e-01,3.082357470673722233e+00,60,0.000000000000000000e+00,0,-1610,30,652,0
1,105,210,9.160050443721914348e-01,1.853520326113535788e+00,1.326810008630195048e+00,-1.558691250953890606e+00,-1.675335995944817746e-01,3.069122516968228798e+00,60,0.000000000000000000e+00,0,-1610,30,652,0
1,105,211,8.862553180432066746e-01,1.853601603278440368e+00,1.329015226047061127e+00,-1.557510233140764200e+00,-1.702020486729978188e-01,3.063309464444760266e+00,60,0.000000000000000000e+00,0,-1610,30,652,0
1,105,212,8.566127602677564568e-01,1.853487661662664099e+00,1.331361570569124408e+00,-1.556313879434791936e+00,-1.662381585403944761e-01,3.054287805134560330e+00,60,0.000000000000000000e+00,0,-1610,30,652,0
1,105,213,8.532135405378986626e-01,1.854033504335778293e+00,1.331592988911190378e+00,-1.551275787111661364e+00,-1.843237541804634283e-01,3.035473652492237662e+00,30,0.000000000000000000e+00,0,-1610,30,652,0
1,106,1,1.215708409670738455e+00,2.416253422648838356e+00,1.327975479855464158e+00,-1.571734569002289472e+00,7.511732402088666660e-02,3.129091189941537454e+00,60,0.000000000000000000e+00,0,-1610,30,652,0
1,106,2,1.245671388133891888e+00,2.416252030965384989e+00,1.327783672704306861e+00,-1.571643502939031212e+00,7.516492792397611034e-02,3.130311612695110046e+00,60,0.000000000000000000e+00,0,-1610,30,652,0
1,106,3,1.275634366257498709e+00,2.416250639290491442e+00,1.327591821180859943e+00,-1.571552321500462090e+00,7.521242144746742575e-02,3.131532047364577132e+00,60,0.000000000000000000e+00,0,-1610,30,652,0
1,106,4,1.305597344122562564e+00,2.416249247627253904e+00,1.327399925284661997e+00,-1.571461024887169433e+00,7.525980427715639465e-02,3.132752493038314601e+00,60,0.000000000000000000e+00,0,-1610,30,652,0
1,106,5,1.298862560546941713e+00,2.386247589647825240e+00,1.325185706768057692e+00,-1.571352105913812691e+00,7.531611027206630560e-02,3.134206519998189222e+00,30,0.000000000000000000e+00,0,-1610,30,652,0
1,106,6,1.268906107233568559e+00,2.386249230685971501e+00,1.325377617630453031e+00,-1.571459912782115165e+00,7.526038040721005906e-02,3.132767350157546371e+00,60,0.000000000000000000e+00,0,-1610,30,652,0
1,106,7,1.238949653674694451e+00,2.386250871744683977e+00,1.325569466790992301e+00,-1.571567559780710388e+00,7.520449617814706222e-02,3.131328194335330828e+00,60,0.000000000000000000e+00,0,-1610,30,652,0
1,106,8,1.208993199737496083e+00,2.386252512818884952e+00,1.325761254250134025e+00,-1.571675046579137813e+00,7.514845809935133403e-02,3.129889054026591566e+00,60,0.000000000000000000e+00,0,-1610,30,652,0
1,106,9,1.217676695374640738e+00,2.356250176943049279e+00,1.323448423181223133e+00,-1.571522003204615547e+00,7.522817552539384778e-02,3.131937509346854664e+00,30,0.000000000000000000e+00,0,-1610,30,652,0
1,106,10,1.247623775489471010e+00,2.356248177600706040e+00,1.323256596194487544e+00,-1.571390749606236703e+00,7.529616100380986943e-02,3.133690888836153654e+00,60,0.000000000000000000e+00,0,-1610,30,652,0
1,106,11,1.277561612480285547e+00,2.356246393935288008e+00,1.323062265648532909e+00,-1.571235927698529711e+00,7.535684766907135845e-02,3.135753605412967548e+00,60,0.000000000000000000e+00,0,-1610,30,652,0
1,106,12,1.307471844789142468e+00,2.356245254275899370e+00,1.322860531576329324e+00,-1.571011192666889933e+00,7.539591869342876507e-02,3.138740125231675115e+00,60,0.000000000000000000e+00,0,-1610,30,652,0
1,106,13,1.296627081736024811e+00,2.326244626086055423e+00,1.320661000850686939e+00,-1.570887218743727942e+00,7.541716894753847100e-02,3.140386321859238272e+00,30,0.000000000000000000e+00,0,-1610,30,652,0
1,106,14,1.266694521431063203e+00,2.326245480112550723e+00,1.320862944634278779e+00,-1.571055744732490878e+00,7.538822945154821653e-02,3.138148312076879165e+00,60,0.000000000000000000e+00,0,-1610,30,652,0
1,106,15,1.236761960491701506e+00,2.326246334130654514e+00,1.321064739410764188e+00,-1.571224140233112632e+00,7.535891457588750342e-02,3.135910325901271722e+00,60,0.000000000000000000e+00,0,-1610,30,652,0
1,106,16,1.206829453209389946e+00,2.326248202246243846e+00,1.321260568277713210e+00,-1.571392369002771794e+00,7.529532434811048169e-02,3.133669274943123639e+00,60,0.000000000000000000e+00,0,-1610,30,652,0
1,106,17,1.219566417639294853e+00,2.296245760088333032e+00,1.318908132632550689e+00,-1.571110964621306838e+00,7.537866042146768031e-02,3.137414625495669629e+00,30,0.000000000000000000e+00,0,-1610,30,652,0
1,106,18,1.249512357171939758e+00,2.296245077217101471e+00,1.318706221755086450e+00,-1.570976256982297148e+00,7.540192878002494048e-02,3.139204114459674511e+00,60,0.000000000000000000e+00,0,-1610,30,652,0
1,106,19,1.279458296449428989e+00,2.296244394342429995e+00,1.318504215609345165e+00,-1.570841466296717392e+00,7.542495694329365286e-02,3.140993616800092703e+00,60,0.000000000000000000e+00,0,-1610,30,652,0
1,106,20,1.309404235726761234e+00,2.296243711467579551e+00,1.318302114194777053e+00,-1.570706593211457003e+00,7.544774457967329262e-02,-3.140402177572298115e+00,60,0.000000000000000000e+00,0,-1610,30,652,0
1,106,21,1.294497922584104677e+00,2.266243628426371171e+00,1.316130156861961886e+00,-1.570690186311154868e+00,7.545049926308045052e-02,-3.140184562356651554e+00,30,0.000000000000000000e+00,0,-1610,30,652,0
1,106,22,1.264543071455603851e+00,2.266244197295419927e+00,1.316332263308046091e+00,-1.570802556436449393e+00,7.543155713099647386e-02,3.141509988543575993e+00,60,0.000000000000000000e+00,0,-1610,30,652,0
1,106,23,1.234588220378057599e+00,2.266244766164998481e+00,1.316534303640095604e+00,-1.570914869508279521e+00,7.541244801351654203e-02,3.140019238945196633e+00,60,0.000000000000000000e+00,0,-1610,30,652,0
1,106,24,1.204633369204047177e+00,2.266245335033220343e+00,1.316736277858232329e+00,-1.571027125152324455e+00,7.539317210185059182e-02,3.138528497709963450e+00,60,0.000000000000000000e+00,0,-1610,30,652,0
1,106,25,1.221529455452153412e+00,2.236244513876476159e+00,1.314349834735303313e+00,-1.570865066728522663e+00,7.542094333080706647e-02,3.140680372146596788e+00,30,0.000000000000000000e+00,0,-1610,30,652,0
1,106,26,1.251490668423726138e+00,2.236244026392070872e+00,1.314147774226737564e+00,-1.570768803477062381e+00,7.543726540148432136e-02,-3.141227456910480331e+00,60,0.000000000000000000e+00,0,-1610,30,652,0
1,106,27,1.281451881465239584e+00,2.236243538908470718e+00,1.313945665168156030e+00,-1.570672498411756379e+00,7.545346480640846565e-02,-3.139949974253002374e+00,60,0.000000000000000000e+00,0,-1610,30,652,0
1,106,28,1.311413094669461543e+00,2.236243051426861861e+00,1.313743507559820944e+00,-1.570576151768748430e+00,7.546954142611506100e-02,-3.138672488119209625e+00,60,0.000000000000000000e+00,0,-1610,30,652,0
1,106,29,1.292321292071207273e+00,2.207882762998175430e+00,1.311933395613064768e+00,-1.570722733073392163e+00,2.074254461042901454e-02,-3.138044453899625275e+00,30,0.000000000000000000e+00,0,-1610,30,652,0
1,106,30,1.262371896213188238e+00,2.207880028314507470e+00,1.312192858971525045e+00,-1.570756785677698941e+00,2.083381344990331563e-02,-3.139694588675929765e+00,60,0.000000000000000000e+00,0,-1610,30,652,0
1,106,31,1.232422500460667036e+00,2.207877293628690563e+00,1.312452240444500706e+00,-1.570791139456034546e+00,2.092502639204507631e-02,-3.141344734316963372e+00,60,0.000000000000000000e+00,0,-1610,30,652,0
1,106,32,1.223774097965761420e+00,2.177873778083423861e+00,1.311912169229698888e+00,-1.570835744995010996e+00,2.104220076551621688e-02,3.139719224878644965e+00,30,0.000000000000000000e+00,0,-1610,30,652,0
1,106,33,1.253715259240082425e+00,2.177876967844927680e+00,1.311652903264418857e+00,-1.570795252104800310e+00,2.093588884522845639e-02,-3.141541317407436473e+00,60,0.000000000000000000e+00,0,-1610,30,652,0
1,106,34,1.283656420349394311e+00,2.177880157620559309e+00,1.311393525892188938e+00,-1.570755168760471054e+00,2.082949917328114076e-02,-3.139616563964584994e+00,60,0.000000000000000000e+00,0,-1610,30,652,0
1,106,35,1.313597581615274068e+00,2.177883347392546742e+00,1.311134037113028228e+00,-1.570715495178353738e+00,2.072303352374560426e-02,-3.137691825444152816e+00,60,0.000000000000000000e+00,0,-1610,30,652,0
1,106,36,1.290097239410656238e+00,2.147878440872997174e+00,1.310722839136659656e+00,-1.570776690829812416e+00,2.088676797098587556e-02,-3.140652470449822431e+00,30,0.000000000000000000e+00,0,-1610,30,652,0
1,106,37,1.260167600728266946e+00,2.147874614310930852e+00,1.310982129616715008e+00,-1.570825089756351822e+00,2.101433758527293527e-02,3.140223823358753386e+00,60,0.000000000000000000e+00,0,-1610,30,652,0
1,106,38,1.230237961466946750e+00,2.147870787788067393e+00,1.311241259769168721e+00,-1.570874077833020355e+00,2.114179342205146916e-02,3.137914797195674677e+00,60,0.000000000000000000e+00,0,-1610,30,652,0
1,106,39,1.226295957266664516e+00,2.117864638380619446e+00,1.310660285981708473e+00,-1.570954039282590031e+00,2.134638036912783754e-02,3.134203972505503089e+00,30,0.000000000000000000e+00,0,-1610,30,652,0
1,106,40,1.256208328373803029e+00,2.117869419216932059e+00,1.310401516457022186e+00,-1.570891741773222883e+00,2.118735081367573159e-02,3.137088953558542670e+00,60,0.000000000000000000e+00,0,-1610,30,652,0
1,106,41,1.286120697400578106e+00,2.117874200179468147e+00,1.310142496657486166e+00,-1.570830363113531636e+00,2.102813715774964898e-02,3.139973927348394422e+00,60,0.000000000000000000e+00,0,-1610,30,652,0
1,106,42,1.316033065429800697e+00,2.117878981208387135e+00,1.309883226574315218e+00,-1.570769904096682934e+00,2.086874536897687094e-02,-3.140326424997932797e+00,60,0.000000000000000000e+00,0,-1610,30,652,0
1,106,43,1.287961865082412505e+00,2.087868370217838887e+00,1.309511735461132531e+00,-1.570905332110140495e+00,2.122226022362827536e-02,3.136455946258214222e+00,30,0.000000000000000000e+00,0,-1610,30,652,0
1,106,44,1.258064065252282537e+00,2.087862804037596831e+00,1.309762181538364434e+00,-1.570978490687134244e+00,2.140734670311927879e-02,3.133082798847658612e+00,60,0.000000000000000000e+00,0,-1610,30,652,0
1,106,45,1.228120347161491877e+00,2.087859840046038418e+00,1.309986514041138195e+00,-1.571019091486499875e+00,2.150579056283863366e-02,3.131233866805368748e+00,60,0.000000000000000000e+00,0,-1610,30,652,0
1,106,46,1.228796376830837866e+00,2.057856864846216993e+00,1.309313118112676921e+00,-1.571060212506649956e+00,2.160452917833133313e-02,3.129377940638673472e+00,30,0.000000000000000000e+00,0,-1610,30,652,0
1,106,47,1.258750324685608879e+00,2.057859281981123445e+00,1.309088769248200501e+00,-1.571026776656407220e+00,2.152431713431823823e-02,3.130885746945567760e+00,60,0.000000000000000000e+00,0,-1610,30,652,0
1,106,48,1.288704271851096150e+00,2.057861699100776320e+00,1.308864352037192091e+00,-1.570993583500224222e+00,2.144405421677109125e-02,3.132393541330066089e+00,60,0.000000000000000000e+00,0,-1610,30,652,0
1,106,49,1.315730824225788798e+00,2.027860692703942203e+00,1.307993608132067331e+00,-1.571007374407529911e+00,2.147747885522255373e-02,3.131765753075491432e+00,30,0.000000000000000000e+00,0,-1610,30,652,0
1,106,50,1.285769834684954649e+00,2.027858652087524582e+00,1.308218083980748681e+00,-1.571035466514820511e+00,2.154522497513444712e-02,3.130492820329322967e+00,60,0.000000000000000000e+00,0,-1610,30,652,0
1,106,51,1.255808844624143994e+00,2.027856611461769987e+00,1.308442511117138274e+00,-1.571063731576041400e+00,2.161293468296565656e-02,3.129219879396383241e+00,60,0.000000000000000000e+00,0,-1610,30,652,0
1,106,52,1.225847853950366551e+00,2.027854570831649106e+00,1.308666889542199119e+00,-1.571092169521600246e+00,2.168060748300759677e-02,3.127946931283178245e+00,60,0.000000000000000000e+00,0,-1610,30,652,0
1,106,53,1.022001851962822450e+00,1.999494881879370300e+00,1.311417284358822988e+00,-1.569575801972316498e+00,-3.297952961111128012e-02,3.104594259378917087e+00,30,1.000000000000000000e+00,0,-1610,30,652,0
1,106,54,1.051913929235801293e+00,1.999527495197475968e+00,1.310229208580014681e+00,-1.569608679696883113e+00,-3.406913490794716282e-02,3.106740097704155268e+00,60,0.000000000000000000e+00,0,-1610,30,652,0
1,106,55,1.081282336218593709e+00,1.999375481774080532e+00,1.309511744239708397e+00,-1.570386738476876598e+00,-2.901728817805437899e-02,3.127476289148004351e+00,60,0.000000000000000000e+00,0,-1610,30,652,0
1,106,56,1.111122626511944711e+00,1.999208000631167437e+00,1.309251621225216100e+00,-1.570589536185096780e+00,-2.343463302263870673e-02,3.132767929393606376e+00,60,0.000000000000000000e+00,0,-1610,30,652,0
1,106,57,1.141119451771144711e+00,1.999138076071632852e+00,1.308986580295416591e+00,-1.570611524505173939e+00,-2.110333891154825281e-02,3.132835210723420971e+00,60,0.000000000000000000e+00,0,-1610,30,652,0
1,106,58,1.171116275521586036e+00,1.999068147431876108e+00,1.308721376224699640e+00,-1.570633199288002935e+00,-1.877202065902139339e-02,3.132902433943538512e+00,60,0.000000000000000000e+00,0,-1610,30,652,0
1,106,59,1.201113097779484384e+00,1.998998215282428159e+00,1.308456008997743059e+00,-1.570654560775273545e+00,-1.644068464929815399e-02,3.132969600698578994e+00,60,0.000000000000000000e+00,0,-1610,30,652,0
1,106,60,1.193117430663259704e+00,1.969282307066914095e+00,1.309276000629371328e+00,-1.570588347579044974e+00,-2.591234677495868333e-02,3.133565668242396907e+00,30,0.000000000000000000e+00,0,-1610,30,652,0
1,106,61,1.163146959758488697e+00,1.969260645671686794e+00,1.309542907537954548e+00,-1.570570337440498454e+00,-2.518988543103661826e-02,3.132620512947049463e+00,60,0.000000000000000000e+00,0,-1610,30,652,0
1,106,62,1.133285069240386189e+00,1.969362668496215107e+00,1.309804229015551602e+00,-1.570409178860916022e+00,-2.859027102141786791e-02,3.128050388442925822e+00,60,0.000000000000000000e+00,0,-1610,30,652,0
1,106,63,1.103423152304949806e+00,1.969464681847914900e+00,1.310064578037881233e+00,-1.570216905490630310e+00,-3.198965379967999567e-02,3.123478771380304941e+00,60,0.000000000000000000e+00,0,-1610,30,652,0
1,106,64,1.073593886909642192e+00,1.969501651163555245e+00,1.310788573946897184e+00,-1.570016467869381316e+00,-3.321871566637457640e-02,3.118116152177933031e+00,60,0.000000000000000000e+00,0,-1610,30,652,0
1,106,65,1.043776159538122972e+00,1.969515611163330515e+00,1.311675989542531839e+00,-1.569815535000264495e+00,-3.367918647507628371e-02,3.112473771058740013e+00,60,0.000000000000000000e+00,0,-1610,30,652,0
1,106,66,1.013958072842089608e+00,1.969529082204602322e+00,1.312564536387587300e+00,-1.569610398931853723e+00,-3.412215783316940865e-02,3.106844524552822229e+00,60,0.000000000000000000e+00,0,-1610,30,652,0
1,106,67,1.024398552608045909e+00,1.939516238482309696e+00,1.313474472895175715e+00,-1.569806382854804561e+00,-3.369985035576683607e-02,3.112220211400157588e+00,30,0.000000000000000000e+00,0,-1610,30,652,0
1,106,68,1.054289103541288464e+00,1.939508293687898455e+00,1.312585083710616773e+00,-1.569921511413692183e+00,-3.343796841362300931e-02,3.115431404429101381e+00,60,0.000000000000000000e+00,0,-1610,30,652,0
1,106,69,1.084179645624800292e+00,1.939500348855764056e+00,1.311695383764116540e+00,-1.570034945760910405e+00,-3.317569853294433102e-02,3.118642506521204005e+00,60,0.000000000000000000e+00,0,-1610,30,652,0
1,106,70,1.114070180354630901e+00,1.939492404109472545e+00,1.310805373018536502e+00,-1.570146684058803421e+00,-3.291305298329771922e-02,3.121853502058040242e+00,60,0.000000000000000000e+00,0,-1610,30,652,0
1,106,71,1.143987026145769192e+00,1.939441065394248431e+00,1.310458909869604893e+00,-1.570264187866965866e+00,-3.120275486116019792e-02,3.124537309169237442e+00,60,0.000000000000000000e+00,0,-1610,30,652,0
1,106,72,1.173907934271235076e+00,1.939383008089072602e+00,1.310196286418091827e+00,-1.570373328387598910e+00,-2.926810605120166997e-02,3.127139057954357426e+00,60,0.000000000000000000e+00,0,-1610,30,652,0
1,106,73,1.190478116990990820e+00,1.909904074700357501e+00,1.310813451474862390e+00,-1.570315731387603719e+00,-4.665031663430641018e-02,3.131287197600976846e+00,30,0.000000000000000000e+00,0,-1610,30,652,0
1,106,74,1.160500244560356942e+00,1.910089406859064365e+00,1.311088700798287210e+00,-1.570215054163135004e+00,-5.283499606195873888e-02,3.130586317135442886e+00,60,0.000000000000000000e+00,0,-1610,30,652,0
1,106,75,1.130779951212363299e+00,1.910660520994006628e+00,1.311506519604681120e+00,-1.569340830729498482e+00,-7.189800590668760094e-02,3.121334059121116500e+00,30,0.000000000000000000e+00,0,-1610,30,652,0
1,106,76,1.101061546064217911e+00,1.910047695448309657e+00,1.312401334649606177e+00,-1.569294716993860472e+00,-5.142401785127370673e-02,3.112387510286342529e+00,30,0.000000000000000000e+00,0,-1610,30,652,0
1,106,77,1.071108079976685223e+00,1.910024398328563189e+00,1.313297797024203906e+00,-1.569261414640787056e+00,-5.064509956516594080e-02,3.111281736487293781e+00,60,0.000000000000000000e+00,0,-1610,30,652,0
1,106,78,1.041154613538702645e+00,1.910001100286958797e+00,1.314194204652235465e+00,-1.569229837373694814e+00,-4.986617143508187411e-02,3.110176075232123694e+00,60,0.000000000000000000e+00,0,-1610,30,652,0
1,106,79,1.011302147475052982e+00,1.910158385086735855e+00,1.315114520100542750e+00,-1.568819197349479833e+00,-5.510539887802412551e-02,3.105710797763512776e+00,60,0.000000000000000000e+00,0,-1610,30,652,0
1,106,80,1.027678957453463937e+00,1.882472706904392501e+00,1.316962298332136516e+00,-1.564954952045514602e+00,-1.325176527000400117e-01,3.097411666211208114e+00,30,0.000000000000000000e+00,0,-1610,30,652,0
1,106,81,1.057292531170336947e+00,1.882208163173045401e+00,1.315818009602452099e+00,-1.566871452420316224e+00,-1.236925265325785617e-01,3.109791264120103094e+00,60,0.000000000000000000e+00,0,-1610,30,652,0
1,106,82,1.087233001615689920e+00,1.881490127653850930e+00,1.315004043477701057e+00,-1.567804020037875556e+00,-9.962445774233774642e-02,3.111516029199874023e+00,30,0.000000000000000000e+00,0,-1610,30,652,0
1,106,83,1.116809421382438883e+00,1.881133649237119121e+00,1.314266635017656615e+00,-1.569382266993371911e+00,-8.772282910055584360e-02,3.125453718497243738e+00,60,0.000000000000000000e+00,0,-1610,30,652,0
1,106,84,1.147027532649462112e+00,1.881143457049364365e+00,1.313635901131483763e+00,-1.568713244665324247e+00,-8.803781326884196901e-02,3.117905237244227301e+00,60,0.000000000000000000e+00,0,-1610,30,652,0
1,106,85,1.176969518927420078e+00,1.881301705736313279e+00,1.312977836436477697e+00,-1.568744141837530748e+00,-9.333663733604269375e-02,3.119577306017790264e+00,60,0.000000000000000000e+00,0,-1610,30,652,0
1,106,86,1.184183996413481488e+00,1.852553431890780367e+00,1.316493554734812221e+00,-1.568384751989592374e+00,-1.353394029554657596e-01,3.123721289379464139e+00,30,0.000000000000000000e+00,0,-1610,30,652,0
1,106,87,1.154326345707594736e+00,1.852539510014294732e+00,1.317079478969934714e+00,-1.567770988146624855e+00,-1.348586996593399423e-01,3.119094841787970029e+00,60,0.000000000000000000e+00,0,-1610,30,652,0
1,106,88,1.124451552244935648e+00,1.852527101888012950e+00,1.317777641508238284e+00,-1.567247953567135754e+00,-1.344284987605202097e-01,3.115123068338803591e+00,60,0.000000000000000000e+00,0,-1610,30,652,0
1,106,89,1.094635026916621845e+00,1.852507088321166062e+00,1.318619199380229201e+00,-1.566490873007288620e+00,-1.337329993084159785e-01,3.109313105164992486e+00,60,0.000000000000000000e+00,0,-1610,30,652,0
1,106,90,1.064744408730551983e+00,1.852496216821348352e+00,1.319569696851861096e+00,-1.566077425192397676e+00,-1.333532597646507334e-01,3.106115709835009397e+00,60,0.000000000000000000e+00,0,-1610,30,652,0
1,106,91,1.034850949929090325e+00,1.852487398008995978e+00,1.320678623508500849e+00,-1.565702563289654403e+00,-1.330427396814601870e-01,3.103211327446177226e+00,60,0.000000000000000000e+00,0,-1610,30,652,0
1,106,92,1.004957872439004696e+00,1.852479895850739577e+00,1.321916136554376564e+00,-1.565347045165662809e+00,-1.327762215753347519e-01,3.100453536738703608e+00,60,0.000000000000000000e+00,0,-1610,30,652,0
1,106,93,1.105699407164409953e+00,1.824002167177599443e+00,1.322993282495868117e+00,-1.565064221122470123e+00,-1.841920225912363485e-01,3.110305585480219293e+00,30,0.000000000000000000e+00,0,-1610,30,652,0
1,106,94,1.135636356083588039e+00,1.823885347774750976e+00,1.322093705272420650e+00,-1.565496016717404792e+00,-1.802435175464658368e-01,3.112034773730240289e+00,60,0.000000000000000000e+00,0,-1610,30,652,0
1,106,95,1.165423118169114813e+00,1.823645217346837821e+00,1.321280324930125261e+00,-1.566928466658794150e+00,-1.721472386866298443e-01,3.119016693606132762e+00,60,0.000000000000000000e+00,0,-1610,30,652,0
1,106,96,1.195150207236654882e+00,1.824017729812859923e+00,1.320797432652125458e+00,-1.568339623563060226e+00,-1.847917547446666919e-01,3.128223015916331118e+00,60,0.000000000000000000e+00,0,-1610,30,652,0
1,107,1,1.231109918561079875e+00,1.998928280193892570e+00,1.308190478601887863e+00,-1.570675609198454836e+00,-1.410933726675800415e-02,3.133036712631795950e+00,60,0.000000000000000000e+00,0,-1610,30,652,0
1,107,2,1.261106737882637940e+00,1.998858342736928861e+00,1.307924785027137382e+00,-1.570696344778805820e+00,-1.177798489581971531e-02,3.133103771385154612e+00,60,0.000000000000000000e+00,0,-1610,30,652,0
1,107,3,1.291103555760446886e+00,1.998788403482237408e+00,1.307658928266158149e+00,-1.570716767727384555e+00,-9.446633920840552534e-03,3.133170778599403405e+00,60,0.000000000000000000e+00,0,-1610,30,652,0
1,107,4,1.313008920780225797e+00,1.969379886897686394e+00,1.308207501932180161e+00,-1.570663158136027970e+00,-2.916677365735131922e-02,3.137026272046541830e+00,30,0.000000000000000000e+00,0,-1610,30,652,0
1,107,5,1.283036047751791475e+00,1.969355492756365456e+00,1.308474690032393806e+00,-1.570642342339369613e+00,-2.835318507406525690e-02,3.136161038933594547e+00,60,0.000000000000000000e+00,0,-1610,30,652,0
1,107,6,1.253063175092729464e+00,1.969331098036401384e+00,1.308741835849377866e+00,-1.570622935416120081e+00,-2.753958239267140229e-02,3.135295862100715425e+00,60,0.000000000000000000e+00,0,-1610,30,652,0
1,107,7,1.223090302748174318e+00,1.969306702789386243e+00,1.309008939382015901e+00,-1.570604937213756935e+00,-2.672596862312315302e-02,3.134430739289662426e+00,60,0.000000000000000000e+00,0,-1610,30,652,0
1,107,8,1.203828833410160337e+00,1.939324947395192567e+00,1.309933348012020105e+00,-1.570472390585241129e+00,-2.733311051494857757e-02,3.129740311023282651e+00,30,0.000000000000000000e+00,0,-1610,30,652,0
1,107,9,1.233749724790633495e+00,1.939266884227618615e+00,1.309670094611124602e+00,-1.570561376051082370e+00,-2.539783084349056530e-02,3.132341103461512510e+00,60,0.000000000000000000e+00,0,-1610,30,652,0
1,107,10,1.263694356045699241e+00,1.939298732290591021e+00,1.309403251606282126e+00,-1.570599362146707145e+00,-2.646014356432924153e-02,3.134148098468975796e+00,60,0.000000000000000000e+00,0,-1610,30,652,0
1,107,11,1.293643029580874071e+00,1.939345882679303079e+00,1.309135681851071542e+00,-1.570634528929326201e+00,-2.803267303836931568e-02,3.135820201482871994e+00,60,0.000000000000000000e+00,0,-1610,30,652,0
1,107,12,1.310430913981522894e+00,1.909267767100453872e+00,1.309743603734789819e+00,-1.570570512981499967e+00,-2.542735346906499494e-02,3.132711186056289954e+00,30,0.000000000000000000e+00,0,-1610,30,652,0
1,107,13,1.280435734964951999e+00,1.909409095054819927e+00,1.310005250093127405e+00,-1.570524938326696152e+00,-3.013988965232972106e-02,3.132587238052783718e+00,60,0.000000000000000000e+00,0,-1610,30,652,0
1,107,14,1.250440549419916003e+00,1.909550403182576517e+00,1.310266230024708101e+00,-1.570478193137023304e+00,-3.485242335083094112e-02,3.132463037562895458e+00,60,0.000000000000000000e+00,0,-1610,30,652,0
1,107,15,1.220455971486690272e+00,1.909718688592608515e+00,1.310537041226111032e+00,-1.570407726344691168e+00,-4.046551128648445683e-02,3.131987076508112366e+00,60,0.000000000000000000e+00,0,-1610,30,652,0
1,107,16,1.206715816346290326e+00,1.881304145925109861e+00,1.312559837602756740e+00,-1.569528981570892823e+00,-9.343225547013433996e-02,3.128009404223819345e+00,30,0.000000000000000000e+00,0,-1610,30,652,0
1,107,17,1.236597344038375734e+00,1.881309245828099552e+00,1.312194647977271034e+00,-1.569891516165530021e+00,-9.360720828580348929e-02,3.131912786885324707e+00,60,0.000000000000000000e+00,0,-1610,30,652,0
1,107,18,1.266470958955371984e+00,1.881311435174477298e+00,1.311984964546280441e+00,-1.570286056731262647e+00,-9.368348218813671302e-02,3.136137986465398875e+00,60,0.000000000000000000e+00,0,-1610,30,652,0
1,107,19,1.296093284885817543e+00,1.881241217303149638e+00,1.311886617897846108e+00,-1.571454962913464204e+00,-9.133185202109728174e-02,-3.134371281242513962e+00,60,0.000000000000000000e+00,0,-1610,30,652,0
1,107,20,1.303680003195098802e+00,1.852817922315771915e+00,1.315176759497784342e+00,-1.570649323782207896e+00,-1.442639342809191039e-01,3.140570124221201631e+00,30,0.000000000000000000e+00,0,-1610,30,652,0
1,107,21,1.273887297248789352e+00,1.852577237404150701e+00,1.315457497703618639e+00,-1.569707041125399494e+00,-1.361573117068914929e-01,3.133567850484432427e+00,60,0.000000000000000000e+00,0,-1610,30,652,0
1,107,22,1.243933293965325371e+00,1.852571798024067240e+00,1.315686076876690480e+00,-1.569500813504852488e+00,-1.359725042543564744e-01,3.132035757443036417e+00,60,0.000000000000000000e+00,0,-1610,30,652,0
1,107,23,1.214064491152983649e+00,1.852563251495813468e+00,1.316033767236620022e+00,-1.568911373127876985e+00,-1.356780922436933157e-01,3.127657985522730222e+00,60,0.000000000000000000e+00,0,-1610,30,652,0
1,107,24,1.225113634257140038e+00,1.824062694629462911e+00,1.320464436007157794e+00,-1.568540781211733126e+00,-1.863194142360611316e-01,3.129417107822768607e+00,30,0.000000000000000000e+00,0,-1610,30,652,0
1,107,25,1.255077069951348490e+00,1.824107646558634110e+00,1.320131329816042642e+00,-1.568745713378307594e+00,-1.878468588986386134e-01,3.130612203560122708e+00,60,0.000000000000000000e+00,0,-1610,30,652,0
1,107,26,1.285040514513058119e+00,1.824152585350096167e+00,1.319798114124107968e+00,-1.568954425297516941e+00,-1.893740770479728219e-01,3.131808315946012833e+00,60,0.000000000000000000e+00,0,-1610,30,652,0
1,107,27,1.314749940028515640e+00,1.823260354284222062e+00,1.319867031814736968e+00,-1.570830229220091079e+00,-1.591832661318179909e-01,-3.141378774158403608e+00,30,0.000000000000000000e+00,0,-1610,30,652,0
2,119,1,1.192115226263958716e+00,2.207890425147335467e+00,1.311193280349929990e+00,1.571004743638980017e+00,-2.048615589887670119e-02,3.131418747099879774e+00,60,0.000000000000000000e+00,0,1610,30,652,0
2,119,2,1.162169482304615586e+00,2.207890966924297427e+00,1.311154514235199020e+00,1.570970269997337576e+00,-2.046841389369835618e-02,3.133094136632555760e+00,60,0.000000000000000000e+00,0,1610,30,652,0
2,119,3,1.132220084914289604e+00,2.207888232314268784e+00,1.311414223243188903e+00,1.570937121682894455e+00,-2.055984371336339045e-02,3.134744225690853092e+00,60,0.000000000000000000e+00,0,1610,30,652,0
2,119,4,1.102270688237362739e+00,2.207885497668495400e+00,1.311673850369826866e+00,1.570903671815443214e+00,-2.065122099199068195e-02,3.136394332175526767e+00,60,0.000000000000000000e+00,0,1610,30,652,0
2,119,5,1.123538743359294712e+00,2.177886537143118417e+00,1.310874436928197495e+00,1.570916422024101200e+00,-2.061649367148277179e-02,3.135767105317462722e+00,30,0.000000000000000000e+00,0,1610,30,652,0
2,119,6,1.153479905903020963e+00,2.177889726854502328e+00,1.310614725340198738e+00,1.570955275469149592e+00,-2.050988139209097838e-02,3.133842407055358770e+00,60,0.000000000000000000e+00,0,1610,30,652,0
2,119,7,1.183421069568002082e+00,2.177892916508928245e+00,1.310354902352775186e+00,1.570993718557515795e+00,-2.040319846185045805e-02,3.131917734128174313e+00,60,0.000000000000000000e+00,0,1610,30,652,0
2,119,8,1.189812798515214931e+00,2.147890270034098936e+00,1.309910476017201120e+00,1.571005389470763403e+00,-2.049132111523843669e-02,3.131389794816567651e+00,30,0.000000000000000000e+00,0,1610,30,652,0
2,119,9,1.159886157535993112e+00,2.147889920487593862e+00,1.309944005730396155e+00,1.570957620898094653e+00,-2.050340709026410302e-02,3.133725567026868220e+00,60,0.000000000000000000e+00,0,1610,30,652,0
2,119,10,1.129956517259349535e+00,2.147886093992010359e+00,1.310203777190977803e+00,1.570910991647568089e+00,-2.063129965911802977e-02,3.136034506059990790e+00,60,0.000000000000000000e+00,0,1610,30,652,0
2,119,11,1.100026878069291225e+00,2.147882267443584237e+00,1.310463388327668177e+00,1.570863772152913285e+00,-2.075908764107370352e-02,3.138343475865097432e+00,60,0.000000000000000000e+00,0,1610,30,652,0
2,119,12,1.125945433544321084e+00,2.117883762243844004e+00,1.309623706204989579e+00,1.570882288119762382e+00,-2.070918141948752123e-02,3.137441500812732986e+00,30,0.000000000000000000e+00,0,1610,30,652,0
2,119,13,1.155857802826986580e+00,2.117888543225995512e+00,1.309363935553255587e+00,1.570940905654702124e+00,-2.054945128550600408e-02,3.134556618964877028e+00,60,0.000000000000000000e+00,0,1610,30,652,0
2,119,14,1.185768987883409897e+00,2.117891714190882624e+00,1.309187810925421580e+00,1.570999388137737984e+00,-2.044323044145568424e-02,3.131659350154042176e+00,60,0.000000000000000000e+00,0,1610,30,652,0
2,119,15,1.187493945314947563e+00,2.087889919853608944e+00,1.308627226339714511e+00,1.571006848588122784e+00,-2.050298193031974137e-02,3.131324432708144201e+00,30,0.000000000000000000e+00,0,1610,30,652,0
2,119,16,1.157612722771085290e+00,2.087887479744792607e+00,1.308733761094037717e+00,1.570927946372754791e+00,-2.058499596275242816e-02,3.135198332173147584e+00,60,0.000000000000000000e+00,0,1610,30,652,0
2,119,17,1.127729103387951293e+00,2.087881109890988185e+00,1.308993530160200924e+00,1.570849371829143637e+00,-2.079772296966719836e-02,3.139041953997178780e+00,60,0.000000000000000000e+00,0,1610,30,652,0
2,119,18,1.097845485012037825e+00,2.087874740001493201e+00,1.309252854948624645e+00,1.570769162952364573e+00,-2.101014909887832793e-02,-3.140299667716730525e+00,60,0.000000000000000000e+00,0,1610,30,652,0
2,119,19,1.098625838102875063e+00,2.057865922454682472e+00,1.308631395726618241e+00,1.570655437067991489e+00,-2.130368487494460616e-02,-3.134978852651248982e+00,30,0.000000000000000000e+00,0,1610,30,652,0
2,119,20,1.128452090736327795e+00,2.057875462643622644e+00,1.308372856667132655e+00,1.570778344542576921e+00,-2.098606557074922385e-02,-3.140735724601892986e+00,60,0.000000000000000000e+00,0,1610,30,652,0
2,119,21,1.158278340536220030e+00,2.057885003033966154e+00,1.308113321007448260e+00,1.570897589344451450e+00,-2.066774324362508075e-02,3.136692798401857996e+00,60,0.000000000000000000e+00,0,1610,30,652,0
2,119,22,1.188101206458801240e+00,2.057887550292091028e+00,1.308035329665886204e+00,1.571016762065249761e+00,-2.058188436112140529e-02,3.130882146994052651e+00,60,0.000000000000000000e+00,0,1610,30,652,0
2,119,23,1.185115405937811950e+00,2.027888295285923181e+00,1.307342401609635552e+00,1.571013637724138157e+00,-2.055707781240467824e-02,3.131021202470658515e+00,30,0.000000000000000000e+00,0,1610,30,652,0
2,119,24,1.155462383667171578e+00,2.027875330629280271e+00,1.307524053500308980e+00,1.570776668793214093e+00,-2.099046551758498858e-02,-3.140656064568182693e+00,60,0.000000000000000000e+00,0,1610,30,652,0
2,119,25,1.125691813339636971e+00,2.027862733306050380e+00,1.307769083570369029e+00,1.570613198267713617e+00,-2.140969681911042422e-02,-3.133038676628481678e+00,60,0.000000000000000000e+00,0,1610,30,652,0
2,119,26,1.101100372210818579e+00,1.998718463000544121e+00,1.307392908314279900e+00,1.570855775344737193e+00,7.115290726014800171e-03,-3.133237735914149003e+00,30,0.000000000000000000e+00,0,1610,30,652,0
2,119,27,1.131097187250088565e+00,1.998648521862584460e+00,1.307126725169495796e+00,1.570835977067292166e+00,4.783961695274063786e-03,-3.133304644967933594e+00,60,0.000000000000000000e+00,0,1610,30,652,0
2,119,28,1.161094000894614453e+00,1.998578580639088331e+00,1.306860378832462422e+00,1.570816490849572089e+00,2.452653212184685572e-03,-3.133371507398303280e+00,60,0.000000000000000000e+00,0,1610,30,652,0
2,119,29,1.190077528033119059e+00,1.998379015785758828e+00,1.306868644820492253e+00,1.570903610006373796e+00,-4.198069882656252361e-03,3.116042773709573055e+00,60,0.000000000000000000e+00,0,1610,30,652,0
2,119,30,1.220060214827802580e+00,1.998448064226032050e+00,1.307693761247850306e+00,1.570845187138904642e+00,-1.897185529585287966e-03,3.115844209769711881e+00,60,0.000000000000000000e+00,0,1610,30,652,0
2,119,31,1.250042905773720125e+00,1.998517113626181674e+00,1.308518717619730820e+00,1.570785849653950406e+00,4.036972861998222584e-04,3.115645513928281041e+00,60,0.000000000000000000e+00,0,1610,30,652,0
2,119,32,1.280025600918698325e+00,1.998586163433435425e+00,1.309343513933084235e+00,1.570725597097716530e+00,2.704572053487064309e-03,3.115446681453330591e+00,60,0.000000000000000000e+00,0,1610,30,652,0
2,119,33,1.310008300310498974e+00,1.998655213095000160e+00,1.310168150187424274e+00,1.570664428987569750e+00,5.005432260069442307e-03,3.115247707610785177e+00,60,0.000000000000000000e+00,0,1610,30,652,0
2,119,34,1.339991003996815921e+00,1.998724262058075407e+00,1.310992626384826831e+00,1.570602344812028983e+00,7.306271392820029575e-03,3.115048587664243307e+00,60,0.000000000000000000e+00,0,1610,30,652,0
2,119,35,1.369973712025274626e+00,1.998793309769869353e+00,1.311816942529930863e+00,1.570539344030749351e+00,9.607082937764799269e-03,3.114849316874769070e+00,60,0.000000000000000000e+00,0,1610,30,652,0
2,119,36,1.399956424443431047e+00,1.998862355677612612e+00,1.312641098629937941e+00,1.570475426074508185e+00,1.190786038016078408e-02,3.114649890500690965e+00,60,0.000000000000000000e+00,0,1610,30,652,0
2,119,37,1.391991478417557770e+00,1.969038855892758288e+00,1.312933561474790123e+00,1.570314822674331090e+00,1.778966699684847441e-02,3.114531326003704415e+00,30,0.000000000000000000e+00,0,1610,30,652,0
2,119,38,1.362010716752173778e+00,1.969059051252544101e+00,1.312108348717343276e+00,1.570301454943344055e+00,1.846284054506397432e-02,3.114793877616970796e+00,60,0.000000000000000000e+00,0,1610,30,652,0
2,119,39,1.332029955407428856e+00,1.969079246366225444e+00,1.311283120293357918e+00,1.570288440779732841e+00,1.913602246724854794e-02,3.115056426841066095e+00,60,0.000000000000000000e+00,0,1610,30,652,0
2,119,40,1.302049194377139507e+00,1.969099441217977198e+00,1.310457876202963723e+00,1.570275780199881011e+00,1.980921240190847143e-02,3.115318974202789803e+00,60,0.000000000000000000e+00,0,1610,30,652,0
2,119,41,1.272068433655121789e+00,1.969119635791974465e+00,1.309632616446315012e+00,1.570263473220991912e+00,2.048240998755157527e-02,3.115581520229000922e+00,60,0.000000000000000000e+00,0,1610,30,652,0
2,119,42,1.242113999586519801e+00,1.969187505516681647e+00,1.308833637131317618e+00,1.570231061228959391e+00,2.274517077302329326e-02,3.116743510335299838e+00,60,0.000000000000000000e+00,0,1610,30,652,0
2,119,43,1.212317198465558965e+00,1.969476775984060568e+00,1.308161263156224052e+00,1.570202535350007977e+00,3.239280593223181626e-02,3.123260532522638577e+00,60,0.000000000000000000e+00,0,1610,30,652,0
2,119,44,1.182586409655835835e+00,1.969628924907280476e+00,1.307774947665240717e+00,1.570442745479771141e+00,3.747131131825232053e-02,3.132154670934497176e+00,60,0.000000000000000000e+00,0,1610,30,652,0
2,119,45,1.152954668164664964e+00,1.969428673238044603e+00,1.307672998887420279e+00,1.570883636633715330e+00,3.079389648771435617e-02,-3.138756916146476339e+00,60,0.000000000000000000e+00,0,1610,30,652,0
2,119,46,1.122981794232896346e+00,1.969404280408775021e+00,1.307940271550031008e+00,1.570907270631892061e+00,2.998034513216318864e-02,-3.137891563697976061e+00,60,0.000000000000000000e+00,0,1610,30,652,0
2,119,47,1.103591704415142427e+00,1.939393030982348831e+00,1.308867954140159995e+00,1.570917695085175314e+00,2.960515427657073317e-02,-3.137492511414576857e+00,30,0.000000000000000000e+00,0,1610,30,652,0
2,119,48,1.133518021144869214e+00,1.939455899357386048e+00,1.308673202219142739e+00,1.570849413495055913e+00,3.170195638953199335e-02,-3.139917818664778260e+00,60,0.000000000000000000e+00,0,1610,30,652,0
2,119,49,1.163354995793567603e+00,1.939581588895104014e+00,1.308769802796928117e+00,1.570661386974469442e+00,3.589379568426576128e-02,3.137832444835215284e+00,60,0.000000000000000000e+00,0,1610,30,652,0
2,119,50,1.193158719840809123e+00,1.939624747806549809e+00,1.309023631932954235e+00,1.570412957171620771e+00,3.733167706241102834e-02,3.131321343830280046e+00,60,0.000000000000000000e+00,0,1610,30,652,0
2,119,51,1.223010465290430115e+00,1.939560948540172802e+00,1.309372236553476121e+00,1.570263158091239397e+00,3.520156656607897894e-02,3.126444518310484533e+00,60,0.000000000000000000e+00,0,1610,30,652,0
2,119,52,1.252887301531764086e+00,1.939449941169074432e+00,1.309887343242227331e+00,1.570194548074316465e+00,3.149754908925705976e-02,3.122486244218155349e+00,60,0.000000000000000000e+00,0,1610,30,652,0
2,119,53,1.282743606928335556e+00,1.939253524928999939e+00,1.310557707948087014e+00,1.570206486908068300e+00,2.494649548217786617e-02,3.117950405908892719e+00,60,0.000000000000000000e+00,0,1610,30,652,0
2,119,54,1.312679715245619549e+00,1.939153055439280182e+00,1.311282159919202828e+00,1.570245994397826195e+00,2.159656438734369743e-02,3.116113780009450274e+00,60,0.000000000000000000e+00,0,1610,30,652,0
2,119,55,1.342642957130447456e+00,1.939094295549270708e+00,1.312089029389602368e+00,1.570278972574765008e+00,1.963768132504717379e-02,3.115252076681826132e+00,60,0.000000000000000000e+00,0,1610,30,652,0
2,119,56,1.372612333419258590e+00,1.939044963703768110e+00,1.312914503304720926e+00,1.570310742508272739e+00,1.799325741259050204e-02,3.114610731114972886e+00,60,0.000000000000000000e+00,0,1610,30,652,0
2,119,57,1.402489140198341921e+00,1.939127430728997403e+00,1.313783972275965439e+00,1.570160149405668504e+00,2.073947187826585825e-02,3.110925352984732939e+00,60,0.000000000000000000e+00,0,1610,30,652,0
2,119,58,1.389055234262338345e+00,1.910550513738116685e+00,1.314491806310128075e+00,1.568395014863517289e+00,6.819457962433306264e-02,3.106367204171822216e+00,30,0.000000000000000000e+00,0,1610,30,652,0
2,119,59,1.359250116516484308e+00,1.910571674083301419e+00,1.313472323363327865e+00,1.568778895659831640e+00,6.891431002759351720e-02,3.112303319758144227e+00,60,0.000000000000000000e+00,0,1610,30,652,0
2,119,60,1.329330514570391975e+00,1.910569497965904695e+00,1.312646799184608248e+00,1.568940024900502994e+00,6.884609508091577013e-02,3.114614790445006332e+00,60,0.000000000000000000e+00,0,1610,30,652,0
2,119,61,1.299483540571330309e+00,1.910623795173170825e+00,1.311828336576399634e+00,1.569226343490266018e+00,7.066799068095552805e-02,3.119361467781946118e+00,60,0.000000000000000000e+00,0,1610,30,652,0
2,119,62,1.269654256690045058e+00,1.911013327911799564e+00,1.311173160744186550e+00,1.569394530847876945e+00,8.369699095641092157e-02,3.124826180650160268e+00,60,0.000000000000000000e+00,0,1610,30,652,0
2,119,63,1.239662418748678219e+00,1.910613825026940438e+00,1.310661155546490875e+00,1.569627040528759121e+00,7.034253118793243331e-02,3.124957714875289394e+00,60,0.000000000000000000e+00,0,1610,30,652,0
2,119,64,1.209844100469791517e+00,1.910056940749395693e+00,1.310315832142108672e+00,1.570247523150720692e+00,5.175159797622375102e-02,3.130983741612488824e+00,30,0.000000000000000000e+00,0,1610,30,652,0
2,119,65,1.179886402471926443e+00,1.909774455725980813e+00,1.310020621842641564e+00,1.570405341707669322e+00,4.232607011600930669e-02,3.132352704275209732e+00,60,0.000000000000000000e+00,0,1610,30,652,0
2,119,66,1.150063755249021380e+00,1.909571998555593453e+00,1.309822862547519007e+00,1.570677342569159585e+00,3.557396812703350619e-02,3.138247261208820582e+00,60,0.000000000000000000e+00,0,1610,30,652,0
2,119,67,1.120172328867200973e+00,1.909488334067514392e+00,1.309724869749497422e+00,1.570805261698838606e+00,3.278371889288878016e-02,-3.141320063879975422e+00,60,0.000000000000000000e+00,0,1610,30,652,0
2,119,68,1.106401329568509340e+00,1.881195590136332418e+00,1.312012688326132270e+00,1.571081650677822905e+00,8.980660309160182209e-02,-3.138411297077620787e+00,30,0.000000000000000000e+00,0,1610,30,652,0
2,119,69,1.135954626261649780e+00,1.881174547820490872e+00,1.312006399672602353e+00,1.569750166155027937e+00,8.909670331959440581e-02,3.129835785944958371e+00,60,0.000000000000000000e+00,0,1610,30,652,0
2,119,70,1.166210202102704985e+00,1.881155878137125370e+00,1.312223702002717873e+00,1.570518726504613882e+00,8.847761044269786268e-02,3.138451046331506511e+00,60,0.000000000000000000e+00,0,1610,30,652,0
2,119,71,1.196112488619437864e+00,1.881305239727161460e+00,1.312385905495009997e+00,1.570201029700364792e+00,9.347555524782791281e-02,3.135214976729344016e+00,60,0.000000000000000000e+00,0,1610,30,652,0
2,119,72,1.225709878365836225e+00,1.881303084711047457e+00,1.312805020175515480e+00,1.568948207755323843e+00,9.338706459899204226e-02,3.121776548308984545e+00,60,0.000000000000000000e+00,0,1610,30,652,0
2,119,73,1.255395906165507780e+00,1.881147086688236270e+00,1.313372799274539426e+00,1.568143138644694901e+00,8.814403071809007173e-02,3.111462092412423885e+00,60,0.000000000000000000e+00,0,1610,30,652,0
2,119,74,1.285652770647634391e+00,1.881137077732232932e+00,1.314005682700766453e+00,1.568929583037784070e+00,8.782913630828814711e-02,3.120314225292798227e+00,60,0.000000000000000000e+00,0,1610,30,652,0
2,119,75,1.315399207894707434e+00,1.881283925661192402e+00,1.314662743296349579e+00,1.568059278316241922e+00,9.272361282290986217e-02,3.112040490523354741e+00,60,0.000000000000000000e+00,0,1610,30,652,0
2,119,76,1.345351636207509749e+00,1.881783061079339792e+00,1.315486842588688754e+00,1.567428465625608780e+00,1.094357601767210753e-01,3.110766014541248126e+00,60,0.000000000000000000e+00,0,1610,30,652,0
2,119,77,1.375118214168775665e+00,1.882488729939375327e+00,1.316449673258191400e+00,1.565713719509951085e+00,1.330879909307098874e-01,3.103308240256422934e+00,30,0.000000000000000000e+00,0,1610,30,652,0
2,119,78,1.382308113312658682e+00,1.852474955226354858e+00,1.320776392976511282e+00,1.565102717000490751e+00,1.325997247661905298e-01,3.098554371147434594e+00,30,0.000000000000000000e+00,0,1610,30,652,0
2,119,79,1.352537310692120576e+00,1.852495628478442180e+00,1.319642128141190529e+00,1.566007233826832490e+00,1.333309721390589786e-01,3.105582474557420092e+00,60,0.000000000000000000e+00,0,1610,30,652,0
2,119,80,1.322651676247497354e+00,1.852505873922726698e+00,1.318692555947007294e+00,1.566443772929276390e+00,1.336906170596148247e-01,3.108949947639622735e+00,60,0.000000000000000000e+00,0,1610,30,652,0
2,119,81,1.292838469499318466e+00,1.852526302547939929e+00,1.317830738534058632e+00,1.567212519866459708e+00,1.344006674678406288e-01,3.114853368805700740e+00,60,0.000000000000000000e+00,0,1610,30,652,0
2,119,82,1.262959065268485892e+00,1.852538032543994184e+00,1.317134313948424840e+00,1.567715005431771669e+00,1.348077264535691988e-01,3.118670061715751007e+00,60,0.000000000000000000e+00,0,1610,30,652,0
2,119,83,1.233105991865121043e+00,1.852552783638947931e+00,1.316528314189383320e+00,1.568346975031195134e+00,1.353169172517358909e-01,3.123438399923855968e+00,60,0.000000000000000000e+00,0,1610,30,652,0
2,119,84,1.203225310118258840e+00,1.852562312757976670e+00,1.316069796334564668e+00,1.568872780797954114e+00,1.356459692417624208e-01,3.127369379712761521e+00,60,0.000000000000000000e+00,0,1610,30,652,0
2,119,85,1.173351553795437097e+00,1.852571135984343531e+00,1.315707226040084388e+00,1.569438238365009397e+00,1.359496227414607183e-01,3.131572499666614107e+00,60,0.000000000000000000e+00,0,1610,30,652,0
2,119,86,1.143411923365489136e+00,1.852576436976066665e+00,1.315479072061680021e+00,1.569710633828418134e+00,1.361304092189050685e-01,3.133592746126447892e+00,60,0.000000000000000000e+00,0,1610,30,652,0
2,119,87,1.113586438635516096e+00,1.852783554837622138e+00,1.315202195769966664e+00,1.570495003119619426e+00,1.431061828009920767e-01,3.139479857495014237e+00,60,0.000000000000000000e+00,0,1610,30,652,0
2,119,88,1.124519726730065505e+00,1.824141648590446030e+00,1.319754468316786555e+00,1.569269465815655629e+00,1.890056511217466095e-01,3.133466139423564556e+00,30,0.000000000000000000e+00,0,1610,30,652,0
2,119,89,1.154404904806737964e+00,1.824339748407631800e+00,1.320097298076320147e+00,1.568454856336672698e+00,1.957253608433819903e-01,3.129553448969719653e+00,60,0.000000000000000000e+00,0,1610,30,652,0
2,119,90,1.184374572781867307e+00,1.824345739109458631e+00,1.320507214016502395e+00,1.568266695036832026e+00,1.959266482310788593e-01,3.128599265597882706e+00,60,0.000000000000000000e+00,0,1610,30,652,0
2,119,91,1.214344242207252345e+00,1.824351729573216785e+00,1.320917103001726600e+00,1.568078132507573663e+00,1.961277569277977140e-01,3.127644966752595401e+00,60,0.000000000000000000e+00,0,1610,30,652,0
2,119,92,1.244313913120714821e+00,1.824357719790669963e+00,1.321326965034128609e+00,1.567889168933955801e+00,1.963286860878750151e-01,3.126690552727250605e+00,60,0.000000000000000000e+00,0,1610,30,652,0
2,119,93,1.274191389834090415e+00,1.824039945926017481e+00,1.321815690027950074e+00,1.567298109695033581e+00,1.855287188592869008e-01,3.122630849166885270e+00,60,0.000000000000000000e+00,0,1610,30,652,0
2,119,94,1.303420537695565873e+00,1.824678213581892416e+00,1.322716395368100484e+00,1.561484328593616633e+00,2.070480957199167804e-01,3.096324289506725336e+00,30,0.000000000000000000e+00,0,1610,30,652,0
2,119,95,1.306280848623406987e+00,1.824754693819860218e+00,1.322829393482210403e+00,1.561186122387908437e+00,2.096432832407950642e-01,3.095445755876299554e+00,60,0.000000000000000000e+00,0,1610,30,652,0
2,120,1,1.654975886185866774e+00,2.625864233503706124e+00,1.357330886340834208e+00,1.574719359514753503e+00,-8.805245679884254884e-02,3.097011000684708026e+00,60,0.000000000000000000e+00,0,1610,30,652,0
2,120,2,1.625007117521724442e+00,2.625867471259317742e+00,1.355999419137351447e+00,1.574709589686039024e+00,-8.794443781608096700e-02,3.097067471654109561e+00,60,0.000000000000000000e+00,0,1610,30,652,0
2,120,3,1.595184647236933317e+00,2.625788128266907773e+00,1.354669964286463690e+00,1.574378466388637099e+00,-9.061601496203430806e-02,3.102028012885497787e+00,60,0.000000000000000000e+00,0,1610,30,652,0
2,120,4,1.565348040288424114e+00,2.625705273840126530e+00,1.353633331144720842e+00,1.574032939860501745e+00,-9.340426245806598970e-02,3.106904352002176406e+00,60,0.000000000000000000e+00,0,1610,30,652,0
2,120,5,1.535415247232767566e+00,2.625698824019790045e+00,1.353573132809020585e+00,1.573832459718683685e+00,-9.362702716310566942e-02,3.109128583630060838e+00,60,0.000000000000000000e+00,0,1610,30,652,0
2,120,6,1.505476359162342126e+00,2.625697249566675939e+00,1.353574897771399499e+00,1.573641858010162986e+00,-9.368573370876820405e-02,3.111184317026375545e+00,60,0.000000000000000000e+00,0,1610,30,652,0
2,120,7,1.475537474577598207e+00,2.625695675031412435e+00,1.353576537549111336e+00,1.573451025727542252e+00,-9.374405621226400420e-02,3.113240083025470284e+00,60,0.000000000000000000e+00,0,1610,30,652,0
2,120,8,1.445598593222271466e+00,2.625694100420600918e+00,1.353578052135279153e+00,1.573259963639891623e+00,-9.380199375535491768e-02,3.115295881514706267e+00,60,0.000000000000000000e+00,0,1610,30,652,0
2,120,9,1.415659714840084682e+00,2.625692525740844552e+00,1.353579441523551141e+00,1.573068672520095745e+00,-9.385954542126806466e-02,3.117351712380515671e+00,60,0.000000000000000000e+00,0,1610,30,652,0
2,120,10,1.385720839174747532e+00,2.625690950998746054e+00,1.353580705708099519e+00,1.572877153144851770e+00,-9.391671029471226895e-02,3.119407575508403418e+00,60,0.000000000000000000e+00,0,1610,30,652,0
2,120,11,1.355781965969958813e+00,2.625689376200908143e+00,1.353581844683622304e+00,1.572685406294665356e+00,-9.397348746189004842e-02,3.121463470782948058e+00,60,0.000000000000000000e+00,0,1610,30,652,0
2,120,12,1.325843094969406444e+00,2.625687801353934869e+00,1.353582858445342207e+00,1.572493432753850229e+00,-9.402987601051737698e-02,3.123519398087804433e+00,60,0.000000000000000000e+00,0,1610,30,652,0
2,120,13,1.295904225916769903e+00,2.625686226464428952e+00,1.353583746989007075e+00,1.572301233310524182e+00,-9.408587502983700723e-02,3.125575357305700130e+00,60,0.000000000000000000e+00,0,1610,30,652,0
2,120,14,1.265965358555719567e+00,2.625684651538994441e+00,1.353584510310889444e+00,1.572108808756604859e+00,-9.414148361063245929e-02,3.127631348318438143e+00,60,0.000000000000000000e+00,0,1610,30,652,0
2,120,15,1.236026492629919371e+00,2.625683076584235387e+00,1.353585148407787653e+00,1.571916159887809528e+00,-9.419670084524600639e-02,3.129687371006897756e+00,60,0.000000000000000000e+00,0,1610,30,652,0
2,120,16,1.206087627883027258e+00,2.625681501606754953e+00,1.353585661277024288e+00,1.571723287503650868e+00,-9.425152582759332986e-02,3.131743425251036328e+00,60,0.000000000000000000e+00,0,1610,30,652,0
2,120,17,1.176148764058695839e+00,2.625679926613158077e+00,1.353586048916447737e+00,1.571530192407434967e+00,-9.430595765317795198e-02,3.133799510929887511e+00,60,0.000000000000000000e+00,0,1610,30,652,0
2,120,18,1.146209900900573730e+00,2.625678351610048811e+00,1.353586311324431080e+00,1.571336875406255551e+00,-9.435999541910811139e-02,3.135855627921563027e+00,60,0.000000000000000000e+00,0,1610,30,652,0
2,120,19,1.116271038152307549e+00,2.625676776604030760e+00,1.353586448499872530e+00,1.571143337310994426e+00,-9.441363822411097395e-02,3.137911776103253558e+00,60,0.000000000000000000e+00,0,1610,30,652,0
2,120,20,1.109523192808224312e+00,2.595720925210950103e+00,1.347138547915328610e+00,1.570801941093211695e+00,-9.293617303682077946e-02,3.141532156280924859e+00,30,0.000000000000000000e+00,0,1610,30,652,0
2,120,21,1.139466489445103647e+00,2.595722569046665207e+00,1.347138643653611023e+00,1.570978762246919125e+00,-9.288096268195245031e-02,3.139625643501709362e+00,60,0.000000000000000000e+00,0,1610,30,652,0
2,120,22,1.169409786144367303e+00,2.595724212878435910e+00,1.347138631661262798e+00,1.571155370640118010e+00,-9.282541749459283231e-02,3.137719164934712701e+00,60,0.000000000000000000e+00,0,1610,30,652,0
2,120,23,1.199353083212769899e+00,2.595725856697369771e+00,1.347138511939450112e+00,1.571331765319017970e+00,-9.276953838372659078e-02,3.135812724106218141e+00,60,0.000000000000000000e+00,0,1610,30,652,0
2,120,24,1.229296380957057400e+00,2.595727500494573903e+00,1.347138284490505100e+00,1.571507945334527534e+00,-9.271332626190309512e-02,3.133906324541452015e+00,60,0.000000000000000000e+00,0,1610,30,652,0
2,120,25,1.259239679683960444e+00,2.595729144261156307e+00,1.347137949317924743e+00,1.571683909742272567e+00,-9.265678204521221595e-02,3.131999969764550862e+00,60,0.000000000000000000e+00,0,1610,30,652,0
2,120,26,1.289182979700188802e+00,2.595730787988225430e+00,1.347137506426371978e+00,1.571859657602611371e+00,-9.259990665325523729e-02,3.130093663298517903e+00,60,0.000000000000000000e+00,0,1610,30,652,0
2,120,27,1.319126281312427151e+00,2.595732431666891049e+00,1.347136955821674809e+00,1.572035187980652005e+00,-9.254270100911621277e-02,3.128187408665185743e+00,60,0.000000000000000000e+00,0,1610,30,652,0
2,120,28,1.349069584827328416e+00,2.595734075288262943e+00,1.347136297510826530e+00,1.572210499946267603e+00,-9.248516603933487623e-02,3.126281209385176396e+00,60,0.000000000000000000e+00,0,1610,30,652,0
2,120,29,1.379012890551508663e+00,2.595735718843452666e+00,1.347135531501984840e+00,1.572385592574111923e+00,-9.242730267387933019e-02,3.124375068977865766e+00,60,0.000000000000000000e+00,0,1610,30,652,0
2,120,30,1.408956198791541548e+00,2.595737362323572661e+00,1.347134657804472502e+00,1.572560464943637104e+00,-9.236911184611540371e-02,3.122468990961341451e+00,60,0.000000000000000000e+00,0,1610,30,652,0
2,120,31,1.438890935378889013e+00,2.595724308969249883e+00,1.347410920297384296e+00,1.572763604139432836e+00,-9.280210343383066274e-02,3.120366727152322106e+00,60,0.000000000000000000e+00,0,1610,30,652,0
2,120,32,1.468813124424254379e+00,2.595696358577491036e+00,1.348027033630867733e+00,1.573008338000008166e+00,-9.373262108905056067e-02,3.117963261230082495e+00,60,0.000000000000000000e+00,0,1610,30,652,0
2,120,33,1.498711116049742387e+00,2.595688152622189993e+00,1.348815646719125683e+00,1.573304031824339644e+00,-9.400003846871696211e-02,3.114881921679402588e+00,60,0.000000000000000000e+00,0,1610,30,652,0
2,120,34,1.528609117554152075e+00,2.595679946872700761e+00,1.349603976734965016e+00,1.573601409317348043e+00,-9.426652373942201457e-02,3.111800344449984657e+00,60,0.000000000000000000e+00,0,1610,30,652,0
2,120,35,1.558425436372741890e+00,2.595737782744960587e+00,1.350580501177497617e+00,1.574062803582489289e+00,-9.231422596474980757e-02,3.106172712914385237e+00,60,0.000000000000000000e+00,0,1610,30,652,0
2,120,36,1.588238410123823163e+00,2.595822830443282214e+00,1.351719297822670862e+00,1.574456784878404569e+00,-8.945048037293590326e-02,3.100639144344153664e+00,60,0.000000000000000000e+00,0,1610,30,652,0
2,120,37,1.618084306223031232e+00,2.595923685586760232e+00,1.353050853224587069e+00,1.574677357555142043e+00,-8.606304710592316276e-02,3.096472149399605911e+00,60,0.000000000000000000e+00,0,1610,30,652,0
2,120,38,1.647897373385443176e+00,2.596069574303490057e+00,1.354444660017740221e+00,1.574876142339555862e+00,-8.116800040443283848e-02,3.091315704004901299e+00,60,0.000000000000000000e+00,0,1610,30,652,0
2,120,39,1.653793834889201841e+00,2.596121978046662004e+00,1.354753763141192113e+00,1.574910468628091031e+00,-7.941151526414080841e-02,3.089776418520692403e+00,60,0.000000000000000000e+00,0,1610,30,652,0
2,120,40,1.652812698313778528e+00,2.566121978046661756e+00,1.352309272491153180e+00,1.574910468628091031e+00,-7.941151526414080841e-02,3.089776418520692403e+00,30,0.000000000000000000e+00,0,1610,30,652,0
2,120,41,1.622922593860201657e+00,2.566042800679016800e+00,1.350757485968996363e+00,1.574856505246455818e+00,-8.206553502657887300e-02,3.092102418430451749e+00,60,0.000000000000000000e+00,0,1610,30,652,0
2,120,42,1.593070416730377525e+00,2.565938829893220863e+00,1.349297573213036561e+00,1.574708023164227200e+00,-8.555445639847913952e-02,3.095846818683530621e+00,60,0.000000000000000000e+00,0,1610,30,652,0
2,120,43,1.563270969739147809e+00,2.565800407767766078e+00,1.347964656306328557e+00,1.574403877522690287e+00,-9.020368372475795482e-02,3.101566196155985722e+00,60,0.000000000000000000e+00,0,1610,30,652,0
2,120,44,1.533539285938520624e+00,2.565692620920592582e+00,1.346904926382955114e+00,1.573763628223172173e+00,-9.383701435544278269e-02,3.109934820768641917e+00,60,0.000000000000000000e+00,0,1610,30,652,0
2,120,45,1.503694806077916502e+00,2.565687884878413261e+00,1.346084361625543346e+00,1.573313708206542927e+00,-9.400874821164162398e-02,3.114781378638277864e+00,60,0.000000000000000000e+00,0,1610,30,652,0
2,120,46,1.473818303165192134e+00,2.565704247273767002e+00,1.345330562334651425e+00,1.572941489755893985e+00,-9.346998739828271674e-02,3.118612925798419866e+00,60,0.000000000000000000e+00,0,1610,30,652,0
2,120,47,1.443882944540888946e+00,2.565744402294701132e+00,1.344733793875462657e+00,1.572728910099900457e+00,-9.213003066471858737e-02,3.120589319912725923e+00,60,0.000000000000000000e+00,0,1610,30,652,0
2,120,48,1.413947596746528701e+00,2.565784562295328808e+00,1.344136856272757363e+00,1.572521679491710067e+00,-9.078960550304238097e-02,3.122564941730201937e+00,60,0.000000000000000000e+00,0,1610,30,652,0
2,120,49,1.384014675482996504e+00,2.565749705200212283e+00,1.343571861230149045e+00,1.572353373423234224e+00,-9.195958170547213761e-02,3.124638518195490100e+00,60,0.000000000000000000e+00,0,1610,30,652,0
2,120,50,1.354058403719798465e+00,2.565673852275302202e+00,1.343006830131319385e+00,1.572274711965595539e+00,-9.450065927735407101e-02,3.125926436565386712e+00,60,0.000000000000000000e+00,0,1610,30,652,0
2,120,51,1.324126041541089815e+00,2.565608070468739399e+00,1.342608003191464672e+00,1.572098567567856042e+00,-9.670623654427257243e-02,3.128106507496208444e+00,60,0.000000000000000000e+00,0,1610,30,652,0
2,120,52,1.294197627338171008e+00,2.565543965774093493e+00,1.342236429613143489e+00,1.571897531833357675e+00,-9.885594471960779117e-02,3.130435455577398329e+00,60,0.000000000000000000e+00,0,1610,30,652,0
2,120,53,1.264269201688162703e+00,2.565479874924898596e+00,1.341864557512128409e+00,1.571686388606386320e+00,-1.010052244421117962e-01,3.132765841809149965e+00,60,0.000000000000000000e+00,0,1610,30,652,0
2,120,54,1.234318822328311249e+00,2.565461800133261860e+00,1.341674249988769274e+00,1.571524984874917763e+00,-1.016121274564785182e-01,3.134409445370013536e+00,60,0.000000000000000000e+00,0,1610,30,652,0
2,120,55,1.204360286210830022e+00,2.565460825523386390e+00,1.341551449146668462e+00,1.571384377297388335e+00,-1.016456913708725374e-01,3.135797446751127815e+00,60,0.000000000000000000e+00,0,1610,30,652,0
2,120,56,1.174401750318571747e+00,2.565459850914327600e+00,1.341428591364535183e+00,1.571243676868556705e+00,-1.016790614086273692e-01,3.137185463377415218e+00,60,0.000000000000000000e+00,0,1610,30,652,0
2,120,57,1.144443214533595876e+00,2.565458876308874814e+00,1.341305676641994626e+00,1.571102883993623189e+00,-1.017122372833547672e-01,3.138573493877759191e+00,60,0.000000000000000000e+00,0,1610,30,652,0
2,120,58,1.114484678737962087e+00,2.565457901709817801e+00,1.341182704978998386e+00,1.570961999078868132e+00,-1.017452187097775962e-01,3.139961536880801596e+00,60,0.000000000000000000e+00,0,1610,30,652,0
2,120,59,1.111421145781808839e+00,2.535480753270092258e+00,1.338106335620819820e+00,1.570810187828747040e+00,-1.009797035748978278e-01,3.141455154489243284e+00,30,0.000000000000000000e+00,0,1610,30,652,0
2,120,60,1.141359845407828644e+00,2.535458298170096381e+00,1.338163045820426778e+00,1.571019321322025597e+00,-1.017318255369561442e-01,3.139396887638279843e+00,60,0.000000000000000000e+00,0,1610,30,652,0
2,120,61,1.171304690154069794e+00,2.535459596544186844e+00,1.338285975407285777e+00,1.571206939165659122e+00,-1.016877389686243749e-01,3.137547734718360459e+00,60,0.000000000000000000e+00,0,1610,30,652,0
2,120,62,1.201249535036081673e+00,2.535460894925969377e+00,1.338408803937479963e+00,1.571394393126049671e+00,-1.016433076716711792e-01,3.135698605786604531e+00,60,0.000000000000000000e+00,0,1610,30,652,0
2,120,63,1.231194380332720106e+00,2.535462193308849255e+00,1.338531531411821351e+00,1.571581682244909572e+00,-1.015985323229788850e-01,3.133849504084897930e+00,60,0.000000000000000000e+00,0,1610,30,652,0
2,120,64,1.261109417346659933e+00,2.535527020502334583e+00,1.338844014348021361e+00,1.571842694530553253e+00,-9.942420013452579752e-02,3.131051405012741817e+00,60,0.000000000000000000e+00,0,1610,30,652,0
2,120,65,1.291014793903652480e+00,2.535612419506267923e+00,1.339217433801393575e+00,1.572111839050072568e+00,-9.656039640185687389e-02,3.127948573654106390e+00,60,0.000000000000000000e+00,0,1610,30,652,0
2,120,66,1.320949783866605109e+00,2.535676394751298357e+00,1.339667092677973459e+00,1.572277455825496162e+00,-9.441547716029985438e-02,3.125883249150129828e+00,60,0.000000000000000000e+00,0,1610,30,652,0
2,120,67,1.350927963273790056e+00,2.535709115514892531e+00,1.340228471970111856e+00,1.572312104182602699e+00,-9.331926944524737699e-02,3.125327556864232026e+00,60,0.000000000000000000e+00,0,1610,30,652,0
2,120,68,1.380906141718151625e+00,2.535741839666511233e+00,1.340789806199923051e+00,1.572345524170549069e+00,-9.222305174372591452e-02,3.124772016424921972e+00,60,0.000000000000000000e+00,0,1610,30,652,0
2,120,69,1.410884319237284856e+00,2.535774567132137225e+00,1.341351095361093648e+00,1.572377716413723370e+00,-9.112682623790324676e-02,3.124216624845261414e+00,60,0.000000000000000000e+00,0,1610,30,652,0
2,120,70,1.440862495868789672e+00,2.535807297837738616e+00,1.341912339447513203e+00,1.572408681529607222e+00,-9.003059510895106143e-02,3.123661379140633798e+00,60,0.000000000000000000e+00,0,1610,30,652,0
2,120,71,1.470763892702529274e+00,2.535743271094787588e+00,1.342493864828454342e+00,1.572734825048094587e+00,-9.216778254674973248e-02,3.120533657330214261e+00,60,0.000000000000000000e+00,0,1610,30,652,0
2,120,72,1.500633367845506605e+00,2.535692144416097804e+00,1.343141100751126915e+00,1.573159980082506459e+00,-9.387006816105980533e-02,3.116380879410479920e+00,60,0.000000000000000000e+00,0,1610,30,652,0
2,120,73,1.530374002488490204e+00,2.535715067511872256e+00,1.343980007850839709e+00,1.573913770738444740e+00,-9.308023858345615409e-02,3.108064696410494321e+00,60,0.000000000000000000e+00,0,1610,30,652,0
2,120,74,1.560017403363343602e+00,2.535912395067390523e+00,1.345184528907824140e+00,1.574654078634333043e+00,-8.644222749004071282e-02,3.096938414717149701e+00,60,0.000000000000000000e+00,0,1610,30,652,0
2,120,75,1.589851781471251613e+00,2.536025512605426080e+00,1.346652528264783433e+00,1.574843070344602802e+00,-8.264513002910356398e-02,3.092610512472063533e+00,60,0.000000000000000000e+00,0,1610,30,652,0
2,120,76,1.619770667971392131e+00,2.536072075284990568e+00,1.348203216685055272e+00,1.574877904144310392e+00,-8.108416416329822241e-02,3.091242225043107972e+00,60,0.000000000000000000e+00,0,1610,30,652,0
2,120,77,1.649689555737325231e+00,2.536118643813749074e+00,1.349753776367682345e+00,1.574908446524252881e+00,-7.952326316400726292e-02,3.089874335947235373e+00,60,0.000000000000000000e+00,0,1610,30,652,0
2,120,78,1.651831561738355214e+00,2.536121978046661951e+00,1.349864781841114247e+00,1.574910468628091031e+00,-7.941151526414080841e-02,3.089776418520692403e+00,60,0.000000000000000000e+00,0,1610,30,652,0
2,120,79,1.650850425162931678e+00,2.506121978046661702e+00,1.347420291191075314e+00,1.574910468628091031e+00,-7.941151526414080841e-02,3.089776418520692403e+00,30,0.000000000000000000e+00,0,1610,30,652,0
2,120,80,1.620919547312095865e+00,2.506088993493724271e+00,1.345870236996355551e+00,1.574889496717617909e+00,-8.051706301022520940e-02,3.090745210238059926e+00,60,0.000000000000000000e+00,0,1610,30,652,0
2,120,81,1.590988670144604766e+00,2.506056011820346097e+00,1.344320118216601800e+00,1.574866372488793020e+00,-8.162264603477775715e-02,3.091714199236654359e+00,60,0.000000000000000000e+00,0,1610,30,652,0
2,120,82,1.561057793566214658e+00,2.506023033133303990e+00,1.342769934855692737e+00,1.574841094901938909e+00,-8.272825900122793286e-02,3.092683390484537220e+00,60,0.000000000000000000e+00,0,1610,30,652,0
2,120,83,1.531255177267401235e+00,2.505886470281794676e+00,1.341261598023004931e+00,1.574599278588666662e+00,-8.731291984471223344e-02,3.098009239411871896e+00,60,0.000000000000000000e+00,0,1610,30,652,0
2,120,84,1.501901870386186388e+00,2.505716286604251941e+00,1.340336884304715870e+00,1.572877189382463126e+00,-9.306827236138737192e-02,3.119205599373160442e+00,60,0.000000000000000000e+00,0,1610,30,652,0
2,120,85,1.472040683775772907e+00,2.505805259083559555e+00,1.339769319952656357e+00,1.572406788664430621e+00,-9.009887495782797906e-02,3.123695958906868242e+00,60,0.000000000000000000e+00,0,1610,30,652,0
2,120,86,1.442056481521265754e+00,2.505784392688980233e+00,1.339209051293799746e+00,1.572387141140671574e+00,-9.079773359006204636e-02,3.124049922590933726e+00,60,0.000000000000000000e+00,0,1610,30,652,0
2,120,87,1.412072278910597056e+00,2.505763527602154372e+00,1.338648764314977146e+00,1.572366994964056852e+00,-9.149659020301204038e-02,3.124403945197363974e+00,60,0.000000000000000000e+00,0,1610,30,652,0
2,120,88,1.382088075934024829e+00,2.505742663842266182e+00,1.338088459017745757e+00,1.572346349975461077e+00,-9.219544423166903258e-02,3.124758027499173973e+00,60,0.000000000000000000e+00,0,1610,30,652,0
2,120,89,1.352103872581807087e+00,2.505721801428495876e+00,1.337528135403696972e+00,1.572325206014617560e+00,-9.289429511086044755e-02,3.125112170269759293e+00,60,0.000000000000000000e+00,0,1610,30,652,0
2,120,90,1.322119668844202733e+00,2.505700940380021891e+00,1.336967793474455712e+00,1.572303562920118747e+00,-9.359314227524873075e-02,3.125466374282899640e+00,60,0.000000000000000000e+00,0,1610,30,652,0
2,120,91,1.292135464711471116e+00,2.505680080716020441e+00,1.336407433231680875e+00,1.572281420529417773e+00,-9.429198515933046032e-02,3.125820640312760190e+00,60,0.000000000000000000e+00,0,1610,30,652,0
2,120,92,1.262174358378525429e+00,2.505639410508917031e+00,1.335881123991637276e+00,1.572193161783175697e+00,-9.565528988316285286e-02,3.126968594602327123e+00,60,0.000000000000000000e+00,0,1610,30,652,0
2,120,93,1.232314944661992984e+00,2.505511525604626311e+00,1.335504134030637280e+00,1.571791929516658470e+00,-9.994381941696017790e-02,3.131614754315183546e+00,60,0.000000000000000000e+00,0,1610,30,652,0
2,120,94,1.202419681796333739e+00,2.505461311779010547e+00,1.335283710078819963e+00,1.571454541322301335e+00,-1.016289697692667193e-01,3.135104938562940813e+00,60,0.000000000000000000e+00,0,1610,30,652,0
2,120,95,1.172502149658520398e+00,2.505459367487721689e+00,1.335160961627800402e+00,1.571173852000876003e+00,-1.016955416670239920e-01,3.137873955728812447e+00,60,0.000000000000000000e+00,0,1610,30,652,0
2,120,96,1.142584880253196600e+00,2.505458434738511819e+00,1.335039907380264568e+00,1.570891858863975754e+00,-1.017274484528334355e-01,3.140651933948625185e+00,60,0.000000000000000000e+00,0,1610,30,652,0
2,120,97,1.112694470461795593e+00,2.505560933920240263e+00,1.335114736078678810e+00,1.570526835541592447e+00,-9.829332551805092244e-02,-3.138846536075435623e+00,60,0.000000000000000000e+00,0,1610,30,652,0
2,120,98,1.113472610826083731e+00,2.475598562244882839e+00,1.332227170924921822e+00,1.570392333485011616e+00,-9.703257220236061187e-02,-3.137422655528145921e+00,30,0.000000000000000000e+00,0,1610,30,652,0
2,120,99,1.143464821278335153e+00,2.475593660419505238e+00,1.332057447910071080e+00,1.570415516990496085e+00,-9.719683466709305719e-02,-3.137668573888440449e+00,60,0.000000000000000000e+00,0,1610,30,652,0
2,120,100,1.173268989855934308e+00,2.475458626600608003e+00,1.332034103857969054e+00,1.571066795825147189e+00,-1.017207061807667845e-01,3.138929131103198600e+00,60,0.000000000000000000e+00,0,1610,30,652,0
2,120,101,1.203105133478688193e+00,2.475462495623531822e+00,1.332156584093559859e+00,1.571625266847380242e+00,-1.015880575309378031e-01,3.133418963841404281e+00,60,0.000000000000000000e+00,0,1610,30,652,0
2,120,102,1.232880985514901662e+00,2.475673651210703152e+00,1.332579939478605091e+00,1.572269131749188809e+00,-9.450747917186630431e-02,3.125986682423298468e+00,60,0.000000000000000000e+00,0,1610,30,652,0
2,120,103,1.262858090699992886e+00,2.475724485655106388e+00,1.333142998067776919e+00,1.572297366352986225e+00,-9.280487465420339532e-02,3.125396671414117478e+00,60,0.000000000000000000e+00,0,1610,30,652,0
2,120,104,1.292835194708684465e+00,2.475775328382725959e+00,1.333705959727322199e+00,1.572323575098540260e+00,-9.110226281106870161e-02,3.124806896037228832e+00,60,0.000000000000000000e+00,0,1610,30,652,0
2,120,105,1.322812297627084410e+00,2.475826179146201955e+00,1.334268824434988732e+00,1.572347759542601198e+00,-8.939964877638262308e-02,3.124217348526574511e+00,60,0.000000000000000000e+00,0,1610,30,652,0
2,120,106,1.352789399541310722e+00,2.475877037698096306e+00,1.334831592169468450e+00,1.572369921209664234e+00,-8.769703768160064250e-02,3.123628021125784748e+00,60,0.000000000000000000e+00,0,1610,30,652,0
2,120,107,1.382766500537492949e+00,2.475927903790893669e+00,1.335394262910396757e+00,1.572390061592031651e+00,-8.599443465576883661e-02,3.123038906088035915e+00,60,0.000000000000000000e+00,0,1610,30,652,0
2,120,108,1.412743600701767521e+00,2.475978777177005874e+00,1.335956836638353629e+00,1.572408182149870548e+00,-8.429184482557228186e-02,3.122449995675903978e+00,60,0.000000000000000000e+00,0,1610,30,652,0
2,120,109,1.442718974546531419e+00,2.476043555399821905e+00,1.336532328011392323e+00,1.572419131220122113e+00,-8.212444822534870070e-02,3.121812678359425774e+00,60,0.000000000000000000e+00,0,1610,30,652,0
2,120,110,1.472688103312369545e+00,2.476158662669905031e+00,1.337154607316863864e+00,1.572406805502952754e+00,-7.827462318158318055e-02,3.120999798989623653e+00,60,0.000000000000000000e+00,0,1610,30,652,0
2,120,111,1.502657234196122182e+00,2.476273804612460605e+00,1.337776423480359078e+00,1.572388185270541028e+00,-7.442487869330749461e-02,3.120187351870653103e+00,60,0.000000000000000000e+00,0,1610,30,652,0
2,120,112,1.531853943613677549e+00,2.476244572328815341e+00,1.338896519075378988e+00,1.574376384245510074e+00,-7.533416301326067988e-02,3.094060935304564275e+00,60,0.000000000000000000e+00,0,1610,30,652,0
2,120,113,1.561722393281017363e+00,2.476203345097549136e+00,1.340425074212413747e+00,1.574679566491747673e+00,-7.669920385575146327e-02,3.090956580604157899e+00,60,0.000000000000000000e+00,0,1610,30,652,0
2,120,114,1.591670660241093493e+00,2.476175698362506949e+00,1.341971231457027791e+00,1.574757293467990316e+00,-7.762077161608349485e-02,3.090555741928907807e+00,60,0.000000000000000000e+00,0,1610,30,652,0
2,120,115,1.621618929591207570e+00,2.476148053616754385e+00,1.343517358539436657e+00,1.574835764414409756e+00,-7.854228945478514134e-02,3.090154773815150246e+00,60,0.000000000000000000e+00,0,1610,30,652,0
2,120,116,1.649869288587508365e+00,2.476121978046661898e+00,1.344975800541036381e+00,1.574910468628091031e+00,-7.941151526414080841e-02,3.089776418520692403e+00,60,0.000000000000000000e+00,0,1610,30,652,0
2,120,117,1.648888152012084829e+00,2.446121978046661649e+00,1.342531309890997449e+00,1.574910468628091031e+00,-7.941151526414080841e-02,3.089776418520692403e+00,30,0.000000000000000000e+00,0,1610,30,652,0
2,120,118,1.618959592777376111e+00,2.446196117816260784e+00,1.340989846192979007e+00,1.574699813180089336e+00,-7.694011426312963309e-02,3.090851810377024833e+00,60,0.000000000000000000e+00,0,1610,30,652,0
2,120,119,1.589091665853632040e+00,2.446244457010078754e+00,1.339501808388355641e+00,1.574377938496010376e+00,-7.533794855402398127e-02,3.094042712005569573e+00,60,0.000000000000000000e+00,0,1610,30,652,0
2,120,120,1.559267303270737814e+00,2.446274264749266347e+00,1.338051700982949566e+00,1.573980869127152182e+00,-7.435845360549619976e-02,3.098752340650516857e+00,60,0.000000000000000000e+00,0,1610,30,652,0
2,120,121,1.529442980492061510e+00,2.446304074685716312e+00,1.336600906071301775e+00,1.573593156289141204e+00,-7.337691571757787301e-02,3.103460889666743050e+00,60,0.000000000000000000e+00,0,1610,30,652,0
2,120,122,1.499667519583587127e+00,2.446307397553154406e+00,1.335507214039609813e+00,1.573093612131420294e+00,-7.328310708487784098e-02,3.110226723673684468e+00,60,0.000000000000000000e+00,0,1610,30,652,0
2,120,123,1.469951156924978575e+00,2.446278689141748064e+00,1.334844142822713575e+00,1.572436961519234178e+00,-7.426051273787548368e-02,3.119482955828880133e+00,60,0.000000000000000000e+00,0,1610,30,652,0
2,120,124,1.439983415588894644e+00,2.446250993666432727e+00,1.334225055021910133e+00,1.572392373273719723e+00,-7.518746133759757200e-02,3.120348256761239281e+00,60,0.000000000000000000e+00,0,1610,30,652,0
2,120,125,1.409995587541988504e+00,2.446223380779060097e+00,1.333609566434657667e+00,1.572397113062698804e+00,-7.611063860078637333e-02,3.120543066293433032e+00,60,0.000000000000000000e+00,0,1610,30,652,0
2,120,126,1.380007759635339060e+00,2.446195769799110575e+00,1.332994051207866182e+00,1.572401491150572816e+00,-7.703382178823781068e-02,3.120737898910988406e+00,60,0.000000000000000000e+00,0,1610,30,652,0
2,120,127,1.350019931861069500e+00,2.446168160763467103e+00,1.332378509344122275e+00,1.572405507424900595e+00,-7.795701034888180558e-02,3.120932755369106193e+00,60,0.000000000000000000e+00,0,1610,30,652,0
2,120,128,1.320032104211302570e+00,2.446140553709006848e+00,1.331762940846082488e+00,1.572409161771420649e+00,-7.888020373160009591e-02,3.121127636423416618e+00,60,0.000000000000000000e+00,0,1610,30,652,0
2,120,129,1.290044276678160573e+00,2.446112948672602094e+00,1.331147345716475527e+00,1.572412454074058275e+00,-7.980340138522867832e-02,3.121322542829983782e+00,60,0.000000000000000000e+00,0,1610,30,652,0
2,120,130,1.260056449253765587e+00,2.446085345691119795e+00,1.330531723958100709e+00,1.572415384214916445e+00,-8.072660275855469969e-02,3.121517475345311432e+00,60,0.000000000000000000e+00,0,1610,30,652,0
2,120,131,1.230068621930239692e+00,2.446057744801421130e+00,1.329916075573828627e+00,1.572417952074276704e+00,-8.164980730031667910e-02,3.121712434726346075e+00,60,0.000000000000000000e+00,0,1610,30,652,0
2,120,132,1.200080794699704301e+00,2.446030146040361508e+00,1.329300400566601148e+00,1.572420157530600271e+00,-8.257301445920495198e-02,3.121907421730487187e+00,60,0.000000000000000000e+00,0,1610,30,652,0
2,120,133,1.170858536161389019e+00,2.445965248868559261e+00,1.329088476098175153e+00,1.570262044361607767e+00,-8.475809783861532054e-02,-3.135281567796118107e+00,60,0.000000000000000000e+00,0,1610,30,652,0
2,120,134,1.140892982309569703e+00,2.445991883443080717e+00,1.329282629361699053e+00,1.570172591786430871e+00,-8.386647951959380620e-02,-3.134146826179978085e+00,60,0.000000000000000000e+00,0,1610,30,652,0
2,120,135,1.110927430566359009e+00,2.446018520285702547e+00,1.329476720646252774e+00,1.570085176048439113e+00,-8.297475961131195454e-02,-3.133012332579281800e+00,60,0.000000000000000000e+00,0,1610,30,652,0
2,120,136,1.115560321810088240e+00,2.416247855978768122e+00,1.327207985015448344e+00,1.570223040289024707e+00,-7.530707609932218993e-02,-3.133972948804536252e+00,30,0.000000000000000000e+00,0,1610,30,652,0
2,120,137,1.145487263128043942e+00,2.416246146834093445e+00,1.327014651772874476e+00,1.570405433509612259e+00,-7.536537582264624113e-02,-3.136401143921892398e+00,60,0.000000000000000000e+00,0,1610,30,652,0
2,120,138,1.175217490161475364e+00,2.416242704437244093e+00,1.326812540320017497e+00,1.571085106972151646e+00,-7.548090996197620584e-02,3.137763166514198954e+00,60,0.000000000000000000e+00,0,1610,30,652,0
2,120,139,1.205087313855483844e+00,2.416244353034878500e+00,1.327149796565246564e+00,1.571402668479546572e+00,-7.542391870612741300e-02,3.133546082397372423e+00,60,0.000000000000000000e+00,0,1610,30,652,0
2,120,140,1.235028403324438528e+00,2.416248600814301817e+00,1.327763167774557385e+00,1.571534232190398672e+00,-7.528074608576140747e-02,3.131781655349683557e+00,60,0.000000000000000000e+00,0,1610,30,652,0
2,120,141,1.264969492942445095e+00,2.416252848687860055e+00,1.328376445768197245e+00,1.571665290179505181e+00,-7.513734326381515949e-02,3.130017278461033836e+00,60,0.000000000000000000e+00,0,1610,30,652,0
2,120,142,1.294910582955519862e+00,2.416257096635699764e+00,1.328989630546439038e+00,1.571795841867324572e+00,-7.499371223910511475e-02,3.128252954358262894e+00,60,0.000000000000000000e+00,0,1610,30,652,0
2,120,143,1.324851673609677150e+00,2.416261344637966602e+00,1.329602722110427182e+00,1.571925886683744444e+00,-7.484985501240171146e-02,3.126488685666683587e+00,60,0.000000000000000000e+00,0,1610,30,652,0
2,120,144,1.354792765150925948e+00,2.416265592674806673e+00,1.330215720462177398e+00,1.572055424068087071e+00,-7.470577358638141874e-02,3.124724475010067337e+00,60,0.000000000000000000e+00,0,1610,30,652,0
2,120,145,1.384733857825267034e+00,2.416269840726364748e+00,1.330828625604576709e+00,1.572184453469118282e+00,-7.456146996557433404e-02,3.122960325010625482e+00,60,0.000000000000000000e+00,0,1610,30,652,0
2,120,146,1.414674951878687192e+00,2.416274088772786044e+00,1.331441437541383443e+00,1.572312974345053682e+00,-7.441694615631133658e-02,3.121196238288995062e+00,60,0.000000000000000000e+00,0,1610,30,652,0
2,120,147,1.444572065448109566e+00,2.416283366709371716e+00,1.332076389305985709e+00,1.572545185221017050e+00,-7.410165473935204083e-02,3.117974607980796620e+00,60,0.000000000000000000e+00,0,1610,30,652,0
2,120,148,1.474407708563186592e+00,2.416299676458161461e+00,1.332741802587930957e+00,1.572918784125882929e+00,-7.354654306301777744e-02,3.112715910308835099e+00,60,0.000000000000000000e+00,0,1610,30,652,0
2,120,149,1.504243369490687598e+00,2.416315986812688443e+00,1.333406383973119835e+00,1.573286561902401459e+00,-7.298957188614574321e-02,3.107457851163873741e+00,60,0.000000000000000000e+00,0,1610,30,652,0
2,120,150,1.534054074473689688e+00,2.416361308428462973e+00,1.334648925228056227e+00,1.573620839401557614e+00,-7.146158710463823560e-02,3.102054595953609439e+00,60,0.000000000000000000e+00,0,1610,30,652,0
2,120,151,1.563855551935858346e+00,2.416417375335516926e+00,1.336104682609671190e+00,1.573926258556372915e+00,-6.957347304041094915e-02,3.096599148953005809e+00,60,0.000000000000000000e+00,0,1610,30,652,0
2,120,152,1.593657051830166704e+00,2.416473450591339223e+00,1.337559447034921911e+00,1.574211067481122051e+00,-6.768417917115798765e-02,3.091145662811352501e+00,60,0.000000000000000000e+00,0,1610,30,652,0
2,120,153,1.623458582269422079e+00,2.416529531405172015e+00,1.339013218703336117e+00,1.574475275168394361e+00,-6.579396035081752636e-02,3.085694130586704276e+00,60,0.000000000000000000e+00,0,1610,30,652,0
2,120,154,1.647371225331253131e+00,2.416785100892373528e+00,1.340363550831069395e+00,1.574728865005891265e+00,-5.722656245455026713e-02,3.072944062819893851e+00,60,0.000000000000000000e+00,0,1610,30,652,0
2,120,155,1.646319305675990829e+00,2.386785100892373723e+00,1.338564558268317439e+00,1.574728865005891265e+00,-5.722656245455026713e-02,3.072944062819893851e+00,30,0.000000000000000000e+00,0,1610,30,652,0
2,120,156,1.616682153534118260e+00,2.386562770968221781e+00,1.336515103388734582e+00,1.574607557971120064e+00,-6.467418957739923258e-02,3.082689774372565417e+00,60,0.000000000000000000e+00,0,1610,30,652,0
2,120,157,1.586917039354857506e+00,2.386492063219810777e+00,1.335051436737157093e+00,1.574301041013315583e+00,-6.705690942605047056e-02,3.089336094144089273e+00,60,0.000000000000000000e+00,0,1610,30,652,0
2,120,158,1.557149485970494629e+00,2.386424306501127912e+00,1.333597758597094618e+00,1.573962580510497755e+00,-6.933999282782798979e-02,3.095924927843766827e+00,60,0.000000000000000000e+00,0,1610,30,652,0
2,120,159,1.527381966800235080e+00,2.386356561467644077e+00,1.332142630818633933e+00,1.573594031537056903e+00,-7.162139976518533402e-02,3.102516623064353940e+00,60,0.000000000000000000e+00,0,1610,30,652,0
2,120,160,1.497560645660843237e+00,2.386315084137047293e+00,1.331054946181591925e+00,1.573266360189728319e+00,-7.302044404138374745e-02,3.107748832496930902e+00,60,0.000000000000000000e+00,0,1610,30,652,0
2,120,161,1.467677661283640855e+00,2.386303693257773251e+00,1.330389294292838143e+00,1.573009899292270752e+00,-7.340954503091956518e-02,3.111420920927163714e+00,60,0.000000000000000000e+00,0,1610,30,652,0
2,120,162,1.437794686380440723e+00,2.386292302592212700e+00,1.329723236673733044e+00,1.572750597669023920e+00,-7.379774729688937107e-02,3.115093328762583269e+00,60,0.000000000000000000e+00,0,1610,30,652,0
2,120,163,1.407911718721662764e+00,2.386280912372124696e+00,1.329056773278705528e+00,1.572488459720933429e+00,-7.418502752085043284e-02,3.118766033393888470e+00,60,0.000000000000000000e+00,0,1610,30,652,0
2,120,164,1.377998256987063463e+00,2.386273498932663273e+00,1.328423498764273347e+00,1.572295159646015739e+00,-7.443702637410698486e-02,3.121441177817100510e+00,60,0.000000000000000000e+00,0,1610,30,652,0
2,120,165,1.348065971601821955e+00,2.386268539944640832e+00,1.327810780973450289e+00,1.572144997808853306e+00,-7.460568016588831064e-02,3.123500512753227376e+00,60,0.000000000000000000e+00,0,1610,30,652,0
2,120,166,1.318133687993238601e+00,2.386263580957903141e+00,1.327197936167709980e+00,1.571994143218734763e+00,-7.477403306476748668e-02,3.125559932826021736e+00,60,0.000000000000000000e+00,0,1610,30,652,0
2,120,167,1.288201405769992869e+00,2.386258622004035601e+00,1.326584964341613881e+00,1.571842596743384668e+00,-7.494208188021933559e-02,3.127619433865646670e+00,60,0.000000000000000000e+00,0,1610,30,652,0
2,120,168,1.258269124540743578e+00,2.386253663114621837e+00,1.325971865491342161e+00,1.571690359268068216e+00,-7.510982342511174359e-02,3.129679011699350255e+00,60,0.000000000000000000e+00,0,1610,30,652,0
2,120,169,1.228336843914137555e+00,2.386248704321245917e+00,1.325358639614691914e+00,1.571537431695576803e+00,-7.527725451581446237e-02,3.131738662151505093e+00,60,0.000000000000000000e+00,0,1610,30,652,0
2,120,170,1.198404563498816744e+00,2.386243745655489690e+00,1.324745286711079828e+00,1.571383814946214486e+00,-7.544437197231190773e-02,3.133798381043646053e+00,60,0.000000000000000000e+00,0,1610,30,652,0
2,120,171,1.168509391883717274e+00,2.386242492011052541e+00,1.324585233602774803e+00,1.571127117370694215e+00,-7.548783903487810143e-02,3.137206479056698250e+00,60,0.000000000000000000e+00,0,1610,30,652,0
2,120,172,1.138643931272416365e+00,2.386244204418500381e+00,1.324787683095344226e+00,1.570788690475843907e+00,-7.543131888884779812e-02,-3.141491322132551112e+00,60,0.000000000000000000e+00,0,1610,30,652,0
2,120,173,1.108778471106107499e+00,2.386245916830532110e+00,1.324989533506344186e+00,1.570450780601827301e+00,-7.537328565351186782e-02,-3.137003876871166330e+00,60,0.000000000000000000e+00,0,1610,30,652,0
2,120,174,1.117382076203150998e+00,2.356244114604572726e+00,1.322658532151282040e+00,1.570806427732819088e+00,-7.543432093500079816e-02,3.141458622770357145e+00,30,0.000000000000000000e+00,0,1610,30,652,0
2,120,175,1.147292307907678444e+00,2.356242974936471057e+00,1.322456267371151739e+00,1.571031623313375203e+00,-7.547205285314628753e-02,3.138472037759571176e+00,60,0.000000000000000000e+00,0,1610,30,652,0
2,120,176,1.177202541088083088e+00,2.356241835286759123e+00,1.322253737240760785e+00,1.571257044644607914e+00,-7.550911292512951789e-02,3.135485440443245508e+00,60,0.000000000000000000e+00,0,1610,30,652,0
2,120,177,1.207119967591234300e+00,2.356245958368276661e+00,1.322656387597838101e+00,1.571452449218996961e+00,-7.536983725621926311e-02,3.132879254044800277e+00,60,0.000000000000000000e+00,0,1610,30,652,0
2,120,178,1.237039897898771112e+00,2.356251913785529339e+00,1.323269623677151507e+00,1.571636489652634250e+00,-7.516892379680317759e-02,3.130405587744921281e+00,60,0.000000000000000000e+00,0,1610,30,652,0
2,120,179,1.266959828876417671e+00,2.356257869357376578e+00,1.323882676534742675e+00,1.571819535165143611e+00,-7.496756092367928836e-02,3.127932024063158067e+00,60,0.000000000000000000e+00,0,1610,30,652,0
2,120,180,1.296879761202117232e+00,2.356263825029105696e+00,1.324495546173719562e+00,1.572001584184966827e+00,-7.476575415027597593e-02,3.125458570234189271e+00,60,0.000000000000000000e+00,0,1610,30,652,0
2,120,181,1.326799695553790404e+00,2.356269780746003129e+00,1.325108232600555880e+00,1.572182635177004073e+00,-7.456350899734220938e-02,3.122985233486720524e+00,60,0.000000000000000000e+00,0,1610,30,652,0
2,120,182,1.356719632609313830e+00,2.356275736453355307e+00,1.325720735825092422e+00,1.572362686642648999e+00,-7.436083099267309926e-02,3.120512021043397421e+00,60,0.000000000000000000e+00,0,1610,30,652,0
2,120,183,1.386629603373441544e+00,2.356284098097239266e+00,1.326380193205611180e+00,1.572562063744637806e+00,-7.407680154816387308e-02,3.117738769047089242e+00,60,0.000000000000000000e+00,0,1610,30,652,0
2,120,184,1.416537965990911641e+00,2.356292848983081889e+00,1.327047034464026831e+00,1.572763100917332402e+00,-7.377914647827732431e-02,3.114917159958767279e+00,60,0.000000000000000000e+00,0,1610,30,652,0
2,120,185,1.446446332947506797e+00,2.356301600125301210e+00,1.327713636215742010e+00,1.572962463829638891e+00,-7.348094783641623273e-02,3.112095726694240838e+00,60,0.000000000000000000e+00,0,1610,30,652,0
2,120,186,1.476354705254289357e+00,2.356310351418801297e+00,1.328379998480913038e+00,1.573160150478856600e+00,-7.318221619597409244e-02,3.109274479507265099e+00,60,0.000000000000000000e+00,0,1610,30,652,0
2,120,187,1.506263083922187551e+00,2.356319102758483552e+00,1.329046121285448745e+00,1.573356158941481731e+00,-7.288296214013634255e-02,3.106453428639155412e+00,60,0.000000000000000000e+00,0,1610,30,652,0
2,120,188,1.536007158275372708e+00,2.356393342643299693e+00,1.330384942507578439e+00,1.573797873388068425e+00,-7.038291951605324392e-02,3.098937232793301355e+00,60,0.000000000000000000e+00,0,1610,30,652,0
2,120,189,1.565722878303963395e+00,2.356478920705207702e+00,1.331837903855362049e+00,1.574237745776624786e+00,-6.749983739969844798e-02,3.090613815907699902e+00,60,0.000000000000000000e+00,0,1610,30,652,0
2,120,190,1.595441662218544110e+00,2.356567602267168215e+00,1.333330670832206133e+00,1.574611740491107081e+00,-6.451228060879654613e-02,3.082477839301505984e+00,60,0.000000000000000000e+00,0,1610,30,652,0
2,120,191,1.625200362689719791e+00,2.356697493321067594e+00,1.335382700807525858e+00,1.574698419685389927e+00,-6.016042632589013728e-02,3.076782619765224602e+00,60,0.000000000000000000e+00,0,1610,30,652,0
2,120,192,1.645267386020728306e+00,2.356785100892373475e+00,1.336765565705565262e+00,1.574728865005891265e+00,-5.722656245455026713e-02,3.072944062819893851e+00,60,0.000000000000000000e+00,0,1610,30,652,0
2,120,193,1.644215466365466227e+00,2.326785100892373670e+00,1.334966573142813084e+00,1.574728865005891265e+00,-5.722656245455026713e-02,3.072944062819893851e+00,30,0.000000000000000000e+00,0,1610,30,652,0
2,120,194,1.614406559399547580e+00,2.326693332609106157e+00,1.332914717206814981e+00,1.574696412809419854e+00,-6.029979104496852038e-02,3.076964973794867220e+00,60,0.000000000000000000e+00,0,1610,30,652,0
2,120,195,1.584597679647004709e+00,2.326601580712149175e+00,1.330862094759832415e+00,1.574639212880243999e+00,-6.337365878304712652e-02,3.080987516862885744e+00,60,0.000000000000000000e+00,0,1610,30,652,0
2,120,196,1.554885343133859843e+00,2.326496886833153255e+00,1.329130358698698222e+00,1.574323987744079112e+00,-6.689433485831530746e-02,3.088867173353638584e+00,60,0.000000000000000000e+00,0,1610,30,652,0
2,120,197,1.525258440865685516e+00,2.326380756774395930e+00,1.327679533211680862e+00,1.573729123671360419e+00,-7.080675475679298891e-02,3.100161892875383352e+00,60,0.000000000000000000e+00,0,1610,30,652,0
2,120,198,1.495488841672977021e+00,2.326316981503809167e+00,1.326603577220061503e+00,1.573308802217876945e+00,-7.295554637378076634e-02,3.107137210663125870e+00,60,0.000000000000000000e+00,0,1610,30,652,0
2,120,199,1.465564627667650388e+00,2.326309876560156642e+00,1.325937013262525221e+00,1.573149466788160700e+00,-7.319843926130276124e-02,3.109427559086250348e+00,60,0.000000000000000000e+00,0,1610,30,652,0
2,120,200,1.435640417818985215e+00,2.326302771650702539e+00,1.325270291467809836e+00,1.572989025278772157e+00,-7.344098742954185965e-02,3.111718036543484889e+00,60,0.000000000000000000e+00,0,1610,30,652,0
2,120,201,1.405716211586007347e+00,2.326295666831689424e+00,1.324603411821928756e+00,1.572827478717346628e+00,-7.368318521491623585e-02,3.114008637554674053e+00,60,0.000000000000000000e+00,0,1610,30,652,0
2,120,202,1.375792008427682012e+00,2.326288562159356754e+00,1.323936374313393172e+00,1.572664828165927897e+00,-7.392502695806046908e-02,3.116299356634251172e+00,60,0.000000000000000000e+00,0,1610,30,652,0
2,120,203,1.345867807802928251e+00,2.326281457689943544e+00,1.323269178933214718e+00,1.572501074720958236e+00,-7.416650700406401953e-02,3.118590188291273435e+00,60,0.000000000000000000e+00,0,1610,30,652,0
2,120,204,1.315950714081527195e+00,2.326274244588172557e+00,1.322619030273381124e+00,1.572317678736877999e+00,-7.441164095112884347e-02,3.121131533905582955e+00,60,0.000000000000000000e+00,0,1610,30,652,0
2,120,205,1.286049340377606987e+00,2.326266790678529262e+00,1.322006696338619003e+00,1.572091863445958415e+00,-7.466510054567243593e-02,3.124226956107538200e+00,60,0.000000000000000000e+00,0,1610,30,652,0
2,120,206,1.256147970375894873e+00,2.326259336796961730e+00,1.321394075429209281e+00,1.571864483679605851e+00,-7.491787777706782059e-02,3.127322567339243076e+00,60,0.000000000000000000e+00,0,1610,30,652,0
2,120,207,1.226246602747407932e+00,2.326251883050731717e+00,1.320781167530004296e+00,1.571635542420645848e+00,-7.516996181712864988e-02,3.130418353433769951e+00,60,0.000000000000000000e+00,0,1610,30,652,0
2,120,208,1.196345236163094405e+00,2.326244429547098314e+00,1.320167972634115339e+00,1.571405042741379932e+00,-7.542134185546744973e-02,3.133514300209484738e+00,60,0.000000000000000000e+00,0,1610,30,652,0
2,120,209,1.166424763832540679e+00,2.326242064020031641e+00,1.320054275449367598e+00,1.571211783082397506e+00,-7.550172867832749546e-02,3.136084871249128714e+00,60,0.000000000000000000e+00,0,1610,30,652,0
2,120,210,1.136492202437960675e+00,2.326242918033415208e+00,1.320256666256794720e+00,1.571042873228388093e+00,-7.547391920320345449e-02,3.138322917701248382e+00,60,0.000000000000000000e+00,0,1610,30,652,0
2,120,211,1.106559641905388247e+00,2.326243772057550174e+00,1.320458908058084191e+00,1.570874090059039219e+00,-7.544573241312435563e-02,3.140560957622527738e+00,60,0.000000000000000000e+00,0,1610,30,652,0
2,120,212,1.119350175258935876e+00,2.296243028595813307e+00,1.318099917511742269e+00,1.571021015214794314e+00,-7.547029135986771387e-02,3.138612657208240453e+00,30,0.000000000000000000e+00,0,1610,30,652,0
2,120,213,1.149296115300949106e+00,2.296242345730393097e+00,1.317897625561510910e+00,1.571156051152384991e+00,-7.549259695689536365e-02,3.136823132197486430e+00,60,0.000000000000000000e+00,0,1610,30,652,0
2,120,214,1.179242056107789205e+00,2.296241662874580314e+00,1.317695238346263231e+00,1.571291167539468070e+00,-7.551466104609527719e-02,3.135033605450422201e+00,60,0.000000000000000000e+00,0,1610,30,652,0
2,120,215,1.209125877272419158e+00,2.296249721998818938e+00,1.318162865997147382e+00,1.571568873065711358e+00,-7.524291831730933744e-02,3.131315956953375945e+00,60,0.000000000000000000e+00,0,1610,30,652,0
2,120,216,1.238996202654220502e+00,2.296259680946503678e+00,1.318775615186858374e+00,1.571875016392616065e+00,-7.490622202993857393e-02,3.127179636523151895e+00,60,0.000000000000000000e+00,0,1610,30,652,0
2,120,217,1.268866532382179058e+00,2.296269640126949341e+00,1.319387852051348897e+00,1.572178371942481334e+00,-7.456828916835989141e-02,3.123043629420270584e+00,60,0.000000000000000000e+00,0,1610,30,652,0
2,120,218,1.298756575246702516e+00,2.296278386819070150e+00,1.320016627268401521e+00,1.572429950233177109e+00,-7.427077476231680464e-02,3.119580446931187190e+00,60,0.000000000000000000e+00,0,1610,30,652,0
2,120,219,1.328691598311825262e+00,2.296284366248455555e+00,1.320684067803695738e+00,1.572568249033941434e+00,-7.406768858982215598e-02,3.117652303112894430e+00,60,0.000000000000000000e+00,0,1610,30,652,0
2,120,220,1.358626622945315665e+00,2.296290345845113379e+00,1.321351396501575959e+00,1.572705767027267498e+00,-7.386434383087658873e-02,3.115724236744213727e+00,60,0.000000000000000000e+00,0,1610,30,652,0
2,120,221,1.388561649469792769e+00,2.296296325575515773e+00,1.322018613366402917e+00,1.572842503545702542e+00,-7.366074385519882917e-02,3.113796251101093482e+00,60,0.000000000000000000e+00,0,1610,30,652,0
2,120,222,1.418496678207855854e+00,2.296302305406130895e+00,1.322685718403792787e+00,1.572978457939049335e+00,-7.345689203483685148e-02,3.111868349456800686e+00,60,0.000000000000000000e+00,0,1610,30,652,0
2,120,223,1.448431709482081109e+00,2.296308285303427787e+00,1.323352711620614519e+00,1.573113629574371730e+00,-7.325279174406351679e-02,3.109940535081901380e+00,60,0.000000000000000000e+00,0,1610,30,652,0
2,120,224,1.478366743615014967e+00,2.296314265233873719e+00,1.324019593024992059e+00,1.573248017836001766e+00,-7.304844635927398855e-02,3.108012811244249107e+00,60,0.000000000000000000e+00,0,1610,30,652,0
2,120,225,1.508301780929167224e+00,2.296320245163935958e+00,1.324686362626303238e+00,1.573381622125541668e+00,-7.284385925888448021e-02,3.106085181208965373e+00,60,0.000000000000000000e+00,0,1610,30,652,0
2,120,226,1.537753395370567100e+00,2.296496539624047983e+00,1.326115332795696933e+00,1.574322341107385448e+00,-6.690603732515620905e-02,3.088900926209030118e+00,60,0.000000000000000000e+00,0,1610,30,652,0
2,120,227,1.567453522952943379e+00,2.296605111137365540e+00,1.327958735801016754e+00,1.574641872237580564e+00,-6.325536210790905223e-02,3.080832690588914957e+00,60,0.000000000000000000e+00,0,1610,30,652,0
2,120,228,1.597289796928198280e+00,2.296676035033405228e+00,1.330011822499391982e+00,1.574687523806560518e+00,-6.087920635502630518e-02,3.077723137179472879e+00,60,0.000000000000000000e+00,0,1610,30,652,0
2,120,229,1.627126086642560976e+00,2.296746969117910098e+00,1.332064451165269503e+00,1.574718384195561427e+00,-5.850340577442336709e-02,3.074614574790468069e+00,60,0.000000000000000000e+00,0,1610,30,652,0
2,120,230,1.643163546710203704e+00,2.296785100892373421e+00,1.333167580580061129e+00,1.574728865005891265e+00,-5.722656245455026713e-02,3.072944062819893851e+00,60,0.000000000000000000e+00,0,1610,30,652,0
2,120,231,1.642111627054941403e+00,2.266785100892373617e+00,1.331368588017308952e+00,1.574728865005891265e+00,-5.722656245455026713e-02,3.072944062819893851e+00,30,0.000000000000000000e+00,0,1610,30,652,0
2,120,232,1.612258071669875115e+00,2.266727284977414936e+00,1.329315853526893854e+00,1.574711302794436385e+00,-5.916261517285570370e-02,3.075477061604446227e+00,60,0.000000000000000000e+00,0,1610,30,652,0
2,120,233,1.582404527766397395e+00,2.266669475048686877e+00,1.327262814820466152e+00,1.574683922579778184e+00,-6.109895643895546513e-02,3.078010687599017636e+00,60,0.000000000000000000e+00,0,1610,30,652,0
2,120,234,1.552550994185753375e+00,2.266611671987408094e+00,1.325209471874049250e+00,1.574646716815576220e+00,-6.303552688204061560e-02,3.080544975830944665e+00,60,0.000000000000000000e+00,0,1610,30,652,0
2,120,235,1.522783650983790205e+00,2.266525796423413119e+00,1.323207077215226235e+00,1.574458319575061438e+00,-6.591986861828957878e-02,3.086057130645138535e+00,60,0.000000000000000000e+00,0,1610,30,652,0
2,120,236,1.493427016645857419e+00,2.266317841412671896e+00,1.322152468605108488e+00,1.573328011454792064e+00,-7.292612600543968426e-02,3.106860019483271174e+00,60,0.000000000000000000e+00,0,1610,30,652,0
2,120,237,1.463484117785430305e+00,2.266312678917528078e+00,1.321485455625770911e+00,1.573212444613186101e+00,-7.310267739829900968e-02,3.108524175617965568e+00,60,0.000000000000000000e+00,0,1610,30,652,0
2,120,238,1.433541221232181639e+00,2.266307516428727631e+00,1.320818359318531421e+00,1.573096293600190432e+00,-7.327904797433593131e-02,3.110188401017528914e+00,60,0.000000000000000000e+00,0,1610,30,652,0
2,120,239,1.403598326778598970e+00,2.266302353967845740e+00,1.320151179677514941e+00,1.572979558803009326e+00,-7.345523556008348720e-02,3.111852693580791751e+00,60,0.000000000000000000e+00,0,1610,30,652,0
2,120,240,1.373655434217150528e+00,2.266297191556458479e+00,1.319483916697543391e+00,1.572862240618441376e+00,-7.363123798320314606e-02,3.113517051205069386e+00,60,0.000000000000000000e+00,0,1610,30,652,0
2,120,241,1.343712543340288335e+00,2.266292029216140147e+00,1.318816570374135022e+00,1.572744339452875728e+00,-7.380705307253476732e-02,3.115181471786170775e+00,60,0.000000000000000000e+00,0,1610,30,652,0
2,120,242,1.313769653940449755e+00,2.266286866968465485e+00,1.318149140703504418e+00,1.572625855722291632e+00,-7.398267865814767141e-02,3.116845953218403409e+00,60,0.000000000000000000e+00,0,1610,30,652,0
2,120,243,1.283826765810061943e+00,2.266281704835007460e+00,1.317481627682563827e+00,1.572506789852251341e+00,-7.415811257138726909e-02,3.118510493394582195e+00,60,0.000000000000000000e+00,0,1610,30,652,0
2,120,244,1.253884463481423461e+00,2.266276500224382762e+00,1.316814278044143638e+00,1.572385704498962866e+00,-7.433480803761738365e-02,3.120194859573720336e+00,60,0.000000000000000000e+00,0,1610,30,652,0
2,120,245,1.224076599863496373e+00,2.266261499084922804e+00,1.316203026553423694e+00,1.571930605214620691e+00,-7.484462050621809581e-02,3.126424542576877741e+00,60,0.000000000000000000e+00,0,1610,30,652,0
2,120,246,1.194268747419137577e+00,2.266246498367586515e+00,1.315590612706051932e+00,1.571469178049980542e+00,-7.535163811204470541e-02,3.132654950453825471e+00,60,0.000000000000000000e+00,0,1610,30,652,0
2,120,247,1.164362477749512070e+00,2.266241921841259721e+00,1.315523440844851510e+00,1.571239916220646293e+00,-7.550632185156636034e-02,3.135712270256251877e+00,60,0.000000000000000000e+00,0,1610,30,652,0
2,120,248,1.134407625583643497e+00,2.266242490697405021e+00,1.315725745629390708e+00,1.571127377188516139e+00,-7.548788181178900381e-02,3.137203036484302654e+00,60,0.000000000000000000e+00,0,1610,30,652,0
2,120,249,1.104452773910978847e+00,2.266243059559737372e+00,1.315927984302158515e+00,1.571014894082311875e+00,-7.546927421967231098e-02,3.138693801078610512e+00,60,0.000000000000000000e+00,0,1610,30,652,0
2,120,250,1.121374308129157837e+00,2.236242563948431794e+00,1.313541301402231021e+00,1.571112889805199142e+00,-7.548549514174163200e-02,3.137394999567817866e+00,30,0.000000000000000000e+00,0,1610,30,652,0
2,120,251,1.151335521937093764e+00,2.236242076474366236e+00,1.313339046696120560e+00,1.571209318893537876e+00,-7.550132583502788819e-02,3.136117509657602831e+00,60,0.000000000000000000e+00,0,1610,30,652,0
2,120,252,1.181296736186030927e+00,2.236241589005852681e+00,1.313136743442461229e+00,1.571305788848691209e+00,-7.551703338831883272e-02,3.134840019447391768e+00,60,0.000000000000000000e+00,0,1610,30,652,0
2,120,253,1.210947881852854291e+00,2.236268930323060733e+00,1.313667710678663836e+00,1.572156843877932308e+00,-7.459241438712904682e-02,3.123338396058835897e+00,60,0.000000000000000000e+00,0,1610,30,652,0
2,120,254,1.240835128479847782e+00,2.236355498324138491e+00,1.314326492579613870e+00,1.572357133064674617e+00,-7.169449904527591677e-02,3.119807184192628480e+00,60,0.000000000000000000e+00,0,1610,30,652,0
2,120,255,1.270812982991277984e+00,2.236460948894613665e+00,1.315001874051602071e+00,1.572313373104009315e+00,-6.817096807024869420e-02,3.119325517816894155e+00,60,0.000000000000000000e+00,0,1610,30,652,0
2,120,256,1.300790842606859288e+00,2.236566426341398905e+00,1.315676876960801156e+00,1.572266202017426728e+00,-6.464744715346149029e-02,3.118843930407653176e+00,60,0.000000000000000000e+00,0,1610,30,652,0
2,120,257,1.330768707605651135e+00,2.236671928663525044e+00,1.316351501168324001e+00,1.572215622601651486e+00,-6.112396185578106156e-02,3.118362394785213265e+00,60,0.000000000000000000e+00,0,1610,30,652,0
2,120,258,1.360746578266516016e+00,2.236777453859020603e+00,1.317025746549654208e+00,1.572161637399683176e+00,-5.760053773853801573e-02,3.117880883813977544e+00,60,0.000000000000000000e+00,0,1610,30,652,0
2,120,259,1.390724454868104587e+00,2.236882999925037030e+00,1.317699612994654323e+00,1.572104248701453155e+00,-5.407720036316154832e-02,3.117399370399686287e+00,60,0.000000000000000000e+00,0,1610,30,652,0
2,120,260,1.420702337688834360e+00,2.236988564857977035e+00,1.318373100407571386e+00,1.572043458544463590e+00,-5.055397529082061858e-02,3.116917827486670234e+00,60,0.000000000000000000e+00,0,1610,30,652,0
2,120,261,1.450680227006874379e+00,2.237094146653619386e+00,1.319046208707044254e+00,1.571979268714386535e+00,-4.703088808205801996e-02,3.116436228055112778e+00,60,0.000000000000000000e+00,0,1610,30,652,0
2,120,262,1.480656243335590982e+00,2.237517372928484960e+00,1.319891060989140552e+00,1.571637223283541829e+00,-3.291607069750335235e-02,3.116046907219351070e+00,60,0.000000000000000000e+00,0,1610,30,652,0
2,120,263,1.510096155165298715e+00,2.237694351037168516e+00,1.320769277344067572e+00,1.571978040105388885e+00,-2.699903348895338340e-02,3.097846516215015278e+00,60,0.000000000000000000e+00,0,1610,30,652,0
2,120,264,1.539372958420289095e+00,2.237005716987652271e+00,1.322601235526063457e+00,1.574092666874126856e+00,-4.988818823324181473e-02,3.075586464600511327e+00,30,0.000000000000000000e+00,0,1610,30,652,0
2,120,265,1.569279784772143582e+00,2.236940823140241452e+00,1.324650872138585456e+00,1.574275738610132258e+00,-5.204676754071546618e-02,3.074810010412560857e+00,60,0.000000000000000000e+00,0,1610,30,652,0
2,120,266,1.599186624286407454e+00,2.236875936539718168e+00,1.326700351045025927e+00,1.574462174753376464e+00,-5.420509539390017117e-02,3.074032983643701478e+00,60,0.000000000000000000e+00,0,1610,30,652,0
2,120,267,1.629093477143148450e+00,2.236811057700126337e+00,1.328749672285021610e+00,1.574651977908458012e+00,-5.636316078419434383e-02,3.073255368158160028e+00,60,0.000000000000000000e+00,0,1610,30,652,0
2,120,268,1.641059707399679102e+00,2.236785100892373368e+00,1.329569595454556774e+00,1.574728865005891265e+00,-5.722656245455026713e-02,3.072944062819893851e+00,60,0.000000000000000000e+00,0,1610,30,652,0
2,120,269,1.640007787744416801e+00,2.206785100892373563e+00,1.327770602891804819e+00,1.574728865005891265e+00,-5.722656245455026713e-02,3.072944062819893851e+00,30,0.000000000000000000e+00,0,1610,30,652,0
2,120,270,1.610162204316111678e+00,2.207024857357052561e+00,1.325734610780284539e+00,1.574039315840291220e+00,-4.925151474750744107e-02,3.075815356273827295e+00,60,0.000000000000000000e+00,0,1610,30,652,0
2,120,271,1.580541873843624323e+00,2.207576044661263115e+00,1.324035429228350491e+00,1.572488786829401519e+00,-3.092381807426902718e-02,3.086908468308654285e+00,30,0.000000000000000000e+00,0,1610,30,652,0
2,120,272,1.550763234916620714e+00,2.207638416200088383e+00,1.322333649238228936e+00,1.572208781590989979e+00,-2.885556066604677561e-02,3.092675744928589765e+00,60,0.000000000000000000e+00,0,1610,30,652,0
2,120,273,1.520984660848732961e+00,2.207700790830313231e+00,1.320630745963969677e+00,1.571952710957158716e+00,-2.678519389821243379e-02,3.098441759723292499e+00,60,0.000000000000000000e+00,0,1610,30,652,0
2,120,274,1.491240586259194645e+00,2.207756124484494986e+00,1.319443997038625804e+00,1.571683377603116494e+00,-2.494930378804416371e-02,3.106049799324515082e+00,60,0.000000000000000000e+00,0,1610,30,652,0
2,120,275,1.461529434107123659e+00,2.207804748759051527e+00,1.318747981534337255e+00,1.571407319725790508e+00,-2.333578654639678618e-02,3.115413597491543563e+00,60,0.000000000000000000e+00,0,1610,30,652,0
2,120,276,1.431602724986868580e+00,2.207815702714546635e+00,1.317914140684150359e+00,1.571350519178984051e+00,-2.297186987512844780e-02,3.117470382169805099e+00,60,0.000000000000000000e+00,0,1610,30,652,0
2,120,277,1.401666779998541168e+00,2.207825042695389595e+00,1.317074362160576051e+00,1.571303499874307619e+00,-2.266146513620381775e-02,3.119214053746407700e+00,60,0.000000000000000000e+00,0,1610,30,652,0
2,120,278,1.371730837686887972e+00,2.207834382856438182e+00,1.316234489644045658e+00,1.571257565075941720e+00,-2.235096342322684393e-02,3.120957693130047339e+00,60,0.000000000000000000e+00,0,1610,30,652,0
2,120,279,1.341794897806165565e+00,2.207843723153771087e+00,1.315394523127331405e+00,1.571212715035030349e+00,-2.204036900675188093e-02,3.122701298421493021e+00,60,0.000000000000000000e+00,0,1610,30,652,0
2,120,280,1.311858960110605876e+00,2.207853063543463445e+00,1.314554462604089924e+00,1.571168949983526630e+00,-2.172968615823944738e-02,3.124444867722632857e+00,60,0.000000000000000000e+00,0,1610,30,652,0
2,120,281,1.281923024354419294e+00,2.207862403981591282e+00,1.313714308068862024e+00,1.571126270134194591e+00,-2.141891914994986656e-02,3.126188399136452745e+00,60,0.000000000000000000e+00,0,1610,30,652,0
2,120,282,1.251987090291798221e+00,2.207871744424228844e+00,1.312874059517072478e+00,1.571084675680605613e+00,-2.110807225484312433e-02,3.127931890767015943e+00,60,0.000000000000000000e+00,0,1610,30,652,0
2,120,283,1.222051157676921962e+00,2.207881084827451712e+00,1.312033716945030681e+00,1.571044166797138208e+00,-2.079714974647095538e-02,3.129675340719440868e+00,60,0.000000000000000000e+00,0,1610,30,652,0
2,120,284,1.213348489671163932e+00,2.177882211705230109e+00,1.311180401853542898e+00,1.571039352954246127e+00,-2.075963327377361445e-02,3.129885678121929971e+00,30,0.000000000000000000e+00,0,1610,30,652,0
2,120,285,1.243275723561308999e+00,2.177871316931089485e+00,1.312020604723956874e+00,1.571086555672867036e+00,-2.112230078876353723e-02,3.127852095484185746e+00,60,0.000000000000000000e+00,0,1610,30,652,0
2,120,286,1.273202959436448456e+00,2.177860422106059346e+00,1.312860679678012010e+00,1.571135235322181689e+00,-2.148486516415837322e-02,3.125818456260430533e+00,60,0.000000000000000000e+00,0,1610,30,652,0
2,120,287,1.303130197686681147e+00,2.177849527299845711e+00,1.313700626721746145e+00,1.571185391621535032e+00,-2.184731961824226687e-02,3.123784763457927660e+00,60,0.000000000000000000e+00,0,1610,30,652,0
2,120,288,1.333057438702078823e+00,2.177838632582153711e+00,1.314540445862834028e+00,1.571237024254745762e+00,-2.220965737043822941e-02,3.121751020085901551e+00,60,0.000000000000000000e+00,0,1610,30,652,0
2,120,289,1.362984682872677933e+00,2.177827738022689363e+00,1.315380137110587322e+00,1.571290132870109879e+00,-2.257187164153329206e-02,3.119717229155586580e+00,60,0.000000000000000000e+00,0,1610,30,652,0
2,120,290,1.392911930588470293e+00,2.177816843691155135e+00,1.316219700475953935e+00,1.571344717080399800e+00,-2.293395565390476953e-02,3.117683393680269699e+00,60,0.000000000000000000e+00,0,1610,30,652,0
2,120,291,1.422832703843473601e+00,2.177804806990799591e+00,1.317049030172024127e+00,1.571407007292117353e+00,-2.333385247105623783e-02,3.115424810735305083e+00,60,0.000000000000000000e+00,0,1610,30,652,0
2,120,292,1.452671427050989728e+00,2.177778295519912977e+00,1.317749854653267549e+00,1.571553745564085114e+00,-2.421396566500866321e-02,3.110319545193955371e+00,60,0.000000000000000000e+00,0,1610,30,652,0
2,120,293,1.482510178005161938e+00,2.177751784249625011e+00,1.318449875090106804e+00,1.571709492004170983e+00,-2.509317804837829513e-02,3.105213905925287676e+00,60,0.000000000000000000e+00,0,1610,30,652,0
2,120,294,1.512346074298013043e+00,2.177731902479036918e+00,1.319375717014741323e+00,1.571859702363068045e+00,-2.575078300173450074e-02,3.100316647744309151e+00,60,0.000000000000000000e+00,0,1610,30,652,0
2,120,295,1.542172029813632550e+00,2.177734893846331232e+00,1.321082952795673116e+00,1.571962716286090966e+00,-2.564647563613697834e-02,3.096139451355774952e+00,60,0.000000000000000000e+00,0,1610,30,652,0
2,120,296,1.571998007932302155e+00,2.177737885281958885e+00,1.322789665785898849e+00,1.572064877471119004e+00,-2.554175676143088936e-02,3.091962259351730857e+00,60,0.000000000000000000e+00,0,1610,30,652,0
2,120,297,1.601824011928357994e+00,2.177740876707625617e+00,1.324495856135370575e+00,1.572166183491567226e+00,-2.543663433346643465e-02,3.087785108035335568e+00,60,0.000000000000000000e+00,0,1610,30,652,0
2,120,298,1.631679508247939614e+00,2.177742145077583569e+00,1.326201954561986307e+00,1.572245034016769294e+00,-2.538990490534653865e-02,3.084589908103638756e+00,60,0.000000000000000000e+00,0,1610,30,652,0
2,120,299,1.639237512657037765e+00,2.177740966768671349e+00,1.326632717174057063e+00,1.572246058349056952e+00,-2.542920004874549278e-02,3.084637628243320329e+00,60,0.000000000000000000e+00,0,1610,30,652,0
2,120,300,1.638084259170961454e+00,2.147740966768671544e+00,1.325801463558448301e+00,1.572246058349056952e+00,-2.542920004874549278e-02,3.084637628243320329e+00,30,0.000000000000000000e+00,0,1610,30,652,0
2,120,301,1.608130724120311550e+00,2.147742734969258382e+00,1.324094211066348281e+00,1.572244519801738960e+00,-2.537023282159922566e-02,3.084566018215838312e+00,60,0.000000000000000000e+00,0,1610,30,652,0
2,120,302,1.578294431683510579e+00,2.147740434244937546e+00,1.322389309510712208e+00,1.572151253144330241e+00,-2.545220827374983230e-02,3.088402952921645017e+00,60,0.000000000000000000e+00,0,1610,30,652,0
2,120,303,1.548499450622045304e+00,2.147736701040284579e+00,1.320684527788585694e+00,1.572024536404580619e+00,-2.558326118315656927e-02,3.093615907878239479e+00,60,0.000000000000000000e+00,0,1610,30,652,0
2,120,304,1.518704507843805063e+00,2.147732967868391185e+00,1.318978932001771964e+00,1.571896489303797217e+00,-2.571368068489832126e-02,3.098828903820426639e+00,60,0.000000000000000000e+00,0,1610,30,652,0
2,120,305,1.488860585708619677e+00,2.147740971708675950e+00,1.317809957166015122e+00,1.571775599099141996e+00,-2.545148965200860758e-02,3.103131432024337055e+00,60,0.000000000000000000e+00,0,1610,30,652,0
2,120,306,1.458974010929674270e+00,2.147759195008080546e+00,1.317108426493996509e+00,1.571665048655176866e+00,-2.484750371339217168e-02,3.106641147979571471e+00,60,0.000000000000000000e+00,0,1610,30,652,0
2,120,307,1.429087451356451766e+00,2.147777418765425494e+00,1.316406515979746672e+00,1.571558752213179311e+00,-2.424305677996185793e-02,3.110150704001027222e+00,60,0.000000000000000000e+00,0,1610,30,652,0
2,120,308,1.399200904990036243e+00,2.147795642634224844e+00,1.315704225548117501e+00,1.571456712145700152e+00,-2.363818257965810687e-02,3.113660084194667554e+00,60,0.000000000000000000e+00,0,1610,30,652,0
2,120,309,1.369303215065289070e+00,2.147811852433813229e+00,1.314948318792893867e+00,1.571370218197462920e+00,-2.309980288605451015e-02,3.116751556515477972e+00,60,0.000000000000000000e+00,0,1610,30,652,0
2,120,310,1.339388134767085514e+00,2.147824921550109956e+00,1.314109138472556948e+00,1.571304102795745727e+00,-2.266549186451438658e-02,3.119191437691735125e+00,60,0.000000000000000000e+00,0,1610,30,652,0
2,120,311,1.309473059715948962e+00,2.147837991020357773e+00,1.313269774117718169e+00,1.571240110808836965e+00,-2.223099086297697369e-02,3.121631255883751344e+00,60,0.000000000000000000e+00,0,1610,30,652,0
2,120,312,1.279557989238598870e+00,2.147851060724222272e+00,1.312430225709028120e+00,1.571178242914988532e+00,-2.179631158204120567e-02,3.124071005888725772e+00,60,0.000000000000000000e+00,0,1610,30,652,0
2,120,313,1.249642922661663880e+00,2.147864130541361938e+00,1.311590493230527121e+00,1.571118499718882511e+00,-2.136146572562203083e-02,3.126510682508112815e+00,60,0.000000000000000000e+00,0,1610,30,652,0
2,120,314,1.219727859311700024e+00,2.147877200351434812e+00,1.310750576669645007e+00,1.571060881751629168e+00,-2.092646500039463398e-02,3.128950280547515561e+00,60,0.000000000000000000e+00,0,1610,30,652,0
2,120,315,1.215665804511912196e+00,2.117875384510534253e+00,1.310027632417132937e+00,1.571068759727405784e+00,-2.098691037991362585e-02,3.128611341431286164e+00,30,0.000000000000000000e+00,0,1610,30,652,0
2,120,316,1.245562625272673030e+00,2.117859054657392104e+00,1.310867166529024352e+00,1.571141449586854755e+00,-2.153036429464116885e-02,3.125563203061914486e+00,60,0.000000000000000000e+00,0,1610,30,652,0
2,120,317,1.275459451479292294e+00,2.117842724866177750e+00,1.311706413280744332e+00,1.571217456785844124e+00,-2.207356934899573631e-02,3.122514945171617651e+00,60,0.000000000000000000e+00,0,1610,30,652,0
2,120,318,1.305356284445227777e+00,2.117826395371614101e+00,1.312545372700203217e+00,1.571296780214834321e+00,-2.261650271223225594e-02,3.119466577896019110e+00,60,0.000000000000000000e+00,0,1610,30,652,0
2,120,319,1.335253125483731429e+00,2.117810066408412961e+00,1.313384044823571184e+00,1.571379418584998966e+00,-2.315914156119558420e-02,3.116418111381018541e+00,60,0.000000000000000000e+00,0,1610,30,652,0
2,120,320,1.365161711054198035e+00,2.117795685728218746e+00,1.314114888275259574e+00,1.571456475896829907e+00,-2.363675174885271346e-02,3.113668382634648069e+00,60,0.000000000000000000e+00,0,1610,30,652,0
2,120,321,1.395073298176196186e+00,2.117781802001524660e+00,1.314818061307058361e+00,1.571533820536773041e+00,-2.409760924943293858e-02,3.110994802228185918e+00,60,0.000000000000000000e+00,0,1610,30,652,0
2,120,322,1.424984892684407312e+00,2.117767918291149520e+00,1.315521013823379270e+00,1.571613635908676976e+00,-2.455822347175584675e-02,3.108321117552971025e+00,60,0.000000000000000000e+00,0,1610,30,652,0
2,120,323,1.454896495462792538e+00,2.117754034750302772e+00,1.316223745855154004e+00,1.571695921012099761e+00,-2.501857949928343317e-02,3.105647335633636708e+00,60,0.000000000000000000e+00,0,1610,30,652,0
2,120,324,1.484808107395130472e+00,2.117740151532190307e+00,1.316926257438180370e+00,1.571780674743540551e+00,-2.547866242146978877e-02,3.102973463501930595e+00,60,0.000000000000000000e+00,0,1610,30,652,0
2,120,325,1.514659616395052533e+00,2.117733004493688842e+00,1.317986610945743875e+00,1.571897752013678984e+00,-2.571240427271370699e-02,3.098777759427909118e+00,60,0.000000000000000000e+00,0,1610,30,652,0
2,120,326,1.544403086184532814e+00,2.117737968601231646e+00,1.319689712714685381e+00,1.572067710688753728e+00,-2.553883426229375253e-02,3.091845914397399753e+00,60,0.000000000000000000e+00,0,1610,30,652,0
2,120,327,1.574146627485018435e+00,2.117742932675342082e+00,1.321391375272696900e+00,1.572235314286777541e+00,-2.536415357587462616e-02,3.084914184193585651e+00,60,0.000000000000000000e+00,0,1610,30,652,0
2,120,328,1.604088272377153457e+00,2.117742162529456351e+00,1.323098263823275111e+00,1.572245018817266526e+00,-2.538932290845608009e-02,3.084589201323865382e+00,60,0.000000000000000000e+00,0,1610,30,652,0
2,120,329,1.634040983999619723e+00,2.117741071990516311e+00,1.324805486602897542e+00,1.572245967029595626e+00,-2.542569102255320956e-02,3.084633366876863292e+00,60,0.000000000000000000e+00,0,1610,30,652,0
2,120,330,1.636931005684885143e+00,2.117740966768671296e+00,1.324970209942839094e+00,1.572246058349056952e+00,-2.542920004874549278e-02,3.084637628243320329e+00,60,0.000000000000000000e+00,0,1610,30,652,0
2,120,331,1.635777752198808610e+00,2.087740966768671491e+00,1.324138956327229888e+00,1.572246058349056952e+00,-2.542920004874549278e-02,3.084637628243320329e+00,30,0.000000000000000000e+00,0,1610,30,652,0
2,120,332,1.605825407719096098e+00,2.087741755157860535e+00,1.322431746797018359e+00,1.572245373398336810e+00,-2.540290822375967927e-02,3.084605699387260813e+00,60,0.000000000000000000e+00,0,1610,30,652,0
2,120,333,1.575873063241667316e+00,2.087742543547578045e+00,1.320724537215501204e+00,1.572244686769077360e+00,-2.537661646850630781e-02,3.084573770555809169e+00,60,0.000000000000000000e+00,0,1610,30,652,0
2,120,334,1.545974568474993704e+00,2.087741912390695287e+00,1.319019377001251492e+00,1.572201058219993897e+00,-2.540014596222572862e-02,3.086338899262520030e+00,60,0.000000000000000000e+00,0,1610,30,652,0
2,120,335,1.516333169224171717e+00,2.087734506303800863e+00,1.317322118687676902e+00,1.571949418675328225e+00,-2.566001221427072210e-02,3.096680615187629826e+00,60,0.000000000000000000e+00,0,1610,30,652,0
2,120,336,1.486532534761754842e+00,2.087737483154973095e+00,1.316178303565957997e+00,1.571797247594715063e+00,-2.556706022301558079e-02,3.102459521568230461e+00,60,0.000000000000000000e+00,0,1610,30,652,0
2,120,337,1.456605516739611250e+00,2.087748695869164006e+00,1.315475201417538820e+00,1.571728221258408276e+00,-2.519553894615533807e-02,3.104619100104119234e+00,60,0.000000000000000000e+00,0,1610,30,652,0
2,120,338,1.426678504910267264e+00,2.087759908832305111e+00,1.314771955479704157e+00,1.571660804920214982e+00,-2.482383578294045101e-02,3.106778621559298070e+00,60,0.000000000000000000e+00,0,1610,30,652,0
2,120,339,1.396751498808171954e+00,2.087771121963683640e+00,1.314068565732362526e+00,1.571594999187592823e+00,-2.445195858708060221e-02,3.108938082227381994e+00,60,0.000000000000000000e+00,0,1610,30,652,0
2,120,340,1.366824497967687346e+00,2.087782335182585491e+00,1.313365032157492340e+00,1.571530804624150512e+00,-2.407991521504504462e-02,3.111097478405051575e+00,60,0.000000000000000000e+00,0,1610,30,652,0
2,120,341,1.336897501923100862e+00,2.087793548408293898e+00,1.312661354739142361e+00,1.571468221749650951e+00,-2.370771352576861446e-02,3.113256806391999199e+00,60,0.000000000000000000e+00,0,1610,30,652,0
2,120,342,1.306970510208636416e+00,2.087804761560094313e+00,1.311957533463433467e+00,1.571407251039995678e+00,-2.333536138036174101e-02,3.115416062490877991e+00,60,0.000000000000000000e+00,0,1610,30,652,0
2,120,343,1.277093316973469062e+00,2.087824650491119538e+00,1.311143462417185823e+00,1.571305452476040365e+00,-2.267450149488325906e-02,3.119140834896207970e+00,60,0.000000000000000000e+00,0,1610,30,652,0
2,120,344,1.247226849316737329e+00,2.087846406697682955e+00,1.310305227129142436e+00,1.571200029974763490e+00,-2.195111677852090715e-02,3.123202240379529648e+00,60,0.000000000000000000e+00,0,1610,30,652,0
2,120,345,1.217360393132714602e+00,2.087868163336885630e+00,1.309466481789437253e+00,1.571100494526128655e+00,-2.122725892362664624e-02,3.127263447637329996e+00,60,0.000000000000000000e+00,0,1610,30,652,0
2,120,346,1.217907056414106348e+00,2.057854964712404922e+00,1.308873340547901387e+00,1.571160174872640036e+00,-2.166643870318307741e-02,3.124799752722960733e+00,30,0.000000000000000000e+00,0,1610,30,652,0
2,120,347,1.247712929364021450e+00,2.057822379613396535e+00,1.309710207226909118e+00,1.571316795736579230e+00,-2.274997934595623938e-02,3.118716892647335648e+00,60,0.000000000000000000e+00,0,1610,30,652,0
2,120,348,1.277587251419397996e+00,2.057801854444916145e+00,1.310477653585263358e+00,1.571422903505053315e+00,-2.343191157388169188e-02,3.114856259893630686e+00,60,0.000000000000000000e+00,0,1610,30,652,0
2,120,349,1.307524681614697926e+00,2.057792450166086251e+00,1.311181780387500329e+00,1.571474280023281267e+00,-2.374417442447840365e-02,3.113045320911283831e+00,60,0.000000000000000000e+00,0,1610,30,652,0
2,120,350,1.337462114887837172e+00,2.057783045840830383e+00,1.311885806003267874e+00,1.571526790485846981e+00,-2.405633090460890244e-02,3.111234331618410565e+00,60,0.000000000000000000e+00,0,1610,30,652,0
2,120,351,1.367399551513585498e+00,2.057773641516763785e+00,1.312589730440774760e+00,1.571580434611560939e+00,-2.436837637688316072e-02,3.109423294196170140e+00,60,0.000000000000000000e+00,0,1610,30,652,0
2,120,352,1.397336991766680470e+00,2.057764237241503036e+00,1.313293553709254935e+00,1.571635212097532985e+00,-2.468030620497829730e-02,3.107612210827181976e+00,60,0.000000000000000000e+00,0,1610,30,652,0
2,120,353,1.427274435921824569e+00,2.057754833062663380e+00,1.313997275818966415e+00,1.571691122619178316e+00,-2.499211575375936967e-02,3.105801083695551412e+00,60,0.000000000000000000e+00,0,1610,30,652,0
2,120,354,1.457211884253678980e+00,2.057745429027859174e+00,1.314700896781191952e+00,1.571748165830217481e+00,-2.530380038939972209e-02,3.103989914986888365e+00,60,0.000000000000000000e+00,0,1610,30,652,0
2,120,355,1.487149337036860253e+00,2.057736025184702555e+00,1.315404416608238147e+00,1.571806341362680826e+00,-2.561535547950555269e-02,3.102178706888333970e+00,60,0.000000000000000000e+00,0,1610,30,652,0
2,120,356,1.516794671784695847e+00,2.057738374603482079e+00,1.316589091327866612e+00,1.572081507042304871e+00,-2.552458888508768453e-02,3.091278983229389432e+00,60,0.000000000000000000e+00,0,1610,30,652,0
2,120,357,1.546506304620862471e+00,2.057887308225797796e+00,1.318288473329598309e+00,1.571996143136610957e+00,-2.055615460550375140e-02,3.083286933309713707e+00,60,0.000000000000000000e+00,0,1610,30,652,0
2,120,358,1.576400821825475251e+00,2.058102662776095659e+00,1.319995943606429911e+00,1.571603070237344468e+00,-1.338731275892168782e-02,3.081401844132603429e+00,60,0.000000000000000000e+00,0,1610,30,652,0
2,120,359,1.606295432822533842e+00,2.058318037004124967e+00,1.321701762931761337e+00,1.571182954680564681e+00,-6.220090280055323717e-03,3.079514195567198964e+00,60,0.000000000000000000e+00,0,1610,30,652,0
2,120,360,1.634310682043589535e+00,2.058964371867252119e+00,1.323486837588034870e+00,1.569774618973958091e+00,1.527891943313597345e-02,3.074819023377324712e+00,30,0.000000000000000000e+00,0,1610,30,652,0
2,120,361,1.633036336885914208e+00,2.028964371867252314e+00,1.323862081228458054e+00,1.569774618973958091e+00,1.527891943313597345e-02,3.074819023377324712e+00,30,0.000000000000000000e+00,0,1610,30,652,0
2,120,362,1.603178635749924696e+00,2.028914851904608518e+00,1.321906167091514650e+00,1.569920284326879578e+00,1.363408702299695463e-02,3.077425019883297974e+00,60,0.000000000000000000e+00,0,1610,30,652,0
2,120,363,1.573261858664868118e+00,2.028756818170383003e+00,1.319853766677738793e+00,1.570261706779750410e+00,8.377041354431513653e-03,3.077858667749350019e+00,60,0.000000000000000000e+00,0,1610,30,652,0
2,120,364,1.543345135443555671e+00,2.028598776401544956e+00,1.317800529894876060e+00,1.570598581066327659e+00,3.119669885273568255e-03,3.078290491830279585e+00,60,0.000000000000000000e+00,0,1610,30,652,0
2,120,365,1.513428465548973589e+00,2.028440733221117398e+00,1.315746456671687437e+00,1.570930921471590525e+00,-2.137949421617602042e-03,3.078720545730938341e+00,60,0.000000000000000000e+00,0,1610,30,652,0
2,120,366,1.484163186329650275e+00,2.027735947179973408e+00,1.314545895484004800e+00,1.571806828667808631e+00,-2.561793930026201593e-02,3.102163682607396389e+00,30,0.000000000000000000e+00,0,1610,30,652,0
2,120,367,1.454218198443214538e+00,2.027744044722587180e+00,1.313842058911696586e+00,1.571756658491327840e+00,-2.534967107796193275e-02,3.103723298640360007e+00,60,0.000000000000000000e+00,0,1610,30,652,0
2,120,368,1.424273213887303768e+00,2.027752142412499570e+00,1.313138147351446072e+00,1.571707327863112624e+00,-2.508130629517402177e-02,3.105282885705450191e+00,60,0.000000000000000000e+00,0,1610,30,652,0
2,120,369,1.394328232486587993e+00,2.027760240219312227e+00,1.312434160795254101e+00,1.571658837021104205e+00,-2.481284790937321461e-02,3.106842442406014371e+00,60,0.000000000000000000e+00,0,1610,30,652,0
2,120,370,1.364383254065711704e+00,2.027768338112624136e+00,1.311730099235684621e+00,1.571611186191318676e+00,-2.454429887884179706e-02,3.108401967346242412e+00,60,0.000000000000000000e+00,0,1610,30,652,0
2,120,371,1.334438278449296078e+00,2.027776436062034726e+00,1.311025962665864242e+00,1.571564375587845674e+00,-2.427566216261078935e-02,3.109961459131158179e+00,60,0.000000000000000000e+00,0,1610,30,652,0
2,120,372,1.304493305461940977e+00,2.027784534037141650e+00,1.310321751079483343e+00,1.571518405412847263e+00,-2.400694072040021609e-02,3.111520916366608880e+00,60,0.000000000000000000e+00,0,1610,30,652,0
2,120,373,1.274548334928227611e+00,2.027792632007543894e+00,1.309617464470795412e+00,1.571473275856557272e+00,-2.373813751256514948e-02,3.113080337659254404e+00,60,0.000000000000000000e+00,0,1610,30,652,0
2,120,374,1.244603366672720091e+00,2.027800729942839997e+00,1.308913102834617037e+00,1.571428987097280405e+00,-2.346925550003420291e-02,3.114639721616556223e+00,60,0.000000000000000000e+00,0,1610,30,652,0
2,120,375,1.214740569432326112e+00,2.027823418676318212e+00,1.308176168814214835e+00,1.571311597551235728e+00,-2.271544436763539565e-02,3.118910872174136983e+00,60,0.000000000000000000e+00,0,1610,30,652,0
2,120,376,1.429939141298769645e+00,1.998931399228573769e+00,1.313465094694612034e+00,1.570410590345188151e+00,1.420859720456890685e-02,3.114450303797391850e+00,30,1.000000000000000000e+00,0,1610,30,652,0
2,120,377,1.459921862638703383e+00,1.999000439870073809e+00,1.314288930736279504e+00,1.570344836215754825e+00,1.650928689492947576e-02,3.114250552017107765e+00,60,0.000000000000000000e+00,0,1610,30,652,0
2,120,378,1.489518299374499533e+00,1.999342574780615056e+00,1.315256005080005064e+00,1.569672184206603038e+00,2.790020170993900983e-02,3.101317641618031029e+00,60,0.000000000000000000e+00,0,1610,30,652,0
2,120,379,1.518995653773278942e+00,1.999321552503565025e+00,1.316717088698299953e+00,1.569259589835829694e+00,2.717842420071114873e-02,3.085103277620747875e+00,60,0.000000000000000000e+00,0,1610,30,652,0
2,120,380,1.548702939331049633e+00,1.999093435539299080e+00,1.318706435410636812e+00,1.569541581458796742e+00,1.957565507825687057e-02,3.077578873785043356e+00,60,0.000000000000000000e+00,0,1610,30,652,0
2,120,381,1.578626437320644893e+00,1.999016706667100074e+00,1.320762421729867464e+00,1.569701861464978698e+00,1.702261724622400330e-02,3.077383136725941881e+00,60,0.000000000000000000e+00,0,1610,30,652,0
2,120,382,1.608610391840346487e+00,1.998929807735140507e+00,1.322716650417899098e+00,1.569910302027137661e+00,1.413303262629517221e-02,3.078980731251989233e+00,60,0.000000000000000000e+00,0,1610,30,652,0
2,120,383,1.631761991728238881e+00,1.998964371867252288e+00,1.324237324868881238e+00,1.569774618973958091e+00,1.527891943313597345e-02,3.074819023377324712e+00,60,0.000000000000000000e+00,0,1610,30,652,0
2,120,384,1.630487646570563776e+00,1.968964371867252261e+00,1.324612568509304422e+00,1.569774618973958091e+00,1.527891943313597345e-02,3.074819023377324712e+00,30,0.000000000000000000e+00,0,1610,30,652,0
2,120,385,1.600689850058510721e+00,1.968920273052032988e+00,1.322632445682180968e+00,1.569935562395224249e+00,1.381613711128282240e-02,3.079369704038526390e+00,60,0.000000000000000000e+00,0,1610,30,652,0
2,120,386,1.570688914202868158e+00,1.969017132276963622e+00,1.320760996837793577e+00,1.569700969664746815e+00,1.703677827514082921e-02,3.077384223522733109e+00,60,0.000000000000000000e+00,0,1610,30,652,0
2,120,387,1.540972524593241522e+00,1.969313981404956948e+00,1.318786315464650860e+00,1.569261188489220027e+00,2.692564561730992345e-02,3.084633414666655860e+00,60,0.000000000000000000e+00,0,1610,30,652,0
2,120,388,1.511215396643073916e+00,1.969389050804444041e+00,1.317163842366822157e+00,1.569313557535175541e+00,2.943536059821494355e-02,3.091254161427937852e+00,60,0.000000000000000000e+00,0,1610,30,652,0
2,120,389,1.481450779712544685e+00,1.969379421071082659e+00,1.315775465439015246e+00,1.569526841034776465e+00,2.912389646675128674e-02,3.098024908976014125e+00,60,0.000000000000000000e+00,0,1610,30,652,0
2,120,390,1.451789824333643564e+00,1.969192489441020877e+00,1.314679155580771752e+00,1.570041714023289181e+00,2.290594220692732108e-02,3.108657705464255017e+00,60,0.000000000000000000e+00,0,1610,30,652,0
2,120,391,1.421972240409763444e+00,1.969018660302693124e+00,1.313758758565593210e+00,1.570328543957122625e+00,1.711650218409999091e-02,3.114268771474529629e+00,60,0.000000000000000000e+00,0,1610,30,652,0
2,120,392,1.432388798591484935e+00,1.939208897283593691e+00,1.314739112736948989e+00,1.570010290721043145e+00,2.345227540478500572e-02,3.108085709492912851e+00,30,0.000000000000000000e+00,0,1610,30,652,0
2,120,393,1.462172479870493369e+00,1.939338957580408307e+00,1.315840474967584273e+00,1.569683520355348971e+00,2.777993953585977671e-02,3.101550983729148836e+00,60,0.000000000000000000e+00,0,1610,30,652,0
2,120,394,1.491981275173728028e+00,1.939390546431994933e+00,1.317135669731828829e+00,1.569454249069871299e+00,2.949203647499110126e-02,3.096110971048077420e+00,60,0.000000000000000000e+00,0,1610,30,652,0
2,120,395,1.521783516938009839e+00,1.939386776559173020e+00,1.318582396616987396e+00,1.569300706626520991e+00,2.935877147541332555e-02,3.090686442678072687e+00,60,0.000000000000000000e+00,0,1610,30,652,0
2,120,396,1.551339808815608290e+00,1.940412962370717365e+00,1.320306623675650437e+00,1.566720311915473118e+00,6.351125877014163201e-02,3.077459373690079047e+00,30,0.000000000000000000e+00,0,1610,30,652,0
2,120,397,1.581206024432378010e+00,1.940790418818065355e+00,1.322322415375846383e+00,1.565744687488300979e+00,7.608736337321264642e-02,3.075232944601431928e+00,60,0.000000000000000000e+00,0,1610,30,652,0
2,120,398,1.610674350262281562e+00,1.940310886778127353e+00,1.324499463125171417e+00,1.565903624966395791e+00,6.003387903774504153e-02,3.060224068789568541e+00,60,0.000000000000000000e+00,0,1610,30,652,0
2,120,399,1.628651348654307052e+00,1.940348840204416225e+00,1.325980881012195800e+00,1.565731309219914547e+00,6.129148219367586137e-02,3.059089689576266036e+00,60,0.000000000000000000e+00,0,1610,30,652,0
2,120,400,1.626828864638564243e+00,1.911665727256243397e+00,1.328686211262373407e+00,1.560834988326180062e+00,1.050841668413664554e-01,3.046904920927498317e+00,30,0.000000000000000000e+00,0,1610,30,652,0
2,120,401,1.597287878055295041e+00,1.912467814591125581e+00,1.326010736527968303e+00,1.559772680873992901e+00,1.320243056935865855e-01,3.058044052234440091e+00,30,0.000000000000000000e+00,0,1610,30,652,0
2,120,402,1.567596201185715188e+00,1.911686677415748159e+00,1.323688978284551121e+00,1.562750191738158989e+00,1.059518523855604855e-01,3.065653623662758953e+00,30,0.000000000000000000e+00,0,1610,30,652,0
2,120,403,1.538481746770471448e+00,1.910980725549788151e+00,1.321748301874589249e+00,1.566814599353557824e+00,8.252240135914590269e-02,3.093324849132803145e+00,30,0.000000000000000000e+00,0,1610,30,652,0
2,120,404,1.508213596903030806e+00,1.911015447505029385e+00,1.320036654689403122e+00,1.565870625820573903e+00,8.363501652542804088e-02,3.082696454661314700e+00,60,0.000000000000000000e+00,0,1610,30,652,0
2,120,405,1.478770032841762117e+00,1.911095397625339976e+00,1.318323791583133175e+00,1.567171337212226234e+00,8.637844987836773569e-02,3.099598574916293536e+00,60,0.000000000000000000e+00,0,1610,30,652,0
2,120,406,1.448547389485940196e+00,1.911067970121936410e+00,1.316998339569624754e+00,1.566487412443517524e+00,8.542831461807898208e-02,3.091134855166653761e+00,60,0.000000000000000000e+00,0,1610,30,652,0
2,120,407,1.418950646252248537e+00,1.910520072511295853e+00,1.315572559888771309e+00,1.568239734268837893e+00,6.717117763597002522e-02,3.103521482175822577e+00,30,0.000000000000000000e+00,0,1610,30,652,0
2,120,408,1.405006416052867690e+00,1.882479998679898348e+00,1.317711039039839216e+00,1.565342347559218084e+00,1.327794908915564953e-01,3.100419118413373809e+00,30,0.000000000000000000e+00,0,1610,30,652,0
2,120,409,1.434743313063315817e+00,1.882461819895180799e+00,1.319080639086471329e+00,1.564334571732266310e+00,1.321224729999461722e-01,3.092581358865600372e+00,60,0.000000000000000000e+00,0,1610,30,652,0
2,120,410,1.464571065258887028e+00,1.882455148049538174e+00,1.320657730387310824e+00,1.563763169441180878e+00,1.318687862852494508e-01,3.088153298122679580e+00,60,0.000000000000000000e+00,0,1610,30,652,0
2,120,411,1.494264010369550366e+00,1.882450312542858661e+00,1.322373423359483491e+00,1.562627944413627512e+00,1.316408037489098515e-01,3.079441305208037605e+00,60,0.000000000000000000e+00,0,1610,30,652,0
2,120,412,1.523978070704719245e+00,1.882455003186166209e+00,1.324316137748673183e+00,1.561626513255912618e+00,1.317333291816478180e-01,3.071893136534472823e+00,60,0.000000000000000000e+00,0,1610,30,652,0
2,120,413,1.553702681416664344e+00,1.882465126700319402e+00,1.326488655371647063e+00,1.560731362090724161e+00,1.320097557889234885e-01,3.065272604952288482e+00,60,0.000000000000000000e+00,0,1610,30,652,0
2,120,414,1.583465017815339326e+00,1.882479759967803368e+00,1.328924532989858687e+00,1.560074491297601007e+00,1.324520508579141165e-01,3.060581250270331566e+00,60,0.000000000000000000e+00,0,1610,30,652,0
2,120,415,1.612500657619588829e+00,1.883157719177174449e+00,1.331656955438057954e+00,1.553826080232469042e+00,1.547992218709590695e-01,3.031956957772992123e+00,30,0.000000000000000000e+00,0,1610,30,652,0
2,120,416,1.624592984818697738e+00,1.883363143336323375e+00,1.333029530250073424e+00,1.551859229233552684e+00,1.615579519809002829e-01,3.024391204746932793e+00,60,0.000000000000000000e+00,0,1610,30,652,0
2,120,417,1.560193939525931883e+00,1.854150502662931244e+00,1.331587293999123123e+00,1.551228282957333393e+00,1.883102574028949761e-01,3.037427155406217771e+00,30,0.000000000000000000e+00,0,1610,30,652,0
2,120,418,1.531106199909658239e+00,1.853673182167751676e+00,1.329181560024737196e+00,1.557720122323066114e+00,1.726469168964210876e-01,3.065617683335154275e+00,60,0.000000000000000000e+00,0,1610,30,652,0
2,120,419,1.501381303723094529e+00,1.853661861458410831e+00,1.327051767956517914e+00,1.558920864782492366e+00,1.723488170286497922e-01,3.072453821644738348e+00,60,0.000000000000000000e+00,0,1610,30,652,0
2,120,420,1.471603129906956964e+00,1.853528418425602009e+00,1.325000107243329062e+00,1.560101284797869248e+00,1.679027857501727006e-01,3.077679284177658126e+00,60,0.000000000000000000e+00,0,1610,30,652,0
2,120,421,1.441847973912008474e+00,1.853059229343075209e+00,1.323399312985765963e+00,1.562171468832387333e+00,1.521545371191570517e-01,3.084748381888858582e+00,60,0.000000000000000000e+00,0,1610,30,652,0
2,120,422,1.412185764856418002e+00,1.852466975175891095e+00,1.322009197793833746e+00,1.564680551867233316e+00,1.323123898084259675e-01,3.095267860940644322e+00,30,0.000000000000000000e+00,0,1610,30,652,0
