target_line,group_id,point_id,x,y,z,rx,ry,rz,speed,is_discontinuous,coordinate_frame,base_normal_error_mm,base_x_actual_mm,standoff_mm,base_height_mm,lift_mm
1,106,1,0.0037166420848413484,-0.28586494163348175,0.34507624629652933,-1.5706645034461153,-0.029217719133221021,3.1370802817754595,30,0.000000000000000000e+00,zone_bc_work_m_v1,0,-1610,10,652,0
1,106,2,-0.026264254860165259,-0.28588179044089146,0.34534324358931917,-1.5706227534619275,-0.027531909964522372,3.135287498418319,30,0.000000000000000000e+00,zone_bc_work_m_v1,0,-1610,10,652,0
1,106,3,-0.056245152036004331,-0.28589864072474447,0.34561018039082003,-1.570587054111571,-0.025845981016354047,3.1334950150072745,30,0.000000000000000000e+00,zone_bc_work_m_v1,0,-1610,10,652,0
1,106,4,-0.086221928057550912,-0.2858952832662297,0.34587593384061138,-1.5705265808073925,-0.026181298298876055,3.1312888381416135,30,0.000000000000000000e+00,zone_bc_work_m_v1,0,-1610,10,652,0
1,106,5,-0.11619555985256191,-0.28587650956666083,0.34614074012542662,-1.5704364694616468,-0.028058441536076062,3.1287663947266524,30,0.000000000000000000e+00,zone_bc_work_m_v1,0,-1610,10,652,0
1,106,6,-0.14616919235418924,-0.28585773925836117,0.34640544769226134,-1.5703368763394554,-0.029935044507568787,3.126243318604419,30,0.000000000000000000e+00,zone_bc_work_m_v1,0,-1610,10,652,0
1,106,7,-0.17614282593570674,-0.28583897261945618,0.34667005655443955,-1.5702278008962467,-0.031811050046145706,3.1237195778212281,30,0.000000000000000000e+00,zone_bc_work_m_v1,0,-1610,10,652,0
1,106,8,-0.20610869607463278,-0.28582718903333826,0.34720498960906415,-1.5701150930861552,-0.032988075179663845,3.1209409328363646,30,0.000000000000000000e+00,zone_bc_work_m_v1,0,-1610,10,652,0
1,106,9,-0.23606432527268328,-0.28582461519265318,0.3480965397908472,-1.5700062649656452,-0.033243247704538348,3.1178266618845596,30,0.000000000000000000e+00,zone_bc_work_m_v1,0,-1610,10,652,0
1,106,10,-0.26601995660713085,-0.28582204479600221,0.34898799263044722,-1.5698958468953688,-0.033497717640727176,3.1147122659243136,30,0.000000000000000000e+00,zone_bc_work_m_v1,0,-1610,10,652,0
1,106,11,-0.29597559053241707,-0.28581947788097661,0.34987934813984956,-1.5697838437915337,-0.033751473853721237,3.1115977593756794,30,0.000000000000000000e+00,zone_bc_work_m_v1,0,-1610,10,652,0
1,106,12,-0.28990112102086618,-0.25581734910183446,0.34847660235934619,-1.5696896404928224,-0.033961631369928025,3.1090115383086872,10,0.000000000000000000e+00,zone_bc_work_m_v1,0,-1610,10,652,0
1,106,13,-0.25996780730524649,-0.25582175607549118,0.34758602231363012,-1.569883335641415,-0.033526278109642149,3.1143621704503053,30,0.000000000000000000e+00,zone_bc_work_m_v1,0,-1610,10,652,0
1,106,14,-0.23003450138678083,-0.25582617333700314,0.34669515501951798,-1.570072354513365,-0.03308881474466463,3.1197124810010122,30,0.000000000000000000e+00,zone_bc_work_m_v1,0,-1610,10,652,0
1,106,15,-0.20008964448747202,-0.25584504286615439,0.34612988346388784,-1.5702641223999252,-0.031204265357929861,3.1245360365883417,30,0.000000000000000000e+00,zone_bc_work_m_v1,0,-1610,10,652,0
1,106,16,-0.17013409768143428,-0.25587728724816411,0.34586587539761543,-1.5704403908091447,-0.027980686569667901,3.1288709055241481,30,0.000000000000000000e+00,zone_bc_work_m_v1,0,-1610,10,652,0
1,106,17,-0.14017471516942681,-0.25590499114367021,0.3456013164709939,-1.5705751702055535,-0.025210609335968748,3.1328195872930591,30,0.000000000000000000e+00,zone_bc_work_m_v1,0,-1610,10,652,0
1,106,18,-0.11018485884912654,-0.25589656557559182,0.34533455905700794,-1.5705911237699837,-0.026053604941222552,3.1337157397970428,30,0.000000000000000000e+00,zone_bc_work_m_v1,0,-1610,10,652,0
1,106,19,-0.080195002622185152,-0.25588814034309582,0.34506778651962222,-1.5706085897033466,-0.026896576473659728,3.1346119628823024,30,0.000000000000000000e+00,zone_bc_work_m_v1,0,-1610,10,652,0
1,106,20,-0.050205146468274009,-0.25587971546530192,0.3448009988591304,-1.5706275681711688,-0.027739520585190691,3.1355082590607672,30,0.000000000000000000e+00,zone_bc_work_m_v1,0,-1610,10,652,0
1,106,21,-0.020215290367064043,-0.25587129096132766,0.34453419607589486,-1.5706480593381436,-0.028582433927187401,3.1364046308444431,30,0.000000000000000000e+00,zone_bc_work_m_v1,0,-1610,10,652,0
1,106,22,0.0016277815420058239,-0.225864835273586,0.34358489299158562,-1.5706647862316663,-0.029228361047955564,3.1370916004408302,10,0.000000000000000000e+00,zone_bc_work_m_v1,0,-1610,10,652,0
1,106,23,-0.028365060918668306,-0.22587045136585682,0.34385164290209286,-1.5706501844618677,-0.028666439920233655,3.1364939707540431,30,0.000000000000000000e+00,zone_bc_work_m_v1,0,-1610,10,652,0
1,106,24,-0.058357903392829646,-0.22587606763361251,0.34411838609159145,-1.5706362550828845,-0.028104503480290033,3.1358963758973135,30,0.000000000000000000e+00,zone_bc_work_m_v1,0,-1610,10,652,0
1,106,25,-0.088350745886501381,-0.22588168407118925,0.34438512255994841,-1.5706229980462325,-0.027542552720513314,3.1352988151263252,30,0.000000000000000000e+00,zone_bc_work_m_v1,0,-1610,10,652,0
1,106,26,-0.11834358840570691,-0.22588730067292273,0.34465185230704409,-1.570610413303261,-0.02698058863318642,3.1347012876967693,30,0.000000000000000000e+00,zone_bc_work_m_v1,0,-1610,10,652,0
1,106,27,-0.14833643095647009,-0.2258929174331484,0.34491857533277259,-1.5705985008051555,-0.02641861221048547,3.1341037928643494,30,0.000000000000000000e+00,zone_bc_work_m_v1,0,-1610,10,652,0
1,106,28,-0.17832927354481409,-0.22589853434620136,0.34518529163704142,-1.5705872605029376,-0.025856624444477783,3.1335063298847818,30,0.000000000000000000e+00,zone_bc_work_m_v1,0,-1610,10,652,0
1,106,29,-0.20832211617676233,-0.22590415140641637,0.34545200121977176,-1.5705766923474633,-0.025294626327127423,3.1329088980138011,30,0.000000000000000000e+00,zone_bc_work_m_v1,0,-1610,10,652,0
1,106,30,-0.23821410970641521,-0.22582824224854425,0.34571652454204377,-1.5701591249846762,-0.032883556340625342,3.1222140631897934,30,0.000000000000000000e+00,zone_bc_work_m_v1,0,-1610,10,652,0
1,106,31,-0.26804145242659172,-0.22581773133190491,0.34666097026831716,-1.5696039162906943,-0.033920462064451762,3.1064472398275984,30,0.000000000000000000e+00,zone_bc_work_m_v1,0,-1610,10,652,0
1,106,32,-0.2979957493874692,-0.22582894303733841,0.34784983485234833,-1.5695707358344835,-0.032796726964949396,3.1042340175382401,30,0.000000000000000000e+00,zone_bc_work_m_v1,0,-1610,10,652,0
1,106,33,-0.082669753206928043,-0.19637383947681708,0.34467340944296704,-1.5710898999480052,0.021675635016829897,3.1280484968478564,10,1.000000000000000000e+00,zone_bc_work_m_v1,0,-1610,10,652,0
1,106,34,-0.052683177181431562,-0.19637316643704694,0.34444866742547547,-1.5710617894331877,0.021608672646279414,3.1293073109227532,30,0.000000000000000000e+00,zone_bc_work_m_v1,0,-1610,10,652,0
1,106,35,-0.022696601334543098,-0.19637249304291898,0.34422390953681703,-1.5710338477344004,0.021541638618793435,3.1305661160077762,30,0.000000000000000000e+00,zone_bc_work_m_v1,0,-1610,10,652,0
1,106,36,0.0041298162621747903,-0.16637064645055319,0.34468814794549557,-1.5709584503184679,0.021357630887705703,3.1340013276907737,10,0.000000000000000000e+00,zone_bc_work_m_v1,0,-1610,10,652,0
1,106,37,-0.025850826158285711,-0.16637164460767059,0.3449156724395625,-1.5709989041527765,0.021457128604741804,3.1321511812429708,30,0.000000000000000000e+00,zone_bc_work_m_v1,0,-1610,10,652,0
1,106,38,-0.055835110974957525,-0.16637244110461027,0.3451404229014689,-1.5710317002400593,0.02153646684038546,3.1306631787360857,30,0.000000000000000000e+00,zone_bc_work_m_v1,0,-1610,10,652,0
1,106,39,-0.085819395996108438,-0.16637323710881211,0.34536515118569244,-1.571064732521573,0.021615705668407204,3.1291751621958515,30,0.000000000000000000e+00,zone_bc_work_m_v1,0,-1610,10,652,0
1,106,40,-0.085057359787039877,-0.13637223884429242,0.34602758615772233,-1.5710233477805298,0.021516324646607909,3.1310411265499791,10,0.000000000000000000e+00,zone_bc_work_m_v1,0,-1610,10,652,0
1,106,41,-0.05507638590192121,-0.13637126480956724,0.34580286331917803,-1.5709833561289253,0.021419279752564302,3.1328603859323714,30,0.000000000000000000e+00,zone_bc_work_m_v1,0,-1610,10,652,0
1,106,42,-0.02510910124428789,-0.13636952819908324,0.34555621846028822,-1.5709144731903144,0.02124606714642141,3.1360314329645584,30,0.000000000000000000e+00,zone_bc_work_m_v1,0,-1610,10,652,0
1,106,43,0.0048504149789048157,-0.13636735645742509,0.34529702024246706,-1.5708304579670562,0.021029145205532673,3.1399694940365963,30,0.000000000000000000e+00,zone_bc_work_m_v1,0,-1610,10,652,0
1,106,44,-0.023601393055926012,-0.10636731577044822,0.34615829887321359,-1.5708289014829058,0.021025078071598369,3.1400432152511986,10,0.000000000000000000e+00,zone_bc_work_m_v1,0,-1610,10,652,0
1,106,45,-0.053570907150036762,-0.10636893625268785,0.34641756155012515,-1.5708913912676805,0.021186974386028457,3.1371054179030202,30,0.000000000000000000e+00,zone_bc_work_m_v1,0,-1610,10,652,0
1,106,46,-0.083540421861431735,-0.10637055489379996,0.34667673775749658,-1.5709548313567119,0.021348500032649875,3.1341676030983576,30,0.000000000000000000e+00,zone_bc_work_m_v1,0,-1610,10,652,0
1,106,47,-0.087476203405360886,-0.076368818751656367,0.34732599154852423,-1.5708868257599256,0.021175241529477251,3.1373185499137333,10,0.000000000000000000e+00,zone_bc_work_m_v1,0,-1610,10,652,0
1,106,48,-0.057500741501794739,-0.076367526540725941,0.34706670597535338,-1.5708369714908956,0.021046145753115253,3.1396612953904617,30,0.000000000000000000e+00,zone_bc_work_m_v1,0,-1610,10,652,0
1,106,49,-0.027525279780008294,-0.076366233170587106,0.34680736541217505,-1.5707877228848184,0.020916817737073323,-3.1411812842734617,30,0.000000000000000000e+00,zone_bc_work_m_v1,0,-1610,10,652,0
1,106,50,0.002450181953196795,-0.076364938651904232,0.34654796985831404,-1.5707390811484196,0.020787260677117336,-3.1388385810051678,30,0.000000000000000000e+00,zone_bc_work_m_v1,0,-1610,10,652,0
1,106,51,-0.021322963853087407,-0.046365151390622514,0.34736883744210728,-1.5707470301836772,0.020808559578528119,-3.1392234325704638,10,0.000000000000000000e+00,zone_bc_work_m_v1,0,-1610,10,652,0
1,106,52,-0.051302369782878499,-0.046366227792131932,0.34762822764097512,-1.5707875194426548,0.020916279689172645,-3.1411715464869094,30,0.000000000000000000e+00,zone_bc_work_m_v1,0,-1610,10,652,0
1,106,53,-0.081281775704218129,-0.046367303399451484,0.34788757981367197,-1.5708284283568834,0.021023841424610668,3.1400656299910366,30,0.000000000000000000e+00,zone_bc_work_m_v1,0,-1610,10,652,0
1,106,54,-0.089827900744882117,-0.016366676890123697,0.3485766741264662,-1.5708045454557131,0.020961199578102274,3.1412005356560018,10,0.000000000000000000e+00,zone_bc_work_m_v1,0,-1610,10,652,0
1,106,55,-0.059845687768845135,-0.016365755987924082,0.34831730053653365,-1.5707697169795969,0.020869073860896759,-3.1403174780517258,30,0.000000000000000000e+00,zone_bc_work_m_v1,0,-1610,10,652,0
1,106,56,-0.029863474750942531,-0.016364834505973449,0.34805789909344703,-1.5707351961100016,0.020776832729158423,-3.1386501980351631,30,0.000000000000000000e+00,zone_bc_work_m_v1,0,-1610,10,652,0
1,106,57,0.00011873837846843038,-0.016363912448124452,0.34779846979736356,-1.5707009832731065,0.020684477338171581,-3.1369829337392345,30,0.000000000000000000e+00,zone_bc_work_m_v1,0,-1610,10,652,0
1,106,58,-0.019095382845701003,0.013089013747292509,0.34983850364542324,-1.5706305231584596,0.075462020799339058,-3.1393933905013891,10,0.000000000000000000e+00,zone_bc_work_m_v1,0,-1610,10,652,0
1,106,59,-0.04908212995766692,0.013089173243502323,0.35004056941100065,-1.5707258655236349,0.075446174630818819,-3.1406578395806393,30,0.000000000000000000e+00,zone_bc_work_m_v1,0,-1610,10,652,0
1,106,60,-0.079068877048730668,0.013089333931466463,0.35024261941193308,-1.5708211672129908,0.075430088760638947,3.1412630240082748,30,0.000000000000000000e+00,zone_bc_work_m_v1,0,-1610,10,652,0
1,106,61,-0.10905562414870751,0.013089495810804248,0.35044465364817806,-1.5709164275420482,0.075413763305340886,3.1399985869840963,30,0.000000000000000000e+00,zone_bc_work_m_v1,0,-1610,10,652,0
1,106,62,-0.091936262196034457,0.043089568615548503,0.35260168138388437,-1.5709590301014584,0.075406382334747279,3.139432924613077,10,0.000000000000000000e+00,zone_bc_work_m_v1,0,-1610,10,652,0
1,106,63,-0.06195158911560994,0.043089379525555811,0.35239965382012511,-1.5708480729880092,0.075425502716523374,3.1409059457813289,30,0.000000000000000000e+00,zone_bc_work_m_v1,0,-1610,10,652,0
1,106,64,-0.031966916058708605,0.043089192052279207,0.35219760486144558,-1.5707370594805323,0.075444297992506515,-3.1408063309052561,30,0.000000000000000000e+00,zone_bc_work_m_v1,0,-1610,10,652,0
1,106,65,-0.0019822429781917172,0.04308900619632243,0.35199553450788945,-1.5706259906610742,0.075462767977716894,-3.1393332927916737,30,0.000000000000000000e+00,zone_bc_work_m_v1,0,-1610,10,652,0
1,106,66,-0.017012896011525447,0.073089234463666802,0.35436921014989314,-1.5707622625557711,0.075440060315026924,-3.141140684579927,10,0.000000000000000000e+00,zone_bc_work_m_v1,0,-1610,10,652,0
1,106,67,-0.046994675571294664,0.073089459603797868,0.35457125370491849,-1.570895185336342,0.075417425109210345,3.1402805925976489,30,0.000000000000000000e+00,zone_bc_work_m_v1,0,-1610,10,652,0
1,106,68,-0.076976455193499049,0.07308968706214615,0.3547732665767715,-1.5710280265818111,0.075394323772341121,3.1385165770060515,30,0.000000000000000000e+00,zone_bc_work_m_v1,0,-1610,10,652,0
1,106,69,-0.10695823495909562,0.073089916837647567,0.35497524876573777,-1.5711607844358211,0.075370756633175162,3.1367525787510884,30,0.000000000000000000e+00,zone_bc_work_m_v1,0,-1610,10,652,0
1,106,70,-0.093943187850476617,0.10309022386128182,0.35715903912330088,-1.5713076498993246,0.07533911453003439,3.1347993788110289,10,0.000000000000000000e+00,zone_bc_work_m_v1,0,-1610,10,652,0
1,106,71,-0.06396580127547713,0.10308988371276706,0.35695799068039719,-1.5711417332735047,0.075374168132594344,3.1370057858233986,30,0.000000000000000000e+00,zone_bc_work_m_v1,0,-1610,10,652,0
1,106,72,-0.033988339714673188,0.10308959813875683,0.35675601106683841,-1.5709762639260791,0.075403382511890715,3.1392040682465252,30,0.000000000000000000e+00,zone_bc_work_m_v1,0,-1610,10,652,0
1,106,73,-0.0040108783275571991,0.10308931616390561,0.35655398380289921,-1.5708106661960386,0.075431873305533026,3.1414023758222127,30,0.000000000000000000e+00,zone_bc_work_m_v1,0,-1610,10,652,0
1,106,74,-0.014921640617618914,0.13308975236868414,0.35889994752673177,-1.5710659039031323,0.075387648793291628,3.1380134004356948,10,0.000000000000000000e+00,zone_bc_work_m_v1,0,-1610,10,652,0
1,106,75,-0.044891963744295271,0.13309013457337648,0.35910186479786427,-1.5712852914161419,0.075348217060827949,3.1350972012262468,30,0.000000000000000000e+00,zone_bc_work_m_v1,0,-1610,10,652,0
1,106,76,-0.074873273631557158,0.13309079567100696,0.35929423021355156,-1.571421560121308,0.075280911433986075,3.1332796572941981,30,0.000000000000000000e+00,zone_bc_work_m_v1,0,-1610,10,652,0
1,106,77,-0.10485494462680056,0.13309146813729453,0.35948625242024579,-1.5715548607942951,0.075212247708663416,3.1314982340241171,30,0.000000000000000000e+00,zone_bc_work_m_v1,0,-1610,10,652,0
1,106,78,-0.095952236632699917,0.16309189911057204,0.36168651888897757,-1.5716399179796436,0.075168121312603198,3.1303598224847686,10,0.000000000000000000e+00,zone_bc_work_m_v1,0,-1610,10,652,0
1,106,79,-0.065967349539312714,0.16309134732812755,0.36149449508884685,-1.571530965629742,0.07522460020922983,3.131817807888241,30,0.000000000000000000e+00,zone_bc_work_m_v1,0,-1610,10,652,0
1,106,80,-0.03598246261917204,0.16309079711898203,0.361302450298504,-1.5714218479144679,0.075280763833902808,3.1332758147456334,30,0.000000000000000000e+00,zone_bc_work_m_v1,0,-1610,10,652,0
1,106,81,-0.0059975758265005119,0.1630902484848602,0.36111038451783489,-1.5713125658686038,0.075336611647900176,3.1347338414246804,30,0.000000000000000000e+00,zone_bc_work_m_v1,0,-1610,10,652,0
1,106,82,-0.012817025453337294,0.19309104212658251,0.36341138926732347,-1.5714704968511464,0.075255773355314748,3.1326260478819519,10,0.000000000000000000e+00,zone_bc_work_m_v1,0,-1610,10,652,0
1,106,83,-0.042804140078855912,0.1930915082848495,0.36360344122544186,-1.5715627966182235,0.075208141059134537,3.1313920770331536,30,0.000000000000000000e+00,zone_bc_work_m_v1,0,-1610,10,652,0
1,106,84,-0.072791254838046049,0.19309197556970942,0.36379547814830032,-1.5716549777178226,0.075160283046644905,3.1301581218931407,30,0.000000000000000000e+00,zone_bc_work_m_v1,0,-1610,10,652,0
1,106,85,-0.10277836975865862,0.19309244398010939,0.363987500036066,-1.5717470395242152,0.075112199647381805,3.1289241834510033,30,0.000000000000000000e+00,zone_bc_work_m_v1,0,-1610,10,652,0
1,107,1,-0.32593122750290759,-0.28581691448506602,0.35077060633388452,-1.569670260662674,-0.034004505250119221,3.1084831566719,30,0.000000000000000000e+00,zone_bc_work_m_v1,0,-1610,10,652,0
1,107,2,-0.35581402392380101,-0.28585759586381893,0.35180365720425455,-1.569508555516604,-0.029925227784176833,3.0985797871468588,30,0.000000000000000000e+00,zone_bc_work_m_v1,0,-1610,10,652,0
1,107,3,-0.38574975243962029,-0.28585113563695719,0.35322772103526356,-1.5693878319189931,-0.030566810037315317,3.0955388101969907,30,0.000000000000000000e+00,zone_bc_work_m_v1,0,-1610,10,652,0
1,107,4,-0.40974315958243057,-0.28584233696264577,0.354378094551419,-1.5692879286563759,-0.031443377739583944,3.0936495920119178,30,0.000000000000000000e+00,zone_bc_work_m_v1,0,-1610,10,652,0
1,107,5,-0.49928688174689828,-0.25601944113518299,0.35883030775822383,-1.5698728316489012,-0.013733330697508261,3.0744468083346597,10,0.000000000000000000e+00,zone_bc_work_m_v1,0,-1610,10,652,0
1,107,6,-0.46939620465981258,-0.25596001742555924,0.35692508700422715,-1.5695697256723262,-0.019669351842287019,3.079308233052136,30,0.000000000000000000e+00,zone_bc_work_m_v1,0,-1610,10,652,0
1,107,7,-0.43950554165696687,-0.25590058741034716,0.35501927570806324,-1.5693242207605973,-0.025609829205958778,3.0841674628029878,30,0.000000000000000000e+00,zone_bc_work_m_v1,0,-1610,10,652,0
1,107,8,-0.40960594651185045,-0.25587413449145413,0.35342661165116124,-1.5693339829026893,-0.028260551140039558,3.0898867968587265,30,0.000000000000000000e+00,zone_bc_work_m_v1,0,-1610,10,652,0
1,107,9,-0.3797018439778479,-0.25586437671596901,0.35199228991851172,-1.5694635167488071,-0.029244185196495742,3.0960424431912861,30,0.000000000000000000e+00,zone_bc_work_m_v1,0,-1610,10,652,0
1,107,10,-0.34977400656627,-0.2558473736377998,0.3507342320702927,-1.5695270104028571,-0.030949602597078352,3.100596700872682,30,0.000000000000000000e+00,zone_bc_work_m_v1,0,-1610,10,652,0
1,107,11,-0.31983678113467562,-0.25582750478744076,0.34954583427871938,-1.5695747138066087,-0.032940877538857549,3.1045179071309663,30,0.000000000000000000e+00,zone_bc_work_m_v1,0,-1610,10,652,0
1,107,12,-0.32795004809382666,-0.22584015582011979,0.34903863794198137,-1.5695425320725003,-0.031672950368562658,3.1020210192538178,10,0.000000000000000000e+00,zone_bc_work_m_v1,0,-1610,10,652,0
1,107,13,-0.35790434874983967,-0.22585136957675028,0.35022737954152205,-1.5695193040290611,-0.030549157731053711,3.0998082377865277,30,0.000000000000000000e+00,zone_bc_work_m_v1,0,-1610,10,652,0
1,107,14,-0.38784917446031342,-0.22586327057412398,0.35143716864179814,-1.5694789720359243,-0.029355658886422997,3.0967406157275703,30,0.000000000000000000e+00,zone_bc_work_m_v1,0,-1610,10,652,0
1,107,15,-0.41769404165334945,-0.22589160309155573,0.35291329206503391,-1.5692921221189582,-0.026508199293598045,3.0849018911985944,30,0.000000000000000000e+00,zone_bc_work_m_v1,0,-1610,10,652,0
1,107,16,-0.44753790943271921,-0.22600821505771537,0.35481721644090652,-1.5698111550601563,-0.014854435964540835,3.0753654687846552,30,0.000000000000000000e+00,zone_bc_work_m_v1,0,-1610,10,652,0
1,107,17,-0.47739848248932537,-0.22609807090676315,0.35694331082592184,-1.5703687330909721,-0.0058854540395039123,3.0690670304492764,30,0.000000000000000000e+00,zone_bc_work_m_v1,0,-1610,10,652,0
1,107,18,-0.50727505477962453,-0.22616225327284328,0.35928394941738045,-1.5708354558538047,0.00051582256810478455,3.0658800603020979,30,0.000000000000000000e+00,zone_bc_work_m_v1,0,-1610,10,652,0
1,107,19,-0.5016388263199687,-0.19617797950991597,0.35900694874049049,-1.5709560389781048,0.0020838182427478369,3.0650981392379855,10,0.000000000000000000e+00,zone_bc_work_m_v1,0,-1610,10,652,0
1,107,20,-0.47174718408338001,-0.19614420593686407,0.35666540383468076,-1.5707000966139208,-0.0012838279742415359,3.0667768712294547,30,0.000000000000000000e+00,zone_bc_work_m_v1,0,-1610,10,652,0
1,107,21,-0.44185554400489147,-0.19611042827404812,0.35432371644278893,-1.5704554244847342,-0.0046527402632696724,3.0684539320632602,30,0.000000000000000000e+00,zone_bc_work_m_v1,0,-1610,10,652,0
1,107,22,-0.41196390572573383,-0.19607664724541146,0.35198188654140256,-1.5702220156645097,-0.0080228557922297217,3.0701294043895224,30,0.000000000000000000e+00,zone_bc_work_m_v1,0,-1610,10,652,0
1,107,23,-0.38236910156185555,-0.19614245242150957,0.35042486927821942,-1.5707442647403287,-0.0014618543539384188,3.1059939778400443,30,0.000000000000000000e+00,zone_bc_work_m_v1,0,-1610,10,652,0
1,107,24,-0.35241939655490251,-0.19619454064884709,0.3494242497368748,-1.5709170798469936,0.0037441041762376059,3.1093522330716814,30,0.000000000000000000e+00,zone_bc_work_m_v1,0,-1610,10,652,0
1,107,25,-0.32246969692534289,-0.19624663354043501,0.34842324603171793,-1.5710549519543964,0.0089517158903660299,3.1127091749613678,30,0.000000000000000000e+00,zone_bc_work_m_v1,0,-1610,10,652,0
1,107,26,-0.29252000073784989,-0.19629872809317264,0.34742185810896242,-1.5711578785519458,0.014160645746274181,3.1160651937829251,30,0.000000000000000000e+00,zone_bc_work_m_v1,0,-1610,10,652,0
1,107,27,-0.26257030605668241,-0.19635082130374037,0.34642008595912177,-1.5712258538138071,0.019370558827581874,3.1194206801299122,30,0.000000000000000000e+00,zone_bc_work_m_v1,0,-1610,10,652,0
1,107,28,-0.23260263706211237,-0.19637719930423031,0.34579688147890381,-1.5712329776045846,0.022009355306561007,3.1217543258562492,30,0.000000000000000000e+00,zone_bc_work_m_v1,0,-1610,10,652,0
1,107,29,-0.20261605969418928,-0.19637652806027078,0.34557221881001904,-1.5712040260853168,0.021942758378229676,3.1230131702093864,30,0.000000000000000000e+00,zone_bc_work_m_v1,0,-1610,10,652,0
1,107,30,-0.17262948265466549,-0.196375856453952,0.34534754027262871,-1.5711752423515128,0.021876087409424594,3.124272010463494,30,0.000000000000000000e+00,zone_bc_work_m_v1,0,-1610,10,652,0
1,107,31,-0.14264290591358564,-0.19637518448687075,0.34512284586604919,-1.5711466266124838,0.021809342875461324,3.125530845640125,30,0.000000000000000000e+00,zone_bc_work_m_v1,0,-1610,10,652,0
1,107,32,-0.11265632944099258,-0.19637451216062568,0.34489813558967269,-1.5711181790759423,0.021742525252358202,3.1267896747609707,30,0.000000000000000000e+00,zone_bc_work_m_v1,0,-1610,10,652,0
1,107,33,-0.11580368127122798,-0.16637403261762437,0.34558985729273939,-1.5710980006647719,0.0216948442980196,3.1276871332372553,10,0.000000000000000000e+00,zone_bc_work_m_v1,0,-1610,10,652,0
1,107,34,-0.14578796684980388,-0.16637482762839878,0.34581454122326355,-1.5711315043339749,0.021773881939757933,3.126199093475579,30,0.000000000000000000e+00,zone_bc_work_m_v1,0,-1610,10,652,0
1,107,35,-0.17577225278132191,-0.16637562213849022,0.34603920297806673,-1.5711652431903738,0.021852817805495528,3.1247110445263835,30,0.000000000000000000e+00,zone_bc_work_m_v1,0,-1610,10,652,0
1,107,36,-0.20575653911526515,-0.16637641614525694,0.34626384255809783,-1.5711992168920332,0.021931651108457073,3.1232229880055087,30,0.000000000000000000e+00,zone_bc_work_m_v1,0,-1610,10,652,0
1,107,37,-0.23574082590111356,-0.16637720964606062,0.34648845996445371,-1.5712334250939017,0.022010381063231721,3.1217349255290552,30,0.000000000000000000e+00,zone_bc_work_m_v1,0,-1610,10,652,0
1,107,38,-0.26570298297691286,-0.16638000496697564,0.34717940213843368,-1.5713002190247172,0.022288626525871269,3.1189870366342767,30,0.000000000000000000e+00,zone_bc_work_m_v1,0,-1610,10,652,0
1,107,39,-0.29565043619845399,-0.16638412815003878,0.34818013450607094,-1.5713909161482151,0.022698958622780152,3.1154018259247822,30,0.000000000000000000e+00,zone_bc_work_m_v1,0,-1610,10,652,0
1,107,40,-0.32559789264415495,-0.16638824797567001,0.34918073686387519,-1.5714845547230616,0.023108589764649912,3.1118164590537662,30,0.000000000000000000e+00,zone_bc_work_m_v1,0,-1610,10,652,0
1,107,41,-0.35554535301292578,-0.16639236436347038,0.35018120923307339,-1.5715811290818207,0.023517496211425515,3.1082309565413455,30,0.000000000000000000e+00,zone_bc_work_m_v1,0,-1610,10,652,0
1,107,42,-0.38546266584502398,-0.16640142618062348,0.35122120131709567,-1.571769056707776,0.024417663548601976,3.1017726008900217,30,0.000000000000000000e+00,zone_bc_work_m_v1,0,-1610,10,652,0
1,107,43,-0.41523672232133313,-0.16635229582566088,0.35262408413226143,-1.5719475244015246,0.019488833457576904,3.0825878594276173,30,0.000000000000000000e+00,zone_bc_work_m_v1,0,-1610,10,652,0
1,107,44,-0.44505970045659637,-0.16629279507024003,0.35473811300043434,-1.571732745780928,0.013539559358844766,3.0725387864167515,30,0.000000000000000000e+00,zone_bc_work_m_v1,0,-1610,10,652,0
1,107,45,-0.47493704184153951,-0.16626517407145736,0.35707908274546529,-1.571575667599773,0.010781465275334634,3.0694315132021108,30,0.000000000000000000e+00,zone_bc_work_m_v1,0,-1610,10,652,0
1,107,46,-0.5048143901382014,-0.16623755740858481,0.35941987950842386,-1.5714014999332702,0.0080250195223703358,3.0663235027113136,30,0.000000000000000000e+00,zone_bc_work_m_v1,0,-1610,10,652,0
1,107,47,-0.50408409555655287,-0.1362478570934782,0.35952705295408044,-1.5714684572668731,0.0090528951462205409,3.0674827950536723,10,0.000000000000000000e+00,zone_bc_work_m_v1,0,-1610,10,652,0
1,107,48,-0.47421629998080816,-0.13628397410218077,0.35718676175743375,-1.5716844420318083,0.01265861331456164,3.0715465786730145,30,0.000000000000000000e+00,zone_bc_work_m_v1,0,-1610,10,652,0
1,107,49,-0.44435628751224643,-0.13632607087411203,0.35501212212146777,-1.5718787734414033,0.016865171090485687,3.0774951419311023,30,0.000000000000000000e+00,zone_bc_work_m_v1,0,-1610,10,652,0
1,107,50,-0.41452018349515773,-0.13638650485640913,0.35334549695812217,-1.5719970812172055,0.022913040413614638,3.08923109998879,30,0.000000000000000000e+00,zone_bc_work_m_v1,0,-1610,10,652,0
1,107,51,-0.38464466403880793,-0.13640677343159169,0.35196543145574816,-1.5718748005931402,0.024948621419475625,3.0983872648680872,30,0.000000000000000000e+00,zone_bc_work_m_v1,0,-1610,10,652,0
1,107,52,-0.35473818773965959,-0.13639550707827333,0.35081083472344715,-1.5716562790566591,0.023829435729862514,3.1055170726830874,30,0.000000000000000000e+00,zone_bc_work_m_v1,0,-1610,10,652,0
1,107,53,-0.32479900999366063,-0.13639041769903212,0.3498092662396442,-1.5715350827820438,0.023324170661782828,3.1099269554059137,30,0.000000000000000000e+00,zone_bc_work_m_v1,0,-1610,10,652,0
1,107,54,-0.29485952500573021,-0.13638538244245763,0.34880897409622802,-1.5714191053750459,0.022823711558961568,3.1143105790990546,30,0.000000000000000000e+00,zone_bc_work_m_v1,0,-1610,10,652,0
1,107,55,-0.26492004515529222,-0.13638034213057817,0.34780848762235061,-1.5713075223137629,0.022322193857348793,3.1186939786945436,30,0.000000000000000000e+00,zone_bc_work_m_v1,0,-1610,10,652,0
1,107,56,-0.23496223532450267,-0.13637709788798405,0.34715070310052121,-1.5712285916469892,0.021999295831078403,3.1219445648232189,30,0.000000000000000000e+00,zone_bc_work_m_v1,0,-1610,10,652,0
1,107,57,-0.20498125910062814,-0.13637612757935669,0.34692614600734584,-1.5711868401840072,0.021903006835967576,3.1237639026358504,30,0.000000000000000000e+00,zone_bc_work_m_v1,0,-1610,10,652,0
1,107,58,-0.17500028352537944,-0.13637515651584539,0.34670155576818956,-1.5711454394414521,0.02180656378186141,3.1255832306678744,30,0.000000000000000000e+00,zone_bc_work_m_v1,0,-1610,10,652,0
1,107,59,-0.14501930850832467,-0.1363741847022748,0.34647693238117627,-1.571104390047231,0.02170996810535164,3.1274025459659551,30,0.000000000000000000e+00,zone_bc_work_m_v1,0,-1610,10,652,0
1,107,60,-0.11503833395902574,-0.13637321214347728,0.34625227584475948,-1.5710636926222765,0.02161322124606091,3.1292218455773577,30,0.000000000000000000e+00,zone_bc_work_m_v1,0,-1610,10,652,0
1,107,61,-0.1135148082319466,-0.1063718886192294,0.34690902406712754,-1.5710089241669476,0.021481439658497248,3.1316954219399395,10,0.000000000000000000e+00,zone_bc_work_m_v1,0,-1610,10,652,0
1,107,62,-0.14349057521353314,-0.10637314085431954,0.34713365730438428,-1.5710607245526895,0.021606126638321843,3.1293551460929216,30,0.000000000000000000e+00,zone_bc_work_m_v1,0,-1610,10,652,0
1,107,63,-0.17346634280851836,-0.10637439186482948,0.34735823568501195,-1.5711131084546295,0.021730566008526075,3.1270148390452475,30,0.000000000000000000e+00,zone_bc_work_m_v1,0,-1610,10,652,0
1,107,64,-0.20344211120942246,-0.10637564164045847,0.34758275921164955,-1.5711660745648608,0.021854754698725332,3.1246745070810125,30,0.000000000000000000e+00,zone_bc_work_m_v1,0,-1610,10,652,0
1,107,65,-0.23341788060875279,-0.10637689017092596,0.34780722788783897,-1.5712196215563412,0.021978689646757088,3.122334156486025,30,0.000000000000000000e+00,zone_bc_work_m_v1,0,-1610,10,652,0
1,107,66,-0.26336971578533364,-0.1063807064006175,0.34841193655978137,-1.5713154354165,0.022358457205872373,3.1183773374665971,30,0.000000000000000000e+00,zone_bc_work_m_v1,0,-1610,10,652,0
1,107,67,-0.29329665589430509,-0.1063871887530055,0.34941202192362625,-1.5714601918461941,0.023003307999964084,3.1127385671211885,30,0.000000000000000000e+00,zone_bc_work_m_v1,0,-1610,10,652,0
1,107,68,-0.32322360526258498,-0.10639366265287965,0.35041178574012621,-1.5716122136940132,0.023646381325828081,3.1070994482066667,30,0.000000000000000000e+00,zone_bc_work_m_v1,0,-1610,10,652,0
1,107,69,-0.35315316318395018,-0.1064008592089903,0.35152557329147849,-1.5717580596498184,0.024361340932795406,3.1021314028171014,30,0.000000000000000000e+00,zone_bc_work_m_v1,0,-1610,10,652,0
1,107,70,-0.38308368389691383,-0.10640831708942061,0.35268111087076864,-1.571906009398917,0.025101819058989339,3.0974095072738943,30,0.000000000000000000e+00,zone_bc_work_m_v1,0,-1610,10,652,0
1,107,71,-0.41299440672596788,-0.10639862968206631,0.35402207090909921,-1.5720037357185994,0.024127108149075038,3.0915858339286935,30,0.000000000000000000e+00,zone_bc_work_m_v1,0,-1610,10,652,0
1,107,72,-0.44287009383567266,-0.10635860628164372,0.35569102314659662,-1.5719600838358863,0.020120346643434761,3.0838132979482111,30,0.000000000000000000e+00,zone_bc_work_m_v1,0,-1610,10,652,0
1,107,73,-0.47274581624099721,-0.10631858534415115,0.35735921141388094,-1.5718542543842007,0.01611653173956662,3.0760414537786405,30,0.000000000000000000e+00,zone_bc_work_m_v1,0,-1610,10,652,0
1,107,74,-0.50260035063483444,-0.10626864839280201,0.35957500106976448,-1.5715963668883672,0.0111283279218235,3.0698224269590622,30,0.000000000000000000e+00,zone_bc_work_m_v1,0,-1610,10,652,0
1,107,75,-0.50657046454017607,-0.0763056446458691,0.36004966553977513,-1.5717999866755741,0.014823051129405407,3.0739839528019925,10,0.000000000000000000e+00,zone_bc_work_m_v1,0,-1610,10,652,0
1,107,76,-0.47668062065728822,-0.076339358315517969,0.35834099204079961,-1.5719169428638944,0.018194344609838486,3.0800754980602347,30,0.000000000000000000e+00,zone_bc_work_m_v1,0,-1610,10,652,0
1,107,77,-0.44678530871438205,-0.07636927609454483,0.35667155324256794,-1.5719778027404501,0.021188269889335309,3.0858853022093471,30,0.000000000000000000e+00,zone_bc_work_m_v1,0,-1610,10,652,0
1,107,78,-0.41689001516691504,-0.076399194565639733,0.35500168748035987,-1.5720039064781597,0.024183675065977184,3.0916955415845537,30,0.000000000000000000e+00,zone_bc_work_m_v1,0,-1610,10,652,0
1,107,79,-0.38696946647052322,-0.076410093709490201,0.35360711099967046,-1.5719423067233929,0.025278090867729253,3.0962839271201275,30,0.000000000000000000e+00,zone_bc_work_m_v1,0,-1610,10,652,0
1,107,80,-0.35702704308060107,-0.076404520721229593,0.35245109104323641,-1.5718298052968664,0.024724989734730585,3.0998137589715427,30,0.000000000000000000e+00,zone_bc_work_m_v1,0,-1610,10,652,0
1,107,81,-0.32708462489311207,-0.076398943752796197,0.35129494374611892,-1.5717212119671533,0.024171026154333974,3.1033433724412234,30,0.000000000000000000e+00,zone_bc_work_m_v1,0,-1610,10,652,0
1,107,82,-0.29715609974092461,-0.076392091617577013,0.35019616820307936,-1.5715746369380685,0.023490414834305584,3.108468624592664,30,0.000000000000000000e+00,zone_bc_work_m_v1,0,-1610,10,652,0
1,107,83,-0.26725175874411078,-0.076383014448923078,0.34919698119792281,-1.5713661207641438,0.022588160509312116,3.1163705180363683,30,0.000000000000000000e+00,zone_bc_work_m_v1,0,-1610,10,652,0
1,107,84,-0.23732283979046209,-0.076376833519779558,0.34850457153793368,-1.5712171781705269,0.021973069038779824,3.1224403993225911,30,0.000000000000000000e+00,zone_bc_work_m_v1,0,-1610,10,652,0
1,107,85,-0.20735645614569354,-0.076375083523214066,0.34828026468063294,-1.571142342919706,0.021799311209622196,3.1257199280598549,30,0.000000000000000000e+00,zone_bc_work_m_v1,0,-1610,10,652,0
1,107,86,-0.17739007429262088,-0.076373331090611299,0.34805585011342943,-1.5710686494781445,0.021625057806617498,3.1289994146992095,30,0.000000000000000000e+00,zone_bc_work_m_v1,0,-1610,10,652,0
1,107,87,-0.14742369370150743,-0.076371576250295892,0.34783132782818538,-1.57099610146332,0.021450317270424124,3.1322788419473313,30,0.000000000000000000e+00,zone_bc_work_m_v1,0,-1610,10,652,0
1,107,88,-0.11745166568389864,-0.07637010979273326,0.34758522213327075,-1.5709372844652656,0.021304101877990478,3.1349757927637985,30,0.000000000000000000e+00,zone_bc_work_m_v1,0,-1610,10,652,0
1,107,89,-0.11126118172820121,-0.046368378206447833,0.34814689396053977,-1.5708697562334728,0.021131242946795803,3.1381174861189307,10,0.000000000000000000e+00,zone_bc_work_m_v1,0,-1610,10,652,0
1,107,90,-0.14124058796592021,-0.046369452206996863,0.34840617008235503,-1.5709115023700035,0.021238482421306104,3.1361693326918405,30,0.000000000000000000e+00,zone_bc_work_m_v1,0,-1610,10,652,0
1,107,91,-0.17121999452846381,-0.046370525394983729,0.3486654081803276,-1.5709536660545509,0.02134555801739757,3.1342211733259595,30,0.000000000000000000e+00,zone_bc_work_m_v1,0,-1610,10,652,0
1,107,92,-0.20117701937672261,-0.046372787486650011,0.34890230383904652,-1.571046042744733,0.02157095391672903,3.1300157819396883,30,0.000000000000000000e+00,zone_bc_work_m_v1,0,-1610,10,652,0
1,107,93,-0.23112143269942997,-0.046375714446988188,0.34912637572926336,-1.5711691796933536,0.021861985405300377,3.124538097087008,30,0.000000000000000000e+00,zone_bc_work_m_v1,0,-1610,10,652,0
1,107,94,-0.26103052629760182,-0.046383292951008827,0.34964437042634255,-1.5713723006710025,0.022615870173500197,3.116128299206268,30,0.000000000000000000e+00,zone_bc_work_m_v1,0,-1610,10,652,0
1,107,95,-0.29090169714619107,-0.046396296407656946,0.3506737050954426,-1.5716710588856293,0.02390790634265505,3.1050179105152935,30,0.000000000000000000e+00,zone_bc_work_m_v1,0,-1610,10,652,0
1,107,96,-0.32085121610041178,-0.046400750950612357,0.35183022270587727,-1.571755964541464,0.024350586078076608,3.102199909793522,30,0.000000000000000000e+00,zone_bc_work_m_v1,0,-1610,10,652,0
1,107,97,-0.35080073808059509,-0.046405203002291846,0.35298665912756011,-1.571843364338803,0.024792729448024131,3.0993817623796769,30,0.000000000000000000e+00,zone_bc_work_m_v1,0,-1610,10,652,0
1,107,98,-0.38075026342976059,-0.046409652508403926,0.35414301437554441,-1.5719332549191372,0.025234320603397586,3.0965634771081945,30,0.000000000000000000e+00,zone_bc_work_m_v1,0,-1610,10,652,0
1,107,99,-0.4106900254743131,-0.046407594822943689,0.35541738454054794,-1.5720049823653508,0.025024915777047685,3.0933270155539496,30,0.000000000000000000e+00,zone_bc_work_m_v1,0,-1610,10,652,0
1,107,100,-0.44059701861477363,-0.046383707545491336,0.35708786161988149,-1.5719947350995251,0.022632972133021845,3.0886878558848618,30,0.000000000000000000e+00,zone_bc_work_m_v1,0,-1610,10,652,0
1,107,101,-0.47050402233687749,-0.046359820119278326,0.3587580664756338,-1.5719623224152377,0.020241828126807082,3.0840490156694162,30,0.000000000000000000e+00,zone_bc_work_m_v1,0,-1610,10,652,0
1,107,102,-0.50041103853563773,-0.046335933520786229,0.36042799918704815,-1.5719077600802476,0.017851721684140287,3.0794104253892765,30,0.000000000000000000e+00,zone_bc_work_m_v1,0,-1610,10,652,0
1,107,103,-0.5088766769993236,-0.016627254047551603,0.36193810972341811,-1.5738860012421823,0.046933208112669211,3.0758319202249744,10,0.000000000000000000e+00,zone_bc_work_m_v1,0,-1610,10,652,0
1,107,104,-0.47898761203192519,-0.016547439617902868,0.35998814643271582,-1.5731783036114768,0.038973173070776745,3.080534682474104,30,0.000000000000000000e+00,zone_bc_work_m_v1,0,-1610,10,652,0
1,107,105,-0.44908963189596096,-0.016493440948405273,0.35832108845526278,-1.5726615230125727,0.033590692647752496,3.0861119674639808,30,0.000000000000000000e+00,zone_bc_work_m_v1,0,-1610,10,652,0
1,107,106,-0.41919166906137306,-0.01643940538428806,0.35665343047515213,-1.5722048454636504,0.028201124248830034,3.0916820053159544,30,0.000000000000000000e+00,zone_bc_work_m_v1,0,-1610,10,652,0
1,107,107,-0.38926483632555087,-0.01641118020416224,0.35524778010564834,-1.5719647041234763,0.025385865738913216,3.0955954371550218,30,0.000000000000000000e+00,zone_bc_work_m_v1,0,-1610,10,652,0
1,107,108,-0.35931059071169646,-0.016407478082652558,0.35409122910452157,-1.5718890088912838,0.025018557844350031,3.0979409630607568,30,0.000000000000000000e+00,zone_bc_work_m_v1,0,-1610,10,652,0
1,107,109,-0.3293563475526966,-0.016403774178830623,0.3529346218869287,-1.5718150375996576,0.024650861870803231,3.1002863966158332,30,0.000000000000000000e+00,zone_bc_work_m_v1,0,-1610,10,652,0
1,107,110,-0.2994021066508552,-0.01640006852397,0.35177795844351334,-1.5717427922244593,0.024282786945372337,3.1026317327228319,30,0.000000000000000000e+00,zone_bc_work_m_v1,0,-1610,10,652,0
1,107,111,-0.2694478678084391,-0.016396361149373841,0.35062123876586904,-1.5716722746856848,0.023914342207232098,3.1049769662914142,30,0.000000000000000000e+00,zone_bc_work_m_v1,0,-1610,10,652,0
1,107,112,-0.23968039377335049,-0.016374403879391632,0.3498588319663013,-1.5711136146198745,0.021731760493195029,3.126992351698072,30,0.000000000000000000e+00,zone_bc_work_m_v1,0,-1610,10,652,0
1,107,113,-0.2097567536232392,-0.016370354624529862,0.3496138899596633,-1.5709469267225156,0.021328525262875209,3.1345312725370702,30,0.000000000000000000e+00,zone_bc_work_m_v1,0,-1610,10,652,0
1,107,114,-0.17977454011823557,-0.016369436079763044,0.34935462777926146,-1.5709108721845308,0.021236872718294553,3.1361985971683768,30,0.000000000000000000e+00,zone_bc_work_m_v1,0,-1610,10,652,0
1,107,115,-0.14979232684993482,-0.016368516939883622,0.34909533774740514,-1.5708751234971616,0.021145100157287766,3.1378659174098793,30,0.000000000000000000e+00,zone_bc_work_m_v1,0,-1610,10,652,0
1,107,116,-0.11981011374869777,-0.016367597208724514,0.34883601986332058,-1.570839681107044,0.021053208727386474,3.1395332309946138,30,0.000000000000000000e+00,zone_bc_work_m_v1,0,-1610,10,652,0
1,107,117,-0.13904237128741226,0.013089658881129286,0.3506466721197678,-1.5710116458267396,0.075397198383761799,3.1387341576041998,10,0.000000000000000000e+00,zone_bc_work_m_v1,0,-1610,10,652,0
1,107,118,-0.16902911849466018,0.013089823142049605,0.35084867482680954,-1.5711068213834167,0.075380394117033456,3.1374697369462501,30,0.000000000000000000e+00,zone_bc_work_m_v1,0,-1610,10,652,0
1,107,119,-0.19901586580026542,0.013089988593167517,0.35105066176948491,-1.5712019535288619,0.075363350628582237,3.1362053260877736,30,0.000000000000000000e+00,zone_bc_work_m_v1,0,-1610,10,652,0
1,107,120,-0.22899535229465995,0.013090445273443489,0.3512521066477553,-1.5713518190112024,0.075316597609121461,3.1342103803831951,30,0.000000000000000000e+00,zone_bc_work_m_v1,0,-1610,10,652,0
1,107,121,-0.25886357172199004,0.013114661104709087,0.35164735821064985,-1.5722660686498755,0.072875601199604789,3.1214096996590093,30,0.000000000000000000e+00,zone_bc_work_m_v1,0,-1610,10,652,0
1,107,122,-0.28880117938910788,0.013187505700787711,0.35258867808959404,-1.5724319963402231,0.065568052811439514,3.1166337959642907,30,0.000000000000000000e+00,zone_bc_work_m_v1,0,-1610,10,652,0
1,107,123,-0.30170108084970626,0.043098487020520104,0.35523024625748306,-1.5725068926269374,0.074492604690012287,3.1186125313850788,10,0.000000000000000000e+00,zone_bc_work_m_v1,0,-1610,10,652,0
1,107,124,-0.27173992290027793,0.043096308989646968,0.35429326648278575,-1.5723302989657975,0.074714900410060903,3.1210454079888064,30,0.000000000000000000e+00,zone_bc_work_m_v1,0,-1610,10,652,0
1,107,125,-0.24178339940198978,0.043094175349111447,0.35359101818449162,-1.5720843916148655,0.074933530375086876,3.1243888125421639,30,0.000000000000000000e+00,zone_bc_work_m_v1,0,-1610,10,652,0
1,107,126,-0.21183696226962967,0.043092144175102015,0.35339949919093994,-1.5716881548343897,0.075142987963669361,3.1297136194385153,30,0.000000000000000000e+00,zone_bc_work_m_v1,0,-1610,10,652,0
1,107,127,-0.18189028204982516,0.043090145579630167,0.35320763570727193,-1.571291552268713,0.075347072467870868,3.1350139340949745,30,0.000000000000000000e+00,zone_bc_work_m_v1,0,-1610,10,652,0
1,107,128,-0.15190560861600511,0.043089951643215378,0.35300567232715702,-1.571180770821913,0.075367167014875891,3.1364869170663301,30,0.000000000000000000e+00,zone_bc_work_m_v1,0,-1610,10,652,0
1,107,129,-0.12192093534712045,0.043089759321643183,0.35280368755281771,-1.5710699297395947,0.075386937036387103,3.1379599144735111,30,0.000000000000000000e+00,zone_bc_work_m_v1,0,-1610,10,652,0
1,107,130,-0.13693988706794102,0.073090157637023229,0.35517711114452616,-1.5712944237769964,0.075345844379150817,3.1349756816028309,10,0.000000000000000000e+00,zone_bc_work_m_v1,0,-1610,10,652,0
1,107,131,-0.16690743265682895,0.073091364000058945,0.35536907530623169,-1.5715342645773682,0.075222895978156679,3.1317736940346417,30,0.000000000000000000e+00,zone_bc_work_m_v1,0,-1610,10,652,0
1,107,132,-0.1968749790879567,0.073092577950781779,0.35556093823325657,-1.5717733076799785,0.075098427118818645,3.1285718101750177,30,0.000000000000000000e+00,zone_bc_work_m_v1,0,-1610,10,652,0
1,107,133,-0.22684252684617467,0.073093799470752688,0.35575269992909736,-1.5720115421621388,0.074972443575976877,3.1253700473019892,30,0.000000000000000000e+00,zone_bc_work_m_v1,0,-1610,10,652,0
1,107,134,-0.25680824350874065,0.073095255512845084,0.35607100199408848,-1.5722443674003794,0.074822274841977343,3.1222239246068857,30,0.000000000000000000e+00,zone_bc_work_m_v1,0,-1610,10,652,0
1,107,135,-0.28676500691239659,0.073097827099823001,0.35700794334208291,-1.5724535382598492,0.074560000756367373,3.1193491470781654,30,0.000000000000000000e+00,zone_bc_work_m_v1,0,-1610,10,652,0
1,107,136,-0.30373448222999366,0.10310022808537711,0.35978350618345029,-1.5726470257110701,0.07431461724235211,3.1166712834445236,10,0.000000000000000000e+00,zone_bc_work_m_v1,0,-1610,10,652,0
1,107,137,-0.27378406141553024,0.10309707984799023,0.35884673616811974,-1.5723929640755037,0.074636270921912384,3.1201837892581912,30,0.000000000000000000e+00,zone_bc_work_m_v1,0,-1610,10,652,0
1,107,138,-0.2438263005281196,0.10309457264524859,0.3581186163187573,-1.5721611594269496,0.074892325973283214,3.1233536862390308,30,0.000000000000000000e+00,zone_bc_work_m_v1,0,-1610,10,652,0
1,107,139,-0.21384967653684694,0.10309369515430193,0.35792680436597374,-1.5719912863841707,0.074983230925414368,3.1256426975437352,30,0.000000000000000000e+00,zone_bc_work_m_v1,0,-1610,10,652,0
1,107,140,-0.18387305345062122,0.10309282152363455,0.3577349406721026,-1.5718209949315098,0.075073364391178288,3.1279317787636391,30,0.000000000000000000e+00,zone_bc_work_m_v1,0,-1610,10,652,0
1,107,141,-0.1538964310922728,0.10309195176007391,0.35754302523467479,-1.5716502890407664,0.075162724224479893,3.13022092359033,30,0.000000000000000000e+00,zone_bc_work_m_v1,0,-1610,10,652,0
1,107,142,-0.12391980928462099,0.10309108587038734,0.35735105805202683,-1.5714791726971935,0.075251308303349029,3.1325101257114909,30,0.000000000000000000e+00,zone_bc_work_m_v1,0,-1610,10,652,0
1,107,143,-0.13483661589565399,0.13309214295171612,0.35967824329175285,-1.5716879142633873,0.075143113506605186,3.1297168433154843,10,0.000000000000000000e+00,zone_bc_work_m_v1,0,-1610,10,652,0
1,107,144,-0.16481828752161398,0.13309282011110168,0.35987020282860283,-1.571820718646403,0.075073509820126505,3.1279354881440695,30,0.000000000000000000e+00,zone_bc_work_m_v1,0,-1610,10,652,0
1,107,145,-0.1947999595881742,0.13309349961225928,0.36006213103162099,-1.5719532720660454,0.075003437650415838,3.1261541714842482,30,0.000000000000000000e+00,zone_bc_work_m_v1,0,-1610,10,652,0
1,107,146,-0.22478163217882252,0.13309418145197463,0.36025402790192823,-1.5720855726499519,0.074932898007509241,3.1243728963089641,30,0.000000000000000000e+00,zone_bc_work_m_v1,0,-1610,10,652,0
1,107,147,-0.25476051190200866,0.13309509248219728,0.36049637948273255,-1.5722310389410965,0.074838882966014708,3.1224064096694772,30,0.000000000000000000e+00,zone_bc_work_m_v1,0,-1610,10,652,0
1,107,148,-0.28470096857265026,0.13309913297022041,0.36143306363185262,-1.5725589899478265,0.074426599675258887,3.117891947055984,30,0.000000000000000000e+00,zone_bc_work_m_v1,0,-1610,10,652,0
1,107,149,-0.30573707695459329,0.16310476043063724,0.36433606238667593,-1.573007543142817,0.073850097222318611,3.11163238269067,10,0.000000000000000000e+00,zone_bc_work_m_v1,0,-1610,10,652,0
1,107,150,-0.2758145252978661,0.1630990834644756,0.3633999773542439,-1.5725550016559273,0.074431659564291541,3.1179471575571922,30,0.000000000000000000e+00,zone_bc_work_m_v1,0,-1610,10,652,0
1,107,151,-0.24587667630047316,0.1630946815612192,0.36264632304973021,-1.5721821631837418,0.074881016884529528,3.1230702743622363,30,0.000000000000000000e+00,zone_bc_work_m_v1,0,-1610,10,652,0
1,107,152,-0.215891787654231,0.1630941219384979,0.36245440419430597,-1.5720740531060273,0.074939063920611337,3.1245281280338468,30,0.000000000000000000e+00,zone_bc_work_m_v1,0,-1610,10,652,0
1,107,153,-0.18590689941010319,0.16309356388030322,0.36226246435122933,-1.5719657725218683,0.074996798438080825,3.1259860113113334,30,0.000000000000000000e+00,zone_bc_work_m_v1,0,-1610,10,652,0
1,107,154,-0.1559220115223201,0.16309300738840943,0.36207050351972336,-1.5718573224550401,0.075054219878338158,3.1274439225655941,30,0.000000000000000000e+00,zone_bc_work_m_v1,0,-1610,10,652,0
1,107,155,-0.12593712394511036,0.1630924524645809,0.36187852169914331,-1.5717487039315541,0.075111327686738338,3.1289018601668745,30,0.000000000000000000e+00,zone_bc_work_m_v1,0,-1610,10,652,0
1,107,156,-0.13276548486844542,0.19309291351499144,0.36417950688897366,-1.5718389814127951,0.075063891192925558,3.1276902626955154,10,0.000000000000000000e+00,zone_bc_work_m_v1,0,-1610,10,652,0
1,107,157,-0.16275260019515603,0.19309338417329233,0.36437149870732632,-1.5719308027600847,0.075015358016896849,3.126456360615125,30,0.000000000000000000e+00,zone_bc_work_m_v1,0,-1610,10,652,0
1,107,158,-0.19273971576653914,0.19309385595394404,0.36456347549149482,-1.5720225029437458,0.074966600454951626,3.1252224781979487,30,0.000000000000000000e+00,zone_bc_work_m_v1,0,-1610,10,652,0
1,107,159,-0.22272683161034279,0.19309432885587333,0.36475543724191822,-1.5721140813425827,0.074917618844777767,3.1239886164317694,30,0.000000000000000000e+00,zone_bc_work_m_v1,0,-1610,10,652,0
1,107,160,-0.25271394775431344,0.19309480287800185,0.36494738395910337,-1.5722055373365558,0.074868413526089084,3.1227547763040269,30,0.000000000000000000e+00,zone_bc_work_m_v1,0,-1610,10,652,0
1,107,161,-0.28259845224308489,0.19310391949175729,0.36585738145577973,-1.5729411176575101,0.073936412446021338,3.1125657304592802,30,0.000000000000000000e+00,zone_bc_work_m_v1,0,-1610,10,652,0
1,107,162,-0.097966100131579692,0.22309268660153775,0.36621395626071818,-1.5717945908861042,0.075087250996954236,3.1282862120239319,10,1.000000000000000000e+00,zone_bc_work_m_v1,0,-1610,10,652,0
1,107,163,-0.067977350908623446,0.22309228000947545,0.36602192703595826,-1.571714851334419,0.075129044085805008,3.1293557940543213,30,0.000000000000000000e+00,zone_bc_work_m_v1,0,-1610,10,652,0
1,107,164,-0.037988601820511336,0.22309187426258315,0.36582988651453097,-1.571635021845263,0.07517066798971439,3.1304253891139293,30,0.000000000000000000e+00,zone_bc_work_m_v1,0,-1610,10,652,0
1,107,165,-0.0079998528491700416,0.22309146936154897,0.36563783469629546,-1.5715551028256429,0.075212122493105937,3.1314949965587227,30,0.000000000000000000e+00,zone_bc_work_m_v1,0,-1610,10,652,0
1,107,166,-0.010878009712765868,0.25287591999194958,0.36837519380997863,-1.5712259481249535,0.096850370934470131,3.137149811524492,10,0.000000000000000000e+00,zone_bc_work_m_v1,0,-1610,10,652,0
1,107,167,-0.040875148546309026,0.25287751776025369,0.36854461300616587,-1.57124845265928,0.096689739167298949,3.1369093455375592,30,0.000000000000000000e+00,zone_bc_work_m_v1,0,-1610,10,652,0
1,107,168,-0.070872287382234722,0.2528791156064491,0.36871403138051528,-1.5712708788698149,0.096529096879710563,3.1366688942692895,30,0.000000000000000000e+00,zone_bc_work_m_v1,0,-1610,10,652,0
1,107,169,-0.10086942622083783,0.25288071353033803,0.36888344893300884,-1.5712932267589508,0.096368444116053276,3.1364284576983978,30,0.000000000000000000e+00,zone_bc_work_m_v1,0,-1610,10,652,0
1,107,170,-0.099992356622303546,0.28288115557825749,0.37173222957329116,-1.5712993950336371,0.096324000843681201,3.1363619482406455,10,0.000000000000000000e+00,zone_bc_work_m_v1,0,-1610,10,652,0
1,107,171,-0.069996272310427265,0.28287885070899843,0.37156274898347941,-1.5712671664526545,0.096555728997409274,3.1367087554337991,30,0.000000000000000000e+00,zone_bc_work_m_v1,0,-1610,10,652,0
1,107,172,-0.040000188004020387,0.28287654600145284,0.37139326668376199,-1.5712347749192905,0.096787435339859007,3.1370555932129167,30,0.000000000000000000e+00,zone_bc_work_m_v1,0,-1610,10,652,0
1,107,173,-0.01000410370219762,0.28287424145621437,0.3712237826741927,-1.5712022204263805,0.097019119737937309,3.1374024616418756,30,0.000000000000000000e+00,zone_bc_work_m_v1,0,-1610,10,652,0
1,107,174,-0.0089727236792374043,0.31285797651169173,0.37413468342815354,-1.5710287385947765,0.098654003542812729,3.1392330048393315,10,0.000000000000000000e+00,zone_bc_work_m_v1,0,-1610,10,652,0
1,107,175,-0.038954704725699285,0.31287400850630265,0.37424080231875223,-1.571198920529381,0.09704253873223756,3.1374375271491597,30,0.000000000000000000e+00,zone_bc_work_m_v1,0,-1610,10,652,0
1,107,176,-0.06894806109623941,0.31287814164634142,0.37441045132241363,-1.5712572185223848,0.096627015996950671,3.1368154571367604,30,0.000000000000000000e+00,zone_bc_work_m_v1,0,-1610,10,652,0
1,107,177,-0.098941417483495497,0.31288227530710477,0.37458009482636723,-1.571314992386315,0.096211422975903904,3.1361934855646258,30,0.000000000000000000e+00,zone_bc_work_m_v1,0,-1610,10,652,0
1,107,178,-0.10189843820054723,0.34288370393937601,0.37746195145343964,-1.5714351177172632,0.096067173422140106,3.1349330929508583,10,0.000000000000000000e+00,zone_bc_work_m_v1,0,-1610,10,652,0
1,107,179,-0.071922825878697472,0.34287466630732988,0.37728057980872931,-1.5712082343882507,0.096976408321114205,3.1373385110645238,30,0.000000000000000000e+00,zone_bc_work_m_v1,0,-1610,10,652,0
1,107,180,-0.041942830047271284,0.34285693374100784,0.37720256678785852,-1.5710178975959019,0.098758815795511712,3.1393454515138819,30,0.000000000000000000e+00,zone_bc_work_m_v1,0,-1610,10,652,0
1,107,181,-0.011961535248757871,0.34283949345466896,0.37713620577138363,-1.5708329997853099,0.1005117783583136,3.1412271759202319,30,0.000000000000000000e+00,zone_bc_work_m_v1,0,-1610,10,652,0
1,107,182,-0.0070766052741508823,0.37291425706677939,0.38283984380157082,-1.5709329660256488,0.093000173202691938,3.1401212982873004,10,0.000000000000000000e+00,zone_bc_work_m_v1,0,-1610,10,652,0
1,107,183,-0.037056942134211956,0.37291369024950088,0.38283974231741646,-1.5711173580004218,0.093056649024508831,3.1381378361233607,30,0.000000000000000000e+00,zone_bc_work_m_v1,0,-1610,10,652,0
1,107,184,-0.067037279179902765,0.37291312703034751,0.38283960230436326,-1.5713019749941788,0.093112399004673385,3.136154337637552,30,0.000000000000000000e+00,zone_bc_work_m_v1,0,-1610,10,652,0
1,107,185,-0.097017616525355121,0.37291256741254886,0.38283942376364588,-1.5714868137497617,0.093167422152558466,3.1341708071059049,30,0.000000000000000000e+00,zone_bc_work_m_v1,0,-1610,10,652,0
1,107,186,-0.10376405730931126,0.40289745280151901,0.38929026950426415,-1.5712919666363652,0.094686833472052978,3.1363503542121558,10,0.000000000000000000e+00,zone_bc_work_m_v1,0,-1610,10,652,0
1,107,187,-0.073784800421460073,0.40289797440637243,0.38929040480583404,-1.5710939112284259,0.094635265254245482,3.138443424738099,30,0.000000000000000000e+00,zone_bc_work_m_v1,0,-1610,10,652,0
1,107,188,-0.043805543668060443,0.40289850007725353,0.38929049724329923,-1.5708960763619062,0.09458287606558935,3.1405364538314373,30,0.000000000000000000e+00,zone_bc_work_m_v1,0,-1610,10,652,0
1,107,189,-0.013826286959798706,0.40289902981189907,0.38929054681625797,-1.5706984654939569,0.094529666838504278,-3.1405558662268516,30,0.000000000000000000e+00,zone_bc_work_m_v1,0,-1610,10,652,0
1,107,190,-0.0053092117921218485,0.43294636517788182,0.39574882265943051,-1.5707828962554715,0.089776004950853583,-3.1414428518983466,10,0.000000000000000000e+00,zone_bc_work_m_v1,0,-1610,10,652,0
1,107,191,-0.035286030121233658,0.43294635031198753,0.39574879827616527,-1.5709924200393879,0.089777284973868277,3.1394055012473183,30,0.000000000000000000e+00,zone_bc_work_m_v1,0,-1610,10,652,0
1,107,192,-0.065262848566936205,0.43294634026413653,0.39574872037037623,-1.5712019475980161,0.089777593558977964,3.1370685464482149,30,0.000000000000000000e+00,zone_bc_work_m_v1,0,-1610,10,652,0
1,107,193,-0.095239667253804949,0.43294633503438279,0.39574858894248455,-1.5714114743543199,0.089776930699162039,3.1347315915979577,30,0.000000000000000000e+00,zone_bc_work_m_v1,0,-1610,10,652,0
1,108,1,-0.52910903832975897,-0.25621174826943921,0.36082965397812627,-1.5712232590622037,0.0054501354537435098,3.0634176534489939,30,0.000000000000000000e+00,zone_bc_work_m_v1,0,-1610,10,652,0
1,108,2,-0.53031975470154569,-0.22621174826943921,0.36108900258393206,-1.5712232590622037,0.0054501354537435098,3.0634176534489939,10,0.000000000000000000e+00,zone_bc_work_m_v1,0,-1610,10,652,0
1,108,3,-0.5315304710733324,-0.19621174826943918,0.36134835118973796,-1.5712232590622037,0.0054501354537435098,3.0634176534489939,10,0.000000000000000000e+00,zone_bc_work_m_v1,0,-1610,10,652,0
1,108,4,-0.53274118744511911,-0.16621174826943921,0.36160769979554386,-1.5712232590622037,0.0054501354537435098,3.0634176534489939,10,0.000000000000000000e+00,zone_bc_work_m_v1,0,-1610,10,652,0
1,108,5,-0.53395190381690583,-0.13621174826943921,0.36186704840134964,-1.5712232590622037,0.0054501354537435098,3.0634176534489939,10,0.000000000000000000e+00,zone_bc_work_m_v1,0,-1610,10,652,0
1,108,6,-0.53245012110916923,-0.10621648731438356,0.36191388899634191,-1.5712571080850437,0.0059228471182410924,3.063951320038496,10,0.000000000000000000e+00,zone_bc_work_m_v1,0,-1610,10,652,0
1,108,7,-0.53516262018869254,-0.10621174826943919,0.36212639700715554,-1.5712232590622037,0.0054501354537435098,3.0634176534489939,30,0.000000000000000000e+00,zone_bc_work_m_v1,0,-1610,10,652,0
1,108,8,-0.53637333656047925,-0.076211748269439189,0.36238574561296144,-1.5712232590622037,0.0054501354537435098,3.0634176534489939,10,0.000000000000000000e+00,zone_bc_work_m_v1,0,-1610,10,652,0
1,108,9,-0.53031806910503687,-0.046312048726423742,0.36209765985561626,-1.5718310659555736,0.015462890532887519,3.0747720156930356,10,0.000000000000000000e+00,zone_bc_work_m_v1,0,-1610,10,652,0
1,108,10,-0.53758405293226574,-0.046211748269439197,0.36264509421876723,-1.5712232590622037,0.0054501354537435098,3.0634176534489939,30,0.000000000000000000e+00,zone_bc_work_m_v1,0,-1610,10,652,0
1,108,11,-0.53876135139121439,-0.016719739888933199,0.36402681139171228,-1.5747343114943435,0.056157938604927127,3.0715468184038102,10,0.000000000000000000e+00,zone_bc_work_m_v1,0,-1610,10,652,0
1,108,12,-0.31873879091859769,0.013260391962398841,0.35352923873923642,-1.5725278365576383,0.058260081371288797,3.1118642193547768,10,0.000000000000000000e+00,zone_bc_work_m_v1,0,-1610,10,652,0
1,108,13,-0.34867641175691455,0.013333311574033212,0.35446903979982619,-1.5725537599881354,0.050952630212664829,3.1070998642828904,30,0.000000000000000000e+00,zone_bc_work_m_v1,0,-1610,10,652,0
1,108,14,-0.37858860211218093,0.0134638692218782,0.35560781152843796,-1.5723534467075249,0.037882164529678075,3.1005016286772653,30,0.000000000000000000e+00,zone_bc_work_m_v1,0,-1610,10,652,0
1,108,15,-0.40847588154207037,0.013560992000865801,0.35681734267639836,-1.5722017105619941,0.028161476851313427,3.091722930069019,30,0.000000000000000000e+00,zone_bc_work_m_v1,0,-1610,10,652,0
1,108,16,-0.43827736657225791,0.013414844837743542,0.35868926217197544,-1.5735263506552719,0.042733516464647847,3.0777749848046057,30,0.000000000000000000e+00,zone_bc_work_m_v1,0,-1610,10,652,0
1,108,17,-0.46818603320092311,0.013375185644556257,0.36078266182787649,-1.5738647078721912,0.046689841596494253,3.075944646929833,30,0.000000000000000000e+00,zone_bc_work_m_v1,0,-1610,10,652,0
1,108,18,-0.49809470175461512,0.013335539983165865,0.36287587107358654,-1.5742176247292254,0.050644440501312893,3.074110870655522,30,0.000000000000000000e+00,zone_bc_work_m_v1,0,-1610,10,652,0
1,108,19,-0.52800337274962206,0.013295908990873831,0.36496888999941368,-1.5745851307308505,0.054597219628515603,3.0722735289440766,30,0.000000000000000000e+00,zone_bc_work_m_v1,0,-1610,10,652,0
1,108,20,-0.53981649030510015,0.013280260111066774,0.36579552350284922,-1.5747343114943435,0.056157938604927127,3.0715468184038102,30,0.000000000000000000e+00,zone_bc_work_m_v1,0,-1610,10,652,0
1,108,21,-0.54087162921898546,0.043280260111066726,0.36756423561398616,-1.5747343114943435,0.056157938604927127,3.0715468184038102,10,0.000000000000000000e+00,zone_bc_work_m_v1,0,-1610,10,652,0
1,108,22,-0.51097172512381595,0.043259897872710673,0.36546855602135114,-1.5747212213273731,0.058203233175995184,3.0742220269467668,30,0.000000000000000000e+00,zone_bc_work_m_v1,0,-1610,10,652,0
1,108,23,-0.48107182611483967,0.04323953861720442,0.36337276336996643,-1.5746971691194769,0.060248791135927959,3.0768979772953617,30,0.000000000000000000e+00,zone_bc_work_m_v1,0,-1610,10,652,0
1,108,24,-0.45117193173720183,0.043219182690574363,0.3612768576494757,-1.5746621462505854,0.062294542470553882,3.0795747107634832,30,0.000000000000000000e+00,zone_bc_work_m_v1,0,-1610,10,652,0
1,108,25,-0.42128112707548393,0.043194926772615078,0.35919939468050838,-1.5745733344222095,0.064734794976212484,3.0832719523192611,30,0.000000000000000000e+00,zone_bc_work_m_v1,0,-1610,10,652,0
1,108,26,-0.39157990337253912,0.043105657956018673,0.35803842858022883,-1.5730632920862813,0.073758369712397354,3.1108393896402027,30,0.000000000000000000e+00,zone_bc_work_m_v1,0,-1610,10,652,0
1,108,27,-0.36162340083834876,0.043102855878879194,0.35710402923510831,-1.5728567999116922,0.074045500656036767,3.1137472476614381,30,0.000000000000000000e+00,zone_bc_work_m_v1,0,-1610,10,652,0
1,108,28,-0.33166224009099143,0.043100669323369895,0.35616716717370528,-1.5726823944277122,0.074269469443636105,3.1161798089126798,30,0.000000000000000000e+00,zone_bc_work_m_v1,0,-1610,10,652,0
1,108,29,-0.3167217720291764,0.073100404659473303,0.35794480251070859,-1.5726611865613735,0.074296552003751071,3.1164745817467665,10,0.000000000000000000e+00,zone_bc_work_m_v1,0,-1610,10,652,0
1,108,30,-0.34667853921249225,0.073102988159953877,0.35888157950563238,-1.5728673049390482,0.074031938448130941,3.1136002403130614,30,0.000000000000000000e+00,zone_bc_work_m_v1,0,-1610,10,652,0
1,108,31,-0.37662631473034902,0.07310696820677573,0.35980216818737182,-1.5731376466425595,0.073624602707697662,3.1097738092825638,30,0.000000000000000000e+00,zone_bc_work_m_v1,0,-1610,10,652,0
1,108,32,-0.40654457067167638,0.073115537167392816,0.36066954527095813,-1.5736157519448788,0.072748036944830341,3.1028217526954869,30,0.000000000000000000e+00,zone_bc_work_m_v1,0,-1610,10,652,0
1,108,33,-0.4363499435565541,0.073180466649411857,0.36211329580189122,-1.5744237414177138,0.066194690346784713,3.0868080703981717,30,0.000000000000000000e+00,zone_bc_work_m_v1,0,-1610,10,652,0
1,108,34,-0.46621786855352254,0.073217183734743979,0.36402547081518472,-1.5746581147282095,0.062495462775341348,3.0798376356070492,30,0.000000000000000000e+00,zone_bc_work_m_v1,0,-1610,10,652,0
1,108,35,-0.49611178390735611,0.073242085978366428,0.36612127609304845,-1.5747007790658283,0.05999282019147012,3.0765630958953776,30,0.000000000000000000e+00,zone_bc_work_m_v1,0,-1610,10,652,0
1,108,36,-0.52600570627743615,0.073266993139048442,0.36821691215832136,-1.574727026785538,0.057490480116351161,3.0732897204299072,30,0.000000000000000000e+00,zone_bc_work_m_v1,0,-1610,10,652,0
1,108,37,-0.54192676813287122,0.073280260111066767,0.36933294772512321,-1.5747343114943435,0.056157938604927127,3.0715468184038102,30,0.000000000000000000e+00,zone_bc_work_m_v1,0,-1610,10,652,0
1,108,38,-0.54298190704675653,0.10328026011106679,0.37110165983626014,-1.5747343114943435,0.056157938604927127,3.0715468184038102,10,0.000000000000000000e+00,zone_bc_work_m_v1,0,-1610,10,652,0
1,108,39,-0.51309739664835341,0.10324818836100384,0.36900631294491004,-1.5747087281700296,0.059379657835667343,3.0757609406930655,30,0.000000000000000000e+00,zone_bc_work_m_v1,0,-1610,10,652,0
1,108,40,-0.48321289821986579,0.10321612450519468,0.36691068553777051,-1.5746559355031167,0.062601930636224212,3.0799769623677129,30,0.000000000000000000e+00,zone_bc_work_m_v1,0,-1610,10,652,0
1,108,41,-0.45333905020784471,0.10317933719651752,0.36512129343330435,-1.5744116171345373,0.066308715683150332,3.0870843908052197,30,0.000000000000000000e+00,zone_bc_work_m_v1,0,-1610,10,652,0
1,108,42,-0.42347683675044601,0.10313744219026594,0.3636647847460307,-1.5739167517796435,0.070537536652325761,3.0973469062292676,30,0.000000000000000000e+00,zone_bc_work_m_v1,0,-1610,10,652,0
1,108,43,-0.3935755192425785,0.10311309843718823,0.36249072632765406,-1.5734811224487637,0.072997810023017307,3.1047973693947228,30,0.000000000000000000e+00,zone_bc_work_m_v1,0,-1610,10,652,0
1,108,44,-0.36363192562485369,0.1031076715579043,0.36162265644469255,-1.5731774236688958,0.073552766154635574,3.1092020815133736,30,0.000000000000000000e+00,zone_bc_work_m_v1,0,-1610,10,652,0
1,108,45,-0.33368490609381585,0.10310338519604748,0.36072015350774028,-1.5728988038280549,0.073991223431803865,3.11315911072841,30,0.000000000000000000e+00,zone_bc_work_m_v1,0,-1610,10,652,0
1,108,46,-0.31464142990990851,0.13310318814788524,0.36236954512219705,-1.5728831769042788,0.074011431821902507,3.1133780223780221,10,0.000000000000000000e+00,zone_bc_work_m_v1,0,-1610,10,652,0
1,108,47,-0.34459024122077286,0.13310719660848278,0.36326780661212049,-1.5731505740649001,0.073601277225460393,3.1095881284737836,30,0.000000000000000000e+00,zone_bc_work_m_v1,0,-1610,10,652,0
1,108,48,-0.37454558282192152,0.13311116598822895,0.36413620659344903,-1.5733736297340406,0.073195560987102448,3.10636450308697,30,0.000000000000000000e+00,zone_bc_work_m_v1,0,-1610,10,652,0
1,108,49,-0.4045009280648979,0.1331151425777366,0.36500450243705451,-1.5735940462005602,0.072788466559991605,3.1031412524799378,30,0.000000000000000000e+00,zone_bc_work_m_v1,0,-1610,10,652,0
1,108,50,-0.43439995241300444,0.13314195799053849,0.36637791088371413,-1.5739743263840029,0.070081806635128308,3.0962394823080999,30,0.000000000000000000e+00,zone_bc_work_m_v1,0,-1610,10,652,0
1,108,51,-0.4642895990245508,0.13317261703255365,0.3678350237506543,-1.5743381595326893,0.066987141921019289,3.0887288457434776,30,0.000000000000000000e+00,zone_bc_work_m_v1,0,-1610,10,652,0
1,108,52,-0.49417645573528413,0.13320512177390709,0.36937264552022325,-1.5746315383773444,0.063707941117608469,3.081424430900209,30,0.000000000000000000e+00,zone_bc_work_m_v1,0,-1610,10,652,0
1,108,53,-0.52404393195805343,0.13325012584083784,0.37146803810900048,-1.5747110458069682,0.059184991621168193,3.0755062822759585,30,0.000000000000000000e+00,zone_bc_work_m_v1,0,-1610,10,652,0
1,108,54,-0.54403704596064206,0.13328026011106675,0.37287037194739719,-1.5747343114943435,0.056157938604927127,3.0715468184038102,30,0.000000000000000000e+00,zone_bc_work_m_v1,0,-1610,10,652,0
1,108,55,-0.5450921848745276,0.16328026011106672,0.37463908405853413,-1.5747343114943435,0.056157938604927127,3.0715468184038102,10,0.000000000000000000e+00,zone_bc_work_m_v1,0,-1610,10,652,0
1,108,56,-0.51526475632990643,0.16320478772555641,0.37254464424557188,-1.5746307474194885,0.063741522310446497,3.0814683829430538,30,0.000000000000000000e+00,zone_bc_work_m_v1,0,-1610,10,652,0
1,108,57,-0.48536481870141523,0.16317693464946342,0.37104223312042039,-1.574385614487861,0.066551265313934405,3.0876722324780603,30,0.000000000000000000e+00,zone_bc_work_m_v1,0,-1610,10,652,0
1,108,58,-0.45545933458520138,0.16315275225620038,0.36958491705191904,-1.5741077990259256,0.068992361035154603,3.0935936099543375,30,0.000000000000000000e+00,zone_bc_work_m_v1,0,-1610,10,652,0
1,108,59,-0.42555386684748853,0.16312859112788458,0.36812719465177912,-1.5738009303731022,0.071430697638619423,3.0995183822819801,30,0.000000000000000000e+00,zone_bc_work_m_v1,0,-1610,10,652,0
1,108,60,-0.39562196973548791,0.16311424770298241,0.36694424126404684,-1.5735447097704691,0.072880132483575499,3.1038660588924873,30,0.000000000000000000e+00,zone_bc_work_m_v1,0,-1610,10,652,0
1,108,61,-0.365659845273131,0.16311111267883244,0.36607574800252335,-1.5733706541985999,0.073201014093358996,3.1064077555691929,30,0.000000000000000000e+00,zone_bc_work_m_v1,0,-1610,10,652,0
1,108,62,-0.33569772307105405,0.16310798213819763,0.36520718998854479,-1.5731949576599522,0.073521038591487065,3.1089496851555962,30,0.000000000000000000e+00,zone_bc_work_m_v1,0,-1610,10,652,0
1,108,63,-0.31255545721975042,0.19310726554484781,0.3667334742494392,-1.5731544738468028,0.07359423668515408,3.1095320902476042,10,0.000000000000000000e+00,zone_bc_work_m_v1,0,-1610,10,652,0
1,108,64,-0.34252199216420975,0.19310984847376944,0.36760215829614168,-1.5732999303577049,0.073330297816790235,3.1074337948750186,30,0.000000000000000000e+00,zone_bc_work_m_v1,0,-1610,10,652,0
1,108,65,-0.37248852858100734,0.19311243446600734,0.36847079822085588,-1.5734442700391904,0.073065772359912851,3.1053356561423495,30,0.000000000000000000e+00,zone_bc_work_m_v1,0,-1610,10,652,0
1,108,66,-0.40245506660867081,0.1931150235043893,0.36933939402727939,-1.573587490294708,0.072800665593598435,3.1032376782550788,30,0.000000000000000000e+00,zone_bc_work_m_v1,0,-1610,10,652,0
1,108,67,-0.43238432344288724,0.19313034673051055,0.37064088099522929,-1.5738242167612841,0.07125354849473764,3.0990875756407221,30,0.000000000000000000e+00,zone_bc_work_m_v1,0,-1610,10,652,0
1,108,68,-0.46230009798607097,0.19315029028482383,0.37209877445679596,-1.5740778712306192,0.069240854873384494,3.0941969317825437,30,0.000000000000000000e+00,zone_bc_work_m_v1,0,-1610,10,652,0
1,108,69,-0.49221588343871669,0.19317024843089375,0.37355639105183458,-1.5743117300179506,0.067226254001680141,3.0893086048569529,30,0.000000000000000000e+00,zone_bc_work_m_v1,0,-1610,10,652,0
1,108,70,-0.52213168182927672,0.19319022033785016,0.37501373082595829,-1.5745257916034792,0.065209966923062801,3.0844225640974328,30,0.000000000000000000e+00,zone_bc_work_m_v1,0,-1610,10,652,0
1,108,71,-0.54614732378841291,0.19328026011106675,0.37640779616967107,-1.5747343114943435,0.056157938604927127,3.0715468184038102,30,0.000000000000000000e+00,zone_bc_work_m_v1,0,-1610,10,652,0
1,108,72,-0.5473467984101108,0.2230485811302724,0.3785249524650488,-1.5749104723214571,0.079411359152522509,3.089776270619184,10,0.000000000000000000e+00,zone_bc_work_m_v1,0,-1610,10,652,0
1,108,73,-0.51739873247204948,0.22307670256795914,0.37697886616908449,-1.5746711808970746,0.076599139337032662,3.0909999770310828,30,0.000000000000000000e+00,zone_bc_work_m_v1,0,-1610,10,652,0
1,108,74,-0.48746403199387656,0.22309094237734339,0.37550048235930927,-1.5743812850925156,0.075183529664090365,3.0939009277751612,30,0.000000000000000000e+00,zone_bc_work_m_v1,0,-1610,10,652,0
1,108,75,-0.4575336988296681,0.22310065915499022,0.3740441047812843,-1.5740793107138573,0.074221951757506233,3.0973487684621981,30,0.000000000000000000e+00,zone_bc_work_m_v1,0,-1610,10,652,0
1,108,76,-0.42760337079018718,0.22311038683471443,0.37258760094571941,-1.5737840257531333,0.073258176260476038,3.1007955329531867,30,0.000000000000000000e+00,zone_bc_work_m_v1,0,-1610,10,652,0
1,108,77,-0.3976552343048867,0.22311471259372492,0.37139736665993689,-1.5735703594279404,0.072832515663021402,3.1034894802573594,30,0.000000000000000000e+00,zone_bc_work_m_v1,0,-1610,10,652,0
1,108,78,-0.36768559514714072,0.2231125084307172,0.37052868184799281,-1.573448379503338,0.073058202404603367,3.1052756837925566,30,0.000000000000000000e+00,zone_bc_work_m_v1,0,-1610,10,652,0
1,108,79,-0.33771595715992531,0.22311030647539645,0.36965996505632853,-1.5733255880923454,0.073283467884771802,3.1070620040060968,30,0.000000000000000000e+00,zone_bc_work_m_v1,0,-1610,10,652,0
1,108,80,-0.30774632025774995,0.22310810673836276,0.36879121628262501,-1.573201986795508,0.073508308844684178,3.1088484383031045,30,0.000000000000000000e+00,zone_bc_work_m_v1,0,-1610,10,652,0
1,108,81,-0.27777668435511393,0.22310590923019497,0.36792243552487114,-1.5730775772290553,0.073732722032952447,3.1106349840845207,30,0.000000000000000000e+00,zone_bc_work_m_v1,0,-1610,10,652,0
1,108,82,-0.24790984890157963,0.22309473221511397,0.36717393294210748,-1.5721919253820138,0.074875755404353983,3.12293851983857,30,0.000000000000000000e+00,zone_bc_work_m_v1,0,-1610,10,652,0
1,108,83,-0.21792109873331067,0.22309432140762395,0.36698196019723484,-1.5721126416003688,0.074918391143983909,3.1240080270688209,30,0.000000000000000000e+00,zone_bc_work_m_v1,0,-1610,10,652,0
1,108,84,-0.18793234879024756,0.22309391144182031,0.36678997615697279,-1.5720332658558434,0.07496085879380554,3.1250775505456749,30,0.000000000000000000e+00,zone_bc_work_m_v1,0,-1610,10,652,0
1,108,85,-0.15794359905431921,0.22309350231840547,0.36659798082098904,-1.5719537985522241,0.075003158132499692,3.1261470896260359,30,0.000000000000000000e+00,zone_bc_work_m_v1,0,-1610,10,652,0
1,108,86,-0.12795484950745384,0.22309309403807909,0.36640597418898929,-1.5718742400939492,0.075045288939892263,3.1272166436666149,30,0.000000000000000000e+00,zone_bc_work_m_v1,0,-1610,10,652,0
1,108,87,-0.13086656506241434,0.25288231153172269,0.36905286566362899,-1.5713154963290958,0.096207780920672725,3.1361880358035905,10,0.000000000000000000e+00,zone_bc_work_m_v1,0,-1610,10,652,0
1,108,88,-0.16086370390725913,0.25288390961040508,0.3692222815723582,-1.571337687582675,0.096047107337909665,3.1359476285635708,30,0.000000000000000000e+00,zone_bc_work_m_v1,0,-1610,10,652,0
1,108,89,-0.19086084275566706,0.25288550776618729,0.36939169665917915,-1.5713598005221294,0.095886423412103738,3.1357072359570353,30,0.000000000000000000e+00,zone_bc_work_m_v1,0,-1610,10,652,0
1,108,90,-0.22085798160793368,0.25288710599887149,0.36956111092407479,-1.5713818351499134,0.095725729187589925,3.1354668579626743,30,0.000000000000000000e+00,zone_bc_work_m_v1,0,-1610,10,652,0
1,108,91,-0.25077737157874558,0.25285465851147199,0.36979272577359312,-1.572196169004815,0.09897783703157681,3.1274274867200575,30,0.000000000000000000e+00,zone_bc_work_m_v1,0,-1610,10,652,0
1,108,92,-0.28070270705696365,0.25288845916185165,0.37044142923493978,-1.5727951385368113,0.095570740445146241,3.1206493426076589,30,0.000000000000000000e+00,zone_bc_work_m_v1,0,-1610,10,652,0
1,108,93,-0.31066419087778896,0.25293796213884984,0.37119157256559809,-1.5729564614381641,0.090594060608498062,3.1177203962844309,30,0.000000000000000000e+00,zone_bc_work_m_v1,0,-1610,10,652,0
1,108,94,-0.3406256771167433,0.25298749162647299,0.37194138480155675,-1.5730883489435921,0.085616888255195311,3.1147956106695536,30,0.000000000000000000e+00,zone_bc_work_m_v1,0,-1610,10,652,0
1,108,95,-0.37056363579737184,0.2530410144904191,0.37280392628653319,-1.5733442038694778,0.080236365876886317,3.1098145464608753,30,0.000000000000000000e+00,zone_bc_work_m_v1,0,-1610,10,652,0
1,108,96,-0.40049960059087519,0.25309491023287101,0.37367553865539777,-1.573557914135387,0.074820032039621731,3.1046651624541983,30,0.000000000000000000e+00,zone_bc_work_m_v1,0,-1610,10,652,0
1,108,97,-0.43037791939460668,0.2530943205845918,0.37490278739792676,-1.5742755018364964,0.074849349340151194,3.0951001941600054,30,0.000000000000000000e+00,zone_bc_work_m_v1,0,-1610,10,652,0
1,108,98,-0.4602988121288496,0.25307694136162334,0.37642064213753601,-1.574669179099959,0.076575259963662212,3.0910103584415127,30,0.000000000000000000e+00,zone_bc_work_m_v1,0,-1610,10,652,0
1,108,99,-0.4902547089063074,0.25306728947288359,0.37796858689207691,-1.5747504946593933,0.077540457574894583,3.0905906188996379,30,0.000000000000000000e+00,zone_bc_work_m_v1,0,-1610,10,652,0
1,108,100,-0.52021060576806533,0.25305763864601943,0.37951652060452723,-1.5748326306342002,0.078505566573882302,3.0901706583180686,30,0.000000000000000000e+00,zone_bc_work_m_v1,0,-1610,10,652,0
1,108,101,-0.54832792485108217,0.25304858113027245,0.38096943804786165,-1.5749104723214571,0.079411359152522509,3.089776270619184,30,0.000000000000000000e+00,zone_bc_work_m_v1,0,-1610,10,652,0
1,108,102,-0.54930905129205354,0.28304858113027237,0.38341392363067461,-1.5749104723214571,0.079411359152522509,3.089776270619184,10,0.000000000000000000e+00,zone_bc_work_m_v1,0,-1610,10,652,0
1,108,103,-0.51936044776174062,0.28303568101274401,0.38186456872378505,-1.5748856499168675,0.080708497444200056,3.0909129417874772,30,0.000000000000000000e+00,zone_bc_work_m_v1,0,-1610,10,652,0
1,108,104,-0.48941184491912093,0.28302278254931429,0.38031518422698424,-1.5748578596279317,0.082005650691452603,3.0920499244440856,30,0.000000000000000000e+00,zone_bc_work_m_v1,0,-1610,10,652,0
1,108,105,-0.45946324271353411,0.28300988579738029,0.37876577014237356,-1.5748270997326759,0.083302810263301108,3.0931872266349294,30,0.000000000000000000e+00,zone_bc_work_m_v1,0,-1610,10,652,0
1,108,106,-0.42954301982403487,0.28297632423809116,0.37724854407439701,-1.574631223798274,0.086683814561203443,3.0973258626890283,30,0.000000000000000000e+00,zone_bc_work_m_v1,0,-1610,10,652,0
1,108,107,-0.399756430908069,0.2828945760646292,0.37630940490200843,-1.5731077594718859,0.0949490529819077,3.1172168970421525,30,0.000000000000000000e+00,zone_bc_work_m_v1,0,-1610,10,652,0
1,108,108,-0.36978395211985027,0.28288285351911813,0.37559067288654374,-1.5729538026480125,0.096130594334176145,3.1191186232882537,30,0.000000000000000000e+00,zone_bc_work_m_v1,0,-1610,10,652,0
1,108,109,-0.33980393425515643,0.28287389459415818,0.37484386599420383,-1.5728696358079741,0.097032738046184397,3.1201952142531297,30,0.000000000000000000e+00,zone_bc_work_m_v1,0,-1610,10,652,0
1,108,110,-0.30982391663981068,0.282864937358624,0.37409703965697211,-1.5727835009031446,0.097934720583654933,3.1212721494888238,30,0.000000000000000000e+00,zone_bc_work_m_v1,0,-1610,10,652,0
1,108,111,-0.27984389924247588,0.28285598183874339,0.37335019387677282,-1.5726953972218389,0.098836536833647903,3.1223494324075602,30,0.000000000000000000e+00,zone_bc_work_m_v1,0,-1610,10,652,0
1,108,112,-0.24988666603984844,0.28285400158566287,0.37282225009812014,-1.572324177106494,0.099041973853713827,3.1261423309509322,30,0.000000000000000000e+00,zone_bc_work_m_v1,0,-1610,10,652,0
1,108,113,-0.21994536810814247,0.28285692306141447,0.3724471296007732,-1.5717585692457177,0.098755464193477804,3.1318334164025896,30,0.000000000000000000e+00,zone_bc_work_m_v1,0,-1610,10,652,0
1,108,114,-0.18997609270625948,0.28288313270953958,0.37224570796224515,-1.5714416805474563,0.096124518754760135,3.1348686770366965,30,0.000000000000000000e+00,zone_bc_work_m_v1,0,-1610,10,652,0
1,108,115,-0.15998452526600815,0.28288576579954083,0.37207118562298663,-1.5713633633674475,0.095860479634696905,3.1356684253566107,30,0.000000000000000000e+00,zone_bc_work_m_v1,0,-1610,10,652,0
1,108,116,-0.12998844094053541,0.28288346060863628,0.37190170845314424,-1.5713314606694682,0.096092251011755669,3.1360151715695568,30,0.000000000000000000e+00,zone_bc_work_m_v1,0,-1610,10,652,0
1,108,117,-0.12893477389257724,0.31288640948516744,0.37474973283030816,-1.5713722421629197,0.09579576043675031,3.1355716120641461,10,0.000000000000000000e+00,zone_bc_work_m_v1,0,-1610,10,652,0
1,108,118,-0.1589199558987866,0.31287664508473495,0.37494046903501216,-1.5715167483965935,0.096775797323523927,3.1341369246650954,30,0.000000000000000000e+00,zone_bc_work_m_v1,0,-1610,10,652,0
1,108,119,-0.18890152531968796,0.31286074276931702,0.3751404833070594,-1.5717048919658008,0.098372120715382039,3.1323419991615284,30,0.000000000000000000e+00,zone_bc_work_m_v1,0,-1610,10,652,0
1,108,120,-0.21886961763102897,0.31285562707997611,0.37547433774340339,-1.5720083109716345,0.098882967319020798,3.1293165136825154,30,0.000000000000000000e+00,zone_bc_work_m_v1,0,-1610,10,652,0
1,108,121,-0.2488335111233515,0.31285388175273177,0.37584981205317552,-1.5723475797686284,0.099053655072998126,3.1259075542354244,30,0.000000000000000000e+00,zone_bc_work_m_v1,0,-1610,10,652,0
1,108,122,-0.27879831163960112,0.31285347816793396,0.37625729608854086,-1.5726704109661735,0.099088656019995947,3.1226507055288373,30,0.000000000000000000e+00,zone_bc_work_m_v1,0,-1610,10,652,0
1,108,123,-0.3087726881205195,0.31286715417407412,0.37700449740069403,-1.5728050031656597,0.097711489311290034,3.1210055687502534,30,0.000000000000000000e+00,zone_bc_work_m_v1,0,-1610,10,652,0
1,108,124,-0.33874706512794006,0.31288083416608298,0.37775165336956579,-1.5729350044703669,0.096333937761203359,3.1193612408199676,30,0.000000000000000000e+00,zone_bc_work_m_v1,0,-1610,10,652,0
1,108,125,-0.3687226587355199,0.31289210341199525,0.3784597033216196,-1.5730632487751233,0.095198581351665368,3.1177485659926436,30,0.000000000000000000e+00,zone_bc_work_m_v1,0,-1610,10,652,0
1,108,126,-0.39870027304012745,0.3128993641289709,0.37910282727404493,-1.5731931717227676,0.094465824015007804,3.1161876815119376,30,0.000000000000000000e+00,zone_bc_work_m_v1,0,-1610,10,652,0
1,108,127,-0.42859529711163935,0.31291718545539021,0.37995961885266655,-1.5740118377017245,0.092650545505766235,3.1068510194108514,30,0.000000000000000000e+00,zone_bc_work_m_v1,0,-1610,10,652,0
1,108,128,-0.45847259641812532,0.31297815506820592,0.38118443328072332,-1.5746454570284563,0.086499230453407794,3.0970673298743687,30,0.000000000000000000e+00,zone_bc_work_m_v1,0,-1610,10,652,0
1,108,129,-0.48839637146688042,0.31301125586311168,0.38265546292003216,-1.5748305086968428,0.08316500021204587,3.0930663844341901,30,0.000000000000000000e+00,zone_bc_work_m_v1,0,-1610,10,652,0
1,108,130,-0.51834041950238019,0.31302931196464884,0.38420507023324291,-1.5748722990193968,0.081348987800749173,3.0914743070663011,30,0.000000000000000000e+00,zone_bc_work_m_v1,0,-1610,10,652,0
1,108,131,-0.54828446883671789,0.31304737136373573,0.38575461955281803,-1.5749082706810134,0.07953299634974309,3.089882847995491,30,0.000000000000000000e+00,zone_bc_work_m_v1,0,-1610,10,652,0
1,108,132,-0.55029017773302469,0.3130485811302724,0.38585840921348746,-1.5749104723214571,0.079411359152522509,3.089776270619184,30,0.000000000000000000e+00,zone_bc_work_m_v1,0,-1610,10,652,0
1,108,133,-0.55127130417399584,0.34304858113027242,0.38830289479630042,-1.5749104723214571,0.079411359152522509,3.089776270619184,10,0.000000000000000000e+00,zone_bc_work_m_v1,0,-1610,10,652,0
1,108,134,-0.52133788122297475,0.34301848394044659,0.38675288639400074,-1.574847937547744,0.082437986504815264,3.0924289450562585,30,0.000000000000000000e+00,zone_bc_work_m_v1,0,-1610,10,652,0
1,108,135,-0.49141139539768375,0.34298425300261937,0.38529246339730672,-1.5746921653889299,0.085884447896819038,3.096206402392399,30,0.000000000000000000e+00,zone_bc_work_m_v1,0,-1610,10,652,0
1,108,136,-0.46149846995993205,0.3429419534692888,0.38400699245231096,-1.5743460234559006,0.090149299858819809,3.1021837636674219,30,0.000000000000000000e+00,zone_bc_work_m_v1,0,-1610,10,652,0
1,108,137,-0.43158029061567449,0.34291439397733131,0.38291549848064427,-1.5738822905756435,0.092935449034623474,3.1083514955115419,30,0.000000000000000000e+00,zone_bc_work_m_v1,0,-1610,10,652,0
1,108,138,-0.40165649827112171,0.34290257447071404,0.38203131551502206,-1.5733231277559825,0.094139863283135838,3.1147184570064916,30,0.000000000000000000e+00,zone_bc_work_m_v1,0,-1610,10,652,0
1,108,139,-0.37168510096601359,0.34289660518286186,0.38133923380948032,-1.5731440814040809,0.094744273369914866,3.1167806789234644,30,0.000000000000000000e+00,zone_bc_work_m_v1,0,-1610,10,652,0
1,108,140,-0.34170155440277283,0.34289212399832575,0.38069622552061744,-1.573063620484634,0.095196503936136878,3.1177441390714131,30,0.000000000000000000e+00,zone_bc_work_m_v1,0,-1610,10,652,0
1,108,141,-0.31172859527348651,0.34287818919131979,0.38001254859392603,-1.5729102299764905,0.096600280445990894,3.1196790660823117,30,0.000000000000000000e+00,zone_bc_work_m_v1,0,-1610,10,652,0
1,108,142,-0.28177061174861739,0.34285242650277775,0.37930329826797571,-1.5726330733778311,0.09919505673200435,3.1230478447583434,30,0.000000000000000000e+00,zone_bc_work_m_v1,0,-1610,10,652,0
1,108,143,-0.25179705698539179,0.34285366427839625,0.37892771960630717,-1.5723900924054033,0.099074839824592642,3.1254812051456082,30,0.000000000000000000e+00,zone_bc_work_m_v1,0,-1610,10,652,0
1,108,144,-0.22182350320231348,0.34285490785796474,0.37855208304033372,-1.5721477076112573,0.098953448729514504,3.1279144526987976,30,0.000000000000000000e+00,zone_bc_work_m_v1,0,-1610,10,652,0
1,108,145,-0.19184995018908246,0.34285615723064,0.37817638856572294,-1.5719059254233121,0.098830886722592215,3.130347579530949,30,0.000000000000000000e+00,zone_bc_work_m_v1,0,-1610,10,652,0
1,108,146,-0.1618717396087288,0.34286100095379834,0.37786297429586668,-1.5717017903367272,0.098346204263167536,3.1323711555002993,30,0.000000000000000000e+00,zone_bc_work_m_v1,0,-1610,10,652,0
1,108,147,-0.13188508884154215,0.34287235097837632,0.37766247734396607,-1.5715669731446424,0.097206863783019681,3.1336524192029409,30,0.000000000000000000e+00,zone_bc_work_m_v1,0,-1610,10,652,0
1,108,148,-0.12699795428469529,0.37291201139929281,0.3828392066969461,-1.5716718710045821,0.093221717494661904,3.1321872488062916,10,0.000000000000000000e+00,zone_bc_work_m_v1,0,-1610,10,652,0
1,108,149,-0.15697829257204154,0.37291145899372502,0.38283895110639293,-1.5718571434907271,0.093275284074638032,3.1302036670183542,30,0.000000000000000000e+00,zone_bc_work_m_v1,0,-1610,10,652,0
1,108,150,-0.18695863150150194,0.37291091019894934,0.38283865699456243,-1.5720426279350721,0.093328120953330762,3.1282200660234278,30,0.000000000000000000e+00,zone_bc_work_m_v1,0,-1610,10,652,0
1,108,151,-0.21693897118717276,0.37291036501802755,0.3828383243644779,-1.5722283210593875,0.093380227208807121,3.1262364501044773,30,0.000000000000000000e+00,zone_bc_work_m_v1,0,-1610,10,652,0
1,108,152,-0.24691931174313542,0.37290982345397933,0.38283795321960939,-1.572414219580448,0.093431601936383224,3.1242528235460165,30,0.000000000000000000e+00,zone_bc_work_m_v1,0,-1610,10,652,0
1,108,153,-0.27689965328345512,0.3729092855097822,0.38283754356387428,-1.5726003202101433,0.093482244248659585,3.1222691906340394,30,0.000000000000000000e+00,zone_bc_work_m_v1,0,-1610,10,652,0
1,108,154,-0.30687999592217774,0.37290875118837152,0.38283709540163602,-1.5727866196555889,0.093532153275546426,3.1202855556559514,30,0.000000000000000000e+00,zone_bc_work_m_v1,0,-1610,10,652,0
1,108,155,-0.33685812909601376,0.37290580922862826,0.38340937348879589,-1.5729416954615223,0.09382430468824543,3.1186972280697303,30,0.000000000000000000e+00,zone_bc_work_m_v1,0,-1610,10,652,0
1,108,156,-0.36683599305823122,0.37290257548123446,0.38405152206968568,-1.5730938967966157,0.094145617899135114,3.1171569584394492,30,0.000000000000000000e+00,zone_bc_work_m_v1,0,-1610,10,652,0
1,108,157,-0.3968044338125829,0.37290237299110168,0.38475608409443712,-1.5733134464195391,0.094160366782477078,3.1148271850216585,30,0.000000000000000000e+00,zone_bc_work_m_v1,0,-1610,10,652,0
1,108,158,-0.42674570646892107,0.37291091656156949,0.38564052938938781,-1.5737195689775758,0.093290123179977646,3.1102224018965119,30,0.000000000000000000e+00,zone_bc_work_m_v1,0,-1610,10,652,0
1,108,159,-0.4566869856643061,0.37291947906701262,0.3865247596947527,-1.574117563189313,0.092416329874223324,3.1056190744513952,30,0.000000000000000000e+00,zone_bc_work_m_v1,0,-1610,10,652,0
1,108,160,-0.48661728606539167,0.37294840061524531,0.38778005414419503,-1.5744021268056185,0.089499228071564296,3.101271891524978,30,0.000000000000000000e+00,zone_bc_work_m_v1,0,-1610,10,652,0
1,108,161,-0.51654670266147162,0.37297899129535,0.38906518143569657,-1.5746519258096976,0.086414922594972854,3.096949253335608,30,0.000000000000000000e+00,zone_bc_work_m_v1,0,-1610,10,652,0
1,108,162,-0.54645844069639082,0.37303107290731014,0.39044641288501969,-1.5748760628065981,0.081171897785330849,3.0913190870627734,30,0.000000000000000000e+00,zone_bc_work_m_v1,0,-1610,10,652,0
1,108,163,-0.5522524306149672,0.37304858113027234,0.39074738037911338,-1.5749104723214571,0.079411359152522509,3.089776270619184,30,0.000000000000000000e+00,zone_bc_work_m_v1,0,-1610,10,652,0
1,108,164,-0.55331091735714266,0.40296198454222565,0.39331464144169598,-1.5745515785029722,0.088128099234963564,3.0989518216244871,10,0.000000000000000000e+00,zone_bc_work_m_v1,0,-1610,10,652,0
1,108,165,-0.5233371147464434,0.40295859439379816,0.39204042968602415,-1.574573928977383,0.088467801763953968,3.0988624198844779,30,0.000000000000000000e+00,zone_bc_work_m_v1,0,-1610,10,652,0
1,108,166,-0.49336580524909146,0.40295396364824893,0.39076591606522687,-1.5745795109910965,0.088932893193412355,3.099022295194211,30,0.000000000000000000e+00,zone_bc_work_m_v1,0,-1610,10,652,0
1,108,167,-0.46348108538775579,0.40290742336396462,0.38959225270766529,-1.5739145438498681,0.093634876427775016,3.1082543139836747,30,0.000000000000000000e+00,zone_bc_work_m_v1,0,-1610,10,652,0
1,108,168,-0.4335359174918223,0.40289198413574523,0.38928595245571435,-1.5734841390347603,0.095199647621677652,3.113323999940155,30,0.000000000000000000e+00,zone_bc_work_m_v1,0,-1610,10,652,0
1,108,169,-0.4035566532307453,0.40289246086992458,0.38928655918314076,-1.5732838869988801,0.095157167477046167,3.1154174901151976,30,0.000000000000000000e+00,zone_bc_work_m_v1,0,-1610,10,652,0
1,108,170,-0.37357739008644697,0.40289294169387119,0.38928712306306162,-1.5730838172126222,0.09511385706263864,3.1175109449069591,30,0.000000000000000000e+00,zone_bc_work_m_v1,0,-1610,10,652,0
1,108,171,-0.34359812796964118,0.4028934266055148,0.38928764409304506,-1.5728839331758051,0.095069717150945365,3.1196043637572242,30,0.000000000000000000e+00,zone_bc_work_m_v1,0,-1610,10,652,0
1,108,172,-0.31361886679103734,0.40289391560276755,0.38928812227084408,-1.5726842383846926,0.09502474852908116,3.1216977461093554,30,0.000000000000000000e+00,zone_bc_work_m_v1,0,-1610,10,652,0
1,108,173,-0.28363960646134112,0.40289440868352394,0.38928855759439612,-1.5724847363319294,0.094978951998766048,3.1237910914083176,30,0.000000000000000000e+00,zone_bc_work_m_v1,0,-1610,10,652,0
1,108,174,-0.25366034689125416,0.40289490584566096,0.38928895006182296,-1.5722854305064757,0.094932328376310382,3.1258843991007055,30,0.000000000000000000e+00,zone_bc_work_m_v1,0,-1610,10,652,0
1,108,175,-0.22368108799147479,0.40289540708703786,0.38928929967143111,-1.5720863243935423,0.094884878492599967,3.127977668634768,30,0.000000000000000000e+00,zone_bc_work_m_v1,0,-1610,10,652,0
1,108,176,-0.19370182967269889,0.40289591240549666,0.38928960642171156,-1.5718874214745253,0.094836603193076519,3.1300708994604363,30,0.000000000000000000e+00,zone_bc_work_m_v1,0,-1610,10,652,0
1,108,177,-0.163722571845619,0.40289642179886159,0.38928987031133971,-1.5716887252269431,0.094787503337723455,3.1321640910293489,30,0.000000000000000000e+00,zone_bc_work_m_v1,0,-1610,10,652,0
1,108,178,-0.1337433144209268,0.40289693526493942,0.38929009133917569,-1.5714902391243677,0.094737579801045024,3.1342572427948769,30,0.000000000000000000e+00,zone_bc_work_m_v1,0,-1610,10,652,0
1,108,179,-0.12521648630641402,0.4329463346227545,0.39574840399319927,-1.5716209957312812,0.089775296408791894,3.1323946374105769,10,0.000000000000000000e+00,zone_bc_work_m_v1,0,-1610,10,652,0
1,108,180,-0.15519330584933577,0.43294633902925383,0.39574816552351655,-1.5718305071520047,0.089772690723627147,3.1300576846000516,30,0.000000000000000000e+00,zone_bc_work_m_v1,0,-1610,10,652,0
1,108,181,-0.18517012600714011,0.43294634825385714,0.39574787353472063,-1.5720400040398252,0.08976911370082008,3.1277207338802762,30,0.000000000000000000e+00,zone_bc_work_m_v1,0,-1610,10,652,0
1,108,182,-0.21514694690439251,0.43294636229651479,0.39574752802838309,-1.5722494818184136,0.089764565418909648,3.1253837859650107,30,0.000000000000000000e+00,zone_bc_work_m_v1,0,-1610,10,652,0
1,108,183,-0.24512376866565622,0.43294638115715145,0.39574712900636327,-1.5724589359118861,0.089759045977821028,3.1230468415678398,30,0.000000000000000000e+00,zone_bc_work_m_v1,0,-1610,10,652,0
1,108,184,-0.27510059141548848,0.43294640483566554,0.39574667647080797,-1.572668361744908,0.089752555498864961,3.1207099014021349,30,0.000000000000000000e+00,zone_bc_work_m_v1,0,-1610,10,652,0
1,108,185,-0.3050774152784419,0.43294643333192995,0.39574617042415172,-1.5728777547428023,0.089745094124731972,3.1183729661810027,30,0.000000000000000000e+00,zone_bc_work_m_v1,0,-1610,10,652,0
1,108,186,-0.33505424037906262,0.43294646664579151,0.39574561086911642,-1.5730871103316553,0.08973666201949082,3.1160360366172499,30,0.000000000000000000e+00,zone_bc_work_m_v1,0,-1610,10,652,0
1,108,187,-0.36503106684189079,0.43294650477707119,0.39574499780871164,-1.5732964239384239,0.0897272593685845,3.1136991134233387,30,0.000000000000000000e+00,zone_bc_work_m_v1,0,-1610,10,652,0
1,108,188,-0.39500789479145837,0.43294654772556412,0.39574433124623454,-1.5735056909910417,0.08971688637882469,3.1113621973113417,30,0.000000000000000000e+00,zone_bc_work_m_v1,0,-1610,10,652,0
1,108,189,-0.42498472435228996,0.43294659549103953,0.39574361118526957,-1.5737149069185263,0.08970554327838709,3.1090252889929011,30,0.000000000000000000e+00,zone_bc_work_m_v1,0,-1610,10,652,0
1,108,190,-0.45496155564890173,0.43294664807324063,0.39574283762968893,-1.5739240671510855,0.08969323031680676,3.1066883891791868,30,0.000000000000000000e+00,zone_bc_work_m_v1,0,-1610,10,652,0
1,108,191,-0.48493838880579965,0.43294670547188491,0.3957420105836521,-1.5741331671202246,0.089679947764972345,3.1043514985808529,30,0.000000000000000000e+00,zone_bc_work_m_v1,0,-1610,10,652,0
1,108,192,-0.51491522394748035,0.43294676768666385,0.39574113005160616,-1.5743422022588498,0.08966569591511675,3.1020146179079942,30,0.000000000000000000e+00,zone_bc_work_m_v1,0,-1610,10,652,0
1,108,193,-0.54489206119842959,0.43294683471724321,0.39574019603828559,-1.5745511680013791,0.089650475080813585,3.0996777478701065,30,0.000000000000000000e+00,zone_bc_work_m_v1,0,-1610,10,652,0
1,108,194,-0.55426337317462337,0.43296198454222568,0.39601063717174295,-1.5745515785029722,0.088128099234963564,3.0989518216244871,30,0.000000000000000000e+00,zone_bc_work_m_v1,0,-1610,10,652,0
2,118,1,0.42302421766377174,-0.28585977485112385,0.35439968447128239,1.5693202912368935,0.029698272339305998,3.0919251340414871,30,0.000000000000000000e+00,zone_bc_work_m_v1,0,1610,10,652,0
2,118,2,0.39310598264227292,-0.28586312799371982,0.35298322356220047,1.5694784956377383,0.029369916074601043,3.0967461626819741,30,0.000000000000000000e+00,zone_bc_work_m_v1,0,1610,10,652,0
2,118,3,0.36318683713880318,-0.28588219158427985,0.3517172445803477,1.5697123891003861,0.027470956345474695,3.1021505520989314,30,0.000000000000000000e+00,zone_bc_work_m_v1,0,1610,10,652,0
2,118,4,0.33327045898970264,-0.28592740408585704,0.35065180302244348,1.5700388014979931,0.022957141346681142,3.1086043497173974,30,0.000000000000000000e+00,zone_bc_work_m_v1,0,1610,10,652,0
2,118,5,0.33934512100377434,-0.2559526852766556,0.35016546911706142,1.5701761879637779,0.020431510754429949,3.1112477761426218,10,0.000000000000000000e+00,zone_bc_work_m_v1,0,1610,10,652,0
2,118,6,0.36925196520366321,-0.2558889831235398,0.35112562866886848,1.5697743744935231,0.026793445216767964,3.1034646857941643,30,0.000000000000000000e+00,zone_bc_work_m_v1,0,1610,10,652,0
2,118,7,0.39915836942114447,-0.25586298593986861,0.35236477275977646,1.5694757047511043,0.029384016636634813,3.0966728458031003,30,0.000000000000000000e+00,zone_bc_work_m_v1,0,1610,10,652,0
2,118,8,0.42904054871114483,-0.25586982803350877,0.35381653937362001,1.5692696449796171,0.028688589414661569,3.0884198353645593,30,0.000000000000000000e+00,zone_bc_work_m_v1,0,1610,10,652,0
2,118,9,0.45888535880534276,-0.25594267685917832,0.35550995420866799,1.5694277725488801,0.021398267303883944,3.0777184304285932,30,0.000000000000000000e+00,zone_bc_work_m_v1,0,1610,10,652,0
2,118,10,0.48881461475844779,-0.25600372434327956,0.35754075747793812,1.5698147476156776,0.015304747260286078,3.0775422589856811,30,0.000000000000000000e+00,zone_bc_work_m_v1,0,1610,10,652,0
2,118,11,0.51873951304697852,-0.25600721182215003,0.35939645763989186,1.5698109135764495,0.014954973764075952,3.0757932956302643,30,0.000000000000000000e+00,zone_bc_work_m_v1,0,1610,10,652,0
2,118,12,0.5392299736223265,-0.25600395581505775,0.36076651187266862,1.5697746189739581,0.015278919433135751,3.0748190233773247,30,0.000000000000000000e+00,zone_bc_work_m_v1,0,1610,10,652,0
2,118,13,0.5405043187800016,-0.22600395581505775,0.36039126823224543,1.5697746189739581,0.015278919433135751,3.0748190233773247,10,0.000000000000000000e+00,zone_bc_work_m_v1,0,1610,10,652,0
2,118,14,0.5106005597345511,-0.22600905860403814,0.35845927774710967,1.5698585360996398,0.014772969463814789,3.0781952235046446,30,0.000000000000000000e+00,zone_bc_work_m_v1,0,1610,10,652,0
2,118,15,0.4806596163172141,-0.22598100176807023,0.35646216646164147,1.5696672581317577,0.017572524578284954,3.0774255995576985,30,0.000000000000000000e+00,zone_bc_work_m_v1,0,1610,10,652,0
2,118,16,0.45073217936509091,-0.22595433535123616,0.35440683099814924,1.5695003911452405,0.02023442519338059,3.0776295387068506,30,0.000000000000000000e+00,zone_bc_work_m_v1,0,1610,10,652,0
2,118,17,0.42088794692821141,-0.22587380245913299,0.35251708311432534,1.5692553779589129,0.02828964106390508,3.0871687147190245,30,0.000000000000000000e+00,zone_bc_work_m_v1,0,1610,10,652,0
2,118,18,0.39107695849595436,-0.22588627455720789,0.35115442576508749,1.5697498684341276,0.0270636591011153,3.1029406276368854,30,0.000000000000000000e+00,zone_bc_work_m_v1,0,1610,10,652,0
2,118,19,0.36120453993074952,-0.22598589028695318,0.35022999609845573,1.5703286072764944,0.01711344061789144,3.114267583585685,30,0.000000000000000000e+00,zone_bc_work_m_v1,0,1610,10,652,0
2,118,20,0.33121758657580513,-0.22598154175506008,0.34940490805823066,1.5703197026731042,0.017548277995997008,3.1144371998171572,30,0.000000000000000000e+00,zone_bc_work_m_v1,0,1610,10,652,0
2,118,21,0.33686133026873355,-0.19624458141616694,0.34928704156230883,1.5710201177350962,-0.008747368358235752,3.1160141047036971,10,0.000000000000000000e+00,zone_bc_work_m_v1,0,1610,10,652,0
2,118,22,0.36685331722443459,-0.19622377041871969,0.34999305831461847,1.5709666919353669,-0.0066668921977870443,3.1160441176475215,30,0.000000000000000000e+00,zone_bc_work_m_v1,0,1610,10,652,0
2,118,23,0.39684530417374231,-0.19620295927376621,0.35069903173187272,1.5709133916642313,-0.0045864269818709502,3.1160739069870123,30,0.000000000000000000e+00,zone_bc_work_m_v1,0,1610,10,652,0
2,118,24,0.42641789584333445,-0.19594827956497918,0.35219371022799312,1.5694626453781524,0.02083895610376385,3.0776757322723736,30,0.000000000000000000e+00,zone_bc_work_m_v1,0,1610,10,652,0
2,118,25,0.45634611296027772,-0.19596503424375852,0.35424892618206683,1.5695672118194337,0.019166413616187317,3.0775478193316768,30,0.000000000000000000e+00,zone_bc_work_m_v1,0,1610,10,652,0
2,118,26,0.48627433008658949,-0.19598178933297036,0.35630411382916838,1.5696722026472942,0.017493911153198205,3.077419563299844,30,0.000000000000000000e+00,zone_bc_work_m_v1,0,1610,10,652,0
2,118,27,0.51620254722788173,-0.19599854476131887,0.35835927316836685,1.5697776191113806,0.015821451288287269,3.0772909626032408,30,0.000000000000000000e+00,zone_bc_work_m_v1,0,1610,10,652,0
2,118,28,0.54177866393767693,-0.19600395581505772,0.36001602459182225,1.5697746189739581,0.015278919433135751,3.0748190233773247,30,0.000000000000000000e+00,zone_bc_work_m_v1,0,1610,10,652,0
2,118,29,0.54305300909535226,-0.16600395581505775,0.35964078095139906,1.5697746189739581,0.015278919433135751,3.0748190233773247,10,0.000000000000000000e+00,zone_bc_work_m_v1,0,1610,10,652,0
2,118,30,0.51316209951462288,-0.16620527303589927,0.35765874404472681,1.5710970932085777,-0.0048099051844765484,3.0791430882473865,30,0.000000000000000000e+00,zone_bc_work_m_v1,0,1610,10,652,0
2,118,31,0.48323107764978634,-0.16628244350857668,0.35595215064984276,1.5715532771678631,-0.012513784886582169,3.0811753607488286,30,0.000000000000000000e+00,zone_bc_work_m_v1,0,1610,10,652,0
2,118,32,0.45330005878443047,-0.16635961604769961,0.35424491915684708,1.5719782897730838,-0.020220456001693421,3.0832012722565847,30,0.000000000000000000e+00,zone_bc_work_m_v1,0,1610,10,652,0
2,118,33,0.42343526695867229,-0.16641276736652444,0.35253939671957035,1.5720675427142501,-0.025539890539573618,3.0918545293924709,30,0.000000000000000000e+00,zone_bc_work_m_v1,0,1610,10,652,0
2,118,34,0.39356507015055575,-0.16641323769307467,0.35140566447811139,1.5718031813099387,-0.025598759843194596,3.1022764547597133,30,0.000000000000000000e+00,zone_bc_work_m_v1,0,1610,10,652,0
2,118,35,0.36359124857893632,-0.1664101419992825,0.35070058142653121,1.5717457375542851,-0.025291068910686665,3.1040668957246638,30,0.000000000000000000e+00,zone_bc_work_m_v1,0,1610,10,652,0
2,118,36,0.33361742828457652,-0.16640704527448019,0.34999546545167609,1.571689396205767,-0.024983154704563137,3.1058572814369372,30,0.000000000000000000e+00,zone_bc_work_m_v1,0,1610,10,652,0
2,118,37,0.33440167611053884,-0.13640553083745921,0.35080229667620288,1.5716622510301077,-0.024832527808991145,3.1067326251266207,10,0.000000000000000000e+00,zone_bc_work_m_v1,0,1610,10,652,0
2,118,38,0.36437210465756609,-0.13640921554455551,0.35150728905960649,1.5717287642043489,-0.025198961992374702,3.1046025977758962,30,0.000000000000000000e+00,zone_bc_work_m_v1,0,1610,10,652,0
2,118,39,0.39434253497503824,-0.13641289879881013,0.35221223484075515,1.5717968381236402,-0.025565082034657127,3.1024724913133972,30,0.000000000000000000e+00,zone_bc_work_m_v1,0,1610,10,652,0
2,118,40,0.42425879477949047,-0.13641391299151839,0.35334704419692337,1.571949945921749,-0.025660187651950217,3.0966604136726934,30,0.000000000000000000e+00,zone_bc_work_m_v1,0,1610,10,652,0
2,118,41,0.45410285337968559,-0.13641134935854304,0.35505431092947221,1.5722107076909193,-0.025390298293352931,3.0859385981110261,30,0.000000000000000000e+00,zone_bc_work_m_v1,0,1610,10,652,0
2,118,42,0.48404059004718203,-0.13641123886985493,0.35676142363655244,1.572244704943933,-0.025377311611206155,3.0845746147785951,30,0.000000000000000000e+00,zone_bc_work_m_v1,0,1610,10,652,0
2,118,43,0.51399228962363819,-0.1364114965216591,0.35846860995066504,1.5722453781035788,-0.025403088654224248,3.0846059185431502,30,0.000000000000000000e+00,zone_bc_work_m_v1,0,1610,10,652,0
2,118,44,0.54394398920065412,-0.13641175417350399,0.36017579624832374,1.5722460496513977,-0.025428865785207533,3.0846372223140408,30,0.000000000000000000e+00,zone_bc_work_m_v1,0,1610,10,652,0
2,118,45,0.54433238555818253,-0.1364117575145847,0.36019793405505102,1.5722460583490565,-0.025429200048745493,3.0846376282433208,30,0.000000000000000000e+00,zone_bc_work_m_v1,0,1610,10,652,0
2,118,46,0.54548563904425884,-0.10641175751458468,0.36102918767066011,1.5722460583490565,-0.025429200048745493,3.0846376282433208,10,0.000000000000000000e+00,zone_bc_work_m_v1,0,1610,10,652,0
2,118,47,0.51553382270700721,-0.1064114037719657,0.35932199716277902,1.5722451359647449,-0.025393809404907319,3.0845946497899055,30,0.000000000000000000e+00,zone_bc_work_m_v1,0,1610,10,652,0
2,118,48,0.48558200637081117,-0.10641105002942383,0.35761480662388251,1.572244210542169,-0.025358418926965998,3.0845516713483789,30,0.000000000000000000e+00,zone_bc_work_m_v1,0,1610,10,652,0
2,118,49,0.45569462806208993,-0.10641254816081991,0.35590615730649605,1.5720898463440225,-0.025516815012456506,3.0909376646546756,30,0.000000000000000000e+00,zone_bc_work_m_v1,0,1610,10,652,0
2,118,50,0.42581443498626315,-0.10641424039009646,0.3541968680160491,1.5719160188833012,-0.02569447192970431,3.0980382426628266,30,0.000000000000000000e+00,zone_bc_work_m_v1,0,1610,10,652,0
2,118,51,0.39588761621427127,-0.10641251747352974,0.35303687536617584,1.5717897168124004,-0.025527185851174972,3.102693063059796,30,0.000000000000000000e+00,zone_bc_work_m_v1,0,1610,10,652,0
2,118,52,0.36592216529714516,-0.1064079714313533,0.35233212832589644,1.5717061290236813,-0.025075257015890751,3.1053218874401658,30,0.000000000000000000e+00,zone_bc_work_m_v1,0,1610,10,652,0
2,118,53,0.33595671700003549,-0.10640342318961296,0.35162731030248839,1.5716249191431086,-0.024622853573297299,3.1079505894745716,30,0.000000000000000000e+00,zone_bc_work_m_v1,0,1610,10,652,0
2,118,54,0.33207463495821243,-0.076398945860624984,0.35232451680739985,1.5715473364583223,-0.024177262994134807,3.1105369671758991,10,0.000000000000000000e+00,zone_bc_work_m_v1,0,1610,10,652,0
2,118,55,0.36203205655464066,-0.07640488692092326,0.35302909674685057,1.5716507905274057,-0.024768475003325907,3.1071047620197603,30,0.000000000000000000e+00,zone_bc_work_m_v1,0,1610,10,652,0
2,118,56,0.39198948229443764,-0.076410824287222887,0.35373355565364201,1.5717583017792238,-0.025358894176387814,3.1036723404596831,30,0.000000000000000000e+00,zone_bc_work_m_v1,0,1610,10,652,0
2,118,57,0.42192935398894149,-0.076414631077413073,0.35473553311843842,1.571875346251203,-0.025735327767292038,3.0996850011712471,30,0.000000000000000000e+00,zone_bc_work_m_v1,0,1610,10,652,0
2,118,58,0.45182743769740363,-0.07641336941236436,0.35644578952244443,1.572005960157278,-0.025603172334871749,3.0943771370577506,30,0.000000000000000000e+00,zone_bc_work_m_v1,0,1610,10,652,0
2,118,59,0.48172553447074873,-0.076412100837078126,0.35815576477624522,1.5721351646258261,-0.025469669219333912,3.0890693219822198,30,0.000000000000000000e+00,zone_bc_work_m_v1,0,1610,10,652,0
2,118,60,0.51163163374260856,-0.076411098165906466,0.35986510743503669,1.5722443366501744,-0.02536323477361635,3.08455751975707,30,0.000000000000000000e+00,zone_bc_work_m_v1,0,1610,10,652,0
2,118,61,0.54158370572904158,-0.076411662302007993,0.36157230718309347,1.5722458103809984,-0.025419674366202294,3.0846260602581044,30,0.000000000000000000e+00,zone_bc_work_m_v1,0,1610,10,652,0
2,118,62,0.54663889253033515,-0.076411757514584677,0.36186044128626921,1.5722460583490565,-0.025429200048745493,3.0846376282433208,30,0.000000000000000000e+00,zone_bc_work_m_v1,0,1610,10,652,0
2,118,63,0.54779214601641169,-0.046411757514584678,0.3626916949018783,1.5722460583490565,-0.025429200048745493,3.0846376282433208,10,0.000000000000000000e+00,zone_bc_work_m_v1,0,1610,10,652,0
2,118,64,0.51785972247145073,-0.046411490000018395,0.36098305787641183,1.5721966255784421,-0.025405168730767924,3.0865237654767697,30,0.000000000000000000e+00,zone_bc_work_m_v1,0,1610,10,652,0
2,118,65,0.48795093887636232,-0.046412506036593491,0.35927268654205224,1.5720941251408187,-0.025512378549050974,3.09076157157895,30,0.000000000000000000e+00,zone_bc_work_m_v1,0,1610,10,652,0
2,118,66,0.45804216458136371,-0.046413517691329433,0.35756213602940734,1.5719907193280305,-0.025618736588332691,3.0949994414561326,30,0.000000000000000000e+00,zone_bc_work_m_v1,0,1610,10,652,0
2,118,67,0.42813339844761544,-0.046414524936991039,0.35585140628365025,1.5718864162283674,-0.025724234258123646,3.0992373369970805,30,0.000000000000000000e+00,zone_bc_work_m_v1,0,1610,10,652,0
2,118,68,0.39820704634529158,-0.046410525420034716,0.35466815058693862,1.5717527914846605,-0.025329184941762506,3.1038451740619908,30,0.000000000000000000e+00,zone_bc_work_m_v1,0,1610,10,652,0
2,118,69,0.3682647123874363,-0.046401972158164266,0.35396425654110292,1.5715995193363668,-0.024478470422986565,3.1087889380317382,30,0.000000000000000000e+00,zone_bc_work_m_v1,0,1610,10,652,0
2,118,70,0.3383223863912177,-0.04639341134273281,0.353260111380515,1.5714546699811796,-0.023626143128897992,3.1137322377592507,30,0.000000000000000000e+00,zone_bc_work_m_v1,0,1610,10,652,0
2,118,71,0.32983080724336733,-0.016386094389203108,0.35368772210757465,1.5713390271508367,-0.022896989045325666,3.1178931962652698,10,0.000000000000000000e+00,zone_bc_work_m_v1,0,1610,10,652,0
2,118,72,0.35980141071586225,-0.016389236996569505,0.35452842373297583,1.5713873647700458,-0.023210240145995931,3.1161313324526914,30,0.000000000000000000e+00,zone_bc_work_m_v1,0,1610,10,652,0
2,118,73,0.38971757775740201,-0.016402238240818861,0.35525735822407517,1.5716041586028255,-0.024504948522747538,3.1086352164189712,30,0.000000000000000000e+00,zone_bc_work_m_v1,0,1610,10,652,0
2,118,74,0.41961998145807233,-0.016418234331693763,0.35612540426601003,1.5718728176311649,-0.026096191222729992,3.1003604579582089,30,0.000000000000000000e+00,zone_bc_work_m_v1,0,1610,10,652,0
2,118,75,0.4495168174894586,-0.016437862805265144,0.35783507327293085,1.5721062711311182,-0.028051387280536355,3.0949223926612248,30,0.000000000000000000e+00,zone_bc_work_m_v1,0,1610,10,652,0
2,118,76,0.47941366656194151,-0.01645747675981344,0.35954440920507824,1.5723609838904444,-0.030003414974511866,3.0894827043487894,30,0.000000000000000000e+00,zone_bc_work_m_v1,0,1610,10,652,0
2,118,77,0.50931053138996396,-0.016477075213487066,0.36125341222300839,1.5726369232225743,-0.031952010308398116,3.0840413819713177,30,0.000000000000000000e+00,zone_bc_work_m_v1,0,1610,10,652,0
2,118,78,0.53915180366455262,-0.016698378113863575,0.36314026191820786,1.5744471557571549,-0.054033180728645602,3.0740957261476387,30,0.000000000000000000e+00,zone_bc_work_m_v1,0,1610,10,652,0
2,118,79,0.54879937186371963,-0.016730379473350696,0.36380072129431773,1.5747288650058913,-0.057226562454550267,3.0729440628198939,30,0.000000000000000000e+00,zone_bc_work_m_v1,0,1610,10,652,0
2,118,80,0.54985129151898215,0.013269620526649277,0.36559971385706991,1.5747288650058913,-0.057226562454550267,3.0729440628198939,10,0.000000000000000000e+00,zone_bc_work_m_v1,0,1610,10,652,0
2,118,81,0.51992971853433789,0.013292443434700631,0.36354707507399947,1.5745271882375624,-0.054949089300373233,3.0737656699678757,30,0.000000000000000000e+00,zone_bc_work_m_v1,0,1610,10,652,0
2,118,82,0.49000814604041798,0.013315270879748058,0.3614943775307391,1.5743292789646057,-0.052671158874302293,3.0745861650373252,30,0.000000000000000000e+00,zone_bc_work_m_v1,0,1610,10,652,0
2,118,83,0.46008657396638242,0.013338102659594762,0.35944162121138318,1.5741351314088554,-0.0503927845003731,3.0754055671970209,30,0.000000000000000000e+00,zone_bc_work_m_v1,0,1610,10,652,0
2,118,84,0.43028131209150855,0.013539215010807137,0.35749604926706757,1.5724060591366738,-0.030332476079176551,3.0885646304191074,30,0.000000000000000000e+00,zone_bc_work_m_v1,0,1610,10,652,0
2,118,85,0.40058257613221104,0.013593518133419188,0.35628109345342501,1.5714384853520595,-0.024934484205990204,3.1158418409416884,30,0.000000000000000000e+00,zone_bc_work_m_v1,0,1610,10,652,0
2,118,86,0.37059737857195874,0.013483619958604046,0.35543661623830075,1.5717112547412535,-0.035926073281752124,3.1161257123561574,30,0.000000000000000000e+00,zone_bc_work_m_v1,0,1610,10,652,0
2,118,87,0.34061215245777121,0.013374753916066283,0.35459335743338916,1.5719752968400753,-0.046818873647117565,3.1164072539564662,30,0.000000000000000000e+00,zone_bc_work_m_v1,0,1610,10,652,0
2,118,88,0.31062488273599365,0.013336752540559514,0.35392332049875425,1.5720446467475049,-0.050622986164755801,3.1169279552991465,30,0.000000000000000000e+00,zone_bc_work_m_v1,0,1610,10,652,0
2,118,89,0.28063761338441084,0.013298757437276846,0.35325313615367593,1.5721100401830652,-0.05442728831800836,3.1174483758392428,30,0.000000000000000000e+00,zone_bc_work_m_v1,0,1610,10,652,0
2,118,90,0.25065034428602528,0.013260769447661334,0.35258280443266765,1.5721714773043338,-0.058231747858717542,3.1179685493478315,30,0.000000000000000000e+00,zone_bc_work_m_v1,0,1610,10,652,0
2,118,91,0.22066307532382079,0.013222789412880997,0.35191232537676997,1.5722289579312916,-0.062036332544206374,3.1184885096178778,30,0.000000000000000000e+00,zone_bc_work_m_v1,0,1610,10,652,0
2,118,92,0.19067580638077408,0.013184818173766809,0.35124169903354735,1.572282481545763,-0.06584101013782373,3.1190082904681731,30,0.000000000000000000e+00,zone_bc_work_m_v1,0,1610,10,652,0
2,118,93,0.16068853733986255,0.013146856570750551,0.35057092545708562,1.5723320472908044,-0.069645748409484787,3.119527925747275,30,0.000000000000000000e+00,zone_bc_work_m_v1,0,1610,10,652,0
2,118,94,0.13070126808407223,0.013108905443802917,0.34990000470798627,1.5723776539700385,-0.073450515136212813,3.1200474493374708,30,0.000000000000000000e+00,zone_bc_work_m_v1,0,1610,10,652,0
2,118,95,0.11790869700455664,0.043092900648044122,0.3518917925335408,1.571731381577667,-0.075066596413217779,3.1291252532262286,10,0.000000000000000000e+00,zone_bc_work_m_v1,0,1610,10,652,0
2,118,96,0.14783812131477303,0.043098097656173576,0.35250469443976673,1.5722064335411874,-0.074537938091062239,3.1226594009655759,30,0.000000000000000000e+00,zone_bc_work_m_v1,0,1610,10,652,0
2,118,97,0.17779627226049333,0.043101151214031581,0.35315140042486037,1.5724605639353646,-0.074226427156628638,3.1191547110824711,30,0.000000000000000000e+00,zone_bc_work_m_v1,0,1610,10,652,0
2,118,98,0.20777243238729626,0.043102849096235574,0.353819460667393,1.5725787140963776,-0.074053383584391286,3.1175063227989632,30,0.000000000000000000e+00,zone_bc_work_m_v1,0,1610,10,652,0
2,118,99,0.23774859309750873,0.043104548918077003,0.35448749381129085,1.5726962891814935,-0.073879960767020192,3.1158580113912961,30,0.000000000000000000e+00,zone_bc_work_m_v1,0,1610,10,652,0
2,118,100,0.26772475445796173,0.043106250672644286,0.35515549985746053,1.57281328783735,-0.073706160837171852,3.1142097790070893,30,0.000000000000000000e+00,zone_bc_work_m_v1,0,1610,10,652,0
2,118,101,0.29770091653548247,0.043107954353009993,0.35582347880702975,1.5729297087201379,-0.073531985933325883,3.112561627791365,30,0.000000000000000000e+00,zone_bc_work_m_v1,0,1610,10,652,0
2,118,102,0.32767707939689128,0.043109659952231004,0.35649143066134714,1.5730455504956298,-0.073357438199737945,3.110913559886531,30,0.000000000000000000e+00,zone_bc_work_m_v1,0,1610,10,652,0
2,118,103,0.35765324310900337,0.043111367463348468,0.35715935542198235,1.5731608118392035,-0.073182519786385791,3.1092655774323736,30,0.000000000000000000e+00,zone_bc_work_m_v1,0,1610,10,652,0
2,118,104,0.38762940773862531,0.04311307687938809,0.35782725309072549,1.5732754914358706,-0.073007232848925963,3.1076176825660431,30,0.000000000000000000e+00,zone_bc_work_m_v1,0,1610,10,652,0
2,118,105,0.41758727714767496,0.043120831403594476,0.35852749103370779,1.5734922626168601,-0.072221522537760263,3.1042487579683695,30,0.000000000000000000e+00,zone_bc_work_m_v1,0,1610,10,652,0
2,118,106,0.44730840445034459,0.043203745445775751,0.36028320484153564,1.5746282310928166,-0.063846303120932868,3.0816059826502817,30,0.000000000000000000e+00,zone_bc_work_m_v1,0,1610,10,652,0
2,118,107,0.47721296035672212,0.043222757779244322,0.36233734781243154,1.5746690810249402,-0.061935213487155361,3.0791046893613827,30,0.000000000000000000e+00,zone_bc_work_m_v1,0,1610,10,652,0
2,118,108,0.5071175200675897,0.043241773277284117,0.36439139210766547,1.5747003502714669,-0.06002424110276805,3.0766041183192625,30,0.000000000000000000e+00,zone_bc_work_m_v1,0,1610,10,652,0
2,118,109,0.53702208395386508,0.043260791657879195,0.36644533773361038,1.5747220457716056,-0.058113443094986561,3.0741042358133841,30,0.000000000000000000e+00,zone_bc_work_m_v1,0,1610,10,652,0
2,118,110,0.55090321117424423,0.043269620526649233,0.36739870641982197,1.5747288650058913,-0.057226562454550267,3.0729440628198939,30,0.000000000000000000e+00,zone_bc_work_m_v1,0,1610,10,652,0
2,118,111,0.55195513082950676,0.073269620526649273,0.36919769898257404,1.5747288650058913,-0.057226562454550267,3.0729440628198939,10,0.000000000000000000e+00,zone_bc_work_m_v1,0,1610,10,652,0
2,118,112,0.5220561498044527,0.073246353450177173,0.36714391343192088,1.5747064504130153,-0.059564022495467217,3.07600197982394,30,0.000000000000000000e+00,zone_bc_work_m_v1,0,1610,10,652,0
2,118,113,0.49215717516179303,0.073223090585943368,0.3650899802201053,1.574669710697465,-0.061901764077796573,3.0790609151200985,30,0.000000000000000000e+00,zone_bc_work_m_v1,0,1610,10,652,0
2,118,114,0.46225820622248381,0.073199832450281277,0.36303589933476804,1.5746186331209375,-0.064239682624698924,3.0821209304185264,30,0.000000000000000000e+00,zone_bc_work_m_v1,0,1610,10,652,0
2,118,115,0.43244718286433637,0.073146810858980504,0.36143431963010886,1.5739233254250298,-0.069597133683811929,3.0966564936101095,30,0.000000000000000000e+00,zone_bc_work_m_v1,0,1610,10,652,0
2,118,116,0.40257168237071994,0.073113752407866134,0.36036274284234782,1.5733206150234131,-0.072937915429505118,3.1069669949233614,30,0.000000000000000000e+00,zone_bc_work_m_v1,0,1610,10,652,0
2,118,117,0.37259808338861555,0.07311177467793159,0.35969492034445877,1.573188195075373,-0.07314077885402348,3.1088728438840354,30,0.000000000000000000e+00,zone_bc_work_m_v1,0,1610,10,652,0
2,118,118,0.34262448565508619,0.073109799493832534,0.3590270616085301,1.573054996553986,-0.073343150021749404,3.1107788106846188,30,0.000000000000000000e+00,zone_bc_work_m_v1,0,1610,10,652,0
2,118,119,0.31265088906678073,0.07310782686636226,0.35835916663173717,1.5729210214911891,-0.073545025596422064,3.1126848920195274,30,0.000000000000000000e+00,zone_bc_work_m_v1,0,1610,10,652,0
2,118,120,0.28267729352033544,0.073105856806286382,0.35769123541165077,1.5727862719361605,-0.073746402251926746,3.1145910845784597,30,0.000000000000000000e+00,zone_bc_work_m_v1,0,1610,10,652,0
2,118,121,0.25270369891237521,0.073103889324342392,0.3570232679462369,1.5726507499552633,-0.073947276672399642,3.1164973850464213,30,0.000000000000000000e+00,zone_bc_work_m_v1,0,1610,10,652,0
2,118,122,0.22273010513951386,0.073101924431239709,0.35635526423385666,1.5725144576319909,-0.074147645552329111,3.1184037901037502,30,0.000000000000000000e+00,zone_bc_work_m_v1,0,1610,10,652,0
2,118,123,0.19275815658757689,0.0730998528521552,0.35569134584249706,1.57236469121949,-0.074358735501128148,3.1204844571356398,30,0.000000000000000000e+00,zone_bc_work_m_v1,0,1610,10,652,0
2,118,124,0.16280658117632663,0.073096435756329639,0.3550783697076812,1.5720555749028193,-0.074707312013165605,3.1247228013430739,30,0.000000000000000000e+00,zone_bc_work_m_v1,0,1610,10,652,0
2,118,125,0.13285500899128033,0.073093031793701344,0.35446521521990981,1.5717434888825128,-0.075053292258014048,3.128961605235653,30,0.000000000000000000e+00,zone_bc_work_m_v1,0,1610,10,652,0
2,118,126,0.11588712847175842,0.10309040806575903,0.35638530576725846,1.5715000848538807,-0.075319091994345166,3.1322403969578767,10,0.000000000000000000e+00,zone_bc_work_m_v1,0,1610,10,652,0
2,118,127,0.14584949899866806,0.10309293106822884,0.35699867328829815,1.5717341905077395,-0.075063510588474713,3.1290872916430006,30,0.000000000000000000e+00,zone_bc_work_m_v1,0,1610,10,652,0
2,118,128,0.17581187066619486,0.10309546138854242,0.35761194213164282,1.5719666671180832,-0.074806476762125707,3.1259344188764429,30,0.000000000000000000e+00,zone_bc_work_m_v1,0,1610,10,652,0
2,118,129,0.20577424393973875,0.103097998989144,0.3582251123009752,1.5721975046130381,-0.074548002101750388,3.1227817943891298,30,0.000000000000000000e+00,zone_bc_work_m_v1,0,1610,10,652,0
2,118,130,0.23573793401181531,0.10310050585799618,0.3588475738296808,1.5724154694463532,-0.074292152136493206,3.1197817702751358,30,0.000000000000000000e+00,zone_bc_work_m_v1,0,1610,10,652,0
2,118,131,0.26570800775150349,0.10310283352285178,0.35951554693632098,1.5725776336180406,-0.074054971608392917,3.1175214333045025,30,0.000000000000000000e+00,zone_bc_work_m_v1,0,1610,10,652,0
2,118,132,0.29567808258700534,0.1031051648348613,0.36018346909029747,1.5727387165179749,-0.073817077962122779,3.1152612408436093,30,0.000000000000000000e+00,zone_bc_work_m_v1,0,1610,10,652,0
2,118,133,0.32564815869062791,0.10310749977619758,0.36085134029404869,1.5728987146611626,-0.073578476698904938,3.1130011984284334,30,0.000000000000000000e+00,zone_bc_work_m_v1,0,1610,10,652,0
2,118,134,0.35561823623466071,0.10310983832897752,0.36151916055079408,1.573057624596423,-0.073339173340487118,3.1107413115857421,30,0.000000000000000000e+00,zone_bc_work_m_v1,0,1610,10,652,0
2,118,135,0.38558831539137151,0.10311218047526276,0.36218692986453405,1.5732154429065115,-0.073099173428903264,3.108481585833041,30,0.000000000000000000e+00,zone_bc_work_m_v1,0,1610,10,652,0
2,118,136,0.41555839633300096,0.10311452619706002,0.36285464824004982,1.5733721662082525,-0.072858482526234392,3.1062220266785152,30,0.000000000000000000e+00,zone_bc_work_m_v1,0,1610,10,652,0
2,118,137,0.44541725067036486,0.10315116788798544,0.36424707029739339,1.5739916384721586,-0.069156816271928712,3.0953847041178313,30,0.000000000000000000e+00,zone_bc_work_m_v1,0,1610,10,652,0
2,118,138,0.47526628640628688,0.10319093359517997,0.36570242248663953,1.5745624677203667,-0.065136264586086234,3.0837964962548927,30,0.000000000000000000e+00,zone_bc_work_m_v1,0,1610,10,652,0
2,118,139,0.50515318751336191,0.10322166299328339,0.36770875702338346,1.5746669889603531,-0.062045248101105788,3.0792486896012381,30,0.000000000000000000e+00,zone_bc_work_m_v1,0,1610,10,652,0
2,118,140,0.53504336481253656,0.10325161584347675,0.36976251967314605,1.5747127735157072,-0.059035287705740958,3.0753102274749988,30,0.000000000000000000e+00,zone_bc_work_m_v1,0,1610,10,652,0
2,118,141,0.55300705048476906,0.1032696205266493,0.37099669154532622,1.5747288650058913,-0.057226562454550267,3.0729440628198939,30,0.000000000000000000e+00,zone_bc_work_m_v1,0,1610,10,652,0
2,118,142,0.55405897014003136,0.13326962052664926,0.37279568410807828,1.5747288650058913,-0.057226562454550267,3.0729440628198939,10,0.000000000000000000e+00,zone_bc_work_m_v1,0,1610,10,652,0
2,118,143,0.52418468699672705,0.13322757381166106,0.37074234487459606,1.5746779067549426,-0.061451181499624363,3.0784712678723558,30,0.000000000000000000e+00,zone_bc_work_m_v1,0,1610,10,652,0
2,118,144,0.49430924700087786,0.13318816767351938,0.36881034489249465,1.5745258278322596,-0.065416006883413313,3.0846014341534702,30,0.000000000000000000e+00,zone_bc_work_m_v1,0,1610,10,652,0
2,118,145,0.46442923979129436,0.13315906203799305,0.36735417390946862,1.5741125025324112,-0.068358924811525279,3.0930815302610122,30,0.000000000000000000e+00,zone_bc_work_m_v1,0,1610,10,652,0
2,118,146,0.43454926780758196,0.13312999945829651,0.36589720523638913,1.5736490301034154,-0.07129560872157481,3.1015676859363248,30,0.000000000000000000e+00,zone_bc_work_m_v1,0,1610,10,652,0
2,118,147,0.40462906157174716,0.13311335310401198,0.36481373108267778,1.5732939559188752,-0.072978892079407887,3.1073515792724677,30,0.000000000000000000e+00,zone_bc_work_m_v1,0,1610,10,652,0
2,118,148,0.37466410426860697,0.13311047543999821,0.36414611017130316,1.5731006865565331,-0.073273920888640376,3.1101262617517409,30,0.000000000000000000e+00,zone_bc_work_m_v1,0,1610,10,652,0
2,118,149,0.34469914946772562,0.13310760318684117,0.36347841245068624,1.5729057698660158,-0.073567901725779317,3.1129011893814358,30,0.000000000000000000e+00,zone_bc_work_m_v1,0,1610,10,652,0
2,118,150,0.31473419685016779,0.13310473637776871,0.36281063791319174,1.5727092121641624,-0.073860824324212704,3.1156763519489585,30,0.000000000000000000e+00,zone_bc_work_m_v1,0,1610,10,652,0
2,118,151,0.2847692460969482,0.13310187504588306,0.36214278655295989,1.5725110198449852,-0.074152678463424326,3.1184517392206481,30,0.000000000000000000e+00,zone_bc_work_m_v1,0,1610,10,652,0
2,118,152,0.2548028385117429,0.13309933498847126,0.36149577646402714,1.5723181119682064,-0.074411642484094598,3.1211257092857405,30,0.000000000000000000e+00,zone_bc_work_m_v1,0,1610,10,652,0
2,118,153,0.22483406992451793,0.13309731130734365,0.36088258439214038,1.5721351759289288,-0.074618116508352594,3.1236352301491603,30,0.000000000000000000e+00,zone_bc_work_m_v1,0,1610,10,652,0
2,118,154,0.19486530257008683,0.13309529222227989,0.36026932979356668,1.5719511965692887,-0.074823682865580832,3.126144915605694,30,0.000000000000000000e+00,zone_bc_work_m_v1,0,1610,10,652,0
2,118,155,0.16489653621369604,0.13309327775231586,0.35965601266521996,1.5717661789280843,-0.07502833567600975,3.1286547577317867,30,0.000000000000000000e+00,zone_bc_work_m_v1,0,1610,10,652,0
2,118,156,0.13492777062057226,0.1330912679164008,0.35904263300519046,1.5715801280843738,-0.075232069093277509,3.1311647485923735,30,0.000000000000000000e+00,zone_bc_work_m_v1,0,1610,10,652,0
2,118,157,0.11384456951751676,0.16308960598368114,0.36087869735665834,1.571425177272368,-0.075400192727742343,3.1332447678982769,10,0.000000000000000000e+00,zone_bc_work_m_v1,0,1610,10,652,0
2,118,158,0.14381756297242609,0.16309127182481323,0.36149214808616348,1.5715804913051628,-0.07523167334398928,3.1311598617801364,30,0.000000000000000000e+00,zone_bc_work_m_v1,0,1610,10,652,0
2,118,159,0.17379055679224775,0.16309294087594942,0.36210555567473846,1.5717350960589473,-0.075062515670959007,3.1290750528020985,30,0.000000000000000000e+00,zone_bc_work_m_v1,0,1610,10,652,0
2,118,160,0.20376355111152189,0.16309461312628562,0.36271892012274792,1.5718889885984539,-0.074892723037858655,3.1269903455182346,30,0.000000000000000000e+00,zone_bc_work_m_v1,0,1610,10,652,0
2,118,161,0.23373654606478222,0.16309628856497591,0.36333224143111603,1.572042166007436,-0.074722298789970498,3.1249057444772159,30,0.000000000000000000e+00,zone_bc_work_m_v1,0,1610,10,652,0
2,118,162,0.26370954178655515,0.16309796718113315,0.36394551960132715,1.5721946253887717,-0.07455124628852916,3.1228212542222566,30,0.000000000000000000e+00,zone_bc_work_m_v1,0,1610,10,652,0
2,118,163,0.29368253841135505,0.163099648963829,0.36455875463542559,1.5723463638645603,-0.074379568910595273,3.1207368792910612,30,0.000000000000000000e+00,zone_bc_work_m_v1,0,1610,10,652,0
2,118,164,0.32364376057920441,0.16310279956089702,0.36521163609447926,1.5725752771374122,-0.074058434669207918,3.1175543863993616,30,0.000000000000000000e+00,zone_bc_work_m_v1,0,1610,10,652,0
2,118,165,0.35360056361691949,0.16310650890667466,0.36587930388887063,1.5728309798941404,-0.073679771831512308,3.1139598368166954,30,0.000000000000000000e+00,zone_bc_work_m_v1,0,1610,10,652,0
2,118,166,0.38355737011313029,0.16311022740635464,0.36654684281544059,1.5730839338618878,-0.073299327203671272,3.1103656748062676,30,0.000000000000000000e+00,zone_bc_work_m_v1,0,1610,10,652,0
2,118,167,0.41351418076083202,0.16311395498780445,0.36721425288987647,1.5733341252764514,-0.072917123069158096,3.1067719225683064,30,0.000000000000000000e+00,zone_bc_work_m_v1,0,1610,10,652,0
2,118,168,0.44342406538938461,0.16313293200754908,0.36851053528755451,1.573698104010802,-0.070999386812606424,3.1007105179087224,30,0.000000000000000000e+00,zone_bc_work_m_v1,0,1610,10,652,0
2,118,169,0.47332191508986132,0.16315584887691564,0.36996786629463163,1.574063759016006,-0.068683708532661036,3.0940188258436248,30,0.000000000000000000e+00,zone_bc_work_m_v1,0,1610,10,652,0
2,118,170,0.50321978599717654,0.16317879275807246,0.37142470128092259,1.5743982358780806,-0.06636408754159806,3.0873309030596006,30,0.000000000000000000e+00,zone_bc_work_m_v1,0,1610,10,652,0
2,118,171,0.53309731366736912,0.16321760441711411,0.3730802218947557,1.5746589559419075,-0.062453179481482213,3.0797825585616048,30,0.000000000000000000e+00,zone_bc_work_m_v1,0,1610,10,652,0
2,118,172,0.55511088979529366,0.16326962052664923,0.37459467667083035,1.5747288650058913,-0.057226562454550267,3.0729440628198939,30,0.000000000000000000e+00,zone_bc_work_m_v1,0,1610,10,652,0
2,118,173,0.55616280945055596,0.19326962052664926,0.37639366923358253,1.5747288650058913,-0.057226562454550267,3.0729440628198939,10,0.000000000000000000e+00,zone_bc_work_m_v1,0,1610,10,652,0
2,118,174,0.52634567603792015,0.19318170459242245,0.37473163549857508,1.574438428737523,-0.066069630429269166,3.0864829372760672,30,0.000000000000000000e+00,zone_bc_work_m_v1,0,1610,10,652,0
2,118,175,0.49643616780266275,0.19316276095690998,0.37327456820671467,1.5741678473331437,-0.067985012695689351,3.0920028178887633,30,0.000000000000000000e+00,zone_bc_work_m_v1,0,1610,10,652,0
2,118,176,0.46652667503799439,0.19314383537505075,0.37181716296803935,1.5738760170789858,-0.069897805870635876,3.0975252647162321,30,0.000000000000000000e+00,zone_bc_work_m_v1,0,1610,10,652,0
2,118,177,0.43661719494738516,0.19312492880864152,0.37035941971934389,1.5735629525935495,-0.071807743366256283,3.1030502832332996,30,0.000000000000000000e+00,zone_bc_work_m_v1,0,1610,10,652,0
2,118,178,0.40669284962807528,0.19311228532275571,0.36926488328409979,1.5732224765332683,-0.073088422085879179,3.1083805125254997,30,0.000000000000000000e+00,zone_bc_work_m_v1,0,1610,10,652,0
2,118,179,0.37675101426393187,0.19310700492181732,0.36859773188837464,1.5728649169683058,-0.073629072438562204,3.1134798739829881,30,0.000000000000000000e+00,zone_bc_work_m_v1,0,1610,10,652,0
2,118,180,0.3468091860484428,0.19310174292938237,0.36793032107061552,1.5725018200699994,-0.074166141829312693,3.1185800216349699,30,0.000000000000000000e+00,zone_bc_work_m_v1,0,1610,10,652,0
2,118,181,0.31684382517025478,0.19309911728591236,0.3673001516230775,1.5722985022288083,-0.07443387536561441,3.1213953965077121,30,0.000000000000000000e+00,zone_bc_work_m_v1,0,1610,10,652,0
2,118,182,0.28686782589110749,0.19309767978542142,0.36668686644899795,1.5721685942882928,-0.074580553661311111,3.123177852362601,30,0.000000000000000000e+00,zone_bc_work_m_v1,0,1610,10,652,0
2,118,183,0.25689182725548432,0.19309624460187497,0.36607354973075318,1.5720381595344701,-0.074726774583993016,3.1249603919822713,30,0.000000000000000000e+00,zone_bc_work_m_v1,0,1610,10,652,0
2,118,184,0.22691582917926767,0.19309481174210436,0.36546020146709934,1.5719071997681757,-0.074872536022844827,3.1267430125288058,30,0.000000000000000000e+00,zone_bc_work_m_v1,0,1610,10,652,0
2,118,185,0.19693983157833417,0.19309338121291889,0.36484682165709231,1.5717757168005217,-0.075017835875516248,3.128525711161342,30,0.000000000000000000e+00,zone_bc_work_m_v1,0,1610,10,652,0
2,118,186,0.16696383436855622,0.19309195302110577,0.36423341030008699,1.5716437124528533,-0.075162672048178392,3.1303084850360969,30,0.000000000000000000e+00,zone_bc_work_m_v1,0,1610,10,652,0
2,118,187,0.1369878374658029,0.19309052717343003,0.36361996739573782,1.5715111885567028,-0.075307042455582396,3.1320913313063903,30,0.000000000000000000e+00,zone_bc_work_m_v1,0,1610,10,652,0
2,118,188,0.021988896023474869,0.22309106530705816,0.36544577158114988,1.5701175589065963,-0.075253407381555837,-3.1325646157444851,10,0.000000000000000000e+00,zone_bc_work_m_v1,0,1610,10,652,0
2,118,189,0.051977644815498714,0.223090662099793,0.3652536971690305,1.5701976557636026,-0.075294522441799794,-3.1336342460268281,30,0.000000000000000000e+00,zone_bc_work_m_v1,0,1610,10,652,0
2,118,190,0.081966393544975258,0.22309025974043309,0.36506161145991206,1.5702778409262783,-0.075335467461730143,-3.1347038867611849,30,0.000000000000000000e+00,zone_bc_work_m_v1,0,1610,10,652,0
2,118,191,0.11181565366390012,0.22308921090552652,0.3653724539415294,1.5713881943587804,-0.075440113209866322,3.1337398388174735,30,0.000000000000000000e+00,zone_bc_work_m_v1,0,1610,10,652,0
2,118,192,0.14179389364451378,0.22309045431068969,0.36598593371565208,1.5715043966065962,-0.075314413812586745,3.1321825179943881,30,0.000000000000000000e+00,zone_bc_work_m_v1,0,1610,10,652,0
2,118,193,0.17177213379189848,0.22309169950971483,0.36659938942075898,1.5716202039429974,-0.075188357395336691,3.1306252501200622,30,0.000000000000000000e+00,zone_bc_work_m_v1,0,1610,10,652,0
2,118,194,0.20175037416212205,0.22309294649811032,0.36721282105685804,1.5717356151398993,-0.075061945341335479,3.1290680370936865,30,0.000000000000000000e+00,zone_bc_work_m_v1,0,1610,10,652,0
2,118,195,0.23172861481125073,0.22309419527137148,0.36782622862413145,1.5718506289751186,-0.074935179038835287,3.1275108808127818,30,0.000000000000000000e+00,zone_bc_work_m_v1,0,1610,10,652,0
2,118,196,0.26170685579534947,0.22309544582498059,0.36843961212293563,1.571965244232389,-0.074808059881091626,3.1259537831731889,30,0.000000000000000000e+00,zone_bc_work_m_v1,0,1610,10,652,0
2,118,197,0.29168509717048008,0.22309669815440714,0.36905297155380157,1.5720794597013934,-0.074680589266334696,3.1243967460690558,30,0.000000000000000000e+00,zone_bc_work_m_v1,0,1610,10,652,0
2,118,198,0.32166333899270261,0.22309795225510778,0.36966630691743402,1.5721932741777787,-0.074552768597740959,3.1228397713928224,30,0.000000000000000000e+00,zone_bc_work_m_v1,0,1610,10,652,0
2,118,199,0.35164158131807155,0.2230992081225264,0.37027961821471239,1.5723066864631843,-0.074424599283403614,3.1212828610352101,30,0.000000000000000000e+00,zone_bc_work_m_v1,0,1610,10,652,0
2,118,200,0.38159911073226116,0.22310267334019368,0.37090815651246856,1.5725665167149687,-0.0740713046108461,3.1176768645058512,30,0.000000000000000000e+00,zone_bc_work_m_v1,0,1610,10,652,0
2,118,201,0.41150438604700668,0.22311174474809564,0.37157467615689965,1.5731861838096308,-0.073143847102467463,3.108901705659076,30,0.000000000000000000e+00,zone_bc_work_m_v1,0,1610,10,652,0
2,118,202,0.44141972573390764,0.22310835753713099,0.3727730255148447,1.5736281656840578,-0.073467985342241748,3.1030317681350894,30,0.000000000000000000e+00,zone_bc_work_m_v1,0,1610,10,652,0
2,118,203,0.47133994117585365,0.22309892920076027,0.3742291907881698,1.5739963470711533,-0.074399204448102108,3.0985678838680348,30,0.000000000000000000e+00,zone_bc_work_m_v1,0,1610,10,652,0
2,118,204,0.50126016503803794,0.22308951798830892,0.37568515115998985,1.5743728925978091,-0.075326934269614121,3.0941026824519735,30,0.000000000000000000e+00,zone_bc_work_m_v1,0,1610,10,652,0
2,118,205,0.53119077035684437,0.22307314026896796,0.37717461468619906,1.57470108714051,-0.076955371434620723,3.0908453046628797,30,0.000000000000000000e+00,zone_bc_work_m_v1,0,1610,10,652,0
2,118,206,0.55734677588563075,0.22304857957807864,0.37852492454777131,1.574910468628091,-0.07941151526414103,3.0897764185206924,30,0.000000000000000000e+00,zone_bc_work_m_v1,0,1610,10,652,0
2,118,207,0.55832791246105407,0.25304857957807869,0.38096941519781025,1.574910468628091,-0.07941151526414103,3.0897764185206924,10,0.000000000000000000e+00,zone_bc_work_m_v1,0,1610,10,652,0
2,118,208,0.52837201537291079,0.25305822959915591,0.37942149630625682,1.574827560419672,-0.078446470003566082,3.090196597249379,30,0.000000000000000000e+00,zone_bc_work_m_v1,0,1610,10,652,0
2,118,209,0.49841611837546895,0.25306788069724501,0.37787356637365688,1.5747454731602866,-0.077481334950902925,3.09061655326679,30,0.000000000000000000e+00,zone_bc_work_m_v1,0,1610,10,652,0
2,118,210,0.46846022146191291,0.25307753285626877,0.37632562539839698,1.5746642063189944,-0.076516111359230088,3.0910362883438269,30,0.000000000000000000e+00,zone_bc_work_m_v1,0,1610,10,652,0
2,118,211,0.43855966982449646,0.25309604920357603,0.3748143314611051,1.5741106170235379,-0.074683299930426772,3.0972024605705064,30,0.000000000000000000e+00,zone_bc_work_m_v1,0,1610,10,652,0
2,118,212,0.4088100519473068,0.25310019100924719,0.37371687708147189,1.5723934319999993,-0.074324207624974603,3.1200877959485203,30,0.000000000000000000e+00,zone_bc_work_m_v1,0,1610,10,652,0
2,118,213,0.3788237824098073,0.25306894449327244,0.3731009984251939,1.5724033804874282,-0.077458374483359904,3.1208275395015348,30,0.000000000000000000e+00,zone_bc_work_m_v1,0,1610,10,652,0
2,118,214,0.34883673051333086,0.25303770818592786,0.37248514060318794,1.5724149778577039,-0.080592207412150563,3.1214891252971291,30,0.000000000000000000e+00,zone_bc_work_m_v1,0,1610,10,652,0
2,118,215,0.3188493364712579,0.25300965721265151,0.37188291753882807,1.5724168029895651,-0.083407280870353429,3.122144070096061,30,0.000000000000000000e+00,zone_bc_work_m_v1,0,1610,10,652,0
2,118,216,0.28886088889804551,0.25299139501295581,0.37132293187436677,1.5723983466486047,-0.085240702723646811,3.1227780076137872,30,0.000000000000000000e+00,zone_bc_work_m_v1,0,1610,10,652,0
2,118,217,0.25887244146678356,0.25297313574437813,0.37076290873109224,1.5723775451033069,-0.08707412709205542,3.1234122236455057,30,0.000000000000000000e+00,zone_bc_work_m_v1,0,1610,10,652,0
2,118,218,0.22888399414164806,0.25295487950992235,0.3702028481169245,1.5723543963246813,-0.088907547571070777,3.124046727888909,30,0.000000000000000000e+00,zone_bc_work_m_v1,0,1610,10,652,0
2,118,219,0.19889554688681299,0.25293662641255904,0.3696427500402058,1.5723288982402535,-0.090740957752297291,3.1246815300552839,30,0.000000000000000000e+00,zone_bc_work_m_v1,0,1610,10,652,0
2,118,220,0.16890709966645145,0.25291837655522331,0.36908261450970148,1.5723010487339768,-0.092574351223378093,3.1253166398697245,30,0.000000000000000000e+00,zone_bc_work_m_v1,0,1610,10,652,0
2,118,221,0.13891865244473722,0.25290013004081296,0.36852244153459907,1.5722708456461461,-0.09440772156791577,3.1259520670713417,30,0.000000000000000000e+00,zone_bc_work_m_v1,0,1610,10,652,0
2,118,222,0.10899668834166421,0.25282872816727003,0.36810753732614149,1.5716151010951824,-0.10159054581659155,3.1335193950563305,30,0.000000000000000000e+00,zone_bc_work_m_v1,0,1610,10,652,0
2,118,223,0.079055664774885237,0.25282733634545107,0.3679847261667718,1.5710136375042019,-0.10173350713999962,3.1394528897098697,30,0.000000000000000000e+00,zone_bc_work_m_v1,0,1610,10,652,0
2,118,224,0.04911626794835211,0.25287272468980682,0.36803635295216247,1.5704119495143618,-0.097171602730151019,-3.1376307877394694,30,0.000000000000000000e+00,zone_bc_work_m_v1,0,1610,10,652,0
2,118,225,0.019119129118689182,0.25287432230173473,0.36820577379197128,1.5703892883253352,-0.097010992136872254,-3.1373902922513692,30,0.000000000000000000e+00,zone_bc_work_m_v1,0,1610,10,652,0
2,118,226,0.019984701267378391,0.28286484422190378,0.37107601643129773,1.5704931191300444,-0.097963705517358113,-3.1384926052788513,10,0.000000000000000000e+00,zone_bc_work_m_v1,0,1610,10,652,0
2,118,227,0.049946765271187799,0.28282940741689855,0.37100787301069887,1.5708696728154323,-0.10152553070246739,3.1408689719645326,30,0.000000000000000000e+00,zone_bc_work_m_v1,0,1610,10,652,0
2,118,228,0.079917477042508178,0.28282768932492303,0.37111820941832607,1.5711677777155453,-0.10169758107759508,3.1379338612264434,30,0.000000000000000000e+00,zone_bc_work_m_v1,0,1610,10,652,0
2,118,229,0.10988880069338602,0.28282836297371022,0.37124110157586282,1.5714589062702078,-0.10162839016155867,3.1350618793877612,30,0.000000000000000000e+00,zone_bc_work_m_v1,0,1610,10,652,0
2,118,230,0.13985113050510778,0.28284733828663178,0.37146792929465466,1.5718141394802068,-0.099718176687894511,3.1313691786212194,30,0.000000000000000000e+00,zone_bc_work_m_v1,0,1610,10,652,0
2,118,231,0.16980106595130673,0.28289155632268131,0.37183778811888124,1.5722272838777478,-0.095269731240324118,3.1265509725612644,30,0.000000000000000000e+00,zone_bc_work_m_v1,0,1610,10,652,0
2,118,232,0.1997886239194766,0.2829017683924836,0.37237955483402746,1.5722829956514062,-0.094242944183967614,3.1257957247055046,30,0.000000000000000000e+00,zone_bc_work_m_v1,0,1610,10,652,0
2,118,233,0.22977998133229982,0.28290854445057861,0.37293870103575077,1.5723045496886003,-0.093561909625048401,3.1254504483293184,30,0.000000000000000000e+00,zone_bc_work_m_v1,0,1610,10,652,0
2,118,234,0.25977133875925618,0.28291532101657452,0.37349784144860992,1.5723256280835618,-0.092880864025338905,3.1251052448784624,30,0.000000000000000000e+00,zone_bc_work_m_v1,0,1610,10,652,0
2,118,235,0.28976269620334705,0.28292209808456437,0.37405697607209432,1.5723462310084799,-0.092199807909695286,3.1247601136317207,30,0.000000000000000000e+00,zone_bc_work_m_v1,0,1610,10,652,0
2,118,236,0.31975405366757292,0.28292887564864033,0.3746161049057033,1.5723663586345049,-0.091518741802782744,3.1244150538682529,30,0.000000000000000000e+00,zone_bc_work_m_v1,0,1610,10,652,0
2,118,237,0.34974541115493474,0.28293565370289359,0.3751752279489467,1.5723860111317505,-0.09083766622907441,3.1240700648675865,30,0.000000000000000000e+00,zone_bc_work_m_v1,0,1610,10,652,0
2,118,238,0.37973676866843364,0.28294243224141474,0.37573434520134419,1.5724051886692929,-0.090156581712853789,3.123725145909622,30,0.000000000000000000e+00,zone_bc_work_m_v1,0,1610,10,652,0
2,118,239,0.40969083337213674,0.28291627012890752,0.37630531060130967,1.5728306456855998,-0.092775858470294459,3.1196374200745041,30,0.000000000000000000e+00,zone_bc_work_m_v1,0,1610,10,652,0
2,118,240,0.4394466071134755,0.2829812879243217,0.37723929492416636,1.5746700901593238,-0.086183357059514076,3.0966191553963895,30,0.000000000000000000e+00,zone_bc_work_m_v1,0,1610,10,652,0
2,118,241,0.46936805716253938,0.28301624449140705,0.37876139274305454,1.5748426462987015,-0.082663228164242764,3.0926263184284015,30,0.000000000000000000e+00,zone_bc_work_m_v1,0,1610,10,652,0
2,118,242,0.49931854152105415,0.28302701095299748,0.38031070721511939,1.5748673028121229,-0.081580394887711849,3.0916770787267378,30,0.000000000000000000e+00,zone_bc_work_m_v1,0,1610,10,652,0
2,118,243,0.52926902632701922,0.28303777859463747,0.38186000106888712,1.5748898905075719,-0.080497567938351944,3.0907280590327253,30,0.000000000000000000e+00,zone_bc_work_m_v1,0,1610,10,652,0
2,118,244,0.55921951160990346,0.2830485473829385,0.38340927430314831,1.5749104103827498,-0.079414752335623451,3.0897792546674552,30,0.000000000000000000e+00,zone_bc_work_m_v1,0,1610,10,652,0
2,118,245,0.55930904903647738,0.28304857957807861,0.38341390584784918,1.574910468628091,-0.07941151526414103,3.0897764185206924,30,0.000000000000000000e+00,zone_bc_work_m_v1,0,1610,10,652,0
2,118,246,0.56029018561190091,0.31304857957807863,0.38585839649788822,1.574910468628091,-0.07941151526414103,3.0897764185206924,10,0.000000000000000000e+00,zone_bc_work_m_v1,0,1610,10,652,0
2,118,247,0.53034350177467182,0.31303350366425436,0.38430896622763105,1.5748811706787764,-0.080927452933985178,3.0911047971252215,30,0.000000000000000000e+00,zone_bc_work_m_v1,0,1610,10,652,0
2,118,248,0.5003968188492649,0.31301843002384411,0.38275949554447636,1.5748478190662234,-0.08244340893747637,3.0924336014103786,30,0.000000000000000000e+00,zone_bc_work_m_v1,0,1610,10,652,0
2,118,249,0.47046654367615881,0.312989091811468,0.38126065616133459,1.574717444827864,-0.085397125719414602,3.095652631195728,30,0.000000000000000000e+00,zone_bc_work_m_v1,0,1610,10,652,0
2,118,250,0.4406025423083777,0.31291827116493115,0.38002584171706849,1.5740191632981198,-0.092541186856659241,3.1067309364374269,30,0.000000000000000000e+00,zone_bc_work_m_v1,0,1610,10,652,0
2,118,251,0.41070740921710991,0.31290498716560611,0.37916389096945213,1.5731934456782051,-0.093900825130865062,3.1160324203052268,30,0.000000000000000000e+00,zone_bc_work_m_v1,0,1610,10,652,0
2,118,252,0.38075916396078724,0.31292219163482854,0.37850454973174325,1.5727371620711694,-0.092183031120447012,3.1205117531766668,30,0.000000000000000000e+00,zone_bc_work_m_v1,0,1610,10,652,0
2,118,253,0.35079615764071326,0.31294355319311723,0.37791894958664002,1.5724083141328959,-0.090043956116736545,3.1236681164877194,30,0.000000000000000000e+00,zone_bc_work_m_v1,0,1610,10,652,0
2,118,254,0.32080668030975734,0.31293307216534616,0.37735952841214904,1.5723785823176861,-0.091097060788976503,3.1242014485918288,30,0.000000000000000000e+00,zone_bc_work_m_v1,0,1610,10,652,0
2,118,255,0.29081720303855652,0.31292259230074093,0.37680009339337117,1.572347714817345,-0.092150143604117218,3.1247349488093517,30,0.000000000000000000e+00,zone_bc_work_m_v1,0,1610,10,652,0
2,118,256,0.26082772581601765,0.31291211362114546,0.37624064453210598,1.5723157110043431,-0.093203202623583392,3.1252686198031769,30,0.000000000000000000e+00,zone_bc_work_m_v1,0,1610,10,652,0
2,118,257,0.23083824863104807,0.31290163614839861,0.37568118183021137,1.5722825702452188,-0.094256235907708374,3.1258024642383129,30,0.000000000000000000e+00,zone_bc_work_m_v1,0,1610,10,652,0
2,118,258,0.20085866237443972,0.31288320693771199,0.37520292675817435,1.5721526266795385,-0.096109681082269471,3.1274598362393711,30,0.000000000000000000e+00,zone_bc_work_m_v1,0,1610,10,652,0
2,118,259,0.17089244765988765,0.31285403925415234,0.37483433021874119,1.5718795676379613,-0.099044029603821748,3.1306382230377183,30,0.000000000000000000e+00,zone_bc_work_m_v1,0,1610,10,652,0
2,118,260,0.14092427141235064,0.31282869738709052,0.3744982016283453,1.5716019797482064,-0.10159374442947189,3.1336490176498488,30,0.000000000000000000e+00,zone_bc_work_m_v1,0,1610,10,652,0
2,118,261,0.11094327310853336,0.31282824944092669,0.37437531895266724,1.571410116572743,-0.10164010786482058,3.1355434624032847,30,0.000000000000000000e+00,zone_bc_work_m_v1,0,1610,10,652,0
2,118,262,0.080962275040695975,0.31282780505964886,0.37425240128300585,1.5712180761718297,-0.10168575192561247,3.1374379450387346,30,0.000000000000000000e+00,zone_bc_work_m_v1,0,1610,10,652,0
2,118,263,0.050981277109906076,0.31282736424560664,0.3741294486190479,1.5710258616320427,-0.1017306758637313,3.1393324617590013,30,0.000000000000000000e+00,zone_bc_work_m_v1,0,1610,10,652,0
2,118,264,0.021002228379967791,0.31283460126687751,0.37406772762820845,1.5708127350505912,-0.10100349632948014,3.1414299246933721,30,0.000000000000000000e+00,zone_bc_work_m_v1,0,1610,10,652,0
2,118,265,0.018021042124329201,0.34282716124345031,0.37712420206967262,1.570936758009096,-0.10175124308339423,3.1402101275813132,10,0.000000000000000000e+00,zone_bc_work_m_v1,0,1610,10,652,0
2,118,266,0.048006801231191387,0.34282748854991046,0.37724717391148072,1.5710802391268652,-0.10171804404022855,3.1387966720230045,30,0.000000000000000000e+00,zone_bc_work_m_v1,0,1610,10,652,0
2,118,267,0.07799256037484259,0.34282781784289224,0.37737012627474908,1.5712236245488658,-0.10168444386854092,3.1373832339206533,30,0.000000000000000000e+00,zone_bc_work_m_v1,0,1610,10,652,0
2,118,268,0.10797831959636817,0.34282814912143283,0.37749305915947828,1.5713669129919179,-0.10165044287358715,3.1359698148516824,30,0.000000000000000000e+00,zone_bc_work_m_v1,0,1610,10,652,0
2,118,269,0.13796407893685192,0.34282848238455804,0.37761597256578344,1.5715101031740686,-0.10161604136541258,3.1345564163930471,30,0.000000000000000000e+00,zone_bc_work_m_v1,0,1610,10,652,0
2,118,270,0.16794776137874745,0.34283267287377328,0.37778303435594862,1.5716674252265159,-0.10119359028137875,3.1329699187194144,30,0.000000000000000000e+00,zone_bc_work_m_v1,0,1610,10,652,0
2,118,271,0.19792198718852649,0.34285442294267998,0.37815112411117857,1.5718832834459455,-0.099005428929594297,3.130596378134161,30,0.000000000000000000e+00,zone_bc_work_m_v1,0,1610,10,652,0
2,118,272,0.22789621351849387,0.34287618264375108,0.37851911121392456,1.5720886099024241,-0.096816334808304427,3.1282247876139109,30,0.000000000000000000e+00,zone_bc_work_m_v1,0,1610,10,652,0
2,118,273,0.25787138997777626,0.3428980926593071,0.37890768555404736,1.5722711037220756,-0.094612394220032758,3.1259830646588438,30,0.000000000000000000e+00,zone_bc_work_m_v1,0,1610,10,652,0
2,118,274,0.28785446045321517,0.34292118265513949,0.37946822366511213,1.572343475873297,-0.09229180093945466,3.1248067274249154,30,0.000000000000000000e+00,zone_bc_work_m_v1,0,1610,10,652,0
2,118,275,0.31783753115772639,0.34294427842003294,0.3800286945537511,1.5724103292915812,-0.089971090830665679,3.1236312212810784,30,0.000000000000000000e+00,zone_bc_work_m_v1,0,1610,10,652,0
2,118,276,0.347805462727377,0.34292542287371619,0.38062283223674981,1.5726866004459912,-0.09185951273294557,3.1209887008296708,30,0.000000000000000000e+00,zone_bc_work_m_v1,0,1610,10,652,0
2,118,277,0.37777935086517012,0.34291166945619433,0.38122291376650691,1.5729040147679891,-0.093236409628786987,3.1189578543342353,30,0.000000000000000000e+00,zone_bc_work_m_v1,0,1610,10,652,0
2,118,278,0.40773521069249963,0.34290442742525307,0.38194820170997529,1.5732539698493078,-0.093955506463729854,3.1154025459318495,30,0.000000000000000000e+00,zone_bc_work_m_v1,0,1610,10,652,0
2,118,279,0.43768073254316242,0.34290131763897547,0.38274277002776125,1.5736792810170162,-0.094255962369827362,3.1109703690394257,30,0.000000000000000000e+00,zone_bc_work_m_v1,0,1610,10,652,0
2,118,280,0.46757477680204751,0.34293715978916967,0.3837740050272882,1.5743733158347846,-0.090629937811759209,3.1020908882807081,30,0.000000000000000000e+00,zone_bc_work_m_v1,0,1610,10,652,0
2,118,281,0.49748674335748455,0.34298456772776958,0.38510374155084565,1.5746901797691846,-0.08585291603878642,3.0962129061382697,30,0.000000000000000000e+00,zone_bc_work_m_v1,0,1610,10,652,0
2,118,282,0.52741242592220416,0.34302016435205435,0.38655008401749191,1.5748518631358044,-0.082268975122827381,3.0922806805985452,30,0.000000000000000000e+00,zone_bc_work_m_v1,0,1610,10,652,0
2,118,283,0.55735023924432903,0.34304528849954397,0.38809990837411767,1.5749044189574981,-0.07974242381668506,3.0900663517968621,30,0.000000000000000000e+00,zone_bc_work_m_v1,0,1610,10,652,0
2,118,284,0.56127132218732445,0.34304857957807866,0.38830288714792716,1.574910468628091,-0.07941151526414103,3.0897764185206924,30,0.000000000000000000e+00,zone_bc_work_m_v1,0,1610,10,652,0
2,118,285,0.56225245876274776,0.37304857957807858,0.39074737779796609,1.574910468628091,-0.07941151526414103,3.0897764185206924,10,0.000000000000000000e+00,zone_bc_work_m_v1,0,1610,10,652,0
2,118,286,0.53234349509377088,0.37299153317570766,0.38929503807248333,1.5747319432861042,-0.085151170274339716,3.0953503317698727,30,0.000000000000000000e+00,zone_bc_work_m_v1,0,1610,10,652,0
2,118,287,0.50241529707064481,0.37295724073265563,0.38796589525796987,1.574514483497496,-0.088606332992388737,3.0995995503359675,30,0.000000000000000000e+00,zone_bc_work_m_v1,0,1610,10,652,0
2,118,288,0.4724910096580146,0.37292631343268734,0.38675639279018059,1.5741751365979866,-0.091727437942153101,3.1047222012478155,30,0.000000000000000000e+00,zone_bc_work_m_v1,0,1610,10,652,0
2,118,289,0.44257245742980333,0.37290066296740837,0.38573024490398611,1.5736639018124732,-0.094322220140950819,3.111154943840039,30,0.000000000000000000e+00,zone_bc_work_m_v1,0,1610,10,652,0
2,118,290,0.4126140307647701,0.37290344689412963,0.38493972181997405,1.5733602607501256,-0.094051199338220703,3.1142980974132612,30,0.000000000000000000e+00,zone_bc_work_m_v1,0,1610,10,652,0
2,118,291,0.38265560674237298,0.37290624024775004,0.38414910143792186,1.573058351877731,-0.093778267764139223,3.1174409238078908,30,0.000000000000000000e+00,zone_bc_work_m_v1,0,1610,10,652,0
2,118,292,0.35268359945346717,0.37291247436771541,0.38349864241435222,1.5728478025235164,-0.09315679797345422,3.1195425630786442,30,0.000000000000000000e+00,zone_bc_work_m_v1,0,1610,10,652,0
2,118,293,0.32270677256948388,0.37291993031563703,0.38289790718077277,1.5726715520249555,-0.092411531227231336,3.1212744024059029,30,0.000000000000000000e+00,zone_bc_work_m_v1,0,1610,10,652,0
2,118,294,0.29272677822536441,0.37292012239612515,0.38283873960188058,1.5724905187926299,-0.092395723805509311,3.1232323242241615,30,0.000000000000000000e+00,zone_bc_work_m_v1,0,1610,10,652,0
2,118,295,0.26274643694470767,0.37291951978438886,0.38283902337621561,1.5723085548793334,-0.092459399817170329,3.1252151884434571,30,0.000000000000000000e+00,zone_bc_work_m_v1,0,1610,10,652,0
2,118,296,0.23276609661955971,0.37291892073619309,0.38283926863390511,1.5721263336979088,-0.092522360827469452,3.1271981316280697,30,0.000000000000000000e+00,zone_bc_work_m_v1,0,1610,10,652,0
2,118,297,0.20278575713585445,0.37291832525518254,0.38283947537171181,1.5719438584452829,-0.092584605676522491,3.1291811495242774,30,0.000000000000000000e+00,zone_bc_work_m_v1,0,1610,10,652,0
2,118,298,0.17280541837950913,0.3729177333449607,0.3828396435868448,1.5717611323248892,-0.092646133221196969,3.1311642378758089,30,0.000000000000000000e+00,zone_bc_work_m_v1,0,1610,10,652,0
2,118,299,0.14282508023642748,0.37291714500908979,0.38283977327696117,1.5715781585465554,-0.092706942335152309,3.1331473924239157,30,0.000000000000000000e+00,zone_bc_work_m_v1,0,1610,10,652,0
2,118,300,0.11284474259249944,0.37291656025109066,0.38283986444016405,1.5713949403263996,-0.092767031908882025,3.135130608907442,30,0.000000000000000000e+00,zone_bc_work_m_v1,0,1610,10,652,0
2,118,301,0.082864405333606728,0.3729159790744429,0.38283991707500481,1.5712114808867259,-0.092826400849749469,3.1371138830628933,30,0.000000000000000000e+00,zone_bc_work_m_v1,0,1610,10,652,0
2,118,302,0.052884068345622426,0.37291540148258434,0.38283993118048132,1.5710277834559137,-0.092885048082028687,3.1390972106245103,30,0.000000000000000000e+00,zone_bc_work_m_v1,0,1610,10,652,0
2,118,303,0.022903731514414938,0.37291482747891158,0.38283990675603913,1.5708438512683152,-0.092942972546940839,3.1410805873243346,30,0.000000000000000000e+00,zone_bc_work_m_v1,0,1610,10,652,0
2,118,304,0.016152969792639027,0.40289956360802814,0.38929055352449299,1.5710915715123273,-0.094475638519840865,3.1384629216151696,10,0.000000000000000000e+00,zone_bc_work_m_v1,0,1610,10,652,0
2,118,305,0.046132226678566424,0.40290010146334249,0.38929051736797166,1.5712887240288038,-0.094420792070863069,3.136370020048787,30,0.000000000000000000e+00,zone_bc_work_m_v1,0,1610,10,652,0
2,118,306,0.076111483787296486,0.40290064337552611,0.38929043834684618,1.571485642201103,-0.094365128467229109,3.1342771620614798,30,0.000000000000000000e+00,zone_bc_work_m_v1,0,1610,10,652,0
2,118,307,0.10609074120814155,0.40290118934224578,0.38929031646145268,1.5716823225895193,-0.094308648698972153,3.1321843481850822,30,0.000000000000000000e+00,zone_bc_work_m_v1,0,1610,10,652,0
2,118,308,0.13606999903041217,0.40290173936115087,0.38929015171231246,1.5718787617588692,-0.094251353770478996,3.130091578949469,30,0.000000000000000000e+00,zone_bc_work_m_v1,0,1610,10,652,0
2,118,309,0.16604925734341736,0.40290229342987305,0.38928994410013118,1.5720749562785536,-0.094193244700472079,3.1279988548825264,30,0.000000000000000000e+00,zone_bc_work_m_v1,0,1610,10,652,0
2,118,310,0.19602851623646411,0.40290285154602667,0.38928969362579885,1.5722709027226216,-0.094134322521987057,3.1259061765101297,30,0.000000000000000000e+00,zone_bc_work_m_v1,0,1610,10,652,0
2,118,311,0.226007775798857,0.40290341370720878,0.38928940029039028,1.5724665976698358,-0.094074588282354821,3.1238135443561159,30,0.000000000000000000e+00,zone_bc_work_m_v1,0,1610,10,652,0
2,118,312,0.25598703611989726,0.40290397991099886,0.38928906409516484,1.572662037703731,-0.094014043043177287,3.1217209589422632,30,0.000000000000000000e+00,zone_bc_work_m_v1,0,1610,10,652,0
2,118,313,0.28596629728888323,0.40290455015495891,0.38928868504156611,1.5728572194126813,-0.093952687880309194,3.1196284207882621,30,0.000000000000000000e+00,zone_bc_work_m_v1,0,1610,10,652,0
2,118,314,0.31594555939510993,0.40290512443663368,0.38928826313122272,1.5730521393899632,-0.093890523883835231,3.1175359304116963,30,0.000000000000000000e+00,zone_bc_work_m_v1,0,1610,10,652,0
2,118,315,0.34592482252786749,0.40290570275355053,0.38928779836594729,1.5732467942338142,-0.093827552158047611,3.1154434883280144,30,0.000000000000000000e+00,zone_bc_work_m_v1,0,1610,10,652,0
2,118,316,0.37590408677644205,0.40290628510321946,0.38928729074773744,1.5734411805475008,-0.093763773821426311,3.1133510950505072,30,0.000000000000000000e+00,zone_bc_work_m_v1,0,1610,10,652,0
2,118,317,0.40588335223011551,0.40290687148313303,0.38928674027877486,1.5736352949393764,-0.093699190006614863,3.1112587510902863,30,0.000000000000000000e+00,zone_bc_work_m_v1,0,1610,10,652,0
2,118,318,0.43586261897816359,0.40290746189076648,0.38928614696142605,1.5738291340229471,-0.093633801860398824,3.109166456956256,30,0.000000000000000000e+00,zone_bc_work_m_v1,0,1610,10,652,0
2,118,319,0.46583972930712858,0.40290935596967675,0.38934566624065609,1.5740287636506129,-0.093436787985637038,3.1069610896756696,30,0.000000000000000000e+00,zone_bc_work_m_v1,0,1610,10,652,0
2,118,320,0.49578210513571475,0.40293218342374493,0.39037348599385119,1.5743160404781813,-0.091132251618230242,3.1029362063221599,30,0.000000000000000000e+00,zone_bc_work_m_v1,0,1610,10,652,0
2,118,321,0.52570891643899431,0.40295726399072956,0.39164426128822022,1.5746285702277167,-0.088599147562409719,3.0983091230656314,30,0.000000000000000000e+00,zone_bc_work_m_v1,0,1610,10,652,0
2,118,322,0.55566663368665781,0.40296297889907223,0.39297505053184806,1.5747165142378705,-0.088021012609103,3.0970274397428037,30,0.000000000000000000e+00,zone_bc_work_m_v1,0,1610,10,652,0
2,118,323,0.56329168423811815,0.40296266473042663,0.39331386505905264,1.5747193595147533,-0.088052456798842771,3.0970110006847085,30,0.000000000000000000e+00,zone_bc_work_m_v1,0,1610,10,652,0
2,118,324,0.56424410042113404,0.43296266473042666,0.39600986078909961,1.5747193595147533,-0.088052456798842771,3.0970110006847085,10,0.000000000000000000e+00,zone_bc_work_m_v1,0,1610,10,652,0
2,118,325,0.53427364020110257,0.43294745643288352,0.39574011044782548,1.5745753248597119,-0.089586984638935663,3.0993786230253448,30,0.000000000000000000e+00,zone_bc_work_m_v1,0,1610,10,652,0
2,118,326,0.50429680267073862,0.43294735488095537,0.39574104921414305,1.5743666510739356,-0.089605724969802791,3.1017154414383272,30,0.000000000000000000e+00,zone_bc_work_m_v1,0,1610,10,652,0
2,118,327,0.47431996726560155,0.43294725814167206,0.39574193449953365,1.5741578912455991,-0.089623497644251815,3.1040522734209719,30,0.000000000000000000e+00,zone_bc_work_m_v1,0,1610,10,652,0
2,118,328,0.44434313386120761,0.43294716621555346,0.39574276629924243,1.5739490499337996,-0.089640302270759031,3.1063891182664798,30,0.000000000000000000e+00,zone_bc_work_m_v1,0,1610,10,652,0
2,118,329,0.41436630233306082,0.43294707910309355,0.3957435446088019,1.5737401316995339,-0.089656138479111247,3.1087259752672907,30,0.000000000000000000e+00,zone_bc_work_m_v1,0,1610,10,652,0
2,118,330,0.38438947255665679,0.43294699680476051,0.39574426942403201,1.5735311411055948,-0.08967100592041044,3.1110628437151231,30,0.000000000000000000e+00,zone_bc_work_m_v1,0,1610,10,652,0
2,118,331,0.35441264440748022,0.4329469193209966,0.39574494074104033,1.5733220827164656,-0.089684904267085974,3.1133997229010157,30,0.000000000000000000e+00,zone_bc_work_m_v1,0,1610,10,652,0
2,118,332,0.32443581776100827,0.43294684665221822,0.39574555855622179,1.5731129610982091,-0.089697833212900369,3.1157366121153736,30,0.000000000000000000e+00,zone_bc_work_m_v1,0,1610,10,652,0
2,118,333,0.29445899249270902,0.43294677879881582,0.39574612286625865,1.5729037808183688,-0.089709792472956851,3.118073510648006,30,0.000000000000000000e+00,zone_bc_work_m_v1,0,1610,10,652,0
2,118,334,0.26448216847804407,0.43294671576115401,0.39574663366812113,1.5726945464458548,-0.089720781783707348,3.1204104177881726,30,0.000000000000000000e+00,zone_bc_work_m_v1,0,1610,10,652,0
2,118,335,0.2345053455924675,0.43294665753957168,0.39574709095906674,1.5724852625508419,-0.089730800902958041,3.1227473328246234,30,0.000000000000000000e+00,zone_bc_work_m_v1,0,1610,10,652,0
2,118,336,0.20452852371142782,0.43294660413438169,0.39574749473664067,1.5722759337046628,-0.089739849609875355,3.1250842550456421,30,0.000000000000000000e+00,zone_bc_work_m_v1,0,1610,10,652,0
2,118,337,0.17455170271036802,0.43294655554587091,0.39574784499867544,1.5720665644796994,-0.089747927704991293,3.1274211837390902,30,0.000000000000000000e+00,zone_bc_work_m_v1,0,1610,10,652,0
2,118,338,0.14457488246472638,0.4329465117743006,0.39574814174329132,1.571857159449277,-0.089755035010208539,3.1297581181924463,30,0.000000000000000000e+00,zone_bc_work_m_v1,0,1610,10,652,0
2,118,339,0.11459806284993657,0.43294647281990589,0.39574838496889631,1.5716477231875592,-0.089761171368804904,3.1320950576928519,30,0.000000000000000000e+00,zone_bc_work_m_v1,0,1610,10,652,0
2,118,340,0.084621243741429764,0.43294643868289623,0.39574857467418584,1.5714382602694392,-0.089766336645436651,3.134432001527153,30,0.000000000000000000e+00,zone_bc_work_m_v1,0,1610,10,652,0
2,118,341,0.054644425014633846,0.43294640936345491,0.39574871085814295,1.571228775270435,-0.08977053072614205,3.1367689489819428,30,0.000000000000000000e+00,zone_bc_work_m_v1,0,1610,10,652,0
2,118,342,0.024667606544975129,0.43294638486173942,0.39574879352003839,1.5710192727665806,-0.089773753518344268,3.1391058993436021,30,0.000000000000000000e+00,zone_bc_work_m_v1,0,1610,10,652,0
2,119,1,0.30331347054028646,-0.28595391651549351,0.34969358139040735,1.5701825371190854,0.020308497093199263,3.1113764776180286,30,0.000000000000000000e+00,zone_bc_work_m_v1,0,1610,10,652,0
2,119,2,0.27335952452038992,-0.28597308318261022,0.3488413789371696,1.570302804039277,0.018394124065023609,3.1147671178078458,30,0.000000000000000000e+00,zone_bc_work_m_v1,0,1610,10,652,0
2,119,3,0.24337804316258449,-0.28595473112273118,0.34801615514394768,1.5702680577183843,0.020229396125753807,3.11548287270882,30,0.000000000000000000e+00,zone_bc_work_m_v1,0,1610,10,652,0
2,119,4,0.21340126652398395,-0.28592811556089981,0.34725096505156999,1.5702292646922011,0.022891446436196228,3.1168237638406273,30,0.000000000000000000e+00,zone_bc_work_m_v1,0,1610,10,652,0
2,119,5,0.18342773835042503,-0.28589579654911307,0.34652712927052376,1.5701955217616579,0.026124435570800131,3.1185962705635086,30,0.000000000000000000e+00,zone_bc_work_m_v1,0,1610,10,652,0
2,119,6,0.15348001434972458,-0.28583405349875213,0.34591132808198022,1.5702016696668113,0.032302822183335911,3.1231827007201018,30,0.000000000000000000e+00,zone_bc_work_m_v1,0,1610,10,652,0
2,119,7,0.12354861489477753,-0.28578659871720846,0.34543444397594153,1.5703544250627437,0.037053997702302999,3.129664603619442,30,0.000000000000000000e+00,zone_bc_work_m_v1,0,1610,10,652,0
2,119,8,0.093572436809192139,-0.28578287877341119,0.34512563285274162,1.5704332825559477,0.037427124044318028,3.1318906622548148,30,0.000000000000000000e+00,zone_bc_work_m_v1,0,1610,10,652,0
2,119,9,0.063644176062609414,-0.28580709105469088,0.34491769864536864,1.5707050409736283,0.035005947417470873,3.1389844036284993,30,0.000000000000000000e+00,zone_bc_work_m_v1,0,1610,10,652,0
2,119,10,0.033696734612497004,-0.28584752711982397,0.34481801217052227,1.5708779349200914,0.030960149103993029,-3.1389563298827299,30,0.000000000000000000e+00,zone_bc_work_m_v1,0,1610,10,652,0
2,119,11,0.0097745657017742626,-0.25586286685028931,0.34426737817034636,1.5709225902216635,0.029425313150480248,-3.1373010807453867,10,0.000000000000000000e+00,zone_bc_work_m_v1,0,1610,10,652,0
2,119,12,0.039764421758570423,-0.25585444315130118,0.34400054514298462,1.570899073165648,0.030268154905359168,-3.1381976112756731,30,0.000000000000000000e+00,zone_bc_work_m_v1,0,1610,10,652,0
2,119,13,0.06972728314038279,-0.25582539536687082,0.34384128977268164,1.5707885790754683,0.033174569881430527,3.1413590668205962,30,0.000000000000000000e+00,zone_bc_work_m_v1,0,1610,10,652,0
2,119,14,0.099620976672716077,-0.25578469406762039,0.34404834009473334,1.5703945881821124,0.037245062334673174,3.1308042183994917,30,0.000000000000000000e+00,zone_bc_work_m_v1,0,1610,10,652,0
2,119,15,0.12953213143803799,-0.25584456766935093,0.34450164441860326,1.5701925881038203,0.031250515460281569,3.1222725911042106,30,0.000000000000000000e+00,zone_bc_work_m_v1,0,1610,10,652,0
2,119,16,0.15946278252577195,-0.25594006066389585,0.34520453881936575,1.5702446362243907,0.02169664842444341,3.11616867930312,30,0.000000000000000000e+00,zone_bc_work_m_v1,0,1610,10,652,0
2,119,17,0.18944536205951135,-0.25595346274424507,0.34601809422876245,1.5702657532633104,0.02035624317266338,3.1155323389950995,30,0.000000000000000000e+00,zone_bc_work_m_v1,0,1610,10,652,0
2,119,18,0.21943126716556227,-0.25596049361760514,0.34684322192033529,1.5702786852195765,0.019653112435655373,3.1152581342322847,30,0.000000000000000000e+00,zone_bc_work_m_v1,0,1610,10,652,0
2,119,19,0.24941717228942251,-0.2559675245536161,0.34766834391193058,1.5702920026175076,0.018949993832410028,3.1149839183870967,30,0.000000000000000000e+00,zone_bc_work_m_v1,0,1610,10,652,0
2,119,20,0.27940307743344261,-0.25597455554626425,0.34849346020349176,1.5703057054547243,0.018246887775292375,3.1147096908602485,30,0.000000000000000000e+00,zone_bc_work_m_v1,0,1610,10,652,0
2,119,21,0.30938898259997205,-0.25598158658953596,0.34931857079497264,1.5703197937298139,0.017543794676697422,3.1144354510525014,30,0.000000000000000000e+00,zone_bc_work_m_v1,0,1610,10,652,0
2,119,22,0.30123063323036359,-0.22597719324024526,0.34857981783766118,1.5703109455028499,0.017983120487598425,3.1146068111233425,10,0.000000000000000000e+00,zone_bc_work_m_v1,0,1610,10,652,0
2,119,23,0.27124367989386955,-0.22597284474393134,0.34775472543675573,1.570302335765795,0.018417967995126405,3.1147764176459911,30,0.000000000000000000e+00,zone_bc_work_m_v1,0,1610,10,652,0
2,119,24,0.24125672656576658,-0.22596849626754109,0.34692963085552386,1.5702938734621434,0.018852820421017213,3.1149460195268603,30,0.000000000000000000e+00,zone_bc_work_m_v1,0,1610,10,652,0
2,119,25,0.21126977324549934,-0.22596414781249718,0.34610453409397685,1.5702855585922426,0.019287677667710668,3.1151156169077128,30,0.000000000000000000e+00,zone_bc_work_m_v1,0,1610,10,652,0
2,119,26,0.18128281993251139,-0.22595979938022229,0.345279435152127,1.5702773911565788,0.01972253963765036,3.1152852099303194,30,0.000000000000000000e+00,zone_bc_work_m_v1,0,1610,10,652,0
2,119,27,0.15129586662624739,-0.22595545097213898,0.3444543340299886,1.5702693711557818,0.020157406233284547,3.1154547987364567,30,0.000000000000000000e+00,zone_bc_work_m_v1,0,1610,10,652,0
2,119,28,0.1213089133261509,-0.22595110258966994,0.34362923072757673,1.5702614985906234,0.020592277357065925,3.1156243834679085,30,0.000000000000000000e+00,zone_bc_work_m_v1,0,1610,10,652,0
2,119,29,0.091461063204503423,-0.22578644916569482,0.34282472003439424,1.5703575624928594,0.037069001447780137,3.1297540738729972,30,0.000000000000000000e+00,zone_bc_work_m_v1,0,1610,10,652,0
2,119,30,0.061613466446988285,-0.22585360363815302,0.34305137300814559,1.5708966464529754,0.030352153396644654,-3.1382869672818514,30,0.000000000000000000e+00,zone_bc_work_m_v1,0,1610,10,652,0
2,119,31,0.031620623995217034,-0.2258592193624637,0.34331813636021646,1.5709125931491945,0.029790265870960786,-3.1376892657019928,30,0.000000000000000000e+00,zone_bc_work_m_v1,0,1610,10,652,0
2,119,32,0.0072899743636993808,-0.1963718192960385,0.343999135776686,1.5705865785368451,-0.021474533413134544,-3.1318249111251926,10,0.000000000000000000e+00,zone_bc_work_m_v1,0,1610,10,652,0
2,119,33,0.037276549943257242,-0.19637114519801266,0.34377434614485264,1.5706141820012673,-0.021407357508736347,-3.1330836952974233,30,0.000000000000000000e+00,zone_bc_work_m_v1,0,1610,10,652,0
2,119,34,0.067190460172814603,-0.19636645953231052,0.34352733974144639,1.5707963582962088,-0.020939460636778096,3.1415911490804169,30,0.000000000000000000e+00,zone_bc_work_m_v1,0,1610,10,652,0
2,119,35,0.097062187405169587,-0.19636608578429915,0.34350290187373722,1.5710574473420733,-0.020900446796374705,3.1290988547834955,30,0.000000000000000000e+00,zone_bc_work_m_v1,0,1610,10,652,0
2,119,36,0.12692007685938722,-0.19638937019025099,0.34434111704047565,1.5713894381557463,-0.023223514573573079,3.1160566474683149,30,0.000000000000000000e+00,zone_bc_work_m_v1,0,1610,10,652,0
2,119,37,0.1569094085065299,-0.19636943672509657,0.34505003106580179,1.5713433679101432,-0.021230200520524711,3.1158292973791246,30,0.000000000000000000e+00,zone_bc_work_m_v1,0,1610,10,652,0
2,119,38,0.18690139546074236,-0.19634862945443501,0.34575630780344463,1.5712891666800375,-0.019149754183380718,3.1158606647397975,30,0.000000000000000000e+00,zone_bc_work_m_v1,0,1610,10,652,0
2,119,39,0.21689338241994705,-0.19632782122437234,0.3464625412159924,1.5712350973555429,-0.017069291506651707,3.1158918048119268,30,0.000000000000000000e+00,zone_bc_work_m_v1,0,1610,10,652,0
2,119,40,0.24688536938224592,-0.1963070121702028,0.34716873130037645,1.5711811588650806,-0.014988817038153801,3.1159227182244269,30,0.000000000000000000e+00,zone_bc_work_m_v1,0,1610,10,652,0
2,119,41,0.27687735634574184,-0.19628620242723341,0.34787487805409117,1.5711273501406209,-0.01290833532559521,3.1159534056002292,30,0.000000000000000000e+00,zone_bc_work_m_v1,0,1610,10,652,0
2,119,42,0.30686934330853677,-0.1962653921307804,0.34858098147519478,1.5710736701176424,-0.010827850916516946,3.1159838675563076,30,0.000000000000000000e+00,zone_bc_work_m_v1,0,1610,10,652,0
2,119,43,0.30364360917910349,-0.1664039475339702,0.34929031654959802,1.5716341581243904,-0.02467502168096436,3.107647609758927,10,0.000000000000000000e+00,zone_bc_work_m_v1,0,1610,10,652,0
2,119,44,0.27366979117412971,-0.16640084879306499,0.34858513471667502,1.5715800241494722,-0.024366674300055458,3.1094378785555903,30,0.000000000000000000e+00,zone_bc_work_m_v1,0,1610,10,652,0
2,119,45,0.24369597418125788,-0.16639774906708713,0.34787991994961054,1.5715269950996158,-0.024058117025905768,3.1112280856944343,30,0.000000000000000000e+00,zone_bc_work_m_v1,0,1610,10,652,0
2,119,46,0.21372215811208028,-0.16639464837136883,0.34717467224543369,1.5714750717727011,-0.023749354326376926,3.1130182290454922,30,0.000000000000000000e+00,zone_bc_work_m_v1,0,1610,10,652,0
2,119,47,0.1837483428781812,-0.16639154672125164,0.34646939160149964,1.5714242549458646,-0.023440390673006517,3.114808306481307,30,0.000000000000000000e+00,zone_bc_work_m_v1,0,1610,10,652,0
2,119,48,0.15379626772149702,-0.16638480083157542,0.34570415121076886,1.571319455036067,-0.022768021022454787,3.1186182616986078,30,0.000000000000000000e+00,zone_bc_work_m_v1,0,1610,10,652,0
2,119,49,0.12387110268588741,-0.1663735382808032,0.34486444399068122,1.5711570408344655,-0.021644490967355656,3.1249274972934997,30,0.000000000000000000e+00,zone_bc_work_m_v1,0,1610,10,652,0
2,119,50,0.093945944036420981,-0.16636226562543935,0.34402432664532973,1.5710088253323586,-0.020518879660415434,3.1312360523509293,30,0.000000000000000000e+00,zone_bc_work_m_v1,0,1610,10,652,0
2,119,51,0.064008206794144096,-0.1663640557005916,0.34416970892492238,1.5708863765718664,-0.02069882950814117,3.1372418935891875,30,0.000000000000000000e+00,zone_bc_work_m_v1,0,1610,10,652,0
2,119,52,0.03406901203524626,-0.16636735483614723,0.34442910704619367,1.5707622576571905,-0.021028983142254987,-3.139972431689253,30,0.000000000000000000e+00,zone_bc_work_m_v1,0,1610,10,652,0
2,119,53,0.034809930760275609,-0.13636518144425389,0.34503766664377311,1.5708444990294093,-0.020811568233540134,3.1392778051584544,10,0.000000000000000000e+00,zone_bc_work_m_v1,0,1610,10,652,0
2,119,54,0.064769447017464454,-0.13636300321026512,0.3447781576630321,1.5709250849326613,-0.020593351426172024,3.1353398801160437,30,0.000000000000000000e+00,zone_bc_work_m_v1,0,1610,10,652,0
2,119,55,0.094727360889913292,-0.13636201831850744,0.34465534221668437,1.5710057344012265,-0.020494174249193309,3.1313743848451496,30,0.000000000000000000e+00,zone_bc_work_m_v1,0,1610,10,652,0
2,119,56,0.12467398453797207,-0.13636945411009119,0.345495882456823,1.5711016844653087,-0.021236790139652184,3.1272138521896204,30,0.000000000000000000e+00,zone_bc_work_m_v1,0,1610,10,652,0
2,119,57,0.15462061035215946,-0.13637688561584493,0.34633624429416621,1.5712038148338785,-0.021978532642999316,3.1230530092600102,30,0.000000000000000000e+00,zone_bc_work_m_v1,0,1610,10,652,0
2,119,58,0.18456723944555065,-0.13638431263678935,0.34717642774985358,1.5713121176169316,-0.022719343726056218,3.1188918820127074,30,0.000000000000000000e+00,zone_bc_work_m_v1,0,1610,10,652,0
2,119,59,0.21451997665000722,-0.13639077799646326,0.34798186100118822,1.5714118338511134,-0.023363799914983829,3.1152518715294826,30,0.000000000000000000e+00,zone_bc_work_m_v1,0,1610,10,652,0
2,119,60,0.24449039960374397,-0.13639446825697391,0.34868703985140581,1.5714720901151837,-0.023731415518190468,3.1131221965542863,30,0.000000000000000000e+00,zone_bc_work_m_v1,0,1610,10,652,0
2,119,61,0.27446082373248903,-0.13639815716786305,0.3493921720775558,1.5715339126132664,-0.024098747053469038,3.1109924281060968,30,0.000000000000000000e+00,zone_bc_work_m_v1,0,1610,10,652,0
2,119,62,0.3044312491851302,-0.13640184470329653,0.35009725768411243,1.5715973000354082,-0.024465786991157534,3.1088625697676275,30,0.000000000000000000e+00,zone_bc_work_m_v1,0,1610,10,652,0
2,119,63,0.30599127104316981,-0.10639887279677629,0.35092242128441947,1.5715460898316618,-0.024169989640557832,3.110579162404302,10,0.000000000000000000e+00,zone_bc_work_m_v1,0,1610,10,652,0
2,119,64,0.27602582714672441,-0.10639432030135691,0.35021746126167058,1.5714696436540585,-0.023716679352902226,3.1132075994824682,30,0.000000000000000000e+00,zone_bc_work_m_v1,0,1610,10,652,0
2,119,65,0.24606050291821147,-0.10638975173544381,0.34951049769552567,1.5713953886667535,-0.023261539377815499,3.115842700414178,30,0.000000000000000000e+00,zone_bc_work_m_v1,0,1610,10,652,0
2,119,66,0.21610331116239734,-0.10638421415537905,0.34867016872125661,1.5713106407383175,-0.022709523992723302,3.1189470767365211,30,0.000000000000000000e+00,zone_bc_work_m_v1,0,1610,10,652,0
2,119,67,0.18614612184265966,-0.10637867397029244,0.34782974049083942,1.5712293232156433,-0.022156958433048324,3.1220513091174107,30,0.000000000000000000e+00,zone_bc_work_m_v1,0,1610,10,652,0
2,119,68,0.15618893449697424,-0.10637313126268128,0.34698921299108182,1.5711514396624953,-0.021603866750826262,3.1251553867514836,30,0.000000000000000000e+00,zone_bc_work_m_v1,0,1610,10,652,0
2,119,69,0.12623174866325293,-0.10636758611511905,0.34614858621174893,1.57107699344971,-0.021050273026314015,3.1282592988530507,30,0.000000000000000000e+00,zone_bc_work_m_v1,0,1610,10,652,0
2,119,70,0.096274563879366282,-0.10636203861025124,0.34530786014556442,1.5710059877550089,-0.020496201366131395,3.1313630346557284,30,0.000000000000000000e+00,zone_bc_work_m_v1,0,1610,10,652,0
2,119,71,0.066307149332355264,-0.10636244348712832,0.3453799920058882,1.5709454957079281,-0.020537228088211901,3.1343289285937699,30,0.000000000000000000e+00,zone_bc_work_m_v1,0,1610,10,652,0
2,119,72,0.036337634804300079,-0.10636406936660486,0.34563951410078625,1.5708858711432274,-0.020700198607464193,3.1372665991938842,30,0.000000000000000000e+00,zone_bc_work_m_v1,0,1610,10,652,0
2,119,73,0.0063681208018622204,-0.1063656934680738,0.34589894972370488,1.5708252891699763,-0.020862817376714471,3.1402043244357651,30,0.000000000000000000e+00,zone_bc_work_m_v1,0,1610,10,652,0
2,119,74,0.032425643891018652,-0.076363642995360734,0.34628851931400195,1.5709016061213417,-0.020657477776468314,3.1364959082689001,10,0.000000000000000000e+00,zone_bc_work_m_v1,0,1610,10,652,0
2,119,75,0.062401106226650516,-0.07636234621165866,0.34602901378037831,1.5709490305781513,-0.020527472245652989,3.1341532723475778,30,0.000000000000000000e+00,zone_bc_work_m_v1,0,1610,10,652,0
2,119,76,0.092376153797584459,-0.076361246485951398,0.34580755649331085,1.5709961321115784,-0.02041706701013335,3.1318060950097637,30,0.000000000000000000e+00,zone_bc_work_m_v1,0,1610,10,652,0
2,119,77,0.12233962136107146,-0.076365670790213558,0.34664839923965585,1.5710520856975214,-0.020859001512788966,3.1293310581764344,30,0.000000000000000000e+00,zone_bc_work_m_v1,0,1610,10,652,0
2,119,78,0.15230308949069316,-0.076370093613561688,0.34748917884573449,1.5711102278698881,-0.021300637380694543,3.1268559068683999,30,0.000000000000000000e+00,zone_bc_work_m_v1,0,1610,10,652,0
2,119,79,0.18226655842081074,-0.076374514914069033,0.34832989531456698,1.5711705570609551,-0.021741962383229341,3.1243806465411712,30,0.000000000000000000e+00,zone_bc_work_m_v1,0,1610,10,652,0
2,119,80,0.21223002838577232,-0.076378934649837041,0.34917054865036967,1.5712330716248673,-0.022182964300021535,3.1219052826579858,30,0.000000000000000000e+00,zone_bc_work_m_v1,0,1610,10,652,0
2,119,81,0.24219349961990844,-0.07638335277899666,0.35001113885855512,1.5712977698376882,-0.022623630921547067,3.1194298206899251,30,0.000000000000000000e+00,zone_bc_work_m_v1,0,1610,10,652,0
2,119,82,0.27215697235752212,-0.076387769259709748,0.35085166594573236,1.5713646498974656,-0.023063950049731829,3.1169542661160357,30,0.000000000000000000e+00,zone_bc_work_m_v1,0,1610,10,652,0
2,119,83,0.30211721688225168,-0.076393001214307796,0.35161981581241786,1.5714479453175345,-0.023585289608713644,3.113968940904261,30,0.000000000000000000e+00,zone_bc_work_m_v1,0,1610,10,652,0
2,119,84,0.30836532965091923,-0.046387693958904797,0.35247647140424959,1.5713634911065033,-0.023056444207056437,3.1169964828341219,10,0.000000000000000000e+00,zone_bc_work_m_v1,0,1610,10,652,0
2,119,85,0.27839769125797686,-0.046384021457218795,0.35163583336774917,1.5713077541088225,-0.022690309496425254,3.1190550745533061,30,0.000000000000000000e+00,zone_bc_work_m_v1,0,1610,10,652,0
2,119,86,0.24843005392921791,-0.046380347811250798,0.3507951516837024,1.5712535256702296,-0.022323933217136327,3.1211136028092845,30,0.000000000000000000e+00,zone_bc_work_m_v1,0,1610,10,652,0
2,119,87,0.21846241752991502,-0.046376673045054724,0.34995442634814716,1.5712008068374645,-0.021957322381852773,3.12317206445036,30,0.000000000000000000e+00,zone_bc_work_m_v1,0,1610,10,652,0
2,119,88,0.18849478192532643,-0.046372997182699445,0.34911365735769295,1.5711495986199713,-0.021590484008801925,3.1252304563286595,30,0.000000000000000000e+00,zone_bc_work_m_v1,0,1610,10,652,0
2,119,89,0.15852714698070103,-0.046369320248268252,0.34827284470952141,1.571099901989875,-0.021223425121539963,3.1272887753000917,30,0.000000000000000000e+00,zone_bc_work_m_v1,0,1610,10,652,0
2,119,90,0.12855951256127862,-0.046365642265858348,0.34743198840138628,1.5710517178819536,-0.020856152748711665,3.1293470182242951,30,0.000000000000000000e+00,zone_bc_work_m_v1,0,1610,10,652,0
2,119,91,0.098591878532294341,-0.046361963259580329,0.34659108843161346,1.5710050471936192,-0.020488673923812151,3.1314051819645936,30,0.000000000000000000e+00,zone_bc_work_m_v1,0,1610,10,652,0
2,119,92,0.068615255097929095,-0.046361917482423604,0.34659043869156142,1.5709645664660314,-0.020484467428903974,3.1333792276675521,30,0.000000000000000000e+00,zone_bc_work_m_v1,0,1610,10,652,0
2,119,93,0.038635848476225476,-0.046362996229612589,0.346849942966658,1.5709253402345342,-0.020592651601555989,3.1353272695480965,30,0.000000000000000000e+00,zone_bc_work_m_v1,0,1610,10,652,0
2,119,94,0.0086564421962496141,-0.046364074201065621,0.34710940921715966,1.5708856923265035,-0.020700682934284398,3.1372753390531534,30,0.000000000000000000e+00,zone_bc_work_m_v1,0,1610,10,652,0
2,119,95,0.030100951689030042,-0.016362989818234495,0.34753901264867287,1.5709255746998423,-0.020592008845093934,3.1353156874288288,10,0.000000000000000000e+00,zone_bc_work_m_v1,0,1610,10,652,0
2,119,96,0.060083165250381487,-0.016362066620165729,0.3472795276479978,1.5709591702133663,-0.020499428408927267,3.1336484613683711,30,0.000000000000000000e+00,zone_bc_work_m_v1,0,1610,10,652,0
2,119,97,0.090065379132159284,-0.016361142857785008,0.34702001479619354,1.5709924564465245,-0.020406737190491464,3.1319812578218089,30,0.000000000000000000e+00,zone_bc_work_m_v1,0,1610,10,652,0
2,119,98,0.120036601591065,-0.016364073235623351,0.34780191547218414,1.5710316269570779,-0.020699442089038067,3.1302248673026796,30,0.000000000000000000e+00,zone_bc_work_m_v1,0,1610,10,652,0
2,119,99,0.15000720099105402,-0.016367221462844424,0.34864284092559528,1.5710722194439466,-0.021013859694229975,3.1284633612080102,30,0.000000000000000000e+00,zone_bc_work_m_v1,0,1610,10,652,0
2,119,100,0.17997780071940861,-0.016370368932526386,0.34948373439850894,1.5711139201912943,-0.021328123866543924,3.1267017980992939,30,0.000000000000000000e+00,zone_bc_work_m_v1,0,1610,10,652,0
2,119,101,0.20994840086061028,-0.016373515629557672,0.35032459589210274,1.5711567286281773,-0.02164223019785827,3.1249401799436836,30,0.000000000000000000e+00,zone_bc_work_m_v1,0,1610,10,652,0
2,119,102,0.23991900149913636,-0.016376661538833919,0.35116542540786128,1.5712006441636062,-0.021956174282689256,3.1231785087103168,30,0.000000000000000000e+00,zone_bc_work_m_v1,0,1610,10,652,0
2,119,103,0.26988960271946061,-0.016379806645258316,0.35200622294757594,1.5712456661865586,-0.022269951718300929,3.1214167863703368,30,0.000000000000000000e+00,zone_bc_work_m_v1,0,1610,10,652,0
2,119,104,0.29986020460605078,-0.016382950933741737,0.35284698851334539,1.5712917940659885,-0.022583558104816159,3.1196550148969147,30,0.000000000000000000e+00,zone_bc_work_m_v1,0,1610,10,652,0
2,119,105,0.10081312026818789,0.013091692696133627,0.34927420704310397,1.571619571787882,-0.075189047636377904,3.130633765067687,10,1.000000000000000000e+00,zone_bc_work_m_v1,0,1610,10,652,0
2,119,106,0.070864858913759265,0.013088542412911438,0.34923221176236674,1.5712483947310172,-0.075508119964021514,3.1356000211129595,30,0.000000000000000000e+00,zone_bc_work_m_v1,0,1610,10,652,0
2,119,107,0.040878111560197716,0.013088698331630505,0.34943432482087683,1.5711529344492277,-0.075492993576732559,3.1368644801893639,30,0.000000000000000000e+00,zone_bc_work_m_v1,0,1610,10,652,0
2,119,108,0.010891364316982344,0.013088855443212102,0.34963642211531781,1.5710575127874478,-0.075477627151957938,3.1381289370115857,30,0.000000000000000000e+00,zone_bc_work_m_v1,0,1610,10,652,0
2,119,109,0.028002430173078574,0.043088821958278727,0.3517934427596377,1.5710777859773684,-0.075480912491407981,3.1378602487618874,10,0.000000000000000000e+00,zone_bc_work_m_v1,0,1610,10,652,0
2,119,110,0.057987103442240562,0.043088639338730986,0.35159132961700934,1.5711889621716968,-0.075498731357068527,3.1363872005204727,30,0.000000000000000000e+00,zone_bc_work_m_v1,0,1610,10,652,0
2,119,111,0.087971776876430541,0.043088458338251673,0.35138919508046101,1.5713001904274926,-0.075516224402427667,3.1349141497721913,30,0.000000000000000000e+00,zone_bc_work_m_v1,0,1610,10,652,0
2,119,112,0.10290343890147713,0.073089641055647414,0.35385188236872367,1.5714284575829396,-0.075396648036125447,3.1332008305997556,10,0.000000000000000000e+00,zone_bc_work_m_v1,0,1610,10,652,0
2,119,113,0.072932443102750266,0.073088572962896267,0.35376289538717637,1.5712296299992858,-0.075505165989085299,3.1358485373806224,30,0.000000000000000000e+00,zone_bc_work_m_v1,0,1610,10,652,0
2,119,114,0.042950663244539777,0.073088791142205484,0.35396503099059967,1.5710964737671598,-0.075483931061964604,3.1376125930519203,30,0.000000000000000000e+00,zone_bc_work_m_v1,0,1610,10,652,0
2,119,115,0.012968883566766287,0.073089011642795604,0.3541671359116933,1.5709633934917504,-0.075462229069730213,3.1393766430942067,30,0.000000000000000000e+00,zone_bc_work_m_v1,0,1610,10,652,0
2,119,116,0.025966583042550173,0.10308903779025148,0.35635190888830809,1.5709477099121867,-0.075459639885903318,3.1395846042927782,10,0.000000000000000000e+00,zone_bc_work_m_v1,0,1610,10,652,0
2,119,117,0.055944044552328709,0.10308876301978083,0.35614978632347633,1.5711135536210441,-0.075486681646368403,3.1373862634040273,30,0.000000000000000000e+00,zone_bc_work_m_v1,0,1610,10,652,0
2,119,118,0.085921506358454636,0.10308849185442841,0.35594761610949871,1.5712795149187579,-0.075512998001303844,3.1351879143568695,30,0.000000000000000000e+00,zone_bc_work_m_v1,0,1610,10,652,0
2,119,119,0.10495900555592885,0.13308926273339641,0.35842919081274477,1.5713930491572285,-0.075434877304743964,3.133674880241021,10,0.000000000000000000e+00,zone_bc_work_m_v1,0,1610,10,652,0
2,119,120,0.074989327495494695,0.13308864376563889,0.35829369257019295,1.5711862548049702,-0.075498301400238388,3.1364230640306063,30,0.000000000000000000e+00,zone_bc_work_m_v1,0,1610,10,652,0
2,119,121,0.04501900463649311,0.13308900696009168,0.35849586141307577,1.5709662043958339,-0.075462692414264065,3.139339372559447,30,0.000000000000000000e+00,zone_bc_work_m_v1,0,1610,10,652,0
2,119,122,0.015048682054050078,0.13308937649598804,0.35869794639888136,1.5707463665566093,-0.0754258077390213,-3.1409296493074366,30,0.000000000000000000e+00,zone_bc_work_m_v1,0,1610,10,652,0
2,119,123,0.023963997266257975,0.16308968516141992,0.36091033207491535,1.5705657311574894,-0.075394517766096625,-3.1385312436097976,10,0.000000000000000000e+00,zone_bc_work_m_v1,0,1610,10,652,0
2,119,124,0.053920256650044074,0.16308913094753166,0.36070829460984671,1.5708919981872018,-0.0754503885946054,3.140323446423583,30,0.000000000000000000e+00,zone_bc_work_m_v1,0,1610,10,652,0
2,119,125,0.083876516371506948,0.16308859071426551,0.36050607222347153,1.5712187402239,-0.07550344734286818,3.1359927682405138,30,0.000000000000000000e+00,zone_bc_work_m_v1,0,1610,10,652,0
2,119,126,0.10701184078594062,0.19308910367663423,0.36300649294399878,1.5713781469537427,-0.075450945021112714,3.1338742471226748,10,0.000000000000000000e+00,zone_bc_work_m_v1,0,1610,10,652,0
2,119,127,0.077067729788814932,0.1930889846528093,0.36282458228208886,1.570979603893675,-0.075464898221669685,3.1391617112781978,30,0.000000000000000000e+00,zone_bc_work_m_v1,0,1610,10,652,0
2,119,128,0.047152019895181807,0.19309006626255121,0.3630265502087876,1.5703462906208239,-0.075355309812054738,-3.1356148792526133,30,0.000000000000000000e+00,zone_bc_work_m_v1,0,1610,10,652,0
2,119,129,0.017170089066262051,0.19309057709595626,0.36321932227384618,1.5702145745463585,-0.075303179607699056,-3.133860033450127,30,0.000000000000000000e+00,zone_bc_work_m_v1,0,1610,10,652,0
