target_line,group_id,point_id,x,y,z,rx,ry,rz,speed,is_discontinuous,base_y_error_mm,base_y_actual_mm,standoff_mm,base_height_mm,lift_mm
1,104,1,1.186707547436363530e+00,2.623778170515819408e+00,1.373495253876949596e+00,-1.571420294520867067e+00,9.467589640598417233e-02,3.134992326680319685e+00,60,0.000000000000000000e+00,0,-1610,50,652,0
1,104,2,1.156809437982056377e+00,2.623775545707848877e+00,1.373494230408771388e+00,-1.571615141940498006e+00,9.472715061133274439e-02,3.132935993988989587e+00,60,0.000000000000000000e+00,0,-1610,50,652,0
1,104,3,1.126911326220066734e+00,2.623772920972077483e+00,1.373492998231342632e+00,-1.571810204672305478e+00,9.477800359348553805e-02,3.130879630993020246e+00,60,0.000000000000000000e+00,0,-1610,50,652,0
1,104,4,1.097013211723165238e+00,2.623770296319511086e+00,1.373491557349828085e+00,-1.572005481875238253e+00,9.482845446468068928e-02,3.128823237822555114e+00,60,0.000000000000000000e+00,0,-1610,50,652,0
1,104,5,1.067115094064135183e+00,2.623767671761155107e+00,1.373489907770268470e+00,-1.572200972704492328e+00,9.487850233891359508e-02,3.126766814608651579e+00,60,0.000000000000000000e+00,0,-1610,50,652,0
1,104,6,1.037216972815770966e+00,2.623765047308014964e+00,1.373488049499579144e+00,-1.572396676311510699e+00,9.492814633195401086e-02,3.124710361483276078e+00,60,0.000000000000000000e+00,0,-1610,50,652,0
1,104,7,1.007318847550883856e+00,2.623762422971095187e+00,1.373485982545550765e+00,-1.572592591843990029e+00,9.497738556135915111e-02,3.122653878579307651e+00,60,0.000000000000000000e+00,0,-1610,50,652,0
1,104,8,9.774207178423008902e-01,2.623759798761399420e+00,1.373483706916849068e+00,-1.572788718445883971e+00,9.502621914649211909e-02,3.120597366030532172e+00,60,0.000000000000000000e+00,0,-1610,50,652,0
1,104,9,9.475225832628682010e-01,2.623757174689931748e+00,1.373481222623014197e+00,-1.572985055257406506e+00,9.507464620853411930e-02,3.118540823971643228e+00,60,0.000000000000000000e+00,0,-1610,50,652,0
1,104,10,9.176244433854523486e-01,2.623754550767695370e+00,1.373478529674462045e+00,-1.573181601415037267e+00,9.512266587050066668e-02,3.116484252538241240e+00,60,0.000000000000000000e+00,0,-1610,50,652,0
1,104,11,8.877262977829418755e-01,2.623751927005692153e+00,1.373475628082482913e+00,-1.573378356051522875e+00,9.517027725726001641e-02,3.114427651866833013e+00,60,0.000000000000000000e+00,0,-1610,50,652,0
1,104,12,8.578281460282495274e-01,2.623749303414924405e+00,1.373472517859242403e+00,-1.573575318295887149e+00,9.521747949554204560e-02,3.112371022094825967e+00,60,0.000000000000000000e+00,0,-1610,50,652,0
1,104,13,8.285183175721508864e-01,2.624065706584606694e+00,1.374356824045434688e+00,-1.574592804853929273e+00,8.882202011105166939e-02,3.098819765855172825e+00,60,0.000000000000000000e+00,0,-1610,50,652,0
1,104,14,7.985438276691874115e-01,2.624081674852898782e+00,1.375632217462734452e+00,-1.574576170203641823e+00,8.850180864448087270e-02,3.098853464964499871e+00,60,0.000000000000000000e+00,0,-1610,50,652,0
1,104,15,7.685671241853175850e-01,2.624096489863217307e+00,1.376907566779502101e+00,-1.574556626676360649e+00,8.820490641650846619e-02,3.098931608090936152e+00,60,0.000000000000000000e+00,0,-1610,50,652,0
1,104,16,7.608123357001326248e-01,2.624100322478558844e+00,1.377237491023577842e+00,-1.574551578502972449e+00,8.812809923496334186e-02,3.098951821624487124e+00,60,0.000000000000000000e+00,0,-1610,50,652,0
1,104,17,7.622355336060500086e-01,2.594533305418792235e+00,1.374663978171237311e+00,-1.574910472321457089e+00,7.941135915252250932e-02,3.089776270619184029e+00,30,0.000000000000000000e+00,0,-1610,50,652,0
1,104,18,7.918703183036501780e-01,2.594204414356779953e+00,1.373242992960450382e+00,-1.574681049622665974e+00,8.603064603691312762e-02,3.096412339198136188e+00,60,0.000000000000000000e+00,0,-1610,50,652,0
1,104,19,8.216316129597276419e-01,2.594054455000199155e+00,1.371954623626080005e+00,-1.574439646716326191e+00,8.905453352090098029e-02,3.100650127929784450e+00,60,0.000000000000000000e+00,0,-1610,50,652,0
1,104,20,8.513929097059886875e-01,2.593904537011225475e+00,1.370664909197601755e+00,-1.574172468796685376e+00,9.207785044534300134e-02,3.104890970833511954e+00,60,0.000000000000000000e+00,0,-1610,50,652,0
1,104,21,8.811558261696157413e-01,2.593852871025775109e+00,1.369746753950143336e+00,-1.573792971203244129e+00,9.312926131617027536e-02,3.109379884601602306e+00,60,0.000000000000000000e+00,0,-1610,50,652,0
1,104,22,9.109188873879963122e-01,2.593810951378931584e+00,1.368864532672221301e+00,-1.573396349434717845e+00,9.398354862850455405e-02,3.113894251149048831e+00,60,0.000000000000000000e+00,0,-1610,50,652,0
1,104,23,9.407558283887691442e-01,2.593801503579411971e+00,1.368111177901532916e+00,-1.573110728328515950e+00,9.418084746138521979e-02,3.116987195382389775e+00,60,0.000000000000000000e+00,0,-1610,50,652,0
1,104,24,9.706581027384491023e-01,2.593820768746282646e+00,1.367472324738546519e+00,-1.572929371782222585e+00,9.379800433622476064e-02,3.118822339579808922e+00,60,0.000000000000000000e+00,0,-1610,50,652,0
1,104,25,1.000561415594407588e+00,2.593834743081584904e+00,1.367038633101386624e+00,-1.572749509943934587e+00,9.352113167944375860e-02,3.120680261775497844e+00,60,0.000000000000000000e+00,0,-1610,50,652,0
1,104,26,1.030466942583708967e+00,2.593837481902006914e+00,1.367040767428683967e+00,-1.572570412701684628e+00,9.346966342735174571e-02,3.122586917892121949e+00,60,0.000000000000000000e+00,0,-1610,50,652,0
1,104,27,1.060372464054762709e+00,2.593840220878845582e+00,1.367042722311742509e+00,-1.572391517423022300e+00,9.341785058718299339e-02,3.124493578644020886e+00,60,0.000000000000000000e+00,0,-1610,50,652,0
1,104,28,1.090277980518388867e+00,2.593842959997292308e+00,1.367044497731144226e+00,-1.572212825112279777e+00,9.336569402688477126e-02,3.126400240495900373e+00,60,0.000000000000000000e+00,0,-1610,50,652,0
1,104,29,1.120183492485492982e+00,2.593845699242534941e+00,1.367046093669411988e+00,-1.572034336769287055e+00,9.331319461827236594e-02,3.128306899913088746e+00,60,0.000000000000000000e+00,0,-1610,50,652,0
1,104,30,1.150089000467057199e+00,2.593848438599760442e+00,1.367047510111008890e+00,-1.571856053389349084e+00,9.326035323699666257e-02,3.130213553361579137e+00,60,0.000000000000000000e+00,0,-1610,50,652,0
1,104,31,1.179994504974131608e+00,2.593851178054153106e+00,1.367048747042340473e+00,-1.571677975963232665e+00,9.320717076252149624e-02,3.132120197308062348e+00,60,0.000000000000000000e+00,0,-1610,50,652,0
1,104,32,1.184924815193382219e+00,2.563654880883675435e+00,1.361575096946236352e+00,-1.571560602353330172e+00,9.715212924212712764e-02,3.133713634650029167e+00,30,0.000000000000000000e+00,0,-1610,50,652,0
1,104,33,1.154987564906073683e+00,2.563599273332795470e+00,1.361770838811858120e+00,-1.571692520488447986e+00,9.826853429358561876e-02,3.132458366794515836e+00,60,0.000000000000000000e+00,0,-1610,50,652,0
1,104,34,1.125083015599570357e+00,2.563571764698528543e+00,1.362067872335881669e+00,-1.571884597079351575e+00,9.881949007753343395e-02,3.130562443462071354e+00,60,0.000000000000000000e+00,0,-1610,50,652,0
1,104,35,1.095203386386155220e+00,2.563565664768069574e+00,1.362441948904264066e+00,-1.572121428852274239e+00,9.893921607860067802e-02,3.128178482293798357e+00,60,0.000000000000000000e+00,0,-1610,50,652,0
1,104,36,1.065323752103559896e+00,2.563559564894032583e+00,1.362815744778787419e+00,-1.572358843486125535e+00,9.905837597584454812e-02,3.125794433077595080e+00,60,0.000000000000000000e+00,0,-1610,50,652,0
1,104,37,1.035444111753032193e+00,2.563553465128043385e+00,1.363189259979464829e+00,-1.572596838954378295e+00,9.917696665300002046e-02,3.123410302633990110e+00,60,0.000000000000000000e+00,0,-1610,50,652,0
1,104,38,1.005621377668829419e+00,2.563668413837207005e+00,1.363847540068844788e+00,-1.572885800887454888e+00,9.686072414606861081e-02,3.119990271084467803e+00,60,0.000000000000000000e+00,0,-1610,50,652,0
1,104,39,9.757377461882508207e-01,2.563749536123923534e+00,1.364540977330884086e+00,-1.573058251181628453e+00,9.522644749914754847e-02,3.117808050793249297e+00,60,0.000000000000000000e+00,0,-1610,50,652,0
1,104,40,9.457911787466171116e-01,2.563771340804074761e+00,1.365184745295916269e+00,-1.573136619605031594e+00,9.478635583835193223e-02,3.116870449644740138e+00,60,0.000000000000000000e+00,0,-1610,50,652,0
1,104,41,9.158674589485169548e-01,2.563796204207509533e+00,1.365848901684234562e+00,-1.573254974481714141e+00,9.428369942520231639e-02,3.115482737060942142e+00,60,0.000000000000000000e+00,0,-1610,50,652,0
1,104,42,8.861877970873011101e-01,2.563853738088452516e+00,1.366730338233314246e+00,-1.573801093026788056e+00,9.311157449759210891e-02,3.109286524761532444e+00,60,0.000000000000000000e+00,0,-1610,50,652,0
1,104,43,8.565070753694199457e-01,2.563963477169879823e+00,1.367755475777943097e+00,-1.574280596118364128e+00,9.088921259007820552e-02,3.103223162404137092e+00,60,0.000000000000000000e+00,0,-1610,50,652,0
1,104,44,8.268244545467413609e-01,2.564169273482330258e+00,1.369046156364594591e+00,-1.574626796025259567e+00,8.673922091467423101e-02,3.097405043201526098e+00,60,0.000000000000000000e+00,0,-1610,50,652,0
1,104,45,7.970803526926386606e-01,2.564353798785275362e+00,1.370453876425545614e+00,-1.574834007485185428e+00,8.302177361645468601e-02,3.092940900283037475e+00,60,0.000000000000000000e+00,0,-1610,50,652,0
1,104,46,7.672599006827356405e-01,2.564511870087721856e+00,1.372008742795603808e+00,-1.574902549435924559e+00,7.984241399767122438e-02,3.090154008281581266e+00,60,0.000000000000000000e+00,0,-1610,50,652,0
1,104,47,7.632166600470211559e-01,2.564533305418792430e+00,1.372219492588424572e+00,-1.574910472321457089e+00,7.941135915252250932e-02,3.089776270619184029e+00,60,0.000000000000000000e+00,0,-1610,50,652,0
1,104,48,7.641977864879925253e-01,2.534533305418792182e+00,1.369775007005611611e+00,-1.574910472321457089e+00,7.941135915252250932e-02,3.089776270619184029e+00,30,0.000000000000000000e+00,0,-1610,50,652,0
1,104,49,7.940757105672726635e-01,2.534440330233573402e+00,1.368222777078578201e+00,-1.574873736677090630e+00,8.128119383898901873e-02,3.091415004404944877e+00,60,0.000000000000000000e+00,0,-1610,50,652,0
1,104,50,8.239536317062952087e-01,2.534347369009127604e+00,1.366670239228796158e+00,-1.574830842025402466e+00,8.315112127163493128e-02,3.093054312220145263e+00,60,0.000000000000000000e+00,0,-1610,50,652,0
1,104,51,8.537173949730745282e-01,2.534181364146606441e+00,1.365198716264832690e+00,-1.574645622508638487e+00,8.649542436379897836e-02,3.097063466294092571e+00,60,0.000000000000000000e+00,0,-1610,50,652,0
1,104,52,8.832264200702553136e-01,2.533880499715163381e+00,1.363951658539389822e+00,-1.574050139762411149e+00,9.256534723753029326e-02,3.106405286983700442e+00,60,0.000000000000000000e+00,0,-1610,50,652,0
1,104,53,9.127350363813704348e-01,2.533790343868477013e+00,1.363079226418789869e+00,-1.573204238691586099e+00,9.440277406108221747e-02,3.116053441579810013e+00,60,0.000000000000000000e+00,0,-1610,50,652,0
1,104,54,9.426539727567071481e-01,2.533755594449999649e+00,1.362434940078090406e+00,-1.573080109145339911e+00,9.510417463873976907e-02,3.117547527488909509e+00,60,0.000000000000000000e+00,0,-1610,50,652,0
1,104,55,9.725666858042867347e-01,2.533703652849193411e+00,1.361740098756583528e+00,-1.572951895484556495e+00,9.615102658359431231e-02,3.119143238482535274e+00,60,0.000000000000000000e+00,0,-1610,50,652,0
1,104,56,1.002472465318304362e+00,2.533632553371838458e+00,1.360988840483347895e+00,-1.572817291526585226e+00,9.758294321352845024e-02,3.120852469306532928e+00,60,0.000000000000000000e+00,0,-1610,50,652,0
1,104,57,1.032378251620155618e+00,2.533561463904516753e+00,1.360237335907299894e+00,-1.572677751072813823e+00,9.901467606446900938e-02,3.122562376295435538e+00,60,0.000000000000000000e+00,0,-1610,50,652,0
1,104,58,1.062221622743922289e+00,2.533559220254447464e+00,1.359813798613260127e+00,-1.572372274745973186e+00,9.906509153936204903e-02,3.125659732026532467e+00,60,0.000000000000000000e+00,0,-1610,50,652,0
1,104,59,1.092055262079663080e+00,2.533567697585774603e+00,1.359440853499101598e+00,-1.572042439049011531e+00,9.889937974280282873e-02,3.128972955131142708e+00,60,0.000000000000000000e+00,0,-1610,50,652,0
1,104,60,1.121897779617398117e+00,2.533583871494537121e+00,1.359087557483573683e+00,-1.571729561703729683e+00,9.857773950699044718e-02,3.132110590514700643e+00,60,0.000000000000000000e+00,0,-1610,50,652,0
1,104,61,1.151810838258606973e+00,2.533661151544639445e+00,1.358894160985759658e+00,-1.571545904921294534e+00,9.702623294646151031e-02,3.133855151533409433e+00,60,0.000000000000000000e+00,0,-1610,50,652,0
1,104,62,1.181730603158941406e+00,2.533726043543436113e+00,1.358703319868320492e+00,-1.571382146575537986e+00,9.572344114577235885e-02,3.135463453749319562e+00,60,0.000000000000000000e+00,0,-1610,50,652,0
1,104,63,1.182892306029570850e+00,2.503708284136926032e+00,1.355841374949155576e+00,-1.571333063767342608e+00,9.608056150881494339e-02,3.135997784980505187e+00,30,0.000000000000000000e+00,0,-1610,50,652,0
1,104,64,1.152910541060518934e+00,2.503720188586770590e+00,1.356011693725822642e+00,-1.571366007580112356e+00,9.584117870635844305e-02,3.135639605150276399e+00,60,0.000000000000000000e+00,0,-1610,50,652,0
1,104,65,1.122963205363320727e+00,2.503693567492948358e+00,1.356187086401260622e+00,-1.571470503671417163e+00,9.637540631468377583e-02,3.134586605684456018e+00,60,0.000000000000000000e+00,0,-1610,50,652,0
1,104,66,1.093113704840710465e+00,2.503574316189942639e+00,1.356387291253561278e+00,-1.571785708139286530e+00,9.876924375578477466e-02,3.131559582162561473e+00,60,0.000000000000000000e+00,0,-1610,50,652,0
1,104,67,1.063384818163416012e+00,2.503560424478144419e+00,1.356758620323613940e+00,-1.572325351997130749e+00,9.904161844015346716e-02,3.126130396496483943e+00,60,0.000000000000000000e+00,0,-1610,50,652,0
1,104,68,1.033576173824253930e+00,2.503569579088864128e+00,1.357275011115996355e+00,-1.572693930985644917e+00,9.885123668838979860e-02,3.122367135475251132e+00,60,0.000000000000000000e+00,0,-1610,50,652,0
1,104,69,1.003640323345265983e+00,2.503615504386005775e+00,1.358024638166680065e+00,-1.572784278242709055e+00,9.792630636524912724e-02,3.121262462081019429e+00,60,0.000000000000000000e+00,0,-1610,50,652,0
1,104,70,9.737044757622499436e-01,2.503661433913628720e+00,1.358774162426575005e+00,-1.572872564931121264e+00,9.700129730931639216e-02,3.120158072248592429e+00,60,0.000000000000000000e+00,0,-1610,50,652,0
1,104,71,9.437686309053161526e-01,2.503707367529530714e+00,1.359523583885260400e+00,-1.572958791909028875e+00,9.607621499592400305e-02,3.119053962303789618e+00,60,0.000000000000000000e+00,0,-1610,50,652,0
1,104,72,9.138764869297120175e-01,2.503767109374978261e+00,1.360237092529461789e+00,-1.573121476598950075e+00,9.487176378030581780e-02,3.117052389169386650e+00,60,0.000000000000000000e+00,0,-1610,50,652,0
1,104,73,8.847889964255166717e-01,2.504113200018750263e+00,1.361165288684086816e+00,-1.574537290204968354e+00,8.786991815309175280e-02,3.098989532290812310e+00,60,0.000000000000000000e+00,0,-1610,50,652,0
1,104,74,8.551117965672183630e-01,2.504335263596522587e+00,1.362664584035966131e+00,-1.574824802246207245e+00,8.339465030969051007e-02,3.093267845333206534e+00,60,0.000000000000000000e+00,0,-1610,50,652,0
1,104,75,8.252099354370725504e-01,2.504401103583862920e+00,1.364216120665551868e+00,-1.574856388728482770e+00,8.207019806497783954e-02,3.092106637332807217e+00,60,0.000000000000000000e+00,0,-1610,50,652,0
1,104,76,7.953080729927839432e-01,2.504466950757078259e+00,1.365767502828090674e+00,-1.574884884388808803e+00,8.074578688108702273e-02,3.090945722391776673e+00,60,0.000000000000000000e+00,0,-1610,50,652,0
1,104,77,7.654062089643025590e-01,2.504532804810231106e+00,1.367318730512327996e+00,-1.574910291020621855e+00,7.942142593390699723e-02,3.089785091967561570e+00,60,0.000000000000000000e+00,0,-1610,50,652,0
1,104,78,7.651789129289638947e-01,2.504533305418792377e+00,1.367330521422798650e+00,-1.574910472321457089e+00,7.941135915252250932e-02,3.089776270619184029e+00,60,0.000000000000000000e+00,0,-1610,50,652,0
1,104,79,7.661600393699352640e-01,2.474533305418792128e+00,1.364886035839985912e+00,-1.574910472321457089e+00,7.941135915252250932e-02,3.089776270619184029e+00,30,0.000000000000000000e+00,0,-1610,50,652,0
1,104,80,7.961004997765248614e-01,2.474579375822141714e+00,1.363341796813725137e+00,-1.574831300923498212e+00,7.848990903031638489e-02,3.090177353577963082e+00,60,0.000000000000000000e+00,0,-1610,50,652,0
1,104,81,8.260409561719392890e-01,2.474625449606745242e+00,1.361797507525897677e+00,-1.574752873745564719e+00,7.756840798186792618e-02,3.090578305668912229e+00,60,0.000000000000000000e+00,0,-1610,50,652,0
1,104,82,8.559814085858019617e-01,2.474671526702722613e+00,1.360253167969480925e+00,-1.574675190489050580e+00,7.664685707431595496e-02,3.090979128413100518e+00,60,0.000000000000000000e+00,0,-1610,50,652,0
1,104,83,8.857783864061583579e-01,2.474750675544747924e+00,1.358736098663929193e+00,-1.574346656324766780e+00,7.507345170303025839e-02,3.094291898851111444e+00,60,0.000000000000000000e+00,0,-1610,50,652,0
1,104,84,9.151959645736189586e-01,2.474721037359606246e+00,1.357561717468859452e+00,-1.573526840629292378e+00,7.570251900663027556e-02,3.105504768304973240e+00,60,0.000000000000000000e+00,0,-1610,50,652,0
1,104,85,9.448673871346737752e-01,2.474390050201519475e+00,1.356676668654615892e+00,-1.573245161538606940e+00,8.235583888980424483e-02,3.111832939217054506e+00,60,0.000000000000000000e+00,0,-1610,50,652,0
1,104,86,9.746478078279263713e-01,2.474124423567777953e+00,1.355860515914868003e+00,-1.573036793727059068e+00,8.769542920778050643e-02,3.116017137872607812e+00,60,0.000000000000000000e+00,0,-1610,50,652,0
1,104,87,1.004510962575664745e+00,2.473908373503221458e+00,1.355097951870043893e+00,-1.572912588606186102e+00,9.203823544501532616e-02,3.118570902614273610e+00,60,0.000000000000000000e+00,0,-1610,50,652,0
1,104,88,1.034374139342945087e+00,2.473692409788350144e+00,1.354334125203739969e+00,-1.572766016456584648e+00,9.638095675787705652e-02,3.121127307869970391e+00,60,0.000000000000000000e+00,0,-1610,50,652,0
1,104,89,1.064024633668937403e+00,2.473565306395387520e+00,1.353710477158150960e+00,-1.572135360983409669e+00,9.894623246444078646e-02,3.128038420590447011e+00,60,0.000000000000000000e+00,0,-1610,50,652,0
1,104,90,1.093656547614810126e+00,2.473726300380980181e+00,1.353492936782476619e+00,-1.571382853577700800e+00,9.571827635777951926e-02,3.135455726750588035e+00,60,0.000000000000000000e+00,0,-1610,50,652,0
1,104,91,1.123643882040267661e+00,2.473718129632825224e+00,1.353322949635037853e+00,-1.571360322154153000e+00,9.588258196741339390e-02,3.135701552413205473e+00,60,0.000000000000000000e+00,0,-1610,50,652,0
1,104,92,1.153631216632072354e+00,2.473709959010842674e+00,1.353152958162449071e+00,-1.571337709237272673e+00,9.604688234847569284e-02,3.135947389582588674e+00,60,0.000000000000000000e+00,0,-1610,50,652,0
1,104,93,1.183618551391812712e+00,2.473701788516097011e+00,1.352982962364801756e+00,-1.571315014822196598e+00,9.621117745396201570e-02,3.136193238281724138e+00,60,0.000000000000000000e+00,0,-1610,50,652,0
1,104,94,1.181382920587742857e+00,2.444582893617277097e+00,1.350382608931592454e+00,-1.571914025391765168e+00,7.851482957385269579e-02,3.127343466173370334e+00,30,0.000000000000000000e+00,0,-1610,50,652,0
1,104,95,1.151439941577307335e+00,2.444627308137684363e+00,1.350577385011666465e+00,-1.571989233218895166e+00,7.762261610273046841e-02,3.126210389484106678e+00,60,0.000000000000000000e+00,0,-1610,50,652,0
1,104,96,1.121496964853927247e+00,2.444671725471962098e+00,1.350772057727128495e+00,-1.572062408633648101e+00,7.673033967781184295e-02,3.125077537083331247e+00,60,0.000000000000000000e+00,0,-1610,50,652,0
1,104,97,1.091553990242210892e+00,2.444716145481991454e+00,1.350966627071072734e+00,-1.572133552291201886e+00,7.583800580889121790e-02,3.123944905581989673e+00,60,0.000000000000000000e+00,0,-1610,50,652,0
1,104,98,1.061611017566756576e+00,2.444760568029640257e+00,1.351161093037237748e+00,-1.572202664852450082e+00,7.494562000333337970e-02,3.122812491591377970e+00,60,0.000000000000000000e+00,0,-1610,50,652,0
1,104,99,1.032243677420775274e+00,2.444821806948799026e+00,1.351980654457504816e+00,-1.573098545858984121e+00,7.369473118105229759e-02,3.110334546807525857e+00,60,0.000000000000000000e+00,0,-1610,50,652,0
1,104,100,1.002344177961566496e+00,2.444832694436575693e+00,1.352847822243967268e+00,-1.573221494097187811e+00,7.347233477413595004e-02,3.108566987606908416e+00,60,0.000000000000000000e+00,0,-1610,50,652,0
1,104,101,9.724446748480473079e-01,2.444843582143557015e+00,1.353714832652857636e+00,-1.573343659262428140e+00,7.324973418707281247e-02,3.106799510756331095e+00,60,0.000000000000000000e+00,0,-1610,50,652,0
1,104,102,9.425451676639791110e-01,2.444854470018189563e+00,1.354581685694192572e+00,-1.573465040914427071e+00,7.302693251827752086e-02,3.105032118656736451e+00,60,0.000000000000000000e+00,0,-1610,50,652,0
1,104,103,9.126456559931619417e-01,2.444865358008917244e+00,1.355448381379479095e+00,-1.573585638627360339e+00,7.280393286743391812e-02,3.103264813706868352e+00,60,0.000000000000000000e+00,0,-1610,50,652,0
1,104,104,8.828233340561271181e-01,2.444834645768272363e+00,1.356703868522102674e+00,-1.573830496054619665e+00,7.341058040000580931e-02,3.100247456856306094e+00,60,0.000000000000000000e+00,0,-1610,50,652,0
1,104,105,8.530391283632206001e-01,2.444783375741470977e+00,1.358150972816671409e+00,-1.574143260770089370e+00,7.442627943598778550e-02,3.096611515862189634e+00,60,0.000000000000000000e+00,0,-1610,50,652,0
1,104,106,8.232548769973517810e-01,2.444732109757536520e+00,1.359597371297361024e+00,-1.574463492541240406e+00,7.544066061873877516e-02,3.092974701544961569e+00,60,0.000000000000000000e+00,0,-1610,50,652,0
1,104,107,7.934040294775734914e-01,2.444641809476943539e+00,1.361092305414349557e+00,-1.574725206178546832e+00,7.724120552959012898e-02,3.090720637498098888e+00,60,0.000000000000000000e+00,0,-1610,50,652,0
1,104,108,7.671411658109066334e-01,2.444533305418792324e+00,1.362441550257172729e+00,-1.574910472321457089e+00,7.941135915252250932e-02,3.089776270619184029e+00,60,0.000000000000000000e+00,0,-1610,50,652,0
1,104,109,7.690673345827041540e-01,2.415691700322764035e+00,1.360294274663434333e+00,-1.574734311494343952e+00,5.615793860492712675e-02,3.071546818403809720e+00,30,0.000000000000000000e+00,0,-1610,50,652,0
1,104,110,7.983193224894593598e-01,2.415217871205758815e+00,1.358663320113409068e+00,-1.574476673163742069e+00,6.568712515837171750e-02,3.085582304872978909e+00,60,0.000000000000000000e+00,0,-1610,50,652,0
1,104,111,8.280432366243146713e-01,2.415119319263111741e+00,1.357210924685265718e+00,-1.574260676912442314e+00,6.767696439804438135e-02,3.090408593802346005e+00,60,0.000000000000000000e+00,0,-1610,50,652,0
1,104,112,8.577671128320283334e-01,2.415020779016364028e+00,1.355757174269266230e+00,-1.574025465594861561e+00,6.966623609664512884e-02,3.095236649388232397e+00,60,0.000000000000000000e+00,0,-1610,50,652,0
1,104,113,8.874909609185364090e-01,2.414922254480870834e+00,1.354302068669320569e+00,-1.573771027604436767e+00,7.165472861780952663e-02,3.100066502000846214e+00,60,0.000000000000000000e+00,0,-1610,50,652,0
1,104,114,9.172884751544976289e-01,2.414863100422618647e+00,1.353116714765913997e+00,-1.573560697638512806e+00,7.285018702861556505e-02,3.103631249709168038e+00,60,0.000000000000000000e+00,0,-1610,50,652,0
1,104,115,9.471728338759006771e-01,2.414850335578308194e+00,1.352250393726390332e+00,-1.573419041285032405e+00,7.311155988179907084e-02,3.105703235582453203e+00,60,0.000000000000000000e+00,0,-1610,50,652,0
1,104,116,9.770571866475852296e-01,2.414837570920476129e+00,1.351383856398195471e+00,-1.573276307644777106e+00,7.337265899497968924e-02,3.107775339989446550e+00,60,0.000000000000000000e+00,0,-1610,50,652,0
1,104,117,1.000211372644626007e+00,2.384819469319640728e+00,1.348514783503804049e+00,-1.573072045453699941e+00,7.374245519759670131e-02,3.110714071608107645e+00,30,0.000000000000000000e+00,0,-1610,50,652,0
1,104,118,9.703484926429064572e-01,2.384834892228820280e+00,1.349381113169648039e+00,-1.573246217629891586e+00,7.342741664657514988e-02,3.108210195468436243e+00,60,0.000000000000000000e+00,0,-1610,50,652,0
1,104,119,9.404856051395593663e-01,2.384850315556991340e+00,1.350247127033556982e+00,-1.573418818253088380e+00,7.311196962697552593e-02,3.105706485551258389e+00,60,0.000000000000000000e+00,0,-1610,50,652,0
1,104,120,9.106227089514280504e-01,2.384865739157602249e+00,1.351112825125741157e+00,-1.573589846088607747e+00,7.279612294784043591e-02,3.103202948678938089e+00,60,0.000000000000000000e+00,0,-1610,50,652,0
1,104,121,8.809095020413477695e-01,2.384963140382448277e+00,1.352444974284601198e+00,-1.573878954898509042e+00,7.082960463565779463e-02,3.098061874266709204e+00,60,0.000000000000000000e+00,0,-1610,50,652,0
1,104,122,8.512357655431774806e-01,2.385082196585912140e+00,1.353898486458520178e+00,-1.574174326995839257e+00,6.842642079268546063e-02,3.092227161155457260e+00,60,0.000000000000000000e+00,0,-1610,50,652,0
1,104,123,8.215619790658268418e-01,2.385201272073364187e+00,1.355350020289848523e+00,-1.574441639311633612e+00,6.602229199263121018e-02,3.086395044008046984e+00,60,0.000000000000000000e+00,0,-1610,50,652,0
1,104,124,7.919624343819475776e-01,2.385397037122389818e+00,1.356976658988279461e+00,-1.574666337589288645e+00,6.207897126226025186e-02,3.079292884543364472e+00,60,0.000000000000000000e+00,0,-1610,50,652,0
1,104,125,7.701224734965896879e-01,2.385691700322764230e+00,1.358525562552297394e+00,-1.574734311494343952e+00,5.615793860492712675e-02,3.071546818403809720e+00,60,0.000000000000000000e+00,0,-1610,50,652,0
1,104,126,7.711776124104752217e-01,2.355691700322763982e+00,1.356756850441160234e+00,-1.574734311494343952e+00,5.615793860492712675e-02,3.071546818403809720e+00,30,0.000000000000000000e+00,0,-1610,50,652,0
1,104,127,8.007995346430341055e-01,2.355459892006517286e+00,1.354667282403963835e+00,-1.574688544794425882e+00,6.081557272160775796e-02,3.077639842008498050e+00,60,0.000000000000000000e+00,0,-1610,50,652,0
1,104,128,8.304151110985034112e-01,2.355248958196718867e+00,1.352740275930383262e+00,-1.574540818500631545e+00,6.505940711527546938e-02,3.084060360692944869e+00,60,0.000000000000000000e+00,0,-1610,50,652,0
1,104,129,8.600124326987701462e-01,2.355098551209933611e+00,1.351291292468494554e+00,-1.574212705572345161e+00,6.809624940564584783e-02,3.091425938416584085e+00,60,0.000000000000000000e+00,0,-1610,50,652,0
1,104,130,8.896096707735061671e-01,2.354948173435967185e+00,1.349839152905886852e+00,-1.573839831727472660e+00,7.113166589061736822e-02,3.098795645900399354e+00,60,0.000000000000000000e+00,0,-1610,50,652,0
1,104,131,9.193170804212442704e-01,2.354859742278105905e+00,1.348663713438582601e+00,-1.573523535638293946e+00,7.291897434923688692e-02,3.104176328880849045e+00,60,0.000000000000000000e+00,0,-1610,50,652,0
1,104,132,9.491472143682435636e-01,2.354840261155878522e+00,1.347798724674317938e+00,-1.573306479478918884e+00,7.331765325654049370e-02,3.107338617534813441e+00,60,0.000000000000000000e+00,0,-1610,50,652,0
1,104,133,9.789773356902164991e-01,2.354820780620712206e+00,1.346933232102806688e+00,-1.573086915407075237e+00,7.371568539380612961e-02,3.110501175166248800e+00,60,0.000000000000000000e+00,0,-1610,50,652,0
1,104,134,9.979411988910820153e-01,2.324798368671879167e+00,1.344112779010441239e+00,-1.572755463406070753e+00,7.417484787509254218e-02,3.115162129118742129e+00,30,0.000000000000000000e+00,0,-1610,50,652,0
1,104,135,9.681333260683109287e-01,2.324814383591103262e+00,1.345046314260311071e+00,-1.573010344242012248e+00,7.384636846251479980e-02,3.111592941538215751e+00,60,0.000000000000000000e+00,0,-1610,50,652,0
1,104,136,9.383574974073762842e-01,2.324840246874637639e+00,1.345914368271103445e+00,-1.573306319436926781e+00,7.331794528907531472e-02,3.107340935878061483e+00,60,0.000000000000000000e+00,0,-1610,50,652,0
1,104,137,9.085835067795149378e-01,2.324866682927589689e+00,1.346777738091062826e+00,-1.573600260128453554e+00,7.277678362736184070e-02,3.103049763954881080e+00,60,0.000000000000000000e+00,0,-1610,50,652,0
1,104,138,8.790909055076858714e-01,2.325055430616976615e+00,1.348178595882643993e+00,-1.574110372514400336e+00,6.896675621808756595e-02,3.093538586469011253e+00,60,0.000000000000000000e+00,0,-1610,50,652,0
1,104,139,8.496246870882078195e-01,2.325259529515629975e+00,1.349624583129766187e+00,-1.574562196024002825e+00,6.484594397489562567e-02,3.083542860998217172e+00,60,0.000000000000000000e+00,0,-1610,50,652,0
1,104,140,8.199468686500275272e-01,2.325428754737062675e+00,1.351629040351033595e+00,-1.574678066696018064e+00,6.144141530036595356e-02,3.078458679415743582e+00,60,0.000000000000000000e+00,0,-1610,50,652,0
1,104,141,7.902354812699892150e-01,2.325592481236365305e+00,1.353721181686242003e+00,-1.574721676162764705e+00,5.815115396657666302e-02,3.074154150886715176e+00,60,0.000000000000000000e+00,0,-1610,50,652,0
1,104,142,7.722327513243607555e-01,2.325691700322764177e+00,1.354988138330023295e+00,-1.574734311494343952e+00,5.615793860492712675e-02,3.071546818403809720e+00,60,0.000000000000000000e+00,0,-1610,50,652,0
1,104,143,7.732878902382462893e-01,2.295691700322763928e+00,1.353219426218886356e+00,-1.574734311494343952e+00,5.615793860492712675e-02,3.071546818403809720e+00,30,0.000000000000000000e+00,0,-1610,50,652,0
1,104,144,8.030481755657452592e-01,2.295565122318134588e+00,1.351127144178476236e+00,-1.574716362272262860e+00,5.870086361782345108e-02,3.074873260488833804e+00,60,0.000000000000000000e+00,0,-1610,50,652,0
1,104,145,8.328084272128359888e-01,2.295438561716184545e+00,1.349033987525557254e+00,-1.574681477628274484e+00,6.124429506496698039e-02,3.078200767785099323e+00,60,0.000000000000000000e+00,0,-1610,50,652,0
1,104,146,8.625686495550035637e-01,2.295312021844649220e+00,1.346939956174009412e+00,-1.574629640611021397e+00,6.378809842358990068e-02,3.081529419660210767e+00,60,0.000000000000000000e+00,0,-1610,50,652,0
1,104,147,8.918689948690143865e-01,2.295031663741836869e+00,1.345373806064377842e+00,-1.574052393084899748e+00,6.944652207683388312e-02,3.094703221862792120e+00,60,0.000000000000000000e+00,0,-1610,50,652,0
1,104,148,9.212854774645433675e-01,2.294848926158219005e+00,1.344212329157556507e+00,-1.573403334248212548e+00,7.314040266943466762e-02,3.105932021194982351e+00,60,0.000000000000000000e+00,0,-1610,50,652,0
1,104,149,9.509744765483161277e-01,2.294812894672041192e+00,1.343337853052307906e+00,-1.572986746171523009e+00,7.387694393188626307e-02,3.111924759464374191e+00,60,0.000000000000000000e+00,0,-1610,50,652,0
1,104,150,9.808150087196116917e-01,2.294799826770706819e+00,1.342403616778050868e+00,-1.572778765926695854e+00,7.414497699735411729e-02,3.114837155438376470e+00,60,0.000000000000000000e+00,0,-1610,50,652,0
1,104,151,9.957874511477489143e-01,2.264788966716851704e+00,1.339689362345158674e+00,-1.572604741984190202e+00,7.436728379104495801e-02,3.117257653966905462e+00,30,0.000000000000000000e+00,0,-1610,50,652,0
1,104,152,9.659244182274475676e-01,2.264800003544040319e+00,1.340624406855368100e+00,-1.572781589704325134e+00,7.414135509511088351e-02,3.114797757270432399e+00,60,0.000000000000000000e+00,0,-1610,50,652,0
1,104,153,9.360613788984530892e-01,2.264811040461073954e+00,1.341559148818908032e+00,-1.572957330344466165e+00,7.391501037749126368e-02,3.112337989036888075e+00,60,0.000000000000000000e+00,0,-1610,50,652,0
1,104,154,9.066196258803131958e-01,2.264895041217133809e+00,1.342463265295337882e+00,-1.573697350760436375e+00,7.220386719214277882e-02,3.101401028773100865e+00,60,0.000000000000000000e+00,0,-1610,50,652,0
1,104,155,8.776914493723819710e-01,2.265333870047536724e+00,1.344187487827923633e+00,-1.574639802984293624e+00,6.334883539570124178e-02,3.080954571164499889e+00,60,0.000000000000000000e+00,0,-1610,50,652,0
1,104,156,8.479004334063338089e-01,2.265437001655421057e+00,1.346281890438660422e+00,-1.574680941841321680e+00,6.127565196321027585e-02,3.078241794806198417e+00,60,0.000000000000000000e+00,0,-1610,50,652,0
1,104,157,8.181093980109845898e-01,2.265540147060262743e+00,1.348375712049977082e+00,-1.574710820336668204e+00,5.920271446483149624e-02,3.075529779355994364e+00,60,0.000000000000000000e+00,0,-1610,50,652,0
1,104,158,7.883183408175835627e-01,2.265643304460658314e+00,1.350468952705884629e+00,-1.574729447621365797e+00,5.713009573244631767e-02,3.072818481842098048e+00,60,0.000000000000000000e+00,0,-1610,50,652,0
1,104,159,7.743430291521318232e-01,2.265691700322764124e+00,1.351450714107749196e+00,-1.574734311494343952e+00,5.615793860492712675e-02,3.071546818403809720e+00,60,0.000000000000000000e+00,0,-1610,50,652,0
1,104,160,7.753981680660171349e-01,2.235691700322763875e+00,1.349682001996612257e+00,-1.574734311494343952e+00,5.615793860492712675e-02,3.071546818403809720e+00,30,0.000000000000000000e+00,0,-1610,50,652,0
1,104,161,8.052385226604834578e-01,2.235882031550956661e+00,1.347602012176565056e+00,-1.574375563986663451e+00,5.236135474969727532e-02,3.073310966313009374e+00,60,0.000000000000000000e+00,0,-1610,50,652,0
1,104,162,8.350788005226601474e-01,2.236072403218833049e+00,1.345521147593015332e+00,-1.574030251140653203e+00,4.856364964720794042e-02,3.075073065846422704e+00,60,0.000000000000000000e+00,0,-1610,50,652,0
1,104,163,8.649190039301488664e-01,2.236262810305489790e+00,1.343439407825382625e+00,-1.573698357974261164e+00,4.476490447884895474e-02,3.076833229074544818e+00,60,0.000000000000000000e+00,0,-1610,50,652,0
1,104,164,8.947591351644812452e-01,2.236453247788150023e+00,1.341356792499254214e+00,-1.573379870415574144e+00,4.096520029496497628e-02,3.078591567960015318e+00,60,0.000000000000000000e+00,0,-1610,50,652,0
1,104,165,9.237046198382612427e-01,2.236756234966868817e+00,1.339983952581219606e+00,-1.572283989130129456e+00,3.495077429259030311e-02,3.099045145234367915e+00,60,0.000000000000000000e+00,0,-1610,50,652,0
1,104,166,9.532651796550863921e-01,2.235935292062165569e+00,1.338847138281070714e+00,-1.572554156294827532e+00,5.138675280276427948e-02,3.107383076383709142e+00,30,0.000000000000000000e+00,0,-1610,50,652,0
1,104,167,9.830414829336302507e-01,2.235616007180123432e+00,1.337899039959923986e+00,-1.572531562206016975e+00,5.778600861579419323e-02,3.111556298094283246e+00,60,0.000000000000000000e+00,0,-1610,50,652,0
1,104,168,7.862093349148906452e-01,2.205830111502512736e+00,1.347237471256918617e+00,-1.574472084860913723e+00,5.339704714254067675e-02,3.072829975195165098e+00,30,0.000000000000000000e+00,0,-1610,50,652,0
1,104,169,7.764533069799028908e-01,2.205691700322764071e+00,1.347913289885475319e+00,-1.574734311494343952e+00,5.615793860492712675e-02,3.071546818403809720e+00,60,0.000000000000000000e+00,0,-1610,50,652,0
1,104,170,7.779524144754543791e-01,2.178231658420234140e+00,1.346461028647982783e+00,-1.571223259062203947e+00,5.450135453743509828e-03,3.063417653448994304e+00,30,0.000000000000000000e+00,0,-1610,50,652,0
1,104,171,7.842812921436159712e-01,2.148144772631601196e+00,1.345800108542806850e+00,-1.571344919134616269e+00,7.183666030586621787e-03,3.065373302489066809e+00,30,0.000000000000000000e+00,0,-1610,50,652,0
1,104,172,7.791631308472410922e-01,2.148231658420233892e+00,1.346201680042176996e+00,-1.571223259062203947e+00,5.450135453743509828e-03,3.063417653448994304e+00,60,0.000000000000000000e+00,0,-1610,50,652,0
1,104,173,7.803738472190278053e-01,2.118231658420234087e+00,1.345942331436371209e+00,-1.571223259062203947e+00,5.450135453743509828e-03,3.063417653448994304e+00,30,0.000000000000000000e+00,0,-1610,50,652,0
1,104,174,7.821364656004796689e-01,2.088228226751599692e+00,1.345639731344661971e+00,-1.571228192736104035e+00,5.518593635797763852e-03,3.063494897887524715e+00,30,0.000000000000000000e+00,0,-1610,50,652,0
1,104,175,7.815845635908145184e-01,2.088231658420233838e+00,1.345682982830565422e+00,-1.571223259062203947e+00,5.450135453743509828e-03,3.063417653448994304e+00,60,0.000000000000000000e+00,0,-1610,50,652,0
1,104,176,7.827952799626012315e-01,2.058231658420234034e+00,1.345423634224759413e+00,-1.571223259062203947e+00,5.450135453743509828e-03,3.063417653448994304e+00,30,0.000000000000000000e+00,0,-1610,50,652,0
1,104,177,7.840059963343879446e-01,2.028231658420233785e+00,1.345164285618953626e+00,-1.571223259062203947e+00,5.450135453743509828e-03,3.063417653448994304e+00,30,0.000000000000000000e+00,0,-1610,50,652,0
1,104,178,7.852167127061746577e-01,1.998231658420233980e+00,1.344904937013147617e+00,-1.571223259062203947e+00,5.450135453743509828e-03,3.063417653448994304e+00,30,0.000000000000000000e+00,0,-1610,50,652,0
1,104,179,7.864274290779613708e-01,1.968231658420233954e+00,1.344645588407341830e+00,-1.571223259062203947e+00,5.450135453743509828e-03,3.063417653448994304e+00,30,0.000000000000000000e+00,0,-1610,50,652,0
1,104,180,7.880078422611218603e-01,1.941597019353666465e+00,1.345881127040882141e+00,-1.565679124762834107e+00,-6.166821876291739279e-02,3.058749781606119988e+00,30,0.000000000000000000e+00,0,-1610,50,652,0
1,104,181,7.900511286168081515e-01,1.913822376860183638e+00,1.348492797280117061e+00,-1.560720086780715832e+00,-1.060733296344200660e-01,3.046703728670391520e+00,30,0.000000000000000000e+00,0,-1610,50,652,0
1,104,182,7.926737565448613854e-01,1.886622278520920348e+00,1.352624322616609032e+00,-1.551843898037326808e+00,-1.619719239798382837e-01,3.024591627866043630e+00,30,0.000000000000000000e+00,0,-1610,50,652,0
1,105,1,1.306299970721655823e+00,2.623788670249567634e+00,1.373497260584478852e+00,-1.570643074653477633e+00,9.446688516854928608e-02,-3.139967955351230522e+00,60,0.000000000000000000e+00,0,-1610,50,652,0
1,105,2,1.276401866225618686e+00,2.623786045262864075e+00,1.373497071987453522e+00,-1.570837052489130858e+00,9.451973535443536356e-02,3.141161141638740606e+00,60,0.000000000000000000e+00,0,-1610,50,652,0
1,105,3,1.246503761130895116e+00,2.623783420304333536e+00,1.373496674669267836e+00,-1.571031248963537408e+00,9.457218788544774490e-02,3.139104900633054029e+00,60,0.000000000000000000e+00,0,-1610,50,652,0
1,105,4,1.216605655010227549e+00,2.623780795384982767e+00,1.373496068631586686e+00,-1.571225663250703786e+00,9.462424186694495809e-02,3.137048628937779693e+00,60,0.000000000000000000e+00,0,-1610,50,652,0
1,105,5,1.209900006517824034e+00,2.593853917590895009e+00,1.367049804451752504e+00,-1.571500105477142917e+00,9.315364807809611847e-02,3.134026828219971250e+00,30,0.000000000000000000e+00,0,-1610,50,652,0
1,105,6,1.239805505609291814e+00,2.593856657195167781e+00,1.367050682329534084e+00,-1.571322442912708839e+00,9.309978607072655343e-02,3.135933442565519869e+00,60,0.000000000000000000e+00,0,-1610,50,652,0
1,105,7,1.269711002759731810e+00,2.593859396852152166e+00,1.367051380667916094e+00,-1.571144989246962886e+00,9.304558563115072900e-02,3.137840036813741129e+00,60,0.000000000000000000e+00,0,-1610,50,652,0
1,105,8,1.299616498480371751e+00,2.593862136547026687e+00,1.367051899461071418e+00,-1.570967745452324760e+00,9.299104765380961091e-02,3.139746607434525050e+00,60,0.000000000000000000e+00,0,-1610,50,652,0
1,105,9,1.304533281855569049e+00,2.563470976086908326e+00,1.361059989902588141e+00,-1.570796365034484943e+00,1.008513235647552353e-01,3.141592273778338829e+00,30,0.000000000000000000e+00,0,-1610,50,652,0
1,105,10,1.274624850162469292e+00,2.563556608759469668e+00,1.361133138654004204e+00,-1.570979264229587891e+00,9.912990416839795316e-02,3.139744198409051279e+00,60,0.000000000000000000e+00,0,-1610,50,652,0
1,105,11,1.244716433547604195e+00,2.563642255978056728e+00,1.361205971720703678e+00,-1.571155739747281510e+00,9.740816259302254032e-02,3.137897066670179314e+00,60,0.000000000000000000e+00,0,-1610,50,652,0
1,105,12,1.214862057620347269e+00,2.563710494482671187e+00,1.361379215449991076e+00,-1.571431514464773915e+00,9.603555030308363882e-02,3.134968482945850621e+00,60,0.000000000000000000e+00,0,-1610,50,652,0
1,105,13,1.211697424147872182e+00,2.533704120772899859e+00,1.358532123825266780e+00,-1.571321501260669162e+00,9.616427991431764077e-02,3.136123059529694945e+00,30,0.000000000000000000e+00,0,-1610,50,652,0
1,105,14,1.241664246353960221e+00,2.533682198923834950e+00,1.358360896646113147e+00,-1.571260269206233406e+00,9.660508046157900708e-02,3.136782748432297208e+00,60,0.000000000000000000e+00,0,-1610,50,652,0
1,105,15,1.271631069807885650e+00,2.533660278016808931e+00,1.358189638332687910e+00,-1.571198450319080120e+00,9.704584187943243734e-02,3.137442520901069454e+00,60,0.000000000000000000e+00,0,-1610,50,652,0
1,105,16,1.301540390510248724e+00,2.533578672030676326e+00,1.358080389388896636e+00,-1.571025342329169572e+00,9.868637486587883423e-02,3.139268246814471919e+00,60,0.000000000000000000e+00,0,-1610,50,652,0
1,105,17,1.302819369526743154e+00,2.503660669076095413e+00,1.355160008033672980e+00,-1.571199558305978794e+00,9.703797907039790616e-02,3.137430749865358859e+00,30,0.000000000000000000e+00,0,-1610,50,652,0
1,105,18,1.272837603099480797e+00,2.503672572423934373e+00,1.355330363533278071e+00,-1.571233194232659613e+00,9.679864201806420709e-02,3.137072471667391227e+00,60,0.000000000000000000e+00,0,-1610,50,652,0
1,105,19,1.242855837044139378e+00,2.503684476052214780e+00,1.355500709852591967e+00,-1.571266657108551179e+00,9.655929331007118144e-02,3.136714218167975687e+00,60,0.000000000000000000e+00,0,-1610,50,652,0
1,105,20,1.212874071355806826e+00,2.503696379957642826e+00,1.355671046991315798e+00,-1.571299946948479409e+00,9.631993309185049590e-02,3.136355989296041535e+00,60,0.000000000000000000e+00,0,-1610,50,652,0
1,105,21,1.213605886321076799e+00,2.473693618149653162e+00,1.352812962242189165e+00,-1.571292238904077543e+00,9.637546723686618577e-02,3.136439098533599257e+00,30,0.000000000000000000e+00,0,-1610,50,652,0
1,105,22,1.243593221421453121e+00,2.473685447912576052e+00,1.352642957794705225e+00,-1.571269381478084259e+00,9.653975165017558702e-02,3.136684970361196978e+00,60,0.000000000000000000e+00,0,-1610,50,652,0
1,105,23,1.273580556694529964e+00,2.473677277805930608e+00,1.352472949022444970e+00,-1.571246442539400157e+00,9.670403064687538297e-02,3.136930853787501583e+00,60,0.000000000000000000e+00,0,-1610,50,652,0
1,105,24,1.303567892141895612e+00,2.473669107830780867e+00,1.352302935925504990e+00,-1.571223422083226851e+00,9.686830417994518605e-02,3.137176748835491580e+00,60,0.000000000000000000e+00,0,-1610,50,652,0
1,105,25,1.301154863007397466e+00,2.444405266436120883e+00,1.349602471125769698e+00,-1.571592857056856030e+00,8.208294364019397271e-02,3.131878083604616503e+00,30,0.000000000000000000e+00,0,-1610,50,652,0
1,105,26,1.271211873095100087e+00,2.444449668320208158e+00,1.349797660582387815e+00,-1.571676200970399284e+00,8.119103713032993497e-02,3.130744075866390475e+00,60,0.000000000000000000e+00,0,-1610,50,652,0
1,105,27,1.241268886171281949e+00,2.444494073570464110e+00,1.349992746708441160e+00,-1.571757509908333628e+00,8.029904560346157183e-02,3.129610305974909412e+00,60,0.000000000000000000e+00,0,-1610,50,652,0
1,105,28,1.211325902060612858e+00,2.444538482048842276e+00,1.350187729494453759e+00,-1.571836784502811390e+00,7.940697457896783718e-02,3.128476770540458141e+00,60,0.000000000000000000e+00,0,-1610,50,652,0
1,105,29,1.006941534140251227e+00,2.414824806532199553e+00,1.350517102763906019e+00,-1.573132497414777342e+00,7.363347937423103673e-02,3.109847559063131150e+00,30,1.000000000000000000e+00,0,-1610,50,652,0
1,105,30,1.036712943886983318e+00,2.414802772310490564e+00,1.349635452089077869e+00,-1.572825780878239765e+00,7.408461208813754695e-02,3.114180676334829645e+00,60,0.000000000000000000e+00,0,-1610,50,652,0
1,105,31,1.066263472902551745e+00,2.414763969390259390e+00,1.348874358552489383e+00,-1.572188161740619039e+00,7.487765984215188908e-02,3.122989286806896025e+00,60,0.000000000000000000e+00,0,-1610,50,652,0
1,105,32,1.096202185372167293e+00,2.414761649923917730e+00,1.348683139100749884e+00,-1.572097675526589189e+00,7.492581091343186728e-02,3.124209636312673677e+00,60,0.000000000000000000e+00,0,-1610,50,652,0
1,105,33,1.126140896600891450e+00,2.414759330446039076e+00,1.348491845703978509e+00,-1.572007072949804574e+00,7.497385318328597670e-02,3.125430002289862230e+00,60,0.000000000000000000e+00,0,-1610,50,652,0
1,105,34,1.156079606723710462e+00,2.414757010961783301e+00,1.348300478359760524e+00,-1.571916354205682875e+00,7.502178633514033912e-02,3.126650383827717317e+00,60,0.000000000000000000e+00,0,-1610,50,652,0
1,105,35,1.186018315875616125e+00,2.414754691476311610e+00,1.348109037066009819e+00,-1.571825519490681167e+00,7.506961005288648181e-02,3.127870780015311603e+00,60,0.000000000000000000e+00,0,-1610,50,652,0
1,105,36,1.179298112682225064e+00,2.384753590752549890e+00,1.345894895596641438e+00,-1.571782372848923082e+00,7.509226668623258938e-02,3.128449930726063144e+00,30,0.000000000000000000e+00,0,-1610,50,652,0
1,105,37,1.149370277351882796e+00,2.384756325902461338e+00,1.346086246307884871e+00,-1.571889538263591124e+00,7.503592245513091008e-02,3.127010825928149718e+00,60,0.000000000000000000e+00,0,-1610,50,652,0
1,105,38,1.119442440726901467e+00,2.384759061052801332e+00,1.346277494189575874e+00,-1.571996542498659721e+00,7.497942592330519851e-02,3.125571741126922376e+00,60,0.000000000000000000e+00,0,-1610,50,652,0
1,105,39,1.089514602585930581e+00,2.384761796195107308e+00,1.346468639245023358e+00,-1.572103385231648387e+00,7.492277760892518401e-02,3.124132677816106707e+00,60,0.000000000000000000e+00,0,-1610,50,652,0
1,105,40,1.059590225315427459e+00,2.384764875653183847e+00,1.346669352006233611e+00,-1.572214868933638154e+00,7.485898011552949427e-02,3.122627679577920201e+00,60,0.000000000000000000e+00,0,-1610,50,652,0
1,105,41,1.029928206323077911e+00,2.384794047388260729e+00,1.347601709811045101e+00,-1.572686289424685580e+00,7.426333192174872089e-02,3.116125250513461342e+00,60,0.000000000000000000e+00,0,-1610,50,652,0
1,105,42,1.008754471015019583e+00,2.354800441850724457e+00,1.346019729278231214e+00,-1.572788589989613683e+00,7.413237418750506791e-02,3.114700070300466805e+00,30,0.000000000000000000e+00,0,-1610,50,652,0
1,105,43,1.038510647663539066e+00,2.354779763972151052e+00,1.345086466733611985e+00,-1.572456434859445640e+00,7.455534843771616238e-02,3.119308893576921538e+00,60,0.000000000000000000e+00,0,-1610,50,652,0
1,105,44,1.068307632664653894e+00,2.354763624019801327e+00,1.344346749211959402e+00,-1.572174695612979844e+00,7.488483647767862905e-02,3.123170997269884452e+00,60,0.000000000000000000e+00,0,-1610,50,652,0
1,105,45,1.098219851019786253e+00,2.354760291717414855e+00,1.344155890134264286e+00,-1.572044635837606563e+00,7.495395605931842731e-02,3.124924239295412853e+00,60,0.000000000000000000e+00,0,-1610,50,652,0
1,105,46,1.128132066976856862e+00,2.354756959397452221e+00,1.343964878430646603e+00,-1.571914336124936362e+00,7.502285069152692110e-02,3.126677514217308662e+00,60,0.000000000000000000e+00,0,-1610,50,652,0
1,105,47,1.158044280936152193e+00,2.354753627075216293e+00,1.343773714094729677e+00,-1.571783797056913068e+00,7.509151943668412876e-02,3.128430819334515611e+00,60,0.000000000000000000e+00,0,-1610,50,652,0
1,105,48,1.187956493297979366e+00,2.354750294766009944e+00,1.343582397121539040e+00,-1.571653019219889202e+00,7.515996135917024645e-02,3.130184151945217153e+00,60,0.000000000000000000e+00,0,-1610,50,652,0
1,105,49,1.177099161099023128e+00,2.324747934318140530e+00,1.341394724798419258e+00,-1.571560237693065742e+00,7.520830491291996545e-02,3.131426152300667454e+00,30,0.000000000000000000e+00,0,-1610,50,652,0
1,105,50,1.147211298314515071e+00,2.324752197376599216e+00,1.341585924592897161e+00,-1.571727717258543988e+00,7.512091164031020618e-02,3.129183067098360027e+00,60,0.000000000000000000e+00,0,-1610,50,652,0
1,105,51,1.117323433196612426e+00,2.324756460467128250e+00,1.341776874570917100e+00,-1.571894806457064142e+00,7.503314648259307162e-02,3.126940024995653822e+00,60,0.000000000000000000e+00,0,-1610,50,652,0
1,105,52,1.087435564907144325e+00,2.324760723557686592e+00,1.341967574742046088e+00,-1.572061504058260395e+00,7.494501139753473318e-02,3.124697031650046419e+00,60,0.000000000000000000e+00,0,-1610,50,652,0
1,105,53,1.057556908500119519e+00,2.324766339801897175e+00,1.342243797398963157e+00,-1.572238714523245928e+00,7.482915462942929530e-02,3.122301287833448402e+00,60,0.000000000000000000e+00,0,-1610,50,652,0
1,105,54,1.027749058567678064e+00,2.324782353973158688e+00,1.343178606743700154e+00,-1.572498252058557311e+00,7.450244945878581326e-02,3.118731584998653439e+00,60,0.000000000000000000e+00,0,-1610,50,652,0
1,105,55,1.010655531931587747e+00,2.294786758997581888e+00,1.341468956364276766e+00,-1.572569233702799885e+00,7.441242670691727845e-02,3.117749731347104536e+00,30,0.000000000000000000e+00,0,-1610,50,652,0
1,105,56,1.040496048032535370e+00,2.294773691519437442e+00,1.340533871775347663e+00,-1.572358151831389605e+00,7.467928296086601136e-02,3.120662475596818197e+00,60,0.000000000000000000e+00,0,-1610,50,652,0
1,105,57,1.070337786881103481e+00,2.294762743225344792e+00,1.339819350845644630e+00,-1.572140341462658686e+00,7.490312804329923857e-02,3.123634412356189660e+00,60,0.000000000000000000e+00,0,-1610,50,652,0
1,105,58,1.100182436103831707e+00,2.294756827893739803e+00,1.339629303458484966e+00,-1.571909189185600741e+00,7.502556485816569420e-02,3.126746704459831161e+00,60,0.000000000000000000e+00,0,-1610,50,652,0
1,105,59,1.130027079081100450e+00,2.294750912556873690e+00,1.339438775107219204e+00,-1.571677282743883630e+00,7.514728975826345803e-02,3.129859091376456348e+00,60,0.000000000000000000e+00,0,-1610,50,652,0
1,105,60,1.159871718052142731e+00,2.294744997300347755e+00,1.339247765767368925e+00,-1.571444625427890873e+00,7.526829751487529307e-02,3.132971557991147460e+00,60,0.000000000000000000e+00,0,-1610,50,652,0
1,105,61,1.189739150460432660e+00,2.294740739168156907e+00,1.339052836019649195e+00,-1.571245588568460416e+00,7.535515220151767224e-02,3.135625152817406391e+00,60,0.000000000000000000e+00,0,-1610,50,652,0
1,105,62,1.174769098643951626e+00,2.264739840743721366e+00,1.336881193982945248e+00,-1.571139322995034338e+00,7.537372958831189962e-02,3.137037766519901627e+00,30,0.000000000000000000e+00,0,-1610,50,652,0
1,105,63,1.144843892092801685e+00,2.264740788843474295e+00,1.337082907928773823e+00,-1.571251462663634690e+00,7.535412066632174444e-02,3.135547047056880920e+00,60,0.000000000000000000e+00,0,-1610,50,652,0
1,105,64,1.115032213345720669e+00,2.264747276884887306e+00,1.337277650186337263e+00,-1.571534374752090901e+00,7.522174926094549186e-02,3.131772078734258447e+00,60,0.000000000000000000e+00,0,-1610,50,652,0
1,105,65,1.085285499626844841e+00,2.264756935664812509e+00,1.337467396564202105e+00,-1.571913407277901520e+00,7.502334054660142471e-02,3.126690001063716196e+00,60,0.000000000000000000e+00,0,-1610,50,652,0
1,105,66,1.055513502216389066e+00,2.264766893733897835e+00,1.337818365601978199e+00,-1.572247730945211863e+00,7.481786878296259324e-02,3.122177804806105073e+00,60,0.000000000000000000e+00,0,-1610,50,652,0
1,105,67,1.025650478772862861e+00,2.264777930079981072e+00,1.338754015266214070e+00,-1.572426788584416979e+00,7.459279037995458772e-02,3.119717672142271692e+00,60,0.000000000000000000e+00,0,-1610,50,652,0
1,105,68,1.012817777864861490e+00,2.235296829391806295e+00,1.336948026629346309e+00,-1.572455392419855880e+00,6.418608413010273850e-02,3.115732892688023892e+00,30,0.000000000000000000e+00,0,-1610,50,652,0
1,105,69,1.042594082753971474e+00,2.234977786647082354e+00,1.335994099424415493e+00,-1.572325539868221433e+00,7.058634621403947484e-02,3.119913601198361697e+00,60,0.000000000000000000e+00,0,-1610,50,652,0
1,105,70,1.072216378824667693e+00,2.234755783192762468e+00,1.335293958090574939e+00,-1.571868287272274900e+00,7.504711442518607889e-02,3.127296372059507057e+00,60,0.000000000000000000e+00,0,-1610,50,652,0
1,105,71,1.101804361607753524e+00,2.234740773910738554e+00,1.335100473604161397e+00,-1.571249696887493830e+00,7.535443080079784473e-02,3.135570526176829187e+00,60,0.000000000000000000e+00,0,-1610,50,652,0
1,105,72,1.131740171176058407e+00,2.234739961451142953e+00,1.334898719128033706e+00,-1.571153603244582531e+00,7.537124232787961731e-02,3.136847975574369674e+00,60,0.000000000000000000e+00,0,-1610,50,652,0
1,105,73,1.161675980242486750e+00,2.234739148984977497e+00,1.334696883737406248e+00,-1.571057466847391559e+00,7.538793167304436160e-02,3.138125433740757586e+00,60,0.000000000000000000e+00,0,-1610,50,652,0
1,105,74,1.191611788961646434e+00,2.234738336514219714e+00,1.334494967431139711e+00,-1.570961287930404460e+00,7.540449871443954954e-02,3.139402899617643961e+00,60,0.000000000000000000e+00,0,-1610,50,652,0
1,105,75,1.172584729089857003e+00,2.207449708072397598e+00,1.332966209576810890e+00,-1.570860749985317106e+00,2.110728011301099549e-02,3.138540257737451711e+00,30,0.000000000000000000e+00,0,-1610,50,652,0
1,105,76,1.142668320424599981e+00,2.207445150363947839e+00,1.333225178943943989e+00,-1.570896006449263194e+00,2.119831865733745602e-02,3.136890092629403437e+00,60,0.000000000000000000e+00,0,-1610,50,652,0
1,105,77,1.112751910584264925e+00,2.207440592726574113e+00,1.333484011841734596e+00,-1.570931563513240814e+00,2.128929683538394180e-02,3.135239925408771722e+00,60,0.000000000000000000e+00,0,-1610,50,652,0
1,105,78,1.082835499231152632e+00,2.207436035178939715e+00,1.333742708274593625e+00,-1.570967421021495447e+00,2.138021353117536272e-02,3.133589758264079705e+00,60,0.000000000000000000e+00,0,-1610,50,652,0
1,105,79,1.054215934658557119e+00,2.207316223839198344e+00,1.334185993753307820e+00,-1.571640565636435838e+00,2.376274689344670676e-02,3.106076411927654490e+00,60,0.000000000000000000e+00,0,-1610,50,652,0
1,105,80,1.024377239172257203e+00,2.207295289984936293e+00,1.335336418431668282e+00,-1.571722757210687327e+00,2.417879539134393241e-02,3.103291826738518111e+00,60,0.000000000000000000e+00,0,-1610,50,652,0
1,105,81,9.945152567624431228e-01,2.207276988369006876e+00,1.336489100603872160e+00,-1.571793642551042591e+00,2.454242378576232397e-02,3.100974512624009360e+00,60,0.000000000000000000e+00,0,-1610,50,652,0
1,105,82,9.646532622820280789e-01,2.207258686854520757e+00,1.337641508158867287e+00,-1.571866219224717032e+00,2.490585281606461088e-02,3.098657128359330049e+00,60,0.000000000000000000e+00,0,-1610,50,652,0
1,105,83,9.347912547769521296e-01,2.207240385592444731e+00,1.338793641140431534e+00,-1.571940486481476995e+00,2.526907363430352937e-02,3.096339678805774653e+00,60,0.000000000000000000e+00,0,-1610,50,652,0
1,105,84,9.049615642864319298e-01,2.207179289445139858e+00,1.340025159968150303e+00,-1.572072298708184324e+00,2.648658174432338974e-02,3.093449946053218991e+00,60,0.000000000000000000e+00,0,-1610,50,652,0
1,105,85,8.753019450643848565e-01,2.206892920101955369e+00,1.341673970382838199e+00,-1.572538054130478091e+00,3.220010413360241408e-02,3.087545202390482135e+00,60,0.000000000000000000e+00,0,-1610,50,652,0
1,105,86,8.456420891899474324e-01,2.206606600367722937e+00,1.343319411713492562e+00,-1.573071418872202809e+00,3.790891792352235612e-02,3.081635429643223123e+00,60,0.000000000000000000e+00,0,-1610,50,652,0
1,105,87,8.159444635757104880e-01,2.206252102920503333e+00,1.345174790851621394e+00,-1.573716664393114417e+00,4.497853294659037715e-02,3.076734305093706379e+00,60,0.000000000000000000e+00,0,-1610,50,652,0
1,105,88,8.071462709208307995e-01,2.177634337393777209e+00,1.344734031331047852e+00,-1.571894367301616580e+00,1.737945557779840833e-02,3.078492952262812832e+00,30,0.000000000000000000e+00,0,-1610,50,652,0
1,105,89,8.368712611535820134e-01,2.177516608561343769e+00,1.343073487858952086e+00,-1.571952629692997316e+00,1.973524811643101451e-02,3.083064998822929947e+00,60,0.000000000000000000e+00,0,-1610,50,652,0
1,105,90,8.665961840826692519e-01,2.177398883947712971e+00,1.341411622912985546e+00,-1.571989362666529555e+00,2.209191322633152765e-02,3.087637369390131337e+00,60,0.000000000000000000e+00,0,-1610,50,652,0
1,105,91,8.963210487778521252e-01,2.177281168226750996e+00,1.339748436090483441e+00,-1.572004552540579914e+00,2.444922297268048439e-02,3.092210130562098591e+00,60,0.000000000000000000e+00,0,-1610,50,652,0
1,105,92,9.261055968405309535e-01,2.177236476229973849e+00,1.338352748639099588e+00,-1.571956570084765303e+00,2.534663492725286460e-02,3.095844630654064566e+00,60,0.000000000000000000e+00,0,-1610,50,652,0
1,105,93,9.559446277879812826e-01,2.177258413818047522e+00,1.337201758239863203e+00,-1.571867314787916747e+00,2.491127321405195438e-02,3.098622555086540054e+00,60,0.000000000000000000e+00,0,-1610,50,652,0
1,105,94,9.857836400002435440e-01,2.177280351772038269e+00,1.336050373315387452e+00,-1.571780488620587946e+00,2.447561213766080712e-02,3.101400385811806437e+00,60,0.000000000000000000e+00,0,-1610,50,652,0
1,105,95,1.015622635120587702e+00,2.177302289831923865e+00,1.334898593790929233e+00,-1.571696092867205463e+00,2.403966693803250010e-02,3.104178114457465831e+00,60,0.000000000000000000e+00,0,-1610,50,652,0
1,105,96,1.045191002944891201e+00,2.177352723378602306e+00,1.333832802076744262e+00,-1.571468298729620683e+00,2.303774908504352403e-02,3.112430040744214921e+00,60,0.000000000000000000e+00,0,-1610,50,652,0
1,105,97,1.074638111040444377e+00,2.177408486756558403e+00,1.333134083577272033e+00,-1.571197877907323015e+00,2.192831998335531551e-02,3.123281244803536527e+00,60,0.000000000000000000e+00,0,-1610,50,652,0
1,105,98,1.104349661935311477e+00,2.177423864712626944e+00,1.332913937608783961e+00,-1.571067806692650226e+00,2.162265968359333712e-02,3.129036992209680346e+00,60,0.000000000000000000e+00,0,-1610,50,652,0
1,105,99,1.134103493812753660e+00,2.177437016015713489e+00,1.332684151355445046e+00,-1.570959678641470791e+00,2.136065228871730781e-02,3.133944896217862652e+00,60,0.000000000000000000e+00,0,-1610,50,652,0
1,105,100,1.164006180889486597e+00,2.177442332036532591e+00,1.332425522092076653e+00,-1.570917958502367595e+00,2.125458425910942140e-02,3.135869674628769310e+00,60,0.000000000000000000e+00,0,-1610,50,652,0
1,105,101,1.193908866083388753e+00,2.177447648169754224e+00,1.332166707162776298e+00,-1.570876647205695420e+00,2.114843316091818970e-02,3.137794452006665402e+00,60,0.000000000000000000e+00,0,-1610,50,652,0
1,105,102,1.200428003984349346e+00,2.147441603138533495e+00,1.331495347662218443e+00,-1.570923654657540247e+00,2.126913242127237424e-02,3.135605764235549486e+00,30,0.000000000000000000e+00,0,-1610,50,652,0
1,105,103,1.170549629861747931e+00,2.147434971249210900e+00,1.331750407602605435e+00,-1.570976061812888736e+00,2.140142686366686142e-02,3.133193937196165457e+00,60,0.000000000000000000e+00,0,-1610,50,652,0
1,105,104,1.140719237238128070e+00,2.147425948312048583e+00,1.331973430642340084e+00,-1.571050454795920315e+00,2.158118594704849791e-02,3.129816841679745387e+00,60,0.000000000000000000e+00,0,-1610,50,652,0
1,105,105,1.110888837935512408e+00,2.147416925296321111e+00,1.332195882256497432e+00,-1.571126064843902936e+00,2.176068689307708581e-02,3.126439692303305762e+00,60,0.000000000000000000e+00,0,-1610,50,652,0
1,105,106,1.081058429060022474e+00,2.147407902356754938e+00,1.332417762485072599e+00,-1.571202890614793457e+00,2.193992045002546298e-02,3.123062507863628046e+00,60,0.000000000000000000e+00,0,-1610,50,652,0
1,105,107,1.051337324032947551e+00,2.147382620652974250e+00,1.332971143726322083e+00,-1.571334088323687705e+00,2.244300445854530146e-02,3.117634015560566407e+00,60,0.000000000000000000e+00,0,-1610,50,652,0
1,105,108,1.021760474481006487e+00,2.147335872885096197e+00,1.333960379998800461e+00,-1.571546677912579737e+00,2.337260682825714753e-02,3.109496880586697820e+00,60,0.000000000000000000e+00,0,-1610,50,652,0
1,105,109,9.920653249810982288e-01,2.147299183799652234e+00,1.335032237576346148e+00,-1.571707894054007015e+00,2.410140564751572789e-02,3.103784844442755819e+00,60,0.000000000000000000e+00,0,-1610,50,652,0
1,105,110,9.622607068873425540e-01,2.147271805884585660e+00,1.336182419698859647e+00,-1.571814022571216052e+00,2.464535715280069539e-02,3.100318302321226405e+00,60,0.000000000000000000e+00,0,-1610,50,652,0
1,105,111,9.324560611773606844e-01,2.147244428292193863e+00,1.337331987309301917e+00,-1.571923935487383517e+00,2.518885691323258236e-02,3.096851606297808424e+00,60,0.000000000000000000e+00,0,-1610,50,652,0
1,105,112,9.026910558334271251e-01,2.147267687775478162e+00,1.338630150115706519e+00,-1.572004916720935785e+00,2.471922147069616216e-02,3.092733847594812513e+00,60,0.000000000000000000e+00,0,-1610,50,652,0
1,105,113,8.730228481791875161e-01,2.147414592845998893e+00,1.340291073261470789e+00,-1.571985706260929039e+00,2.177739482166241025e-02,3.087027205777707284e+00,60,0.000000000000000000e+00,0,-1610,50,652,0
1,105,114,8.433545479455146765e-01,2.147561510794766537e+00,1.341949937777276780e+00,-1.571932947039557993e+00,1.883661951324078210e-02,3.081321158451642006e+00,60,0.000000000000000000e+00,0,-1610,50,652,0
1,105,115,8.136861375071082758e-01,2.147708432537492662e+00,1.343606744498242689e+00,-1.571846666637748857e+00,1.589733847436125558e-02,3.075615576239920212e+00,60,0.000000000000000000e+00,0,-1610,50,652,0
1,105,116,8.099795328298813324e-01,2.117962187831707421e+00,1.343620085960898658e+00,-1.571578491883203199e+00,1.082821763554053796e-02,3.069482511131061742e+00,30,0.000000000000000000e+00,0,-1610,50,652,0
1,105,117,8.395802418738191886e-01,2.117704164117000687e+00,1.341398979037927042e+00,-1.571849645805880824e+00,1.598270690450065423e-02,3.075781332584427652e+00,60,0.000000000000000000e+00,0,-1610,50,652,0
1,105,118,8.691546689626521438e-01,2.117508799030189959e+00,1.339746734771877890e+00,-1.571955733278562528e+00,1.989155472095394117e-02,3.083368299630072862e+00,60,0.000000000000000000e+00,0,-1610,50,652,0
1,105,119,8.987289123709578664e-01,2.117313446414720524e+00,1.338090851425167038e+00,-1.572002531727996200e+00,2.380276370879585990e-02,3.090956171124716434e+00,60,0.000000000000000000e+00,0,-1610,50,652,0
1,105,120,9.283979911989619360e-01,2.117244927308967739e+00,1.336712685402113410e+00,-1.571921898213174629e+00,2.517895453642049475e-02,3.096914796474351306e+00,60,0.000000000000000000e+00,0,-1610,50,652,0
1,105,121,9.581455848263471520e-01,2.117281332084060885e+00,1.335565647714390236e+00,-1.571776665472622181e+00,2.445613767594556620e-02,3.101524512141826673e+00,60,0.000000000000000000e+00,0,-1610,50,652,0
1,105,122,9.878869651660355800e-01,2.117317340538315662e+00,1.334436341718349794e+00,-1.571635157903264801e+00,2.374058414449198295e-02,3.106270810257610204e+00,60,0.000000000000000000e+00,0,-1610,50,652,0
1,105,123,1.017582700579906962e+00,2.117350417921085803e+00,1.333444747258009988e+00,-1.571478905958577421e+00,2.308357892857570981e-02,3.112028737118647470e+00,60,0.000000000000000000e+00,0,-1610,50,652,0
1,105,124,1.047278380923803320e+00,2.117383496192034364e+00,1.332451475789299788e+00,-1.571330251584343252e+00,2.242557589618443536e-02,3.117786410202276315e+00,60,0.000000000000000000e+00,0,-1610,50,652,0
1,105,125,1.077050871435426327e+00,2.117405432962097045e+00,1.331779171691085839e+00,-1.571224128255191310e+00,2.198892586606171484e-02,3.122138225068540329e+00,60,0.000000000000000000e+00,0,-1610,50,652,0
1,105,126,1.106930627711963711e+00,2.117411817429783571e+00,1.331556572630148150e+00,-1.571169406361862197e+00,2.186218367079661995e-02,3.124527885824586182e+00,60,0.000000000000000000e+00,0,-1610,50,652,0
1,105,127,1.136810378375393782e+00,2.117418201979456072e+00,1.331333687502986862e+00,-1.571115292759932780e+00,2.173530497874076595e-02,3.126917534353628625e+00,60,0.000000000000000000e+00,0,-1610,50,652,0
1,105,128,1.166690124450867616e+00,2.117424586556300170e+00,1.331110516290486823e+00,-1.571061787945839949e+00,2.160829306517375592e-02,3.129307163995377561e+00,60,0.000000000000000000e+00,0,-1610,50,652,0
1,105,129,1.196569866963618223e+00,2.117430971105500159e+00,1.330887058978446280e+00,-1.571008892395177270e+00,2.148115120775839770e-02,3.131696768090578509e+00,60,0.000000000000000000e+00,0,-1610,50,652,0
1,105,130,1.198420662825647076e+00,2.087424794294510111e+00,1.330204586633843444e+00,-1.571060057263162113e+00,2.160415821031902439e-02,3.129384916254744908e+00,30,0.000000000000000000e+00,0,-1610,50,652,0
1,105,131,1.168513900153495211e+00,2.087419854247951179e+00,1.330428185541882469e+00,-1.571101387805693417e+00,2.170244812629529285e-02,3.127535950280074584e+00,60,0.000000000000000000e+00,0,-1610,50,652,0
1,105,132,1.138607134893444339e+00,2.087414914209166028e+00,1.330651613172564751e+00,-1.571143082895192444e+00,2.180065879229675652e-02,3.125686971966052496e+00,60,0.000000000000000000e+00,0,-1610,50,652,0
1,105,133,1.108700366570597451e+00,2.087409974203547680e+00,1.330874869533898552e+00,-1.571185142305283833e+00,2.189878869069405987e-02,3.123837984397754397e+00,60,0.000000000000000000e+00,0,-1610,50,652,0
1,105,134,1.078793594710091508e+00,2.087405034256487824e+00,1.331097954635652725e+00,-1.571227565802125081e+00,2.199683630473803220e-02,3.121988990660608199e+00,60,0.000000000000000000e+00,0,-1610,50,652,0
1,105,135,1.048965878591980649e+00,2.087388914488840452e+00,1.331739526821527075e+00,-1.571306626296953945e+00,2.231770456741322128e-02,3.118729505488805565e+00,60,0.000000000000000000e+00,0,-1610,50,652,0
1,105,136,1.019205139744256972e+00,2.087363320296336422e+00,1.332735064451505469e+00,-1.571420018107548833e+00,2.282703393724649921e-02,3.114274588816340561e+00,60,0.000000000000000000e+00,0,-1610,50,652,0
1,105,137,9.894443713081610969e-01,2.087337726246643932e+00,1.333729597973837500e+00,-1.571537960546896873e+00,2.333578896574994843e-02,3.109819500497188027e+00,60,0.000000000000000000e+00,0,-1610,50,652,0
1,105,138,9.596898269826792394e-01,2.087310711672067054e+00,1.334730596948154879e+00,-1.571664339781588149e+00,2.387223838745478055e-02,3.105244436067204461e+00,60,0.000000000000000000e+00,0,-1610,50,652,0
1,105,139,9.300554458466734342e-01,2.087256398138240598e+00,1.335873302002272389e+00,-1.571875414384855008e+00,2.495128766354226535e-02,3.098367318739885690e+00,60,0.000000000000000000e+00,0,-1610,50,652,0
1,105,140,9.005251550932658056e-01,2.087347988915598140e+00,1.337229532953895239e+00,-1.571998574228357981e+00,2.311101583468944121e-02,3.089614322687049608e+00,60,0.000000000000000000e+00,0,-1610,50,652,0
1,105,141,8.711372953983198553e-01,2.087639450465231583e+00,1.338875068025761061e+00,-1.571891349334614052e+00,1.727716509781007659e-02,3.078294391302179189e+00,60,0.000000000000000000e+00,0,-1610,50,652,0
1,105,142,8.415382691369654999e-01,2.087858874027067380e+00,1.340981395759333505e+00,-1.571697393106365359e+00,1.289140107130926083e-02,3.071807509855228879e+00,60,0.000000000000000000e+00,0,-1610,50,652,0
1,105,143,8.118374210284939885e-01,2.088043548233753821e+00,1.343311335104377946e+00,-1.571478108747971891e+00,9.203922646837670030e-03,3.067651494053147854e+00,60,0.000000000000000000e+00,0,-1610,50,652,0
1,105,144,8.125458939211602782e-01,2.058091182525189744e+00,1.343091946200265951e+00,-1.571416578259848595e+00,8.253142934357748928e-03,3.066579442314305570e+00,30,0.000000000000000000e+00,0,-1610,50,652,0
1,105,145,8.422964443490903452e-01,2.057950707845534577e+00,1.340759365449578411e+00,-1.571592177388201783e+00,1.105744056540558518e-02,3.069740862859286601e+00,60,0.000000000000000000e+00,0,-1610,50,652,0
1,105,146,8.720469354837045994e-01,2.057810238153078952e+00,1.338425891691097158e+00,-1.571750047391457183e+00,1.386289114386629606e-02,3.072902011035628878e+00,60,0.000000000000000000e+00,0,-1610,50,652,0
1,105,147,9.013793937752023755e-01,2.057470744657631911e+00,1.336422725746853279e+00,-1.571969500846471357e+00,2.065326630134434183e-02,3.084846260356393088e+00,60,0.000000000000000000e+00,0,-1610,50,652,0
1,105,148,9.304835341945159044e-01,2.057286109000901586e+00,1.335081967045962825e+00,-1.571758105286297447e+00,2.436123344935170465e-02,3.102129358331655151e+00,60,0.000000000000000000e+00,0,-1610,50,652,0
1,105,149,9.601577718116938165e-01,2.057328942450703302e+00,1.334052663824887075e+00,-1.571579486967077166e+00,2.351025486823665744e-02,3.108290466013691855e+00,60,0.000000000000000000e+00,0,-1610,50,652,0
1,105,150,9.899596060043434065e-01,2.057349813962826790e+00,1.333057164726710431e+00,-1.571481690827140953e+00,2.309558413790324671e-02,3.111923607708622974e+00,60,0.000000000000000000e+00,0,-1610,50,652,0
1,105,151,1.019761418165979094e+00,2.057370685840680391e+00,1.332060997941928893e+00,-1.571386919559698558e+00,2.268051541606430632e-02,3.115556648976229415e+00,60,0.000000000000000000e+00,0,-1610,50,652,0
1,105,152,1.049563211934303020e+00,2.057391557665853465e+00,1.331064163361027841e+00,-1.571295175335322147e+00,2.226507348965678368e-02,3.119189568612213748e+00,60,0.000000000000000000e+00,0,-1610,50,652,0
1,105,153,1.079421482115821229e+00,2.057404632966818081e+00,1.330425094310537570e+00,-1.571231028026274235e+00,2.200479747167594091e-02,3.121838788819170762e+00,60,0.000000000000000000e+00,0,-1610,50,652,0
1,105,154,1.109345300251010746e+00,2.057408661445551790e+00,1.330201695062284584e+00,-1.571196380497607237e+00,2.192485214649875225e-02,3.123346629643956263e+00,60,0.000000000000000000e+00,0,-1610,50,652,0
1,105,155,1.139269115949642197e+00,2.057412689967715647e+00,1.329978181923556768e+00,-1.571161975054693460e+00,2.184485183198336955e-02,3.124854466911594297e+00,60,0.000000000000000000e+00,0,-1610,50,652,0
1,105,156,1.169192929469237807e+00,2.057416718519539334e+00,1.329754554888714191e+00,-1.571127811825802967e+00,2.176479735052438969e-02,3.126362298948713203e+00,60,0.000000000000000000e+00,0,-1610,50,652,0
1,105,157,1.199116741067337344e+00,2.057420747087251645e+00,1.329530813952896073e+00,-1.571093890935901349e+00,2.168468952491497959e-02,3.127870124082092751e+00,60,0.000000000000000000e+00,0,-1610,50,652,0
1,105,158,1.196185083919878434e+00,2.027417551250277672e+00,1.328884264481366317e+00,-1.571120780280228502e+00,2.174824287973287085e-02,3.126673976996300119e+00,30,0.000000000000000000e+00,0,-1610,50,652,0
1,105,159,1.166249534852272562e+00,2.027414150210382182e+00,1.329108120133545956e+00,-1.571149563778974523e+00,2.181584037779882301e-02,3.125401017542433380e+00,60,0.000000000000000000e+00,0,-1610,50,652,0
1,105,160,1.136313984298138458e+00,2.027410749188067740e+00,1.329331894607365783e+00,-1.571178519943212670e+00,2.188339948205708652e-02,3.124128053928339810e+00,60,0.000000000000000000e+00,0,-1610,50,652,0
1,105,161,1.106378432102517184e+00,2.027407348191621494e+00,1.329555587906013026e+00,-1.571207648696636650e+00,2.195091969755846861e-02,3.122855087160864240e+00,60,0.000000000000000000e+00,0,-1610,50,652,0
1,105,162,1.076442878110460022e+00,2.027403947229328374e+00,1.329779200033070152e+00,-1.571236949961265061e+00,2.201840052956027804e-02,3.121582118246924331e+00,60,0.000000000000000000e+00,0,-1610,50,652,0
1,105,163,1.046576253638897835e+00,2.027391255937657011e+00,1.330508756877401000e+00,-1.571296480049431121e+00,2.227108180790215997e-02,3.119137050797370581e+00,60,0.000000000000000000e+00,0,-1610,50,652,0
1,105,164,1.016746192397371296e+00,2.027373635273057584e+00,1.331506384944677768e+00,-1.571373771385794260e+00,2.262183095179359782e-02,3.116070028532047953e+00,60,0.000000000000000000e+00,0,-1610,50,652,0
1,105,165,9.869161184128125708e-01,2.027356014528769901e+00,1.332503537044565256e+00,-1.571453220391574312e+00,2.297231659920884184e-02,3.113002917441330730e+00,60,0.000000000000000000e+00,0,-1610,50,652,0
1,105,166,9.570860294962768577e-01,2.027338393956556573e+00,1.333500213239427357e+00,-1.571534825791987222e+00,2.332252383341537616e-02,3.109935730282170852e+00,60,0.000000000000000000e+00,0,-1610,50,652,0
1,105,167,9.272559234592516741e-01,2.027320773808174881e+00,1.334496413605228415e+00,-1.571618586191832367e+00,2.367243774641880627e-02,3.106868479818659434e+00,60,0.000000000000000000e+00,0,-1610,50,652,0
1,105,168,8.989911765970313162e-01,2.027794033869164014e+00,1.336150341266850283e+00,-1.571767118488360815e+00,1.418659970915281399e-02,3.073266672248792020e+00,60,0.000000000000000000e+00,0,-1610,50,652,0
1,105,169,8.692102030346400277e-01,2.027907374154871434e+00,1.338485774126824568e+00,-1.571642769555927188e+00,1.192276719451190736e-02,3.070716058517262148e+00,60,0.000000000000000000e+00,0,-1610,50,652,0
1,105,170,8.394291917208820397e-01,2.028020718444988102e+00,1.340820625545333211e+00,-1.571506876331497216e+00,9.659657742853822171e-03,3.068165286750026866e+00,60,0.000000000000000000e+00,0,-1610,50,652,0
1,105,171,8.096481404291362427e-01,2.028134064758163380e+00,1.343154895660101822e+00,-1.571359443523781874e+00,7.397343437456571635e-03,3.065614306507464359e+00,60,0.000000000000000000e+00,0,-1610,50,652,0
1,105,172,8.149758715902608586e-01,1.998533008360924290e+00,1.342574315537296892e+00,-1.570754251313942529e+00,-5.586122978535890127e-04,3.066413170664463284e+00,30,0.000000000000000000e+00,0,-1610,50,652,0
1,105,173,8.447348613287666286e-01,1.998834359329995758e+00,1.340241435824268468e+00,-1.570321230631587905e+00,-6.570106757440852263e-03,3.069405988552299736e+00,60,0.000000000000000000e+00,0,-1610,50,652,0
1,105,174,8.743043852815852723e-01,1.999321212411035109e+00,1.338165935419151964e+00,-1.569735114721581226e+00,-1.629047505131420159e-02,3.076538572019889450e+00,60,0.000000000000000000e+00,0,-1610,50,652,0
1,105,175,9.037203556865138765e-01,1.999897218847864977e+00,1.336322589078322132e+00,-1.569278364231368128e+00,-2.780661233473979976e-02,3.087049742183323175e+00,30,0.000000000000000000e+00,0,-1610,50,652,0
1,105,176,9.331332504405698280e-01,1.999991725048497759e+00,1.334952789412102048e+00,-1.569505218184774842e+00,-2.971088013895317737e-02,3.098157819552717740e+00,60,0.000000000000000000e+00,0,-1610,50,652,0
1,105,177,9.630024572084368017e-01,2.000046086310077076e+00,1.333766391771056270e+00,-1.569524072399287817e+00,-3.080037904460564135e-02,3.100303126855592062e+00,60,0.000000000000000000e+00,0,-1610,50,652,0
1,105,178,9.928716554634777758e-01,2.000100446133113774e+00,1.332579704989391489e+00,-1.569547599918215575e+00,-3.188993659475558573e-02,3.102448604613597283e+00,60,0.000000000000000000e+00,0,-1610,50,652,0
1,105,179,9.848613140617366035e-01,1.970117699710044690e+00,1.333726452667790552e+00,-1.569556044881817991e+00,-3.223577360699225736e-02,3.103129621715328135e+00,30,0.000000000000000000e+00,0,-1610,50,652,0
1,105,180,9.550705198772053706e-01,1.970023588657227931e+00,1.334911210399022607e+00,-1.569515702696472559e+00,-3.034947362352324873e-02,3.099415255648732881e+00,60,0.000000000000000000e+00,0,-1610,50,652,0
1,105,181,9.253605064706531547e-01,1.969953925880626899e+00,1.336230065727192828e+00,-1.569423557447312767e+00,-2.895008239556062790e-02,3.094203011604062858e+00,60,0.000000000000000000e+00,0,-1610,50,652,0
1,105,182,8.957134726061404262e-01,1.969903341351903592e+00,1.337652420206525417e+00,-1.569293255442916202e+00,-2.793009690764236552e-02,3.087822025451527619e+00,60,0.000000000000000000e+00,0,-1610,50,652,0
1,105,183,8.660390795351358140e-01,1.969676953221447313e+00,1.339401110349515589e+00,-1.569408735117675313e+00,-2.340014115937516515e-02,3.082358148232257733e+00,60,0.000000000000000000e+00,0,-1610,50,652,0
1,105,184,8.363518933331293148e-01,1.969368950064722235e+00,1.341299183407565376e+00,-1.569686513616353807e+00,-1.724421606980341970e-02,3.077319513492795089e+00,60,0.000000000000000000e+00,0,-1610,50,652,0
1,105,185,8.066645306296589268e-01,1.969060917349126694e+00,1.343194091005690982e+00,-1.570026300066876601e+00,-1.109190814336691311e-02,3.072280042205912665e+00,60,0.000000000000000000e+00,0,-1610,50,652,0
1,105,186,8.175224948367185718e-01,1.941223782279826171e+00,1.343529313024299787e+00,-1.566724410751056951e+00,-5.425005289349282833e-02,3.066637809212847010e+00,30,0.000000000000000000e+00,0,-1610,50,652,0
1,105,187,8.471462357252037556e-01,1.941249764680618606e+00,1.341474188852318283e+00,-1.567020440056099861e+00,-5.479311222580940388e-02,3.072755065668074881e+00,60,0.000000000000000000e+00,0,-1610,50,652,0
1,105,188,8.764778392523266959e-01,1.941570091437980317e+00,1.339511706874218833e+00,-1.567318255583324493e+00,-6.124175445628909920e-02,3.084825483120020806e+00,60,0.000000000000000000e+00,0,-1610,50,652,0
1,105,189,9.060367335962957736e-01,1.940554165348611360e+00,1.338081505492364487e+00,-1.568807043628172249e+00,-4.094654922982243761e-02,3.093034774049045144e+00,30,0.000000000000000000e+00,0,-1610,50,652,0
1,105,190,9.358620818118310591e-01,1.940213187748728751e+00,1.336663920235758640e+00,-1.569234823653290034e+00,-3.413474849442210690e-02,3.095870353771521977e+00,60,0.000000000000000000e+00,0,-1610,50,652,0
1,105,191,9.655129866564511332e-01,1.940095489383704130e+00,1.335324356483889030e+00,-1.569545260879383841e+00,-3.179058304980397764e-02,3.102252961160012035e+00,60,0.000000000000000000e+00,0,-1610,50,652,0
1,105,192,9.951587986328540580e-01,1.940203639439108896e+00,1.334341408831249520e+00,-1.569689562026487240e+00,-3.396133210224050458e-02,3.109008943061289720e+00,60,0.000000000000000000e+00,0,-1610,50,652,0
1,105,193,9.827300462728318919e-01,1.912422685390253951e+00,1.336109191256386275e+00,-1.566889553452332606e+00,-7.833697196966782350e-02,3.091711381674355330e+00,30,0.000000000000000000e+00,0,-1610,50,652,0
1,105,194,9.524686502259747112e-01,1.912753389515177371e+00,1.337579316458666234e+00,-1.567066425853677503e+00,-8.498877853614428268e-02,3.097680836670194893e+00,60,0.000000000000000000e+00,0,-1610,50,652,0
1,105,195,9.228860458560739222e-01,1.912956082590240303e+00,1.338910764047172020e+00,-1.566195183917621803e+00,-8.902116718239660997e-02,3.089884151625906128e+00,60,0.000000000000000000e+00,0,-1610,50,652,0
1,105,196,8.934404081975511058e-01,1.912918925564126127e+00,1.340639605630394193e+00,-1.565339089326369670e+00,-8.822542130697486051e-02,3.079735126045171523e+00,60,0.000000000000000000e+00,0,-1610,50,652,0
1,105,197,8.640306296479622894e-01,1.912946483544277321e+00,1.342516609065908195e+00,-1.564358330150438237e+00,-8.871425217909068017e-02,3.069053832462007136e+00,60,0.000000000000000000e+00,0,-1610,50,652,0
1,105,198,8.344606843044879430e-01,1.914699557078381797e+00,1.344587887455014563e+00,-1.560887489295152974e+00,-1.238164732511961574e-01,3.061528274286762219e+00,30,0.000000000000000000e+00,0,-1610,50,652,0
1,105,199,8.049670180946175702e-01,1.914723391683766929e+00,1.347038767528076608e+00,-1.559830210454852928e+00,-1.242100606467810842e-01,3.053304928430696119e+00,60,0.000000000000000000e+00,0,-1610,50,652,0
1,105,200,8.209324277970730943e-01,1.885166163222225633e+00,1.349674114942800873e+00,-1.559596163372885869e+00,-1.331531146312170399e-01,3.057424457800648199e+00,30,0.000000000000000000e+00,0,-1610,50,652,0
1,105,201,8.507585064387510609e-01,1.885143280113839692e+00,1.347227899196400625e+00,-1.559834045768845989e+00,-1.327094530446106813e-01,3.058931537463487338e+00,60,0.000000000000000000e+00,0,-1610,50,652,0
1,105,202,8.801813734268115752e-01,1.885091868678240745e+00,1.344890793928513295e+00,-1.561214408299597345e+00,-1.317755559841238266e-01,3.068794494131237727e+00,60,0.000000000000000000e+00,0,-1610,50,652,0
1,105,203,9.097349238836576202e-01,1.885082915199998155e+00,1.342962423235012359e+00,-1.562252310634377750e+00,-1.316654840888769051e-01,3.076603005999934304e+00,60,0.000000000000000000e+00,0,-1610,50,652,0
1,105,204,9.393116910271988029e-01,1.885081091525245167e+00,1.341090786355287223e+00,-1.563226409989349364e+00,-1.316878805370405026e-01,3.084005038346205652e+00,60,0.000000000000000000e+00,0,-1610,50,652,0
1,105,205,9.689408414960243299e-01,1.885095493835426073e+00,1.339532573711356367e+00,-1.564093257183946761e+00,-1.320255308923723447e-01,3.090717023736988089e+00,60,0.000000000000000000e+00,0,-1610,50,652,0
1,105,206,9.987222097857491043e-01,1.885106664706192259e+00,1.338022107341448219e+00,-1.564565036867641368e+00,-1.322741436824941275e-01,3.094380593644048716e+00,60,0.000000000000000000e+00,0,-1610,50,652,0
1,105,207,9.765008476056826758e-01,1.856110914487236752e+00,1.343009781927883672e+00,-1.562328517511891501e+00,-1.524780558383378448e-01,3.085898589951320492e+00,30,0.000000000000000000e+00,0,-1610,50,652,0
1,105,208,9.467062033435453827e-01,1.856933702661685670e+00,1.344567835230341402e+00,-1.560816483150619938e+00,-1.690914238413401272e-01,3.082357470673722233e+00,30,0.000000000000000000e+00,0,-1610,50,652,0
1,105,209,9.174128089290718435e-01,1.856863877769280524e+00,1.346478228205890249e+00,-1.558691250953890606e+00,-1.675335995944817746e-01,3.069122516968228798e+00,60,0.000000000000000000e+00,0,-1610,50,652,0
1,105,210,8.877743759381029331e-01,1.856999339710788233e+00,1.348665871080958922e+00,-1.557510233140764200e+00,-1.702020486729978188e-01,3.063309464444760266e+00,60,0.000000000000000000e+00,0,-1610,50,652,0
1,105,211,8.583087120145229676e-01,1.856809437017827857e+00,1.351010732285657490e+00,-1.556313879434791936e+00,-1.662381585403944761e-01,3.054287805134560330e+00,60,0.000000000000000000e+00,0,-1610,50,652,0
1,105,212,8.552603876199584843e-01,1.857719174806351292e+00,1.351143596323877372e+00,-1.551275787111661364e+00,-1.843237541804634283e-01,3.035473652492237662e+00,30,0.000000000000000000e+00,0,-1610,50,652,0
1,106,1,1.215957024191605784e+00,2.414752371994784319e+00,1.347917521820969577e+00,-1.571734569002289472e+00,7.511732402088666660e-02,3.129091189941537454e+00,60,0.000000000000000000e+00,0,-1610,50,652,0
1,106,2,1.245895731806680562e+00,2.414750052522362189e+00,1.347725932623212053e+00,-1.571643502939031212e+00,7.516492792397611034e-02,3.130311612695110046e+00,60,0.000000000000000000e+00,0,-1610,50,652,0
1,106,3,1.275834438855844244e+00,2.414747733064205981e+00,1.347534269471638790e+00,-1.571552321500462090e+00,7.521242144746742575e-02,3.131532047364577132e+00,60,0.000000000000000000e+00,0,-1610,50,652,0
1,106,4,1.305773145474103503e+00,2.414745413625476900e+00,1.347342532365479961e+00,-1.571461024887169433e+00,7.525980427715639465e-02,3.132752493038314601e+00,60,0.000000000000000000e+00,0,-1610,50,652,0
1,106,5,1.299009445484488490e+00,2.384742650326429292e+00,1.345128464412226332e+00,-1.571352105913812691e+00,7.531611027206630560e-02,3.134206519998189222e+00,30,0.000000000000000000e+00,0,-1610,50,652,0
1,106,6,1.269081613119047214e+00,2.384745385390006689e+00,1.345320226462046964e+00,-1.571459912782115165e+00,7.526038040721005906e-02,3.132767350157546371e+00,60,0.000000000000000000e+00,0,-1610,50,652,0
1,106,7,1.239153780344438127e+00,2.384748120487860668e+00,1.345511885675441111e+00,-1.571567559780710388e+00,7.520449617814706222e-02,3.131328194335330828e+00,60,0.000000000000000000e+00,0,-1610,50,652,0
1,106,8,1.209225946939288088e+00,2.384750855611529108e+00,1.345703442053172383e+00,-1.571675046579137813e+00,7.514845809935133403e-02,3.129889054026591566e+00,60,0.000000000000000000e+00,0,-1610,50,652,0
1,106,9,1.217868704462661711e+00,2.354746962485136041e+00,1.343390927507501775e+00,-1.571522003204615547e+00,7.522817552539384778e-02,3.131937509346854664e+00,30,0.000000000000000000e+00,0,-1610,50,652,0
1,106,10,1.247780914830530996e+00,2.354743630247897457e+00,1.343199305250446951e+00,-1.571390749606236703e+00,7.529616100380986943e-02,3.133690888836153654e+00,60,0.000000000000000000e+00,0,-1610,50,652,0
1,106,11,1.277677730868356676e+00,2.354740657472200294e+00,1.343005165994863637e+00,-1.571235927698529711e+00,7.535684766907135845e-02,3.135753605412967548e+00,60,0.000000000000000000e+00,0,-1610,50,652,0
1,106,12,1.307528571585620192e+00,2.354738758039886193e+00,1.342803631916082097e+00,-1.571011192666889933e+00,7.539591869342876507e-02,3.138740125231675115e+00,60,0.000000000000000000e+00,0,-1610,50,652,0
1,106,13,1.296651071398439825e+00,2.324737711056813261e+00,1.340604135799604357e+00,-1.570887218743727942e+00,7.541716894753847100e-02,3.140386321859238272e+00,30,0.000000000000000000e+00,0,-1610,50,652,0
1,106,14,1.266763017354335163e+00,2.324739134434305132e+00,1.340806019397366988e+00,-1.571055744732490878e+00,7.538822945154821653e-02,3.138148312076879165e+00,60,0.000000000000000000e+00,0,-1610,50,652,0
1,106,15,1.236874962252897392e+00,2.324740557797811302e+00,1.341007654649951641e+00,-1.571224140233112632e+00,7.535891457588750342e-02,3.135910325901271722e+00,60,0.000000000000000000e+00,0,-1610,50,652,0
1,106,16,1.206987022388340991e+00,2.324743671323793226e+00,1.341203275181672705e+00,-1.571392369002771794e+00,7.529532434811048169e-02,3.133669274943123639e+00,60,0.000000000000000000e+00,0,-1610,50,652,0
1,106,17,1.219649504067590984e+00,2.294739601060608702e+00,1.338851166043459884e+00,-1.571110964621306838e+00,7.537866042146768031e-02,3.137414625495669629e+00,30,0.000000000000000000e+00,0,-1610,50,652,0
1,106,18,1.249559856824500548e+00,2.294738462941889878e+00,1.338649337289243402e+00,-1.570976256982297148e+00,7.540192878002494048e-02,3.139204114459674511e+00,60,0.000000000000000000e+00,0,-1610,50,652,0
1,106,19,1.279470209156150950e+00,2.294737324817436974e+00,1.338447349754565696e+00,-1.570841466296717392e+00,7.542495694329365286e-02,3.140993616800092703e+00,60,0.000000000000000000e+00,0,-1610,50,652,0
1,106,20,1.309380561487540007e+00,2.294736186692686974e+00,1.338245203438509723e+00,-1.570706593211457003e+00,7.544774457967329262e-02,-3.140402177572298115e+00,60,0.000000000000000000e+00,0,-1610,50,652,0
1,106,21,1.294469920783874795e+00,2.264736048290672432e+00,1.336073236314083257e+00,-1.570690186311154868e+00,7.545049926308045052e-02,-3.140184562356651554e+00,30,0.000000000000000000e+00,0,-1610,50,652,0
1,106,22,1.264544715367205141e+00,2.264736996405753988e+00,1.336275391015999681e+00,-1.570802556436449393e+00,7.543155713099647386e-02,3.141509988543575993e+00,60,0.000000000000000000e+00,0,-1610,50,652,0
1,106,23,1.234619510035459777e+00,2.264737944521717949e+00,1.336477435527857915e+00,-1.570914869508279521e+00,7.541244801351654203e-02,3.140019238945196633e+00,60,0.000000000000000000e+00,0,-1610,50,652,0
1,106,24,1.204694304542940575e+00,2.264738892635421497e+00,1.336679369849861576e+00,-1.571027125152324455e+00,7.539317210185059182e-02,3.138528497709963450e+00,60,0.000000000000000000e+00,0,-1610,50,652,0
1,106,25,1.221547597488148007e+00,2.234737524040847578e+00,1.334292970208489137e+00,-1.570865066728522663e+00,7.542094333080706647e-02,3.140680372146596788e+00,30,0.000000000000000000e+00,0,-1610,50,652,0
1,106,26,1.251483405976604457e+00,2.234736711566839062e+00,1.334090892069103473e+00,-1.570768803477062381e+00,7.543726540148432136e-02,-3.141227456910480331e+00,60,0.000000000000000000e+00,0,-1610,50,652,0
1,106,27,1.281419214581628774e+00,2.234735899094171696e+00,1.333888733013025130e+00,-1.570672498411756379e+00,7.545346480640846565e-02,-3.139949974253002374e+00,60,0.000000000000000000e+00,0,-1610,50,652,0
1,106,28,1.311355023457833724e+00,2.234735086624823897e+00,1.333686493040691090e+00,-1.570576151768748430e+00,7.546954142611506100e-02,-3.138672488119209625e+00,60,0.000000000000000000e+00,0,-1610,50,652,0
1,106,29,1.292250358754538420e+00,2.207467939243679567e+00,1.331928967365762828e+00,-1.570722733073392163e+00,2.074254461042901454e-02,-3.138044453899625275e+00,30,0.000000000000000000e+00,0,-1610,50,652,0
1,106,30,1.262333951412357935e+00,2.207463381437566596e+00,1.332188482632016946e+00,-1.570756785677698941e+00,2.083381344990331563e-02,-3.139694588675929765e+00,60,0.000000000000000000e+00,0,-1610,50,652,0
1,106,31,1.232417544246006802e+00,2.207458823627872047e+00,1.332447861422463520e+00,-1.570791139456034546e+00,2.092502639204507631e-02,-3.141344734316963372e+00,60,0.000000000000000000e+00,0,-1610,50,652,0
1,106,32,1.202501136917750735e+00,2.207454265833260543e+00,1.332707103737042376e+00,-1.570825794272256548e+00,2.101618231891033695e-02,3.140190418544575035e+00,60,0.000000000000000000e+00,0,-1610,50,652,0
1,106,33,1.223811549930377440e+00,2.177452964385760303e+00,1.331907706561368698e+00,-1.570835744995010996e+00,2.104220076551621688e-02,3.139719224878644965e+00,30,0.000000000000000000e+00,0,-1610,50,652,0
1,106,34,1.253714232966394615e+00,2.177458280654933187e+00,1.331648520283748249e+00,-1.570795252104800310e+00,2.093588884522845639e-02,-3.141541317407436473e+00,60,0.000000000000000000e+00,0,-1610,50,652,0
1,106,35,1.283616915727396890e+00,2.177463596947652569e+00,1.331389148327877914e+00,-1.570755168760471054e+00,2.082949917328114076e-02,-3.139616563964584994e+00,60,0.000000000000000000e+00,0,-1610,50,652,0
1,106,36,1.313519598749345096e+00,2.177468913234298586e+00,1.331129590693789666e+00,-1.570715495178353738e+00,2.072303352374560426e-02,-3.137691825444152816e+00,60,0.000000000000000000e+00,0,-1610,50,652,0
1,106,37,1.290078443952667575e+00,2.147460735701715695e+00,1.330718467886980338e+00,-1.570776690829812416e+00,2.088676797098587556e-02,-3.140652470449822431e+00,30,0.000000000000000000e+00,0,-1610,50,652,0
1,106,38,1.260194965236536735e+00,2.147454358098271676e+00,1.330977695022559582e+00,-1.570825089756351822e+00,2.101433758527293527e-02,3.140223823358753386e+00,60,0.000000000000000000e+00,0,-1610,50,652,0
1,106,39,1.230311485555520612e+00,2.147447980560166059e+00,1.331236654945469500e+00,-1.570874077833020355e+00,2.114179342205146916e-02,3.137914797195674677e+00,60,0.000000000000000000e+00,0,-1610,50,652,0
1,106,40,1.226443662217094666e+00,2.117437731547753277e+00,1.330655183675962139e+00,-1.570954039282590031e+00,2.134638036912783754e-02,3.134203972505503089e+00,30,0.000000000000000000e+00,0,-1610,50,652,0
1,106,41,1.256298361641141170e+00,2.117445699608274001e+00,1.330396824799331190e+00,-1.570891741773222883e+00,2.118735081367573159e-02,3.137088953558542670e+00,60,0.000000000000000000e+00,0,-1610,50,652,0
1,106,42,1.286153057597914984e+00,2.117453667879167778e+00,1.330138048797950390e+00,-1.570830363113531636e+00,2.102813715774964898e-02,3.139973927348394422e+00,60,0.000000000000000000e+00,0,-1610,50,652,0
1,106,43,1.316007751892101618e+00,2.117461636260699276e+00,1.329878855657178338e+00,-1.570769904096682934e+00,2.086874536897687094e-02,-3.140326424997932797e+00,60,0.000000000000000000e+00,0,-1610,50,652,0
1,106,44,1.288064552513948025e+00,2.087443951276452214e+00,1.329506967989252608e+00,-1.570905332110140495e+00,2.122226022362827536e-02,3.136455946258214222e+00,30,0.000000000000000000e+00,0,-1610,50,652,0
1,106,45,1.258234182305966176e+00,2.087434674309382121e+00,1.329756874962467528e+00,-1.570978490687134244e+00,2.140734670311927879e-02,3.133082798847658612e+00,60,0.000000000000000000e+00,0,-1610,50,652,0
1,106,46,1.228327423384823591e+00,2.087429734323451136e+00,1.329980816442200675e+00,-1.571019091486499875e+00,2.150579056283863366e-02,3.131233866805368748e+00,60,0.000000000000000000e+00,0,-1610,50,652,0
1,106,47,1.229040551001493453e+00,2.057424775657082261e+00,1.329306959112019904e+00,-1.571060212506649956e+00,2.160452917833133313e-02,3.129377940638673472e+00,30,0.000000000000000000e+00,0,-1610,50,652,0
1,106,48,1.258964359529270549e+00,2.057428804215259976e+00,1.329082990362782546e+00,-1.571026776656407220e+00,2.152431713431823823e-02,3.130885746945567760e+00,60,0.000000000000000000e+00,0,-1610,50,652,0
1,106,49,1.288888166908240818e+00,2.057432832748014473e+00,1.328858907702658243e+00,-1.570993583500224222e+00,2.144405421677109125e-02,3.132393541330066089e+00,60,0.000000000000000000e+00,0,-1610,50,652,0
1,106,50,1.315927268424434304e+00,2.027431155419957776e+00,1.327988030039151557e+00,-1.571007374407529911e+00,2.147747885522255373e-02,3.131765753075491432e+00,30,0.000000000000000000e+00,0,-1610,50,652,0
1,106,51,1.285991723753219240e+00,2.027427754392595372e+00,1.328212210428730611e+00,-1.571035466514820511e+00,2.154522497513444712e-02,3.130492820329322967e+00,60,0.000000000000000000e+00,0,-1610,50,652,0
1,106,52,1.256056178215376073e+00,2.027424353349670749e+00,1.328436309631156664e+00,-1.571063731576041400e+00,2.161293468296565656e-02,3.129219879396383241e+00,60,0.000000000000000000e+00,0,-1610,50,652,0
1,106,53,1.226120631655921889e+00,2.027420952299469281e+00,1.328660327648035322e+00,-1.571092169521600246e+00,2.168060748300759677e-02,3.127946931283178245e+00,60,0.000000000000000000e+00,0,-1610,50,652,0
1,106,54,1.022740846136491077e+00,2.000154804045671142e+00,1.331392729043377798e+00,-1.569575801972316498e+00,-3.297952961111128012e-02,3.104594259378917087e+00,30,1.000000000000000000e+00,0,-1610,50,652,0
1,106,55,1.052610030158406706e+00,2.000209159575847551e+00,1.330205463914305941e+00,-1.569608679696883113e+00,-3.406913490794716282e-02,3.106740097704155268e+00,60,0.000000000000000000e+00,0,-1610,50,652,0
1,106,56,1.081564416461397560e+00,1.999955803870188120e+00,1.329501332954871939e+00,-1.570386738476876598e+00,-2.901728817805437899e-02,3.127476289148004351e+00,60,0.000000000000000000e+00,0,-1610,50,652,0
1,106,57,1.111299021792734321e+00,1.999676668631999776e+00,1.329245351117607665e+00,-1.570589536185096780e+00,-2.343463302263870673e-02,3.132767929393606376e+00,60,0.000000000000000000e+00,0,-1610,50,652,0
1,106,58,1.141294520396587187e+00,1.999560127699442136e+00,1.328981360199177786e+00,-1.570611524505173939e+00,-2.110333891154825281e-02,3.132835210723420971e+00,60,0.000000000000000000e+00,0,-1610,50,652,0
1,106,59,1.171290016485842411e+00,1.999443579966514228e+00,1.328717097379218393e+00,-1.570633199288002935e+00,-1.877202065902139339e-02,3.132902433943538512e+00,60,0.000000000000000000e+00,0,-1610,50,652,0
1,106,60,1.201285510087525710e+00,1.999327026384101202e+00,1.328452562632193468e+00,-1.570654560775273545e+00,-1.644068464929815399e-02,3.132969600698578994e+00,60,0.000000000000000000e+00,0,-1610,50,652,0
1,106,61,1.231281001228704763e+00,1.999210467903208555e+00,1.328187755937004111e+00,-1.570675609198454836e+00,-1.410933726675800415e-02,3.133036712631795950e+00,60,0.000000000000000000e+00,0,-1610,50,652,0
1,106,62,1.261276489936487888e+00,1.999093905474935706e+00,1.327922677276989205e+00,-1.570696344778805820e+00,-1.177798489581971531e-02,3.133103771385154612e+00,60,0.000000000000000000e+00,0,-1610,50,652,0
1,106,63,1.291271976238022257e+00,1.998977340050449802e+00,1.327657326639926083e+00,-1.570716767727384555e+00,-9.446633920840552534e-03,3.133170778599403405e+00,60,0.000000000000000000e+00,0,-1610,50,652,0
1,106,64,1.313100170422710766e+00,1.969963145742864796e+00,1.328198787099028833e+00,-1.570663158136027970e+00,-2.916677365735131922e-02,3.137026272046541830e+00,30,0.000000000000000000e+00,0,-1610,50,652,0
1,106,65,1.283144592203467216e+00,1.969922488840663011e+00,1.328466356634816048e+00,-1.570642342339369613e+00,-2.835318507406525690e-02,3.136161038933594547e+00,60,0.000000000000000000e+00,0,-1610,50,652,0
1,106,66,1.253189014599844109e+00,1.969881830974056225e+00,1.328733855698553512e+00,-1.570622935416120081e+00,-2.753958239267140229e-02,3.135295862100715425e+00,60,0.000000000000000000e+00,0,-1610,50,652,0
1,106,67,1.223233437520399480e+00,1.969841172229031212e+00,1.329001284288381157e+00,-1.570604937213756935e+00,-2.672596862312315302e-02,3.134430739289662426e+00,60,0.000000000000000000e+00,0,-1610,50,652,0
1,106,68,1.193277860873688700e+00,1.969800512691577410e+00,1.329268642402737566e+00,-1.570588347579044974e+00,-2.591234677495868333e-02,3.133565668242396907e+00,60,0.000000000000000000e+00,0,-1610,50,652,0
1,106,69,1.163326286322971637e+00,1.969764410366198870e+00,1.329535757837895238e+00,-1.570570337440498454e+00,-2.518988543103661826e-02,3.132620512947049463e+00,60,0.000000000000000000e+00,0,-1610,50,652,0
1,106,70,1.133555684921754514e+00,1.969934448407079319e+00,1.329794222384398372e+00,-1.570409178860916022e+00,-2.859027102141786791e-02,3.128050388442925822e+00,60,0.000000000000000000e+00,0,-1610,50,652,0
1,106,71,1.103785039491647746e+00,1.970104470659912010e+00,1.330051066172122098e+00,-1.570216905490630310e+00,-3.198965379967999567e-02,3.123478771380304941e+00,60,0.000000000000000000e+00,0,-1610,50,652,0
1,106,72,1.074062855786204418e+00,1.970166086185979770e+00,1.330772031963311619e+00,-1.570016467869381316e+00,-3.321871566637457640e-02,3.118116152177933031e+00,60,0.000000000000000000e+00,0,-1610,50,652,0
1,106,73,1.044357794371198356e+00,1.970189352852271369e+00,1.331656174052629371e+00,-1.569815535000264495e+00,-3.367918647507628371e-02,3.112473771058740013e+00,60,0.000000000000000000e+00,0,-1610,50,652,0
1,106,74,1.014652086406606202e+00,1.970211804587724824e+00,1.332540828218651718e+00,-1.569610398931853723e+00,-3.412215783316940865e-02,3.106844524552822229e+00,60,0.000000000000000000e+00,0,-1610,50,652,0
1,106,75,1.024985249893255901e+00,1.940190398383903725e+00,1.333454495285618879e+00,-1.569806382854804561e+00,-3.369985035576683607e-02,3.112220211400157588e+00,30,0.000000000000000000e+00,0,-1610,50,652,0
1,106,76,1.054811683911134113e+00,1.940177157059884916e+00,1.332567063881427316e+00,-1.569921511413692183e+00,-3.343796841362300931e-02,3.115431404429101381e+00,60,0.000000000000000000e+00,0,-1610,50,652,0
1,106,77,1.084638103179460966e+00,1.940163915672994399e+00,1.331679114540666786e+00,-1.570034945760910405e+00,-3.317569853294433102e-02,3.118642506521204005e+00,60,0.000000000000000000e+00,0,-1610,50,652,0
1,106,78,1.114464510191652602e+00,1.940150674429175215e+00,1.330790647201439914e+00,-1.570146684058803421e+00,-3.291305298329771922e-02,3.121853502058040242e+00,60,0.000000000000000000e+00,0,-1610,50,652,0
1,106,79,1.144327784467173315e+00,1.940065109903801543e+00,1.330446267179076436e+00,-1.570264187866965866e+00,-3.120275486116019792e-02,3.124537309169237442e+00,60,0.000000000000000000e+00,0,-1610,50,652,0
1,106,80,1.174196748547329472e+00,1.939968347728508347e+00,1.330185632676047280e+00,-1.570373328387598910e+00,-2.926810605120166997e-02,3.127139057954357426e+00,60,0.000000000000000000e+00,0,-1610,50,652,0
1,106,81,1.204065697649917777e+00,1.939871579905375176e+00,1.329924473248752959e+00,-1.570472390585241129e+00,-2.733311051494857757e-02,3.129740311023282651e+00,60,0.000000000000000000e+00,0,-1610,50,652,0
1,106,82,1.233934633821752946e+00,1.939774807959418368e+00,1.329662788830085818e+00,-1.570561376051082370e+00,-2.539783084349056530e-02,3.132341103461512510e+00,60,0.000000000000000000e+00,0,-1610,50,652,0
1,106,83,1.263843141550732962e+00,1.939827888064372452e+00,1.329395696605345289e+00,-1.570599362146707145e+00,-2.646014356432924153e-02,3.134148098468975796e+00,60,0.000000000000000000e+00,0,-1610,50,652,0
1,106,84,1.293758387281210842e+00,1.939906472045559216e+00,1.329127490977896731e+00,-1.570634528929326201e+00,-2.803267303836931568e-02,3.135820201482871994e+00,60,0.000000000000000000e+00,0,-1610,50,652,0
1,106,85,1.310608426172376717e+00,1.909776279414144184e+00,1.329736350035609194e+00,-1.570570512981499967e+00,-2.542735346906499494e-02,3.132711186056289954e+00,30,0.000000000000000000e+00,0,-1610,50,652,0
1,106,86,1.280615677273712283e+00,1.910011826004753832e+00,1.329995356050012845e+00,-1.570524938326696152e+00,-3.013988965232972106e-02,3.132587238052783718e+00,60,0.000000000000000000e+00,0,-1610,50,652,0
1,106,87,1.250622917494272457e+00,1.910247339551014889e+00,1.330253251353155308e+00,-1.570478193137023304e+00,-3.485242335083094112e-02,3.132463037562895458e+00,60,0.000000000000000000e+00,0,-1610,50,652,0
1,106,88,1.220647765661586615e+00,1.910527815234401405e+00,1.330519746975634021e+00,-1.570407726344691168e+00,-4.046551128648445683e-02,3.131987076508112366e+00,60,0.000000000000000000e+00,0,-1610,50,652,0
1,106,89,1.190683774226650282e+00,1.910836792080650159e+00,1.330790632041447097e+00,-1.570315731387603719e+00,-4.665031663430641018e-02,3.131287197600976846e+00,60,0.000000000000000000e+00,0,-1610,50,652,0
1,106,90,1.160719752900156720e+00,1.911145679011827969e+00,1.331059582231715721e+00,-1.570215054163135004e+00,-5.283499606195873888e-02,3.130586317135442886e+00,60,0.000000000000000000e+00,0,-1610,50,652,0
1,106,91,1.131183004245948753e+00,1.912097535903398482e+00,1.331450755273222208e+00,-1.569340830729498482e+00,-7.189800590668760094e-02,3.121334059121116500e+00,30,0.000000000000000000e+00,0,-1610,50,652,0
1,106,92,1.101644022204504525e+00,1.911076159993903456e+00,1.332366378657182437e+00,-1.569294716993860472e+00,-5.142401785127370673e-02,3.112387510286342529e+00,30,0.000000000000000000e+00,0,-1610,50,652,0
1,106,93,1.071712651445050124e+00,1.911037331460992750e+00,1.333262978210681071e+00,-1.569261414640787056e+00,-5.064509956516594080e-02,3.111281736487293781e+00,60,0.000000000000000000e+00,0,-1610,50,652,0
1,106,94,1.041781280101512497e+00,1.910998501391652171e+00,1.334159486519902904e+00,-1.569229837373694814e+00,-4.986617143508187411e-02,3.110176075232123694e+00,60,0.000000000000000000e+00,0,-1610,50,652,0
1,106,95,1.012017452701086562e+00,1.911260642724613712e+00,1.335071307580830036e+00,-1.568819197349479833e+00,-5.510539887802412551e-02,3.105710797763512776e+00,60,0.000000000000000000e+00,0,-1610,50,652,0
1,106,96,1.028546853411643536e+00,1.885117845754041621e+00,1.336767600578551596e+00,-1.564954952045514602e+00,-1.325176527000400117e-01,3.097411666211208114e+00,30,0.000000000000000000e+00,0,-1610,50,652,0
1,106,97,1.057918766970919577e+00,1.884676939535129714e+00,1.335655170992028129e+00,-1.566871452420316224e+00,-1.236925265325785617e-01,3.109791264120103094e+00,60,0.000000000000000000e+00,0,-1610,50,652,0
1,106,98,1.087828491143236542e+00,1.883480213669805892e+00,1.334895874712448638e+00,-1.567804020037875556e+00,-9.962445774233774642e-02,3.111516029199874023e+00,30,0.000000000000000000e+00,0,-1610,50,652,0
1,106,99,1.117129708347307071e+00,1.882886082975252506e+00,1.334187136824930064e+00,-1.569382266993371911e+00,-8.772282910055584360e-02,3.125453718497243738e+00,30,0.000000000000000000e+00,0,-1610,50,652,0
1,106,100,1.147497573613485589e+00,1.882902429328994653e+00,1.333552855668049597e+00,-1.568713244665324247e+00,-8.803781326884196901e-02,3.117905237244227301e+00,60,0.000000000000000000e+00,0,-1610,50,652,0
1,106,101,1.177405964993608833e+00,1.883166177140576325e+00,1.332885956920691894e+00,-1.568744141837530748e+00,-9.333663733604269375e-02,3.119577306017790264e+00,60,0.000000000000000000e+00,0,-1610,50,652,0
1,106,102,1.206985108206036550e+00,1.883170244121903814e+00,1.332470768254391258e+00,-1.569528981570892823e+00,-9.343225547013433996e-02,3.128009404223819345e+00,60,0.000000000000000000e+00,0,-1610,50,652,0
1,106,103,1.236789246886143223e+00,1.883178743960220114e+00,1.332106155957105686e+00,-1.569891516165530021e+00,-9.360720828580348929e-02,3.131912786885324707e+00,60,0.000000000000000000e+00,0,-1610,50,652,0
1,106,104,1.266579097077294769e+00,1.883182392870849542e+00,1.331896966541182170e+00,-1.570286056731262647e+00,-9.368348218813671302e-02,3.136137986465398875e+00,60,0.000000000000000000e+00,0,-1610,50,652,0
1,106,105,1.295950060111286328e+00,1.883065363085303590e+00,1.331802741487275066e+00,-1.571454962913464204e+00,-9.133185202109728174e-02,-3.134371281242513962e+00,60,0.000000000000000000e+00,0,-1610,50,652,0
1,106,106,1.303700031103941281e+00,1.855693204773007476e+00,1.334968989025404174e+00,-1.570649323782207896e+00,-1.442639342809191039e-01,3.140570124221201631e+00,30,0.000000000000000000e+00,0,-1610,50,652,0
1,106,107,1.274044834461466325e+00,1.855292063253638712e+00,1.335271757786538060e+00,-1.569707041125399494e+00,-1.361573117068914929e-01,3.133567850484432427e+00,60,0.000000000000000000e+00,0,-1610,50,652,0
1,106,108,1.244120916742022853e+00,1.855282997620166352e+00,1.335500571431025518e+00,-1.569500813504852488e+00,-1.359725042543564744e-01,3.132035757443036417e+00,60,0.000000000000000000e+00,0,-1610,50,652,0
1,106,109,1.214338076238502762e+00,1.855268753406410065e+00,1.335848040138059911e+00,-1.568911373127876985e+00,-1.356780922436933157e-01,3.127657985522730222e+00,60,0.000000000000000000e+00,0,-1610,50,652,0
1,106,110,1.184534896965371731e+00,1.855252387398021341e+00,1.336307502044034035e+00,-1.568384751989592374e+00,-1.353394029554657596e-01,3.123721289379464139e+00,60,0.000000000000000000e+00,0,-1610,50,652,0
1,106,111,1.154768128845599540e+00,1.855229184270545506e+00,1.336892870402353273e+00,-1.567770988146624855e+00,-1.348586996593399423e-01,3.119094841787970029e+00,60,0.000000000000000000e+00,0,-1610,50,652,0
1,106,112,1.124971370810168292e+00,1.855208504060075647e+00,1.337590260493392691e+00,-1.567247953567135754e+00,-1.344284987605202097e-01,3.115123068338803591e+00,60,0.000000000000000000e+00,0,-1610,50,652,0
1,106,113,1.095269024480155284e+00,1.855175148115330686e+00,1.338430294857869907e+00,-1.566490873007288620e+00,-1.337329993084159785e-01,3.109313105164992486e+00,60,0.000000000000000000e+00,0,-1610,50,652,0
1,106,114,1.065441250470428036e+00,1.855157028948968057e+00,1.339379656226152626e+00,-1.566077425192397676e+00,-1.333532597646507334e-01,3.106115709835009397e+00,60,0.000000000000000000e+00,0,-1610,50,652,0
1,106,115,1.035604874236254913e+00,1.855142330928380545e+00,1.340487281447206191e+00,-1.565702563289654403e+00,-1.330427396814601870e-01,3.103211327446177226e+00,60,0.000000000000000000e+00,0,-1610,50,652,0
1,106,116,1.005765994559460808e+00,1.855129827331286618e+00,1.341723327212994255e+00,-1.565347045165662809e+00,-1.327762215753347519e-01,3.100453536738703608e+00,60,0.000000000000000000e+00,0,-1610,50,652,0
1,106,117,1.106304049591627203e+00,1.827666946209386634e+00,1.342645351144826638e+00,-1.565064221122470123e+00,-1.841920225912363485e-01,3.110305585480219293e+00,30,0.000000000000000000e+00,0,-1610,50,652,0
1,106,118,1.136208424050705101e+00,1.827472247204638967e+00,1.341761112084729923e+00,-1.565496016717404792e+00,-1.802435175464658368e-01,3.112034773730240289e+00,60,0.000000000000000000e+00,0,-1610,50,652,0
1,106,119,1.165861347894868727e+00,1.827072029824784005e+00,1.340979688141875625e+00,-1.566928466658794150e+00,-1.721472386866298443e-01,3.119016693606132762e+00,60,0.000000000000000000e+00,0,-1610,50,652,0
1,106,120,1.195408564049958766e+00,1.827692883934820989e+00,1.340455166344920457e+00,-1.568339623563060226e+00,-1.847917547446666919e-01,3.128223015916331118e+00,30,0.000000000000000000e+00,0,-1610,50,652,0
1,106,121,1.225348782670156789e+00,1.827767825295825599e+00,1.340116833112066752e+00,-1.568540781211733126e+00,-1.863194142360611316e-01,3.129417107822768607e+00,60,0.000000000000000000e+00,0,-1610,50,652,0
1,106,122,1.255289015746559933e+00,1.827842745177777672e+00,1.339778317302300348e+00,-1.568745713378307594e+00,-1.878468588986386134e-01,3.130612203560122708e+00,60,0.000000000000000000e+00,0,-1610,50,652,0
1,106,123,1.285229263602132077e+00,1.827917643163547989e+00,1.339439618991167702e+00,-1.568954425297516941e+00,-1.893740770479728219e-01,3.131808315946012833e+00,60,0.000000000000000000e+00,0,-1610,50,652,0
1,106,124,1.314745769918644225e+00,1.826430591387091074e+00,1.339614172856461671e+00,-1.570830229220091079e+00,-1.591832661318179909e-01,-3.141378774158403608e+00,30,0.000000000000000000e+00,0,-1610,50,652,0
2,119,1,1.191911837031649712e+00,2.207480709492279924e+00,1.331188048813260139e+00,1.571004743638980017e+00,-2.048615589887670119e-02,3.131418747099879774e+00,60,0.000000000000000000e+00,0,1610,50,652,0
2,119,2,1.161999585213332242e+00,2.207481612453882747e+00,1.331149602729524872e+00,1.570970269997337576e+00,-2.046841389369835618e-02,3.133094136632555760e+00,60,0.000000000000000000e+00,0,1610,50,652,0
2,119,3,1.132083175317306845e+00,2.207477054770501823e+00,1.331409527411661964e+00,1.570937121682894455e+00,-2.055984371336339045e-02,3.134744225690853092e+00,60,0.000000000000000000e+00,0,1610,50,652,0
2,119,4,1.102166766610279680e+00,2.207472497027546332e+00,1.331669315624879113e+00,1.570903671815443214e+00,-2.065122099199068195e-02,3.136394332175526767e+00,60,0.000000000000000000e+00,0,1610,50,652,0
2,119,5,1.123422282568195207e+00,2.177474229485250934e+00,1.330869847383584492e+00,1.570916422024101200e+00,-2.061649367148277179e-02,3.135767105317462722e+00,30,0.000000000000000000e+00,0,1610,50,652,0
2,119,6,1.153324967719888239e+00,2.177479545670891081e+00,1.330609918401432612e+00,1.570955275469149592e+00,-2.050988139209097838e-02,3.133842407055358770e+00,60,0.000000000000000000e+00,0,1610,50,652,0
2,119,7,1.183227654740338863e+00,2.177484861761600943e+00,1.330349803753573035e+00,1.570993718557515795e+00,-2.040319846185045805e-02,3.131917734128174313e+00,60,0.000000000000000000e+00,0,1610,50,652,0
2,119,8,1.189608830553479102e+00,2.147480450970218779e+00,1.329905236466015328e+00,1.571005389470763403e+00,-2.049132111523843669e-02,3.131389794816567651e+00,30,0.000000000000000000e+00,0,1610,50,652,0
2,119,9,1.159728883564675961e+00,2.147479868392710323e+00,1.329939183203412645e+00,1.570957620898094653e+00,-2.050340709026410302e-02,3.133725567026868220e+00,60,0.000000000000000000e+00,0,1610,50,652,0
2,119,10,1.129845402191454351e+00,2.147473490900071003e+00,1.330199211973202678e+00,1.570910991647568089e+00,-2.063129965911802977e-02,3.136034506059990790e+00,60,0.000000000000000000e+00,0,1610,50,652,0
2,119,11,1.099961922629208333e+00,2.147467113319360799e+00,1.330458973536507328e+00,1.570863772152913285e+00,-2.075908764107370352e-02,3.138343475865097432e+00,60,0.000000000000000000e+00,0,1610,50,652,0
2,119,12,1.125862446328451449e+00,2.117469604653127391e+00,1.329619245372815506e+00,1.570882288119762382e+00,-2.070918141948752123e-02,3.137441500812732986e+00,30,0.000000000000000000e+00,0,1610,50,652,0
2,119,13,1.155717142711709444e+00,2.117477572956713683e+00,1.329359217951104677e+00,1.570940905654702124e+00,-2.054945128550600408e-02,3.134556618964877028e+00,60,0.000000000000000000e+00,0,1610,50,652,0
2,119,14,1.185570408100572681e+00,2.117482857898191462e+00,1.329182645323379708e+00,1.570999388137737984e+00,-2.044323044145568424e-02,3.131659350154042176e+00,60,0.000000000000000000e+00,0,1610,50,652,0
2,119,15,1.187288670826550208e+00,2.087479867336069272e+00,1.328621968631559014e+00,1.571006848588122784e+00,-2.050298193031974137e-02,3.131324432708144201e+00,30,0.000000000000000000e+00,0,1610,50,652,0
2,119,16,1.157484891398182558e+00,2.087475800488041600e+00,1.328729115037633246e+00,1.570927946372754791e+00,-2.058499596275242816e-02,3.135198332173147584e+00,60,0.000000000000000000e+00,0,1610,50,652,0
2,119,17,1.127678111514143655e+00,2.087465184065034229e+00,1.328989139816725729e+00,1.570849371829143637e+00,-2.079772296966719836e-02,3.139041953997178780e+00,60,0.000000000000000000e+00,0,1610,50,652,0
2,119,18,1.097871333308805930e+00,2.087454567582542886e+00,1.329248424132919215e+00,1.570769162952364573e+00,-2.101014909887832793e-02,-3.140299667716730525e+00,60,0.000000000000000000e+00,0,1610,50,652,0
2,119,19,1.098758053132437684e+00,2.057439871671191245e+00,1.328626420105594175e+00,1.570655437067991489e+00,-2.130368487494460616e-02,-3.134978852651248982e+00,30,0.000000000000000000e+00,0,1610,50,652,0
2,119,20,1.128469221767007591e+00,2.057455771986091975e+00,1.328368445337631210e+00,1.570778344542576921e+00,-2.098606557074922385e-02,-3.140735724601892986e+00,60,0.000000000000000000e+00,0,1610,50,652,0
2,119,21,1.158180385678976965e+00,2.057471672636664639e+00,1.328108809569336524e+00,1.570897589344451450e+00,-2.066774324362508075e-02,3.136692798401857996e+00,60,0.000000000000000000e+00,0,1610,50,652,0
2,119,22,1.187887091155438446e+00,2.057475918066872467e+00,1.328029946780200365e+00,1.571016762065249761e+00,-2.058188436112140529e-02,3.130882146994052651e+00,60,0.000000000000000000e+00,0,1610,50,652,0
2,119,23,1.184904070192729808e+00,2.027477159723259259e+00,1.327337058514718171e+00,1.571013637724138157e+00,-2.055707781240467824e-02,3.131021202470658515e+00,30,0.000000000000000000e+00,0,1610,50,652,0
2,119,24,1.155481107192859014e+00,2.027455551962187741e+00,1.327519638895596765e+00,1.570776668793214093e+00,-2.099046551758498858e-02,-3.140656064568182693e+00,60,0.000000000000000000e+00,0,1610,50,652,0
2,119,25,1.125862812384006872e+00,2.027434556423471701e+00,1.327763768461210692e+00,1.570613198267713617e+00,-2.140969681911042422e-02,-3.133038676628481678e+00,60,0.000000000000000000e+00,0,1610,50,652,0
2,119,26,1.101267460160495038e+00,1.998860772580961065e+00,1.327391704018031637e+00,1.570855775344737193e+00,7.115290726014800171e-03,-3.133237735914149003e+00,30,0.000000000000000000e+00,0,1610,50,652,0
2,119,27,1.131262941731131288e+00,1.998744204017694814e+00,1.327125809407960544e+00,1.570835977067292166e+00,4.783961695274063786e-03,-3.133304644967933594e+00,60,0.000000000000000000e+00,0,1610,50,652,0
2,119,28,1.161258420977194117e+00,1.998627635311867934e+00,1.326859642810807260e+00,1.570816490849572089e+00,2.452653212184685572e-03,-3.133371507398303280e+00,60,0.000000000000000000e+00,0,1610,50,652,0
2,119,29,1.189566595037551133e+00,1.998295027222985576e+00,1.326861941031856729e+00,1.570903610006373796e+00,-4.198069882656252361e-03,3.116042773709573055e+00,60,0.000000000000000000e+00,0,1610,50,652,0
2,119,30,1.219545304706003197e+00,1.998410107956774207e+00,1.327687095809350737e+00,1.570845187138904642e+00,-1.897185529585287966e-03,3.115844209769711881e+00,60,0.000000000000000000e+00,0,1610,50,652,0
2,119,31,1.249524021293178411e+00,1.998525190290356690e+00,1.328511983827715737e+00,1.570785849653950406e+00,4.036972861998222584e-04,3.115645513928281041e+00,60,0.000000000000000000e+00,0,1610,50,652,0
2,119,32,1.279502744878788345e+00,1.998640273302446424e+00,1.329336605081868683e+00,1.570725597097716530e+00,2.704572053487064309e-03,3.115446681453330591e+00,60,0.000000000000000000e+00,0,1610,50,652,0
2,119,33,1.309481475542435325e+00,1.998755356071720835e+00,1.330160959570999335e+00,1.570664428987569750e+00,5.005432260069442307e-03,3.115247707610785177e+00,60,0.000000000000000000e+00,0,1610,50,652,0
2,119,34,1.339460213363609320e+00,1.998870437676846468e+00,1.330985047298567370e+00,1.570602344812028983e+00,7.306271392820029575e-03,3.115048587664243307e+00,60,0.000000000000000000e+00,0,1610,50,652,0
2,119,35,1.369438958421686614e+00,1.998985517196502748e+00,1.331808868272304824e+00,1.570539344030749351e+00,9.607082937764799269e-03,3.114849316874769070e+00,60,0.000000000000000000e+00,0,1610,50,652,0
2,119,36,1.399417710795926695e+00,1.999100593709408402e+00,1.332632422504214098e+00,1.570475426074508185e+00,1.190786038016078408e-02,3.114649890500690965e+00,60,0.000000000000000000e+00,0,1610,50,652,0
2,119,37,1.391450489228439835e+00,1.969394760734651140e+00,1.332923075286805981e+00,1.570314822674331090e+00,1.778966699684847441e-02,3.114531326003704415e+00,30,0.000000000000000000e+00,0,1610,50,652,0
2,119,38,1.361474988108820394e+00,1.969428419667627495e+00,1.332097759959164129e+00,1.570301454943344055e+00,1.846284054506397432e-02,3.114793877616970796e+00,60,0.000000000000000000e+00,0,1610,50,652,0
2,119,39,1.331499487523599701e+00,1.969462078190429732e+00,1.331272418520624612e+00,1.570288440779732841e+00,1.913602246724854794e-02,3.115056426841066095e+00,60,0.000000000000000000e+00,0,1610,50,652,0
2,119,40,1.301523987462471332e+00,1.969495736276682729e+00,1.330447050971403478e+00,1.570275780199881011e+00,1.980921240190847143e-02,3.115318974202789803e+00,60,0.000000000000000000e+00,0,1610,50,652,0
2,119,41,1.271548487915128867e+00,1.969529393900011804e+00,1.329621657311758298e+00,1.570263473220991912e+00,2.048240998755157527e-02,3.115581520229000922e+00,60,0.000000000000000000e+00,0,1610,50,652,0
2,119,42,1.241617324985071491e+00,1.969642510107856737e+00,1.328822291042031090e+00,1.570231061228959391e+00,2.274517077302329326e-02,3.116743510335299838e+00,60,0.000000000000000000e+00,0,1610,50,652,0
2,119,43,1.211950961204051325e+00,1.970124627553488494e+00,1.328147412325393129e+00,1.570202535350007977e+00,3.239280593223181626e-02,3.123260532522638577e+00,60,0.000000000000000000e+00,0,1610,50,652,0
2,119,44,1.182397917726127456e+00,1.970378209092188193e+00,1.327760018193079317e+00,1.570442745479771141e+00,3.747131131825232053e-02,3.132154670934497176e+00,60,0.000000000000000000e+00,0,1610,50,652,0
2,119,45,1.153011329073815538e+00,1.970044456310128478e+00,1.327663436620234227e+00,1.570883636633715330e+00,3.079389648771435617e-02,-3.138756916146476339e+00,60,0.000000000000000000e+00,0,1610,50,652,0
2,119,46,1.123055749349014754e+00,1.970003801594679027e+00,1.327931147093349473e+00,1.570907270631892061e+00,2.998034513216318864e-02,-3.137891563697976061e+00,60,0.000000000000000000e+00,0,1610,50,652,0
2,119,47,1.103673635176844359e+00,1.939985052550635469e+00,1.328859022090946640e+00,1.570917695085175314e+00,2.960515427657073317e-02,-3.137492511414576857e+00,30,0.000000000000000000e+00,0,1610,50,652,0
2,119,48,1.133551484174301960e+00,1.940089833175697276e+00,1.328663124883817215e+00,1.570849413495055913e+00,3.170195638953199335e-02,-3.139917818664778260e+00,60,0.000000000000000000e+00,0,1610,50,652,0
2,119,49,1.163279888644943805e+00,1.940299315738560626e+00,1.328756779233958518e+00,1.570661386974469442e+00,3.589379568426576128e-02,3.137832444835215284e+00,60,0.000000000000000000e+00,0,1610,50,652,0
2,119,50,1.192953583427802000e+00,1.940371247257637100e+00,1.329008642756608793e+00,1.570412957171620771e+00,3.733167706241102834e-02,3.131321343830280046e+00,60,0.000000000000000000e+00,0,1610,50,652,0
2,119,51,1.222707889461256636e+00,1.940264915147008828e+00,1.329357553135508629e+00,1.570263158091239397e+00,3.520156656607897894e-02,3.126444518310484533e+00,60,0.000000000000000000e+00,0,1610,50,652,0
2,119,52,1.252505575621933431e+00,1.940079902861844730e+00,1.329873774479329196e+00,1.570194548074316465e+00,3.149754908925705976e-02,3.122486244218155349e+00,60,0.000000000000000000e+00,0,1610,50,652,0
2,119,53,1.282271100281630050e+00,1.939752542461720575e+00,1.330545897435152947e+00,1.570206486908068300e+00,2.494649548217786617e-02,3.117950405908892719e+00,60,0.000000000000000000e+00,0,1610,50,652,0
2,119,54,1.312170430593516013e+00,1.939585093312187869e+00,1.331271006119509215e+00,1.570245994397826195e+00,2.159656438734369743e-02,3.116113780009450274e+00,60,0.000000000000000000e+00,0,1610,50,652,0
2,119,55,1.342116409689120715e+00,1.939487160162171930e+00,1.332078236607197486e+00,1.570278972574765008e+00,1.963768132504717379e-02,3.115252076681826132e+00,60,0.000000000000000000e+00,0,1610,50,652,0
2,119,56,1.372072935181118725e+00,1.939404940419667600e+00,1.332903987197625817e+00,1.570310742508272739e+00,1.799325741259050204e-02,3.114610731114972886e+00,60,0.000000000000000000e+00,0,1610,50,652,0
2,119,57,1.401876154182759127e+00,1.939542385461716645e+00,1.333770269099401551e+00,1.570160149405668504e+00,2.073947187826585825e-02,3.110925352984732939e+00,60,0.000000000000000000e+00,0,1610,50,652,0
2,119,58,1.388354143549917818e+00,1.911914190476915465e+00,1.334432941121492799e+00,1.568395014863517289e+00,6.819457962433306264e-02,3.106367204171822216e+00,30,0.000000000000000000e+00,0,1610,50,652,0
2,119,59,1.358667191986040024e+00,1.911949457718889800e+00,1.333416292658463398e+00,1.568778895659831640e+00,6.891431002759351720e-02,3.112303319758144227e+00,60,0.000000000000000000e+00,0,1610,50,652,0
2,119,60,1.328793576716648772e+00,1.911945830856562001e+00,1.332592159685619837e+00,1.568940024900502994e+00,6.884609508091577013e-02,3.114614790445006332e+00,60,0.000000000000000000e+00,0,1610,50,652,0
2,119,61,1.299041170582374782e+00,1.912036326202005476e+00,1.331773487989348359e+00,1.569226343490266018e+00,7.066799068095552805e-02,3.119361467781946118e+00,60,0.000000000000000000e+00,0,1610,50,652,0
2,119,62,1.269321286724665043e+00,1.912685547433053301e+00,1.331100348525579458e+00,1.569394530847876945e+00,8.369699095641092157e-02,3.124826180650160268e+00,30,0.000000000000000000e+00,0,1610,50,652,0
2,119,63,1.239331378972793107e+00,1.912019709291621572e+00,1.330608934924183417e+00,1.569627040528759121e+00,7.034253118793243331e-02,3.124957714875289394e+00,30,0.000000000000000000e+00,0,1610,50,652,0
2,119,64,1.209632493986063873e+00,1.911091568829047294e+00,1.330287931867296436e+00,1.570247523150720692e+00,5.175159797622375102e-02,3.130983741612488824e+00,30,0.000000000000000000e+00,0,1610,50,652,0
2,119,65,1.179701936993631239e+00,1.910620760456688938e+00,1.330001856558997275e+00,1.570405341707669322e+00,4.232607011600930669e-02,3.132352704275209732e+00,60,0.000000000000000000e+00,0,1610,50,652,0
2,119,66,1.149996932163170227e+00,1.910283331839376597e+00,1.329810096964380683e+00,1.570677342569159585e+00,3.557396812703350619e-02,3.138247261208820582e+00,60,0.000000000000000000e+00,0,1610,50,652,0
2,119,67,1.120177774803991610e+00,1.910143891025911422e+00,1.329714122247179109e+00,1.570805261698838606e+00,3.278371889288878016e-02,-3.141320063879975422e+00,60,0.000000000000000000e+00,0,1610,50,652,0
2,119,68,1.106464444800656199e+00,1.882989317807274965e+00,1.331931989456191179e+00,1.571081650677822905e+00,8.980660309160182209e-02,-3.138411297077620787e+00,30,0.000000000000000000e+00,0,1610,50,652,0
2,119,69,1.135721356049185893e+00,1.882954247280872240e+00,1.331925693205222583e+00,1.569750166155027937e+00,8.909670331959440581e-02,3.129835785944958371e+00,60,0.000000000000000000e+00,0,1610,50,652,0
2,119,70,1.166147860648433676e+00,1.882923131141929884e+00,1.332145371871483519e+00,1.570518726504613882e+00,8.847761044269786268e-02,3.138451046331506511e+00,60,0.000000000000000000e+00,0,1610,50,652,0
2,119,71,1.195986047241385020e+00,1.883172067125323368e+00,1.332298187334201245e+00,1.570201029700364792e+00,9.347555524782791281e-02,3.135214976729344016e+00,60,0.000000000000000000e+00,0,1610,50,652,0
2,119,72,1.225317028988789136e+00,1.883168475431799882e+00,1.332713962558924159e+00,1.568948207755323843e+00,9.338706459899204226e-02,3.121776548308984545e+00,60,0.000000000000000000e+00,0,1610,50,652,0
2,119,73,1.254798057312746407e+00,1.882908478727114643e+00,1.333286113283880692e+00,1.568143138644694901e+00,8.814403071809007173e-02,3.111462092412423885e+00,60,0.000000000000000000e+00,0,1610,50,652,0
2,119,74,1.285230509069039684e+00,1.882891797133775746e+00,1.333924082610927098e+00,1.568929583037784070e+00,8.782913630828814711e-02,3.120314225292798227e+00,60,0.000000000000000000e+00,0,1610,50,652,0
2,119,75,1.314813319163389949e+00,1.883136543682041308e+00,1.334568133040419990e+00,1.568059278316241922e+00,9.272361282290986217e-02,3.112040490523354741e+00,60,0.000000000000000000e+00,0,1610,50,652,0
2,119,76,1.344742557639878822e+00,1.883968436045620365e+00,1.335357754987348322e+00,1.567428465625608780e+00,1.094357601767210753e-01,3.110766014541248126e+00,30,0.000000000000000000e+00,0,1610,50,652,0
2,119,77,1.374366201655900843e+00,1.885144550812346331e+00,1.336258284836774335e+00,1.565713719509951085e+00,1.330879909307098874e-01,3.103308240256422934e+00,30,0.000000000000000000e+00,0,1610,50,652,0
2,119,78,1.381462668508663505e+00,1.855121592957312160e+00,1.340582466080599167e+00,1.565102717000490751e+00,1.325997247661905298e-01,3.098554371147434594e+00,30,0.000000000000000000e+00,0,1610,50,652,0
2,119,79,1.351829995591600220e+00,1.855156048377457845e+00,1.339451769008947135e+00,1.566007233826832490e+00,1.333309721390589786e-01,3.105582474557420092e+00,60,0.000000000000000000e+00,0,1610,50,652,0
2,119,80,1.322010541303799025e+00,1.855173124117932115e+00,1.338503530743320180e+00,1.566443772929276390e+00,1.336906170596148247e-01,3.108949947639622735e+00,60,0.000000000000000000e+00,0,1610,50,652,0
2,119,81,1.292313351854150971e+00,1.855207171826620760e+00,1.337643289893470921e+00,1.567212519866459708e+00,1.344006674678406288e-01,3.114853368805700740e+00,60,0.000000000000000000e+00,0,1610,50,652,0
2,119,82,1.262508936144216554e+00,1.855226721820044444e+00,1.336947651217757826e+00,1.567715005431771669e+00,1.348077264535691988e-01,3.118670061715751007e+00,60,0.000000000000000000e+00,0,1610,50,652,0
2,119,83,1.232749535292593901e+00,1.855251306978300763e+00,1.336342221186713974e+00,1.568346975031195134e+00,1.353169172517358909e-01,3.123438399923855968e+00,60,0.000000000000000000e+00,0,1610,50,652,0
2,119,84,1.202946056665655794e+00,1.855267188843348736e+00,1.335884075601598164e+00,1.568872780797954114e+00,1.356459692417624208e-01,3.127369379712761521e+00,60,0.000000000000000000e+00,0,1610,50,652,0
2,119,85,1.173154835337335777e+00,1.855281894220626615e+00,1.335521692766006296e+00,1.569438238365009397e+00,1.359496227414607183e-01,3.131572499666614107e+00,60,0.000000000000000000e+00,0,1610,50,652,0
2,119,86,1.143254873717669540e+00,1.855290729206831912e+00,1.335293409120843267e+00,1.569710633828418134e+00,1.361304092189050685e-01,3.133592746126447892e+00,60,0.000000000000000000e+00,0,1610,50,652,0
2,119,87,1.113545042230020377e+00,1.855635925642757922e+00,1.334997707057317129e+00,1.570495003119619426e+00,1.431061828009920767e-01,3.139479857495014237e+00,60,0.000000000000000000e+00,0,1610,50,652,0
2,119,88,1.124362935637917005e+00,1.827899415230797686e+00,1.339397650503746151e+00,1.569269465815655629e+00,1.890056511217466095e-01,3.133466139423564556e+00,30,0.000000000000000000e+00,0,1610,50,652,0
2,119,89,1.154173233817035849e+00,1.828229581592773823e+00,1.339714013559405004e+00,1.568454856336672698e+00,1.957253608433819903e-01,3.129553448969719653e+00,60,0.000000000000000000e+00,0,1610,50,652,0
2,119,90,1.184124561472116755e+00,1.828239566095818613e+00,1.340122911958336882e+00,1.568266695036832026e+00,1.959266482310788593e-01,3.128599265597882706e+00,60,0.000000000000000000e+00,0,1610,50,652,0
2,119,91,1.214075891544290631e+00,1.828249550202082130e+00,1.340531765432338984e+00,1.568078132507573663e+00,1.961277569277977140e-01,3.127644966752595401e+00,60,0.000000000000000000e+00,0,1610,50,652,0
2,119,92,1.244027224096593720e+00,1.828259533897837574e+00,1.340940573984970907e+00,1.567889168933955801e+00,1.963286860878750151e-01,3.126690552727250605e+00,60,0.000000000000000000e+00,0,1610,50,652,0
2,119,93,1.273825082501460981e+00,1.827729910790083512e+00,1.341468933481385850e+00,1.567298109695033581e+00,1.855287188592869008e-01,3.122630849166885270e+00,30,0.000000000000000000e+00,0,1610,50,652,0
2,119,94,1.302553764776130940e+00,1.828793690216541590e+00,1.342269184345016075e+00,1.561484328593616633e+00,2.070480957199167804e-01,3.096324289506725336e+00,30,0.000000000000000000e+00,0,1610,50,652,0
2,119,95,1.305398237398141870e+00,1.828921157279821408e+00,1.342370672346753668e+00,1.561186122387908437e+00,2.096432832407950642e-01,3.095445755876299554e+00,60,0.000000000000000000e+00,0,1610,50,652,0
2,120,1,1.654091448170523115e+00,2.624103723419563661e+00,1.377233609110361190e+00,1.574719359514753503e+00,-8.805245679884254884e-02,3.097011000684708026e+00,60,0.000000000000000000e+00,0,1610,50,652,0
2,120,2,1.624123782200779464e+00,2.624109119678916802e+00,1.375902381691465504e+00,1.574709589686039024e+00,-8.794443781608096700e-02,3.097067471654109561e+00,60,0.000000000000000000e+00,0,1610,50,652,0
2,120,3,1.594400043941303746e+00,2.623976881358232927e+00,1.374572320486278532e+00,1.574378466388637099e+00,-9.061601496203430806e-02,3.102028012885497787e+00,60,0.000000000000000000e+00,0,1610,50,652,0
2,120,4,1.564660450852433549e+00,2.623838790646931152e+00,1.373534171862063502e+00,1.574032939860501745e+00,-9.340426245806598970e-02,3.106904352002176406e+00,60,0.000000000000000000e+00,0,1610,50,652,0
2,120,5,1.534771756847032931e+00,2.623828040946370344e+00,1.373475044546732526e+00,1.573832459718683685e+00,-9.362702716310566942e-02,3.109128583630060838e+00,60,0.000000000000000000e+00,0,1610,50,652,0
2,120,6,1.504873610062990696e+00,2.623825416857846982e+00,1.373477986371749449e+00,1.573641858010162986e+00,-9.368573370876820405e-02,3.111184317026375545e+00,60,0.000000000000000000e+00,0,1610,50,652,0
2,120,7,1.474975469088417146e+00,2.623822792632407364e+00,1.373480719555655316e+00,1.573451025727542252e+00,-9.374405621226400420e-02,3.113240083025470284e+00,60,0.000000000000000000e+00,0,1610,50,652,0
2,120,8,1.445077333496206151e+00,2.623820168281055132e+00,1.373483244086987742e+00,1.573259963639891623e+00,-9.380199375535491768e-02,3.115295881514706267e+00,60,0.000000000000000000e+00,0,1610,50,652,0
2,120,9,1.415179202859228047e+00,2.623817543814794817e+00,1.373485559955160085e+00,1.573068672520095745e+00,-9.385954542126806466e-02,3.117351712380515671e+00,60,0.000000000000000000e+00,0,1610,50,652,0
2,120,10,1.385281076750332963e+00,2.623814919244630506e+00,1.373487667150459890e+00,1.572877153144851770e+00,-9.391671029471226895e-02,3.119407575508403418e+00,60,0.000000000000000000e+00,0,1610,50,652,0
2,120,11,1.355382954742351487e+00,2.623812294581567617e+00,1.373489565664050449e+00,1.572685406294665356e+00,-9.397348746189004842e-02,3.121463470782948058e+00,60,0.000000000000000000e+00,0,1610,50,652,0
2,120,12,1.325484836408097777e+00,2.623809669836611569e+00,1.373491255487969465e+00,1.572493432753850229e+00,-9.402987601051737698e-02,3.123519398087804433e+00,60,0.000000000000000000e+00,0,1610,50,652,0
2,120,13,1.295586721320370005e+00,2.623807045020768669e+00,1.373492736615129939e+00,1.572301233310524182e+00,-9.408587502983700723e-02,3.125575357305700130e+00,60,0.000000000000000000e+00,0,1610,50,652,0
2,120,14,1.265688609051952795e+00,2.623804420145044336e+00,1.373494009039319730e+00,1.572108808756604859e+00,-9.414148361063245929e-02,3.127631348318438143e+00,60,0.000000000000000000e+00,0,1610,50,652,0
2,120,15,1.235790499175619228e+00,2.623801795220445765e+00,1.373495072755202440e+00,1.571916159887809528e+00,-9.419670084524600639e-02,3.129687371006897756e+00,60,0.000000000000000000e+00,0,1610,50,652,0
2,120,16,1.205892391264132391e+00,2.623799170257978819e+00,1.373495927758316082e+00,1.571723287503650868e+00,-9.425152582759332986e-02,3.131743425251036328e+00,60,0.000000000000000000e+00,0,1610,50,652,0
2,120,17,1.175994284890246488e+00,2.623796545268650693e+00,1.373496574045074414e+00,1.571530192407434967e+00,-9.430595765317795198e-02,3.133799510929887511e+00,60,0.000000000000000000e+00,0,1610,50,652,0
2,120,18,1.146096179626709732e+00,2.623793920263468138e+00,1.373497011612765828e+00,1.571336875406255551e+00,-9.435999541910811139e-02,3.135855627921563027e+00,60,0.000000000000000000e+00,0,1610,50,652,0
2,120,19,1.116198075046265892e+00,2.623791295253438349e+00,1.373497240459554236e+00,1.571143337310994426e+00,-9.441363822411097395e-02,3.137911776103253558e+00,60,0.000000000000000000e+00,0,1610,50,652,0
2,120,20,1.109521993282460262e+00,2.593864876264970754e+00,1.367052238705116052e+00,1.570801941093211695e+00,-9.293617303682077946e-02,3.141532156280924859e+00,30,0.000000000000000000e+00,0,1610,50,652,0
2,120,21,1.139427487677258766e+00,2.593867615991162445e+00,1.367052398398108215e+00,1.570978762246919125e+00,-9.288096268195245031e-02,3.139625643501709362e+00,60,0.000000000000000000e+00,0,1610,50,652,0
2,120,22,1.169332982176031654e+00,2.593870355710780284e+00,1.367052378540049240e+00,1.571155370640118010e+00,-9.282541749459283231e-02,3.137719164934712701e+00,60,0.000000000000000000e+00,0,1610,50,652,0
2,120,23,1.199238477290036187e+00,2.593873095409003238e+00,1.367052179132882905e+00,1.571331765319017970e+00,-9.276953838372659078e-02,3.135812724106218141e+00,60,0.000000000000000000e+00,0,1610,50,652,0
2,120,24,1.229143973530515410e+00,2.593875835071010272e+00,1.367051800180495880e+00,1.571507945334527534e+00,-9.271332626190309512e-02,3.133906324541452015e+00,60,0.000000000000000000e+00,0,1610,50,652,0
2,120,25,1.259049471408686838e+00,2.593878574681980798e+00,1.367051241688716834e+00,1.571683909742272567e+00,-9.265678204521221595e-02,3.131999969764550862e+00,60,0.000000000000000000e+00,0,1610,50,652,0
2,120,26,1.288954971435734231e+00,2.593881314227096446e+00,1.367050503665317107e+00,1.571859657602611371e+00,-9.259990665325523729e-02,3.130093663298517903e+00,60,0.000000000000000000e+00,0,1610,50,652,0
2,120,27,1.318860474122798054e+00,2.593884053691538849e+00,1.367049586120010041e+00,1.572035187980652005e+00,-9.254270100911621277e-02,3.128187408665185743e+00,60,0.000000000000000000e+00,0,1610,50,652,0
2,120,28,1.348765979980966812e+00,2.593886793060491858e+00,1.367048489064450756e+00,1.572210499946267603e+00,-9.248516603933487623e-02,3.126281209385176396e+00,60,0.000000000000000000e+00,0,1610,50,652,0
2,120,29,1.378671489521267501e+00,2.593889532319141544e+00,1.367047212512236154e+00,1.572385592574111923e+00,-9.242730267387933019e-02,3.124375068977865766e+00,60,0.000000000000000000e+00,0,1610,50,652,0
2,120,30,1.408577003254655624e+00,2.593892271452674869e+00,1.367045756478903806e+00,1.572560464943637104e+00,-9.236911184611540371e-02,3.122468990961341451e+00,60,0.000000000000000000e+00,0,1610,50,652,0
2,120,31,1.438470094834979118e+00,2.593870515862136905e+00,1.367320373940129619e+00,1.572763604139432836e+00,-9.280210343383066274e-02,3.120366727152322106e+00,60,0.000000000000000000e+00,0,1610,50,652,0
2,120,32,1.468344721233447281e+00,2.593823931875872013e+00,1.367933681181319416e+00,1.573008338000008166e+00,-9.373262108905056067e-02,3.117963261230082495e+00,60,0.000000000000000000e+00,0,1610,50,652,0
2,120,33,1.498181672475956239e+00,2.593810255283703903e+00,1.368720248978108067e+00,1.573304031824339644e+00,-9.400003846871696211e-02,3.114881921679402588e+00,60,0.000000000000000000e+00,0,1610,50,652,0
2,120,34,1.528018640183334664e+00,2.593796579034554739e+00,1.369506344987532209e+00,1.573601409317348043e+00,-9.426652373942201457e-02,3.111800344449984657e+00,60,0.000000000000000000e+00,0,1610,50,652,0
2,120,35,1.557723207946765553e+00,2.593892972154987930e+00,1.370482851519225331e+00,1.574062803582489289e+00,-9.231422596474980757e-02,3.106172712914385237e+00,60,0.000000000000000000e+00,0,1610,50,652,0
2,120,36,1.587426108728629215e+00,2.594034718318857458e+00,1.371622634765853332e+00,1.574456784878404569e+00,-8.945048037293590326e-02,3.100639144344153664e+00,60,0.000000000000000000e+00,0,1610,50,652,0
2,120,37,1.617188874314591018e+00,2.594202810224654154e+00,1.372956550642297602e+00,1.574677357555142043e+00,-8.606304710592316276e-02,3.096472149399605911e+00,60,0.000000000000000000e+00,0,1610,50,652,0
2,120,38,1.646898873695391785e+00,2.594445958085870529e+00,1.374353624550001873e+00,1.574876142339555862e+00,-8.116800040443283848e-02,3.091315704004901299e+00,60,0.000000000000000000e+00,0,1610,50,652,0
2,120,39,1.652764501194123437e+00,2.594533297657823478e+00,1.374663975766031054e+00,1.574910468628091031e+00,-7.941151526414080841e-02,3.089776418520692403e+00,60,0.000000000000000000e+00,0,1610,50,652,0
2,120,40,1.651783364618700123e+00,2.564533297657823674e+00,1.372219485115992121e+00,1.574910468628091031e+00,-7.941151526414080841e-02,3.089776418520692403e+00,30,0.000000000000000000e+00,0,1610,50,652,0
2,120,41,1.621939849683019519e+00,2.564401335378415414e+00,1.370665770815992390e+00,1.574856505246455818e+00,-8.206553502657887300e-02,3.092102418430451749e+00,60,0.000000000000000000e+00,0,1610,50,652,0
2,120,42,1.592162504189136518e+00,2.564228050735421593e+00,1.369203575561340758e+00,1.574708023164227200e+00,-8.555445639847913952e-02,3.095846818683530621e+00,60,0.000000000000000000e+00,0,1610,50,652,0
2,120,43,1.562477153783138784e+00,2.563997347192997545e+00,1.367867390510244086e+00,1.574403877522690287e+00,-9.020368372475795482e-02,3.101566196155985722e+00,60,0.000000000000000000e+00,0,1610,50,652,0
2,120,44,1.532911795714617220e+00,2.563817702447707791e+00,1.366806959865465076e+00,1.573763628223172173e+00,-9.383701435544278269e-02,3.109934820768641917e+00,60,0.000000000000000000e+00,0,1610,50,652,0
2,120,45,1.503163370964660572e+00,2.563809809044075738e+00,1.365988893970737417e+00,1.573313708206542927e+00,-9.400874821164162398e-02,3.114781378638277864e+00,60,0.000000000000000000e+00,0,1610,50,652,0
2,120,46,1.473362753385303980e+00,2.563837079702998789e+00,1.365238002141434981e+00,1.572941489755893985e+00,-9.346998739828271674e-02,3.118612925798419866e+00,60,0.000000000000000000e+00,0,1610,50,652,0
2,120,47,1.443466464692998441e+00,2.563904004737888709e+00,1.364644581940458457e+00,1.572728910099900457e+00,-9.213003066471858737e-02,3.120589319912725923e+00,60,0.000000000000000000e+00,0,1610,50,652,0
2,120,48,1.413570194050598028e+00,2.563970938072268613e+00,1.364050879833621055e+00,1.572521679491710067e+00,-9.078960550304238097e-02,3.122564941730201937e+00,60,0.000000000000000000e+00,0,1610,50,652,0
2,120,49,1.383678468690877628e+00,2.563912842913741219e+00,1.363484492948068061e+00,1.572353373423234224e+00,-9.195958170547213761e-02,3.124638518195490100e+00,60,0.000000000000000000e+00,0,1610,50,652,0
2,120,50,1.353747882205203812e+00,2.563786421372224122e+00,1.362915149522344826e+00,1.572274711965595539e+00,-9.450065927735407101e-02,3.125926436565386712e+00,60,0.000000000000000000e+00,0,1610,50,652,0
2,120,51,1.323858841566542210e+00,2.563676785027952931e+00,1.362512744855696623e+00,1.572098567567856042e+00,-9.670623654427257243e-02,3.128106507496208444e+00,60,0.000000000000000000e+00,0,1610,50,652,0
2,120,52,1.293976661675951823e+00,2.563569943870209311e+00,1.362137545453696363e+00,1.571897531833357675e+00,-9.885594471960779117e-02,3.130435455577398329e+00,60,0.000000000000000000e+00,0,1610,50,652,0
2,120,53,1.264094462706878641e+00,2.563463125788217667e+00,1.361761848513873385e+00,1.571686388606386320e+00,-1.010052244421117962e-01,3.132765841809149965e+00,60,0.000000000000000000e+00,0,1610,50,652,0
2,120,54,1.234176637662293574e+00,2.563433001135490219e+00,1.361570575231069391e+00,1.571524984874917763e+00,-1.016121274564785182e-01,3.134409445370013536e+00,60,0.000000000000000000e+00,0,1610,50,652,0
2,120,55,1.204245576121265593e+00,2.563431376785697324e+00,1.361447885496337884e+00,1.571384377297388335e+00,-1.016456913708725374e-01,3.135797446751127815e+00,60,0.000000000000000000e+00,0,1610,50,652,0
2,120,56,1.174314514955608901e+00,2.563429752437266451e+00,1.361325100861552118e+00,1.571243676868556705e+00,-1.016790614086273692e-01,3.137185463377415218e+00,60,0.000000000000000000e+00,0,1610,50,652,0
2,120,57,1.144383453968756514e+00,2.563428128094845437e+00,1.361202221326087702e+00,1.571102883993623189e+00,-1.017122372833547672e-01,3.138573493877759191e+00,60,0.000000000000000000e+00,0,1610,50,652,0
2,120,58,1.114452392964140559e+00,2.563426503763083453e+00,1.361079246889863370e+00,1.570961999078868132e+00,-1.017452187097775962e-01,3.139961536880801596e+00,60,0.000000000000000000e+00,0,1610,50,652,0
2,120,59,1.111418423745917705e+00,2.533464589696874381e+00,1.358004453045253523e+00,1.570810187828747040e+00,-1.009797035748978278e-01,3.141455154489243284e+00,30,0.000000000000000000e+00,0,1610,50,652,0
2,120,60,1.141316383054688410e+00,2.533427164530214437e+00,1.358059593439568946e+00,1.571019321322025597e+00,-1.017318255369561442e-01,3.139396887638279843e+00,60,0.000000000000000000e+00,0,1610,50,652,0
2,120,61,1.171224625643649597e+00,2.533429328487031729e+00,1.358182497748897877e+00,1.571206939165659122e+00,-1.016877389686243749e-01,3.137547734718360459e+00,60,0.000000000000000000e+00,0,1610,50,652,0
2,120,62,1.201132868458895553e+00,2.533431492456669432e+00,1.358305233630451525e+00,1.571394393126049671e+00,-1.016433076716711792e-01,3.135698605786604531e+00,60,0.000000000000000000e+00,0,1610,50,652,0
2,120,63,1.231041111965185619e+00,2.533433656428135450e+00,1.358427801085584141e+00,1.571581682244909572e+00,-1.015985323229788850e-01,3.133849504084897930e+00,60,0.000000000000000000e+00,0,1610,50,652,0
2,120,64,1.260900673538335015e+00,2.533541701750611441e+00,1.358744138354583297e+00,1.571842694530553253e+00,-9.942420013452579752e-02,3.131051405012741817e+00,60,0.000000000000000000e+00,0,1610,50,652,0
2,120,65,1.290744457352382080e+00,2.533684033423833526e+00,1.359122414215001573e+00,1.572111839050072568e+00,-9.656039640185687389e-02,3.127948573654106390e+00,60,0.000000000000000000e+00,0,1610,50,652,0
2,120,66,1.320638401376136528e+00,2.533790658832217879e+00,1.359575559243435539e+00,1.572277455825496162e+00,-9.441547716029985438e-02,3.125883249150129828e+00,60,0.000000000000000000e+00,0,1610,50,652,0
2,120,67,1.350605500601788744e+00,2.533845193438208021e+00,1.360138816324673261e+00,1.572312104182602699e+00,-9.331926944524737699e-02,3.125327556864232026e+00,60,0.000000000000000000e+00,0,1610,50,652,0
2,120,68,1.380572598222735037e+00,2.533899733690905265e+00,1.360701998302032312e+00,1.572345524170549069e+00,-9.222305174372591452e-02,3.124772016424921972e+00,60,0.000000000000000000e+00,0,1610,50,652,0
2,120,69,1.410539694301634173e+00,2.533954279466948734e+00,1.361265105164990219e+00,1.572377716413723370e+00,-9.112682623790324676e-02,3.124216624845261414e+00,60,0.000000000000000000e+00,0,1610,50,652,0
2,120,70,1.440506788901152690e+00,2.534008830642951349e+00,1.361828136903363351e+00,1.572408681529607222e+00,-9.003059510895106143e-02,3.123661379140633798e+00,60,0.000000000000000000e+00,0,1610,50,652,0
2,120,71,1.470346312190065508e+00,2.533902119404699782e+00,1.362404560119420349e+00,1.572734825048094587e+00,-9.216778254674973248e-02,3.120533657330214261e+00,60,0.000000000000000000e+00,0,1610,50,652,0
2,120,72,1.500133616786316404e+00,2.533816908273549995e+00,1.363046721522369387e+00,1.573159980082506459e+00,-9.387006816105980533e-02,3.116380879410479920e+00,60,0.000000000000000000e+00,0,1610,50,652,0
2,120,73,1.529709364033329910e+00,2.533855113433174377e+00,1.363882239548542818e+00,1.573913770738444740e+00,-9.308023858345615409e-02,3.108064696410494321e+00,60,0.000000000000000000e+00,0,1610,50,652,0
2,120,74,1.559131276495428819e+00,2.534183992692371490e+00,1.365089990580540702e+00,1.574654078634333043e+00,-8.644222749004071282e-02,3.096938414717149701e+00,60,0.000000000000000000e+00,0,1610,50,652,0
2,120,75,1.588879211584274698e+00,2.534372521922430455e+00,1.366560359126453683e+00,1.574843070344602802e+00,-8.264513002910356398e-02,3.092610512472063533e+00,60,0.000000000000000000e+00,0,1610,50,652,0
2,120,76,1.618770696597561676e+00,2.534450126388370972e+00,1.368112243256645266e+00,1.574877904144310392e+00,-8.108416416329822241e-02,3.091242225043107972e+00,60,0.000000000000000000e+00,0,1610,50,652,0
2,120,77,1.648662183720503105e+00,2.534527740602968926e+00,1.369663912824095275e+00,1.574908446524252881e+00,-7.952326316400726292e-02,3.089874335947235373e+00,60,0.000000000000000000e+00,0,1610,50,652,0
2,120,78,1.650802228043276809e+00,2.534533297657823425e+00,1.369774994465953188e+00,1.574910468628091031e+00,-7.941151526414080841e-02,3.089776418520692403e+00,60,0.000000000000000000e+00,0,1610,50,652,0
2,120,79,1.649821091467853273e+00,2.504533297657823621e+00,1.367330503815914255e+00,1.574910468628091031e+00,-7.941151526414080841e-02,3.089776418520692403e+00,30,0.000000000000000000e+00,0,1610,50,652,0
2,120,80,1.619909620870074507e+00,2.504478323402927309e+00,1.365779676728309910e+00,1.574889496717617909e+00,-8.051706301022520940e-02,3.090745210238059926e+00,60,0.000000000000000000e+00,0,1610,50,652,0
2,120,81,1.589998151411202931e+00,2.504423353947297315e+00,1.364228741998982031e+00,1.574866372488793020e+00,-8.162264603477775715e-02,3.091714199236654359e+00,60,0.000000000000000000e+00,0,1610,50,652,0
2,120,82,1.560086682934166635e+00,2.504368389468893952e+00,1.362677699634395445e+00,1.574841094901938909e+00,-8.272825900122793286e-02,3.092683390484537220e+00,60,0.000000000000000000e+00,0,1610,50,652,0
2,120,83,1.530390417404106085e+00,2.504140784716378132e+00,1.361166491197436379e+00,1.574599278588666662e+00,-8.731291984471223344e-02,3.098009239411871896e+00,60,0.000000000000000000e+00,0,1610,50,652,0
2,120,84,1.501458034354731019e+00,2.503857145253806760e+00,1.360245339870536307e+00,1.572877189382463126e+00,-9.306827236138737192e-02,3.119205599373160442e+00,60,0.000000000000000000e+00,0,1610,50,652,0
2,120,85,1.471685667079111637e+00,2.504005432719319746e+00,1.359685006940648533e+00,1.572406788664430621e+00,-9.009887495782797906e-02,3.123695958906868242e+00,60,0.000000000000000000e+00,0,1610,50,652,0
2,120,86,1.441708529774589298e+00,2.503970655395020728e+00,1.359123600914880603e+00,1.572387141140671574e+00,-9.079773359006204636e-02,3.124049922590933726e+00,60,0.000000000000000000e+00,0,1610,50,652,0
2,120,87,1.411731391876464459e+00,2.503935880250311552e+00,1.358562164355835655e+00,1.572366994964056852e+00,-9.149659020301204038e-02,3.124403945197363974e+00,60,0.000000000000000000e+00,0,1610,50,652,0
2,120,88,1.381754253368500329e+00,2.503901107317163977e+00,1.358000697266109391e+00,1.572346349975461077e+00,-9.219544423166903258e-02,3.124758027499173973e+00,60,0.000000000000000000e+00,0,1610,50,652,0
2,120,89,1.351777114234460342e+00,2.503866336627547096e+00,1.357439199648354577e+00,1.572325206014617560e+00,-9.289429511086044755e-02,3.125112170269759293e+00,60,0.000000000000000000e+00,0,1610,50,652,0
2,120,90,1.321799974458109261e+00,2.503831568213423786e+00,1.356877671505278826e+00,1.572303562920118747e+00,-9.359314227524873075e-02,3.125466374282899640e+00,60,0.000000000000000000e+00,0,1610,50,652,0
2,120,91,1.291822834023213185e+00,2.503796802106754704e+00,1.356316112839647037e+00,1.572281420529417773e+00,-9.429198515933046032e-02,3.125820640312760190e+00,60,0.000000000000000000e+00,0,1610,50,652,0
2,120,92,1.261884555842728073e+00,2.503729018428249020e+00,1.355787565576922482e+00,1.572193161783175697e+00,-9.565528988316285286e-02,3.126968594602327123e+00,60,0.000000000000000000e+00,0,1610,50,652,0
2,120,93,1.232117376762781547e+00,2.503515876921097671e+00,1.355403338870457608e+00,1.571791929516658470e+00,-9.994381941696017790e-02,3.131614754315183546e+00,60,0.000000000000000000e+00,0,1610,50,652,0
2,120,94,1.202291263977384173e+00,2.503432187211738214e+00,1.355180095739393353e+00,1.571454541322301335e+00,-1.016289697692667193e-01,3.135104938562940813e+00,60,0.000000000000000000e+00,0,1610,50,652,0
2,120,95,1.172428542402469409e+00,2.503428946726256932e+00,1.355057493323130302e+00,1.571173852000876003e+00,-1.016955416670239920e-01,3.137873955728812447e+00,60,0.000000000000000000e+00,0,1610,50,652,0
2,120,96,1.142566259892764391e+00,2.503427392144240482e+00,1.354936503050439667e+00,1.570891858863975754e+00,-1.017274484528334355e-01,3.140651933948625185e+00,60,0.000000000000000000e+00,0,1610,50,652,0
2,120,97,1.112748863811909183e+00,2.503598224113787296e+00,1.355018123016059839e+00,1.570526835541592447e+00,-9.829332551805092244e-02,-3.138846536075435623e+00,60,0.000000000000000000e+00,0,1610,50,652,0
2,120,98,1.113555227765137934e+00,2.473660937988192199e+00,1.352132918503982317e+00,1.570392333485011616e+00,-9.703257220236061187e-02,-3.137422655528145921e+00,30,0.000000000000000000e+00,0,1610,50,652,0
2,120,99,1.143542563565845605e+00,2.473652768279229086e+00,1.351962896757975541e+00,1.570415516990496085e+00,-9.719683466709305719e-02,-3.137668573888440449e+00,60,0.000000000000000000e+00,0,1610,50,652,0
2,120,100,1.173216268766779757e+00,2.473427711914400362e+00,1.351930651448546072e+00,1.571066795825147189e+00,-1.017207061807667845e-01,3.138929131103198600e+00,60,0.000000000000000000e+00,0,1610,50,652,0
2,120,101,1.202943342816595429e+00,2.473434160285939765e+00,1.352052806839094679e+00,1.571625266847380242e+00,-1.015880575309378031e-01,3.133418963841404281e+00,60,0.000000000000000000e+00,0,1610,50,652,0
2,120,102,1.232571658439184592e+00,2.473786086264559092e+00,1.352488264755592029e+00,1.572269131749188809e+00,-9.450747917186630431e-02,3.125986682423298468e+00,60,0.000000000000000000e+00,0,1610,50,652,0
2,120,103,1.262536967294680235e+00,2.473870810338564930e+00,1.353054320665219024e+00,1.572297366352986225e+00,-9.280487465420339532e-02,3.125396671414117478e+00,60,0.000000000000000000e+00,0,1610,50,652,0
2,120,104,1.292502274189510025e+00,2.473955548217929845e+00,1.353620215025467921e+00,1.572323575098540260e+00,-9.110226281106870161e-02,3.124806896037228832e+00,60,0.000000000000000000e+00,0,1610,50,652,0
2,120,105,1.322467579267186943e+00,2.474040299490390726e+00,1.354185947799252610e+00,1.572347759542601198e+00,-8.939964877638262308e-02,3.124217348526574511e+00,60,0.000000000000000000e+00,0,1610,50,652,0
2,120,106,1.352432882671241510e+00,2.474125063743547681e+00,1.354751518951059275e+00,1.572369921209664234e+00,-8.769703768160064250e-02,3.123628021125784748e+00,60,0.000000000000000000e+00,0,1610,50,652,0
2,120,107,1.382398184545222231e+00,2.474209840564876473e+00,1.355316928446947067e+00,1.572390061592031651e+00,-8.599443465576883661e-02,3.123038906088035915e+00,60,0.000000000000000000e+00,0,1610,50,652,0
2,120,108,1.412363485032690269e+00,2.474294629541729851e+00,1.355882176254548988e+00,1.572408182149870548e+00,-8.429184482557228186e-02,3.122449995675903978e+00,60,0.000000000000000000e+00,0,1610,50,652,0
2,120,109,1.442326063279744552e+00,2.474402593246423532e+00,1.356461022498175684e+00,1.572419131220122113e+00,-8.212444822534870070e-02,3.121812678359425774e+00,60,0.000000000000000000e+00,0,1610,50,652,0
2,120,110,1.472278793946337760e+00,2.474594438696562371e+00,1.357089141903959018e+00,1.572406805502952754e+00,-7.827462318158318055e-02,3.120999798989623653e+00,60,0.000000000000000000e+00,0,1610,50,652,0
2,120,111,1.502231528142788930e+00,2.474786341934155143e+00,1.357716489406448623e+00,1.572388185270541028e+00,-7.442487869330749461e-02,3.120187351870653103e+00,60,0.000000000000000000e+00,0,1610,50,652,0
2,120,112,1.530909056067184526e+00,2.474737621461412296e+00,1.358817269227110547e+00,1.574376384245510074e+00,-7.533416301326067988e-02,3.094060935304564275e+00,60,0.000000000000000000e+00,0,1610,50,652,0
2,120,113,1.560716055516520262e+00,2.474668909409302398e+00,1.360340716090655544e+00,1.574679566491747673e+00,-7.669920385575146327e-02,3.090956580604157899e+00,60,0.000000000000000000e+00,0,1610,50,652,0
2,120,114,1.590656507963033484e+00,2.474622831517565569e+00,1.361885048261417319e+00,1.574757293467990316e+00,-7.762077161608349485e-02,3.090555741928907807e+00,60,0.000000000000000000e+00,0,1610,50,652,0
2,120,115,1.620596964392942985e+00,2.474576756941311295e+00,1.363429330161836983e+00,1.574835764414409756e+00,-7.854228945478514134e-02,3.090154773815150246e+00,60,0.000000000000000000e+00,0,1610,50,652,0
2,120,116,1.648839954892429960e+00,2.474533297657823372e+00,1.364886013165875323e+00,1.574910468628091031e+00,-7.941151526414080841e-02,3.089776418520692403e+00,60,0.000000000000000000e+00,0,1610,50,652,0
2,120,117,1.647858818317006424e+00,2.444533297657823567e+00,1.362441522515836390e+00,1.574910468628091031e+00,-7.941151526414080841e-02,3.089776418520692403e+00,30,0.000000000000000000e+00,0,1610,50,652,0
2,120,118,1.617951212079439260e+00,2.444656863940488645e+00,1.360905012922734247e+00,1.574699813180089336e+00,-7.694011426312963309e-02,3.090851810377024833e+00,60,0.000000000000000000e+00,0,1610,50,652,0
2,120,119,1.588146416862889598e+00,2.444737429263518447e+00,1.359422535576804147e+00,1.574377938496010376e+00,-7.533794855402398127e-02,3.094042712005569573e+00,60,0.000000000000000000e+00,0,1610,50,652,0
2,120,120,1.558415490653308977e+00,2.444787108828830657e+00,1.357978135248344431e+00,1.573980869127152182e+00,-7.435845360549619976e-02,3.098752340650516857e+00,60,0.000000000000000000e+00,0,1610,50,652,0
2,120,121,1.528684630784091114e+00,2.444836792056247710e+00,1.356532589076148154e+00,1.573593156289141204e+00,-7.337691571757787301e-02,3.103460889666743050e+00,60,0.000000000000000000e+00,0,1610,50,652,0
2,120,122,1.499043667870463725e+00,2.444842330168644828e+00,1.355443722926545913e+00,1.573093612131420294e+00,-7.328310708487784098e-02,3.110226723673684468e+00,60,0.000000000000000000e+00,0,1610,50,652,0
2,120,123,1.469511433443347448e+00,2.444794482816300629e+00,1.354784147206945955e+00,1.572436961519234178e+00,-7.426051273787548368e-02,3.119482955828880133e+00,60,0.000000000000000000e+00,0,1610,50,652,0
2,120,124,1.439560957404012020e+00,2.444748323690775216e+00,1.354164049781583445e+00,1.572392373273719723e+00,-7.518746133759757200e-02,3.120348256761239281e+00,60,0.000000000000000000e+00,0,1610,50,652,0
2,120,125,1.409577061268971754e+00,2.444702302211820832e+00,1.353547248239498346e+00,1.572397113062698804e+00,-7.611063860078637333e-02,3.120543066293433032e+00,60,0.000000000000000000e+00,0,1610,50,652,0
2,120,126,1.379593165367692720e+00,2.444656283911904815e+00,1.352930402298181845e+00,1.572401491150572816e+00,-7.703382178823781068e-02,3.120737898910988406e+00,60,0.000000000000000000e+00,0,1610,50,652,0
2,120,127,1.349609269687046753e+00,2.444610268852498880e+00,1.352313511961944048e+00,1.572405507424900595e+00,-7.795701034888180558e-02,3.120932755369106193e+00,60,0.000000000000000000e+00,0,1610,50,652,0
2,120,128,1.319625374213905245e+00,2.444564257095064974e+00,1.351696577235213637e+00,1.572409161771420649e+00,-7.888020373160009591e-02,3.121127636423416618e+00,60,0.000000000000000000e+00,0,1610,50,652,0
2,120,129,1.289641478935138474e+00,2.444518248701057495e+00,1.351079598122537639e+00,1.572412454074058275e+00,-7.980340138522867832e-02,3.121322542829983782e+00,60,0.000000000000000000e+00,0,1610,50,652,0
2,120,130,1.259657583837616945e+00,2.444472243731920180e+00,1.350462574628581880e+00,1.572415384214916445e+00,-8.072660275855469969e-02,3.121517475345311432e+00,60,0.000000000000000000e+00,0,1610,50,652,0
2,120,131,1.229673688908210494e+00,2.444426242249089221e+00,1.349845506758131197e+00,1.572417952074276704e+00,-8.164980730031667910e-02,3.121712434726346075e+00,60,0.000000000000000000e+00,0,1610,50,652,0
2,120,132,1.199689794133788068e+00,2.444380244313990147e+00,1.349228394516087670e+00,1.572420157530600271e+00,-8.257301445920495198e-02,3.121907421730487187e+00,60,0.000000000000000000e+00,0,1610,50,652,0
2,120,133,1.170983852428174155e+00,2.444272082360985809e+00,1.349016282876918105e+00,1.570262044361607767e+00,-8.475809783861532054e-02,-3.135281567796118107e+00,60,0.000000000000000000e+00,0,1610,50,652,0
2,120,134,1.141040852498655944e+00,2.444316473318521421e+00,1.349211782261953152e+00,1.570172591786430871e+00,-8.386647951959380620e-02,-3.134146826179978085e+00,60,0.000000000000000000e+00,0,1610,50,652,0
2,120,135,1.111097856083485880e+00,2.444360868056224767e+00,1.349407178348704495e+00,1.570085176048439113e+00,-8.297475961131195454e-02,-3.133012332579281800e+00,60,0.000000000000000000e+00,0,1610,50,652,0
2,120,136,1.115711851796465481e+00,2.414743094211334373e+00,1.347150721304295473e+00,1.570223040289024707e+00,-7.530707609932218993e-02,-3.133972948804536252e+00,30,0.000000000000000000e+00,0,1610,50,652,0
2,120,137,1.145590504216237315e+00,2.414740245636876281e+00,1.346957610501757330e+00,1.570405433509612259e+00,-7.536537582264624113e-02,-3.136401143921892398e+00,60,0.000000000000000000e+00,0,1610,50,652,0
2,120,138,1.175141336141124926e+00,2.414734508308793881e+00,1.346755447455220134e+00,1.571085106972151646e+00,-7.548090996197620584e-02,3.137763166514198954e+00,60,0.000000000000000000e+00,0,1610,50,652,0
2,120,139,1.204927297954577314e+00,2.414737255971517449e+00,1.347092290224592981e+00,1.571402668479546572e+00,-7.542391870612741300e-02,3.133546082397372423e+00,60,0.000000000000000000e+00,0,1610,50,652,0
2,120,140,1.234833296459698415e+00,2.414744335603890235e+00,1.347705562803442003e+00,1.571534232190398672e+00,-7.528074608576140747e-02,3.131781655349683557e+00,60,0.000000000000000000e+00,0,1610,50,652,0
2,120,141,1.264739295213239467e+00,2.414751415393153966e+00,1.348318680022839278e+00,1.571665290179505181e+00,-7.513734326381515949e-02,3.130017278461033836e+00,60,0.000000000000000000e+00,0,1610,50,652,0
2,120,142,1.294645294625227372e+00,2.414758495306219999e+00,1.348931641883239996e+00,1.571795841867324572e+00,-7.499371223910511475e-02,3.128252954358262894e+00,60,0.000000000000000000e+00,0,1610,50,652,0
2,120,143,1.324551295105686366e+00,2.414765575309998358e+00,1.349544448386551077e+00,1.571925886683744444e+00,-7.484985501240171146e-02,3.126488685666683587e+00,60,0.000000000000000000e+00,0,1610,50,652,0
2,120,144,1.354457297064631138e+00,2.414772655371398180e+00,1.350157099536132499e+00,1.572055424068087071e+00,-7.470577358638141874e-02,3.124724475010067337e+00,60,0.000000000000000000e+00,0,1610,50,652,0
2,120,145,1.384363300912062833e+00,2.414779735457328602e+00,1.350769595336795525e+00,1.572184453469118282e+00,-7.456146996557433404e-02,3.122960325010625482e+00,60,0.000000000000000000e+00,0,1610,50,652,0
2,120,146,1.414269307057959502e+00,2.414786815534697428e+00,1.351381935794804257e+00,1.572312974345053682e+00,-7.441694615631133658e-02,3.121196238288995062e+00,60,0.000000000000000000e+00,0,1610,50,652,0
2,120,147,1.444102337942958947e+00,2.414802278762340215e+00,1.352015941321115466e+00,1.572545185221017050e+00,-7.410165473935204083e-02,3.117974607980796620e+00,60,0.000000000000000000e+00,0,1610,50,652,0
2,120,148,1.473833373130855717e+00,2.414829461676989641e+00,1.352679420482463701e+00,1.572918784125882929e+00,-7.354654306301777744e-02,3.112715910308835099e+00,60,0.000000000000000000e+00,0,1610,50,652,0
2,120,149,1.503564438006126158e+00,2.414856645601200835e+00,1.353341513149218134e+00,1.573286561902401459e+00,-7.298957188614574321e-02,3.107457851163873741e+00,60,0.000000000000000000e+00,0,1610,50,652,0
2,120,150,1.533267552776062415e+00,2.414932181627492458e+00,1.354582288722607553e+00,1.573620839401557614e+00,-7.146158710463823560e-02,3.102054595953609439e+00,60,0.000000000000000000e+00,0,1610,50,652,0
2,120,151,1.562960337117766940e+00,2.415025626472582232e+00,1.356036105678082304e+00,1.573926258556372915e+00,-6.957347304041094915e-02,3.096599148953005809e+00,60,0.000000000000000000e+00,0,1610,50,652,0
2,120,152,1.592653158846371486e+00,2.415119085232285467e+00,1.357488267706283391e+00,1.574211067481122051e+00,-6.768417917115798765e-02,3.091145662811352501e+00,60,0.000000000000000000e+00,0,1610,50,652,0
2,120,153,1.622346031483220541e+00,2.415212553255340566e+00,1.358938775139757027e+00,1.574475275168394361e+00,-6.579396035081752636e-02,3.085694130586704276e+00,60,0.000000000000000000e+00,0,1610,50,652,0
2,120,154,1.646003830103738519e+00,2.415638502400676568e+00,1.360283780302403489e+00,1.574728865005891265e+00,-5.722656245455026713e-02,3.072944062819893851e+00,60,0.000000000000000000e+00,0,1610,50,652,0
2,120,155,1.644951910448476218e+00,2.385638502400676764e+00,1.358484787739651534e+00,1.574728865005891265e+00,-5.722656245455026713e-02,3.072944062819893851e+00,30,0.000000000000000000e+00,0,1610,50,652,0
2,120,156,1.615509703378332551e+00,2.385267952527090340e+00,1.356438677511785595e+00,1.574607557971120064e+00,-6.467418957739923258e-02,3.082689774372565417e+00,60,0.000000000000000000e+00,0,1610,50,652,0
2,120,157,1.585877080545014861e+00,2.385150106279738669e+00,1.354979247385716068e+00,1.574301041013315583e+00,-6.705690942605047056e-02,3.089336094144089273e+00,60,0.000000000000000000e+00,0,1610,50,652,0
2,120,158,1.556240836332986266e+00,2.385037178415267078e+00,1.353528895832829093e+00,1.573962580510497755e+00,-6.933999282782798979e-02,3.095924927843766827e+00,60,0.000000000000000000e+00,0,1610,50,652,0
2,120,159,1.526604649144463588e+00,2.384924270026127502e+00,1.352076128215944362e+00,1.573594031537056903e+00,-7.162139976518533402e-02,3.102516623064353940e+00,60,0.000000000000000000e+00,0,1610,50,652,0
2,120,160,1.496887502498613687e+00,2.384855141141799084e+00,1.350990227587525627e+00,1.573266360189728319e+00,-7.302044404138374745e-02,3.107748832496930902e+00,60,0.000000000000000000e+00,0,1610,50,652,0
2,120,161,1.467077565207174361e+00,2.384836156343009606e+00,1.350326350748163096e+00,1.573009899292270752e+00,-7.340954503091956518e-02,3.111420920927163714e+00,60,0.000000000000000000e+00,0,1610,50,652,0
2,120,162,1.437267643705738562e+00,2.384817171900408095e+00,1.349661797691548148e+00,1.572750597669023920e+00,-7.379774729688937107e-02,3.115093328762583269e+00,60,0.000000000000000000e+00,0,1610,50,652,0
2,120,163,1.407457734278340311e+00,2.384798188200261571e+00,1.348996568341729541e+00,1.572488459720933429e+00,-7.418502752085043284e-02,3.118766033393888470e+00,60,0.000000000000000000e+00,0,1610,50,652,0
2,120,164,1.377597484060592015e+00,2.384785832467826161e+00,1.348364066197293099e+00,1.572295159646015739e+00,-7.443702637410698486e-02,3.121441177817100510e+00,60,0.000000000000000000e+00,0,1610,50,652,0
2,120,165,1.347706159028326356e+00,2.384777567487788463e+00,1.347751882649257160e+00,1.572144997808853306e+00,-7.460568016588831064e-02,3.123500512753227376e+00,60,0.000000000000000000e+00,0,1610,50,652,0
2,120,166,1.317814836957157176e+00,2.384769302509892608e+00,1.347139487409692027e+00,1.571994143218734763e+00,-7.477403306476748668e-02,3.125559932826021736e+00,60,0.000000000000000000e+00,0,1610,50,652,0
2,120,167,1.287923517194884404e+00,2.384761037586779597e+00,1.346526880469534504e+00,1.571842596743384668e+00,-7.494208188021933559e-02,3.127619433865646670e+00,60,0.000000000000000000e+00,0,1610,50,652,0
2,120,168,1.258032199089272218e+00,2.384752772771089990e+00,1.345914061822417018e+00,1.571690359268068216e+00,-7.510982342511174359e-02,3.129679011699350255e+00,60,0.000000000000000000e+00,0,1610,50,652,0
2,120,169,1.228140881988065480e+00,2.384744508115463457e+00,1.345301031464669395e+00,1.571537431695576803e+00,-7.527725451581446237e-02,3.131738662151505093e+00,60,0.000000000000000000e+00,0,1610,50,652,0
2,120,170,1.198249565239000836e+00,2.384736243672537004e+00,1.344687789395317967e+00,1.571383814946214486e+00,-7.544437197231190773e-02,3.133798381043646053e+00,60,0.000000000000000000e+00,0,1610,50,652,0
2,120,171,1.168422167613463847e+00,2.384734154265141015e+00,1.344528084682069746e+00,1.571127117370694215e+00,-7.548783903487810143e-02,3.137206479056698250e+00,60,0.000000000000000000e+00,0,1610,50,652,0
2,120,172,1.138645946392127239e+00,2.384737008277554526e+00,1.344730811128128201e+00,1.570788690475843907e+00,-7.543131888884779812e-02,-3.141491322132551112e+00,60,0.000000000000000000e+00,0,1610,50,652,0
2,120,173,1.108869725912444038e+00,2.384739862297607260e+00,1.344932539104903624e+00,1.570450780601827301e+00,-7.537328565351186782e-02,-3.137003876871166330e+00,60,0.000000000000000000e+00,0,1610,50,652,0
2,120,174,1.117379410811469631e+00,2.354736858587675119e+00,1.342601655582560616e+00,1.570806427732819088e+00,-7.543432093500079816e-02,3.141458622770357145e+00,30,0.000000000000000000e+00,0,1610,50,652,0
2,120,175,1.147230250521517059e+00,2.354734959140839301e+00,1.342399236990567735e+00,1.571031623313375203e+00,-7.547205285314628753e-02,3.138472037759571176e+00,60,0.000000000000000000e+00,0,1610,50,652,0
2,120,176,1.177081092691359965e+00,2.354733059724652300e+00,1.342196376148140136e+00,1.571257044644607914e+00,-7.550911292512951789e-02,3.135485440443245508e+00,60,0.000000000000000000e+00,0,1610,50,652,0
2,120,177,1.206946689906106984e+00,2.354739931527181529e+00,1.342598851287105211e+00,1.571452449218996961e+00,-7.536983725621926311e-02,3.132879254044800277e+00,60,0.000000000000000000e+00,0,1610,50,652,0
2,120,178,1.236817423142198447e+00,2.354749857222603104e+00,1.343211898649291802e+00,1.571636489652634250e+00,-7.516892379680317759e-02,3.130405587744921281e+00,60,0.000000000000000000e+00,0,1610,50,652,0
2,120,179,1.266688157495139189e+00,2.354759783175681243e+00,1.343824640641941626e+00,1.571819535165143611e+00,-7.496756092367928836e-02,3.127932024063158067e+00,60,0.000000000000000000e+00,0,1610,50,652,0
2,120,180,1.296558894094835157e+00,2.354769709295229774e+00,1.344437077270233871e+00,1.572001584184966827e+00,-7.476575415027597593e-02,3.125458570234189271e+00,60,0.000000000000000000e+00,0,1610,50,652,0
2,120,181,1.326429634071153663e+00,2.354779635490058975e+00,1.345049208544959018e+00,1.572182635177004073e+00,-7.456350899734220938e-02,3.122985233486720524e+00,60,0.000000000000000000e+00,0,1610,50,652,0
2,120,182,1.356300378553889407e+00,2.354789561668979569e+00,1.345661034482517060e+00,1.572362686642648999e+00,-7.436083099267309926e-02,3.120512021043397421e+00,60,0.000000000000000000e+00,0,1610,50,652,0
2,120,183,1.386155184534607399e+00,2.354803497742119500e+00,1.346319670364096943e+00,1.572562063744637806e+00,-7.407680154816387308e-02,3.117738769047089242e+00,60,0.000000000000000000e+00,0,1610,50,652,0
2,120,184,1.416007418893159508e+00,2.354818082551856762e+00,1.346985529486229627e+00,1.572763100917332402e+00,-7.377914647827732431e-02,3.114917159958767279e+00,60,0.000000000000000000e+00,0,1610,50,652,0
2,120,185,1.445859660483586717e+00,2.354832667788889111e+00,1.347650989430527524e+00,1.572962463829638891e+00,-7.348094783641623273e-02,3.112095726694240838e+00,60,0.000000000000000000e+00,0,1610,50,652,0
2,120,186,1.475711910990993081e+00,2.354847253278056218e+00,1.348316050230585539e+00,1.573160150478856600e+00,-7.318221619597409244e-02,3.109274479507265099e+00,60,0.000000000000000000e+00,0,1610,50,652,0
2,120,187,1.505564172100258613e+00,2.354861838844192867e+00,1.348980711929584686e+00,1.573356158941481731e+00,-7.288296214013634255e-02,3.106453428639155412e+00,60,0.000000000000000000e+00,0,1610,50,652,0
2,120,188,1.535158530199007165e+00,2.354985571985553250e+00,1.350317278350705141e+00,1.573797873388068425e+00,-7.038291951605324392e-02,3.098937232793301355e+00,60,0.000000000000000000e+00,0,1610,50,652,0
2,120,189,1.564708385484748554e+00,2.355128202088733413e+00,1.351766435249794229e+00,1.574237745776624786e+00,-6.749983739969844798e-02,3.090613815907699902e+00,60,0.000000000000000000e+00,0,1610,50,652,0
2,120,190,1.594264973815986197e+00,2.355276004692000935e+00,1.353254204156069784e+00,1.574611740491107081e+00,-6.451228060879654613e-02,3.082477839301505984e+00,60,0.000000000000000000e+00,0,1610,50,652,0
2,120,191,1.623909761434968679e+00,2.355492489781833232e+00,1.355304606210164131e+00,1.574698419685389927e+00,-6.016042632589013728e-02,3.076782619765224602e+00,60,0.000000000000000000e+00,0,1610,50,652,0
2,120,192,1.643899990793213695e+00,2.355638502400676515e+00,1.356685795176899356e+00,1.574728865005891265e+00,-5.722656245455026713e-02,3.072944062819893851e+00,60,0.000000000000000000e+00,0,1610,50,652,0
2,120,193,1.642848071137951615e+00,2.325638502400676710e+00,1.354886802614147179e+00,1.574728865005891265e+00,-5.722656245455026713e-02,3.072944062819893851e+00,30,0.000000000000000000e+00,0,1610,50,652,0
2,120,194,1.613119606027731079e+00,2.325485555261896931e+00,1.352836690625589089e+00,1.574696412809419854e+00,-6.029979104496852038e-02,3.076964973794867220e+00,60,0.000000000000000000e+00,0,1610,50,652,0
2,120,195,1.583391186273137130e+00,2.325332635433635442e+00,1.350785301118723414e+00,1.574639212880243999e+00,-6.337365878304712652e-02,3.080987516862885744e+00,60,0.000000000000000000e+00,0,1610,50,652,0
2,120,196,1.553836038132782482e+00,2.325158145635309204e+00,1.349057895702048926e+00,1.574323987744079112e+00,-6.689433485831530746e-02,3.088867173353638584e+00,60,0.000000000000000000e+00,0,1610,50,652,0
2,120,197,1.524434212447735248e+00,2.324964595537380330e+00,1.347612298570903144e+00,1.573729123671360419e+00,-7.080675475679298891e-02,3.100161892875383352e+00,60,0.000000000000000000e+00,0,1610,50,652,0
2,120,198,1.494803531881405689e+00,2.324858303419735872e+00,1.346538536681685994e+00,1.573308802217876945e+00,-7.295554637378076634e-02,3.107137210663125870e+00,60,0.000000000000000000e+00,0,1610,50,652,0
2,120,199,1.464924878543092834e+00,2.324846461846981516e+00,1.345873139727686185e+00,1.573149466788160700e+00,-7.319843926130276124e-02,3.109427559086250348e+00,60,0.000000000000000000e+00,0,1610,50,652,0
2,120,200,1.435046232132549004e+00,2.324834620331225121e+00,1.345207479711721055e+00,1.572989025278772157e+00,-7.344098742954185965e-02,3.111718036543484889e+00,60,0.000000000000000000e+00,0,1610,50,652,0
2,120,201,1.405167591748150313e+00,2.324822778966202819e+00,1.344541556610479471e+00,1.572827478717346628e+00,-7.368318521491623585e-02,3.114008637554674053e+00,60,0.000000000000000000e+00,0,1610,50,652,0
2,120,202,1.375288956488172731e+00,2.324810937845648517e+00,1.343875370404814085e+00,1.572664828165927897e+00,-7.392502695806046908e-02,3.116299356634251172e+00,60,0.000000000000000000e+00,0,1610,50,652,0
2,120,203,1.345410325450814293e+00,2.324799097063293019e+00,1.343208921079743767e+00,1.572501074720958236e+00,-7.416650700406401953e-02,3.118590188291273435e+00,60,0.000000000000000000e+00,0,1610,50,652,0
2,120,204,1.315543782277442508e+00,2.324787075227008337e+00,1.342559510051913207e+00,1.572317678736877999e+00,-7.441164095112884347e-02,3.121131533905582955e+00,60,0.000000000000000000e+00,0,1610,50,652,0
2,120,205,1.285703976714045682e+00,2.324774652044269363e+00,1.341947966263978387e+00,1.572091863445958415e+00,-7.466510054567243593e-02,3.124226956107538200e+00,60,0.000000000000000000e+00,0,1610,50,652,0
2,120,206,1.255864177320995312e+00,2.324762228908323181e+00,1.341335944184964601e+00,1.571864483679605851e+00,-7.491787777706782059e-02,3.127322567339243076e+00,60,0.000000000000000000e+00,0,1610,50,652,0
2,120,207,1.226024381883320524e+00,2.324749805997940122e+00,1.340723443789625158e+00,1.571635542420645848e+00,-7.516996181712864988e-02,3.130418353433769951e+00,60,0.000000000000000000e+00,0,1610,50,652,0
2,120,208,1.196184588185934539e+00,2.324737383491884746e+00,1.340110465066479462e+00,1.571405042741379932e+00,-7.542134185546744973e-02,3.133514300209484738e+00,60,0.000000000000000000e+00,0,1610,50,652,0
2,120,209,1.166315235500138048e+00,2.324733440946773033e+00,1.339996994922078244e+00,1.571211783082397506e+00,-7.550172867832749546e-02,3.136084871249128714e+00,60,0.000000000000000000e+00,0,1610,50,652,0
2,120,210,1.136427179640002949e+00,2.324734864302412163e+00,1.340199623559565900e+00,1.571042873228388093e+00,-7.547391920320345449e-02,3.138322917701248382e+00,60,0.000000000000000000e+00,0,1610,50,652,0
2,120,211,1.106539125216547514e+00,2.324736287675970736e+00,1.340402003853490953e+00,1.570874090059039219e+00,-7.544573241312435563e-02,3.140560957622527738e+00,60,0.000000000000000000e+00,0,1610,50,652,0
2,120,212,1.119290914243666224e+00,2.294735048573076419e+00,1.338042898341675890e+00,1.571021015214794314e+00,-7.547029135986771387e-02,3.138612657208240453e+00,30,0.000000000000000000e+00,0,1610,50,652,0
2,120,213,1.149201267849523367e+00,2.294733910464042292e+00,1.337840434466180728e+00,1.571156051152384991e+00,-7.549259695689536365e-02,3.136823132197486430e+00,60,0.000000000000000000e+00,0,1610,50,652,0
2,120,214,1.179111622730091957e+00,2.294732772371021134e+00,1.337637811815659106e+00,1.571291167539468070e+00,-7.551466104609527719e-02,3.135033605450422201e+00,60,0.000000000000000000e+00,0,1610,50,652,0
2,120,215,1.208921508433360437e+00,2.294746204244751731e+00,1.338105224627480716e+00,1.571568873065711358e+00,-7.524291831730933744e-02,3.131315956953375945e+00,60,0.000000000000000000e+00,0,1610,50,652,0
2,120,216,1.238709566793225969e+00,2.294762802490893705e+00,1.338717460506996693e+00,1.571875016392616065e+00,-7.490622202993857393e-02,3.127179636523151895e+00,60,0.000000000000000000e+00,0,1610,50,652,0
2,120,217,1.268497632396686781e+00,2.294779401124969809e+00,1.339328842511145146e+00,1.572178371942481334e+00,-7.456828916835989141e-02,3.123043629420270584e+00,60,0.000000000000000000e+00,0,1610,50,652,0
2,120,218,1.298318791043368892e+00,2.294793978945170565e+00,1.339956659320913790e+00,1.572429950233177109e+00,-7.427077476231680464e-02,3.119580446931187190e+00,60,0.000000000000000000e+00,0,1610,50,652,0
2,120,219,1.328215459481341787e+00,2.294803944660812611e+00,1.340623517237843787e+00,1.572568249033941434e+00,-7.406768858982215598e-02,3.117652303112894430e+00,60,0.000000000000000000e+00,0,1610,50,652,0
2,120,220,1.358112130533261519e+00,2.294813910655243205e+00,1.341290188759083568e+00,1.572705767027267498e+00,-7.386434383087658873e-02,3.115724236744213727e+00,60,0.000000000000000000e+00,0,1610,50,652,0
2,120,221,1.388008804736825086e+00,2.294823876872579937e+00,1.341956673891901763e+00,1.572842503545702542e+00,-7.366074385519882917e-02,3.113796251101093482e+00,60,0.000000000000000000e+00,0,1610,50,652,0
2,120,222,1.417905482629699065e+00,2.294833843256939065e+00,1.342622972645657553e+00,1.572978457939049335e+00,-7.345689203483685148e-02,3.111868349456800686e+00,60,0.000000000000000000e+00,0,1610,50,652,0
2,120,223,1.447802164749509846e+00,2.294843809752433739e+00,1.343289085031800223e+00,1.573113629574371730e+00,-7.325279174406351679e-02,3.109940535081901380e+00,60,0.000000000000000000e+00,0,1610,50,652,0
2,120,224,1.477698851633834964e+00,2.294853776303176662e+00,1.343955011063869165e+00,1.573248017836001766e+00,-7.304844635927398855e-02,3.108012811244249107e+00,60,0.000000000000000000e+00,0,1610,50,652,0
2,120,225,1.507595543820190676e+00,2.294863742853280542e+00,1.344620750757493877e+00,1.573381622125541668e+00,-7.284385925888448021e-02,3.106085181208965373e+00,60,0.000000000000000000e+00,0,1610,50,652,0
2,120,226,1.536704763111137462e+00,2.295157566953467398e+00,1.346042889659796460e+00,1.574322341107385448e+00,-6.690603732515620905e-02,3.088900926209030118e+00,60,0.000000000000000000e+00,0,1610,50,652,0
2,120,227,1.566243933041534753e+00,2.295338519475663031e+00,1.347881904168741984e+00,1.574641872237580564e+00,-6.325536210790905223e-02,3.080832690588914957e+00,60,0.000000000000000000e+00,0,1610,50,652,0
2,120,228,1.596018009833982454e+00,2.295456725969062806e+00,1.349934067427928319e+00,1.574687523806560518e+00,-6.087920635502630518e-02,3.077723137179472879e+00,60,0.000000000000000000e+00,0,1610,50,652,0
2,120,229,1.625792112858276406e+00,2.295574949443237145e+00,1.351985467299619437e+00,1.574718384195561427e+00,-5.850340577442336709e-02,3.074614574790468069e+00,60,0.000000000000000000e+00,0,1610,50,652,0
2,120,230,1.641796151482689092e+00,2.295638502400676462e+00,1.353087810051395223e+00,1.574728865005891265e+00,-5.722656245455026713e-02,3.072944062819893851e+00,60,0.000000000000000000e+00,0,1610,50,652,0
2,120,231,1.640744231827426791e+00,2.265638502400676657e+00,1.351288817488643046e+00,1.574728865005891265e+00,-5.722656245455026713e-02,3.072944062819893851e+00,30,0.000000000000000000e+00,0,1610,50,652,0
2,120,232,1.610941352685293593e+00,2.265542142542412485e+00,1.349237241242723373e+00,1.574711302794436385e+00,-5.916261517285570370e-02,3.075477061604446227e+00,60,0.000000000000000000e+00,0,1610,50,652,0
2,120,233,1.581138492679141638e+00,2.265445792661199054e+00,1.347185157970115732e+00,1.574683922579778184e+00,-6.109895643895546513e-02,3.078010687599017636e+00,60,0.000000000000000000e+00,0,1610,50,652,0
2,120,234,1.551335649877711997e+00,2.265349454225733972e+00,1.345132567630859199e+00,1.574646716815576220e+00,-6.303552688204061560e-02,3.080544975830944665e+00,60,0.000000000000000000e+00,0,1610,50,652,0
2,120,235,1.521678335838763996e+00,2.265206328285742643e+00,1.343132871610026369e+00,1.574458319575061438e+00,-6.591986861828957878e-02,3.086057130645138535e+00,60,0.000000000000000000e+00,0,1610,50,652,0
2,120,236,1.492736192865442346e+00,2.264859736601174234e+00,1.342087279686809076e+00,1.573328011454792064e+00,-7.292612600543968426e-02,3.106860019483271174e+00,60,0.000000000000000000e+00,0,1610,50,652,0
2,120,237,1.462826398101962022e+00,2.264851132442600612e+00,1.341421134363140366e+00,1.573212444613186101e+00,-7.310267739829900968e-02,3.108524175617965568e+00,60,0.000000000000000000e+00,0,1610,50,652,0
2,120,238,1.432916607183778890e+00,2.264842528294599866e+00,1.340754850159634692e+00,1.573096293600190432e+00,-7.327904797433593131e-02,3.110188401017528914e+00,60,0.000000000000000000e+00,0,1610,50,652,0
2,120,239,1.403006819765039159e+00,2.264833924193130343e+00,1.340088427066500998e+00,1.572979558803009326e+00,-7.345523556008348720e-02,3.111852693580791751e+00,60,0.000000000000000000e+00,0,1610,50,652,0
2,120,240,1.373097035499856400e+00,2.264825320174151724e+00,1.339421865075109075e+00,1.572862240618441376e+00,-7.363123798320314606e-02,3.113517051205069386e+00,60,0.000000000000000000e+00,0,1610,50,652,0
2,120,241,1.343187254042317313e+00,2.264816716273621022e+00,1.338755164177988677e+00,1.572744339452875728e+00,-7.380705307253476732e-02,3.115181471786170775e+00,60,0.000000000000000000e+00,0,1610,50,652,0
2,120,242,1.313277475046484399e+00,2.264808112527496586e+00,1.338088324368831739e+00,1.572625855722291632e+00,-7.398267865814767141e-02,3.116845953218403409e+00,60,0.000000000000000000e+00,0,1610,50,652,0
2,120,243,1.283367698166402837e+00,2.264799508971732767e+00,1.337421345642490822e+00,1.572506789852251341e+00,-7.415811257138726909e-02,3.118510493394582195e+00,60,0.000000000000000000e+00,0,1610,50,652,0
2,120,244,1.253458901003347004e+00,2.264790834620691751e+00,1.336754481009291062e+00,1.572385704498962866e+00,-7.433480803761738365e-02,3.120194859573720336e+00,60,0.000000000000000000e+00,0,1610,50,652,0
2,120,245,1.223774945583272045e+00,2.264765832721591821e+00,1.336144741294759797e+00,1.571930605214620691e+00,-7.484462050621809581e-02,3.126424542576877741e+00,60,0.000000000000000000e+00,0,1610,50,652,0
2,120,246,1.194091008785810759e+00,2.264740831526031783e+00,1.335533064319142760e+00,1.571469178049980542e+00,-7.535163811204470541e-02,3.132654950453825471e+00,60,0.000000000000000000e+00,0,1610,50,652,0
2,120,247,1.164245540000392598e+00,2.264733203982153498e+00,1.335466111076905271e+00,1.571239916220646293e+00,-7.550632185156636034e-02,3.135712270256251877e+00,60,0.000000000000000000e+00,0,1610,50,652,0
2,120,248,1.134320332854776625e+00,2.264734152075729146e+00,1.335668596342913350e+00,1.571127377188516139e+00,-7.548788181178900381e-02,3.137203036484302654e+00,60,0.000000000000000000e+00,0,1610,50,652,0
2,120,249,1.104395126531166893e+00,2.264735100179616545e+00,1.335870971422635556e+00,1.571014894082311875e+00,-7.546927421967231098e-02,3.138693801078610512e+00,60,0.000000000000000000e+00,0,1610,50,652,0
2,120,250,1.121290832759829659e+00,2.234734274160773193e+00,1.333484172152931801e+00,1.571112889805199142e+00,-7.548549514174163200e-02,3.137394999567817866e+00,30,0.000000000000000000e+00,0,1610,50,652,0
2,120,251,1.151226642642224407e+00,2.234733461703998003e+00,1.333281770350972062e+00,1.571209318893537876e+00,-7.550132583502788819e-02,3.136117509657602831e+00,60,0.000000000000000000e+00,0,1610,50,652,0
2,120,252,1.181162453259621214e+00,2.234732649256474968e+00,1.333079287636430577e+00,1.571305788848691209e+00,-7.551703338831883272e-02,3.134840019447391768e+00,60,0.000000000000000000e+00,0,1610,50,652,0
2,120,253,1.210584844780185465e+00,2.234778218118488535e+00,1.333608773368676337e+00,1.572156843877932308e+00,-7.459241438712904682e-02,3.123338396058835897e+00,60,0.000000000000000000e+00,0,1610,50,652,0
2,120,254,1.240401689663024998e+00,2.234922498120284651e+00,1.334270379893972347e+00,1.572357133064674617e+00,-7.169449904527591677e-02,3.119807184192628480e+00,60,0.000000000000000000e+00,0,1610,50,652,0
2,120,255,1.270369743844844468e+00,2.235098249071076904e+00,1.334950472705392244e+00,1.572313373104009315e+00,-6.817096807024869420e-02,3.119325517816894155e+00,60,0.000000000000000000e+00,0,1610,50,652,0
2,120,256,1.300337806533581775e+00,2.235274044815718675e+00,1.335629934578830280e+00,1.572266202017426728e+00,-6.464744715346149029e-02,3.118843930407653176e+00,60,0.000000000000000000e+00,0,1610,50,652,0
2,120,257,1.330305878194336433e+00,2.235449882019262091e+00,1.336308765282807842e+00,1.572215622601651486e+00,-6.112396185578106156e-02,3.118362394785213265e+00,60,0.000000000000000000e+00,0,1610,50,652,0
2,120,258,1.360273959291880441e+00,2.235625757345088171e+00,1.336986964609798045e+00,1.572161637399683176e+00,-5.760053773853801573e-02,3.117880883813977544e+00,60,0.000000000000000000e+00,0,1610,50,652,0
2,120,259,1.390242050290629860e+00,2.235801667455115993e+00,1.337664532376237725e+00,1.572104248701453155e+00,-5.407720036316154832e-02,3.117399370399686287e+00,60,0.000000000000000000e+00,0,1610,50,652,0
2,120,260,1.420210151654614839e+00,2.235977609010015854e+00,1.338341468422539204e+00,1.572043458544463590e+00,-5.055397529082061858e-02,3.116917827486670234e+00,60,0.000000000000000000e+00,0,1610,50,652,0
2,120,261,1.450178263847450300e+00,2.236153578669419328e+00,1.339017772613100288e+00,1.571979268714386535e+00,-4.703088808205801996e-02,3.116436228055112778e+00,60,0.000000000000000000e+00,0,1610,50,652,0
2,120,262,1.480145937455789262e+00,2.236858955794195580e+00,1.339873705328324283e+00,1.571637223283541829e+00,-3.291607069750335235e-02,3.116046907219351070e+00,30,0.000000000000000000e+00,0,1610,50,652,0
2,120,263,1.509222149476257657e+00,2.237153919308668026e+00,1.340742861088662696e+00,1.571978040105388885e+00,-2.699903348895338340e-02,3.097846516215015278e+00,60,0.000000000000000000e+00,0,1610,50,652,0
2,120,264,1.538057080627736939e+00,2.236006195892807913e+00,1.342532854206341941e+00,1.574092666874126856e+00,-4.988818823324181473e-02,3.075586464600511327e+00,30,0.000000000000000000e+00,0,1610,50,652,0
2,120,265,1.567948744714517062e+00,2.235898039480456401e+00,1.344579267322440153e+00,1.574275738610132258e+00,-5.204676754071546618e-02,3.074810010412560857e+00,60,0.000000000000000000e+00,0,1610,50,652,0
2,120,266,1.597840430738646234e+00,2.235789895146250927e+00,1.346625417595068930e+00,1.574462174753376464e+00,-5.420509539390017117e-02,3.074032983643701478e+00,60,0.000000000000000000e+00,0,1610,50,652,0
2,120,267,1.627732139000237277e+00,2.235681763746931061e+00,1.348671305090289652e+00,1.574651977908458012e+00,-5.636316078419434383e-02,3.073255368158160028e+00,60,0.000000000000000000e+00,0,1610,50,652,0
2,120,268,1.639692312172164490e+00,2.235638502400676408e+00,1.349489824925890868e+00,1.574728865005891265e+00,-5.722656245455026713e-02,3.072944062819893851e+00,60,0.000000000000000000e+00,0,1610,50,652,0
2,120,269,1.638640392516902189e+00,2.205638502400676604e+00,1.347690832363138913e+00,1.574728865005891265e+00,-5.722656245455026713e-02,3.072944062819893851e+00,30,0.000000000000000000e+00,0,1610,50,652,0
2,120,270,1.608850799969371081e+00,2.206038096508474489e+00,1.345667160082043790e+00,1.574039315840291220e+00,-4.925151474750744107e-02,3.075815356273827295e+00,60,0.000000000000000000e+00,0,1610,50,652,0
2,120,271,1.579449781721568469e+00,2.206956742015492967e+00,1.343995985308527485e+00,1.572488786829401519e+00,-3.092381807426902718e-02,3.086908468308654285e+00,30,0.000000000000000000e+00,0,1610,50,652,0
2,120,272,1.549786101899106816e+00,2.207060694580201599e+00,1.342301409473067419e+00,1.572208781590989979e+00,-2.885556066604677561e-02,3.092675744928589765e+00,60,0.000000000000000000e+00,0,1610,50,652,0
2,120,273,1.520122530175171960e+00,2.207164652297243013e+00,1.340604961497378289e+00,1.571952710957158716e+00,-2.678519389821243379e-02,3.098441759723292499e+00,60,0.000000000000000000e+00,0,1610,50,652,0
2,120,274,1.490530321414855308e+00,2.207256875054212752e+00,1.339425145000073369e+00,1.571683377603116494e+00,-2.494930378804416371e-02,3.106049799324515082e+00,60,0.000000000000000000e+00,0,1610,50,652,0
2,120,275,1.461006197922681382e+00,2.207337915511806692e+00,1.338735685019594168e+00,1.571407319725790508e+00,-2.333578654639678618e-02,3.115413597491543563e+00,60,0.000000000000000000e+00,0,1610,50,652,0
2,120,276,1.431120580939296172e+00,2.207356172104298242e+00,1.337903046825698716e+00,1.571350519178984051e+00,-2.297186987512844780e-02,3.117470382169805099e+00,60,0.000000000000000000e+00,0,1610,50,652,0
2,120,277,1.401219475204234621e+00,2.207371738739036360e+00,1.337064220437816253e+00,1.571303499874307619e+00,-2.266146513620381775e-02,3.119214053746407700e+00,60,0.000000000000000000e+00,0,1610,50,652,0
2,120,278,1.371318373930296097e+00,2.207387305674117783e+00,1.336225237395006538e+00,1.571257565075941720e+00,-2.235096342322684393e-02,3.120957693130047339e+00,60,0.000000000000000000e+00,0,1610,50,652,0
2,120,279,1.341417276707909112e+00,2.207402872836338847e+00,1.335386097685223650e+00,1.571212715035030349e+00,-2.204036900675188093e-02,3.122701298421493021e+00,60,0.000000000000000000e+00,0,1610,50,652,0
2,120,280,1.311516183127459989e+00,2.207418440152493222e+00,1.334546801297895824e+00,1.571168949983526630e+00,-2.172968615823944738e-02,3.124444867722632857e+00,60,0.000000000000000000e+00,0,1610,50,652,0
2,120,281,1.281615092779299747e+00,2.207434007549372801e+00,1.333707348223923672e+00,1.571126270134194591e+00,-2.141891914994986656e-02,3.126188399136452745e+00,60,0.000000000000000000e+00,0,1610,50,652,0
2,120,282,1.251714005253748541e+00,2.207449574953769034e+00,1.332867738455682183e+00,1.571084675680605613e+00,-2.110807225484312433e-02,3.127931890767015943e+00,60,0.000000000000000000e+00,0,1610,50,652,0
2,120,283,1.221812920141104764e+00,2.207465142292473370e+00,1.332027971987020276e+00,1.571044166797138208e+00,-2.079714974647095538e-02,3.129675340719440868e+00,60,0.000000000000000000e+00,0,1610,50,652,0
2,120,284,1.213114456405465225e+00,2.177467020422104049e+00,1.331174722162794755e+00,1.571039352954246127e+00,-2.075963327377361445e-02,3.129885678121929971e+00,30,0.000000000000000000e+00,0,1610,50,652,0
2,120,285,1.243001043643556347e+00,2.177448862465203305e+00,1.332014255795410440e+00,1.571086555672867036e+00,-2.112230078876353723e-02,3.127852095484185746e+00,60,0.000000000000000000e+00,0,1610,50,652,0
2,120,286,1.272887634189971529e+00,2.177430704423486407e+00,1.332853576234094728e+00,1.571135235322181689e+00,-2.148486516415837322e-02,3.125818456260430533e+00,60,0.000000000000000000e+00,0,1610,50,652,0
2,120,287,1.302774228694875580e+00,2.177412546413129757e+00,1.333692683488910458e+00,1.571185391621535032e+00,-2.184731961824226687e-02,3.123784763457927660e+00,60,0.000000000000000000e+00,0,1610,50,652,0
2,120,288,1.332660827808388015e+00,2.177394388550310644e+00,1.334531577572649175e+00,1.571237024254745762e+00,-2.220965737043822941e-02,3.121751020085901551e+00,60,0.000000000000000000e+00,0,1610,50,652,0
2,120,289,1.362547432180569507e+00,2.177376230951203251e+00,1.335370258500830243e+00,1.571290132870109879e+00,-2.257187164153329206e-02,3.119717229155586580e+00,60,0.000000000000000000e+00,0,1610,50,652,0
2,120,290,1.392434042461406563e+00,2.177358073731979093e+00,1.336208726291700177e+00,1.571344717080399800e+00,-2.293395565390476953e-02,3.117683393680269699e+00,60,0.000000000000000000e+00,0,1610,50,652,0
2,120,291,1.422309691677674293e+00,2.177338012564719705e+00,1.337036740427033576e+00,1.571407007292117353e+00,-2.333385247105623783e-02,3.115424810735305083e+00,60,0.000000000000000000e+00,0,1610,50,652,0
2,120,292,1.452046433595590491e+00,2.177293826779908681e+00,1.337734215369104085e+00,1.571553745564085114e+00,-2.421396566500866321e-02,3.110319545193955371e+00,60,0.000000000000000000e+00,0,1610,50,652,0
2,120,293,1.481783221757933200e+00,2.177249641329429330e+00,1.338430350237167499e+00,1.571709492004170983e+00,-2.509317804837829513e-02,3.105213905925287676e+00,60,0.000000000000000000e+00,0,1610,50,652,0
2,120,294,1.511521336163406781e+00,2.177216505045115547e+00,1.339352057332588108e+00,1.571859702363068045e+00,-2.575078300173450074e-02,3.100316647744309151e+00,60,0.000000000000000000e+00,0,1610,50,652,0
2,120,295,1.541263876966894930e+00,2.177221490657272884e+00,1.341055726152731609e+00,1.571962716286090966e+00,-2.564647563613697834e-02,3.096139451355774952e+00,60,0.000000000000000000e+00,0,1610,50,652,0
2,120,296,1.571006455442132577e+00,2.177226476383318676e+00,1.342758523655031677e+00,1.572064877471119004e+00,-2.554175676143088936e-02,3.091962259351730857e+00,60,0.000000000000000000e+00,0,1610,50,652,0
2,120,297,1.600749077046347724e+00,2.177231462092763525e+00,1.344460450089408399e+00,1.572166183491567226e+00,-2.543663433346643465e-02,3.087785108035335568e+00,60,0.000000000000000000e+00,0,1610,50,652,0
2,120,298,1.630540806209572535e+00,2.177233576042692853e+00,1.346163034572961825e+00,1.572245034016769294e+00,-2.538990490534653865e-02,3.084589908103638756e+00,60,0.000000000000000000e+00,0,1610,50,652,0
2,120,299,1.638099765131680874e+00,2.177231612194506560e+00,1.346593831583987377e+00,1.572246058349056952e+00,-2.542920004874549278e-02,3.084637628243320329e+00,60,0.000000000000000000e+00,0,1610,50,652,0
2,120,300,1.636946511645604563e+00,2.147231612194506756e+00,1.345762577968378393e+00,1.572246058349056952e+00,-2.542920004874549278e-02,3.084637628243320329e+00,30,0.000000000000000000e+00,0,1610,50,652,0
2,120,301,1.606991544229876334e+00,2.147234559195484671e+00,1.344055273827638786e+00,1.572244519801738960e+00,-2.537023282159922566e-02,3.084566018215838312e+00,60,0.000000000000000000e+00,0,1610,50,652,0
2,120,302,1.577231828847017070e+00,2.147230724654949796e+00,1.342354556099365936e+00,1.572151253144330241e+00,-2.545220827374983230e-02,3.088402952921645017e+00,60,0.000000000000000000e+00,0,1610,50,652,0
2,120,303,1.547540912133785973e+00,2.147224502647194999e+00,1.340654977377231605e+00,1.572024536404580619e+00,-2.558326118315656927e-02,3.093615907878239479e+00,60,0.000000000000000000e+00,0,1610,50,652,0
2,120,304,1.517850059225930526e+00,2.147218280694039194e+00,1.338954041880617840e+00,1.571896489303797217e+00,-2.571368068489832126e-02,3.098828903820426639e+00,60,0.000000000000000000e+00,0,1610,50,652,0
2,120,305,1.488092049336172229e+00,2.147231620427847432e+00,1.337788693690554087e+00,1.571775599099141996e+00,-2.545148965200860758e-02,3.103131432024337055e+00,60,0.000000000000000000e+00,0,1610,50,652,0
2,120,306,1.458275554799207452e+00,2.147261992593521907e+00,1.337090041763858039e+00,1.571665048655176866e+00,-2.484750371339217168e-02,3.106641147979571471e+00,60,0.000000000000000000e+00,0,1610,50,652,0
2,120,307,1.428459085605114476e+00,2.147292365522429858e+00,1.336390756766776988e+00,1.571558752213179311e+00,-2.424305677996185793e-02,3.110150704001027222e+00,60,0.000000000000000000e+00,0,1610,50,652,0
2,120,308,1.398642638422366247e+00,2.147322738637095441e+00,1.335690838574063566e+00,1.571456712145700152e+00,-2.363818257965810687e-02,3.113660084194667554e+00,60,0.000000000000000000e+00,0,1610,50,652,0
2,120,309,1.368806709330700144e+00,2.147349754969742897e+00,1.334936814183723675e+00,1.571370218197462920e+00,-2.309980288605451015e-02,3.116751556515477972e+00,60,0.000000000000000000e+00,0,1610,50,652,0
2,120,310,1.338940378079178206e+00,2.147371536830237293e+00,1.334098984801236343e+00,1.571304102795745727e+00,-2.266549186451438658e-02,3.119191437691735125e+00,60,0.000000000000000000e+00,0,1610,50,652,0
2,120,311,1.309074055572767570e+00,2.147393319280650470e+00,1.333260848694579392e+00,1.571240110808836965e+00,-2.223099086297697369e-02,3.121631255883751344e+00,60,0.000000000000000000e+00,0,1610,50,652,0
2,120,312,1.279207740689334516e+00,2.147415102120424191e+00,1.332422405831503731e+00,1.571178242914988532e+00,-2.179631158204120567e-02,3.124071005888725772e+00,60,0.000000000000000000e+00,0,1610,50,652,0
2,120,313,1.249341432306593003e+00,2.147436885148990449e+00,1.331583656185409970e+00,1.571118499718882511e+00,-2.136146572562203083e-02,3.126510682508112815e+00,60,0.000000000000000000e+00,0,1610,50,652,0
2,120,314,1.219475129302137306e+00,2.147458668165778128e+00,1.330744599735347311e+00,1.571060881751629168e+00,-2.092646500039463398e-02,3.128950280547515561e+00,60,0.000000000000000000e+00,0,1610,50,652,0
2,120,315,1.215406299902592524e+00,2.117455641764277807e+00,1.330021543324824584e+00,1.571068759727405784e+00,-2.098691037991362585e-02,3.128611341431286164e+00,30,0.000000000000000000e+00,0,1610,50,652,0
2,120,316,1.245242198591710370e+00,2.117428425342374521e+00,1.330859962359902449e+00,1.571141449586854755e+00,-2.153036429464116885e-02,3.125563203061914486e+00,60,0.000000000000000000e+00,0,1610,50,652,0
2,120,317,1.275078106357258712e+00,2.117401209023683784e+00,1.331697902461361327e+00,1.571217456785844124e+00,-2.207356934899573631e-02,3.122514945171617651e+00,60,0.000000000000000000e+00,0,1610,50,652,0
2,120,318,1.304914025388334009e+00,2.117373993199410886e+00,1.332535363675718454e+00,1.571296780214834321e+00,-2.261650271223225594e-02,3.119466577896019110e+00,60,0.000000000000000000e+00,0,1610,50,652,0
2,120,319,1.334749957873689441e+00,2.117346778260742468e+00,1.333372346063256941e+00,1.571379418584998966e+00,-2.315914156119558420e-02,3.116418111381018541e+00,60,0.000000000000000000e+00,0,1610,50,652,0
2,120,320,1.364603610260038735e+00,2.117322810460418925e+00,1.334101506610652521e+00,1.571456475896829907e+00,-2.363675174885271346e-02,3.113668382634648069e+00,60,0.000000000000000000e+00,0,1610,50,652,0
2,120,321,1.394461792035424752e+00,2.117299670915928633e+00,1.334802895803648637e+00,1.571533820536773041e+00,-2.409760924943293858e-02,3.110994802228185918e+00,60,0.000000000000000000e+00,0,1610,50,652,0
2,120,322,1.424319986121165282e+00,2.117276531398636585e+00,1.335503917470848290e+00,1.571613635908676976e+00,-2.455822347175584675e-02,3.108321117552971025e+00,60,0.000000000000000000e+00,0,1610,50,652,0
2,120,323,1.454178193990530055e+00,2.117253392163891856e+00,1.336204571663804241e+00,1.571695921012099761e+00,-2.501857949928343317e-02,3.105647335633636708e+00,60,0.000000000000000000e+00,0,1610,50,652,0
2,120,324,1.484036417116481932e+00,2.117230253467038192e+00,1.336904858442179433e+00,1.571780674743540551e+00,-2.547866242146978877e-02,3.102973463501930595e+00,60,0.000000000000000000e+00,0,1610,50,652,0
2,120,325,1.513804146446800614e+00,2.117218341736202269e+00,1.337961677739466726e+00,1.571897752013678984e+00,-2.571240427271370699e-02,3.098777759427909118e+00,60,0.000000000000000000e+00,0,1610,50,652,0
2,120,326,1.543409211040056128e+00,2.117226615248773758e+00,1.339658456539626341e+00,1.572067710688753728e+00,-2.553883426229375253e-02,3.091845914397399753e+00,60,0.000000000000000000e+00,0,1610,50,652,0
2,120,327,1.573014394818321060e+00,2.117234888705624041e+00,1.341352836654902791e+00,1.572235314286777541e+00,-2.536415357587462616e-02,3.084914184193585651e+00,60,0.000000000000000000e+00,0,1610,50,652,0
2,120,328,1.602949556201575865e+00,2.117233605129147822e+00,1.343059343324195520e+00,1.572245018817266526e+00,-2.538932290845608009e-02,3.084589201323865382e+00,60,0.000000000000000000e+00,0,1610,50,652,0
2,120,329,1.632903151236998029e+00,2.117231787564248346e+00,1.344766597944139885e+00,1.572245967029595626e+00,-2.542569102255320956e-02,3.084633366876863292e+00,60,0.000000000000000000e+00,0,1610,50,652,0
2,120,330,1.635793258159528252e+00,2.117231612194506507e+00,1.344931324352769186e+00,1.572246058349056952e+00,-2.542920004874549278e-02,3.084637628243320329e+00,60,0.000000000000000000e+00,0,1610,50,652,0
2,120,331,1.634640004673451719e+00,2.087231612194506702e+00,1.344100070737160202e+00,1.572246058349056952e+00,-2.542920004874549278e-02,3.084637628243320329e+00,30,0.000000000000000000e+00,0,1610,50,652,0
2,120,332,1.604687021542619219e+00,2.087232926176488590e+00,1.342392838199567340e+00,1.572245373398336810e+00,-2.540290822375967927e-02,3.084605699387260813e+00,60,0.000000000000000000e+00,0,1610,50,652,0
2,120,333,1.574734038415592563e+00,2.087234240159350662e+00,1.340685605576465989e+00,1.572244686769077360e+00,-2.537661646850630781e-02,3.084573770555809169e+00,60,0.000000000000000000e+00,0,1610,50,652,0
2,120,334,1.544870769129023547e+00,2.087233188231212733e+00,1.338982413512098013e+00,1.572201058219993897e+00,-2.540014596222572862e-02,3.086338899262520030e+00,60,0.000000000000000000e+00,0,1610,50,652,0
2,120,335,1.515435822100198227e+00,2.087220844753055360e+00,1.337295373804216592e+00,1.571949418675328225e+00,-2.566001221427072210e-02,3.096680615187629826e+00,60,0.000000000000000000e+00,0,1610,50,652,0
2,120,336,1.485750583624240617e+00,2.087225806171676190e+00,1.336156460114631628e+00,1.571797247594715063e+00,-2.556706022301558079e-02,3.102459521568230461e+00,60,0.000000000000000000e+00,0,1610,50,652,0
2,120,337,1.455866683681945606e+00,2.087244494028660746e+00,1.335455189060601455e+00,1.571728221258408276e+00,-2.519553894615533807e-02,3.104619100104119234e+00,60,0.000000000000000000e+00,0,1610,50,652,0
2,120,338,1.425982794060983494e+00,2.087263182300562292e+00,1.334753678357545770e+00,1.571660804920214982e+00,-2.482383578294045101e-02,3.106778621559298070e+00,60,0.000000000000000000e+00,0,1610,50,652,0
2,120,339,1.396098913985435619e+00,2.087281870852860433e+00,1.334051927971978024e+00,1.571594999187592823e+00,-2.445195858708060221e-02,3.108938082227381994e+00,60,0.000000000000000000e+00,0,1610,50,652,0
2,120,340,1.366215042679238767e+00,2.087300559551029888e+00,1.333349937873862689e+00,1.571530804624150512e+00,-2.407991521504504462e-02,3.111097478405051575e+00,60,0.000000000000000000e+00,0,1610,50,652,0
2,120,341,1.336331179366205379e+00,2.087319248260544047e+00,1.332647708036615031e+00,1.571468221749650951e+00,-2.370771352576861446e-02,3.113256806391999199e+00,60,0.000000000000000000e+00,0,1610,50,652,0
2,120,342,1.306447323270042205e+00,2.087337936846878073e+00,1.331945238437101997e+00,1.571407251039995678e+00,-2.333536138036174101e-02,3.115416062490877991e+00,60,0.000000000000000000e+00,0,1610,50,652,0
2,120,343,1.276644549187634592e+00,2.087371085065253151e+00,1.331133281973121196e+00,1.571305452476040365e+00,-2.267450149488325906e-02,3.119140834896207970e+00,60,0.000000000000000000e+00,0,1610,50,652,0
2,120,344,1.246859239005231990e+00,2.087407345409526105e+00,1.330297027644456564e+00,1.571200029974763490e+00,-2.195111677852090715e-02,3.123202240379529648e+00,60,0.000000000000000000e+00,0,1610,50,652,0
2,120,345,1.217073947944011358e+00,2.087443606474863156e+00,1.329459923229689089e+00,1.571100494526128655e+00,-2.122725892362664624e-02,3.127263447637329996e+00,60,0.000000000000000000e+00,0,1610,50,652,0
2,120,346,1.217571371835463268e+00,2.057421608767395771e+00,1.328865827098818286e+00,1.571160174872640036e+00,-2.166643870318307741e-02,3.124799752722960733e+00,30,0.000000000000000000e+00,0,1610,50,652,0
2,120,347,1.247255690839838005e+00,2.057367300269048016e+00,1.329699800412423194e+00,1.571316795736579230e+00,-2.274997934595623938e-02,3.118716892647335648e+00,60,0.000000000000000000e+00,0,1610,50,652,0
2,120,348,1.277052880861139661e+00,2.057333091654914625e+00,1.330465017332220556e+00,1.571422903505053315e+00,-2.343191157388169188e-02,3.114856259893630686e+00,60,0.000000000000000000e+00,0,1610,50,652,0
2,120,349,1.306954134425361680e+00,2.057317417856864061e+00,1.331167996142613497e+00,1.571474280023281267e+00,-2.374417442447840365e-02,3.113045320911283831e+00,60,0.000000000000000000e+00,0,1610,50,652,0
2,120,350,1.336855393119316338e+00,2.057301743981437614e+00,1.331870806308890653e+00,1.571526790485846981e+00,-2.405633090460890244e-02,3.111234331618410565e+00,60,0.000000000000000000e+00,0,1610,50,652,0
2,120,351,1.366756657400952646e+00,2.057286070107994025e+00,1.332573447844733749e+00,1.571580434611560939e+00,-2.436837637688316072e-02,3.109423294196170140e+00,60,0.000000000000000000e+00,0,1610,50,652,0
2,120,352,1.396657927728166770e+00,2.057270396315892480e+00,1.333275920765532030e+00,1.571635212097532985e+00,-2.468030620497829730e-02,3.107612210827181976e+00,60,0.000000000000000000e+00,0,1610,50,652,0
2,120,353,1.426559204558795813e+00,2.057254722684493053e+00,1.333978225088382707e+00,1.571691122619178316e+00,-2.499211575375936967e-02,3.105801083695551412e+00,60,0.000000000000000000e+00,0,1610,50,652,0
2,120,354,1.456460488350608706e+00,2.057239049293152711e+00,1.334680360832090074e+00,1.571748165830217481e+00,-2.530380038939972209e-02,3.103989914986888365e+00,60,0.000000000000000000e+00,0,1610,50,652,0
2,120,355,1.486361779561300001e+00,2.057223376221224864e+00,1.335382328017165277e+00,1.571806341362680826e+00,-2.561535547950555269e-02,3.102178706888333970e+00,60,0.000000000000000000e+00,0,1610,50,652,0
2,120,356,1.515789478884533636e+00,2.057227291919190737e+00,1.336557275564879355e+00,1.572081507042304871e+00,-2.552458888508768453e-02,3.091278983229389432e+00,60,0.000000000000000000e+00,0,1610,50,652,0
2,120,357,1.545341344053092536e+00,2.057475514623050117e+00,1.338250269163247186e+00,1.571996143136610957e+00,-2.055615460550375140e-02,3.083286933309713707e+00,60,0.000000000000000000e+00,0,1610,50,652,0
2,120,358,1.575197948392092595e+00,2.057834438873547001e+00,1.339957936278539652e+00,1.571603070237344468e+00,-1.338731275892168782e-02,3.081401844132603429e+00,60,0.000000000000000000e+00,0,1610,50,652,0
2,120,359,1.605054709051835005e+00,2.058193395920262070e+00,1.341662851807998269e+00,1.571182954680564681e+00,-6.220090280055323717e-03,3.079514195567198964e+00,60,0.000000000000000000e+00,0,1610,50,652,0
2,120,360,1.632976513834411225e+00,2.059270620692140952e+00,1.343439937769381753e+00,1.569774618973958091e+00,1.527891943313597345e-02,3.074819023377324712e+00,30,0.000000000000000000e+00,0,1610,50,652,0
2,120,361,1.631702168676735898e+00,2.029270620692141147e+00,1.343815181409805160e+00,1.569774618973958091e+00,1.527891943313597345e-02,3.074819023377324712e+00,30,0.000000000000000000e+00,0,1610,50,652,0
2,120,362,1.601896402465970315e+00,2.029188087421068154e+00,1.341863151336587068e+00,1.569920284326879578e+00,1.363408702299695463e-02,3.077425019883297974e+00,60,0.000000000000000000e+00,0,1610,50,652,0
2,120,363,1.571988131305239511e+00,2.028924697864025628e+00,1.339812459897030461e+00,1.570261706779750410e+00,8.377041354431513653e-03,3.077858667749350019e+00,60,0.000000000000000000e+00,0,1610,50,652,0
2,120,364,1.542079949917415371e+00,2.028661294915962365e+00,1.337760374508995653e+00,1.570598581066327659e+00,3.119669885273568255e-03,3.078290491830279585e+00,60,0.000000000000000000e+00,0,1610,50,652,0
2,120,365,1.512171857407475617e+00,2.028397889615249916e+00,1.335706895053750953e+00,1.570930921471590525e+00,-2.137949421617602042e-03,3.078720545730938341e+00,60,0.000000000000000000e+00,0,1610,50,652,0
2,120,366,1.483375328903751011e+00,2.027223246213343266e+00,1.334523793731700270e+00,1.571806828667808631e+00,-2.561793930026201593e-02,3.102163682607396389e+00,30,0.000000000000000000e+00,0,1610,50,652,0
2,120,367,1.453461479187635463e+00,2.027236742117699109e+00,1.333821298637855035e+00,1.571756658491327840e+00,-2.534967107796193275e-02,3.103723298640360007e+00,60,0.000000000000000000e+00,0,1610,50,652,0
2,120,368,1.423547635022395230e+00,2.027250238267553684e+00,1.333118678564106041e+00,1.571707327863112624e+00,-2.508130629517402177e-02,3.105282885705450191e+00,60,0.000000000000000000e+00,0,1610,50,652,0
2,120,369,1.393633796115813173e+00,2.027263734612240853e+00,1.332415933497121507e+00,1.571658837021104205e+00,-2.481284790937321461e-02,3.106842442406014371e+00,60,0.000000000000000000e+00,0,1610,50,652,0
2,120,370,1.363719962175630185e+00,2.027277231101094479e+00,1.331713063424507570e+00,1.571611186191318676e+00,-2.454429887884179706e-02,3.108401967346242412e+00,60,0.000000000000000000e+00,0,1610,50,652,0
2,120,371,1.333806132909548525e+00,2.027290727683444871e+00,1.331010068334808949e+00,1.571564375587845674e+00,-2.427566216261078935e-02,3.109961459131158179e+00,60,0.000000000000000000e+00,0,1610,50,652,0
2,120,372,1.303892308025234481e+00,2.027304224308623670e+00,1.330306948217509388e+00,1.571518405412847263e+00,-2.400694072040021609e-02,3.111520916366608880e+00,60,0.000000000000000000e+00,0,1610,50,652,0
2,120,373,1.273978487230323031e+00,2.027317720925960742e+00,1.329603703063031439e+00,1.571473275856557272e+00,-2.373813751256514948e-02,3.113080337659254404e+00,60,0.000000000000000000e+00,0,1610,50,652,0
2,120,374,1.244064670232421399e+00,2.027331217484787285e+00,1.328900332862736011e+00,1.571428987097280405e+00,-2.346925550003420291e-02,3.114639721616556223e+00,60,0.000000000000000000e+00,0,1610,50,652,0
2,120,375,1.214287206771436312e+00,2.027369032040584607e+00,1.328165866037609222e+00,1.571311597551235728e+00,-2.271544436763539565e-02,3.118910872174136983e+00,60,0.000000000000000000e+00,0,1610,50,652,0
2,120,376,1.429396470565470478e+00,1.999215666294343885e+00,1.333455710010568174e+00,1.570410590345188151e+00,1.420859720456890685e-02,3.114450303797391850e+00,30,1.000000000000000000e+00,0,1610,50,652,0
2,120,377,1.459375237809339421e+00,1.999330734030177137e+00,1.334278730811911284e+00,1.570344836215754825e+00,1.650928689492947576e-02,3.114250552017107765e+00,60,0.000000000000000000e+00,0,1610,50,652,0
2,120,378,1.488713644076046005e+00,1.999900958881078994e+00,1.335232009111017470e+00,1.569672184206603038e+00,2.790020170993900983e-02,3.101317641618031029e+00,30,0.000000000000000000e+00,0,1610,50,652,0
2,120,379,1.517867302245717198e+00,1.999865921752662423e+00,1.336677812256099163e+00,1.569259589835829694e+00,2.717842420071114873e-02,3.085103277620747875e+00,60,0.000000000000000000e+00,0,1610,50,652,0
2,120,380,1.547424029152465241e+00,1.999485726812219255e+00,1.338661647669901367e+00,1.569541581458796742e+00,1.957565507825687057e-02,3.077578873785043356e+00,60,0.000000000000000000e+00,0,1610,50,652,0
2,120,381,1.577343501820760441e+00,1.999357845358554098e+00,1.340718315618549372e+00,1.569701861464978698e+00,1.702261724622400330e-02,3.077383136725941881e+00,60,0.000000000000000000e+00,0,1610,50,652,0
2,120,382,1.607359221851565323e+00,1.999213013805288375e+00,1.342675467216021268e+00,1.569910302027137661e+00,1.413303262629517221e-02,3.078980731251989233e+00,60,0.000000000000000000e+00,0,1610,50,652,0
2,120,383,1.630427823519060571e+00,1.999270620692141121e+00,1.344190425050228122e+00,1.569774618973958091e+00,1.527891943313597345e-02,3.074819023377324712e+00,60,0.000000000000000000e+00,0,1610,50,652,0
2,120,384,1.629153478361385465e+00,1.969270620692141094e+00,1.344565668690651528e+00,1.569774618973958091e+00,1.527891943313597345e-02,3.074819023377324712e+00,30,0.000000000000000000e+00,0,1610,50,652,0
2,120,385,1.599446431781377242e+00,1.969197122666775934e+00,1.342591836085670565e+00,1.569935562395224249e+00,1.381613711128282240e-02,3.079369704038526390e+00,60,0.000000000000000000e+00,0,1610,50,652,0
2,120,386,1.569406001007912943e+00,1.969358554708326770e+00,1.340716887307967120e+00,1.569700969664746815e+00,1.703677827514082921e-02,3.077384223522733109e+00,60,0.000000000000000000e+00,0,1610,50,652,0
2,120,387,1.539834782294158266e+00,1.969853303254982091e+00,1.338746642977068246e+00,1.569261188489220027e+00,2.692564561730992345e-02,3.084633414666655860e+00,60,0.000000000000000000e+00,0,1610,50,652,0
2,120,388,1.510209924723646235e+00,1.969978418920794283e+00,1.337129855274828305e+00,1.569313557535175541e+00,2.943536059821494355e-02,3.091254161427937852e+00,60,0.000000000000000000e+00,0,1610,50,652,0
2,120,389,1.480580439797295256e+00,1.969962369365191979e+00,1.335748013591875338e+00,1.569526841034776465e+00,2.912389646675128674e-02,3.098024908976014125e+00,60,0.000000000000000000e+00,0,1610,50,652,0
2,120,390,1.451131590119773884e+00,1.969650816648422342e+00,1.334663065705936180e+00,1.570041714023289181e+00,2.290594220692732108e-02,3.108657705464255017e+00,60,0.000000000000000000e+00,0,1610,50,652,0
2,120,391,1.421425990892762004e+00,1.969361101417876014e+00,1.333748364503375194e+00,1.570328543957122625e+00,1.711650218409999091e-02,3.114268771474529629e+00,60,0.000000000000000000e+00,0,1610,50,652,0
2,120,392,1.431719153751285223e+00,1.939678163052710458e+00,1.334722389881249693e+00,1.570010290721043145e+00,2.345227540478500572e-02,3.108085709492912851e+00,30,0.000000000000000000e+00,0,1610,50,652,0
2,120,393,1.461372478651334461e+00,1.939894930214068003e+00,1.335816733187780825e+00,1.569683520355348971e+00,2.777993953585977671e-02,3.101550983729148836e+00,60,0.000000000000000000e+00,0,1610,50,652,0
2,120,394,1.491072746596851406e+00,1.939980911633379046e+00,1.337106299285100164e+00,1.569454249069871299e+00,2.949203647499110126e-02,3.096110971048077420e+00,60,0.000000000000000000e+00,0,1610,50,652,0
2,120,395,1.520766710463502980e+00,1.939974628512008969e+00,1.338547880199283835e+00,1.569300706626520991e+00,2.935877147541332555e-02,3.090686442678072687e+00,60,0.000000000000000000e+00,0,1610,50,652,0
2,120,396,1.550063196293959944e+00,1.941684938197916654e+00,1.340225266650627134e+00,1.566720311915473118e+00,6.351125877014163201e-02,3.077459373690079047e+00,30,0.000000000000000000e+00,0,1610,50,652,0
2,120,397,1.579887484001617937e+00,1.942314032276829749e+00,1.342220657839961806e+00,1.565744687488300979e+00,7.608736337321264642e-02,3.075232944601431928e+00,30,0.000000000000000000e+00,0,1610,50,652,0
2,120,398,1.609054644772970555e+00,1.941514812210266339e+00,1.344397380545890197e+00,1.565903624966395791e+00,6.003387903774504153e-02,3.060224068789568541e+00,30,0.000000000000000000e+00,0,1610,50,652,0
2,120,399,1.627009365628915294e+00,1.941578067920747719e+00,1.345875425263465486e+00,1.565731309219914547e+00,6.129148219367586137e-02,3.059089689576266036e+00,60,0.000000000000000000e+00,0,1610,50,652,0
2,120,400,1.624958835476280949e+00,1.913772879673792948e+00,1.348486789527197693e+00,1.560834988326180062e+00,1.050841668413664554e-01,3.046904920927498317e+00,30,0.000000000000000000e+00,0,1610,50,652,0
2,120,401,1.595647872233761033e+00,1.915109691898596589e+00,1.345767529415418551e+00,1.559772680873992901e+00,1.320243056935865855e-01,3.058044052234440091e+00,30,0.000000000000000000e+00,0,1610,50,652,0
2,120,402,1.566095897963420525e+00,1.913807796606301181e+00,1.343519508878073809e+00,1.562750191738158989e+00,1.059518523855604855e-01,3.065653623662758953e+00,30,0.000000000000000000e+00,0,1610,50,652,0
2,120,403,1.537523329647447756e+00,1.912631210163034723e+00,1.341657027026133653e+00,1.566814599353557824e+00,8.252240135914590269e-02,3.093324849132803145e+00,30,0.000000000000000000e+00,0,1610,50,652,0
2,120,404,1.507044583394792969e+00,1.912689080088436633e+00,1.339932190907191067e+00,1.565870625820573903e+00,8.363501652542804088e-02,3.082696454661314700e+00,60,0.000000000000000000e+00,0,1610,50,652,0
2,120,405,1.477936652725764022e+00,1.912822330288954209e+00,1.338231658901296584e+00,1.567171337212226234e+00,8.637844987836773569e-02,3.099598574916293536e+00,60,0.000000000000000000e+00,0,1610,50,652,0
2,120,406,1.447546014777233436e+00,1.912776617783281452e+00,1.336900042307384240e+00,1.566487412443517524e+00,8.542831461807898208e-02,3.091134855166653761e+00,60,0.000000000000000000e+00,0,1610,50,652,0
2,120,407,1.418192838748512985e+00,1.911863455098880671e+00,1.335512997472000141e+00,1.568239734268837893e+00,6.717117763597002522e-02,3.103521482175822577e+00,30,0.000000000000000000e+00,0,1610,50,652,0
2,120,408,1.404197618940114189e+00,1.885129998713217958e+00,1.337518192976076659e+00,1.565342347559218084e+00,1.327794908915564953e-01,3.100419118413373809e+00,30,0.000000000000000000e+00,0,1610,50,652,0
2,120,409,1.433780504676944734e+00,1.885099700738688711e+00,1.338882522448075818e+00,1.564334571732266310e+00,1.321224729999461722e-01,3.092581358865600372e+00,60,0.000000000000000000e+00,0,1610,50,652,0
2,120,410,1.463521282009448310e+00,1.885088580995951002e+00,1.340455785494970797e+00,1.563763169441180878e+00,1.318687862852494508e-01,3.088153298122679580e+00,60,0.000000000000000000e+00,0,1610,50,652,0
2,120,411,1.493043227095655290e+00,1.885080521818151889e+00,1.342162099095023153e+00,1.562627944413627512e+00,1.316408037489098515e-01,3.079441305208037605e+00,60,0.000000000000000000e+00,0,1610,50,652,0
2,120,412,1.522609298080824347e+00,1.885088339556997727e+00,1.344094712041632889e+00,1.561626513255912618e+00,1.317333291816478180e-01,3.071893136534472823e+00,60,0.000000000000000000e+00,0,1610,50,652,0
2,120,413,1.552204257850091862e+00,1.885105212080586234e+00,1.346256929853757001e+00,1.560731362090724161e+00,1.320097557889234885e-01,3.065272604952288482e+00,60,0.000000000000000000e+00,0,1610,50,652,0
2,120,414,1.581874880601143563e+00,1.885129600859726473e+00,1.348684335794733125e+00,1.560074491297601007e+00,1.324520508579141165e-01,3.060581250270331566e+00,60,0.000000000000000000e+00,0,1610,50,652,0
2,120,415,1.610364662247906420e+00,1.886259532875345091e+00,1.351299161921902581e+00,1.553826080232469042e+00,1.547992218709590695e-01,3.031956957772992123e+00,30,0.000000000000000000e+00,0,1610,50,652,0
2,120,416,1.622315239195878167e+00,1.886601906473926338e+00,1.352633669818446016e+00,1.551859229233552684e+00,1.615579519809002829e-01,3.024391204746932793e+00,60,0.000000000000000000e+00,0,1610,50,652,0
2,120,417,1.558187653841770492e+00,1.857914172018272803e+00,1.351127243096733155e+00,1.551228282957333393e+00,1.883102574028949761e-01,3.037427155406217771e+00,30,0.000000000000000000e+00,0,1610,50,652,0
2,120,418,1.529633088150255338e+00,1.857118637859640486e+00,1.348827393598794000e+00,1.557720122323066114e+00,1.726469168964210876e-01,3.065617683335154275e+00,30,0.000000000000000000e+00,0,1610,50,652,0
2,120,419,1.500040359713553428e+00,1.857099770010739004e+00,1.346708386535233393e+00,1.558920864782492366e+00,1.723488170286497922e-01,3.072453821644738348e+00,60,0.000000000000000000e+00,0,1610,50,652,0
2,120,420,1.470361478039874381e+00,1.856877364956057708e+00,1.344678594425455564e+00,1.560101284797869248e+00,1.679027857501727006e-01,3.077679284177658126e+00,60,0.000000000000000000e+00,0,1610,50,652,0
2,120,421,1.440737845424010510e+00,1.856095383151846301e+00,1.343136318452391897e+00,1.562171468832387333e+00,1.521545371191570517e-01,3.084748381888858582e+00,30,0.000000000000000000e+00,0,1610,50,652,0
2,120,422,1.411275736927617652e+00,1.855108292873206111e+00,1.341813118869990884e+00,1.564680551867233316e+00,1.323123898084259675e-01,3.095267860940644322e+00,30,0.000000000000000000e+00,0,1610,50,652,0
