target_line,group_id,point_id,x,y,z,rx,ry,rz,speed,is_discontinuous,coordinate_frame,base_normal_error_mm,base_x_actual_mm,standoff_mm,base_height_mm,lift_mm
1,131,1,3.6129498455664377,-0.5284594953614208,0.6095307947848401,-1.5716465158404593,0.068222479201403452,3.1291216174271508,10,0.000000000000000000e+00,zone_bc_work_m_v1,0,-1610,1,652,0
1,131,2,3.583008336867067,-0.5284443879572511,0.609715434674763,-1.5714452511617416,0.069021725297320868,3.1321837200568137,30,0.000000000000000000e+00,zone_bc_work_m_v1,0,-1610,1,652,0
1,131,3,3.5530668302605837,-0.5284292932203497,0.6099002627487218,-1.5712390589542922,0.069819747669276122,3.1352465099210285,30,0.000000000000000000e+00,zone_bc_work_m_v1,0,-1610,1,652,0
1,131,4,3.5231253248843952,-0.5284142113756581,0.6100852790002594,-1.5710279459105854,0.070616512156562283,3.1383099808219788,30,0.000000000000000000e+00,zone_bc_work_m_v1,0,-1610,1,652,0
1,131,5,3.4931838198758665,-0.5283991426477355,0.6102704834173146,-1.5708119189885297,0.07141198464882037,3.1413741264915354,30,0.000000000000000000e+00,zone_bc_work_m_v1,0,-1610,1,652,0
1,131,6,3.463242314372362,-0.5283840872607476,0.6104558759822223,-1.5705909854113855,0.072206131088539127,-3.1387463665894773,30,0.000000000000000000e+00,zone_bc_work_m_v1,0,-1610,1,652,0
1,131,7,3.4340624382461056,-0.5283194380776131,0.6104665235675726,-1.5673407667663839,0.075539482336582253,-3.095835812600725,10,0.000000000000000000e+00,zone_bc_work_m_v1,0,-1610,1,652,0
1,131,8,3.405106256547947,-0.5281069358284676,0.6085356150196592,-1.5623487899615955,0.086428890539314018,-3.044039441447179,10,0.000000000000000000e+00,zone_bc_work_m_v1,0,-1610,1,652,0
1,131,9,3.161741529788981,-0.49700377148300273,0.5534246084314732,-1.5108680646884243,0.13244807530431513,-2.7151389912257584,10,1.000000000000000000e+00,zone_bc_work_m_v1,0,-1610,1,652,0
1,131,10,3.18824358026553,-0.4971290467794583,0.5645734968691863,-1.5220265737940326,0.12983277028307127,-2.7810771620589745,10,0.000000000000000000e+00,zone_bc_work_m_v1,0,-1610,1,652,0
1,131,11,3.416810412122784,-0.49852781897599735,0.6117838685922462,-1.5682850891192355,0.064575095579161523,-3.1026965182392678,10,1.000000000000000000e+00,zone_bc_work_m_v1,0,-1610,1,652,0
1,131,12,3.446176470085234,-0.49842054603483227,0.6127326402316855,-1.5701002218021665,0.070279217530267779,-3.1316799699958922,30,0.000000000000000000e+00,zone_bc_work_m_v1,0,-1610,1,652,0
1,131,13,3.4760320787981627,-0.49838648468546537,0.6127369142794608,-1.5706265084446085,0.072079713536889134,-3.1392346368072084,30,0.000000000000000000e+00,zone_bc_work_m_v1,0,-1610,1,652,0
1,131,14,3.505955187325086,-0.49840632688690034,0.6125512325324974,-1.5709155491507971,0.071032807552862121,3.1399128303273809,30,0.000000000000000000e+00,zone_bc_work_m_v1,0,-1610,1,652,0
1,131,15,3.5358782957068646,-0.49842619206268357,0.6123658774257071,-1.571196065887952,0.069983627728502418,3.1358761559322681,30,0.000000000000000000e+00,zone_bc_work_m_v1,0,-1610,1,652,0
1,131,16,3.5658014059166168,-0.498446079699506,0.6121808489913481,-1.5714680425200391,0.068932252040884157,3.1318406615836851,30,0.000000000000000000e+00,zone_bc_work_m_v1,0,-1610,1,652,0
1,131,17,3.5957245199273546,-0.4984659892828992,0.6119961472447888,-1.571731463710909,0.067878758620362634,3.127806361465669,30,0.000000000000000000e+00,zone_bc_work_m_v1,0,-1610,1,652,0
1,131,18,3.59390878353786,-0.46848933125351033,0.6140177808520735,-1.5721102029295619,0.06664094856900582,3.1218648535474496,10,0.000000000000000000e+00,zone_bc_work_m_v1,0,-1610,1,652,0
1,131,19,3.5640332644853028,-0.46846442357694323,0.6145506697662926,-1.5717110685581015,0.067961639659075423,3.1281234199493135,30,0.000000000000000000e+00,zone_bc_work_m_v1,0,-1610,1,652,0
1,131,20,3.5341456688220996,-0.46843525882655734,0.6147357383508953,-1.5713211577797406,0.069504428084937731,3.134035669787421,30,0.000000000000000000e+00,zone_bc_work_m_v1,0,-1610,1,652,0
1,131,21,3.504258079016137,-0.4684061418026206,0.6149215084091737,-1.5709128939270269,0.07104257787425583,3.1399504674197645,30,0.000000000000000000e+00,zone_bc_work_m_v1,0,-1610,1,652,0
1,131,22,3.474370488859027,-0.468377074121088,0.615107979851497,-1.5704863272104286,0.072575843563007503,-3.1373175394842638,30,0.000000000000000000e+00,zone_bc_work_m_v1,0,-1610,1,652,0
1,131,23,3.4447784019897183,-0.4685167985087605,0.6146121478708357,-1.5691345951743507,0.06518393963866731,-3.1160871394312482,30,0.000000000000000000e+00,zone_bc_work_m_v1,0,-1610,1,652,0
1,131,24,3.415075534680772,-0.4685294206621437,0.6137216228158765,-1.5683262573667545,0.064492143894131493,-3.1032844480523112,30,0.000000000000000000e+00,zone_bc_work_m_v1,0,-1610,1,652,0
1,131,25,3.185515371622061,-0.46722668025843095,0.5679641098545956,-1.5285866508784609,0.12664237021052571,-2.8188919228833251,10,1.000000000000000000e+00,zone_bc_work_m_v1,0,-1610,1,652,0
1,131,26,3.159443063488478,-0.4670284353053124,0.5571892159680869,-1.5125883848211223,0.13177571634135243,-2.7241557693354235,10,0.000000000000000000e+00,zone_bc_work_m_v1,0,-1610,1,652,0
1,131,27,3.1532553316800422,-0.46700377148300276,0.554422871963259,-1.5108680646884243,0.13244807530431513,-2.7151389912257584,30,0.000000000000000000e+00,zone_bc_work_m_v1,0,-1610,1,652,0
1,131,28,3.1460040909360236,-0.4375856981881399,0.5551811258741131,-1.5240672285626793,0.10447402367861014,-2.7200528279852074,10,0.000000000000000000e+00,zone_bc_work_m_v1,0,-1610,1,652,0
1,131,29,3.172609952602011,-0.43858241044529706,0.5655499952765425,-1.5499245740918566,0.058114437999664315,-2.7965651410212491,10,0.000000000000000000e+00,zone_bc_work_m_v1,0,-1610,1,652,0
1,131,30,3.40141659373174,-0.4386299722192388,0.6148049333810272,-1.5667409282849087,0.059098200269711132,-3.0730385586397935,10,1.000000000000000000e+00,zone_bc_work_m_v1,0,-1610,1,652,0
1,131,31,3.430784138205892,-0.4385429399340459,0.6160507900687054,-1.5684233086427095,0.063782285557693941,-3.1043795608407629,30,0.000000000000000000e+00,zone_bc_work_m_v1,0,-1610,1,652,0
1,131,32,3.4605339299070845,-0.4386156130154878,0.6169052467237472,-1.5693192916888166,0.059975948215338803,-3.1169557270711916,30,0.000000000000000000e+00,zone_bc_work_m_v1,0,-1610,1,652,0
1,131,33,3.4901205597977456,-0.4383829242456756,0.617370446672318,-1.5705737061979983,0.072267451636999436,-3.1385094704491978,30,0.000000000000000000e+00,zone_bc_work_m_v1,0,-1610,1,652,0
1,131,34,3.5199107981311504,-0.4384373517799229,0.6171828625843853,-1.5713497722778522,0.069393781329756932,3.1336109843087572,30,0.000000000000000000e+00,zone_bc_work_m_v1,0,-1610,1,652,0
1,131,35,3.5497339985287537,-0.43848056852328915,0.6168291241233917,-1.5719468951822255,0.067106262038275855,3.1244359846518943,30,0.000000000000000000e+00,zone_bc_work_m_v1,0,-1610,1,652,0
1,131,36,3.5796369822881617,-0.4384963087056463,0.6160682368407885,-1.5722384124803874,0.066270167500068977,3.1198194369889691,30,0.000000000000000000e+00,zone_bc_work_m_v1,0,-1610,1,652,0
1,131,37,3.609539973281415,-0.4385120745639945,0.6153077633473619,-1.572522156453475,0.065431523709011952,3.1152038055101219,30,0.000000000000000000e+00,zone_bc_work_m_v1,0,-1610,1,652,0
1,131,38,3.6088402925756426,-0.40871817316597453,0.617001940249209,-1.5720026120710775,0.0545740144762068,3.119481614513929,10,0.000000000000000000e+00,zone_bc_work_m_v1,0,-1610,1,652,0
1,131,39,3.5788849171007846,-0.40864751270442956,0.6177667267131287,-1.5719777870457465,0.058300281954742017,3.1213188514429246,30,0.000000000000000000e+00,zone_bc_work_m_v1,0,-1610,1,652,0
1,131,40,3.5489295427289456,-0.40857686881175437,0.6185318404702276,-1.5719392158071184,0.062026566975581954,3.1231571158851512,30,0.000000000000000000e+00,zone_bc_work_m_v1,0,-1610,1,652,0
1,131,41,3.5189741685555105,-0.4085062433156204,0.6192972814214761,-1.5718868823224081,0.065752786990899814,3.1249965208427826,30,0.000000000000000000e+00,zone_bc_work_m_v1,0,-1610,1,652,0
1,131,42,3.489817975523659,-0.40870309992155107,0.6194139193815956,-1.5692699170888078,0.055360843096313728,-3.1140135279120491,10,0.000000000000000000e+00,zone_bc_work_m_v1,0,-1610,1,652,0
1,131,43,3.460017327570246,-0.40878942387851736,0.618484525561805,-1.5689001740463189,0.050796728851709716,-3.104265651401815,30,0.000000000000000000e+00,zone_bc_work_m_v1,0,-1610,1,652,0
1,131,44,3.4302179293971315,-0.4088319604533462,0.6175441155536744,-1.568508337112525,0.048536684496812699,-3.0944695792594539,30,0.000000000000000000e+00,zone_bc_work_m_v1,0,-1610,1,652,0
1,131,45,3.400526051953598,-0.4087819757993332,0.6163972197530938,-1.5676775085362622,0.051129641080093435,-3.0806432121948126,30,0.000000000000000000e+00,zone_bc_work_m_v1,0,-1610,1,652,0
1,131,46,3.1715081868780386,-0.4081738285297791,0.5675348410604819,-1.5439219718887993,0.078861911107401372,-2.8127672367895022,10,1.000000000000000000e+00,zone_bc_work_m_v1,0,-1610,1,652,0
1,131,47,3.1437962056879343,-0.4085359105453001,0.557362284696703,-1.5485800716866009,0.060235374890636351,-2.7879976314427868,10,0.000000000000000000e+00,zone_bc_work_m_v1,0,-1610,1,652,0
1,131,48,3.1397236415082475,-0.4079401506313003,0.5557383793269358,-1.5331995857406124,0.087976891585963113,-2.737098016131859,10,0.000000000000000000e+00,zone_bc_work_m_v1,0,-1610,1,652,0
1,131,49,3.1339799503254575,-0.37831402476123216,0.5561303648051188,-1.5429952949587873,0.070638621672309387,-2.7662728070899485,10,0.000000000000000000e+00,zone_bc_work_m_v1,0,-1610,1,652,0
1,131,50,3.161526933590997,-0.37815771287442546,0.566695065507621,-1.5420252999968949,0.079097598025808624,-2.7923054714172126,10,0.000000000000000000e+00,zone_bc_work_m_v1,0,-1610,1,652,0
1,131,51,3.188900422278826,-0.37820549122063274,0.5769236984210194,-1.5460724929928888,0.077808075684102418,-2.8335780693120007,10,0.000000000000000000e+00,zone_bc_work_m_v1,0,-1610,1,652,0
1,131,52,3.4193597626902466,-0.37891116873861175,0.6185968242072287,-1.5690016236735689,0.044380918439471229,-3.1011627544451397,10,1.000000000000000000e+00,zone_bc_work_m_v1,0,-1610,1,652,0
1,131,53,3.449113234807458,-0.37898232766119033,0.6195335402453294,-1.5696491247212305,0.040652392280345007,-3.1133725681109281,30,0.000000000000000000e+00,zone_bc_work_m_v1,0,-1610,1,652,0
1,131,54,3.478886953497223,-0.37902893892544126,0.6203608990382472,-1.5701508622668336,0.038207983631342923,-3.1246967016719998,30,0.000000000000000000e+00,zone_bc_work_m_v1,0,-1610,1,652,0
1,131,55,3.5084653875608094,-0.37906370890447766,0.6206693387288409,-1.570970659296177,0.036381742386904836,3.1367998750954706,30,0.000000000000000000e+00,zone_bc_work_m_v1,0,-1610,1,652,0
1,131,56,3.5380839828024486,-0.3790717010411448,0.6200022386289935,-1.5716769693795256,0.035950465927751196,3.1170962717209689,30,0.000000000000000000e+00,zone_bc_work_m_v1,0,-1610,1,652,0
1,131,57,3.5679900016909523,-0.3790751740732619,0.6192285639257309,-1.5718307302785239,0.035763387155287818,3.1126710110653182,30,0.000000000000000000e+00,zone_bc_work_m_v1,0,-1610,1,652,0
1,131,58,3.597896029779109,-0.37907865991173106,0.6184552606825634,-1.5719828300736913,0.03557498249055957,3.1082457864815445,30,0.000000000000000000e+00,zone_bc_work_m_v1,0,-1610,1,652,0
1,131,59,3.5971444986723493,-0.3490749639516476,0.6196329330694211,-1.5718214907371677,0.035774723750182424,3.1129382784923618,10,0.000000000000000000e+00,zone_bc_work_m_v1,0,-1610,1,652,0
1,131,60,3.5672796645884763,-0.3490704748244344,0.6203840528727591,-1.5715897757072377,0.036017090406534447,3.1195616610525505,30,0.000000000000000000e+00,zone_bc_work_m_v1,0,-1610,1,652,0
1,131,61,3.5374808785727367,-0.34906643573536644,0.6210359761718582,-1.5712239339593499,0.03623602598249076,3.1297900093594651,30,0.000000000000000000e+00,zone_bc_work_m_v1,0,-1610,1,652,0
1,131,62,3.5076821172993506,-0.349062468064241,0.6216898815178331,-1.5708536790659835,0.036447465481105334,3.1400187465168194,30,0.000000000000000000e+00,zone_bc_work_m_v1,0,-1610,1,652,0
1,131,63,3.47788169650501,-0.3490483011055765,0.6215257536128955,-1.5704826079496814,0.037192323254156001,-3.1331558655434448,30,0.000000000000000000e+00,zone_bc_work_m_v1,0,-1610,1,652,0
1,131,64,3.4480799072446167,-0.3490257979388897,0.6206922172699533,-1.5700953327723932,0.038372469775510787,-3.1233220502454175,30,0.000000000000000000e+00,zone_bc_work_m_v1,0,-1610,1,652,0
1,131,65,3.418296319641306,-0.34899715569204187,0.619855426037505,-1.5696377084089772,0.039870688965762957,-3.1125337199154979,30,0.000000000000000000e+00,zone_bc_work_m_v1,0,-1610,1,652,0
1,131,66,3.187807713927831,-0.34820414629754,0.5794041467193934,-1.5459638860323595,0.07784810428178468,-2.8324577702251079,10,1.000000000000000000e+00,zone_bc_work_m_v1,0,-1610,1,652,0
1,131,67,3.160879005636359,-0.34821943694683444,0.5691548943006243,-1.5414248322307298,0.075388260349773084,-2.7696632395376843,10,0.000000000000000000e+00,zone_bc_work_m_v1,0,-1610,1,652,0
1,131,68,3.1338441594096933,-0.34818850849381827,0.55861023898747,-1.5369933530203062,0.075305254776480757,-2.7191753233681801,10,0.000000000000000000e+00,zone_bc_work_m_v1,0,-1610,1,652,0
1,131,69,3.1306553202872958,-0.34833557445085067,0.5571111067298775,-1.539199366409294,0.067773236031331008,-2.7049148583220273,30,0.000000000000000000e+00,zone_bc_work_m_v1,0,-1610,1,652,0
1,131,70,3.1270902692785314,-0.31862107010329577,0.5575988836071472,-1.5451667160609976,0.053931549120225464,-2.6976879918063239,10,0.000000000000000000e+00,zone_bc_work_m_v1,0,-1610,1,652,0
1,131,71,3.153137298136967,-0.31946210096664346,0.5698057611298092,-1.5651010864573136,0.014315519617520645,-2.7629370591126339,10,0.000000000000000000e+00,zone_bc_work_m_v1,0,-1610,1,652,0
1,131,72,3.1810911680865934,-0.3195015635109413,0.5793927253647854,-1.5661625682788869,0.012498251546155359,-2.7865401542290358,10,0.000000000000000000e+00,zone_bc_work_m_v1,0,-1610,1,652,0
1,131,73,3.4106212752013767,-0.31909492283396096,0.6208020007732347,-1.5695759169083683,0.034716846595548967,-3.1064468048184706,10,1.000000000000000000e+00,zone_bc_work_m_v1,0,-1610,1,652,0
1,131,74,3.440342575479693,-0.3190491786103259,0.6216661558706645,-1.5700117262882602,0.037139146363191378,-3.1204649657245249,30,0.000000000000000000e+00,zone_bc_work_m_v1,0,-1610,1,652,0
1,131,75,3.4701269053626755,-0.31905599957922515,0.6224995687649467,-1.5704147564013795,0.03678620753865447,-3.1312180372158744,30,0.000000000000000000e+00,zone_bc_work_m_v1,0,-1610,1,652,0
1,131,76,3.4999373756316565,-0.31906150952081613,0.6228623367274545,-1.5707625587916527,0.036497978198717362,-3.1406672463886225,30,0.000000000000000000e+00,zone_bc_work_m_v1,0,-1610,1,652,0
1,131,77,3.5298042090352317,-0.31906406600517706,0.6222074868255236,-1.5710041229397036,0.036362759204449757,3.1358769243898732,30,0.000000000000000000e+00,zone_bc_work_m_v1,0,-1610,1,652,0
1,131,78,3.5596710452449383,-0.3190666527515294,0.621553472498026,-1.5712438701241385,0.036224355066755143,3.1292358161136167,30,0.000000000000000000e+00,zone_bc_work_m_v1,0,-1610,1,652,0
1,131,79,3.5895378925788277,-0.31906926958953713,0.6209002936875169,-1.5714817529992486,0.036082793256689172,3.1225948841235494,30,0.000000000000000000e+00,zone_bc_work_m_v1,0,-1610,1,652,0
1,131,80,3.5870516399594448,-0.2890670915739029,0.6219575123987604,-1.5712840842231008,0.036200722966909904,3.1281168319790105,10,0.000000000000000000e+00,zone_bc_work_m_v1,0,-1610,1,652,0
1,131,81,3.5571520814471227,-0.28906516985105507,0.6226116132780428,-1.5711069982390833,0.03630388846377719,3.1330334569783544,30,0.000000000000000000e+00,zone_bc_work_m_v1,0,-1610,1,652,0
1,131,82,3.5272525264249186,-0.28906326467509463,0.6232661721294781,-1.5709289052288369,0.036405314565886915,3.1379501321680658,30,0.000000000000000000e+00,zone_bc_work_m_v1,0,-1610,1,652,0
1,131,83,3.49735297151746,-0.28906137611442423,0.6239211889565901,-1.57074982449164,0.036504990276462257,-3.1403185097632673,30,0.000000000000000000e+00,zone_bc_work_m_v1,0,-1610,1,652,0
1,131,84,3.4676320203844013,-0.2890527688805749,0.6236198104659422,-1.5702254181684889,0.036953930201429008,-3.1261411657891243,30,0.000000000000000000e+00,zone_bc_work_m_v1,0,-1610,1,652,0
1,131,85,3.4379408097289796,-0.28906486450064794,0.6227572772874623,-1.5696685302052171,0.036303792938378265,-3.1105302791577922,30,0.000000000000000000e+00,zone_bc_work_m_v1,0,-1610,1,652,0
1,131,86,3.4081338702904302,-0.28917278547229736,0.6216515555264528,-1.5695678446582026,0.030613424001721068,-3.1014790234167164,30,0.000000000000000000e+00,zone_bc_work_m_v1,0,-1610,1,652,0
1,131,87,3.1779215644125274,-0.2890835460612487,0.5795577420826641,-1.5598566595790047,0.033602120398291024,-2.8267828615765289,10,1.000000000000000000e+00,zone_bc_work_m_v1,0,-1610,1,652,0
1,131,88,3.1505864038500984,-0.2894169485990951,0.5687043549909452,-1.5647697971537591,0.016731333103835233,-2.7958464021552389,10,0.000000000000000000e+00,zone_bc_work_m_v1,0,-1610,1,652,0
1,131,89,3.1244442459806043,-0.2886283150795313,0.55832743934193,-1.5453604216663315,0.053600538501473505,-2.6982459649226715,10,0.000000000000000000e+00,zone_bc_work_m_v1,0,-1610,1,652,0
1,131,90,3.123752393449463,-0.28862107010329574,0.5579994833493965,-1.5451667160609976,0.053931549120225464,-2.6976879918063239,30,0.000000000000000000e+00,zone_bc_work_m_v1,0,-1610,1,652,0
1,131,91,3.1214073442924852,-0.25909373861691953,0.5584939584814174,-1.5551693575211565,0.031096005808084914,-2.6758182287658019,10,0.000000000000000000e+00,zone_bc_work_m_v1,0,-1610,1,652,0
1,131,92,3.147058164932725,-0.2588359715582147,0.5687801994371959,-1.5545730669168609,0.045579965123069499,-2.7995079828997493,10,0.000000000000000000e+00,zone_bc_work_m_v1,0,-1610,1,652,0
1,131,93,3.1744682708482896,-0.25896589692160293,0.5796448349440316,-1.5579393175364555,0.039495095376677725,-2.8267847935954715,10,0.000000000000000000e+00,zone_bc_work_m_v1,0,-1610,1,652,0
1,131,94,3.4046381597310167,-0.25923332693095485,0.6222601067831146,-1.5695438963875215,0.027421737839963267,-3.0959457313477565,10,1.000000000000000000e+00,zone_bc_work_m_v1,0,-1610,1,652,0
1,131,95,3.4344555748400953,-0.25922486484836627,0.6235478002615181,-1.5697507752748354,0.027876264486819124,-3.1040984883131628,30,0.000000000000000000e+00,zone_bc_work_m_v1,0,-1610,1,652,0
1,131,96,3.4643672943805996,-0.25914319922035534,0.6246561893074388,-1.5697039935098491,0.032177466241261499,-3.1076526690062591,30,0.000000000000000000e+00,zone_bc_work_m_v1,0,-1610,1,652,0
1,131,97,3.4937419613555005,-0.25906124669126135,0.6250024603803488,-1.5707374580871973,0.036511788733053718,-3.1399799761354692,30,0.000000000000000000e+00,zone_bc_work_m_v1,0,-1610,1,652,0
1,131,98,3.5236607475798496,-0.2590627436762369,0.6243473724884705,-1.5708797570426087,0.036432899569736943,3.1393021808917281,30,0.000000000000000000e+00,zone_bc_work_m_v1,0,-1610,1,652,0
1,131,99,3.5535795332915514,-0.25906425114420356,0.623692573218463,-1.5710214368730218,0.036352905396333624,3.135399014051417,30,0.000000000000000000e+00,zone_bc_work_m_v1,0,-1610,1,652,0
1,131,100,3.583498320179317,-0.25906576906116663,0.623038062574831,-1.5711624878955575,0.036271811666746645,3.1314958606106749,30,0.000000000000000000e+00,zone_bc_work_m_v1,0,-1610,1,652,0
1,131,101,3.613417109931859,-0.259067297392654,0.622383840548917,-1.5713029004848675,0.036189623935279913,3.1275927506501571,30,0.000000000000000000e+00,zone_bc_work_m_v1,0,-1610,1,652,0
1,131,102,3.609650902846059,-0.22960611053657515,0.6228503808033617,-1.5710885367728935,0.0078213031394012145,3.1042488616842681,10,0.000000000000000000e+00,zone_bc_work_m_v1,0,-1610,1,652,0
1,131,103,3.5797372452951675,-0.22960492548132216,0.6235149498042414,-1.5710580954255822,0.0078847890087192507,3.108405305558203,30,0.000000000000000000e+00,zone_bc_work_m_v1,0,-1610,1,652,0
1,131,104,3.5498235983119866,-0.2296037428507067,0.6241798469050639,-1.5710271277242107,0.0079480283343162927,3.1125617404897268,30,0.000000000000000000e+00,zone_bc_work_m_v1,0,-1610,1,652,0
1,131,105,3.519909959850692,-0.22960256267531698,0.6248450721609756,-1.5709956359761827,0.0080110162091766579,3.1167181306271488,30,0.000000000000000000e+00,zone_bc_work_m_v1,0,-1610,1,652,0
1,131,106,3.4901239645488666,-0.2296009514513888,0.6255001450772927,-1.5709096149149562,0.0080975067067177164,3.1276029192329662,30,0.000000000000000000e+00,zone_bc_work_m_v1,0,-1610,1,652,0
1,131,107,3.4609315147546886,-0.22948502749554975,0.6252195028952847,-1.5703969305447398,0.014194331087036494,-3.1134614006670169,10,0.000000000000000000e+00,zone_bc_work_m_v1,0,-1610,1,652,0
1,131,108,3.431117711965464,-0.22931918547776495,0.6241745016117232,-1.5699491576377005,0.022914355715966783,-3.1046351349714536,30,0.000000000000000000e+00,zone_bc_work_m_v1,0,-1610,1,652,0
1,131,109,3.4013100325242376,-0.2292587762432663,0.6229125832953235,-1.5696040801228388,0.026083170735151207,-3.0959098314114453,30,0.000000000000000000e+00,zone_bc_work_m_v1,0,-1610,1,652,0
1,131,110,3.1713192961812333,-0.22894404308338648,0.5798428177959265,-1.5573984325401375,0.040529362899115684,-2.8222294363513805,10,1.000000000000000000e+00,zone_bc_work_m_v1,0,-1610,1,652,0
1,131,111,3.1441381009620035,-0.22875340166142896,0.5690684152748646,-1.5522443270509019,0.049362044074922506,-2.7819182815896717,10,0.000000000000000000e+00,zone_bc_work_m_v1,0,-1610,1,652,0
1,131,112,3.1195308209384995,-0.2290937386169196,0.5587200974619956,-1.5551693575211565,0.031096005808084914,-2.6758182287658019,10,0.000000000000000000e+00,zone_bc_work_m_v1,0,-1610,1,652,0
1,131,113,3.117654297584514,-0.19909373861691956,0.5589462364425738,-1.5551693575211565,0.031096005808084914,-2.6758182287658019,10,0.000000000000000000e+00,zone_bc_work_m_v1,0,-1610,1,652,0
1,131,114,3.143589516554847,-0.19879946472954224,0.5707987314531342,-1.5516725479399009,0.046528810480964244,-2.7514618086141076,10,0.000000000000000000e+00,zone_bc_work_m_v1,0,-1610,1,652,0
1,131,115,3.17051335656947,-0.1989130081415867,0.5809665841609771,-1.5566127577641691,0.041990834660699861,-2.8157380341710212,10,0.000000000000000000e+00,zone_bc_work_m_v1,0,-1610,1,652,0
1,131,116,3.1984312354469497,-0.19891412735707725,0.5886947076266669,-1.5588147077169214,0.042609742485973268,-2.8673854259616087,10,0.000000000000000000e+00,zone_bc_work_m_v1,0,-1610,1,652,0
1,131,117,3.2269630933937754,-0.1988519732338068,0.5958508468311327,-1.5593390963235807,0.046135647505279431,-2.898085679304363,10,0.000000000000000000e+00,zone_bc_work_m_v1,0,-1610,1,652,0
1,131,118,3.2557544478964466,-0.1988689871615061,0.6034634605872223,-1.5600794904685387,0.045392469596305274,-2.9096599364772047,30,0.000000000000000000e+00,zone_bc_work_m_v1,0,-1610,1,652,0
1,131,119,3.313014212956556,-0.19930045482551162,0.6153229645595734,-1.5671587827686728,0.023637907900026178,-2.9888896989800209,10,0.000000000000000000e+00,zone_bc_work_m_v1,0,-1610,1,652,0
1,131,120,3.342434678082535,-0.19931111894142298,0.6192931917407329,-1.5676249562990234,0.023138390359106698,-3.0053679324438862,30,0.000000000000000000e+00,zone_bc_work_m_v1,0,-1610,1,652,0
1,131,121,3.3710269852723185,-0.19932517581968184,0.6222359422352199,-1.5692062720995883,0.022558686307652565,-3.0712177740177919,10,0.000000000000000000e+00,zone_bc_work_m_v1,0,-1610,1,652,0
1,131,122,3.400408000741006,-0.19930814055604978,0.6236551029302907,-1.5698017180990591,0.023490433385696896,-3.099273016772365,30,0.000000000000000000e+00,zone_bc_work_m_v1,0,-1610,1,652,0
1,131,123,3.4301286178219343,-0.19947446847705907,0.6247655461596224,-1.5703726803359888,0.01474966233391295,-3.1128770544760012,30,0.000000000000000000e+00,zone_bc_work_m_v1,0,-1610,1,652,0
1,131,124,3.4598982944161527,-0.1995830007643125,0.6254941316585242,-1.5706419956563855,0.0090417898890846615,-3.1245254291827629,30,0.000000000000000000e+00,zone_bc_work_m_v1,0,-1610,1,652,0
1,131,125,3.4894571005375283,-0.1996002751483905,0.6257419487751469,-1.5708435685546047,0.0081337580075500071,3.135784545040146,30,0.000000000000000000e+00,zone_bc_work_m_v1,0,-1610,1,652,0
1,131,126,3.519135551577752,-0.19960185834275287,0.6251198301838692,-1.5709765606660233,0.0080485487260932853,3.1192028158162208,30,0.000000000000000000e+00,zone_bc_work_m_v1,0,-1610,1,652,0
1,131,127,3.5490409213463496,-0.19960316058417577,0.6244546289850383,-1.5710116641360363,0.0079791200950483088,3.1146113111478835,30,0.000000000000000000e+00,zone_bc_work_m_v1,0,-1610,1,652,0
1,131,128,3.5789463002833775,-0.19960446584018943,0.6237898282767016,-1.5710461294977858,0.0079093816643842629,3.1100197302408175,30,0.000000000000000000e+00,zone_bc_work_m_v1,0,-1610,1,652,0
1,131,129,3.608851691147075,-0.19960577406963342,0.6231254279946231,-1.5710799536083806,0.0078393400340683872,3.105428121426991,30,0.000000000000000000e+00,zone_bc_work_m_v1,0,-1610,1,652,0
1,131,130,3.6035765970238915,-0.1696051400999154,0.6234998512226347,-1.5710636522052333,0.0078733000050832391,3.1076519274738095,10,0.000000000000000000e+00,zone_bc_work_m_v1,0,-1610,1,652,0
1,131,131,3.57368140919092,-0.16960368068434495,0.624164150036224,-1.5710254835625264,0.0079513492839409228,3.1127804654819684,30,0.000000000000000000e+00,zone_bc_work_m_v1,0,-1610,1,652,0
1,131,132,3.543786234168209,-0.1696022250091865,0.6248289484543612,-1.5709865172721216,0.0080290153495581329,3.1179089324208134,30,0.000000000000000000e+00,zone_bc_work_m_v1,0,-1610,1,652,0
1,131,133,3.5139695867825185,-0.16960098476698385,0.6254641481432157,-1.5709128274897664,0.0080957074334244705,3.1272030615919117,30,0.000000000000000000e+00,zone_bc_work_m_v1,0,-1610,1,652,0
1,131,134,3.4842173143587316,-0.16959993795723344,0.6260771732718661,-1.5708100355449541,0.0081516311605331904,3.1399109179115881,30,0.000000000000000000e+00,zone_bc_work_m_v1,0,-1610,1,652,0
1,131,135,3.4545077504140345,-0.16958682325090677,0.6256433163083966,-1.5706791375768421,0.0088411387028621835,-3.1283382656069025,30,0.000000000000000000e+00,zone_bc_work_m_v1,0,-1610,1,652,0
1,131,136,3.424725884869837,-0.16954635966969855,0.6249863965310453,-1.5705291469706784,0.010968428900704374,-3.117237993382401,30,0.000000000000000000e+00,zone_bc_work_m_v1,0,-1610,1,652,0
1,131,137,3.394838339776809,-0.1694567856794741,0.6241789069088578,-1.57033061375886,0.015679611961227025,-3.1118983436024852,30,0.000000000000000000e+00,zone_bc_work_m_v1,0,-1610,1,652,0
1,131,138,3.365931915034918,-0.1693553501921605,0.622458177014397,-1.5690385879371189,0.020952552350822273,-3.0578910524080212,10,0.000000000000000000e+00,zone_bc_work_m_v1,0,-1610,1,652,0
1,131,139,3.336879021553165,-0.1693200025248874,0.619252017473393,-1.5679668423021913,0.022711448656609123,-3.0176363458242093,10,0.000000000000000000e+00,zone_bc_work_m_v1,0,-1610,1,652,0
1,131,140,3.307831043876039,-0.16928296239938692,0.6151926398148226,-1.5668611200551785,0.024523362565348039,-2.9824649436604798,10,0.000000000000000000e+00,zone_bc_work_m_v1,0,-1610,1,652,0
1,131,141,3.2502352767513694,-0.16887493222840766,0.603920036540602,-1.5603325235567087,0.045129932820397123,-2.9136761791006567,10,0.000000000000000000e+00,zone_bc_work_m_v1,0,-1610,1,652,0
1,131,142,3.221377718352588,-0.16886316449788671,0.5962902374040433,-1.5598288257652393,0.0456481856313673,-2.9057124245993786,30,0.000000000000000000e+00,zone_bc_work_m_v1,0,-1610,1,652,0
1,131,143,3.192519882118743,-0.168851479017059,0.5886616086165656,-1.5593172271469866,0.046157049825573226,-2.8977476572353265,30,0.000000000000000000e+00,zone_bc_work_m_v1,0,-1610,1,652,0
1,131,144,3.166101831639659,-0.16876207463766282,0.5809096236490522,-1.5517811284316616,0.048695164304218608,-2.7691325640882392,10,0.000000000000000000e+00,zone_bc_work_m_v1,0,-1610,1,652,0
1,131,145,3.138691446525472,-0.16885611285963942,0.5707254915542108,-1.5518713307720911,0.043371102312309784,-2.7299888499774472,10,0.000000000000000000e+00,zone_bc_work_m_v1,0,-1610,1,652,0
1,131,146,3.115777774230528,-0.16909373861691954,0.5591723754231519,-1.5551693575211565,0.031096005808084914,-2.6758182287658019,10,0.000000000000000000e+00,zone_bc_work_m_v1,0,-1610,1,652,0
1,131,147,3.1139012508765425,-0.1390937386169195,0.5593985144037301,-1.5551693575211565,0.031096005808084914,-2.6758182287658019,10,0.000000000000000000e+00,zone_bc_work_m_v1,0,-1610,1,652,0
1,131,148,3.1396951387148135,-0.13938277281278216,0.572017449001072,-1.563206798796716,0.018052188895824495,-2.7435801698520264,10,0.000000000000000000e+00,zone_bc_work_m_v1,0,-1610,1,652,0
1,131,149,3.166691161773644,-0.13940974606760856,0.5818204527996758,-1.5648974156754349,0.017178129736447501,-2.8107940060041194,10,0.000000000000000000e+00,zone_bc_work_m_v1,0,-1610,1,652,0
1,131,150,3.1946773743720582,-0.13941923703608827,0.5898389099687642,-1.565825981425871,0.016949372061054735,-2.8563279635142185,10,0.000000000000000000e+00,zone_bc_work_m_v1,0,-1610,1,652,0
1,131,151,3.2232394681795857,-0.13942012474781543,0.5973586120961603,-1.5662541055645018,0.017020717732259882,-2.8807920540634964,10,0.000000000000000000e+00,zone_bc_work_m_v1,0,-1610,1,652,0
1,131,152,3.2516679461376152,-0.13941215685484953,0.6049226464343987,-1.5666817484795936,0.017560185740664425,-2.911419249623548,10,0.000000000000000000e+00,zone_bc_work_m_v1,0,-1610,1,652,0
1,131,153,3.280494946241043,-0.13948448687664175,0.6107665891398583,-1.5679798042296484,0.013946871625782231,-2.9423193129251892,10,0.000000000000000000e+00,zone_bc_work_m_v1,0,-1610,1,652,0
1,131,154,3.309164752898853,-0.13945829535531362,0.6161017237517006,-1.5683832161333244,0.015419392772846541,-2.9863470678831918,10,0.000000000000000000e+00,zone_bc_work_m_v1,0,-1610,1,652,0
1,131,155,3.338550309002656,-0.13946401964229413,0.6201121977135886,-1.5687022060832752,0.015161821811418452,-3.0043376046529104,30,0.000000000000000000e+00,zone_bc_work_m_v1,0,-1610,1,652,0
1,131,156,3.367248462829886,-0.13950266654075338,0.623109146263817,-1.5697716805332806,0.013231878713181544,-3.0643069128779219,10,0.000000000000000000e+00,zone_bc_work_m_v1,0,-1610,1,652,0
1,131,157,3.3961842517099816,-0.1395323625114787,0.6246200090377797,-1.5705000511377762,0.011704673346687455,-3.116284884230184,10,0.000000000000000000e+00,zone_bc_work_m_v1,0,-1610,1,652,0
1,131,158,3.4260794910724286,-0.139579858445953,0.625302757371069,-1.5706102970233502,0.009206619711094266,-3.1213890289223931,30,0.000000000000000000e+00,zone_bc_work_m_v1,0,-1610,1,652,0
1,131,159,3.455858829950677,-0.13959114885664825,0.6259359299499969,-1.5707192926819908,0.008613898744380899,-3.132649779478955,30,0.000000000000000000e+00,zone_bc_work_m_v1,0,-1610,1,652,0
1,131,160,3.4856470350883417,-0.1395999520975282,0.6262742753585913,-1.5708114499903645,0.0081508844071269682,3.139737229709795,30,0.000000000000000000e+00,zone_bc_work_m_v1,0,-1610,1,652,0
1,131,161,3.515463762490786,-0.13960071724529233,0.6256604650974067,-1.5708869230867577,0.0081101201821793811,3.1304222251619613,30,0.000000000000000000e+00,zone_bc_work_m_v1,0,-1610,1,652,0
1,131,162,3.545280508850361,-0.13960149568622013,0.6250483030871992,-1.5709616234691013,0.0080679611668723616,3.1211072617620528,30,0.000000000000000000e+00,zone_bc_work_m_v1,0,-1610,1,652,0
1,131,163,3.575156531347475,-0.13960306012636345,0.6243886928128529,-1.5710089817307025,0.0079844813320912866,3.1149651335803212,30,0.000000000000000000e+00,zone_bc_work_m_v1,0,-1610,1,652,0
1,131,164,3.6050388167906955,-0.13960471128801102,0.6237245937051946,-1.5710525303486575,0.0078962514197318256,3.1091574694261013,30,0.000000000000000000e+00,zone_bc_work_m_v1,0,-1610,1,652,0
1,131,165,3.599881297537279,-0.1096037296050034,0.6240963898482339,-1.5710267775416153,0.007948735952535424,3.1126083419347172,10,0.000000000000000000e+00,zone_bc_work_m_v1,0,-1610,1,652,0
1,131,166,3.5700158584417347,-0.10960183013496337,0.6247604888589121,-1.5709757923374983,0.0080500509320662328,3.1193023898084142,30,0.000000000000000000e+00,zone_bc_work_m_v1,0,-1610,1,652,0
1,131,167,3.5401602587222634,-0.10960103803738755,0.6253800484730977,-1.5709179563973428,0.0080928278890073369,3.126564313011102,30,0.000000000000000000e+00,zone_bc_work_m_v1,0,-1610,1,652,0
1,131,168,3.5103062340176123,-0.10960042866461123,0.6259934244103359,-1.5708587010962121,0.0081255757349967261,3.133916426738883,30,0.000000000000000000e+00,zone_bc_work_m_v1,0,-1610,1,652,0
1,131,169,3.4804522157408053,-0.10959982759626101,0.6266078271828445,-1.5707989712642736,0.0081574509241262305,3.1412684716071659,30,0.000000000000000000e+00,zone_bc_work_m_v1,0,-1610,1,652,0
1,131,170,3.450625070449439,-0.10959167260126067,0.6260881565165868,-1.5707240196165493,0.0085863722195240744,-3.1331715933464466,30,0.000000000000000000e+00,zone_bc_work_m_v1,0,-1610,1,652,0
1,131,171,3.4208006597700025,-0.10958275859803769,0.6254540166264317,-1.5706395901865511,0.0090544965396150978,-3.124283784181114,30,0.000000000000000000e+00,zone_bc_work_m_v1,0,-1610,1,652,0
1,131,172,3.391267480941678,-0.10958533220643589,0.6246523725415685,-1.57042825596728,0.008912797787838489,-3.1003186685138981,30,0.000000000000000000e+00,zone_bc_work_m_v1,0,-1610,1,652,0
1,131,173,3.3621844698490237,-0.10949264961570142,0.6231089459013668,-1.5696285569094983,0.013749246022144668,-3.0568599300785446,10,0.000000000000000000e+00,zone_bc_work_m_v1,0,-1610,1,652,0
1,131,174,3.3331488253267563,-0.10946928879280642,0.6198422636750819,-1.5689150956002815,0.014910188962023119,-3.0160802417861841,10,0.000000000000000000e+00,zone_bc_work_m_v1,0,-1610,1,652,0
1,131,175,3.3044017761311886,-0.10948757859461479,0.615760763144973,-1.56833150137622,0.013848032656202935,-2.965440465608479,10,0.000000000000000000e+00,zone_bc_work_m_v1,0,-1610,1,652,0
1,131,176,3.246624217332256,-0.10941172986075201,0.6041971591692926,-1.5666373473025395,0.017572822574285052,-2.9091847998426914,10,0.000000000000000000e+00,zone_bc_work_m_v1,0,-1610,1,652,0
1,131,177,3.2179165906606952,-0.10941644872827286,0.5965298881831064,-1.566433931213959,0.017267343367771248,-2.8941189419661892,30,0.000000000000000000e+00,zone_bc_work_m_v1,0,-1610,1,652,0
1,131,178,3.1893532161310536,-0.10941973668881172,0.5889275054992041,-1.5660794722519538,0.016994356842728875,-2.8708390927677594,30,0.000000000000000000e+00,zone_bc_work_m_v1,0,-1610,1,652,0
1,131,179,3.1616155573920364,-0.10941206440521825,0.5805881750482601,-1.5650579194277108,0.017103730516345061,-2.8178697958373964,10,0.000000000000000000e+00,zone_bc_work_m_v1,0,-1610,1,652,0
1,131,180,3.1350488138704904,-0.10938650876434125,0.570487248379434,-1.5631432904978941,0.017811503358514447,-2.7357484061804316,10,0.000000000000000000e+00,zone_bc_work_m_v1,0,-1610,1,652,0
1,131,181,3.11230012727394,-0.10948274797706685,0.5595636296071991,-1.5643919067418472,0.012808052138714165,-2.6779040301792199,10,0.000000000000000000e+00,zone_bc_work_m_v1,0,-1610,1,652,0
1,131,182,3.1115263231516157,-0.07948274797706682,0.5596570656179257,-1.5643919067418472,0.012808052138714165,-2.6779040301792199,10,0.000000000000000000e+00,zone_bc_work_m_v1,0,-1610,1,652,0
1,131,183,3.1379327246994833,-0.07959239903146104,0.5724920341857106,-1.5672327798833008,0.0077702799917078735,-2.7115943449526494,10,0.000000000000000000e+00,zone_bc_work_m_v1,0,-1610,1,652,0
1,131,184,3.1646760899976454,-0.07960223187905288,0.5822699061385143,-1.5680442206374896,0.0075446342995573179,-2.7918110691107016,10,0.000000000000000000e+00,zone_bc_work_m_v1,0,-1610,1,652,0
1,131,185,3.192042968216522,-0.0796055711942554,0.5901964564881828,-1.5686901787317851,0.0075675332769891135,-2.8701455073829809,10,0.000000000000000000e+00,zone_bc_work_m_v1,0,-1610,1,652,0
1,131,186,3.2207740256142294,-0.07965614114224903,0.597861329875895,-1.5694735212524467,0.0050222287393089093,-2.8840505663153566,30,0.000000000000000000e+00,zone_bc_work_m_v1,0,-1610,1,652,0
1,131,187,3.249146382152048,-0.07972412825312271,0.605324684042716,-1.5704395053004911,0.0015753157857427702,-2.918843321918446,10,0.000000000000000000e+00,zone_bc_work_m_v1,0,-1610,1,652,0
1,131,188,3.307101323600605,-0.07959264676702978,0.616642420116701,-1.5693286022135253,0.0084082660511892726,-2.9687744051525491,10,0.000000000000000000e+00,zone_bc_work_m_v1,0,-1610,1,652,0
1,131,189,3.3361702098836608,-0.07961074707818645,0.6206443910777037,-1.5697511157725481,0.007510343353072102,-3.0033099684717142,10,0.000000000000000000e+00,zone_bc_work_m_v1,0,-1610,1,652,0
1,131,190,3.3645941420308594,-0.07961571280432134,0.6236494056577103,-1.5703279557512184,0.0073063660149836895,-3.0775751609907518,10,0.000000000000000000e+00,zone_bc_work_m_v1,0,-1610,1,652,0
1,131,191,3.393672172569705,-0.07957926196592291,0.625141454185333,-1.5706041610766659,0.0092378955222429671,-3.1207934638324257,10,0.000000000000000000e+00,zone_bc_work_m_v1,0,-1610,1,652,0
1,131,192,3.4235259793737796,-0.07958661876131175,0.6257753896801623,-1.5706771899981822,0.008851876681336579,-3.1281343594528215,30,0.000000000000000000e+00,zone_bc_work_m_v1,0,-1610,1,652,0
1,131,193,3.4533797712801904,-0.07959398531437953,0.6264103515755916,-1.5707445438754819,0.0084647921100216017,-3.1354752095673319,30,0.000000000000000000e+00,zone_bc_work_m_v1,0,-1610,1,652,0
1,131,194,3.483238843036049,-0.07959987844771657,0.6267769340714784,-1.5708040748960057,0.0081547711905596287,3.1406425123200163,30,0.000000000000000000e+00,zone_bc_work_m_v1,0,-1610,1,652,0
1,131,195,3.5131171721320364,-0.07960037488789426,0.6261624333073781,-1.5708534096560351,0.0081284451465990504,3.1345700864959705,30,0.000000000000000000e+00,zone_bc_work_m_v1,0,-1610,1,652,0
1,131,196,3.5429955049262536,-0.07960087699628215,0.6255486330499527,-1.5709024215669678,0.0081015233019881006,3.1284976016372279,30,0.000000000000000000e+00,zone_bc_work_m_v1,0,-1610,1,652,0
1,131,197,3.5728738477989572,-0.07960138474513423,0.6249355332381183,-1.5709511025255183,0.0080740101216028037,3.1224251697718564,30,0.000000000000000000e+00,zone_bc_work_m_v1,0,-1610,1,652,0
1,131,198,3.602729396246004,-0.07960299645745761,0.6242903444360379,-1.5710072794464149,0.0079878787582732258,3.1151894142509269,30,0.000000000000000000e+00,zone_bc_work_m_v1,0,-1610,1,652,0
1,131,199,3.5982361789388047,-0.04960152250442248,0.6246419931366207,-1.570964160581803,0.0080664969527282082,3.1207891503334739,10,0.000000000000000000e+00,zone_bc_work_m_v1,0,-1610,1,652,0
1,131,200,3.568340731067313,-0.04960108838273997,0.6252551632740501,-1.5709227947882374,0.0080901035604621363,3.1259613242725255,30,0.000000000000000000e+00,zone_bc_work_m_v1,0,-1610,1,652,0
1,131,201,3.538445292440676,-0.04960065834458549,0.6258688415387743,-1.5708811864535108,0.0081132825431551314,3.131133570602223,30,0.000000000000000000e+00,zone_bc_work_m_v1,0,-1610,1,652,0
1,131,202,3.5085498591166133,-0.0496002324072941,0.6264830279920841,-1.5708393405627965,0.0081360311020317599,3.1363058200979492,30,0.000000000000000000e+00,zone_bc_work_m_v1,0,-1610,1,652,0
1,131,203,3.4786544271524216,-0.0495998105878718,0.627097722654491,-1.5707972621394077,0.0081583465073034045,3.1414780035339103,30,0.000000000000000000e+00,zone_bc_work_m_v1,0,-1610,1,652,0
1,131,204,3.448825547029431,-0.049612666559878824,0.6265760886031453,-1.5707324412301362,0.0074814229963726664,-3.1330535550707674,30,0.000000000000000000e+00,zone_bc_work_m_v1,0,-1610,1,652,0
1,131,205,3.4190033385272747,-0.049626865003405636,0.6259418275723144,-1.5706781966323726,0.006733354211585274,-3.1240502914796258,30,0.000000000000000000e+00,zone_bc_work_m_v1,0,-1610,1,652,0
1,131,206,3.3892991828777257,-0.04962687507295784,0.6252271911308915,-1.5705768888277774,0.0067302840320011548,-3.1089993907129498,30,0.000000000000000000e+00,zone_bc_work_m_v1,0,-1610,1,652,0
1,131,207,3.3603291905098924,-0.04962602066672389,0.6234987319573247,-1.5702443516325353,0.006756320460219456,-3.0600754675397281,10,0.000000000000000000e+00,zone_bc_work_m_v1,0,-1610,1,652,0
1,131,208,3.33136482733267,-0.049613465832618484,0.6202181026563088,-1.5698619193790952,0.0073807152364164796,-3.0156602359211462,10,0.000000000000000000e+00,zone_bc_work_m_v1,0,-1610,1,652,0
1,131,209,3.302649731097493,-0.04958771945344111,0.6160641655041842,-1.5692426870678724,0.0086564312677406274,-2.9640029832444603,10,0.000000000000000000e+00,zone_bc_work_m_v1,0,-1610,1,652,0
1,131,210,3.244846410464811,-0.04971902404376184,0.6040494454385268,-1.5703712084626513,0.0018352713794411724,-2.9139691175665403,10,0.000000000000000000e+00,zone_bc_work_m_v1,0,-1610,1,652,0
1,131,211,3.21613817074593,-0.049678245891032466,0.597072424659614,-1.5697934757398571,0.0039033249176620988,-2.8901089164590976,30,0.000000000000000000e+00,zone_bc_work_m_v1,0,-1610,1,652,0
1,131,212,3.187560966330364,-0.049597138874107195,0.589448577421748,-1.568552600700184,0.0079899103548553008,-2.8678205820832448,30,0.000000000000000000e+00,zone_bc_work_m_v1,0,-1610,1,652,0
1,131,213,3.1602584427631024,-0.04959935677184547,0.5809686024346414,-1.5680126029304384,0.0076941511298975751,-2.7944428207322805,10,0.000000000000000000e+00,zone_bc_work_m_v1,0,-1610,1,652,0
1,131,214,3.133642885377076,-0.04959640599327829,0.5708094781170285,-1.5673489177506372,0.0075914559349261612,-2.7153152156901204,10,0.000000000000000000e+00,zone_bc_work_m_v1,0,-1610,1,652,0
1,131,215,3.110584274411488,-0.049624123410608866,0.5595952418232971,-1.5678234554409842,0.0062031039523917642,-2.6946743378954494,30,0.000000000000000000e+00,zone_bc_work_m_v1,0,-1610,1,652,0
1,131,216,3.110661725202526,-0.019687356522727188,0.5598298178733716,-1.5691875647963334,0.0031652063527201069,-2.6713543081296471,10,0.000000000000000000e+00,zone_bc_work_m_v1,0,-1610,1,652,0
1,131,217,3.1365789938203834,-0.019609108338584192,0.5721893592204221,-1.5677873646414673,0.0070540405991139643,-2.7383984602932232,10,0.000000000000000000e+00,zone_bc_work_m_v1,0,-1610,1,652,0
1,131,218,3.1633190795689825,-0.01962646857259006,0.58228886901518,-1.5686133099262651,0.0063928069444225688,-2.8125253749302033,10,0.000000000000000000e+00,zone_bc_work_m_v1,0,-1610,1,652,0
1,131,219,3.19086680944815,-0.01961889295680886,0.5907767437261755,-1.5689034758597522,0.0068990310083292261,-2.8738147942324392,10,0.000000000000000000e+00,zone_bc_work_m_v1,0,-1610,1,652,0
1,131,220,3.2194306945815154,-0.019708688865017653,0.5978296930567076,-1.5702250946527512,0.0023596648111601226,-2.9040798537556585,10,0.000000000000000000e+00,zone_bc_work_m_v1,0,-1610,1,652,0
1,131,221,3.2483975072939355,-0.019722412963540895,0.6046136938753186,-1.5704168388313589,0.0016627447782788796,-2.9172060336604666,30,0.000000000000000000e+00,zone_bc_work_m_v1,0,-1610,1,652,0
1,131,222,3.2773635972886392,-0.0197361844924639,0.6114008973281327,-1.5705906845503406,0.00095887905199742995,-2.930331617898307,30,0.000000000000000000e+00,zone_bc_work_m_v1,0,-1610,1,652,0
1,131,223,3.305918191033335,-0.019769473656121046,0.6167707390145745,-1.5709205792952865,-0.00076130622636383372,-2.9798094463571445,10,0.000000000000000000e+00,zone_bc_work_m_v1,0,-1610,1,652,0
1,131,224,3.334867697645336,-0.019729923513898753,0.6209431667408365,-1.5706364820581236,0.0013004206559190656,-3.01928839551391,10,0.000000000000000000e+00,zone_bc_work_m_v1,0,-1610,1,652,0
1,131,225,3.363925993528464,-0.019821280123165804,0.6238686959757719,-1.5710784084309195,-0.0034866503900026213,-3.060864979583986,10,0.000000000000000000e+00,zone_bc_work_m_v1,0,-1610,1,652,0
1,131,226,3.393109729704206,-0.019610303075573373,0.6254499467628598,-1.5704822129291212,0.0075996044765829218,-3.1002828459369147,30,0.000000000000000000e+00,zone_bc_work_m_v1,0,-1610,1,652,0
1,131,227,3.4227057128023177,-0.01963183375024121,0.6262833810595438,-1.5706624028008114,0.0064714860859265144,-3.120900989532291,30,0.000000000000000000e+00,zone_bc_work_m_v1,0,-1610,1,652,0
1,131,228,3.4524792273487286,-0.01961359018713439,0.6269166225460133,-1.5707285017681598,0.0074327729964016598,-3.1324676918992513,30,0.000000000000000000e+00,zone_bc_work_m_v1,0,-1610,1,652,0
1,131,229,3.4822853004695635,-0.01959986078404087,0.6272495205325483,-1.5708023031741334,0.008155702379736729,3.140859860245568,30,0.000000000000000000e+00,zone_bc_work_m_v1,0,-1610,1,652,0
1,131,230,3.512193419055774,-0.01960022834105976,0.6266348163763937,-1.5708389379880134,0.008136247242719552,3.136355438886592,30,0.000000000000000000e+00,zone_bc_work_m_v1,0,-1610,1,652,0
1,131,231,3.542101538644694,-0.019600599021419817,0.6260204976739994,-1.5708753964727171,0.0081164635580195377,3.1318509669205818,30,0.000000000000000000e+00,zone_bc_work_m_v1,0,-1610,1,652,0
1,131,232,3.5720096618406227,-0.01960097281390419,0.6254065644138147,-1.570911675308325,0.0080963531253666066,3.1273464900733985,30,0.000000000000000000e+00,zone_bc_work_m_v1,0,-1610,1,652,0
1,131,233,3.6019177912476565,-0.019601349707106537,0.6247930165608294,-1.5709477711967703,0.0080759177842240071,3.1228420540706687,30,0.000000000000000000e+00,zone_bc_work_m_v1,0,-1610,1,652,0
1,131,234,3.388635768810848,0.010226540957458537,0.6254494924634074,-1.5708300184795245,-0.00098055780122097147,-3.1072464470852141,10,0.000000000000000000e+00,zone_bc_work_m_v1,0,-1610,1,652,0
1,131,235,3.359669720720858,0.010344736451081886,0.6233952269054923,-1.5703537288643195,0.0052209767120892092,-3.0570214535412128,10,0.000000000000000000e+00,zone_bc_work_m_v1,0,-1610,1,652,0
1,131,236,3.3307256094399738,0.010234951724561849,0.620458427236046,-1.5708672072727614,-0.00053377882130534182,-3.0095750173773927,10,0.000000000000000000e+00,zone_bc_work_m_v1,0,-1610,1,652,0
1,131,237,3.3016810132836394,0.01026046765923566,0.6160093587614089,-1.5706646453618798,0.00079362935750726393,-2.9771675282270693,30,0.000000000000000000e+00,zone_bc_work_m_v1,0,-1610,1,652,0
1,131,238,3.2732621165236058,0.010245933154196255,0.6103536426981361,-1.5707878199944476,3.8578881865092285e-05,-2.9245616005915558,10,0.000000000000000000e+00,zone_bc_work_m_v1,0,-1610,1,652,0
1,131,239,3.2442476440010415,0.010225442204616254,0.6035566443666978,-1.5710307174314724,-0.0010121810680110421,-2.9140337416314233,30,0.000000000000000000e+00,zone_bc_work_m_v1,0,-1610,1,652,0
1,131,240,3.2152326982157713,0.010205003684235488,0.5967617206274622,-1.5712950616406696,-0.002055025384168685,-2.9035052171202338,30,0.000000000000000000e+00,zone_bc_work_m_v1,0,-1610,1,652,0
1,131,241,3.186831235368887,0.010070773513853689,0.5898446348453434,-1.573318924532479,-0.0088261450003330744,-2.8632008047970596,10,0.000000000000000000e+00,zone_bc_work_m_v1,0,-1610,1,652,0
1,131,242,3.1592818570444288,0.010109608019074888,0.5809276974329054,-1.5731288730264357,-0.0067435566223612575,-2.8085787755080061,10,0.000000000000000000e+00,zone_bc_work_m_v1,0,-1610,1,652,0
1,131,243,3.1328567940001837,0.010077960497630701,0.5706914937658054,-1.5743851937036126,-0.0080363385771649032,-2.7215809547203778,10,0.000000000000000000e+00,zone_bc_work_m_v1,0,-1610,1,652,0
1,131,244,3.1106365085882395,0.01004400149197829,0.5597352708259953,-1.5755061895257292,-0.0094835586464905308,-2.6806321227068226,10,0.000000000000000000e+00,zone_bc_work_m_v1,0,-1610,1,652,0
1,131,245,3.1112110096691934,0.040044001491978315,0.5596658892793267,-1.5755061895257292,-0.0094835586464905308,-2.6806321227068226,10,0.000000000000000000e+00,zone_bc_work_m_v1,0,-1610,1,652,0
1,131,246,3.137243061161405,0.04008783797931404,0.5723806177944998,-1.5740773590864501,-0.0076037107191484488,-2.7342210944598806,10,0.000000000000000000e+00,zone_bc_work_m_v1,0,-1610,1,652,0
1,131,247,3.16402366111961,0.040108900755870355,0.5823881026031181,-1.5731436611584433,-0.0067778303446275334,-2.8081922857981763,10,0.000000000000000000e+00,zone_bc_work_m_v1,0,-1610,1,652,0
1,131,248,3.1915898459706313,0.040101294418361536,0.5906644603839982,-1.5728160969552545,-0.0072988304585308583,-2.871620634817488,10,0.000000000000000000e+00,zone_bc_work_m_v1,0,-1610,1,652,0
1,131,249,3.2201136261939505,0.04019453193217308,0.5981737224056436,-1.5714390404159158,-0.0025871882421895087,-2.8980997360413081,30,0.000000000000000000e+00,zone_bc_work_m_v1,0,-1610,1,652,0
1,131,250,3.2489968446860105,0.040228802712248275,0.604936747566998,-1.5709893638711718,-0.0008402067413335601,-2.9157621673165877,30,0.000000000000000000e+00,zone_bc_work_m_v1,0,-1610,1,652,0
1,131,251,3.277899720962515,0.04018850413254273,0.6114193617004837,-1.5714066882213769,-0.0029199690967851577,-2.9355292667948762,30,0.000000000000000000e+00,zone_bc_work_m_v1,0,-1610,1,652,0
1,131,252,3.306501791528242,0.04009360248491759,0.6168654179464792,-1.5720827475485042,-0.0078735863972878573,-2.9796375446412,10,0.000000000000000000e+00,zone_bc_work_m_v1,0,-1610,1,652,0
1,131,253,3.3357639391466476,0.04010124392681921,0.620896715153517,-1.5718361661197586,-0.0075040881021282146,-3.0038984552689905,30,0.000000000000000000e+00,zone_bc_work_m_v1,0,-1610,1,652,0
1,131,254,3.3645595235240364,0.04003600892903555,0.6238541450746531,-1.5717052085191487,-0.010971781025056471,-3.058941565524337,10,0.000000000000000000e+00,zone_bc_work_m_v1,0,-1610,1,652,0
1,131,255,3.36202351864208,0.07019909668430506,0.6233308547850673,-1.5710345971774284,-0.0024138427959781161,-3.043201310848854,10,0.000000000000000000e+00,zone_bc_work_m_v1,0,-1610,1,652,0
1,131,256,3.332645036486828,0.0701050055188818,0.6202404230144292,-1.5716945489546363,-0.0073229243968646607,-3.0195422483812653,30,0.000000000000000000e+00,zone_bc_work_m_v1,0,-1610,1,652,0
1,131,257,3.30430018117053,0.07004624603027307,0.6162005617540216,-1.5728139823653757,-0.010274302789539558,-2.947677816040124,10,0.000000000000000000e+00,zone_bc_work_m_v1,0,-1610,1,652,0
1,131,258,3.2750890903334007,0.07016416227393844,0.610621782036472,-1.5716578308359437,-0.0041763068965920969,-2.9381618155462745,30,0.000000000000000000e+00,zone_bc_work_m_v1,0,-1610,1,652,0
1,131,259,3.24624937780361,0.07021848277862648,0.6045608118547858,-1.5711182530713106,-0.0013678797886105265,-2.9104518903437597,30,0.000000000000000000e+00,zone_bc_work_m_v1,0,-1610,1,652,0
1,131,260,3.217683328659604,0.07014819711321026,0.597178492704428,-1.5720941803570183,-0.0049367702793536861,-2.8845134316978882,30,0.000000000000000000e+00,zone_bc_work_m_v1,0,-1610,1,652,0
1,131,261,3.1889867304065986,0.0700907910490589,0.5895231522333721,-1.572986195797502,-0.0078253281608724468,-2.8687258041701558,30,0.000000000000000000e+00,zone_bc_work_m_v1,0,-1610,1,652,0
1,131,262,3.1617040532483474,0.07009356318329794,0.581283956095702,-1.5735376116177213,-0.0074944456412431304,-2.7909297849611794,10,0.000000000000000000e+00,zone_bc_work_m_v1,0,-1610,1,652,0
1,131,263,3.135506614354854,0.07002571505420764,0.5713908514429825,-1.5758730171617579,-0.010375829730076447,-2.6865469469802177,10,0.000000000000000000e+00,zone_bc_work_m_v1,0,-1610,1,652,0
1,131,264,3.111785510750147,0.07004400149197834,0.5595965077326581,-1.5755061895257292,-0.0094835586464905308,-2.6806321227068226,30,0.000000000000000000e+00,zone_bc_work_m_v1,0,-1610,1,652,0
1,131,265,3.1123600118311003,0.10004400149197837,0.5595271261859895,-1.5755061895257292,-0.0094835586464905308,-2.6806321227068226,10,0.000000000000000000e+00,zone_bc_work_m_v1,0,-1610,1,652,0
1,131,266,3.1382593017317255,0.09988246346767331,0.5722428560640482,-1.5782413715084207,-0.017580319876404626,-2.7409787201331239,10,0.000000000000000000e+00,zone_bc_work_m_v1,0,-1610,1,652,0
1,131,267,3.1654825804054973,0.09989471312762101,0.5822153975999982,-1.5770813430118791,-0.017343216247105442,-2.7939022048010891,10,0.000000000000000000e+00,zone_bc_work_m_v1,0,-1610,1,652,0
1,131,268,3.192642596522577,0.09990954601347592,0.5899725075301456,-1.5752761415972552,-0.017088614755789155,-2.8851963229125177,10,0.000000000000000000e+00,zone_bc_work_m_v1,0,-1610,1,652,0
1,131,269,3.2213972209392088,0.09990517333331471,0.5976487694656458,-1.575116900240793,-0.017366855625984723,-2.8977467656340097,30,0.000000000000000000e+00,zone_bc_work_m_v1,0,-1610,1,652,0
1,131,270,3.250149308326889,0.09990300629453804,0.6052996093921914,-1.5749171218803273,-0.017532538211882942,-2.9107329630294432,30,0.000000000000000000e+00,zone_bc_work_m_v1,0,-1610,1,652,0
1,131,271,3.278938558132649,0.10004131352450303,0.6111484822202495,-1.5729076369896262,-0.010520396777763841,-2.943532454867225,30,0.000000000000000000e+00,zone_bc_work_m_v1,0,-1610,1,652,0
1,131,272,3.307768475380158,0.09995081758364423,0.6165032350354323,-1.5733927255676654,-0.015274428711237853,-2.9732118698304957,30,0.000000000000000000e+00,zone_bc_work_m_v1,0,-1610,1,652,0
1,131,273,3.3365907229362617,0.09996190421682391,0.620463250745388,-1.5725909880577902,-0.014801543295117403,-3.0209288852233724,10,0.000000000000000000e+00,zone_bc_work_m_v1,0,-1610,1,652,0
1,131,274,3.365615084265006,0.0999942121418736,0.6235304790256934,-1.5718275282701999,-0.013169042759022531,-3.0634448686099978,10,0.000000000000000000e+00,zone_bc_work_m_v1,0,-1610,1,652,0
1,131,275,3.3636933018766944,0.12998232113348684,0.6229584559861853,-1.5719785346611577,-0.013784654071583802,-3.0560366555541334,10,0.000000000000000000e+00,zone_bc_work_m_v1,0,-1610,1,652,0
1,131,276,3.3348308005297485,0.12995499839092367,0.619750358586323,-1.5728631230030421,-0.015132969813870467,-3.0058514277936057,10,0.000000000000000000e+00,zone_bc_work_m_v1,0,-1610,1,652,0
1,131,277,3.305846246924955,0.12995422945363522,0.6156412923581196,-1.5734437081970798,-0.015083369192868012,-2.9678389452831624,30,0.000000000000000000e+00,zone_bc_work_m_v1,0,-1610,1,652,0
1,131,278,3.2769268093376374,0.12987602261632894,0.6102576961786259,-1.5746562411436962,-0.019043494450621923,-2.9415997455003433,30,0.000000000000000000e+00,zone_bc_work_m_v1,0,-1610,1,652,0
1,131,279,3.2481997401757448,0.12990164331756704,0.6042098885825196,-1.574982146772701,-0.017590888223010248,-2.9079703282104026,30,0.000000000000000000e+00,zone_bc_work_m_v1,0,-1610,1,652,0
1,131,280,3.219628991148373,0.1299094539001029,0.5965782163018598,-1.5752728735087769,-0.017094483475110334,-2.8854594445353823,30,0.000000000000000000e+00,zone_bc_work_m_v1,0,-1610,1,652,0
1,131,281,3.1911261949967282,0.12991031802519457,0.5890598800278962,-1.5757284549862147,-0.016921282041966856,-2.8579603298727738,30,0.000000000000000000e+00,zone_bc_work_m_v1,0,-1610,1,652,0
1,131,282,3.163151703334606,0.1299021503796655,0.5807664882644371,-1.576570002847276,-0.017107366133676249,-2.8160818018813258,10,0.000000000000000000e+00,zone_bc_work_m_v1,0,-1610,1,652,0
1,131,283,3.1365003360296657,0.12988713801671448,0.5707086109015617,-1.57821122658738,-0.01732570524842969,-2.7371834902388943,10,0.000000000000000000e+00,zone_bc_work_m_v1,0,-1610,1,652,0
1,131,284,3.1129345129120543,0.1300440014919784,0.559457744639321,-1.5755061895257292,-0.0094835586464905308,-2.6806321227068226,10,0.000000000000000000e+00,zone_bc_work_m_v1,0,-1610,1,652,0
1,131,285,3.114768417981156,0.1595908928073055,0.5592326498923758,-1.5860838329262852,-0.030865746897654756,-2.6816257239986716,10,0.000000000000000000e+00,zone_bc_work_m_v1,0,-1610,1,652,0
1,131,286,3.140699527524735,0.1598633136640448,0.5720192735218006,-1.5786700484712215,-0.018493516226372853,-2.739054022435,10,0.000000000000000000e+00,zone_bc_work_m_v1,0,-1610,1,652,0
1,131,287,3.1672803676708945,0.15990691894718637,0.5816521443335219,-1.5762555635793889,-0.016946747694004172,-2.8299322139548977,10,0.000000000000000000e+00,zone_bc_work_m_v1,0,-1610,1,652,0
1,131,288,3.19569083923763,0.1599102956041352,0.5897683032333856,-1.5758182737117543,-0.016896076687946904,-2.8526678085280759,30,0.000000000000000000e+00,zone_bc_work_m_v1,0,-1610,1,652,0
1,131,289,3.2243868721996405,0.15991040554518743,0.5973230458311509,-1.5755257972771499,-0.016974251970690801,-2.8698440305310644,30,0.000000000000000000e+00,zone_bc_work_m_v1,0,-1610,1,652,0
1,131,290,3.252598435412373,0.15989840998728375,0.604756868710196,-1.5749276213935461,-0.017778555511400951,-2.913256747859716,10,0.000000000000000000e+00,zone_bc_work_m_v1,0,-1610,1,652,0
1,131,291,3.281427224447904,0.15984322645521676,0.6104849986608077,-1.5749237088852208,-0.020750727041739747,-2.9452372946395702,30,0.000000000000000000e+00,zone_bc_work_m_v1,0,-1610,1,652,0
1,131,292,3.310088942331694,0.15979570992484296,0.6158262984710079,-1.5743994887167603,-0.023382724867555993,-2.9886858342527169,10,0.000000000000000000e+00,zone_bc_work_m_v1,0,-1610,1,652,0
1,131,293,3.339128866326572,0.1598169346321011,0.6197875923586639,-1.5734166799041693,-0.022388476414221259,-3.0250725552706488,30,0.000000000000000000e+00,zone_bc_work_m_v1,0,-1610,1,652,0
1,131,294,3.3683606144932074,0.15974527701336624,0.6227793054158901,-1.5730169052951579,-0.026220012999740749,-3.0570942775757048,30,0.000000000000000000e+00,zone_bc_work_m_v1,0,-1610,1,652,0
1,131,295,3.368000198045399,0.1899271068541892,0.6220171652732659,-1.572411418625675,-0.016663527771429099,-3.0449661705752655,10,0.000000000000000000e+00,zone_bc_work_m_v1,0,-1610,1,652,0
1,131,296,3.3388661281924024,0.18980328547606648,0.619031827735749,-1.5738966474805294,-0.023052326813705504,-3.0078921424365159,30,0.000000000000000000e+00,zone_bc_work_m_v1,0,-1610,1,652,0
1,131,297,3.309597206178521,0.18976384837419225,0.6149887981035883,-1.574769772341422,-0.025022637411816984,-2.9840964957898786,30,0.000000000000000000e+00,zone_bc_work_m_v1,0,-1610,1,652,0
1,131,298,3.2810513661053924,0.18961812968836309,0.6096986766421209,-1.577563749058688,-0.032307850807280047,-2.9350732126512029,10,0.000000000000000000e+00,zone_bc_work_m_v1,0,-1610,1,652,0
1,131,299,3.2523076646812017,0.1893372364616436,0.603196219352665,-1.5818796064713059,-0.046503251501290865,-2.907533525629999,30,0.000000000000000000e+00,zone_bc_work_m_v1,0,-1610,1,652,0
1,131,300,3.2234420275138587,0.18934516602824616,0.5955651817342218,-1.5821292334027306,-0.046012887962641136,-2.9000088479269572,30,0.000000000000000000e+00,zone_bc_work_m_v1,0,-1610,1,652,0
1,131,301,3.1947632234018757,0.1893832997033664,0.5881140727810263,-1.582500691994819,-0.043843389138794153,-2.8806265912066893,30,0.000000000000000000e+00,zone_bc_work_m_v1,0,-1610,1,652,0
1,131,302,3.1674329130999257,0.18932653577680317,0.5801969897662356,-1.5868809603780853,-0.045617913280018074,-2.8024723412387775,10,0.000000000000000000e+00,zone_bc_work_m_v1,0,-1610,1,652,0
1,131,303,3.140315977043264,0.18928854306996926,0.5701849822181824,-1.5902528406571008,-0.046464269679023618,-2.7448618142240537,10,0.000000000000000000e+00,zone_bc_work_m_v1,0,-1610,1,652,0
1,131,304,3.116642032219973,0.18959089280730554,0.5590068379186012,-1.5860838329262852,-0.030865746897654756,-2.6816257239986716,10,0.000000000000000000e+00,zone_bc_work_m_v1,0,-1610,1,652,0
1,131,305,3.11851564645879,0.21959089280730557,0.5587810259448267,-1.5860838329262852,-0.030865746897654756,-2.6816257239986716,10,0.000000000000000000e+00,zone_bc_work_m_v1,0,-1610,1,652,0
1,131,306,3.144404138869091,0.21921642525988688,0.5696269274133898,-1.5899128075794686,-0.050689611429110881,-2.7807758266850446,10,0.000000000000000000e+00,zone_bc_work_m_v1,0,-1610,1,652,0
1,131,307,3.1715406244786606,0.21943492174825746,0.5803895679273893,-1.5841328759492495,-0.040521098265397626,-2.8235345282327531,30,0.000000000000000000e+00,zone_bc_work_m_v1,0,-1610,1,652,0
1,131,308,3.199768063638789,0.21943985421189485,0.5882806454305333,-1.5826998996379964,-0.040694075653990192,-2.8569310229313474,30,0.000000000000000000e+00,zone_bc_work_m_v1,0,-1610,1,652,0
1,131,309,3.2283810638060535,0.2193679876349256,0.5951589469895923,-1.5824216994813962,-0.044698492799751799,-2.8870535940998368,30,0.000000000000000000e+00,zone_bc_work_m_v1,0,-1610,1,652,0
1,131,310,3.2571325062454246,0.2193422375734756,0.6026059221501353,-1.5820380341909857,-0.046194064806308388,-2.902783327493057,30,0.000000000000000000e+00,zone_bc_work_m_v1,0,-1610,1,652,0
1,131,311,3.2858867783082943,0.21944802928073331,0.6096075895422082,-1.5798665848093376,-0.040976442127314217,-2.923687336235143,30,0.000000000000000000e+00,zone_bc_work_m_v1,0,-1610,1,652,0
1,131,312,3.314190632905497,0.2196112498806621,0.6149026865991593,-1.5760926254332528,-0.032948258359556171,-2.9821803389297132,10,0.000000000000000000e+00,zone_bc_work_m_v1,0,-1610,1,652,0
1,131,313,3.3434551216569037,0.21963863628061886,0.618858999429695,-1.5750829000609123,-0.031639956882193898,-3.0069097836631586,30,0.000000000000000000e+00,zone_bc_work_m_v1,0,-1610,1,652,0
1,131,314,3.372131860740775,0.21971502769166984,0.62180835888451,-1.5728384489824272,-0.027831709705835372,-3.0683404413279938,10,0.000000000000000000e+00,zone_bc_work_m_v1,0,-1610,1,652,0
1,131,315,3.373700430249197,0.249705460165017,0.6210870631366068,-1.5730471277751128,-0.028320986657648817,-3.0622739901708522,10,0.000000000000000000e+00,zone_bc_work_m_v1,0,-1610,1,652,0
1,131,316,3.3446433858276747,0.24965414904436162,0.6180444406729159,-1.5745297090480994,-0.030887305795709086,-3.0212855960660212,30,0.000000000000000000e+00,zone_bc_work_m_v1,0,-1610,1,652,0
1,131,317,3.3158346346003285,0.2495848780419117,0.6141340397723187,-1.5766456833674791,-0.034264366970130355,-2.9724757128680954,10,0.000000000000000000e+00,zone_bc_work_m_v1,0,-1610,1,652,0
1,131,318,3.2876742546107556,0.24933559993757864,0.6088166500302086,-1.5818270260204503,-0.046604363666020499,-2.9090912756628304,10,0.000000000000000000e+00,zone_bc_work_m_v1,0,-1610,1,652,0
1,131,319,3.2590210752273805,0.2493685724989212,0.6014882837520404,-1.5824249139865414,-0.044665814748576782,-2.8868080082371206,30,0.000000000000000000e+00,zone_bc_work_m_v1,0,-1610,1,652,0
1,131,320,3.2302100096608686,0.24941457654060475,0.5945544964636712,-1.5826287952296223,-0.042099785986527527,-2.8675143078477365,30,0.000000000000000000e+00,zone_bc_work_m_v1,0,-1610,1,652,0
1,131,321,3.2013970408951242,0.24946066809225312,0.5876276333349288,-1.5827368236720192,-0.039539247095672136,-2.8482249756984865,30,0.000000000000000000e+00,zone_bc_work_m_v1,0,-1610,1,652,0
1,131,322,3.173004194695693,0.24945050393539125,0.5795230354050152,-1.5837569235728506,-0.039780385841349242,-2.8265398173448339,30,0.000000000000000000e+00,zone_bc_work_m_v1,0,-1610,1,652,0
1,131,323,3.145597059445732,0.24930972749731864,0.568654685442776,-1.5873280585396341,-0.046399276323777494,-2.7991804637174154,30,0.000000000000000000e+00,zone_bc_work_m_v1,0,-1610,1,652,0
1,131,324,3.1203892606976065,0.2495908928073056,0.5585552139710522,-1.5860838329262852,-0.030865746897654756,-2.6816257239986716,10,0.000000000000000000e+00,zone_bc_work_m_v1,0,-1610,1,652,0
1,131,325,3.1235175577184147,0.2789368067239883,0.558238429136973,-1.6015902359494896,-0.061663693594922631,-2.678057536394562,10,0.000000000000000000e+00,zone_bc_work_m_v1,0,-1610,1,652,0
1,131,326,3.1492191701673087,0.27981116791441524,0.5686183776665441,-1.5785141156681961,-0.021501922096200943,-2.7969495339618256,10,0.000000000000000000e+00,zone_bc_work_m_v1,0,-1610,1,652,0
1,131,327,3.1765715977475173,0.2795594272779484,0.5794820190515111,-1.5819692337287758,-0.034328432911452156,-2.8268648176459283,30,0.000000000000000000e+00,zone_bc_work_m_v1,0,-1610,1,652,0
1,131,328,3.2050344328319733,0.27956077725017753,0.5874477492592801,-1.5812474196936717,-0.034480659115482037,-2.8472289962098505,30,0.000000000000000000e+00,zone_bc_work_m_v1,0,-1610,1,652,0
1,131,329,3.2338926118707523,0.2796532577275402,0.5943817516028623,-1.5793283059983581,-0.029968468973868401,-2.8641865220741294,30,0.000000000000000000e+00,zone_bc_work_m_v1,0,-1610,1,652,0
1,131,330,3.2627493140419705,0.2797463755701241,0.6013214234890013,-1.5775574609913849,-0.025370755164229486,-2.8811217147347463,30,0.000000000000000000e+00,zone_bc_work_m_v1,0,-1610,1,652,0
1,131,331,3.291604635374889,0.27984010180161556,0.6082667922368689,-1.5759377997604829,-0.020692558768943936,-2.8980360680821318,30,0.000000000000000000e+00,zone_bc_work_m_v1,0,-1610,1,652,0
1,131,332,3.3192673291070234,0.27942547333603174,0.613562243314805,-1.5775245107104605,-0.042628605193394842,-2.9850024208855639,10,0.000000000000000000e+00,zone_bc_work_m_v1,0,-1610,1,652,0
1,131,333,3.3482798966885987,0.2794832930420808,0.6174439302966891,-1.5755227144614281,-0.039830909673994386,-3.0234518110706876,30,0.000000000000000000e+00,zone_bc_work_m_v1,0,-1610,1,652,0
1,131,334,3.377376050736984,0.27954655368688075,0.6204221749790497,-1.5736922263714721,-0.036664093859376967,-3.062753861947856,30,0.000000000000000000e+00,zone_bc_work_m_v1,0,-1610,1,652,0
1,131,335,3.381953343264176,0.30955424579541146,0.6196635352558654,-1.5734137280069547,-0.036278857335599879,-3.0695547939791501,10,0.000000000000000000e+00,zone_bc_work_m_v1,0,-1610,1,652,0
1,131,336,3.3531102222403706,0.30947226066687655,0.6168269086588695,-1.575882877505379,-0.040372331902587488,-3.0162272512620176,10,0.000000000000000000e+00,zone_bc_work_m_v1,0,-1610,1,652,0
1,131,337,3.3239357491696904,0.3094273014334552,0.612945801189798,-1.5774569651791701,-0.042541728556015901,-2.9862379418817433,30,0.000000000000000000e+00,zone_bc_work_m_v1,0,-1610,1,652,0
1,131,338,3.2953290097057937,0.3094435493895197,0.607904671466151,-1.5791683580975215,-0.041365508264535888,-2.941838539963026,30,0.000000000000000000e+00,zone_bc_work_m_v1,0,-1610,1,652,0
1,131,339,3.266455599162514,0.30973783356672296,0.6016695167511755,-1.5767107548396633,-0.026042746599045818,-2.9182489772024454,30,0.000000000000000000e+00,zone_bc_work_m_v1,0,-1610,1,652,0
1,131,340,3.2375816066204184,0.30980890562677504,0.5943848616565202,-1.5761424015027392,-0.022333109092140813,-2.9066140660239945,30,0.000000000000000000e+00,zone_bc_work_m_v1,0,-1610,1,652,0
1,131,341,3.208993124491922,0.3097269195298105,0.5873174930993722,-1.5779141132298835,-0.026335683215180206,-2.8775943478648816,30,0.000000000000000000e+00,zone_bc_work_m_v1,0,-1610,1,652,0
1,131,342,3.1811876638233625,0.3096482584302633,0.5798447845900032,-1.5808356816628057,-0.029775789478120984,-2.8163426351878496,10,0.000000000000000000e+00,zone_bc_work_m_v1,0,-1610,1,652,0
1,131,343,3.1540442891172127,0.30972087838193935,0.5700897652238902,-1.5811808407771606,-0.025570692935746875,-2.7557796359657001,10,0.000000000000000000e+00,zone_bc_work_m_v1,0,-1610,1,652,0
1,131,344,3.128091669821948,0.3089663515162564,0.5582032757832281,-1.6007260861137795,-0.060352077597375597,-2.6808543083490011,30,0.000000000000000000e+00,zone_bc_work_m_v1,0,-1610,1,652,0
1,131,345,3.1272591048277802,0.3089368067239883,0.557790271121742,-1.6015902359494896,-0.061663693594922631,-2.678057536394562,30,0.000000000000000000e+00,zone_bc_work_m_v1,0,-1610,1,652,0
1,131,346,3.131000651937146,0.33893680672398835,0.557342113106511,-1.6015902359494896,-0.061663693594922631,-2.678057536394562,10,0.000000000000000000e+00,zone_bc_work_m_v1,0,-1610,1,652,0
1,131,347,3.156879413122868,0.3384852308309625,0.5692219435832973,-1.6056792380194118,-0.085970769340910413,-2.7555655618310491,10,0.000000000000000000e+00,zone_bc_work_m_v1,0,-1610,1,652,0
1,131,348,3.183934716236878,0.33855565532381926,0.5788686769597255,-1.5986303996104692,-0.084588718207770475,-2.8232692906570129,10,0.000000000000000000e+00,zone_bc_work_m_v1,0,-1610,1,652,0
1,131,349,3.211493957906873,0.33865097182199466,0.5862395860324683,-1.5909324526280015,-0.081561066555241535,-2.8992591339357636,10,0.000000000000000000e+00,zone_bc_work_m_v1,0,-1610,1,652,0
1,131,350,3.240409018743014,0.33868064077517585,0.5936169502922234,-1.5898826556921732,-0.080202611947321811,-2.9076929373966647,30,0.000000000000000000e+00,zone_bc_work_m_v1,0,-1610,1,652,0
1,131,351,3.269323776631602,0.3387104874034637,0.6009956415032545,-1.588855445319497,-0.078823406099153726,-2.9161218088803369,30,0.000000000000000000e+00,zone_bc_work_m_v1,0,-1610,1,652,0
1,131,352,3.29811456349777,0.3391812989181764,0.6069614518572952,-1.5815815655634879,-0.054976286893237303,-2.9477704954662651,30,0.000000000000000000e+00,zone_bc_work_m_v1,0,-1610,1,652,0
1,131,353,3.326721945695799,0.3392320582103292,0.6119294511922363,-1.578532591463385,-0.052784238922346738,-2.9959953507345833,30,0.000000000000000000e+00,zone_bc_work_m_v1,0,-1610,1,652,0
1,131,354,3.3558471425132095,0.33929958758458517,0.6158091161966014,-1.5764074823199217,-0.049471786238325155,-3.0286071081577761,30,0.000000000000000000e+00,zone_bc_work_m_v1,0,-1610,1,652,0
1,131,355,3.3851019495062857,0.3392742058030285,0.61866704111765,-1.5749498501673984,-0.050957459642357428,-3.0602273061583118,30,0.000000000000000000e+00,zone_bc_work_m_v1,0,-1610,1,652,0
1,131,356,3.3629526278471564,0.3692904472134564,0.6151705411786993,-1.5766712630570785,-0.049926213340641734,-3.0244093677740205,10,0.000000000000000000e+00,zone_bc_work_m_v1,0,-1610,1,652,0
1,131,357,3.333743517353982,0.36923236999981207,0.6112954351100091,-1.5785216407036027,-0.05276923266262723,-2.9961578308992767,30,0.000000000000000000e+00,zone_bc_work_m_v1,0,-1610,1,652,0
1,131,358,3.3052978232078143,0.3689286434877792,0.6064413138850152,-1.5849296107095519,-0.067893867953818798,-2.9361897284990723,30,0.000000000000000000e+00,zone_bc_work_m_v1,0,-1610,1,652,0
1,131,359,3.276562417511238,0.3686860489748895,0.5998399564881332,-1.5896943840141891,-0.079953624138521473,-2.9092243236853772,30,0.000000000000000000e+00,zone_bc_work_m_v1,0,-1610,1,652,0
1,131,360,3.2477896535993094,0.3686587492669052,0.5926593277544352,-1.5915047892273253,-0.080993970210873734,-2.8909792549803011,30,0.000000000000000000e+00,zone_bc_work_m_v1,0,-1610,1,652,0
1,131,361,3.2190651764724327,0.3686854282315475,0.5858376150870951,-1.5931562588747989,-0.0790912183026653,-2.8657553261809032,30,0.000000000000000000e+00,zone_bc_work_m_v1,0,-1610,1,652,0
1,131,362,3.1905361239263086,0.3686701784499179,0.5784496733274767,-1.5954731693787005,-0.079244553653466054,-2.83935423392131,30,0.000000000000000000e+00,zone_bc_work_m_v1,0,-1610,1,652,0
1,131,363,3.1630157809774153,0.36843961184839896,0.5681321936226347,-1.6020300083412156,-0.089917250827507011,-2.8067524622989639,30,0.000000000000000000e+00,zone_bc_work_m_v1,0,-1610,1,652,0
1,131,364,3.1369893182209307,0.36880680880582006,0.5580296762588925,-1.6032398826476566,-0.068491764971297497,-2.6987789174104755,10,0.000000000000000000e+00,zone_bc_work_m_v1,0,-1610,1,652,0
1,131,365,3.1347421990465114,0.3689368067239884,0.55689395509128,-1.6015902359494896,-0.061663693594922631,-2.678057536394562,30,0.000000000000000000e+00,zone_bc_work_m_v1,0,-1610,1,652,0
1,131,366,3.1383707134877485,0.39832469292680556,0.5560226454567349,-1.6117088258304626,-0.092643337884481314,-2.7249997106328294,10,0.000000000000000000e+00,zone_bc_work_m_v1,0,-1610,1,652,0
1,131,367,3.1648212229842256,0.3988959894442946,0.5658775711685865,-1.5932913373827278,-0.067421681017541202,-2.8192820007297676,30,0.000000000000000000e+00,zone_bc_work_m_v1,0,-1610,1,652,0
1,131,368,3.192548069031695,0.3987486090686511,0.5762985358860341,-1.5942528753584571,-0.07528577584386964,-2.8392376090790075,30,0.000000000000000000e+00,zone_bc_work_m_v1,0,-1610,1,652,0
1,131,369,3.2211342317469636,0.3986962289329567,0.5841319289730506,-1.5937832387470261,-0.078317309302952998,-2.8557765195574003,30,0.000000000000000000e+00,zone_bc_work_m_v1,0,-1610,1,652,0
1,131,370,3.2500418064473324,0.39867976511929687,0.5909974586217968,-1.5928181344329468,-0.079496252710087312,-2.8710394957427479,30,0.000000000000000000e+00,zone_bc_work_m_v1,0,-1610,1,652,0
1,131,371,3.27894821338491,0.39866362276043166,0.5978672148399573,-1.591817750161904,-0.080647483390738461,-2.886307470031829,30,0.000000000000000000e+00,zone_bc_work_m_v1,0,-1610,1,652,0
1,131,372,3.3076860928260117,0.3986878894639985,0.6047795669682222,-1.5896305290241155,-0.079868795751155242,-2.9097450621083896,30,0.000000000000000000e+00,zone_bc_work_m_v1,0,-1610,1,652,0
1,131,373,3.3355852613670804,0.39897512101817845,0.6097921968504337,-1.5806039984226277,-0.066173417072754148,-2.9943416075896025,10,0.000000000000000000e+00,zone_bc_work_m_v1,0,-1610,1,652,0
1,131,374,3.3646629101190735,0.3990763458237934,0.6136567568673651,-1.5776704706662072,-0.061172043336032766,-3.0296171828472009,30,0.000000000000000000e+00,zone_bc_work_m_v1,0,-1610,1,652,0
1,131,375,3.375830367974015,0.42909065122212725,0.6131801348661983,-1.5772939614517245,-0.060454506781006279,-3.0344576893231441,10,0.000000000000000000e+00,zone_bc_work_m_v1,0,-1610,1,652,0
1,131,376,3.34681490217263,0.42897932537820127,0.6093247091161318,-1.5804714131590614,-0.065968759612304639,-2.9958605253827844,30,0.000000000000000000e+00,zone_bc_work_m_v1,0,-1610,1,652,0
1,131,377,3.3179323264924667,0.4289448231240352,0.6046251547012218,-1.583343059987806,-0.067336309893768487,-2.9572301925577653,30,0.000000000000000000e+00,zone_bc_work_m_v1,0,-1610,1,652,0
1,131,378,3.2894727282897316,0.4289570918551884,0.5982286736253365,-1.5861110815927955,-0.066097794510425523,-2.9137343779536975,30,0.000000000000000000e+00,zone_bc_work_m_v1,0,-1610,1,652,0
1,131,379,3.2607043267969975,0.42894148637626023,0.5912973006423594,-1.5877365004051709,-0.066550436202003738,-2.892140198849793,30,0.000000000000000000e+00,zone_bc_work_m_v1,0,-1610,1,652,0
1,131,380,3.2319626582520216,0.42882004095513493,0.5844817008056152,-1.5910925770562114,-0.072287486796370981,-2.8676063337218958,30,0.000000000000000000e+00,zone_bc_work_m_v1,0,-1610,1,652,0
1,131,381,3.203309317614726,0.4287273443692103,0.5774382727089472,-1.5943666324732679,-0.07642612882213129,-2.8421150151080554,30,0.000000000000000000e+00,zone_bc_work_m_v1,0,-1610,1,652,0
1,131,382,3.175899327767061,0.42899481508155096,0.5671542906743179,-1.5925897607751125,-0.062150819549130265,-2.8040847432092271,30,0.000000000000000000e+00,zone_bc_work_m_v1,0,-1610,1,652,0
1,131,383,3.1488479350418968,0.4285011265122129,0.5572887499606358,-1.6065603449728247,-0.084697202050336706,-2.7414656025046442,30,0.000000000000000000e+00,zone_bc_work_m_v1,0,-1610,1,652,0
1,131,384,3.1443281301013553,0.4283246929268056,0.5553150177549129,-1.6117088258304626,-0.092643337884481314,-2.7249997106328294,30,0.000000000000000000e+00,zone_bc_work_m_v1,0,-1610,1,652,0
1,131,385,3.150874654204355,0.4575307527904996,0.5547184143907855,-1.6301703388755273,-0.13055843819030755,-2.7132630470884873,10,0.000000000000000000e+00,zone_bc_work_m_v1,0,-1610,1,652,0
1,131,386,3.177258366335857,0.45889687328358986,0.5663268349310518,-1.5960327372493126,-0.066395592790323477,-2.7780508854880503,10,0.000000000000000000e+00,zone_bc_work_m_v1,0,-1610,1,652,0
1,131,387,3.205363547409531,0.4589905763782746,0.5753926508434155,-1.5927331398342459,-0.06233750057883114,-2.8029695278282571,30,0.000000000000000000e+00,zone_bc_work_m_v1,0,-1610,1,652,0
1,131,388,3.232429098645984,0.45898213005723815,0.5824609997433353,-1.5861316188061068,-0.064736391139741611,-2.9088176615365491,10,0.000000000000000000e+00,zone_bc_work_m_v1,0,-1610,1,652,0
1,131,389,3.2614298917403635,0.45894298453655485,0.5895473414803648,-1.5860937207721681,-0.06686550889881282,-2.9165056107093861,30,0.000000000000000000e+00,zone_bc_work_m_v1,0,-1610,1,652,0
1,131,390,3.290430434701445,0.45890385668770795,0.5966348619991999,-1.5860236714345639,-0.068997149285316972,-2.9241959311981516,30,0.000000000000000000e+00,zone_bc_work_m_v1,0,-1610,1,652,0
1,131,391,3.3194785178166457,0.4587197779949779,0.6024214642331994,-1.586549331553573,-0.078815266224626646,-2.9441046555616364,30,0.000000000000000000e+00,zone_bc_work_m_v1,0,-1610,1,652,0
1,131,392,3.348116997024379,0.45865212306379377,0.6072952896723887,-1.5832803588896562,-0.083012447785273391,-2.9921471005912528,30,0.000000000000000000e+00,zone_bc_work_m_v1,0,-1610,1,652,0
1,131,393,3.377288669513557,0.4587713656578084,0.6111907066977668,-1.5800220117816133,-0.077098380393327171,-3.0223774241595009,30,0.000000000000000000e+00,zone_bc_work_m_v1,0,-1610,1,652,0
1,131,394,3.362811511998152,0.48873260079052316,0.6068000077667998,-1.5810348710899178,-0.079034851643269732,-3.0126282398673649,10,0.000000000000000000e+00,zone_bc_work_m_v1,0,-1610,1,652,0
1,131,395,3.3343634740459946,0.48838327239659896,0.6021574272387523,-1.5893987574363608,-0.096379422024905015,-2.950614930583753,30,0.000000000000000000e+00,zone_bc_work_m_v1,0,-1610,1,652,0
1,131,396,3.305265364157268,0.4880765422778016,0.5966433477417799,-1.5944333104011861,-0.11192989270738862,-2.9330133098133064,30,0.000000000000000000e+00,zone_bc_work_m_v1,0,-1610,1,652,0
1,131,397,3.2763784461235423,0.48805444195142667,0.5902797678594951,-1.5971995802963332,-0.11251547456682287,-2.9105780630271854,30,0.000000000000000000e+00,zone_bc_work_m_v1,0,-1610,1,652,0
1,131,398,3.247537235226521,0.48803304597411007,0.5831604984270068,-1.5992291063654624,-0.11319127859443379,-2.8949230674575368,30,0.000000000000000000e+00,zone_bc_work_m_v1,0,-1610,1,652,0
1,131,399,3.2191408944197963,0.48785804322278287,0.5758721912991378,-1.6059253044282711,-0.12099951745348902,-2.8582722763582664,30,0.000000000000000000e+00,zone_bc_work_m_v1,0,-1610,1,652,0
1,131,400,3.1916020957669486,0.48765412563667193,0.567053001694648,-1.6164622790272785,-0.12899537726031207,-2.8002546841646621,30,0.000000000000000000e+00,zone_bc_work_m_v1,0,-1610,1,652,0
1,131,401,3.1652902525580586,0.48752818135454973,0.5564814551617555,-1.6301631512955039,-0.13071199604811246,-2.7137502880957953,10,0.000000000000000000e+00,zone_bc_work_m_v1,0,-1610,1,652,0
1,131,402,3.1592173365340246,0.4875307527904996,0.5537365903910959,-1.6301703388755273,-0.13055843819030755,-2.7132630470884873,30,0.000000000000000000e+00,zone_bc_work_m_v1,0,-1610,1,652,0
1,131,403,3.1755847525312846,0.5168643084278239,0.5566755408311368,-1.649723062403563,-0.16070831776011363,-2.6825434812454443,10,0.000000000000000000e+00,zone_bc_work_m_v1,0,-1610,1,652,0
1,131,404,3.201550246157601,0.5176483353319488,0.5660311132621261,-1.6148702262355785,-0.12987029329536948,-2.8133657076317888,10,0.000000000000000000e+00,zone_bc_work_m_v1,0,-1610,1,652,0
1,131,405,3.229375969291644,0.5178611064695103,0.5747032976263937,-1.6058167640630971,-0.12086161325567191,-2.8587985215134033,30,0.000000000000000000e+00,zone_bc_work_m_v1,0,-1610,1,652,0
1,131,406,3.257612812319964,0.5180394073016634,0.5822942587460493,-1.5986172051254193,-0.11299544076603918,-2.8996272657710436,30,0.000000000000000000e+00,zone_bc_work_m_v1,0,-1610,1,652,0
1,131,407,3.286534403131282,0.5180630992894059,0.5887231083499262,-1.5960989008431259,-0.11229688284066941,-2.9194778404118793,30,0.000000000000000000e+00,zone_bc_work_m_v1,0,-1610,1,652,0
1,131,408,3.3156570873177142,0.5180725995367028,0.5951336378117905,-1.5949151266985759,-0.11204116614764548,-2.9290900068604899,30,0.000000000000000000e+00,zone_bc_work_m_v1,0,-1610,1,652,0
1,131,409,3.3444995894611793,0.5182841951788,0.6010806286865713,-1.5896670728321625,-0.101663357142594,-2.957730745026701,30,0.000000000000000000e+00,zone_bc_work_m_v1,0,-1610,1,652,0
1,131,410,3.3732886402546045,0.5185242532340635,0.6056860008159705,-1.5833480221911758,-0.089829192714613759,-3.0025713397742066,30,0.000000000000000000e+00,zone_bc_work_m_v1,0,-1610,1,652,0
1,132,1,3.376222494791988,-0.527962052068396,0.605199710669668,-1.5570348149267546,0.093492187404400573,-2.9952286435868825,10,0.000000000000000000e+00,zone_bc_work_m_v1,0,-1610,1,652,0
1,132,2,3.34717458257984,-0.5276530821370282,0.6005290967347306,-1.5512977210721672,0.10912293900246217,-2.9644078769858213,30,0.000000000000000000e+00,zone_bc_work_m_v1,0,-1610,1,652,0
1,132,3,3.3416275853960413,-0.5276405570516106,0.5995410855913699,-1.5511364682469306,0.10976808842218744,-2.963996766023083,30,0.000000000000000000e+00,zone_bc_work_m_v1,0,-1610,1,652,0
1,132,4,3.2155268827009795,-0.4973210402334877,0.5735784940095104,-1.5338630922447107,0.12305005811142622,-2.8491785936791123,10,0.000000000000000000e+00,zone_bc_work_m_v1,0,-1610,1,652,0
1,132,5,3.243775410408768,-0.49751524224343296,0.5811693946862841,-1.5413824059525556,0.11444355687171437,-2.8894241977082249,30,0.000000000000000000e+00,zone_bc_work_m_v1,0,-1610,1,652,0
1,132,6,3.2724906993558074,-0.49753479610117424,0.5881973132227087,-1.5442843863635436,0.11408371717428145,-2.9127246073432125,30,0.000000000000000000e+00,zone_bc_work_m_v1,0,-1610,1,652,0
1,132,7,3.3016887051075052,-0.49749647058782354,0.5945316515819715,-1.5445792392425932,0.11623504431190512,-2.919219236156346,30,0.000000000000000000e+00,zone_bc_work_m_v1,0,-1610,1,652,0
1,132,8,3.3304115982370717,-0.4976781466750063,0.6007616007891431,-1.5501861065491698,0.10756806180822598,-2.9519022049654913,30,0.000000000000000000e+00,zone_bc_work_m_v1,0,-1610,1,652,0
1,132,9,3.3592042849769808,-0.4981721700315105,0.605549014998428,-1.5586277491099361,0.082503319541435971,-2.9949854168760952,30,0.000000000000000000e+00,zone_bc_work_m_v1,0,-1610,1,652,0
1,132,10,3.3885715351390346,-0.49825010684328713,0.6095005139983416,-1.5607605927107731,0.078641864200306832,-3.0145318267813046,30,0.000000000000000000e+00,zone_bc_work_m_v1,0,-1610,1,652,0
1,132,11,3.3863726173372677,-0.4683447761187215,0.6115200443245766,-1.5632132707247384,0.073893625013299991,-3.0392349615789791,10,0.000000000000000000e+00,zone_bc_work_m_v1,0,-1610,1,652,0
1,132,12,3.3573044546597304,-0.4682033955951635,0.6077527221792923,-1.5595026080823313,0.080962593655131254,-3.0028385352372515,30,0.000000000000000000e+00,zone_bc_work_m_v1,0,-1610,1,652,0
1,132,13,3.2707415940305657,-0.46753089936300296,0.5911809591885703,-1.5434363125254364,0.11409652767478895,-2.9056901624134985,10,0.000000000000000000e+00,zone_bc_work_m_v1,0,-1610,1,652,0
1,132,14,3.2418175429435205,-0.46752015178625117,0.5840407815378099,-1.5420371193795457,0.11434082315105898,-2.8946007064881094,30,0.000000000000000000e+00,zone_bc_work_m_v1,0,-1610,1,652,0
1,132,15,3.213187136010365,-0.46742020083063673,0.5769402806253162,-1.5375509444595694,0.11863682014898269,-2.867666008815819,30,0.000000000000000000e+00,zone_bc_work_m_v1,0,-1610,1,652,0
1,132,16,3.200282349805655,-0.4381966561169536,0.5753870279494073,-1.5455856572898135,0.07814243615643135,-2.8291512118969218,10,0.000000000000000000e+00,zone_bc_work_m_v1,0,-1610,1,652,0
1,132,17,3.228369134370159,-0.4383569177724211,0.5829302051781207,-1.5514662865279738,0.071062357992987657,-2.8757586629531846,30,0.000000000000000000e+00,zone_bc_work_m_v1,0,-1610,1,652,0
1,132,18,3.2569636027550843,-0.4384749683825138,0.5897784897092946,-1.5551662958209636,0.065577174137573691,-2.9074324546515142,30,0.000000000000000000e+00,zone_bc_work_m_v1,0,-1610,1,652,0
1,132,19,3.2859023123978965,-0.43843052943608923,0.5968550701585386,-1.5553700810128976,0.068031518037724892,-2.9184282142309979,30,0.000000000000000000e+00,zone_bc_work_m_v1,0,-1610,1,652,0
1,132,20,3.3144797860626607,-0.43827043503706054,0.6032396360369571,-1.5563804913255064,0.076867601981390532,-2.956013899467016,30,0.000000000000000000e+00,zone_bc_work_m_v1,0,-1610,1,652,0
1,132,21,3.343278973581058,-0.43848695399008203,0.6082340633667889,-1.5610531880818916,0.066065735490591804,-2.9950620355107676,30,0.000000000000000000e+00,zone_bc_work_m_v1,0,-1610,1,652,0
1,132,22,3.372772125164687,-0.4385232650187811,0.6121494827207972,-1.5621751098482519,0.064289335254103186,-3.0081936087057057,30,0.000000000000000000e+00,zone_bc_work_m_v1,0,-1610,1,652,0
1,132,23,3.371593007530017,-0.4085864845625482,0.6139566399799073,-1.5639395221338721,0.061147252459365031,-3.0298524376108138,10,0.000000000000000000e+00,zone_bc_work_m_v1,0,-1610,1,652,0
1,132,24,3.342398175798564,-0.4085029305348185,0.6100739473074585,-1.561553650821365,0.065286471295548987,-3.0008535741951006,30,0.000000000000000000e+00,zone_bc_work_m_v1,0,-1610,1,652,0
1,132,25,3.3136314448611808,-0.4084301144521716,0.6054654589521464,-1.5579581507391047,0.068588512578174221,-2.9564051686620729,30,0.000000000000000000e+00,zone_bc_work_m_v1,0,-1610,1,652,0
1,132,26,3.2855482183167055,-0.4084540069098117,0.5987527136144936,-1.5542130441534532,0.066483245295068549,-2.8969507265966206,10,0.000000000000000000e+00,zone_bc_work_m_v1,0,-1610,1,652,0
1,132,27,3.2566883784377354,-0.40837250270235664,0.5918858615282284,-1.5519222453693478,0.070333351246917974,-2.8791814239459934,30,0.000000000000000000e+00,zone_bc_work_m_v1,0,-1610,1,652,0
1,132,28,3.227827046414201,-0.40829186901204967,0.5850250267400582,-1.5495005247045861,0.074078701635916344,-2.8613824073744429,30,0.000000000000000000e+00,zone_bc_work_m_v1,0,-1610,1,652,0
1,132,29,3.199086091642595,-0.4082156012783227,0.5778421267386709,-1.5469188971936905,0.077512975873744727,-2.8424367821452234,30,0.000000000000000000e+00,zone_bc_work_m_v1,0,-1610,1,652,0
1,132,30,3.2173051973389803,-0.3782535387554636,0.5847296501360782,-1.5488314117725792,0.075992274919537861,-2.8599198354966457,10,0.000000000000000000e+00,zone_bc_work_m_v1,0,-1610,1,652,0
1,132,31,3.2461172335557906,-0.37830159048666306,0.5915791726644536,-1.5510416470888586,0.073972695698613311,-2.8803690623343119,30,0.000000000000000000e+00,zone_bc_work_m_v1,0,-1610,1,652,0
1,132,32,3.274927293182662,-0.37835055651533384,0.5984363357476958,-1.5531703311661134,0.071849121865600551,-2.9008007482618221,30,0.000000000000000000e+00,zone_bc_work_m_v1,0,-1610,1,652,0
1,132,33,3.299670790876842,-0.379672678728415,0.6050491777492657,-1.5707663309988964,0.0043230001707181831,-3.1346540908137559,10,0.000000000000000000e+00,zone_bc_work_m_v1,0,-1610,1,652,0
1,132,34,3.331877585589607,-0.37873512889685856,0.6105533982779646,-1.5628421470152958,0.053101739888862465,-2.9928348339334319,10,0.000000000000000000e+00,zone_bc_work_m_v1,0,-1610,1,652,0
1,132,35,3.361340452338731,-0.37876405299283955,0.6144549323063152,-1.563831152981709,0.051702521402363422,-3.0076214228358684,30,0.000000000000000000e+00,zone_bc_work_m_v1,0,-1610,1,652,0
1,132,36,3.3897734636765975,-0.3788853438636067,0.6172444275073055,-1.5681067229899868,0.045698729821020523,-3.0827847975314167,10,0.000000000000000000e+00,zone_bc_work_m_v1,0,-1610,1,652,0
1,132,37,3.3891088189758163,-0.34888168411521936,0.6185415346371358,-1.567625488121819,0.045861167601986885,-3.0725382051786481,10,0.000000000000000000e+00,zone_bc_work_m_v1,0,-1610,1,652,0
1,132,38,3.360111540113181,-0.34880354239188804,0.6158750805558464,-1.5650402755248125,0.049756486181069981,-3.0263717946455113,10,0.000000000000000000e+00,zone_bc_work_m_v1,0,-1610,1,652,0
1,132,39,3.3309239460412785,-0.3487433703408122,0.6119900897768483,-1.5631291339657654,0.052704976693894068,-2.9970634595748304,30,0.000000000000000000e+00,zone_bc_work_m_v1,0,-1610,1,652,0
1,132,40,3.27351879703939,-0.3482067026466173,0.601046182123294,-1.5525387687033376,0.079505057704826854,-2.9156117760101932,10,0.000000000000000000e+00,zone_bc_work_m_v1,0,-1610,1,652,0
1,132,41,3.2446711300470112,-0.34813210197663796,0.593684611683043,-1.5506494819449539,0.083108616562900917,-2.9034698810068953,30,0.000000000000000000e+00,zone_bc_work_m_v1,0,-1610,1,652,0
1,132,42,3.215917468506981,-0.34830881205479364,0.5865868019476076,-1.5513633500698443,0.073663521338260374,-2.8834074000602881,30,0.000000000000000000e+00,zone_bc_work_m_v1,0,-1610,1,652,0
1,132,43,3.2078292433368434,-0.3192801986901172,0.5868500278747599,-1.5648743657475606,0.024270645743632357,-2.9022466453096225,10,0.000000000000000000e+00,zone_bc_work_m_v1,0,-1610,1,652,0
1,132,44,3.2367895141099665,-0.319255455006341,0.594159859076852,-1.5647423497972182,0.025578746810864583,-2.9091620620295644,30,0.000000000000000000e+00,zone_bc_work_m_v1,0,-1610,1,652,0
1,132,45,3.265749575556261,-0.31923069681526245,0.6014706092174704,-1.5646279832454608,0.026890563349426078,-2.916077590069369,30,0.000000000000000000e+00,zone_bc_work_m_v1,0,-1610,1,652,0
1,132,46,3.294549552588827,-0.31888568852045784,0.6073112170264429,-1.5619954784225656,0.044905876733242645,-2.9479929548037629,10,0.000000000000000000e+00,zone_bc_work_m_v1,0,-1610,1,652,0
1,132,47,3.3232761150991057,-0.3189453086721183,0.6124639625249227,-1.5644000583474513,0.042136198621385734,-2.9908969919406134,10,0.000000000000000000e+00,zone_bc_work_m_v1,0,-1610,1,652,0
1,132,48,3.3523789188780198,-0.3189949560321399,0.6163395627235617,-1.566130831642643,0.039730524923083932,-3.0246681895756762,30,0.000000000000000000e+00,zone_bc_work_m_v1,0,-1610,1,652,0
1,132,49,3.381471543386117,-0.31906903894428956,0.6192873105328093,-1.5680101548970782,0.035993820080557848,-3.0643229353062447,30,0.000000000000000000e+00,zone_bc_work_m_v1,0,-1610,1,652,0
1,132,50,3.378810468698666,-0.2890973312481526,0.6201757186952987,-1.5683321395141232,0.034523650853550247,-3.0703224577098305,10,0.000000000000000000e+00,zone_bc_work_m_v1,0,-1610,1,652,0
1,132,51,3.3499504135659053,-0.2889850167380499,0.6172760844371804,-1.5658097357662939,0.040219131783507889,-3.0182026916176996,10,0.000000000000000000e+00,zone_bc_work_m_v1,0,-1610,1,652,0
1,132,52,3.3207406787464966,-0.2889444320384857,0.6133644824909437,-1.56436679792782,0.042177854178443441,-2.9902724880469216,30,0.000000000000000000e+00,zone_bc_work_m_v1,0,-1610,1,652,0
1,132,53,3.2920285262418765,-0.28890393172070056,0.6082444180351883,-1.5621079468432564,0.043948391380239427,-2.946348311227962,10,0.000000000000000000e+00,zone_bc_work_m_v1,0,-1610,1,652,0
1,132,54,3.263646940674405,-0.2892718016237956,0.6013874246489432,-1.5648275809948826,0.024714224099783522,-2.9045939420945484,10,0.000000000000000000e+00,zone_bc_work_m_v1,0,-1610,1,652,0
1,132,55,3.2349354168399738,-0.2892117597863053,0.5943416579132973,-1.5634484167480021,0.027625608228646348,-2.8815936636257216,30,0.000000000000000000e+00,zone_bc_work_m_v1,0,-1610,1,652,0
1,132,56,3.2062671661960485,-0.28909182522147087,0.5874258701921019,-1.560921371957823,0.033475817192212043,-2.8546810917365857,30,0.000000000000000000e+00,zone_bc_work_m_v1,0,-1610,1,652,0
1,132,57,3.2029404839301385,-0.2589722555624037,0.5876912611538828,-1.5587777757079539,0.039408081175549281,-2.8454905804979926,10,0.000000000000000000e+00,zone_bc_work_m_v1,0,-1610,1,652,0
1,132,58,3.2318164007692833,-0.258931184999078,0.5946665071840136,-1.5587898003441143,0.041668302567068105,-2.8609570871771988,30,0.000000000000000000e+00,zone_bc_work_m_v1,0,-1610,1,652,0
1,132,59,3.260691050266128,-0.25889014975626207,0.6016462132010278,-1.5588695902278689,0.043935510554192314,-2.8764271119733111,30,0.000000000000000000e+00,zone_bc_work_m_v1,0,-1610,1,652,0
1,132,60,3.2895645363948844,-0.25884916485866216,0.6086304070304435,-1.5590174719245615,0.046207365756388841,-2.8918991607922049,30,0.000000000000000000e+00,zone_bc_work_m_v1,0,-1610,1,652,0
1,132,61,3.3171599286058164,-0.2591322804510249,0.6140472891523526,-1.5658509590533352,0.032395808608970178,-2.9900802678582594,10,0.000000000000000000e+00,zone_bc_work_m_v1,0,-1610,1,652,0
1,132,62,3.346596241974145,-0.2591474112153912,0.6179892755691858,-1.5664729075516632,0.03168065003614795,-3.0059384816048826,30,0.000000000000000000e+00,zone_bc_work_m_v1,0,-1610,1,652,0
1,132,63,3.374846836611314,-0.2592445067658867,0.6208811411695488,-1.5694102204704525,0.026825909536384973,-3.0899619179782616,10,0.000000000000000000e+00,zone_bc_work_m_v1,0,-1610,1,652,0
1,132,64,3.3718642704310002,-0.2292266526083764,0.6215096407188567,-1.5688503594912677,0.027733561488753056,-3.0715319131382413,10,0.000000000000000000e+00,zone_bc_work_m_v1,0,-1610,1,652,0
1,132,65,3.3430083984055243,-0.22916222674703735,0.6184799158179067,-1.5670126569815483,0.03096379746869915,-3.019979090466471,10,0.000000000000000000e+00,zone_bc_work_m_v1,0,-1610,1,652,0
1,132,66,3.3139118820510074,-0.22913388230426376,0.614527844945146,-1.5657474332302992,0.032294465438276854,-2.9864809309394977,30,0.000000000000000000e+00,zone_bc_work_m_v1,0,-1610,1,652,0
1,132,67,3.2570567905978978,-0.22884859617278686,0.6018900961803699,-1.5591892506602285,0.046281679926226893,-2.8957738424060118,10,0.000000000000000000e+00,zone_bc_work_m_v1,0,-1610,1,652,0
1,132,68,3.228332480854146,-0.22889893006697773,0.594872293960764,-1.5588467921987053,0.043449719531036601,-2.8731153657568105,30,0.000000000000000000e+00,zone_bc_work_m_v1,0,-1610,1,652,0
1,132,69,3.199592098367939,-0.22895954598515414,0.5879324425067011,-1.5587742798284061,0.040106478323292283,-2.8502752550462267,30,0.000000000000000000e+00,zone_bc_work_m_v1,0,-1610,1,652,0
1,132,70,3.597622135446661,0.010398872061196924,0.6251077234881254,-1.570926590239593,0.0080879611029629483,3.1254880257359936,10,1.000000000000000000e+00,zone_bc_work_m_v1,0,-1610,1,652,0
1,132,71,3.5677042251236375,0.010399204403881304,0.6257216134112716,-1.5708945354214032,0.0081059074096514472,3.1294774279563775,30,0.000000000000000000e+00,zone_bc_work_m_v1,0,-1610,1,652,0
1,132,72,3.5377863187062473,0.010399534310154356,0.6263358056577808,-1.5708623383234843,0.0081235981758944753,3.1334668452473085,30,0.000000000000000000e+00,zone_bc_work_m_v1,0,-1610,1,652,0
1,132,73,3.5078684143853534,0.010399861772146772,0.6269503002451965,-1.5708300012433587,0.0081410321352741732,3.1374562458430666,30,0.000000000000000000e+00,zone_bc_work_m_v1,0,-1610,1,652,0
1,132,74,3.47795051035175,0.010400186782106097,0.6275650971766283,-1.570797526491869,0.0081582080458875161,3.1414455979784042,30,0.000000000000000000e+00,zone_bc_work_m_v1,0,-1610,1,652,0
1,132,75,3.4482351773697895,0.01037795870264279,0.6270887094654847,-1.570695110736829,0.0069875425804504232,-3.1271083334545171,30,0.000000000000000000e+00,zone_bc_work_m_v1,0,-1610,1,652,0
1,132,76,3.4184952592780395,0.010331054809361567,0.6263748138435541,-1.5706711118516301,0.0045178732931414611,-3.1138841909898813,30,0.000000000000000000e+00,zone_bc_work_m_v1,0,-1610,1,652,0
1,132,77,3.3936132984429013,0.040199314886695946,0.6255298389397064,-1.5708824444977287,-0.0024125532065122357,-3.1059120983691093,10,0.000000000000000000e+00,zone_bc_work_m_v1,0,-1610,1,652,0
1,132,78,3.423551565665424,0.040244075520149525,0.6266258807952142,-1.5707982775332403,-5.8231905456285205e-05,-3.1081056999235304,30,0.000000000000000000e+00,zone_bc_work_m_v1,0,-1610,1,652,0
1,132,79,3.453257024310192,0.04037144818912895,0.6274580071984772,-1.5706726495944359,0.0066444581070856934,-3.1229810785764567,30,0.000000000000000000e+00,zone_bc_work_m_v1,0,-1610,1,652,0
1,132,80,3.48288181857736,0.04040013454396203,0.6276902233788175,-1.5708027719004469,0.0081554561199581599,3.1408023635605931,30,0.000000000000000000e+00,zone_bc_work_m_v1,0,-1610,1,652,0
1,132,81,3.5128074997309557,0.040399842641503474,0.6270754398897991,-1.5708319009026517,0.0081400171371457386,3.1372223588416914,30,0.000000000000000000e+00,zone_bc_work_m_v1,0,-1610,1,652,0
1,132,82,3.5427331812013243,0.040399548764770005,0.6264608998805735,-1.5708609189277252,0.0081243704038960196,3.1336423165970007,30,0.000000000000000000e+00,zone_bc_work_m_v1,0,-1610,1,652,0
1,132,83,3.572658864295931,0.04039925291936472,0.6258466033488167,-1.5708898243057525,0.0081085168178296474,3.1300622597824148,30,0.000000000000000000e+00,zone_bc_work_m_v1,0,-1610,1,652,0
1,132,84,3.602584550322202,0.04039895511096656,0.6252325502828442,-1.5709186153754444,0.0080924572924723215,3.126482211354177,30,0.000000000000000000e+00,zone_bc_work_m_v1,0,-1610,1,652,0
1,132,85,3.599746976814146,0.07039909301595686,0.625517402684158,-1.5709053210694355,0.0080999063151097062,3.1281370795968186,10,0.000000000000000000e+00,zone_bc_work_m_v1,0,-1610,1,652,0
1,132,86,3.569814962834967,0.07039936237017402,0.6261316316273495,-1.5708791660725721,0.0081143937661929399,3.1313839662231961,30,0.000000000000000000e+00,zone_bc_work_m_v1,0,-1610,1,652,0
1,132,87,3.5398829508701715,0.07039963010802634,0.6267460608344572,-1.570852917556534,0.0081287115456885051,3.1346308527765716,30,0.000000000000000000e+00,zone_bc_work_m_v1,0,-1610,1,652,0
1,132,88,3.5099509399444164,0.07039989622529559,0.6273606903119442,-1.5708265767627174,0.0081428589759355852,3.1378777221318388,30,0.000000000000000000e+00,zone_bc_work_m_v1,0,-1610,1,652,0
1,132,89,3.4800189290823504,0.07040016071781494,0.6279755200599408,-1.5708001449383251,0.0081568353900498547,3.1411245571642987,30,0.000000000000000000e+00,zone_bc_work_m_v1,0,-1610,1,652,0
1,132,90,3.450680174922499,0.07023589796850428,0.6275171385692476,-1.5708128276351303,-0.00048838337051493319,-3.1078188451344397,30,0.000000000000000000e+00,zone_bc_work_m_v1,0,-1610,1,652,0
1,132,91,3.4207330230733444,0.07018784509689166,0.6264208199967224,-1.5709034336734797,-0.0030158637937407473,-3.1060930249735881,30,0.000000000000000000e+00,zone_bc_work_m_v1,0,-1610,1,652,0
1,132,92,3.3909366305422743,0.07006937736297375,0.6253258737975359,-1.5712140403477877,-0.0092436034148650759,-3.0964332599250923,30,0.000000000000000000e+00,zone_bc_work_m_v1,0,-1610,1,652,0
1,132,93,3.3952550028229793,0.10002869522628734,0.625185129094974,-1.5715000159398151,-0.011372567058555383,-3.079794084488805,10,0.000000000000000000e+00,zone_bc_work_m_v1,0,-1610,1,652,0
1,132,94,3.4249584458363107,0.10002091570854213,0.6263087549592486,-1.5713544805334658,-0.011790588721029227,-3.0942879483754506,30,0.000000000000000000e+00,zone_bc_work_m_v1,0,-1610,1,652,0
1,132,95,3.454695688642915,0.09994088520661298,0.6274139134835581,-1.5713496708881987,-0.01600677353789548,-3.1070355652968846,30,0.000000000000000000e+00,zone_bc_work_m_v1,0,-1610,1,652,0
1,132,96,3.48358491329141,0.09975547916420793,0.6276121388691899,-1.5701928836421117,-0.025769653841089202,3.118177526464641,10,0.000000000000000000e+00,zone_bc_work_m_v1,0,-1610,1,652,0
1,132,97,3.51350920792095,0.09975761388527579,0.6270048534332426,-1.5701015567417125,-0.025654921882745763,3.1145149428067676,30,0.000000000000000000e+00,zone_bc_work_m_v1,0,-1610,1,652,0
1,132,98,3.5434335083528152,0.09975975490587566,0.6263978226486338,-1.5700110716734077,-0.02553953699434075,3.1108523442978759,30,0.000000000000000000e+00,zone_bc_work_m_v1,0,-1610,1,652,0
1,132,99,3.573357815985646,0.09976190218316972,0.625791046485385,-1.5699214337556162,-0.025423506119013783,3.1071897554633781,30,0.000000000000000000e+00,zone_bc_work_m_v1,0,-1610,1,652,0
1,132,100,3.6032821322178368,0.0997640556740671,0.6251845249032736,-1.5698326482386329,-0.025306836251396181,3.1035272008233359,30,0.000000000000000000e+00,zone_bc_work_m_v1,0,-1610,1,652,0
1,132,101,3.601253095468163,0.12976301534788076,0.6243836390096725,-1.5698754008569109,-0.025363235549428653,3.105295217426824,10,0.000000000000000000e+00,zone_bc_work_m_v1,0,-1610,1,652,0
1,132,102,3.571336207690237,0.12976063553486342,0.6249900484921073,-1.5699741755895493,-0.025491988069109572,3.1093489748587047,30,0.000000000000000000e+00,zone_bc_work_m_v1,0,-1610,1,652,0
1,132,103,3.5414193294368066,0.12975826336476995,0.625596769871209,-1.5700739907449082,-0.025619952754230457,3.1134027564719791,30,0.000000000000000000e+00,zone_bc_work_m_v1,0,-1610,1,652,0
1,132,104,3.511502458811626,0.129755898895805,0.6262038031925837,-1.570174839144894,-0.025747120165877213,3.1174565290162066,30,0.000000000000000000e+00,zone_bc_work_m_v1,0,-1610,1,652,0
1,132,105,3.4818124371668704,0.12975938531718953,0.6269495581790878,-1.570583914769311,-0.025570179844469632,3.1332849181128939,30,0.000000000000000000e+00,zone_bc_work_m_v1,0,-1610,1,652,0
1,132,106,3.4523775530357654,0.12975657980956423,0.6266933264238697,-1.5713404133236284,-0.025713014242840782,-3.1204335110783581,30,0.000000000000000000e+00,zone_bc_work_m_v1,0,-1610,1,652,0
1,132,107,3.4226416400176056,0.12993635120777855,0.625822733543099,-1.5713549857235143,-0.016245394720721062,-3.107215928607022,30,0.000000000000000000e+00,zone_bc_work_m_v1,0,-1610,1,652,0
1,132,108,3.392682162015976,0.12996549010327724,0.6247700793403373,-1.5713193284379199,-0.014711894000779102,-3.1060567543907385,30,0.000000000000000000e+00,zone_bc_work_m_v1,0,-1610,1,652,0
1,132,109,3.397322331040795,0.15990357849534825,0.6244597460567326,-1.5713848422288297,-0.017970496360674382,-3.108853608721514,10,0.000000000000000000e+00,zone_bc_work_m_v1,0,-1610,1,652,0
1,132,110,3.4271523520944585,0.15979143896140025,0.6253422906101831,-1.5713810755059279,-0.023876353876093104,-3.1171045159800648,30,0.000000000000000000e+00,zone_bc_work_m_v1,0,-1610,1,652,0
1,132,111,3.456865239765422,0.15975709691999032,0.625948367139749,-1.571045626730224,-0.02569033411109034,-3.1318878542394559,30,0.000000000000000000e+00,zone_bc_work_m_v1,0,-1610,1,652,0
1,132,112,3.4865317877958146,0.15975959132543593,0.6261197748811962,-1.5706035552440616,-0.025559489028976978,3.134049901557141,30,0.000000000000000000e+00,zone_bc_work_m_v1,0,-1610,1,652,0
1,132,113,3.5163065841125207,0.15975657304225258,0.6253347263304466,-1.5703113607500312,-0.02571455333178041,3.1227332154310394,30,0.000000000000000000e+00,zone_bc_work_m_v1,0,-1610,1,652,0
1,132,114,3.546162212927441,0.15975701610867424,0.6246586845537508,-1.5701270188097647,-0.025687081637996378,3.1155394706663104,30,0.000000000000000000e+00,zone_bc_work_m_v1,0,-1610,1,652,0
1,132,115,3.5760698867309673,0.15975966791270846,0.6240520707143331,-1.5700147266172215,-0.025544231312908616,3.1110009528155511,30,0.000000000000000000e+00,zone_bc_work_m_v1,0,-1610,1,652,0
1,132,116,3.6059775715044244,0.15976232932655463,0.6234458478474398,-1.5699037348901539,-0.02540038864442784,3.1064624482916177,30,0.000000000000000000e+00,zone_bc_work_m_v1,0,-1610,1,652,0
1,132,117,3.605422044988162,0.18976092324255595,0.6226150003423054,-1.5699621618840807,-0.025476442313259851,3.1088582028858074,10,0.000000000000000000e+00,zone_bc_work_m_v1,0,-1610,1,652,0
1,132,118,3.5755260663581585,0.18975790685653907,0.6232211125576091,-1.5700891094307237,-0.025639151364246882,3.1140131279508223,30,0.000000000000000000e+00,zone_bc_work_m_v1,0,-1610,1,652,0
1,132,119,3.5456401244834743,0.18975576404475844,0.6238576351030336,-1.5702313915592594,-0.025755524295163035,3.1196592172132274,30,0.000000000000000000e+00,zone_bc_work_m_v1,0,-1610,1,652,0
1,132,120,3.5158037174410257,0.18975789836028012,0.6246427996845689,-1.5704408448171121,-0.025646885510996142,3.1277313917035512,30,0.000000000000000000e+00,zone_bc_work_m_v1,0,-1610,1,652,0
1,132,121,3.4859673274817458,0.18976006463790063,0.6254292003573041,-1.57064851520668,-0.025534868778979147,3.1358034716187531,30,0.000000000000000000e+00,zone_bc_work_m_v1,0,-1610,1,652,0
1,132,122,3.4562183853455735,0.18975767912390307,0.6251123174413562,-1.5709798771931016,-0.025660234684284022,-3.13443888373454,30,0.000000000000000000e+00,zone_bc_work_m_v1,0,-1610,1,652,0
1,132,123,3.426485005560758,0.18975456514511183,0.6246019785670097,-1.5713376522432838,-0.025819166112172054,-3.1206273627534795,30,0.000000000000000000e+00,zone_bc_work_m_v1,0,-1610,1,652,0
1,132,124,3.3966082696378597,0.18981742777270733,0.6238598488249868,-1.571403428968333,-0.022507126392562915,-3.114623138037234,30,0.000000000000000000e+00,zone_bc_work_m_v1,0,-1610,1,652,0
1,132,125,3.4015345355072704,0.21973946744426875,0.6232625418445493,-1.5719684212571026,-0.026593917374357234,-3.0975421725772985,10,0.000000000000000000e+00,zone_bc_work_m_v1,0,-1610,1,652,0
1,132,126,3.4309694990075092,0.2197559860464149,0.623853355274755,-1.5711725199770359,-0.025747282276891381,-3.1269810923353947,30,0.000000000000000000e+00,zone_bc_work_m_v1,0,-1610,1,652,0
1,132,127,3.460761291636583,0.2197584315151023,0.6243655136583645,-1.5708956619437624,-0.025621085928980269,-3.1377151629814053,30,0.000000000000000000e+00,zone_bc_work_m_v1,0,-1610,1,652,0
1,132,128,3.4905698671675007,0.21976003323368581,0.6246021806578368,-1.5706455392093193,-0.02553650480372216,3.1356872947891747,30,0.000000000000000000e+00,zone_bc_work_m_v1,0,-1610,1,652,0
1,132,129,3.520440405825136,0.21975834724381235,0.6238153389936032,-1.5704842782818282,-0.025623815651670823,3.1294138568141934,30,0.000000000000000000e+00,zone_bc_work_m_v1,0,-1610,1,652,0
1,132,130,3.5503109529175716,0.21975668053289715,0.6230292439660414,-1.570321932750617,-0.025709090261042622,3.1231403283971337,30,0.000000000000000000e+00,zone_bc_work_m_v1,0,-1610,1,652,0
1,132,131,3.5801838036831803,0.21975620132258053,0.622284721716949,-1.5701618642850006,-0.02573087646195793,3.116937293244006,30,0.000000000000000000e+00,zone_bc_work_m_v1,0,-1610,1,652,0
1,132,132,3.6100643983971668,0.21975968473589158,0.6216787758386835,-1.5700140196629917,-0.025543323541212581,3.1109722127673836,30,0.000000000000000000e+00,zone_bc_work_m_v1,0,-1610,1,652,0
1,132,133,3.611584978981114,0.2497575536768243,0.6208058265306032,-1.5701041173664416,-0.025658162148516128,3.1146180957124772,10,0.000000000000000000e+00,zone_bc_work_m_v1,0,-1610,1,652,0
1,132,134,3.5817097738540444,0.24975605356792174,0.6214979274582835,-1.5702600927018464,-0.025740891284318224,3.1207613705960444,30,0.000000000000000000e+00,zone_bc_work_m_v1,0,-1610,1,652,0
1,132,135,3.551817518806889,0.2497574091312523,0.622284075451347,-1.5703932651695354,-0.025671942592606634,3.1258917459895974,30,0.000000000000000000e+00,zone_bc_work_m_v1,0,-1610,1,652,0
1,132,136,3.521925272037701,0.24975877762473686,0.6230707227337432,-1.570525723113775,-0.025601626419637924,3.1310221075430347,30,0.000000000000000000e+00,zone_bc_work_m_v1,0,-1610,1,652,0
1,132,137,3.492033029705249,0.24976015899432888,0.6238578693542499,-1.570657450780738,-0.025529951108696824,3.136152387314362,30,0.000000000000000000e+00,zone_bc_work_m_v1,0,-1610,1,652,0
1,132,138,3.4621933388957293,0.2497586991949102,0.6235649859877589,-1.5708659029502492,-0.025607090917070696,-3.1388752973393403,30,0.000000000000000000e+00,zone_bc_work_m_v1,0,-1610,1,652,0
1,132,139,3.4323644130394997,0.24975669015256155,0.6230521169017078,-1.5710918700813825,-0.025711261149083064,-3.1300971910179221,30,0.000000000000000000e+00,zone_bc_work_m_v1,0,-1610,1,652,0
1,132,140,3.402535467978614,0.24975471888140544,0.6225407095002763,-1.5713196295139473,-0.025811441856708583,-3.1213191184762348,30,0.000000000000000000e+00,zone_bc_work_m_v1,0,-1610,1,652,0
1,132,141,3.4061350483048556,0.2797253510579212,0.6217777392515191,-1.5712285038140839,-0.027359554203302494,-3.1257957947938846,10,0.000000000000000000e+00,zone_bc_work_m_v1,0,-1610,1,652,0
1,132,142,3.435992502940868,0.2797378476622008,0.6222898269774029,-1.5710238245239374,-0.026704041270876111,-3.1330726222658765,30,0.000000000000000000e+00,zone_bc_work_m_v1,0,-1610,1,652,0
1,132,143,3.46584994787053,0.2797503719846827,0.6228029270700622,-1.5708287150425533,-0.026045585716248043,-3.1403489920536738,30,0.000000000000000000e+00,zone_bc_work_m_v1,0,-1610,1,652,0
1,132,144,3.49571741707354,0.27976015873190463,0.6230550174845254,-1.5706574259416675,-0.02552996479010905,3.1361514172142702,30,0.000000000000000000e+00,zone_bc_work_m_v1,0,-1610,1,652,0
1,132,145,3.5256246729551273,0.2797589894407404,0.6222677127931637,-1.5705460497101624,-0.025590680754921546,3.1318118888742053,30,0.000000000000000000e+00,zone_bc_work_m_v1,0,-1610,1,652,0
1,132,146,3.5555319315880465,0.2797578293563187,0.6214807653774189,-1.5704341492417506,-0.025650425197332849,3.1274722945368576,30,0.000000000000000000e+00,zone_bc_work_m_v1,0,-1610,1,652,0
1,132,147,3.58543919529712,0.2797566785114915,0.6206941752132759,-1.5703217340548044,-0.025709193037763756,3.1231326753197068,30,0.000000000000000000e+00,zone_bc_work_m_v1,0,-1610,1,652,0
1,132,148,3.5901719784105786,0.30975710448191274,0.619864030380769,-1.5703635080646534,-0.025687499991726259,3.1247430032057903,10,0.000000000000000000e+00,zone_bc_work_m_v1,0,-1610,1,652,0
1,132,149,3.5602537136799786,0.3097581040724515,0.6206508978747306,-1.5704607756122868,-0.025636322514912546,3.1285030699885699,30,0.000000000000000000e+00,zone_bc_work_m_v1,0,-1610,1,652,0
1,132,150,3.530335452345694,0.3097591105936909,0.6214380335770308,-1.5705576550388827,-0.02558441276241652,3.1322631107604648,30,0.000000000000000000e+00,zone_bc_work_m_v1,0,-1610,1,652,0
1,132,151,3.5004171928954557,0.3097601240242034,0.6222254375010514,-1.5706541401594993,-0.025531774050630229,3.1360230987762243,30,0.000000000000000000e+00,zone_bc_work_m_v1,0,-1610,1,652,0
1,132,152,3.4705755375408227,0.3097482858880714,0.6220582533889187,-1.5708605181529389,-0.026155359064455874,-3.1391381451830416,30,0.000000000000000000e+00,zone_bc_work_m_v1,0,-1610,1,652,0
1,132,153,3.4407616953574243,0.30973182009288064,0.6215459022565406,-1.571121299405871,-0.027020411405640266,-3.1295648390736157,30,0.000000000000000000e+00,zone_bc_work_m_v1,0,-1610,1,652,0
1,132,154,3.4109315944440612,0.30966174969708266,0.6209998560172694,-1.5714323552737781,-0.03070523527909641,-3.1208783510962359,30,0.000000000000000000e+00,zone_bc_work_m_v1,0,-1610,1,652,0
1,132,155,3.4139754065263146,0.3395904939547876,0.6200821750392063,-1.5716300086735151,-0.034454035721161347,-3.1173956538942482,10,0.000000000000000000e+00,zone_bc_work_m_v1,0,-1610,1,652,0
1,132,156,3.443881806733776,0.3396805823178916,0.6207617465797394,-1.5713808790437929,-0.029714429082592808,-3.1219199578436454,30,0.000000000000000000e+00,zone_bc_work_m_v1,0,-1610,1,652,0
1,132,157,3.4736098236189124,0.33974289079818565,0.6212842503246959,-1.570944055450608,-0.026439075511203391,-3.1360045485428336,30,0.000000000000000000e+00,zone_bc_work_m_v1,0,-1610,1,652,0
1,132,158,3.5033937040761827,0.339760149173209,0.6214412210610851,-1.5706565211411414,-0.025530463113196733,3.1361160805647366,30,0.000000000000000000e+00,zone_bc_work_m_v1,0,-1610,1,652,0
1,132,159,3.533320374304253,0.3397592546305187,0.6206537316563491,-1.5705714326669584,-0.02557695389377912,3.1327990788228917,30,0.000000000000000000e+00,zone_bc_work_m_v1,0,-1610,1,652,0
1,132,160,3.5632470458308183,0.33975836546258625,0.6198664509963786,-1.5704860366392452,-0.025622877731961369,3.1294820330567541,30,0.000000000000000000e+00,zone_bc_work_m_v1,0,-1610,1,652,0
1,132,161,3.5931737196941547,0.33975748168416325,0.6190793790735579,-1.5704003372997213,-0.025668232342262565,3.1261649616280072,30,0.000000000000000000e+00,zone_bc_work_m_v1,0,-1610,1,652,0
1,132,162,3.600235280756101,0.36975767283867944,0.6181879423594595,-1.5704189433914426,-0.025658447408972052,3.1268841402685599,10,0.000000000000000000e+00,zone_bc_work_m_v1,0,-1610,1,652,0
1,132,163,3.570301969777388,0.36975846426153613,0.6189751386859661,-1.5704955660161639,-0.025617789323952866,3.1298515989088873,30,0.000000000000000000e+00,zone_bc_work_m_v1,0,-1610,1,652,0
1,132,164,3.5403686605762497,0.36975925999638687,0.6197625020687874,-1.5705719455168947,-0.025576675879670496,3.1328190353736942,30,0.000000000000000000e+00,zone_bc_work_m_v1,0,-1610,1,652,0
1,132,165,3.5104353524093144,0.3697600600326628,0.6205500325130866,-1.5706480788575696,-0.025535108714023425,3.1357864365167964,30,0.000000000000000000e+00,zone_bc_work_m_v1,0,-1610,1,652,0
1,132,166,3.4807529879549786,0.36973434033359204,0.6205806813822221,-1.5710802603182792,-0.026888173880396105,-3.1310319814120291,30,0.000000000000000000e+00,zone_bc_work_m_v1,0,-1610,1,652,0
1,132,167,3.4510313246340942,0.3695756737809277,0.6199527632136544,-1.5716726403537047,-0.035233708320977053,-3.1167211761154805,30,0.000000000000000000e+00,zone_bc_work_m_v1,0,-1610,1,652,0
1,132,168,3.421096665577827,0.36948954374444853,0.6191315953571838,-1.5718988469711275,-0.039765681923279894,-3.1138670218668518,30,0.000000000000000000e+00,zone_bc_work_m_v1,0,-1610,1,652,0
1,132,169,3.3923393042606906,0.36948010037880824,0.6177353808102869,-1.5744532522374879,-0.040112109971748966,-3.0506517122824741,10,0.000000000000000000e+00,zone_bc_work_m_v1,0,-1610,1,652,0
1,132,170,3.3939313407340745,0.3990572452313304,0.6164501001453822,-1.5758369455869099,-0.062360701721659417,-3.0608851952349987,10,0.000000000000000000e+00,zone_bc_work_m_v1,0,-1610,1,652,0
1,132,171,3.4814602869728306,0.4005575916826727,0.6196513497196923,-1.5715533743947145,0.016425892239556372,3.095534493963092,10,0.000000000000000000e+00,zone_bc_work_m_v1,0,-1610,1,652,0
1,132,172,3.5122184302029456,0.399760115416243,0.6197972154756559,-1.5706533250531103,-0.025532222704650165,3.135991269532735,30,0.000000000000000000e+00,zone_bc_work_m_v1,0,-1610,1,652,0
1,132,173,3.5421571103882843,0.3997593912081523,0.6190096262937719,-1.5705844770102289,-0.02556987434511715,3.1333068081763091,30,0.000000000000000000e+00,zone_bc_work_m_v1,0,-1610,1,652,0
1,132,174,3.5720957913200073,0.39975867051889913,0.6182221738346502,-1.5705154271035073,-0.025607154883989569,3.1306223161443922,30,0.000000000000000000e+00,zone_bc_work_m_v1,0,-1610,1,652,0
1,132,175,3.6020344735484837,0.3997579533563263,0.6174348580951603,-1.5704461775786869,-0.025644063104859338,3.1279378031696594,30,0.000000000000000000e+00,zone_bc_work_m_v1,0,-1610,1,652,0
1,132,176,3.6130750598355723,0.4291380560190215,0.6157240305914353,-1.5691119127599618,-0.058278532835592589,3.1126814952114183,10,0.000000000000000000e+00,zone_bc_work_m_v1,0,-1610,1,652,0
1,132,177,3.58310825417734,0.4291468800379933,0.6164836126194875,-1.5691973069066041,-0.057815552756621535,3.1139270144653528,30,0.000000000000000000e+00,zone_bc_work_m_v1,0,-1610,1,652,0
1,132,178,3.5531414492916014,0.4291557062956403,0.6172432279180469,-1.5692815417378219,-0.057352345688851836,3.1151723863836276,30,0.000000000000000000e+00,zone_bc_work_m_v1,0,-1610,1,652,0
1,132,179,3.5233081061035763,0.429125406708411,0.6180040298454184,-1.569727703506282,-0.058960069577949747,3.1234596035290734,30,0.000000000000000000e+00,zone_bc_work_m_v1,0,-1610,1,652,0
1,132,180,3.4937679788052516,0.4290459267984906,0.6181522484849892,-1.5711602116785903,-0.06315966264091033,-3.1358275355613907,30,0.000000000000000000e+00,zone_bc_work_m_v1,0,-1610,1,652,0
1,132,181,3.464175272448675,0.4291591430508366,0.6175515002241557,-1.572336095947767,-0.057170436516675194,-3.1146515139515358,30,0.000000000000000000e+00,zone_bc_work_m_v1,0,-1610,1,652,0
1,132,182,3.4342080176709553,0.4291989025533704,0.6167099452369658,-1.5723403839677794,-0.055073618670503421,-3.1135495672804594,30,0.000000000000000000e+00,zone_bc_work_m_v1,0,-1610,1,652,0
1,132,183,3.4053222642658194,0.4293127895122263,0.6155090769051682,-1.5749686961212372,-0.048915553121776645,-3.0564669524769892,10,0.000000000000000000e+00,zone_bc_work_m_v1,0,-1610,1,652,0
1,132,184,3.4064600871956645,0.4587441118973082,0.6137487361722043,-1.5772374130349514,-0.078823950017125721,-3.0599737282887629,10,0.000000000000000000e+00,zone_bc_work_m_v1,0,-1610,1,652,0
1,132,185,3.435276065109944,0.4590329174553016,0.6150399634513442,-1.5721304413357053,-0.063832873574332982,-3.1206813723810267,10,0.000000000000000000e+00,zone_bc_work_m_v1,0,-1610,1,652,0
1,132,186,3.465098132326125,0.45904074168882925,0.6155765882009846,-1.5715419895675384,-0.063429780721292905,-3.1298295869317587,30,0.000000000000000000e+00,zone_bc_work_m_v1,0,-1610,1,652,0
1,132,187,3.494920178855383,0.4590486668558351,0.6161147899596376,-1.5709610485599579,-0.063015993451395635,-3.1389769611137299,30,0.000000000000000000e+00,zone_bc_work_m_v1,0,-1610,1,652,0
1,132,188,3.5247223828005128,0.45907260047308673,0.6162642161658115,-1.5703334584329023,-0.061752356577752021,3.1340924698392705,30,0.000000000000000000e+00,zone_bc_work_m_v1,0,-1610,1,652,0
1,132,189,3.554477849154081,0.45913417045936156,0.6154964221116861,-1.5696330840110435,-0.058496143122096722,3.1216981212406991,30,0.000000000000000000e+00,zone_bc_work_m_v1,0,-1610,1,652,0
1,132,190,3.5843442367372487,0.45915559700530517,0.614734320156549,-1.5692805059269228,-0.057358081969417718,3.1151569684966125,30,0.000000000000000000e+00,zone_bc_work_m_v1,0,-1610,1,652,0
1,132,191,3.614302624272181,0.4591436162128166,0.6139751228206393,-1.5691658589576107,-0.057986812547192512,3.1134663763985131,30,0.000000000000000000e+00,zone_bc_work_m_v1,0,-1610,1,652,0
1,132,192,3.59954680141809,0.4891553021528903,0.6126324240650477,-1.5694118339598433,-0.057376947203665374,3.1174543075013084,10,0.000000000000000000e+00,zone_bc_work_m_v1,0,-1610,1,652,0
1,132,193,3.569708432497469,0.48911541628380784,0.6133990034459103,-1.5698376168495787,-0.059488761723493377,3.1254687206410847,30,0.000000000000000000e+00,zone_bc_work_m_v1,0,-1610,1,652,0
1,132,194,3.539870084140394,0.48907560264326383,0.6141668775004983,-1.570297378222963,-0.061593760814429022,3.133487071191392,30,0.000000000000000000e+00,zone_bc_work_m_v1,0,-1610,1,652,0
1,132,195,3.5100318103295303,0.4890478768163586,0.6143288281501635,-1.5707989569825647,-0.063057872176573548,-3.1415509152397356,30,0.000000000000000000e+00,zone_bc_work_m_v1,0,-1610,1,652,0
1,132,196,3.4801936167531196,0.4890341125282355,0.6137904128864979,-1.5713276555942781,-0.063781557761085184,-3.1332567494115993,30,0.000000000000000000e+00,zone_bc_work_m_v1,0,-1610,1,652,0
1,132,197,3.4475861988440166,0.49161348343418015,0.613437642701089,-1.5801469763773888,0.07147017316960369,3.0113853615162451,10,0.000000000000000000e+00,zone_bc_work_m_v1,0,-1610,1,652,0
1,132,198,3.3920161102786115,0.4888704891062772,0.610508110661885,-1.5779841474162435,-0.07205857465205856,-3.0420846099872989,10,0.000000000000000000e+00,zone_bc_work_m_v1,0,-1610,1,652,0
1,132,199,3.402218336725175,0.5186046211790191,0.609119917910112,-1.57883469037679,-0.086079402639602787,-3.0483631437720984,10,0.000000000000000000e+00,zone_bc_work_m_v1,0,-1610,1,652,0
1,132,200,3.460785178977334,0.5189551470508739,0.6115578849498622,-1.5722272008070077,-0.067933835999790526,-3.1205167918656946,10,0.000000000000000000e+00,zone_bc_work_m_v1,0,-1610,1,652,0
1,132,201,3.490659227952184,0.5190457766366281,0.611988450615184,-1.5717164517689248,-0.063161935731272267,-3.1270162779141231,30,0.000000000000000000e+00,zone_bc_work_m_v1,0,-1610,1,652,0
1,132,202,3.5204651012205295,0.5190404392419965,0.612456928184903,-1.5710827425239309,-0.063449462354963071,-3.1370755774119958,30,0.000000000000000000e+00,zone_bc_work_m_v1,0,-1610,1,652,0
1,132,203,3.550230822989638,0.5190723226317349,0.6121928280662976,-1.5703368075652504,-0.06176703312818943,3.1341485031159646,30,0.000000000000000000e+00,zone_bc_work_m_v1,0,-1610,1,652,0
1,132,204,3.5801087945684507,0.5191017343745006,0.6114249009519565,-1.5699916907567308,-0.060212500209108955,3.1282220969123999,30,0.000000000000000000e+00,zone_bc_work_m_v1,0,-1610,1,652,0
1,132,205,3.6099867744625485,0.5191311863312914,0.6106576809447862,-1.5696651141227738,-0.058654129247562414,3.1222978215693251,30,0.000000000000000000e+00,zone_bc_work_m_v1,0,-1610,1,652,0
2,143,1,3.848765670673001,0.21984399557492046,0.6084401100060234,1.5723844141885175,0.021056880946087375,-3.0663106287686217,10,0.000000000000000000e+00,zone_bc_work_m_v1,0,1610,1,652,0
2,143,2,3.8786419326647437,0.21985383500073008,0.6062452854529451,1.572392191443245,0.020536792555108763,-3.0640354159498839,10,0.000000000000000000e+00,zone_bc_work_m_v1,0,1610,1,652,0
2,143,3,3.9085182022432674,0.2198636748238548,0.6040505640749727,1.5723976082745112,0.02001676516250761,-3.0617602567698041,10,0.000000000000000000e+00,zone_bc_work_m_v1,0,1610,1,652,0
2,143,4,3.9383888934412683,0.21987439971919123,0.601820181536272,1.5723995487457167,0.019450170184655891,-3.0593461976673901,10,0.000000000000000000e+00,zone_bc_work_m_v1,0,1610,1,652,0
2,143,5,3.9681852811730023,0.21989689525223352,0.5991142253472643,1.572380141813335,0.018263398458093993,-3.0550834971170211,10,0.000000000000000000e+00,zone_bc_work_m_v1,0,1610,1,652,0
2,143,6,3.997981698502485,0.21991938928377533,0.5964086400227845,1.5723506552297328,0.017077271518734172,-3.0508209099498638,10,0.000000000000000000e+00,zone_bc_work_m_v1,0,1610,1,652,0
2,143,7,3.999479760906054,0.24990944926033867,0.5957141890474588,1.5723649279352176,0.017601342564711908,-3.0527045587090731,10,0.000000000000000000e+00,zone_bc_work_m_v1,0,1610,1,652,0
2,143,8,3.9696684144985026,0.2498911175831607,0.5984211331553554,1.5723860886217009,0.018568153018732492,-3.0561783250725636,10,0.000000000000000000e+00,zone_bc_work_m_v1,0,1610,1,652,0
2,143,9,3.9398569201622986,0.24987280866128062,0.6011271497791447,1.5724005244759354,0.019534128861355082,-3.0596484519673579,10,0.000000000000000000e+00,zone_bc_work_m_v1,0,1610,1,652,0
2,143,10,3.9099726662246845,0.24986478957795075,0.6033223771711892,1.5723980731120151,0.019957856752109926,-3.0615025123514155,10,0.000000000000000000e+00,zone_bc_work_m_v1,0,1610,1,652,0
2,143,11,3.8800884175859376,0.24985677069905682,0.6055176730643462,1.5723940546053683,0.020381634124609915,-3.0633566106625381,10,0.000000000000000000e+00,zone_bc_work_m_v1,0,1610,1,652,0
2,143,12,3.8502041740555013,0.24984875206810175,0.607713037473046,1.5723884686122029,0.020805454412022639,-3.0652107452137698,10,0.000000000000000000e+00,zone_bc_work_m_v1,0,1610,1,652,0
2,143,13,3.8538718323790935,0.27985252619248413,0.6068222352756268,1.5723912930741784,0.020605968455802426,-3.0643380485918734,10,0.000000000000000000e+00,zone_bc_work_m_v1,0,1610,1,652,0
2,143,14,3.88376156425113,0.27985929268732346,0.6046264945872812,1.5723954874176795,0.020248347213270623,-3.0627734752944136,10,0.000000000000000000e+00,zone_bc_work_m_v1,0,1610,1,652,0
2,143,15,3.9136512998032646,0.27986605934896763,0.6024308026828734,1.5723985656926383,0.019890757999497133,-3.0612089281798429,10,0.000000000000000000e+00,zone_bc_work_m_v1,0,1610,1,652,0
2,143,16,3.943541039149988,0.2798728261512772,0.600235159553627,1.5724005281099696,0.019533204759965006,-3.0596444082617773,10,0.000000000000000000e+00,zone_bc_work_m_v1,0,1610,1,652,0
2,143,17,3.973362650700322,0.2798882947257657,0.5975272139326161,1.5723887522442701,0.018717063452718952,-3.0567132333173288,10,0.000000000000000000e+00,zone_bc_work_m_v1,0,1610,1,652,0
2,143,18,4.0031842668506235,0.27990376385499527,0.5948193762838639,1.5723722068705479,0.017901149078165979,-3.053781929996374,30,0.000000000000000000e+00,zone_bc_work_m_v1,0,1610,1,652,0
2,143,19,4.007901220833375,0.3098942689461892,0.5938327379774501,1.5723977207096862,0.018400642282123236,-3.0547771945300184,10,0.000000000000000000e+00,zone_bc_work_m_v1,0,1610,1,652,0
2,143,20,3.9780693579602566,0.3098837373665311,0.5965414083252001,1.5724004728099024,0.018956835104154246,-3.0571676851459966,30,0.000000000000000000e+00,zone_bc_work_m_v1,0,1610,1,652,0
2,143,21,3.948237504161305,0.30987320583232214,0.5992501927524306,1.572400574052141,0.019513146566860984,-3.0595582201110147,10,0.000000000000000000e+00,zone_bc_work_m_v1,0,1610,1,652,0
2,143,22,3.9183459874400057,0.30986718473935687,0.6014645873990834,1.5723989694180613,0.019831290057116924,-3.0609487280592012,10,0.000000000000000000e+00,zone_bc_work_m_v1,0,1610,1,652,0
2,143,23,3.888452247362257,0.3098613320264229,0.6036605702909479,1.5723965326422804,0.020140572420970448,-3.0623019448939028,10,0.000000000000000000e+00,zone_bc_work_m_v1,0,1610,1,652,0
2,143,24,3.8585585100634137,0.30985547943238256,0.6058565896762432,1.5723932609791911,0.020449879635272117,-3.06365518154462,10,0.000000000000000000e+00,zone_bc_work_m_v1,0,1610,1,652,0
2,143,25,3.8286647754693837,0.3098496269741491,0.6080526455604941,1.5723891542986492,0.020759209146680169,-3.0650084373554765,10,0.000000000000000000e+00,zone_bc_work_m_v1,0,1610,1,652,0
2,143,26,3.831629363280149,0.33985227675593244,0.6072134990125291,1.5723911171215879,0.020619152366885052,-3.0643957255121546,10,0.000000000000000000e+00,zone_bc_work_m_v1,0,1610,1,652,0
2,143,27,3.861526150254133,0.33985743283345504,0.6050172340348412,1.5723944457934333,0.0203466398240848,-3.0632035107357636,10,0.000000000000000000e+00,zone_bc_work_m_v1,0,1610,1,652,0
2,143,28,3.891422939346694,0.3398625890120046,0.6028209973849504,1.572397126386909,0.020074145249036723,-3.0620113110007128,10,0.000000000000000000e+00,zone_bc_work_m_v1,0,1610,1,652,0
2,143,29,3.921319730608494,0.33986774528001584,0.6006247890590394,1.5723991589926343,0.019801670387624259,-3.0608191267554892,10,0.000000000000000000e+00,zone_bc_work_m_v1,0,1610,1,652,0
2,143,30,3.9512153311627327,0.33987303833481025,0.5984212131137999,1.5724005542417705,0.019521995282612892,-3.0595962406250958,10,0.000000000000000000e+00,zone_bc_work_m_v1,0,1610,1,652,0
2,143,31,3.9810296612621636,0.3398876461903572,0.595713839613505,1.5723997606621074,0.018750388036419485,-3.0562804427763144,10,0.000000000000000000e+00,zone_bc_work_m_v1,0,1610,1,652,0
2,143,32,3.9880127156503073,0.36989972852983954,0.5945208142842978,1.5723952510374275,0.018112361958517065,-3.053537976833451,10,0.000000000000000000e+00,zone_bc_work_m_v1,0,1610,1,652,0
2,143,33,3.9582380296586464,0.3698758961618185,0.5972248576895473,1.5724008003351666,0.019371023214198813,-3.0589475406132576,10,0.000000000000000000e+00,zone_bc_work_m_v1,0,1610,1,652,0
2,143,34,3.9283548720433896,0.36986881245285913,0.599486641988167,1.572399498744772,0.019745280476534344,-3.0605723893078598,10,0.000000000000000000e+00,zone_bc_work_m_v1,0,1610,1,652,0
2,143,35,3.8984556783759503,0.36986420449968516,0.6016830256782728,1.5723978329187909,0.019988774664487563,-3.0616377892052129,10,0.000000000000000000e+00,zone_bc_work_m_v1,0,1610,1,652,0
2,143,36,3.8685564864535897,0.3698595966150634,0.6038794319875712,1.5723956496186873,0.020232285032989461,-3.0627032015853057,10,0.000000000000000000e+00,zone_bc_work_m_v1,0,1610,1,652,0
2,143,37,3.838657296240152,0.36985498880724804,0.6060758609188196,1.572392948778421,0.020475810336096689,-3.0637686261280601,10,0.000000000000000000e+00,zone_bc_work_m_v1,0,1610,1,652,0
2,143,38,3.8404343467546878,0.39985644780089047,0.605323966158716,1.572393859960415,0.020398699674063048,-3.0634312719984083,10,0.000000000000000000e+00,zone_bc_work_m_v1,0,1610,1,652,0
2,143,39,3.8703354778100607,0.399860612719451,0.603127399465241,1.5723961755478859,0.020178585857230757,-3.0624682604189246,10,0.000000000000000000e+00,zone_bc_work_m_v1,0,1610,1,652,0
2,143,40,3.9002366102681334,0.3998647776992751,0.6009308512533329,1.5723980683184144,0.019958484466408466,-3.06150525883396,10,0.000000000000000000e+00,zone_bc_work_m_v1,0,1610,1,652,0
2,143,41,3.9301377441556027,0.3998689427342671,0.5987343215209449,1.5723995383211951,0.019738396421653981,-3.0605422674798812,10,0.000000000000000000e+00,zone_bc_work_m_v1,0,1610,1,652,0
2,143,42,3.9600185169570015,0.39987718648260684,0.5965044990075872,1.5724008474665594,0.019302861439444152,-3.0586546515239963,10,0.000000000000000000e+00,zone_bc_work_m_v1,0,1610,1,652,0
2,143,43,3.989715332546575,0.3998485024643877,0.5937787957640002,1.572721268469633,0.020790506264814379,-3.0492616088117641,10,0.000000000000000000e+00,zone_bc_work_m_v1,0,1610,1,652,0
2,143,44,4.001058206495082,0.42954790639597834,0.5919023660805558,1.5741593029710681,0.036552679162450641,-3.0498267248700333,10,0.000000000000000000e+00,zone_bc_work_m_v1,0,1610,1,652,0
2,143,45,3.9712962558512537,0.42938932399677016,0.5946254101850328,1.5746569089788105,0.044894862056986229,-3.0557829433759318,10,0.000000000000000000e+00,zone_bc_work_m_v1,0,1610,1,652,0
2,143,46,3.9416308873042665,0.4293063368543653,0.5969240488558093,1.5743948973264215,0.049302011552183611,-3.0687017882113579,10,0.000000000000000000e+00,zone_bc_work_m_v1,0,1610,1,652,0
2,143,47,3.9117319221116436,0.4292806963989882,0.5990990225886309,1.5744345692634723,0.050653875316046149,-3.069859354191915,10,0.000000000000000000e+00,zone_bc_work_m_v1,0,1610,1,652,0
2,143,48,3.8818329589198024,0.4292550568643478,0.6012740565992272,1.5744711133102762,0.05200593973061407,-3.0710169846719286,10,0.000000000000000000e+00,zone_bc_work_m_v1,0,1610,1,652,0
2,143,49,3.8519339976235236,0.4292294183727131,0.6034491508892393,1.5745045281510861,0.053358195424744181,-3.0721746884389023,10,0.000000000000000000e+00,zone_bc_work_m_v1,0,1610,1,652,0
2,143,50,3.853179682347199,0.4592165476990509,0.6018989147241067,1.5745201229558483,0.054037127678140395,-3.0727559124310262,10,0.000000000000000000e+00,zone_bc_work_m_v1,0,1610,1,652,0
2,143,51,3.883071453974321,0.45925053665015547,0.5997238541323583,1.5744772316858491,0.052244332421710338,-3.0712210853857025,10,0.000000000000000000e+00,zone_bc_work_m_v1,0,1610,1,652,0
2,143,52,3.912963228900349,0.4592845274722612,0.5975488994840489,1.5744288403206066,0.05045187044099575,-3.0696863898698923,10,0.000000000000000000e+00,zone_bc_work_m_v1,0,1610,1,652,0
2,143,53,3.9428536317778042,0.45931739729937837,0.5953732366975902,1.5743826689660581,0.048718509939891241,-3.0680823632258041,10,0.000000000000000000e+00,zone_bc_work_m_v1,0,1610,1,652,0
2,143,54,3.9725891697998525,0.45933083415285436,0.5930826749965198,1.5747765721507325,0.047977501300448644,-3.0587894793234409,10,0.000000000000000000e+00,zone_bc_work_m_v1,0,1610,1,652,0
2,143,55,4.002412077061925,0.4593987631890748,0.5905114983915686,1.5746358652463255,0.044397529832249871,-3.0552977555908334,10,0.000000000000000000e+00,zone_bc_work_m_v1,0,1610,1,652,0
2,143,56,3.987715939784626,0.48933927100250496,0.5903455029575846,1.5747604525950007,0.04753274964567189,-3.0583557902671439,10,0.000000000000000000e+00,zone_bc_work_m_v1,0,1610,1,652,0
2,143,57,3.9579407094661074,0.48930883792329566,0.5927612353035242,1.5745655115570285,0.04915708985580225,-3.065035002570041,10,0.000000000000000000e+00,zone_bc_work_m_v1,0,1610,1,652,0
2,143,58,3.92808525612095,0.4893155033249597,0.5949875600385693,1.5743799561835712,0.048818780869138267,-3.0682879810312329,10,0.000000000000000000e+00,zone_bc_work_m_v1,0,1610,1,652,0
2,143,59,3.898207610695238,0.489265091176662,0.5971622518324289,1.5744571838437036,0.051476765040313621,-3.0705639197754397,10,0.000000000000000000e+00,zone_bc_work_m_v1,0,1610,1,652,0
2,143,60,3.868329972756294,0.48921468287528214,0.599337176642983,1.5745223170581673,0.054135502808507541,-3.0728401285310047,10,0.000000000000000000e+00,zone_bc_work_m_v1,0,1610,1,652,0
2,143,61,3.8384523415042593,0.4891642793500291,0.6015123344779345,1.574575345746146,0.056794922926141744,-3.0751166741520892,10,0.000000000000000000e+00,zone_bc_work_m_v1,0,1610,1,652,0
2,143,62,3.8488344371381986,0.5191265647584342,0.5991181730290216,1.574568084496307,0.058787953574713558,-3.0774846642279963,10,0.000000000000000000e+00,zone_bc_work_m_v1,0,1610,1,652,0
2,143,63,3.8786968790130367,0.5191936910611062,0.5971243207995536,1.5745458729340975,0.055242972861362594,-3.073788179747027,10,0.000000000000000000e+00,zone_bc_work_m_v1,0,1610,1,652,0
2,143,64,3.908533967274967,0.5192912048021633,0.5949497516878088,1.5744186882797271,0.050099801441958913,-3.0693849289954214,10,0.000000000000000000e+00,zone_bc_work_m_v1,0,1610,1,652,0
2,143,65,3.9384026740758307,0.5193123465647405,0.5927445520583182,1.57446736309149,0.048979104814634633,-3.0667513195467113,10,0.000000000000000000e+00,zone_bc_work_m_v1,0,1610,1,652,0
2,143,66,3.968251942731402,0.5193086986677141,0.5904760356859826,1.5746492962949148,0.049157959606472179,-3.0633414370432952,10,0.000000000000000000e+00,zone_bc_work_m_v1,0,1610,1,652,0
2,143,67,3.9980634407430755,0.5193356137393436,0.5880204802864543,1.5747582213776936,0.047726309170855297,-3.0587380138560474,10,0.000000000000000000e+00,zone_bc_work_m_v1,0,1610,1,652,0
2,143,68,4.007703354527097,0.549396510998965,0.5857597433014639,1.5745813050448287,0.044521295303208364,-3.0567532859256428,10,0.000000000000000000e+00,zone_bc_work_m_v1,0,1610,1,652,0
2,143,69,3.97790249540069,0.5493145190841957,0.5882283824533303,1.5746982725215788,0.048846419553520759,-3.0618480228374678,10,0.000000000000000000e+00,zone_bc_work_m_v1,0,1610,1,652,0
2,143,70,3.9480697768890134,0.5493092559358533,0.5905473885735224,1.5745201732920424,0.049138451831966412,-3.0659238100987904,10,0.000000000000000000e+00,zone_bc_work_m_v1,0,1610,1,652,0
2,143,71,3.918180982873016,0.5493150211329253,0.5927653372109978,1.5744224229952992,0.048841126426323545,-3.0674562433960739,10,0.000000000000000000e+00,zone_bc_work_m_v1,0,1610,1,652,0
2,143,72,3.888450583420903,0.5490959307106704,0.5947803415545486,1.5746406581683212,0.060401817318515238,-3.0779935556427365,10,0.000000000000000000e+00,zone_bc_work_m_v1,0,1610,1,652,0
2,143,73,3.8585751442716383,0.5489973756531631,0.5965069130811973,1.5747129591398288,0.065604707540621643,-3.0819199536584039,10,0.000000000000000000e+00,zone_bc_work_m_v1,0,1610,1,652,0
2,143,74,3.8432999048516128,0.5489469959685644,0.5973900171131301,1.5747341069503982,0.068265581671934861,-3.0839282849947605,10,0.000000000000000000e+00,zone_bc_work_m_v1,0,1610,1,652,0
2,144,1,3.8475389656239574,-0.1996364129376793,0.6095489459403707,1.5702924945867602,-0.0062114569308653333,-3.0606559508663267,10,0.000000000000000000e+00,zone_bc_work_m_v1,0,1610,1,652,0
2,144,2,3.877427437272199,-0.19963795844853027,0.6073002048891858,1.5702903427489145,-0.006129664737586582,-3.0592320873770982,10,0.000000000000000000e+00,zone_bc_work_m_v1,0,1610,1,652,0
2,144,3,3.907315912132441,-0.19963950401945615,0.6050515023499561,1.5702884230823737,-0.0060478760652713515,-3.0578082279209684,10,0.000000000000000000e+00,zone_bc_work_m_v1,0,1610,1,652,0
2,144,4,3.937172025524089,-0.19963952757394096,0.6026896400047829,1.5702727116719597,-0.0060452916995881179,-3.0551923938013497,10,0.000000000000000000e+00,zone_bc_work_m_v1,0,1610,1,652,0
2,144,5,3.96689545646452,-0.19963331506006626,0.5998641644028553,1.5701966998814989,-0.0063667322811475913,-3.0476877380454157,10,0.000000000000000000e+00,zone_bc_work_m_v1,0,1610,1,652,0
2,144,6,3.996691172140925,-0.19960229795801182,0.5969788618354064,1.5700163262496509,-0.007989443865766388,-3.0442711321664255,10,0.000000000000000000e+00,zone_bc_work_m_v1,0,1610,1,652,0
2,144,7,3.991435914758966,-0.1696322296936561,0.597701266322868,1.5701829131435168,-0.0064228067911145104,-3.0463752474415453,10,0.000000000000000000e+00,zone_bc_work_m_v1,0,1610,1,652,0
2,144,8,3.9616650977116663,-0.16963636747545527,0.600530793323985,1.5702346641796314,-0.0062088975537366586,-3.0513766909099669,10,0.000000000000000000e+00,zone_bc_work_m_v1,0,1610,1,652,0
2,144,9,3.931894323415562,-0.1696405101253481,0.6033607944927328,1.5702842813000366,-0.0059943817490235585,-3.0563780960407687,10,0.000000000000000000e+00,zone_bc_work_m_v1,0,1610,1,652,0
2,144,10,3.9020155206351377,-0.16963911970419568,0.6056424049347788,1.570288878725667,-0.0060682126447535456,-3.058162273525781,10,0.000000000000000000e+00,zone_bc_work_m_v1,0,1610,1,652,0
2,144,11,3.8721301831195345,-0.16963739436227715,0.607890860635136,1.5702911012183318,-0.0061595168036607806,-3.0597517672908427,10,0.000000000000000000e+00,zone_bc_work_m_v1,0,1610,1,652,0
2,144,12,3.8422448495692683,-0.169635669097368,0.6101393643316527,1.5702936130492984,-0.0062508250122921272,-3.0613412654448928,10,0.000000000000000000e+00,zone_bc_work_m_v1,0,1610,1,652,0
2,144,13,3.843680069733057,-0.13963516887760793,0.6102234718589618,1.5702943954593491,-0.0062773001480083135,-3.0618021359445642,10,0.000000000000000000e+00,zone_bc_work_m_v1,0,1610,1,652,0
2,144,14,3.8735614396859845,-0.13963712123550223,0.6079752764220361,1.570291479581376,-0.0061739712871109464,-3.0600033956992969,10,0.000000000000000000e+00,zone_bc_work_m_v1,0,1610,1,652,0
2,144,15,3.903442814693758,-0.1396390736933453,0.6057271424513306,1.5702889342383863,-0.0060706474027034663,-3.0582046606796198,10,0.000000000000000000e+00,zone_bc_work_m_v1,0,1610,1,652,0
2,144,16,3.9333117451395863,-0.1396403015980247,0.6033954173796711,1.5702818361893911,-0.006005187987439653,-3.0561264811679445,10,0.000000000000000000e+00,zone_bc_work_m_v1,0,1610,1,652,0
2,144,17,3.963106192314697,-0.13963719486045764,0.6005633012731897,1.5702447493163418,-0.0061660815122448476,-3.0523760584913813,10,0.000000000000000000e+00,zone_bc_work_m_v1,0,1610,1,652,0
2,144,18,3.9929006631296526,-0.1396340908427929,0.5977314518331948,1.5702064617085494,-0.0063266366514067585,-3.0486256073358877,10,0.000000000000000000e+00,zone_bc_work_m_v1,0,1610,1,652,0
2,144,19,3.9877325177932597,-0.10963575877064706,0.5983920947472081,1.5702271886432131,-0.0062403881580639364,-3.0506413081459929,10,0.000000000000000000e+00,zone_bc_work_m_v1,0,1610,1,652,0
2,144,20,3.9579238583522054,-0.10963824269429169,0.6012253381896918,1.5702573958510602,-0.0061118374303106293,-3.0536413606080037,10,0.000000000000000000e+00,zone_bc_work_m_v1,0,1610,1,652,0
2,144,21,3.9281152137137396,-0.10964072834414863,0.6040587522929008,1.5702868340975416,-0.0059830723650220463,-3.0566413892403848,10,0.000000000000000000e+00,zone_bc_work_m_v1,0,1610,1,652,0
2,144,22,3.8982394951774526,-0.10963851469508024,0.6063107206979736,1.5702896251163865,-0.0061002284311211241,-3.0587196377507468,10,0.000000000000000000e+00,zone_bc_work_m_v1,0,1610,1,652,0
2,144,23,3.86836328572238,-0.10963626629315686,0.608558455237915,1.5702927108275913,-0.0062192180458027213,-3.0607910561703986,10,0.000000000000000000e+00,zone_bc_work_m_v1,0,1610,1,652,0
2,144,24,3.838487082874595,-0.10963401802930345,0.6108062713005912,1.5702962879555862,-0.0063382133899403392,-3.0628624798803878,10,0.000000000000000000e+00,zone_bc_work_m_v1,0,1610,1,652,0
2,144,25,3.841290403433059,-0.07963316471480923,0.6107874354058278,1.5702977743656641,-0.0063833804266835159,-3.0636487123759997,10,0.000000000000000000e+00,zone_bc_work_m_v1,0,1610,1,652,0
2,144,26,3.871159593856067,-0.0796358146558945,0.6085401492674533,1.5702933899478528,-0.0062431211515707741,-3.0612071583851872,10,0.000000000000000000e+00,zone_bc_work_m_v1,0,1610,1,652,0
2,144,27,3.9010287933878516,-0.07963846479285132,0.6062929763938834,1.5702896882686344,-0.0061028691976283689,-3.0587656105407821,10,0.000000000000000000e+00,zone_bc_work_m_v1,0,1610,1,652,0
2,144,28,3.9308886704910924,-0.07964217202177208,0.6039644546029806,1.5702906643744161,-0.0059071385560569567,-3.0561984026209634,10,0.000000000000000000e+00,zone_bc_work_m_v1,0,1610,1,652,0
2,144,29,3.9606907650204346,-0.07965242428056397,0.601131574092053,1.5703187251344519,-0.0053679356708946635,-3.0528528308110254,10,0.000000000000000000e+00,zone_bc_work_m_v1,0,1610,1,652,0
2,144,30,3.990492878144489,-0.07966267463491478,0.5982989110193123,1.5703503781734818,-0.004829094050097904,-3.0495072325362291,10,0.000000000000000000e+00,zone_bc_work_m_v1,0,1610,1,652,0
2,144,31,3.9858869623198165,-0.049666008684616014,0.5989059636943429,1.5703614488932214,-0.0046538886702165438,-3.0484188899658591,10,0.000000000000000000e+00,zone_bc_work_m_v1,0,1610,1,652,0
2,144,32,3.956098618643066,-0.049653528822370015,0.6017373321428006,1.5703219630397443,-0.0053098591409748153,-3.052492352934141,10,0.000000000000000000e+00,zone_bc_work_m_v1,0,1610,1,652,0
2,144,33,3.9263103027062622,-0.04964104610867755,0.6045690229162827,1.5702878020349311,-0.0059663694917846399,-3.0565657789653056,10,0.000000000000000000e+00,zone_bc_work_m_v1,0,1610,1,652,0
2,144,34,3.896452852675142,-0.04963759720268214,0.6068293177009264,1.57029082491706,-0.0061487821646579732,-3.0595648940910936,10,0.000000000000000000e+00,zone_bc_work_m_v1,0,1610,1,652,0
2,144,35,3.86659371701029,-0.0496343706092936,0.609075731613718,1.5702956944703903,-0.0063195513559910488,-3.0625376234033412,10,0.000000000000000000e+00,zone_bc_work_m_v1,0,1610,1,652,0
2,144,36,3.836734594513573,-0.04963114432547792,0.6113223134619153,1.5703015762156207,-0.006490328372769083,-3.0655103561229602,10,0.000000000000000000e+00,zone_bc_work_m_v1,0,1610,1,652,0
2,144,37,3.8404060687131345,-0.019629222505383095,0.6112426288647551,1.5703080896240977,-0.006592253555511407,-3.0676648301115796,10,0.000000000000000000e+00,zone_bc_work_m_v1,0,1610,1,652,0
2,144,38,3.8702434779438577,-0.019633256837439293,0.6089931895636981,1.5702976104835651,-0.0063785041796828867,-3.0635638308267401,10,0.000000000000000000e+00,zone_bc_work_m_v1,0,1610,1,652,0
2,144,39,3.900086955963467,-0.019637380504549058,0.6067479892862216,1.570291120240785,-0.0061602501809228105,-3.0597645342031243,10,0.000000000000000000e+00,zone_bc_work_m_v1,0,1610,1,652,0
2,144,40,3.9299163701529767,-0.01964367883543097,0.6043955171363392,1.5702945629724372,-0.0058278741699138159,-3.0557067300831031,10,0.000000000000000000e+00,zone_bc_work_m_v1,0,1610,1,652,0
2,144,41,3.959683257419852,-0.01965963112019023,0.6015658222299729,1.5703406043841528,-0.0049890575126463332,-3.050500671099313,10,0.000000000000000000e+00,zone_bc_work_m_v1,0,1610,1,652,0
2,144,42,3.9894501915701626,-0.01967557849275288,0.5987366536718459,1.5703953387920762,-0.0041511617272946832,-3.0452945725011547,10,0.000000000000000000e+00,zone_bc_work_m_v1,0,1610,1,652,0
2,144,43,3.9850811536349315,0.01030368074663252,0.5992664426400308,1.5704951609850641,-0.0030640924924525414,-3.0436184418510286,10,0.000000000000000000e+00,zone_bc_work_m_v1,0,1610,1,652,0
2,144,44,3.955320842914079,0.010335451229371222,0.6021496813849854,1.5703565544183353,-0.0047306039453460791,-3.0488954626102212,10,0.000000000000000000e+00,zone_bc_work_m_v1,0,1610,1,652,0
2,144,45,3.9255918996675025,0.010357546541721723,0.6049759583456163,1.5702913866343289,-0.0058923334767344571,-3.0561065710265565,10,0.000000000000000000e+00,zone_bc_work_m_v1,0,1610,1,652,0
2,144,46,3.895782824454521,0.010364524441866469,0.6072638013211044,1.5702939128837046,-0.0062610683918222776,-3.0615195793216867,10,0.000000000000000000e+00,zone_bc_work_m_v1,0,1610,1,652,0
2,144,47,3.865965273169232,0.010369997211963926,0.6095087115024311,1.5703046760044557,-0.0065508166671033319,-3.0666807244384127,10,0.000000000000000000e+00,zone_bc_work_m_v1,0,1610,1,652,0
2,144,48,3.8361320027802472,0.010373387649645169,0.6117686236493571,1.5703201026234197,-0.0067308624878323897,-3.0709574976687186,10,0.000000000000000000e+00,zone_bc_work_m_v1,0,1610,1,652,0
2,144,49,3.8410875938313542,0.040374524697224065,0.6115954745895766,1.5703256218935024,-0.0067912415498629919,-3.0723922062209992,10,0.000000000000000000e+00,zone_bc_work_m_v1,0,1610,1,652,0
2,144,50,3.8709290720968403,0.040371478497140977,0.6093348452605045,1.5703112260844931,-0.0066294799737725008,-3.0685490273125979,10,0.000000000000000000e+00,zone_bc_work_m_v1,0,1610,1,652,0
2,144,51,3.900735341732857,0.04036593854503584,0.6070831973883813,1.5702962142056893,-0.0063359148573680635,-3.0628224686102401,10,0.000000000000000000e+00,zone_bc_work_m_v1,0,1610,1,652,0
2,144,52,3.930457869485676,0.040349175818991403,0.6046824221847561,1.5703141086095314,-0.0054520738732373175,-3.0533750254133394,10,0.000000000000000000e+00,zone_bc_work_m_v1,0,1610,1,652,0
2,144,53,3.9601351704514105,0.040303440327659854,0.6018273058177893,1.5704963617132859,-0.0030514958451701713,-3.0436063104530935,10,0.000000000000000000e+00,zone_bc_work_m_v1,0,1610,1,652,0
2,144,54,3.989918145217628,0.040231470592353186,0.5988488612856333,1.5708695152079772,0.00071796114188793503,-3.0400043236894683,10,0.000000000000000000e+00,zone_bc_work_m_v1,0,1610,1,652,0
2,144,55,3.987016169987462,0.07020973674151533,0.5990399224895259,1.5709870177545033,0.0018557983851317239,-3.0391978243313682,10,0.000000000000000000e+00,zone_bc_work_m_v1,0,1610,1,652,0
2,144,56,3.957189301362902,0.07022693731659525,0.6021432325679874,1.5708938725273107,0.00095530818979394638,-3.039836131037311,10,0.000000000000000000e+00,zone_bc_work_m_v1,0,1610,1,652,0
2,144,57,3.9275261272227757,0.0703377957506878,0.6051300339394706,1.5703488468850026,-0.0048538153546204832,-3.0496607758157732,10,0.000000000000000000e+00,zone_bc_work_m_v1,0,1610,1,652,0
2,144,58,3.8979599093190456,0.07037064117336711,0.6074894430327424,1.5703074873488636,-0.0065850142417245294,-3.067492892627206,10,0.000000000000000000e+00,zone_bc_work_m_v1,0,1610,1,652,0
2,144,59,3.86811171971665,0.07037340726880689,0.6097504664964526,1.5703201963829687,-0.0067319043117148869,-3.0709822510362801,10,0.000000000000000000e+00,zone_bc_work_m_v1,0,1610,1,652,0
2,144,60,3.8382635474173568,0.07037617243486126,0.612011721045753,1.5703339283812965,-0.0068787354609476381,-3.0744716720627552,10,0.000000000000000000e+00,zone_bc_work_m_v1,0,1610,1,652,0
2,144,61,3.842277380356551,0.0998185149351822,0.6115530564323229,1.572282728218179,0.02240884297111112,-3.075353082151,10,0.000000000000000000e+00,zone_bc_work_m_v1,0,1610,1,652,0
2,144,62,3.8721266576442783,0.09982767374650017,0.6092963473501692,1.5723264669426542,0.021922589693942118,-3.0719026311920721,10,0.000000000000000000e+00,zone_bc_work_m_v1,0,1610,1,652,0
2,144,63,3.9019759516929997,0.0998368355727907,0.6070398681412251,1.5723668537986324,0.021436154084752523,-3.0684523484740582,10,0.000000000000000000e+00,zone_bc_work_m_v1,0,1610,1,652,0
2,144,64,3.931419740522193,0.09999681613852365,0.6046706238113341,1.5720668066728054,0.013010407359316467,-3.0442474546900682,10,0.000000000000000000e+00,zone_bc_work_m_v1,0,1610,1,652,0
2,144,65,3.9611659076096317,0.10012665808298461,0.601618955791689,1.5714344892440064,0.0062054428255473582,-3.0391130945633469,10,0.000000000000000000e+00,zone_bc_work_m_v1,0,1610,1,652,0
2,144,66,3.9909970473834075,0.10014344658868049,0.5985150907377405,1.5713462855726261,0.005326232325340019,-3.0387020340275539,30,0.000000000000000000e+00,zone_bc_work_m_v1,0,1610,1,652,0
2,144,67,3.98904171196422,0.1300739730547861,0.5985490051181216,1.5717019100577869,0.0089655299134705491,-3.0409254853336232,10,0.000000000000000000e+00,zone_bc_work_m_v1,0,1610,1,652,0
2,144,68,3.9592581181818387,0.12999479009724432,0.6015500923230024,1.5720755371582178,0.013116704983182847,-3.0443719888030878,10,0.000000000000000000e+00,zone_bc_work_m_v1,0,1610,1,652,0
2,144,69,3.9296389909424136,0.1298828142910591,0.6042900915495736,1.5723934701239481,0.019006189765035986,-3.0577517250489135,10,0.000000000000000000e+00,zone_bc_work_m_v1,0,1610,1,652,0
2,144,70,3.8998775537100694,0.12984632315803207,0.6065493831647634,1.5723864671592196,0.020933843513287087,-3.0657723977376214,10,0.000000000000000000e+00,zone_bc_work_m_v1,0,1610,1,652,0
2,144,71,3.870046819748163,0.12983205746359078,0.6087918481229714,1.5723462109714355,0.021689843484567373,-3.0702515927214558,10,0.000000000000000000e+00,zone_bc_work_m_v1,0,1610,1,652,0
2,144,72,3.8402045200612127,0.1298219190054155,0.6110479954489163,1.5722993777370768,0.022228120117769867,-3.0740704922636835,10,0.000000000000000000e+00,zone_bc_work_m_v1,0,1610,1,652,0
2,144,73,3.844854634541145,0.15982869790265347,0.6100346228852419,1.5723311486785221,0.0218682142035731,-3.0715168769282055,10,0.000000000000000000e+00,zone_bc_work_m_v1,0,1610,1,652,0
2,144,74,3.874688296405707,0.15984005163630016,0.607779280187079,1.5723802329856564,0.021265399168294508,-3.0672415009016838,10,0.000000000000000000e+00,zone_bc_work_m_v1,0,1610,1,652,0
2,144,75,3.9045286049610315,0.1598580023233299,0.6055863148874809,1.5723947736974775,0.020316542163588913,-3.0630718327518345,10,0.000000000000000000e+00,zone_bc_work_m_v1,0,1610,1,652,0
2,144,76,3.9343492491384096,0.15988015046240592,0.6033039441530523,1.5723955471203912,0.019146734292342149,-3.0582564937152243,10,0.000000000000000000e+00,zone_bc_work_m_v1,0,1610,1,652,0
2,144,77,3.9640784833647795,0.15992136301368395,0.6006037706278894,1.5723475870609664,0.016973224348090232,-3.0504468789856016,10,0.000000000000000000e+00,zone_bc_work_m_v1,0,1610,1,652,0
2,144,78,3.993801053206985,0.1600184767845835,0.5977751964500811,1.5719717054032483,0.0118741366235946,-3.0429252695215157,10,0.000000000000000000e+00,zone_bc_work_m_v1,0,1610,1,652,0
2,144,79,3.993335062772648,0.18993211250437386,0.5973889807188955,1.5723295154498158,0.016406640803525718,-3.0484097588671899,10,0.000000000000000000e+00,zone_bc_work_m_v1,0,1610,1,652,0
2,144,80,3.963562343995862,0.18990301050802177,0.6000923755594261,1.572373123059966,0.017940877887994144,-3.0539246864956726,10,0.000000000000000000e+00,zone_bc_work_m_v1,0,1610,1,652,0
2,144,81,3.9337896758435646,0.18987390569747936,0.6027963911200818,1.5723998617606636,0.019476238610267593,-3.0594398092628019,10,0.000000000000000000e+00,zone_bc_work_m_v1,0,1610,1,652,0
2,144,82,3.9039294349822082,0.1898605676242288,0.605008990308757,1.5723961527405814,0.020180969033859908,-3.0624786871950258,10,0.000000000000000000e+00,zone_bc_work_m_v1,0,1610,1,652,0
2,144,83,3.874065835694523,0.189847836953357,0.6072028338592808,1.5723877314387584,0.020853825664002512,-3.0654223519811223,10,0.000000000000000000e+00,zone_bc_work_m_v1,0,1610,1,652,0
2,144,84,3.8442185592357143,0.1898350402481711,0.6094209265499526,1.5723592047901609,0.021531475519188215,-3.0691283552455855,10,0.000000000000000000e+00,zone_bc_work_m_v1,0,1610,1,652,0
2,144,85,4.027772028598607,0.2199592508958059,0.5936388962549611,1.5722243843203896,0.014981700024891964,-3.0465560570482348,10,1.000000000000000000e+00,zone_bc_work_m_v1,0,1610,1,652,0
2,144,86,4.05547132273218,0.2200607097936245,0.5909478659371583,1.57177397757159,0.0096598997843233558,-3.0407273718494441,30,0.000000000000000000e+00,zone_bc_work_m_v1,0,1610,1,652,0
2,144,87,4.059081245857466,0.2499742598691623,0.5901826248827365,1.5721682985992262,0.014193421028604103,-3.0452262441494811,10,0.000000000000000000e+00,zone_bc_work_m_v1,0,1610,1,652,0
2,144,88,4.029291127849116,0.24992777969538651,0.5930074911655197,1.5723370763408748,0.01663499640672117,-3.0492308719934877,30,0.000000000000000000e+00,zone_bc_work_m_v1,0,1610,1,652,0
2,144,89,4.033005897339994,0.27991923217874437,0.592111713986539,1.5723508961170962,0.017085553677880894,-3.0508506819860939,10,0.000000000000000000e+00,zone_bc_work_m_v1,0,1610,1,652,0
2,144,90,4.06271269244629,0.2799742598691623,0.5894018138879354,1.5721682985992262,0.014193421028604103,-3.0452262441494811,30,0.000000000000000000e+00,zone_bc_work_m_v1,0,1610,1,652,0
2,144,91,4.06754639268428,0.3098661399882304,0.5883734665957204,1.5726364888555273,0.019865898712942531,-3.0492208900945559,10,0.000000000000000000e+00,zone_bc_work_m_v1,0,1610,1,652,0
2,144,92,4.03773309318975,0.30990480047612945,0.5911241816759355,1.5723923187496656,0.017844582419949573,-3.0523867517627545,30,0.000000000000000000e+00,zone_bc_work_m_v1,0,1610,1,652,0
2,144,93,4.010844009111764,0.339902254065389,0.5930066855702814,1.5723938677300271,0.017979019271728847,-3.052964732750798,10,0.000000000000000000e+00,zone_bc_work_m_v1,0,1610,1,652,0
2,144,94,4.040668018857416,0.33988248971586704,0.5902613815591027,1.5725359144583826,0.019010840834893461,-3.0503361806813349,30,0.000000000000000000e+00,zone_bc_work_m_v1,0,1610,1,652,0
2,144,95,4.070520418808592,0.33986713609408364,0.5874968321810476,1.5726303065430558,0.019813809714229524,-3.0492888498075299,30,0.000000000000000000e+00,zone_bc_work_m_v1,0,1610,1,652,0
2,144,96,4.072457313702701,0.33986613998823045,0.5873174627750211,1.5726364888555273,0.019865898712942531,-3.0492208900945559,30,0.000000000000000000e+00,zone_bc_work_m_v1,0,1610,1,652,0
2,144,97,4.0775082479503215,0.3697776355599648,0.5862285895103038,1.5731169108447323,0.024500590036025782,-3.047149373779932,10,0.000000000000000000e+00,zone_bc_work_m_v1,0,1610,1,652,0
2,144,98,4.047672418994774,0.3698414693775239,0.5890123058466912,1.5727614123569045,0.021158617530731672,-3.0489773158944868,30,0.000000000000000000e+00,zone_bc_work_m_v1,0,1610,1,652,0
2,144,99,4.017823287457444,0.3698717407302898,0.5917762280739874,1.5725901230534269,0.019574087486079916,-3.050200633392989,30,0.000000000000000000e+00,zone_bc_work_m_v1,0,1610,1,652,0
2,144,100,4.0195587013992,0.3998112905641619,0.5909736471846706,1.5729319511543869,0.022738352181174148,-3.0479375208905504,10,0.000000000000000000e+00,zone_bc_work_m_v1,0,1610,1,652,0
2,144,101,4.049418217923419,0.3997956154920937,0.5881464205028043,1.5730177494474686,0.023559153014686585,-3.0475705371816417,30,0.000000000000000000e+00,zone_bc_work_m_v1,0,1610,1,652,0
2,144,102,4.079277734684799,0.3997799413270081,0.5853192093201929,1.5731041496167708,0.024379862306203037,-3.0472033973807302,30,0.000000000000000000e+00,zone_bc_work_m_v1,0,1610,1,652,0
2,144,103,4.083670403097134,0.3997776355599648,0.5849032962881455,1.5731169108447323,0.024500590036025782,-3.047149373779932,30,0.000000000000000000e+00,zone_bc_work_m_v1,0,1610,1,652,0
2,144,104,4.090598391561933,0.4297092472309392,0.583414119838587,1.5734668097340534,0.028084216678999185,-3.0467766963427709,10,0.000000000000000000e+00,zone_bc_work_m_v1,0,1610,1,652,0
2,144,105,4.060738073409849,0.4296824984093382,0.5862535173068472,1.5735924627204221,0.029487047151553814,-3.0470355829941318,30,0.000000000000000000e+00,zone_bc_work_m_v1,0,1610,1,652,0
2,144,106,4.030877755386016,0.429655750076088,0.5890929539390685,1.5737173976933849,0.030889977369148891,-3.0472941382567065,30,0.000000000000000000e+00,zone_bc_work_m_v1,0,1610,1,652,0
2,144,107,4.032235004537444,0.4594666929842843,0.5879407981490856,1.5744702327628377,0.040819701008799836,-3.0518060499899575,10,0.000000000000000000e+00,zone_bc_work_m_v1,0,1610,1,652,0
2,144,108,4.062069843249046,0.45952438890177877,0.5851402826294064,1.5742652564689621,0.037786794108693345,-3.0500245220418662,10,0.000000000000000000e+00,zone_bc_work_m_v1,0,1610,1,652,0
2,144,109,4.091904906252905,0.4595818961238577,0.5823357655006102,1.5740493571350789,0.034765103303577183,-3.0482735920725479,30,0.000000000000000000e+00,zone_bc_work_m_v1,0,1610,1,652,0
2,144,110,4.098539562123226,0.4595946842919,0.5817121349728139,1.5739999152897779,0.034093318046356291,-3.0478840977744905,30,0.000000000000000000e+00,zone_bc_work_m_v1,0,1610,1,652,0
2,144,111,4.107057809856755,0.4895946842919,0.5798797983149878,1.5739999152897779,0.034093318046356291,-3.0478840977744905,10,0.000000000000000000e+00,zone_bc_work_m_v1,0,1610,1,652,0
2,144,112,4.077267233638902,0.48945872402350804,0.5826293317571767,1.5744909530893592,0.041239306514826879,-3.052215675127754,30,0.000000000000000000e+00,zone_bc_work_m_v1,0,1610,1,652,0
2,144,113,4.047416795321964,0.48941890617808476,0.5852012251562013,1.5745893493220628,0.043336377106502511,-3.0542623802023772,30,0.000000000000000000e+00,zone_bc_work_m_v1,0,1610,1,652,0
2,144,114,4.017566364205525,0.4893790883324377,0.5877732822161085,1.5746791844246717,0.045434206171698355,-3.0563090731634324,10,0.000000000000000000e+00,zone_bc_work_m_v1,0,1610,1,652,0
2,144,115,4.027938911651276,0.5193580215371173,0.5854469328046561,1.5746944970049721,0.046546840184514826,-3.0580099067590663,10,0.000000000000000000e+00,zone_bc_work_m_v1,0,1610,1,652,0
2,144,116,4.057814383412747,0.5193804296805816,0.5828734220453969,1.5746290609235754,0.045367536879102222,-3.0572817271456376,10,0.000000000000000000e+00,zone_bc_work_m_v1,0,1610,1,652,0
2,144,117,4.087688135230976,0.5194067499776215,0.5803230747634897,1.5745529047449205,0.043982332092985743,-3.0563606312276477,30,0.000000000000000000e+00,zone_bc_work_m_v1,0,1610,1,652,0
2,144,118,4.11660337654565,0.5194114625211828,0.5778426566248186,1.5747330270215407,0.043717317474366801,-3.0517569637439976,30,0.000000000000000000e+00,zone_bc_work_m_v1,0,1610,1,652,0
2,144,119,4.127174359484752,0.5494114625211828,0.5755683652777142,1.5747330270215407,0.043717317474366801,-3.0517569637439976,10,0.000000000000000000e+00,zone_bc_work_m_v1,0,1610,1,652,0
2,144,120,4.0973497498376314,0.5494209806920417,0.5782071384944257,1.5745538344744401,0.043229769607008306,-3.0548638296528527,30,0.000000000000000000e+00,zone_bc_work_m_v1,0,1610,1,652,0
2,144,121,4.06747814859925,0.5494183102489626,0.5807535579900704,1.5745203326095094,0.043373868785922864,-3.0559172928955105,30,0.000000000000000000e+00,zone_bc_work_m_v1,0,1610,1,652,0
2,144,122,4.03759075142042,0.549407410606457,0.5832566458336054,1.5745510578456146,0.043947559108660661,-3.056335296392763,10,0.000000000000000000e+00,zone_bc_work_m_v1,0,1610,1,652,0
2,145,1,4.120328537728195,-0.5289511589324072,0.5770396163402834,1.566998925559461,-0.042139786164742343,-3.0516941164130245,10,0.000000000000000000e+00,zone_bc_work_m_v1,0,1610,1,652,0
2,145,2,4.090470744827901,-0.5289348308191475,0.5796850624534595,1.5669788370877689,-0.04300158623701078,-3.0530216381969559,30,0.000000000000000000e+00,zone_bc_work_m_v1,0,1610,1,652,0
2,145,3,4.06066241260683,-0.5288620882130115,0.5823526282201387,1.5668185905096708,-0.046834563541039653,-3.0568330696095787,30,0.000000000000000000e+00,zone_bc_work_m_v1,0,1610,1,652,0
2,145,4,4.030794394427981,-0.5288469003622404,0.5847578039405585,1.5668391863879574,-0.047639371808001929,-3.058686768035181,30,0.000000000000000000e+00,zone_bc_work_m_v1,0,1610,1,652,0
2,145,5,4.000921567112468,-0.5288363545392767,0.587141856698801,1.5668749304823457,-0.048199869550500596,-3.0603827359748088,30,0.000000000000000000e+00,zone_bc_work_m_v1,0,1610,1,652,0
2,145,6,3.9710487442537117,-0.5288258102099556,0.5895259696989388,1.5669125751339035,-0.048760318214303711,-3.0620788384801259,10,0.000000000000000000e+00,zone_bc_work_m_v1,0,1610,1,652,0
2,145,7,3.9411759256984005,-0.5288152674245935,0.591910142950852,1.5669521205211152,-0.049320710481867369,-3.0637750755125674,10,0.000000000000000000e+00,zone_bc_work_m_v1,0,1610,1,652,0
2,145,8,3.911308016381562,-0.5287997382324867,0.5942852902193548,1.566988313756468,-0.050144257053943875,-3.0657649595990852,10,0.000000000000000000e+00,zone_bc_work_m_v1,0,1610,1,652,0
2,145,9,3.8815513286868857,-0.5286711888646517,0.5964557413556445,1.5669675520003019,-0.056935594548257695,-3.0744097672705339,10,0.000000000000000000e+00,zone_bc_work_m_v1,0,1610,1,652,0
2,145,10,3.851700337979248,-0.5286281490785854,0.5982852443321602,1.5671032448403301,-0.059218230887669421,-3.0792727736331176,10,0.000000000000000000e+00,zone_bc_work_m_v1,0,1610,1,652,0
2,145,11,3.8643342014131274,-0.4986923110246348,0.5991665174631514,1.5669628961834086,-0.055819237617044104,-3.0729886755508904,10,0.000000000000000000e+00,zone_bc_work_m_v1,0,1610,1,652,0
2,145,12,3.8941846265189883,-0.4987475328612475,0.5969931920438213,1.5669657198286422,-0.052901466680809639,-3.0692746279599068,10,0.000000000000000000e+00,zone_bc_work_m_v1,0,1610,1,652,0
2,145,13,3.9240350713002816,-0.49880276245463223,0.5948202895730302,1.5669902154092288,-0.049984570605248857,-3.0655616871476248,10,0.000000000000000000e+00,zone_bc_work_m_v1,0,1610,1,652,0
2,145,14,3.9538956672140317,-0.4988189416641801,0.592445981102147,1.5669381221926526,-0.049125406959231288,-3.063183880237303,10,0.000000000000000000e+00,zone_bc_work_m_v1,0,1610,1,652,0
2,145,15,3.9837567332773345,-0.49883334255799633,0.5900625866649949,1.5668854891920012,-0.048359958482196985,-3.0608671880342402,10,0.000000000000000000e+00,zone_bc_work_m_v1,0,1610,1,652,0
2,145,16,4.013617807573121,-0.49884774626504713,0.5876793046156762,1.5668364018178811,-0.047594414548667752,-3.0585507468459006,30,0.000000000000000000e+00,zone_bc_work_m_v1,0,1610,1,652,0
2,145,17,4.043472963672806,-0.498870170489399,0.5851870721608758,1.5668349560720451,-0.046408564970426669,-3.0564095799429158,30,0.000000000000000000e+00,zone_bc_work_m_v1,0,1610,1,652,0
2,145,18,4.07331850543756,-0.4989056110201354,0.582517926548722,1.5669109666858352,-0.044540940133734441,-3.0545526269761938,30,0.000000000000000000e+00,zone_bc_work_m_v1,0,1610,1,652,0
2,145,19,4.103164968692754,-0.49894045754447663,0.5798504299852224,1.5669928626730227,-0.042705244653035379,-3.0527365773310304,30,0.000000000000000000e+00,zone_bc_work_m_v1,0,1610,1,652,0
2,145,20,4.110133280151193,-0.4989511589324072,0.5792330211944421,1.566998925559461,-0.042139786164742343,-3.0516941164130245,30,0.000000000000000000e+00,zone_bc_work_m_v1,0,1610,1,652,0
2,145,21,4.1012830469660235,-0.4691864521115609,0.5811155577707541,1.5679485505342803,-0.029782628060122773,-3.046249509209042,10,0.000000000000000000e+00,zone_bc_work_m_v1,0,1610,1,652,0
2,145,22,4.071476045799052,-0.46906519346508524,0.5839689379161391,1.5674483091825686,-0.036149331275838748,-3.0492194586664634,30,0.000000000000000000e+00,zone_bc_work_m_v1,0,1610,1,652,0
2,145,23,4.041663846364784,-0.4689701411551959,0.5866427638427257,1.5671337896871012,-0.041147915033591165,-3.052792227033327,30,0.000000000000000000e+00,zone_bc_work_m_v1,0,1610,1,652,0
2,145,24,4.011851501502615,-0.4688759311994232,0.5893115037447145,1.5668595308593649,-0.046106034299851162,-3.056383081745214,30,0.000000000000000000e+00,zone_bc_work_m_v1,0,1610,1,652,0
2,145,25,3.9820205268393276,-0.46883859189209864,0.5917518652390543,1.5668671879293692,-0.048080954262890607,-3.0600228962433755,30,0.000000000000000000e+00,zone_bc_work_m_v1,0,1610,1,652,0
2,145,26,3.952184776980882,-0.4688158829168047,0.5941336377741339,1.56694975943235,-0.049287993924284512,-3.0636760378170322,10,0.000000000000000000e+00,zone_bc_work_m_v1,0,1610,1,652,0
2,145,27,3.922327726390783,-0.4687865940905925,0.5964055822602679,1.5669808026278189,-0.050838348098434016,-3.0666484895796038,10,0.000000000000000000e+00,zone_bc_work_m_v1,0,1610,1,652,0
2,145,28,3.8924516442791366,-0.4687514255917716,0.5985793787828031,1.5669667367749498,-0.052695832794495967,-3.0690128793770381,10,0.000000000000000000e+00,zone_bc_work_m_v1,0,1610,1,652,0
2,145,29,3.8625755702131324,-0.46871626018539475,0.6007533468031234,1.5669614578944646,-0.05455367774958475,-3.0713777145895351,10,0.000000000000000000e+00,zone_bc_work_m_v1,0,1610,1,652,0
2,145,30,3.832699503582775,-0.4686810983486397,0.6029274863399348,1.5669649722370402,-0.056411833160230573,-3.0737430256161189,10,0.000000000000000000e+00,zone_bc_work_m_v1,0,1610,1,652,0
2,145,31,3.8483507596373223,-0.4387166746422583,0.603247882746472,1.5669614689162734,-0.054531778372476802,-3.0713498387713511,10,0.000000000000000000e+00,zone_bc_work_m_v1,0,1610,1,652,0
2,145,32,3.8782388117573117,-0.43874247014270584,0.6010735494720248,1.5669645583033267,-0.05316891484681574,-3.0696150590684592,10,0.000000000000000000e+00,zone_bc_work_m_v1,0,1610,1,652,0
2,145,33,3.9081268681231216,-0.4387682673726058,0.5988993084841758,1.5669723768625894,-0.051806238356121082,-3.0678805232083932,10,0.000000000000000000e+00,zone_bc_work_m_v1,0,1610,1,652,0
2,145,34,3.938014928975482,-0.438794066143582,0.5967251597744166,1.5669849221005359,-0.050443768550164636,-3.0661462192005562,10,0.000000000000000000e+00,zone_bc_work_m_v1,0,1610,1,652,0
2,145,35,3.9678194505894866,-0.4388357374343197,0.5944360997380359,1.5668770811214985,-0.048232668916784904,-3.0604819896615885,10,0.000000000000000000e+00,zone_bc_work_m_v1,0,1610,1,652,0
2,145,36,3.9975471199546444,-0.43899254234692203,0.5918832996106961,1.5672042223905698,-0.039969510000294362,-3.0519382056123381,10,0.000000000000000000e+00,zone_bc_work_m_v1,0,1610,1,652,0
2,145,37,4.027352262929162,-0.43909104082311756,0.589087699149844,1.5675517876196234,-0.034791824719553555,-3.0485868181622235,30,0.000000000000000000e+00,zone_bc_work_m_v1,0,1610,1,652,0
2,145,38,4.05719601541654,-0.43913393467464257,0.5862334315841179,1.5677272790408314,-0.032539498349478668,-3.0475364432372971,30,0.000000000000000000e+00,zone_bc_work_m_v1,0,1610,1,652,0
2,145,39,4.087039769958524,-0.4391768281027924,0.583379282571431,1.5679074736839129,-0.030287770144430404,-3.0464854210116497,30,0.000000000000000000e+00,zone_bc_work_m_v1,0,1610,1,652,0
2,145,40,4.093735889644891,-0.4391864521115609,0.5827389061556563,1.5679485505342803,-0.029782628060122773,-3.046249509209042,30,0.000000000000000000e+00,zone_bc_work_m_v1,0,1610,1,652,0
2,145,41,4.086188732323759,-0.40918645211156085,0.5843622545405585,1.5679485505342803,-0.029782628060122773,-3.046249509209042,10,0.000000000000000000e+00,zone_bc_work_m_v1,0,1610,1,652,0
2,145,42,4.056327755994374,-0.4092021538972731,0.5872162089422565,1.5680317916903106,-0.028960043150796366,-3.0464072552716934,30,0.000000000000000000e+00,zone_bc_work_m_v1,0,1610,1,652,0
2,145,43,4.026466779708434,-0.40921785630888957,0.5900701768339858,1.5681147724017253,-0.028137419735359215,-3.0465648565433305,30,0.000000000000000000e+00,zone_bc_work_m_v1,0,1610,1,652,0
2,145,44,3.9966322104954215,-0.40923180701738643,0.5929166757868359,1.5682277188712779,-0.027410283941193825,-3.0481440403767714,30,0.000000000000000000e+00,zone_bc_work_m_v1,0,1610,1,652,0
2,145,45,3.966909061608527,-0.4092383889866279,0.5957322728901753,1.5684650961933495,-0.027083672530509029,-3.0557185582497257,10,0.000000000000000000e+00,zone_bc_work_m_v1,0,1610,1,652,0
2,145,46,3.9370600296269935,-0.40923514464956323,0.5980935247180414,1.5685313466148751,-0.02726070260978708,-3.0586867851924997,10,0.000000000000000000e+00,zone_bc_work_m_v1,0,1610,1,652,0
2,145,47,3.907163454387675,-0.4092281826141872,0.6002830204163343,1.5685349633823478,-0.027628807286248724,-3.0599161797400054,10,0.000000000000000000e+00,zone_bc_work_m_v1,0,1610,1,652,0
2,145,48,3.877266881543197,-0.40922122076164485,0.6024725472953407,1.5685394831562283,-0.027996937883195017,-3.0611456050109789,10,0.000000000000000000e+00,zone_bc_work_m_v1,0,1610,1,652,0
2,145,49,3.8473703110360398,-0.4092142591091297,0.6046621053593892,1.5685449060844587,-0.028365091882372351,-3.0623750608276299,10,0.000000000000000000e+00,zone_bc_work_m_v1,0,1610,1,652,0
2,145,50,3.836675424811592,-0.3792061189649312,0.6063149890272574,1.568552392915942,-0.028795609155688462,-3.0638127303884035,10,0.000000000000000000e+00,zone_bc_work_m_v1,0,1610,1,652,0
2,145,51,3.866566170739122,-0.37921481987275213,0.6041258064575563,1.5685444358110345,-0.028335435724665237,-3.0622760252108545,10,0.000000000000000000e+00,zone_bc_work_m_v1,0,1610,1,652,0
2,145,52,3.8964569202353467,-0.3792235211177473,0.6019366726106972,1.5685378898032916,-0.027875295234429442,-3.0607393674959447,10,0.000000000000000000e+00,zone_bc_work_m_v1,0,1610,1,652,0
2,145,53,3.926347673412594,-0.37923222266634726,0.5997475874784679,1.5685327546153787,-0.027415192602784355,-3.0592027575908523,10,0.000000000000000000e+00,zone_bc_work_m_v1,0,1610,1,652,0
2,145,54,3.9562309105371325,-0.37924208671458515,0.5975056206068948,1.5685298206474667,-0.026893790428290432,-3.0575049108063026,10,0.000000000000000000e+00,zone_bc_work_m_v1,0,1610,1,652,0
2,145,55,3.9860315050822996,-0.3792647255221905,0.5946820287778976,1.5685407047487798,-0.025698393779490791,-3.0540344043518601,10,0.000000000000000000e+00,zone_bc_work_m_v1,0,1610,1,652,0
2,145,56,4.01583211923226,-0.37928736398600094,0.5918586921821456,1.56855985681762,-0.024503465686584569,-3.0505640527216675,30,0.000000000000000000e+00,zone_bc_work_m_v1,0,1610,1,652,0
2,145,57,4.045632754316144,-0.37931000164830947,0.5890356107138116,1.568587271014295,-0.023309071421617089,-3.0470938544916506,30,0.000000000000000000e+00,zone_bc_work_m_v1,0,1610,1,652,0
2,145,58,4.075418571602732,-0.3793603262972936,0.5861672741960005,1.5687542616559615,-0.020663540831926008,-3.0430808461186278,30,0.000000000000000000e+00,zone_bc_work_m_v1,0,1610,1,652,0
2,145,59,4.0797312339103025,-0.37937616214783076,0.5857375391097244,1.5688213751403211,-0.019832466899563084,-3.0423315400046569,30,0.000000000000000000e+00,zone_bc_work_m_v1,0,1610,1,652,0
2,145,60,4.074527160037781,-0.34937616214783074,0.5868566540722853,1.5688213751403211,-0.019832466899563084,-3.0423315400046569,10,0.000000000000000000e+00,zone_bc_work_m_v1,0,1610,1,652,0
2,145,61,4.04470735801028,-0.34933988634627877,0.5898265604362032,1.5686694712258429,-0.021736425939429038,-3.0440478329486336,30,0.000000000000000000e+00,zone_bc_work_m_v1,0,1610,1,652,0
2,145,62,4.014912209398595,-0.34930727342412776,0.5927070205513382,1.5685835294023218,-0.023452988875442005,-3.0475120732880501,30,0.000000000000000000e+00,zone_bc_work_m_v1,0,1610,1,652,0
2,145,63,3.9851334721751868,-0.3492770945724444,0.5955283456845106,1.5685501446191585,-0.025045458631318462,-3.0521382890926168,30,0.000000000000000000e+00,zone_bc_work_m_v1,0,1610,1,652,0
2,145,64,3.9553547710837584,-0.3492469146653392,0.5983501243122572,1.5685314479141281,-0.026638824481830747,-3.0567647786630658,10,0.000000000000000000e+00,zone_bc_work_m_v1,0,1610,1,652,0
2,145,65,3.925496493955233,-0.34923117976484996,0.6006794628265912,1.5685332956695626,-0.027470334060820445,-3.0593869188133653,10,0.000000000000000000e+00,zone_bc_work_m_v1,0,1610,1,652,0
2,145,66,3.895615440851487,-0.3492195797530138,0.6028678541688266,1.5685406800811514,-0.028083716560509453,-3.0614354076916732,10,0.000000000000000000e+00,zone_bc_work_m_v1,0,1610,1,652,0
2,145,67,3.8657343941991726,-0.34920798030776246,0.6050563320925364,1.5685505720032644,-0.028697162383178876,-3.0634839812573196,10,0.000000000000000000e+00,zone_bc_work_m_v1,0,1610,1,652,0
2,145,68,3.835853353732124,-0.3491963815086245,0.6072448966166242,1.5685629720663281,-0.029310659875853462,-3.0655326386876158,10,0.000000000000000000e+00,zone_bc_work_m_v1,0,1610,1,652,0
2,145,69,3.85800807002039,-0.3191902800092033,0.6064920380826808,1.5685705023628858,-0.029633419588174892,-3.0666104102404388,10,0.000000000000000000e+00,zone_bc_work_m_v1,0,1610,1,652,0
2,145,70,3.8878697134092954,-0.31920767209604684,0.6043047659393674,1.5685508690571071,-0.028713463606908629,-3.0635384170515625,10,0.000000000000000000e+00,zone_bc_work_m_v1,0,1610,1,652,0
2,145,71,3.91773137068982,-0.3192250656404227,0.6021176885174485,1.5685368753180216,-0.027793623108227195,-3.0604666123827142,10,0.000000000000000000e+00,zone_bc_work_m_v1,0,1610,1,652,0
2,145,72,3.947576558812356,-0.3192460824499267,0.5998486420910193,1.5685311405776203,-0.026682772754606177,-3.0568923580094505,10,0.000000000000000000e+00,zone_bc_work_m_v1,0,1610,1,652,0
2,145,73,3.9773114921729817,-0.31929133687933847,0.5970304453393994,1.5685640703234012,-0.024293813631101724,-3.0499550352657026,10,0.000000000000000000e+00,zone_bc_work_m_v1,0,1610,1,652,0
2,145,74,4.007070683867369,-0.31933077928547443,0.5941751628268489,1.5686323587781164,-0.022214518928264981,-3.0444786152986714,10,0.000000000000000000e+00,zone_bc_work_m_v1,0,1610,1,652,0
2,145,75,4.03690353421574,-0.31935252852594165,0.5912042393849625,1.5687216703628815,-0.021072818245534197,-3.0434497707866646,30,0.000000000000000000e+00,zone_bc_work_m_v1,0,1610,1,652,0
2,145,76,4.066736386554601,-0.3193742765187843,0.5882333610973911,1.568813318584684,-0.019931419110613913,-3.0424207686847162,30,0.000000000000000000e+00,zone_bc_work_m_v1,0,1610,1,652,0
2,145,77,4.0693230861652605,-0.3193761621478307,0.587975769034846,1.5688213751403211,-0.019832466899563084,-3.0423315400046569,30,0.000000000000000000e+00,zone_bc_work_m_v1,0,1610,1,652,0
2,145,78,4.064119012292739,-0.2893761621478307,0.589094883997407,1.5688213751403211,-0.019832466899563084,-3.0423315400046569,10,0.000000000000000000e+00,zone_bc_work_m_v1,0,1610,1,652,0
2,145,79,4.034280573287073,-0.2893606333311609,0.5920661789220839,1.5687555510842732,-0.020647426333485264,-3.0430663192940464,30,0.000000000000000000e+00,zone_bc_work_m_v1,0,1610,1,652,0
2,145,80,4.004442135309562,-0.28934510386358847,0.5950374968680996,1.568690918286693,-0.021462540692960941,-3.0438010172029957,30,0.000000000000000000e+00,zone_bc_work_m_v1,0,1610,1,652,0
2,145,81,3.9746036983347497,-0.2893295737734518,0.5980088378373632,1.5686274769339117,-0.022277807719621068,-3.0445356357085633,30,0.000000000000000000e+00,zone_bc_work_m_v1,0,1610,1,652,0
2,145,82,3.94493683662083,-0.2892592689873895,0.6008597589338225,1.568537324943259,-0.025986475471799775,-3.0548708736032308,10,0.000000000000000000e+00,zone_bc_work_m_v1,0,1610,1,652,0
2,145,83,3.9151754097701335,-0.2892127750039427,0.6031744815754541,1.5685461789888047,-0.028443580255766543,-3.0626371685600313,10,0.000000000000000000e+00,zone_bc_work_m_v1,0,1610,1,652,0
2,145,84,3.885364058625642,-0.2891817152776526,0.6053669440081527,1.5685884410624422,-0.030086970147179093,-3.0683293721032778,10,0.000000000000000000e+00,zone_bc_work_m_v1,0,1610,1,652,0
2,145,85,3.8555173424710936,-0.28916735577507563,0.6076008577440449,1.5686464766743935,-0.030849168067504484,-3.0720049550738553,10,0.000000000000000000e+00,zone_bc_work_m_v1,0,1610,1,652,0
2,145,86,3.851972528614759,-0.25915278067119696,0.6088048473298027,1.5687111314232083,-0.031622799961745773,-3.0757373167434952,10,0.000000000000000000e+00,zone_bc_work_m_v1,0,1610,1,652,0
2,145,87,3.8818330325948858,-0.2591642900400011,0.6065697952978389,1.568659595075707,-0.031011896104883974,-3.0727898866331831,10,0.000000000000000000e+00,zone_bc_work_m_v1,0,1610,1,652,0
2,145,88,3.9116935485276163,-0.25917580254703493,0.6043349146909086,1.5686116577637894,-0.03040081527254479,-3.0698426616353003,10,0.000000000000000000e+00,zone_bc_work_m_v1,0,1610,1,652,0
2,145,89,3.94105711410105,-0.25945136546954634,0.6019372360359053,1.5692020388330394,-0.015892073740187529,-3.0416032182549344,10,0.000000000000000000e+00,zone_bc_work_m_v1,0,1610,1,652,0
2,145,90,3.9709022263855798,-0.25946810100128287,0.5989234461416025,1.5692875299723972,-0.015015303484197107,-3.0414410639963942,10,0.000000000000000000e+00,zone_bc_work_m_v1,0,1610,1,652,0
2,145,91,4.000747338718476,-0.2594848364938839,0.5959096715738457,1.5693733030844998,-0.014138575111781737,-3.0412787629646343,30,0.000000000000000000e+00,zone_bc_work_m_v1,0,1610,1,652,0
2,145,92,4.030592451103528,-0.25950157192700063,0.5928959123325601,1.5694593584332925,-0.01326188910211612,-3.0411163146130531,30,0.000000000000000000e+00,zone_bc_work_m_v1,0,1610,1,652,0
2,145,93,4.0604284049960295,-0.2595183021447327,0.5898830932407411,1.5695456697461156,-0.01238551494289486,-3.0409537683130368,30,0.000000000000000000e+00,zone_bc_work_m_v1,0,1610,1,652,0
2,145,94,4.057136841474101,-0.2295183021447327,0.5905908228617089,1.5695456697461156,-0.01238551494289486,-3.0409537683130368,10,0.000000000000000000e+00,zone_bc_work_m_v1,0,1610,1,652,0
2,145,95,4.027300722481814,-0.22953657120757903,0.5936032257990757,1.5696496222833785,-0.011429520164919049,-3.0415967400885453,30,0.000000000000000000e+00,zone_bc_work_m_v1,0,1610,1,652,0
2,145,96,3.9974646042740662,-0.22955484174060617,0.5966156541633063,1.5697523504364015,-0.010473330807104331,-3.0422394994821853,30,0.000000000000000000e+00,zone_bc_work_m_v1,0,1610,1,652,0
2,145,97,3.9676450437951183,-0.22959513319671127,0.5995904227896602,1.5699769670250006,-0.00836449928783356,-3.043946202804293,10,0.000000000000000000e+00,zone_bc_work_m_v1,0,1610,1,652,0
2,145,98,3.9379707227545997,-0.2296384424745351,0.602444171838134,1.5702597911015674,-0.006101492710244516,-3.0538825607826112,10,0.000000000000000000e+00,zone_bc_work_m_v1,0,1610,1,652,0
2,145,99,3.908137074721042,-0.22963960598682126,0.6047975919751128,1.5702883046001022,-0.0060424803938869953,-3.0577142923546026,10,0.000000000000000000e+00,zone_bc_work_m_v1,0,1610,1,652,0
2,145,100,3.878246055230767,-0.22963820626693965,0.6070465015184359,1.570290019314333,-0.006116550195061965,-3.0590037803877541,10,0.000000000000000000e+00,zone_bc_work_m_v1,0,1610,1,652,0
2,145,101,3.8483550383856753,-0.2296368065957092,0.6092954426469658,1.5702919244441755,-0.0061906229817425551,-3.0602932719128875,10,0.000000000000000000e+00,zone_bc_work_m_v1,0,1610,1,652,0
2,145,102,4.026513979830787,-0.19956098044829518,0.5940577895891486,1.5697865894492731,-0.010152034857815018,-3.0424554012932878,10,1.000000000000000000e+00,zone_bc_work_m_v1,0,1610,1,652,0
2,145,103,4.053845277952172,-0.19951830214473268,0.5912985524826767,1.5695456697461156,-0.01238551494289486,-3.0409537683130368,30,0.000000000000000000e+00,zone_bc_work_m_v1,0,1610,1,652,0
2,145,104,4.051115548673813,-0.1696151471556531,0.59189193302659,1.5700826897809481,-0.0073164137108587823,-3.0443601643639333,10,0.000000000000000000e+00,zone_bc_work_m_v1,0,1610,1,652,0
2,145,105,4.021269928637315,-0.16962405884787535,0.594802938799328,1.5701328235514507,-0.006850027770323619,-3.0450317225308283,30,0.000000000000000000e+00,zone_bc_work_m_v1,0,1610,1,652,0
2,145,106,4.022703297863706,-0.13962865517910167,0.5948846905717128,1.5701584355091187,-0.0066094582239983879,-3.0453780484592601,10,0.000000000000000000e+00,zone_bc_work_m_v1,0,1610,1,652,0
2,145,107,4.04922893318533,-0.13961514715565307,0.5922975332341669,1.5700826897809481,-0.0073164137108587823,-3.0443601643639333,30,0.000000000000000000e+00,zone_bc_work_m_v1,0,1610,1,652,0
2,145,108,4.047342317696848,-0.109615147155653,0.5927031334417436,1.5700826897809481,-0.0073164137108587823,-3.0443601643639333,10,0.000000000000000000e+00,zone_bc_work_m_v1,0,1610,1,652,0
2,145,109,4.017541192804739,-0.10963327660681677,0.5955590218971571,1.5701962140118408,-0.0063687193680259657,-3.0476412451484163,30,0.000000000000000000e+00,zone_bc_work_m_v1,0,1610,1,652,0
2,145,110,4.0202950109543,-0.07967292290819206,0.5954664652874013,1.5703856202633673,-0.0042906407679292879,-3.0461616221692736,10,0.000000000000000000e+00,zone_bc_work_m_v1,0,1610,1,652,0
2,145,111,4.046135833866071,-0.0797076905799182,0.5929574234588878,1.5705503548453306,-0.0024681379436082285,-3.0422616182202233,30,0.000000000000000000e+00,zone_bc_work_m_v1,0,1610,1,652,0
2,145,112,4.04548737177543,-0.04970769057991817,0.5930968280437346,1.5705503548453306,-0.0024681379436082285,-3.0422616182202233,10,0.000000000000000000e+00,zone_bc_work_m_v1,0,1610,1,652,0
2,145,113,4.015676465220064,-0.04967928476557328,0.596067882072131,1.570410714852966,-0.0039566689537138267,-3.0444404785811106,30,0.000000000000000000e+00,zone_bc_work_m_v1,0,1610,1,652,0
2,145,114,4.019268492351734,-0.019692772726077504,0.5957846030541658,1.5704762120026163,-0.003249789691565752,-3.0434059918044749,10,0.000000000000000000e+00,zone_bc_work_m_v1,0,1610,1,652,0
2,145,115,4.044838909684789,-0.019707690579918138,0.5932362326285815,1.5705503548453306,-0.0024681379436082285,-3.0422616182202233,30,0.000000000000000000e+00,zone_bc_work_m_v1,0,1610,1,652,0
2,145,116,4.044671157051545,0.010175339134851904,0.5932630813723635,1.5711767394319893,0.0036562407285953835,-3.0379206925188016,10,0.000000000000000000e+00,zone_bc_work_m_v1,0,1610,1,652,0
2,145,117,4.014888931693998,0.010257232714391246,0.5962957429616986,1.570732809352247,-0.00063103070937198247,-3.0412738797282763,30,0.000000000000000000e+00,zone_bc_work_m_v1,0,1610,1,652,0
2,145,118,4.019736024289749,0.040201448407726645,0.5957464946968802,1.5710323116792295,0.0022896700882599763,-3.038890170717635,10,0.000000000000000000e+00,zone_bc_work_m_v1,0,1610,1,652,0
2,145,119,4.045670533333339,0.040175339134851926,0.5930482268756504,1.5711767394319893,0.0036562407285953835,-3.0379206925188016,30,0.000000000000000000e+00,zone_bc_work_m_v1,0,1610,1,652,0
2,145,120,4.046669909615132,0.07017533913485195,0.5928333723789372,1.5711767394319893,0.0036562407285953835,-3.0379206925188016,10,0.000000000000000000e+00,zone_bc_work_m_v1,0,1610,1,652,0
2,145,121,4.016843039397423,0.07019253733697597,0.5959366357606379,1.5710813066998965,0.0027561099157547009,-3.038559345547085,10,0.000000000000000000e+00,zone_bc_work_m_v1,0,1610,1,652,0
2,145,122,4.020828187486678,0.10016023447873307,0.5954112438026352,1.5712573632442552,0.0044471319389465247,-3.0382908207129695,10,0.000000000000000000e+00,zone_bc_work_m_v1,0,1610,1,652,0
2,145,123,4.047669285896926,0.10017533913485198,0.5926185178822241,1.5711767394319893,0.0036562407285953835,-3.0379206925188016,30,0.000000000000000000e+00,zone_bc_work_m_v1,0,1610,1,652,0
2,145,124,4.048668662178719,0.13017533913485202,0.5924036633855109,1.5711767394319893,0.0036562407285953835,-3.0379206925188016,10,0.000000000000000000e+00,zone_bc_work_m_v1,0,1610,1,652,0
2,145,125,4.018850167007718,0.13013129461742856,0.5955063324854439,1.5714102018939582,0.0059626206992879904,-3.0389995873457756,10,0.000000000000000000e+00,zone_bc_work_m_v1,0,1610,1,652,0
2,145,126,4.023626617939872,0.16004076223323355,0.5947564408300389,1.5718685793578349,0.010705610159392753,-3.041765630085961,10,0.000000000000000000e+00,zone_bc_work_m_v1,0,1610,1,652,0
2,145,127,4.050325591846714,0.16006070979362444,0.5920541831561779,1.57177397757159,0.0096598997843233558,-3.0407273718494441,10,0.000000000000000000e+00,zone_bc_work_m_v1,0,1610,1,652,0
2,145,128,4.052898457289447,0.19006070979362447,0.5915010245466681,1.57177397757159,0.0096598997843233558,-3.0407273718494441,10,0.000000000000000000e+00,zone_bc_work_m_v1,0,1610,1,652,0
2,145,129,4.023092849008401,0.19001818253148048,0.5945179801823386,1.5719730489687249,0.01188956744038161,-3.042940579092595,10,0.000000000000000000e+00,zone_bc_work_m_v1,0,1610,1,652,0
