target_line,group_id,point_id,x,y,z,rx,ry,rz,speed,is_discontinuous,coordinate_frame,base_normal_error_mm,base_x_actual_mm,standoff_mm,base_height_mm,lift_mm
1,105,1,-0.02382689605702959,-0.58648671791218365,0.64724855514605917,-1.570261862048393,0.14120915084561347,-3.13779514780465,30,0.000000000000000000e+00,zone_bc_work_m_v1,0,-1610,10,652,0
1,105,2,-0.053866896651578733,-0.5864364974883951,0.64702179914547553,-1.5697159558070677,0.13613516874497833,-3.1336322359790296,30,0.000000000000000000e+00,zone_bc_work_m_v1,0,-1610,10,652,0
1,105,3,-0.083890490242952476,-0.58643455447790505,0.64679406614691759,-1.5693798848413154,0.13593598217837766,-3.1311409477475411,30,0.000000000000000000e+00,zone_bc_work_m_v1,0,-1610,10,652,0
1,105,4,-0.080814245340016022,-0.55596245187094484,0.65085437859568152,-1.5707921276891179,0.088429929792665396,-3.1415451065261077,10,0.000000000000000000e+00,zone_bc_work_m_v1,0,-1610,10,652,0
1,105,5,-0.05089069977910432,-0.55596353225209161,0.651057225833375,-1.5701168991718282,0.088535792204778696,-3.1339087241949288,30,0.000000000000000000e+00,zone_bc_work_m_v1,0,-1610,10,652,0
1,105,6,-0.020803120137740994,-0.55600189897605667,0.6511831740745947,-1.5709111642255063,0.092390749022166263,3.1403479303665214,30,0.000000000000000000e+00,zone_bc_work_m_v1,0,-1610,10,652,0
1,105,7,-0.007666592282507434,-0.52586477280259625,0.65377083264807767,-1.570995820694743,0.078627556221132933,3.1390528420275823,10,0.000000000000000000e+00,zone_bc_work_m_v1,0,-1610,10,652,0
1,105,8,-0.037744894338530344,-0.52587555223522897,0.65366348204116576,-1.5703693653548483,0.079707997928117225,-3.1362304587920651,30,0.000000000000000000e+00,zone_bc_work_m_v1,0,-1610,10,652,0
1,105,9,-0.067720138024174759,-0.52596287369428341,0.65345137741282588,-1.5705324431720946,0.088471885261937055,-3.1386060844053789,30,0.000000000000000000e+00,zone_bc_work_m_v1,0,-1610,10,652,0
1,105,10,-0.097798387848224033,-0.52577860459217407,0.65321977047880098,-1.5700260159617478,0.069982884279621071,-3.1305769752696539,30,0.000000000000000000e+00,zone_bc_work_m_v1,0,-1610,10,652,0
1,105,11,-0.083804725518200618,-0.49545400894246355,0.65472272114544272,-1.5704444557308888,0.037477553406946917,-3.1322018827095581,10,0.000000000000000000e+00,zone_bc_work_m_v1,0,-1610,10,652,0
1,105,12,-0.053743717372707556,-0.49543550117261148,0.65490432645178664,-1.5706820021751877,0.035627006693603969,-3.1383830542771998,30,0.000000000000000000e+00,zone_bc_work_m_v1,0,-1610,10,652,0
1,105,13,-0.023712721357607602,-0.49541425071312739,0.65500699468960288,-1.570793355164519,0.033500873565791345,-3.1415039339244943,30,0.000000000000000000e+00,zone_bc_work_m_v1,0,-1610,10,652,0
1,105,14,-0.0048864929180572059,-0.46533351823175489,0.65575970515765369,-1.5709583523733475,0.025423582214182394,3.1352190104104718,10,0.000000000000000000e+00,zone_bc_work_m_v1,0,-1610,10,652,0
1,105,15,-0.034914134253378526,-0.46536888741442695,0.6559597307543602,-1.5708985669904396,0.028962146225800067,3.1380620428088641,30,0.000000000000000000e+00,zone_bc_work_m_v1,0,-1610,10,652,0
1,105,16,-0.064975584214747695,-0.46543160714810028,0.6559645906049687,-1.5707034039765637,0.03523742055567447,-3.1389550645042656,30,0.000000000000000000e+00,zone_bc_work_m_v1,0,-1610,10,652,0
1,105,17,-0.095055215592550812,-0.46545161374907784,0.65574589793260718,-1.5703976276262723,0.037237384461381362,-3.1308836280684167,30,0.000000000000000000e+00,zone_bc_work_m_v1,0,-1610,10,652,0
1,105,18,-0.086455815836073091,-0.4354528594002271,0.6569741032442199,-1.5704219004501758,0.037362294431286358,-3.1315691538997048,10,0.000000000000000000e+00,zone_bc_work_m_v1,0,-1610,10,652,0
1,105,19,-0.05629412810167933,-0.43533488931840381,0.65684714121123389,-1.5709560146745762,0.025560752922218377,3.1353446688992186,30,0.000000000000000000e+00,zone_bc_work_m_v1,0,-1610,10,652,0
1,105,20,-0.026291963609024638,-0.43533126714246301,0.65658406633439792,-1.5709621156224749,0.02519837206646236,3.1350127054140176,30,0.000000000000000000e+00,zone_bc_work_m_v1,0,-1610,10,652,0
1,105,21,-0.0024578143399811569,-0.40487275075892321,0.65615510640934793,-1.5709082020548086,-0.02065655388136256,-3.1361763521387358,10,0.000000000000000000e+00,zone_bc_work_m_v1,0,-1610,10,652,0
1,105,22,-0.032474351942166413,-0.40487367685057718,0.65638148710028765,-1.5709434788338612,-0.020563701531121081,-3.1344363593278626,30,0.000000000000000000e+00,zone_bc_work_m_v1,0,-1610,10,652,0
1,105,23,-0.062490889235476077,-0.40487460355937555,0.65660783746285012,-1.5709784318894722,-0.02047072770076408,-3.1326963889376449,30,0.000000000000000000e+00,zone_bc_work_m_v1,0,-1610,10,652,0
1,105,24,-0.092535362432047519,-0.40486897966256941,0.65659645018488177,-1.5710839325804984,-0.021032082309847322,-3.1279178749767165,30,0.000000000000000000e+00,zone_bc_work_m_v1,0,-1610,10,652,0
1,106,1,-0.11394633341352689,-0.58642987115294787,0.64637164582646256,-1.5685740420620824,0.13545252075842273,-3.1251374611284346,30,0.000000000000000000e+00,zone_bc_work_m_v1,0,-1610,10,652,0
1,106,2,-0.1439703676797488,-0.58642773497391343,0.6459169693061706,-1.5682003194595202,0.13523028435851758,-3.1223394171514993,30,0.000000000000000000e+00,zone_bc_work_m_v1,0,-1610,10,652,0
1,106,3,-0.1740182281731002,-0.58642143975388328,0.64525223218576044,-1.5674562558132821,0.13457855933921081,-3.1167038805643066,30,0.000000000000000000e+00,zone_bc_work_m_v1,0,-1610,10,652,0
1,106,4,-0.20403476854153402,-0.58641866940269316,0.64455765165332801,-1.5671282302127758,0.13429040581583362,-3.1142024523791441,30,0.000000000000000000e+00,zone_bc_work_m_v1,0,-1610,10,652,0
1,106,5,-0.2340443024536274,-0.58641603525873121,0.64363850392566868,-1.5668125784967626,0.134015544230079,-3.1117861418417196,30,0.000000000000000000e+00,zone_bc_work_m_v1,0,-1610,10,652,0
1,106,6,-0.26405272362878485,-0.58641341658084623,0.64268368883634386,-1.5665000109328098,0.13374157445765267,-3.1093836204615846,30,0.000000000000000000e+00,zone_bc_work_m_v1,0,-1610,10,652,0
1,106,7,-0.29416562021621706,-0.58669753653847478,0.64129850402933675,-1.5631637439908008,0.16236018733634494,-3.094409419769212,30,0.000000000000000000e+00,zone_bc_work_m_v1,0,-1610,10,652,0
1,106,8,-0.32416520992681019,-0.58676435015417006,0.63989907784185907,-1.5622816064526583,0.16910013868836438,-3.0910406360056752,30,0.000000000000000000e+00,zone_bc_work_m_v1,0,-1610,10,652,0
1,106,9,-0.35420004478847145,-0.58678977570157298,0.63833421144446278,-1.5608133763407515,0.17160506241463214,-3.0831966900570742,30,0.000000000000000000e+00,zone_bc_work_m_v1,0,-1610,10,652,0
1,106,10,-0.38420915002094813,-0.58680940691669481,0.63643322258308943,-1.5594515139438838,0.17351842054649658,-3.0759739037707909,30,0.000000000000000000e+00,zone_bc_work_m_v1,0,-1610,10,652,0
1,106,11,-0.41417103609854289,-0.58685226412858071,0.63434490267427834,-1.5585307632435903,0.17782012482307108,-3.0723577929399148,30,0.000000000000000000e+00,zone_bc_work_m_v1,0,-1610,10,652,0
1,106,12,-0.42435843964541076,-0.5868668214186169,0.63363477964065851,-1.5582102354834191,0.17928103194022005,-3.07112516876421,30,0.000000000000000000e+00,zone_bc_work_m_v1,0,-1610,10,652,0
1,106,13,-0.50126682258367361,-0.55688659890615155,0.63224495979051099,-1.5526124965724035,0.18082599605022209,-3.0408141397040058,10,0.000000000000000000e+00,zone_bc_work_m_v1,0,-1610,10,652,0
1,106,14,-0.47122601649677409,-0.55653370103137245,0.63499458846501333,-1.5587290546859096,0.14546116115943541,-3.058528181641659,30,0.000000000000000000e+00,zone_bc_work_m_v1,0,-1610,10,652,0
1,106,15,-0.44122989991983119,-0.55639685845254727,0.63741202196543534,-1.5611396975029388,0.1317883212800175,-3.0682359137985582,30,0.000000000000000000e+00,zone_bc_work_m_v1,0,-1610,10,652,0
1,106,16,-0.41123058481941865,-0.55639529608283955,0.63937170572587843,-1.5619963527533263,0.13168998532122944,-3.0746740448260872,30,0.000000000000000000e+00,zone_bc_work_m_v1,0,-1610,10,652,0
1,106,17,-0.38120439004706275,-0.55639433469834287,0.64126923766825761,-1.5631576290969806,0.13166488258680853,-3.0834728755108975,30,0.000000000000000000e+00,zone_bc_work_m_v1,0,-1610,10,652,0
1,106,18,-0.35118222284130107,-0.55639685057313071,0.64283990019085724,-1.5639891901471366,0.13196436541771162,-3.0899047705116196,30,0.000000000000000000e+00,zone_bc_work_m_v1,0,-1610,10,652,0
1,106,19,-0.32116158586872512,-0.5564004877146338,0.64435372185085538,-1.5647639867063416,0.13236913926227123,-3.0959184281153869,30,0.000000000000000000e+00,zone_bc_work_m_v1,0,-1610,10,652,0
1,106,20,-0.29113361962071793,-0.55640553163574824,0.64560705857171186,-1.565470359014411,0.13290854745832914,-3.1014232468388392,30,0.000000000000000000e+00,zone_bc_work_m_v1,0,-1610,10,652,0
1,106,21,-0.26112617764732771,-0.55640899099390317,0.64680299063992408,-1.5658824853740865,0.13327359518286741,-3.1046294950545357,30,0.000000000000000000e+00,zone_bc_work_m_v1,0,-1610,10,652,0
1,106,22,-0.23111313264619859,-0.55641170646809945,0.64777920897664032,-1.566264256945443,0.13356118793172045,-3.1075719206057002,30,0.000000000000000000e+00,zone_bc_work_m_v1,0,-1610,10,652,0
1,106,23,-0.20102388787582059,-0.55642294216737886,0.64868078874828028,-1.5676337881237639,0.1347344790894891,-3.1180533775260817,30,0.000000000000000000e+00,zone_bc_work_m_v1,0,-1610,10,652,0
1,106,24,-0.1710105832991351,-0.55642552547645852,0.64939765903988933,-1.5679273008862997,0.13500176770421768,-3.1202793659714816,30,0.000000000000000000e+00,zone_bc_work_m_v1,0,-1610,10,652,0
1,106,25,-0.14095556939705989,-0.55620717256218422,0.6500687756155995,-1.5691157127057189,0.11301485398757083,-3.1266913033684083,30,0.000000000000000000e+00,zone_bc_work_m_v1,0,-1610,10,652,0
1,106,26,-0.11095428887495973,-0.55607880613670602,0.65050410554403326,-1.5693539253753059,0.10010696395084495,-3.1271609494906105,30,0.000000000000000000e+00,zone_bc_work_m_v1,0,-1610,10,652,0
1,106,27,-0.12781840925225274,-0.52578639696350282,0.65285969709565583,-1.56985966743254,0.07076209908086506,-3.128345633577061,10,0.000000000000000000e+00,zone_bc_work_m_v1,0,-1610,10,652,0
1,106,28,-0.15786276104467412,-0.52578373104483944,0.65239483914540453,-1.5695234527322022,0.070489556749789406,-3.1235220221908833,30,0.000000000000000000e+00,zone_bc_work_m_v1,0,-1610,10,652,0
1,106,29,-0.18784779498009763,-0.52595576200935035,0.65166642618254222,-1.5692612226117075,0.08774494656339038,-3.1240768892628701,30,0.000000000000000000e+00,zone_bc_work_m_v1,0,-1610,10,652,0
1,106,30,-0.21793176619189203,-0.52576841909564753,0.65108103540866102,-1.5689622916710841,0.068941751605849033,-3.1149751496985805,30,0.000000000000000000e+00,zone_bc_work_m_v1,0,-1610,10,652,0
1,106,31,-0.24794174978683614,-0.5257671386609325,0.6502517981903535,-1.5688176114367351,0.068809356074250649,-3.1128213655274122,30,0.000000000000000000e+00,zone_bc_work_m_v1,0,-1610,10,652,0
1,106,32,-0.27799114027427052,-0.52581201841159975,0.64934404989486116,-1.5682217570553882,0.073291974038727226,-3.1064480029266122,30,0.000000000000000000e+00,zone_bc_work_m_v1,0,-1610,10,652,0
1,106,33,-0.3079947836752519,-0.52594406921862358,0.64822324497577999,-1.5675406163354491,0.086523525083441744,-3.1039353029613355,30,0.000000000000000000e+00,zone_bc_work_m_v1,0,-1610,10,652,0
1,106,34,-0.33809187115735462,-0.52595325433530904,0.64688905726464396,-1.5663804198490943,0.087395397727202173,-3.0910431336126281,30,0.000000000000000000e+00,zone_bc_work_m_v1,0,-1610,10,652,0
1,106,35,-0.36797874367948169,-0.52592658597766462,0.64546125309613533,-1.5671875238028381,0.084753225239456276,-3.0989871220572374,30,0.000000000000000000e+00,zone_bc_work_m_v1,0,-1610,10,652,0
1,106,36,-0.39813991001174065,-0.52594001343939867,0.64394727223708992,-1.5653838669024924,0.086007792664150928,-3.078667691050228,30,0.000000000000000000e+00,zone_bc_work_m_v1,0,-1610,10,652,0
1,106,37,-0.42807639258448704,-0.52609721717385216,0.64224152373800913,-1.564538460223821,0.10177632068862374,-3.0800768155434475,30,0.000000000000000000e+00,zone_bc_work_m_v1,0,-1610,10,652,0
1,106,38,-0.45820326012709556,-0.52640638710967624,0.64009379350105355,-1.5598532402279253,0.13265293553220969,-3.0590408364653268,30,0.000000000000000000e+00,zone_bc_work_m_v1,0,-1610,10,652,0
1,106,39,-0.48811885131775323,-0.52641003764644323,0.63765972456033027,-1.5596275093885845,0.13300385853026331,-3.0575657403942076,30,0.000000000000000000e+00,zone_bc_work_m_v1,0,-1610,10,652,0
1,106,40,-0.50408257532244471,-0.49592998242658393,0.63965950622116319,-1.5646741514322857,0.084950925011332057,-3.0695626284137472,10,0.000000000000000000e+00,zone_bc_work_m_v1,0,-1610,10,652,0
1,106,41,-0.47415983653101534,-0.49589941178122682,0.64161842145496306,-1.5647886158728346,0.081883321417133947,-3.0682722226955157,30,0.000000000000000000e+00,zone_bc_work_m_v1,0,-1610,10,652,0
1,106,42,-0.44412441530812385,-0.49570931720791217,0.64376902051889529,-1.5669067287139649,0.062923063748167252,-3.0798151013286104,30,0.000000000000000000e+00,zone_bc_work_m_v1,0,-1610,10,652,0
1,106,43,-0.41416589212254618,-0.49584868478841709,0.64546473577684216,-1.566099965953456,0.076871079397507591,-3.0805140715388131,30,0.000000000000000000e+00,zone_bc_work_m_v1,0,-1610,10,652,0
1,106,44,-0.35401869262867969,-0.49535329131816663,0.64831970094878388,-1.5697207631506758,0.027380985887941467,-3.1023265159343141,30,0.000000000000000000e+00,zone_bc_work_m_v1,0,-1610,10,652,0
1,106,45,-0.3239804894134708,-0.49531181611891895,0.64941856015129107,-1.5700194254042059,0.023240264142830203,-3.1081729729685459,30,0.000000000000000000e+00,zone_bc_work_m_v1,0,-1610,10,652,0
1,106,46,-0.2939564853038632,-0.49527370791437308,0.65036136784100773,-1.5702223891214664,0.019433080058087526,-3.1120653196948651,30,0.000000000000000000e+00,zone_bc_work_m_v1,0,-1610,10,652,0
1,106,47,-0.2639401850651979,-0.49526839578723381,0.65120316546537627,-1.5702912387172185,0.018903496304298884,-3.1148781227082125,30,0.000000000000000000e+00,zone_bc_work_m_v1,0,-1610,10,652,0
1,106,48,-0.23393963614112279,-0.49529367675715819,0.65201180457587471,-1.5702482675796972,0.021431849014024618,-3.1160240812206377,30,0.000000000000000000e+00,zone_bc_work_m_v1,0,-1610,10,652,0
1,106,49,-0.20393177906898785,-0.49532380249996438,0.65273611528839703,-1.5702117949694618,0.02444523674353416,-3.117682935883701,30,0.000000000000000000e+00,zone_bc_work_m_v1,0,-1610,10,652,0
1,106,50,-0.17390326420123992,-0.49538067098987415,0.65344729735110663,-1.5701871741445252,0.030135044727011895,-3.1213782503100207,30,0.000000000000000000e+00,zone_bc_work_m_v1,0,-1610,10,652,0
1,106,51,-0.14386686117503045,-0.49542443711508433,0.6539934419466602,-1.570241631223531,0.03451564820365749,-3.1255200014783546,30,0.000000000000000000e+00,zone_bc_work_m_v1,0,-1610,10,652,0
1,106,52,-0.1138241259702224,-0.49545018753231479,0.65441258144073566,-1.5703700510856153,0.037094349490678358,-3.130098861694619,30,0.000000000000000000e+00,zone_bc_work_m_v1,0,-1610,10,652,0
1,106,53,-0.12512831707845806,-0.46540295585871005,0.6553270736883382,-1.5702030946623651,0.032365340910893714,-3.1232622633538041,10,0.000000000000000000e+00,zone_bc_work_m_v1,0,-1610,10,652,0
1,106,54,-0.15518066928623941,-0.4653163609647733,0.65465772021907287,-1.5702198746665299,0.02370084575960596,-3.1172731626430155,30,0.000000000000000000e+00,zone_bc_work_m_v1,0,-1610,10,652,0
1,106,55,-0.18518742551903178,-0.46528508650885414,0.65388368023394594,-1.5702614236176904,0.020572688100158443,-3.1155960290850198,30,0.000000000000000000e+00,zone_bc_work_m_v1,0,-1610,10,652,0
1,106,56,-0.21517932530677308,-0.46527754961127932,0.65305868970240144,-1.5702745904034718,0.019818930940968427,-3.1152718545378124,30,0.000000000000000000e+00,zone_bc_work_m_v1,0,-1610,10,652,0
1,106,57,-0.245171225069859,-0.46527001264267381,0.65223369243383766,-1.5702882457114891,0.019065188724545878,-3.1149476691528735,30,0.000000000000000000e+00,zone_bc_work_m_v1,0,-1610,10,652,0
1,106,58,-0.27516312480500638,-0.46526247561065692,0.65140868842818977,-1.5703023895321109,0.018311462022163161,-3.1146234721188715,30,0.000000000000000000e+00,zone_bc_work_m_v1,0,-1610,10,652,0
1,106,59,-0.30515502450893295,-0.46525493852284788,0.65058367768540626,-1.5703170218570612,0.017557751405125721,-3.1142992626245567,30,0.000000000000000000e+00,zone_bc_work_m_v1,0,-1610,10,652,0
1,106,60,-0.33517743346960405,-0.46528646045770627,0.64973221471614517,-1.5701595022228414,0.020707275407652936,-3.1108464804459848,30,0.000000000000000000e+00,zone_bc_work_m_v1,0,-1610,10,652,0
1,106,61,-0.36523868372993662,-0.4653500526734396,0.64870886602497346,-1.5697505596081531,0.027057916057297904,-3.1029579431652228,30,0.000000000000000000e+00,zone_bc_work_m_v1,0,-1610,10,652,0
1,106,62,-0.39527682328485314,-0.46537369929665579,0.64745091739294802,-1.5694690553591411,0.029413798004156888,-3.0964926133908648,30,0.000000000000000000e+00,zone_bc_work_m_v1,0,-1610,10,652,0
1,106,63,-0.42532674038384077,-0.46536574291161598,0.64599379941238178,-1.5692606758772394,0.028606568512409503,-3.08795502769288,30,0.000000000000000000e+00,zone_bc_work_m_v1,0,-1610,10,652,0
1,106,64,-0.45531717834859964,-0.46534709444174677,0.64431685310072895,-1.5692609524984684,0.026738146318148415,-3.0842261625192648,30,0.000000000000000000e+00,zone_bc_work_m_v1,0,-1610,10,652,0
1,106,65,-0.48531847926359983,-0.46523125036203378,0.64234394000103301,-1.5698246028062637,0.01516405717167868,-3.0775969456604337,30,0.000000000000000000e+00,zone_bc_work_m_v1,0,-1610,10,652,0
1,106,66,-0.50664938684804439,-0.43522614629606327,0.6414511407493666,-1.5698662389364777,0.01465521163754957,-3.0782107254327862,10,0.000000000000000000e+00,zone_bc_work_m_v1,0,-1610,10,652,0
1,106,67,-0.47672364207133699,-0.43525504800374543,0.6434288722680872,-1.5696677583207537,0.017538973116262513,-3.0773316029199584,30,0.000000000000000000e+00,zone_bc_work_m_v1,0,-1610,10,652,0
1,106,68,-0.44679149746823565,-0.43528413303781238,0.64548249946666014,-1.5694860504301644,0.02044232964085535,-3.077579496286865,30,0.000000000000000000e+00,zone_bc_work_m_v1,0,-1610,10,652,0
1,106,69,-0.41674834572556452,-0.43536455065310925,0.64731596184708295,-1.56925511686909,0.028486821291341613,-3.0875354504275498,30,0.000000000000000000e+00,zone_bc_work_m_v1,0,-1610,10,652,0
1,106,70,-0.38663344481403028,-0.43535381620109254,0.64869631558586272,-1.5697158954445287,0.027433343129610099,-3.1022241744700336,30,0.000000000000000000e+00,zone_bc_work_m_v1,0,-1610,10,652,0
1,106,71,-0.35653099500385932,-0.43525096301801275,0.64968445425785359,-1.5703249365534098,0.017160208615646377,-3.1141282509681276,30,0.000000000000000000e+00,zone_bc_work_m_v1,0,-1610,10,652,0
1,106,72,-0.3265404216153025,-0.43525542163921233,0.65050948718743851,-1.5703160692967959,0.017606062513134901,-3.1143200443053267,30,0.000000000000000000e+00,zone_bc_work_m_v1,0,-1610,10,652,0
1,106,73,-0.2965498482147455,-0.43525988024338375,0.65133451775943751,-1.5703073729836015,0.01805192222659624,-3.1145118330165347,30,0.000000000000000000e+00,zone_bc_work_m_v1,0,-1610,10,652,0
1,106,74,-0.26655927480286734,-0.43526433882894949,0.6521595459738585,-1.5702988476152204,0.018497787637759222,-3.1147036172696692,30,0.000000000000000000e+00,zone_bc_work_m_v1,0,-1610,10,652,0
1,106,75,-0.23656870138034769,-0.43526879739433239,0.65298457183071035,-1.5702904931932116,0.018943658628355342,-3.1148953972326545,30,0.000000000000000000e+00,zone_bc_work_m_v1,0,-1610,10,652,0
1,106,76,-0.20657812794786645,-0.43527325593795524,0.65380959533000382,-1.5702823097193006,0.019389535080121201,-3.1150871730734249,30,0.000000000000000000e+00,zone_bc_work_m_v1,0,-1610,10,652,0
1,106,77,-0.17658755450610286,-0.43527771445824076,0.65463461647175136,-1.570274297195378,0.019835416874796286,-3.1152789449599254,30,0.000000000000000000e+00,zone_bc_work_m_v1,0,-1610,10,652,0
1,106,78,-0.14659698105573615,-0.43528217295361166,0.65545963525596718,-1.5702664556235022,0.020281303894125857,-3.1154707130601103,30,0.000000000000000000e+00,zone_bc_work_m_v1,0,-1610,10,652,0
1,106,79,-0.11660640759744645,-0.43528663142249074,0.65628465168266681,-1.5702587850058958,0.020727196019857175,-3.1156624775419468,30,0.000000000000000000e+00,zone_bc_work_m_v1,0,-1610,10,652,0
1,106,80,-0.12264532992532629,-0.40485200377424657,0.65578144432628771,-1.5713823831860305,-0.022724489420933969,-3.1158065081213628,10,0.000000000000000000e+00,zone_bc_work_m_v1,0,-1610,10,652,0
1,106,81,-0.15263666771354178,-0.40487746952414794,0.65507614944352266,-1.5713159457621262,-0.020178193389342569,-3.1158450839668972,30,0.000000000000000000e+00,zone_bc_work_m_v1,0,-1610,10,652,0
1,106,82,-0.18262800549287039,-0.40490293681140449,0.65437078966266582,-1.5712497068065376,-0.017631869511217646,-3.1158833188621262,30,0.000000000000000000e+00,zone_bc_work_m_v1,0,-1610,10,652,0
1,106,83,-0.2126193432667931,-0.40492840538797381,0.65366536497769534,-1.5711836643520554,-0.015085526124730242,-3.1159212139647821,30,0.000000000000000000e+00,zone_bc_work_m_v1,0,-1610,10,652,0
1,106,84,-0.24261068103879002,-0.40495387500578361,0.65295987538385425,-1.5711178164394608,-0.012539171567839791,-3.1159587704191578,30,0.000000000000000000e+00,zone_bc_work_m_v1,0,-1610,10,652,0
1,106,85,-0.27260201881234214,-0.40497934541673969,0.65225432087764978,-1.5710521611174206,-0.0099928141781358004,-3.1159959893561719,30,0.000000000000000000e+00,zone_bc_work_m_v1,0,-1610,10,652,0
1,106,86,-0.30259335659092934,-0.40500481637273433,0.65154870145685406,-1.5709866964423778,-0.0074464622926833091,-3.1160328718934283,30,0.000000000000000000e+00,zone_bc_work_m_v1,0,-1610,10,652,0
1,106,87,-0.33258469437803284,-0.40503028762565391,0.65084301712050341,-1.5709214204784454,-0.0049001242478667884,-3.1160694191352842,30,0.000000000000000000e+00,zone_bc_work_m_v1,0,-1610,10,652,0
1,106,88,-0.36258205651673769,-0.40512587457642152,0.65003351461654035,-1.5706736095942979,0.0046553936921922556,-3.1152384416098515,30,0.000000000000000000e+00,zone_bc_work_m_v1,0,-1610,10,652,0
1,106,89,-0.39258033634050649,-0.40523213556595783,0.64920713838770516,-1.5703787972662857,0.015277984172013648,-3.1142695538932657,30,0.000000000000000000e+00,zone_bc_work_m_v1,0,-1610,10,652,0
1,106,90,-0.4229031730893329,-0.405288770997905,0.64766185017539002,-1.5694572059807217,0.02090532869619377,-3.0776189318155631,30,0.000000000000000000e+00,zone_bc_work_m_v1,0,-1610,10,652,0
1,106,91,-0.45283430490124621,-0.40527126652612377,0.64560808559435312,-1.5695662584972143,0.019157924188642372,-3.077469960092166,30,0.000000000000000000e+00,zone_bc_work_m_v1,0,-1610,10,652,0
1,106,92,-0.48276543670048944,-0.40525376162238524,0.64355429007166376,-1.5696758277703895,0.017410568338229515,-3.0773206154099686,30,0.000000000000000000e+00,zone_bc_work_m_v1,0,-1610,10,652,0
1,106,93,-0.29911818037297366,-0.37483215540096226,0.65083893782933555,-1.5716396939188852,-0.024703051095412709,-3.1074622310478111,10,0.000000000000000000e+00,zone_bc_work_m_v1,0,-1610,10,652,0
1,106,94,-0.26910904411632464,-0.37483517053041426,0.65154544284867766,-1.5715867876175607,-0.024403040016457656,-3.109208857214286,30,0.000000000000000000e+00,zone_bc_work_m_v1,0,-1610,10,652,0
1,106,95,-0.23909990688583282,-0.37483818659873225,0.65225191652539904,-1.5715349301439741,-0.024102828760373951,-3.110955425098088,30,0.000000000000000000e+00,zone_bc_work_m_v1,0,-1610,10,652,0
1,106,96,-0.20909076876358212,-0.37484120359171919,0.65295835885670106,-1.5714841222414262,-0.023802421464623524,-3.1127019327172172,30,0.000000000000000000e+00,zone_bc_work_m_v1,0,-1610,10,652,0
1,106,97,-0.17908162983166376,-0.37484422149516944,0.65366476984008048,-1.5714343646344746,-0.023501822270012962,-3.1144483780919439,30,0.000000000000000000e+00,zone_bc_work_m_v1,0,-1610,10,652,0
1,106,98,-0.14906207712111863,-0.37484936166949046,0.65440221366118267,-1.5713544843573637,-0.02298955001540226,-3.1173165312235556,30,0.000000000000000000e+00,zone_bc_work_m_v1,0,-1610,10,652,0
1,106,99,-0.11900707260222743,-0.37486173053310973,0.65524510071148934,-1.5711790212179211,-0.021755762210334595,-3.1240025937727194,30,0.000000000000000000e+00,zone_bc_work_m_v1,0,-1610,10,652,0
1,106,100,-0.088952060340929062,-0.37487411091888734,0.65608752615453636,-1.5710200816124522,-0.020519592208467552,-3.1306878728312504,30,0.000000000000000000e+00,zone_bc_work_m_v1,0,-1610,10,652,0
1,106,101,-0.058928774716865862,-0.37487432976677393,0.65596593789447,-1.5709681412704077,-0.020498202615031769,-3.1332103339934099,30,0.000000000000000000e+00,zone_bc_work_m_v1,0,-1610,10,652,0
1,106,102,-0.028908935971390548,-0.37487322744010909,0.65573959633086365,-1.5709264031907035,-0.020608768085970119,-3.1352805889131177,30,0.000000000000000000e+00,zone_bc_work_m_v1,0,-1610,10,652,0
1,106,103,-6.7200723725013845e-05,-0.34487142395615794,0.65490715211854189,-1.5708570560787549,-0.0207894768772654,-3.1386712964871286,10,0.000000000000000000e+00,zone_bc_work_m_v1,0,-1610,10,652,0
1,106,104,-0.030091888358161789,-0.34487278289489426,0.65513354396385637,-1.5709094319954928,-0.020653332853421746,-3.136115953417832,30,0.000000000000000000e+00,zone_bc_work_m_v1,0,-1610,10,652,0
1,106,105,-0.060116575491202084,-0.34487414317342213,0.6553598703979755,-1.5709611107162409,-0.020516924193177299,-3.1335606533336202,30,0.000000000000000000e+00,zone_bc_work_m_v1,0,-1610,10,652,0
1,106,106,-0.090142077134228948,-0.34487428005933529,0.65544502124594251,-1.5710180256693274,-0.020502695929148773,-3.1307791600884007,30,0.000000000000000000e+00,zone_bc_work_m_v1,0,-1610,10,652,0
1,106,107,-0.12017293289536113,-0.34486637489679511,0.65460309189310972,-1.571117441420937,-0.021292162386702396,-3.1265113035603793,30,0.000000000000000000e+00,zone_bc_work_m_v1,0,-1610,10,652,0
1,106,108,-0.15020378620870445,-0.34485847429920913,0.65376097438884206,-1.5712235967305457,-0.022080696099595842,-3.1222431117177329,30,0.000000000000000000e+00,zone_bc_work_m_v1,0,-1610,10,652,0
1,106,109,-0.18023463587009614,-0.34485057848966372,0.65291866875770288,-1.5713364829706338,-0.022868232135230704,-3.1179746117608707,30,0.000000000000000000e+00,zone_bc_work_m_v1,0,-1610,10,652,0
1,106,110,-0.2102564136340288,-0.34484480319695909,0.6521428669762126,-1.5714248963141335,-0.023443870282718438,-3.1147849387765216,30,0.000000000000000000e+00,zone_bc_work_m_v1,0,-1610,10,652,0
1,106,111,-0.24026875779964096,-0.34484123067414835,0.65143635680858969,-1.571483670982047,-0.023799724357041807,-3.1127176077919194,30,0.000000000000000000e+00,zone_bc_work_m_v1,0,-1610,10,652,0
1,106,112,-0.27028110083174561,-0.344837659426938,0.65072980271491876,-1.5715439173765855,-0.024155309586834317,-3.1106501895630547,30,0.000000000000000000e+00,zone_bc_work_m_v1,0,-1610,10,652,0
1,106,113,-0.30029344259417812,-0.34483408947888999,0.6500232046993929,-1.5716056342933431,-0.024510619104169962,-3.1085826873740343,30,0.000000000000000000e+00,zone_bc_work_m_v1,0,-1610,10,652,0
1,106,114,-0.30141676026113928,-0.31483690180684348,0.64920874363688197,-1.5715568902792696,-0.024230726331881725,-3.1102114911909244,10,0.000000000000000000e+00,zone_bc_work_m_v1,0,-1610,10,652,0
1,106,115,-0.27139976950871247,-0.31484127678745449,0.64991546140195844,-1.5714829028192887,-0.023795131967823124,-3.112744297663697,30,0.000000000000000000e+00,zone_bc_work_m_v1,0,-1610,10,652,0
1,106,116,-0.24138277705767486,-0.31484565368212136,0.65062211323960084,-1.5714111242539142,-0.023359134235953816,-3.1152769731306469,30,0.000000000000000000e+00,zone_bc_work_m_v1,0,-1610,10,652,0
1,106,117,-0.21136377547706808,-0.31485115812399356,0.65143633976459858,-1.5713279647667306,-0.022810437445930809,-3.1182880645147799,30,0.000000000000000000e+00,zone_bc_work_m_v1,0,-1610,10,652,0
1,106,118,-0.18134425119696451,-0.31485695688286147,0.65227836315646925,-1.5712447636921456,-0.022232086422330433,-3.1214230192485952,30,0.000000000000000000e+00,zone_bc_work_m_v1,0,-1610,10,652,0
1,106,119,-0.15132472482222292,-0.31486275824749177,0.65312028507629716,-1.5711651923362155,-0.021653190529455912,-3.1245578106084868,30,0.000000000000000000e+00,zone_bc_work_m_v1,0,-1610,10,652,0
1,106,120,-0.12130519682985441,-0.31486856212954201,0.65396210551298384,-1.5710892542086292,-0.021073775478251733,-3.1276924278096683,30,0.000000000000000000e+00,zone_bc_work_m_v1,0,-1610,10,652,0
1,106,121,-0.091285667696916928,-0.31487436844059352,0.65480382445852225,-1.5710169526113962,-0.020493867007326694,-3.1308268600882982,30,0.000000000000000000e+00,zone_bc_work_m_v1,0,-1610,10,652,0
1,106,122,-0.06125530232751597,-0.31487383967082799,0.65475346198573159,-1.5709496451338334,-0.020547370568633427,-3.1341305657972844,30,0.000000000000000000e+00,zone_bc_work_m_v1,0,-1610,10,652,0
1,106,123,-0.0312227997783181,-0.31487206384072508,0.65452714763685638,-1.5708818115948768,-0.020725387048256882,-3.1374677397678044,30,0.000000000000000000e+00,zone_bc_work_m_v1,0,-1610,10,652,0
1,106,124,-0.0011902966001222648,-0.31487029030777347,0.65430072172342213,-1.5708127903065501,-0.020902948556847045,-3.1408049796797775,30,0.000000000000000000e+00,zone_bc_work_m_v1,0,-1610,10,652,0
1,106,125,-0.027690808819565982,-0.28487031643874855,0.65388569119406825,-1.5708138165212751,-0.020900334054180014,-3.1407557772203081,10,0.000000000000000000e+00,zone_bc_work_m_v1,0,-1610,10,652,0
1,106,126,-0.057738018210115705,-0.28487287264122263,0.6541120594641493,-1.5709128646441435,-0.020644337082928788,-3.135947285106834,30,0.000000000000000000e+00,zone_bc_work_m_v1,0,-1610,10,652,0
1,106,127,-0.087783772283735351,-0.28487513005743748,0.65429289032880533,-1.5710077408419045,-0.020417782399630102,-3.1312378961827343,30,0.000000000000000000e+00,zone_bc_work_m_v1,0,-1610,10,652,0
1,106,128,-0.1177967283111685,-0.28487054168850062,0.65345129669947011,-1.5710641921699695,-0.020876093283396679,-3.1287612232493895,30,0.000000000000000000e+00,zone_bc_work_m_v1,0,-1610,10,652,0
1,106,129,-0.1478096837280467,-0.28486595481729171,0.65260963970224306,-1.5711229146635315,-0.021334101580568809,-3.1262844325696202,30,0.000000000000000000e+00,zone_bc_work_m_v1,0,-1610,10,652,0
1,106,130,-0.17782263829901002,-0.2848613694874475,0.65176791934039457,-1.5711839067392814,-0.021791794587400659,-3.1238075294491336,30,0.000000000000000000e+00,zone_bc_work_m_v1,0,-1610,10,652,0
1,106,131,-0.2078355917887118,-0.28485678574257611,0.65092613561840007,-1.5712471667329129,-0.022249159610495672,-3.1213305192017065,30,0.000000000000000000e+00,zone_bc_work_m_v1,0,-1610,10,652,0
1,106,132,-0.23784854396182586,-0.28485220362625541,0.65008428854193978,-1.5713126928991792,-0.02270618396743207,-3.1188534071493215,30,0.000000000000000000e+00,zone_bc_work_m_v1,0,-1610,10,652,0
1,106,133,-0.26786149458305353,-0.28484762318203194,0.64924237811789853,-1.5713804834119551,-0.023162854987379911,-3.1163761986223051,30,0.000000000000000000e+00,zone_bc_work_m_v1,0,-1610,10,652,0
1,106,134,-0.29788317815874099,-0.28484222385014046,0.64850399433686923,-1.5714671815305201,-0.023700809501995046,-3.1132924166838101,30,0.000000000000000000e+00,zone_bc_work_m_v1,0,-1610,10,652,0
1,106,135,-0.3036625763734353,-0.25484792463828326,0.64762899783329497,-1.5713759515073846,-0.023132805654102695,-3.1165392641578036,10,0.000000000000000000e+00,zone_bc_work_m_v1,0,-1610,10,652,0
1,106,136,-0.27365391796046912,-0.25485171060672851,0.6484707882076538,-1.5713198796850862,-0.022755347202084941,-3.1185868193423261,30,0.000000000000000000e+00,zone_bc_work_m_v1,0,-1610,10,652,0
1,106,137,-0.24364525846996066,-0.25485549772074506,0.64931253530372512,-1.5712653547194235,-0.022377646420265629,-3.1206343090078543,30,0.000000000000000000e+00,zone_bc_work_m_v1,0,-1610,10,652,0
1,106,138,-0.21363659803478008,-0.2548592859557457,0.65015423911748882,-1.5712123776504825,-0.021999710462567101,-3.1226817301434284,30,0.000000000000000000e+00,zone_bc_work_m_v1,0,-1610,10,652,0
1,106,139,-0.18362793678781086,-0.25486307528712837,0.6509958996454871,-1.5711609494806085,-0.021621546488405752,-3.1247290797420026,30,0.000000000000000000e+00,zone_bc_work_m_v1,0,-1610,10,652,0
1,106,140,-0.15361927486194782,-0.25486686569027667,0.65183751688482439,-1.5711110711743785,-0.021243161662451326,-3.1267763548003904,30,0.000000000000000000e+00,zone_bc_work_m_v1,0,-1610,10,652,0
1,106,141,-0.12361061239009441,-0.2548706571405604,0.65267909083316766,-1.5710627436585805,-0.02086456315438534,-3.1288235523192105,30,0.000000000000000000e+00,zone_bc_work_m_v1,0,-1610,10,652,0
1,106,142,-0.0936019495051581,-0.25487444961333605,0.65352062148874612,-1.5710159678221922,-0.020485758138665267,-3.1308706693028352,30,0.000000000000000000e+00,zone_bc_work_m_v1,0,-1610,10,652,0
1,106,143,-0.063534482585243524,-0.25487180292151423,0.65354095543041202,-1.570871737332789,-0.02075152385246315,-3.1379584328400369,30,0.000000000000000000e+00,zone_bc_work_m_v1,0,-1610,10,652,0
1,106,144,-0.033449375427684336,-0.25486723823070151,0.65331433151896934,-1.5706910191986718,-0.021207969005130112,3.136626849202389,30,0.000000000000000000e+00,zone_bc_work_m_v1,0,-1610,10,652,0
1,106,145,-0.0034104429950942983,-0.25486513461999305,0.65306765670770317,-1.5706043784747088,-0.021417779293769978,3.1326301063599375,30,0.000000000000000000e+00,zone_bc_work_m_v1,0,-1610,10,652,0
1,106,146,-0.025253032979265511,-0.22486462451167377,0.65258767360068926,-1.5705826585879734,-0.021468598751495316,3.1316396254147305,10,0.000000000000000000e+00,zone_bc_work_m_v1,0,-1610,10,652,0
1,106,147,-0.055263724294900562,-0.22486523241895851,0.65284537450778035,-1.5706085300871617,-0.021408033577403174,3.1328199544686184,30,0.000000000000000000e+00,zone_bc_work_m_v1,0,-1610,10,652,0
1,106,148,-0.085433989266808119,-0.22487431893148052,0.65309060609651803,-1.5709677333978651,-0.020499289824178923,-3.1332306753890475,30,0.000000000000000000e+00,zone_bc_work_m_v1,0,-1610,10,652,0
1,106,149,-0.11545819516913558,-0.22487224268690681,0.65229856532437414,-1.571042997424964,-0.02070620584543259,-3.1296794815712241,30,0.000000000000000000e+00,zone_bc_work_m_v1,0,-1610,10,652,0
1,106,150,-0.14546383388142714,-0.22486901120824232,0.6514570630325246,-1.57108353128893,-0.021028932233281949,-3.1279349077645779,30,0.000000000000000000e+00,zone_bc_work_m_v1,0,-1610,10,652,0
1,106,151,-0.1754694722518253,-0.22486578047991512,0.65061552930054922,-1.5711251917570834,-0.021351506386297903,-3.1261902764145981,30,0.000000000000000000e+00,zone_bc_work_m_v1,0,-1610,10,652,0
1,106,152,-0.20547511019807563,-0.22486255051717385,0.6497739641296697,-1.5711679782708154,-0.021673923865321409,-3.124445589376081,30,0.000000000000000000e+00,zone_bc_work_m_v1,0,-1610,10,652,0
1,106,153,-0.23548074763792659,-0.22485932133526024,0.64893236752140326,-1.5712118902515768,-0.021996180233745388,-3.1227008485058119,30,0.000000000000000000e+00,zone_bc_work_m_v1,0,-1610,10,652,0
1,106,154,-0.26548638448913109,-0.2248560929494085,0.6480907394775649,-1.5712569271008894,-0.022318271057625738,-3.1209560556625862,30,0.000000000000000000e+00,zone_bc_work_m_v1,0,-1610,10,652,0
1,106,155,-0.2954920206694478,-0.22485286537484545,0.64724908000026526,-1.5713030882003571,-0.022640191905786367,-3.1192112127072353,30,0.000000000000000000e+00,zone_bc_work_m_v1,0,-1610,10,652,0
1,106,156,-0.095821253050840438,-0.19433691441648554,0.65105451227058619,-1.5714228424276975,-0.074304749192949604,-3.1331533852392832,10,1.000000000000000000e+00,zone_bc_work_m_v1,0,-1610,10,652,0
1,106,157,-0.065807106945098948,-0.19432497067374538,0.65110572504197672,-1.5713058035597252,-0.075503402943534859,-3.1348386077500869,30,0.000000000000000000e+00,zone_bc_work_m_v1,0,-1610,10,652,0
1,106,158,-0.035794785191808343,-0.19432511778555872,0.65090378101344348,-1.5712070823178759,-0.075489249976599115,-3.1361462905085005,30,0.000000000000000000e+00,zone_bc_work_m_v1,0,-1610,10,652,0
1,106,159,-0.0057824633057472763,-0.19432526617315607,0.6507018201251985,-1.5711083984417964,-0.075474840276959609,-3.1374539717067753,30,0.000000000000000000e+00,zone_bc_work_m_v1,0,-1610,10,652,0
1,106,160,-0.023257561149172989,-0.16432523115633388,0.64854718436063152,-1.5711316063736152,-0.075478252653068623,-3.1371463935639032,10,0.000000000000000000e+00,zone_bc_work_m_v1,0,-1610,10,652,0
1,106,161,-0.053271968891134502,-0.16432505943030654,0.64874912730909118,-1.5712461355549783,-0.075494880097107808,-3.1356289244529707,30,0.000000000000000000e+00,zone_bc_work_m_v1,0,-1610,10,652,0
1,106,162,-0.083286376436740861,-0.16432488942243009,0.64895104755463062,-1.5713607146484818,-0.075511161769987512,-3.1341114538767396,30,0.000000000000000000e+00,zone_bc_work_m_v1,0,-1610,10,652,0
1,106,163,-0.09789291272356504,-0.13432534919875277,0.64647313479675517,-1.5714189846851427,-0.075464594109306615,-3.1333340099487978,10,0.000000000000000000e+00,zone_bc_work_m_v1,0,-1610,10,652,0
1,106,164,-0.067878491440344968,-0.13432499849784804,0.64657513467146155,-1.5712870631679601,-0.075500736417684289,-3.1350868094761295,30,0.000000000000000000e+00,zone_bc_work_m_v1,0,-1610,10,652,0
1,106,165,-0.03786120070832899,-0.13432520250201746,0.64637321624533706,-1.5711506339104437,-0.07548103954354568,-3.1368942394692283,30,0.000000000000000000e+00,zone_bc_work_m_v1,0,-1610,10,652,0
1,106,166,-0.0078439097587035267,-0.13432540894301293,0.64617126561048688,-1.5710142768643482,-0.075460852333369077,-3.1387016651784201,30,0.000000000000000000e+00,zone_bc_work_m_v1,0,-1610,10,652,0
1,106,167,-0.021188402861345379,-0.10432542608768598,0.64398886354421925,-1.5710030277374336,-0.075459164558435932,-3.1388508167199607,10,0.000000000000000000e+00,zone_bc_work_m_v1,0,-1610,10,652,0
1,106,168,-0.051209938942918809,-0.10432517098872866,0.64419079301140802,-1.5711715979994851,-0.075484098786603671,-3.1366164435283297,30,0.000000000000000000e+00,zone_bc_work_m_v1,0,-1610,10,652,0
1,106,169,-0.081231474671481951,-0.10432491961404201,0.64439267325628447,-1.5713402781471157,-0.07550828359825279,-3.134382064529746,30,0.000000000000000000e+00,zone_bc_work_m_v1,0,-1610,10,652,0
1,106,170,-0.099948742377856892,-0.074325773626532324,0.64189310008846978,-1.5714572426658433,-0.075421703866997314,-3.1328216237540438,10,0.000000000000000000e+00,zone_bc_work_m_v1,0,-1610,10,652,0
1,106,171,-0.069924060270001753,-0.074325061159309314,0.64204441188889128,-1.5712449764416834,-0.075494713583988959,-3.1356442789456569,30,0.000000000000000000e+00,zone_bc_work_m_v1,0,-1610,10,652,0
1,106,172,-0.039895653332078007,-0.0743253937866072,0.641842532901721,-1.5710242309274627,-0.075462342956007955,-3.1385696903609537,30,0.000000000000000000e+00,zone_bc_work_m_v1,0,-1610,10,652,0
1,106,173,-0.0098672460355337943,-0.074325732795282914,0.64164056953565862,-1.5708036794469233,-0.075428688511466557,-3.1414950829052648,30,0.000000000000000000e+00,zone_bc_work_m_v1,0,-1610,10,652,0
1,106,174,-0.019088891657989437,-0.044325981600789613,0.63943052637162234,-1.570644517948494,-0.07540358486774501,3.1395774630092181,10,0.000000000000000000e+00,zone_bc_work_m_v1,0,-1610,10,652,0
1,106,175,-0.049130323077898552,-0.044325486198187505,0.63963251887913997,-1.5709636770899227,-0.07545323368562995,-3.1393726172626497,30,0.000000000000000000e+00,zone_bc_work_m_v1,0,-1610,10,652,0
1,106,176,-0.079171753958542368,-0.044325004168442678,0.6398343345284474,-1.5712832478032497,-0.075500192381814379,-3.1351373431200087,30,0.000000000000000000e+00,zone_bc_work_m_v1,0,-1610,10,652,0
1,106,177,-0.10920591162008053,-0.044327150660814066,0.6394219028853303,-1.571580943675384,-0.075282417851392225,-3.1311608662676358,30,0.000000000000000000e+00,zone_bc_work_m_v1,0,-1610,10,652,0
1,106,178,-0.10202109605445631,-0.014327576698073238,0.63731300013010816,-1.5716190838103314,-0.075239284209024371,-3.1306475588576843,10,0.000000000000000000e+00,zone_bc_work_m_v1,0,-1610,10,652,0
1,106,179,-0.071951652668712729,-0.014325329620204495,0.63751378201788256,-1.5710664718766874,-0.075468638822813405,-3.1380097012283832,30,0.000000000000000000e+00,zone_bc_work_m_v1,0,-1610,10,652,0
1,106,180,-0.041876077809624324,-0.01432622870968703,0.63731179658129988,-1.570488611459953,-0.075378329214813133,3.1375065292638826,30,0.000000000000000000e+00,zone_bc_work_m_v1,0,-1610,10,652,0
1,106,181,-0.011843344758794228,-0.014326852464821413,0.63711628747308746,-1.5702363497509573,-0.075314325313060593,3.1341505568715835,30,0.000000000000000000e+00,zone_bc_work_m_v1,0,-1610,10,652,0
1,107,1,-0.53119773759997102,-0.55682313568013886,0.6290547164102257,-1.5514695302717647,0.1742213343991319,-3.0305419181471271,30,0.000000000000000000e+00,zone_bc_work_m_v1,0,-1610,10,652,0
1,107,2,-0.51806961243648275,-0.52643665982733689,0.63513791487245863,-1.558616650038986,0.13561331738092375,-3.0517430814518409,10,0.000000000000000000e+00,zone_bc_work_m_v1,0,-1610,10,652,0
1,107,3,-0.53269325908850784,-0.52648216332330167,0.63378450734518166,-1.5572824452014484,0.14010414468171173,-3.0451149616001749,30,0.000000000000000000e+00,zone_bc_work_m_v1,0,-1610,10,652,0
1,107,4,-0.5341700297924461,-0.49606047241419515,0.6371274205602474,-1.5618091172779518,0.097864407130490827,-3.0498682506473029,10,0.000000000000000000e+00,zone_bc_work_m_v1,0,-1610,10,652,0
1,107,5,-0.51529835366791366,-0.46528591975970574,0.64047029305745384,-1.5693954436642117,0.020615447048890179,-3.07373904255437,10,0.000000000000000000e+00,zone_bc_work_m_v1,0,-1610,10,652,0
1,107,6,-0.53543278352500856,-0.46552647084199195,0.63906117995113365,-1.567393796084146,0.044602026944729589,-3.0654282203885641,30,0.000000000000000000e+00,zone_bc_work_m_v1,0,-1610,10,652,0
1,107,7,-0.5366208013256244,-0.43523246808565763,0.63950439023598804,-1.5697731349113004,0.015282733001138471,-3.0747389566635928,10,0.000000000000000000e+00,zone_bc_work_m_v1,0,-1610,10,652,0
1,107,8,-0.51269656847994249,-0.40523625636810823,0.64150046360630775,-1.5697859152124249,0.015663264113488395,-3.0771708957647861,10,0.000000000000000000e+00,zone_bc_work_m_v1,0,-1610,10,652,0
1,107,9,-0.53789514410705808,-0.4052324680856576,0.63987965144292236,-1.5697731349113004,0.015282733001138471,-3.0747389566635928,30,0.000000000000000000e+00,zone_bc_work_m_v1,0,-1610,10,652,0
1,107,10,-0.53916948688849176,-0.37523246808565758,0.64025491264985679,-1.5697731349113004,0.015282733001138471,-3.0747389566635928,10,0.000000000000000000e+00,zone_bc_work_m_v1,0,-1610,10,652,0
1,107,11,-0.5092033091344752,-0.37511602502335284,0.64228135209357007,-1.5705637655190861,0.0036646751846782788,-3.0782172251493156,30,0.000000000000000000e+00,zone_bc_work_m_v1,0,-1610,10,652,0
1,107,12,-0.47924354509543998,-0.37499371218001609,0.64415925010667963,-1.5713221384210108,-0.0085431846542391998,-3.0801219454944535,30,0.000000000000000000e+00,zone_bc_work_m_v1,0,-1610,10,652,0
1,107,13,-0.44926757179931709,-0.37490012026073155,0.64586611826238005,-1.5718533509117554,-0.017888197011709073,-3.0825675328199598,30,0.000000000000000000e+00,zone_bc_work_m_v1,0,-1610,10,652,0
1,107,14,-0.41924381886146334,-0.37482387996070593,0.64757667779324457,-1.5721184857320707,-0.025511014431765844,-3.0898063608969282,30,0.000000000000000000e+00,zone_bc_work_m_v1,0,-1610,10,652,0
1,107,15,-0.3891455824791672,-0.37482311578763966,0.64871923474799187,-1.5718046980754394,-0.025601841947205939,-3.1022220227067203,30,0.000000000000000000e+00,zone_bc_work_m_v1,0,-1610,10,652,0
1,107,16,-0.35913644963645375,-0.37482612801540033,0.64942583377545693,-1.571748649937919,-0.025302456189427946,-3.1039688118062818,30,0.000000000000000000e+00,zone_bc_work_m_v1,0,-1610,10,652,0
1,107,17,-0.32912731557370489,-0.37482914122456445,0.6501324014704658,-1.5716936482859198,-0.025002857863225092,-3.1057155485829471,30,0.000000000000000000e+00,zone_bc_work_m_v1,0,-1610,10,652,0
1,107,18,-0.33030578295078938,-0.34483052085354915,0.64931656276678429,-1.5716688204911184,-0.024865646047727452,-3.1065151045134245,10,0.000000000000000000e+00,zone_bc_work_m_v1,0,-1610,10,652,0
1,107,19,-0.36031812176544831,-0.3448269535744431,0.64860987692244432,-1.5717334746919456,-0.025220383563023363,-3.1044474442742898,30,0.000000000000000000e+00,zone_bc_work_m_v1,0,-1610,10,652,0
1,107,20,-0.39033045890204598,-0.34482338766508125,0.64790314717230335,-1.5717995955811279,-0.025574824802651275,-3.102379709954235,30,0.000000000000000000e+00,zone_bc_work_m_v1,0,-1610,10,652,0
1,107,21,-0.42036755649695001,-0.34482251752965742,0.64675077557241456,-1.5719657246349641,-0.025654901608510361,-3.0960373233900755,30,0.000000000000000000e+00,zone_bc_work_m_v1,0,-1610,10,652,0
1,107,22,-0.45043344279382613,-0.34482503444519846,0.64503053173289426,-1.5722466258355761,-0.025388378633354858,-3.0845239876165227,30,0.000000000000000000e+00,zone_bc_work_m_v1,0,-1610,10,652,0
1,107,23,-0.48038442100734824,-0.34482467399942501,0.64332391912836051,-1.5722475647391105,-0.025424440031730944,-3.0845679264385648,30,0.000000000000000000e+00,zone_bc_work_m_v1,0,-1610,10,652,0
1,107,24,-0.51033539921976612,-0.34482431355357235,0.64161730649149684,-1.5722485004775952,-0.025460501602600161,-3.0846118652736791,30,0.000000000000000000e+00,zone_bc_work_m_v1,0,-1610,10,652,0
1,107,25,-0.54027210264066516,-0.3448239532794326,0.63991150720269574,-1.5722494326072876,-0.025496546158372935,-3.084655783180597,30,0.000000000000000000e+00,zone_bc_work_m_v1,0,-1610,10,652,0
1,107,26,-0.54142515495125076,-0.31482395327943258,0.639078259490099,-1.5722494326072876,-0.025496546158372935,-3.084655783180597,10,0.000000000000000000e+00,zone_bc_work_m_v1,0,-1610,10,652,0
1,107,27,-0.51147432972168216,-0.31482443920799491,0.64078486663961509,-1.5722481746307613,-0.025447930220342085,-3.0845965478298387,30,0.000000000000000000e+00,zone_bc_work_m_v1,0,-1610,10,652,0
1,107,28,-0.48152350449010961,-0.31482492513641536,0.64249147373037296,-1.5722469109018542,-0.025399314595413225,-3.0845373125030946,30,0.000000000000000000e+00,zone_bc_work_m_v1,0,-1610,10,652,0
1,107,29,-0.45151538824741033,-0.31482378188968468,0.64420720266867981,-1.5721075850529833,-0.025521400176117037,-3.0902534247662214,30,0.000000000000000000e+00,zone_bc_work_m_v1,0,-1610,10,652,0
1,107,30,-0.42148896727600049,-0.31482213116692526,0.645925340908997,-1.5719218809620319,-0.025695548277989033,-3.0978123377978521,30,0.000000000000000000e+00,zone_bc_work_m_v1,0,-1610,10,652,0
1,107,31,-0.39146771982328521,-0.31482378878235751,0.64708819486172886,-1.5717920833995311,-0.025534963023008839,-3.1026123461818198,30,0.000000000000000000e+00,zone_bc_work_m_v1,0,-1610,10,652,0
1,107,32,-0.36145073566873265,-0.31482815776103273,0.64779511035699444,-1.571711482914961,-0.025100654463643179,-3.1051455093954621,30,0.000000000000000000e+00,zone_bc_work_m_v1,0,-1610,10,652,0
1,107,33,-0.33143374906458933,-0.31483252878360884,0.64850195995218718,-1.5716330844125539,-0.024665904701151042,-3.1076785597517009,30,0.000000000000000000e+00,zone_bc_work_m_v1,0,-1610,10,652,0
1,107,34,-0.32790751722359635,-0.28483657780203608,0.6477970307844414,-1.5715624588057873,-0.024262977133449937,-3.1100238653478502,10,0.000000000000000000e+00,zone_bc_work_m_v1,0,-1610,10,652,0
1,107,35,-0.35793185301181074,-0.28483093501901857,0.64708995745286835,-1.5716614107134044,-0.024824450425824152,-3.1067551066435994,30,0.000000000000000000e+00,zone_bc_work_m_v1,0,-1610,10,652,0
1,107,36,-0.38795618498541207,-0.2848252955940887,0.64638277436236646,-1.5717640322623501,-0.025385202281555941,-3.1034861535769398,30,0.000000000000000000e+00,zone_bc_work_m_v1,0,-1610,10,652,0
1,107,37,-0.41797504137657771,-0.28482176198821474,0.6453652438074553,-1.57187976961358,-0.025734320804672972,-3.0995117617331562,30,0.000000000000000000e+00,zone_bc_work_m_v1,0,-1610,10,652,0
1,107,38,-0.44798155568452724,-0.28482297338344775,0.64364819160317632,-1.5720171557400509,-0.025606854040010063,-3.0939476380264628,30,0.000000000000000000e+00,zone_bc_work_m_v1,0,-1610,10,652,0
1,107,39,-0.47798805544122014,-0.2848241924010349,0.64193083048575028,-1.5721531156422763,-0.025477898033336333,-3.0883835683831018,30,0.000000000000000000e+00,zone_bc_work_m_v1,0,-1610,10,652,0
1,107,40,-0.50797740398654612,-0.2848248144605221,0.64021658370538137,-1.5722471992368359,-0.025410387347496899,-3.0845508040425091,30,0.000000000000000000e+00,zone_bc_work_m_v1,0,-1610,10,652,0
1,107,41,-0.5379279128350527,-0.28482406902086427,0.63850998800500292,-1.5722491334966895,-0.025484966490340488,-3.0846416741424383,30,0.000000000000000000e+00,zone_bc_work_m_v1,0,-1610,10,652,0
1,107,42,-0.54257820726183636,-0.28482395327943255,0.63824501177750248,-1.5722494326072876,-0.025496546158372935,-3.084655783180597,30,0.000000000000000000e+00,zone_bc_work_m_v1,0,-1610,10,652,0
1,107,43,-0.54373125957242197,-0.25482395327943252,0.63741176406490596,-1.5722494326072876,-0.025496546158372935,-3.084655783180597,10,0.000000000000000000e+00,zone_bc_work_m_v1,0,-1610,10,652,0
1,107,44,-0.51376730004389937,-0.25482473290494256,0.63912166758501288,-1.5722126720006757,-0.025420505681090333,-3.0859275396005259,30,0.000000000000000000e+00,zone_bc_work_m_v1,0,-1610,10,652,0
1,107,45,-0.48377240343737538,-0.25482376514353061,0.64083858352582068,-1.5721057222304786,-0.025523173162797619,-3.0903297857140428,30,0.000000000000000000e+00,zone_bc_work_m_v1,0,-1610,10,652,0
1,107,46,-0.45377749667279699,-0.25482280213070035,0.64255530613884504,-1.5719978721446093,-0.025624915672287196,-3.0947321008125899,30,0.000000000000000000e+00,zone_bc_work_m_v1,0,-1610,10,652,0
1,107,47,-0.42378258102661559,-0.25482184389443585,0.6442718353617124,-1.5718891308732488,-0.025725724339805023,-3.0991344421346882,30,0.000000000000000000e+00,zone_bc_work_m_v1,0,-1610,10,652,0
1,107,48,-0.3937651688658188,-0.25482556902047365,0.64545785710620629,-1.5717589706484461,-0.025358023549575615,-3.1036446981206742,30,0.000000000000000000e+00,zone_bc_work_m_v1,0,-1610,10,652,0
1,107,49,-0.36372747313943643,-0.25483351857181358,0.6461655464959587,-1.5716156425283709,-0.024567426415929017,-3.1082519735735645,30,0.000000000000000000e+00,zone_bc_work_m_v1,0,-1610,10,652,0
1,107,50,-0.33368977032476677,-0.25484147470933283,0.6468730178332639,-1.5714796086312681,-0.023775420809762471,-3.1128588510964876,30,0.000000000000000000e+00,zone_bc_work_m_v1,0,-1610,10,652,0
1,107,51,-0.32549765609664294,-0.22484963862678994,0.64640738909191231,-1.5713503729116738,-0.022961938349928879,-3.1174663215026488,10,0.000000000000000000e+00,zone_bc_work_m_v1,0,-1610,10,652,0
1,107,52,-0.35550610729112431,-0.22484596108641794,0.64557154651169613,-1.5714061672131558,-0.023328504846304554,-3.115454805555478,30,0.000000000000000000e+00,zone_bc_work_m_v1,0,-1610,10,652,0
1,107,53,-0.38557570770437577,-0.22483248691288441,0.64486303182386229,-1.5716338247821682,-0.024670070340901518,-3.1076543013501299,30,0.000000000000000000e+00,zone_bc_work_m_v1,0,-1610,10,652,0
1,107,54,-0.41563276363132506,-0.22481837910041286,0.64397709611698473,-1.5718710793276642,-0.026073378848823214,-3.1003909957796969,30,0.000000000000000000e+00,zone_bc_work_m_v1,0,-1610,10,652,0
1,107,55,-0.4456309554026876,-0.22480121889545665,0.64225998444313859,-1.5720733063405568,-0.027782835679612594,-3.0956561589743901,30,0.000000000000000000e+00,zone_bc_work_m_v1,0,-1610,10,652,0
1,107,56,-0.47562913757263825,-0.22478406961924458,0.64054262000745565,-1.5722917188272776,-0.029489913077228591,-3.0909200865015896,30,0.000000000000000000e+00,zone_bc_work_m_v1,0,-1610,10,652,0
1,107,57,-0.50562730834751601,-0.22476693192331423,0.63882500291161282,-1.5725262956523984,-0.031194435995381742,-3.0861827704831963,30,0.000000000000000000e+00,zone_bc_work_m_v1,0,-1610,10,652,0
1,107,58,-0.53567960570531548,-0.22458611010034699,0.63708501739411838,-1.5740363023910868,-0.049233061170130377,-3.0758517612514131,30,0.000000000000000000e+00,zone_bc_work_m_v1,0,-1610,10,652,0
1,107,59,-0.54498671144995692,-0.22450566654427628,0.63644229077159953,-1.5747286635580875,-0.057260596851026913,-3.0729881971199533,30,0.000000000000000000e+00,zone_bc_work_m_v1,0,-1610,10,652,0
1,107,60,-0.48616092827157487,-0.19455835790293785,0.63875276301998318,-1.5742698784849392,-0.05200248908795424,-3.0748656068574469,10,0.000000000000000000e+00,zone_bc_work_m_v1,0,-1610,10,652,0
1,107,61,-0.45622212381919547,-0.19458471224164731,0.64080786095492159,-1.5740479347894452,-0.049372555867956969,-3.0758021322316287,30,0.000000000000000000e+00,zone_bc_work_m_v1,0,-1610,10,652,0
1,107,62,-0.42609979212623195,-0.19479366170240139,0.64261707163993964,-1.5721675433863078,-0.028535261307405246,-3.0935696433284763,30,0.000000000000000000e+00,zone_bc_work_m_v1,0,-1610,10,652,0
1,107,63,-0.39592389945312445,-0.19484352832362489,0.64383198178877965,-1.5714456990228332,-0.023570874643970674,-3.1140472950322069,30,0.000000000000000000e+00,zone_bc_work_m_v1,0,-1610,10,652,0
1,107,64,-0.36591593661227151,-0.1947810087384923,0.6446627213665338,-1.5715598888307731,-0.029824245441864683,-3.115992389683564,30,0.000000000000000000e+00,zone_bc_work_m_v1,0,-1610,10,652,0
1,107,65,-0.33592555351935216,-0.19471062851431842,0.64550163970958097,-1.5717324421511254,-0.036864090787367187,-3.116198661939876,30,0.000000000000000000e+00,zone_bc_work_m_v1,0,-1610,10,652,0
1,107,66,-0.30593517044455543,-0.19464026653587505,0.64634006189155546,-1.5719021481040745,-0.04390401159063706,-3.1164026293446332,30,0.000000000000000000e+00,zone_bc_work_m_v1,0,-1610,10,652,0
1,107,67,-0.27593238731241509,-0.19458284557823929,0.64709958477752882,-1.5719847772690532,-0.049652112938377346,-3.1176518328619558,30,0.000000000000000000e+00,zone_bc_work_m_v1,0,-1610,10,652,0
1,107,68,-0.24591386900580581,-0.19454182727409738,0.64775932637577083,-1.5719444055713674,-0.053761402406377945,-3.1202305288133734,30,0.000000000000000000e+00,zone_bc_work_m_v1,0,-1610,10,652,0
1,107,69,-0.21589534785726205,-0.19450081895233701,0.64841883308330783,-1.5718827589496982,-0.057870695971474317,-3.1228109300801403,30,0.000000000000000000e+00,zone_bc_work_m_v1,0,-1610,10,652,0
1,107,70,-0.18587682477703926,-0.19445982205993526,0.64907810495092477,-1.5717998093722247,-0.061979835713179998,-3.1253932262379154,30,0.000000000000000000e+00,zone_bc_work_m_v1,0,-1610,10,652,0
1,107,71,-0.15585830067556805,-0.19441883804312621,0.64973714204597477,-1.5716955274639801,-0.066088663476113529,-3.1279776072231984,30,0.000000000000000000e+00,zone_bc_work_m_v1,0,-1610,10,652,0
1,107,72,-0.12583977646334787,-0.19437786834723042,0.65039594445237325,-1.5715698825048108,-0.070197020857224457,-3.1305642633354767,30,0.000000000000000000e+00,zone_bc_work_m_v1,0,-1610,10,652,0
1,107,73,-0.11329390070540568,-0.16432586821199069,0.64840110035559406,-1.5714657601932638,-0.075412143004951915,-3.1327074691878725,10,0.000000000000000000e+00,zone_bc_work_m_v1,0,-1610,10,652,0
1,107,74,-0.14330040536479127,-0.16432701834594679,0.64773977383579351,-1.5715690858233715,-0.075295810052671941,-3.1313203337061788,30,0.000000000000000000e+00,zone_bc_work_m_v1,0,-1610,10,652,0
1,107,75,-0.17330690987119457,-0.16432816990187071,0.6470784282100468,-1.5716720859351909,-0.075179194469261468,-3.1299332424302948,30,0.000000000000000000e+00,zone_bc_work_m_v1,0,-1610,10,652,0
1,107,76,-0.20331341418497262,-0.16432932287646354,0.646417063478396,-1.5717747596643052,-0.075062297270292566,-3.1285461966957628,30,0.000000000000000000e+00,zone_bc_work_m_v1,0,-1610,10,652,0
1,107,77,-0.23331991826648335,-0.1643304772664182,0.64575567964099234,-1.5718771061501506,-0.074945119474488564,-3.1271591978370354,30,0.000000000000000000e+00,zone_bc_work_m_v1,0,-1610,10,652,0
1,107,78,-0.26332642207608536,-0.16433163306841944,0.64509427669809771,-1.5719791245360293,-0.07482766210371028,-3.1257722471874656,30,0.000000000000000000e+00,zone_bc_work_m_v1,0,-1610,10,652,0
1,107,79,-0.29333292557413904,-0.16433279027914391,0.64443285465008293,-1.5720808139691265,-0.074709926182938702,-3.124385346079305,30,0.000000000000000000e+00,zone_bc_work_m_v1,0,-1610,10,652,0
1,107,80,-0.32333942872100718,-0.16433394889526012,0.64377141349742972,-1.5721821736005179,-0.074591912740257671,-3.1229984958436914,30,0.000000000000000000e+00,zone_bc_work_m_v1,0,-1610,10,652,0
1,107,81,-0.35334593147705418,-0.16433510891342859,0.6431099532407285,-1.5722832025851865,-0.074473622806835671,-3.1216116978106454,30,0.000000000000000000e+00,zone_bc_work_m_v1,0,-1610,10,652,0
1,107,82,-0.3833524338026475,-0.16433627033030185,0.64244847388068016,-1.5723839000820332,-0.074355057416913839,-3.1202249533090614,30,0.000000000000000000e+00,zone_bc_work_m_v1,0,-1610,10,652,0
1,107,83,-0.41350789598444893,-0.16436089586543415,0.64177905414295577,-1.5735109537923808,-0.071851643375137719,-3.1037970392966381,30,0.000000000000000000e+00,zone_bc_work_m_v1,0,-1610,10,652,0
1,107,84,-0.44367378905666977,-0.16444214846268942,0.63993245177287694,-1.5746330424970894,-0.063643420586016353,-3.0813400989610149,30,0.000000000000000000e+00,zone_bc_work_m_v1,0,-1610,10,652,0
1,107,85,-0.47362764954043168,-0.16446054255489681,0.63787897588093467,-1.5746717307019886,-0.061794512135232349,-3.0789202231236401,30,0.000000000000000000e+00,zone_bc_work_m_v1,0,-1610,10,652,0
1,107,86,-0.5035815064349014,-0.16447893959002322,0.63582540762881878,-1.574701451833374,-0.059945717336621573,-3.0765010212558326,30,0.000000000000000000e+00,zone_bc_work_m_v1,0,-1610,10,652,0
1,107,87,-0.48822406759481329,-0.13446095325258453,0.63514989899828689,-1.5746724920912269,-0.061753234846390281,-3.0788662052213489,10,0.000000000000000000e+00,zone_bc_work_m_v1,0,-1610,10,652,0
1,107,88,-0.45826500130951686,-0.1344386028827172,0.63720343561833581,-1.5746245528806655,-0.063999854503678621,-3.081806673031342,30,0.000000000000000000e+00,zone_bc_work_m_v1,0,-1610,10,652,0
1,107,89,-0.4281710155543943,-0.13438644098617097,0.63888658180867153,-1.5739477555775483,-0.069270386288995622,-3.0960929194475035,30,0.000000000000000000e+00,zone_bc_work_m_v1,0,-1610,10,652,0
1,107,90,-0.39805960661256434,-0.13434803202924187,0.63993827969583206,-1.5731487391857746,-0.073154848332965594,-3.1094183849293033,30,0.000000000000000000e+00,zone_bc_work_m_v1,0,-1610,10,652,0
1,107,91,-0.36801325614056513,-0.13434223720534508,0.6405606241450289,-1.5727764136349269,-0.073747114997764873,-3.1147250467830552,30,0.000000000000000000e+00,zone_bc_work_m_v1,0,-1610,10,652,0
1,107,92,-0.33796689839553062,-0.13433646235376118,0.64118268730609196,-1.572397775751726,-0.074335500371319307,-3.1200325945467724,30,0.000000000000000000e+00,zone_bc_work_m_v1,0,-1610,10,652,0
1,107,93,-0.30795688924855158,-0.13433497648576803,0.64184327661088703,-1.5722716920173132,-0.07448713351038827,-3.1217699273914903,30,0.000000000000000000e+00,zone_bc_work_m_v1,0,-1610,10,652,0
1,107,94,-0.27794775102194968,-0.1343335951594356,0.64250476623478125,-1.5721512756368408,-0.074627957501098408,-3.1234217299891278,30,0.000000000000000000e+00,zone_bc_work_m_v1,0,-1610,10,652,0
1,107,95,-0.2479386122580598,-0.13433221582360647,0.64316622875597163,-1.5720303905415518,-0.0747683887945223,-3.1250736060695266,30,0.000000000000000000e+00,zone_bc_work_m_v1,0,-1610,10,652,0
1,107,96,-0.21792947302385723,-0.13433083848391816,0.64382766417353388,-1.5719090381619685,-0.074908425650320742,-3.1267255533845155,30,0.000000000000000000e+00,zone_bc_work_m_v1,0,-1610,10,652,0
1,107,97,-0.18792033338632219,-0.13432946314599192,0.64448907248676501,-1.5717872199364589,-0.075048066334382879,-3.128377569683682,30,0.000000000000000000e+00,zone_bc_work_m_v1,0,-1610,10,652,0
1,107,98,-0.15791119341243753,-0.13432808981543265,0.64515045369518287,-1.5716649373112102,-0.075187309118865953,-3.1300296527143843,30,0.000000000000000000e+00,zone_bc_work_m_v1,0,-1610,10,652,0
1,107,99,-0.12790205316918946,-0.1343267184978289,0.64581180779852632,-1.571542191740195,-0.07532615228223527,-3.131681800221771,30,0.000000000000000000e+00,zone_bc_work_m_v1,0,-1610,10,652,0
1,107,100,-0.11124627324716552,-0.10432620632646333,0.64391151604590824,-1.5714961827076168,-0.075377958085056429,-3.1322994986332127,10,0.000000000000000000e+00,zone_bc_work_m_v1,0,-1610,10,652,0
1,107,101,-0.14125929447650409,-0.1043279009368981,0.64325015338655589,-1.5716480690887655,-0.075206444340112144,-3.1302570635139526,30,0.000000000000000000e+00,zone_bc_work_m_v1,0,-1610,10,652,0
1,107,102,-0.17127231530828269,-0.10432959862477661,0.64258874930423726,-1.5717992482867986,-0.075034319518813897,-3.1282147264555507,30,0.000000000000000000e+00,zone_bc_work_m_v1,0,-1610,10,652,0
1,107,103,-0.20128533561594963,-0.1043312993795415,0.64192730379943796,-1.5719497175545407,-0.074861586873301578,-3.1261724917180262,30,0.000000000000000000e+00,zone_bc_work_m_v1,0,-1610,10,652,0
1,107,104,-0.23129835527295972,-0.10433300319059696,0.64126581687315864,-1.5720994741630046,-0.074688249670442186,-3.1241303635562341,30,0.000000000000000000e+00,zone_bc_work_m_v1,0,-1610,10,652,0
1,107,105,-0.26131137415277528,-0.10433471004730931,0.64060428852691731,-1.5722485154014878,-0.074514311191709259,-3.1220883462198143,30,0.000000000000000000e+00,zone_bc_work_m_v1,0,-1610,10,652,0
1,107,106,-0.29132507903393634,-0.10433651725226402,0.6399448790329233,-1.572401411120407,-0.074329915763447829,-3.1199820472291488,30,0.000000000000000000e+00,zone_bc_work_m_v1,0,-1610,10,652,0
1,107,107,-0.32135079653089416,-0.10434003186657978,0.63932317867096078,-1.5726327145264505,-0.073972032084356876,-3.1167496499919518,30,0.000000000000000000e+00,zone_bc_work_m_v1,0,-1610,10,652,0
1,107,108,-0.35137651164644712,-0.10434355392285634,0.6387013739789823,-1.5728616830978825,-0.073612698249983399,-3.1135175713154988,30,0.000000000000000000e+00,zone_bc_work_m_v1,0,-1610,10,652,0
1,107,109,-0.38140222387606793,-0.10434708336587992,0.63807946496538204,-1.5730883067790096,-0.073251931266395731,-3.1102858271772265,30,0.000000000000000000e+00,zone_bc_work_m_v1,0,-1610,10,652,0
1,107,110,-0.41142793271532008,-0.10435062014020469,0.63745745164182799,-1.5733125756635005,-0.072889748223852857,-3.107054433513861,30,0.000000000000000000e+00,zone_bc_work_m_v1,0,-1610,10,652,0
1,107,111,-0.4415150929482452,-0.10439023947651993,0.63605626041463392,-1.5740092387334266,-0.068886394946339635,-3.094948708662653,30,0.000000000000000000e+00,zone_bc_work_m_v1,0,-1610,10,652,0
1,107,112,-0.4715998466710063,-0.1044319229983106,0.63456035915919906,-1.5746076514516067,-0.064671415237433472,-3.0826858153699934,30,0.000000000000000000e+00,zone_bc_work_m_v1,0,-1610,10,652,0
1,107,113,-0.50156697262810734,-0.10446039753646175,0.63250674446672872,-1.5746714607850496,-0.061809087303386079,-3.0789392971134903,30,0.000000000000000000e+00,zone_bc_work_m_v1,0,-1610,10,652,0
1,107,114,-0.49027738640387675,-0.074427891520479253,0.6315036074717294,-1.5745702968280488,-0.065078287330227802,-3.0836252075852153,10,0.000000000000000000e+00,zone_bc_work_m_v1,0,-1610,10,652,0
1,107,115,-0.46022137206525016,-0.074397352475699022,0.63296512303409869,-1.5741219610698778,-0.068167235864267317,-3.0928070071753355,30,0.000000000000000000e+00,zone_bc_work_m_v1,0,-1610,10,652,0
1,107,116,-0.43016531583668716,-0.0743668637494318,0.63442570953892374,-1.5736166398992184,-0.071248792565743013,-3.1019957332990495,30,0.000000000000000000e+00,zone_bc_work_m_v1,0,-1610,10,652,0
1,107,117,-0.40012794532656515,-0.074349663768602262,0.63548769709727726,-1.5732522099614772,-0.072987750313213029,-3.1079275347801505,30,0.000000000000000000e+00,zone_bc_work_m_v1,0,-1610,10,652,0
1,107,118,-0.37011127083604811,-0.07434712183481236,0.63610947679333485,-1.5730907613106453,-0.073247995420653966,-3.1102506419293698,30,0.000000000000000000e+00,zone_bc_work_m_v1,0,-1610,10,652,0
1,107,119,-0.34009459459045188,-0.074344583689737787,0.63673120257907367,-1.5729280955760636,-0.073507508763580365,-3.1125739303043209,30,0.000000000000000000e+00,zone_bc_work_m_v1,0,-1610,10,652,0
1,107,120,-0.31007791677719632,-0.074342049353992593,0.63735287444997402,-1.5727642164300333,-0.073766283987354075,-3.114897393985979,30,0.000000000000000000e+00,zone_bc_work_m_v1,0,-1610,10,652,0
1,107,121,-0.28006123758372548,-0.074339518848128908,0.63797449240239101,-1.5725991275848141,-0.074024314759709053,-3.1172210270444207,30,0.000000000000000000e+00,zone_bc_work_m_v1,0,-1610,10,652,0
1,107,122,-0.25004455719750629,-0.074336992192636814,0.63859605643355422,-1.572432832792475,-0.074281594771037796,-3.1195448235388854,30,0.000000000000000000e+00,zone_bc_work_m_v1,0,-1610,10,652,0
1,107,123,-0.22002594806412579,-0.074334678389067682,0.63924714504927482,-1.5722457599661763,-0.07451753998018229,-3.1221261868225487,30,0.000000000000000000e+00,zone_bc_work_m_v1,0,-1610,10,652,0
1,107,124,-0.19000664825029423,-0.074332444334368128,0.63990874031608336,-1.5720504616733137,-0.074745137119249128,-3.1247997742184896,30,0.000000000000000000e+00,zone_bc_work_m_v1,0,-1610,10,652,0
1,107,125,-0.15998734717529928,-0.074330215506514571,0.64057026457986377,-1.5718539386143133,-0.074971701705550453,-3.127473549203839,30,0.000000000000000000e+00,zone_bc_work_m_v1,0,-1610,10,652,0
1,107,126,-0.1299680451231453,-0.074327991929331774,0.64123171783776922,-1.5716561968927731,-0.075197226390085525,-3.130147502235225,30,0.000000000000000000e+00,zone_bc_work_m_v1,0,-1610,10,652,0
1,107,127,-0.13923712013319234,-0.044330368669940445,0.63876038871094876,-1.5718674974460063,-0.074956148509053744,-3.1272896020896859,10,0.000000000000000000e+00,zone_bc_work_m_v1,0,-1610,10,652,0
1,107,128,-0.16926832655723811,-0.044333597680978866,0.63809872570945525,-1.5721514960368457,-0.074627700606482161,-3.1234187124689119,30,0.000000000000000000e+00,zone_bc_work_m_v1,0,-1610,10,652,0
1,107,129,-0.19929644892517495,-0.044336637212293556,0.63744326975848187,-1.5724093524510392,-0.0743177121041394,-3.1198716012086836,30,0.000000000000000000e+00,zone_bc_work_m_v1,0,-1610,10,652,0
1,107,130,-0.22930805817732325,-0.044338608724159401,0.63682179245859449,-1.5725393947077153,-0.074117030870314959,-3.1180576519164953,30,0.000000000000000000e+00,zone_bc_work_m_v1,0,-1610,10,652,0
1,107,131,-0.25931966674384355,-0.044340582586586394,0.63620028230339165,-1.5726687029956077,-0.073915890808236462,-3.116243800903062,30,0.000000000000000000e+00,zone_bc_work_m_v1,0,-1610,10,652,0
1,107,132,-0.28933127453556984,-0.044342558789843084,0.635578739293996,-1.5727972755212907,-0.073714294913767242,-3.1144300509963339,30,0.000000000000000000e+00,zone_bc_work_m_v1,0,-1610,10,652,0
1,107,133,-0.31934288146334211,-0.044344537324174781,0.63495716343185393,-1.5729251105060857,-0.073512246191243635,-3.1126164050202485,30,0.000000000000000000e+00,zone_bc_work_m_v1,0,-1610,10,652,0
1,107,134,-0.34935448743800901,-0.044346518179803798,0.63433555471873726,-1.5730522061861063,-0.073309747653393043,-3.1108028657947138,30,0.000000000000000000e+00,zone_bc_work_m_v1,0,-1610,10,652,0
1,107,135,-0.37936609237042895,-0.044348501346929449,0.63371391315674253,-1.5731785608122966,-0.07310680232125133,-3.1089894361355945,30,0.000000000000000000e+00,zone_bc_work_m_v1,0,-1610,10,652,0
1,107,136,-0.40937769617147146,-0.04435048681572832,0.63309223874829068,-1.5733041726504766,-0.072903413224077562,-3.1071761188546922,30,0.000000000000000000e+00,zone_bc_work_m_v1,0,-1610,10,652,0
1,107,137,-0.43940895775052047,-0.044370033750616669,0.63179501337361688,-1.5736718746383589,-0.070928524005120952,-3.1010392872533572,30,0.000000000000000000e+00,zone_bc_work_m_v1,0,-1610,10,652,0
1,107,138,-0.46944492900204859,-0.044393832580426326,0.63033484899495562,-1.5740665725690139,-0.068523130783067154,-3.0938666854651524,30,0.000000000000000000e+00,zone_bc_work_m_v1,0,-1610,10,652,0
1,107,139,-0.49948087562811883,-0.04441766236988158,0.62887411850177521,-1.5744265530931223,-0.066113150054893044,-3.0866983041881193,30,0.000000000000000000e+00,zone_bc_work_m_v1,0,-1610,10,652,0
1,107,140,-0.49224816428728801,-0.01440041167497777,0.62704421023798362,-1.5741694757215106,-0.067857896754379698,-3.0918862618632819,10,0.000000000000000000e+00,zone_bc_work_m_v1,0,-1610,10,652,0
1,107,141,-0.46222505702499239,-0.014380885584940717,0.6285042777779879,-1.5738562195904311,-0.069831912265024831,-3.0977669912069778,30,0.000000000000000000e+00,zone_bc_work_m_v1,0,-1610,10,652,0
1,107,142,-0.43220193542666885,-0.014361381056660381,0.62996396455302173,-1.5735196291022513,-0.071802635910746426,-3.1036505586536691,30,0.000000000000000000e+00,zone_bc_work_m_v1,0,-1610,10,652,0
1,107,143,-0.40218561092980787,-0.01435012135580498,0.6310373749915138,-1.5732811183547897,-0.072940866030782869,-3.1075097253578852,30,0.000000000000000000e+00,zone_bc_work_m_v1,0,-1610,10,652,0
1,107,144,-0.37217725241171618,-0.014348493320157829,0.631658964522258,-1.5731780511890634,-0.073107624153332607,-3.1089967714329836,30,0.000000000000000000e+00,zone_bc_work_m_v1,0,-1610,10,652,0
1,107,145,-0.34216889313300825,-0.014346866832426719,0.63228053196355249,-1.5730744844984252,-0.073274083832868708,-3.1104838930755303,30,0.000000000000000000e+00,zone_bc_work_m_v1,0,-1610,10,652,0
1,107,146,-0.3121605331428392,-0.01434524189803035,0.63290207731404635,-1.5729704192385676,-0.073440243398370963,-3.111971088735014,30,0.000000000000000000e+00,zone_bc_work_m_v1,0,-1610,10,652,0
1,107,147,-0.28215217249036906,-0.014343618522377055,0.63352360057253598,-1.5728658563719136,-0.073606101182531747,-3.1134583568590837,30,0.000000000000000000e+00,zone_bc_work_m_v1,0,-1610,10,652,0
1,107,148,-0.25214381122476226,-0.014341996710864923,0.63414510173796446,-1.5727607968676005,-0.073771655521786439,-3.114945695893558,30,0.000000000000000000e+00,zone_bc_work_m_v1,0,-1610,10,652,0
1,107,149,-0.22213544939518792,-0.014340376468881621,0.63476658080942183,-1.5726552417014672,-0.073936904756345179,-3.1164331042824287,30,0.000000000000000000e+00,zone_bc_work_m_v1,0,-1610,10,652,0
1,107,150,-0.19212708705081782,-0.014338757801804346,0.63538803778614483,-1.5725491918560348,-0.074101847230224616,-3.1179205804678682,30,0.000000000000000000e+00,zone_bc_work_m_v1,0,-1610,10,652,0
1,107,151,-0.16211872424082729,-0.014337140714999816,0.63600947266751706,-1.5724426483204916,-0.074266481291277442,-3.1194081228902353,30,0.000000000000000000e+00,zone_bc_work_m_v1,0,-1610,10,652,0
1,107,152,-0.13208351595180035,-0.014333414548973571,0.63665115240648373,-1.572135483477255,-0.074646356430134286,-3.1236378870812302,30,0.000000000000000000e+00,zone_bc_work_m_v1,0,-1610,10,652,0
1,107,153,-0.016981567826944266,0.015672638012647948,0.6348919107020865,-1.5701350187576999,-0.075262406292203377,3.1327978802786838,10,1.000000000000000000e+00,zone_bc_work_m_v1,0,-1610,10,652,0
1,107,154,-0.046991837050113894,0.015673050438875832,0.63508410353334965,-1.5702170080637845,-0.075304441776895326,3.1338925071753785,30,0.000000000000000000e+00,zone_bc_work_m_v1,0,-1610,10,652,0
1,107,155,-0.077002106334217446,0.015673461976937926,0.63527628453349061,-1.5702990897463744,-0.075346299128250971,3.1349871448551356,30,0.000000000000000000e+00,zone_bc_work_m_v1,0,-1610,10,652,0
1,107,156,-0.10727958181940145,0.015663315431569666,0.63494141200709187,-1.5724124865114903,-0.074312894288526055,-3.1198280031939243,30,0.000000000000000000e+00,zone_bc_work_m_v1,0,-1610,10,652,0
1,107,157,-0.13728568853160272,0.015661945425206849,0.63432001710034414,-1.5725029323899533,-0.074173460291391935,-3.1185672852032584,30,0.000000000000000000e+00,zone_bc_work_m_v1,0,-1610,10,652,0
1,107,158,-0.16729179492472257,0.01566057428211888,0.63369860632316044,-1.5725930239793218,-0.074033804257608971,-3.1173066143007304,30,0.000000000000000000e+00,zone_bc_work_m_v1,0,-1610,10,652,0
1,107,159,-0.19729790096882516,0.015659202005569365,0.63307717967586996,-1.5726827606753737,-0.073893927191690301,-3.116045991436307,30,0.000000000000000000e+00,zone_bc_work_m_v1,0,-1610,10,652,0
1,107,160,-0.22730400663397732,0.015657828598827285,0.63245573715887815,-1.5727721418773237,-0.07375383010013703,-3.1147854175590171,30,0.000000000000000000e+00,zone_bc_work_m_v1,0,-1610,10,652,0
1,107,161,-0.25731011189024611,0.015656454065167101,0.63183427877266629,-1.5728611669878287,-0.073613513991425794,-3.1135248936169564,30,0.000000000000000000e+00,zone_bc_work_m_v1,0,-1610,10,652,0
1,107,162,-0.28731621670770169,0.015655078407868662,0.63121280451779083,-1.5729498354129934,-0.073472979875995437,-3.1122644205572794,30,0.000000000000000000e+00,zone_bc_work_m_v1,0,-1610,10,652,0
1,107,163,-0.28409469177835023,0.045735626279074897,0.62906978860327356,-1.5724496001618247,-0.081566846987236818,-3.1213039884970861,10,0.000000000000000000e+00,zone_bc_work_m_v1,0,-1610,10,652,0
1,107,164,-0.25408956025989737,0.045756877012055566,0.62963751004463353,-1.5724045363972123,-0.083700503291567641,-3.1223586979737377,30,0.000000000000000000e+00,zone_bc_work_m_v1,0,-1610,10,652,0
1,107,165,-0.22408873631254722,0.045778500912287301,0.63019433930369462,-1.5723946758389453,-0.085871267222374703,-3.1229585835699702,30,0.000000000000000000e+00,zone_bc_work_m_v1,0,-1610,10,652,0
1,107,166,-0.19408791226208266,0.045800120742922883,0.63075111803293538,-1.5723821890100655,-0.088042045954614956,-3.1235587470154424,30,0.000000000000000000e+00,zone_bc_work_m_v1,0,-1610,10,652,0
1,107,167,-0.16408708815431905,0.045821736339529538,0.63130784624573266,-1.5723670733669424,-0.090212830853793724,-3.12415920122021,30,0.000000000000000000e+00,zone_bc_work_m_v1,0,-1610,10,652,0
1,107,168,-0.13408626403507196,0.045843347537739214,0.63186452395623183,-1.5723493262945483,-0.092383613281177723,-3.1247599591154294,30,0.000000000000000000e+00,zone_bc_work_m_v1,0,-1610,10,652,0
1,107,169,-0.10401186755792069,0.045926501009741764,0.63231627911814858,-1.5716984972648111,-0.10074690207423265,-3.1326229043287404,30,0.000000000000000000e+00,zone_bc_work_m_v1,0,-1610,10,652,0
1,107,170,-0.07393415391973801,0.045934548324728285,0.63245710150554491,-1.5709055879684615,-0.10155973545220376,-3.1405149707435038,30,0.000000000000000000e+00,zone_bc_work_m_v1,0,-1610,10,652,0
1,107,171,-0.043882366863003064,0.045889219589185556,0.63236649364011244,-1.5703919827798147,-0.097003644197601657,3.1374177948931621,30,0.000000000000000000e+00,zone_bc_work_m_v1,0,-1610,10,652,0
1,107,172,-0.013880411681744365,0.045888173956867909,0.6321972118512601,-1.5703686634251968,-0.09689848688575009,3.1371722482975626,30,0.000000000000000000e+00,zone_bc_work_m_v1,0,-1610,10,652,0
1,107,173,-0.01508325066649463,0.075894726102603616,0.62933756720858514,-1.5704509468675605,-0.097557142080870296,3.1380467629893296,10,0.000000000000000000e+00,zone_bc_work_m_v1,0,-1610,10,652,0
1,107,174,-0.045117926600000358,0.075927921107140042,0.62940910349014234,-1.5707927318838806,-0.10089366222551255,3.1415569623751951,30,0.000000000000000000e+00,zone_bc_work_m_v1,0,-1610,10,652,0
1,107,175,-0.075148044899493449,0.0759369520516672,0.62933107308746672,-1.5711038673528908,-0.10180095176049409,-3.1385664395816892,30,0.000000000000000000e+00,zone_bc_work_m_v1,0,-1610,10,652,0
1,107,176,-0.10517714826123603,0.075940598026229711,0.629219694520052,-1.571407051383799,-0.10216609745797944,-3.1356045507727028,30,0.000000000000000000e+00,zone_bc_work_m_v1,0,-1610,10,652,0
1,107,177,-0.1352256562239198,0.075912669337424757,0.62897692538511918,-1.5718870624665446,-0.099354840542135614,-3.1305968264393669,30,0.000000000000000000e+00,zone_bc_work_m_v1,0,-1610,10,652,0
1,107,178,-0.16527797879421779,0.075852954428253988,0.62855926986273358,-1.5723412251542779,-0.093348730347198039,-3.1250203453011638,30,0.000000000000000000e+00,zone_bc_work_m_v1,0,-1610,10,652,0
1,107,179,-0.19527456041660662,0.075848175346497765,0.62800113263037705,-1.5723498367330384,-0.092868533034781153,-3.1248420822369498,30,0.000000000000000000e+00,zone_bc_work_m_v1,0,-1610,10,652,0
1,107,180,-0.22527114203555598,0.07584339603457603,0.62744299278900506,-1.5723582752912515,-0.092388333999217309,-3.1246638432209455,30,0.000000000000000000e+00,zone_bc_work_m_v1,0,-1610,10,652,0
1,107,181,-0.25526772365036599,0.075838616494366434,0.62688485033845232,-1.572366540871752,-0.091908133364705602,-3.1244856280657909,30,0.000000000000000000e+00,zone_bc_work_m_v1,0,-1610,10,652,0
1,107,182,-0.28526430526033653,0.075833836727746906,0.62632670527855572,-1.5723746335171569,-0.091427931255422923,-3.1243074365841981,30,0.000000000000000000e+00,zone_bc_work_m_v1,0,-1610,10,652,0
1,107,183,-0.28600842361853829,0.10583354979546239,0.62358936371633655,-1.5723751138102067,-0.091399105107393908,-3.1242967406577895,10,0.000000000000000000e+00,zone_bc_work_m_v1,0,-1610,10,652,0
1,107,184,-0.25601095172513832,0.10584071776177649,0.6241473036727001,-1.5723629283613363,-0.092119245178223341,-3.1245639742457127,30,0.000000000000000000e+00,zone_bc_work_m_v1,0,-1610,10,652,0
1,107,185,-0.22601347982154674,0.10584788521704155,0.62470523776085263,-1.5723503539421093,-0.092839381809540988,-3.1248312612602653,30,0.000000000000000000e+00,zone_bc_work_m_v1,0,-1610,10,652,0
1,107,186,-0.19600784658588077,0.10586330498248833,0.62523771923956717,-1.5722775106729516,-0.094389523471553494,-3.1258783613875991,30,0.000000000000000000e+00,zone_bc_work_m_v1,0,-1610,10,652,0
1,107,187,-0.16596880260119051,0.1059092151031288,0.62564111613273365,-1.5719332486715616,-0.099007172007209654,-3.1300911463080978,30,0.000000000000000000e+00,zone_bc_work_m_v1,0,-1610,10,652,0
1,107,188,-0.13593395397305819,0.10593419566729473,0.6259317117378036,-1.5715910841161089,-0.10152124555683684,-3.1337508662706459,30,0.000000000000000000e+00,zone_bc_work_m_v1,0,-1610,10,652,0
1,107,189,-0.10591063122822075,0.10593991023882236,0.62609573642725602,-1.5713496328303078,-0.10209728337032509,-3.1361638795560882,30,0.000000000000000000e+00,zone_bc_work_m_v1,0,-1610,10,652,0
1,107,190,-0.075892121338687391,0.10593758205664147,0.62620693217861523,-1.5711560460083278,-0.10186411031573495,-3.1380551900913005,30,0.000000000000000000e+00,zone_bc_work_m_v1,0,-1610,10,652,0
1,107,191,-0.045873611329182884,0.10593525024109472,0.62631809253952686,-1.5709633563728693,-0.10163021268409467,-3.1399463192579735,30,0.000000000000000000e+00,zone_bc_work_m_v1,0,-1610,10,652,0
1,107,192,-0.015853486273714079,0.10592445399753789,0.62634675418675179,-1.5707559103635749,-0.10054517717980982,3.1411900026831692,30,0.000000000000000000e+00,zone_bc_work_m_v1,0,-1610,10,652,0
1,107,193,-0.013207366868906556,0.13593425715486274,0.6233175742201762,-1.570881656196337,-0.10153049053685081,-3.1407507768325571,10,0.000000000000000000e+00,zone_bc_work_m_v1,0,-1610,10,652,0
1,107,194,-0.043220908293442939,0.13593597138418387,0.62320650438787006,-1.5710228200744152,-0.10170258674731381,-3.13936179753849,30,0.000000000000000000e+00,zone_bc_work_m_v1,0,-1610,10,652,0
1,107,195,-0.073234449690481096,0.13593768365792183,0.62309541546164626,-1.5711644690934738,-0.1018742934687249,-3.1379727191588662,30,0.000000000000000000e+00,zone_bc_work_m_v1,0,-1610,10,652,0
1,107,196,-0.10324799102044424,0.13593939397114368,0.62298430744209354,-1.5713066020806776,-0.10204560918634908,-3.1365835430077418,30,0.000000000000000000e+00,zone_bc_work_m_v1,0,-1610,10,652,0
1,107,197,-0.13326153224375648,0.135941102318928,0.62287318032991046,-1.5714492178573296,-0.10221653238970374,-3.1351942704014268,30,0.000000000000000000e+00,zone_bc_work_m_v1,0,-1610,10,652,0
1,107,198,-0.16328368497022994,0.1359280237235653,0.62262932304317176,-1.571677383707736,-0.10090014284409321,-3.1328460713654183,30,0.000000000000000000e+00,zone_bc_work_m_v1,0,-1610,10,652,0
1,107,199,-0.19330890230929243,0.13590967366099022,0.62233813660122039,-1.5719271381445452,-0.099053326364320959,-3.1301582697085717,30,0.000000000000000000e+00,zone_bc_work_m_v1,0,-1610,10,652,0
1,107,200,-0.22333656142476088,0.13587750470371063,0.62194515487473279,-1.5721825240562415,-0.095817533510539787,-3.1271044451660597,30,0.000000000000000000e+00,zone_bc_work_m_v1,0,-1610,10,652,0
1,107,201,-0.25335507119209444,0.13584863789487694,0.62147250899478945,-1.5723490108337854,-0.09291500849262091,-3.1248593341818349,30,0.000000000000000000e+00,zone_bc_work_m_v1,0,-1610,10,652,0
1,107,202,-0.28335521153411447,0.13583431228756049,0.62091518941296253,-1.5723738361074049,-0.09147570770516178,-3.1243251642000351,30,0.000000000000000000e+00,zone_bc_work_m_v1,0,-1610,10,652,0
1,107,203,-0.28794064613060089,0.1658256874298932,0.61810208376357034,-1.5725017329403994,-0.090607192983460427,-3.1227471152324209,10,0.000000000000000000e+00,zone_bc_work_m_v1,0,-1610,10,652,0
1,107,204,-0.2578850916154829,0.16588461412808816,0.61818257848307412,-1.5720661553422204,-0.096533447667605632,-3.1284186706354609,30,0.000000000000000000e+00,zone_bc_work_m_v1,0,-1610,10,652,0
1,107,205,-0.22787095396538337,0.16588688324752848,0.61818253284837354,-1.5719313176271832,-0.096763113755315544,-3.1298452832003649,30,0.000000000000000000e+00,zone_bc_work_m_v1,0,-1610,10,652,0
1,107,206,-0.19785681596713811,0.16588915040656838,0.61818246680771305,-1.5717958149128168,-0.096992399860887257,-3.131272033109445,30,0.000000000000000000e+00,zone_bc_work_m_v1,0,-1610,10,652,0
1,107,207,-0.16784267766422101,0.16589141559819232,0.61818238036084794,-1.5716596483234384,-0.097221303844196916,-3.1326989191048793,30,0.000000000000000000e+00,zone_bc_work_m_v1,0,-1610,10,652,0
1,107,208,-0.1378285391001095,0.16589367881539685,0.61818227350765886,-1.5715228189917267,-0.097449823569220717,-3.1341259399257755,30,0.000000000000000000e+00,zone_bc_work_m_v1,0,-1610,10,652,0
1,107,209,-0.10781440031828327,0.16589594005119018,0.61818214624815193,-1.571385328058712,-0.097677956904074215,-3.1355530943081726,30,0.000000000000000000e+00,zone_bc_work_m_v1,0,-1610,10,652,0
1,107,210,-0.077800261362223955,0.16589819929859315,0.61818199858245904,-1.5712471766737584,-0.09790570172104629,-3.1369803809850398,30,0.000000000000000000e+00,zone_bc_work_m_v1,0,-1610,10,652,0
1,107,211,-0.047786122275415233,0.16590045655063823,0.61818183051083719,-1.5711083659945535,-0.098133055896638899,-3.1384077986862744,30,0.000000000000000000e+00,zone_bc_work_m_v1,0,-1610,10,652,0
1,107,212,-0.017771983101342315,0.16590271180037033,0.61818164203366943,-1.5709688971870923,-0.098360017311601489,-3.1398353461387041,30,0.000000000000000000e+00,zone_bc_work_m_v1,0,-1610,10,652,0
1,107,213,-0.011334830384358785,0.1958696048406969,0.6117330267356339,-1.5707748441835239,-0.095033929722249111,3.1413662609562429,10,0.000000000000000000e+00,zone_bc_work_m_v1,0,-1610,10,652,0
1,107,214,-0.041354688782470506,0.19586942582929023,0.61173303232529386,-1.5709649621760919,-0.095015800678347917,-3.139815168041717,30,0.000000000000000000e+00,zone_bc_work_m_v1,0,-1610,10,652,0
1,107,215,-0.071374547059537274,0.19586924307638251,0.61173299865428343,-1.5711550045111491,-0.094996916709554124,-3.1378113091359907,30,0.000000000000000000e+00,zone_bc_work_m_v1,0,-1610,10,652,0
1,107,216,-0.10139440509808351,0.19586905658309509,0.61173292572324689,-1.5713449677632456,-0.094977278169177559,-3.1358074739572821,30,0.000000000000000000e+00,zone_bc_work_m_v1,0,-1610,10,652,0
1,107,217,-0.13141426278063917,0.19586886635059358,0.61173281353329245,-1.5715348485090104,-0.094956885428693516,-3.1338036669558749,30,0.000000000000000000e+00,zone_bc_work_m_v1,0,-1610,10,652,0
1,107,218,-0.16143411998974067,0.19586867238008762,0.61173266208599331,-1.5717246433272665,-0.094935738877729436,-3.1317998925811406,30,0.000000000000000000e+00,zone_bc_work_m_v1,0,-1610,10,652,0
1,107,219,-0.19145397660793373,0.19586847467283133,0.61173247138338682,-1.5719143487991447,-0.094913838924048477,-3.1297961552814613,30,0.000000000000000000e+00,zone_bc_work_m_v1,0,-1610,10,652,0
1,107,220,-0.22147383251777719,0.19586827323012274,0.61173224142797467,-1.5721039615082089,-0.094891185993535743,-3.1277924595041502,30,0.000000000000000000e+00,zone_bc_work_m_v1,0,-1610,10,652,0
1,107,221,-0.25149368760184276,0.19586806805330415,0.61173197222272269,-1.5722934780405633,-0.094867780530182522,-3.1257888096953734,30,0.000000000000000000e+00,zone_bc_work_m_v1,0,-1610,10,652,0
1,107,222,-0.28151354174272014,0.19586785914376187,0.61173166377106125,-1.5724828949849754,-0.094843622996066745,-3.1237852103000718,30,0.000000000000000000e+00,zone_bc_work_m_v1,0,-1610,10,652,0
1,107,223,-0.10963853609608365,0.22581719726170135,0.60528380047078711,-1.5716573701996195,-0.089766596622433248,-3.1319880276701433,10,0.000000000000000000e+00,zone_bc_work_m_v1,0,-1610,10,652,0
1,107,224,-0.079614530309472853,0.22581723467742301,0.60528399506693731,-1.5714404415977912,-0.089772167184863472,-3.1344081354138051,30,0.000000000000000000e+00,zone_bc_work_m_v1,0,-1610,10,652,0
1,107,225,-0.049590524112137047,0.22581726692626314,0.6052841322648248,-1.5712234883185756,-0.08977669613880046,-3.136828247216676,30,0.000000000000000000e+00,zone_bc_work_m_v1,0,-1610,10,652,0
1,107,226,-0.019566517642428227,0.22581729400803585,0.60528421206364302,-1.5710065154444468,-0.089780183377016876,-3.1392483622861267,30,0.000000000000000000e+00,zone_bc_work_m_v1,0,-1610,10,652,0
1,108,1,-0.54603853551035941,-0.19450566654427626,0.63464233273726667,-1.5747286635580875,-0.057260596851026913,-3.0729881971199533,30,0.000000000000000000e+00,zone_bc_work_m_v1,0,-1610,10,652,0
1,108,2,-0.51609973220452132,-0.19453200923371911,0.63669758693944078,-1.574496785129949,-0.054631842842552292,-3.0739276382217677,30,0.000000000000000000e+00,zone_bc_work_m_v1,0,-1610,10,652,0
1,108,3,-0.53353535940419849,-0.16449733931268373,0.63377174702247019,-1.5747222121838174,-0.058097087919674939,-3.0740824628323793,10,0.000000000000000000e+00,zone_bc_work_m_v1,0,-1610,10,652,0
1,108,4,-0.54709035957076213,-0.16450566654427623,0.63284237470293381,-1.5747286635580875,-0.057260596851026913,-3.0729881971199533,30,0.000000000000000000e+00,zone_bc_work_m_v1,0,-1610,10,652,0
1,108,5,-0.54814218363116485,-0.1345056665442762,0.63104241666860095,-1.5747286635580875,-0.057260596851026913,-3.0729881971199533,10,0.000000000000000000e+00,zone_bc_work_m_v1,0,-1610,10,652,0
1,108,6,-0.51818312856955084,-0.13448330795916871,0.63309622601129001,-1.5747071918774871,-0.059506784696808035,-3.075926731503599,30,0.000000000000000000e+00,zone_bc_work_m_v1,0,-1610,10,652,0
1,108,7,-0.53153408998942275,-0.10448887913246493,0.6304529084228806,-1.5747137793910755,-0.058947030760676089,-3.0751943946875135,10,0.000000000000000000e+00,zone_bc_work_m_v1,0,-1610,10,652,0
1,108,8,-0.54919400769156734,-0.10450566654427614,0.62924245863426798,-1.5747286635580875,-0.057260596851026913,-3.0729881971199533,30,0.000000000000000000e+00,zone_bc_work_m_v1,0,-1610,10,652,0
1,108,9,-0.55024583175197006,-0.074505666544276122,0.62744250059993512,-1.5747286635580875,-0.057260596851026913,-3.0729881971199533,10,0.000000000000000000e+00,zone_bc_work_m_v1,0,-1610,10,652,0
1,108,10,-0.52026457947695581,-0.074466429480732732,0.62949671809358176,-1.5746822170938826,-0.061202864610008456,-3.0781459826513453,30,0.000000000000000000e+00,zone_bc_work_m_v1,0,-1610,10,652,0
1,108,11,-0.52950583296794562,-0.044459900738030377,0.62713452013440507,-1.5746705318870111,-0.061859018531933874,-3.079004640535449,10,0.000000000000000000e+00,zone_bc_work_m_v1,0,-1610,10,652,0
1,108,12,-0.55129765581237278,-0.044505666544276103,0.62564254256560226,-1.5747286635580875,-0.057260596851026913,-3.0729881971199533,30,0.000000000000000000e+00,zone_bc_work_m_v1,0,-1610,10,652,0
1,108,13,-0.55234947987277527,-0.014505666544276079,0.6238425845312694,-1.5747286635580875,-0.057260596851026913,-3.0729881971199533,10,0.000000000000000000e+00,zone_bc_work_m_v1,0,-1610,10,652,0
1,108,14,-0.52227125385910567,-0.014419958208852529,0.62558376201247989,-1.5744593779014839,-0.065880901140782377,-3.0860083708544557,30,0.000000000000000000e+00,zone_bc_work_m_v1,0,-1610,10,652,0
1,108,15,-0.31732232105641534,0.01565370163021719,0.63059131439488447,-1.5730381465623804,-0.073332228766232133,-3.1110039993261998,10,0.000000000000000000e+00,zone_bc_work_m_v1,0,-1610,10,652,0
1,108,16,-0.34732842490646076,0.015652323735503171,0.62996980840465533,-1.5731260998490129,-0.073191261676457176,-3.1097436308689854,30,0.000000000000000000e+00,zone_bc_work_m_v1,0,-1610,10,652,0
1,108,17,-0.37733452822791524,0.015650944727022491,0.62934828654788766,-1.573213694689386,-0.073050079622912323,-3.1084833161299583,30,0.000000000000000000e+00,zone_bc_work_m_v1,0,-1610,10,652,0
1,108,18,-0.40734063099085782,0.015649564608076282,0.62872674882544133,-1.5733009305034686,-0.072908683623746917,-3.1072230560524909,30,0.000000000000000000e+00,zone_bc_work_m_v1,0,-1610,10,652,0
1,108,19,-0.43734454610325946,0.015649737324586986,0.62753173246406646,-1.5735229809212052,-0.07291806099178233,-3.1041834650313094,30,0.000000000000000000e+00,zone_bc_work_m_v1,0,-1610,10,652,0
1,108,20,-0.46734744563205788,0.015650619056767939,0.62607147984468614,-1.5738079791591328,-0.072995350177077256,-3.1003211757153011,30,0.000000000000000000e+00,zone_bc_work_m_v1,0,-1610,10,652,0
1,108,21,-0.4973503391536942,0.01565148985374671,0.62461108010274025,-1.5740935708258732,-0.073070431352400433,-3.096458791540603,30,0.000000000000000000e+00,zone_bc_work_m_v1,0,-1610,10,652,0
1,108,22,-0.52735322581825961,0.015652349696317257,0.62315053327736114,-1.574379736606037,-0.073143299458681366,-3.0925963431028087,30,0.000000000000000000e+00,zone_bc_work_m_v1,0,-1610,10,652,0
1,108,23,-0.55319115038284639,0.015659805590598992,0.62187612943442794,-1.5744471766881007,-0.073888506955290145,-3.0921774529716091,30,0.000000000000000000e+00,zone_bc_work_m_v1,0,-1610,10,652,0
1,108,24,-0.55419126145161823,0.045659805590599019,0.61960068913218413,-1.5744471766881007,-0.073888506955290145,-3.0921774529716091,10,0.000000000000000000e+00,zone_bc_work_m_v1,0,-1610,10,652,0
1,108,25,-0.52422670391550508,0.045657498520508585,0.62107871776983892,-1.5744284087785883,-0.073657811725873046,-3.0922776287459506,30,0.000000000000000000e+00,zone_bc_work_m_v1,0,-1610,10,652,0
1,108,26,-0.49426214637463728,0.045655191392559309,0.62255674577674369,-1.5744096876010609,-0.073427111629990938,-3.0923777924542231,30,0.000000000000000000e+00,zone_bc_work_m_v1,0,-1610,10,652,0
1,108,27,-0.46429758882910721,0.045652884206970598,0.62403477315287759,-1.5743910131486454,-0.073196406684667537,-3.0924779441204944,30,0.000000000000000000e+00,zone_bc_work_m_v1,0,-1610,10,652,0
1,108,28,-0.43424984774067155,0.045650493065625457,0.62550162500836637,-1.5737670014126637,-0.072984383059492952,-3.1008760109221081,30,0.000000000000000000e+00,zone_bc_work_m_v1,0,-1610,10,652,0
1,108,29,-0.40419868508127443,0.045657843853505901,0.62658751088728293,-1.5732514606581633,-0.073740987117974388,-3.1082807013876002,30,0.000000000000000000e+00,zone_bc_work_m_v1,0,-1610,10,652,0
1,108,30,-0.37417269123565178,0.045677303378056471,0.62720829438776837,-1.5730702569750621,-0.075699095039918118,-3.1115338828682235,30,0.000000000000000000e+00,zone_bc_work_m_v1,0,-1610,10,652,0
1,108,31,-0.34414669393934005,0.045696753902077412,0.62782893516540605,-1.5728762153000129,-0.077656172642343479,-3.1147887983262916,30,0.000000000000000000e+00,zone_bc_work_m_v1,0,-1610,10,652,0
1,108,32,-0.31412069388823571,0.045716195008103373,0.62844943323144853,-1.5726693310475863,-0.07961212246672944,-3.1180454871199865,30,0.000000000000000000e+00,zone_bc_work_m_v1,0,-1610,10,652,0
1,108,33,-0.3152608868647675,0.075829056736595429,0.62576855760915417,-1.5723825532698696,-0.090947727795522848,-3.1241292685889506,10,0.000000000000000000e+00,zone_bc_work_m_v1,0,-1610,10,652,0
1,108,34,-0.34525746846295835,0.075824276522790293,0.62521040733008859,-1.5723903001720734,-0.090467523109135417,-3.1239511238929047,30,0.000000000000000000e+00,zone_bc_work_m_v1,0,-1610,10,652,0
1,108,35,-0.37525405005420986,0.075819496088209912,0.62465225444120209,-1.5723978742657385,-0.089987317320369575,-3.1237730023089867,30,0.000000000000000000e+00,zone_bc_work_m_v1,0,-1610,10,652,0
1,108,36,-0.40527211867375978,0.075835745099147742,0.62408549780014666,-1.5726431513419223,-0.091614594028360141,-3.1214085168120818,30,0.000000000000000000e+00,zone_bc_work_m_v1,0,-1610,10,652,0
1,108,37,-0.43547764607690254,0.075801904301443027,0.62308645950485353,-1.5745618197185294,-0.088155166132861229,-3.0988487511710083,30,0.000000000000000000e+00,zone_bc_work_m_v1,0,-1610,10,652,0
1,108,38,-0.46549006401951232,0.075756251870651034,0.62165569402182441,-1.5747563933027191,-0.083559614986606245,-3.0941806575601882,30,0.000000000000000000e+00,zone_bc_work_m_v1,0,-1610,10,652,0
1,108,39,-0.49546981212373864,0.0757339545902352,0.62018907000272472,-1.5747776674466514,-0.081318647822467449,-3.0926178371152768,30,0.000000000000000000e+00,zone_bc_work_m_v1,0,-1610,10,652,0
1,108,40,-0.52543626928956799,0.075721166609361457,0.61870795157658842,-1.574739104440221,-0.080036006651406089,-3.0923171367076732,30,0.000000000000000000e+00,zone_bc_work_m_v1,0,-1610,10,652,0
1,108,41,-0.55518322322185765,0.075708471115307971,0.6172376651164726,-1.5747000608532735,-0.078762803124048375,-3.0920186022210441,30,0.000000000000000000e+00,zone_bc_work_m_v1,0,-1610,10,652,0
1,108,42,-0.5560878163039189,0.10575439419726397,0.61476854348593912,-1.5743106239737474,-0.083392919952770539,-3.0994271691496684,10,0.000000000000000000e+00,zone_bc_work_m_v1,0,-1610,10,652,0
1,108,43,-0.52614050143202928,0.10577780475509214,0.61617104392606048,-1.5745807125538764,-0.08573295244174961,-3.0974255095800345,30,0.000000000000000000e+00,zone_bc_work_m_v1,0,-1610,10,652,0
1,108,44,-0.49616414762662076,0.10579182138503158,0.61760289369251054,-1.5745506754370178,-0.087142525392820414,-3.0984817497719837,30,0.000000000000000000e+00,zone_bc_work_m_v1,0,-1610,10,652,0
1,108,45,-0.46618779334313198,0.10580583595371755,0.61903471261728948,-1.5745176362136357,-0.08855209590688462,-3.0995383405090831,30,0.000000000000000000e+00,zone_bc_work_m_v1,0,-1610,10,652,0
1,108,46,-0.43616941037124124,0.1058351661610001,0.62037042671358034,-1.5741943027487419,-0.091512129157611533,-3.104426329201293,30,0.000000000000000000e+00,zone_bc_work_m_v1,0,-1610,10,652,0
1,108,47,-0.4060571422447381,0.10585881041729545,0.62125507072646224,-1.5730961150405927,-0.093921583178310453,-3.1170752276393614,30,0.000000000000000000e+00,zone_bc_work_m_v1,0,-1610,10,652,0
1,108,48,-0.37602056299695596,0.10583536109672191,0.62189319520594921,-1.5726377010819581,-0.09157613365895223,-3.1214596412556688,30,0.000000000000000000e+00,zone_bc_work_m_v1,0,-1610,10,652,0
1,108,49,-0.34600336736531778,0.10581921235502398,0.62247346619680866,-1.572398318368375,-0.089958816322081026,-3.1237624312363081,30,0.000000000000000000e+00,zone_bc_work_m_v1,0,-1610,10,652,0
1,108,50,-0.31600589549938496,0.10582638132443324,0.62303141789121741,-1.5723869104318693,-0.090678962015802389,-3.1240295598650256,30,0.000000000000000000e+00,zone_bc_work_m_v1,0,-1610,10,652,0
1,108,51,-0.31335535182699403,0.13581998466142617,0.62035784638813152,-1.5723971081159069,-0.090036394672984965,-3.1237912053816022,10,0.000000000000000000e+00,zone_bc_work_m_v1,0,-1610,10,652,0
1,108,52,-0.34337053420883468,0.13583374106870408,0.6197691076653945,-1.5726147520428582,-0.091413875195730521,-3.1216753102483263,30,0.000000000000000000e+00,zone_bc_work_m_v1,0,-1610,10,652,0
1,108,53,-0.37338253437949653,0.13584743091227924,0.61916642078697948,-1.5728109458025787,-0.09278491679170231,-3.1198520787441728,30,0.000000000000000000e+00,zone_bc_work_m_v1,0,-1610,10,652,0
1,108,54,-0.40341137783493042,0.13586149867982794,0.61847934096818435,-1.5731908222191198,-0.094189331557131162,-3.1161383244168954,30,0.000000000000000000e+00,zone_bc_work_m_v1,0,-1610,10,652,0
1,108,55,-0.4334652900949969,0.13585842031921355,0.61764344656363146,-1.5738033486040219,-0.093862456850961395,-3.1095199988985938,30,0.000000000000000000e+00,zone_bc_work_m_v1,0,-1610,10,652,0
1,108,56,-0.46353861692921816,0.13581479266097674,0.61657735544956027,-1.5744949446200172,-0.089453058496916871,-3.1002138788699778,30,0.000000000000000000e+00,zone_bc_work_m_v1,0,-1610,10,652,0
1,108,57,-0.4935190159091285,0.13579542195323527,0.61514585666802202,-1.5745424742346208,-0.087504647260504775,-3.0987531560813517,30,0.000000000000000000e+00,zone_bc_work_m_v1,0,-1610,10,652,0
1,108,58,-0.52349941399967159,0.13577604727516118,0.61371429895943552,-1.5745842667729182,-0.085556227204468094,-3.0972931075323809,30,0.000000000000000000e+00,zone_bc_work_m_v1,0,-1610,10,652,0
1,108,59,-0.55345362589639646,0.13575671651373802,0.61236704663271102,-1.5743686864805875,-0.083623717440857392,-3.0988492361608282,30,0.000000000000000000e+00,zone_bc_work_m_v1,0,-1610,10,652,0
1,108,60,-0.55705673814168422,0.13575439419726398,0.61221575515966054,-1.5743106239737474,-0.083392919952770539,-3.0994271691496684,30,0.000000000000000000e+00,zone_bc_work_m_v1,0,-1610,10,652,0
1,108,61,-0.55802565997944931,0.16575439419726401,0.60966296683338206,-1.5743106239737474,-0.083392919952770539,-3.0994271691496684,10,0.000000000000000000e+00,zone_bc_work_m_v1,0,-1610,10,652,0
1,108,62,-0.52807947287014034,0.16576549324361767,0.61092103940483955,-1.5745906430141616,-0.084495651269198779,-3.096663753551387,30,0.000000000000000000e+00,zone_bc_work_m_v1,0,-1610,10,652,0
1,108,63,-0.49809201536474346,0.16579592689307365,0.61234401754324608,-1.5745413082380768,-0.087555431923579619,-3.0987912204954382,30,0.000000000000000000e+00,zone_bc_work_m_v1,0,-1610,10,652,0
1,108,64,-0.46808062465377209,0.16582772011612104,0.61363734081988663,-1.5743142863108917,-0.090759337472248403,-3.1027972968936552,30,0.000000000000000000e+00,zone_bc_work_m_v1,0,-1610,10,652,0
1,108,65,-0.43802743503436137,0.16586031064742776,0.61466842276681011,-1.5737704846867522,-0.094053467393328205,-3.10993448009352,30,0.000000000000000000e+00,zone_bc_work_m_v1,0,-1610,10,652,0
1,108,66,-0.40799064252272865,0.16586486526658673,0.61552331927407411,-1.5733187493301524,-0.094524287441062782,-3.1148737335801311,30,0.000000000000000000e+00,zone_bc_work_m_v1,0,-1610,10,652,0
1,108,67,-0.37796462207693793,0.16585491046776993,0.61626823590884749,-1.5729596824331751,-0.093532995350884995,-3.1184336687399243,30,0.000000000000000000e+00,zone_bc_work_m_v1,0,-1610,10,652,0
1,108,68,-0.3479541721407271,0.16584511305465197,0.61689769003195494,-1.5727773662128275,-0.092552799372456196,-3.1201608938513328,30,0.000000000000000000e+00,zone_bc_work_m_v1,0,-1610,10,652,0
1,108,69,-0.31794740929401089,0.16583540155236914,0.61749989978659403,-1.5726382750904164,-0.091580185566763728,-3.1214542552261477,30,0.000000000000000000e+00,zone_bc_work_m_v1,0,-1610,10,652,0
1,108,70,-0.31153339482301656,0.19586764650292637,0.61173131607688447,-1.5726722089329912,-0.094818713871338334,-3.1217816657618829,10,0.000000000000000000e+00,zone_bc_work_m_v1,0,-1610,10,652,0
1,108,71,-0.3415532467253608,0.19586743013227212,0.61173092914455074,-1.5728614164790478,-0.094793053654198323,-3.1197781805230638,30,0.000000000000000000e+00,zone_bc_work_m_v1,0,-1610,10,652,0
1,108,72,-0.37157309733240584,0.1958672100333175,0.61173050297888198,-1.5730505142205931,-0.094766642860880212,-3.1177747590244116,30,0.000000000000000000e+00,zone_bc_work_m_v1,0,-1610,10,652,0
1,108,73,-0.40159294652682953,0.19586698620762505,0.61173003758516398,-1.5732394987582032,-0.09473948202563065,-3.1157714057051868,30,0.000000000000000000e+00,zone_bc_work_m_v1,0,-1610,10,652,0
1,108,74,-0.43161279419133813,0.19586675865680103,0.61172953296914567,-1.5734283666956916,-0.094711571700685226,-3.1137681250030358,30,0.000000000000000000e+00,zone_bc_work_m_v1,0,-1610,10,652,0
1,108,75,-0.46167172862744299,0.19584531576956468,0.61103846287745023,-1.5740266942056955,-0.092538091013832258,-3.1066483748471576,30,0.000000000000000000e+00,zone_bc_work_m_v1,0,-1610,10,652,0
1,108,76,-0.49170894136944643,0.19582005090063459,0.61000709689524502,-1.5744352337863821,-0.089983887042129895,-3.1011204218572961,30,0.000000000000000000e+00,zone_bc_work_m_v1,0,-1610,10,652,0
1,108,77,-0.52172033823789299,0.19576926431437888,0.6086760365767091,-1.5745805079649939,-0.084874949351097628,-3.0969831081061852,30,0.000000000000000000e+00,zone_bc_work_m_v1,0,-1610,10,652,0
1,108,78,-0.55168881721385787,0.19579162903827294,0.60738568900579704,-1.5746483023028957,-0.087118948360696224,-3.0973502156600263,30,0.000000000000000000e+00,zone_bc_work_m_v1,0,-1610,10,652,0
1,108,79,-0.55901452346619118,0.19580088631234979,0.60705803524136048,-1.5747347121781017,-0.088045332466239357,-3.0968331551386719,30,0.000000000000000000e+00,zone_bc_work_m_v1,0,-1610,10,652,0
1,108,80,-0.55996689057810256,0.22580088631234982,0.60436204640759972,-1.5747347121781017,-0.088045332466239357,-3.0968331551386719,10,0.000000000000000000e+00,zone_bc_work_m_v1,0,-1610,10,652,0
1,108,81,-0.52997449651589323,0.22581613109397539,0.60527505054598096,-1.5746889355747897,-0.08957935841447151,-3.0981073884327262,30,0.000000000000000000e+00,zone_bc_work_m_v1,0,-1610,10,652,0
1,108,82,-0.4999505110036262,0.22581624080985147,0.6052760484478984,-1.574472885537975,-0.089599486471928946,-3.100527356355236,30,0.000000000000000000e+00,zone_bc_work_m_v1,0,-1610,10,652,0
1,108,83,-0.4699265231443166,0.22581634536457379,0.60527698899757287,-1.5742567397919915,-0.089618577002275046,-3.1029473393841576,30,0.000000000000000000e+00,zone_bc_work_m_v1,0,-1610,10,652,0
1,108,84,-0.43990253307621008,0.2258164447575399,0.60527787218956741,-1.5740405033990823,-0.089636629554476155,-3.1053673367350108,30,0.000000000000000000e+00,zone_bc_work_m_v1,0,-1610,10,652,0
1,108,85,-0.40987854093756648,0.2258165389881768,0.60527869801877654,-1.5738241814237615,-0.08965364370200235,-3.1077873476224065,30,0.000000000000000000e+00,zone_bc_work_m_v1,0,-1610,10,652,0
1,108,86,-0.3798545468666561,0.2258166280559416,0.60527946648042485,-1.5736077789326837,-0.089669619042833437,-3.1102073712600919,30,0.000000000000000000e+00,zone_bc_work_m_v1,0,-1610,10,652,0
1,108,87,-0.34983055100176186,0.22581671196032085,0.60528017757006791,-1.5733913009945215,-0.089684555199476712,-3.1126274068610078,30,0.000000000000000000e+00,zone_bc_work_m_v1,0,-1610,10,652,0
1,108,88,-0.31980655348117604,0.2258167907008311,0.60528083128359145,-1.5731747526798348,-0.089698451818969405,-3.1150474536373345,30,0.000000000000000000e+00,zone_bc_work_m_v1,0,-1610,10,652,0
1,108,89,-0.28978255444320045,0.22581686427701853,0.60528142761721238,-1.5729581390609466,-0.089711308572894,-3.1174675108005436,30,0.000000000000000000e+00,zone_bc_work_m_v1,0,-1610,10,652,0
1,108,90,-0.25975855402614623,0.22581693268845909,0.60528196656747812,-1.5727414652118172,-0.089723125157382011,-3.1198875775614479,30,0.000000000000000000e+00,zone_bc_work_m_v1,0,-1610,10,652,0
1,108,91,-0.22973455236833207,0.22581699593475851,0.60528244813126675,-1.5725247362079133,-0.089733901293125085,-3.1223076531302518,30,0.000000000000000000e+00,zone_bc_work_m_v1,0,-1610,10,652,0
1,108,92,-0.19971054960808376,0.2258170540155523,0.60528287230578692,-1.5723079571260852,-0.089743636725380993,-3.1247277367166042,30,0.000000000000000000e+00,zone_bc_work_m_v1,0,-1610,10,652,0
1,108,93,-0.16968654588373355,0.22581710693050572,0.60528323908857828,-1.572091133044438,-0.089752331223980519,-3.1271478275296474,30,0.000000000000000000e+00,zone_bc_work_m_v1,0,-1610,10,652,0
1,108,94,-0.13966254133361922,0.22581715467931382,0.60528354847751142,-1.5718742690422043,-0.089759984583333008,-3.1295679247780668,30,0.000000000000000000e+00,zone_bc_work_m_v1,0,-1610,10,652,0
2,119,1,0.10305950806896713,0.015670979440675921,0.63412302106679619,1.5717846595340008,0.075092487579894396,-3.1284194943367956,30,0.000000000000000000e+00,zone_bc_work_m_v1,0,1610,10,652,0
2,119,2,0.073049239283246692,0.015671395412260331,0.6343152612219507,1.5717030441109072,0.075135233314846062,-3.1295140711945901,30,0.000000000000000000e+00,zone_bc_work_m_v1,0,1610,10,652,0
2,119,3,0.043038970359107198,0.015671810498607924,0.63450748954630631,1.5716213345618968,0.075177801832234437,-3.1306086615977202,30,0.000000000000000000e+00,zone_bc_work_m_v1,0,1610,10,652,0
2,119,4,0.013028701315919822,0.015672224698981753,0.63469970603971892,1.5715395313232889,0.075220192901212846,-3.1317032648559087,30,0.000000000000000000e+00,zone_bc_work_m_v1,0,1610,10,652,0
2,119,5,0.016121543497331636,0.045887128257812271,0.63202792936332197,1.5712472571560407,0.096793318364052583,-3.136926711601224,10,0.000000000000000000e+00,zone_bc_work_m_v1,0,1610,10,652,0
2,119,6,0.046123498673968699,0.045886082492128784,0.6318586461762884,1.5712704717816577,0.096688138661958023,-3.136681184799663,30,0.000000000000000000e+00,zone_bc_work_m_v1,0,1610,10,652,0
2,119,7,0.076125453847910363,0.045885036659927603,0.63168936229014983,1.5712936340388084,0.096582947808916186,-3.1364356678883891,30,0.000000000000000000e+00,zone_bc_work_m_v1,0,1610,10,652,0
2,119,8,0.10612740901890017,0.045883990761318875,0.6315200777048966,1.5713167439248701,0.096477745834376849,-3.1361901608629066,30,0.000000000000000000e+00,zone_bc_work_m_v1,0,1610,10,652,0
2,119,9,0.10493345490222761,0.075883923038395557,0.62867568519387385,1.5713182384559872,0.096470933754424282,-3.1361742649283642,10,0.000000000000000000e+00,zone_bc_work_m_v1,0,1610,10,652,0
2,119,10,0.074930506229142324,0.075885395958774748,0.62884493351145765,1.5712856826458701,0.096619086949605526,-3.1365200130989956,30,0.000000000000000000e+00,zone_bc_work_m_v1,0,1610,10,652,0
2,119,11,0.044927557550377584,0.075886868747373243,0.62901418044249813,1.5712530229702815,0.09676721806752453,-3.1368657808791189,30,0.000000000000000000e+00,zone_bc_work_m_v1,0,1610,10,652,0
2,119,12,0.014924608866649036,0.075888341403883328,0.62918342598702237,1.5712202594365716,0.096915327025924647,-3.1372115682812836,30,0.000000000000000000e+00,zone_bc_work_m_v1,0,1610,10,652,0
2,119,13,0.014168622367449757,0.10590325843759309,0.62627405708468975,1.5710561466259101,0.098414755717839197,-3.138948343644353,10,0.000000000000000000e+00,zone_bc_work_m_v1,0,1610,10,652,0
2,119,14,0.044184765716706265,0.10588870213708512,0.62616705106652482,1.5712122175905123,0.09695160555847937,-3.1372962780430798,30,0.000000000000000000e+00,zone_bc_work_m_v1,0,1610,10,652,0
2,119,15,0.074190079001191345,0.10588621328057868,0.62599789328836153,1.5712675713956159,0.096701293182158921,-3.1367118901576951,30,0.000000000000000000e+00,zone_bc_work_m_v1,0,1610,10,652,0
2,119,16,0.10419539227058938,0.10588372404719217,0.62582873154999241,1.5713226285515502,0.096450917618328358,-3.136127558300879,30,0.000000000000000000e+00,zone_bc_work_m_v1,0,1610,10,652,0
2,119,17,0.10685898071296829,0.13588172943320595,0.62296274596221879,1.5713665255956402,0.096250274483239195,-3.1356594392190393,10,0.000000000000000000e+00,zone_bc_work_m_v1,0,1610,10,652,0
2,119,18,0.076840818149148449,0.13588992284393173,0.62312937155489367,1.571189176198154,0.097074349759226131,-3.137539420713555,30,0.000000000000000000e+00,zone_bc_work_m_v1,0,1610,10,652,0
2,119,19,0.046824603951219235,0.13590549636951491,0.62320267407129115,1.5710334430054491,0.098639697365623835,-3.1391848936871352,30,0.000000000000000000e+00,zone_bc_work_m_v1,0,1610,10,652,0
2,119,20,0.016808389656972844,0.13592106492610695,0.62327592576544433,1.5708724824823288,0.10020453482768854,-3.1408313779816415,30,0.000000000000000000e+00,zone_bc_work_m_v1,0,1610,10,652,0
2,119,21,0.01224215611650914,0.16590496504084654,0.61818143315146379,1.5707638821641297,0.0985865838509703,3.1412630220660853,10,0.000000000000000000e+00,zone_bc_work_m_v1,0,1610,10,652,0
2,119,22,0.042256295334653471,0.16590721626513621,0.6181812038648542,1.5709046636969628,0.098812753404103226,-3.1404944819904834,30,0.000000000000000000e+00,zone_bc_work_m_v1,0,1610,10,652,0
2,119,23,0.072270434509604575,0.16590946546632138,0.61818095417460006,1.5710460998103688,0.099038523864717565,-3.1390665529542163,30,0.000000000000000000e+00,zone_bc_work_m_v1,0,1610,10,652,0
2,119,24,0.10228457359787679,0.16591171263749629,0.61818068408158611,1.5711881893052695,0.09926389313092554,-3.1376384992901567,30,0.000000000000000000e+00,zone_bc_work_m_v1,0,1610,10,652,0
2,119,25,0.10874460206897529,0.19587028345043561,0.61173261177366878,1.5715789693765236,0.095098890219190046,-3.1333506445178561,10,0.000000000000000000e+00,zone_bc_work_m_v1,0,1610,10,652,0
2,119,26,0.078724744361460042,0.19587011941536112,0.61173277440315987,1.5713885830458469,0.095083784044231123,-3.1353545552779902,30,0.000000000000000000e+00,zone_bc_work_m_v1,0,1610,10,652,0
2,119,27,0.04870488630508385,0.19586995163474299,0.61173289777404949,1.5711982586524562,0.095067921713033021,-3.1373584645734556,30,0.000000000000000000e+00,zone_bc_work_m_v1,0,1610,10,652,0
2,119,28,0.018685028017318306,0.19586978010952544,0.61173298188512404,1.5710079996289381,0.09505130350612534,-3.1393623679505889,30,0.000000000000000000e+00,zone_bc_work_m_v1,0,1610,10,652,0
2,119,29,0.010457488961300054,0.22581731592258508,0.60528423446291613,1.5708031255314188,0.089782628816884813,-3.1415168273502569,10,0.000000000000000000e+00,zone_bc_work_m_v1,0,1610,10,652,0
2,119,30,0.040481495560693803,0.22581733266978449,0.60528419946249923,1.571020122346102,0.089784032400378244,-3.1390967081262851,30,0.000000000000000000e+00,zone_bc_work_m_v1,0,1610,10,652,0
2,119,31,0.070505502017397914,0.22581734424953762,0.6052841070625784,1.5712371235058238,0.089784394094073683,-3.136676588014621,30,0.000000000000000000e+00,zone_bc_work_m_v1,0,1610,10,652,0
2,119,32,0.10052950819305928,0.22581735066177772,0.60528395726367012,1.5714541239269,0.089783713889152628,-3.1342564678083953,30,0.000000000000000000e+00,zone_bc_work_m_v1,0,1610,10,652,0
2,120,1,0.0011109031569893624,-0.37487212599001285,0.65551321183193967,1.5707084464387924,0.020719160711102136,3.1373508738013207,30,0.000000000000000000e+00,zone_bc_work_m_v1,0,1610,10,652,0
2,120,2,0.031130742534969169,-0.37487102542359224,0.65528678439658194,1.5707510996392426,0.020829378357128947,3.1394211843129995,30,0.000000000000000000e+00,zone_bc_work_m_v1,0,1610,10,652,0
2,120,3,0.061150582029239287,-0.37486992574794276,0.6550603140242276,1.5707942091894234,0.020939418895166151,3.1414915161020858,30,0.000000000000000000e+00,zone_bc_work_m_v1,0,1610,10,652,0
2,120,4,0.091170421506487687,-0.37486882697014867,0.65483380071486719,1.5708377742665807,0.021049280200817311,-3.1396234423580749,30,0.000000000000000000e+00,zone_bc_work_m_v1,0,1610,10,652,0
2,120,5,0.090006862681234034,-0.34486735531209334,0.65422758410627679,1.5708968931566658,0.021196281111111492,-3.1368478052994884,10,0.000000000000000000e+00,zone_bc_work_m_v1,0,1610,10,652,0
2,120,6,0.059982175046650488,-0.34486871015144455,0.65445417218938318,1.5708424348475067,0.021060954997597303,-3.1394032282864761,30,0.000000000000000000e+00,zone_bc_work_m_v1,0,1610,10,652,0
2,120,7,0.029957487161438534,-0.34487006637056589,0.65468069486047531,1.5707886691093385,0.020925352257581409,3.141226674370134,30,0.000000000000000000e+00,zone_bc_work_m_v1,0,1610,10,652,0
2,120,8,0.028842206648710844,-0.31486851910167535,0.65407418424391128,1.5708500689062472,0.021080046184566381,-3.1390430398510647,10,0.000000000000000000e+00,zone_bc_work_m_v1,0,1610,10,652,0
2,120,9,0.05887470940981987,-0.31486675025205485,0.65384753520054117,1.570921455370125,0.021256671052224174,-3.1357057226767644,30,0.000000000000000000e+00,zone_bc_work_m_v1,0,1610,10,652,0
2,120,10,0.088903228595512251,-0.31486520058811984,0.6536100501635671,1.5709854742930967,0.021411205624981111,-3.1327581659206025,30,0.000000000000000000e+00,zone_bc_work_m_v1,0,1610,10,652,0
2,120,11,0.092431017226095147,-0.28486370081996698,0.6529121688607713,1.5710496049776024,0.021560565009099086,-3.1298449948570664,10,0.000000000000000000e+00,zone_bc_work_m_v1,0,1610,10,652,0
2,120,12,0.062415006927394545,-0.28486458224638123,0.65316995165237279,1.5710117995506638,0.021472808435130553,-3.131557539389338,30,0.000000000000000000e+00,zone_bc_work_m_v1,0,1610,10,652,0
2,120,13,0.032398996401193036,-0.2848654643222196,0.65342770507410997,1.5709742952545758,0.021384921085907171,-3.1332700641907723,30,0.000000000000000000e+00,zone_bc_work_m_v1,0,1610,10,652,0
2,120,14,0.0023564007347240956,-0.28486776506611594,0.65365909130313415,1.5708803440711729,0.021155368243616524,-3.1376209381837326,30,0.000000000000000000e+00,zone_bc_work_m_v1,0,1610,10,652,0
2,120,15,0.0266024186014997,-0.25486441496835754,0.65280992890979916,1.5710189490268851,0.021489468074873175,-3.1312326295610884,10,0.000000000000000000e+00,zone_bc_work_m_v1,0,1610,10,652,0
2,120,16,0.056615280037069837,-0.25486369574966883,0.65255218155440664,1.5710498234000907,0.021561069625272822,-3.1298351399349427,30,0.000000000000000000e+00,zone_bc_work_m_v1,0,1610,10,652,0
2,120,17,0.086628141270628456,-0.25486297696604077,0.6522944146418812,1.5710808979608126,0.021632583314536769,-3.1284376388218123,30,0.000000000000000000e+00,zone_bc_work_m_v1,0,1610,10,652,0
2,120,18,0.094789730972764552,-0.22486219597941626,0.65155673045537876,1.5711149099583361,0.021710234677320805,-3.1269182229837318,10,0.000000000000000000e+00,zone_bc_work_m_v1,0,1610,10,652,0
2,120,19,0.064779040230725338,-0.22486280264540279,0.65181448716875356,1.5710884672066396,0.021649920170566439,-3.1280985849085172,30,0.000000000000000000e+00,zone_bc_work_m_v1,0,1610,10,652,0
2,120,20,0.034768349308243574,-0.22486340962362245,0.6520722299309577,1.5710621670189242,0.02158954242789779,-3.1292789398270964,30,0.000000000000000000e+00,zone_bc_work_m_v1,0,1610,10,652,0
2,120,21,0.0047576582300148385,-0.22486401691280369,0.65232995874168542,1.5710360095620846,0.021529101828353658,-3.130459286931714,30,0.000000000000000000e+00,zone_bc_work_m_v1,0,1610,10,652,0
2,120,22,0.024229858680107741,-0.19432541583617166,0.65049984237691649,1.5705829008998202,0.075460173954255305,3.1387616501520075,10,0.000000000000000000e+00,zone_bc_work_m_v1,0,1610,10,652,0
2,120,23,0.054242180732780421,-0.19432556677423307,0.65029784776835831,1.5706815077692957,0.075445251120757284,3.140069324651396,30,0.000000000000000000e+00,zone_bc_work_m_v1,0,1610,10,652,0
2,120,24,0.084254502819292698,-0.19432571898696155,0.65009583629936996,1.5707800749987397,0.0754300718913683,3.1413769940122513,30,0.000000000000000000e+00,zone_bc_work_m_v1,0,1610,10,652,0
2,120,25,0.11426682490666695,-0.1943258724739719,0.64989380796988294,1.5708786018308853,0.075414636383621669,-3.1405006501375858,30,0.000000000000000000e+00,zone_bc_work_m_v1,0,1610,10,652,0
2,120,26,0.14427914696192556,-0.19432602723487236,0.64969176277991447,1.5709770875088966,0.07539894471767794,-3.1391929946313888,30,0.000000000000000000e+00,zone_bc_work_m_v1,0,1610,10,652,0
2,120,27,0.17429146895209091,-0.19432618326926476,0.64948970072956702,1.5710755312763767,0.075382997016322006,-3.1378853478410549,30,0.000000000000000000e+00,zone_bc_work_m_v1,0,1610,10,652,0
2,120,28,0.20430379084418626,-0.19432634057674447,0.64928762181902888,1.5711739323773797,0.075366793404965549,-3.1365777109587532,30,0.000000000000000000e+00,zone_bc_work_m_v1,0,1610,10,652,0
2,120,29,0.23431611260523555,-0.1943264991569004,0.64908552604857384,1.5712722900564224,0.075350334011642151,-3.1352700851765021,30,0.000000000000000000e+00,zone_bc_work_m_v1,0,1610,10,652,0
2,120,30,0.26445669113923187,-0.19436214855624734,0.64868221806217996,1.5722959001273082,0.071761585115812432,-3.1206811378262742,30,0.000000000000000000e+00,zone_bc_work_m_v1,0,1610,10,652,0
2,120,31,0.2945141050305935,-0.19447212086322496,0.64775041461147198,1.5725032527279281,0.060731794800903405,-3.1134767834358708,30,0.000000000000000000e+00,zone_bc_work_m_v1,0,1610,10,652,0
2,120,32,0.30698319485738912,-0.16433477141581473,0.64510630489127574,1.5724987742175667,0.074502867790146698,-3.1187247016631394,10,0.000000000000000000e+00,zone_bc_work_m_v1,0,1610,10,652,0
2,120,33,0.27697426838851458,-0.16433264932180455,0.64604399671447599,1.572326681784183,0.074719441035794754,-3.1210950889145481,30,0.000000000000000000e+00,zone_bc_work_m_v1,0,1610,10,652,0
2,120,34,0.24694939283704254,-0.16433047091535291,0.6467450501189429,1.5720671443472345,0.074942780514523744,-3.124621219452437,30,0.000000000000000000e+00,zone_bc_work_m_v1,0,1610,10,652,0
2,120,35,0.21689026828787106,-0.16432818176091879,0.64693784448176983,1.5716198083033774,0.0751785948212913,-3.1306290957027798,30,0.000000000000000000e+00,zone_bc_work_m_v1,0,1610,10,652,0
2,120,36,0.18684329421396972,-0.16432648129752123,0.64713294801299015,1.5712612544634605,0.075352193835660275,-3.1354168274269814,30,0.000000000000000000e+00,zone_bc_work_m_v1,0,1610,10,652,0
2,120,37,0.15682888654037264,-0.16432629756101164,0.64733504988860602,1.5711471078172159,0.075371236649955931,-3.1369342340973581,30,0.000000000000000000e+00,zone_bc_work_m_v1,0,1610,10,652,0
2,120,38,0.12681447870241702,-0.16432611553842727,0.64753712906070859,1.5710329029766976,0.075389934983418838,-3.1384516552773301,30,0.000000000000000000e+00,zone_bc_work_m_v1,0,1610,10,652,0
2,120,39,0.096800070751632328,-0.16432593523040709,0.64773918552891729,1.5709186411226956,0.075408288637428322,-3.1399690891041394,30,0.000000000000000000e+00,zone_bc_work_m_v1,0,1610,10,652,0
2,120,40,0.066785662739549334,-0.16432575663757812,0.64794121929300674,1.5708043234368287,0.075426297418119459,-3.1414865337147666,30,0.000000000000000000e+00,zone_bc_work_m_v1,0,1610,10,652,0
2,120,41,0.036771254717699708,-0.16432557976055578,0.64814323035290655,1.5706899511015209,0.075443961136388404,3.1401813199336477,30,0.000000000000000000e+00,zone_bc_work_m_v1,0,1610,10,652,0
2,120,42,0.0067568467376151187,-0.16432540459994369,0.64834521870870154,1.5705755252999816,0.075461279607895504,3.1386638593454355,30,0.000000000000000000e+00,zone_bc_work_m_v1,0,1610,10,652,0
2,120,43,0.022173381321457519,-0.13432561781985544,0.64596928276622512,1.5707146595581702,0.075440175081954441,3.1405090834541127,10,0.000000000000000000e+00,zone_bc_work_m_v1,0,1610,10,652,0
2,120,44,0.052190672445078912,-0.1343258291315424,0.64576726771217796,1.5708508661770615,0.075419008093703832,-3.1408688160324738,30,0.000000000000000000e+00,zone_bc_work_m_v1,0,1610,10,652,0
2,120,45,0.082207963525084748,-0.13432604287704747,0.64556522044828402,1.570986994583194,0.075397351682616742,-3.1390614220709159,30,0.000000000000000000e+00,zone_bc_work_m_v1,0,1610,10,652,0
2,120,46,0.11222525447439935,-0.13432625905532086,0.64536314097479419,1.5711230427792382,0.075375206172275666,-3.1372540449890662,30,0.000000000000000000e+00,zone_bc_work_m_v1,0,1610,10,652,0
2,120,47,0.14224254520594948,-0.13432647766528924,0.64516102929227082,1.5712590087695144,0.075352571895841658,-3.1354466879346727,30,0.000000000000000000e+00,zone_bc_work_m_v1,0,1610,10,652,0
2,120,48,0.17227212425961858,-0.13432750891064393,0.64496631931720283,1.571486777910589,0.075247410416448446,-3.1324084996550829,30,0.000000000000000000e+00,zone_bc_work_m_v1,0,1610,10,652,0
2,120,49,0.20230568361640522,-0.13432881060960403,0.64477391139863405,1.5717434999834117,0.075114073033585749,-3.1289716578295295,30,0.000000000000000000e+00,zone_bc_work_m_v1,0,1610,10,652,0
2,120,50,0.23233924151396379,-0.1343301210320211,0.64458138684749711,1.5719992919935668,0.074978989695950737,-3.1255349529104626,30,0.000000000000000000e+00,zone_bc_work_m_v1,0,1610,10,652,0
2,120,51,0.26236913906441117,-0.13433164883958082,0.64425563827329735,1.5722450734174784,0.074821412392189979,-3.122214260505086,30,0.000000000000000000e+00,zone_bc_work_m_v1,0,1610,10,652,0
2,120,52,0.29238221789045493,-0.13433414284835543,0.64331790985299397,1.5724479423105731,0.074567057211905263,-3.1194263260722801,30,0.000000000000000000e+00,zone_bc_work_m_v1,0,1610,10,652,0
2,120,53,0.30905324176745319,-0.10433640546907691,0.6405524288561083,1.5726303606827663,0.07433584148169281,-3.11690263790309,10,0.000000000000000000e+00,zone_bc_work_m_v1,0,1610,10,652,0
2,120,54,0.27903423735451516,-0.10433337285539279,0.64149031505464382,1.5723855104292457,0.074645643114565896,-3.1202863726534775,30,0.000000000000000000e+00,zone_bc_work_m_v1,0,1610,10,652,0
2,120,55,0.24901401147303681,-0.10433094193944099,0.64221712493436112,1.5721581962893882,0.074893941431239286,-3.1233936672204896,30,0.000000000000000000e+00,zone_bc_work_m_v1,0,1610,10,652,0
2,120,56,0.21899069642499103,-0.10433001954264388,0.64240959569159373,1.5719795754568566,0.074989481660951318,-3.1258002992459004,30,0.000000000000000000e+00,zone_bc_work_m_v1,0,1610,10,652,0
2,120,57,0.18896738038998295,-0.10432910141355009,0.64260200925364408,1.5718004924166524,0.075084168919741012,-3.1282070080755457,30,0.000000000000000000e+00,zone_bc_work_m_v1,0,1610,10,652,0
2,120,58,0.15894406357392166,-0.10432818756008785,0.6427943656177314,1.571620951786314,0.075178000716069615,-3.1306137863773076,30,0.000000000000000000e+00,zone_bc_work_m_v1,0,1610,10,652,0
2,120,59,0.12892074618273019,-0.10432727799011195,0.64298666478205879,1.5714409581997957,0.075270974587889894,-3.1330206268143188,30,0.000000000000000000e+00,zone_bc_work_m_v1,0,1610,10,652,0
2,120,60,0.098897741704969455,-0.10432648368843456,0.64318065343694408,1.5712627324530897,0.075351944942821714,-3.1353971747545297,30,0.000000000000000000e+00,zone_bc_work_m_v1,0,1610,10,652,0
2,120,61,0.068876205856398087,-0.10432621371142603,0.64338277979925818,1.571094639520183,0.075379871049927827,-3.1376314652249979,30,0.000000000000000000e+00,zone_bc_work_m_v1,0,1610,10,652,0
2,120,62,0.038854669702819367,-0.10432594745096536,0.64358485693836742,1.5709264215942409,0.075407050100171347,-3.1398657852976348,30,0.000000000000000000e+00,zone_bc_work_m_v1,0,1610,10,652,0
2,120,63,0.008833133408735927,-0.10432568490906595,0.64378688485340152,1.5707580824465908,0.075433481470050356,3.1410851781542988,30,0.000000000000000000e+00,zone_bc_work_m_v1,0,1610,10,652,0
2,120,64,0.020161161250420001,-0.074326078181061531,0.64143852178943228,1.5710093231090867,0.075393751550679289,-3.1387648639534862,10,0.000000000000000000e+00,zone_bc_work_m_v1,0,1610,10,652,0
2,120,65,0.050189568156574937,-0.07432642993950625,0.64123638966391261,1.5712294610911148,0.075357533439772029,-3.1358395492054343,30,0.000000000000000000e+00,zone_bc_work_m_v1,0,1610,10,652,0
2,120,66,0.080210395374649357,-0.074327029094539282,0.64104132803897274,1.5713914775246172,0.075296342355885226,-3.1336812319110257,30,0.000000000000000000e+00,zone_bc_work_m_v1,0,1610,10,652,0
2,120,67,0.11022819419176222,-0.074327727637855723,0.64084908401626095,1.5715301007559161,0.075225065375193134,-3.131829375122686,30,0.000000000000000000e+00,zone_bc_work_m_v1,0,1610,10,652,0
2,120,68,0.14024599272997618,-0.074328428719273518,0.64065680613170251,1.571668457231894,0.075153279784330174,-3.1299775529230187,30,0.000000000000000000e+00,zone_bc_work_m_v1,0,1610,10,652,0
2,120,69,0.1702637908954947,-0.074329132335235804,0.64046449438583763,1.5718065448372913,0.075080986696349106,-3.1281257686551198,30,0.000000000000000000e+00,zone_bc_work_m_v1,0,1610,10,652,0
2,120,70,0.20028158859452483,-0.074329838482159905,0.64027214877955141,1.5719443614625446,0.0750081872346684,-3.1262740256604626,30,0.000000000000000000e+00,zone_bc_work_m_v1,0,1610,10,652,0
2,120,71,0.23029938573327891,-0.074330547156437415,0.6400797693140744,1.5720819050038419,0.074934882533040703,-3.1244223272788543,30,0.000000000000000000e+00,zone_bc_work_m_v1,0,1610,10,652,0
2,120,72,0.26031797526827738,-0.074331498112972169,0.63983030105527783,1.5722327524334481,0.074836767265854975,-3.1223829590189998,30,0.000000000000000000e+00,zone_bc_work_m_v1,0,1610,10,652,0
2,120,73,0.29034613100137152,-0.074335350206711476,0.63889233658294542,1.5725454750892651,0.074443731905450505,-3.1180790010814641,30,0.000000000000000000e+00,zone_bc_work_m_v1,0,1610,10,652,0
2,120,74,0.28110621956974713,-0.044335179238195799,0.63693643551663315,1.5725316906945084,0.074461202951969119,-3.1182696979341484,10,0.000000000000000000e+00,zone_bc_work_m_v1,0,1610,10,652,0
2,120,75,0.25106948115323147,-0.044331060088135428,0.63768933136255523,1.5721809826281925,0.074881674281662258,-3.1230862116104365,30,0.000000000000000000e+00,zone_bc_work_m_v1,0,1610,10,652,0
2,120,76,0.22105513462610937,-0.044330482535648988,0.63788168734208484,1.5720693946640965,0.074941576923403641,-3.1245909003293293,30,0.000000000000000000e+00,zone_bc_work_m_v1,0,1610,10,652,0
2,120,77,0.19104078767272137,-0.04432990664990813,0.6380740209637894,1.5719576251107716,0.07500114661858448,-3.1260956205119372,30,0.000000000000000000e+00,zone_bc_work_m_v1,0,1610,10,652,0
2,120,78,0.16102644034339031,-0.044329332432863015,0.63826633222682283,1.5718456750940111,0.075060382753283417,-3.127600370367015,30,0.000000000000000000e+00,zone_bc_work_m_v1,0,1610,10,652,0
2,120,79,0.13101209268844394,-0.044328759886452546,0.63845862113049012,1.5717335457421444,0.075119284718067725,-3.1291051481025689,30,0.000000000000000000e+00,zone_bc_work_m_v1,0,1610,10,652,0
2,120,80,0.10099774475821066,-0.044328189012604463,0.6386508876742466,1.5716212381860197,0.075177851908006188,-3.1306099519258748,30,0.000000000000000000e+00,zone_bc_work_m_v1,0,1610,10,652,0
2,120,81,0.070983396603021331,-0.0443276198132352,0.63884313185769726,1.5715087535589789,0.075236083722683089,-3.1321147800434894,30,0.000000000000000000e+00,zone_bc_work_m_v1,0,1610,10,652,0
2,120,82,0.040969048273208353,-0.044327052290249989,0.63903535368059861,1.5713960929968409,0.075293979566207092,-3.1336196306612689,30,0.000000000000000000e+00,zone_bc_work_m_v1,0,1610,10,652,0
2,120,83,0.010952539180825172,-0.044326490363031983,0.63922835700527503,1.571266857492809,0.075351249973455658,-3.135342323849458,30,0.000000000000000000e+00,zone_bc_work_m_v1,0,1610,10,652,0
2,120,84,0.018168642182719186,-0.014327329815735581,0.63692408757277552,1.5714512488641801,0.075265688445731671,-3.132883182417403,10,0.000000000000000000e+00,zone_bc_work_m_v1,0,1610,10,652,0
2,120,85,0.048180629018604648,-0.014327808356362831,0.63673187181251956,1.5715460695142391,0.075216813066074417,-3.1316158232721794,30,0.000000000000000000e+00,zone_bc_work_m_v1,0,1610,10,652,0
2,120,86,0.078192615718795988,-0.014328288085568994,0.63653964019241216,1.5716407651096711,0.075167699528445597,-3.1303484805078812,30,0.000000000000000000e+00,zone_bc_work_m_v1,0,1610,10,652,0
2,120,87,0.1082046022532277,-0.014328769002214393,0.63634739271262197,1.5717353349723693,0.075118348189483264,-3.1290811551961308,30,0.000000000000000000e+00,zone_bc_work_m_v1,0,1610,10,652,0
2,120,88,0.13821658859183472,-0.014329251105153575,0.6361551293733928,1.5718297784254756,0.07506875940810076,-3.127813848408195,30,0.000000000000000000e+00,zone_bc_work_m_v1,0,1610,10,652,0
2,120,89,0.1682285747045531,-0.014329734393235448,0.63596285017504495,1.571924094793387,0.075018933545482058,-3.126546561214981,30,0.000000000000000000e+00,zone_bc_work_m_v1,0,1610,10,652,0
2,120,90,0.19824056056132,-0.014330218865303239,0.63577055511797365,1.5720182834017642,0.074968870965077317,-3.1252792946870276,30,0.000000000000000000e+00,zone_bc_work_m_v1,0,1610,10,652,0
2,120,91,0.22825254613207369,-0.014330704520194625,0.63557824420264997,1.5721123435775439,0.074918572032597108,-3.1240120498945014,30,0.000000000000000000e+00,zone_bc_work_m_v1,0,1610,10,652,0
2,120,92,0.25826453138675443,-0.014331191356741562,0.63538591742962092,1.5722062746489438,0.074868037116006647,-3.122744827907189,30,0.000000000000000000e+00,zone_bc_work_m_v1,0,1610,10,652,0
2,120,93,0.2883419856035756,-0.014339445687763755,0.63446611665324493,1.5728730422231962,0.074024488799008248,-3.1135199144114303,30,0.000000000000000000e+00,zone_bc_work_m_v1,0,1610,10,652,0
2,120,94,0.4932324297745776,0.015669943098191776,0.62481020771994267,1.5742957581169326,0.074913515236355144,-3.0948698199708446,10,0.000000000000000000e+00,zone_bc_work_m_v1,0,1610,10,652,0
2,120,95,0.46323748736678771,0.015661292466982571,0.6262709044370206,1.5740283342386261,0.074057215664171006,-3.0979383026764573,30,0.000000000000000000e+00,zone_bc_work_m_v1,0,1610,10,652,0
2,120,96,0.43324254098750359,0.015652633224588604,0.62773150113166387,1.5737662114648092,0.073199182335889068,-3.1010059318136776,30,0.000000000000000000e+00,zone_bc_work_m_v1,0,1610,10,652,0
2,120,97,0.40324273903800623,0.01564892993293765,0.62892376199698818,1.5735687860416903,0.072835323817402875,-3.1035125351908848,30,0.000000000000000000e+00,zone_bc_work_m_v1,0,1610,10,652,0
2,120,98,0.37323710121645348,0.015651191806762308,0.62979344904366252,1.5734435947530625,0.073066914180137443,-3.1053454593935119,30,0.000000000000000000e+00,zone_bc_work_m_v1,0,1610,10,652,0
2,120,99,0.34323146216585454,0.01565345135547758,0.63066310241574608,1.5733175489957141,0.073298060826226585,-3.1071785063570863,30,0.000000000000000000e+00,zone_bc_work_m_v1,0,1610,10,652,0
2,120,100,0.31322582197858484,0.015655708567630214,0.63153272211075062,1.5731906504999507,0.073528760234613522,-3.1090116732775672,30,0.000000000000000000e+00,zone_bc_work_m_v1,0,1610,10,652,0
2,120,101,0.28322018074703248,0.0156579634317906,0.63240230812652876,1.5730629010134674,0.073759008892515743,-3.1108449573462806,30,0.000000000000000000e+00,zone_bc_work_m_v1,0,1610,10,652,0
2,120,102,0.25311084924334493,0.015668886330217333,0.63316164283702425,1.5721913095386371,0.07487610880968143,-3.1229468373733833,30,0.000000000000000000e+00,zone_bc_work_m_v1,0,1610,10,652,0
2,120,103,0.22310058144026179,0.01566930671682059,0.63335394214254059,1.572110171265344,0.074919737125583863,-3.1240413361574464,30,0.000000000000000000e+00,zone_bc_work_m_v1,0,1610,10,652,0
2,120,104,0.1930903134019144,0.015669726221919214,0.6335462296186094,1.5720289366950879,0.074963189397073915,-3.1251358519351742,30,0.000000000000000000e+00,zone_bc_work_m_v1,0,1610,10,652,0
2,120,105,0.1630800451476706,0.015670144844760481,0.63373850526487618,1.5719476062606579,0.075006465387005505,-3.1262303840173158,30,0.000000000000000000e+00,zone_bc_work_m_v1,0,1610,10,652,0
2,120,106,0.13306977669689846,0.015670562584594872,0.63393076908102863,1.5718661803955576,0.075049564859489992,-3.1273249317144125,30,0.000000000000000000e+00,zone_bc_work_m_v1,0,1610,10,652,0
2,120,107,0.13612936418668231,0.04588294479641284,0.6313507924205195,1.5713398014372373,0.096372532767792451,-3.1359446637187149,10,0.000000000000000000e+00,zone_bc_work_m_v1,0,1610,10,652,0
2,120,108,0.16613131935100012,0.045881898765319569,0.63118150643700932,1.5713628065733205,0.096267308638614102,-3.1356991764513049,30,0.000000000000000000e+00,zone_bc_work_m_v1,0,1610,10,652,0
2,120,109,0.1961332745115969,0.04588085266814932,0.63101221975435706,1.5713857593305458,0.096162073476296683,-3.1354536990561637,30,0.000000000000000000e+00,zone_bc_work_m_v1,0,1610,10,652,0
2,120,110,0.22613522966821686,0.045879806505012319,0.63084293237255373,1.5714086597063566,0.09605682731029308,-3.1352082315287739,30,0.000000000000000000e+00,zone_bc_work_m_v1,0,1610,10,652,0
2,120,111,0.25619189983427071,0.045911763725659784,0.6306374190096512,1.5720040777953519,0.099262475067468436,-3.1294060007994737,30,0.000000000000000000e+00,zone_bc_work_m_v1,0,1610,10,652,0
2,120,112,0.28630584977441731,0.045840545547266145,0.62998763736000185,1.5730424079617427,0.092087922598918848,-3.1171723449828947,30,0.000000000000000000e+00,zone_bc_work_m_v1,0,1610,10,652,0
2,120,113,0.31632360964617878,0.045760895577480969,0.62923242112567712,1.5730771060072388,0.084088338525663442,-3.1144436788341547,30,0.000000000000000000e+00,zone_bc_work_m_v1,0,1610,10,652,0
2,120,114,0.34634569080826494,0.045725866467643136,0.62837028860828137,1.5732606286011492,0.080566766468542994,-3.1109819648960562,30,0.000000000000000000e+00,zone_bc_work_m_v1,0,1610,10,652,0
2,120,115,0.37636798592822363,0.045693064566052745,0.62750258301107531,1.5734300916731505,0.077269136105844183,-3.1074862636318845,30,0.000000000000000000e+00,zone_bc_work_m_v1,0,1610,10,652,0
2,120,116,0.40639027669428129,0.045660248793599617,0.6266346482806886,1.5735763396706193,0.073970798275935223,-3.1039934172471955,30,0.000000000000000000e+00,zone_bc_work_m_v1,0,1610,10,652,0
2,120,117,0.43642946999824872,0.045662971311808936,0.62539480438208095,1.574079798640269,0.074223469040465506,-3.0973431030747118,30,0.000000000000000000e+00,zone_bc_work_m_v1,0,1610,10,652,0
2,120,118,0.46645390817905308,0.045683190250255877,0.62390517232366705,1.5746400468074015,0.076226908027104523,-3.0911616228254606,30,0.000000000000000000e+00,zone_bc_work_m_v1,0,1610,10,652,0
2,120,119,0.49641850751733996,0.045694067764510224,0.62235519451706733,1.5747314103566108,0.077314663477943357,-3.0906886731555892,30,0.000000000000000000e+00,zone_bc_work_m_v1,0,1610,10,652,0
2,120,120,0.49522956628774728,0.075738413383173428,0.62001933420691857,1.5748633282104056,0.081762344713058877,-3.0918362742896242,10,0.000000000000000000e+00,zone_bc_work_m_v1,0,1610,10,652,0
2,120,121,0.46525926054531896,0.075750100322108202,0.62156777979905065,1.5748360874538903,0.082937783177285285,-3.0928667735639439,30,0.000000000000000000e+00,zone_bc_work_m_v1,0,1610,10,652,0
2,120,122,0.43528895431252757,0.075761785821643973,0.6231162010971999,1.5748064072928138,0.084113221722451392,-3.0938975396782937,30,0.000000000000000000e+00,zone_bc_work_m_v1,0,1610,10,652,0
2,120,123,0.40510538061104606,0.075869278672843501,0.62412692243719814,1.57339587619857,0.094965701746951181,-3.1141847080772536,30,0.000000000000000000e+00,zone_bc_work_m_v1,0,1610,10,652,0
2,120,124,0.37510253214514666,0.075874226836370365,0.6248883339145902,1.5732892461455656,0.095465792427882112,-3.1154456315330763,30,0.000000000000000000e+00,zone_bc_work_m_v1,0,1610,10,652,0
2,120,125,0.34509968326382823,0.075879173429815788,0.62564972734871738,1.5731813388560616,0.095965630972232763,-3.1167067842409972,30,0.000000000000000000e+00,zone_bc_work_m_v1,0,1610,10,652,0
2,120,126,0.315096834001104,0.075884118439736442,0.62641110273999978,1.573072154644797,0.096465213706765196,-3.1179681665786259,30,0.000000000000000000e+00,zone_bc_work_m_v1,0,1610,10,652,0
2,120,127,0.28507297697739054,0.075898980594411011,0.62711420964492881,1.5727897462652372,0.097965027998332621,-3.1212145873556114,30,0.000000000000000000e+00,zone_bc_work_m_v1,0,1610,10,652,0
2,120,128,0.25501494920688406,0.075914699763134683,0.62762267613849498,1.5721944587516634,0.09955507425225596,-3.1275265427405121,30,0.000000000000000000e+00,zone_bc_work_m_v1,0,1610,10,652,0
2,120,129,0.2249673515659123,0.075900418655928573,0.62795777337181691,1.5716840635942768,0.098125739947301671,-3.1325314335718373,30,0.000000000000000000e+00,zone_bc_work_m_v1,0,1610,10,652,0
2,120,130,0.19494230088024778,0.075879503489651043,0.62816793192160525,1.5714152826209886,0.096026342527917974,-3.1351371379476047,30,0.000000000000000000e+00,zone_bc_work_m_v1,0,1610,10,652,0
2,120,131,0.16493935222849632,0.075880976803525957,0.62833718439897301,1.5713830384507359,0.096174561461315644,-3.1354828273652737,30,0.000000000000000000e+00,zone_bc_work_m_v1,0,1610,10,652,0
2,120,132,0.13493640356891778,0.075882449986543393,0.62850643548972085,1.5713506903933494,0.096322758564239885,-3.135828536354655,30,0.000000000000000000e+00,zone_bc_work_m_v1,0,1610,10,652,0
2,120,133,0.1342007055214447,0.10588123443841094,0.62565956585129101,1.5713773890230853,0.096200479264056282,-3.1355432824119762,10,0.000000000000000000e+00,zone_bc_work_m_v1,0,1610,10,652,0
2,120,134,0.16420797762812422,0.10588158293588278,0.62548227617202623,1.5714532637520566,0.096235005069734481,-3.1347558284856198,30,0.000000000000000000e+00,zone_bc_work_m_v1,0,1610,10,652,0
2,120,135,0.19422634637873726,0.10589800718943553,0.62525894931752346,1.5716540328668969,0.09788368737797426,-3.1328163658715371,30,0.000000000000000000e+00,zone_bc_work_m_v1,0,1610,10,652,0
2,120,136,0.22424875421518586,0.10591019171274629,0.62497892075823946,1.5719026982497404,0.099105665243994334,-3.1304112653609213,30,0.000000000000000000e+00,zone_bc_work_m_v1,0,1610,10,652,0
2,120,137,0.2542780168077563,0.10591518256314965,0.62460267741484155,1.5722258941213683,0.099603154723227449,-3.1272172440472765,30,0.000000000000000000e+00,zone_bc_work_m_v1,0,1610,10,652,0
2,120,138,0.28430845624299783,0.10591120395334307,0.62414123029502178,1.5725620326603211,0.099197882306497398,-3.1237654636433607,30,0.000000000000000000e+00,zone_bc_work_m_v1,0,1610,10,652,0
2,120,139,0.31434080624470329,0.10589266651723914,0.62354147230127144,1.5729048249268007,0.097328046811572255,-3.1198979564989706,30,0.000000000000000000e+00,zone_bc_work_m_v1,0,1610,10,652,0
2,120,140,0.34435557363305724,0.10588244890936388,0.62282699322562773,1.5731091640288104,0.096296555834970654,-3.1175422285812679,30,0.000000000000000000e+00,zone_bc_work_m_v1,0,1610,10,652,0
2,120,141,0.37436315909508511,0.10587563151225605,0.62206567106152422,1.5732587372152693,0.095607740349347381,-3.1158036947983136,30,0.000000000000000000e+00,zone_bc_work_m_v1,0,1610,10,652,0
2,120,142,0.40437074378616078,0.10586881112472335,0.62130431461524072,1.5734058838075979,0.094918443819774767,-3.1140655968007511,30,0.000000000000000000e+00,zone_bc_work_m_v1,0,1610,10,652,0
2,120,143,0.43443761392617097,0.10584470374216434,0.62042827357255248,1.5740811980333258,0.092474673044211642,-3.1060349929596716,30,0.000000000000000000e+00,zone_bc_work_m_v1,0,1610,10,652,0
2,120,144,0.46452082152396823,0.10577050585923778,0.61918575914778007,1.5747493514692223,0.084992011360595088,-3.0950594398586544,30,0.000000000000000000e+00,zone_bc_work_m_v1,0,1610,10,652,0
2,120,145,0.49450567731111916,0.10574807231848223,0.61766217268234669,1.5748409896033704,0.082733801999921974,-3.0926879257853117,30,0.000000000000000000e+00,zone_bc_work_m_v1,0,1610,10,652,0
2,120,146,0.49715894031023855,0.13576970131291591,0.61509184579184439,1.57475500329712,0.084910914650184077,-3.0949486697321862,10,0.000000000000000000e+00,zone_bc_work_m_v1,0,1610,10,652,0
2,120,147,0.46712104823585388,0.13581770009876584,0.61638784070921249,1.5743859080759544,0.08974963995360663,-3.1015646339865333,30,0.000000000000000000e+00,zone_bc_work_m_v1,0,1610,10,652,0
2,120,148,0.437081142172139,0.13584948935785585,0.61748071772152169,1.5739485135642819,0.092960184696113224,-3.1076476991090689,30,0.000000000000000000e+00,zone_bc_work_m_v1,0,1610,10,652,0
2,120,149,0.40703934241851036,0.13586601353558245,0.61838238605988205,1.5734776678395965,0.09463531524233959,-3.1132244535351319,30,0.000000000000000000e+00,zone_bc_work_m_v1,0,1610,10,652,0
2,120,150,0.37701903569246054,0.13587750382583269,0.61915674535761078,1.5732179070058723,0.095796933054859146,-3.116281041766769,30,0.000000000000000000e+00,zone_bc_work_m_v1,0,1610,10,652,0
2,120,151,0.34700065438118433,0.13588868473040727,0.61990055186686643,1.5729765043034889,0.09692630628401,-3.1190680244750708,30,0.000000000000000000e+00,zone_bc_work_m_v1,0,1610,10,652,0
2,120,152,0.31697985390072314,0.13590164648113659,0.6205006791789508,1.5727406375243285,0.098233941698235405,-3.1217706991788359,30,0.000000000000000000e+00,zone_bc_work_m_v1,0,1610,10,652,0
2,120,153,0.28695905199348259,0.13591460019999632,0.62110071809411616,1.572497606189351,0.099540363519509789,-3.1244747002390771,30,0.000000000000000000e+00,zone_bc_work_m_v1,0,1610,10,652,0
2,120,154,0.25693900635191813,0.13591576929450727,0.62154014963156679,1.5722641457084188,0.099661572245897334,-3.126841271046684,30,0.000000000000000000e+00,zone_bc_work_m_v1,0,1610,10,652,0
2,120,155,0.22691925899766385,0.1359122826620148,0.62191614132198647,1.5720376289464681,0.09931421713795352,-3.1290739952992013,30,0.000000000000000000e+00,zone_bc_work_m_v1,0,1610,10,652,0
2,120,156,0.19689951105521275,0.135908790964963,0.62229208319382867,1.5718126887822619,0.098965853987575292,-3.1313064046264145,30,0.000000000000000000e+00,zone_bc_work_m_v1,0,1610,10,652,0
2,120,157,0.16688599186396225,0.13589834733895675,0.62253473227350153,1.5716582602672153,0.097917830319039112,-3.1327761774436862,30,0.000000000000000000e+00,zone_bc_work_m_v1,0,1610,10,652,0
2,120,158,0.13687339854687064,0.13588686764580069,0.62275754050322196,1.5715171472835197,0.09676550539007156,-3.134132005769354,30,0.000000000000000000e+00,zone_bc_work_m_v1,0,1610,10,652,0
2,120,159,0.13229871255598558,0.16591395777176793,0.61818039358682253,1.5713309309743564,0.099488859105272942,-3.1362103222868325,10,0.000000000000000000e+00,zone_bc_work_m_v1,0,1610,10,652,0
2,120,160,0.16231285134044815,0.1659162008622557,0.6181800826914452,1.5714743236020996,0.099713419694773098,-3.1347820232358417,30,0.000000000000000000e+00,zone_bc_work_m_v1,0,1610,10,652,0
2,120,161,0.19232698990778285,0.16591844190209193,0.61817975139671533,1.5716183659647696,0.099937572810945285,-3.1333536034318543,30,0.000000000000000000e+00,zone_bc_work_m_v1,0,1610,10,652,0
2,120,162,0.22234112821451091,0.16592068088442161,0.61817939970401969,1.5717630568304504,0.10016131636984871,-3.1319250641726049,30,0.000000000000000000e+00,zone_bc_work_m_v1,0,1610,10,652,0
2,120,163,0.25235526621715598,0.16592291780240254,0.61817902761487031,1.5719083949590567,0.10038464829212224,-3.1304964067589016,30,0.000000000000000000e+00,zone_bc_work_m_v1,0,1610,10,652,0
2,120,164,0.28236940387224529,0.16592515264920543,0.61817863513090487,1.5720543791023489,0.10060756650301705,-3.1290676324946176,30,0.000000000000000000e+00,zone_bc_work_m_v1,0,1610,10,652,0
2,120,165,0.31242105490594474,0.16590886021964019,0.61760421140411248,1.5726061996153085,0.098961520628416455,-3.1232761447057511,30,0.000000000000000000e+00,zone_bc_work_m_v1,0,1610,10,652,0
2,120,166,0.34243565151173216,0.16589890148176661,0.61700396685879877,1.5727911988844914,0.097957047478173465,-3.1211980861616313,30,0.000000000000000000e+00,zone_bc_work_m_v1,0,1610,10,652,0
2,120,167,0.37245024722988229,0.16588893802024385,0.61640367008717301,1.5729719651552996,0.096951862908902786,-3.1191208098853327,30,0.000000000000000000e+00,zone_bc_work_m_v1,0,1610,10,652,0
2,120,168,0.4024991461411509,0.16586602776325954,0.61565117152182258,1.573477253928067,0.094636756676873324,-3.1132292608262424,30,0.000000000000000000e+00,zone_bc_work_m_v1,0,1610,10,652,0
2,120,169,0.43252486210806929,0.16585430863744338,0.61474958455831386,1.5738132277241816,0.093448946002938404,-3.1092728298670376,30,0.000000000000000000e+00,zone_bc_work_m_v1,0,1610,10,652,0
2,120,170,0.46255057313322978,0.1658425752964405,0.61384783036089141,1.5741396808755761,0.092258685752536485,-3.10531806872633,30,0.000000000000000000e+00,zone_bc_work_m_v1,0,1610,10,652,0
2,120,171,0.49257025848935343,0.16581159214302207,0.61260561273764225,1.5744364859465731,0.089133848309729702,-3.1007218723225574,30,0.000000000000000000e+00,zone_bc_work_m_v1,0,1610,10,652,0
2,120,172,0.4990169908942379,0.19582695516346044,0.60964391080008096,1.5743656346793837,0.0906804668826382,-3.1021975075323533,10,0.000000000000000000e+00,zone_bc_work_m_v1,0,1610,10,652,0
2,120,173,0.46899577760042366,0.1958493827619309,0.6107857896511566,1.5740471201150403,0.092946086034077835,-3.1065813911911602,30,0.000000000000000000e+00,zone_bc_work_m_v1,0,1610,10,652,0
2,120,174,0.43896355078167071,0.19587084654902254,0.61168676128579524,1.573684714315257,0.095114952621503379,-3.1111887705243051,30,0.000000000000000000e+00,zone_bc_work_m_v1,0,1610,10,652,0
2,120,175,0.40894313412054517,0.19587171762027719,0.61172882685477648,1.5734854831509684,0.095208314696521912,-3.1133124363792626,30,0.000000000000000000e+00,zone_bc_work_m_v1,0,1610,10,652,0
2,120,176,0.37892328636002137,0.19587159108280877,0.61172938190136261,1.5732946665092846,0.095200781500926146,-3.115316116776718,30,0.000000000000000000e+00,zone_bc_work_m_v1,0,1610,10,652,0
2,120,177,0.34890343707665861,0.19587146079279535,0.61172989772702047,1.5731038774164767,0.095192490347082881,-3.1173198402573457,30,0.000000000000000000e+00,zone_bc_work_m_v1,0,1610,10,652,0
2,120,178,0.3188835863877586,0.19587132675073757,0.6117303743258955,1.572913119314737,0.09518344133302592,-3.1193236023666304,30,0.000000000000000000e+00,zone_bc_work_m_v1,0,1610,10,652,0
2,120,179,0.28886373441065127,0.1958711889571797,0.61173081169259591,1.5727223956458272,0.095173634575058452,-3.121327398649786,30,0.000000000000000000e+00,zone_bc_work_m_v1,0,1610,10,652,0
2,120,180,0.25884388126269076,0.19587104741271127,0.61173120982219464,1.5725317098509608,0.095163070207747724,-3.1233312246518361,30,0.000000000000000000e+00,zone_bc_work_m_v1,0,1610,10,652,0
2,120,181,0.22882402706125538,0.19587090211796551,0.61173156871022749,1.572341065370686,0.095151748383927037,-3.1253350759176892,30,0.000000000000000000e+00,zone_bc_work_m_v1,0,1610,10,652,0
2,120,182,0.19880417192374189,0.19587075307362053,0.61173188835269499,1.5721504656447642,0.095139669274688643,-3.127338947992226,30,0.000000000000000000e+00,zone_bc_work_m_v1,0,1610,10,652,0
2,120,183,0.16878431596756727,0.19587060028039865,0.61173216874606129,1.5719599141120588,0.095126833069379968,-3.1293428364203661,30,0.000000000000000000e+00,zone_bc_work_m_v1,0,1610,10,652,0
2,120,184,0.13876445931016312,0.19587044373906667,0.61173240988725497,1.5717694142104106,0.095113239975599395,-3.1313467367471599,30,0.000000000000000000e+00,zone_bc_work_m_v1,0,1610,10,652,0
2,120,185,0.13055351394932613,0.22581735190646787,0.60528375006662194,1.5716711185256629,0.089781991801400007,-3.1318363483007334,10,0.000000000000000000e+00,zone_bc_work_m_v1,0,1610,10,652,0
2,120,186,0.16057751914784846,0.22581734798360079,0.60528348547261213,1.5718881022185887,0.089779227871204847,-3.1294162302847077,30,0.000000000000000000e+00,zone_bc_work_m_v1,0,1610,10,652,0
2,120,187,0.19060152365028027,0.22581733889319916,0.60528316348314981,1.5721050699224217,0.089775422163558938,-3.1269961145532874,30,0.000000000000000000e+00,zone_bc_work_m_v1,0,1610,10,652,0
2,120,188,0.22062552731827889,0.22581732463531537,0.60528278410007474,1.5723220165543048,0.089770574768056166,-3.1245760018992867,30,0.000000000000000000e+00,zone_bc_work_m_v1,0,1610,10,652,0
2,120,189,0.2506495300135072,0.22581730521003157,0.60528234732555763,1.5725389370319054,0.089764685798887633,-3.1221558931153117,30,0.000000000000000000e+00,zone_bc_work_m_v1,0,1610,10,652,0
2,120,190,0.2806735315976332,0.22581728061745973,0.60528185316209981,1.5727558262735422,0.089757755394842542,-3.1197357889937143,30,0.000000000000000000e+00,zone_bc_work_m_v1,0,1610,10,652,0
2,120,191,0.31069753193233152,0.2258172508577416,0.60528130161253335,1.5729726791983125,0.089749783719299758,-3.1173156903265378,30,0.000000000000000000e+00,zone_bc_work_m_v1,0,1610,10,652,0
2,120,192,0.3407215308792837,0.22581721593104864,0.60528069268002116,1.5731894907262189,0.089740770960228922,-3.1148955979054653,30,0.000000000000000000e+00,zone_bc_work_m_v1,0,1610,10,652,0
2,120,193,0.37074552830017948,0.22581717583758218,0.60528002636805678,1.5734062557782984,0.089730717330180898,-3.1124755125217716,30,0.000000000000000000e+00,zone_bc_work_m_v1,0,1610,10,652,0
2,120,194,0.40076952405671751,0.2258171305775733,0.60527930268046459,1.5736229692767458,0.089719623066286225,-3.1100554349662723,30,0.000000000000000000e+00,zone_bc_work_m_v1,0,1610,10,652,0
2,120,195,0.4307935180106055,0.2258170801512828,0.60527852162139917,1.5738396261450438,0.089707488430245563,-3.107635366029271,30,0.000000000000000000e+00,zone_bc_work_m_v1,0,1610,10,652,0
2,120,196,0.46081751002356253,0.22581702455900129,0.60527768319534647,1.5740562213080878,0.089694313708325035,-3.1052153065005097,30,0.000000000000000000e+00,zone_bc_work_m_v1,0,1610,10,652,0
2,120,197,0.49084149995731785,0.22581696380104918,0.60527678740712243,1.5742727496923159,0.089680099211348896,-3.1027952571691184,30,0.000000000000000000e+00,zone_bc_work_m_v1,0,1610,10,652,0
2,121,1,0.42662964194384867,-0.58674395947768332,0.63365845009403721,1.5582981597839085,-0.16678074798600773,-3.066444267171998,30,0.000000000000000000e+00,zone_bc_work_m_v1,0,1610,10,652,0
2,121,2,0.39663734600121581,-0.58673925266331128,0.63578458333972265,1.559486058661238,-0.16638629970971719,-3.0734049994931159,30,0.000000000000000000e+00,zone_bc_work_m_v1,0,1610,10,652,0
2,121,3,0.36661214710462087,-0.58676545291063464,0.63758186072137424,1.5606695224987592,-0.16912418250936723,-3.0814987167004122,30,0.000000000000000000e+00,zone_bc_work_m_v1,0,1610,10,652,0
2,121,4,0.33662183917227306,-0.58675040224471375,0.63930846125376517,1.5614489519885058,-0.16763952096815737,-3.0856287193165914,30,0.000000000000000000e+00,zone_bc_work_m_v1,0,1610,10,652,0
2,121,5,0.30655594309644063,-0.58674701595162448,0.64076171941563076,1.5632052788610753,-0.16738359260629809,-3.0960596011682897,30,0.000000000000000000e+00,zone_bc_work_m_v1,0,1610,10,652,0
2,121,6,0.27657431459852577,-0.58662481851553572,0.64213412314044593,1.5639814591804144,-0.1550248521507851,-3.0974841843780956,30,0.000000000000000000e+00,zone_bc_work_m_v1,0,1610,10,652,0
2,121,7,0.24650853206155232,-0.58641011700089696,0.643240470567078,1.5661231818988923,-0.13339588141633629,-3.1064705814304485,30,0.000000000000000000e+00,zone_bc_work_m_v1,0,1610,10,652,0
2,121,8,0.21649908238564342,-0.58641293523218596,0.64419248772750481,1.5664461874598214,-0.13369125023875417,-3.1089681966775866,30,0.000000000000000000e+00,zone_bc_work_m_v1,0,1610,10,652,0
2,121,9,0.18644560180367731,-0.58642033722065623,0.6449646604566579,1.5672904351432566,-0.13446307000592128,-3.1154465032842857,30,0.000000000000000000e+00,zone_bc_work_m_v1,0,1610,10,652,0
2,121,10,0.1564169548626877,-0.58642425995362391,0.64566212885390428,1.5677831528802297,-0.13487090060841145,-3.1191872886416565,30,0.000000000000000000e+00,zone_bc_work_m_v1,0,1610,10,652,0
2,121,11,0.12637463122909831,-0.5864289891282537,0.6461834451103442,1.5684191845494619,-0.1353608763312153,-3.1239791821646867,30,0.000000000000000000e+00,zone_bc_work_m_v1,0,1610,10,652,0
2,121,12,0.096337801538914913,-0.58643238943874199,0.64664221012590428,1.5689689295216158,-0.13571257238082057,-3.1280868348163544,30,0.000000000000000000e+00,zone_bc_work_m_v1,0,1610,10,652,0
2,121,13,0.066300262981932701,-0.58643488374381625,0.64692449883327197,1.569504632352464,-0.13597045191683454,-3.1320637841643988,30,0.000000000000000000e+00,zone_bc_work_m_v1,0,1610,10,652,0
2,121,14,0.036287542023890618,-0.58643684371203741,0.6471519781820565,1.569690575719378,-0.13616991317104032,-3.1334473036889086,30,0.000000000000000000e+00,zone_bc_work_m_v1,0,1610,10,652,0
2,121,15,0.006141439310067387,-0.58659776252389129,0.64716436697044255,1.5718441740593074,-0.15243187573008266,3.1346918669564228,30,0.000000000000000000e+00,zone_bc_work_m_v1,0,1610,10,652,0
2,121,16,0.0091011385205461703,-0.55598279364683423,0.65110556188492275,1.5715450431299489,-0.090469183641755713,3.1333056149397898,10,0.000000000000000000e+00,zone_bc_work_m_v1,0,1610,10,652,0
2,121,17,0.03925239692203597,-0.55601456988244036,0.65116189259376867,1.5701385746047647,-0.093661110674709169,-3.1345598084396284,30,0.000000000000000000e+00,zone_bc_work_m_v1,0,1610,10,652,0
2,121,18,0.069272525925892392,-0.55601414547816441,0.65095288236113225,1.5699421871578152,-0.093616901275497932,-3.1324557890078908,30,0.000000000000000000e+00,zone_bc_work_m_v1,0,1610,10,652,0
2,121,19,0.099292787211169076,-0.55605107495009254,0.6506714192830424,1.5696948105195929,-0.097324417937263874,-3.1302572626372234,30,0.000000000000000000e+00,zone_bc_work_m_v1,0,1610,10,652,0
2,121,20,0.12931332728412559,-0.5561662451799142,0.65023718918587814,1.569302729063311,-0.10889902439142718,-3.1278509250877042,30,0.000000000000000000e+00,zone_bc_work_m_v1,0,1610,10,652,0
2,121,21,0.15937335354952409,-0.55642652638515766,0.64967560659607748,1.5680414318986902,-0.13510516267211692,-3.1211425425164476,30,0.000000000000000000e+00,zone_bc_work_m_v1,0,1610,10,652,0
2,121,22,0.18938665853095826,-0.55642394557564845,0.64895875476220866,1.5677474455127269,-0.13483836886137568,-3.118916429923912,30,0.000000000000000000e+00,zone_bc_work_m_v1,0,1610,10,652,0
2,121,23,0.21943863041051426,-0.55641720745895662,0.64815274574365667,1.5669042801781847,-0.13413655522822543,-3.1124979698699091,30,0.000000000000000000e+00,zone_bc_work_m_v1,0,1610,10,652,0
2,121,24,0.24944930360511375,-0.55641391724437983,0.64717386795889198,1.5665522747519649,-0.13379377689598071,-3.1097875074102417,30,0.000000000000000000e+00,zone_bc_work_m_v1,0,1610,10,652,0
2,121,25,0.27951753981500582,-0.55640466842906811,0.64610582564034902,1.5654024748358235,-0.13281866429807976,-3.1008844657051338,30,0.000000000000000000e+00,zone_bc_work_m_v1,0,1610,10,652,0
2,121,26,0.30953804723649037,-0.5564009294161798,0.64484714262736897,1.5647879109516925,-0.13241482806933336,-3.0961149098495673,30,0.000000000000000000e+00,zone_bc_work_m_v1,0,1610,10,652,0
2,121,27,0.33954827483468764,-0.55639801587628168,0.64345478975331261,1.5642258722546263,-0.1320939942427759,-3.0917475579507849,30,0.000000000000000000e+00,zone_bc_work_m_v1,0,1610,10,652,0
2,121,28,0.36956241808081858,-0.55639528443645192,0.6418764405036218,1.5634959551963177,-0.13177991850482851,-3.0860898542800332,30,0.000000000000000000e+00,zone_bc_work_m_v1,0,1610,10,652,0
2,121,29,0.39959121204041659,-0.55639466648270808,0.64013309746789016,1.5624304302758203,-0.13165446948071402,-3.0779489553360531,30,0.000000000000000000e+00,zone_bc_work_m_v1,0,1610,10,652,0
2,121,30,0.42959576820935785,-0.55639617341673653,0.63817208633864886,1.5615038630423124,-0.13174507004447289,-3.0709701362437345,30,0.000000000000000000e+00,zone_bc_work_m_v1,0,1610,10,652,0
2,121,31,0.45963513896800512,-0.55644239475082358,0.63596179077881332,1.5594886780382342,-0.13626923414550451,-3.0585429970584554,30,0.000000000000000000e+00,zone_bc_work_m_v1,0,1610,10,652,0
2,121,32,0.48958770826225928,-0.55666576217346031,0.63341629674576627,1.5566092419240867,-0.15869129128666049,-3.0520498564390701,30,0.000000000000000000e+00,zone_bc_work_m_v1,0,1610,10,652,0
2,121,33,0.51964449791522926,-0.55681008999441184,0.63035507937547697,1.5514985586143857,-0.17289155860432892,-3.029870122878342,30,0.000000000000000000e+00,zone_bc_work_m_v1,0,1610,10,652,0
2,121,34,0.53123581657719821,-0.55682440428500291,0.62905010231420744,1.5507701289721703,-0.17427281035192421,-3.0265902382799887,30,0.000000000000000000e+00,zone_bc_work_m_v1,0,1610,10,652,0
2,121,35,0.532693272009646,-0.52648233628406704,0.6337850171806384,1.5572810804913138,-0.14012156436420042,-3.045117120647916,10,0.000000000000000000e+00,zone_bc_work_m_v1,0,1610,10,652,0
2,121,36,0.50270148209302135,-0.52641154832144943,0.63647422627231443,1.5594940516073308,-0.13314562702921262,-3.0566559757237171,30,0.000000000000000000e+00,zone_bc_work_m_v1,0,1610,10,652,0
2,121,37,0.47274344314977501,-0.52640230237958108,0.63892003258829067,1.560348461015457,-0.13227923116024654,-3.0625406269443944,30,0.000000000000000000e+00,zone_bc_work_m_v1,0,1610,10,652,0
2,121,38,0.44270520064556007,-0.52637219891985987,0.64130645987254176,1.5623377635147477,-0.12937769065955473,-3.0761232021376426,30,0.000000000000000000e+00,zone_bc_work_m_v1,0,1610,10,652,0
2,121,39,0.41270790832331161,-0.52603011477674078,0.64314972839399698,1.5651188913612339,-0.09505597381066444,-3.0818458771230981,30,0.000000000000000000e+00,zone_bc_work_m_v1,0,1610,10,652,0
2,121,40,0.3826824118390495,-0.52597540926599784,0.64486185736132184,1.5661207183058941,-0.089609255388155562,-3.0893921025339135,30,0.000000000000000000e+00,zone_bc_work_m_v1,0,1610,10,652,0
2,121,41,0.35265745012897143,-0.5259823644554894,0.6462835855524488,1.5666170454678507,-0.090332814492382507,-3.0952971332524593,30,0.000000000000000000e+00,zone_bc_work_m_v1,0,1610,10,652,0
2,121,42,0.32262320419249924,-0.52599050621891119,0.6476614904169361,1.5671856480040778,-0.091175457089260004,-3.1019568959441641,30,0.000000000000000000e+00,zone_bc_work_m_v1,0,1610,10,652,0
2,121,43,0.29261823871320014,-0.52587150085658418,0.64881519671913734,1.5678767114804195,-0.079249067309759669,-3.1047296589033744,30,0.000000000000000000e+00,zone_bc_work_m_v1,0,1610,10,652,0
2,121,44,0.2625628891895222,-0.52563642417902612,0.64980191212108929,1.5691477457817222,-0.055716455409001941,-3.1119971928673649,30,0.000000000000000000e+00,zone_bc_work_m_v1,0,1610,10,652,0
2,121,45,0.23253963954412038,-0.52562756142315248,0.65061264354425818,1.5693620311146093,-0.054834445910882046,-3.1154286574706704,30,0.000000000000000000e+00,zone_bc_work_m_v1,0,1610,10,652,0
2,121,46,0.20253220282071882,-0.52568896253089525,0.65140729587975632,1.5693106881743824,-0.060985548965672098,-3.1172218521916459,30,0.000000000000000000e+00,zone_bc_work_m_v1,0,1610,10,652,0
2,121,47,0.17249765158512065,-0.52574732085411657,0.65209996062404929,1.5694541361527197,-0.066837950005294466,-3.1214991210337111,30,0.000000000000000000e+00,zone_bc_work_m_v1,0,1610,10,652,0
2,121,48,0.14243478923425501,-0.52571569598973611,0.65261104531553438,1.5699486109819119,-0.063676534697534759,-3.1282715929100395,30,0.000000000000000000e+00,zone_bc_work_m_v1,0,1610,10,652,0
2,121,49,0.11240674069179279,-0.5256721280021599,0.65291869947599956,1.5701835324264213,-0.059313953486366033,-3.1312555906618451,30,0.000000000000000000e+00,zone_bc_work_m_v1,0,1610,10,652,0
2,121,50,0.08239845394973444,-0.52566661932070313,0.65318027521261524,1.5702448033340461,-0.058762700362864351,-3.1322019205824274,30,0.000000000000000000e+00,zone_bc_work_m_v1,0,1610,10,652,0
2,121,51,0.052390167123665954,-0.52566110988996861,0.6534418390406761,1.570305025335891,-0.058211327798245005,-3.1331481220995059,30,0.000000000000000000e+00,zone_bc_work_m_v1,0,1610,10,652,0
2,121,52,0.022365456063014433,-0.52569040103054943,0.6536940914172652,1.5704383150442829,-0.061146691223712191,-3.1357341050131677,30,0.000000000000000000e+00,zone_bc_work_m_v1,0,1610,10,652,0
2,121,53,0.0063235170027915455,-0.49536858091356156,0.65491208994917383,1.5706934928634109,-0.028931480998480197,-3.1380377769529622,10,0.000000000000000000e+00,zone_bc_work_m_v1,0,1610,10,652,0
2,121,54,0.036351671728571677,-0.49533301941940788,0.65476144993726482,1.5706334593053466,-0.025373678481131812,-3.1351732953819456,30,0.000000000000000000e+00,zone_bc_work_m_v1,0,1610,10,652,0
2,121,55,0.066362070244073479,-0.4953204096631616,0.65449853565554272,1.5706136933926804,-0.024112147730289024,-3.1340177328050527,30,0.000000000000000000e+00,zone_bc_work_m_v1,0,1610,10,652,0
2,121,56,0.096372468661953148,-0.4953077993117227,0.65423559212729432,1.5705968450863788,-0.022850585714911942,-3.1328622864125544,30,0.000000000000000000e+00,zone_bc_work_m_v1,0,1610,10,652,0
2,121,57,0.12638669417672821,-0.49531384296395681,0.65395611732360204,1.5705551213819231,-0.02345474353299859,-3.1313082081713848,30,0.000000000000000000e+00,zone_bc_work_m_v1,0,1610,10,652,0
2,121,58,0.15640489302035276,-0.49533925240261173,0.65365942483672179,1.570477822010661,-0.025995754393262516,-3.1293397016399931,30,0.000000000000000000e+00,zone_bc_work_m_v1,0,1610,10,652,0
2,121,59,0.18645099653887609,-0.49539157507028447,0.65322402561614656,1.5702595276751383,-0.031227508736045406,-3.1244016077196513,30,0.000000000000000000e+00,zone_bc_work_m_v1,0,1610,10,652,0
2,121,60,0.21649811952462095,-0.49542388140349286,0.65262430654970638,1.5700205278630575,-0.034455769825008087,-3.1190762077361676,30,0.000000000000000000e+00,zone_bc_work_m_v1,0,1610,10,652,0
2,121,61,0.246521598201352,-0.49542926012267435,0.65187359548279844,1.5698932927684799,-0.034991049800888518,-3.1157855385426272,30,0.000000000000000000e+00,zone_bc_work_m_v1,0,1610,10,652,0
2,121,62,0.27654923040011892,-0.49542721970969,0.65106465393743362,1.5697639948686297,-0.034783220283490568,-3.1119163514062325,30,0.000000000000000000e+00,zone_bc_work_m_v1,0,1610,10,652,0
2,121,63,0.30658073517637341,-0.49540509116409359,0.65009274637131098,1.5696755906456799,-0.032565145846068955,-3.1071849360081201,30,0.000000000000000000e+00,zone_bc_work_m_v1,0,1610,10,652,0
2,121,64,0.33660425212080436,-0.49536639270206168,0.64900621311241558,1.569684724398035,-0.028691231856702526,-3.1028630703402471,30,0.000000000000000000e+00,zone_bc_work_m_v1,0,1610,10,652,0
2,121,65,0.36661093585161897,-0.49536454922850748,0.64782217870825975,1.5696061938412025,-0.02850349993055179,-3.0998573050636202,30,0.000000000000000000e+00,zone_bc_work_m_v1,0,1610,10,652,0
2,121,66,0.39662242885218024,-0.49547660118063824,0.64640146870922521,1.5689334756915274,-0.039696451291604484,-3.0946873052172075,30,0.000000000000000000e+00,zone_bc_work_m_v1,0,1610,10,652,0
2,121,67,0.42665739638362887,-0.49569038216149242,0.64477310358183348,1.5674440068853217,-0.061053997330503318,-3.0867060434895484,30,0.000000000000000000e+00,zone_bc_work_m_v1,0,1610,10,652,0
2,121,68,0.4566891692977042,-0.49573865319196631,0.64291274431320244,1.5665848878890622,-0.065848380587675726,-3.0776766071879056,30,0.000000000000000000e+00,zone_bc_work_m_v1,0,1610,10,652,0
2,121,69,0.48667473480177148,-0.49580061692341987,0.64092452338363948,1.5658152792223183,-0.072022182651237721,-3.0724825837746415,30,0.000000000000000000e+00,zone_bc_work_m_v1,0,1610,10,652,0
2,121,70,0.51671774864647402,-0.49596857413097967,0.63864086554070854,1.5634846943256369,-0.08874467113172213,-3.0592798072526639,30,0.000000000000000000e+00,zone_bc_work_m_v1,0,1610,10,652,0
2,121,71,0.53417014467538393,-0.49606085231496905,0.63712730353490987,1.561803508988143,-0.097902229208202129,-3.0498464756782879,30,0.000000000000000000e+00,zone_bc_work_m_v1,0,1610,10,652,0
2,121,72,0.53543129235338149,-0.46552682943684703,0.63906122296777279,1.5673977466586226,-0.04463832740581819,-3.0655778994841585,10,0.000000000000000000e+00,zone_bc_work_m_v1,0,1610,10,652,0
2,121,73,0.50539116960249997,-0.46523604770483556,0.64114213955865662,1.5697827436764979,-0.015642146611156038,-3.0768822528720223,30,0.000000000000000000e+00,zone_bc_work_m_v1,0,1610,10,652,0
2,121,74,0.47542682953465065,-0.46530471965308512,0.64307734018326546,1.5693989227984058,-0.02250006608243682,-3.0795604000629315,30,0.000000000000000000e+00,zone_bc_work_m_v1,0,1610,10,652,0
2,121,75,0.44542793224880284,-0.46534681006526613,0.64486795202084279,1.5692779723851036,-0.026710624253006854,-3.0848023936848996,30,0.000000000000000000e+00,zone_bc_work_m_v1,0,1610,10,652,0
2,121,76,0.41540848511298445,-0.46537174770178974,0.64649180789140048,1.5693217262022141,-0.02921129153377322,-3.0911477698443415,30,0.000000000000000000e+00,zone_bc_work_m_v1,0,1610,10,652,0
2,121,77,0.38536638328248007,-0.46536746195274387,0.64789450574482033,1.5695591869074323,-0.028793162796412641,-3.0986466698544772,30,0.000000000000000000e+00,zone_bc_work_m_v1,0,1610,10,652,0
2,121,78,0.35535479097865386,-0.46535927574473795,0.64909910537632276,1.5696945936524935,-0.02797909222573991,-3.102230825381695,30,0.000000000000000000e+00,zone_bc_work_m_v1,0,1610,10,652,0
2,121,79,0.32536824534515985,-0.46537070926565577,0.65028942675290557,1.5696791771256202,-0.029123175971041304,-3.1032465481204174,30,0.000000000000000000e+00,zone_bc_work_m_v1,0,1610,10,652,0
2,121,80,0.29537297107537541,-0.46538806731839966,0.6514602227687416,1.5696686336704353,-0.030860585839079357,-3.1050615631383272,30,0.000000000000000000e+00,zone_bc_work_m_v1,0,1610,10,652,0
2,121,81,0.26531602781193087,-0.46542898845412106,0.65245831359092388,1.5697764479204344,-0.034960645339255692,-3.112422778025576,30,0.000000000000000000e+00,zone_bc_work_m_v1,0,1610,10,652,0
2,121,82,0.23526824869229035,-0.4654252879188448,0.65323417642170523,1.5699876068261156,-0.034595787216673335,-3.1182159882061899,30,0.000000000000000000e+00,zone_bc_work_m_v1,0,1610,10,652,0
2,121,83,0.20519179976654756,-0.46537001954748586,0.65382762786120641,1.570356870342799,-0.029072267339695701,-3.1264756726766931,30,0.000000000000000000e+00,zone_bc_work_m_v1,0,1610,10,652,0
2,121,84,0.17514524973809009,-0.46531340873932597,0.65417155582762432,1.5705563552594555,-0.023411319520490803,-3.1313418406840308,30,0.000000000000000000e+00,zone_bc_work_m_v1,0,1610,10,652,0
2,121,85,0.14513351672220121,-0.46530537808978795,0.65444445588664424,1.5705939440750925,-0.02260836585171222,-3.1326404560309173,30,0.000000000000000000e+00,zone_bc_work_m_v1,0,1610,10,652,0
2,121,86,0.11512951483908673,-0.46531100634869921,0.65470751739240396,1.5706008532198497,-0.02317142055564303,-3.1331561215171182,30,0.000000000000000000e+00,zone_bc_work_m_v1,0,1610,10,652,0
2,121,87,0.085125512928997171,-0.46531663449727084,0.65497057307230599,1.5706083434658114,-0.023734470307116284,-3.1336718090297726,30,0.000000000000000000e+00,zone_bc_work_m_v1,0,1610,10,652,0
2,121,88,0.055121510996438916,-0.4653222625305834,0.65523362292642406,1.5706164148534398,-0.024297514342906057,-3.1341875192372601,30,0.000000000000000000e+00,zone_bc_work_m_v1,0,1610,10,652,0
2,121,89,0.025117509045918363,-0.46532789044371775,0.65549666695484177,1.5706250674233768,-0.024860551899716699,-3.1347032528080057,30,0.000000000000000000e+00,zone_bc_work_m_v1,0,1610,10,652,0
2,121,90,0.0037102008791767283,-0.43532764491347692,0.65632098904427727,1.5706246778065216,-0.024835988020746935,-3.1346807520503317,10,0.000000000000000000e+00,zone_bc_work_m_v1,0,1610,10,652,0
2,121,91,0.033712365361722174,-0.43532402263275705,0.65605790934084485,1.5706190584219064,-0.024473600988623723,-3.1343488086299196,30,0.000000000000000000e+00,zone_bc_work_m_v1,0,1610,10,652,0
2,121,92,0.063714529837410883,-0.43532040030161495,0.65579482722407512,1.5706136798025816,-0.02411121117362991,-3.1340168749745492,30,0.000000000000000000e+00,zone_bc_work_m_v1,0,1610,10,652,0
2,121,93,0.093716694305040482,-0.43531677792136231,0.65553174269394443,1.5706085419376872,-0.023748818779293135,-3.1336849509059941,30,0.000000000000000000e+00,zone_bc_work_m_v1,0,1610,10,652,0
2,121,94,0.12371885876341016,-0.43531315549331057,0.65526865575043081,1.570603644816394,-0.023386424009126161,-3.1333530362460342,30,0.000000000000000000e+00,zone_bc_work_m_v1,0,1610,10,652,0
2,121,95,0.15372102321131775,-0.43530953301877146,0.65500556639351404,1.5705989884279039,-0.02302402706663198,-3.1330211308164562,30,0.000000000000000000e+00,zone_bc_work_m_v1,0,1610,10,652,0
2,121,96,0.18372318764756201,-0.43530591049905665,0.65474247462317559,1.5705945727614501,-0.022661628155300484,-3.1326892344390553,30,0.000000000000000000e+00,zone_bc_work_m_v1,0,1610,10,652,0
2,121,97,0.21372535207094123,-0.43530228793547782,0.65447938043939891,1.5705903978062965,-0.022299227478609795,-3.1323573469356356,30,0.000000000000000000e+00,zone_bc_work_m_v1,0,1610,10,652,0
2,121,98,0.24385232810738544,-0.43542339189395962,0.65409875642653659,1.5700319271767382,-0.034407032430230133,-3.1193755439655417,30,0.000000000000000000e+00,zone_bc_work_m_v1,0,1610,10,652,0
2,121,99,0.2739907965737105,-0.43537953201682489,0.65316636599006861,1.569668869273015,-0.030006082213707597,-3.1040303749038798,30,0.000000000000000000e+00,zone_bc_work_m_v1,0,1610,10,652,0
2,121,100,0.30397275521447908,-0.4353732574473948,0.65197608812357821,1.5696760578973872,-0.029378170523907121,-3.1034729289078622,30,0.000000000000000000e+00,zone_bc_work_m_v1,0,1610,10,652,0
2,121,101,0.33395471373951224,-0.43536698280373426,0.65078580320517176,1.5696839465069778,-0.028750280540460027,-3.1029154937378678,30,0.000000000000000000e+00,zone_bc_work_m_v1,0,1610,10,652,0
2,121,102,0.3639366721429047,-0.43536070809248456,0.6495955112348808,1.5696925350249065,-0.028122413264493717,-3.1023580684900822,30,0.000000000000000000e+00,zone_bc_work_m_v1,0,1610,10,652,0
2,121,103,0.39394728111859267,-0.43536693960369738,0.64839990389139424,1.5695690301900767,-0.028741279812281917,-3.0989111598370647,30,0.000000000000000000e+00,zone_bc_work_m_v1,0,1610,10,652,0
2,121,104,0.42403914174204416,-0.43535320363044938,0.64690594633308396,1.569273943124178,-0.027350999857516101,-3.0859820792456345,30,0.000000000000000000e+00,zone_bc_work_m_v1,0,1610,10,652,0
2,121,105,0.45407958597715181,-0.43527106179567981,0.64509480823700727,1.569548472255758,-0.01913625377893613,-3.0764719237205238,30,0.000000000000000000e+00,zone_bc_work_m_v1,0,1610,10,652,0
2,121,106,0.48408994501315505,-0.4351217665316266,0.64301837430782083,1.5704851542773164,-0.004234785234962235,-3.0682441360270718,30,0.000000000000000000e+00,zone_bc_work_m_v1,0,1610,10,652,0
2,121,107,0.5140268018812475,-0.43506273411312507,0.64066368913170313,1.570922603923731,0.0016522345664284899,-3.0653128231583029,30,0.000000000000000000e+00,zone_bc_work_m_v1,0,1610,10,652,0
2,121,108,0.5366754176479851,-0.43501808252172391,0.63888197147044534,1.5712764334576277,0.0061033959500704782,-3.0630915917291683,30,0.000000000000000000e+00,zone_bc_work_m_v1,0,1610,10,652,0
2,121,109,0.53788411007011594,-0.40501808252172389,0.6386026570810398,1.5712764334576277,0.0061033959500704782,-3.0630915917291683,10,0.000000000000000000e+00,zone_bc_work_m_v1,0,1610,10,652,0
2,121,110,0.50796233415229408,-0.40504667033335495,0.64095646546344121,1.5710476181824382,0.0032537467763105177,-3.0645141326068752,30,0.000000000000000000e+00,zone_bc_work_m_v1,0,1610,10,652,0
2,121,111,0.47804055649350929,-0.40507526170352492,0.64331017175354499,1.570826885350735,0.00040313676805414644,-3.0659353807448797,30,0.000000000000000000e+00,zone_bc_work_m_v1,0,1610,10,652,0
2,121,112,0.44811877731130156,-0.40510385619307682,0.64566377593312629,1.5706142301156318,-0.0024483958589696098,-3.0673553862767577,30,0.000000000000000000e+00,zone_bc_work_m_v1,0,1610,10,652,0
2,121,113,0.41818774066685016,-0.40514831567502058,0.64801209222696943,1.570300332889194,-0.0068833120215452404,-3.0696589594828794,30,0.000000000000000000e+00,zone_bc_work_m_v1,0,1610,10,652,0
2,121,114,0.3878923926192499,-0.40528375872200811,0.64948338551101814,1.5700061478988727,-0.020431561209263815,-3.1029347976086594,30,0.000000000000000000e+00,zone_bc_work_m_v1,0,1610,10,652,0
2,121,115,0.35789643207016097,-0.40512132631407038,0.65067638018863938,1.5706422140765035,-0.0041993531893940172,-3.1049098519567409,30,0.000000000000000000e+00,zone_bc_work_m_v1,0,1610,10,652,0
2,121,116,0.32787027633591781,-0.40504191611397661,0.65169323672802981,1.5709172268245961,0.0037369057455702848,-3.1092508811590216,30,0.000000000000000000e+00,zone_bc_work_m_v1,0,1610,10,652,0
2,121,117,0.29784175507359301,-0.40496897685800309,0.65269575130020685,1.5711031942773723,0.011028733486831088,-3.1137749033829052,30,0.000000000000000000e+00,zone_bc_work_m_v1,0,1610,10,652,0
2,121,118,0.26781322896686333,-0.40489603680086311,0.65369752884526311,1.5712232164433448,0.018322837969213301,-3.1182973357499106,30,0.000000000000000000e+00,zone_bc_work_m_v1,0,1610,10,652,0
2,121,119,0.23771361806576197,-0.40486335211335484,0.65433474397677982,1.5710646522261065,0.021595264500422706,-3.1291671292738661,30,0.000000000000000000e+00,zone_bc_work_m_v1,0,1610,10,652,0
2,121,120,0.20765795087580807,-0.40486628575137051,0.65456959234388401,1.5709404129333069,0.021303012674727784,-3.1348285943117191,30,0.000000000000000000e+00,zone_bc_work_m_v1,0,1610,10,652,0
2,121,121,0.17764141332751349,-0.40486720740509979,0.65479618534104123,1.5709028836092693,0.021211046058908112,-3.1365686718184627,30,0.000000000000000000e+00,zone_bc_work_m_v1,0,1610,10,652,0
2,121,122,0.14762487553408765,-0.40486812970541164,0.65502274800985916,1.5708656745879548,0.021118949135388698,-3.1383087449701286,30,0.000000000000000000e+00,zone_bc_work_m_v1,0,1610,10,652,0
2,121,123,0.11760833757467237,-0.40486905264811812,0.65524928034950436,1.5708287863755528,0.021026723158394489,-3.1400488111845144,30,0.000000000000000000e+00,zone_bc_work_m_v1,0,1610,10,652,0
2,121,124,0.087591799528411896,-0.40486997622902521,0.65547578235941928,1.5707922194724364,0.020934369384489004,3.141396439299732,30,0.000000000000000000e+00,zone_bc_work_m_v1,0,1610,10,652,0
2,121,125,0.057575261474452244,-0.40487090044393304,0.65570225403932236,1.5707559743731463,0.020841889072543252,3.1396563947047542,30,0.000000000000000000e+00,zone_bc_work_m_v1,0,1610,10,652,0
2,121,126,0.027558723491939441,-0.40487182528863619,0.65592869538920839,1.5707200515663815,0.020749283483704195,3.1379163647909745,30,0.000000000000000000e+00,zone_bc_work_m_v1,0,1610,10,652,0
2,121,127,0.12119026083340301,-0.3748677290972825,0.65460724446904428,1.5708817940362518,0.021158960154250117,-3.1375530810563292,10,1.000000000000000000e+00,zone_bc_work_m_v1,0,1610,10,652,0
2,121,128,0.15121009987667855,-0.37486663213640514,0.65438064528785556,1.5709262676522942,0.021268456640272326,-3.1354827115211812,30,0.000000000000000000e+00,zone_bc_work_m_v1,0,1610,10,652,0
2,121,129,0.18123164963969529,-0.37486544872413857,0.65415232050522087,1.5709749556010966,0.021386475800377669,-3.1332397920550621,30,0.000000000000000000e+00,zone_bc_work_m_v1,0,1610,10,652,0
2,121,130,0.21128342571593905,-0.37486272559220046,0.6538941029381995,1.5710918170705632,0.021657582561018573,-3.1279487001556285,30,0.000000000000000000e+00,zone_bc_work_m_v1,0,1610,10,652,0
2,121,131,0.24133519810330273,-0.37486000873760666,0.65363560503325491,1.5712115428145701,0.021927417683196282,-3.1226574695352882,30,0.000000000000000000e+00,zone_bc_work_m_v1,0,1610,10,652,0
2,121,132,0.27136561354765676,-0.37485649722277953,0.65292280563281091,1.5713097248234105,0.022276671024914485,-3.1185483823412365,30,0.000000000000000000e+00,zone_bc_work_m_v1,0,1610,10,652,0
2,121,133,0.30138240380523085,-0.37485247822625811,0.65192019454365235,1.5713950618139947,0.022676685017218867,-3.1151934113933528,30,0.000000000000000000e+00,zone_bc_work_m_v1,0,1610,10,652,0
2,121,134,0.33139919122019768,-0.37484846218802176,0.65091746948159701,1.5714830823398795,0.023076080519998987,-3.1118382977830006,30,0.000000000000000000e+00,zone_bc_work_m_v1,0,1610,10,652,0
2,121,135,0.36141597521920343,-0.37484444917677984,0.64991463046406894,1.5715737817342972,0.023474837260806236,-3.1084830581364034,30,0.000000000000000000e+00,zone_bc_work_m_v1,0,1610,10,652,0
2,121,136,0.39145201560253451,-0.37483718369506314,0.64888959184290296,1.5717275530489032,0.024196550973013098,-3.1031219680296478,30,0.000000000000000000e+00,zone_bc_work_m_v1,0,1610,10,652,0
2,121,137,0.42165897026141019,-0.37489881844101397,0.64745449020792445,1.5719271360651057,0.018014145943171522,-3.0788980990074473,30,0.000000000000000000e+00,zone_bc_work_m_v1,0,1610,10,652,0
2,121,138,0.45164522800878326,-0.37494353436225514,0.64520096671404614,1.5717442031642532,0.013544319350434986,-3.0717211052868905,30,0.000000000000000000e+00,zone_bc_work_m_v1,0,1610,10,652,0
2,121,139,0.48158234411022582,-0.37496905928032076,0.64284660321576237,1.5715984813112773,0.010995539276810629,-3.0687674629462616,30,0.000000000000000000e+00,zone_bc_work_m_v1,0,1610,10,652,0
2,121,140,0.51151945386336672,-0.37499458038091682,0.64049208721645179,1.5714377482929704,0.0084482128703464721,-3.0658132020360309,30,0.000000000000000000e+00,zone_bc_work_m_v1,0,1610,10,652,0
2,121,141,0.53909280249224634,-0.37501808252172386,0.63832334269163438,1.5712764334576277,0.0061033959500704782,-3.0630915917291683,30,0.000000000000000000e+00,zone_bc_work_m_v1,0,1610,10,652,0
2,121,142,0.54030149491437696,-0.34501808252172383,0.63804402830222884,1.5712764334576277,0.0061033959500704782,-3.0630915917291683,10,0.000000000000000000e+00,zone_bc_work_m_v1,0,1610,10,652,0
2,121,143,0.51035614766288484,-0.34498543212018579,0.64039924065480469,1.5714970929848542,0.0093611977228120757,-3.0668723133729463,30,0.000000000000000000e+00,zone_bc_work_m_v1,0,1610,10,652,0
2,121,144,0.48041078930790815,-0.34495277485424991,0.64275420338490741,1.5716931854520659,0.012621493165210662,-3.0706519457528083,30,0.000000000000000000e+00,zone_bc_work_m_v1,0,1610,10,652,0
2,121,145,0.45045749380060029,-0.34491823222327467,0.64507164084632684,1.5718686306676015,0.016072209756538225,-3.0749706111982804,30,0.000000000000000000e+00,zone_bc_work_m_v1,0,1610,10,652,0
2,121,146,0.42037155255276204,-0.34485224399069109,0.64676439463622415,1.5720053620016696,0.0226758126662987,-3.0883202355153214,30,0.000000000000000000e+00,zone_bc_work_m_v1,0,1610,10,652,0
2,121,147,0.39030172475758018,-0.3448302819780964,0.64815769995031036,1.571865434059919,0.024881887308566997,-3.0986473342872931,30,0.000000000000000000e+00,zone_bc_work_m_v1,0,1610,10,652,0
2,121,148,0.36024879304820812,-0.34484161812107755,0.64929832152682376,1.5716394198180457,0.023755937049661391,-3.1061144180940445,30,0.000000000000000000e+00,zone_bc_work_m_v1,0,1610,10,652,0
2,121,149,0.3302248256878495,-0.34484648943111346,0.65030148933101173,1.5715273261607852,0.023272148486522148,-3.1101892294755382,30,0.000000000000000000e+00,zone_bc_work_m_v1,0,1610,10,652,0
2,121,150,0.30020085287388532,-0.34485136525528393,0.65130448908189498,1.5714191799671275,0.022787403169567622,-3.1142638670347966,30,0.000000000000000000e+00,zone_bc_work_m_v1,0,1610,10,652,0
2,121,151,0.2701768756331826,-0.34485624547059329,0.65230732074558107,1.5713149897191139,0.022301737380238995,-3.1183383009791203,30,0.000000000000000000e+00,zone_bc_work_m_v1,0,1610,10,652,0
2,121,152,0.24015018553542222,-0.34485966478514846,0.65297819159075055,1.5712269238363628,0.02196153123618183,-3.1219867117188094,30,0.000000000000000000e+00,zone_bc_work_m_v1,0,1610,10,652,0
2,121,153,0.2101201239803745,-0.34486126495638114,0.65323636644990368,1.571155794265505,0.021802733382537243,-3.1251055743345928,30,0.000000000000000000e+00,zone_bc_work_m_v1,0,1610,10,652,0
2,121,154,0.18009006072841638,-0.34486286732993637,0.65349444391627931,1.5710856570104461,0.021643487355172963,-3.1282244023396775,30,0.000000000000000000e+00,zone_bc_work_m_v1,0,1610,10,652,0
2,121,155,0.15005999623507638,-0.34486447188239966,0.65375242398238897,1.571016515187535,0.021483800129436625,-3.1313431808301,30,0.000000000000000000e+00,zone_bc_work_m_v1,0,1610,10,652,0
2,121,156,0.12003154981452124,-0.34486600186578431,0.65400093061345077,1.5709520424408385,0.021331326622710423,-3.1342923720265263,30,0.000000000000000000e+00,zone_bc_work_m_v1,0,1610,10,652,0
2,121,157,0.11892422093568911,-0.31486406214434026,0.65335222866687059,1.5710340675756658,0.021524598879557821,-3.1305471759807375,10,0.000000000000000000e+00,zone_bc_work_m_v1,0,1610,10,652,0
2,121,158,0.14894521282247997,-0.31486292478687633,0.65309435821575212,1.5710831623021226,0.021637773010671602,-3.1283361555781131,30,0.000000000000000000e+00,zone_bc_work_m_v1,0,1610,10,652,0
2,121,159,0.17896620409356689,-0.31486178852409086,0.65283643881197695,1.5711327573805312,0.021750725524815495,-3.1261251100214018,30,0.000000000000000000e+00,zone_bc_work_m_v1,0,1610,10,652,0
2,121,160,0.20898719458663928,-0.31486065336433078,0.65257847045802886,1.5711828517042652,0.021863453934952704,-3.1239140446206339,30,0.000000000000000000e+00,zone_bc_work_m_v1,0,1610,10,652,0
2,121,161,0.23900818413939939,-0.31485951931592659,0.65232045315711129,1.5712334441520537,0.02197595576062028,-3.121702964687127,30,0.000000000000000000e+00,zone_bc_work_m_v1,0,1610,10,652,0
2,121,162,0.26903621874231098,-0.31485584658576715,0.65169023794058167,1.5713233536669342,0.022341450875111413,-3.1180054201774201,30,0.000000000000000000e+00,zone_bc_work_m_v1,0,1610,10,652,0
2,121,163,0.29907130622982825,-0.31484963541056898,0.65068704851811565,1.5714570844925309,0.022959437718538478,-3.1128187143040895,30,0.000000000000000000e+00,zone_bc_work_m_v1,0,1610,10,652,0
2,121,164,0.32910638595377795,-0.31484343142175747,0.64968358673536375,1.5715972209420652,0.023575912109834674,-3.1076316955993226,30,0.000000000000000000e+00,zone_bc_work_m_v1,0,1610,10,652,0
2,121,165,0.35913761443725356,-0.31483620590000672,0.64858539937988757,1.5717467066477147,0.024293689808880137,-3.1024882971050953,30,0.000000000000000000e+00,zone_bc_work_m_v1,0,1610,10,652,0
2,121,166,0.38916632905315507,-0.31482831780391268,0.64742538381905956,1.5719058186383514,0.025076792220973587,-3.0973730718317616,30,0.000000000000000000e+00,zone_bc_work_m_v1,0,1610,10,652,0
2,121,167,0.41919856195476335,-0.31483913062517915,0.64606822324114177,1.5720115533195957,0.023988956044992182,-3.0909732988839846,30,0.000000000000000000e+00,zone_bc_work_m_v1,0,1610,10,652,0
2,121,168,0.44923671845032476,-0.31488146271230583,0.64437841587535027,1.5719665413201711,0.019750851241165268,-3.0824091569089824,30,0.000000000000000000e+00,zone_bc_work_m_v1,0,1610,10,652,0
2,121,169,0.47927144265187382,-0.31492392238917571,0.64265887128717158,1.5718459539571437,0.015503361955796713,-3.0739898930886729,30,0.000000000000000000e+00,zone_bc_work_m_v1,0,1610,10,652,0
2,121,170,0.50923145359040167,-0.31496925499629397,0.64030321918589705,1.5715973058819448,0.010976000219470539,-3.0687448115529015,30,0.000000000000000000e+00,zone_bc_work_m_v1,0,1610,10,652,0
2,121,171,0.53919144449071865,-0.31501457554937512,0.63794708611399764,1.5713013141515642,0.0064532258352754113,-3.0634977774285161,30,0.000000000000000000e+00,zone_bc_work_m_v1,0,1610,10,652,0
2,121,172,0.54151018733650758,-0.31501808252172381,0.6377647139128233,1.5712764334576277,0.0061033959500704782,-3.0630915917291683,30,0.000000000000000000e+00,zone_bc_work_m_v1,0,1610,10,652,0
2,121,173,0.5427188797586382,-0.28501808252172378,0.63748539952341787,1.5712764334576277,0.0061033959500704782,-3.0630915917291683,10,0.000000000000000000e+00,zone_bc_work_m_v1,0,1610,10,652,0
2,121,174,0.5127256801211475,-0.2849440289045102,0.63984360294543774,1.5717415226514493,0.013494927164646286,-3.0716638880069445,30,0.000000000000000000e+00,zone_bc_work_m_v1,0,1610,10,652,0
2,121,175,0.48271679193288941,-0.28490008241535769,0.64173221021175786,1.5719237905473959,0.017887688603301477,-3.0786423960430889,30,0.000000000000000000e+00,zone_bc_work_m_v1,0,1610,10,652,0
2,121,176,0.45270123563485098,-0.28486892251505913,0.64342140586645291,1.5719874330466297,0.021006026762183438,-3.0849460520909595,30,0.000000000000000000e+00,zone_bc_work_m_v1,0,1610,10,652,0
2,121,177,0.42268565707592054,-0.28483776185536791,0.64511010722029982,1.5720117983386475,0.02412603500874777,-3.0912502340226204,30,0.000000000000000000e+00,zone_bc_work_m_v1,0,1610,10,652,0
2,121,178,0.39267025897363528,-0.28482649237940022,0.6465138968322045,1.5719438054789376,0.025257873214217019,-3.0961884947124014,30,0.000000000000000000e+00,zone_bc_work_m_v1,0,1610,10,652,0
2,121,179,0.36265502224287638,-0.28483229656757997,0.64767337084007792,1.5718245399822171,0.024681916051584762,-3.0999539254601562,30,0.000000000000000000e+00,zone_bc_work_m_v1,0,1610,10,652,0
2,121,180,0.33263977963108116,-0.28483810525224534,0.64883270010288985,1.5717096160183464,0.024104985964183312,-3.1037191128416519,30,0.000000000000000000e+00,zone_bc_work_m_v1,0,1610,10,652,0
2,121,181,0.30260471993680715,-0.2848452871863153,0.64991378968518987,1.5715546147653769,0.023391596221717714,-3.1091839312922369,30,0.000000000000000000e+00,zone_bc_work_m_v1,0,1610,10,652,0
2,121,182,0.27255018280153887,-0.28485382540608323,0.65091773349727244,1.5713661504043257,0.022542634556583563,-3.1163182968948595,30,0.000000000000000000e+00,zone_bc_work_m_v1,0,1610,10,652,0
2,121,183,0.24251106266718714,-0.28485930356521538,0.65162281438589609,1.5712431312670923,0.021997345717845285,-3.1212820625772251,30,0.000000000000000000e+00,zone_bc_work_m_v1,0,1610,10,652,0
2,121,184,0.21249505463735829,-0.28486018168627025,0.65188074401219709,1.5712038278442977,0.021910260379433888,-3.1229946687566663,30,0.000000000000000000e+00,zone_bc_work_m_v1,0,1610,10,652,0
2,121,185,0.18247904600291864,-0.28486106047614279,0.65213864427437085,1.5711648229819579,0.021823038487162272,-3.1247072675425311,30,0.000000000000000000e+00,zone_bc_work_m_v1,0,1610,10,652,0
2,121,186,0.15246303683928164,-0.28486193993096609,0.65239651517075226,1.5711261172046984,0.021735681192029954,-3.1264198564664336,30,0.000000000000000000e+00,zone_bc_work_m_v1,0,1610,10,652,0
2,121,187,0.12244702722186629,-0.28486282004686708,0.65265435669993477,1.571087711031883,0.021648189647426319,-3.1281324330604359,30,0.000000000000000000e+00,zone_bc_work_m_v1,0,1610,10,652,0
2,121,188,0.11664100226118923,-0.25486225861958428,0.65203662817269403,1.5711121724328136,0.021704008513255824,-3.1270401275622315,10,0.000000000000000000e+00,zone_bc_work_m_v1,0,1610,10,652,0
2,121,189,0.1466538629677665,-0.25486154071240802,0.65177882214743044,1.5711436465375124,0.021775344593051971,-3.1256426074969514,30,0.000000000000000000e+00,zone_bc_work_m_v1,0,1610,10,652,0
2,121,190,0.17666672334937727,-0.25486082324661813,0.65152099656679041,1.5711753199939875,0.021846590926590803,-3.1242450799669332,30,0.000000000000000000e+00,zone_bc_work_m_v1,0,1610,10,652,0
2,121,191,0.206679583365039,-0.25486010622431787,0.65126315143158953,1.571207192518981,0.021917746887589296,-3.1228475463133418,30,0.000000000000000000e+00,zone_bc_work_m_v1,0,1610,10,652,0
2,121,192,0.23669244297377356,-0.25485938964760807,0.65100528674275704,1.5712392638269042,0.021988811850827794,-3.1214500078775385,30,0.000000000000000000e+00,zone_bc_work_m_v1,0,1610,10,652,0
2,121,193,0.26673821214633953,-0.25485362354601149,0.65045669633432268,1.5713704627888354,0.022562722843644689,-3.1161497638274396,30,0.000000000000000000e+00,zone_bc_work_m_v1,0,1610,10,652,0
2,121,194,0.29682882153869827,-0.2548406396864889,0.6494396506118596,1.5716608612856315,0.023853102315094521,-3.1053609587873119,30,0.000000000000000000e+00,zone_bc_work_m_v1,0,1610,10,652,0
2,121,195,0.32683621798045404,-0.25483604196517823,0.64828072498997413,1.5717499301885081,0.024309974468034623,-3.1023820486884697,30,0.000000000000000000e+00,zone_bc_work_m_v1,0,1610,10,652,0
2,121,196,0.35684361107058438,-0.25483144700768201,0.64712170874348995,1.5718417200975252,0.024766252466732253,-3.0994029776261365,30,0.000000000000000000e+00,zone_bc_work_m_v1,0,1610,10,652,0
2,121,197,0.38685100040433906,-0.2548268548765486,0.64596260188999988,1.5719362270709194,0.025221918036187674,-3.0964237561722543,30,0.000000000000000000e+00,zone_bc_work_m_v1,0,1610,10,652,0
2,121,198,0.41685719433342294,-0.25482930887900573,0.64467609014654925,1.5720116306359821,0.024972632503575953,-3.0929605193647287,30,0.000000000000000000e+00,zone_bc_work_m_v1,0,1610,10,652,0
2,121,199,0.44685962542356417,-0.25485396301292923,0.64298809260372758,1.5720040343812338,0.022503691579860874,-3.0879724574569458,30,0.000000000000000000e+00,zone_bc_work_m_v1,0,1610,10,652,0
2,121,200,0.47686204398394505,-0.25487861736674194,0.64129978556903522,1.5719718394494304,0.020035624251471207,-3.082984770133284,30,0.000000000000000000e+00,zone_bc_work_m_v1,0,1610,10,652,0
2,121,201,0.50686444769825889,-0.25490327079458808,0.63961116914437732,1.5719150645639233,0.017568713760484744,-3.0779973826217897,30,0.000000000000000000e+00,zone_bc_work_m_v1,0,1610,10,652,0
2,121,202,0.53690049980127186,-0.25497092945442607,0.63775829261453532,1.5715872132996411,0.01080883538502686,-3.0685510138275021,30,0.000000000000000000e+00,zone_bc_work_m_v1,0,1610,10,652,0
2,121,203,0.54392757218076881,-0.25501808252172375,0.63720608513401233,1.5712764334576277,0.0061033959500704782,-3.0630915917291683,30,0.000000000000000000e+00,zone_bc_work_m_v1,0,1610,10,652,0
2,121,204,0.54497953558862,-0.22451292638137982,0.63628398619167337,1.574732749743474,0.056531410118756842,-3.0720350961288152,10,0.000000000000000000e+00,zone_bc_work_m_v1,0,1610,10,652,0
2,121,205,0.51498770210104006,-0.22466635994096695,0.63837749148494016,1.5733967093867043,0.041224327925823978,-3.0785793405457889,30,0.000000000000000000e+00,zone_bc_work_m_v1,0,1610,10,652,0
2,121,206,0.48499091818648576,-0.22471288589494065,0.64007572636998988,1.5729389472365436,0.036587422442112549,-3.0830846823327707,30,0.000000000000000000e+00,zone_bc_work_m_v1,0,1610,10,652,0
2,121,207,0.45499402400614875,-0.22475732340395196,0.64176578848848564,1.5725357065228314,0.032156697631740894,-3.0875452189085948,30,0.000000000000000000e+00,zone_bc_work_m_v1,0,1610,10,652,0
2,121,208,0.42499711963290854,-0.22480178434388895,0.64345545570219909,1.5721720312847383,0.02772148723590151,-3.0920010331147152,30,0.000000000000000000e+00,zone_bc_work_m_v1,0,1610,10,652,0
2,121,209,0.39499746145643755,-0.22482532460913832,0.64487183785465652,1.5719683366162707,0.02537368673760998,-3.0954305235905268,30,0.000000000000000000e+00,zone_bc_work_m_v1,0,1610,10,652,0
2,121,210,0.36499520975463273,-0.22482912253411516,0.64603073187883342,1.5718892115465692,0.024996946352693561,-3.0978951865849567,30,0.000000000000000000e+00,zone_bc_work_m_v1,0,1610,10,652,0
2,121,211,0.33499295534190288,-0.22483292241502062,0.6471895639008397,1.5718119445588097,0.024619780516366152,-3.1003597503217946,30,0.000000000000000000e+00,zone_bc_work_m_v1,0,1610,10,652,0
2,121,212,0.3049906984473687,-0.22483672421646803,0.64834833390988733,1.5717365379323269,0.024242199564666889,-3.1028242088096372,30,0.000000000000000000e+00,zone_bc_work_m_v1,0,1610,10,652,0
2,121,213,0.27498843930019534,-0.22484052790303494,0.64950704189634445,1.5716629938798856,0.023864213848273641,-3.1052885560654699,30,0.000000000000000000e+00,zone_bc_work_m_v1,0,1610,10,652,0
2,121,214,0.24484318111203818,-0.22485916737739275,0.65026773763573498,1.5712492562518845,0.022010845443093618,-3.1210163365455861,30,0.000000000000000000e+00,zone_bc_work_m_v1,0,1610,10,652,0
2,121,215,0.21483249164261342,-0.2248597724631865,0.65052556409833229,1.5712221032253613,0.021950852782922858,-3.1221967213813686,30,0.000000000000000000e+00,zone_bc_work_m_v1,0,1610,10,652,0
2,121,216,0.18482180186928265,-0.22486037786755131,0.65078337661216401,1.5711950919105,0.021890794999625429,-3.1233771032512978,30,0.000000000000000000e+00,zone_bc_work_m_v1,0,1610,10,652,0
2,121,217,0.15481111181673657,-0.2248609835892223,0.65104117517663207,1.571168222480138,0.021830672469564494,-3.1245574813470998,30,0.000000000000000000e+00,zone_bc_work_m_v1,0,1610,10,652,0
2,121,218,0.12480042150966608,-0.22486158962693312,0.65129895979119723,1.5711414951059282,0.021770485569647446,-3.1257378548606023,30,0.000000000000000000e+00,zone_bc_work_m_v1,0,1610,10,652,0
2,121,219,0.32456977605494242,-0.19458095859230495,0.64680661831762687,1.572548684726256,0.04982447402713186,-3.1064219448324804,10,1.000000000000000000e+00,zone_bc_work_m_v1,0,1610,10,652,0
2,121,220,0.35459005709737879,-0.19466489871967393,0.64565117442592956,1.572429356007323,0.041420301144431626,-3.1021759521565437,30,0.000000000000000000e+00,zone_bc_work_m_v1,0,1610,10,652,0
2,121,221,0.38461033304247461,-0.19474886248129333,0.64449484344288299,1.5722386633558614,0.033018756217858103,-3.0979301116721434,30,0.000000000000000000e+00,zone_bc_work_m_v1,0,1610,10,652,0
2,121,222,0.41463926114667915,-0.19480702243813475,0.64327683074329522,1.5721318010263345,0.027198826979974999,-3.0925255507869771,30,0.000000000000000000e+00,zone_bc_work_m_v1,0,1610,10,652,0
2,121,223,0.44472884565405213,-0.19466707215857207,0.64155861416757043,1.5733909801830381,0.041153264882609397,-3.0786095833788827,30,0.000000000000000000e+00,zone_bc_work_m_v1,0,1610,10,652,0
2,121,224,0.47467558593325943,-0.1946214842739015,0.63947369241058416,1.5737664718317423,0.045701698683568326,-3.0766713798776371,30,0.000000000000000000e+00,zone_bc_work_m_v1,0,1610,10,652,0
2,121,225,0.50462232427516152,-0.19457591304427094,0.6373885256117241,1.5741596946819016,0.05024810011394365,-3.0747288234710815,30,0.000000000000000000e+00,zone_bc_work_m_v1,0,1610,10,652,0
2,121,226,0.53456905997655935,-0.19453036015185213,0.63530311389694238,1.5745706929497687,0.054792340946126172,-3.072781735438038,30,0.000000000000000000e+00,zone_bc_work_m_v1,0,1610,10,652,0
2,121,227,0.54603354418055106,-0.19451292638137979,0.63450469258799114,1.574732749743474,0.056531410118756842,-3.0720350961288152,30,0.000000000000000000e+00,zone_bc_work_m_v1,0,1610,10,652,0
2,121,228,0.54708755277248211,-0.16451292638137976,0.63272539898430902,1.574732749743474,0.056531410118756842,-3.0720350961288152,10,0.000000000000000000e+00,zone_bc_work_m_v1,0,1610,10,652,0
2,121,229,0.51713451200220928,-0.1644936373404427,0.63480772830577037,1.5747187224072465,0.058468992896283378,-3.0745695545931051,30,0.000000000000000000e+00,zone_bc_work_m_v1,0,1610,10,652,0
2,121,230,0.4871814666880383,-0.16447435102059568,0.63688995616417332,1.5746948560969152,0.06040680350044858,-3.0771046868571617,30,0.000000000000000000e+00,zone_bc_work_m_v1,0,1610,10,652,0
2,121,231,0.4572284172166825,-0.16445506771601021,0.63897208255082749,1.5746611434845845,0.062344782400153509,-3.0796405280495081,30,0.000000000000000000e+00,zone_bc_work_m_v1,0,1610,10,652,0
2,121,232,0.42727536397498356,-0.16443578772076606,0.64105410746013725,1.574617577394601,0.064282870013530058,-3.0821771133289846,30,0.000000000000000000e+00,zone_bc_work_m_v1,0,1610,10,652,0
2,121,233,0.39700996616972306,-0.16434116196330795,0.64229289419384838,1.5730088168818037,0.073848386964140422,-3.1116144422179941,30,0.000000000000000000e+00,zone_bc_work_m_v1,0,1610,10,652,0
2,121,234,0.36700104394611066,-0.16433902775446388,0.64323075362716775,1.5728398458723412,0.07406733520709663,-3.1139843717619486,30,0.000000000000000000e+00,zone_bc_work_m_v1,0,1610,10,652,0
2,121,235,0.33699212010929758,-0.16433689756598902,0.64416855719439814,1.5726698302882487,0.074285497335761397,-3.1163544604263014,30,0.000000000000000000e+00,zone_bc_work_m_v1,0,1610,10,652,0
2,121,236,0.32239529511423815,-0.13433664247518906,0.64238010414329594,1.5726493793348773,0.074311597019396824,-3.1166385909286873,10,0.000000000000000000e+00,zone_bc_work_m_v1,0,1610,10,652,0
2,121,237,0.35240837041341733,-0.13433914769104269,0.64144222114929428,1.5728493777691743,0.074055040809942296,-3.1138510657467129,30,0.000000000000000000e+00,zone_bc_work_m_v1,0,1610,10,652,0
2,121,238,0.38242755860688815,-0.13434249298296538,0.64051229794051512,1.5730888386250639,0.073712420625404951,-3.1104737121399211,30,0.000000000000000000e+00,zone_bc_work_m_v1,0,1610,10,652,0
2,121,239,0.4124917285229146,-0.1343520041097046,0.63964114107159253,1.5736201970743795,0.072739628998982786,-3.1027562110761058,30,0.000000000000000000e+00,zone_bc_work_m_v1,0,1610,10,652,0
2,121,240,0.44263259736221761,-0.13442315038493777,0.63818481595968501,1.5745020931830447,0.065558096354241258,-3.085085654836901,30,0.000000000000000000e+00,zone_bc_work_m_v1,0,1610,10,652,0
2,121,241,0.472618587498155,-0.13445384961671331,0.63619550371430866,1.5746586828863802,0.062467216943669079,-3.0798007524088704,30,0.000000000000000000e+00,zone_bc_work_m_v1,0,1610,10,652,0
2,121,242,0.50257709219119562,-0.13447728095850925,0.63411328307338855,1.5746991161958517,0.060112384210336378,-3.0767194854156301,30,0.000000000000000000e+00,zone_bc_work_m_v1,0,1610,10,652,0
2,121,243,0.53253559065951639,-0.13450071668627112,0.63203091261406208,1.574725013349803,0.057757813316446027,-3.0736392572543458,30,0.000000000000000000e+00,zone_bc_work_m_v1,0,1610,10,652,0
2,121,244,0.54814156136441339,-0.13451292638137974,0.6309461053806269,1.574732749743474,0.056531410118756842,-3.0720350961288152,30,0.000000000000000000e+00,zone_bc_work_m_v1,0,1610,10,652,0
2,121,245,0.54919556995634466,-0.10451292638137968,0.62916681177694467,1.574732749743474,0.056531410118756842,-3.0720350961288152,10,0.000000000000000000e+00,zone_bc_work_m_v1,0,1610,10,652,0
2,121,246,0.51922863097590266,-0.10448306612872964,0.63124943550850821,1.5747068602140672,0.059531084889862473,-3.0759589780540342,30,0.000000000000000000e+00,zone_bc_work_m_v1,0,1610,10,652,0
2,121,247,0.48926168161345496,-0.10445321278391326,0.63333181606046307,1.5746573807989255,0.062531227475795204,-3.0798845209633723,30,0.000000000000000000e+00,zone_bc_work_m_v1,0,1610,10,652,0
2,121,248,0.45925739429483214,-0.10441843627708133,0.63519426730891149,1.5744518435858255,0.066034079283156633,-3.0862506896578483,30,0.000000000000000000e+00,zone_bc_work_m_v1,0,1610,10,652,0
2,121,249,0.42918502493977884,-0.10437472036139232,0.63665532721475571,1.5739322937738665,0.070447206252709504,-3.0970699720187955,30,0.000000000000000000e+00,zone_bc_work_m_v1,0,1610,10,652,0
2,121,250,0.39913105139214244,-0.10434930237486036,0.63783129568197927,1.5734710309553896,0.073016333037846382,-3.1049448249290981,30,0.000000000000000000e+00,zone_bc_work_m_v1,0,1610,10,652,0
2,121,251,0.36909689472882934,-0.10434351228801421,0.63870164620434644,1.5731466192114656,0.073608344184278529,-3.1096449157216357,30,0.000000000000000000e+00,zone_bc_work_m_v1,0,1610,10,652,0
2,121,252,0.33907224338994801,-0.10433944632084598,0.6396144287976393,1.5728730924690346,0.074024423884723189,-3.1135192109897529,30,0.000000000000000000e+00,zone_bc_work_m_v1,0,1610,10,652,0
2,121,253,0.32037428254445932,-0.074339215656687177,0.63795418791039415,1.5728547773875174,0.074048073297668937,-3.1137755304091188,10,0.000000000000000000e+00,zone_bc_work_m_v1,0,1610,10,652,0
2,121,254,0.35039924145970702,-0.07434321615759458,0.63704648500205308,1.573129853400034,0.073638585138322776,-3.1098856564663491,30,0.000000000000000000e+00,zone_bc_work_m_v1,0,1610,10,652,0
2,121,255,0.38042025798801005,-0.074347376580809477,0.6361764950049672,1.5733638484483581,0.073213388892925391,-3.1065066137740809,30,0.000000000000000000e+00,zone_bc_work_m_v1,0,1610,10,652,0
2,121,256,0.41044127053925039,-0.074351544928607891,0.63530639058769223,1.5735949440285162,0.072786677471636363,-3.1031279821457676,30,0.000000000000000000e+00,zone_bc_work_m_v1,0,1610,10,652,0
2,121,257,0.44048055792462049,-0.074379329443495512,0.63392480278050289,1.5739916400502101,0.06998201576507812,-3.0959279124299068,30,0.000000000000000000e+00,zone_bc_work_m_v1,0,1610,10,652,0
2,121,258,0.47052261256500372,-0.07441075555233452,0.63246444650003075,1.57436756671536,0.066809572444499699,-3.0881495633997953,30,0.000000000000000000e+00,zone_bc_work_m_v1,0,1610,10,652,0
2,121,259,0.50054879716345657,-0.07444475097944056,0.63084009726854551,1.5746390582901344,0.063381801211577438,-3.0809977048842945,30,0.000000000000000000e+00,zone_bc_work_m_v1,0,1610,10,652,0
2,121,260,0.53053056938134913,-0.074485873120876317,0.62875749669196335,1.5747102983940038,0.059249051359139049,-3.0755900111363306,30,0.000000000000000000e+00,zone_bc_work_m_v1,0,1610,10,652,0
2,121,261,0.55024957854827572,-0.074512926381379671,0.62738751817326255,1.574732749743474,0.056531410118756842,-3.0720350961288152,30,0.000000000000000000e+00,zone_bc_work_m_v1,0,1610,10,652,0
2,121,262,0.551303587140207,-0.044512926381379651,0.62560822456958032,1.574732749743474,0.056531410118756842,-3.0720350961288152,10,0.000000000000000000e+00,zone_bc_work_m_v1,0,1610,10,652,0
2,121,263,0.52128902661162702,-0.044446858448760326,0.62769162579157123,1.5746437992953457,0.06316995234227063,-3.0807204372281642,30,0.000000000000000000e+00,zone_bc_work_m_v1,0,1610,10,652,0
2,121,264,0.49126604904177862,-0.044414187519908006,0.62927381631768431,1.5744055925193812,0.066463064697479757,-3.087300988149305,30,0.000000000000000000e+00,zone_bc_work_m_v1,0,1610,10,652,0
2,121,265,0.46124101262024397,-0.044389650658285554,0.63073392369920367,1.5741206245464789,0.068940208897513955,-3.0933716559145159,30,0.000000000000000000e+00,zone_bc_work_m_v1,0,1610,10,652,0
2,121,266,0.43121595880702968,-0.044365136101233799,0.63219360527506985,1.573805431313102,0.071414442298145531,-3.0994458649373122,30,0.000000000000000000e+00,zone_bc_work_m_v1,0,1610,10,652,0
2,121,267,0.40119623931717663,-0.044350574612136255,0.63337726252178594,1.5735414474852294,0.072886070277875081,-3.1039138590424504,30,0.000000000000000000e+00,zone_bc_work_m_v1,0,1610,10,652,0
2,121,268,0.37118260011065063,-0.044347321621956072,0.6342471523662061,1.573360779160337,0.073219010325766387,-3.1065512059773415,30,0.000000000000000000e+00,zone_bc_work_m_v1,0,1610,10,652,0
2,121,269,0.34116895848550355,-0.044344073460899601,0.63511697249286225,1.5731783442387761,0.07355102698006788,-3.1091888032381321,30,0.000000000000000000e+00,zone_bc_work_m_v1,0,1610,10,652,0
2,121,270,0.31115035284004122,-0.044340490800221843,0.63599794909988594,1.5729558261237635,0.073917281546563407,-3.1123592370395503,30,0.000000000000000000e+00,zone_bc_work_m_v1,0,1610,10,652,0
2,121,271,0.31836671440998621,-0.014343418877496367,0.63358076491582394,1.5731413324837256,0.073617883697357778,-3.1097208505047771,10,0.000000000000000000e+00,zone_bc_work_m_v1,0,1610,10,652,0
2,121,272,0.34837563590341403,-0.014346081420192126,0.63271107727444853,1.5732913627591509,0.073345830882876051,-3.1075577910641172,30,0.000000000000000000e+00,zone_bc_work_m_v1,0,1610,10,652,0
2,121,273,0.37838455584092889,-0.014348747219254297,0.63184134274561887,1.5734402063143382,0.073073154390565831,-3.1053948978243384,30,0.000000000000000000e+00,zone_bc_work_m_v1,0,1610,10,652,0
2,121,274,0.40839347407077642,-0.014351416255872457,0.63097156133335741,1.5735878603034681,0.072799860003093242,-3.1032321753926979,30,0.000000000000000000e+00,zone_bc_work_m_v1,0,1610,10,652,0
2,121,275,0.43840630329022945,-0.014367060972102079,0.62966272365655618,1.5738312847216771,0.071220196633149158,-3.0989685825891438,30,0.000000000000000000e+00,zone_bc_work_m_v1,0,1610,10,652,0
2,121,276,0.4684204645293879,-0.014387164299641956,0.62820322667123596,1.5740900465779597,0.069191189366340389,-3.0939873045732624,30,0.000000000000000000e+00,zone_bc_work_m_v1,0,1610,10,652,0
2,121,277,0.49843461433671865,-0.014407282734232311,0.6267434433230471,1.5743284820388546,0.067160195997971073,-3.0890084118478383,30,0.000000000000000000e+00,zone_bc_work_m_v1,0,1610,10,652,0
2,121,278,0.52844875057537433,-0.014427415409538447,0.62528337366218101,1.5745465890884622,0.065127447625700219,-3.0840318738535277,30,0.000000000000000000e+00,zone_bc_work_m_v1,0,1610,10,652,0
2,121,279,0.55235759573213827,-0.014512926381379626,0.6238289309658982,1.574732749743474,0.056531410118756842,-3.0720350961288152,30,0.000000000000000000e+00,zone_bc_work_m_v1,0,1610,10,652,0
2,121,280,0.55320790316559854,0.015715035357911182,0.62181135102117757,1.5749104966433527,0.079411493724228954,-3.0897760523048343,10,0.000000000000000000e+00,zone_bc_work_m_v1,0,1610,10,652,0
2,121,281,0.52322736775231626,0.015678584987861247,0.6233494110111466,1.5745684730898288,0.075768044140016588,-3.0918004890902253,30,0.000000000000000000e+00,zone_bc_work_m_v1,0,1610,10,652,0
2,121,282,0.52638310675059019,0.045704943934951107,0.62080520268645423,1.5748238156817806,0.078402306762558993,-3.0902154432891131,10,0.000000000000000000e+00,zone_bc_work_m_v1,0,1610,10,652,0
2,121,283,0.55418903965816102,0.045715035357911209,0.61936686057758505,1.5749104966433527,0.079411493724228954,-3.0897760523048343,30,0.000000000000000000e+00,zone_bc_work_m_v1,0,1610,10,652,0
2,121,284,0.55517017615072395,0.075715035357911228,0.61692237013399254,1.5749104966433527,0.079411493724228954,-3.0897760523048343,10,0.000000000000000000e+00,zone_bc_work_m_v1,0,1610,10,652,0
2,121,285,0.52519987150211378,0.075726725047538204,0.61847086431908105,1.5748881308471059,0.08058691275491725,-3.0908060358652323,30,0.000000000000000000e+00,zone_bc_work_m_v1,0,1610,10,652,0
2,121,286,0.52447984488350596,0.10573201001398345,0.61611388731044103,1.5748772184058701,0.081118374573555974,-3.0912718187719586,10,0.000000000000000000e+00,zone_bc_work_m_v1,0,1610,10,652,0
2,121,287,0.55445401141950534,0.10571594511564734,0.61456555604819518,1.5749088435127894,0.079502966080608362,-3.0898561982467063,30,0.000000000000000000e+00,zone_bc_work_m_v1,0,1610,10,652,0
2,121,288,0.55615131264328643,0.10571503535791126,0.61447787969039991,1.5749104966433527,0.079411493724228954,-3.0897760523048343,30,0.000000000000000000e+00,zone_bc_work_m_v1,0,1610,10,652,0
2,121,289,0.55713244913584936,0.13571503535791127,0.61203338924680739,1.5749104966433527,0.079411493724228954,-3.0897760523048343,10,0.000000000000000000e+00,zone_bc_work_m_v1,0,1610,10,652,0
2,121,290,0.52714979978388543,0.13574071030716678,0.61358135899983213,1.5748581671710125,0.081993351137180426,-3.0920387756123842,30,0.000000000000000000e+00,zone_bc_work_m_v1,0,1610,10,652,0
2,121,291,0.52258898294559875,0.16577754284173007,0.61130923076441779,1.5746991414180589,0.085701340485976552,-3.0960284712392512,10,0.000000000000000000e+00,zone_bc_work_m_v1,0,1610,10,652,0
2,121,292,0.55260640199809208,0.16572676190174973,0.60987266751111346,1.574888056477175,0.080590618748126674,-3.0908092836921788,30,0.000000000000000000e+00,zone_bc_work_m_v1,0,1610,10,652,0
2,121,293,0.55811358562841185,0.16571503535791129,0.60958889880321487,1.5749104966433527,0.079411493724228954,-3.0897760523048343,30,0.000000000000000000e+00,zone_bc_work_m_v1,0,1610,10,652,0
2,121,294,0.55899872153258934,0.19580144405898153,0.60705862424535895,1.5745963082433378,0.088107443110409411,-3.0984344606115615,10,0.000000000000000000e+00,zone_bc_work_m_v1,0,1610,10,652,0
2,121,295,0.5290276595562069,0.1958054319852012,0.60834754117178935,1.5746246574759624,0.088506951602856709,-3.0983083935313687,30,0.000000000000000000e+00,zone_bc_work_m_v1,0,1610,10,652,0
2,121,296,0.5208654876736134,0.22581689787777665,0.60527583426187359,1.5744892062258309,0.08966484527468932,-3.1003752188235634,10,0.000000000000000000e+00,zone_bc_work_m_v1,0,1610,10,652,0
2,121,297,0.5508724035247432,0.22580508687294029,0.60475286504005932,1.5746014836101252,0.088473269190991743,-3.0985537665418774,30,0.000000000000000000e+00,zone_bc_work_m_v1,0,1610,10,652,0
2,121,298,0.55995113834474752,0.22580144405898156,0.6043626465516504,1.5745963082433378,0.088107443110409411,-3.0984344606115615,30,0.000000000000000000e+00,zone_bc_work_m_v1,0,1610,10,652,0
