target_line,group_id,point_id,q1,q2,q3,q4,q5,q6,is_discontinuous,is_task_waypoint,source_point_id,waypoint_kind,speed,base_normal_error_mm,base_x_actual_mm,standoff_mm,base_height_mm,lift_mm
1,105,1,-1.5708,-1.5708,1.5708,-1.5708,-1.5708,0,0,0,,home,10,0,-1610,17,702,10
1,105,2,-1.593575727,-1.476207766,1.491648769,-1.577164089,-1.544397873,-0.02449104053,0,0,,transition,10,0,-1610,17,702,10
1,105,3,-1.616351455,-1.381615533,1.412497538,-1.583528177,-1.517995746,-0.04898208107,0,0,,transition,10,0,-1610,17,702,10
1,105,4,-1.639127182,-1.287023299,1.333346307,-1.589892266,-1.491593619,-0.0734731216,0,0,,transition,10,0,-1610,17,702,10
1,105,5,-1.661902909,-1.192431066,1.254195076,-1.596256355,-1.465191492,-0.09796416213,0,0,,transition,10,0,-1610,17,702,10
1,105,6,-1.684678637,-1.097838832,1.175043845,-1.602620443,-1.438789365,-0.1224552027,0,0,,transition,10,0,-1610,17,702,10
1,105,7,-1.707454364,-1.003246599,1.095892614,-1.608984532,-1.412387237,-0.1469462432,0,0,,transition,10,0,-1610,17,702,10
1,105,8,-1.730230091,-0.9086543654,1.016741383,-1.61534862,-1.38598511,-0.1714372837,0,0,,transition,10,0,-1610,17,702,10
1,105,9,-1.753005819,-0.8140621318,0.9375901524,-1.621712709,-1.359582983,-0.1959283243,0,0,,transition,10,0,-1610,17,702,10
1,105,10,-1.775781546,-0.7194698983,0.8584389215,-1.628076798,-1.333180856,-0.2204193648,0,0,,transition,10,0,-1610,17,702,10
1,105,11,-1.798557273,-0.6248776648,0.7792876905,-1.634440886,-1.306778729,-0.2449104053,0,0,,transition,10,0,-1610,17,702,10
1,105,12,-1.821333001,-0.5302854313,0.7001364596,-1.640804975,-1.280376602,-0.2694014459,0,0,,transition,10,0,-1610,17,702,10
1,105,13,-1.844108728,-0.4356931978,0.6209852286,-1.647169064,-1.253974475,-0.2938924864,0,0,,transition,10,0,-1610,17,702,10
1,105,14,-1.866884455,-0.3411009643,0.5418339977,-1.653533152,-1.227572348,-0.3183835269,0,0,,transition,10,0,-1610,17,702,10
1,105,15,-1.889660183,-0.2465087307,0.4626827667,-1.659897241,-1.201170221,-0.3428745675,0,1,1,task,10,0,-1610,17,702,10
1,105,16,-1.892289429,-0.2873998257,0.5522657747,-1.710560908,-1.205167804,-0.3451614343,0,0,,transition,30,0,-1610,17,702,10
1,105,17,-1.894918675,-0.3282909206,0.6418487827,-1.761224574,-1.209165388,-0.3474483012,0,1,2,task,15,0,-1610,17,702,10
1,105,18,-1.897667512,-0.3602023305,0.7119350597,-1.801355411,-1.213157057,-0.3498593809,0,0,,transition,30,0,-1610,17,702,10
1,105,19,-1.900416348,-0.3921137403,0.7820213368,-1.841486247,-1.217148726,-0.3522704607,0,1,3,task,20,0,-1610,17,702,10
1,105,20,-1.905195508,-0.4189278008,0.8451240545,-1.880402116,-1.21394115,-0.3578347668,0,0,,transition,30,0,-1610,17,702,10
1,105,21,-1.909974668,-0.4457418612,0.9082267723,-1.919317986,-1.210733575,-0.3633990729,0,1,4,task,25,0,-1610,17,702,10
1,105,22,-1.928001124,-0.484699627,1.005033081,-1.960190719,-1.174607207,-0.388615811,0,1,5,task,10,0,-1610,17,702,10
1,105,23,-1.945356375,-0.5199698943,1.094229726,-1.99781269,-1.143883873,-0.4134339967,0,1,6,task,10,0,-1610,17,702,10
1,105,24,-1.943827439,-0.5446343223,1.155400907,-2.059106542,-1.166287025,-0.4073783304,0,0,,transition,10,0,-1610,17,702,10
1,105,25,-1.942298503,-0.5692987503,1.216572088,-2.120400394,-1.188690178,-0.4013226641,0,1,7,task,10,0,-1610,17,702,10
1,105,26,-1.945978053,-0.6062319693,1.302540393,-2.180157771,-1.209542474,-0.4017977761,0,1,8,task,30,0,-1610,17,702,10
1,105,27,-1.951735147,-0.6392206117,1.364995128,-2.195495459,-1.224331474,-0.4060181318,0,1,9,task,30,0,-1610,17,702,10
1,105,28,-1.960564223,-0.6696132137,1.420993171,-2.199769382,-1.230172744,-0.414837212,0,1,10,task,30,0,-1610,17,702,10
1,105,29,-1.984187779,-0.6920728361,1.500139086,-2.252315477,-1.190966137,-0.4468287734,0,1,11,task,10,0,-1610,17,702,10
1,105,30,-1.998847283,-0.7158338007,1.582486778,-2.325565512,-1.182956778,-0.4638088425,0,1,12,task,30,0,-1610,17,702,10
1,105,31,-2.014421689,-0.736469123,1.660954319,-2.397515226,-1.174673901,-0.4817127493,0,1,13,task,30,0,-1610,17,702,10
1,105,32,-2.024278685,-0.7602607532,1.724808309,-2.439762159,-1.186144699,-0.4900269189,0,1,14,task,30,0,-1610,17,702,10
1,105,33,-2.03750981,-0.7556700423,1.741296123,-2.457800409,-1.155499339,-0.5106609902,0,1,15,task,30,0,-1610,17,702,10
1,105,34,-2.055513757,-0.7709467615,1.830901285,-2.542521646,-1.133890052,-0.5345314602,0,0,,transition,10,0,-1610,17,702,10
1,105,35,-2.073517705,-0.7862234807,1.920506447,-2.627242884,-1.112280766,-0.5584019301,0,0,,transition,10,0,-1610,17,702,10
1,105,36,-2.091521652,-0.8015001998,2.010111609,-2.711964121,-1.09067148,-0.5822724001,0,1,16,task,10,0,-1610,17,702,10
1,105,37,-2.058136799,-0.8129200147,1.940605425,-2.622252721,-1.134150594,-0.5362543494,0,1,17,task,30,0,-1610,17,702,10
1,105,38,-2.039362968,-0.8040510296,1.877019003,-2.563030068,-1.141641745,-0.5145837182,0,1,18,task,30,0,-1610,17,702,10
1,105,39,-1.993219558,-0.810801211,1.797076737,-2.475440005,-1.228786133,-0.4489951954,0,1,19,task,10,0,-1610,17,702,10
1,105,40,-1.97947457,-0.7881166264,1.743965058,-2.460493059,-1.229845419,-0.4337883188,0,1,20,task,30,0,-1610,17,702,10
1,105,41,-1.970427922,-0.7625944465,1.691787051,-2.448996212,-1.219523628,-0.4251949172,0,1,21,task,30,0,-1610,17,702,10
1,105,42,-1.958008533,-0.7404804824,1.625599881,-2.404950635,-1.221501252,-0.4117821964,0,1,22,task,30,0,-1610,17,702,10
1,105,43,-1.950165353,-0.7296797985,1.57020816,-2.334104159,-1.229074235,-0.4030200031,0,0,,transition,30,0,-1610,17,702,10
1,105,44,-1.942322174,-0.7188791146,1.514816439,-2.263257684,-1.236647218,-0.3942578097,0,1,23,task,30,0,-1610,17,702,10
1,105,45,-1.934086047,-0.6883466474,1.442414099,-2.218835314,-1.229753187,-0.3864788288,0,1,24,task,30,0,-1610,17,702,10
1,105,46,-1.925865232,-0.6574008481,1.377767364,-2.195654096,-1.224166876,-0.3783618025,0,1,25,task,30,0,-1610,17,702,10
1,105,47,-1.918011141,-0.6251751495,1.31036273,-2.170986786,-1.218779712,-0.3705626695,0,1,26,task,30,0,-1610,17,702,10
1,105,48,-1.910499394,-0.5914600471,1.239743053,-2.144585583,-1.213580748,-0.3630602877,0,1,27,task,30,0,-1610,17,702,10
1,105,49,-1.897479774,-0.5568994651,1.149027353,-2.08746762,-1.229678753,-0.3471480081,0,1,28,task,30,0,-1610,17,702,10
1,105,50,-1.888972764,-0.5155939036,1.049631101,-2.022762608,-1.231520624,-0.3379688834,0,1,29,task,30,0,-1610,17,702,10
1,105,51,-1.884929885,-0.492585851,0.9951693522,-1.987914159,-1.232405806,-0.3335964506,0,0,,transition,30,0,-1610,17,702,10
1,105,52,-1.880887006,-0.4695777985,0.9407076038,-1.953065709,-1.233290987,-0.3292240179,0,1,30,task,30,0,-1610,17,702,10
1,105,53,-1.876400844,-0.4430065112,0.8773729402,-1.911870492,-1.236595303,-0.3240983876,0,0,,transition,30,0,-1610,17,702,10
1,105,54,-1.871914682,-0.4164352239,0.8140382766,-1.870675275,-1.23989962,-0.3189727573,0,1,31,task,30,0,-1610,17,702,10
1,105,55,-1.867042953,-0.3881561766,0.7511352343,-1.839078354,-1.24549132,-0.3131949147,0,0,,transition,30,0,-1610,17,702,10
1,105,56,-1.862171223,-0.3598771292,0.6882321921,-1.807481433,-1.251083021,-0.3074170721,0,1,32,task,30,0,-1610,17,702,10
1,105,57,-1.857075011,-0.3250158813,0.6104640467,-1.76734983,-1.258432206,-0.3013023214,0,0,,transition,30,0,-1610,17,702,10
1,105,58,-1.851978799,-0.2901546334,0.5326959013,-1.727218226,-1.26578139,-0.2951875708,0,1,33,task,30,0,-1610,17,702,10
1,105,59,-1.815062036,-0.33684126,0.6125610969,-1.789731127,-1.330527084,-0.2516446877,0,1,34,task,10,0,-1610,17,702,10
1,105,60,-1.818825872,-0.3698176584,0.6867067419,-1.83203921,-1.326897963,-0.2557614077,0,0,,transition,30,0,-1610,17,702,10
1,105,61,-1.822589708,-0.4027940567,0.760852387,-1.874347293,-1.323268843,-0.2598781276,0,1,35,task,30,0,-1610,17,702,10
1,105,62,-1.826533472,-0.4302621848,0.8231956143,-1.910262507,-1.319627422,-0.2642003911,0,0,,transition,30,0,-1610,17,702,10
1,105,63,-1.830477236,-0.4577303128,0.8855388417,-1.946177721,-1.315986002,-0.2685226545,0,1,36,task,30,0,-1610,17,702,10
1,105,64,-1.833610276,-0.4816165057,0.9386191854,-1.97549085,-1.315997244,-0.2717623429,0,0,,transition,30,0,-1610,17,702,10
1,105,65,-1.836743315,-0.5055026986,0.9916995291,-2.004803978,-1.316008485,-0.2750020312,0,1,37,task,30,0,-1610,17,702,10
1,105,66,-1.840260533,-0.5278628041,1.044615733,-2.039537976,-1.315187296,-0.2786725103,0,0,,transition,30,0,-1610,17,702,10
1,105,67,-1.843777751,-0.5502229095,1.097531937,-2.074271974,-1.314366108,-0.2823429895,0,1,38,task,30,0,-1610,17,702,10
1,105,68,-1.85110663,-0.5907798424,1.195919932,-2.141534378,-1.312911852,-0.2899349282,0,1,39,task,30,0,-1610,17,702,10
1,105,69,-1.855892371,-0.6275997264,1.284253211,-2.200958628,-1.321309492,-0.2941517154,0,1,40,task,30,0,-1610,17,702,10
1,105,70,-1.862583936,-0.6611978931,1.355677808,-2.231606027,-1.324418194,-0.3009066195,0,1,41,task,30,0,-1610,17,702,10
1,105,71,-1.869607478,-0.6933595745,1.424033587,-2.26059089,-1.327632235,-0.3079804519,0,1,42,task,30,0,-1610,17,702,10
1,105,72,-1.876988456,-0.7242824251,1.489753402,-2.288146851,-1.330959173,-0.3153974824,0,1,43,task,30,0,-1610,17,702,10
1,105,73,-1.884754978,-0.754123585,1.553182221,-2.314460106,-1.334407396,-0.3231844843,0,1,44,task,30,0,-1610,17,702,10
1,105,74,-1.895386647,-0.7635589872,1.608902729,-2.385486918,-1.316680026,-0.3351906528,0,0,,transition,30,0,-1610,17,702,10
1,105,75,-1.906018317,-0.7729943895,1.664623236,-2.45651373,-1.298952656,-0.3471968213,0,1,45,task,30,0,-1610,17,702,10
1,105,76,-1.926036953,-0.7941249005,1.722346442,-2.475246635,-1.271487246,-0.3711545371,0,1,46,task,30,0,-1610,17,702,10
1,105,77,-1.943437657,-0.8152009924,1.776618266,-2.489688596,-1.254808226,-0.3917846385,0,1,47,task,30,0,-1610,17,702,10
1,105,78,-1.960683345,-0.8356761166,1.828950727,-2.502025302,-1.24165528,-0.4121624696,0,1,48,task,30,0,-1610,17,702,10
1,105,79,-1.973333537,-0.8510222048,1.906345514,-2.589875225,-1.242650677,-0.424406406,0,1,49,task,30,0,-1610,17,702,10
1,105,80,-1.984276954,-0.8517131943,1.946452402,-2.643967925,-1.232152962,-0.4365484116,0,0,,transition,30,0,-1610,17,702,10
1,105,81,-1.99522037,-0.8524041839,1.98655929,-2.698060626,-1.221655247,-0.4486904171,0,1,50,task,30,0,-1610,17,702,10
1,105,82,-2.008379587,-0.8614627842,2.029459502,-2.727908059,-1.218015792,-0.4632019008,0,1,51,task,30,0,-1610,17,702,10
1,105,83,-1.950439414,-0.8904441579,2.047134916,-2.749027923,-1.277696516,-0.3938830283,0,1,52,task,10,0,-1610,17,702,10
1,105,84,-1.932491338,-0.8790745227,1.987850246,-2.702635034,-1.289421949,-0.3742271682,0,1,53,task,30,0,-1610,17,702,10
1,105,85,-1.921013308,-0.8767720994,1.947651966,-2.651733715,-1.303641914,-0.3616579556,0,0,,transition,30,0,-1610,17,702,10
1,105,86,-1.909535278,-0.8744696762,1.907453686,-2.600832395,-1.31786188,-0.3490887431,0,1,54,task,30,0,-1610,17,702,10
1,105,87,-1.896286011,-0.8556250933,1.841046828,-2.546468411,-1.323633666,-0.335201001,0,1,55,task,30,0,-1610,17,702,10
1,105,88,-1.887016969,-0.8317050603,1.784332979,-2.520793606,-1.320540118,-0.325762158,0,1,56,task,30,0,-1610,17,702,10
1,105,89,-1.878280201,-0.8069723241,1.726318943,-2.494561056,-1.317560822,-0.3168504076,0,1,57,task,30,0,-1610,17,702,10
1,105,90,-1.869597014,-0.7829288906,1.658981339,-2.447494469,-1.316166632,-0.3081343072,0,1,58,task,30,0,-1610,17,702,10
1,105,91,-1.863311473,-0.771407003,1.608686782,-2.388326651,-1.322301069,-0.3015449265,0,0,,transition,30,0,-1610,17,702,10
1,105,92,-1.857025932,-0.7598851154,1.558392225,-2.329158833,-1.328435506,-0.2949555459,0,1,59,task,30,0,-1610,17,702,10
1,105,93,-1.848620517,-0.7300784765,1.487603918,-2.287654568,-1.329430375,-0.2862325205,0,1,60,task,30,0,-1610,17,702,10
1,105,94,-1.8422909,-0.6988020883,1.423650167,-2.264277964,-1.325216019,-0.2799212422,0,1,61,task,30,0,-1610,17,702,10
1,105,95,-1.836255624,-0.6663840338,1.357163096,-2.239505582,-1.321130908,-0.2738795263,0,1,62,task,30,0,-1610,17,702,10
1,105,96,-1.830799132,-0.6323480837,1.278531851,-2.193870581,-1.316248431,-0.2686002597,0,1,63,task,30,0,-1610,17,702,10
1,105,97,-1.825392025,-0.5953642343,1.187989632,-2.131709354,-1.312209501,-0.2633848345,0,1,64,task,30,0,-1610,17,702,10
1,105,98,-1.821856695,-0.5741724654,1.134781744,-2.09182939,-1.313622855,-0.2596878079,0,0,,transition,30,0,-1610,17,702,10
1,105,99,-1.818321366,-0.5529806964,1.081573856,-2.051949427,-1.31503621,-0.2559907813,0,1,65,task,30,0,-1610,17,702,10
1,105,100,-1.812603215,-0.5093801496,0.9856845445,-2.000525616,-1.314090974,-0.2501340258,0,1,66,task,30,0,-1610,17,702,10
1,105,101,-1.809001922,-0.4849265077,0.9301401706,-1.968383278,-1.316907298,-0.2462329367,0,0,,transition,30,0,-1610,17,702,10
1,105,102,-1.805400629,-0.4604728658,0.8745957968,-1.93624094,-1.319723621,-0.2423318476,0,1,67,task,30,0,-1610,17,702,10
1,105,103,-1.800816027,-0.4316226112,0.8078422025,-1.895814893,-1.326932209,-0.2371749555,0,0,,transition,30,0,-1610,17,702,10
1,105,104,-1.796231425,-0.4027723567,0.7410886082,-1.855388847,-1.334140796,-0.2320180635,0,1,68,task,30,0,-1610,17,702,10
1,105,105,-1.792554357,-0.3688419394,0.6662491557,-1.814324194,-1.33859779,-0.2279894181,0,0,,transition,30,0,-1610,17,702,10
1,105,106,-1.78887729,-0.334911522,0.5914097033,-1.773259542,-1.343054783,-0.2239607727,0,1,69,task,30,0,-1610,17,702,10
1,105,107,-1.765224123,-0.3483341866,0.6077474651,-1.7821726,-1.349324326,-0.1993618832,0,1,70,task,10,0,-1610,17,702,10
1,105,108,-1.766548508,-0.3819406278,0.6802424995,-1.822368033,-1.352815185,-0.2005629809,0,0,,transition,30,0,-1610,17,702,10
1,105,109,-1.767872893,-0.415547069,0.752737534,-1.862563467,-1.356306044,-0.2017640786,0,1,71,task,30,0,-1610,17,702,10
1,105,110,-1.76903109,-0.4444913055,0.8161517486,-1.900177568,-1.360637473,-0.2027592063,0,0,,transition,30,0,-1610,17,702,10
1,105,111,-1.770189288,-0.473435542,0.8795659633,-1.937791668,-1.364968901,-0.2037543339,0,1,72,task,30,0,-1610,17,702,10
1,105,112,-1.7714828,-0.4993978386,0.9393329193,-1.977876694,-1.368998153,-0.2048944506,0,0,,transition,30,0,-1610,17,702,10
1,105,113,-1.772776312,-0.5253601352,0.9990998753,-2.017961719,-1.373027405,-0.2060345674,0,1,73,task,30,0,-1610,17,702,10
1,105,114,-1.777857854,-0.5692747503,1.096979377,-2.07384369,-1.372754897,-0.2112228501,0,1,74,task,30,0,-1610,17,702,10
1,105,115,-1.783414493,-0.609992493,1.189947815,-2.130082871,-1.37173447,-0.2169170023,0,1,75,task,30,0,-1610,17,702,10
1,105,116,-1.792323572,-0.6277624086,1.242138318,-2.1712977,-1.351079506,-0.2270076967,0,0,,transition,10,0,-1610,17,702,10
1,105,117,-1.80123265,-0.6455323243,1.294328821,-2.212512529,-1.330424542,-0.2370983911,0,1,76,task,10,0,-1610,17,702,10
1,105,118,-1.809669342,-0.678008412,1.370022819,-2.25136255,-1.323013871,-0.2462564322,0,1,77,task,30,0,-1610,17,702,10
1,105,119,-1.816383447,-0.709684482,1.436743566,-2.276814973,-1.32266378,-0.2532973839,0,1,78,task,30,0,-1610,17,702,10
1,105,120,-1.821298225,-0.7411609019,1.495683394,-2.289944677,-1.32911381,-0.2580763284,0,1,79,task,30,0,-1610,17,702,10
1,105,121,-1.830568727,-0.7707941091,1.575153716,-2.350271092,-1.323172982,-0.267916905,0,1,80,task,30,0,-1610,17,702,10
1,105,122,-1.840450476,-0.7957286291,1.660864437,-2.433920873,-1.316838846,-0.2781828546,0,1,81,task,30,0,-1610,17,702,10
1,105,123,-1.848900478,-0.8177371982,1.737658681,-2.505439275,-1.316250819,-0.2865480435,0,1,82,task,30,0,-1610,17,702,10
1,105,124,-1.856324919,-0.8431753534,1.793800779,-2.526894374,-1.320428319,-0.2940882957,0,1,83,task,30,0,-1610,17,702,10
1,105,125,-1.864185819,-0.867927326,1.848709915,-2.547777143,-1.324744059,-0.3020464997,0,1,84,task,30,0,-1610,17,702,10
1,105,126,-1.877138086,-0.8862893754,1.918004965,-2.60941248,-1.317080019,-0.3156509455,0,1,85,task,30,0,-1610,17,702,10
1,105,127,-1.892660187,-0.8992574742,1.986876767,-2.676806517,-1.30513451,-0.3321701755,0,1,86,task,30,0,-1610,17,702,10
1,105,128,-1.911712394,-0.9073669361,2.05533465,-2.74879873,-1.287318147,-0.3528038202,0,1,87,task,30,0,-1610,17,702,10
1,105,129,-1.915691168,-0.9048865356,2.059851517,-2.757768473,-1.278626766,-0.3576047877,0,1,88,task,30,0,-1610,17,702,10
1,105,130,-1.900576521,-0.8713841139,1.964501987,-2.690862525,-1.287155067,-0.3416620698,0,0,,transition,10,0,-1610,17,702,10
1,105,131,-1.885461874,-0.8378816922,1.869152457,-2.623956576,-1.295683367,-0.3257193519,0,0,,transition,10,0,-1610,17,702,10
1,105,132,-1.870347227,-0.8043792705,1.773802927,-2.557050627,-1.304211667,-0.309776634,0,0,,transition,10,0,-1610,17,702,10
1,105,133,-1.855232581,-0.7708768488,1.678453397,-2.490144679,-1.312739967,-0.2938339161,0,0,,transition,10,0,-1610,17,702,10
1,105,134,-1.840117934,-0.7373744272,1.583103868,-2.42323873,-1.321268268,-0.2778911982,0,0,,transition,10,0,-1610,17,702,10
1,105,135,-1.825003287,-0.7038720055,1.487754338,-2.356332782,-1.329796568,-0.2619484803,0,0,,transition,10,0,-1610,17,702,10
1,105,136,-1.80988864,-0.6703695838,1.392404808,-2.289426833,-1.338324868,-0.2460057624,0,0,,transition,10,0,-1610,17,702,10
1,105,137,-1.794773994,-0.6368671621,1.297055278,-2.222520885,-1.346853168,-0.2300630445,0,0,,transition,10,0,-1610,17,702,10
1,105,138,-1.779659347,-0.6033647404,1.201705748,-2.155614936,-1.355381469,-0.2141203266,0,0,,transition,10,0,-1610,17,702,10
1,105,139,-1.7645447,-0.5698623188,1.106356218,-2.088708988,-1.363909769,-0.1981776087,0,0,,transition,10,0,-1610,17,702,10
1,105,140,-1.749430053,-0.5363598971,1.011006689,-2.021803039,-1.372438069,-0.1822348908,0,1,89,task,10,0,-1610,17,702,10
1,105,141,-1.747778078,-0.5119661236,0.9571681965,-1.990440988,-1.370724035,-0.1806154267,0,0,,transition,30,0,-1610,17,702,10
1,105,142,-1.746126102,-0.4875723501,0.9033297044,-1.959078937,-1.369010001,-0.1789959625,0,1,90,task,30,0,-1610,17,702,10
1,105,143,-1.744552677,-0.460023127,0.8427365183,-1.924109835,-1.367286593,-0.1774544559,0,0,,transition,30,0,-1610,17,702,10
1,105,144,-1.742979252,-0.4324739039,0.7821433323,-1.889140734,-1.365563185,-0.1759129493,0,1,91,task,30,0,-1610,17,702,10
1,105,145,-1.741478812,-0.4000184493,0.7109612835,-1.848481563,-1.363831202,-0.1744438611,0,0,,transition,30,0,-1610,17,702,10
1,105,146,-1.739978373,-0.3675629947,0.6397792348,-1.807822393,-1.362099219,-0.172974773,0,1,92,task,30,0,-1610,17,702,10
1,105,147,-1.701371104,-0.3569866961,0.6006194804,-1.789550945,-1.422028267,-0.1320430644,0,1,93,task,10,0,-1610,17,702,10
1,105,148,-1.701193213,-0.3934128582,0.6829120829,-1.84296369,-1.428364625,-0.1317416347,0,0,,transition,30,0,-1610,17,702,10
1,105,149,-1.701015322,-0.4298390203,0.7652046855,-1.896376435,-1.434700982,-0.131440205,0,1,94,task,30,0,-1610,17,702,10
1,105,150,-1.702521285,-0.4571760168,0.8239676993,-1.927422558,-1.434801929,-0.1329587505,0,0,,transition,30,0,-1610,17,702,10
1,105,151,-1.704027247,-0.4845130134,0.882730713,-1.958468681,-1.434902876,-0.1344772961,0,1,95,task,30,0,-1610,17,702,10
1,105,152,-1.705700344,-0.5098317906,0.9400449643,-1.994138164,-1.434660698,-0.1361645036,0,0,,transition,30,0,-1610,17,702,10
1,105,153,-1.707373441,-0.5351505678,0.9973592156,-2.029807647,-1.43441852,-0.1378517112,0,1,96,task,30,0,-1610,17,702,10
1,105,154,-1.680214208,-0.5044609209,0.9205926917,-1.983360671,-1.4393525,-0.1103704465,0,1,97,task,10,0,-1610,17,702,10
1,105,155,-1.676713272,-0.4777452697,0.8617709432,-1.951182227,-1.447703996,-0.1067333084,0,0,,transition,30,0,-1610,17,702,10
1,105,156,-1.673212336,-0.4510296185,0.8029491947,-1.919003783,-1.456055491,-0.1030961703,0,1,98,task,30,0,-1610,17,702,10
1,105,157,-1.669099418,-0.4182662112,0.7293975389,-1.875618371,-1.46734567,-0.09884615843,0,0,,transition,30,0,-1610,17,702,10
1,105,158,-1.664986501,-0.385502804,0.6558458831,-1.832232958,-1.47863585,-0.09459614656,0,1,99,task,30,0,-1610,17,702,10
1,105,159,-1.639139545,-0.3545759946,0.5861666084,-1.798602009,-1.488673064,-0.06857795095,0,1,100,task,10,0,-1610,17,702,10
1,105,160,-1.63964728,-0.3894290513,0.6623617456,-1.842052349,-1.489708424,-0.06908097623,0,0,,transition,30,0,-1610,17,702,10
1,105,161,-1.640155015,-0.424282108,0.7385568828,-1.885502689,-1.490743783,-0.0695840015,0,1,101,task,30,0,-1610,17,702,10
1,105,162,-1.642107675,-0.4520410114,0.797375305,-1.91459187,-1.486541581,-0.07156956028,0,0,,transition,30,0,-1610,17,702,10
1,105,163,-1.644060336,-0.4797999148,0.8561937271,-1.94368105,-1.482339379,-0.07355511905,0,1,102,task,30,0,-1610,17,702,10
1,105,164,-1.642459735,-0.5058112189,0.9145135,-1.980858042,-1.491261186,-0.07189612663,0,0,,transition,30,0,-1610,17,702,10
1,105,165,-1.640859134,-0.531822523,0.9728332729,-2.018035035,-1.500182992,-0.07023713421,0,1,103,task,30,0,-1610,17,702,10
1,105,166,-1.607392222,-0.5046542889,0.9101804561,-1.984328722,-1.532994733,-0.03662396031,0,1,104,task,10,0,-1610,17,702,10
1,105,167,-1.606702889,-0.4768686252,0.8485224032,-1.947491627,-1.533989631,-0.03593356482,0,0,,transition,30,0,-1610,17,702,10
1,105,168,-1.606013556,-0.4490829615,0.7868643502,-1.910654531,-1.534984529,-0.03524316932,0,1,105,task,30,0,-1610,17,702,10
1,105,169,-1.605335634,-0.4170630373,0.7171533416,-1.871528983,-1.536054562,-0.03456365795,0,0,,transition,30,0,-1610,17,702,10
1,105,170,-1.604657713,-0.385043113,0.6474423329,-1.832403435,-1.537124594,-0.03388414659,0,1,106,task,30,0,-1610,17,702,10
1,105,171,-1.592244999,-0.3554482603,0.5810320653,-1.792721629,-1.541235515,-0.02146322806,0,0,,transition,10,0,-1610,17,702,10
1,105,172,-1.579832284,-0.3258534076,0.5146217977,-1.753039823,-1.545346436,-0.00904230953,0,1,107,task,10,0,-1610,17,702,10
1,105,173,-1.580535048,-0.3643374097,0.5983023899,-1.800001203,-1.543070002,-0.009746016539,0,0,,transition,30,0,-1610,17,702,10
1,105,174,-1.581237812,-0.4028214118,0.6819829821,-1.846962584,-1.540793568,-0.01044972355,0,1,108,task,30,0,-1610,17,702,10
1,105,175,-1.582098433,-0.4341703593,0.750996853,-1.887382479,-1.53805324,-0.0113117971,0,0,,transition,30,0,-1610,17,702,10
1,105,176,-1.582959055,-0.4655193068,0.8200107239,-1.927802374,-1.535312912,-0.01217387064,0,1,109,task,30,0,-1610,17,702,10
1,105,177,-1.583367236,-0.4925447294,0.8806065769,-1.96518958,-1.534359033,-0.01258240266,0,0,,transition,30,0,-1610,17,702,10
1,105,178,-1.583775417,-0.519570152,0.9412024299,-2.002576787,-1.533405155,-0.01299093467,0,1,110,task,30,0,-1610,17,702,10
1,105,179,-1.560049849,-0.4993666874,0.8953752097,-1.977019463,-1.533498406,0.01074993707,0,1,111,task,10,0,-1610,17,702,10
1,105,180,-1.558624486,-0.468467848,0.8239391625,-1.928452181,-1.539297794,0.01217388474,0,0,,transition,30,0,-1610,17,702,10
1,105,181,-1.557199122,-0.4375690086,0.7525031153,-1.879884899,-1.545097182,0.01359783241,0,1,112,task,30,0,-1610,17,702,10
1,105,182,-1.557303539,-0.4047485055,0.6823268288,-1.842351988,-1.545283176,0.01349330355,0,0,,transition,30,0,-1610,17,702,10
1,105,183,-1.557407956,-0.3719280024,0.6121505423,-1.804819078,-1.545469171,0.01338877469,0,1,113,task,30,0,-1610,17,702,10
1,105,184,-1.558523959,-0.4718340022,0.6920379971,-1.785317488,-1.547580073,0.01227304347,0,0,,transition,10,0,-1610,17,702,10
1,105,185,-1.559639963,-0.571740002,0.7719254519,-1.765815899,-1.549690975,0.01115731225,0,0,,transition,10,0,-1610,17,702,10
1,105,186,-1.560755967,-0.6716460018,0.8518129068,-1.746314309,-1.551801878,0.01004158102,0,0,,transition,10,0,-1610,17,702,10
1,105,187,-1.56187197,-0.7715520016,0.9317003616,-1.726812719,-1.55391278,0.008925849796,0,0,,transition,10,0,-1610,17,702,10
1,105,188,-1.562987974,-0.8714580014,1.011587816,-1.707311129,-1.556023683,0.007810118572,0,0,,transition,10,0,-1610,17,702,10
1,105,189,-1.564103978,-0.9713640012,1.091475271,-1.687809539,-1.558134585,0.006694387347,0,0,,transition,10,0,-1610,17,702,10
1,105,190,-1.565219982,-1.071270001,1.171362726,-1.668307949,-1.560245488,0.005578656123,0,0,,transition,10,0,-1610,17,702,10
1,105,191,-1.566335985,-1.171176001,1.251250181,-1.648806359,-1.56235639,0.004462924898,0,0,,transition,10,0,-1610,17,702,10
1,105,192,-1.567451989,-1.271082001,1.331137636,-1.62930477,-1.564467293,0.003347193674,0,0,,transition,10,0,-1610,17,702,10
1,105,193,-1.568567993,-1.370988,1.41102509,-1.60980318,-1.566578195,0.002231462449,0,0,,transition,10,0,-1610,17,702,10
1,105,194,-1.569683996,-1.470894,1.490912545,-1.59030159,-1.568689098,0.001115731225,0,0,,transition,10,0,-1610,17,702,10
1,105,195,-1.5708,-1.5708,1.5708,-1.5708,-1.5708,0,0,0,,home,10,0,-1610,17,702,10
1,106,1,-1.5708,-1.5708,1.5708,-1.5708,-1.5708,0,0,0,,home,10,0,-1610,17,702,10
1,106,2,-1.547425977,-1.667400908,1.567663044,-1.529587839,-1.499660393,-0.04860169111,0,0,,transition,10,0,-1610,17,702,10
1,106,3,-1.524051954,-1.764001817,1.564526089,-1.488375677,-1.428520785,-0.09720338221,0,0,,transition,10,0,-1610,17,702,10
1,106,4,-1.50067793,-1.860602725,1.561389133,-1.447163516,-1.357381178,-0.1458050733,0,0,,transition,10,0,-1610,17,702,10
1,106,5,-1.477303907,-1.957203634,1.558252177,-1.405951354,-1.28624157,-0.1944067644,0,0,,transition,10,0,-1610,17,702,10
1,106,6,-1.453929884,-2.053804542,1.555115222,-1.364739193,-1.215101963,-0.2430084555,0,0,,transition,10,0,-1610,17,702,10
1,106,7,-1.430555861,-2.15040545,1.551978266,-1.323527031,-1.143962355,-0.2916101466,0,0,,transition,10,0,-1610,17,702,10
1,106,8,-1.407181837,-2.247006359,1.54884131,-1.28231487,-1.072822748,-0.3402118377,0,0,,transition,10,0,-1610,17,702,10
1,106,9,-1.383807814,-2.343607267,1.545704355,-1.241102708,-1.001683141,-0.3888135289,0,0,,transition,10,0,-1610,17,702,10
1,106,10,-1.360433791,-2.440208175,1.542567399,-1.199890547,-0.9305435332,-0.43741522,0,0,,transition,10,0,-1610,17,702,10
1,106,11,-1.337059768,-2.536809084,1.539430443,-1.158678385,-0.8594039258,-0.4860169111,0,0,,transition,10,0,-1610,17,702,10
1,106,12,-1.313685744,-2.633409992,1.536293488,-1.117466224,-0.7882643183,-0.5346186022,0,0,,transition,10,0,-1610,17,702,10
1,106,13,-1.290311721,-2.730010901,1.533156532,-1.076254062,-0.7171247109,-0.5832202933,0,0,,transition,10,0,-1610,17,702,10
1,106,14,-1.266937698,-2.826611809,1.530019576,-1.035041901,-0.6459851035,-0.6318219844,0,0,,transition,10,0,-1610,17,702,10
1,106,15,-1.243563675,-2.923212717,1.526882621,-0.9938297394,-0.5748454961,-0.6804236755,0,0,,transition,10,0,-1610,17,702,10
1,106,16,-1.207370586,-2.918157204,1.42963983,-0.9821210799,-0.5270999358,-0.6729991645,0,0,,transition,10,0,-1610,17,702,10
1,106,17,-1.171177497,-2.91310169,1.332397039,-0.9704124203,-0.4793543755,-0.6655746535,0,0,,transition,10,0,-1610,17,702,10
1,106,18,-1.134984408,-2.908046177,1.235154248,-0.9587037608,-0.4316088152,-0.6581501425,0,0,,transition,10,0,-1610,17,702,10
1,106,19,-1.098791319,-2.902990663,1.137911457,-0.9469951012,-0.3838632549,-0.6507256315,0,0,,transition,10,0,-1610,17,702,10
1,106,20,-1.062598231,-2.89793515,1.040668666,-0.9352864417,-0.3361176946,-0.6433011205,0,0,,transition,10,0,-1610,17,702,10
1,106,21,-1.026405142,-2.892879636,0.9434258753,-0.9235777821,-0.2883721344,-0.6358766095,0,0,,transition,10,0,-1610,17,702,10
1,106,22,-0.9902120529,-2.887824123,0.8461830844,-0.9118691226,-0.2406265741,-0.6284520985,0,0,,transition,10,0,-1610,17,702,10
1,106,23,-0.9540189641,-2.882768609,0.7489402935,-0.900160463,-0.1928810138,-0.6210275875,0,0,,transition,10,0,-1610,17,702,10
1,106,24,-0.9178258753,-2.877713095,0.6516975026,-0.8884518035,-0.1451354535,-0.6136030765,0,0,,transition,10,0,-1610,17,702,10
1,106,25,-0.8816327864,-2.872657582,0.5544547117,-0.8767431439,-0.09738989321,-0.6061785655,0,0,,transition,10,0,-1610,17,702,10
1,106,26,-0.8454396976,-2.867602068,0.4572119208,-0.8650344844,-0.04964433292,-0.5987540545,0,0,,transition,10,0,-1610,17,702,10
1,106,27,-0.8092466088,-2.862546555,0.3599691299,-0.8533258248,-0.001898772633,-0.5913295435,0,0,,transition,10,0,-1610,17,702,10
1,106,28,-0.7730535199,-2.857491041,0.262726339,-0.8416171653,0.04584678765,-0.5839050325,0,0,,transition,10,0,-1610,17,702,10
1,106,29,-0.7368604311,-2.852435528,0.1654835481,-0.8299085057,0.09359234794,-0.5764805215,0,0,,transition,10,0,-1610,17,702,10
1,106,30,-0.6395508311,-2.825342359,0.0658858888,-0.8151541303,0.1797242227,-0.566159968,0,0,,transition,10,0,-1610,17,702,10
1,106,31,-0.542241231,-2.79824919,-0.03371177055,-0.8003997549,0.2658560975,-0.5558394146,0,0,,transition,10,0,-1610,17,702,10
1,106,32,-0.444931631,-2.771156022,-0.1333094299,-0.7856453794,0.3519879722,-0.5455188611,0,0,,transition,10,0,-1610,17,702,10
1,106,33,-0.3476220309,-2.744062853,-0.2329070892,-0.770891004,0.438119847,-0.5351983076,0,0,,transition,10,0,-1610,17,702,10
1,106,34,-0.2503124309,-2.716969685,-0.3325047486,-0.7561366286,0.5242517217,-0.5248777541,0,0,,transition,10,0,-1610,17,702,10
1,106,35,-0.1530028308,-2.689876516,-0.4321024079,-0.7413822532,0.6103835965,-0.5145572007,0,0,,transition,10,0,-1610,17,702,10
1,106,36,-0.05569323079,-2.662783347,-0.5317000673,-0.7266278777,0.6965154712,-0.5042366472,0,0,,transition,10,0,-1610,17,702,10
1,106,37,0.04161636926,-2.635690179,-0.6312977266,-0.7118735023,0.782647346,-0.4939160937,0,0,,transition,10,0,-1610,17,702,10
1,106,38,0.1389259693,-2.60859701,-0.730895386,-0.6971191269,0.8687792208,-0.4835955402,0,0,,transition,10,0,-1610,17,702,10
1,106,39,0.2362355694,-2.581503842,-0.8304930453,-0.6823647515,0.9549110955,-0.4732749868,0,0,,transition,10,0,-1610,17,702,10
1,106,40,0.3335451694,-2.554410673,-0.9300907047,-0.6676103761,1.04104297,-0.4629544333,0,0,,transition,10,0,-1610,17,702,10
1,106,41,0.4308547694,-2.527317504,-1.029688364,-0.6528560006,1.127174845,-0.4526338798,0,0,,transition,10,0,-1610,17,702,10
1,106,42,0.5281643695,-2.500224336,-1.129286023,-0.6381016252,1.21330672,-0.4423133263,0,0,,transition,10,0,-1610,17,702,10
1,106,43,0.6254739695,-2.473131167,-1.228883683,-0.6233472498,1.299438595,-0.4319927729,0,0,,transition,10,0,-1610,17,702,10
1,106,44,0.7227835696,-2.446037999,-1.328481342,-0.6085928744,1.385570469,-0.4216722194,0,0,,transition,10,0,-1610,17,702,10
1,106,45,0.8200931696,-2.41894483,-1.428079001,-0.5938384989,1.471702344,-0.4113516659,0,0,,transition,10,0,-1610,17,702,10
1,106,46,0.9174027697,-2.391851661,-1.527676661,-0.5790841235,1.557834219,-0.4010311124,0,0,,transition,10,0,-1610,17,702,10
1,106,47,1.01471237,-2.364758493,-1.62727432,-0.5643297481,1.643966094,-0.390710559,0,0,,transition,10,0,-1610,17,702,10
1,106,48,1.11202197,-2.337665324,-1.726871979,-0.5495753727,1.730097968,-0.3803900055,0,0,,transition,10,0,-1610,17,702,10
1,106,49,1.20933157,-2.310572155,-1.826469639,-0.5348209972,1.816229843,-0.370069452,0,1,1,task,10,0,-1610,17,702,10
1,106,50,1.218673042,-2.328041345,-1.768814213,-0.5790810577,1.821105935,-0.3611409303,0,1,2,task,15,0,-1610,17,702,10
1,106,51,1.223073577,-2.335463575,-1.727373097,-0.6321454065,1.82316339,-0.3575056242,0,0,,transition,30,0,-1610,17,702,10
1,106,52,1.227474112,-2.342885804,-1.68593198,-0.6852097553,1.825220846,-0.3538703181,0,1,3,task,20,0,-1610,17,702,10
1,106,53,1.239769547,-2.363435257,-1.621156445,-0.737737001,1.818409531,-0.340916321,0,1,4,task,25,0,-1610,17,702,10
1,106,54,1.24838869,-2.388327899,-1.564386132,-0.763797389,1.821079981,-0.332142651,0,1,5,task,30,0,-1610,17,702,10
1,106,55,1.25822165,-2.412795597,-1.510584162,-0.781324309,1.818558122,-0.3215621727,0,1,6,task,30,0,-1610,17,702,10
1,106,56,1.275754004,-2.432651827,-1.444915454,-0.82945087,1.789410872,-0.301700353,0,1,7,task,30,0,-1610,17,702,10
1,106,57,1.286245611,-2.460534047,-1.357838156,-0.9108006514,1.780482147,-0.290817852,0,1,8,task,30,0,-1610,17,702,10
1,106,58,1.286692058,-2.499139429,-1.257999133,-1.000286955,1.803616949,-0.2921248544,0,1,9,task,30,0,-1610,17,702,10
1,106,59,1.290433301,-2.532265348,-1.204032022,-0.9972581066,1.815745051,-0.2888755174,0,1,10,task,30,0,-1610,17,702,10
1,106,60,1.303178665,-2.563669461,-1.127097791,-1.039608335,1.795216413,-0.2744124864,0,1,11,task,30,0,-1610,17,702,10
1,106,61,1.31499168,-2.599773752,-1.03775908,-1.096063413,1.775993479,-0.2612705957,0,1,12,task,30,0,-1610,17,702,10
1,106,62,1.322584712,-2.642219986,-0.9404434895,-1.15372828,1.770370244,-0.2532525309,0,1,13,task,30,0,-1610,17,702,10
1,106,63,1.325625749,-2.666327559,-0.8864819342,-1.184891039,1.769759615,-0.250128553,0,0,,transition,30,0,-1610,17,702,10
1,106,64,1.328666786,-2.690435131,-0.8325203789,-1.216053797,1.769148986,-0.2470045751,0,1,14,task,30,0,-1610,17,702,10
1,106,65,1.369404349,-2.666349233,-0.8693152556,-1.186285908,1.706984775,-0.2032627142,0,1,15,task,10,0,-1610,17,702,10
1,106,66,1.36692315,-2.642359952,-0.9233946311,-1.153592945,1.707253192,-0.2057624455,0,0,,transition,30,0,-1610,17,702,10
1,106,67,1.364441951,-2.618370671,-0.9774740066,-1.120899982,1.707521608,-0.2082621768,0,1,16,task,30,0,-1610,17,702,10
1,106,68,1.359334608,-2.576038085,-1.071386547,-1.067737832,1.707725241,-0.2134119777,0,1,17,task,30,0,-1610,17,702,10
1,106,69,1.349589023,-2.539482927,-1.155875863,-1.019506777,1.723079317,-0.2237258437,0,1,18,task,30,0,-1610,17,702,10
1,106,70,1.332361366,-2.510239592,-1.228238853,-0.9817653275,1.762205647,-0.242774682,0,1,19,task,10,0,-1610,17,702,10
1,106,71,1.323668757,-2.478029384,-1.304720895,-0.9363424294,1.770332166,-0.2519959879,0,1,20,task,30,0,-1610,17,702,10
1,106,72,1.319351376,-2.445100199,-1.381907063,-0.8866481569,1.762856765,-0.2559646467,0,1,21,task,30,0,-1610,17,702,10
1,106,73,1.316264961,-2.413295167,-1.456903326,-0.8366860453,1.7508026,-0.2584567766,0,1,22,task,30,0,-1610,17,702,10
1,106,74,1.307942602,-2.386538687,-1.531114517,-0.7784363999,1.754367663,-0.2668915565,0,1,23,task,30,0,-1610,17,702,10
1,106,75,1.297851857,-2.362352035,-1.594657741,-0.7378936995,1.761762733,-0.2774506753,0,1,24,task,30,0,-1610,17,702,10
1,106,76,1.279032138,-2.344594554,-1.652994635,-0.6984391741,1.793058971,-0.2983433552,0,1,25,task,30,0,-1610,17,702,10
1,106,77,1.272718925,-2.322163537,-1.721685625,-0.6391930506,1.785890731,-0.3039958167,0,1,26,task,30,0,-1610,17,702,10
1,106,78,1.260144086,-2.306171273,-1.786793206,-0.5773420546,1.795169004,-0.3169375477,0,1,27,task,30,0,-1610,17,702,10
1,106,79,1.244444505,-2.293559619,-1.844626636,-0.5264497312,1.810857251,-0.3337080043,0,1,28,task,30,0,-1610,17,702,10
1,106,80,1.240128036,-2.290310033,-1.859262982,-0.5146049586,1.814863922,-0.3383581541,0,1,29,task,30,0,-1610,17,702,10
1,106,81,1.288440554,-2.259869225,-1.893098133,-0.5036610245,1.769519864,-0.2864102779,0,1,30,task,10,0,-1610,17,702,10
1,106,82,1.296249522,-2.276952723,-1.831335999,-0.5581667879,1.77268228,-0.2789636773,0,1,31,task,30,0,-1610,17,702,10
1,106,83,1.314791459,-2.291000974,-1.775698453,-0.6011656925,1.744941385,-0.2590057852,0,1,32,task,30,0,-1610,17,702,10
1,106,84,1.332629528,-2.307085738,-1.715877797,-0.6500327344,1.716349111,-0.2401083018,0,1,33,task,30,0,-1610,17,702,10
1,106,85,1.340289772,-2.330457882,-1.652620871,-0.6944611518,1.714568395,-0.2324185337,0,1,34,task,30,0,-1610,17,702,10
1,106,86,1.347725838,-2.35505875,-1.584691987,-0.7456611966,1.712159284,-0.2249706279,0,1,35,task,30,0,-1610,17,702,10
1,106,87,1.35439069,-2.381974927,-1.516565335,-0.7917701607,1.71092604,-0.218280362,0,1,36,task,30,0,-1610,17,702,10
1,106,88,1.360653843,-2.410591975,-1.445349053,-0.8396875838,1.709846151,-0.2119940743,0,1,37,task,30,0,-1610,17,702,10
1,106,89,1.366485762,-2.441282061,-1.371555525,-0.8874481979,1.709125881,-0.2061372117,0,1,38,task,30,0,-1610,17,702,10
1,106,90,1.371924897,-2.473861914,-1.295885693,-0.9333130461,1.708740941,-0.2006645622,0,1,39,task,30,0,-1610,17,702,10
1,106,91,1.377093114,-2.508705982,-1.216371839,-0.980498143,1.708366322,-0.195460495,0,1,40,task,30,0,-1610,17,702,10
1,106,92,1.382119095,-2.547031818,-1.125441368,-1.041616139,1.707594283,-0.1904179513,0,1,41,task,30,0,-1610,17,702,10
1,106,93,1.386751571,-2.587805815,-1.034571637,-1.093984178,1.707403556,-0.1857490371,0,1,42,task,30,0,-1610,17,702,10
1,106,94,1.389006398,-2.610576307,-0.9830493099,-1.125471347,1.707137037,-0.1834762553,0,0,,transition,30,0,-1610,17,702,10
1,106,95,1.391261226,-2.6333468,-0.9315269827,-1.156958516,1.706870518,-0.1812034734,0,1,43,task,30,0,-1610,17,702,10
1,106,96,1.393360526,-2.658295539,-0.8769435448,-1.187315823,1.706807591,-0.1790852073,0,0,,transition,30,0,-1610,17,702,10
1,106,97,1.395459827,-2.683244278,-0.8223601069,-1.217673131,1.706744664,-0.1769669413,0,1,44,task,30,0,-1610,17,702,10
1,106,98,1.414748996,-2.655278847,-0.8794588975,-1.181302091,1.67480188,-0.1570334717,0,0,,transition,10,0,-1610,17,702,10
1,106,99,1.434038165,-2.627313416,-0.9365576881,-1.144931051,1.642859096,-0.1371000022,0,1,45,task,10,0,-1610,17,702,10
1,106,100,1.43184504,-2.604357627,-0.9887301173,-1.112404905,1.644744256,-0.1393096433,0,0,,transition,30,0,-1610,17,702,10
1,106,101,1.429651915,-2.581401839,-1.040902546,-1.079878758,1.646629416,-0.1415192845,0,1,46,task,30,0,-1610,17,702,10
1,106,102,1.422223226,-2.543259609,-1.12180126,-1.043043164,1.660174039,-0.1491459986,0,1,47,task,30,0,-1610,17,702,10
1,106,103,1.423575246,-2.501417696,-1.219441144,-0.9747198342,1.642840223,-0.1475478948,0,1,48,task,30,0,-1610,17,702,10
1,106,104,1.417432269,-2.466974594,-1.295880604,-0.9332834953,1.6503853,-0.1537892633,0,1,49,task,30,0,-1610,17,702,10
1,106,105,1.408144541,-2.435408008,-1.37113611,-0.8865079134,1.667026699,-0.1633114111,0,1,50,task,30,0,-1610,17,702,10
1,106,106,1.403615099,-2.403979114,-1.443689045,-0.8430167263,1.667213446,-0.1678457311,0,1,51,task,30,0,-1610,17,702,10
1,106,107,1.399714031,-2.374162814,-1.523088526,-0.7795793867,1.664787095,-0.1716182337,0,1,52,task,30,0,-1610,17,702,10
1,106,108,1.395777559,-2.345363956,-1.581170285,-0.7589646062,1.661683549,-0.1755887231,0,1,53,task,30,0,-1610,17,702,10
1,106,109,1.387562754,-2.320979863,-1.657363651,-0.68912388,1.670434753,-0.1837916022,0,1,54,task,30,0,-1610,17,702,10
1,106,110,1.371590347,-2.299641454,-1.710741187,-0.6637188929,1.699492378,-0.2004806921,0,1,55,task,30,0,-1610,17,702,10
1,106,111,1.358622763,-2.281197547,-1.778000154,-0.6016061144,1.717992815,-0.2138010543,0,1,56,task,30,0,-1610,17,702,10
1,106,112,1.351324988,-2.259831686,-1.835595928,-0.5649416885,1.719128476,-0.2211642405,0,1,57,task,30,0,-1610,17,702,10
1,106,113,1.342099643,-2.241282253,-1.89411511,-0.520648979,1.724092003,-0.2305067039,0,1,58,task,30,0,-1610,17,702,10
1,106,114,1.336163742,-2.234200656,-1.922374281,-0.4957774672,1.729860802,-0.2365814763,0,1,59,task,30,0,-1610,17,702,10
1,106,115,1.387811038,-2.213468596,-1.955482875,-0.4715624698,1.684020678,-0.1833986383,0,1,60,task,10,0,-1610,17,702,10
1,106,116,1.400551198,-2.227169057,-1.89095829,-0.5380555176,1.666796729,-0.1705932598,0,1,61,task,30,0,-1610,17,702,10
1,106,117,1.407215668,-2.249359805,-1.836423831,-0.5675282024,1.663799998,-0.1638465258,0,1,62,task,30,0,-1610,17,702,10
1,106,118,1.420256463,-2.26812762,-1.774433337,-0.6187679954,1.642201571,-0.1506390852,0,1,63,task,30,0,-1610,17,702,10
1,106,119,1.418638708,-2.294941518,-1.712163784,-0.6554249154,1.659697509,-0.1524586728,0,1,64,task,30,0,-1610,17,702,10
1,106,120,1.42887743,-2.31792193,-1.644629443,-0.7097304352,1.643095288,-0.1421108292,0,1,65,task,30,0,-1610,17,702,10
1,106,121,1.446582715,-2.340892646,-1.581067354,-0.7552260932,1.602725716,-0.1241792151,0,1,66,task,10,0,-1610,17,702,10
1,106,122,1.45159025,-2.369521999,-1.5119701,-0.8002220042,1.598139948,-0.1191791653,0,1,67,task,30,0,-1610,17,702,10
1,106,123,1.456200847,-2.399853666,-1.441297298,-0.8437680834,1.593958387,-0.1145711344,0,1,68,task,30,0,-1610,17,702,10
1,106,124,1.459665308,-2.432156456,-1.367368983,-0.8884862809,1.592679377,-0.111114452,0,1,69,task,30,0,-1610,17,702,10
1,106,125,1.461714095,-2.466574303,-1.290746967,-0.9324043447,1.595480742,-0.1090771173,0,1,70,task,30,0,-1610,17,702,10
1,106,126,1.463702923,-2.503073709,-1.209861337,-0.9786317941,1.598136261,-0.107099904,0,1,71,task,30,0,-1610,17,702,10
1,106,127,1.464844835,-2.542716873,-1.120786979,-1.032448039,1.603384071,-0.1059834326,0,1,72,task,30,0,-1610,17,702,10
1,106,128,1.466418593,-2.585596657,-1.025281068,-1.089308435,1.606906457,-0.1044290769,0,1,73,task,30,0,-1610,17,702,10
1,106,129,1.467382197,-2.609191662,-0.9728841863,-1.12044106,1.607891584,-0.1034718695,0,0,,transition,30,0,-1610,17,702,10
1,106,130,1.468345801,-2.632786668,-0.9204873049,-1.151573686,1.608876711,-0.1025146621,0,1,74,task,30,0,-1610,17,702,10
1,106,131,1.492412047,-2.601601812,-0.9901579197,-1.105316446,1.604886701,-0.07841357267,0,1,75,task,10,0,-1610,17,702,10
1,106,132,1.492549022,-2.579050168,-1.041112521,-1.073657135,1.601037058,-0.07826264071,0,0,,transition,30,0,-1610,17,702,10
1,106,133,1.492685998,-2.556498524,-1.092067123,-1.041997824,1.597187415,-0.07811170875,0,1,76,task,30,0,-1610,17,702,10
1,106,134,1.491796163,-2.516223807,-1.181298612,-0.9906527183,1.5935034,-0.07899030263,0,1,77,task,30,0,-1610,17,702,10
1,106,135,1.489972969,-2.479145466,-1.262613245,-0.9460457383,1.592769849,-0.08081129403,0,1,78,task,30,0,-1610,17,702,10
1,106,136,1.488052456,-2.444140409,-1.339603747,-0.9036889144,1.592040161,-0.08272953942,0,1,79,task,30,0,-1610,17,702,10
1,106,137,1.486026678,-2.410886154,-1.412986637,-0.8631881632,1.591314653,-0.08475297946,0,1,80,task,30,0,-1610,17,702,10
1,106,138,1.483886805,-2.379139895,-1.483306567,-0.8242415901,1.590593681,-0.08689043636,0,1,81,task,30,0,-1610,17,702,10
1,106,139,1.479951951,-2.349234393,-1.553138981,-0.7807499136,1.594876935,-0.09082244227,0,1,82,task,30,0,-1610,17,702,10
1,106,140,1.474956405,-2.321302711,-1.622908311,-0.7320963093,1.601585453,-0.0958092581,0,1,83,task,30,0,-1610,17,702,10
1,106,141,1.470971535,-2.294698913,-1.690056852,-0.6856370771,1.604601436,-0.09977628459,0,1,84,task,30,0,-1610,17,702,10
1,106,142,1.46772692,-2.269641364,-1.756813784,-0.636257949,1.604927597,-0.1029812053,0,1,85,task,30,0,-1610,17,702,10
1,106,143,1.464904526,-2.245570063,-1.81943897,-0.5934106268,1.603575895,-0.105771878,0,1,86,task,30,0,-1610,17,702,10
1,106,144,1.465694069,-2.222764283,-1.884223723,-0.5434722782,1.592489337,-0.1049085155,0,1,87,task,30,0,-1610,17,702,10
1,106,145,1.457643958,-2.202702642,-1.942564241,-0.500858009,1.603487179,-0.1129349234,0,1,88,task,30,0,-1610,17,702,10
1,106,146,1.439942649,-2.194945297,-1.979349345,-0.4659895755,1.640240734,-0.1307404365,0,1,89,task,10,0,-1610,17,702,10
1,106,147,1.495506963,-2.178993223,-1.997882465,-0.4700022253,1.591090708,-0.07513289814,0,1,90,task,10,0,-1610,17,702,10
1,106,148,1.498588831,-2.199481775,-1.939607803,-0.5112681209,1.589887683,-0.07207254395,0,1,91,task,30,0,-1610,17,702,10
1,106,149,1.499851679,-2.222301759,-1.88270183,-0.5445310886,1.592849407,-0.07081173459,0,1,92,task,30,0,-1610,17,702,10
1,106,150,1.50101273,-2.245670703,-1.823672077,-0.5806510132,1.595860258,-0.06965895042,0,1,93,task,30,0,-1610,17,702,10
1,106,151,1.500437024,-2.269142673,-1.754087467,-0.6389570736,1.603403132,-0.07029653005,0,1,94,task,30,0,-1610,17,702,10
1,106,152,1.503414218,-2.294036183,-1.683245435,-0.697389244,1.601013181,-0.06735619161,0,1,95,task,30,0,-1610,17,702,10
1,106,153,1.509336583,-2.320517587,-1.611915443,-0.7535723424,1.589562998,-0.06144369807,0,1,96,task,30,0,-1610,17,702,10
1,106,154,1.510967578,-2.350057326,-1.546125655,-0.7900191929,1.589971633,-0.05981382294,0,1,97,task,30,0,-1610,17,702,10
1,106,155,1.512506837,-2.380773355,-1.478019846,-0.827606166,1.590383344,-0.05827563547,0,1,98,task,30,0,-1610,17,702,10
1,106,156,1.513961853,-2.412816821,-1.407249537,-0.8665305543,1.590797881,-0.05682164669,0,1,99,task,30,0,-1610,17,702,10
1,106,157,1.515339327,-2.446380528,-1.333377912,-0.9070363368,1.591215019,-0.05544515807,0,1,100,task,30,0,-1610,17,702,10
1,106,158,1.516645273,-2.481714855,-1.25584474,-0.9494333363,1.591634556,-0.05414016034,0,1,101,task,30,0,-1610,17,702,10
1,106,159,1.517885099,-2.519152936,-1.173911112,-0.9941273021,1.592056312,-0.05290124742,0,1,102,task,30,0,-1610,17,702,10
1,106,160,1.519063685,-2.559152566,-1.086567667,-1.041669777,1.592480124,-0.05172354288,0,1,103,task,30,0,-1610,17,702,10
1,106,161,1.520185442,-2.602370645,-0.9923716891,-1.092846556,1.592905843,-0.05060263683,0,1,104,task,30,0,-1610,17,702,10
1,106,162,1.527624727,-2.646659134,-0.8946747565,-1.150059562,1.584367826,-0.04316481342,0,0,,transition,10,0,-1610,17,702,10
1,106,163,1.535064012,-2.690947624,-0.7969778238,-1.207272568,1.575829808,-0.03572699001,0,0,,transition,10,0,-1610,17,702,10
1,106,164,1.542503298,-2.735236114,-0.6992808912,-1.264485574,1.567291791,-0.02828916659,0,0,,transition,10,0,-1610,17,702,10
1,106,165,1.549942583,-2.779524604,-0.6015839585,-1.32169858,1.558753773,-0.02085134318,0,0,,transition,10,0,-1610,17,702,10
1,106,166,1.557381868,-2.823813094,-0.5038870259,-1.378911587,1.550215756,-0.01341351977,0,1,105,task,10,0,-1610,17,702,10
1,106,167,1.557214937,-2.785556552,-0.586499318,-1.333696642,1.550274095,-0.01358039518,0,0,,transition,30,0,-1610,17,702,10
1,106,168,1.557048006,-2.747300011,-0.6691116102,-1.288481697,1.550332434,-0.01374727059,0,1,106,task,30,0,-1610,17,702,10
1,106,169,1.556873184,-2.716478701,-0.735523108,-1.252032201,1.550391448,-0.01392201298,0,0,,transition,30,0,-1610,17,702,10
1,106,170,1.556698362,-2.685657392,-0.8019346058,-1.215582705,1.550450463,-0.01409675537,0,1,107,task,30,0,-1610,17,702,10
1,106,171,1.556613179,-2.658541407,-0.8617611802,-1.180200829,1.550153433,-0.0141816107,0,0,,transition,30,0,-1610,17,702,10
1,106,172,1.556527995,-2.631425422,-0.9215877546,-1.144818954,1.549856404,-0.01426646602,0,1,108,task,30,0,-1610,17,702,10
1,106,173,1.556489785,-2.606960178,-0.9787337908,-1.106370147,1.549378801,-0.01430319639,0,0,,transition,30,0,-1610,17,702,10
1,106,174,1.556451575,-2.582494935,-1.035879827,-1.067921341,1.548901197,-0.01433992675,0,1,109,task,30,0,-1610,17,702,10
1,106,175,1.555244435,-2.540751104,-1.126482713,-1.019123822,1.551851447,-0.01554602459,0,1,110,task,30,0,-1610,17,702,10
1,106,176,1.553975538,-2.501873115,-1.210984766,-0.973567164,1.554803145,-0.01681386936,0,1,111,task,30,0,-1610,17,702,10
1,106,177,1.552640059,-2.465309835,-1.290596326,-0.9305926436,1.557756378,-0.01814830916,0,1,112,task,30,0,-1610,17,702,10
1,106,178,1.551232657,-2.430668318,-1.366183639,-0.889727496,1.560711242,-0.01955470948,0,1,113,task,30,0,-1610,17,702,10
1,106,179,1.549747407,-2.397657543,-1.438391965,-0.8506180785,1.563667843,-0.0210390238,0,1,114,task,30,0,-1610,17,702,10
1,106,180,1.548177717,-2.366055675,-1.507717281,-0.8129909116,1.566626298,-0.02260787588,0,1,115,task,30,0,-1610,17,702,10
1,106,181,1.545120568,-2.336073373,-1.574549455,-0.7756933481,1.573711432,-0.0256635098,0,1,116,task,30,0,-1610,17,702,10
1,106,182,1.541784654,-2.307273121,-1.639165344,-0.7394392322,1.581074909,-0.02899917576,0,1,117,task,30,0,-1610,17,702,10
1,106,183,1.538241641,-2.279525661,-1.701821365,-0.7041432153,1.588446661,-0.03254384665,0,1,118,task,30,0,-1610,17,702,10
1,106,184,1.53668243,-2.268815373,-1.745918516,-0.6526236361,1.591279957,-0.03407508117,0,0,,transition,30,0,-1610,17,702,10
1,106,185,1.535123218,-2.258105084,-1.790015667,-0.6011040569,1.594113253,-0.03560631569,0,1,119,task,30,0,-1610,17,702,10
1,106,186,1.534633364,-2.234034035,-1.849905801,-0.5650734269,1.592329373,-0.03609349826,0,1,120,task,30,0,-1610,17,702,10
1,106,187,1.534109388,-2.210917118,-1.908509564,-0.5293737517,1.590547898,-0.03661480694,0,1,121,task,30,0,-1610,17,702,10
1,106,188,1.533547596,-2.188737771,-1.965960678,-0.4938877574,1.58876909,-0.03717392847,0,1,122,task,30,0,-1610,17,702,10
1,106,189,1.53247344,-2.171531962,-2.014351588,-0.4602903596,1.588657604,-0.03823986528,0,1,123,task,30,0,-1610,17,702,10
1,106,190,1.569937755,-2.164922441,-2.028818068,-0.4518120138,1.586166949,-0.0008532712307,0,1,124,task,10,0,-1610,17,702,10
1,106,191,1.573621101,-2.18491606,-1.971342343,-0.4924713185,1.57725996,0.002822578299,0,1,125,task,30,0,-1610,17,702,10
1,106,192,1.578403765,-2.206323515,-1.914431775,-0.529365566,1.564955224,0.007596229141,0,1,126,task,30,0,-1610,17,702,10
1,106,193,1.582332964,-2.228962984,-1.855091332,-0.5690135264,1.554061943,0.01152122292,0,1,127,task,30,0,-1610,17,702,10
1,106,194,1.585519047,-2.252279786,-1.79171911,-0.6154248305,1.544499793,0.01471024452,0,1,128,task,30,0,-1610,17,702,10
1,106,195,1.585024666,-2.277179025,-1.719669846,-0.6765344205,1.544611347,0.01422562167,0,1,129,task,30,0,-1610,17,702,10
1,106,196,1.58447724,-2.305248645,-1.655103343,-0.7147326347,1.544952998,0.01367922473,0,1,130,task,30,0,-1610,17,702,10
1,106,197,1.583962824,-2.334392334,-1.588601679,-0.7537931176,1.545291699,0.01316572784,0,1,131,task,30,0,-1610,17,702,10
1,106,198,1.583478514,-2.364719166,-1.519890131,-0.7938814103,1.545627714,0.01268223762,0,1,132,task,30,0,-1610,17,702,10
1,106,199,1.583021737,-2.396368102,-1.448633885,-0.8351932649,1.54596128,0.01222619079,0,1,133,task,30,0,-1610,17,702,10
1,106,200,1.582590207,-2.429517287,-1.374416997,-0.8779663959,1.546292605,0.01179530836,0,1,134,task,30,0,-1610,17,702,10
1,106,201,1.582181883,-2.464398143,-1.296710996,-0.922497776,1.546621874,0.01138755727,0,1,135,task,30,0,-1610,17,702,10
1,106,202,1.58179494,-2.501317473,-1.214826108,-0.9691703054,1.546949254,0.01100111801,0,1,136,task,30,0,-1610,17,702,10
1,106,203,1.581396177,-2.540777749,-1.127219097,-1.019568024,1.547384416,0.01060292045,0,1,137,task,30,0,-1610,17,702,10
1,106,204,1.581071354,-2.562574499,-1.077215062,-1.0512987,1.548082415,0.01027872635,0,0,,transition,30,0,-1610,17,702,10
1,106,205,1.580746531,-2.584371249,-1.027211028,-1.083029377,1.548780415,0.009954532257,0,1,138,task,30,0,-1610,17,702,10
1,106,206,1.580438175,-2.608529377,-0.9723096347,-1.117297042,1.549474288,0.009646506758,0,0,,transition,30,0,-1610,17,702,10
1,106,207,1.58012982,-2.632687506,-0.917408241,-1.151564708,1.55016816,0.009338481258,0,1,139,task,30,0,-1610,17,702,10
1,106,208,1.580015003,-2.659501614,-0.8593289675,-1.184081977,1.550193823,0.009223757227,0,0,,transition,30,0,-1610,17,702,10
1,106,209,1.579900187,-2.686315722,-0.8012496939,-1.216599246,1.550219486,0.009109033196,0,1,140,task,30,0,-1610,17,702,10
1,106,210,1.57980891,-2.717346699,-0.7342748937,-1.253557711,1.550175178,0.009017819371,0,0,,transition,30,0,-1610,17,702,10
1,106,211,1.579717634,-2.748377676,-0.6673000936,-1.290516175,1.55013087,0.008926605546,0,1,141,task,30,0,-1610,17,702,10
1,106,212,1.590726942,-2.781427933,-0.5958730275,-1.330763099,1.550028721,0.01993835396,0,0,,transition,10,0,-1610,17,702,10
1,106,213,1.60173625,-2.81447819,-0.5244459615,-1.371010023,1.549926573,0.03095010237,0,1,142,task,10,0,-1610,17,702,10
1,106,214,1.602080258,-2.776956834,-0.6056996467,-1.326034574,1.549952652,0.03129399007,0,0,,transition,30,0,-1610,17,702,10
1,106,215,1.602424266,-2.739435478,-0.6869533319,-1.281059125,1.549978732,0.03163787778,0,1,143,task,30,0,-1610,17,702,10
1,106,216,1.602784725,-2.708957476,-0.7528802294,-1.244367424,1.550003039,0.0319981126,0,0,,transition,30,0,-1610,17,702,10
1,106,217,1.603145185,-2.678479474,-0.8188071269,-1.207675724,1.550027346,0.03235834742,0,1,144,task,30,0,-1610,17,702,10
1,106,218,1.603542466,-2.652061315,-0.8761629421,-1.175366832,1.549980189,0.03275529519,0,0,,transition,30,0,-1610,17,702,10
1,106,219,1.603939747,-2.625643156,-0.9335187573,-1.143057941,1.549933032,0.03315224297,0,1,145,task,30,0,-1610,17,702,10
1,106,220,1.60448151,-2.602108569,-0.986149236,-1.111777181,1.549442284,0.03369345149,0,0,,transition,30,0,-1610,17,702,10
1,106,221,1.605023273,-2.578573983,-1.038779715,-1.08049642,1.548951537,0.03423466002,0,1,146,task,30,0,-1610,17,702,10
1,106,222,1.606163748,-2.535741924,-1.13515739,-1.022584257,1.547959953,0.03537330166,0,1,147,task,30,0,-1610,17,702,10
1,106,223,1.607365795,-2.496187775,-1.224771646,-0.9681611208,1.54695746,0.0365727193,0,1,148,task,30,0,-1610,17,702,10
1,106,224,1.608528262,-2.459335008,-1.307550716,-0.9193525593,1.546293078,0.03773293915,0,1,149,task,30,0,-1610,17,702,10
1,106,225,1.609689785,-2.424572484,-1.385264498,-0.8744148242,1.545833048,0.03889260168,0,1,150,task,30,0,-1610,17,702,10
1,106,226,1.61091794,-2.391528688,-1.459538769,-0.8312005416,1.545366489,0.04011862874,0,1,151,task,30,0,-1610,17,702,10
1,106,227,1.612218647,-2.359977296,-1.530893385,-0.7894164375,1.54489282,0.04141691797,0,1,152,task,30,0,-1610,17,702,10
1,106,228,1.613598555,-2.3297441,-1.59973863,-0.7488267277,1.544411389,0.04279408957,0,1,153,task,30,0,-1610,17,702,10
1,106,229,1.61506515,-2.300693398,-1.666405638,-0.7092363081,1.543921461,0.04425760077,0,1,154,task,30,0,-1610,17,702,10
1,106,230,1.616626898,-2.272719016,-1.73116687,-0.6704792674,1.543422207,0.04581588293,0,1,155,task,30,0,-1610,17,702,10
1,106,231,1.618268436,-2.246907088,-1.797794577,-0.6230323692,1.542969927,0.04744381156,0,1,156,task,30,0,-1610,17,702,10
1,106,232,1.619987339,-2.223881414,-1.866017655,-0.5667573968,1.542587109,0.0491338516,0,1,157,task,30,0,-1610,17,702,10
1,106,233,1.621731879,-2.200098228,-1.924733016,-0.5319190805,1.542457038,0.05087655257,0,1,158,task,30,0,-1610,17,702,10
1,106,234,1.623604146,-2.177180184,-1.982354562,-0.4973133544,1.542320118,0.05274685823,0,1,159,task,30,0,-1610,17,702,10
1,106,235,1.625601868,-2.155296026,-2.038547192,-0.4631061987,1.542176778,0.05474249903,0,1,160,task,30,0,-1610,17,702,10
1,106,236,1.663679017,-2.152327867,-2.047916657,-0.4578330416,1.540088208,0.09277906001,0,1,161,task,10,0,-1610,17,702,10
1,106,237,1.660255137,-2.174347904,-1.99116244,-0.4924012199,1.540315947,0.08935822795,0,1,162,task,30,0,-1610,17,702,10
1,106,238,1.6570747,-2.197226258,-1.933461095,-0.5270664915,1.540531167,0.08618065785,0,1,163,task,30,0,-1610,17,702,10
1,106,239,1.6540015,-2.219982489,-1.870799307,-0.5721915886,1.541038505,0.0831339564,0,1,164,task,30,0,-1610,17,702,10
1,106,240,1.651094534,-2.243612444,-1.804867938,-0.622227048,1.541639071,0.08025833621,0,1,165,task,30,0,-1610,17,702,10
1,106,241,1.648346341,-2.269615282,-1.739579644,-0.6662920633,1.542290085,0.07752592747,0,1,166,task,30,0,-1610,17,702,10
1,106,242,1.645742093,-2.297505073,-1.674486325,-0.7058601824,1.542998064,0.07492814703,0,1,167,task,30,0,-1610,17,702,10
1,106,243,1.64329793,-2.32648623,-1.607497861,-0.746239746,1.543688593,0.07248965671,0,1,168,task,30,0,-1610,17,702,10
1,106,244,1.640999472,-2.35666314,-1.538340729,-0.7875991336,1.544363219,0.07019614521,0,1,169,task,30,0,-1610,17,702,10
1,106,245,1.638834019,-2.388169941,-1.466682997,-0.8301354781,1.545023315,0.0680349723,0,1,170,task,30,0,-1610,17,702,10
1,106,246,1.636790307,-2.421179404,-1.392113913,-0.8740861761,1.545670098,0.06599493099,0,1,171,task,30,0,-1610,17,702,10
1,106,247,1.634814599,-2.455879738,-1.313609894,-0.9207719568,1.546448523,0.06402286519,0,1,172,task,30,0,-1610,17,702,10
1,106,248,1.63292352,-2.492643524,-1.230677199,-0.9700691329,1.547284413,0.06213493386,0,1,173,task,30,0,-1610,17,702,10
1,106,249,1.631131067,-2.531916522,-1.142615738,-1.021991051,1.548107094,0.06034488153,0,1,174,task,30,0,-1610,17,702,10
1,106,250,1.629429698,-2.574291937,-1.048107387,-1.077262186,1.548917568,0.05864522494,0,1,175,task,30,0,-1610,17,702,10
1,106,251,1.62862116,-2.597474911,-0.9966501554,-1.107107713,1.549317153,0.05783722622,0,0,,transition,30,0,-1610,17,702,10
1,106,252,1.627812623,-2.620657884,-0.945192924,-1.136953239,1.549716738,0.05702922751,0,1,176,task,30,0,-1610,17,702,10
1,106,253,1.627129958,-2.646857525,-0.8881170843,-1.169431886,1.549789063,0.05634719647,0,0,,transition,30,0,-1610,17,702,10
1,106,254,1.626447293,-2.673057166,-0.8310412445,-1.201910532,1.549861387,0.05566516542,0,1,177,task,30,0,-1610,17,702,10
1,106,255,1.625813163,-2.703278106,-0.765430492,-1.238909198,1.549867375,0.05503143436,0,0,,transition,30,0,-1610,17,702,10
1,106,256,1.625179033,-2.733499047,-0.6998197395,-1.275907863,1.549873364,0.0543977033,0,1,178,task,30,0,-1610,17,702,10
1,106,257,1.624574135,-2.770512961,-0.6194457082,-1.32087746,1.549875366,0.05379291263,0,0,,transition,30,0,-1610,17,702,10
1,106,258,1.623969237,-2.807526875,-0.539071677,-1.365847058,1.549877369,0.05318812196,0,1,179,task,30,0,-1610,17,702,10
1,106,259,1.635834864,-2.773246991,-0.6131062146,-1.326243543,1.549878717,0.06505633887,0,0,,transition,10,0,-1610,17,702,10
1,106,260,1.647700491,-2.738967107,-0.6871407523,-1.286640028,1.549880065,0.07692455578,0,1,180,task,10,0,-1610,17,702,10
1,106,261,1.648609331,-2.707989918,-0.7548272945,-1.247642691,1.549821381,0.0778330379,0,0,,transition,30,0,-1610,17,702,10
1,106,262,1.649518171,-2.677012728,-0.8225138366,-1.208645354,1.549762696,0.07874152003,0,1,181,task,30,0,-1610,17,702,10
1,106,263,1.650476075,-2.650321276,-0.8809695905,-1.174644246,1.549682708,0.07969826991,0,0,,transition,30,0,-1610,17,702,10
1,106,264,1.651433979,-2.623629824,-0.9394253443,-1.140643137,1.549602719,0.08065501979,0,1,182,task,30,0,-1610,17,702,10
1,106,265,1.652514099,-2.600378131,-0.9907890055,-1.111313831,1.549255369,0.08173472129,0,0,,transition,30,0,-1610,17,702,10
1,106,266,1.65359422,-2.577126439,-1.042152667,-1.081984525,1.548908018,0.08281442279,0,1,183,task,30,0,-1610,17,702,10
1,106,267,1.655866091,-2.5346053,-1.136456904,-1.027772149,1.548201342,0.08508492815,0,1,184,task,30,0,-1610,17,702,10
1,106,268,1.658258506,-2.495172304,-1.224307197,-0.9769314593,1.547481751,0.08747540957,0,1,185,task,30,0,-1610,17,702,10
1,106,269,1.660781358,-2.458230327,-1.307026612,-0.9287370535,1.546748205,0.08999571564,0,1,186,task,30,0,-1610,17,702,10
1,106,270,1.663445658,-2.423358936,-1.385555516,-0.8826696123,1.54599955,0.09265680801,0,1,187,task,30,0,-1610,17,702,10
1,106,271,1.666263696,-2.390250639,-1.460591324,-0.8383398954,1.545234501,0.09547092386,0,1,188,task,30,0,-1610,17,702,10
1,106,272,1.66929292,-2.358556077,-1.533151264,-0.794508287,1.544319808,0.09849415564,0,1,189,task,30,0,-1610,17,702,10
1,106,273,1.672514045,-2.328230729,-1.603192698,-0.7517725071,1.543366861,0.1017078861,0,1,190,task,30,0,-1610,17,702,10
1,106,274,1.675940375,-2.299150335,-1.671007166,-0.7100302791,1.542387916,0.10512543,0,1,191,task,30,0,-1610,17,702,10
1,106,275,1.679592277,-2.271207631,-1.736880304,-0.6691045469,1.541380451,0.1087670258,0,1,192,task,30,0,-1610,17,702,10
1,106,276,1.683444466,-2.244808336,-1.80168675,-0.6269016069,1.540463731,0.1126030894,0,1,193,task,30,0,-1610,17,702,10
1,106,277,1.687463023,-2.22065496,-1.866316642,-0.5808610715,1.539766866,0.116592265,0,1,194,task,30,0,-1610,17,702,10
1,106,278,1.691783027,-2.197754271,-1.929533957,-0.534994791,1.539010716,0.1208770157,0,1,195,task,30,0,-1610,17,702,10
1,106,279,1.696357089,-2.175549913,-1.989929192,-0.4935208574,1.53839936,0.1254251469,0,1,196,task,30,0,-1610,17,702,10
1,106,280,1.701152529,-2.153449431,-2.046862888,-0.4589383635,1.538084797,0.1302172069,0,1,197,task,30,0,-1610,17,702,10
1,106,281,1.701891859,-2.150259134,-2.055196636,-0.4538331074,1.538036831,0.1309560233,0,1,198,task,30,0,-1610,17,702,10
1,106,282,1.74013019,-2.149088987,-2.060369017,-0.4511206134,1.536031842,0.1691635285,0,1,199,task,10,0,-1610,17,702,10
1,106,283,1.733790473,-2.170739873,-2.002806987,-0.4877443659,1.536599844,0.1628361105,0,1,200,task,30,0,-1610,17,702,10
1,106,284,1.727764336,-2.192550612,-1.941789184,-0.5312004599,1.537512043,0.1568493885,0,1,201,task,30,0,-1610,17,702,10
1,106,285,1.722172221,-2.215524488,-1.879604665,-0.5746829519,1.538353996,0.1512912242,0,1,202,task,30,0,-1610,17,702,10
1,106,286,1.716968592,-2.239658381,-1.816094058,-0.6183513738,1.539132911,0.1461166007,0,1,203,task,30,0,-1610,17,702,10
1,106,287,1.711945783,-2.265596066,-1.751166386,-0.6615477137,1.540305418,0.1411161989,0,1,204,task,30,0,-1610,17,702,10
1,106,288,1.707102718,-2.293238702,-1.684610205,-0.7045976486,1.541829668,0.1362899688,0,1,205,task,30,0,-1610,17,702,10
1,106,289,1.702563891,-2.322076663,-1.616103738,-0.7484243752,1.543305924,0.1317647292,0,1,206,task,30,0,-1610,17,702,10
1,106,290,1.698354907,-2.352185231,-1.545828041,-0.7922318707,1.544577425,0.1275651168,0,1,207,task,30,0,-1610,17,702,10
1,106,291,1.694559015,-2.383552762,-1.474578388,-0.8340333773,1.545300882,0.1237731,0,1,208,task,30,0,-1610,17,702,10
1,106,292,1.690976111,-2.416385976,-1.400488555,-0.8772197392,1.546005611,0.1201934394,0,1,209,task,30,0,-1610,17,702,10
1,106,293,1.687588691,-2.45090222,-1.323055941,-0.9220752641,1.546693098,0.1168086773,0,1,210,task,30,0,-1610,17,702,10
1,106,294,1.684381127,-2.487388468,-1.241629892,-0.9689627917,1.547364681,0.1136032253,0,1,211,task,30,0,-1610,17,702,10
1,106,295,1.681339418,-2.526233541,-1.155340805,-1.018362361,1.548021561,0.1105631199,0,1,212,task,30,0,-1610,17,702,10
1,106,296,1.678450984,-2.567983364,-1.062978953,-1.070937112,1.548664821,0.1076758153,0,1,213,task,30,0,-1610,17,702,10
1,106,297,1.677077736,-2.590713191,-1.012875003,-1.099295885,1.548980131,0.1063029115,0,0,,transition,30,0,-1610,17,702,10
1,106,298,1.675704489,-2.613443017,-0.9627710527,-1.127654657,1.549295442,0.1049300077,0,1,214,task,30,0,-1610,17,702,10
1,106,299,1.674418468,-2.639779461,-0.9041750098,-1.163201799,1.549525905,0.1036457949,0,0,,transition,30,0,-1610,17,702,10
1,106,300,1.673132448,-2.666115904,-0.845578967,-1.198748942,1.549756368,0.1023615822,0,1,215,task,30,0,-1610,17,702,10
1,106,301,1.671915535,-2.697017416,-0.7769868202,-1.240406799,1.549945903,0.1011440625,0,0,,transition,30,0,-1610,17,702,10
1,106,302,1.670698623,-2.727918927,-0.7083946733,-1.282064656,1.550135437,0.09992654273,0,1,216,task,30,0,-1610,17,702,10
1,106,303,1.669558515,-2.765095188,-0.6272447818,-1.328438387,1.550237484,0.09878450125,0,0,,transition,30,0,-1610,17,702,10
1,106,304,1.668418408,-2.802271449,-0.5460948904,-1.374812118,1.55033953,0.09764245976,0,1,217,task,30,0,-1610,17,702,10
1,106,305,1.680470353,-2.775240803,-0.6041885296,-1.344508523,1.550508757,0.109695489,0,0,,transition,10,0,-1610,17,702,10
1,106,306,1.692522297,-2.748210156,-0.6622821688,-1.314204927,1.550677983,0.1217485183,0,1,218,task,10,0,-1610,17,702,10
1,106,307,1.693940116,-2.716929448,-0.729409484,-1.277788521,1.550651684,0.1231673118,0,0,,transition,30,0,-1610,17,702,10
1,106,308,1.695357934,-2.685648741,-0.7965367992,-1.241372114,1.550625385,0.1245861054,0,1,219,task,30,0,-1610,17,702,10
1,106,309,1.697012306,-2.656085763,-0.8654250059,-1.193308078,1.549986186,0.1262422024,0,0,,transition,30,0,-1610,17,702,10
1,106,310,1.698666678,-2.626522786,-0.9343132126,-1.145244043,1.549346986,0.1278982995,0,1,220,task,30,0,-1610,17,702,10
1,106,311,1.700312246,-2.60308142,-0.9862000481,-1.115385987,1.549021068,0.1295430756,0,0,,transition,30,0,-1610,17,702,10
1,106,312,1.701957814,-2.579640055,-1.038086883,-1.085527931,1.548695149,0.1311878518,0,1,221,task,30,0,-1610,17,702,10
1,106,313,1.705396805,-2.537085192,-1.131930844,-1.03260521,1.548101429,0.1346261661,0,1,222,task,30,0,-1610,17,702,10
1,106,314,1.709016146,-2.497584725,-1.219355984,-0.983055058,1.547494058,0.1382444514,0,1,223,task,30,0,-1610,17,702,10
1,106,315,1.712830454,-2.460543671,-1.301677069,-0.9361584344,1.546871977,0.1420572988,0,1,224,task,30,0,-1610,17,702,10
1,106,316,1.716855973,-2.425542299,-1.37982878,-0.8914012272,1.546234015,0.1460809263,0,1,225,task,30,0,-1610,17,702,10
1,106,317,1.721110809,-2.392272819,-1.454504431,-0.848398853,1.545578874,0.1503334125,0,1,226,task,30,0,-1610,17,702,10
1,106,318,1.725615209,-2.360503034,-1.526235834,-0.8068527609,1.544905112,0.154834973,0,1,227,task,30,0,-1610,17,702,10
1,106,319,1.730391885,-2.330054183,-1.595442244,-0.766523667,1.54421112,0.159608286,0,1,228,task,30,0,-1610,17,702,10
1,106,320,1.735580407,-2.300816288,-1.663251583,-0.7254598739,1.543168858,0.1647900475,0,1,229,task,30,0,-1610,17,702,10
1,106,321,1.741662984,-2.272987791,-1.732665772,-0.677059984,1.540545262,0.1708470526,0,1,230,task,30,0,-1610,17,702,10
1,106,322,1.748162043,-2.246638633,-1.799792908,-0.6300369141,1.537854197,0.1773145008,0,1,231,task,30,0,-1610,17,702,10
1,106,323,1.755072758,-2.222180927,-1.863637647,-0.5868159707,1.535214907,0.1842040331,0,1,232,task,30,0,-1610,17,702,10
1,106,324,1.762491787,-2.198876794,-1.926115433,-0.5438618171,1.532499968,0.1915982423,0,1,233,task,30,0,-1610,17,702,10
1,106,325,1.770477669,-2.176722016,-1.987390348,-0.5010217405,1.529701329,0.1995554053,0,1,234,task,30,0,-1610,17,702,10
1,106,326,1.77909835,-2.155734612,-2.04760888,-0.4581396753,1.526809763,0.2081431983,0,1,235,task,30,0,-1610,17,702,10
1,106,327,1.79329129,-2.151776487,-2.071028258,-0.4354343973,1.49970603,0.2225392246,0,1,236,task,30,0,-1610,17,702,10
1,106,328,1.831270637,-2.153991056,-2.071126201,-0.4358610306,1.497702288,0.26056446,0,1,237,task,10,0,-1610,17,702,10
1,106,329,1.820363311,-2.174618907,-2.013832721,-0.4720024497,1.501320629,0.2496051362,0,1,238,task,30,0,-1610,17,702,10
1,106,330,1.810237605,-2.196235455,-1.955619022,-0.5081992242,1.504900505,0.2394353639,0,1,239,task,30,0,-1610,17,702,10
1,106,331,1.793995463,-2.217697542,-1.892459972,-0.5516677993,1.525852675,0.2230332226,0,1,240,task,30,0,-1610,17,702,10
1,106,332,1.783881547,-2.240081405,-1.823394761,-0.6092857781,1.533511209,0.213003938,0,1,241,task,30,0,-1610,17,702,10
1,106,333,1.774360915,-2.26445801,-1.749260308,-0.674294089,1.541279618,0.2035660887,0,1,242,task,30,0,-1610,17,702,10
1,106,334,1.769199451,-2.292103104,-1.682721733,-0.7179212335,1.538361973,0.19844623,0,1,243,task,30,0,-1610,17,702,10
1,106,335,1.765246721,-2.321070468,-1.61750708,-0.7553269455,1.532814005,0.1945320444,0,1,244,task,30,0,-1610,17,702,10
1,106,336,1.761525021,-2.351121537,-1.550274584,-0.7936323413,1.527252295,0.190853462,0,1,245,task,30,0,-1610,17,702,10
1,106,337,1.758014467,-2.382379419,-1.480724811,-0.833016607,1.521678286,0.1873904224,0,1,246,task,30,0,-1610,17,702,10
1,106,338,1.754434577,-2.41515637,-1.407124721,-0.8762883211,1.516926436,0.1838604266,0,1,247,task,30,0,-1610,17,702,10
1,106,339,1.750837051,-2.449756363,-1.329053204,-0.9233473708,1.512846341,0.1803120452,0,1,248,task,30,0,-1610,17,702,10
1,106,340,1.747432376,-2.486372252,-1.246946445,-0.9724096274,1.508738947,0.1769564113,0,1,249,task,30,0,-1610,17,702,10
1,106,341,1.744205303,-2.525396424,-1.159921229,-1.023967224,1.504606617,0.173778358,0,1,250,task,30,0,-1610,17,702,10
1,106,342,1.741142148,-2.567381858,-1.066747377,-1.078698555,1.500451479,0.1707642721,0,1,251,task,30,0,-1610,17,702,10
1,106,343,1.739686372,-2.590264321,-1.016182941,-1.108145712,1.498363464,0.1693330858,0,0,,transition,30,0,-1610,17,702,10
1,106,344,1.738230595,-2.613146785,-0.9656185046,-1.137592869,1.49627545,0.1679018995,0,1,252,task,30,0,-1610,17,702,10
1,106,345,1.736420906,-2.638520221,-0.9107022099,-1.167991544,1.495737975,0.166094929,0,0,,transition,30,0,-1610,17,702,10
1,106,346,1.734611217,-2.663893657,-0.8557859153,-1.198390219,1.495200499,0.1642879585,0,1,253,task,30,0,-1610,17,702,10
1,106,347,1.732715168,-2.692711763,-0.7937952562,-1.23205301,1.495299678,0.162385801,0,0,,transition,30,0,-1610,17,702,10
1,106,348,1.730819118,-2.721529869,-0.7318045971,-1.2657158,1.495398857,0.1604836435,0,1,254,task,30,0,-1610,17,702,10
1,106,349,1.729008834,-2.755951179,-0.6576168937,-1.305979664,1.495494489,0.1586674482,0,0,,transition,30,0,-1610,17,702,10
1,106,350,1.727198549,-2.790372488,-0.5834291903,-1.346243529,1.495590121,0.1568512529,0,1,255,task,30,0,-1610,17,702,10
1,106,351,1.751619622,-2.752964234,-0.6675352379,-1.301070087,1.495738664,0.1813410466,0,1,256,task,10,0,-1610,17,702,10
1,106,352,1.75374099,-2.72196555,-0.7343760886,-1.264656871,1.49561309,0.1834696295,0,0,,transition,30,0,-1610,17,702,10
1,106,353,1.755862359,-2.690966866,-0.8012169393,-1.228243655,1.495487517,0.1855982124,0,1,257,task,30,0,-1610,17,702,10
1,106,354,1.758085484,-2.66420072,-0.8588644811,-1.196800057,1.495357208,0.1878287706,0,0,,transition,30,0,-1610,17,702,10
1,106,355,1.760308608,-2.637434573,-0.9165120229,-1.165356458,1.495226899,0.1900593287,0,1,258,task,30,0,-1610,17,702,10
1,106,356,1.762621805,-2.613767076,-0.9681416734,-1.136884005,1.495158047,0.1923792481,0,0,,transition,30,0,-1610,17,702,10
1,106,357,1.764935003,-2.590099579,-1.019771324,-1.108411551,1.495089196,0.1946991676,0,1,259,task,30,0,-1610,17,702,10
1,106,358,1.769788557,-2.546934433,-1.114316334,-1.056042221,1.494960789,0.1995663629,0,1,260,task,30,0,-1610,17,702,10
1,106,359,1.774892609,-2.506907587,-1.202215641,-1.007200752,1.494822114,0.2046845715,0,1,261,task,30,0,-1610,17,702,10
1,106,360,1.780267072,-2.469390413,-1.284853041,-0.9611336957,1.494672516,0.2100737596,0,1,262,task,30,0,-1610,17,702,10
1,106,361,1.785934022,-2.433941764,-1.36320487,-0.9173077781,1.494511286,0.2157560688,0,1,263,task,30,0,-1610,17,702,10
1,106,362,1.791918011,-2.400239003,-1.437990985,-0.875327914,1.494337659,0.2217561206,0,1,264,task,30,0,-1610,17,702,10
1,106,363,1.798246414,-2.368038786,-1.509760772,-0.8348904598,1.49415081,0.2281013734,0,1,265,task,30,0,-1610,17,702,10
1,106,364,1.804949854,-2.337153308,-1.578945394,-0.79575475,1.49394985,0.2348225438,0,1,266,task,30,0,-1610,17,702,10
1,106,365,1.812062697,-2.307435217,-1.64589121,-0.7577248141,1.493733817,0.2419541042,0,1,267,task,30,0,-1610,17,702,10
1,106,366,1.819623638,-2.278767674,-1.710882062,-0.7206370873,1.493501678,0.2495348754,0,1,268,task,30,0,-1610,17,702,10
1,106,367,1.828208597,-2.252808447,-1.786905144,-0.6534264918,1.491737856,0.2580420119,0,1,269,task,30,0,-1610,17,702,10
1,106,368,1.835908017,-2.231160309,-1.863822507,-0.5759010919,1.493587126,0.2654313973,0,1,270,task,30,0,-1610,17,702,10
1,106,369,1.844642036,-2.208332272,-1.92471202,-0.5357299316,1.494328424,0.2741191005,0,1,271,task,30,0,-1610,17,702,10
1,106,370,1.854023701,-2.186584023,-1.984455732,-0.4956581204,1.494997614,0.2834513001,0,1,272,task,30,0,-1610,17,702,10
1,106,371,1.864128049,-2.165930815,-2.043188712,-0.4555403354,1.495586835,0.2935027767,0,1,273,task,30,0,-1610,17,702,10
1,106,372,1.86888838,-2.157084359,-2.069081558,-0.4375991878,1.49582144,0.2982383653,0,1,274,task,30,0,-1610,17,702,10
1,106,373,1.906040285,-2.161046232,-2.064899924,-0.4406394482,1.494067939,0.3354558913,0,1,275,task,10,0,-1610,17,702,10
1,106,374,1.894353661,-2.180969071,-2.006337011,-0.4818206032,1.493443918,0.3238425653,0,1,276,task,30,0,-1610,17,702,10
1,106,375,1.883513259,-2.20204449,-1.94678969,-0.5228785528,1.492716231,0.3130703507,0,1,277,task,30,0,-1610,17,702,10
1,106,376,1.873430381,-2.224245351,-1.886127184,-0.5639649775,1.491895172,0.3030509466,0,1,278,task,30,0,-1610,17,702,10
1,106,377,1.863941915,-2.246403704,-1.815963298,-0.6258891879,1.491319176,0.293783102,0,1,279,task,30,0,-1610,17,702,10
1,106,378,1.85471484,-2.271234842,-1.743642198,-0.6874202048,1.491578104,0.2846908459,0,1,280,task,30,0,-1610,17,702,10
1,106,379,1.845739808,-2.298852949,-1.676275458,-0.7320628377,1.492608768,0.2757137262,0,1,281,task,30,0,-1610,17,702,10
1,106,380,1.837350813,-2.327752169,-1.607314284,-0.776539037,1.493466589,0.2673150325,0,1,282,task,30,0,-1610,17,702,10
1,106,381,1.829627001,-2.357951113,-1.539062257,-0.8155920887,1.493757261,0.2595710254,0,1,283,task,30,0,-1610,17,702,10
1,106,382,1.822339448,-2.389417553,-1.468366175,-0.8558595671,1.494028582,0.2522642296,0,1,284,task,30,0,-1610,17,702,10
1,106,383,1.81545228,-2.422320309,-1.394832457,-0.8975629055,1.494281784,0.2453586574,0,1,285,task,30,0,-1610,17,702,10
1,106,384,1.808933443,-2.456877059,-1.317964362,-0.9409782116,1.494518008,0.2388221571,0,1,286,task,30,0,-1610,17,702,10
1,106,385,1.802754211,-2.493374008,-1.237118577,-0.9864599611,1.494738309,0.2326259163,0,1,287,task,30,0,-1610,17,702,10
1,106,386,1.796888762,-2.532197722,-1.151435309,-1.03447903,1.494943667,0.2267440403,0,1,288,task,30,0,-1610,17,702,10
1,106,387,1.791313824,-2.573889603,-1.05971894,-1.085687528,1.495134991,0.2211531921,0,1,289,task,30,0,-1610,17,702,10
1,106,388,1.786008367,-2.619246281,-0.9602183166,-1.141038085,1.49531312,0.215832285,0,1,290,task,30,0,-1610,17,702,10
1,106,389,1.783464416,-2.644601248,-0.9052179715,-1.171333733,1.495455269,0.2132798799,0,0,,transition,30,0,-1610,17,702,10
1,106,390,1.780920466,-2.669956214,-0.8502176264,-1.20162938,1.495597418,0.2107274748,0,1,291,task,30,0,-1610,17,702,10
1,106,391,1.778485363,-2.698971076,-0.7875546453,-1.235957859,1.495765051,0.2082836273,0,0,,transition,30,0,-1610,17,702,10
1,106,392,1.77605026,-2.727985938,-0.7248916643,-1.270286338,1.495932684,0.2058397797,0,1,292,task,30,0,-1610,17,702,10
1,106,393,1.773725099,-2.76282592,-0.649559071,-1.311469213,1.496094241,0.2035060696,0,0,,transition,30,0,-1610,17,702,10
1,106,394,1.771399938,-2.797665901,-0.5742264777,-1.352652089,1.496255797,0.2011723595,0,1,293,task,30,0,-1610,17,702,10
1,106,395,1.795443986,-2.772723671,-0.631367815,-1.322353258,1.496595846,0.2252806576,0,1,294,task,10,0,-1610,17,702,10
1,106,396,1.798077167,-2.740334614,-0.7015348731,-1.283713761,1.49637309,0.2279243689,0,0,,transition,30,0,-1610,17,702,10
1,106,397,1.800710347,-2.707945557,-0.7717019312,-1.245074263,1.496150334,0.2305680802,0,1,295,task,30,0,-1610,17,702,10
1,106,398,1.803469143,-2.680375063,-0.8314112772,-1.212085883,1.495918984,0.2333375445,0,0,,transition,30,0,-1610,17,702,10
1,106,399,1.806227939,-2.652804569,-0.8911206232,-1.179097503,1.495687634,0.2361070089,0,1,296,task,30,0,-1610,17,702,10
1,106,400,1.809095546,-2.62860133,-0.9441605209,-1.149476254,1.495538038,0.2389838453,0,0,,transition,30,0,-1610,17,702,10
1,106,401,1.811963154,-2.604398091,-0.9972004185,-1.119855006,1.495388441,0.2418606817,0,1,297,task,30,0,-1610,17,702,10
1,106,402,1.81797133,-2.560559797,-1.093845434,-1.065531113,1.495118238,0.2478867863,0,1,298,task,30,0,-1610,17,702,10
1,106,403,1.824287384,-2.520087883,-1.183385173,-1.014973122,1.494829238,0.2542211075,0,1,299,task,30,0,-1610,17,702,10
1,106,404,1.8309355,-2.482290625,-1.267344211,-0.9673505122,1.494520214,0.2608878906,0,1,300,task,30,0,-1610,17,702,10
1,106,405,1.837942453,-2.446689334,-1.34678415,-0.9220829674,1.49418984,0.26791398,0,1,301,task,30,0,-1610,17,702,10
1,106,406,1.84533796,-2.412937909,-1.422479759,-0.8787447298,1.493836683,0.2753291751,0,1,302,task,30,0,-1610,17,702,10
1,106,407,1.853155093,-2.380777943,-1.49501742,-0.8370110858,1.493459192,0.2831666456,0,1,303,task,30,0,-1610,17,702,10
1,106,408,1.861490077,-2.349992124,-1.565898629,-0.7943771102,1.492875003,0.2915183565,0,1,304,task,30,0,-1610,17,702,10
1,106,409,1.870342388,-2.320518064,-1.634485686,-0.7526433665,1.492220862,0.3003860116,0,1,305,task,30,0,-1610,17,702,10
1,106,410,1.879754392,-2.292239761,-1.700973182,-0.7118692831,1.491510976,0.309812406,0,1,306,task,30,0,-1610,17,702,10
1,106,411,1.889780576,-2.26506319,-1.765618952,-0.6718974133,1.490740689,0.3198520993,0,1,307,task,30,0,-1610,17,702,10
1,106,412,1.900213286,-2.241127315,-1.836015251,-0.6129706683,1.490488511,0.330145557,0,1,308,task,30,0,-1610,17,702,10
1,106,413,1.911339523,-2.219052764,-1.904116094,-0.555130456,1.490209826,0.3410802729,0,1,309,task,30,0,-1610,17,702,10
1,106,414,1.922752242,-2.197505647,-1.964785036,-0.5125377421,1.491175877,0.3524020028,0,1,310,task,30,0,-1610,17,702,10
1,106,415,1.935033198,-2.17715562,-2.024347977,-0.4698967622,1.492017246,0.3645842692,0,1,311,task,30,0,-1610,17,702,10
1,106,416,1.942628802,-2.165866131,-2.058592504,-0.4449671364,1.492444495,0.3721185457,0,1,312,task,30,0,-1610,17,702,10
1,106,417,1.978564495,-2.171533339,-2.050175719,-0.4505628217,1.49095211,0.4081358594,0,1,313,task,10,0,-1610,17,702,10
1,106,418,1.964706601,-2.190766105,-1.990363183,-0.4961045951,1.489925714,0.3944355747,0,1,314,task,30,0,-1610,17,702,10
1,106,419,1.951841578,-2.211328149,-1.929423435,-0.5415220682,1.488737385,0.3817136747,0,1,315,task,30,0,-1610,17,702,10
1,106,420,1.939024032,-2.233146766,-1.864206122,-0.5938146858,1.489588118,0.3690409686,0,1,316,task,30,0,-1610,17,702,10
1,106,421,1.92709963,-2.256507819,-1.797383892,-0.6462563586,1.49019295,0.3572258879,0,1,317,task,30,0,-1610,17,702,10
1,106,422,1.915908917,-2.28213133,-1.731564784,-0.6918778216,1.490726597,0.3460686341,0,1,318,task,30,0,-1610,17,702,10
1,106,423,1.905339819,-2.309709192,-1.667072172,-0.7302827491,1.491338014,0.3354778724,0,1,319,task,30,0,-1610,17,702,10
1,106,424,1.895397545,-2.338382186,-1.600656858,-0.7695765753,1.49190695,0.3255147294,0,1,320,task,30,0,-1610,17,702,10
1,106,425,1.886028419,-2.368254764,-1.532049727,-0.8099180639,1.49243628,0.3161253481,0,1,321,task,30,0,-1610,17,702,10
1,106,426,1.877184669,-2.399460742,-1.460923143,-0.8514958516,1.492928654,0.3072618092,0,1,322,task,30,0,-1610,17,702,10
1,106,427,1.868823646,-2.432172197,-1.386870714,-0.8945396781,1.493386519,0.2988813417,0,1,323,task,30,0,-1610,17,702,10
1,106,428,1.860880428,-2.466594098,-1.309199779,-0.9396958506,1.493900624,0.2909178497,0,1,324,task,30,0,-1610,17,702,10
1,106,429,1.853346491,-2.503056595,-1.227374497,-0.9870244874,1.49439231,0.2833635396,0,1,325,task,30,0,-1610,17,702,10
1,106,430,1.846193999,-2.541969576,-1.140505326,-1.03698286,1.494853153,0.276190626,0,1,326,task,30,0,-1610,17,702,10
1,106,431,1.839394872,-2.58390856,-1.047317326,-1.09026738,1.495285113,0.2693709787,0,1,327,task,30,0,-1610,17,702,10
1,106,432,1.836159289,-2.606819578,-0.9966201803,-1.119086571,1.495487556,0.2661250644,0,0,,transition,30,0,-1610,17,702,10
1,106,433,1.832923707,-2.629730597,-0.945923035,-1.147905762,1.495689998,0.2628791502,0,1,328,task,30,0,-1610,17,702,10
1,106,434,1.829816142,-2.655473983,-0.889599149,-1.179582665,1.495968642,0.2597594632,0,0,,transition,30,0,-1610,17,702,10
1,106,435,1.826708577,-2.681217369,-0.833275263,-1.211259568,1.496247285,0.2566397762,0,1,329,task,30,0,-1610,17,702,10
1,106,436,1.82372801,-2.710951471,-0.7686220293,-1.247323367,1.496573947,0.2536458474,0,0,,transition,30,0,-1610,17,702,10
1,106,437,1.820747443,-2.740685573,-0.7039687957,-1.283387165,1.496900608,0.2506519185,0,1,330,task,30,0,-1610,17,702,10
1,106,438,1.817901366,-2.776946682,-0.6251341836,-1.327119187,1.497214977,0.2477923955,0,0,,transition,30,0,-1610,17,702,10
1,106,439,1.815055289,-2.81320779,-0.5462995716,-1.370851209,1.497529346,0.2449328724,0,1,331,task,30,0,-1610,17,702,10
1,106,440,1.838257082,-2.801971048,-0.572869241,-1.359041316,1.498489651,0.2681818053,0,1,332,task,10,0,-1610,17,702,10
1,106,441,1.841422792,-2.766816944,-0.6497060604,-1.315647132,1.497988658,0.2713664803,0,0,,transition,30,0,-1610,17,702,10
1,106,442,1.844588502,-2.73166284,-0.7265428799,-1.272252947,1.497487664,0.2745511553,0,1,333,task,30,0,-1610,17,702,10
1,106,443,1.847905426,-2.702573112,-0.7902375532,-1.235954394,1.496966344,0.2778862378,0,0,,transition,30,0,-1610,17,702,10
1,106,444,1.85122235,-2.673483383,-0.8539322266,-1.19965584,1.496445023,0.2812213204,0,1,334,task,30,0,-1610,17,702,10
1,106,445,1.854657622,-2.64832243,-0.9096695872,-1.167485002,1.496057853,0.2846706986,0,0,,transition,30,0,-1610,17,702,10
1,106,446,1.858092895,-2.623161477,-0.9654069477,-1.135314164,1.495670683,0.2881200768,0,1,335,task,30,0,-1610,17,702,10
1,106,447,1.86168199,-2.600642936,-1.015730224,-1.10596487,1.495324048,0.2917211594,0,0,,transition,30,0,-1610,17,702,10
1,106,448,1.865271086,-2.578124395,-1.0660535,-1.076615576,1.494977412,0.2953222419,0,1,336,task,30,0,-1610,17,702,10
1,106,449,1.872816877,-2.536882416,-1.158750027,-1.022110494,1.494238897,0.3028903046,0,1,337,task,30,0,-1610,17,702,10
1,106,450,1.88075819,-2.498625542,-1.245278239,-0.9708409561,1.493454585,0.3108521651,0,1,338,task,30,0,-1610,17,702,10
1,106,451,1.888985487,-2.462904824,-1.325113915,-0.92554388,1.493089982,0.3191003758,0,1,339,task,30,0,-1610,17,702,10
1,106,452,1.897659204,-2.429103386,-1.401054722,-0.8822635298,1.492700961,0.3277958037,0,1,340,task,30,0,-1610,17,702,10
1,106,453,1.906816215,-2.396948931,-1.473716518,-0.8406601258,1.492286042,0.3369754534,0,1,341,task,30,0,-1610,17,702,10
1,106,454,1.916497513,-2.366234426,-1.543575955,-0.800468287,1.491843655,0.3466804681,0,1,342,task,30,0,-1610,17,702,10
1,106,455,1.926748791,-2.336799715,-1.611011112,-0.7614748589,1.491372131,0.3569567153,0,1,343,task,30,0,-1610,17,702,10
1,106,456,1.93762112,-2.308519606,-1.676328078,-0.7235043242,1.490869709,0.3678554728,0,1,344,task,30,0,-1610,17,702,10
1,106,457,1.949171753,-2.281295922,-1.739779008,-0.6864087928,1.49033454,0.3794342354,0,1,345,task,30,0,-1610,17,702,10
1,106,458,1.961443803,-2.256384231,-1.805228723,-0.6402679015,1.489747538,0.3916663606,0,1,346,task,30,0,-1610,17,702,10
1,106,459,1.974571455,-2.233120783,-1.869853544,-0.5922763982,1.48898221,0.4047198808,0,1,347,task,30,0,-1610,17,702,10
1,106,460,1.988657191,-2.211227901,-1.932976331,-0.544514559,1.488010198,0.4187100148,0,1,348,task,30,0,-1610,17,702,10
1,106,461,2.003103656,-2.191198745,-1.995284899,-0.494689643,1.488458374,0.4329647422,0,1,349,task,30,0,-1610,17,702,10
1,106,462,2.013767178,-2.178037179,-2.039670615,-0.4574029755,1.489590166,0.4434265524,0,1,350,task,30,0,-1610,17,702,10
1,106,463,2.048166713,-2.185367205,-2.027102123,-0.4654607533,1.488356562,0.4779193715,0,1,351,task,10,0,-1610,17,702,10
1,106,464,2.032439096,-2.203182462,-1.961753636,-0.526837005,1.486969924,0.4626212959,0,1,352,task,30,0,-1610,17,702,10
1,106,465,2.016662006,-2.224421138,-1.900788433,-0.5715020156,1.488084065,0.4469128476,0,1,353,task,30,0,-1610,17,702,10
1,106,466,2.001949898,-2.246931367,-1.838442132,-0.6163916504,1.48901262,0.4322555729,0,1,354,task,30,0,-1610,17,702,10
1,106,467,1.988200464,-2.270717557,-1.774552079,-0.6616491533,1.489771735,0.4185478607,0,1,355,task,30,0,-1610,17,702,10
1,106,468,1.975325666,-2.296386224,-1.710702536,-0.7028417757,1.490336121,0.4056745448,0,1,356,task,30,0,-1610,17,702,10
1,106,469,1.963220544,-2.323826943,-1.647132137,-0.7394549084,1.490795768,0.3935368956,0,1,357,task,30,0,-1610,17,702,10
1,106,470,1.951808472,-2.352349848,-1.581603026,-0.7770103527,1.491230994,0.382094421,0,1,358,task,30,0,-1610,17,702,10
1,106,471,1.941032662,-2.382061554,-1.51384946,-0.8156613704,1.491642821,0.3712900779,0,1,359,task,30,0,-1610,17,702,10
1,106,472,1.93084225,-2.413097765,-1.443546487,-0.8555919988,1.492032281,0.3610727819,0,1,360,task,30,0,-1610,17,702,10
1,106,473,1.92119156,-2.445632335,-1.370289589,-0.8970282538,1.492400392,0.3513966646,0,1,361,task,30,0,-1610,17,702,10
1,106,474,1.91203947,-2.479890951,-1.293564347,-0.940254714,1.492748154,0.3422204361,0,1,362,task,30,0,-1610,17,702,10
1,106,475,1.903348865,-2.516172491,-1.212699405,-0.9856401351,1.493076534,0.3335068376,0,1,363,task,30,0,-1610,17,702,10
1,106,476,1.895086175,-2.554883925,-1.126789915,-1.033679055,1.493386468,0.3252221693,0,1,364,task,30,0,-1610,17,702,10
1,106,477,1.887006186,-2.597294267,-1.030706318,-1.09138146,1.494453153,0.3171209552,0,1,365,task,30,0,-1610,17,702,10
1,106,478,1.883108188,-2.62089603,-0.9770336007,-1.124322188,1.495151882,0.3132084871,0,0,,transition,30,0,-1610,17,702,10
1,106,479,1.87921019,-2.644497793,-0.9233608835,-1.157262916,1.495850612,0.3092960189,0,1,366,task,30,0,-1610,17,702,10
1,106,480,1.875443627,-2.671428786,-0.8629692592,-1.193719569,1.496712976,0.3055058139,0,0,,transition,30,0,-1610,17,702,10
1,106,481,1.871677065,-2.698359778,-0.8025776349,-1.230176222,1.497575341,0.3017156089,0,1,367,task,30,0,-1610,17,702,10
1,106,482,1.868040729,-2.730256531,-0.7318099664,-1.272157888,1.498573179,0.2980470726,0,0,,transition,30,0,-1610,17,702,10
1,106,483,1.864404393,-2.762153283,-0.6610422979,-1.314139553,1.499571018,0.2943785364,0,1,368,task,30,0,-1610,17,702,10
1,106,484,1.861049788,-2.801604624,-0.574854238,-1.362551911,1.500087801,0.2910007279,0,0,,transition,30,0,-1610,17,702,10
1,106,485,1.857695183,-2.841055964,-0.4886661782,-1.410964268,1.500604585,0.2876229195,0,1,369,task,30,0,-1610,17,702,10
1,106,486,1.879843468,-2.843857193,-0.4853036526,-1.41437606,1.501719026,0.3098020293,0,1,370,task,10,0,-1610,17,702,10
1,106,487,1.883324646,-2.805165826,-0.5689638925,-1.369128689,1.501636558,0.3132955933,0,0,,transition,30,0,-1610,17,702,10
1,106,488,1.886805824,-2.766474459,-0.6526241324,-1.323881317,1.50155409,0.3167891572,0,1,371,task,30,0,-1610,17,702,10
1,106,489,1.890607926,-2.734824015,-0.7221242629,-1.284028559,1.500867387,0.3206215854,0,0,,transition,30,0,-1610,17,702,10
1,106,490,1.894410028,-2.703173572,-0.7916243934,-1.2441758,1.500180684,0.3244540136,0,1,372,task,30,0,-1610,17,702,10
1,106,491,1.899111523,-2.67356683,-0.8638595369,-1.190262588,1.496840711,0.3292148815,0,0,,transition,30,0,-1610,17,702,10
1,106,492,1.903813019,-2.643960087,-0.9360946804,-1.136349377,1.493500738,0.3339757493,0,1,373,task,30,0,-1610,17,702,10
1,106,493,1.911861222,-2.598790613,-1.035614985,-1.081371961,1.493239978,0.3420460559,0,1,374,task,30,0,-1610,17,702,10
1,106,494,1.920302831,-2.557422672,-1.127064563,-1.030698927,1.492965346,0.350510814,0,1,375,task,30,0,-1610,17,702,10
1,106,495,1.929166847,-2.519020029,-1.212281265,-0.9833314727,1.492676271,0.359399138,0,1,376,task,30,0,-1610,17,702,10
1,106,496,1.938485133,-2.483019645,-1.292507912,-0.9385929281,1.492372177,0.3687430162,0,1,377,task,30,0,-1610,17,702,10
1,106,497,1.94829276,-2.449022507,-1.368631177,-0.8959990738,1.492052494,0.3785776648,0,1,378,task,30,0,-1610,17,702,10
1,106,498,1.958628419,-2.416735092,-1.441309749,-0.855188564,1.491716662,0.3889419344,0,1,379,task,30,0,-1610,17,702,10
1,106,499,1.969534878,-2.385935478,-1.511048658,-0.8158825378,1.491364148,0.3998787774,0,1,380,task,30,0,-1610,17,702,10
1,106,500,1.981059523,-2.356452525,-1.578245072,-0.7778596982,1.490994458,0.411435787,0,1,381,task,30,0,-1610,17,702,10
1,106,501,1.993254976,-2.328152521,-1.643217878,-0.7409401547,1.490607163,0.4236658192,0,1,382,task,30,0,-1610,17,702,10
1,106,502,2.006179808,-2.3009303,-1.706227557,-0.7049745062,1.490201925,0.4366277147,0,1,383,task,30,0,-1610,17,702,10
1,106,503,2.020197368,-2.275586542,-1.76871654,-0.6663592331,1.488935277,0.4506908846,0,1,384,task,30,0,-1610,17,702,10
1,106,504,2.035257729,-2.251749965,-1.830115546,-0.6268291131,1.487220619,0.4658015298,0,1,385,task,30,0,-1610,17,702,10
1,106,505,2.051322275,-2.22901937,-1.8900247,-0.5878201792,1.485423737,0.4819189036,0,1,386,task,30,0,-1610,17,702,10
1,106,506,2.068490803,-2.207376868,-1.94858662,-0.5492239728,1.48353975,0.499143635,0,1,387,task,30,0,-1610,17,702,10
1,106,507,2.08402405,-2.189307595,-1.996323426,-0.5202221573,1.48216779,0.5147654412,0,1,388,task,30,0,-1610,17,702,10
1,106,508,2.116256641,-2.199173558,-1.97942783,-0.5301187859,1.482003424,0.5471248686,0,1,389,task,10,0,-1610,17,702,10
1,106,509,2.097876387,-2.220519329,-1.924693005,-0.561838345,1.482354869,0.5286612877,0,1,390,task,30,0,-1610,17,702,10
1,106,510,2.080636871,-2.24275016,-1.868767387,-0.593976144,1.482729595,0.5113440999,0,1,391,task,30,0,-1610,17,702,10
1,106,511,2.064423259,-2.265868033,-1.811476565,-0.626778056,1.483167767,0.495058361,0,1,392,task,30,0,-1610,17,702,10
1,106,512,2.04771172,-2.288836129,-1.746264015,-0.6755864062,1.487698993,0.478299237,0,1,393,task,30,0,-1610,17,702,10
1,106,513,2.032745828,-2.31405218,-1.681059616,-0.7202356276,1.489972316,0.4633046552,0,1,394,task,30,0,-1610,17,702,10
1,106,514,2.019501546,-2.341398092,-1.616351075,-0.7597415008,1.489644014,0.4500714788,0,1,395,task,30,0,-1610,17,702,10
1,106,515,2.007004099,-2.369953943,-1.549500427,-0.8002319801,1.489250906,0.4375835917,0,1,396,task,30,0,-1610,17,702,10
1,106,516,1.995193688,-2.39983692,-1.480210987,-0.8418812057,1.4887975,0.425781197,0,1,397,task,30,0,-1610,17,702,10
1,106,517,1.984016553,-2.431198861,-1.408115541,-0.8848998579,1.488287946,0.4146105528,0,1,398,task,30,0,-1610,17,702,10
1,106,518,1.97343501,-2.464237602,-1.33278942,-0.929476208,1.487691092,0.4040348978,0,1,399,task,30,0,-1610,17,702,10
1,106,519,1.963849135,-2.499140848,-1.255392133,-0.9727665164,1.485527285,0.3944936544,0,1,400,task,30,0,-1610,17,702,10
1,106,520,1.954733138,-2.536179788,-1.173572823,-1.018344221,1.483348254,0.385422463,0,1,401,task,30,0,-1610,17,702,10
1,106,521,1.946053907,-2.575810523,-1.086322226,-1.066762264,1.481155099,0.3767882114,0,1,402,task,30,0,-1610,17,702,10
1,106,522,1.93778131,-2.618688764,-0.9921969656,-1.118808128,1.478948824,0.3685607694,0,1,403,task,30,0,-1610,17,702,10
1,106,523,1.93425783,-2.643626618,-0.9355143274,-1.154955632,1.476303077,0.3651333673,0,0,,transition,30,0,-1610,17,702,10
1,106,524,1.93073435,-2.668564472,-0.8788316893,-1.191103136,1.47365733,0.3617059651,0,1,404,task,30,0,-1610,17,702,10
1,106,525,1.926432533,-2.697320528,-0.8136769154,-1.23169067,1.474498385,0.3573602383,0,0,,transition,30,0,-1610,17,702,10
1,106,526,1.922130717,-2.726076583,-0.7485221415,-1.272278203,1.475339441,0.3530145114,0,1,405,task,30,0,-1610,17,702,10
1,106,527,1.917515481,-2.759173916,-0.6757929921,-1.312948779,1.478091116,0.3482823267,0,0,,transition,30,0,-1610,17,702,10
1,106,528,1.912900246,-2.79227125,-0.6030638427,-1.353619355,1.480842791,0.3435501419,0,1,406,task,30,0,-1610,17,702,10
1,106,529,1.909199106,-2.83451159,-0.5118349851,-1.402368984,1.48079595,0.3398334382,0,0,,transition,30,0,-1610,17,702,10
1,106,530,1.905497966,-2.876751931,-0.4206061275,-1.451118614,1.480749108,0.3361167344,0,1,407,task,30,0,-1610,17,702,10
1,106,531,1.92651302,-2.89784108,-0.3796607062,-1.472550644,1.481192393,0.3572139251,0,1,408,task,10,0,-1610,17,702,10
1,106,532,1.930992048,-2.852140152,-0.4796382614,-1.417585357,1.479055391,0.3617904678,0,0,,transition,30,0,-1610,17,702,10
1,106,533,1.935471076,-2.806439223,-0.5796158167,-1.362620071,1.476918388,0.3663670105,0,1,409,task,30,0,-1610,17,702,10
1,106,534,1.939839642,-2.77266504,-0.6536113879,-1.321507157,1.475940289,0.3707936056,0,0,,transition,30,0,-1610,17,702,10
1,106,535,1.944208208,-2.738890857,-0.7276069591,-1.280394243,1.47496219,0.3752202008,0,1,410,task,30,0,-1610,17,702,10
1,106,536,1.948672455,-2.710774651,-0.7893472759,-1.245826448,1.474356818,0.3797291022,0,0,,transition,30,0,-1610,17,702,10
1,106,537,1.953136702,-2.682658445,-0.8510875927,-1.211258654,1.473751445,0.3842380037,0,1,411,task,30,0,-1610,17,702,10
1,106,538,1.957473233,-2.657558301,-0.9073036312,-1.177447686,1.474337758,0.3885649925,0,0,,transition,30,0,-1610,17,702,10
1,106,539,1.961809764,-2.632458157,-0.9635196696,-1.143636718,1.474924072,0.3928919813,0,1,412,task,30,0,-1610,17,702,10
1,106,540,1.966015334,-2.609945253,-1.014376741,-1.112261658,1.476678366,0.3970347937,0,0,,transition,30,0,-1610,17,702,10
1,106,541,1.970220904,-2.587432349,-1.065233813,-1.080886598,1.478432661,0.4011776061,0,1,413,task,30,0,-1610,17,702,10
1,106,542,1.979902673,-2.547716401,-1.152295581,-1.034091618,1.478999434,0.4108828399,0,1,414,task,30,0,-1610,17,702,10
1,106,543,1.990057836,-2.510641232,-1.23377824,-0.9902692436,1.479578715,0.4210624986,0,1,415,task,30,0,-1610,17,702,10
1,106,544,2.000720812,-2.475732792,-1.310725623,-0.9488519998,1.480171988,0.43175105,0,1,416,task,30,0,-1610,17,702,10
1,106,545,2.011929312,-2.442648192,-1.383896581,-0.909426424,1.480780942,0.44298625,0,1,417,task,30,0,-1610,17,702,10
1,106,546,2.023724714,-2.411131035,-1.453862725,-0.871680011,1.481407497,0.4548095254,0,1,418,task,30,0,-1610,17,702,10
1,106,547,2.036152506,-2.38098477,-1.521066797,-0.8353695018,1.482053846,0.4672664064,0,1,419,task,30,0,-1610,17,702,10
1,106,548,2.04926277,-2.352055936,-1.585859469,-0.8003008686,1.482722491,0.4804070191,0,1,420,task,30,0,-1610,17,702,10
1,106,549,2.063639848,-2.32438588,-1.649022107,-0.7653518752,1.481917028,0.494879495,0,1,421,task,30,0,-1610,17,702,10
1,106,550,2.081599648,-2.300314836,-1.728430269,-0.6886977089,1.473324022,0.5129512138,0,1,422,task,30,0,-1610,17,702,10
1,106,551,2.096711581,-2.276482161,-1.791938413,-0.6432733854,1.47532755,0.5278854149,0,1,423,task,30,0,-1610,17,702,10
1,106,552,2.113243157,-2.253378681,-1.849310379,-0.6097817039,1.476145449,0.544437672,0,1,424,task,30,0,-1610,17,702,10
1,106,553,2.130819242,-2.231208535,-1.905328974,-0.5767811815,1.476963578,0.5620368477,0,1,425,task,30,0,-1610,17,702,10
1,106,554,2.149273531,-2.210236554,-1.959368094,-0.5446265799,1.477772847,0.5805164873,0,1,426,task,30,0,-1610,17,702,10
1,106,555,2.179402798,-2.22066936,-1.932297625,-0.572796754,1.478327958,0.6109836861,0,1,427,task,10,0,-1610,17,702,10
1,106,556,2.161017124,-2.242620561,-1.878911402,-0.6022276087,1.475031985,0.5926585246,0,1,428,task,30,0,-1610,17,702,10
1,106,557,2.142774094,-2.264804135,-1.822517556,-0.6362968893,1.474247778,0.5743983827,0,1,429,task,30,0,-1610,17,702,10
1,106,558,2.125593937,-2.28797078,-1.76467081,-0.6709143744,1.473448921,0.5572034831,0,1,430,task,30,0,-1610,17,702,10
1,106,559,2.109219459,-2.312015452,-1.702561881,-0.7123873586,1.47315307,0.5408603702,0,1,431,task,30,0,-1610,17,702,10
1,106,560,2.092174301,-2.337189019,-1.631531316,-0.7696310566,1.477409488,0.5237285515,0,1,432,task,30,0,-1610,17,702,10
1,106,561,2.076120567,-2.364325283,-1.566488216,-0.808656289,1.48134286,0.5074415661,0,1,433,task,30,0,-1610,17,702,10
1,106,562,2.061649695,-2.392996377,-1.500664974,-0.8456449657,1.483050323,0.4928375796,0,1,434,task,30,0,-1610,17,702,10
1,106,563,2.0487439,-2.423195098,-1.433164627,-0.8823535096,1.482218596,0.4799112411,0,1,435,task,30,0,-1610,17,702,10
1,106,564,2.036484188,-2.454820057,-1.362789417,-0.9205514062,1.481404263,0.4676319137,0,1,436,task,30,0,-1610,17,702,10
1,106,565,2.02482511,-2.488079283,-1.289071341,-0.960496034,1.48060538,0.4559541197,0,1,437,task,30,0,-1610,17,702,10
1,106,566,2.013725199,-2.52324598,-1.211401864,-1.002520316,1.479820238,0.4448363619,0,1,438,task,30,0,-1610,17,702,10
1,106,567,2.003188868,-2.560770477,-1.128605809,-1.047706114,1.478903196,0.4342913641,0,1,439,task,30,0,-1610,17,702,10
1,106,568,1.993734987,-2.602565666,-1.034111856,-1.105637841,1.475906425,0.4249455028,0,1,440,task,30,0,-1610,17,702,10
1,106,569,1.988963727,-2.625325232,-0.9833598557,-1.135430406,1.475333427,0.4201812302,0,0,,transition,30,0,-1610,17,702,10
1,106,570,1.984192466,-2.648084798,-0.9326078552,-1.16522297,1.474760429,0.4154169576,0,1,441,task,30,0,-1610,17,702,10
1,106,571,1.97947169,-2.673241226,-0.8772964741,-1.196243291,1.474779196,0.4106733106,0,0,,transition,30,0,-1610,17,702,10
1,106,572,1.974750914,-2.698397655,-0.821985093,-1.227263612,1.474797962,0.4059296636,0,1,442,task,30,0,-1610,17,702,10
1,106,573,1.970153818,-2.72715219,-0.7591797914,-1.261723017,1.475124602,0.4012962618,0,0,,transition,30,0,-1610,17,702,10
1,106,574,1.965556722,-2.755906726,-0.6963744898,-1.296182421,1.475451241,0.39666286,0,1,443,task,30,0,-1610,17,702,10
1,106,575,1.961157002,-2.790921327,-0.619975149,-1.338001904,1.475773692,0.3922281211,0,0,,transition,30,0,-1610,17,702,10
1,106,576,1.956757281,-2.825935928,-0.5435758082,-1.379821387,1.476096143,0.3877933822,0,1,444,task,30,0,-1610,17,702,10
1,106,577,1.953862181,-2.858905885,-0.4716586136,-1.418998439,1.476645276,0.3848626844,0,0,,transition,30,0,-1610,17,702,10
1,106,578,1.95096708,-2.891875841,-0.399741419,-1.45817549,1.477194409,0.3819319866,0,0,,transition,30,0,-1610,17,702,10
1,106,579,1.94807198,-2.924845797,-0.3278242243,-1.497352541,1.477743542,0.3790012889,0,1,445,task,30,0,-1610,17,702,10
1,106,580,1.957963131,-2.952789218,-0.2697942788,-1.527961985,1.477324418,0.3889591544,0,0,,transition,10,0,-1610,17,702,10
1,106,581,1.967854283,-2.980732639,-0.2117643332,-1.558571428,1.476905295,0.39891702,0,1,446,task,10,0,-1610,17,702,10
1,106,582,1.970755158,-2.939769911,-0.301133452,-1.510027194,1.476778024,0.4018379444,0,0,,transition,30,0,-1610,17,702,10
1,106,583,1.973656034,-2.898807183,-0.3905025708,-1.46148296,1.476650753,0.4047588689,0,0,,transition,30,0,-1610,17,702,10
1,106,584,1.976556909,-2.857844455,-0.4798716896,-1.412938726,1.476523481,0.4076797933,0,1,447,task,30,0,-1610,17,702,10
1,106,585,1.981095608,-2.819803435,-0.5627651028,-1.367902159,1.476332613,0.4122496837,0,0,,transition,30,0,-1610,17,702,10
1,106,586,1.985634307,-2.781762415,-0.645658516,-1.322865593,1.476141745,0.4168195741,0,1,448,task,30,0,-1610,17,702,10
1,106,587,1.990372298,-2.751501638,-0.7116222456,-1.287002526,1.47595123,0.4215899505,0,0,,transition,30,0,-1610,17,702,10
1,106,588,1.995110289,-2.72124086,-0.7775859751,-1.251139458,1.475760716,0.4263603269,0,1,449,task,30,0,-1610,17,702,10
1,106,589,2.000060462,-2.695294142,-0.8342062023,-1.220331478,1.475570928,0.4313441619,0,0,,transition,30,0,-1610,17,702,10
1,106,590,2.005010634,-2.669347425,-0.8908264295,-1.189523498,1.475381139,0.4363279969,0,1,450,task,30,0,-1610,17,702,10
1,106,591,2.010044483,-2.646058131,-0.9422448964,-1.160449483,1.475696414,0.4413709252,0,0,,transition,30,0,-1610,17,702,10
1,106,592,2.015078331,-2.622768837,-0.9936633633,-1.131375468,1.476011689,0.4464138536,0,1,451,task,30,0,-1610,17,702,10
1,106,593,2.025546221,-2.5803904,-1.087865048,-1.077241484,1.476880726,0.4568852087,0,1,452,task,30,0,-1610,17,702,10
1,106,594,2.036157578,-2.541165557,-1.176075019,-1.024832467,1.478945543,0.4674359657,0,1,453,task,30,0,-1610,17,702,10
1,106,595,2.047378664,-2.504973913,-1.257181649,-0.978069859,1.480702877,0.4786166777,0,1,454,task,30,0,-1610,17,702,10
1,106,596,2.059311913,-2.471239682,-1.332203256,-0.9368088256,1.481969366,0.4905447385,0,1,455,task,30,0,-1610,17,702,10
1,106,597,2.071850339,-2.439255559,-1.403646484,-0.8974030421,1.483240452,0.5030784196,0,1,456,task,30,0,-1610,17,702,10
1,106,598,2.085959555,-2.409079238,-1.472512777,-0.8587950015,1.481698916,0.5173126847,0,1,457,task,30,0,-1610,17,702,10
1,106,599,2.100894517,-2.380356591,-1.538485984,-0.8219779224,1.479938605,0.5323937756,0,1,458,task,30,0,-1610,17,702,10
1,106,600,2.116968227,-2.353080343,-1.603446552,-0.7833524729,1.477224214,0.5486531199,0,1,459,task,30,0,-1610,17,702,10
1,106,601,2.133980542,-2.327325784,-1.669103231,-0.7389838284,1.474347493,0.5658093479,0,1,460,task,30,0,-1610,17,702,10
1,106,602,2.151226451,-2.303157059,-1.735352211,-0.6885359538,1.473413088,0.5829956369,0,1,461,task,30,0,-1610,17,702,10
1,106,603,2.168769533,-2.279960364,-1.793580478,-0.6529873537,1.474438438,0.6005292406,0,1,462,task,30,0,-1610,17,702,10
1,106,604,2.187372176,-2.257793204,-1.850263665,-0.61802491,1.475430121,0.6191238778,0,1,463,task,30,0,-1610,17,702,10
1,106,605,2.2064245,-2.23593331,-1.903657129,-0.5883435736,1.478183126,0.6381365707,0,1,464,task,30,0,-1610,17,702,10
1,106,606,2.208571468,-2.233391182,-1.909406381,-0.5856645405,1.478757548,0.640273754,0,1,465,task,30,0,-1610,17,702,10
1,106,607,2.236754196,-2.246876874,-1.884628325,-0.5995508745,1.479247188,0.6685713748,0,1,466,task,10,0,-1610,17,702,10
1,106,608,2.217153994,-2.268814982,-1.832851259,-0.6260052434,1.476245647,0.6489850701,0,1,467,task,30,0,-1610,17,702,10
1,106,609,2.198077965,-2.290741544,-1.775711728,-0.6629546632,1.474877893,0.62997227,0,1,468,task,30,0,-1610,17,702,10
1,106,610,2.179810106,-2.313736701,-1.71587225,-0.7028585904,1.474179014,0.6117558775,0,1,469,task,30,0,-1610,17,702,10
1,106,611,2.161950627,-2.337978326,-1.651487198,-0.7492355133,1.475125319,0.5939062889,0,1,470,task,30,0,-1610,17,702,10
1,106,612,2.144688908,-2.363692192,-1.587467785,-0.7904374249,1.477019464,0.5765224649,0,1,471,task,30,0,-1610,17,702,10
1,106,613,2.128163765,-2.390769013,-1.522745766,-0.8290392256,1.479355611,0.5598232204,0,1,472,task,30,0,-1610,17,702,10
1,106,614,2.112817691,-2.419360344,-1.457059086,-0.8656196056,1.480624477,0.5443462427,0,1,473,task,30,0,-1610,17,702,10
1,106,615,2.098283197,-2.449382398,-1.388875001,-0.9030976501,1.481735291,0.5296934713,0,1,474,task,30,0,-1610,17,702,10
1,106,616,2.084235203,-2.480940089,-1.317315223,-0.9425982823,1.483563081,0.5155022688,0,1,475,task,30,0,-1610,17,702,10
1,106,617,2.072638408,-2.515757296,-1.237212954,-0.9934123244,1.479496819,0.5040856586,0,1,476,task,30,0,-1610,17,702,10
1,106,618,2.060348147,-2.552197762,-1.156884431,-1.03766697,1.479598372,0.4917367536,0,1,477,task,30,0,-1610,17,702,10
1,106,619,2.048621532,-2.591251687,-1.071040492,-1.084882447,1.479696826,0.4799537993,0,1,478,task,30,0,-1610,17,702,10
1,106,620,2.037422485,-2.633576587,-0.9782385677,-1.135839883,1.479791479,0.4687005442,0,1,479,task,30,0,-1610,17,702,10
1,106,621,2.032070131,-2.656876945,-0.9272582958,-1.16378567,1.479836622,0.4633220721,0,0,,transition,30,0,-1610,17,702,10
1,106,622,2.026717776,-2.680177303,-0.8762780239,-1.191731458,1.479881766,0.4579436,0,1,480,task,30,0,-1610,17,702,10
1,106,623,2.021597272,-2.706452774,-0.818886536,-1.223137352,1.479924505,0.4527978919,0,0,,transition,30,0,-1610,17,702,10
1,106,624,2.016476768,-2.732728245,-0.761495048,-1.254543246,1.479967245,0.4476521838,0,1,481,task,30,0,-1610,17,702,10
1,106,625,2.011573976,-2.763578326,-0.6941929164,-1.291307645,1.480007409,0.4427250339,0,0,,transition,30,0,-1610,17,702,10
1,106,626,2.006671184,-2.794428407,-0.6268907848,-1.328072044,1.480047572,0.4377978841,0,1,482,task,30,0,-1610,17,702,10
1,106,627,2.001973041,-2.833793787,-0.5410522715,-1.374878581,1.48008503,0.4330761674,0,0,,transition,30,0,-1610,17,702,10
1,106,628,1.997274898,-2.873159168,-0.4552137581,-1.421685118,1.480122488,0.4283544507,0,1,483,task,30,0,-1610,17,702,10
1,106,629,1.995022109,-2.908080687,-0.3789598508,-1.463194083,1.480139817,0.4260902389,0,0,,transition,30,0,-1610,17,702,10
1,106,630,1.99276932,-2.943002207,-0.3027059435,-1.504703048,1.480157145,0.423826027,0,0,,transition,30,0,-1610,17,702,10
1,106,631,1.990516531,-2.977923726,-0.2264520361,-1.546212013,1.480174474,0.4215618152,0,0,,transition,30,0,-1610,17,702,10
1,106,632,1.988263742,-3.012845246,-0.1501981288,-1.587720977,1.480191803,0.4192976034,0,1,484,task,30,0,-1610,17,702,10
1,106,633,1.996345112,-2.969947749,-0.2455516976,-1.534970663,1.48054595,0.4274012933,0,0,,transition,10,0,-1610,17,702,10
1,106,634,2.004426482,-2.927050252,-0.3409052663,-1.482220349,1.480900097,0.4355049832,0,0,,transition,10,0,-1610,17,702,10
1,106,635,2.012507852,-2.884152755,-0.4362588351,-1.429470035,1.481254244,0.4436086731,0,0,,transition,10,0,-1610,17,702,10
1,106,636,2.020589222,-2.841255259,-0.5316124038,-1.376719721,1.481608391,0.4517123629,0,0,,transition,10,0,-1610,17,702,10
1,106,637,2.028670592,-2.798357762,-0.6269659725,-1.323969407,1.481962538,0.4598160528,0,0,,transition,10,0,-1610,17,702,10
1,106,638,2.036751963,-2.755460265,-0.7223195413,-1.271219093,1.482316685,0.4679197427,0,0,,transition,10,0,-1610,17,702,10
1,106,639,2.044833333,-2.712562768,-0.81767311,-1.218468779,1.482670832,0.4760234325,0,1,485,task,10,0,-1610,17,702,10
1,106,640,2.050372752,-2.688051229,-0.8715653248,-1.188665709,1.482405681,0.4815976078,0,0,,transition,30,0,-1610,17,702,10
1,106,641,2.055912171,-2.66353969,-0.9254575395,-1.15886264,1.482140529,0.4871717831,0,1,486,task,30,0,-1610,17,702,10
1,106,642,2.067493737,-2.619564109,-1.022423611,-1.105088655,1.48159853,0.4988253082,0,1,487,task,30,0,-1610,17,702,10
1,106,643,2.079610951,-2.579345465,-1.111397774,-1.055615308,1.481045098,0.5110171556,0,1,488,task,30,0,-1610,17,702,10
1,106,644,2.09229945,-2.542073384,-1.194157819,-1.009479936,1.480480631,0.5237832104,0,1,489,task,30,0,-1610,17,702,10
1,106,645,2.105597839,-2.507201356,-1.271906133,-0.9660318317,1.479905692,0.5371623517,0,1,490,task,30,0,-1610,17,702,10
1,106,646,2.119547972,-2.474341809,-1.345499152,-0.9248077542,1.479321043,0.5511967333,0,1,491,task,30,0,-1610,17,702,10
1,106,647,2.134195253,-2.443209624,-1.41557088,-0.8854649423,1.478727689,0.5659320889,0,1,492,task,30,0,-1610,17,702,10
1,106,648,2.149588968,-2.4135893,-1.482604674,-0.8477422016,1.478126921,0.5814180635,0,1,493,task,30,0,-1610,17,702,10
1,106,649,2.165782637,-2.385314714,-1.546977515,-0.8114359235,1.477520382,0.5977085707,0,1,494,task,30,0,-1610,17,702,10
1,106,650,2.182886638,-2.358361123,-1.609367458,-0.7754721044,1.476752657,0.6149161424,0,1,495,task,30,0,-1610,17,702,10
1,106,651,2.201062928,-2.333658142,-1.672883869,-0.7322661282,1.475493926,0.6331497804,0,1,496,task,30,0,-1610,17,702,10
1,106,652,2.220076777,-2.310283132,-1.734206257,-0.6900666571,1.474667769,0.6521782116,0,1,497,task,30,0,-1610,17,702,10
1,106,653,2.2391066,-2.288091998,-1.793389559,-0.6486686744,1.47661165,0.6710436152,0,1,498,task,30,0,-1610,17,702,10
1,106,654,2.260287585,-2.266762441,-1.845485675,-0.6216962215,1.475932991,0.6924246276,0,1,499,task,30,0,-1610,17,702,10
1,106,655,2.265966595,-2.262062589,-1.857957243,-0.6147534118,1.474612847,0.69821753,0,1,500,task,30,0,-1610,17,702,10
1,106,656,2.292125635,-2.277261304,-1.829336022,-0.6306909508,1.475231359,0.7244899199,0,1,501,task,10,0,-1610,17,702,10
1,106,657,2.271052054,-2.298390907,-1.775828926,-0.6625057939,1.473959452,0.703411445,0,1,502,task,30,0,-1610,17,702,10
1,106,658,2.250234907,-2.321581701,-1.720178145,-0.6948477605,1.475003414,0.6824662385,0,1,503,task,30,0,-1610,17,702,10
1,106,659,2.230502169,-2.345783533,-1.662718802,-0.7281434907,1.476036157,0.6626130769,0,1,504,task,30,0,-1610,17,702,10
1,106,660,2.211780761,-2.371057827,-1.603294546,-0.7624761444,1.477054448,0.6437781292,0,1,505,task,30,0,-1610,17,702,10
1,106,661,2.194002971,-2.397483373,-1.541712616,-0.7979488594,1.478055784,0.6258929966,0,1,506,task,30,0,-1610,17,702,10
1,106,662,2.177106126,-2.425160618,-1.477734476,-0.834689756,1.479038264,0.608894379,0,1,507,task,30,0,-1610,17,702,10
1,106,663,2.16103225,-2.454217742,-1.411062556,-0.8728590673,1.480000484,0.5927237353,0,1,508,task,30,0,-1610,17,702,10
1,106,664,2.145727737,-2.484819454,-1.341321026,-0.9126595111,1.480941449,0.5773269468,0,1,509,task,30,0,-1610,17,702,10
1,106,665,2.131143023,-2.517180122,-1.268027084,-0.9543518106,1.481860496,0.56265399,0,1,510,task,30,0,-1610,17,702,10
1,106,666,2.117232284,-2.551584128,-1.190546456,-0.9982787802,1.482757236,0.5486586237,0,1,511,task,30,0,-1610,17,702,10
1,106,667,2.103953139,-2.588418909,-1.108021177,-1.044904461,1.483631499,0.5352980938,0,1,512,task,30,0,-1610,17,702,10
1,106,668,2.091266379,-2.62823184,-1.019245205,-1.09488156,1.484483294,0.5225328558,0,1,513,task,30,0,-1610,17,702,10
1,106,669,2.079135711,-2.671836045,-0.9224330452,-1.149176983,1.485312771,0.5103263169,0,1,514,task,30,0,-1610,17,702,10
1,106,670,2.073331619,-2.696182472,-0.8685873796,-1.179254149,1.485716482,0.5044854566,0,0,,transition,30,0,-1610,17,702,10
1,106,671,2.067527527,-2.7205289,-0.814741714,-1.209331315,1.486120193,0.4986445964,0,1,515,task,30,0,-1610,17,702,10
1,106,672,1.968226625,-2.729486623,-0.7536846849,-1.212013294,1.412916538,0.4771974643,0,0,,transition,10,0,-1610,17,702,10
1,106,673,1.868925723,-2.738444346,-0.6926276558,-1.214695273,1.339712883,0.4557503323,0,0,,transition,10,0,-1610,17,702,10
1,106,674,1.769624822,-2.747402069,-0.6315706267,-1.217377252,1.266509228,0.4343032002,0,0,,transition,10,0,-1610,17,702,10
1,106,675,1.67032392,-2.756359793,-0.5705135976,-1.220059231,1.193305573,0.4128560682,0,0,,transition,10,0,-1610,17,702,10
1,106,676,1.571023018,-2.765317516,-0.5094565685,-1.222741211,1.120101918,0.3914089361,0,0,,transition,10,0,-1610,17,702,10
1,106,677,1.471722117,-2.774275239,-0.4483995394,-1.22542319,1.046898263,0.3699618041,0,0,,transition,10,0,-1610,17,702,10
1,106,678,1.372421215,-2.783232962,-0.3873425103,-1.228105169,0.9736946085,0.348514672,0,0,,transition,10,0,-1610,17,702,10
1,106,679,1.273120313,-2.792190686,-0.3262854812,-1.230787148,0.9004909535,0.32706754,0,0,,transition,10,0,-1610,17,702,10
1,106,680,1.173819412,-2.801148409,-0.2652284521,-1.233469127,0.8272872985,0.3056204079,0,0,,transition,10,0,-1610,17,702,10
1,106,681,1.07451851,-2.810106132,-0.204171423,-1.236151106,0.7540836435,0.2841732759,0,0,,transition,10,0,-1610,17,702,10
1,106,682,0.9752176082,-2.819063855,-0.1431143939,-1.238833085,0.6808799885,0.2627261438,0,0,,transition,10,0,-1610,17,702,10
1,106,683,0.8759167065,-2.828021579,-0.08205736475,-1.241515064,0.6076763335,0.2412790117,0,0,,transition,10,0,-1610,17,702,10
1,106,684,0.7766158048,-2.836979302,-0.02100033564,-1.244197043,0.5344726785,0.2198318797,0,0,,transition,10,0,-1610,17,702,10
1,106,685,0.6773149031,-2.845937025,0.04005669347,-1.246879022,0.4612690235,0.1983847476,0,0,,transition,10,0,-1610,17,702,10
1,106,686,0.5780140014,-2.854894748,0.1011137226,-1.249561002,0.3880653685,0.1769376156,0,0,,transition,10,0,-1610,17,702,10
1,106,687,0.4787130997,-2.863852472,0.1621707517,-1.252242981,0.3148617135,0.1554904835,0,0,,transition,10,0,-1610,17,702,10
1,106,688,0.379412198,-2.872810195,0.2232277808,-1.25492496,0.2416580585,0.1340433515,0,0,,transition,10,0,-1610,17,702,10
1,106,689,0.2801112964,-2.881767918,0.2842848099,-1.257606939,0.1684544035,0.1125962194,0,0,,transition,10,0,-1610,17,702,10
1,106,690,0.1808103947,-2.890725641,0.345341839,-1.260288918,0.09525074855,0.09114908738,0,0,,transition,10,0,-1610,17,702,10
1,106,691,0.08150949297,-2.899683365,0.4063988681,-1.262970897,0.02204709356,0.06970195533,0,0,,transition,10,0,-1610,17,702,10
1,106,692,-0.01779140872,-2.908641088,0.4674558972,-1.265652876,-0.05115656144,0.04825482328,0,0,,transition,10,0,-1610,17,702,10
1,106,693,-0.1170923104,-2.917598811,0.5285129263,-1.268334855,-0.1243602164,0.02680769122,0,0,,transition,10,0,-1610,17,702,10
1,106,694,-0.2163932121,-2.926556534,0.5895699554,-1.271016834,-0.1975638714,0.005360559172,0,0,,transition,10,0,-1610,17,702,10
1,106,695,-0.3156941138,-2.935514258,0.6506269846,-1.273698813,-0.2707675264,-0.01608657288,0,0,,transition,10,0,-1610,17,702,10
1,106,696,-0.4149950155,-2.944471981,0.7116840137,-1.276380793,-0.3439711814,-0.03753370493,0,0,,transition,10,0,-1610,17,702,10
1,106,697,-0.5142959172,-2.953429704,0.7727410428,-1.279062772,-0.4171748364,-0.05898083698,0,0,,transition,10,0,-1610,17,702,10
1,106,698,-0.6135968189,-2.962387427,0.8337980719,-1.281744751,-0.4903784914,-0.08042796904,0,0,,transition,10,0,-1610,17,702,10
1,106,699,-0.7128977206,-2.971345151,0.894855101,-1.28442673,-0.5635821464,-0.1018751011,0,0,,transition,10,0,-1610,17,702,10
1,106,700,-0.8121986222,-2.980302874,0.9559121301,-1.287108709,-0.6367858014,-0.1233222331,0,0,,transition,10,0,-1610,17,702,10
1,106,701,-0.9114995239,-2.989260597,1.016969159,-1.289790688,-0.7099894564,-0.1447693652,0,0,,transition,10,0,-1610,17,702,10
1,106,702,-1.010800426,-2.99821832,1.078026188,-1.292472667,-0.7831931114,-0.1662164972,0,0,,transition,10,0,-1610,17,702,10
1,106,703,-1.110101327,-3.007176044,1.139083217,-1.295154646,-0.8563967664,-0.1876636293,0,0,,transition,10,0,-1610,17,702,10
1,106,704,-1.209402229,-3.016133767,1.200140247,-1.297836625,-0.9296004214,-0.2091107614,0,0,,transition,10,0,-1610,17,702,10
1,106,705,-1.308703131,-3.02509149,1.261197276,-1.300518604,-1.002804076,-0.2305578934,0,0,,transition,10,0,-1610,17,702,10
1,106,706,-1.229502669,-2.963937737,1.343521881,-1.326630377,-1.017546863,-0.1746479517,0,0,,transition,10,0,-1610,17,702,10
1,106,707,-1.150302208,-2.902783983,1.425846486,-1.35274215,-1.03228965,-0.11873801,0,0,,transition,10,0,-1610,17,702,10
1,106,708,-1.071101746,-2.84163023,1.508171091,-1.378853923,-1.047032436,-0.06282806833,0,0,,transition,10,0,-1610,17,702,10
1,106,709,-0.9919012847,-2.780476476,1.590495697,-1.404965696,-1.061775223,-0.006918126636,0,0,,transition,10,0,-1610,17,702,10
1,106,710,-0.9127008232,-2.719322723,1.672820302,-1.431077469,-1.07651801,0.04899181506,0,0,,transition,10,0,-1610,17,702,10
1,106,711,-0.9675424212,-2.623612496,1.66431861,-1.442721013,-1.117708176,0.0449091638,0,0,,transition,10,0,-1610,17,702,10
1,106,712,-1.022384019,-2.527902269,1.655816918,-1.454364557,-1.158898341,0.04082651255,0,0,,transition,10,0,-1610,17,702,10
1,106,713,-1.077225617,-2.432192042,1.647315226,-1.466008102,-1.200088507,0.03674386129,0,0,,transition,10,0,-1610,17,702,10
1,106,714,-1.132067215,-2.336481815,1.638813535,-1.477651646,-1.241278673,0.03266121004,0,0,,transition,10,0,-1610,17,702,10
1,106,715,-1.186908814,-2.240771588,1.630311843,-1.48929519,-1.282468839,0.02857855878,0,0,,transition,10,0,-1610,17,702,10
1,106,716,-1.241750412,-2.145061361,1.621810151,-1.500938734,-1.323659005,0.02449590753,0,0,,transition,10,0,-1610,17,702,10
1,106,717,-1.29659201,-2.049351134,1.613308459,-1.512582279,-1.364849171,0.02041325627,0,0,,transition,10,0,-1610,17,702,10
1,106,718,-1.351433608,-1.953640908,1.604806767,-1.524225823,-1.406039337,0.01633060502,0,0,,transition,10,0,-1610,17,702,10
1,106,719,-1.406275206,-1.857930681,1.596305075,-1.535869367,-1.447229502,0.01224795376,0,0,,transition,10,0,-1610,17,702,10
1,106,720,-1.461116804,-1.762220454,1.587803384,-1.547512911,-1.488419668,0.008165302509,0,0,,transition,10,0,-1610,17,702,10
1,106,721,-1.515958402,-1.666510227,1.579301692,-1.559156456,-1.529609834,0.004082651255,0,0,,transition,10,0,-1610,17,702,10
1,106,722,-1.5708,-1.5708,1.5708,-1.5708,-1.5708,0,0,0,,home,10,0,-1610,17,702,10
1,107,1,-1.5708,-1.5708,1.5708,-1.5708,-1.5708,0,0,0,,home,10,0,-1610,17,702,10
1,107,2,-1.577121982,-1.475843949,1.497777519,-1.59332209,-1.578086061,-0.006351108822,0,0,,transition,10,0,-1610,17,702,10
1,107,3,-1.583443963,-1.380887897,1.424755038,-1.615844181,-1.585372122,-0.01270221764,0,0,,transition,10,0,-1610,17,702,10
1,107,4,-1.589765945,-1.285931846,1.351732557,-1.638366271,-1.592658183,-0.01905332646,0,0,,transition,10,0,-1610,17,702,10
1,107,5,-1.596087927,-1.190975794,1.278710076,-1.660888361,-1.599944243,-0.02540443529,0,0,,transition,10,0,-1610,17,702,10
1,107,6,-1.602409909,-1.096019743,1.205687595,-1.683410451,-1.607230304,-0.03175554411,0,0,,transition,10,0,-1610,17,702,10
1,107,7,-1.60873189,-1.001063691,1.132665113,-1.705932542,-1.614516365,-0.03810665293,0,0,,transition,10,0,-1610,17,702,10
1,107,8,-1.615053872,-0.9061076401,1.059642632,-1.728454632,-1.621802426,-0.04445776175,0,0,,transition,10,0,-1610,17,702,10
1,107,9,-1.621375854,-0.8111515887,0.9866201513,-1.750976722,-1.629088487,-0.05080887057,0,0,,transition,10,0,-1610,17,702,10
1,107,10,-1.627697836,-0.7161955372,0.9135976702,-1.773498813,-1.636374548,-0.05715997939,0,0,,transition,10,0,-1610,17,702,10
1,107,11,-1.634019817,-0.6212394858,0.8405751891,-1.796020903,-1.643660609,-0.06351108822,0,0,,transition,10,0,-1610,17,702,10
1,107,12,-1.640341799,-0.5262834344,0.767552708,-1.818542993,-1.65094667,-0.06986219704,0,0,,transition,10,0,-1610,17,702,10
1,107,13,-1.646663781,-0.431327383,0.6945302269,-1.841065083,-1.65823273,-0.07621330586,0,0,,transition,10,0,-1610,17,702,10
1,107,14,-1.652985763,-0.3363713316,0.6215077459,-1.863587174,-1.665518791,-0.08256441468,0,1,1,task,10,0,-1610,17,702,10
1,107,15,-1.653953203,-0.3688668308,0.6928955079,-1.903592376,-1.665415916,-0.08353533708,0,0,,transition,30,0,-1610,17,702,10
1,107,16,-1.654920644,-0.40136233,0.76428327,-1.943597578,-1.665313042,-0.08450625947,0,1,2,task,15,0,-1610,17,702,10
1,107,17,-1.655934764,-0.428818716,0.8247880101,-1.977762852,-1.665205278,-0.08552381075,0,0,,transition,30,0,-1610,17,702,10
1,107,18,-1.656948885,-0.456275102,0.8852927501,-2.011928125,-1.665097514,-0.08654136202,0,1,3,task,20,0,-1610,17,702,10
1,107,19,-1.658013154,-0.4805224966,0.9389224131,-2.042431571,-1.664984501,-0.08760900405,0,0,,transition,30,0,-1610,17,702,10
1,107,20,-1.659077423,-0.5047698912,0.9925520761,-2.072935018,-1.664871487,-0.08867664608,0,1,4,task,25,0,-1610,17,702,10
1,107,21,-1.636993107,-0.5106116509,1.019673429,-2.095481044,-1.659725306,-0.06646064354,0,1,5,task,10,0,-1610,17,702,10
1,107,22,-1.636187612,-0.4871038285,0.9672983908,-2.065320343,-1.659818762,-0.06565319639,0,0,,transition,30,0,-1610,17,702,10
1,107,23,-1.635382117,-0.4635960061,0.9149233528,-2.035159641,-1.659912219,-0.06484574923,0,1,6,task,30,0,-1610,17,702,10
1,107,24,-1.634615003,-0.4371515612,0.8562885535,-2.001678918,-1.660000958,-0.06407656135,0,0,,transition,30,0,-1610,17,702,10
1,107,25,-1.633847889,-0.4107071163,0.7976537543,-1.968198194,-1.660089697,-0.06330737347,0,1,7,task,30,0,-1610,17,702,10
1,107,26,-1.633116475,-0.3798060167,0.7294282927,-1.929586371,-1.660174035,-0.06257377402,0,0,,transition,30,0,-1610,17,702,10
1,107,27,-1.632385061,-0.3489049172,0.6612028311,-1.890974549,-1.660258373,-0.06184017458,0,1,8,task,30,0,-1610,17,702,10
1,107,28,-1.627647749,-0.4428968466,0.7311718441,-1.866345737,-1.65337696,-0.05708323808,0,0,,transition,10,0,-1610,17,702,10
1,107,29,-1.622910436,-0.5368887761,0.8011408571,-1.841716926,-1.646495547,-0.05232630157,0,0,,transition,10,0,-1610,17,702,10
1,107,30,-1.618173124,-0.6308807055,0.8711098701,-1.817088115,-1.639614133,-0.04756936506,0,0,,transition,10,0,-1610,17,702,10
1,107,31,-1.613435812,-0.724872635,0.9410788831,-1.792459303,-1.63273272,-0.04281242856,0,0,,transition,10,0,-1610,17,702,10
1,107,32,-1.608698499,-0.8188645644,1.011047896,-1.767830492,-1.625851307,-0.03805549205,0,0,,transition,10,0,-1610,17,702,10
1,107,33,-1.603961187,-0.9128564939,1.081016909,-1.74320168,-1.618969893,-0.03329855554,0,0,,transition,10,0,-1610,17,702,10
1,107,34,-1.599223874,-1.006848423,1.150985922,-1.718572869,-1.61208848,-0.02854161904,0,0,,transition,10,0,-1610,17,702,10
1,107,35,-1.594486562,-1.100840353,1.220954935,-1.693944057,-1.605207067,-0.02378468253,0,0,,transition,10,0,-1610,17,702,10
1,107,36,-1.58974925,-1.194832282,1.290923948,-1.669315246,-1.598325653,-0.01902774603,0,0,,transition,10,0,-1610,17,702,10
1,107,37,-1.585011937,-1.288824212,1.360892961,-1.644686434,-1.59144424,-0.01427080952,0,0,,transition,10,0,-1610,17,702,10
1,107,38,-1.580274625,-1.382816141,1.430861974,-1.620057623,-1.584562827,-0.009513873013,0,0,,transition,10,0,-1610,17,702,10
1,107,39,-1.575537312,-1.476808071,1.500830987,-1.595428811,-1.577681413,-0.004756936506,0,0,,transition,10,0,-1610,17,702,10
1,107,40,-1.5708,-1.5708,1.5708,-1.5708,-1.5708,0,0,0,,home,10,0,-1610,17,702,10
2,118,1,-1.5708,-1.5708,1.5708,-1.5708,-1.5708,0,0,0,,home,10,0,1610,17,702,10
2,118,2,-1.570272227,-1.477042355,1.497243111,-1.591696838,-1.56501374,0.0005287069349,0,0,,transition,10,0,1610,17,702,10
2,118,3,-1.569744455,-1.383284709,1.423686223,-1.612593677,-1.55922748,0.00105741387,0,0,,transition,10,0,1610,17,702,10
2,118,4,-1.569216682,-1.289527064,1.350129334,-1.633490515,-1.553441221,0.001586120805,0,0,,transition,10,0,1610,17,702,10
2,118,5,-1.568688909,-1.195769419,1.276572445,-1.654387354,-1.547654961,0.00211482774,0,0,,transition,10,0,1610,17,702,10
2,118,6,-1.568161137,-1.102011774,1.203015557,-1.675284192,-1.541868701,0.002643534675,0,0,,transition,10,0,1610,17,702,10
2,118,7,-1.567633364,-1.008254128,1.129458668,-1.69618103,-1.536082441,0.003172241609,0,0,,transition,10,0,1610,17,702,10
2,118,8,-1.567105591,-0.9144964829,1.055901779,-1.717077869,-1.530296182,0.003700948544,0,0,,transition,10,0,1610,17,702,10
2,118,9,-1.566577819,-0.8207388376,0.9823448908,-1.737974707,-1.524509922,0.004229655479,0,0,,transition,10,0,1610,17,702,10
2,118,10,-1.566050046,-0.7269811924,0.9087880021,-1.758871545,-1.518723662,0.004758362414,0,0,,transition,10,0,1610,17,702,10
2,118,11,-1.565522274,-0.6332235471,0.8352311135,-1.779768384,-1.512937402,0.005287069349,0,0,,transition,10,0,1610,17,702,10
2,118,12,-1.564994501,-0.5394659018,0.7616742248,-1.800665222,-1.507151143,0.005815776284,0,0,,transition,10,0,1610,17,702,10
2,118,13,-1.564466728,-0.4457082565,0.6881173362,-1.821562061,-1.501364883,0.006344483219,0,0,,transition,10,0,1610,17,702,10
2,118,14,-1.563938956,-0.3519506112,0.6145604475,-1.842458899,-1.495578623,0.006873190154,0,1,1,task,10,0,1610,17,702,10
2,118,15,-1.563852595,-0.3845067537,0.6854621828,-1.881452607,-1.49560828,0.006959737258,0,0,,transition,30,0,1610,17,702,10
2,118,16,-1.563766235,-0.4170628961,0.7563639181,-1.920446315,-1.495637937,0.007046284362,0,1,2,task,15,0,1610,17,702,10
2,118,17,-1.563675741,-0.4446014984,0.8163916893,-1.953583896,-1.495667926,0.007136967651,0,0,,transition,30,0,1610,17,702,10
2,118,18,-1.563585247,-0.4721401007,0.8764194605,-1.986721476,-1.495697915,0.00722765094,0,1,3,task,20,0,1610,17,702,10
2,118,19,-1.563490316,-0.4964937792,0.9295836379,-2.016180704,-1.495728257,0.007322773172,0,0,,transition,30,0,1610,17,702,10
2,118,20,-1.563395386,-0.5208474576,0.9827478153,-2.045639932,-1.495758598,0.007417895404,0,1,4,task,25,0,1610,17,702,10
2,118,21,-1.587437395,-0.516908335,0.9785646555,-2.04425974,-1.495483812,-0.01669031347,0,1,5,task,10,0,1610,17,702,10
2,118,22,-1.587245294,-0.4924196009,0.9251180035,-2.014762904,-1.495473941,-0.01649781004,0,0,,transition,30,0,1610,17,702,10
2,118,23,-1.587053194,-0.4679308667,0.8716713516,-1.985266068,-1.49546407,-0.01630530662,0,1,6,task,30,0,1610,17,702,10
2,118,24,-1.58687001,-0.440203013,0.8112417826,-1.952024768,-1.495453739,-0.01612172993,0,0,,transition,30,0,1610,17,702,10
2,118,25,-1.586686826,-0.4124751593,0.7508122137,-1.918783468,-1.495443408,-0.01593815324,0,1,7,task,30,0,1610,17,702,10
2,118,26,-1.586511952,-0.3796102434,0.6792464367,-1.879542403,-1.495432651,-0.01576289446,0,0,,transition,30,0,1610,17,702,10
2,118,27,-1.586337077,-0.3467453275,0.6076806598,-1.840301337,-1.495421894,-0.01558763569,0,1,8,task,30,0,1610,17,702,10
2,118,28,-1.614412901,-0.3577898904,0.6333670483,-1.84680207,-1.473895457,-0.04382512397,0,1,9,task,10,0,1610,17,702,10
2,118,29,-1.61490248,-0.3895038317,0.7021326301,-1.883927152,-1.473941009,-0.044316786,0,0,,transition,30,0,1610,17,702,10
2,118,30,-1.61539206,-0.4212177729,0.770898212,-1.921052233,-1.473986562,-0.04480844803,0,1,10,task,30,0,1610,17,702,10
2,118,31,-1.615904812,-0.4482905847,0.8295947259,-1.952747215,-1.47403191,-0.04532338141,0,0,,transition,30,0,1610,17,702,10
2,118,32,-1.616417564,-0.4753633964,0.8882912398,-1.984442198,-1.474077258,-0.04583831479,0,1,11,task,30,0,1610,17,702,10
2,118,33,-1.616955177,-0.4994383557,0.9405133602,-2.012658322,-1.474122391,-0.04637821565,0,0,,transition,30,0,1610,17,702,10
2,118,34,-1.61749279,-0.523513315,0.9927354806,-2.040874446,-1.474167523,-0.04691811652,0,1,12,task,30,0,1610,17,702,10
2,118,35,-1.641528563,-0.522554055,0.9956075324,-2.042389014,-1.474179555,-0.07106649899,0,1,13,task,10,0,1610,17,702,10
2,118,36,-1.640711586,-0.4985188609,0.9433808142,-2.014106601,-1.47411887,-0.07024615731,0,0,,transition,30,0,1610,17,702,10
2,118,37,-1.63989461,-0.4744836669,0.891154096,-1.985824187,-1.474058184,-0.06942581563,0,1,14,task,30,0,1610,17,702,10
2,118,38,-1.639115475,-0.4474627488,0.8324843428,-1.954080981,-1.473997147,-0.06864347232,0,0,,transition,30,0,1610,17,702,10
2,118,39,-1.638336341,-0.4204418306,0.7738145895,-1.922337775,-1.47393611,-0.06786112902,0,1,15,task,30,0,1610,17,702,10
2,118,40,-1.637592472,-0.3888082215,0.7051424938,-1.885201673,-1.473874738,-0.06711419713,0,0,,transition,30,0,1610,17,702,10
2,118,41,-1.636848604,-0.3571746123,0.6364703981,-1.848065571,-1.473813366,-0.06636726523,0,1,16,task,30,0,1610,17,702,10
2,118,42,-1.65954712,-0.3562075864,0.6381580433,-1.846928891,-1.472779242,-0.08918291049,0,1,17,task,10,0,1610,17,702,10
2,118,43,-1.660423246,-0.3880224522,0.7075678512,-1.885203247,-1.473326734,-0.0900581746,0,0,,transition,30,0,1610,17,702,10
2,118,44,-1.661299373,-0.419837318,0.776977659,-1.923477603,-1.473874226,-0.09093343872,0,1,18,task,30,0,1610,17,702,10
2,118,45,-1.66234006,-0.4468052164,0.8356576502,-1.955370786,-1.473970409,-0.09197807606,0,0,,transition,30,0,1610,17,702,10
2,118,46,-1.663380748,-0.4737731149,0.8943376415,-1.987263969,-1.474066591,-0.09302271339,0,1,19,task,30,0,1610,17,702,10
2,118,47,-1.664472115,-0.4977632843,0.9465993596,-2.015712083,-1.474162014,-0.09411821953,0,0,,transition,30,0,1610,17,702,10
2,118,48,-1.665563481,-0.5217534538,0.9988610777,-2.044160197,-1.474257436,-0.09521372566,0,1,20,task,30,0,1610,17,702,10
2,118,49,-1.68980373,-0.5244781132,1.010017421,-2.050622679,-1.474487876,-0.1195654065,0,1,21,task,10,0,1610,17,702,10
2,118,50,-1.688465035,-0.5006237778,0.957645219,-2.02142983,-1.474240778,-0.1182236809,0,0,,transition,30,0,1610,17,702,10
2,118,51,-1.68712634,-0.4767694425,0.9052730171,-1.992236982,-1.47399368,-0.1168819554,0,1,22,task,30,0,1610,17,702,10
2,118,52,-1.685958895,-0.4499030491,0.8464812571,-1.959512086,-1.473337785,-0.115716661,0,0,,transition,30,0,1610,17,702,10
2,118,53,-1.684791449,-0.4230366557,0.787689497,-1.92678719,-1.47268189,-0.1145513667,0,1,23,task,30,0,1610,17,702,10
2,118,54,-1.683691867,-0.3916256194,0.7190788587,-1.888769588,-1.471968239,-0.1134545556,0,0,,transition,30,0,1610,17,702,10
2,118,55,-1.682592286,-0.360214583,0.6504682203,-1.850751986,-1.471254588,-0.1123577445,0,1,24,task,30,0,1610,17,702,10
2,118,56,-1.70411752,-0.3461825491,0.6273026904,-1.838571451,-1.473090345,-0.133967276,0,1,25,task,10,0,1610,17,702,10
2,118,57,-1.705705709,-0.3784634282,0.6978123448,-1.877400714,-1.472882486,-0.1355659695,0,0,,transition,30,0,1610,17,702,10
2,118,58,-1.707293898,-0.4107443073,0.7683219993,-1.916229977,-1.472674628,-0.137164663,0,1,26,task,30,0,1610,17,702,10
2,118,59,-1.708958061,-0.438137361,0.8282530319,-1.949359586,-1.472463407,-0.1388397313,0,0,,transition,30,0,1610,17,702,10
2,118,60,-1.710622223,-0.4655304146,0.8881840646,-1.982489195,-1.472252186,-0.1405147995,0,1,27,task,30,0,1610,17,702,10
2,118,61,-1.712367959,-0.4897949097,0.9413870535,-2.012009786,-1.472037395,-0.142271876,0,0,,transition,30,0,1610,17,702,10
2,118,62,-1.714113694,-0.5140594047,0.9945900424,-2.041530376,-1.471822604,-0.1440289526,0,1,28,task,30,0,1610,17,702,10
2,118,63,-1.737794439,-0.5182660759,1.018363595,-2.063303915,-1.475623299,-0.1677618524,0,1,29,task,10,0,1610,17,702,10
2,118,64,-1.735777726,-0.4946184898,0.9661260235,-2.033896048,-1.475783097,-0.1657345235,0,0,,transition,30,0,1610,17,702,10
2,118,65,-1.733761014,-0.4709709036,0.913888452,-2.004488181,-1.475942895,-0.1637071945,0,1,30,task,30,0,1610,17,702,10
2,118,66,-1.731839319,-0.4444125842,0.8554201831,-1.971750048,-1.476096544,-0.1617751597,0,0,,transition,30,0,1610,17,702,10
2,118,67,-1.729917624,-0.4178542649,0.7969519143,-1.939011915,-1.476250192,-0.1598431249,0,1,31,task,30,0,1610,17,702,10
2,118,68,-1.728084375,-0.3868747854,0.7289453219,-1.901147067,-1.476398073,-0.1579997854,0,0,,transition,30,0,1610,17,702,10
2,118,69,-1.726251126,-0.355895306,0.6609387294,-1.863282219,-1.476545954,-0.156156446,0,1,32,task,30,0,1610,17,702,10
2,118,70,-1.745998966,-0.3287738949,0.6115660966,-1.838008359,-1.482369105,-0.1759003881,0,1,33,task,10,0,1610,17,702,10
2,118,71,-1.748053841,-0.3617295739,0.6841122528,-1.878621123,-1.482182306,-0.177966301,0,0,,transition,30,0,1610,17,702,10
2,118,72,-1.750108715,-0.394685253,0.7566584091,-1.919233886,-1.481995507,-0.180032214,0,1,34,task,30,0,1610,17,702,10
2,118,73,-1.752262133,-0.4223953322,0.8178766198,-1.953753876,-1.481800951,-0.1821967998,0,0,,transition,30,0,1610,17,702,10
2,118,74,-1.75441555,-0.4501054115,0.8790948305,-1.988273865,-1.481606395,-0.1843613856,0,1,35,task,30,0,1610,17,702,10
2,118,75,-1.756674781,-0.474507562,0.9332286441,-2.01900613,-1.481403565,-0.1866319347,0,0,,transition,30,0,1610,17,702,10
2,118,76,-1.758934011,-0.4989097125,0.9873624577,-2.049738396,-1.481200735,-0.1889024838,0,1,36,task,30,0,1610,17,702,10
2,118,77,-1.741830919,-0.5963542841,1.040402234,-2.006198542,-1.489346123,-0.1717295308,0,0,,transition,10,0,1610,17,702,10
2,118,78,-1.724727827,-0.6937988556,1.093442011,-1.962658688,-1.497491511,-0.1545565777,0,0,,transition,10,0,1610,17,702,10
2,118,79,-1.707624735,-0.7912434272,1.146481787,-1.919118833,-1.505636899,-0.1373836246,0,0,,transition,10,0,1610,17,702,10
2,118,80,-1.690521643,-0.8886879988,1.199521564,-1.875578979,-1.513782286,-0.1202106715,0,0,,transition,10,0,1610,17,702,10
2,118,81,-1.673418551,-0.9861325704,1.252561341,-1.832039125,-1.521927674,-0.1030377185,0,0,,transition,10,0,1610,17,702,10
2,118,82,-1.65631546,-1.083577142,1.305601117,-1.788499271,-1.530073062,-0.08586476538,0,0,,transition,10,0,1610,17,702,10
2,118,83,-1.639212368,-1.181021714,1.358640894,-1.744959417,-1.538218449,-0.0686918123,0,0,,transition,10,0,1610,17,702,10
2,118,84,-1.622109276,-1.278466285,1.41168067,-1.701419563,-1.546363837,-0.05151885923,0,0,,transition,10,0,1610,17,702,10
2,118,85,-1.605006184,-1.375910857,1.464720447,-1.657879708,-1.554509225,-0.03434590615,0,0,,transition,10,0,1610,17,702,10
2,118,86,-1.587903092,-1.473355428,1.517760223,-1.614339854,-1.562654612,-0.01717295308,0,0,,transition,10,0,1610,17,702,10
2,118,87,-1.5708,-1.5708,1.5708,-1.5708,-1.5708,0,0,0,,home,10,0,1610,17,702,10
2,119,1,-1.5708,-1.5708,1.5708,-1.5708,-1.5708,0,0,0,,home,10,0,1610,17,702,0
2,119,2,-1.520948933,-1.472612254,1.545965789,-1.632986159,-1.610690048,0.05422303676,0,0,,transition,10,0,1610,17,702,0
2,119,3,-1.471097867,-1.374424508,1.521131578,-1.695172318,-1.650580097,0.1084460735,0,0,,transition,10,0,1610,17,702,0
2,119,4,-1.4212468,-1.276236762,1.496297367,-1.757358477,-1.690470145,0.1626691103,0,0,,transition,10,0,1610,17,702,0
2,119,5,-1.371395733,-1.178049017,1.471463156,-1.819544637,-1.730360193,0.216892147,0,0,,transition,10,0,1610,17,702,0
2,119,6,-1.321544666,-1.079861271,1.446628945,-1.881730796,-1.770250242,0.2711151838,0,0,,transition,10,0,1610,17,702,0
2,119,7,-1.2716936,-0.9816735248,1.421794733,-1.943916955,-1.81014029,0.3253382206,0,0,,transition,10,0,1610,17,702,0
2,119,8,-1.221842533,-0.883485779,1.396960522,-2.006103114,-1.850030338,0.3795612573,0,0,,transition,10,0,1610,17,702,0
2,119,9,-1.171991466,-0.7852980331,1.372126311,-2.068289273,-1.889920386,0.4337842941,0,0,,transition,10,0,1610,17,702,0
2,119,10,-1.1221404,-0.6871102872,1.3472921,-2.130475432,-1.929810435,0.4880073308,0,0,,transition,10,0,1610,17,702,0
2,119,11,-1.072289333,-0.5889225414,1.322457889,-2.192661591,-1.969700483,0.5422303676,0,1,1,task,10,0,1610,17,702,0
2,119,12,-1.094316212,-0.57378014,1.26188478,-2.155067278,-1.936817788,0.5114672295,0,1,2,task,15,0,1610,17,702,0
2,119,13,-1.097215646,-0.537466092,1.190781073,-2.121160402,-1.969460476,0.514806048,0,1,3,task,20,0,1610,17,702,0
2,119,14,-1.100270112,-0.5160755325,1.13001719,-2.057953206,-1.979080416,0.5145718202,0,0,,transition,10,0,1610,17,702,0
2,119,15,-1.103324577,-0.4946849729,1.069253307,-1.994746009,-1.988700357,0.5143375923,0,1,4,task,10,0,1610,17,702,0
2,119,16,-1.138121302,-0.4810892956,0.9896354148,-1.936486504,-1.900869082,0.4591377079,0,1,5,task,10,0,1610,17,702,0
2,119,17,-1.145627184,-0.4458895135,0.92624678,-1.931917755,-1.911307118,0.4525709353,0,1,6,task,30,0,1610,17,702,0
2,119,18,-1.151257383,-0.4040939555,0.8453359339,-1.907088274,-1.927791022,0.4489851553,0,1,7,task,30,0,1610,17,702,0
2,119,19,-1.153541936,-0.3761643321,0.7827755136,-1.86724943,-1.937533264,0.4483349016,0,0,,transition,30,0,1610,17,702,0
2,119,20,-1.155826489,-0.3482347087,0.7202150934,-1.827410587,-1.947275506,0.4476846479,0,1,8,task,30,0,1610,17,702,0
2,119,21,-1.156140552,-0.3055079329,0.623484105,-1.756716638,-1.964668335,0.4510006075,0,0,,transition,10,0,1610,17,702,0
2,119,22,-1.156454615,-0.2627811571,0.5267531167,-1.686022688,-1.982061165,0.4543165672,0,1,9,task,10,0,1610,17,702,0
2,119,23,-1.160436853,-0.231397913,0.4542811078,-1.643730414,-1.977980939,0.4491489356,0,0,,transition,30,0,1610,17,702,0
2,119,24,-1.164419091,-0.2000146688,0.3818090988,-1.601438139,-1.973900713,0.443981304,0,0,,transition,30,0,1610,17,702,0
2,119,25,-1.168401329,-0.1686314247,0.3093370898,-1.559145865,-1.969820486,0.4388136724,0,1,10,task,30,0,1610,17,702,0
2,119,26,-1.187168123,-0.2196351049,0.4050189378,-1.624196963,-1.935933827,0.4128257562,0,0,,transition,10,0,1610,17,702,0
2,119,27,-1.205934916,-0.2706387851,0.5007007858,-1.689248062,-1.902047167,0.38683784,0,1,11,task,10,0,1610,17,702,0
2,119,28,-1.200732881,-0.3090447063,0.5933719257,-1.753516499,-1.906361999,0.3928481565,0,0,,transition,30,0,1610,17,702,0
2,119,29,-1.195530846,-0.3474506275,0.6860430655,-1.817784937,-1.91067683,0.398858473,0,1,12,task,30,0,1610,17,702,0
2,119,30,-1.189703953,-0.3716207634,0.7429369347,-1.848742044,-1.916493619,0.4059485317,0,0,,transition,30,0,1610,17,702,0
2,119,31,-1.183877059,-0.3957908992,0.7998308039,-1.879699151,-1.922310408,0.4130385904,0,1,13,task,30,0,1610,17,702,0
2,119,32,-1.176326178,-0.4391335887,0.890178094,-1.915674421,-1.916226123,0.4203757795,0,1,14,task,30,0,1610,17,702,0
2,119,33,-1.168496909,-0.4786377239,0.972146245,-1.947146992,-1.909942645,0.4279246351,0,1,15,task,30,0,1610,17,702,0
2,119,34,-1.16037426,-0.5151959089,1.04768339,-1.97517549,-1.903451855,0.4356967372,0,1,16,task,30,0,1610,17,702,0
2,119,35,-1.156025512,-0.5355199711,1.100323422,-2.019228226,-1.900692982,0.4397336725,0,0,,transition,30,0,1610,17,702,0
2,119,36,-1.151676765,-0.5558440333,1.152963454,-2.063280961,-1.897934109,0.4437706078,0,1,17,task,30,0,1610,17,702,0
2,119,37,-1.129445448,-0.5772989041,1.243725458,-2.150478365,-1.938632573,0.4735762538,0,1,18,task,30,0,1610,17,702,0
2,119,38,-1.120033444,-0.6063268554,1.317765018,-2.200433635,-1.931542709,0.4821645047,0,1,19,task,30,0,1610,17,702,0
2,119,39,-1.109415885,-0.6323294365,1.382534212,-2.23726983,-1.926789483,0.4927010148,0,1,20,task,30,0,1610,17,702,0
2,119,40,-1.103287819,-0.6619029266,1.431581096,-2.237883267,-1.905166492,0.4961711457,0,1,21,task,30,0,1610,17,702,0
2,119,41,-1.060618582,-0.6518827136,1.501046684,-2.332743085,-2.002667298,0.5606991985,0,1,22,task,10,0,1610,17,702,0
2,119,42,-1.046196276,-0.6686862372,1.554728355,-2.364060586,-2.002801876,0.5767710102,0,1,23,task,30,0,1610,17,702,0
2,119,43,-1.021423743,-0.6607421346,1.599957886,-2.427760136,-2.048586247,0.6144006147,0,1,24,task,30,0,1610,17,702,0
2,119,44,-1.053927662,-0.6967206213,1.638230383,-2.456301227,-1.987513409,0.5640869482,0,0,,transition,10,0,1610,17,702,0
2,119,45,-1.08643158,-0.732699108,1.67650288,-2.484842317,-1.926440571,0.5137732818,0,1,25,task,10,0,1610,17,702,0
2,119,46,-1.103686611,-0.7204020029,1.621642551,-2.441615519,-1.915671968,0.4940518962,0,1,26,task,30,0,1610,17,702,0
2,119,47,-1.113895546,-0.7158476401,1.580014513,-2.385707163,-1.903449311,0.4824363321,0,0,,transition,30,0,1610,17,702,0
2,119,48,-1.124104482,-0.7112932774,1.538386474,-2.329798807,-1.891226654,0.4708207681,0,1,27,task,30,0,1610,17,702,0
2,119,49,-1.130937976,-0.6837774461,1.477597021,-2.297068801,-1.908930873,0.4663109964,0,1,28,task,30,0,1610,17,702,0
2,119,50,-1.149763958,-0.6668048353,1.427390378,-2.279501525,-1.886232993,0.4426364925,0,1,29,task,30,0,1610,17,702,0
2,119,51,-1.168957434,-0.6487874238,1.375142373,-2.26038065,-1.859483602,0.4187442714,0,1,30,task,30,0,1610,17,702,0
2,119,52,-1.188714543,-0.6295848143,1.32064074,-2.239492171,-1.828010675,0.3945404643,0,1,31,task,10,0,1610,17,702,0
2,119,53,-1.196622836,-0.6148594828,1.26586804,-2.178738853,-1.817227958,0.3857934297,0,0,,transition,30,0,1610,17,702,0
2,119,54,-1.204531128,-0.6001341514,1.21109534,-2.117985535,-1.806445242,0.3770463952,0,1,32,task,30,0,1610,17,702,0
2,119,55,-1.212643386,-0.5667508529,1.140108469,-2.086936293,-1.809986865,0.3689420497,0,1,33,task,30,0,1610,17,702,0
2,119,56,-1.22041589,-0.5312363046,1.064518808,-2.053395791,-1.81341554,0.3611606181,0,1,34,task,30,0,1610,17,702,0
2,119,57,-1.227868361,-0.4931154584,0.9832906682,-2.016803434,-1.816737854,0.3536836667,0,1,35,task,30,0,1610,17,702,0
2,119,58,-1.235019135,-0.451696522,0.8949148382,-1.976341955,-1.819959883,0.3464940317,0,1,36,task,30,0,1610,17,702,0
2,119,59,-1.23794043,-0.4252524014,0.8327772733,-1.93467006,-1.823380949,0.3438644148,0,0,,transition,30,0,1610,17,702,0
2,119,60,-1.240861724,-0.3988082808,0.7706397085,-1.892998166,-1.826802016,0.3412347979,0,1,37,task,30,0,1610,17,702,0
2,119,61,-1.244876898,-0.3680027017,0.6993877902,-1.84793435,-1.825492954,0.337018546,0,0,,transition,30,0,1610,17,702,0
2,119,62,-1.248892072,-0.3371971225,0.6281358719,-1.802870534,-1.824183893,0.3328022942,0,1,38,task,30,0,1610,17,702,0
2,119,63,-1.269690333,-0.3768336778,0.6961319272,-1.828813629,-1.823571112,0.3112571436,0,1,39,task,10,0,1610,17,702,0
2,119,64,-1.265614956,-0.4067774271,0.7684897308,-1.880374781,-1.825824764,0.3155744117,0,0,,transition,30,0,1610,17,702,0
2,119,65,-1.26153958,-0.4367211764,0.8408475343,-1.931935934,-1.828078416,0.3198916799,0,1,40,task,30,0,1610,17,702,0
2,119,66,-1.258537367,-0.4605491011,0.8966958258,-1.967918762,-1.825679582,0.3227390962,0,0,,transition,30,0,1610,17,702,0
2,119,67,-1.255535154,-0.4843770257,0.9525441173,-2.00390159,-1.823280748,0.3255865124,0,1,41,task,30,0,1610,17,702,0
2,119,68,-1.249168078,-0.5250368728,1.042125002,-2.050825939,-1.818676572,0.3318008956,0,1,42,task,30,0,1610,17,702,0
2,119,69,-1.242396868,-0.5617100408,1.118307489,-2.081984831,-1.814363912,0.338532868,0,1,43,task,30,0,1610,17,702,0
2,119,70,-1.235339239,-0.5962188337,1.189751586,-2.110575316,-1.809924079,0.3455246212,0,1,44,task,30,0,1610,17,702,0
2,119,71,-1.224630231,-0.6289702704,1.274886302,-2.173620204,-1.816749553,0.3570036947,0,1,45,task,30,0,1610,17,702,0
2,119,72,-1.218372837,-0.6430585683,1.326733699,-2.230941833,-1.822615247,0.3634928207,0,0,,transition,30,0,1610,17,702,0
2,119,73,-1.212115443,-0.6571468662,1.378581096,-2.288263462,-1.828480941,0.3699819467,0,1,46,task,30,0,1610,17,702,0
2,119,74,-1.206121945,-0.6863004491,1.435221144,-2.30298035,-1.816193433,0.375418073,0,1,47,task,30,0,1610,17,702,0
2,119,75,-1.196085233,-0.7116504841,1.49560964,-2.333532146,-1.815809688,0.3857984406,0,1,48,task,30,0,1610,17,702,0
2,119,76,-1.185536185,-0.735767971,1.553672547,-2.362870236,-1.815347095,0.3967021297,0,1,49,task,30,0,1610,17,702,0
2,119,77,-1.170403083,-0.7545218425,1.621792605,-2.424908077,-1.8272404,0.4129668206,0,1,50,task,30,0,1610,17,702,0
2,119,78,-1.148769732,-0.7632131699,1.69020083,-2.504053932,-1.856493999,0.4373717693,0,1,51,task,30,0,1610,17,702,0
2,119,79,-1.133121619,-0.7745902665,1.737472896,-2.538214129,-1.868523075,0.4549286428,0,1,52,task,30,0,1610,17,702,0
2,119,80,-1.180318424,-0.8119143332,1.787813872,-2.573266732,-1.814884734,0.4000745832,0,1,53,task,10,0,1610,17,702,0
2,119,81,-1.188239243,-0.7940832106,1.719340182,-2.503328085,-1.825498303,0.3937645706,0,1,54,task,30,0,1610,17,702,0
2,119,82,-1.199392853,-0.7761711585,1.651709338,-2.438374609,-1.825430255,0.3828858887,0,1,55,task,30,0,1610,17,702,0
2,119,83,-1.213171802,-0.7564952711,1.583936278,-2.378163073,-1.815866475,0.3682438881,0,1,56,task,30,0,1610,17,702,0
2,119,84,-1.223118851,-0.7322547408,1.526672592,-2.350618288,-1.816281622,0.3579378687,0,1,57,task,30,0,1610,17,702,0
2,119,85,-1.232577156,-0.7068730478,1.467238331,-2.321928442,-1.816606068,0.3481296788,0,1,58,task,30,0,1610,17,702,0
2,119,86,-1.238580906,-0.6786370304,1.398764564,-2.279428457,-1.826482639,0.3428409746,0,1,59,task,30,0,1610,17,702,0
2,119,87,-1.24915737,-0.6502684956,1.310649923,-2.198070717,-1.819794302,0.3318431673,0,1,60,task,30,0,1610,17,702,0
2,119,88,-1.260341405,-0.6176442782,1.220523397,-2.123286243,-1.80957235,0.3197172661,0,1,61,task,30,0,1610,17,702,0
2,119,89,-1.266166439,-0.5836201355,1.15451597,-2.104064909,-1.816454177,0.3141208405,0,1,62,task,30,0,1610,17,702,0
2,119,90,-1.272832095,-0.5483986294,1.082873168,-2.078791547,-1.819351652,0.3073272915,0,1,63,task,30,0,1610,17,702,0
2,119,91,-1.282904894,-0.5125905702,0.9997757022,-2.036458523,-1.808541491,0.2961145226,0,1,64,task,30,0,1610,17,702,0
2,119,92,-1.291702984,-0.4924400747,0.9435681051,-1.99372041,-1.788280302,0.285915901,0,0,,transition,10,0,1610,17,702,0
2,119,93,-1.300501074,-0.4722895792,0.8873605081,-1.950982297,-1.768019113,0.2757172794,0,1,65,task,10,0,1610,17,702,0
2,119,94,-1.303870522,-0.4472362045,0.8319609939,-1.9203463,-1.767010991,0.2722278971,0,0,,transition,30,0,1610,17,702,0
2,119,95,-1.307239969,-0.4221828298,0.7765614798,-1.889710303,-1.76600287,0.2687385147,0,1,66,task,30,0,1610,17,702,0
2,119,96,-1.330719616,-0.4408248851,0.8038022045,-1.899189501,-1.764667579,0.244727214,0,1,67,task,10,0,1610,17,702,0
2,119,97,-1.327059076,-0.4669006681,0.8657943317,-1.941491701,-1.767698881,0.248576479,0,0,,transition,30,0,1610,17,702,0
2,119,98,-1.323398537,-0.4929764511,0.9277864589,-1.983793901,-1.770730182,0.252425744,0,1,68,task,30,0,1610,17,702,0
2,119,99,-1.313996673,-0.5346712864,1.02558659,-2.042381584,-1.783052137,0.2626539283,0,1,69,task,30,0,1610,17,702,0
2,119,100,-1.304145285,-0.5722344693,1.114973056,-2.096368474,-1.795424532,0.2734257318,0,1,70,task,30,0,1610,17,702,0
2,119,101,-1.290582316,-0.6032602814,1.191080326,-2.136800651,-1.819035967,0.2889633878,0,1,71,task,30,0,1610,17,702,0
2,119,102,-1.288507261,-0.6384759795,1.251227279,-2.143544756,-1.801352714,0.2900679892,0,1,72,task,30,0,1610,17,702,0
2,119,103,-1.289483324,-0.6585590997,1.303172786,-2.191347854,-1.785968012,0.2879536883,0,0,,transition,10,0,1610,17,702,0
2,119,104,-1.290459388,-0.6786422199,1.355118293,-2.239150952,-1.77058331,0.2858393874,0,1,73,task,10,0,1610,17,702,0
2,119,105,-1.277264234,-0.7048274937,1.435330367,-2.30753799,-1.788552815,0.3000896092,0,1,74,task,30,0,1610,17,702,0
2,119,106,-1.258957182,-0.7243266253,1.502114449,-2.358281119,-1.820516515,0.320901523,0,1,75,task,30,0,1610,17,702,0
2,119,107,-1.251249276,-0.7506769333,1.552260095,-2.364746933,-1.816588915,0.3289403271,0,1,76,task,30,0,1610,17,702,0
2,119,108,-1.240986332,-0.7742707195,1.613242391,-2.401757563,-1.819279945,0.3396907879,0,1,77,task,30,0,1610,17,702,0
2,119,109,-1.229184048,-0.7953380118,1.677170788,-2.451299767,-1.824888765,0.3520793115,0,1,78,task,30,0,1610,17,702,0
2,119,110,-1.225092167,-0.803189503,1.719135405,-2.504891405,-1.822077865,0.3553282833,0,0,,transition,30,0,1610,17,702,0
2,119,111,-1.221000286,-0.8110409942,1.761100022,-2.558483044,-1.819266964,0.358577255,0,1,79,task,30,0,1610,17,702,0
2,119,112,-1.21187165,-0.8298448661,1.815618529,-2.592947169,-1.813952839,0.3674942793,0,1,80,task,30,0,1610,17,702,0
2,119,113,-1.210075268,-0.8328846775,1.822447336,-2.594323976,-1.813984261,0.369426154,0,1,81,task,30,0,1610,17,702,0
2,119,114,-1.240813018,-0.8532372145,1.855203774,-2.614330228,-1.812823735,0.3377835918,0,1,82,task,10,0,1610,17,702,0
2,119,115,-1.252991713,-0.8360386182,1.804843946,-2.587594252,-1.807859862,0.3248147896,0,1,83,task,30,0,1610,17,702,0
2,119,116,-1.270495416,-0.8244623151,1.741596127,-2.523462605,-1.78531148,0.3060414534,0,1,84,task,30,0,1610,17,702,0
2,119,117,-1.285832482,-0.8081591429,1.676068511,-2.462494265,-1.766547487,0.2897485167,0,1,85,task,30,0,1610,17,702,0
2,119,118,-1.299879158,-0.7883067726,1.615194835,-2.419310716,-1.749404801,0.2747323093,0,1,86,task,30,0,1610,17,702,0
2,119,119,-1.307236709,-0.7629872122,1.547139157,-2.369430126,-1.750350364,0.2674531099,0,1,87,task,30,0,1610,17,702,0
2,119,120,-1.315002007,-0.7362195767,1.48078118,-2.327828999,-1.748868027,0.2595541382,0,1,88,task,30,0,1610,17,702,0
2,119,121,-1.322567581,-0.7076307507,1.405772881,-2.272488967,-1.746679194,0.2519126633,0,1,89,task,30,0,1610,17,702,0
2,119,122,-1.329245387,-0.6768106058,1.333264696,-2.228776477,-1.746221746,0.2451478217,0,1,90,task,30,0,1610,17,702,0
2,119,123,-1.337195627,-0.6445084609,1.254307554,-2.176924243,-1.740343641,0.2369025112,0,1,91,task,30,0,1610,17,702,0
2,119,124,-1.347486483,-0.6118859706,1.178929107,-2.136485483,-1.72514591,0.2259126876,0,1,92,task,30,0,1610,17,702,0
2,119,125,-1.357892477,-0.5764129185,1.095781476,-2.088133814,-1.707860193,0.2148663896,0,1,93,task,30,0,1610,17,702,0
2,119,126,-1.363081942,-0.5350440011,1.003734449,-2.035660652,-1.707597991,0.2096336895,0,1,94,task,30,0,1610,17,702,0
2,119,127,-1.365594392,-0.5117762907,0.9511145901,-2.003691221,-1.707327808,0.2071029022,0,0,,transition,30,0,1610,17,702,0
2,119,128,-1.368106842,-0.4885085803,0.8984947312,-1.97172179,-1.707057625,0.204572115,0,1,95,task,30,0,1610,17,702,0
2,119,129,-1.392871415,-0.490088204,0.8917524237,-1.962440402,-1.706815183,0.1795787139,0,1,96,task,10,0,1610,17,702,0
2,119,130,-1.390655028,-0.5137916487,0.9451296621,-1.994800103,-1.707083155,0.1818134058,0,0,,transition,30,0,1610,17,702,0
2,119,131,-1.388438642,-0.5374950933,0.9985069005,-2.027159803,-1.707351128,0.1840480976,0,1,97,task,30,0,1610,17,702,0
2,119,132,-1.383901776,-0.579498856,1.091602143,-2.0800309,-1.707495641,0.1886220895,0,1,98,task,30,0,1610,17,702,0
2,119,133,-1.379036258,-0.6186949071,1.18184281,-2.136630182,-1.708013439,0.1935163725,0,1,99,task,30,0,1610,17,702,0
2,119,134,-1.374008583,-0.6545285611,1.263066575,-2.184278022,-1.708243581,0.1985798539,0,1,100,task,30,0,1610,17,702,0
2,119,135,-1.368568616,-0.6883095295,1.344049479,-2.238276157,-1.708996048,0.2040368614,0,1,101,task,30,0,1610,17,702,0
2,119,136,-1.362842648,-0.7196477451,1.419005268,-2.286455783,-1.709739111,0.2097895048,0,1,102,task,30,0,1610,17,702,0
2,119,137,-1.356782894,-0.7490332964,1.490254106,-2.332373912,-1.710557542,0.2158784887,0,1,103,task,30,0,1610,17,702,0
2,119,138,-1.350289511,-0.7765531269,1.559278875,-2.378664466,-1.711681893,0.2223976143,0,1,104,task,30,0,1610,17,702,0
2,119,139,-1.343107808,-0.8020044662,1.627754091,-2.429082265,-1.713777989,0.2295925524,0,1,105,task,30,0,1610,17,702,0
2,119,140,-1.335600808,-0.8258851184,1.692061554,-2.474421526,-1.715597677,0.2371278399,0,1,106,task,30,0,1610,17,702,0
2,119,141,-1.323315699,-0.8452657141,1.756028368,-2.527484183,-1.729523777,0.2497999966,0,1,107,task,30,0,1610,17,702,0
2,119,142,-1.306078799,-0.861651756,1.809826413,-2.562616842,-1.754793606,0.2682376529,0,1,108,task,30,0,1610,17,702,0
2,119,143,-1.292382702,-0.8748919248,1.87397133,-2.627790067,-1.768342723,0.2823067699,0,1,109,task,30,0,1610,17,702,0
2,119,144,-1.288001945,-0.8805929246,1.895330199,-2.644916985,-1.770751552,0.2868007052,0,1,110,task,30,0,1610,17,702,0
2,119,145,-1.336157101,-0.9073909454,1.922368004,-2.645802439,-1.729877632,0.2365888806,0,1,111,task,10,0,1610,17,702,0
2,119,146,-1.347653914,-0.8915273602,1.862762004,-2.594464548,-1.719724021,0.2248653511,0,1,112,task,30,0,1610,17,702,0
2,119,147,-1.355642888,-0.8715324674,1.803512801,-2.551298416,-1.717269854,0.216829606,0,1,113,task,30,0,1610,17,702,0
2,119,148,-1.363391847,-0.8508283457,1.739235224,-2.499030046,-1.714111579,0.2090801047,0,1,114,task,30,0,1610,17,702,0
2,119,149,-1.379401935,-0.8309834324,1.681384939,-2.460970438,-1.686124138,0.1923230633,0,1,115,task,30,0,1610,17,702,0
2,119,150,-1.391046516,-0.8080008077,1.617604355,-2.415696558,-1.66838248,0.1803659197,0,1,116,task,30,0,1610,17,702,0
2,119,151,-1.396340718,-0.7808156377,1.549912956,-2.370355489,-1.66787198,0.1750909278,0,1,117,task,30,0,1610,17,702,0
2,119,152,-1.401307793,-0.7520604696,1.479066485,-2.322733554,-1.667484512,0.1701438067,0,1,118,task,30,0,1610,17,702,0
2,119,153,-1.40601106,-0.7214128072,1.40621189,-2.27606676,-1.667112461,0.1654472916,0,1,119,task,30,0,1610,17,702,0
2,119,154,-1.416364584,-0.6911498803,1.331938224,-2.227917454,-1.647549225,0.1548265268,0,1,120,task,30,0,1610,17,702,0
2,119,155,-1.42177575,-0.6571388485,1.25568361,-2.184725672,-1.642781533,0.1493560265,0,1,121,task,30,0,1610,17,702,0
2,119,156,-1.426915719,-0.6209717434,1.175001564,-2.139194398,-1.638030089,0.1441634894,0,1,122,task,30,0,1610,17,702,0
2,119,157,-1.429843895,-0.5807048411,1.084418074,-2.084429873,-1.640149309,0.1412632493,0,1,123,task,30,0,1610,17,702,0
2,119,158,-1.433851788,-0.5371943594,0.9867270225,-2.025711169,-1.637903265,0.1372370257,0,1,124,task,30,0,1610,17,702,0
2,119,159,-1.436385857,-0.5135497931,0.9344214218,-1.995664481,-1.634499719,0.1346718651,0,0,,transition,30,0,1610,17,702,0
2,119,160,-1.438919927,-0.4899052268,0.882115821,-1.965617793,-1.631096174,0.1321067045,0,1,125,task,30,0,1610,17,702,0
2,119,161,-1.470990904,-0.5302280196,0.9665518164,-2.015286378,-1.59558743,0.09982685685,0,1,126,task,10,0,1610,17,702,0
2,119,162,-1.467789266,-0.5745006493,1.063000954,-2.069016585,-1.598243721,0.1030342189,0,1,127,task,30,0,1610,17,702,0
2,119,163,-1.463511799,-0.6153439001,1.154876736,-2.124516789,-1.604049151,0.1073235559,0,1,128,task,30,0,1610,17,702,0
2,119,164,-1.459697838,-0.6532627012,1.240912953,-2.17714712,-1.607582655,0.1111416235,0,1,129,task,30,0,1610,17,702,0
2,119,165,-1.456481744,-0.6886966114,1.320792307,-2.224562077,-1.608518875,0.1143542793,0,1,130,task,30,0,1610,17,702,0
2,119,166,-1.453282666,-0.7221743381,1.397312518,-2.271178559,-1.608857675,0.1175440135,0,1,131,task,30,0,1610,17,702,0
2,119,167,-1.450479887,-0.7539232413,1.471635495,-2.318477087,-1.607433433,0.1203234215,0,1,132,task,30,0,1610,17,702,0
2,119,168,-1.448196443,-0.7841272375,1.543422288,-2.365063574,-1.603974704,0.1225714719,0,1,133,task,30,0,1610,17,702,0
2,119,169,-1.444352933,-0.812512697,1.608914542,-2.403119251,-1.604681561,0.1264115103,0,1,134,task,30,0,1610,17,702,0
2,119,170,-1.433171829,-0.8369819075,1.672704359,-2.446392623,-1.625630148,0.1376759911,0,1,135,task,30,0,1610,17,702,0
2,119,171,-1.423873419,-0.8603939935,1.736896119,-2.493281445,-1.639550377,0.1470408304,0,1,136,task,30,0,1610,17,702,0
2,119,172,-1.416433106,-0.8825725829,1.800932888,-2.542732463,-1.646960075,0.1544859406,0,1,137,task,30,0,1610,17,702,0
2,119,173,-1.40517676,-0.9025245398,1.859149016,-2.583917619,-1.663076658,0.1659078099,0,1,138,task,30,0,1610,17,702,0
2,119,174,-1.395333446,-0.9199699161,1.921178744,-2.638364462,-1.673848659,0.1757861912,0,1,139,task,30,0,1610,17,702,0
2,119,175,-1.387794034,-0.9281133957,1.955486791,-2.670056831,-1.684063305,0.1834162181,0,1,140,task,30,0,1610,17,702,0
2,119,176,-1.439940421,-0.9466456029,1.979351094,-2.675610059,-1.640246212,0.1307426672,0,1,141,task,10,0,1610,17,702,0
2,119,177,-1.463136694,-0.9334724968,1.922277232,-2.622287902,-1.592941817,0.107456462,0,1,142,task,10,0,1610,17,702,0
2,119,178,-1.463864379,-0.9110694397,1.861652841,-2.58007906,-1.600278426,0.1067720194,0,1,143,task,30,0,1610,17,702,0
2,119,179,-1.466088074,-0.8879479999,1.799088156,-2.535256754,-1.603475371,0.1045933967,0,1,144,task,30,0,1610,17,702,0
2,119,180,-1.468770063,-0.8636423111,1.734406402,-2.488601516,-1.605027768,0.1019532157,0,1,145,task,30,0,1610,17,702,0
2,119,181,-1.472288294,-0.8380622945,1.667616326,-2.440410259,-1.603744523,0.0984662306,0,1,146,task,30,0,1610,17,702,0
2,119,182,-1.475645756,-0.8106655383,1.60153698,-2.398237225,-1.602351828,0.09512036583,0,1,147,task,30,0,1610,17,702,0
2,119,183,-1.478007658,-0.7816812442,1.534935176,-2.359478138,-1.603401411,0.0927662496,0,1,148,task,30,0,1610,17,702,0
2,119,184,-1.479978643,-0.7512998589,1.464682371,-2.317139663,-1.605259064,0.0908092564,0,1,149,task,30,0,1610,17,702,0
2,119,185,-1.481473256,-0.7189247925,1.387036722,-2.264577245,-1.608292055,0.08934491267,0,1,150,task,30,0,1610,17,702,0
2,119,186,-1.484112361,-0.6848021746,1.307995728,-2.214428808,-1.607330246,0.08671421391,0,1,151,task,30,0,1610,17,702,0
2,119,187,-1.487944045,-0.6484625266,1.223229906,-2.158941729,-1.601914854,0.08287826695,0,1,152,task,30,0,1610,17,702,0
2,119,188,-1.491852996,-0.6096170732,1.135808931,-2.10578609,-1.595589107,0.0789593752,0,1,153,task,30,0,1610,17,702,0
2,119,189,-1.494246372,-0.5678371362,1.044939268,-2.055176688,-1.593945149,0.0765636599,0,1,154,task,30,0,1610,17,702,0
2,119,190,-1.495921703,-0.5224474094,0.9471655308,-2.002243311,-1.594485652,0.0748892505,0,1,155,task,30,0,1610,17,702,0
2,119,191,-1.51941543,-0.545402447,0.9950912371,-2.027539275,-1.594547213,0.05138991867,0,1,156,task,10,0,1610,17,702,0
2,119,192,-1.518245127,-0.5891071486,1.089045397,-2.078124038,-1.594198612,0.05255993047,0,1,157,task,30,0,1610,17,702,0
2,119,193,-1.517015359,-0.6296461929,1.17618937,-2.125063721,-1.593851287,0.05378939611,0,1,158,task,30,0,1610,17,702,0
2,119,194,-1.515721496,-0.6676722728,1.257950413,-2.169132843,-1.593505335,0.05508294492,0,1,159,task,30,0,1610,17,702,0
2,119,195,-1.510186682,-0.7034251278,1.345725749,-2.233848957,-1.606641692,0.06062903235,0,1,160,task,30,0,1610,17,702,0
2,119,196,-1.509655651,-0.737390696,1.432469862,-2.301465765,-1.603111842,0.06112595134,0,1,161,task,30,0,1610,17,702,0
2,119,197,-1.508120104,-0.7684899229,1.502629063,-2.341099753,-1.602547578,0.06265870427,0,1,162,task,30,0,1610,17,702,0
2,119,198,-1.506494429,-0.7982666791,1.570233417,-2.379500366,-1.601988466,0.06428144803,0,1,163,task,30,0,1610,17,702,0
2,119,199,-1.504770496,-0.8268580278,1.635611109,-2.41685862,-1.60143497,0.06600229816,0,1,164,task,30,0,1610,17,702,0
2,119,200,-1.502358762,-0.8539351239,1.701298451,-2.459177989,-1.602521939,0.06840479342,0,1,165,task,30,0,1610,17,702,0
2,119,201,-1.500312247,-0.8785201963,1.77155886,-2.51692765,-1.602229134,0.07040791944,0,1,166,task,30,0,1610,17,702,0
2,119,202,-1.500477816,-0.9019724498,1.83850642,-2.569774283,-1.595760715,0.07019252037,0,1,167,task,30,0,1610,17,702,0
2,119,203,-1.503831474,-0.9241511421,1.90497785,-2.623766467,-1.581206984,0.06678801185,0,1,168,task,30,0,1610,17,702,0
2,119,204,-1.504161277,-0.9450653258,1.965124545,-2.666820208,-1.574659922,0.06643925295,0,1,169,task,30,0,1610,17,702,0
2,119,205,-1.504370498,-0.9599001052,2.009309828,-2.698942031,-1.569889075,0.06621761629,0,1,170,task,30,0,1610,17,702,0
2,119,206,-1.541629021,-0.9662304266,2.025313366,-2.708527266,-1.566959952,0.02907430196,0,1,171,task,10,0,1610,17,702,0
2,119,207,-1.541434439,-0.9460798791,1.967753938,-2.669534809,-1.569940605,0.02927147944,0,1,172,task,30,0,1610,17,702,0
2,119,208,-1.541253501,-0.9248356334,1.909138914,-2.630580006,-1.572919993,0.02945528865,0,1,173,task,30,0,1610,17,702,0
2,119,209,-1.541084826,-0.9025113556,1.849342086,-2.591523079,-1.575898258,0.02962710489,0,1,174,task,30,0,1610,17,702,0
2,119,210,-1.535842729,-0.8793487302,1.780726265,-2.53631085,-1.592675195,0.03488491471,0,1,175,task,30,0,1610,17,702,0
2,119,211,-1.535862608,-0.8560757972,1.699394268,-2.452291171,-1.595593722,0.03491424081,0,1,176,task,30,0,1610,17,702,0
2,119,212,-1.540825184,-0.8291733848,1.63663399,-2.415542177,-1.584270358,0.02994901094,0,1,177,task,30,0,1610,17,702,0
2,119,213,-1.545411603,-0.8010910705,1.571234072,-2.376502465,-1.573222676,0.02536515097,0,1,178,task,30,0,1610,17,702,0
2,119,214,-1.549288995,-0.7714838784,1.500099358,-2.329353083,-1.563559789,0.02149482334,0,1,179,task,30,0,1610,17,702,0
2,119,215,-1.552940904,-0.7402173942,1.426032254,-2.280861843,-1.553944722,0.01784931612,0,1,180,task,30,0,1610,17,702,0
2,119,216,-1.554799515,-0.7058260213,1.340029611,-2.215237899,-1.549486987,0.01599610235,0,1,181,task,30,0,1610,17,702,0
2,119,217,-1.555179484,-0.6693399955,1.259287229,-2.167572549,-1.549607398,0.0156164481,0,1,182,task,30,0,1610,17,702,0
2,119,218,-1.555557428,-0.6308408891,1.175636389,-2.12069865,-1.549669488,0.01523854803,0,1,183,task,30,0,1610,17,702,0
2,119,219,-1.555916287,-0.5896966082,1.086369534,-2.070854356,-1.549733003,0.01487968608,0,1,184,task,30,0,1610,17,702,0
2,119,220,-1.55625747,-0.5452062311,0.9899497483,-2.017203644,-1.549797842,0.01453845805,0,1,185,task,30,0,1610,17,702,0
2,119,221,-1.556419859,-0.5207494447,0.93698453,-1.987834755,-1.549830879,0.01437602622,0,0,,transition,30,0,1610,17,702,0
2,119,222,-1.556582248,-0.4962926583,0.8840193116,-1.958465866,-1.549863915,0.01421359438,0,1,186,task,30,0,1610,17,702,0
2,119,223,-1.556737011,-0.4687178668,0.824316134,-1.925477206,-1.549897526,0.01405876938,0,0,,transition,30,0,1610,17,702,0
2,119,224,-1.556891775,-0.4411430754,0.7646129564,-1.892488545,-1.549931137,0.01390394438,0,1,187,task,30,0,1610,17,702,0
2,119,225,-1.557039437,-0.408686757,0.6943142886,-1.853786093,-1.549965285,0.01375620353,0,0,,transition,30,0,1610,17,702,0
2,119,226,-1.557187099,-0.3762304385,0.6240156208,-1.815083641,-1.549999433,0.01360846267,0,1,188,task,30,0,1610,17,702,0
2,119,227,-1.56836366,-0.3462348023,0.5596706712,-1.780222887,-1.550058481,0.00242958322,0,0,,transition,10,0,1610,17,702,0
2,119,228,-1.579540222,-0.3162391661,0.4953257216,-1.745362132,-1.55011753,-0.008749296227,0,1,189,task,10,0,1610,17,702,0
2,119,229,-1.579655725,-0.3550571971,0.5795941053,-1.791825662,-1.550054895,-0.00886486151,0,0,,transition,30,0,1610,17,702,0
2,119,230,-1.579771229,-0.3938752281,0.663862489,-1.838289193,-1.54999226,-0.008980426792,0,1,190,task,30,0,1610,17,702,0
2,119,231,-1.579892201,-0.4249220012,0.731218788,-1.875611759,-1.549929202,-0.009101444616,0,0,,transition,30,0,1610,17,702,0
2,119,232,-1.580013172,-0.4559687743,0.7985750871,-1.912934325,-1.549866144,-0.00922246244,0,1,191,task,30,0,1610,17,702,0
2,119,233,-1.580140011,-0.4826921629,0.8565647904,-1.945213531,-1.549802629,-0.009349330173,0,0,,transition,30,0,1610,17,702,0
2,119,234,-1.580266849,-0.5094155514,0.9145544937,-1.977492737,-1.549739114,-0.009476197906,0,1,192,task,30,0,1610,17,702,0
2,119,235,-1.580399992,-0.53328747,0.9663976212,-2.006476673,-1.549675105,-0.009609352545,0,0,,transition,30,0,1610,17,702,0
2,119,236,-1.580533136,-0.5571593886,1.018240749,-2.035460609,-1.549611096,-0.009742507184,0,1,193,task,30,0,1610,17,702,0
2,119,237,-1.580813,-0.6007805765,1.113092203,-2.088715974,-1.549482011,-0.01002235367,0,1,194,task,30,0,1610,17,702,0
2,119,238,-1.581107509,-0.6412428274,1.201220604,-2.138406833,-1.549351767,-0.01031680189,0,1,195,task,30,0,1610,17,702,0
2,119,239,-1.581478699,-0.6795155068,1.287299509,-2.19148755,-1.549019968,-0.01068753012,0,1,196,task,30,0,1610,17,702,0
2,119,240,-1.58187851,-0.7154944336,1.36908083,-2.242953801,-1.548660303,-0.01108646168,0,1,197,task,30,0,1610,17,702,0
2,119,241,-1.582317163,-0.7490099396,1.445751156,-2.29030503,-1.548248318,-0.01152421807,0,1,198,task,30,0,1610,17,702,0
2,119,242,-1.582791807,-0.780588431,1.518523826,-2.334780574,-1.547802821,-0.01199798959,0,1,199,task,30,0,1610,17,702,0
2,119,243,-1.583295484,-0.8107324336,1.588639776,-2.378032872,-1.547353638,-0.01250058885,0,1,200,task,30,0,1610,17,702,0
2,119,244,-1.58383095,-0.8395842115,1.656455804,-2.420276334,-1.546900402,-0.01303474932,0,1,201,task,30,0,1610,17,702,0
2,119,245,-1.584472754,-0.8671414925,1.72315546,-2.463811636,-1.546244496,-0.01367446636,0,1,202,task,30,0,1610,17,702,0
2,119,246,-1.582324832,-0.8892769717,1.804479482,-2.55087212,-1.553172592,-0.01150926511,0,1,203,task,30,0,1610,17,702,0
2,119,247,-1.581366321,-0.9117934791,1.867352632,-2.596281855,-1.556651175,-0.01054847641,0,1,204,task,30,0,1610,17,702,0
2,119,248,-1.580726169,-0.9334832787,1.927479454,-2.637646451,-1.559166438,-0.009907455039,0,1,205,task,30,0,1610,17,702,0
2,119,249,-1.580037974,-0.9540046743,1.986414278,-2.678984986,-1.561688636,-0.009218813561,0,1,206,task,30,0,1610,17,702,0
2,119,250,-1.57936275,-0.9717032033,2.039303547,-2.716844765,-1.563998876,-0.0085436001,0,1,207,task,30,0,1610,17,702,0
2,119,251,-1.617476525,-0.9763166558,2.051250157,-2.723863086,-1.56101775,-0.04654191745,0,1,208,task,10,0,1610,17,702,0
2,119,252,-1.617051771,-0.9571770162,1.99260204,-2.680533977,-1.558045703,-0.04613305548,0,1,209,task,30,0,1610,17,702,0
2,119,253,-1.616658342,-0.936776119,1.932889376,-2.637404004,-1.555067493,-0.04575496226,0,1,210,task,30,0,1610,17,702,0
2,119,254,-1.616292862,-0.9151487081,1.871981462,-2.594307486,-1.552083783,-0.04540430604,0,1,211,task,30,0,1610,17,702,0
2,119,255,-1.617195956,-0.8932328308,1.80261206,-2.532656348,-1.545783368,-0.04635089003,0,1,212,task,30,0,1610,17,702,0
2,119,256,-1.616397828,-0.8684985354,1.733083382,-2.476870884,-1.544010876,-0.04557975733,0,1,213,task,30,0,1610,17,702,0
2,119,257,-1.614482834,-0.8414268532,1.663887238,-2.42735293,-1.545545656,-0.04367686981,0,1,214,task,30,0,1610,17,702,0
2,119,258,-1.612964289,-0.8126575576,1.595469035,-2.383776128,-1.546242419,-0.04216364955,0,1,215,task,30,0,1610,17,702,0
2,119,259,-1.611537006,-0.7825612306,1.524740858,-2.339212297,-1.546925248,-0.04074071871,0,1,216,task,30,0,1610,17,702,0
2,119,260,-1.61019297,-0.7509961356,1.451339865,-2.293440755,-1.547595379,-0.03940015367,0,1,217,task,30,0,1610,17,702,0
2,119,261,-1.60897277,-0.7174976082,1.37520517,-2.247190946,-1.548100667,-0.03818251133,0,1,218,task,30,0,1610,17,702,0
2,119,262,-1.607876642,-0.6818314334,1.295911755,-2.200348595,-1.548408202,-0.03708822493,0,1,219,task,30,0,1610,17,702,0
2,119,263,-1.606838895,-0.6440430451,1.212263084,-2.1512713,-1.54870819,-0.03605184484,0,1,220,task,30,0,1610,17,702,0
2,119,264,-1.605854971,-0.6036843749,1.12326321,-2.099411359,-1.54900123,-0.03506885289,0,1,221,task,30,0,1610,17,702,0
2,119,265,-1.604928842,-0.5601887747,1.027932822,-2.044707671,-1.549259249,-0.03414319343,0,1,222,task,30,0,1610,17,702,0
2,119,266,-1.604492931,-0.5364315122,0.9761366185,-2.01543217,-1.549369616,-0.03370735309,0,0,,transition,30,0,1610,17,702,0
2,119,267,-1.604057021,-0.5126742498,0.9243404151,-1.986156669,-1.549479982,-0.03327151274,0,1,223,task,30,0,1610,17,702,0
2,119,268,-1.603641934,-0.48610763,0.8665021387,-1.953647826,-1.549588225,-0.03285639304,0,0,,transition,30,0,1610,17,702,0
2,119,269,-1.603226846,-0.4595410101,0.8086638623,-1.921138984,-1.549696468,-0.03244127334,0,1,224,task,30,0,1610,17,702,0
2,119,270,-1.602831121,-0.4287443737,0.7416747702,-1.883708767,-1.54980274,-0.03204542112,0,0,,transition,30,0,1610,17,702,0
2,119,271,-1.602435397,-0.3979477372,0.6746856781,-1.846278549,-1.549909012,-0.0316495689,0,1,225,task,30,0,1610,17,702,0
2,119,272,-1.625151575,-0.4021339791,0.6864657944,-1.856172211,-1.549643928,-0.05437088053,0,1,226,task,10,0,1610,17,702,0
2,119,273,-1.625830404,-0.4326836715,0.7531984863,-1.893953413,-1.549467256,-0.05504971997,0,0,,transition,30,0,1610,17,702,0
2,119,274,-1.626509233,-0.4632333639,0.8199311782,-1.931734616,-1.549290584,-0.05572855941,0,1,227,task,30,0,1610,17,702,0
2,119,275,-1.627218829,-0.4896042067,0.877588854,-1.964529625,-1.549119549,-0.05643790606,0,0,,transition,30,0,1610,17,702,0
2,119,276,-1.627928425,-0.5159750496,0.9352465297,-1.997324633,-1.548948515,-0.05714725272,0,1,228,task,30,0,1610,17,702,0
2,119,277,-1.628661199,-0.5394806712,0.9865061691,-2.026194838,-1.548818084,-0.05787969694,0,0,,transition,30,0,1610,17,702,0
2,119,278,-1.629393974,-0.5629862929,1.037765809,-2.055065042,-1.548687653,-0.05861214117,0,1,229,task,30,0,1610,17,702,0
2,119,279,-1.630935008,-0.6060426893,1.131843586,-2.10831639,-1.548419434,-0.06015218332,0,1,230,task,30,0,1610,17,702,0
2,119,280,-1.632557535,-0.6460441816,1.21945477,-2.158153424,-1.548143273,-0.06177335955,0,1,231,task,30,0,1610,17,702,0
2,119,281,-1.634268216,-0.6835926328,1.301924889,-2.205299568,-1.54785852,-0.0634823042,0,1,232,task,30,0,1610,17,702,0
2,119,282,-1.636074465,-0.7191129711,1.38019518,-2.25027086,-1.547564458,-0.06528639776,0,1,233,task,30,0,1610,17,702,0
2,119,283,-1.638094129,-0.7526057864,1.456309365,-2.296489115,-1.546917418,-0.06730184166,0,1,234,task,30,0,1610,17,702,0
2,119,284,-1.640346635,-0.7841353835,1.530620706,-2.344213279,-1.545913407,-0.06954687702,0,1,235,task,30,0,1610,17,702,0
2,119,285,-1.642740565,-0.814135066,1.602215935,-2.390743414,-1.544883223,-0.0719311035,0,1,236,task,30,0,1610,17,702,0
2,119,286,-1.645333682,-0.842648998,1.671593106,-2.436654547,-1.54369859,-0.07451191723,0,1,237,task,30,0,1610,17,702,0
2,119,287,-1.648140671,-0.8697710298,1.739031588,-2.482114687,-1.542370761,-0.07730361464,0,1,238,task,30,0,1610,17,702,0
2,119,288,-1.650431499,-0.895155375,1.805582148,-2.529941458,-1.542896338,-0.07956672756,0,1,239,task,30,0,1610,17,702,0
2,119,289,-1.651679526,-0.9182923365,1.871918287,-2.582310119,-1.546492886,-0.08076627216,0,1,240,task,30,0,1610,17,702,0
2,119,290,-1.653007488,-0.9398919497,1.936355271,-2.633823024,-1.550099655,-0.08204151648,0,1,241,task,30,0,1610,17,702,0
2,119,291,-1.654331955,-0.9600425757,1.997218012,-2.679911544,-1.55394349,-0.08332729129,0,1,242,task,30,0,1610,17,702,0
2,119,292,-1.655763603,-0.9788126394,2.05699139,-2.726300687,-1.557763563,-0.08471789214,0,1,243,task,30,0,1610,17,702,0
2,119,293,-1.655867855,-0.9800692404,2.061125424,-2.72955436,-1.558029192,-0.08481918463,0,1,244,task,30,0,1610,17,702,0
2,119,294,-1.694428338,-0.9829597003,2.068904969,-2.7338953,-1.555046293,-0.1232680344,0,1,245,task,10,0,1610,17,702,0
2,119,295,-1.692440328,-0.9652426731,2.007073302,-2.68094881,-1.549254566,-0.1213726322,0,1,246,task,30,0,1610,17,702,0
2,119,296,-1.689682911,-0.9449940482,1.944687665,-2.631292341,-1.545685363,-0.1186879698,0,1,247,task,30,0,1610,17,702,0
2,119,297,-1.686587261,-0.9228224194,1.881423754,-2.583477448,-1.543442495,-0.1156497179,0,1,248,task,30,0,1610,17,702,0
2,119,298,-1.683710813,-0.8993178272,1.816752131,-2.535595455,-1.541147494,-0.1128236862,0,1,249,task,30,0,1610,17,702,0
2,119,299,-1.680329676,-0.8739332021,1.751511906,-2.490677714,-1.540715211,-0.1094734942,0,1,250,task,30,0,1610,17,702,0
2,119,300,-1.676588304,-0.846896007,1.685439046,-2.447975034,-1.541873881,-0.1057484947,0,1,251,task,30,0,1610,17,702,0
2,119,301,-1.673080936,-0.8186533291,1.617446029,-2.404543427,-1.542997027,-0.1022551216,0,1,252,task,30,0,1610,17,702,0
2,119,302,-1.669684445,-0.789043528,1.545764893,-2.357040951,-1.544396068,-0.09887541216,0,1,253,task,30,0,1610,17,702,0
2,119,303,-1.666421519,-0.7577984883,1.470302411,-2.306139583,-1.545969262,-0.09562802535,0,1,254,task,30,0,1610,17,702,0
2,119,304,-1.663502309,-0.7245864873,1.393595977,-2.257971981,-1.547008372,-0.09271666976,0,1,255,task,30,0,1610,17,702,0
2,119,305,-1.66096451,-0.6893877327,1.316365178,-2.214264662,-1.547301608,-0.09018112713,0,1,256,task,30,0,1610,17,702,0
2,119,306,-1.658560898,-0.6522574003,1.235121691,-2.168471775,-1.547584274,-0.08777941047,0,1,257,task,30,0,1610,17,702,0
2,119,307,-1.65628107,-0.6128002175,1.148990869,-2.12011433,-1.547857177,-0.0855011417,0,1,258,task,30,0,1610,17,702,0
2,119,308,-1.654115672,-0.5704624829,1.056753993,-2.06852765,-1.548121045,-0.08333699209,0,1,259,task,30,0,1610,17,702,0
2,119,309,-1.653085974,-0.5474453461,1.006687507,-2.040632819,-1.548248789,-0.08230777229,0,0,,transition,30,0,1610,17,702,0
2,119,310,-1.652056275,-0.5244282093,0.9566210217,-2.012737987,-1.548376533,-0.0812785525,0,1,260,task,30,0,1610,17,702,0
2,119,311,-1.651075767,-0.4989172236,0.901192919,-1.98197381,-1.548500385,-0.08029838751,0,0,,transition,30,0,1610,17,702,0
2,119,312,-1.650095259,-0.4734062378,0.8457648162,-1.951209633,-1.548624237,-0.07931822252,0,1,261,task,30,0,1610,17,702,0
2,119,313,-1.649159469,-0.444250813,0.7824394232,-1.91616192,-1.548748332,-0.07838266119,0,0,,transition,30,0,1610,17,702,0
2,119,314,-1.64822368,-0.4150953881,0.7191140301,-1.881114208,-1.548872428,-0.07744709987,0,1,262,task,30,0,1610,17,702,0
2,119,315,-1.647283833,-0.3789214416,0.6396889549,-1.835594955,-1.549174076,-0.07650756112,0,0,,transition,30,0,1610,17,702,0
2,119,316,-1.646343987,-0.3427474951,0.5602638798,-1.790075703,-1.549475724,-0.07556802237,0,1,263,task,30,0,1610,17,702,0
2,119,317,-1.658493183,-0.374390612,0.631191297,-1.832469576,-1.54894029,-0.0877187825,0,0,,transition,10,0,1610,17,702,0
2,119,318,-1.670642379,-0.4060337289,0.7021187143,-1.874863448,-1.548404856,-0.09986954262,0,1,264,task,10,0,1610,17,702,0
2,119,319,-1.671832939,-0.4356903576,0.7664359388,-1.910201294,-1.548286359,-0.1010598184,0,0,,transition,30,0,1610,17,702,0
2,119,320,-1.673023499,-0.4653469862,0.8307531634,-1.945539141,-1.548167861,-0.1022500942,0,1,265,task,30,0,1610,17,702,0
2,119,321,-1.674271879,-0.4911967921,0.8868309406,-1.976442503,-1.548045482,-0.1034980821,0,0,,transition,30,0,1610,17,702,0
2,119,322,-1.675520259,-0.517046598,0.9429087177,-2.007345866,-1.547923102,-0.1047460701,0,1,266,task,30,0,1610,17,702,0
2,119,323,-1.67683079,-0.5403114858,0.9934200016,-2.035265638,-1.547796555,-0.1060560938,0,0,,transition,30,0,1610,17,702,0
2,119,324,-1.678141321,-0.5635763736,1.043931285,-2.06318541,-1.547670009,-0.1073661175,0,1,267,task,30,0,1610,17,702,0
2,119,325,-1.680896237,-0.6063034495,1.13681305,-2.114682475,-1.547407958,-0.1101197725,0,1,268,task,30,0,1610,17,702,0
2,119,326,-1.683795566,-0.6460834487,1.223429439,-2.162856476,-1.547136261,-0.1130175776,0,1,269,task,30,0,1610,17,702,0
2,119,327,-1.686851011,-0.6834931856,1.305048258,-2.208397974,-1.546854157,-0.1160712187,0,1,270,task,30,0,1610,17,702,0
2,119,328,-1.690075583,-0.7189425992,1.382574583,-2.251801617,-1.546560806,-0.1192936847,0,1,271,task,30,0,1610,17,702,0
2,119,329,-1.693783081,-0.7525615537,1.460060486,-2.300590279,-1.545318449,-0.122990963,0,1,272,task,30,0,1610,17,702,0
2,119,330,-1.698193961,-0.7839811118,1.539288325,-2.358795968,-1.542575928,-0.1273690304,0,1,273,task,30,0,1610,17,702,0
2,119,331,-1.702274235,-0.8136870672,1.609134212,-2.40177275,-1.541579096,-0.1314369505,0,1,274,task,30,0,1610,17,702,0
2,119,332,-1.706614273,-0.8421248202,1.676786337,-2.443808682,-1.540549022,-0.1357628213,0,1,275,task,30,0,1610,17,702,0
2,119,333,-1.711239836,-0.8693951014,1.742525966,-2.48508253,-1.539482514,-0.1403722464,0,1,276,task,30,0,1610,17,702,0
2,119,334,-1.715927066,-0.895329247,1.806970933,-2.526996346,-1.539044345,-0.1450346315,0,1,277,task,30,0,1610,17,702,0
2,119,335,-1.720150851,-0.9193536372,1.871051172,-2.572330211,-1.540588907,-0.1492090092,0,1,278,task,30,0,1610,17,702,0
2,119,336,-1.724690529,-0.942153425,1.933756761,-2.617518525,-1.542071065,-0.1536928198,0,1,279,task,30,0,1610,17,702,0
2,119,337,-1.729583238,-0.9637217865,1.99525223,-2.662732651,-1.54348342,-0.1585224978,0,1,280,task,30,0,1610,17,702,0
2,119,338,-1.733060099,-0.9820598821,2.058915562,-2.71905188,-1.548958825,-0.1618582658,0,1,281,task,30,0,1610,17,702,0
2,119,339,-1.733045344,-0.9849870905,2.074568661,-2.736868099,-1.552082349,-0.161776849,0,1,282,task,30,0,1610,17,702,0
2,119,340,-1.793057599,-0.9892776983,2.071683993,-2.708461552,-1.500217879,-0.2222823773,0,1,283,task,10,0,1610,17,702,0
2,119,341,-1.777206375,-0.9700582831,2.009912644,-2.663060852,-1.518848732,-0.2062941676,0,1,284,task,30,0,1610,17,702,0
2,119,342,-1.767844323,-0.9483416238,1.94928049,-2.621354308,-1.524238977,-0.196934528,0,1,285,task,30,0,1610,17,702,0
2,119,343,-1.759151546,-0.9254876417,1.887507947,-2.579523682,-1.529542126,-0.1882469209,0,1,286,task,30,0,1610,17,702,0
2,119,344,-1.751058581,-0.9014985843,1.82444036,-2.537425814,-1.534765828,-0.1801612209,0,1,287,task,30,0,1610,17,702,0
2,119,345,-1.744271986,-0.8759617002,1.760576654,-2.496465426,-1.537817809,-0.1733879155,0,1,288,task,30,0,1610,17,702,0
2,119,346,-1.738617017,-0.848973694,1.695733709,-2.456389689,-1.538849631,-0.1677493645,0,1,289,task,30,0,1610,17,702,0
2,119,347,-1.733311659,-0.8208726537,1.629074382,-2.415589668,-1.539842712,-0.1624587121,0,1,290,task,30,0,1610,17,702,0
2,119,348,-1.728324339,-0.7915659044,1.560336913,-2.373898459,-1.540800405,-0.1574845104,0,1,291,task,30,0,1610,17,702,0
2,119,349,-1.72362719,-0.7609322081,1.489205674,-2.331123568,-1.541725687,-0.1527990051,0,1,292,task,30,0,1610,17,702,0
2,119,350,-1.71813742,-0.7278503075,1.403435749,-2.263492981,-1.545997563,-0.1473588637,0,1,293,task,30,0,1610,17,702,0
2,119,351,-1.714147702,-0.6929110331,1.327111244,-2.221029286,-1.546297999,-0.1433711443,0,1,294,task,30,0,1610,17,702,0
2,119,352,-1.710367974,-0.6561189636,1.24692211,-2.176546581,-1.546586329,-0.1395931603,0,1,295,task,30,0,1610,17,702,0
2,119,353,-1.706782035,-0.617101369,1.16204488,-2.129594748,-1.546863451,-0.1360087257,0,1,296,task,30,0,1610,17,702,0
2,119,354,-1.703375311,-0.57534078,1.071341681,-2.07955393,-1.547130175,-0.1326032826,0,1,297,task,30,0,1610,17,702,0
2,119,355,-1.70013466,-0.5300833194,0.9731596727,-2.025525658,-1.547387237,-0.1293637014,0,1,298,task,30,0,1610,17,702,0
2,119,356,-1.698591429,-0.5051191081,0.9190443045,-1.995820101,-1.547511269,-0.1278209052,0,0,,transition,30,0,1610,17,702,0
2,119,357,-1.697048197,-0.4801548967,0.8649289364,-1.966114543,-1.547635302,-0.126278109,0,1,299,task,30,0,1610,17,702,0
2,119,358,-1.695576672,-0.4518466097,0.8035829828,-1.932520134,-1.547755141,-0.1248069256,0,0,,transition,30,0,1610,17,702,0
2,119,359,-1.694105147,-0.4235383228,0.7422370291,-1.898925725,-1.54787498,-0.1233357421,0,1,300,task,30,0,1610,17,702,0
2,119,360,-1.692700432,-0.3898524976,0.6692120357,-1.859027651,-1.547990901,-0.1219312809,0,0,,transition,30,0,1610,17,702,0
2,119,361,-1.691295717,-0.3561666725,0.5961870422,-1.819129577,-1.548106823,-0.1205268197,0,1,301,task,30,0,1610,17,702,0
2,119,362,-1.729108043,-0.3914163725,0.6656220188,-1.830239733,-1.496731446,-0.1587533726,0,1,302,task,10,0,1610,17,702,0
2,119,363,-1.730959624,-0.4223830965,0.7325953112,-1.866744949,-1.496662649,-0.1606112407,0,0,,transition,30,0,1610,17,702,0
2,119,364,-1.732811206,-0.4533498204,0.7995686037,-1.903250165,-1.496593852,-0.1624691089,0,1,303,task,30,0,1610,17,702,0
2,119,365,-1.734751649,-0.4800570309,0.8573004039,-1.934766176,-1.49652205,-0.1644160491,0,0,,transition,30,0,1610,17,702,0
2,119,366,-1.736692093,-0.5067642414,0.9150322041,-1.966282187,-1.496450249,-0.1663629893,0,1,304,task,30,0,1610,17,702,0
2,119,367,-1.738727964,-0.5306586099,0.9666860977,-1.994525352,-1.496375261,-0.1684055849,0,0,,transition,30,0,1610,17,702,0
2,119,368,-1.740763834,-0.5545529784,1.018339991,-2.022768518,-1.496300274,-0.1704481804,0,1,305,task,30,0,1610,17,702,0
2,119,369,-1.745040886,-0.5982755065,1.11290205,-2.074558542,-1.496143541,-0.1747391804,0,1,306,task,30,0,1610,17,702,0
2,119,370,-1.749539204,-0.6388857175,1.200805533,-2.122784165,-1.495979634,-0.1792519929,0,1,307,task,30,0,1610,17,702,0
2,119,371,-1.754276447,-0.6770169448,1.283438271,-2.168198379,-1.495808104,-0.1840043277,0,1,308,task,30,0,1610,17,702,0
2,119,372,-1.759272203,-0.7131146306,1.361778952,-2.211332754,-1.495628471,-0.1890158343,0,1,309,task,30,0,1610,17,702,0
2,119,373,-1.763873021,-0.748015957,1.449860606,-2.280444259,-1.497503558,-0.1935600314,0,1,310,task,30,0,1610,17,702,0
2,119,374,-1.76495177,-0.7799887883,1.529491925,-2.340992574,-1.510772501,-0.1944133873,0,1,311,task,30,0,1610,17,702,0
2,119,375,-1.76783803,-0.8099402418,1.601943239,-2.390554654,-1.518930992,-0.1971742905,0,1,312,task,30,0,1610,17,702,0
2,119,376,-1.77167843,-0.8384758305,1.6703465,-2.43501543,-1.524873846,-0.2009302522,0,1,313,task,30,0,1610,17,702,0
2,119,377,-1.775772183,-0.8657685419,1.736779787,-2.478784146,-1.530770937,-0.2049413388,0,1,314,task,30,0,1610,17,702,0
2,119,378,-1.781051353,-0.8916941214,1.802178098,-2.523401319,-1.534193373,-0.2101469419,0,1,315,task,30,0,1610,17,702,0
2,119,379,-1.793690129,-0.9146634313,1.870949028,-2.577702134,-1.519458783,-0.2227780362,0,1,316,task,30,0,1610,17,702,0
2,119,380,-1.804281566,-0.9372074208,1.932572897,-2.618535816,-1.512060465,-0.2334034445,0,1,317,task,30,0,1610,17,702,0
2,119,381,-1.814978249,-0.9589357288,1.991847654,-2.656272675,-1.506250991,-0.2441515449,0,1,318,task,30,0,1610,17,702,0
2,119,382,-1.826494773,-0.9796067111,2.050126494,-2.693896808,-1.500388536,-0.2557332979,0,1,319,task,30,0,1610,17,702,0
2,119,383,-1.831054904,-0.9870969943,2.071798088,-2.708034771,-1.498170769,-0.2603219788,0,1,320,task,30,0,1610,17,702,0
2,119,384,-1.868691245,-0.9840391188,2.069769097,-2.706292502,-1.496246343,-0.298011099,0,1,321,task,10,0,1610,17,702,0
2,119,385,-1.8582641,-0.9640027779,2.011371671,-2.665771279,-1.495654258,-0.2876433149,0,1,322,task,30,0,1610,17,702,0
2,119,386,-1.848596125,-0.9428419611,1.952018162,-2.625378822,-1.494975,-0.278030747,0,1,323,task,30,0,1610,17,702,0
2,119,387,-1.839607112,-0.9205830669,1.891578905,-2.584964397,-1.49421731,-0.2690935005,0,1,324,task,30,0,1610,17,702,0
2,119,388,-1.831227794,-0.8972316816,1.829909928,-2.544382895,-1.493388813,-0.2607625915,0,1,325,task,30,0,1610,17,702,0
2,119,389,-1.823717845,-0.8747506299,1.745595635,-2.451906605,-1.491811572,-0.2536185712,0,1,326,task,30,0,1610,17,702,0
2,119,390,-1.81585752,-0.8470956928,1.680731414,-2.413006952,-1.492255342,-0.2457437021,0,1,327,task,30,0,1610,17,702,0
2,119,391,-1.808475001,-0.8183580162,1.614000595,-2.373279939,-1.492664761,-0.2383469733,0,1,328,task,30,0,1610,17,702,0
2,119,392,-1.801527989,-0.7884359098,1.545135292,-2.332563593,-1.493042465,-0.2313859897,0,1,329,task,30,0,1610,17,702,0
2,119,393,-1.794979033,-0.7571988115,1.473811061,-2.290667734,-1.493390842,-0.2248232258,0,1,330,task,30,0,1610,17,702,0
2,119,394,-1.78870866,-0.7241835835,1.398447399,-2.245193018,-1.493985042,-0.2185393341,0,1,331,task,30,0,1610,17,702,0
2,119,395,-1.782607874,-0.6886718579,1.31694518,-2.193300782,-1.495104207,-0.2124209952,0,1,332,task,30,0,1610,17,702,0
2,119,396,-1.776941081,-0.6511782351,1.233134534,-2.143115942,-1.495819163,-0.2067336357,0,1,333,task,30,0,1610,17,702,0
2,119,397,-1.771700138,-0.6116697253,1.147281468,-2.095701961,-1.496049195,-0.2014754543,0,1,334,task,30,0,1610,17,702,0
2,119,398,-1.766719175,-0.5693027856,1.055342911,-2.045038903,-1.496269173,-0.1964778605,0,1,335,task,30,0,1610,17,702,0
2,119,399,-1.761979314,-0.5232652764,0.9555397832,-1.990161504,-1.496479686,-0.1917219184,0,1,336,task,30,0,1610,17,702,0
2,119,400,-1.759721387,-0.4977695807,0.9003020538,-1.959854166,-1.496580484,-0.189456201,0,0,,transition,30,0,1610,17,702,0
2,119,401,-1.75746346,-0.4722738849,0.8450643244,-1.929546829,-1.496681282,-0.1871904836,0,1,337,task,30,0,1610,17,702,0
2,119,402,-1.755309779,-0.4431737693,0.7820245597,-1.895033146,-1.496777875,-0.1850292397,0,0,,transition,30,0,1610,17,702,0
2,119,403,-1.753156098,-0.4140736537,0.7189847951,-1.860519463,-1.496874468,-0.1828679957,0,1,338,task,30,0,1610,17,702,0
2,119,404,-1.751099606,-0.379003394,0.6429675421,-1.818990325,-1.496967094,-0.1808041478,0,0,,transition,30,0,1610,17,702,0
2,119,405,-1.749043113,-0.3439331343,0.5669502892,-1.777461187,-1.49705972,-0.1787402999,0,1,339,task,30,0,1610,17,702,0
2,119,406,-1.773360391,-0.3766525113,0.6423420997,-1.820112872,-1.497137001,-0.2031257954,0,1,340,task,10,0,1610,17,702,0
2,119,407,-1.775726493,-0.4084805215,0.7114506591,-1.858086564,-1.497004284,-0.2055007312,0,0,,transition,30,0,1610,17,702,0
2,119,408,-1.778092594,-0.4403085317,0.7805592185,-1.896060257,-1.496871568,-0.207875667,0,1,341,task,30,0,1610,17,702,0
2,119,409,-1.780571731,-0.4675034073,0.8396238055,-1.928613278,-1.496733119,-0.2103638399,0,0,,transition,30,0,1610,17,702,0
2,119,410,-1.783050868,-0.494698283,0.8986883924,-1.961166299,-1.496594671,-0.2128520127,0,1,342,task,30,0,1610,17,702,0
2,119,411,-1.785651326,-0.5188911848,0.9512773406,-1.990235051,-1.496450141,-0.2154617309,0,0,,transition,30,0,1610,17,702,0
2,119,412,-1.788251784,-0.5430840866,1.003866289,-2.019303803,-1.496305611,-0.2180714491,0,1,343,task,30,0,1610,17,702,0
2,119,413,-1.79371357,-0.587175642,1.099833809,-2.072502265,-1.496003637,-0.2235522557,0,1,344,task,30,0,1610,17,702,0
2,119,414,-1.799509809,-0.6281773999,1.190023833,-2.124075122,-1.495505724,-0.2293693186,0,1,345,task,30,0,1610,17,702,0
2,119,415,-1.805651848,-0.6665817279,1.275306501,-2.174000359,-1.494859871,-0.2355322107,0,1,346,task,30,0,1610,17,702,0
2,119,416,-1.812133476,-0.702737864,1.355972291,-2.221522765,-1.494175544,-0.2420335844,0,1,347,task,30,0,1610,17,702,0
2,119,417,-1.818964887,-0.7368677086,1.43270804,-2.266960151,-1.493506858,-0.2488832005,0,1,348,task,30,0,1610,17,702,0
2,119,418,-1.826108237,-0.7687717599,1.505762144,-2.310264441,-1.493054055,-0.256042317,0,1,349,task,30,0,1610,17,702,0
2,119,419,-1.833678219,-0.7992454646,1.576121225,-2.35226419,-1.492565131,-0.2636278837,0,1,350,task,30,0,1610,17,702,0
2,119,420,-1.841714147,-0.8284386527,1.644152147,-2.393172279,-1.492037201,-0.2716792819,0,1,351,task,30,0,1610,17,702,0
2,119,421,-1.850275063,-0.8564482036,1.710394022,-2.433725499,-1.491424492,-0.2802540255,0,1,352,task,30,0,1610,17,702,0
2,119,422,-1.859676954,-0.8828623693,1.77885218,-2.483189354,-1.489978597,-0.2896330083,0,1,353,task,30,0,1610,17,702,0
2,119,423,-1.868450654,-0.9055565231,1.853947035,-2.555211418,-1.491609449,-0.2981101809,0,1,354,task,30,0,1610,17,702,0
2,119,424,-1.878129549,-0.9281148994,1.916204243,-2.598943441,-1.492565727,-0.3077013285,0,1,355,task,30,0,1610,17,702,0
2,119,425,-1.888543084,-0.9496743474,1.97640559,-2.640361707,-1.493393814,-0.3180437067,0,1,356,task,30,0,1610,17,702,0
2,119,426,-1.899755103,-0.9700811252,2.035554418,-2.681839879,-1.494119587,-0.3291791091,0,1,357,task,30,0,1610,17,702,0
2,119,427,-1.90586221,-0.9801140758,2.065602579,-2.703244291,-1.494449269,-0.3352445347,0,1,358,task,30,0,1610,17,702,0
2,119,428,-1.94247007,-0.97533223,2.059309727,-2.698904997,-1.492782465,-0.3719236314,0,1,359,task,10,0,1610,17,702,0
2,119,429,-1.929666983,-0.9558275883,2.000207625,-2.655689337,-1.491969137,-0.3592324346,0,1,360,task,30,0,1610,17,702,0
2,119,430,-1.917790007,-0.9350839205,1.940072181,-2.612633915,-1.491017329,-0.3474583652,0,1,361,task,30,0,1610,17,702,0
2,119,431,-1.906650424,-0.9132840183,1.877231261,-2.565759921,-1.490194748,-0.3364479694,0,1,362,task,30,0,1610,17,702,0
2,119,432,-1.896068278,-0.8903354232,1.808966491,-2.509176382,-1.489801299,-0.3260476361,0,1,363,task,30,0,1610,17,702,0
2,119,433,-1.885891689,-0.8651096385,1.741441644,-2.459106172,-1.490022073,-0.3159476675,0,1,364,task,30,0,1610,17,702,0
2,119,434,-1.876029398,-0.8379496212,1.674861665,-2.415650373,-1.491033571,-0.3060837798,0,1,365,task,30,0,1610,17,702,0
2,119,435,-1.866811563,-0.8095514028,1.607181493,-2.373375443,-1.49183878,-0.2968535206,0,1,366,task,30,0,1610,17,702,0
2,119,436,-1.858152578,-0.7798827921,1.537667464,-2.330959324,-1.49253512,-0.2881780712,0,1,367,task,30,0,1610,17,702,0
2,119,437,-1.849987766,-0.7488179318,1.465599304,-2.287335708,-1.493181878,-0.2799959338,0,1,368,task,30,0,1610,17,702,0
2,119,438,-1.842277605,-0.716002284,1.390822975,-2.242953857,-1.493774221,-0.2722665457,0,1,369,task,30,0,1610,17,702,0
2,119,439,-1.834985442,-0.6810046698,1.313263475,-2.198543315,-1.494310477,-0.2649525018,0,1,370,task,30,0,1610,17,702,0
2,119,440,-1.828074072,-0.6440207904,1.2316133,-2.151991678,-1.494818514,-0.2580195028,0,1,371,task,30,0,1610,17,702,0
2,119,441,-1.821514539,-0.6046469547,1.144976665,-2.102809941,-1.495300168,-0.2514385248,0,1,372,task,30,0,1610,17,702,0
2,119,442,-1.815280743,-0.5623149899,1.052100732,-2.050316195,-1.495757128,-0.2451834067,0,1,373,task,30,0,1610,17,702,0
2,119,443,-1.812315128,-0.5392645396,1.001682148,-2.022008394,-1.495973241,-0.2422071145,0,0,,transition,30,0,1610,17,702,0
2,119,444,-1.809349512,-0.5162140894,0.9512635638,-1.993700593,-1.496189354,-0.2392308222,0,1,374,task,30,0,1610,17,702,0
2,119,445,-1.806524418,-0.4906412419,0.8954937556,-1.962652587,-1.496394071,-0.2363950512,0,0,,transition,30,0,1610,17,702,0
2,119,446,-1.803699323,-0.4650683945,0.8397239473,-1.931604581,-1.496598788,-0.2335592802,0,1,375,task,30,0,1610,17,702,0
2,119,447,-1.801004505,-0.4357707057,0.775908761,-1.896223979,-1.496794886,-0.2308539208,0,0,,transition,30,0,1610,17,702,0
2,119,448,-1.798309687,-0.4064730169,0.7120935747,-1.860843377,-1.496990983,-0.2281485613,0,1,376,task,30,0,1610,17,702,0
2,119,449,-1.795736365,-0.370941954,0.6347436201,-1.818150206,-1.497178962,-0.2255648113,0,0,,transition,30,0,1610,17,702,0
2,119,450,-1.793163043,-0.3354108911,0.5573936655,-1.775457036,-1.497366941,-0.2229810614,0,1,377,task,30,0,1610,17,702,0
2,119,451,-1.817077755,-0.3563575396,0.6083733193,-1.806844405,-1.497059825,-0.2469690382,0,1,378,task,10,0,1610,17,702,0
2,119,452,-1.81996271,-0.389606367,0.6810400154,-1.847424228,-1.496770023,-0.2498664609,0,0,,transition,30,0,1610,17,702,0
2,119,453,-1.822847665,-0.4228551945,0.7537067115,-1.88800405,-1.496480221,-0.2527638835,0,1,379,task,30,0,1610,17,702,0
2,119,454,-1.825848843,-0.4507400078,0.8145747324,-1.921880038,-1.496255975,-0.2557763438,0,0,,transition,30,0,1610,17,702,0
2,119,455,-1.828850022,-0.4786248212,0.8754427533,-1.955756025,-1.496031729,-0.258788804,0,1,380,task,30,0,1610,17,702,0
2,119,456,-1.831980103,-0.5031838156,0.9290014776,-1.985442451,-1.495857396,-0.2619295307,0,0,,transition,30,0,1610,17,702,0
2,119,457,-1.835110184,-0.5277428101,0.9825602019,-2.015128876,-1.495683063,-0.2650702574,0,1,381,task,30,0,1610,17,702,0
2,119,458,-1.841680254,-0.5722931731,1.079887836,-2.069251283,-1.495317364,-0.2716621468,0,1,382,task,30,0,1610,17,702,0
2,119,459,-1.848583664,-0.6133995941,1.16988768,-2.11945925,-1.494933618,-0.2785879776,0,1,383,task,30,0,1610,17,702,0
2,119,460,-1.855846251,-0.6517879535,1.254153907,-2.166618474,-1.494530741,-0.2858736705,0,1,384,task,30,0,1610,17,702,0
2,119,461,-1.863496571,-0.6879582542,1.333788978,-2.211328525,-1.494107572,-0.2935478773,0,1,385,task,30,0,1610,17,702,0
2,119,462,-1.871575821,-0.7222238602,1.409777276,-2.254442307,-1.493631088,-0.3016515912,0,1,386,task,30,0,1610,17,702,0
2,119,463,-1.880226977,-0.7542592924,1.484513991,-2.300572812,-1.492752781,-0.3103227589,0,1,387,task,30,0,1610,17,702,0
2,119,464,-1.889391515,-0.7847165942,1.556336768,-2.345311581,-1.49180919,-0.3195048127,0,1,388,task,30,0,1610,17,702,0
2,119,465,-1.899080234,-0.8138012314,1.625428708,-2.388380304,-1.490901216,-0.3292084572,0,1,389,task,30,0,1610,17,702,0
2,119,466,-1.909316525,-0.8416971286,1.692006304,-2.429655543,-1.490097856,-0.3394579611,0,1,390,task,30,0,1610,17,702,0
2,119,467,-1.920213213,-0.8684436516,1.756701824,-2.470128265,-1.489226647,-0.3503667387,0,1,391,task,30,0,1610,17,702,0
2,119,468,-1.931466769,-0.8929956668,1.823030247,-2.518952566,-1.489183668,-0.361536692,0,1,392,task,30,0,1610,17,702,0
2,119,469,-1.943477141,-0.915976517,1.888188922,-2.568779532,-1.489079087,-0.3734259078,0,1,393,task,30,0,1610,17,702,0
2,119,470,-1.956148105,-0.937456369,1.951279764,-2.617205273,-1.489345583,-0.3859515756,0,1,394,task,30,0,1610,17,702,0
2,119,471,-1.969306744,-0.9574345764,2.01197333,-2.66321071,-1.490560545,-0.3989515154,0,1,395,task,30,0,1610,17,702,0
2,119,472,-1.978425213,-0.9697041025,2.05090696,-2.69329429,-1.49124713,-0.407957755,0,1,396,task,30,0,1610,17,702,0
2,119,473,-2.013647283,-0.9632401694,2.040415339,-2.686435983,-1.489842827,-0.4432654629,0,1,397,task,10,0,1610,17,702,0
2,119,474,-1.999029649,-0.9448932828,1.978267019,-2.633731339,-1.48813755,-0.4289419114,0,1,398,task,30,0,1610,17,702,0
2,119,475,-1.984689835,-0.9241059733,1.916357834,-2.586204298,-1.488064812,-0.4147498791,0,1,399,task,30,0,1610,17,702,0
2,119,476,-1.971064976,-0.9016897771,1.85364974,-2.540342556,-1.488488805,-0.4012140363,0,1,400,task,30,0,1610,17,702,0
2,119,477,-1.958350984,-0.8779805541,1.789444027,-2.494195589,-1.488737609,-0.3885732667,0,1,401,task,30,0,1610,17,702,0
2,119,478,-1.946325056,-0.8525270927,1.724996577,-2.451399934,-1.489171859,-0.3765703152,0,1,402,task,30,0,1610,17,702,0
2,119,479,-1.934885503,-0.8254372452,1.660411742,-2.412207571,-1.489916342,-0.3651101592,0,1,403,task,30,0,1610,17,702,0
2,119,480,-1.924118774,-0.7971986978,1.593863,-2.372130497,-1.490608577,-0.3543233193,0,1,404,task,30,0,1610,17,702,0
2,119,481,-1.913904601,-0.7677305734,1.524477681,-2.329712553,-1.491448207,-0.3440908806,0,1,405,task,30,0,1610,17,702,0
2,119,482,-1.904067586,-0.7368253776,1.450427102,-2.281805315,-1.492848693,-0.3342364917,0,1,406,task,30,0,1610,17,702,0
2,119,483,-1.894846341,-0.7040417629,1.374139995,-2.234489176,-1.493930274,-0.32499092,0,1,407,task,30,0,1610,17,702,0
2,119,484,-1.886311798,-0.6691393039,1.297302888,-2.191740773,-1.49429662,-0.3164295746,0,1,408,task,30,0,1610,17,702,0
2,119,485,-1.878211258,-0.6322561727,1.216346348,-2.146813923,-1.4946471,-0.308303418,0,1,409,task,30,0,1610,17,702,0
2,119,486,-1.870512771,-0.592984748,1.130369875,-2.099218881,-1.494982462,-0.300580377,0,1,410,task,30,0,1610,17,702,0
2,119,487,-1.863187414,-0.550750622,1.038110346,-2.048269752,-1.495303427,-0.293231422,0,1,411,task,30,0,1610,17,702,0
2,119,488,-1.859698181,-0.5277256589,0.9879037786,-2.020610689,-1.495457055,-0.2897308203,0,0,,transition,30,0,1610,17,702,0
2,119,489,-1.856208948,-0.5047006958,0.937697211,-1.992951626,-1.495610684,-0.2862302186,0,1,412,task,30,0,1610,17,702,0
2,119,490,-1.852881232,-0.4790855344,0.8819201732,-1.962297847,-1.495757789,-0.2828915218,0,0,,transition,30,0,1610,17,702,0
2,119,491,-1.849553516,-0.4534703731,0.8261431354,-1.931644067,-1.495904894,-0.279552825,0,1,413,task,30,0,1610,17,702,0
2,119,492,-1.846376449,-0.4240439664,0.7621241586,-1.896546192,-1.49604579,-0.2763651266,0,0,,transition,30,0,1610,17,702,0
2,119,493,-1.843199381,-0.3946175597,0.6981051818,-1.861448317,-1.496186685,-0.2731774283,0,1,414,task,30,0,1610,17,702,0
2,119,494,-1.840143205,-0.3585248928,0.6194154055,-1.818054718,-1.496398826,-0.2701097833,0,0,,transition,30,0,1610,17,702,0
2,119,495,-1.83708703,-0.3224322259,0.5407256292,-1.77466112,-1.496610967,-0.2670421383,0,1,415,task,30,0,1610,17,702,0
2,119,496,-1.845642032,-0.3607574884,0.6250401842,-1.821304145,-1.496377191,-0.2756242528,0,0,,transition,10,0,1610,17,702,0
2,119,497,-1.854197035,-0.3990827508,0.7093547392,-1.86794717,-1.496143415,-0.2842063673,0,0,,transition,10,0,1610,17,702,0
2,119,498,-1.862752037,-0.4374080133,0.7936692942,-1.914590195,-1.495909639,-0.2927884818,0,0,,transition,10,0,1610,17,702,0
2,119,499,-1.87130704,-0.4757332758,0.8779838492,-1.96123322,-1.495675863,-0.3013705963,0,0,,transition,10,0,1610,17,702,0
2,119,500,-1.879862042,-0.5140585382,0.9622984042,-2.007876245,-1.495442087,-0.3099527108,0,0,,transition,10,0,1610,17,702,0
2,119,501,-1.888417044,-0.5523838007,1.046612959,-2.05451927,-1.495208311,-0.3185348253,0,1,416,task,10,0,1610,17,702,0
2,119,502,-1.896350704,-0.5940479079,1.137598293,-2.104471711,-1.494930184,-0.3264938308,0,1,417,task,30,0,1610,17,702,0
2,119,503,-1.904685513,-0.6328403587,1.222493914,-2.151170363,-1.494641132,-0.3348551582,0,1,418,task,30,0,1610,17,702,0
2,119,504,-1.913452195,-0.6693079713,1.302502159,-2.195267831,-1.494340775,-0.3436496488,0,1,419,task,30,0,1610,17,702,0
2,119,505,-1.922684635,-0.7038409535,1.378484869,-2.23723252,-1.494028752,-0.3529113217,0,1,420,task,30,0,1610,17,702,0
2,119,506,-1.933031321,-0.7362079947,1.457828384,-2.291860609,-1.49175714,-0.3632811761,0,1,421,task,30,0,1610,17,702,0
2,119,507,-1.943569984,-0.7667090546,1.529853685,-2.336559452,-1.490657357,-0.3738394834,0,1,422,task,30,0,1610,17,702,0
2,119,508,-1.954541487,-0.795849316,1.597662285,-2.376485825,-1.49006301,-0.3848357491,0,1,423,task,30,0,1610,17,702,0
2,119,509,-1.966170065,-0.8237704721,1.663279062,-2.415373042,-1.489428461,-0.3964903388,0,1,424,task,30,0,1610,17,702,0
2,119,510,-1.978515227,-0.8505718203,1.726964773,-2.45337568,-1.488751236,-0.4088630251,0,1,425,task,30,0,1610,17,702,0
2,119,511,-1.991498685,-0.8755790912,1.790803316,-2.495771455,-1.488367561,-0.4218226065,0,1,426,task,30,0,1610,17,702,0
2,119,512,-2.005308497,-0.8991305258,1.853636494,-2.539375903,-1.487968837,-0.4355829383,0,1,427,task,30,0,1610,17,702,0
2,119,513,-2.020084866,-0.9214684706,1.915006031,-2.582639608,-1.487419224,-0.4503000262,0,1,428,task,30,0,1610,17,702,0
2,119,514,-2.035930435,-0.9425953589,1.975063927,-2.625698655,-1.486704427,-0.4660760313,0,1,429,task,30,0,1610,17,702,0
2,119,515,-2.048065983,-0.9559506678,2.027859827,-2.67835724,-1.488567616,-0.4777753456,0,1,430,task,30,0,1610,17,702,0
2,119,516,-2.086551129,-0.9514044733,1.996700578,-2.621717021,-1.476167107,-0.5175471771,0,1,431,task,10,0,1610,17,702,0
2,119,517,-2.067114327,-0.930726562,1.940690282,-2.587742214,-1.480925449,-0.4978632638,0,1,432,task,30,0,1610,17,702,0
2,119,518,-2.0499453,-0.9088658826,1.882649591,-2.550932744,-1.483108207,-0.4806016649,0,1,433,task,30,0,1610,17,702,0
2,119,519,-2.033864484,-0.8859660904,1.823266707,-2.513654934,-1.4852366,-0.4644361758,0,1,434,task,30,0,1610,17,702,0
2,119,520,-2.018775074,-0.8620048044,1.762402049,-2.475808023,-1.487312072,-0.4492688464,0,1,435,task,30,0,1610,17,702,0
2,119,521,-2.004810332,-0.836567433,1.700172782,-2.438139307,-1.488708461,-0.4352484517,0,1,436,task,30,0,1610,17,702,0
2,119,522,-1.99191389,-0.8095937211,1.636477461,-2.400689263,-1.489312292,-0.4223192927,0,1,437,task,30,0,1610,17,702,0
2,119,523,-1.979747603,-0.7814792598,1.570766109,-2.362290138,-1.489882178,-0.4101223653,0,1,438,task,30,0,1610,17,702,0
2,119,524,-1.968252626,-0.7521169369,1.502766159,-2.322783114,-1.490419713,-0.3985985354,0,1,439,task,30,0,1610,17,702,0
2,119,525,-1.957376115,-0.7213689512,1.432142915,-2.281977201,-1.490926461,-0.3876947127,0,1,440,task,30,0,1610,17,702,0
2,119,526,-1.946183117,-0.6883269803,1.349076228,-2.221332551,-1.494313095,-0.3764774896,0,1,441,task,30,0,1610,17,702,0
2,119,527,-1.936479385,-0.6533593156,1.27223194,-2.179151815,-1.494573234,-0.3667429535,0,1,442,task,30,0,1610,17,702,0
2,119,528,-1.927256091,-0.6163428878,1.191104882,-2.134694601,-1.49482552,-0.3574903854,0,1,443,task,30,0,1610,17,702,0
2,119,529,-1.91847906,-0.5768451904,1.104741921,-2.087443448,-1.495069986,-0.3486854776,0,1,444,task,30,0,1610,17,702,0
2,119,530,-1.910117223,-0.5342509703,1.011792151,-2.036665574,-1.495306715,-0.3402970421,0,1,445,task,30,0,1610,17,702,0
2,119,531,-1.938498101,-0.5227920269,0.9850025319,-2.003504163,-1.478858514,-0.369333326,0,1,446,task,10,0,1610,17,702,0
2,119,532,-1.947362091,-0.5659748216,1.078442712,-2.053204564,-1.479131244,-0.3782299994,0,1,447,task,30,0,1610,17,702,0
2,119,533,-1.956654892,-0.6059537698,1.16501171,-2.099200878,-1.479419748,-0.3875567468,0,1,448,task,30,0,1610,17,702,0
2,119,534,-1.966407548,-0.6433859677,1.246147507,-2.142271539,-1.479725732,-0.3973446654,0,1,449,task,30,0,1610,17,702,0
2,119,535,-1.978076679,-0.6787667387,1.32629846,-2.189081907,-1.475459627,-0.4092260815,0,1,450,task,30,0,1610,17,702,0
2,119,536,-1.987800718,-0.7132016413,1.414081029,-2.258724765,-1.479144863,-0.4187321372,0,1,451,task,30,0,1610,17,702,0
2,119,537,-1.997662029,-0.7446561496,1.487621849,-2.305844802,-1.484043396,-0.4283972324,0,1,452,task,30,0,1610,17,702,0
2,119,538,-2.009254375,-0.7742006485,1.557068449,-2.348628752,-1.48541228,-0.4399388591,0,1,453,task,30,0,1610,17,702,0
2,119,539,-2.021527288,-0.802391383,1.62409559,-2.390319275,-1.486704902,-0.4521578724,0,1,454,task,30,0,1610,17,702,0
2,119,540,-2.034540766,-0.8293408006,1.688998816,-2.431095563,-1.487914819,-0.4651140533,0,1,455,task,30,0,1610,17,702,0
2,119,541,-2.049804039,-0.8541732779,1.753322638,-2.474229859,-1.485070448,-0.4804352719,0,1,456,task,30,0,1610,17,702,0
2,119,542,-2.066831068,-0.8771800512,1.816256947,-2.517720146,-1.480015975,-0.497592074,0,1,457,task,30,0,1610,17,702,0
2,119,543,-2.083532377,-0.9000021339,1.873409409,-2.550387314,-1.478626739,-0.5144136626,0,1,458,task,30,0,1610,17,702,0
2,119,544,-2.101309395,-0.9219020573,1.9292548,-2.582524144,-1.477263258,-0.5323207393,0,1,459,task,30,0,1610,17,702,0
2,119,545,-2.118731751,-0.9412808191,1.979654327,-2.611737814,-1.476035382,-0.5498723666,0,1,460,task,30,0,1610,17,702,0
2,119,546,-2.149968311,-0.9303659398,1.960639593,-2.600668404,-1.476001648,-0.5812497432,0,1,461,task,10,0,1610,17,702,0
2,119,547,-2.131094216,-0.9094097351,1.905375202,-2.566691695,-1.475578472,-0.5623489244,0,1,462,task,30,0,1610,17,702,0
2,119,548,-2.113379032,-0.8874878742,1.848846033,-2.532321063,-1.47513396,-0.5446102577,0,1,463,task,30,0,1610,17,702,0
2,119,549,-2.096724476,-0.8645852215,1.790938925,-2.497467244,-1.474667738,-0.527935094,0,1,464,task,30,0,1610,17,702,0
2,119,550,-2.081042445,-0.8406727268,1.731520413,-2.462033628,-1.474179751,-0.5122350077,0,1,465,task,30,0,1610,17,702,0
2,119,551,-2.066116664,-0.8159594408,1.653456414,-2.386986558,-1.474278288,-0.4976494035,0,1,466,task,30,0,1610,17,702,0
2,119,552,-2.052006926,-0.788579523,1.590120817,-2.351089062,-1.474124927,-0.483486625,0,1,467,task,30,0,1610,17,702,0
2,119,553,-2.038657706,-0.7600389712,1.524620636,-2.314114105,-1.473970209,-0.4700873315,0,1,468,task,30,0,1610,17,702,0
2,119,554,-2.026011431,-0.7302169514,1.456665365,-2.275897724,-1.47381292,-0.4573937048,0,1,469,task,30,0,1610,17,702,0
2,119,555,-2.014031611,-0.6987670513,1.384210644,-2.232883183,-1.473612615,-0.4453880702,0,1,470,task,30,0,1610,17,702,0
2,119,556,-2.002296666,-0.6650313991,1.304576133,-2.18120733,-1.474580816,-0.4335993927,0,1,471,task,30,0,1610,17,702,0
2,119,557,-1.990421284,-0.6293815558,1.222992206,-2.132364008,-1.477915061,-0.4215434379,0,1,472,task,30,0,1610,17,702,0
2,119,558,-1.979438296,-0.5915425374,1.139327903,-2.086168513,-1.480140973,-0.4104225966,0,1,473,task,30,0,1610,17,702,0
2,119,559,-1.969696831,-0.5509882025,1.051330929,-2.039252096,-1.479826984,-0.4006467966,0,1,474,task,30,0,1610,17,702,0
2,119,560,-1.960398864,-0.5069942835,0.9559562553,-1.988360095,-1.479528552,-0.3913157481,0,1,475,task,30,0,1610,17,702,0
2,119,561,-1.982185687,-0.4911244269,0.9267972647,-1.973366753,-1.480232711,-0.4131808467,0,1,476,task,10,0,1610,17,702,0
2,119,562,-1.991916178,-0.5359999316,1.024357409,-2.025769932,-1.480519541,-0.4229457578,0,1,477,task,30,0,1610,17,702,0
2,119,563,-2.00278339,-0.577114266,1.114919132,-2.075335071,-1.478481937,-0.4339457436,0,1,478,task,30,0,1610,17,702,0
2,119,564,-2.014129027,-0.6152955732,1.199686096,-2.122467092,-1.476608574,-0.4454224528,0,1,479,task,30,0,1610,17,702,0
2,119,565,-2.025932773,-0.6511003484,1.280442738,-2.169049637,-1.475074099,-0.4573414676,0,1,480,task,30,0,1610,17,702,0
2,119,566,-2.038108922,-0.6848207205,1.357432305,-2.214576807,-1.474257308,-0.4695965467,0,1,481,task,30,0,1610,17,702,0
2,119,567,-2.050575616,-0.7167238216,1.431553012,-2.260058334,-1.474491651,-0.4820807099,0,1,482,task,30,0,1610,17,702,0
2,119,568,-2.063738112,-0.7467485941,1.500693494,-2.300222125,-1.47463094,-0.4952838848,0,1,483,task,30,0,1610,17,702,0
2,119,569,-2.077625173,-0.7753526915,1.5667771,-2.338146902,-1.474746842,-0.5092200936,0,1,484,task,30,0,1610,17,702,0
2,119,570,-2.092290089,-0.8027314518,1.630578758,-2.37493836,-1.474850522,-0.5239369205,0,1,485,task,30,0,1610,17,702,0
2,119,571,-2.108423626,-0.8283832962,1.697843198,-2.423542453,-1.473119302,-0.5401037478,0,1,486,task,30,0,1610,17,702,0
2,119,572,-2.124420354,-0.8520885556,1.766823782,-2.481496299,-1.474187039,-0.5558245344,0,1,487,task,30,0,1610,17,702,0
2,119,573,-2.141587697,-0.8749551089,1.824944552,-2.517085338,-1.474837864,-0.5729941433,0,1,488,task,30,0,1610,17,702,0
2,119,574,-2.159823968,-0.8968018507,1.881608104,-2.552155322,-1.475452331,-0.5912347171,0,1,489,task,30,0,1610,17,702,0
2,119,575,-2.179224881,-0.9176468931,1.936931324,-2.586796497,-1.476029374,-0.6106422884,0,1,490,task,30,0,1610,17,702,0
2,119,576,-2.18023529,-0.918671007,1.939685711,-2.588532429,-1.476057448,-0.6116531011,0,1,491,task,30,0,1610,17,702,0
2,119,577,-2.209516265,-0.9062053598,1.916820549,-2.575352498,-1.476194262,-0.6410654729,0,1,492,task,10,0,1610,17,702,0
2,119,578,-2.189592185,-0.8855908803,1.861142627,-2.53901474,-1.47535492,-0.6211799449,0,1,493,task,30,0,1610,17,702,0
2,119,579,-2.170839408,-0.8639207631,1.803881289,-2.501850659,-1.474460126,-0.6024705683,0,1,494,task,30,0,1610,17,702,0
2,119,580,-2.153036334,-0.8412374536,1.741159103,-2.455004347,-1.473916564,-0.5848101583,0,1,495,task,30,0,1610,17,702,0
2,119,581,-2.135924045,-0.817029767,1.677370094,-2.409843128,-1.47414935,-0.5677395366,0,1,496,task,30,0,1610,17,702,0
2,119,582,-2.119386047,-0.7913376061,1.612451023,-2.366379713,-1.475355498,-0.5511460413,0,1,497,task,30,0,1610,17,702,0
2,119,583,-2.104070848,-0.7640737091,1.547718418,-2.327363521,-1.475490747,-0.5357813,0,1,498,task,30,0,1610,17,702,0
2,119,584,-2.089586141,-0.7354721694,1.480753943,-2.287580323,-1.475506331,-0.5212497388,0,1,499,task,30,0,1610,17,702,0
2,119,585,-2.075905922,-0.7052298858,1.410848542,-2.24614776,-1.475294506,-0.5075360494,0,1,500,task,30,0,1610,17,702,0
2,119,586,-2.062916563,-0.6733528069,1.337756319,-2.203097779,-1.475039363,-0.4945136599,0,1,501,task,30,0,1610,17,702,0
2,119,587,-2.050296946,-0.6396425334,1.261661112,-2.15970272,-1.475634061,-0.4818124544,0,1,502,task,30,0,1610,17,702,0
2,119,588,-2.038168843,-0.6038166424,1.181499409,-2.114650581,-1.47659198,-0.4695858454,0,1,503,task,30,0,1610,17,702,0
2,119,589,-2.026608983,-0.5654379485,1.09602048,-2.066753221,-1.47753831,-0.4579316009,0,1,504,task,30,0,1610,17,702,0
2,119,590,-2.015484703,-0.5240824006,1.005168414,-2.017490495,-1.47880616,-0.4466981137,0,1,505,task,30,0,1610,17,702,0
2,119,591,-2.004849254,-0.4787890669,0.9059555258,-1.963798712,-1.480106816,-0.435957594,0,1,506,task,30,0,1610,17,702,0
2,119,592,-2.025200137,-0.4516420946,0.853744191,-1.934488768,-1.47867807,-0.4564792194,0,1,507,task,10,0,1610,17,702,0
2,119,593,-2.030572032,-0.4754338335,0.9057535452,-1.962852167,-1.478426584,-0.4618885801,0,0,,transition,30,0,1610,17,702,0
2,119,594,-2.035943928,-0.4992255725,0.9577628993,-1.991215566,-1.478175098,-0.4672979409,0,1,508,task,30,0,1610,17,702,0
2,119,595,-2.047180464,-0.5422729119,1.05204743,-2.042682981,-1.477674135,-0.478612473,0,1,509,task,30,0,1610,17,702,0
2,119,596,-2.058942582,-0.5818867498,1.139011384,-2.090197796,-1.477176377,-0.4904558708,0,1,510,task,30,0,1610,17,702,0
2,119,597,-2.071265902,-0.6187782212,1.220213561,-2.134603155,-1.476683232,-0.5028639899,0,1,511,task,30,0,1610,17,702,0
2,119,598,-2.084290257,-0.6534219099,1.299158283,-2.181331378,-1.475852799,-0.5159766673,0,1,512,task,30,0,1610,17,702,0
2,119,599,-2.097621921,-0.6857432594,1.372715349,-2.223705314,-1.476106901,-0.5293500819,0,1,513,task,30,0,1610,17,702,0
2,119,600,-2.111625656,-0.7163571068,1.442840262,-2.264234402,-1.476379875,-0.5433954152,0,1,514,task,30,0,1610,17,702,0
2,119,601,-2.126364773,-0.7454746645,1.510053148,-2.303278787,-1.476629839,-0.5581778336,0,1,515,task,30,0,1610,17,702,0
2,119,602,-2.142191255,-0.7730271997,1.57779272,-2.347907093,-1.475947881,-0.5740467158,0,1,516,task,30,0,1610,17,702,0
2,119,603,-2.158908801,-0.7990124698,1.641612172,-2.388203449,-1.47517936,-0.5908297943,0,1,517,task,30,0,1610,17,702,0
2,119,604,-2.176583238,-0.8237393116,1.703317488,-2.427517331,-1.474325549,-0.6085699828,0,1,518,task,30,0,1610,17,702,0
2,119,605,-2.194800604,-0.8469483512,1.764304917,-2.469347632,-1.474662098,-0.6267401692,0,1,519,task,30,0,1610,17,702,0
2,119,606,-2.214083109,-0.8688809756,1.823636009,-2.510874256,-1.474957877,-0.6459558542,0,1,520,task,30,0,1610,17,702,0
2,119,607,-2.234147823,-0.8894669714,1.881857202,-2.553488788,-1.476129249,-0.6658600923,0,1,521,task,30,0,1610,17,702,0
2,119,608,-2.237803162,-0.8929762226,1.89206942,-2.561149482,-1.476403679,-0.6694783693,0,1,522,task,30,0,1610,17,702,0
2,119,609,-2.265597337,-0.8798240186,1.856926077,-2.524290352,-1.475582795,-0.6978265324,0,1,523,task,10,0,1610,17,702,0
2,119,610,-2.244676219,-0.8586596464,1.803268733,-2.492706333,-1.474851509,-0.6768587006,0,1,524,task,30,0,1610,17,702,0
2,119,611,-2.22458088,-0.8368008869,1.745896021,-2.455276315,-1.475012081,-0.6567374669,0,1,525,task,30,0,1610,17,702,0
2,119,612,-2.205551359,-0.8136421117,1.686705696,-2.417157138,-1.475181402,-0.6376779037,0,1,526,task,30,0,1610,17,702,0
2,119,613,-2.187480987,-0.7890228393,1.625485223,-2.378256268,-1.475441367,-0.619569202,0,1,527,task,30,0,1610,17,702,0
2,119,614,-2.170261184,-0.762676787,1.563231681,-2.341295864,-1.475903547,-0.6022725905,0,1,528,task,30,0,1610,17,702,0
2,119,615,-2.153838985,-0.7347544105,1.499513671,-2.305364943,-1.4765622,-0.5857489186,0,1,529,task,30,0,1610,17,702,0
2,119,616,-2.138231629,-0.7055225766,1.433219175,-2.268061248,-1.477215529,-0.570045055,0,1,530,task,30,0,1610,17,702,0
2,119,617,-2.123384449,-0.6748257419,1.3639939,-2.229193621,-1.477861733,-0.5551059092,0,1,531,task,30,0,1610,17,702,0
2,119,618,-2.109247108,-0.6424629474,1.291385845,-2.188517994,-1.478499389,-0.5408807526,0,1,532,task,30,0,1610,17,702,0
2,119,619,-2.095773234,-0.6081698418,1.214805973,-2.145716091,-1.479127388,-0.5273228557,0,1,533,task,30,0,1610,17,702,0
2,119,620,-2.082920084,-0.5715898967,1.133465275,-2.100361321,-1.479744877,-0.5143891507,0,1,534,task,30,0,1610,17,702,0
2,119,621,-2.070648237,-0.5322257105,1.046268296,-2.051861042,-1.480351225,-0.5020399198,0,1,535,task,30,0,1610,17,702,0
2,119,622,-2.058921311,-0.4893505444,0.9516196813,-1.999351615,-1.480945974,-0.4902385092,0,1,536,task,30,0,1610,17,702,0
2,119,623,-2.053313505,-0.4655910008,0.8993284877,-1.97042002,-1.481237396,-0.4845947878,0,0,,transition,30,0,1610,17,702,0
2,119,624,-2.047705699,-0.4418314571,0.8470372942,-1.941488424,-1.481528818,-0.4789510664,0,1,537,task,30,0,1610,17,702,0
2,119,625,-2.063989719,-0.4047770242,0.7778365569,-1.909971364,-1.487044822,-0.4950618199,0,1,538,task,10,0,1610,17,702,0
2,119,626,-2.069715772,-0.4301333174,0.8338395655,-1.941209059,-1.486650091,-0.5008245748,0,0,,transition,30,0,1610,17,702,0
2,119,627,-2.075441825,-0.4554896105,0.8898425742,-1.972446754,-1.48625536,-0.5065873297,0,1,539,task,30,0,1610,17,702,0
2,119,628,-2.087406445,-0.5005367279,0.9897052957,-2.028377857,-1.48544456,-0.5186275926,0,1,540,task,30,0,1610,17,702,0
2,119,629,-2.099916398,-0.5414520364,1.080784009,-2.079585451,-1.484612158,-0.5312156829,0,1,541,task,30,0,1610,17,702,0
2,119,630,-2.113007112,-0.5791692271,1.165127296,-2.127179149,-1.483758,-0.5443873155,0,1,542,task,30,0,1610,17,702,0
2,119,631,-2.126716858,-0.6143045807,1.24409127,-2.171893035,-1.482882065,-0.5581810788,0,1,543,task,30,0,1610,17,702,0
2,119,632,-2.141086996,-0.6472882242,1.31862665,-2.214241439,-1.481984498,-0.572638687,0,1,544,task,30,0,1610,17,702,0
2,119,633,-2.156162243,-0.6784326627,1.389428604,-2.254600202,-1.481065653,-0.5878052513,0,1,545,task,30,0,1610,17,702,0
2,119,634,-2.171990961,-0.7079717154,1.457021869,-2.293252805,-1.480126139,-0.6037295693,0,1,546,task,30,0,1610,17,702,0
2,119,635,-2.188625456,-0.7360840952,1.5218123,-2.330418286,-1.47916688,-0.6204644323,0,1,547,task,30,0,1610,17,702,0
2,119,636,-2.206122301,-0.7629084196,1.584119685,-2.36626899,-1.478189183,-0.6380669482,0,1,548,task,30,0,1610,17,702,0
2,119,637,-2.224542661,-0.7885531561,1.644199493,-2.400942306,-1.477194824,-0.6565988751,0,1,549,task,30,0,1610,17,702,0
2,119,638,-2.243952634,-0.8131034257,1.702257735,-2.434548676,-1.476186144,-0.6761269613,0,1,550,task,30,0,1610,17,702,0
2,119,639,-2.264423581,-0.8366257842,1.75846139,-2.467177175,-1.475166171,-0.6967232806,0,1,551,task,30,0,1610,17,702,0
2,119,640,-2.285337793,-0.8584286311,1.812706582,-2.499363414,-1.475935361,-0.7176643654,0,1,552,task,30,0,1610,17,702,0
2,119,641,-2.291750251,-0.8646113407,1.828313903,-2.508402494,-1.476232811,-0.7240895216,0,1,553,task,30,0,1610,17,702,0
2,119,642,-2.219655226,-0.9352302067,1.802562513,-2.414642245,-1.48568953,-0.6516805694,0,0,,transition,10,0,1610,17,702,0
2,119,643,-2.147560201,-1.005849073,1.776811122,-2.320881995,-1.495146249,-0.5792716173,0,0,,transition,10,0,1610,17,702,0
2,119,644,-2.075465176,-1.076467939,1.751059732,-2.227121746,-1.504602968,-0.5068626651,0,0,,transition,10,0,1610,17,702,0
2,119,645,-2.00337015,-1.147086804,1.725308342,-2.133361497,-1.514059686,-0.4344537129,0,0,,transition,10,0,1610,17,702,0
2,119,646,-1.931275125,-1.21770567,1.699556951,-2.039601247,-1.523516405,-0.3620447608,0,0,,transition,10,0,1610,17,702,0
2,119,647,-1.8591801,-1.288324536,1.673805561,-1.945840998,-1.532973124,-0.2896358086,0,0,,transition,10,0,1610,17,702,0
2,119,648,-1.787085075,-1.358943402,1.648054171,-1.852080748,-1.542429843,-0.2172268565,0,0,,transition,10,0,1610,17,702,0
2,119,649,-1.71499005,-1.429562268,1.622302781,-1.758320499,-1.551886562,-0.1448179043,0,0,,transition,10,0,1610,17,702,0
2,119,650,-1.642895025,-1.500181134,1.59655139,-1.664560249,-1.561343281,-0.07240895216,0,0,,transition,10,0,1610,17,702,0
2,119,651,-1.5708,-1.5708,1.5708,-1.5708,-1.5708,0,0,0,,home,10,0,1610,17,702,0
2,120,1,-1.5708,-1.5708,1.5708,-1.5708,-1.5708,0,0,0,,home,10,0,1610,17,702,0
2,120,2,-1.563071098,-1.477242674,1.518090048,-1.610226238,-1.602911524,0.0083399365,0,0,,transition,10,0,1610,17,702,0
2,120,3,-1.555342196,-1.383685348,1.465380097,-1.649652476,-1.635023048,0.016679873,0,0,,transition,10,0,1610,17,702,0
2,120,4,-1.547613293,-1.290128022,1.412670145,-1.689078714,-1.667134572,0.0250198095,0,0,,transition,10,0,1610,17,702,0
2,120,5,-1.539884391,-1.196570696,1.359960194,-1.728504952,-1.699246096,0.033359746,0,0,,transition,10,0,1610,17,702,0
2,120,6,-1.532155489,-1.10301337,1.307250242,-1.76793119,-1.73135762,0.0416996825,0,0,,transition,10,0,1610,17,702,0
2,120,7,-1.524426587,-1.009456044,1.254540291,-1.807357428,-1.763469144,0.050039619,0,0,,transition,10,0,1610,17,702,0
2,120,8,-1.516697684,-0.9158987184,1.201830339,-1.846783666,-1.795580668,0.0583795555,0,0,,transition,10,0,1610,17,702,0
2,120,9,-1.508968782,-0.8223413925,1.149120388,-1.886209904,-1.827692192,0.066719492,0,0,,transition,10,0,1610,17,702,0
2,120,10,-1.50123988,-0.7287840665,1.096410436,-1.925636142,-1.859803716,0.0750594285,0,0,,transition,10,0,1610,17,702,0
2,120,11,-1.493510978,-0.6352267406,1.043700485,-1.96506238,-1.89191524,0.083399365,0,0,,transition,10,0,1610,17,702,0
2,120,12,-1.485782075,-0.5416694146,0.9909905334,-2.004488618,-1.924026765,0.0917393015,0,0,,transition,10,0,1610,17,702,0
2,120,13,-1.478053173,-0.4481120887,0.9382805819,-2.043914856,-1.956138289,0.100079238,0,1,1,task,10,0,1610,17,702,0
2,120,14,-1.482240072,-0.4251271361,0.8813409061,-2.008169675,-1.943809821,0.09512747602,0,0,,transition,30,0,1610,17,702,0
2,120,15,-1.486426971,-0.4021421836,0.8244012303,-1.972424495,-1.931481353,0.09017571405,0,1,2,task,15,0,1610,17,702,0
2,120,16,-1.485267056,-0.3705806936,0.7544049885,-1.929464685,-1.940072531,0.09172834945,0,0,,transition,30,0,1610,17,702,0
2,120,17,-1.48410714,-0.3390192037,0.6844087467,-1.886504876,-1.948663708,0.09328098485,0,1,3,task,20,0,1610,17,702,0
2,120,18,-1.484053316,-0.3015955412,0.602138806,-1.839727364,-1.95290724,0.09349938027,0,0,,transition,30,0,1610,17,702,0
2,120,19,-1.483999491,-0.2641718787,0.5198688652,-1.792949852,-1.957150772,0.0937177757,0,1,4,task,25,0,1610,17,702,0
2,120,20,-1.521730335,-0.3042050482,0.5807412299,-1.837408608,-1.893500157,0.05173271829,0,1,5,task,10,0,1610,17,702,0
2,120,21,-1.519621536,-0.3364888624,0.6529814204,-1.876935012,-1.899666623,0.05407489799,0,0,,transition,30,0,1610,17,702,0
2,120,22,-1.517512737,-0.3687726767,0.7252216108,-1.916461416,-1.905833089,0.05641707768,0,1,6,task,30,0,1610,17,702,0
2,120,23,-1.515273778,-0.3959690413,0.7877012455,-1.952811727,-1.912152281,0.05892460778,0,0,,transition,30,0,1610,17,702,0
2,120,24,-1.51303482,-0.4231654059,0.8501808803,-1.989162038,-1.918471473,0.06143213787,0,1,7,task,30,0,1610,17,702,0
2,120,25,-1.512099416,-0.4475300371,0.9060958662,-2.022652878,-1.919408635,0.06244669356,0,0,,transition,30,0,1610,17,702,0
2,120,26,-1.511164012,-0.4718946683,0.9620108521,-2.056143718,-1.920345798,0.06346124926,0,1,8,task,30,0,1610,17,702,0
2,120,27,-1.558977834,-0.4888790625,0.96976409,-2.06646634,-1.830730133,0.0122226588,0,1,9,task,10,0,1610,17,702,0
2,120,28,-1.559346035,-0.4645189508,0.9147877282,-2.03441172,-1.829849207,0.01183933067,0,0,,transition,30,0,1610,17,702,0
2,120,29,-1.559714236,-0.4401588391,0.8598113664,-2.002357101,-1.82896828,0.01145600254,0,1,10,task,30,0,1610,17,702,0
2,120,30,-1.560669823,-0.4119676914,0.7954121755,-1.963413088,-1.8257281,0.01046010529,0,0,,transition,30,0,1610,17,702,0
2,120,31,-1.561625411,-0.3837765437,0.7310129847,-1.924469075,-1.82248792,0.009464208029,0,1,11,task,30,0,1610,17,702,0
2,120,32,-1.562653986,-0.3491834963,0.6526350769,-1.877626083,-1.818793192,0.008395483207,0,0,,transition,30,0,1610,17,702,0
2,120,33,-1.563682561,-0.3145904489,0.5742571691,-1.830783091,-1.815098464,0.007326758384,0,1,12,task,30,0,1610,17,702,0
2,120,34,-1.588426131,-0.3368249068,0.605114241,-1.838043031,-1.805646327,-0.0181318932,0,1,13,task,10,0,1610,17,702,0
2,120,35,-1.587528525,-0.3704510268,0.6806224034,-1.883118296,-1.809902379,-0.01722598118,0,0,,transition,30,0,1610,17,702,0
2,120,36,-1.586630919,-0.4040771468,0.7561305658,-1.928193561,-1.81415843,-0.01632006915,0,1,14,task,30,0,1610,17,702,0
2,120,37,-1.585065635,-0.4322190543,0.8227477609,-1.972520849,-1.820798809,-0.0147288847,0,0,,transition,30,0,1610,17,702,0
2,120,38,-1.583500351,-0.4603609618,0.889364956,-2.016848137,-1.827439188,-0.01313770025,0,1,15,task,30,0,1610,17,702,0
2,120,39,-1.583214423,-0.4841540401,0.9434390178,-2.049076405,-1.829066293,-0.01284711632,0,0,,transition,30,0,1610,17,702,0
2,120,40,-1.582928496,-0.5079471184,0.9975130795,-2.081304673,-1.830693398,-0.01255653239,0,1,16,task,30,0,1610,17,702,0
2,120,41,-1.624562355,-0.5226769651,1.004665877,-2.078250979,-1.765665526,-0.0548027106,0,1,17,task,10,0,1610,17,702,0
2,120,42,-1.62240187,-0.4970168278,0.9456386651,-2.039350518,-1.771400871,-0.05266217904,0,0,,transition,30,0,1610,17,702,0
2,120,43,-1.620241384,-0.4713566905,0.886611453,-2.000450058,-1.777136216,-0.05052164748,0,1,18,task,30,0,1610,17,702,0
2,120,44,-1.618294578,-0.4423914148,0.8225817977,-1.961997003,-1.782443782,-0.04858589849,0,0,,transition,30,0,1610,17,702,0
2,120,45,-1.616347772,-0.413426139,0.7585521425,-1.923543949,-1.787751348,-0.0466501495,0,1,19,task,30,0,1610,17,702,0
2,120,46,-1.614727161,-0.379362766,0.684253401,-1.881004008,-1.792129114,-0.04503291469,0,0,,transition,30,0,1610,17,702,0
2,120,47,-1.613106549,-0.3452993931,0.6099546594,-1.838464067,-1.796506879,-0.04341567989,0,1,20,task,30,0,1610,17,702,0
2,120,48,-1.639583548,-0.3535585727,0.6198822683,-1.853315343,-1.779766727,-0.07032390403,0,1,21,task,10,0,1610,17,702,0
2,120,49,-1.640826174,-0.3864883798,0.692075855,-1.894160394,-1.778009258,-0.07156701401,0,0,,transition,30,0,1610,17,702,0
2,120,50,-1.642068799,-0.4194181868,0.7642694417,-1.935005445,-1.776251788,-0.07281012399,0,1,22,task,30,0,1610,17,702,0
2,120,51,-1.643372414,-0.4472035627,0.8253476017,-1.969881031,-1.774485079,-0.0741136455,0,0,,transition,30,0,1610,17,702,0
2,120,52,-1.644676029,-0.4749889386,0.8864257616,-2.004756617,-1.772718371,-0.07541716701,0,1,23,task,30,0,1610,17,702,0
2,120,53,-1.646045194,-0.4995133295,0.9405128067,-2.035903848,-1.770941808,-0.07678561727,0,0,,transition,30,0,1610,17,702,0
2,120,54,-1.647414359,-0.5240377203,0.9945998518,-2.067051078,-1.769165246,-0.07815406754,0,1,24,task,30,0,1610,17,702,0
2,120,55,-1.689960065,-0.5443396428,1.025433044,-2.08417035,-1.70338082,-0.1202122199,0,1,25,task,10,0,1610,17,702,0
2,120,56,-1.688401607,-0.5202579812,0.9713127213,-2.051237595,-1.703967518,-0.1186535589,0,0,,transition,30,0,1610,17,702,0
2,120,57,-1.686843148,-0.4961763195,0.9171923989,-2.01830484,-1.704554216,-0.1170948979,0,1,26,task,30,0,1610,17,702,0
2,120,58,-1.685449774,-0.469452548,0.8585942461,-1.984992307,-1.704785517,-0.1156938376,0,0,,transition,30,0,1610,17,702,0
2,120,59,-1.684056399,-0.4427287766,0.7999960932,-1.951679773,-1.705016819,-0.1142927774,0,1,27,task,30,0,1610,17,702,0
2,120,60,-1.681227308,-0.4094063963,0.7253967727,-1.905801461,-1.711045417,-0.1115324614,0,0,,transition,30,0,1610,17,702,0
2,120,61,-1.678398217,-0.376084016,0.6507974521,-1.859923148,-1.717074014,-0.1087721453,0,1,28,task,30,0,1610,17,702,0
2,120,62,-1.713953153,-0.352171822,0.5837222199,-1.807728384,-1.66197794,-0.1437578794,0,1,29,task,10,0,1610,17,702,0
2,120,63,-1.713347696,-0.3894732248,0.6696256289,-1.865075502,-1.67045027,-0.1432717859,0,0,,transition,30,0,1610,17,702,0
2,120,64,-1.71274224,-0.4267746277,0.7555290379,-1.92242262,-1.678922599,-0.1427856923,0,1,30,task,30,0,1610,17,702,0
2,120,65,-1.712102719,-0.4542260434,0.8156621125,-1.956374489,-1.687433011,-0.1422844542,0,0,,transition,30,0,1610,17,702,0
2,120,66,-1.711463198,-0.4816774592,0.8757951871,-1.990326359,-1.695943423,-0.141783216,0,1,31,task,30,0,1610,17,702,0
2,120,67,-1.712097628,-0.5065836709,0.9316967809,-2.024353259,-1.699726277,-0.1424900286,0,0,,transition,30,0,1610,17,702,0
2,120,68,-1.712732058,-0.5314898826,0.9875983747,-2.058380158,-1.703509131,-0.1431968412,0,1,32,task,30,0,1610,17,702,0
2,120,69,-1.755021029,-0.5044722537,0.9158650201,-2.002103542,-1.626816407,-0.1845132582,0,1,33,task,10,0,1610,17,702,0
2,120,70,-1.752962387,-0.4779046886,0.8582424404,-1.970267532,-1.62661516,-0.182450283,0,0,,transition,30,0,1610,17,702,0
2,120,71,-1.750903745,-0.4513371236,0.8006198607,-1.938431522,-1.626413914,-0.1803873078,0,1,34,task,30,0,1610,17,702,0
2,120,72,-1.747219389,-0.4191671686,0.7296201747,-1.897167016,-1.632794125,-0.1767692222,0,0,,transition,30,0,1610,17,702,0
2,120,73,-1.743535034,-0.3869972136,0.6586204887,-1.85590251,-1.639174337,-0.1731511367,0,1,35,task,30,0,1610,17,702,0
2,120,74,-1.77374834,-0.3439581393,0.5623905199,-1.798217575,-1.599066493,-0.2030370513,0,1,36,task,10,0,1610,17,702,0
2,120,75,-1.776645522,-0.3795299266,0.6398421423,-1.841313526,-1.596777906,-0.2059212437,0,0,,transition,30,0,1610,17,702,0
2,120,76,-1.779542703,-0.415101714,0.7172937646,-1.884409476,-1.59448932,-0.2088054362,0,1,37,task,30,0,1610,17,702,0
2,120,77,-1.782190872,-0.4441207589,0.7801140213,-1.9187632,-1.593618017,-0.2114490097,0,0,,transition,30,0,1610,17,702,0
2,120,78,-1.78483904,-0.4731398038,0.842934278,-1.953116925,-1.592746713,-0.2140925832,0,1,38,task,30,0,1610,17,702,0
2,120,79,-1.787614303,-0.498565677,0.8979749469,-1.983277685,-1.591868179,-0.2168631176,0,0,,transition,30,0,1610,17,702,0
2,120,80,-1.790389567,-0.5239915501,0.9530156158,-2.013438445,-1.590989644,-0.219633652,0,1,39,task,30,0,1610,17,702,0
2,120,81,-1.811146012,-0.5002352867,0.9003624889,-1.984279618,-1.591940963,-0.2404004907,0,1,40,task,10,0,1610,17,702,0
2,120,82,-1.808299699,-0.4734387341,0.8426009237,-1.953058432,-1.592331588,-0.2375561128,0,0,,transition,30,0,1610,17,702,0
2,120,83,-1.805453386,-0.4466421815,0.7848393585,-1.921837246,-1.592722212,-0.2347117348,0,1,41,task,30,0,1610,17,702,0
2,120,84,-1.802734625,-0.4154692774,0.7175713885,-1.885484671,-1.593108679,-0.2319948294,0,0,,transition,30,0,1610,17,702,0
2,120,85,-1.800015863,-0.3842963734,0.6503034185,-1.849132096,-1.593495146,-0.229277924,0,1,42,task,30,0,1610,17,702,0
2,120,86,-1.809033255,-0.3532212062,0.5827911956,-1.812913642,-1.593354557,-0.2382967149,0,0,,transition,10,0,1610,17,702,0
2,120,87,-1.818050647,-0.3221460389,0.5152789728,-1.776695187,-1.593213968,-0.2473155057,0,1,43,task,10,0,1610,17,702,0
2,120,88,-1.820883274,-0.3592468388,0.5953985778,-1.819896871,-1.592952888,-0.2501470087,0,0,,transition,30,0,1610,17,702,0
2,120,89,-1.823715902,-0.3963476386,0.6755181827,-1.863098554,-1.592691808,-0.2529785117,0,1,44,task,30,0,1610,17,702,0
2,120,90,-1.826678118,-0.4264816423,0.7404599033,-1.898089159,-1.592427275,-0.2559395496,0,0,,transition,30,0,1610,17,702,0
2,120,91,-1.829640334,-0.456615646,0.8054016239,-1.933079763,-1.592162741,-0.2589005875,0,1,45,task,30,0,1610,17,702,0
2,120,92,-1.832741172,-0.4827525786,0.8616624235,-1.963386495,-1.591894512,-0.2620001895,0,0,,transition,30,0,1610,17,702,0
2,120,93,-1.835842011,-0.5088895112,0.9179232231,-1.993693226,-1.591626283,-0.2650997915,0,1,46,task,30,0,1610,17,702,0
2,120,94,-1.811747283,-0.6054268284,0.9772756573,-1.955248387,-1.589732985,-0.2409998104,0,0,,transition,10,0,1610,17,702,0
2,120,95,-1.787652554,-0.7019641455,1.036628092,-1.916803549,-1.587839686,-0.2168998294,0,0,,transition,10,0,1610,17,702,0
2,120,96,-1.763557826,-0.7985014627,1.095980526,-1.87835871,-1.585946388,-0.1927998484,0,0,,transition,10,0,1610,17,702,0
2,120,97,-1.739463098,-0.8950387799,1.15533296,-1.839913871,-1.584053089,-0.1686998673,0,0,,transition,10,0,1610,17,702,0
2,120,98,-1.71536837,-0.991576097,1.214685394,-1.801469032,-1.582159791,-0.1445998863,0,0,,transition,10,0,1610,17,702,0
2,120,99,-1.691273641,-1.088113414,1.274037829,-1.763024194,-1.580266492,-0.1204999052,0,0,,transition,10,0,1610,17,702,0
2,120,100,-1.667178913,-1.184650731,1.333390263,-1.724579355,-1.578373194,-0.09639992418,0,0,,transition,10,0,1610,17,702,0
2,120,101,-1.643084185,-1.281188049,1.392742697,-1.686134516,-1.576479895,-0.07229994313,0,0,,transition,10,0,1610,17,702,0
2,120,102,-1.618989457,-1.377725366,1.452095131,-1.647689677,-1.574586597,-0.04819996209,0,0,,transition,10,0,1610,17,702,0
2,120,103,-1.594894728,-1.474262683,1.511447566,-1.609244839,-1.572693298,-0.02409998104,0,0,,transition,10,0,1610,17,702,0
2,120,104,-1.5708,-1.5708,1.5708,-1.5708,-1.5708,0,0,0,,home,10,0,1610,17,702,0
