group_id,point_id,q1,q2,q3,q4,q5,q6,is_discontinuous
103,1,-0.914855699541423,-0.007281271549638,1.72030554655802,-3.89858068515182,-1.64114091076522,0.549030244262545,1
103,2,2.69461857615852,-3.35948853085961,-1.20347312338556,-2.11128696614882,-0.704181601811061,-2.78234211619221,1
103,3,2.75941545590824,-3.2082773457372,-1.32449105247677,-2.70489762380397,-0.874598507626186,-2.26509904195914,0
103,4,-0.909443323446831,-0.27030023962928,1.80191051790244,-3.14909477877583,-1.59606081657088,0.660531235315232,1
103,5,-0.910287597304672,0.139614139061681,1.37112872427757,-1.05276871495768,1.90881408894674,-2.85711408817243,0
103,6,-0.956250407729242,0.181765167036877,1.3365180302819,-1.23968651342448,1.85537895959102,-2.97423592460593,1
103,7,-1.09830632334041,-0.354286706361209,1.76892219677098,-3.15865736473621,-1.44155076440184,0.474439906906193,0
103,8,-1.09514212663791,-0.248296219992559,1.82049065387615,-3.49079239121913,-1.4210467172877,0.462302568872935,0
103,9,-1.09173407100127,-0.051705955048232,1.76979432693873,-3.88713552804894,-1.41836643207949,0.426734139362867,0
103,10,-1.06614968681281,-0.032356100914701,1.78238245595726,-3.91275049056552,-1.44852478737628,0.447523036222209,1
103,11,-1.14867204051466,-0.012071126173356,1.60664648239245,-0.991047532451874,1.26669537841956,-2.84841355356853,0
103,12,-1.09814431280446,0.190057532976143,1.40591271082998,-1.29047884747886,1.49941141689616,-2.98355056985497,1
103,13,-0.962404099606861,-0.210884575618931,1.50118864659515,0.016716427943176,1.58730133791502,-2.55233998181319,1
103,14,-0.980790002410027,0.064961233052327,1.5604695980608,-1.00901995809238,1.64196955706891,-2.78427819705254,0
103,15,-0.943541947291396,0.006197043712256,1.57900432526711,-0.830131106848418,1.69248248055842,-2.7020931245025,0
103,16,2.6361777792345,-3.14725223466601,-1.60644180290778,-2.35177260764886,-1.19900313173128,-2.37631290601679,1
103,17,2.55194178540657,-2.91816186881684,-1.44045939789166,-3.40879257695487,-1.51352320440737,-2.16582752092358,1
103,18,2.44650722267433,-3.19223307842858,-1.5800320638667,-2.06001788522058,-1.51196537863502,-2.6083133486556,0
103,19,2.40720569453063,-3.20032298370089,-1.55491887662045,-2.00305049544586,-1.54118601731095,-2.68396007645852,0
103,20,2.421276706672,-3.05164200011583,-1.63843725581562,-2.26337579057933,-1.55233178780904,-2.53326217166685,0
103,21,2.4382081519092,-2.91391492812529,-1.60843342400585,-2.71404591770017,-1.52332417679973,-2.39129837246803,0
103,22,2.4073948993233,-2.87099029199885,-1.5518778508223,-2.90994135217435,-1.56753356316226,-2.37703135058192,0
103,23,2.37161919684521,-2.83868883142802,-1.38163034137232,-3.36398621031698,-1.63427119607599,-2.3493880662469,1
103,24,-1.2064629168951,-0.211114796658751,1.81620473324294,-3.54963068147121,-1.3370042849987,0.360918099866911,1
103,25,2.37011526144729,-2.91194498452395,-1.60244128640814,-2.71920584904721,-1.59147378811246,-2.43874057443909,1
103,26,2.30635767748366,-3.15676809939322,-1.55405837629216,-2.0679190294169,-1.6782970507561,-2.69936304421579,0
103,27,2.29889062978772,-3.23358089332179,-1.50344774164879,-1.9694545353999,-1.70526996034407,-2.74836257451556,0
103,28,2.41854815064452,-3.05709318548486,-1.6375083135789,-2.38554524049443,-1.5631838489919,-2.46517199075727,1
103,29,2.49547709068834,-2.91521972496705,-1.41495943598219,-3.48158370314449,-1.53591150051986,-2.21816860708572,1
103,30,2.4724054990967,-3.34072816075179,-1.48084812594327,-1.84499074146848,-1.31297678785358,-2.78474662623438,0
103,31,2.55587049617436,-3.13566969039041,-1.64243542733051,-2.29136432435359,-1.30746999791766,-2.43220240279418,0
103,32,2.45190454379959,-3.12876872642847,-1.66655389546749,-2.22776400131096,-1.46185265890329,-2.4987750051864,1
103,33,2.45228162588513,-2.90849951111322,-1.48293904221326,-3.32498599081861,-1.53104298413602,-2.26806457901069,0
103,34,2.4188433512041,-2.9183000308417,-1.398722192549,-3.45211251692859,-1.54643364110707,-2.29692020384226,1
103,35,2.24755349477533,-3.2076908044807,-1.508769857915,-2.05964316461197,-1.76170378952992,-2.72065668733864,0
103,36,2.21197362421091,-3.19938723226378,-1.4871926435204,-2.05013303513485,-1.81491830997984,-2.75723249419672,0
103,37,2.26322166100544,-3.00051656770523,-1.59945012710406,-2.43044607594777,-1.73217135016276,-2.57710177386299,1
103,38,2.12101231820313,-3.276054804103,-1.3802991501949,-2.03206256287012,-1.96735452660655,-2.81127537651268,1
103,39,2.36396638694746,-2.92204708861121,-1.3762165027496,-3.47564239789512,-1.55084205319609,-2.35132298078034,0
103,40,2.38901681679131,-2.90717681658452,-1.4659710340633,-3.34568194097997,-1.55244366523609,-2.3296615988042,1
103,41,2.31734802659551,-3.16117775586519,-1.64098256766342,-2.12284430707546,-1.65402922466714,-2.60883952222885,0
103,42,2.34302172514072,-3.10755027851623,-1.6718449132218,-2.24408106050524,-1.62635470221797,-2.54074871054077,0
103,43,2.23068572754398,-3.08369898870561,-1.64963003797979,-2.31640390841155,-1.79127493964719,-2.57901137918182,1
103,44,2.31425472844652,-2.90686844625231,-1.48793441934224,-3.24339572056003,-1.59632849688144,-2.40825734189553,0
103,45,2.30832454289114,-2.93012229452204,-1.33052869049196,-3.53763200825333,-1.55517035221037,-2.40564088779982,1
103,46,-1.48651919510268,0.035167119987981,0.530587194188818,-2.1902108646917,-1.10970563282816,0.094118145064441,0
103,47,-1.48707908515206,-0.02393858458613,0.680617065603411,-2.28237667950238,-1.09871854269451,0.094014163230773,0
103,48,2.12173162940409,-3.27185140533984,-1.64234897468673,0.925996344636807,1.92422959927167,0.522457179911347,0
103,49,2.11859549406155,-3.30125986440821,-1.62484866338065,0.963457372016055,1.94974484993077,0.522544255318815,0
103,50,-1.61640902818388,0.170929711407559,0.528018275068096,-2.23952822728544,-0.53422970044581,-0.089617479729238,0
103,51,-1.61405777238834,0.243336326566949,0.334882549158035,-2.11440206401136,-0.543834570269159,-0.083596031459073,1
104,1,-0.787518024611468,0.053955811813344,1.48976892998695,-0.659328791564953,2.12698006599638,-2.56422254415764,0
104,2,2.83670801553024,-3.24501166469221,-1.44775495521016,-2.82206904533414,-0.770621533798831,-2.02282996041564,1
104,3,-1.09155195198512,-0.034134259575323,1.7579333165466,-0.859866890514577,1.81833847594703,-2.78254508284837,0
104,4,-1.13480610668924,0.202137974160668,1.55618994888575,-1.45698515922227,1.88747547824249,-3.01524721443849,1
104,5,-1.14380656476592,0.177978767445565,1.57375029555881,-1.48954742778032,1.88568325993251,-3.03351102815289,0
104,6,-1.1464642833766,-0.216736756095895,1.85646782651921,-0.681637214297206,1.71126439654393,-2.79598012441286,1
104,7,-1.17350700250017,-0.284565447088665,1.84244475018433,-0.514034770716867,1.66525703406199,-2.79854572585178,0
104,8,-1.22634548892653,-0.421934887794204,1.64662391442941,0.318043569279827,1.53992315672115,-2.79705155616906,1
104,9,-1.27775834222813,-0.119149565131829,2.06348431593144,-3.98449290184409,-1.53009464750813,0.264502730530759,1
104,10,-1.25062765628951,-0.018387634584014,2.02777135991574,-4.13216900210326,-1.57511205464112,0.274973331198384,0
104,11,-1.19989664035909,0.177603561100397,1.8524652104694,-4.37239084294823,-1.69943329999938,0.265436570838036,0
104,12,-1.19400116625257,0.192135905157014,1.59183374806503,-1.51370643316849,1.83520713157361,-3.04270187565969,1
104,13,-1.18645777223298,0.216415248726987,1.57478353086065,-1.4823623003899,1.83502835565714,-3.02676217946397,0
104,14,-1.21724252860672,-0.045917324381409,1.83219638193894,-0.901630609567425,1.70840080506511,-2.86940477083716,1
104,15,2.49462698742886,-3.36905787652295,-1.56861730554532,-1.72080272447862,-0.796509525020821,-2.84295239609137,1
104,16,2.47896648598326,-3.34113721316272,-1.58933433776976,-1.68231810964018,-0.79180894478287,-2.88227844743809,0
104,17,2.44277749382443,-2.92264604441389,-1.90870556538146,-2.50988699429689,-1.26786208695823,-2.39850224781961,1
104,18,2.36550608501416,-2.84681531204357,-1.90581888911844,-2.61857617556564,-1.40108259478541,-2.43892284824006,0
104,19,2.29092550577013,-2.73655004027417,-1.80883852988281,-3.05001943673797,-1.54841591799964,-2.44107914555724,0
104,20,-1.58089436167179,0.011915466561785,0.409142892261589,-1.9904311879549,-1.41512711489617,-0.010225109183224,0
104,21,-1.58211659872606,-0.068289593870038,0.600603802427848,-2.10544021498045,-1.41113268736595,-0.011476204077186,0
104,22,-1.58342680909534,-0.126530902082177,0.74517596813749,-2.19551057225841,-1.4070044169357,-0.012805549743372,0
104,23,-1.58427190549559,-0.173589162260196,0.865889289786437,-2.27241829325888,-1.40491472831561,-0.013671984103193,0
104,24,-1.585158436122,-0.213607797127282,0.972372520965394,-2.34212606594916,-1.40281888843023,-0.014573862738746,0
104,25,-1.58567618191338,-0.248344550148637,1.06874663880336,-2.40721292306277,-1.40223194879281,-0.015090420052955,0
104,26,-1.58518120095252,-0.278670614345336,1.15731206682944,-2.46942840748516,-1.40536280705087,-0.014574407938514,0
104,27,-1.58466107764355,-0.30564620056746,1.2400108219747,-2.52912657319006,-1.40849819046084,-0.014045840383018,0
104,28,-1.58646049513986,-0.328567656697976,1.32047368494018,-2.59402961038778,-1.40367916531468,-0.015891479009399,0
104,29,-1.59401160894428,-0.348137005460794,1.39641423458949,-2.65403862847279,-1.380170444361,-0.023636315139032,0
104,30,-1.60227687810623,-0.363325653636725,1.47041650843398,-2.72036926369956,-1.35567626743256,-0.03218680731645,0
104,31,-1.60276872504064,-0.37776544164794,1.53787084221059,-2.77910543008007,-1.35704084023188,-0.032669970324423,0
104,32,-1.60347502441377,-0.391256503909811,1.60092951098404,-2.82984006471469,-1.35784955964766,-0.033383533570092,0
104,33,-1.60442579451036,-0.39742240351843,1.66584179431728,-2.9021148192459,-1.35804614847405,-0.034323433900213,0
104,34,-1.60552099647922,-0.40440043912027,1.72510647717675,-2.95854658153368,-1.35801888743836,-0.035430279053052,0
104,35,-1.60692186885209,-0.40389428461956,1.78468857737788,-3.03236376118789,-1.3573243664509,-0.036823523204192,0
104,36,-1.6086296174912,-0.39879596583441,1.8418943568255,-3.11004895313243,-1.35605304256488,-0.038515642235602,0
104,37,-1.61070244121818,-0.392069992303731,1.89524419926329,-3.18065696773736,-1.35415656637305,-0.040593584841414,0
104,38,-1.61079004257651,-0.353920474315227,1.94961487694251,-3.32860586993879,-1.35731203236307,-0.040310459115553,0
104,39,-1.59727482236306,-0.264337170676183,1.98456935440613,-3.56736259701365,-1.39280966744851,-0.025850812075374,0
104,40,-1.58212670076056,-0.39014564125543,2.02371925653138,-3.28848653886968,-1.43065308883135,-0.011370082290262,0
104,41,1.92936895889876,-2.7784475122869,-1.65436336557751,-3.18494918149732,-1.70390051239822,-2.78546057379598,0
104,42,1.92061348104397,-2.79030131797307,-1.61646100516587,-3.17363122933599,-1.69185515410391,-2.79769281772763,0
104,43,1.89292746340487,-2.78832876707604,-1.51003210002236,-3.37293906558006,-1.73604340067268,-2.81732965165493,0
104,44,1.88134056146539,-2.80205178887393,-1.44049041943395,-3.43905526357143,-1.73821356273011,-2.82857514683009,0
104,45,1.86933183658978,-2.81933198126651,-1.36228297301885,-3.51728532215507,-1.74369443153225,-2.8398753882899,0
104,46,1.85814106801213,-2.84035090972175,-1.28003198935424,-3.59449988507574,-1.74886833546358,-2.85052553344988,1
104,47,1.84796337318693,-2.86508350348889,-1.19631725690459,-3.66358518841265,-1.75288667417701,-2.86043353337908,0
104,48,1.83839743094803,-2.89358285460053,-1.10621541476716,-3.73575187605153,-1.75685840242157,-2.86975918007881,0
104,49,1.82936452004171,-2.92669005849233,-1.00898030653517,-3.80953264111386,-1.76083657756793,-2.87860004924282,0
104,50,1.82080627758124,-2.96424081724353,-0.905298199883581,-3.88185610145974,-1.76486970092416,-2.88703437976278,0
104,51,1.81267894276874,-3.01023161647506,-0.783004748766085,-3.96906348997605,-1.76904356756572,-2.89499369703893,0
104,52,1.80539817379529,-3.06392361836712,-0.648274497508481,-4.05420447703797,-1.77174528785888,-2.90225828404736,0
104,53,1.79824767757142,-3.13692350731713,-0.471207869157716,-4.16580800543888,-1.77532933428571,-2.90933051349744,1
104,54,1.79184102996068,-3.26635001030278,-0.173094722278469,-4.33926378140724,-1.77751614710313,-2.9157472478894,1
104,55,-1.62538855190636,-0.256520827828446,1.11980820804448,-2.44712069289708,-1.35089331781782,-0.055925353350671,0
104,56,-1.62414927814513,-0.224916826045244,1.02545764131083,-2.3773770276291,-1.35046373344644,-0.054672471453245,0
104,57,-1.62162332441673,-0.188383495002501,0.925086292069962,-2.31129705893714,-1.35518040127504,-0.052034684479356,0
104,58,-1.61942442316776,-0.145852999490964,0.812762574902298,-2.23872478094786,-1.35908282273405,-0.049745099044846,0
104,59,-1.61756953669371,-0.094633399532891,0.682517393244228,-2.15630333298546,-1.36201638226815,-0.04782458431146,0
104,60,-1.61579945085515,-0.028997116163195,0.521853078086147,-2.0578526377228,-1.36493697757799,-0.045981743088065,0
104,61,-1.61526709701945,0.075991159008289,0.275042220559017,-1.90928581407362,-1.36299078805678,-0.045439346452618,0
104,62,-1.63859769487809,0.07167372409305,0.290342354814698,-1.90638535135903,-1.35838636063043,-0.069358248020951,0
104,63,-1.64041776291921,-0.035594958727441,0.556693708435639,-2.09038435798547,-1.3572359352797,-0.071240108422708,0
104,64,-1.64253241455609,-0.096827705798142,0.706458220450591,-2.17958819602762,-1.35524863775608,-0.073437853925936,0
104,65,-1.64474850363502,-0.14578730364572,0.830393525188991,-2.25520516288636,-1.35325751686579,-0.075739081276586,0
104,66,-1.64707357883055,-0.187147479322144,0.938789402610836,-2.32284896954405,-1.35126239917714,-0.078151690014193,0
104,67,-1.64948671564507,-0.223100019436358,1.03662214412689,-2.38544892752664,-1.34937150555118,-0.080652297723313,0
104,68,-1.65124333037301,-0.254437928961515,1.12862561700489,-2.45066146845548,-1.35030375333696,-0.082426493111827,0
104,69,-1.65307492483455,-0.281966368790127,1.2137304888878,-2.51229802042404,-1.35129699790719,-0.08427490856331,1
104,70,-1.65514329569074,-0.306116447317682,1.29395731712944,-2.57300131346312,-1.3518155048499,-0.086370247102271,0
104,71,-1.65715147349467,-0.3271478373389,1.36999640684535,-2.63324450458882,-1.35291471422049,-0.088387208229455,0
104,72,-1.65935431539461,-0.345778911840008,1.44154037403504,-2.68977949711615,-1.35375812591629,-0.090611419619738,0
104,73,-1.66203088878113,-0.361347695129325,1.51043669319962,-2.74787722601987,-1.35351206484323,-0.093332696448046,0
104,74,-1.66414429401976,-0.372870613958946,1.57785506195598,-2.81299192025895,-1.35546025281959,-0.095406321811118,0
104,75,-1.66726090162449,-0.381949912580804,1.64196007520219,-2.87540362553803,-1.35482919919592,-0.098556440848523,1
104,76,-1.67065947268916,-0.386388987176088,1.70436820086388,-2.94421672966823,-1.35393543355649,-0.101964419703654,0
104,77,-1.6743047534489,-0.389699544897178,1.76313707080672,-3.00634281254792,-1.35300343993421,-0.105644992664583,0
104,78,-1.69155520241899,-0.37911881911982,1.82228015129967,-3.09053089365818,-1.31609620796253,-0.124138171792766,0
104,79,-1.70426658511317,-0.365434621938224,1.87696140689079,-3.17341637408778,-1.2939416181791,-0.137653152878807,0
104,80,-1.70136101982984,-0.429159361074225,1.89970972892528,-3.01352882592943,-1.31447681260844,-0.135035142864782,0
104,81,-1.70569408640938,-0.319203257852026,1.97647175481767,-3.3761399772679,-1.3142710725882,-0.137190668829559,0
104,82,-1.7284547078441,-0.319625189722577,2.01828078614912,-3.38023866165042,-1.27422093628358,-0.162871047913668,1
104,83,-1.84645517417347,-0.181821782606993,1.99070977023358,-3.55527216067315,-1.08787417707819,-0.297445492824327,0
104,84,-1.77195138697997,-0.299005711257268,1.9791168769818,-3.37220283200331,-1.25101201940365,-0.208450517911907,0
104,85,-1.77286932373205,-0.342081269765944,1.92882537608795,-3.21820874944977,-1.23122849336996,-0.212668346246497,0
104,86,-1.76179099628612,-0.342262673861578,1.88289291968436,-3.18950426480979,-1.24084639836675,-0.200026476624216,0
104,87,-1.74492061443398,-0.362712237099051,1.82978400746716,-3.09803771807412,-1.2687806904194,-0.181321663610462,0
104,88,-1.73162752736812,-0.36998243240403,1.77454397781832,-3.02854918720665,-1.28951888403256,-0.166677268540597,0
104,89,-1.72490025836123,-0.372434535061119,1.71511162536422,-2.95351030179548,-1.29388671629201,-0.159703130700091,0
104,90,-1.72033637250637,-0.36709803750415,1.6554522658031,-2.89418007566804,-1.29302460683029,-0.15508581693138,0
104,91,-1.71599104152754,-0.360852885421191,1.59125123375298,-2.82543447879666,-1.29238118963075,-0.150731647000641,0
104,92,-1.71206134607336,-0.350317058565106,1.52518145527581,-2.76220191640612,-1.29120338965685,-0.146776621785881,0
104,93,-1.70839718731458,-0.336191533975679,1.45703271956833,-2.70284372151706,-1.2898781116933,-0.143069402639306,0
104,94,-1.70485035664788,-0.319003235012506,1.38602253665904,-2.64470979976801,-1.28883882615013,-0.139456797465978,0
104,95,-1.68992998796085,-0.303661521756317,1.30847622836061,-2.57812873708361,-1.32746816496965,-0.122717970385847,0
104,96,-1.68164470870322,-0.280874636854489,1.23129576296218,-2.52591272106295,-1.34541473272925,-0.113696932738612,0
104,97,-1.67747422312836,-0.254862311475716,1.1458398344962,-2.46086156061869,-1.35011720338229,-0.109312617803709,0
104,98,-1.67493182519975,-0.224291976089923,1.05645193470354,-2.39947556505741,-1.3495993008068,-0.10672665760411,0
104,99,-1.67519266527209,-0.189024746362752,0.956844277851234,-2.327816905802,-1.33895091225333,-0.107255442019515,0
104,100,-1.67496404679833,-0.14786688446465,0.847055470434529,-2.25336492222118,-1.33013285197109,-0.107252775464322,0
104,101,-1.67372658688002,-0.099272882233398,0.723164457700594,-2.17444504076627,-1.3253501748267,-0.106098473919519,0
104,102,-1.6725492950527,-0.038716489852674,0.574207723573604,-2.08241365715029,-1.32056010659216,-0.105022779492843,0
104,103,-1.67058203208312,0.046945032663785,0.371170861676965,-1.96200133079148,-1.31929686322718,-0.103050354988021,0
104,104,-1.70149912710952,0.088382238594745,0.29368668615848,-1.91038518926091,-1.28076418762877,-0.136440323568386,0
104,105,-1.70467299922257,-0.011670347726962,0.530389452359284,-2.05201544066101,-1.27996416600006,-0.139781524253872,0
104,106,-1.70749717769961,-0.07626282905259,0.690925548298058,-2.15334608675209,-1.28118047328885,-0.142676037567809,0
104,107,-1.71049218302567,-0.126391741532317,0.819050113754684,-2.23407314736867,-1.28225747661001,-0.14575129922519,0
104,108,-1.71364740203514,-0.168299908556664,0.929704059791359,-2.3046604482718,-1.28328633903683,-0.148994250536004,0
104,109,-1.71700778796036,-0.204348496237383,1.02936337302069,-2.37049967039394,-1.28414322755064,-0.152456245077129,0
104,110,-1.7206630661876,-0.235486363740149,1.12126132827172,-2.43457378362783,-1.28455357929806,-0.156237395515524,0
104,111,-1.72433868036405,-0.262391017920179,1.20829101993144,-2.50112021375579,-1.28557080117912,-0.159993589059805,0
104,112,-1.72831590675446,-0.286481770933368,1.28741354603637,-2.55812393030536,-1.28624958846421,-0.164091877211569,0
104,113,-1.73405952812764,-0.306040494923884,1.36446875903674,-2.62157062198624,-1.281735240677,-0.17027136830813,0
104,114,-1.7499371694153,-0.318987443096739,1.43527007228808,-2.67697944820295,-1.24505545277681,-0.188972365880803,0
104,115,-1.75590676422368,-0.332110458976157,1.50485122785358,-2.7402388373716,-1.24290842220407,-0.195311614482681,0
104,116,-1.76110398987493,-0.342780759412302,1.57139627514945,-2.8035700726166,-1.24429126430488,-0.200594070054389,0
104,117,-1.7667442960831,-0.349368025434576,1.63576790610176,-2.87133099312478,-1.24528108256393,-0.206300985015808,0
104,118,-1.77273450358501,-0.354452533589316,1.69589530678653,-2.9317434402357,-1.2463511948728,-0.212412916313539,0
104,119,-1.78139552977029,-0.350564583311294,1.75589212602668,-3.01072325308554,-1.24090078090944,-0.221593535271736,0
104,120,-1.80299628048074,-0.335902852664949,1.8095814639211,-3.08612551981803,-1.20162889524262,-0.247272686247596,0
104,121,-1.82151177278448,-0.32035428836547,1.8593233199325,-3.15593702927034,-1.174379079133,-0.269366555934106,0
104,122,-1.84898428119295,-0.282664252817043,1.90366372714016,-3.25733134909714,-1.12618142104885,-0.303247314149577,0
104,123,-1.90178439172519,-0.201811883990871,1.92286686273429,-3.38003876148092,-1.01349909058619,-0.376936444700641,0
104,124,-2.02693796356188,0.13801350969899,1.65760486073911,-3.58635891992627,-0.582252229132534,-0.642901093449675,0
104,125,-2.0528597573549,0.261305343889655,1.50449007619583,-3.57980086755626,-0.451652673472926,-0.746414007116595,1
104,126,-1.92876893806474,-0.104731986931106,1.90451889736418,-3.48786632698809,-1.08082903015638,-0.393732331782662,1
104,127,-2.07868206505325,0.141871531015441,1.54720241082902,-3.13530773391957,-0.477702741813962,-0.945883637942325,0
104,128,-2.06727549257222,0.061919308524803,1.58158907457494,-2.98729199454452,-0.502210957355448,-0.953734711470495,0
104,129,-2.04909467359326,-0.034430233518392,1.62457344634919,-2.86707657878616,-0.560121396192508,-0.887460984659068,0
104,130,-1.94715613699859,-0.212008972162126,1.76924963248802,-3.08925005555561,-0.901629806303685,-0.473200836132485,0
104,131,-1.87151209961849,-0.298795118449081,1.76154621696405,-3.02777235658038,-1.0946412388305,-0.335999597981264,0
104,132,-1.86220454782512,-0.31009285201524,1.70344309202273,-2.93334274222099,-1.09326599871943,-0.327016101247206,0
104,133,-1.83013345033826,-0.323881082819906,1.65406688491877,-2.88615197005043,-1.16257375157883,-0.281897978232592,0
104,134,-1.81569430103187,-0.324714131363,1.59327216485421,-2.81852143137965,-1.18235911154466,-0.264224333382554,0
104,135,-1.80866564836467,-0.316504875570221,1.52852066609423,-2.75461791776599,-1.18120155046466,-0.256928150588269,0
104,136,-1.80201452060756,-0.304504707153077,1.46146183258704,-2.69452920636895,-1.18011427402458,-0.249958121215347,0
104,137,-1.79580535985042,-0.289830213587912,1.39061959471867,-2.63213140987621,-1.17881930351575,-0.243476639877309,0
104,138,-1.78856349875795,-0.273186281415082,1.31572180548852,-2.5674097682766,-1.18235136892456,-0.235404514692534,0
104,139,-1.77464330014536,-0.255749040592792,1.24119738200004,-2.51577133074247,-1.21107843578886,-0.217870017859923,0
104,140,-1.76220251296216,-0.234961381132933,1.15852486429543,-2.45290000221521,-1.23690732602203,-0.202681935894475,0
104,141,-1.75738377535152,-0.206110842262342,1.06949049121841,-2.38899965311133,-1.2366333512103,-0.197613638304502,0
104,142,-1.75279006114943,-0.173033728522539,0.97266474318417,-2.3212450773406,-1.23642318076019,-0.192775563946877,0
104,143,-1.74841235538161,-0.134072693011838,0.863220402806397,-2.2442121545733,-1.23624332298432,-0.188160566006127,0
104,144,-1.74426311332504,-0.087910760738937,0.743970326399465,-2.17025589972216,-1.23597616796696,-0.183778214475704,0
104,145,-1.74030825354958,-0.031124511660058,0.602569349106776,-2.08470663463139,-1.23570703071363,-0.179601771853155,0
104,146,-1.73653442308068,0.046287638590486,0.417060315276132,-1.97561336645204,-1.23543567662044,-0.175617128843589,0
104,147,-1.77799585749774,0.138070885117754,0.237636101824258,-1.84449060411123,-1.14825433782314,-0.227469887025112,0
104,148,-1.78774869800096,0.028938089295661,0.507831148672092,-2.01412065528023,-1.12694685191189,-0.240655119795811,0
104,149,-1.81052612178328,-0.12281300098418,0.899309771077885,-2.23932969959001,-1.10031608026317,-0.269601014817017,0
104,150,-1.81796161917861,-0.156810224066364,1.0038833895806,-2.31608452290062,-1.09507889098168,-0.278729062420905,0
104,151,-1.82650454972771,-0.184866843901548,1.09645644726698,-2.38290606301988,-1.08703404843046,-0.289553206310481,0
104,152,-1.8338157479173,-0.210618276524102,1.18014837003296,-2.43990534775706,-1.08540185102318,-0.298111274432578,0
104,153,-1.84125539716058,-0.233330347613233,1.25896331498815,-2.4956832648224,-1.08478620818762,-0.306645990618641,0
104,154,-1.84571803307772,-0.252273269696045,1.34096046249907,-2.57680778259823,-1.09606207666122,-0.309596263134766,0
104,155,-1.85414345560091,-0.267316329084687,1.41145654099252,-2.63422551656037,-1.09469316860289,-0.319247214272297,0
104,156,-1.93470055410094,-0.204080126804673,1.41588330184853,-2.57785512926613,-0.837056037454736,-0.495284371645166,0
104,157,-1.966422856695,-0.182568669018787,1.44304639625589,-2.55036911119771,-0.75692948622,-0.587543660974773,0
104,158,-2.01770522846461,-0.078382973256354,1.38828932117195,-2.42988276046583,-0.574905953955411,-0.864112795718331,0
104,159,-1.84138532910247,-0.253571201932916,1.56457336076587,-2.8687018325551,-1.30404029023298,-0.28064170751048,0
104,160,-1.97276673243925,-0.136948514809487,1.39822590704985,-2.6040767518537,-0.843138287435308,-0.547191752801546,0
104,161,-2.02073688746107,-0.004758918913227,1.15862670017754,-2.15745267209971,-0.568428510029128,-0.905557115828713,0
104,162,-2.00788730935368,-0.000491782876615,1.09937190473872,-2.11280924354076,-0.568910960646215,-0.875858967779033,0
104,163,-1.99277597216044,-0.010441121385657,1.04294844575116,-2.04589201008843,-0.589736114400068,-0.81544760380863,0
104,164,-1.98051394982623,0.003443310243608,0.971763563646523,-2.00796057428672,-0.593273686732955,-0.783272579815712,0
104,165,-1.96750141970647,0.016153629995929,0.895601028790562,-1.96240231780653,-0.60543180409908,-0.740218756205872,0
104,166,-1.95828730368119,0.048736745948433,0.795130431133822,-1.89702966005896,-0.597974521721245,-0.73028286990287,0
104,167,-1.94722211698577,0.07730746731746,0.67387818341047,-1.78166060790763,-0.606419598687535,-0.699490288507408,0
104,168,-1.93684359627547,0.124063973079795,0.543273893412465,-1.71742647705904,-0.611881695385367,-0.671648319879565,1
104,169,-1.77003488683147,0.193368607141772,0.209625541319579,-1.93427563526387,-1.3738487911978,-0.203244430414202,0
104,170,-1.79599732550724,0.091286054935278,0.463647705339119,-2.07108165586753,-1.28776540566978,-0.234690218679754,0
104,171,-1.79876472395185,0.021970489352933,0.632502471608298,-2.17225020221499,-1.2978327214566,-0.236884234559861,0
104,172,-1.80360129038681,-0.02949485996728,0.764959629354323,-2.25364513889687,-1.30040997366311,-0.24174333889127,0
104,173,-1.82048385720597,-0.06526818727721,0.870220037944662,-2.31044992390052,-1.25844222634401,-0.262774980345789,0
104,174,-1.84487682588416,-0.090100369524745,0.955264148899153,-2.34353317262035,-1.1910602436998,-0.295947977645215,0
104,175,-1.86975528082524,-0.109058203368707,1.03011805120243,-2.3671123893749,-1.12509622105963,-0.332663561723493,1
104,176,-1.91585884921703,-0.102612543504457,1.06833160012788,-2.32390121813051,-0.980969759762376,-0.419351079980297,0
104,177,-1.96009924776961,-0.079635691385378,1.09562326604712,-2.27548251374378,-0.841881186612319,-0.53283075026952,0
104,178,-1.96948424499054,-0.102740575444655,1.17478681086392,-2.3285481171474,-0.849471025150743,-0.542240762642198,0
104,179,-1.98265309707735,-0.118148595884773,1.24325569139921,-2.36715469794492,-0.844344723054276,-0.563885507987456,0
104,180,-2.02605598529446,-0.078594699523858,1.23894544432498,-2.25160643794889,-0.719395448552759,-0.726312432736957,0
104,181,-2.02109628320239,-0.122334340349953,1.34933724829137,-2.40541993090637,-0.797175983956004,-0.651068952829055,0
104,182,-2.01363282638733,-0.15629769792601,1.43957062626407,-2.5339565950481,-0.870832643702619,-0.592481576858726,0
105,1,-0.86809512475223,-0.284945345070484,1.29677839851677,-2.52597042915849,-1.5749223592972,0.701990080966991,0
105,2,-0.85056743274994,-0.290740804949556,1.38441030428995,-2.67581647460634,-1.57192908780267,0.72009384066112,1
105,3,-0.810527503387002,-0.149630824215064,1.47971177680132,-3.24965832230665,-1.66814987614263,0.715728942970976,1
105,4,-0.811135279764996,-0.319498460789913,1.3733742676051,-2.48618500613321,-1.57993940140394,0.754514037308452,0
105,5,-0.834849577167244,-0.373254862257228,1.38853956373964,-2.3681214295388,-1.46079099794474,0.716486734386509,1
105,6,-0.772758339231009,-0.316138667540187,1.57161565061202,-2.90143440482725,-1.57056190036985,0.796626666697939,0
105,7,-0.752794126779054,-0.013995503000346,1.59101102791022,-3.73167358582175,-1.70947752925256,0.6941336928497,0
105,8,-0.828890893293381,-0.2279813919524,1.68744472429639,-3.3551534002492,-1.48636253403629,0.729408963109052,1
105,9,-0.712560901282193,-0.225290470006493,1.42876105158544,-2.74166316542573,-1.90619351612281,0.892666890053348,1
105,10,-0.839463334601347,-0.29303670974879,1.07064529699459,-1.80265371294276,-1.60490812229743,0.662303288011236,1
105,11,-0.836888841972701,-0.302239443476924,1.41608422833314,-2.62278198222888,-1.63170353033696,0.734207731503974,1
105,12,-0.85219620395913,-0.191794987535264,1.48370127015844,-3.13400441071305,-1.66035477285307,0.690904907156976,1
105,13,-0.848274954370541,-0.263724676264502,1.31595138044572,-2.57036536915346,-1.71489661718886,0.72915113994913,0
105,14,-0.9456773810009,-0.194098517917378,1.50620557401944,-3.22290770823717,-1.53112911329434,0.602270769099123,0
105,15,-0.884480786040191,-0.243906185649948,1.47256071242713,-2.94725627774227,-1.66294529327621,0.677492533854338,1
105,16,-0.839926237362683,-0.290534518897296,1.22040656454887,-2.15793359398309,-1.74106631584528,0.734332142836018,0
105,17,-0.835707626831257,-0.273596080794929,1.04763856660336,-1.75985671686694,-1.72197186657392,0.688754436100024,1
105,18,-0.81144277871394,-0.341464501087976,1.46946814843057,-2.55756974965006,-1.70200648016031,0.767549268338771,0
105,19,-0.743611710871679,-0.213619022508434,1.55793216552916,-3.04956426143244,-1.86784507251622,0.8233994822437,0
105,20,-0.660838024980001,0.038775567025219,1.38382929423023,-3.34370092464947,-2.19465498074245,0.846216065557017,1
105,21,-0.80472048479235,-0.089877327004113,1.69306892407364,-3.65202603653757,-1.58701390215753,0.703423736652535,0
105,22,-0.679412752717858,0.114023695916548,1.09460606435752,-0.38463019612371,2.30871671171891,-2.5331131047777,0
105,23,-0.705506722344828,-0.054007805152865,1.16191809281686,0.102031197948706,2.07801658920584,-2.34561137847719,0
105,24,-0.797862813603181,-0.171601540124691,1.11307272073436,0.564156501362344,1.76124430443856,-2.36668209276292,0
105,25,-0.838964591187348,-0.193945546459399,1.15585798291755,0.455102703539064,1.7079023073727,-2.42365458952743,1
105,26,-0.850693988834499,-0.094469718738111,0.822030131845201,0.97925468742352,1.72075460139278,-2.4114878104878,1
105,27,-0.854912229320088,-0.248273842708041,0.985852400667041,-1.66784976122288,-1.79952048582602,0.683574818773431,0
105,28,-0.866891459016604,-0.287172248116552,1.21899804313106,-2.16391707649919,-1.79227760297403,0.718774508155212,1
105,29,-0.897242899022392,-0.332554234704561,1.343011383169,-2.32846762748037,-1.7776543264797,0.687759259326196,0
105,30,-0.900956190487714,-0.348189685093898,1.51890346935579,-2.67568214809275,-1.70758714408967,0.676739143884274,0
105,31,-0.886617131907635,-0.336655019909932,1.60363072457261,-2.86087572620819,-1.6947200363575,0.686636210434574,0
105,32,-0.863805333275677,-0.321958335604415,1.65273886191934,-2.9662634777052,-1.70481337105084,0.706738558405226,0
105,33,-0.833276536939133,-0.320099414798674,1.67328677426049,-2.96893938850107,-1.73182071073065,0.740204419177605,1
105,34,-0.729393455751438,-0.009455025140002,1.54410178363243,-3.50811369083067,-2.08847664229273,0.758507182719994,1
105,35,2.83557082536093,-3.29368428573149,-1.04067339924258,-3.18813785062861,-0.640220124073589,-2.01483093838804,1
105,36,2.79937595386348,-3.10654033138033,-1.24499825657177,-3.35465217773044,-0.947188791801347,-1.93333625235721,0
105,37,2.72552594245656,-2.98743973526029,-1.27900619673608,-3.50912634757227,-1.18085985913596,-1.98515738458731,0
105,38,2.62078085283634,-2.91936621968505,-1.21251143560016,-3.7352744016274,-1.43336653969893,-2.08619163355861,0
105,39,2.580473400958,-2.91895749392602,-1.17695368017668,-3.75376606146225,-1.46710523362225,-2.12982601924885,0
105,40,2.55275374279888,-2.92545325932936,-1.1500908926781,-3.74053605567961,-1.46744738279523,-2.16023206125072,0
105,41,2.52544793573965,-2.93926668783926,-1.09818392465508,-3.7712880814828,-1.47093215641796,-2.18811701436959,0
105,42,2.50277054318365,-2.99561667137983,-0.929985380858917,-3.98773411007965,-1.46665896722411,-2.20386337070782,1
105,43,-0.996863177956221,-0.33858151849238,1.628916648287,-2.94877505281588,-1.64529291808962,0.571521903035819,0
105,44,-0.987023993610594,-0.351420332265191,1.6736470099475,-2.97126249736394,-1.62342902083526,0.58174644086506,0
105,45,-0.96580663225543,-0.358237239177715,1.70800017267336,-2.9846859663957,-1.63223363524129,0.603650871895434,0
105,46,-0.942111145810456,-0.376325658793335,1.72837887463881,-2.93857503467375,-1.64401155990047,0.629500576434517,0
105,47,-0.905076732315982,-0.364445076429251,1.7560640068777,-2.98139365028404,-1.69015871838887,0.668243552080586,0
105,48,-0.810542043312922,-0.154745666364933,1.72925826456104,-3.41578733860612,-1.93824251425514,0.729725005786187,0
105,49,-0.766662578322462,-0.012321846487268,1.64777174382003,-3.60768566634211,-2.06128413631366,0.727521329998762,1
105,50,-0.720186638421149,0.24942374462634,1.46618324405855,-3.8874821877141,-2.20163533641582,0.669482213241306,0
105,51,-0.82972115306162,-0.118938075233717,1.82235136124284,-3.50896187470597,-1.78973932112975,0.716388429196264,0
105,52,-0.787914342588018,0.170527278320456,1.26573813377579,-0.91759356064042,2.30963256164775,-2.78426777602739,1
105,53,-0.783681972583212,0.063993974239561,1.34384580521798,-0.687118537570797,2.26591219643554,-2.65469756935261,0
105,54,-0.812443896336272,-0.143867123030961,1.42858939764848,-0.110414051188991,2.02539526139871,-2.45174780193009,1
105,55,-0.910827403611014,-0.268595921544417,1.35141518936354,0.437436510686092,1.72971210719692,-2.47902331560585,1
105,56,-0.956721865649407,-0.271036004874589,1.29049415541228,0.545409885021785,1.6601767663892,-2.52582471775024,0
105,57,-0.986158899676946,-0.267069541394032,1.26945160266407,0.527225541650709,1.63324423646663,-2.55720779986366,0
105,58,-1.01091466981986,-0.258221431359704,1.23694763376462,0.525203008338978,1.61517585576991,-2.58310103918627,0
105,59,-1.01669218238613,-0.238693300731215,1.19818720782275,0.506131593742293,1.64907611778216,-2.59125764475152,0
105,60,-1.0484386482145,-0.327018884404646,1.69768874350824,-3.07519250022133,-1.66927546576788,0.517345676341959,1
105,61,-1.05072295337751,-0.368832717842416,1.73547398304564,-3.005570507584,-1.61420215045762,0.518756301668725,0
105,62,-1.03746359552681,-0.404178680271794,1.7556814475935,-2.91712129948865,-1.60340938360257,0.533597909500788,0
105,63,-1.0126059236183,-0.409934021245034,1.79028481156919,-2.93427265904847,-1.62190063895431,0.55894480375235,0
105,64,-0.984161480927678,-0.411625333229665,1.82385520884539,-2.95895494865507,-1.64601062301696,0.58836407339068,0
105,65,-0.891884479897153,-0.234493712051545,1.84048282831085,-3.38177039074893,-1.85520264236827,0.665726710528755,0
105,66,-0.831059712271602,-0.014257783927418,1.72798487390599,-3.71997026003982,-2.03739670629073,0.659940720502123,0
105,67,2.7875131468689,-3.25195630105021,-1.29566995925203,-2.85879832723278,-0.624882680788372,-2.1324202536843,1
105,68,2.79394672082034,-3.32992874908437,-1.2320867005659,-2.72166798981122,-0.552019128861098,-2.22815795239001,1
105,69,2.65605745682512,-2.90398180000883,-1.51601548776472,-3.38909833871723,-1.48957892954891,-2.05820621112808,1
105,70,2.85581664703923,-3.20548317879197,-1.39747122312173,-3.00363327569429,-0.842621377261424,-1.94636179611101,1
105,71,2.84546498989443,-3.22846322752028,-1.43131017206165,-2.88731669869695,-0.794596917624637,-1.99398380681868,0
105,72,2.7104203455324,-2.96975450925836,-1.57211301135793,-3.1754592530375,-1.27514557344383,-2.02173171329477,0
105,73,2.75975197333265,-3.35472475355492,-1.25526007528788,-2.47814404915845,-0.491520081194749,-2.40861484251225,1
105,74,2.76857856557362,-3.23408525195784,-1.35952594925416,-2.78957161928508,-0.633459883712444,-2.16120760442471,0
105,75,2.72459609689458,-3.02678323292178,-1.49175423147805,-3.13396720903724,-0.970449759474925,-2.02516764061603,0
105,76,2.54443116000476,-2.82784451053022,-1.43624572642836,-3.64055484336498,-1.48185242409952,-2.16362541191222,1
105,77,2.49401835679321,-2.833514169348,-1.36733608423656,-3.72728441135472,-1.53113742763766,-2.21744455547116,0
105,78,2.46041962202279,-2.84607170727043,-1.31801445892171,-3.75463955526239,-1.54375247102397,-2.25177228992768,0
105,79,2.43186309516237,-2.8517908440141,-1.30341894527634,-3.70717736183389,-1.54775593887758,-2.2802859843116,0
105,80,2.43588813553486,-2.87282019463971,-1.30863185038451,-3.59303752834449,-1.46311267278857,-2.28013724940174,0
105,81,-1.09078709688803,-0.34414109437078,1.79312799680107,-3.13408348335586,-1.67697399232956,0.477050078290853,1
105,82,-1.10710374930051,-0.445977876424455,1.79329396884142,-2.84218003399697,-1.5898058752461,0.462901404211183,0
105,83,-1.08128301811725,-0.444128332597125,1.84143599844816,-2.90719529018733,-1.61324521781921,0.489684499440028,0
105,84,-1.05749265674465,-0.447428508758369,1.88223351338551,-2.94389617127605,-1.62823190302796,0.51404642464429,0
105,85,-1.02160769133594,-0.420996789787204,1.93027144412819,-3.0619829479369,-1.66857644926073,0.551728145860992,0
105,86,-0.907594779759664,-0.030894987359344,1.82284419578307,-3.80912507654792,-1.98144921574768,0.590436406205248,1
105,87,2.74915859883366,-3.22212207741805,-1.41733937878214,-2.71529108003853,-0.639821203520854,-2.19411124290226,1
105,88,2.74251540779507,-3.33849650599088,-1.31907956889568,-2.42277784273832,-0.509009353900467,-2.42160590615155,0
105,89,2.73576435370406,-3.0363671089813,-1.59210425751065,-3.02300897645736,-1.11485347257926,-2.02174937368679,1
105,90,2.82204635054024,-3.33744567366375,-1.36066732170333,-2.63374289513744,-0.589371784124184,-2.17512369892746,1
105,91,2.83033811762273,-3.2231229109013,-1.48279718981455,-2.82908079338793,-0.803123501436914,-2.01272129901685,0
105,92,2.81318232487826,-3.21574183929437,-1.53535871467378,-2.77468451945635,-0.818941037930287,-2.03083484236669,0
105,93,2.69867325686915,-2.996670550502,-1.65462461294683,-3.02267151837352,-1.1971177907162,-2.04655729602376,0
105,94,2.72564795741821,-3.34147866107338,-1.36292592186988,-2.34775249117852,-0.518393998756865,-2.45189862668137,1
105,95,2.73803786062562,-3.19382857006648,-1.4922278091606,-2.71172802311822,-0.695830167785349,-2.16903811299585,0
105,96,2.68901359693418,-3.00245170985078,-1.60287114356491,-3.02145531627068,-0.98843544331492,-2.06899397619296,0
105,97,2.57170546998792,-2.84160801693872,-1.60057294826053,-3.33624761139966,-1.30535995942322,-2.14021691882519,0
105,98,2.44800997721274,-2.79773050764772,-1.46138365656299,-3.67984527149723,-1.5388065918263,-2.26429842517515,0
105,99,2.41052077741444,-2.81264703781176,-1.39600622214407,-3.74179139117015,-1.5587621551425,-2.30350308172005,0
105,100,2.37884421295978,-2.82674336516939,-1.34814508081224,-3.75940438511379,-1.57015032560545,-2.33512245050402,0
105,101,2.40164842801418,-2.85245714993304,-1.37547139910777,-3.58711848867488,-1.443105161241,-2.30975520976037,0
105,102,2.41274133295882,-2.88430891788274,-1.36628599805069,-3.48044180017356,-1.33207722893386,-2.30545527527007,0
105,103,-1.13926945015482,-0.313730204436104,1.84702966032091,-3.27610458198238,-1.72359273164544,0.425778091505547,1
105,104,-1.16101430107225,-0.441319917662889,1.86164529473808,-2.94897359062008,-1.62382661956133,0.410321232293661,0
105,105,-1.15031842168093,-0.468219739248611,1.89370160245052,-2.911957790146,-1.61394276627956,0.420101194816957,0
105,106,-1.1264192614624,-0.464096035734718,1.94313502403888,-2.98256350889899,-1.63222351150653,0.444991954008697,0
105,107,-1.09514992768365,-0.429217460093816,1.99980787954247,-3.13493289229107,-1.66390679102942,0.477513728995502,0
105,108,-0.991595360557359,-0.053811988386679,1.91543251856467,-3.86824337776934,-1.9221102938208,0.520645912780773,1
105,109,2.70314806677476,-3.2021617907591,-1.52935030026176,-2.55125067754827,-0.661127633302472,-2.27500932606968,1
105,110,2.70145243772609,-3.31427220540963,-1.43490053036099,-2.29634536336577,-0.543631485304825,-2.46646403922025,0
105,111,2.74483469585327,-3.22943412151056,-1.52791531285791,-2.65354029584071,-0.742849487431729,-2.15638843597612,0
105,112,2.73801113185374,-3.06792118063666,-1.68563422089539,-2.85974956310664,-1.0693621613592,-2.03727864500049,0
105,113,2.79071571506577,-3.19243729730538,-1.60131172288941,-2.73905691893839,-0.866915993644994,-2.04192604942584,0
105,114,2.77074667356246,-3.1939417874159,-1.64342829703961,-2.6794973651447,-0.873371090987456,-2.06664703648247,0
105,115,2.67976625239483,-3.03656447318619,-1.72581402142896,-2.84973458470336,-1.12015330663079,-2.0880581643649,0
105,116,2.67805298084266,-3.34209419233935,-1.46078205202929,-2.15862940332061,-0.55456171887763,-2.54561750554222,1
105,117,2.69991704848185,-3.17860513749017,-1.59363296061871,-2.60543478196901,-0.727531894400982,-2.20731308721986,0
105,118,2.63105312138348,-2.95037559104694,-1.72087192527046,-2.95313598328323,-1.07369854827828,-2.12365348697256,0
105,119,2.56917930767571,-2.87663091375617,-1.71028246660805,-3.08808531306198,-1.18052299984862,-2.16425664803576,0
105,120,2.40149499179954,-2.76679446986796,-1.55467851853323,-3.61430611170827,-1.5346633866397,-2.31062588753229,1
105,121,2.35967220728445,-2.78080783469465,-1.47988477674159,-3.70027375627688,-1.56251418225607,-2.35512412548918,0
105,122,2.33078029660055,-2.7989128848784,-1.41981784808729,-3.74265954022282,-1.56671582262424,-2.38428402935025,0
105,123,2.37955164170589,-2.83936500851681,-1.51025268968496,-3.37751490149752,-1.37136423126989,-2.34009709209904,0
105,124,2.36210554756978,-2.85197938141336,-1.45826277065102,-3.41254120225189,-1.34783521520658,-2.35685668819937,0
105,125,-1.2119529657783,-0.295689372443926,1.90416710147995,-3.39985915861956,-1.71256946373146,0.350355960184244,0
105,126,-1.23374286650574,-0.461789116421213,1.91239515615489,-2.96560962359877,-1.61994228473856,0.337239292962084,0
105,127,-1.22225084878675,-0.485679269360878,1.94635377724028,-2.93846338226879,-1.61710366240751,0.34798798947788,0
105,128,-1.20807287843117,-0.48791074779117,1.99733719633971,-2.99611428446338,-1.61770758516878,0.362407004847581,0
105,129,-1.1824647581147,-0.457582432547255,2.05676892397176,-3.13971407903197,-1.64027635186415,0.389317256923045,1
105,130,-1.08823945147887,-0.048127845024744,1.98621206174569,-3.96659107982242,-1.85937034447844,0.430054348171645,1
105,131,2.65103904288554,-3.18497001945192,-1.63261874108645,-2.41024977821881,-0.698113131785433,-2.34492785577404,0
105,132,2.6521253698856,-3.29439336948881,-1.54689368703493,-2.16898402426634,-0.597790512754739,-2.51465303567194,0
105,133,2.67116834401862,-3.32402921286078,-1.52456648469631,-2.21310546606719,-0.610399022551512,-2.46522991672869,1
105,134,2.57991716393953,-2.92360650476579,-1.79445921802053,-2.99663009042497,-1.36105421585051,-2.14766243230262,0
105,135,2.74864549888771,-3.19673872875988,-1.68356168133811,-2.61927583474051,-0.880862028418136,-2.09369013296166,0
105,136,2.72642762021629,-3.21217910183517,-1.71263681635775,-2.54124600663611,-0.870269163635323,-2.13115100307917,0
105,137,2.61300616307579,-3.01457894558996,-1.81024431596826,-2.78562344691691,-1.17712808966524,-2.14791720003516,1
105,138,2.62390330085042,-3.34786244638022,-1.54238100742147,-2.00922529951998,-0.600126706827572,-2.61535887945689,0
105,139,2.63986886357567,-3.23460598273399,-1.63989004786834,-2.2862144697576,-0.676094724601578,-2.40137549220293,0
105,140,2.594877869962,-2.97198159637216,-1.79616974245196,-2.79742635334391,-1.03467015256634,-2.17982482490999,0
105,141,2.53601086970956,-2.89973990531379,-1.79704722706493,-2.89965035062735,-1.12645100252671,-2.22046441841081,1
105,142,2.34796734900166,-2.73932734492225,-1.64327389855036,-3.5403694803181,-1.53284520974983,-2.36396667088582,0
105,143,2.30370768992192,-2.75112262468002,-1.5637342402135,-3.64137812092474,-1.56480702275818,-2.41100461115818,0
105,144,2.27319522351364,-2.76881699375866,-1.49828256852058,-3.69713008674342,-1.57312098348588,-2.44230275887072,0
105,145,2.26107727494603,-2.78631863930397,-1.47105982538155,-3.66052594640587,-1.54475044176591,-2.45148498116856,0
105,146,2.29463780906129,-2.81620761279255,-1.52724055468793,-3.39635708529874,-1.39677738938504,-2.42213437798079,1
105,147,-1.29753957109583,-0.343024671171371,1.9551906920543,-3.35000464415699,-1.67401574220791,0.269756813343163,0
105,148,-1.30933439126542,-0.473049962633818,1.9586023913483,-2.99970590979783,-1.61903461078513,0.261510897963508,0
105,149,-1.3010711621413,-0.501598240864655,1.99141108599022,-2.95933402842957,-1.61471403036853,0.268966950408712,0
105,150,-1.28677123892512,-0.500083467367215,2.04448061732066,-3.02688392651316,-1.62120680249885,0.283662416896598,0
105,151,-1.26607647346778,-0.469797773613915,2.10563437924118,-3.16961451023942,-1.63826027858091,0.305397624689168,1
105,152,-1.19082304648574,-0.055449512491106,2.05519771665354,-4.02250619509305,-1.80051817587108,0.340699409562946,1
105,153,2.58959855727563,-3.09689661793836,-1.78343260199937,-2.45319887959057,-0.856914056830527,-2.31010091824412,0
105,154,2.58363414166055,-3.2989866872174,-1.62823135036965,-1.98021572006504,-0.644869643917773,-2.62282065202446,0
105,155,2.59438695297451,-3.35299616845901,-1.5770356268008,-1.94533463224649,-0.624333500831206,-2.64471761808708,1
105,156,2.56908119676083,-2.99543071058336,-1.85120072367596,-2.77265673536549,-1.22391923906505,-2.18448098663257,0
105,157,2.69915891034105,-3.2173232690358,-1.74890830938952,-2.47886333134822,-0.88084914852604,-2.1638809479178,0
105,158,2.67211075468307,-3.24171217681735,-1.76783122756208,-2.38689233812238,-0.863150947475715,-2.21416403272704,0
105,159,2.53413793229128,-2.99692810244505,-1.8833182090756,-2.72756009839416,-1.23307158427597,-2.22030279426521,1
105,160,2.56137972406304,-3.35722302070916,-1.61106550944839,-1.88339375693305,-0.652208656476541,-2.67452369752205,0
105,161,2.55234599939371,-3.29506599392073,-1.67275815806844,-1.93927260986621,-0.683558409579316,-2.6344529435033,0
105,162,2.55718744724326,-3.0989798635062,-1.81920777758732,-2.39004272695237,-0.872240855737147,-2.34771668115212,0
105,163,2.46607466252322,-2.8817970290374,-1.8797106103897,-2.80678430772535,-1.168848377587,-2.2944162732509,1
105,164,2.29077848749677,-2.71909551221395,-1.71732526678934,-3.47859612194526,-1.5239323588119,-2.42074764801946,0
105,165,2.24592765168093,-2.72849580623834,-1.63481091320765,-3.59040031089077,-1.55676483238211,-2.46829957692391,0
105,166,2.21431593365448,-2.74489307491213,-1.56665687400855,-3.65380803950208,-1.56851310195836,-2.50096412382307,0
105,167,2.19973861068511,-2.76306162088549,-1.53156743499095,-3.63338202924956,-1.54862016006766,-2.51329687719995,0
105,168,2.24570681327169,-2.80663237495367,-1.61777434377863,-3.25710312679643,-1.37286004570036,-2.47758069913303,1
105,169,-1.37806817365966,-0.340076453431656,1.99733213665736,-3.41094862563772,-1.66017741673148,0.189674539184647,0
105,170,-1.38303605877228,-0.458653972476342,2.01255649694871,-3.11102569152224,-1.62900334182899,0.188042149326071,0
105,171,-1.38425833801633,-0.514762164389304,2.03250277704923,-2.98241896282835,-1.61013675182601,0.185791805209469,0
105,172,-1.37524236074742,-0.513382249685401,2.08743814079626,-3.051031967395,-1.61201173749419,0.195019416395474,0
105,173,-1.35990942700911,-0.478784926241705,2.15231001330954,-3.20594759646487,-1.62460270025846,0.211115112866242,1
105,174,-1.30720247887862,-0.02875027539846,2.09855707696416,-4.12299274777127,-1.73363122287293,0.233099069537221,0
105,175,-1.28320377363212,0.239442979512401,1.85358467092434,-4.4765143823396,-1.80685305560256,0.196332075184187,1
105,176,-1.29078139186013,0.119143811759644,1.78270877618062,-1.45421010505087,1.83020318785743,-3.02167637411882,1
105,177,-1.28966410150867,0.209605212589745,1.69087370804909,-1.55230216039841,1.8436465561752,-3.04678101672959,1
105,178,-1.27940395993101,-0.034064081477635,1.90685414706736,-0.961909568758477,1.75445870598059,-2.91253133234939,0
105,179,-1.25713731285322,0.14230192653254,1.81712821988507,-1.32116281176042,1.82209404073259,-2.95670403528603,0
105,180,-1.25759542450761,0.078438783582062,1.8710296466067,-1.17557864775096,1.79301139822008,-2.92454165231215,1
105,181,-1.33145297561903,0.094666577650569,1.89355005557517,-1.23375693679024,1.74099820238878,-2.97849729152947,1
105,182,-1.36785725290069,-0.16572495313178,1.96657034858068,-0.621331489266104,1.64902642735225,-2.95409752395871,1
105,183,2.48497698982628,-3.36486245111651,-1.67927165246316,-1.77272697060708,-0.730808429722077,-2.72688544219047,0
105,184,2.47675452692947,-3.30097123617863,-1.73987703493099,-1.83467806572191,-0.756105649276408,-2.68678255178093,1
105,185,2.47899611135907,-3.15615749086763,-1.85268603791323,-2.13506648390856,-0.859106773776356,-2.50071055154718,1
105,186,2.39071556914285,-2.89420001204668,-1.95289820011813,-2.64444779190487,-1.18491444729301,-2.38878598003002,1
105,187,2.22930743934797,-2.70522854254745,-1.80015275083957,-3.36603327641831,-1.50901487605844,-2.48183365301528,0
105,188,2.17525628971304,-2.7078345325479,-1.6971706231301,-3.53963591172387,-1.56111570916389,-2.53875406084146,0
105,189,2.14550279029864,-2.72384818710305,-1.62622267458943,-3.6104646034383,-1.57167765646554,-2.56950935662047,0
105,190,2.12190974789802,-2.74272584679311,-1.56105770607366,-3.66074819328844,-1.57415348249197,-2.5933115751795,0
105,191,2.16913161559158,-2.78165834117345,-1.66150879962405,-3.25757794341352,-1.41155739271611,-2.55059243691084,1
105,192,-1.51491180411129,0.182535165729339,0.00554088082662,-1.75426038620669,-1.6280221215166,0.05597228527149,0
105,193,-1.51363556999311,-0.007070198102164,0.433587550287349,-1.99505705172759,-1.62815213026976,0.057251074679606,0
105,194,-1.51228773313612,-0.083297103001198,0.614525887752532,-2.10252346594363,-1.628337064518,0.058601369904541,0
105,195,-1.51089383033475,-0.140031368192271,0.752998952967823,-2.1860780034029,-1.6284580861864,0.059997476529694,0
105,196,-1.50941812713606,-0.186617518437187,0.870893549989546,-2.25982808568911,-1.62863909649029,0.061475219672488,0
105,197,-1.50785878561711,-0.226396558502053,0.975479795434982,-2.32747215673914,-1.62886498883305,0.063036124940235,0
105,198,-1.50622605736579,-0.261214821948529,1.0701239421282,-2.38975384619851,-1.62907583934436,0.06467025133004,0
105,199,-1.50449896765529,-0.292013485106897,1.1576014943966,-2.44909113612675,-1.62932651597473,0.066398310012955,0
105,200,2.43140029674964,-3.35902728541505,-1.71939721687898,-1.70944814935242,-0.78604012949232,-2.76619439428701,0
105,201,2.4826527710382,-3.25989822193365,-1.84024823377236,-2.06329860909811,-0.917333550821686,-2.48591194533979,1
105,202,-1.41202160604753,0.139506367177604,1.8853556146995,-1.36412712260242,1.69100279654873,-3.04438366595402,0
105,203,2.39430072650071,-3.0854427286304,-1.9784646938303,-2.38076998959011,-1.19345750041812,-2.40281692631975,1
105,204,2.38611797576515,-3.37543997997575,-1.73639163450068,-1.6668998722089,-0.836881463405225,-2.78810029339104,0
105,205,2.36409866480111,-3.33920309778212,-1.76621105130743,-1.64371475609157,-0.851434188197471,-2.81563069796015,0
105,206,-1.53434681014171,-0.280323384280563,1.12139723544663,-2.42778669291505,-1.61693781063549,0.036475522169106,0
105,207,-1.53207154665659,-0.247039754003592,1.02434059544334,-2.35538856630296,-1.62857944072715,0.038783920296696,0
105,208,-1.53302811698951,-0.209629002319796,0.925630009020876,-2.2926288574423,-1.6284961593776,0.037826138393499,0
105,209,-1.53396914500018,-0.166400365792972,0.812909277159624,-2.21872707530043,-1.62829940255165,0.036884059256836,0
105,210,-1.53483235278314,-0.115020867938287,0.686213719828751,-2.14213614756716,-1.62823959219967,0.036019455608191,0
105,211,-1.5356562598441,-0.05031413087408,0.531254544717708,-2.05060646665683,-1.62818198152295,0.035194142624919,0
105,212,-1.53646253710777,0.048984340336212,0.299123086267945,-1.91323285612824,-1.62804812001135,0.034386030366081,0
105,213,-1.5632793189456,0.079948301449648,0.228376578576096,-1.87748141558622,-1.60874902087923,0.007518565208315,0
105,214,-1.56310533283772,-0.034687015872311,0.492410792408016,-2.02960030081235,-1.60877182170224,0.007692760057958,0
105,215,-1.56290733217477,-0.104245864235336,0.659352059558174,-2.13024999539198,-1.60885823170804,0.00789085078031,0
105,216,-1.56271208542832,-0.157823600908405,0.79095578419345,-2.20985028799643,-1.60889808996004,0.008086191402179,0
105,217,-1.56248306164139,-0.202560379629662,0.905692336229645,-2.28306459631107,-1.60903026977192,0.008315234656291,0
105,218,-1.5622409989039,-0.241004351357589,1.00765296317842,-2.3493641217721,-1.60916900909662,0.008557268792155,0
105,219,-1.56197814353202,-0.274825522588684,1.10067192681679,-2.41123350973213,-1.60933876691238,0.008820077464393,0
105,220,-1.56167852508619,-0.30473960165325,1.18727036195,-2.4712307139913,-1.60958996282932,0.009119478595958,0
105,221,2.31796060152343,-3.3698355040863,-1.76481392782736,-1.60215069518595,-0.899112434556469,-2.83914141585248,0
105,222,2.37362398243241,-3.2960473645017,-1.85864103967898,-1.89716565058443,-0.955536494870892,-2.61783483461927,0
105,223,2.36992083383002,-3.09481451062842,-2.01003286367416,-2.36231503484038,-1.2119595948785,-2.41566336915935,0
105,224,-1.66812942416095,-0.124727542691199,2.04233651758533,-0.769049200296102,1.51110628274802,3.05275982279485,1
105,225,2.27253939017434,-3.3755336516357,-1.78886169592411,-1.61025982956726,-0.957422264883633,-2.8318997537933,0
105,226,2.24634477326163,-3.35342909685496,-1.79867430276757,-1.5577637043346,-0.966639533779096,-2.879738687862,0
105,227,-1.58752113599745,-0.294092778413604,1.15145406142645,-2.44419683016882,-1.60897757285305,-0.016738697230328,0
105,228,-1.5871333185403,-0.262404907962301,1.06223279799061,-2.38394083494747,-1.60887174835049,-0.016351254336259,0
105,229,-1.58675572962379,-0.226558518029181,0.964956818997326,-2.31927962317946,-1.60879785785178,-0.015973952416876,0
105,230,-1.58638983590615,-0.185487650409947,0.857914053300228,-2.25058516101165,-1.60874782305606,-0.015608168454157,0
105,231,-1.586028354263,-0.137071350479402,0.736106320497662,-2.17438692318009,-1.60874672149932,-0.015246681491615,0
105,232,-1.58568492100121,-0.077564074445391,0.591387625520638,-2.08681277339495,-1.60873890431312,-0.014903064802331,0
105,233,-1.58534954241493,0.004484569936584,0.398229762194793,-1.97315934986052,-1.6087604835883,-0.014567545185911,0
105,234,-1.6070672789427,0.058381270268148,0.271221277147961,-1.89731138111414,-1.60895696480789,-0.03630086159451,0
105,235,-1.60794369258571,-0.047691608941355,0.517986079670736,-2.04274081146125,-1.60870590150337,-0.03717788119578,0
105,236,-1.60880432644175,-0.11443309034162,0.677450997327905,-2.13700361284133,-1.60867588067089,-0.038039013163878,0
105,237,-1.60970621299933,-0.166998619253709,0.806816276965829,-2.21534422108672,-1.60864304721576,-0.038941358587685,0
105,238,-1.61066795431238,-0.211186343883004,0.921473040671931,-2.29036984785681,-1.60854774917744,-0.039902625577336,0
105,239,-1.61165489012984,-0.249234165319228,1.02177160651136,-2.35442055091383,-1.60853499478104,-0.04088955774947,0
105,240,-1.61269013849661,-0.282643076576322,1.11560396670059,-2.41939658012557,-1.60852685812221,-0.041923257131062,0
105,241,-1.61377089541589,-0.312529033176601,1.20066911067842,-2.47617362091923,-1.60854853869698,-0.043003666399344,0
105,242,2.0885412490519,-3.38376313969293,-1.79679754258185,-1.47143428766304,-1.23573165245514,-2.9601349085451,0
105,243,2.15222113345313,-3.19730155453005,-1.98828788332451,-1.94365599893456,-1.29040722004344,-2.71463710376819,1
105,244,2.16114576157641,-2.97113072349152,-2.0497060848201,-2.57808731600217,-1.42218969470397,-2.57255768584466,1
105,245,-1.77118824280108,0.161651941027303,1.96378917952735,-1.3967585287489,1.41465437858391,3.00865843679026,0
105,246,2.25326366494127,-3.31469556557204,-1.94741966666575,-1.86211374891496,-1.08071222348039,-2.65219353998884,1
105,247,2.06781105998248,-2.95896454598398,-2.04442229618004,-2.582098739262,-1.46474383558434,-2.66364295006256,1
105,248,2.03361449483171,-3.38264704518297,-1.8124738247684,-1.52346149310468,-1.29531287499104,-2.95010573506513,0
105,249,-1.64734043814558,-0.305570343269916,1.18164997475858,-2.46615747545524,-1.57948970905338,-0.076537344650379,0
105,250,-1.64545306084885,-0.27510760780377,1.09303727187596,-2.40361170731162,-1.57936744826978,-0.07465556372238,0
105,251,-1.64361703711174,-0.240465687207616,0.99907062241651,-2.34236341681626,-1.57939472361552,-0.072821475128537,0
105,252,-1.64186288532795,-0.20107511389318,0.893520205739293,-2.27142963879785,-1.57944657444415,-0.071070888208869,0
105,253,-1.6401841472635,-0.155092651792579,0.777729735666237,-2.20006993688322,-1.57952200029471,-0.069392852088488,0
105,254,-1.6385835959109,-0.099767922274866,0.642468252485457,-2.11858193745751,-1.57959183977229,-0.067792887802016,0
105,255,-1.63702121373334,-0.026019139557932,0.465362869578625,-2.01034001544347,-1.57979734996201,-0.066231290692993,0
105,256,-1.63553624088702,0.106529553640185,0.163104536538115,-1.83888014644535,-1.57996459227612,-0.064746260579122,0
105,257,-1.65760524710943,0.065250937381788,0.254718582873714,-1.88861015030653,-1.5800923587834,-0.086816074599214,0
105,258,-1.65963256010822,-0.044090393604669,0.507129538161932,-2.03455674747686,-1.57975566607622,-0.088843510082856,0
105,259,-1.66171212030865,-0.112486585650099,0.671172567565461,-2.13302884035043,-1.57957990109856,-0.090922609662266,0
105,260,-1.66389029512321,-0.165792996814385,0.803089595975907,-2.2143374059844,-1.57940049885393,-0.09309969040366,0
105,261,-1.66617175042043,-0.210340829707542,0.916941222057396,-2.28632899782969,-1.57922668808527,-0.095379316261175,0
105,262,-1.66855448324773,-0.248691830189103,1.01916852413393,-2.35347635194884,-1.57909318146868,-0.097758892466115,0
105,263,-1.67105271173247,-0.282453150539177,1.11264230841883,-2.41645773688837,-1.57897697110835,-0.100252688914624,0
105,264,-1.67364975987967,-0.312411400122483,1.19902878678539,-2.47571585382394,-1.57896785139405,-0.102844873203877,0
105,265,-2.0610453951694,0.111976253651835,1.91103508689347,-1.17622882912805,1.02624046260763,2.77329709744726,1
105,266,-1.82530716666835,-0.277917907115478,1.98994839006603,-0.189707761128908,1.549181735211,2.88738131759763,1
105,267,-1.96290915274056,0.174175148532215,1.96949527265696,-1.38517151353768,1.27325365690539,2.87561982084732,1
105,268,1.74382872606127,-2.84369462840215,-1.17544960238192,-3.78709818506174,-1.57246360937454,-2.96875451821309,0
105,269,1.73801230608219,-2.87433442220862,-1.08707938293203,-3.84761513741711,-1.57403298544827,-2.9745407777974,0
105,270,1.73234543919813,-2.90974444980228,-0.988022552088134,-3.9177047231965,-1.57621440090985,-2.98015936689418,0
105,271,1.73075228249338,-2.95029158643609,-0.880930393912722,-3.99004232533551,-1.56665548172779,-2.98172831183152,0
105,272,1.72958196986317,-2.99954936626887,-0.754612035781087,-4.07710778709969,-1.55603101653328,-2.98284233300563,0
105,273,1.72505427877972,-3.05715325933471,-0.613693944278483,-4.16214994817295,-1.55670034763986,-2.98736349582162,0
105,274,1.72064634077293,-3.13598866983507,-0.426652092092625,-4.27374446379215,-1.55778554762382,-2.99176164810111,0
105,275,1.71652664190666,-2.82956653308781,-1.19516735547008,-0.673024175353808,1.55865846767133,0.145725515561106,0
105,276,1.71270163774576,-2.85982326578525,-1.10896071313134,-0.73090010035323,1.55921846961923,0.141904070599492,0
105,277,1.70895805975317,-2.89380702129946,-1.01415950898473,-0.795980818278117,1.56017351510971,0.138166618166003,0
105,278,1.70553247311833,-2.93247214813188,-0.912379986421252,-0.86106413103557,1.56060474283884,0.134742719515692,0
105,279,1.70218586204788,-2.97758271870641,-0.795943605128182,-0.936794099009319,1.56135212702723,0.131398386167541,0
105,280,1.69911043019752,-3.03143272611624,-0.663699382674202,-1.0168873728506,1.56163247610811,0.128323065664345,0
105,281,1.69616973554471,-3.1007228863797,-0.498399177690343,-1.1148879937456,1.56192506407985,0.125381977102377,0
105,282,1.69332989206555,-3.21634504428268,-0.231136501934657,-1.27095251494735,1.56233244296938,0.122540087016769,0
105,283,-1.70793020047994,0.043196948602208,0.304370375886108,-1.91408714877766,-1.55394163533268,-0.137156912828854,1
105,284,-1.71110242664819,-0.055564125775907,0.533521646465402,-2.04695693081071,-1.55355757742368,-0.140330617578392,1
105,285,-1.71443672391462,-0.121376775110488,0.693028503082477,-2.14465174420885,-1.55310895164962,-0.143664982481001,0
105,286,-1.71787040548934,-0.173021020490193,0.82084146553797,-2.22266079985881,-1.55288193045993,-0.147098141490182,0
105,287,-1.72148646599814,-0.216549394952464,0.932803697655548,-2.29385832966407,-1.552590400185,-0.15071195856591,0
105,288,-1.72528740806444,-0.254133582351628,1.03391864656854,-2.36098207150616,-1.55227387439562,-0.154507842824142,0
105,289,-1.72925233571539,-0.287323896440846,1.12588935873953,-2.42237656031176,-1.55205971787318,-0.158467523526883,0
105,290,-1.73340819504315,-0.316688512737984,1.21196478972711,-2.48262245801031,-1.55189465055528,-0.162613733758096,0
105,291,-1.73778838056727,-0.343056812214731,1.29247769005125,-2.53970869293312,-1.55172122572642,-0.166983905708573,1
105,292,-1.7423702999589,-0.366497811893954,1.36882625420537,-2.59588581478804,-1.55167101701613,-0.171552000032874,0
105,293,-1.74722622768168,-0.387281730016063,1.4419328219686,-2.65217303795413,-1.55156609441417,-0.176387724340022,0
105,294,-1.75232535417014,-0.405812557498315,1.51126648306328,-2.70583825256263,-1.55158185465835,-0.181468754982373,0
105,295,-1.75771279843397,-0.421377085185073,1.57901382802808,-2.76331401062172,-1.55163333202498,-0.186819150189005,0
105,296,-1.76344133705903,-0.435339372181916,1.64301827639526,-2.81593102700686,-1.5516657864253,-0.192524219781136,0
105,297,-1.77057726831101,-0.44523199131375,1.70690574605623,-2.87704945196244,-1.54870807968522,-0.199604639283998,0
105,298,-1.80466626631077,-0.284173271360473,1.1422396533013,0.675121099124858,1.53027397317892,2.90778310470131,1
105,299,-1.79760223292012,-0.251890881801995,1.04988095042236,0.739871616621835,1.53031268891182,2.914797718803,0
105,300,-1.79095184686614,-0.215294437752271,0.949998496752354,0.807062539875527,1.5303430924155,2.92141259863051,0
105,301,-1.78463437349039,-0.173239120746318,0.840028134396311,0.87796970813833,1.53050926229604,2.92770756760544,0
105,302,-1.7786848143872,-0.122652386473471,0.712120133721856,0.959873568410386,1.53062165712648,2.93362822582104,0
105,303,-1.77302487748361,-0.060340592696488,0.560797781951871,1.05096945620538,1.53082377633239,2.93927881407635,0
105,304,-1.76764708643823,0.032150607664846,0.343535180978191,1.18059488176111,1.53108605157331,2.9446366023053,1
105,305,-1.76255509271004,-0.300699315367635,1.16806676753191,-2.45102316924085,-1.53129754230362,-0.19187417421667,1
105,306,-1.75766304966697,-0.269673578807079,1.07786430106122,-2.38700019281683,-1.5317120865086,-0.186992982922186,0
105,307,-1.75306031546868,-0.234306712838062,0.982748571403669,-2.32580683194603,-1.53192722330553,-0.182389881399814,0
105,308,-1.74807475704032,-0.193888203274676,0.874255433645674,-2.25232363965582,-1.53443479080353,-0.17739823904801,0
105,309,-1.74153561306825,-0.146391364382877,0.753995885936802,-2.17782859663914,-1.54387550062837,-0.1708054454569,0
105,310,-1.73617906697568,-0.0884861455375,0.612776189821197,-2.0931542938449,-1.5497978951286,-0.165428052770119,0
105,311,-1.73177377827584,-0.008534092876286,0.421796968817917,-1.97681831697138,-1.55280965726947,-0.161005796827169,0
105,312,-1.75812561503056,0.00084652910064,0.403355912344075,-1.96610342140886,-1.53424409453627,-0.187459226609059,0
105,313,-1.76250830615833,-0.080967778199846,0.596467494842732,-2.08044622380665,-1.53364571314231,-0.191849308400783,0
105,314,-1.76702795798671,-0.140231628606137,0.740535884091191,-2.16726910173653,-1.53330271149498,-0.196373657790478,0
105,315,-1.77183369784453,-0.188630610291671,0.863044238736429,-2.24485991625857,-1.53268320113603,-0.201183560439103,0
105,316,-1.7768255522416,-0.229618581733461,0.970140937284065,-2.31368611681929,-1.53223623465967,-0.206177179092194,0
105,317,-1.78207326556704,-0.265399772919826,1.0673932817916,-2.37818658050291,-1.53175884503606,-0.21142441510075,0
105,318,-1.78758459322051,-0.29694932930314,1.15718406553853,-2.43972690459238,-1.53129082034348,-0.216931726449388,0
105,319,-1.79332140243438,-0.325282903204455,1.2400320473661,-2.4960271594089,-1.53104086462452,-0.222666590555805,0
105,320,-1.7994477155814,-0.35015937377848,1.31980962907059,-2.5555646260272,-1.53050375879287,-0.228777339422249,1
105,321,-1.80581477382445,-0.372894782151433,1.39379208807121,-2.60846986238776,-1.53029197825844,-0.235138842223684,0
105,322,-1.81644709890015,-0.391393649661785,1.46732136563598,-2.66917231286872,-1.51767963242267,-0.245857792431772,0
105,323,-1.82595322341927,-0.409512527621901,1.53377162446498,-2.71584622111788,-1.51049127566074,-0.25547208819544,0
105,324,-1.83304181338511,-0.423191094872486,1.60166039796508,-2.77833475374723,-1.51216426657346,-0.262458982085644,0
105,325,-1.84167692990774,-0.43597889689177,1.66469086196441,-2.83097539767012,-1.51066394158995,-0.27108716271172,0
105,326,-2.23071622342957,-0.164334949394551,1.95946794589246,-0.562587518443018,1.0619870725603,2.50914359215098,1
105,327,-2.20872644217121,0.229221225367641,1.69544543098271,-1.56425697830484,0.808999663630241,2.92750274396549,0
105,328,-2.22343094066703,0.259268808286216,1.67238174156539,-1.52673942607137,0.8074055721753,2.8973024722733,1
105,329,-2.16560480472996,-0.128755960634545,1.98005525770066,-0.594392306684893,1.28535613905983,2.57763107880305,0
105,330,-2.3153824438145,0.116622639564643,1.81163148785248,-1.04001243266012,0.894627752025574,2.58261934692464,0
105,331,-2.26331988967357,0.249177049483955,1.64808179157989,-1.51305410749154,0.75838028693667,2.89705174157546,0
105,332,-2.27906485177133,0.182781787866961,1.70433946240992,-1.41120788805837,0.724964718070547,2.8339101509181,1
105,333,-1.88306954534062,-0.279249416245709,1.14490768758198,0.682334696777089,1.48781888502896,2.82856942838627,1
105,334,-1.87330251477366,-0.248710558105511,1.05748005456952,0.739118992009357,1.48880813171932,2.83837392657447,0
105,335,-1.86311843544638,-0.212891809681835,0.956912623837861,0.809435533628051,1.49287023854853,2.84858874277972,0
105,336,-1.85474525555722,-0.172281844713911,0.850200281302157,0.876864458301204,1.49300752427981,2.8569646656146,0
105,337,-1.84688128668575,-0.1240748421442,0.727628795038605,0.953594248670396,1.49300206005602,2.86481952730739,0
105,338,-1.83656251750595,-0.062317538442809,0.574064855567528,1.05071091040768,1.50260060866183,2.87527072423927,0
105,339,-1.82717479165383,0.022282583336506,0.373601579711311,1.16745577991045,1.51082256808343,2.88480343260986,0
105,340,-1.81949277646961,-0.302523348081889,1.1783124020876,-2.45229313780885,-1.51474779755304,-0.249051656617963,0
105,341,-1.81362320474759,-0.271943220307626,1.09062018642424,-2.3920956528544,-1.51353501313291,-0.243203846166774,0
105,342,-1.80753690365547,-0.237511338763057,0.994474762720152,-2.32585112831827,-1.51417469199977,-0.237115383863767,0
105,343,-1.801901482174,-0.198107956179214,0.891729740764498,-2.26130290021443,-1.51419280581853,-0.231474245631345,0
105,344,-1.79551096538443,-0.152219489163432,0.773653631155021,-2.1857989442911,-1.51814907127154,-0.225031887096234,0
105,345,-1.79024357757079,-0.096752875684909,0.638127343337752,-2.10456603211035,-1.51880069494152,-0.219750700786398,0
105,346,-1.78584159301444,-0.021796555207165,0.457707038424429,-1.99296962511918,-1.51689192072394,-0.215365925696805,0
105,347,-1.78209037122627,0.125266939244882,0.121728848101626,-1.79892247949874,-1.51307292998431,-0.211651241936938,0
105,348,-1.81329591188289,0.046580216493108,0.304531630720484,-1.89763881098245,-1.48403263049834,-0.243433294815129,0
105,349,-1.81916581035776,-0.052829135654616,0.538342702312784,-2.03800769133853,-1.48228085395673,-0.249367718858902,0
105,350,-1.82566793720864,-0.116708341810072,0.691413992315321,-2.12696219482411,-1.47910102787198,-0.25597412577682,0
105,351,-1.83245170668879,-0.167627982416626,0.816869762469355,-2.20102663944397,-1.47600707088606,-0.262865298560906,0
105,352,-1.83955786962469,-0.210737373478504,0.92616012843312,-2.2666608590113,-1.47292172067075,-0.27008392560312,0
105,353,-1.84963446405293,-0.247430077354644,1.03062473805166,-2.34068821792925,-1.46022855995086,-0.280555246903944,0
105,354,-1.85675397145646,-0.279868319705257,1.12139500350649,-2.40066442944502,-1.45990108537514,-0.287717243328113,0
105,355,-1.8642473895995,-0.3088354938274,1.20586127210297,-2.45776050319635,-1.45954835952266,-0.295255366831315,0
105,356,-1.87214471957021,-0.334854932827819,1.2852632127312,-2.51268866509543,-1.45916889892585,-0.303199838428899,1
105,357,-1.88065412966686,-0.357729369139947,1.36211293505167,-2.57096807550375,-1.45816497263013,-0.31175300049678,0
105,358,-1.88974228195842,-0.377550740309498,1.43533885288526,-2.62917317417277,-1.45680789896258,-0.320885652532784,0
105,359,-1.89938833826637,-0.394729483040388,1.50514143672689,-2.68642180971593,-1.45532294883464,-0.330573728350243,0
105,360,-1.90963490971856,-0.409296890948925,1.57219040017676,-2.74383071571916,-1.45372359876308,-0.340851775615305,0
105,361,-1.92051890900873,-0.421415594933921,1.63635396473263,-2.80026248445255,-1.45206581751414,-0.351767130481568,0
105,362,-1.97231946255024,-0.412739139967788,1.63345776195434,-2.78396868391804,-1.39569567216822,-0.407294863257411,0
105,363,-1.95990521703604,-0.400641273634591,1.57111101533801,-2.73227330762762,-1.39728318778654,-0.394666278073423,0
105,364,-1.94570099339706,-0.38917265121622,1.50291411180635,-2.66753222410598,-1.40675650201685,-0.379868553526031,0
105,365,-1.93143945226254,-0.37193440352171,1.43833804066543,-2.6259725694598,-1.41874481758893,-0.364690715959057,0
105,366,-1.91964769501077,-0.353722304652325,1.36547419755141,-2.56633544114852,-1.42524189017651,-0.352520623006632,0
105,367,-1.91015902660068,-0.331246487473634,1.28982825722303,-2.50986672974785,-1.42600492323298,-0.342938035921575,0
105,368,-1.90045892642579,-0.30603638223698,1.2115261076823,-2.45619067548008,-1.42917804875572,-0.333001493086478,0
105,369,-1.89020028675744,-0.278005539800577,1.13085374027488,-2.4069437848143,-1.43605301752925,-0.322316701631019,0
105,370,-1.87954098496648,-0.247075226094913,1.0449216866311,-2.35611468896868,-1.44622470841078,-0.311131353959262,0
105,371,-1.87205227240483,-0.210758548212827,0.934347911976072,-2.26455826936286,-1.44652156636976,-0.303663137695989,0
105,372,-1.86726316388917,-0.167451779096003,0.824425912523671,-2.19514308756464,-1.43774669058969,-0.299180569377768,0
105,373,-1.86269491047563,-0.116304648302798,0.698374574701027,-2.11748511192316,-1.42895126519364,-0.294940700124713,0
105,374,-1.85750890716375,-0.05199145903762,0.542898915746276,-2.02250196529717,-1.4234429010462,-0.289940155160929,0
105,375,-1.85136102810414,0.045771447069499,0.312116388485755,-1.88282633633923,-1.42281770519238,-0.283753948938354,0
105,376,-2.35349259318355,0.008384626254923,0.975836630687935,-1.77282606411851,-0.766263695993463,-1.31009378927065,0
105,377,-2.37613376228354,0.040314965069539,0.986068178962208,-1.78523917933394,-0.740173029898249,-1.40898229621883,0
105,378,-2.39597640246109,0.049574773401481,1.03223842560064,-1.85659058480439,-0.73366243739025,-1.44619863845458,0
105,379,-2.41239222962117,0.022270066609818,1.14067859487737,-2.02782698806815,-0.759896679525349,-1.38456112381883,1
105,380,-2.24812364993571,-0.26722802107565,1.65022254402152,-2.90927193813216,-1.38873502883271,-0.688549340422455,0
105,381,-2.21205978788658,-0.286843044639916,1.73237115656381,-3.04081793291527,-1.54151443379279,-0.641072053511495,0
105,382,-2.27208094302129,-0.273051579675523,1.76705993192002,-3.06382028016862,-1.4424324864318,-0.705846679617891,0
105,383,-2.46204988292,-0.055964932747648,1.36997055705851,-2.40173306149501,-0.881160793952495,-1.21633954357305,0
105,384,-2.30677265905271,-0.244468221912209,1.60730453651811,-2.84685865214793,-1.3083993164937,-0.762084437788817,0
105,385,-2.23870478088056,-0.266661419645758,1.59063774181677,-2.86653933745607,-1.44130646918444,-0.673379191380423,0
105,386,-2.18314221115578,-0.26695977076969,1.55911433078805,-2.8834793841377,-1.5457930639953,-0.612227846700214,0
105,387,-2.16508514040005,-0.257149187369317,1.50227571826822,-2.83526472182272,-1.54738870762567,-0.59419066000085,0
105,388,-2.14665872688864,-0.245993554881139,1.44300041631346,-2.78592800524795,-1.55300663138849,-0.575768567890416,1
106,1,-1.09680132631546,0.159081257875916,1.64630863415402,-1.31029984651017,2.03604582025573,-2.92280779513863,0
106,2,-1.02906932643723,0.171140258881744,1.574336840007,-1.15957838849913,2.19422703054032,-2.84899332740448,0
106,3,-1.07506121215199,0.120614611203224,1.67690244089068,-1.0967225099891,2.10940039811894,-2.8266664079729,1
106,4,-1.33829235643999,-0.113233203016395,1.9482725901899,-0.847347279596055,1.48642940416172,-2.94327140598076,1
106,5,-1.23845507159561,0.028872079266902,1.83620253849565,-1.1211235121766,1.8228599372117,-2.91828444893757,0
106,6,-1.19590852280588,0.088839612212083,1.8009640327663,-1.1872837095127,1.89981923184283,-2.90145235824231,0
106,7,-1.12727078923249,0.090771746922259,1.75225863954569,-1.07271326654133,2.04022359332583,-2.83527350224761,0
106,8,-1.21314263474095,0.058784207202649,1.84183106233021,-1.07508234705567,1.91626397708017,-2.8802051045678,0
106,9,-1.34373015725587,-0.131493481423933,1.95249238430416,-0.733591173152037,1.64361908148512,-2.94035165880568,1
106,10,-1.26927960355447,0.08117018946864,1.80497206232443,-1.26428897146579,1.87544587007926,-2.9674376687951,0
106,11,-1.33358141934589,0.072374757058245,1.84586863979159,-1.28099992397525,1.82087607502623,-3.00107327220041,0
106,12,-1.37136989325297,-0.068049197786804,1.94864881156362,-0.904473751969834,1.69343155909235,-2.97614725321815,0
106,13,-1.29289710232136,0.128686958236084,1.83512125177465,-1.28880238615577,1.86805795510834,-2.96859497245272,0
106,14,-1.30968199702437,-0.005613041744078,1.93046257954109,-0.979471483064506,1.79174301342453,-2.93029154520268,0
106,15,-1.57655809692652,0.036055514336715,0.384893915037157,-1.99225433945032,-1.67516370251229,-0.005797360641391,0
106,16,1.77437450034759,-3.26992153915492,-0.163853955203968,-1.3017725164246,1.46926784113887,0.204649745467953,1
106,17,-1.62100110590279,0.025694623324787,0.396616015136757,-1.99616999927722,-1.67486813928566,-0.050482089783885,1
106,18,-1.64385842463772,0.07229504669761,0.284087590940459,-1.93155533534031,-1.66895665842892,-0.073419876014491,0
106,19,-1.66876911033301,0.019073758817847,0.402288979635032,-2.00051561424038,-1.65989104844946,-0.098368182998353,0
106,20,-1.67107785043787,-0.062132200350033,0.594813378269418,-2.11489828460492,-1.65953854759522,-0.100682746965278,0
106,21,-1.67346361608247,-0.120875937359282,0.738238603918935,-2.20135436009194,-1.65930429714314,-0.103075354081162,0
106,22,-1.67595491488853,-0.168707704504869,0.858523997014565,-2.27527324333863,-1.65910043773661,-0.105573960305084,0
106,23,-1.67866074036753,-0.209406106965597,0.966001969996218,-2.3453176429506,-1.65854789289801,-0.108282880035235,0
106,24,-1.68144349696835,-0.244950436378946,1.06221664111113,-2.40781696189595,-1.65820790953743,-0.111071478819802,0
106,25,-1.6844418400505,-0.276340140535651,1.15155359478235,-2.46848880360406,-1.6576076293738,-0.114072083669848,0
106,26,-1.68758552819748,-0.30438079251,1.23473987401784,-2.52603067344155,-1.65704994106573,-0.1172184371263,0
106,27,-1.69093775972168,-0.329451226962748,1.31325820342341,-2.58209672810467,-1.65636105498566,-0.120571260284456,0
106,28,-1.69452444765457,-0.351779339039619,1.38794974729235,-2.6374412870868,-1.65551265249212,-0.124155470080609,0
106,29,-1.69832590944483,-0.371697144035542,1.45916787717391,-2.69162337423874,-1.65463214114355,-0.127953361868911,0
106,30,-1.70243579030515,-0.389090437517215,1.52762087618464,-2.74604472861116,-1.65348698067294,-0.132054327817909,0
106,31,-1.70683054819233,-0.404166591008053,1.59356228156165,-2.80050164701421,-1.65223272201316,-0.136436299324565,0
106,32,-1.71154913025988,-0.41690577354318,1.65705301474701,-2.85473683545301,-1.65083354205518,-0.141138696683613,0
106,33,1.73135552480527,-2.88421050729764,-1.10374538576979,-3.85023082270624,-1.48122727815877,-2.98045832689049,0
106,34,1.72652548955324,-2.91747371611276,-1.0109677261225,-3.91112446968963,-1.48114760896598,-2.98529656201753,0
106,35,1.72198196406543,-2.95636478797036,-0.906180556173519,-3.98153645536404,-1.48107001573419,-2.98983695242702,0
106,36,1.71768798675819,-3.00061814592,-0.792235284521947,-4.05255347574924,-1.4810175532505,-2.99414101468555,0
106,37,1.71361132897218,-3.0550361459659,-0.65654860314051,-4.13742857061633,-1.48103982967496,-2.99822267207502,0
106,38,1.7097651102303,-3.12440664859156,-0.490086565997496,-4.23582604128929,-1.48102500533476,-3.00208005411416,1
106,39,1.70609156667124,-3.24230943088393,-0.217924056110717,-4.39303711454937,-1.48111602888435,-3.00576285017534,1
106,40,1.70262349994426,-2.86531491860066,-1.13631227079985,-0.711356516427719,1.48114494083273,0.132356719737163,0
106,41,1.6993024956743,-2.89767047186048,-1.04547744766133,-0.772146294134299,1.48127120146214,0.129024241226118,0
106,42,1.69614645036078,-2.93428595678449,-0.947131815482553,-0.835633300835066,1.4813862293315,0.125856057672631,0
106,43,1.69313242682088,-2.97638559318694,-0.838027981134023,-0.904456643794922,1.48153310982627,0.122829658663281,0
106,44,1.69025281764178,-3.02617446188803,-0.71331614493046,-0.98119896798892,1.48170264037447,0.119937457843917,0
106,45,1.68751416555096,-3.08807466581085,-0.563443955974057,-1.07055197109484,1.48183185100232,0.117186690271902,1
106,46,1.68487100413023,-3.17672727924597,-0.35570931624247,-1.19153892219192,1.48206862628432,0.114530443803111,1
106,47,-1.71242500673778,0.028440504020559,0.369680510700812,-1.97842758591811,-1.65976596267952,-0.142198175914056,1
106,48,-1.71574433439143,-0.05827484265062,0.574564374201091,-2.10064892421864,-1.65924983579485,-0.14552493867932,0
106,49,-1.71914284970562,-0.118944840241154,0.721440270451837,-2.18819026919616,-1.65902349070376,-0.148933911962922,0
106,50,-1.72270449742437,-0.168031744611472,0.843928944096055,-2.26294044579066,-1.65878645743824,-0.152506186336966,0
106,51,-1.72657840046019,-0.209701086960949,0.953574456888887,-2.33484453388889,-1.65802246638157,-0.156382310011624,0
106,52,-1.73053161484459,-0.245971650482614,1.05064766848409,-2.39718606357689,-1.65767117804657,-0.160344588274908,0
106,53,-1.73577841994926,-0.277947937783521,1.14224724438936,-2.46108243006626,-1.65342265288226,-0.165547175190583,0
106,54,-1.74244719608452,-0.306606895807725,1.22678597178974,-2.51945032073369,-1.64519022267018,-0.172118669449928,1
106,55,-1.74898704863352,-0.331649453245843,1.30775415276939,-2.58062789203879,-1.63859665712939,-0.178568976557795,0
106,56,-1.75405832283085,-0.354410040001141,1.38214788478829,-2.63427855768869,-1.63802272604678,-0.183636961672384,0
106,57,-1.75966275567566,-0.374078717359797,1.45458576334588,-2.69187448984456,-1.63665042665697,-0.189213234922681,0
106,58,-1.76542680542659,-0.391836994548329,1.52281455338188,-2.74499297416478,-1.63579984078181,-0.194963888049745,0
106,59,-1.77169819330758,-0.406934664108599,1.5890838260145,-2.80022376776717,-1.63445298402245,-0.201203891142116,0
106,60,-1.77844945970563,-0.419397267989873,1.65313336768089,-2.85645582431863,-1.63282755349218,-0.207910700095655,1
106,61,-1.80930854389584,-0.268973123928628,1.11718253440227,0.670467158144051,1.6317681755552,2.90279157394198,0
106,62,-1.80166855212905,-0.235763832763512,1.02379702292104,0.734663081758552,1.63336935785017,2.91038773535545,0
106,63,-1.79451407210266,-0.197767742143368,0.921568207412845,0.802947299873619,1.63482944190544,2.91750566649755,0
106,64,-1.78780262545686,-0.153728805253012,0.807505769805928,0.876854841742008,1.63615546446959,2.92418830834174,0
106,65,-1.78154427609649,-0.10105843206083,0.676212727381266,0.958727627812939,1.6371925707987,2.93042899789296,0
106,66,-1.77562106644907,-0.033417574430671,0.513183721936673,1.05759125164399,1.63822224731284,2.93633635596967,1
106,67,-1.77006438545572,0.072452244954066,0.267819186255658,1.20002042306562,1.63904272851266,2.94188444053,1
106,68,-1.76481116112701,-0.280021059532391,1.14303152172211,-2.46148112520883,-1.63978179651728,-0.194468411565991,0
106,69,-1.75981758864056,-0.248138746045358,1.05286750566163,-2.40016718170574,-1.64051828499344,-0.189479350253335,0
106,70,-1.75513262567,-0.212013204970972,0.955666660418247,-2.33703094336596,-1.64099705350552,-0.184792493790811,0
106,71,-1.7505880583922,-0.170509997744921,0.846525102119447,-2.26562667644235,-1.6417836963686,-0.180251533573061,0
106,72,-1.74636663058405,-0.12159411604504,0.724200379090099,-2.19055662051875,-1.64211876347952,-0.176024692861454,0
106,73,-1.74231067935944,-0.060991646923498,0.576769825143666,-2.10143210629286,-1.64255109704109,-0.171964706676569,0
106,74,-1.738397417099,0.024697848846769,0.37475347733606,-1.9817900124542,-1.64312906946359,-0.168048569341898,0
106,75,-1.75962671942588,0.044055740670238,0.326107329572473,-1.9530912409697,-1.64304443695581,-0.189333957124346,0
106,76,-1.76397775464483,-0.049767752350783,0.545145564581417,-2.08103550230234,-1.64252253264862,-0.193689622950395,0
106,77,-1.76850811837478,-0.113401082246554,0.698787725236362,-2.17321941892816,-1.64207565695677,-0.19822502905453,0
106,78,-1.77328280987214,-0.164127043243366,0.825533203842568,-2.25187429227257,-1.6415012208002,-0.203002093289632,0
106,79,-1.77829796826159,-0.206814004156564,0.935942038459978,-2.32227499084928,-1.64087916798571,-0.208017899344175,0
106,80,-1.78356783755721,-0.243820125893751,1.03519946230006,-2.38718366658186,-1.64022186783177,-0.213286849321842,0
106,81,-1.78915393985874,-0.276436340231533,1.12668891128761,-2.44928077249225,-1.63937616807019,-0.218866525626574,0
106,82,-1.7949698597322,-0.305545634778889,1.21109843660635,-2.50679189993828,-1.63873135150932,-0.224680396735877,1
106,83,-1.80124354623314,-0.331382507564133,1.29152977509086,-2.56534038930699,-1.63756739162339,-0.230936121292024,0
106,84,-1.80773867583574,-0.354707796094855,1.36664712411851,-2.61939006035699,-1.63679786792949,-0.237424229874255,0
106,85,-1.81483701268531,-0.375051686808808,1.43954368245561,-2.67662912445609,-1.63523918506451,-0.244487484548088,0
106,86,-1.82214414681441,-0.393487096981593,1.50802234306575,-2.72900822409303,-1.63430412024924,-0.251780197194213,0
106,87,-1.83026968545473,-0.408714007280331,1.57541445225637,-2.78683745959207,-1.63216945811337,-0.259842428267438,0
106,88,-1.83856030371143,-0.422539669778986,1.63878911124692,-2.83883860850926,-1.63101304793871,-0.268107239286646,1
106,89,-1.87582886924577,-0.26976135216075,1.11058673911486,0.673497903965307,1.61362669901892,2.83654008003713,0
106,90,-1.86620667155656,-0.236295822003707,1.01640925101627,0.739125057247911,1.61552744926367,2.84608234434521,0
106,91,-1.85723839854195,-0.198137776968113,0.91389276894507,0.807706749668388,1.61708367585612,2.85499282544576,0
106,92,-1.84890038609142,-0.154161383034468,0.800558405972977,0.88005050397962,1.6181986907799,2.86329696264898,0
106,93,-1.84088158418847,-0.100381341283507,0.666253615823636,0.965542062975339,1.61975070920548,2.87126513466601,0
106,94,-1.83351304449558,-0.032520562644569,0.503449760192973,1.06268138120549,1.62050987773493,2.87861840988544,1
106,95,-1.82549528594892,0.080147738973177,0.242391061558381,1.21580258872134,1.62485303043606,2.88655457489651,1
106,96,-1.8173207872556,-0.281842407370548,1.13804284614203,-2.4578019289173,-1.63117375944917,-0.246959999889984,0
106,97,-1.80891060739291,-0.249889742597332,1.04563386507199,-2.39228957791903,-1.63983302139906,-0.238688568880023,0
106,98,-1.80307453723694,-0.213411638601496,0.948356091248067,-2.32972889606152,-1.64032811191317,-0.232848809875296,0
106,99,-1.79734880181418,-0.171459388970782,0.838046288209746,-2.25693550496988,-1.64144571914699,-0.227131772021248,0
106,100,-1.7920725038842,-0.121948347560902,0.714902839214491,-2.18175797137158,-1.64181671835173,-0.221848252195045,0
106,101,-1.7870356178906,-0.06057497060853,0.5667423804988,-2.09343948195382,-1.64216943945144,-0.216803909282145,0
106,102,-1.78206917709621,0.028258399445347,0.357213415619403,-1.96820180505652,-1.64313480428825,-0.211837878607155,0
106,103,-2.06265801371369,-0.281708288338458,2.05755258239972,-3.60079062622314,-1.47123005621867,-0.474971338354765,0
106,104,-2.01857179852191,-0.47114792049564,2.07124620549269,-3.16656519146931,-1.6218882736183,-0.448251438887848,0
106,105,-2.01739624012689,-0.513736003796238,2.09969711410816,-3.09259467890902,-1.66202157850295,-0.446327233948914,0
106,106,-2.03767508239846,-0.506828821201921,2.15715721044484,-3.17360619541544,-1.66069200119423,-0.467187677987374,0
106,107,-2.07864008955332,-0.447560923129746,2.22969651077417,-3.37953001015325,-1.62408687508975,-0.508637774291642,1
106,108,1.52829446040969,-3.17935386669478,-2.13580416368027,1.1401157719796,1.57847291564616,-0.036527329466211,0
106,109,1.50807671114181,-3.40595160576127,-1.92240634397829,1.43017855172152,1.62077973258721,-0.043047242085828,1
106,110,-2.38807519364591,0.131391491915639,1.82889025537846,-1.33151272926151,0.849794839031539,2.69826292160038,0
106,111,-2.4328023111785,0.028880563577769,1.87376217375026,-1.0822994420841,0.876436844368326,2.5528402338542,0
106,112,-2.33466559364597,-0.238101652414058,1.99256583525502,-0.602142752039332,1.21379958728218,2.45735842257982,1
106,113,-2.16246048668419,-0.44675076858414,1.88696839005887,0.033753246824778,1.55635295268422,2.55243890067948,0
106,114,-2.09707676142627,-0.456620126697242,1.75669704752449,0.301260829360719,1.63630949892692,2.61509074652648,0
106,115,-2.06679918979697,-0.440919917764242,1.67092396509625,0.41157666234989,1.65277473266927,2.6465480068585,0
106,116,-2.04375716404886,-0.422478563674567,1.61122697906942,0.448630558528196,1.66005757751815,2.66915127023733,0
106,117,-2.0992273065538,-0.379323659092884,1.70678522031169,0.051921007275851,1.4879534680956,2.62362916475355,1
106,118,-2.14380604307073,-0.295378703252733,2.0287870244404,-3.54043242334255,-1.43921027698322,-0.555268243557388,1
106,119,-2.07833929592693,-0.511067119851524,2.0152864207936,-3.00840576716433,-1.64665448369664,-0.506638870785883,0
106,120,-2.09477071557753,-0.520405278428228,2.0659236902199,-3.04785565407364,-1.65480622476279,-0.523054181806004,0
106,121,-2.11873974817264,-0.51644297784974,2.12300036131348,-3.12451763453015,-1.65081088734667,-0.547603202449307,0
106,122,-2.15942614965404,-0.477234486460652,2.19095118722628,-3.28530398589181,-1.61869739574183,-0.589177788122689,1
106,123,1.40617286682585,-3.12892455510168,-2.12542919002268,1.04793648263582,1.63611780984965,-0.143873972066485,0
106,124,1.37695640910501,-3.28115994441682,-2.02179906420615,1.24562150315766,1.69231762780686,-0.153397432929834,1
106,125,-2.47122787226964,0.151699622682087,1.73416529829366,-1.30778922889493,0.727749337706772,2.69895967773301,0
106,126,1.27251283482591,-3.11849989444674,-1.87745733706341,-1.95782000687619,-1.85434611545725,2.95772268152765,0
106,127,1.30739121611209,-2.90892447064034,-1.95232430789956,-2.41535426272164,-1.7481401440446,2.92154914868401,0
106,128,1.3528466458016,-2.77828965343294,-1.9217149837012,-2.79730694265023,-1.6537946206562,2.93747682696661,1
106,129,1.4224613627849,-2.69249767022223,-1.71470754491258,-3.50761572035163,-1.52010336463062,2.99340547292796,0
106,130,1.42945226548325,-2.70971836915355,-1.63766277134406,-3.59642582638023,-1.51887968646186,3.00071391864446,0
106,131,1.43439936692173,-2.72971215918076,-1.5706122922392,-3.65095789746733,-1.52073246753378,3.0057517116528,0
106,132,1.42079500060612,-2.75147607754486,-1.62469182758437,-3.3719127966807,-1.56428250175238,2.99240729113,1
106,133,-2.22568546738518,-0.279638555676852,1.98569086385769,-3.52421522688114,-1.38643356859433,-0.631720762042459,1
106,134,-2.14728187092678,-0.504951891837289,1.9806156058859,-2.99399336046329,-1.64176996269486,-0.575904463694839,0
106,135,-2.16346008187814,-0.52605157206634,2.02068709504637,-2.98876736096837,-1.6537049766158,-0.590921843041141,0
106,136,-2.19834662628207,-0.518803222115163,2.08066183286572,-3.07693195738436,-1.63034747099312,-0.626517005676072,0
106,137,-2.24392312847635,-0.479600105953132,2.14984958976692,-3.24278833439188,-1.5911496158029,-0.673247181607583,1
106,138,1.26732702189697,-3.1087514537308,-2.07002216884798,0.969792580873293,1.74765941104125,-0.264986593445911,0
106,139,1.24169166639593,-3.21157332560787,-2.01536349666692,1.09839587557749,1.78949796329175,-0.273174662124631,1
106,140,-2.57339092328332,0.152715647375472,1.58021471674457,-0.992835344944941,0.529215469412714,2.52908203562511,1
106,141,-2.60751552249668,0.182378099822665,1.50660199330447,-0.907563678460279,0.504645147888625,2.48154505258983,0
106,142,-2.59657403087634,0.117233503263578,1.57906589401985,-0.86900079498609,0.557995567917328,2.45292471612684,0
106,143,-2.53228816069686,-0.197225686823493,1.83557046007539,-0.393795140539222,1.05560734164578,2.25028463494708,0
106,144,-2.46668051215441,-0.285012136655624,1.83154333361615,-0.243055019950823,1.17332393095695,2.28743856578298,1
106,145,-2.25520619950666,-0.44099878990936,1.66412231742319,0.39398900282543,1.61644999296623,2.45804562583402,0
106,146,-2.21775301168394,-0.425123529444495,1.59108174798054,0.471513045254301,1.64077435746674,2.49622370072078,0
106,147,-2.19342581860588,-0.403782075695603,1.52295651596078,0.529005073366567,1.64176798474358,2.52105668549667,0
106,148,-2.18886983288547,-0.382986847817911,1.49098318381766,0.500982766217263,1.60177870682782,2.52400090983058,1
106,149,-2.21900554200052,-0.492946012598816,1.92826037640514,-2.95830361880479,-1.6114167175806,-0.647347634456999,0
106,150,-2.22585755568662,-0.521599905475819,1.96317723519314,-2.93331407948545,-1.64809015098556,-0.652736261264202,0
106,151,-2.26835085601475,-0.513596495583078,2.02373405654797,-3.02353238335631,-1.6093239284658,-0.696200434191235,0
106,152,-2.31417182246978,-0.483799805521591,2.08970695702522,-3.16759888780203,-1.56985903031998,-0.743366525839265,1
106,153,-2.5177918063266,-0.254653702375536,1.78741095553892,-0.220775951974822,1.12016642930531,2.23658782909693,0
106,154,-2.57808747657436,-0.177089461201432,1.78106423855621,-0.320938593899099,1.01694055605545,2.19225691764225,1
106,155,-2.59285379635481,0.175253167867352,1.49082629425793,-1.07101691268164,0.498756238495303,2.63895119908018,0
106,156,-2.6179801629528,0.225829945163614,1.39424435788841,-0.922682500195206,0.427154867918156,2.54065884138455,0
106,157,-2.57742911748073,-0.264706628043013,1.88799941706925,-3.20616195511785,-1.12711872419582,-1.0476696072657,0
106,158,-2.62646037278448,-0.1887690183432,1.88959847971238,-3.31500456094794,-1.05424478184146,-1.09589465204116,0
106,159,-2.66397189802461,-0.176981720503485,1.83330505421384,-3.21063306273895,-1.031161651317,-1.15986263555908,0
106,160,-2.62334898177266,-0.224763008212891,1.82944911708044,-3.15906678384512,-1.07278435180071,-1.11261177328073,0
107,1,-1.56518909837557,0.101846822559443,0.376912661155177,-2.03571430350281,-1.84508630668035,0.005819585459881,0
107,2,-1.56508426796317,0.024452082941923,0.548758813331665,-2.11292026053132,-1.84498656147156,0.005926109124763,0
107,3,-1.56497576514023,-0.033570458239211,0.678583948360284,-2.16747688729597,-1.84488307905719,0.006034569229171,0
107,4,-1.56486338973964,-0.081835361348559,0.787459049397092,-2.2108406051694,-1.84477568787126,0.006145066098559,0
107,5,-1.56474693758026,-0.123892912349481,0.88317151586822,-2.24724848771477,-1.84466420701659,0.006257673730027,0
107,6,-1.56462615307848,-0.161521602747404,0.969632041625387,-2.27883268454302,-1.84454845260034,0.006372569998187,0
107,7,-1.58577935357374,-0.178688870044937,1.02512369302553,-2.32978652894958,-1.86122530620269,-0.015577272640161,0
107,8,-1.58547190516381,-0.143276028401029,0.941057765123194,-2.29601063230636,-1.8609795127136,-0.015275852811712,0
107,9,-1.58517624830404,-0.103985803506242,0.849034353211158,-2.2581571817657,-1.86074333046459,-0.014982707437463,0
107,10,-1.58489168079772,-0.059483049088392,0.746107511124118,-2.21461517230011,-1.86051624621567,-0.014697243772903,0
107,11,-1.58461758029282,-0.007329912653852,0.626920839689024,-2.16246589408186,-1.86029782254557,-0.01441906368446,0
107,12,-1.5843534079684,0.057940154414766,0.479488003302654,-2.0951894837985,-1.86008758525434,-0.014147813042468,0
107,13,-1.58409858977098,0.156575658003801,0.259427795194494,-1.9886531216957,-1.85988520262398,-0.013883085447622,0
107,14,-1.5891792311131,0.210165779141195,0.145980529463015,-1.92486406795944,-1.93448142561468,-0.020984052051631,0
107,15,-1.5894121749586,0.082021153399732,0.433076251873483,-2.07175719183936,-1.93526641887149,-0.021232444671002,0
107,16,-1.58965271504626,0.011047588662406,0.595440989562561,-2.15109002636723,-1.93605717613339,-0.021478835500079,0
107,17,-1.5899013747014,-0.043637990877653,0.722707375228116,-2.21161230933073,-1.93685388965584,-0.02172365561076,0
107,18,-1.59015866487377,-0.089464033470633,0.8311640837507,-2.2621844223096,-1.93765675157013,-0.021967326255721,0
107,19,-1.59042515060199,-0.129447018608129,0.927439584700163,-2.30641854249132,-1.93846599169856,-0.022210335696273,0
107,20,-1.59070144853203,-0.165162283970065,1.01501133440346,-2.34621697661045,-1.9392818693449,-0.022453190538675,0
107,21,-1.59098821818768,-0.197550724565913,1.09597256262486,-2.38273226937138,-1.94010466080315,-0.022696452975445,0
107,22,-1.59128619353435,-0.227223223839069,1.17169885858173,-2.41672937113333,-1.94093470837378,-0.022940762430224,0
107,23,-1.59159615787341,-0.254599041668255,1.24315136471194,-2.44875041869998,-1.94177236578022,-0.023186759715238,0
107,24,-1.59191899964555,-0.279977078712084,1.31103289154276,-2.47919960626243,-1.9426180342957,-0.023435234527598,0
107,25,-1.59225567154079,-0.303575648251646,1.37587553785155,-2.50839104220696,-1.94347217950033,-0.023687011965408,0
107,26,-1.59260720471289,-0.325556406262505,1.43809361947489,-2.53657774321526,-1.94433531554039,-0.023942962218188,0
107,27,-1.59297478990616,-0.346039423008417,1.4980170052807,-2.56396989175166,-1.94520800312002,-0.024204155343638,0
107,28,-1.60480869903881,-0.337997602734135,1.49490990100599,-2.57885724909667,-2.00547384854698,-0.037002033126838,0
107,29,-1.60396413567714,-0.317342368457648,1.4348381942407,-2.55184525813221,-2.00492922061113,-0.036147641884603,0
107,30,-1.603159554031,-0.295179371814385,1.37244616810133,-2.52403621584346,-2.00440988512659,-0.035328249823598,0
107,31,-1.60239215509602,-0.271385893998652,1.30739776621017,-2.49521563195295,-2.00391417965235,-0.034541384614095,0
107,32,-1.60165944910456,-0.245796511730409,1.23927046604738,-2.46512540729245,-2.00344053425586,-0.033784882502053,0
107,33,-1.60095905752201,-0.218187744089323,1.16752085456589,-2.43344470143172,-2.00298759968216,-0.03305659864343,0
107,34,-1.60028888322711,-0.188253201345083,1.09142966161597,-2.39975979430222,-2.00255408866987,-0.032354688707659,0
107,35,-1.59964700258282,-0.155562071935347,1.01001053187971,-2.36351437762794,-2.00213884007157,-0.031677468559823,0
107,36,-1.59903163338781,-0.119484599615223,0.921846609101186,-2.32392064771503,-2.00174079348679,-0.031023371681481,0
107,37,-1.59844116534477,-0.079046151008059,0.824770997722052,-2.27978573024959,-2.00135895636475,-0.030390985598731,0
107,38,-1.59787408518728,-0.032602606170985,0.715155780956633,-2.22912521223873,-2.0009924489119,-0.029778960320346,0
107,39,-1.59732903720141,0.023034386296041,0.585996384990995,-2.16812237927868,-2.00064041844896,-0.029186164572288,0
107,40,-1.59680471952951,0.095932302278651,0.41960419446839,-2.08715553781687,-2.00030209305303,-0.028611372554933,0
107,41,-1.596299987291,0.240223508103656,0.097285393559096,-1.92166283135528,-1.999976779061,-0.028053668322262,0
107,42,-1.6008796686013,0.204177500162344,0.193983571383547,-1.98411712827065,-2.08137458210309,-0.034488824755029,0
107,43,-1.60147512404962,0.089218669392704,0.451816030848255,-2.11360258019035,-2.08178658762169,-0.035175482220619,0
107,44,-1.60209351591515,0.020285281452562,0.609349354673337,-2.18882464458233,-2.08221503255418,-0.035882149665783,0
107,45,-1.6027362320666,-0.033497184631977,0.734266306694781,-2.2465921897655,-2.0826607793125,-0.036610064097532,0
107,46,-1.60340474824328,-0.078815670788438,0.841230950369695,-2.29488303089369,-2.08312476202012,-0.037360532502676,0
107,47,-1.60410067292755,-0.118481009432636,0.936421497267235,-2.33706530253272,-2.08360803306896,-0.038134955910817,0
107,48,-1.60482575539406,-0.153986081611031,1.02313491301497,-2.37494387687932,-2.08411168579957,-0.038934892988607,0
107,49,-1.6055818717865,-0.186231634073305,1.10337657593134,-2.40962425762605,-2.08463693766365,-0.039761970369311,0
107,50,-1.60637113405664,-0.215806561147362,1.17847399828073,-2.44184607972763,-2.08518510534646,-0.040618132083616,0
107,51,-1.60719571621859,-0.243116918089849,1.24935954533423,-2.47213666106494,-2.08575763620644,-0.041505216991035,0
107,52,-1.60805817664834,-0.268453327031135,1.31671768125141,-2.50089101575341,-2.0863560583523,-0.04242560401258,0
107,53,-1.6089610963265,-0.292028458327508,1.38106844441384,-2.52841776486378,-2.08698212885447,-0.043381455249218,0
107,54,-1.60990753268598,-0.314000368119276,1.44281791369125,-2.55496633118619,-2.08763768907355,-0.044375629801529,0
107,55,-1.61090071227659,-0.334486378335473,1.50229025092589,-2.58074516336115,-2.08832481238428,-0.045410992594827,0
107,56,-1.60376106388506,-0.297655348286173,1.50543031654893,-2.66935563968451,-2.22148952324842,-0.041195858652129,0
107,57,-1.6073066452341,-0.272744164904451,1.45486878721659,-2.68144289359002,-2.20456733426991,-0.045104362513751,0
107,58,-1.60633483369124,-0.253164823548873,1.39034565586858,-2.64398796406386,-2.20420719246115,-0.043926012823413,0
107,59,-1.60541302288309,-0.23171454006463,1.32304872532706,-2.60566526009483,-2.20386492388005,-0.042805983138237,0
107,60,-1.6045374460191,-0.208232644366579,1.25253372221674,-2.56618858932042,-2.20353926951976,-0.041739845699268,0
107,61,-1.60370469400018,-0.182494157624419,1.17822459163565,-2.52520433494169,-2.20322904656254,-0.040723567199213,0
107,62,-1.60291170058389,-0.154182161852797,1.09935303524227,-2.48225899925551,-2.20293319941447,-0.039753588646264,0
107,63,-1.60215565531907,-0.122841306829641,1.01485571032415,-2.43674256113746,-2.20265077601389,-0.038826556614603,0
107,64,-1.60143405942183,-0.087793124999506,0.92318808788466,-2.38778722027411,-2.2023808914817,-0.037939617274996,0
107,65,-1.60074455797879,-0.04796627223606,0.821952795704566,-2.33406523485249,-2.20212276455313,-0.037089919196121,0
107,66,-1.60008508706538,-0.001508055924484,0.707048567914106,-2.273326595839,-2.20187564268658,-0.036275100962128,0
107,67,-1.59945370486404,0.055312718650119,0.570267250332177,-2.2010929709159,-2.20163886781331,-0.035492886866185,0
107,68,-1.59884865484632,0.132721141405108,0.389180059181825,-2.10515942316329,-2.20141181334843,-0.034741213293433,0
107,69,1.77888540575926,-3.46973591041913,0.081930460742638,-1.47414074289149,0.955740479961293,0.255724904124606,1
107,70,-1.60591293650562,0.174184516646112,0.315957485108627,-2.08243604030158,-2.28027896528887,-0.046269262821488,0
107,71,-1.60669763350955,0.084923124643634,0.52146287907432,-2.18871819312053,-2.28042182242363,-0.047306890635665,0
107,72,-1.60751586554382,0.023367458548349,0.666999662430349,-2.26276540324262,-2.28058081335576,-0.048387017980298,0
107,73,-1.60836980248631,-0.026002119212826,0.786595272274308,-2.32308713308066,-2.28075691524113,-0.049512171644161,0
107,74,-1.60939604542377,-0.068209738777601,0.893652919854951,-2.38249348207041,-2.28030848638221,-0.05083918769863,0
107,75,-1.61054878222697,-0.107283238228096,0.988077968221938,-2.42647545974753,-2.27948732483254,-0.052285669552317,0
107,76,-1.59342533444554,-0.122894500258564,1.04527525876704,-2.42364533123964,-2.36569923193731,-0.032462804114342,0
107,77,-1.57777144872228,-0.13565330600334,1.10587349547291,-2.43497531910166,-2.44752698998215,-0.011345038666844,0
107,78,-1.59262340587557,-0.186954082464061,1.20712149412499,-2.50024933782462,-2.37504849742797,-0.031275547214912,0
107,79,-1.59663802487231,-0.220406211072306,1.28759521314216,-2.54569567098294,-2.35949634052423,-0.036416944273698,0
107,80,-1.60098628652101,-0.249594534315527,1.36485573517451,-2.59629171198113,-2.34377022045092,-0.041891336445781,0
107,81,-1.70776922798931,-0.332845396139135,1.52650223143981,-2.78942450801121,-1.95968359322638,-0.14813509033422,0
107,82,-1.71366079959129,-0.351079949243822,1.59013964689769,-2.83268040440768,-1.9543287989921,-0.154054101066414,0
107,83,-1.97064704236607,-0.320057869774934,1.60079010411004,-2.8540546258399,-1.27523696552074,-0.415864828338409,0
107,84,-1.95539643304872,-0.320200978395373,1.53494806006767,-2.76981868418531,-1.28635580336555,-0.399691839823057,0
107,85,-1.96514609007396,-0.301952031450269,1.45530383988219,-2.66935942336449,-1.22042192014627,-0.420529458284509,0
107,86,-1.90129874821603,-0.311961972689653,1.41056235617737,-2.66607352731208,-1.39216945979512,-0.335542219880564,0
107,87,-1.78520301846703,-0.299704077417921,1.34158936321628,-2.65687758137207,-1.74512318219578,-0.217777484228232,0
107,88,-1.72172401117542,-0.2569454413768,1.24325875186938,-2.59763882044754,-1.94950588083521,-0.162515105129542,0
107,89,-1.71768987611037,-0.229585802354897,1.1632188984196,-2.5446549607639,-1.95000949076731,-0.158196412074852,0
107,90,-1.71295720238083,-0.198427047734552,1.07849689214175,-2.49277882138505,-1.95399699531866,-0.153348612094136,0
107,91,-1.70929161274684,-0.164506042135317,0.987557761562979,-2.43710703100774,-1.95467806171711,-0.149437905295028,0
107,92,-1.70603755040181,-0.126480190684919,0.88761955613701,-2.37567117236778,-1.95439797549998,-0.145910144642919,0
107,93,-1.70294147553782,-0.082534375350656,0.777520445009341,-2.31226380339246,-1.95409360666248,-0.142554100648954,0
107,94,-1.69998422163762,-0.030238748376347,0.647457965696627,-2.23445800158799,-1.95379622688689,-0.139345483381091,0
107,95,-1.69689827950468,0.037054899157135,0.487356396852505,-2.14380993443053,-1.95463256686157,-0.13606206824115,0
107,96,-1.87995414268216,0.083196337902082,0.326589703378363,-1.89401321589115,-1.29075021795119,-0.322196916330118,0
107,97,-1.89332611845304,-0.004280459001645,0.542594573474287,-2.02204632237235,-1.26501265384577,-0.33877965927346,0
107,98,-1.89920725815273,-0.066350529913481,0.696171333883168,-2.11734902718769,-1.27162140543564,-0.344216778941901,0
107,99,-1.9031367052475,-0.117460292836775,0.826386072883256,-2.20505948939684,-1.28683713304862,-0.346637116953882,0
107,100,-1.90821364469825,-0.159237187720122,0.939917447242317,-2.28617781093986,-1.29839318126786,-0.350707780236732,0
107,101,-1.91776144863865,-0.191501828649932,1.04098409177738,-2.36343147201063,-1.29433382801915,-0.360930197571864,0
107,102,-1.92607047909106,-0.219408582740647,1.13518117189776,-2.44187154113675,-1.29642136221809,-0.369165158945097,1
107,103,-1.86392186190261,-0.266784304975317,1.24127065441185,-2.56279638192471,-1.54169024747631,-0.293499293345889,0
107,104,-1.84658438622199,-0.290341001161121,1.32088486811385,-2.63736801538387,-1.62507644317245,-0.276153310296276,0
107,105,-1.85449245159866,-0.310406786308592,1.3934204703214,-2.69289234084682,-1.62420874991009,-0.28404198146482,0
107,106,-1.86294995144755,-0.327408674318028,1.46354198667672,-2.7511623317057,-1.62300458239446,-0.292455409744551,0
107,107,-1.78809377780076,-0.33456044778374,1.51063678123818,-2.79802104027672,-1.88365972716968,-0.229166783805519,0
107,108,-1.77356347369059,-0.347034604776535,1.56477343760696,-2.83134199516668,-1.94990742527326,-0.218349426182983,1
107,109,-1.76440554151444,-0.202088655109143,1.08735900976168,-2.51801466261451,-1.95038922135043,-0.208636477286547,0
107,110,-1.75960903275421,-0.168696121116027,0.99753389733985,-2.46262453997981,-1.95064254250066,-0.203487178951863,0
107,111,-1.75546932670166,-0.131344997370237,0.900213264498644,-2.40438992866059,-1.94915282166636,-0.198909188167674,0
107,112,-1.75236609363651,-0.089210915436108,0.792117343022395,-2.33969560668994,-1.94415091939172,-0.195172935490528,0
107,113,-1.74880921723427,-0.038771873211688,0.666166890263242,-2.26441807212174,-1.94167676208764,-0.191162692734923,0
107,114,-1.74540055088026,0.025380432052251,0.511148396407734,-2.17384830275831,-1.93924034144901,-0.187317995330626,0
107,115,-1.74188404358588,0.123526644156208,0.282738525268675,-2.04408037309916,-1.93793154143853,-0.183440922829085,0
107,116,-1.8110860343219,0.04899698022528,0.385126025351811,-2.04710328844975,-1.74076901365875,-0.243878193501581,0
107,117,-1.81660749410286,-0.032612334445938,0.577655745812938,-2.15925023007617,-1.74016009434865,-0.249458945042333,0
107,118,-1.8224132467768,-0.091457150086052,0.721226746745738,-2.24516763535102,-1.73941372474249,-0.255321146018326,0
107,119,-1.82838624219874,-0.139110092315753,0.841509343956554,-2.3192862862745,-1.73906100691239,-0.261369864114129,0
107,120,-1.83462082399388,-0.179618823596445,0.947344999685757,-2.38628174724371,-1.73878763524857,-0.267687270559928,0
107,121,-1.8411059358493,-0.215001288704697,1.04284683682688,-2.44783735701109,-1.73870414484624,-0.274267951470803,0
107,122,-1.84790925903785,-0.24641328287567,1.13084977937437,-2.50593856215088,-1.73863162682259,-0.281172361169319,0
107,123,1.51935784238902,-2.89324785793702,-1.10982957710547,-0.694764057002212,1.46820568631069,-0.05170525390338,1
107,124,1.52071541505496,-2.9255017319093,-1.0202263410377,-0.753209227530221,1.4679060740496,-0.050342440251676,0
107,125,1.52209348871429,-2.96201396122862,-0.921092084525548,-0.81871782871241,1.46728315958176,-0.048961168452106,0
107,126,1.52328630385194,-3.00421708780717,-0.812142726701016,-0.886573220439419,1.4671243620315,-0.047762951867465,0
107,127,1.52445469581738,-3.05458741614219,-0.685040287279278,-0.966120200208606,1.4668455479073,-0.046589985131646,0
107,128,1.52554371758253,-3.11807747354132,-0.531750457558473,-1.05693324574374,1.46667507739332,-0.04549593625464,0
107,129,1.52658337029364,-3.21227728661132,-0.312113247202296,-1.18337931048022,1.4665107509657,-0.044451303111619,1
107,130,-1.87601946480187,-0.005546199096361,0.489396868695431,-2.08723971048783,-1.66981172593645,-0.306778214315734,1
107,131,-1.88308379874576,-0.073370308084517,0.652477202890996,-2.18457650848968,-1.66899198933157,-0.313853520212281,0
107,132,-1.89048038659509,-0.125831544404666,0.783151902685606,-2.2651174383698,-1.6681195164466,-0.321259250394642,0
107,133,-1.8982244318532,-0.169415178380841,0.895292603057323,-2.33576160278067,-1.66722274050283,-0.329011851765026,0
107,134,-1.90647515855273,-0.206923052004973,0.995893443887793,-2.40160810675259,-1.66579751515458,-0.33725207925611,0
107,135,-1.91505619002192,-0.239870724601703,1.08715464334593,-2.46198483345763,-1.66461801300684,-0.345831767198147,0
107,136,-1.94101057976521,-0.242942833463543,1.08952951038109,-2.46468109342314,-1.66275591030419,-0.371843336698467,0
107,137,-1.93168564957292,-0.210313689106574,0.998453313980065,-2.40346428498975,-1.66450897065537,-0.362543697089111,0
107,138,-1.92293004601571,-0.173096033949373,0.899195145550087,-2.33927006148701,-1.66571181159292,-0.353790854713747,0
107,139,-1.91455789571569,-0.129957847012824,0.787786959938648,-2.26850148133092,-1.66694518980679,-0.345422673076861,0
107,140,-1.90661370751799,-0.078135037690489,0.658674980705072,-2.18889548129871,-1.66793262402835,-0.337473108893509,0
107,141,-1.89910415276767,-0.011719049590779,0.499175140551179,-2.09418947764637,-1.6685369696472,-0.329944945149947,0
107,142,-1.89178415156052,0.094336787510023,0.253004370050994,-1.9515126204921,-1.66966741360748,-0.322624084946713,0
107,143,-1.91744675350351,0.03730040083349,0.379555934602492,-2.02551353964978,-1.66781034403906,-0.348360451543255,0
107,144,-1.9252239431121,-0.044424179950012,0.571662725572337,-2.13724201152236,-1.66727936498069,-0.356159459955416,0
107,145,-1.93335011650601,-0.10326753783207,0.714538557610523,-2.22264819368525,-1.66671922273122,-0.364307473738461,0
107,146,-1.94215795827445,-0.150874558371935,0.835800904114376,-2.29984051358363,-1.66492810992006,-0.373088873967133,0
107,147,-1.95112949062714,-0.191175108057574,0.940441034671088,-2.36578748688197,-1.66404483849764,-0.382070323997665,0
107,148,-1.96207564380093,-0.225997882715419,1.03654034384065,-2.4304183276776,-1.65741622465855,-0.392806082031927,0
107,149,1.41415107975832,-2.90205626201813,-1.06070934009159,-0.721664601637953,1.48314974543153,-0.157237199228701,1
107,150,1.41928254812007,-2.93540557039031,-0.96887486708417,-0.782842277155005,1.47817321097097,-0.15216013024952,0
107,151,1.42374005153978,-2.97379158095882,-0.865919350243515,-0.851767882072475,1.47486358036903,-0.147734071154683,0
107,152,1.42723754366546,-3.01883790819179,-0.75183005010348,-0.92223521713257,1.47451828081424,-0.144225930752675,0
107,153,1.43065734913452,-3.07393007815242,-0.61535872369664,-1.00692192462032,1.47386032772274,-0.140800642640824,0
107,154,1.43382499163457,-3.14676683999972,-0.442563534855395,-1.10822018929809,1.47362440232374,-0.137621252947302,0
107,155,1.43685501192212,-3.28900621905008,-0.11851688065336,-1.29135524026587,1.47339785096742,-0.134579700223152,0
107,156,-2.16452699891023,-0.191820119156902,0.905396402133024,-2.33289994549979,-1.60754658550001,-0.59406004955743,0
107,157,-2.17866975016142,-0.225672109235566,0.996664458736207,-2.39289602413114,-1.60547927744531,-0.608125230374334,0
107,158,-2.19371944909329,-0.255359551665912,1.0812622425425,-2.45180067446923,-1.60227358487874,-0.623032596652699,0
107,159,-2.20914606722768,-0.281772811483359,1.15844469701366,-2.50495979405846,-1.60004762024776,-0.63836428402416,0
107,160,-2.22582525059655,-0.304867488420035,1.23224644316639,-2.56056073394227,-1.59575341457977,-0.654820315485268,0
107,161,-2.24271665326407,-0.325814892522042,1.3000084594234,-2.60958823782102,-1.59328659221857,-0.671593094878385,0
107,162,-2.26427748861729,-0.341889787782254,1.3658827392342,-2.66480735594279,-1.57757393567238,-0.692484156787726,0
107,163,-2.2844535812424,-0.357596241171354,1.42532566963399,-2.70838250060745,-1.5697158438023,-0.712426258311411,0
107,164,-2.30593485499538,-0.369743398661941,1.4846732969355,-2.76110114654449,-1.56047721595213,-0.733404723548472,0
107,165,-2.3267336392986,-0.381275491195659,1.54004433187312,-2.8078166015082,-1.55657345032951,-0.753938719958554,0
107,166,-2.35890006205195,-0.374532794863005,1.60375951695563,-2.91152805942985,-1.51912334993632,-0.782915904292141,0
107,167,-2.40624711173217,-0.333109980555036,1.66586261160842,-3.08678443038075,-1.43276188379753,-0.818053055043924,0
107,168,-2.44226829778784,-0.306780914499151,1.70286151144038,-3.17082357512755,-1.38722664804351,-0.847873712487603,0
107,169,0.755328485059696,-3.18883102677807,-1.44429480475804,-2.58180160915388,-2.14267269426028,2.51746698281314,0
107,170,-2.8763807890034,0.220264593814174,1.54257647594514,-3.61893215493802,-0.752576470518603,-1.18379401132651,1
107,171,-2.47727914296982,-0.29819690150891,1.67386660851398,-3.13903464902061,-1.36407921674507,-0.883490821419621,0
107,172,-2.45214283369383,-0.299660685102711,1.63921384704236,-3.1147442910799,-1.36909355220575,-0.856862091075634,0
107,173,-2.37783224107078,-0.385791805167616,1.57344743864021,-2.84055469665141,-1.54874556178564,-0.804532402383115,0
107,174,-2.35543265700535,-0.376357212469024,1.52107142984622,-2.79449689186034,-1.55340396040909,-0.782469374965002,0
107,175,-2.33376296842999,-0.365318653708592,1.46544035536584,-2.74537810309248,-1.55884431888606,-0.761195574171342,0
107,176,-2.31288880985729,-0.35245357887733,1.40641815480156,-2.69358888264085,-1.56472850159646,-0.740733867090939,0
107,177,-2.29339019100874,-0.336634688597027,1.34518993745837,-2.64443480588027,-1.56887897571625,-0.721492646377027,0
107,178,-2.27448828007325,-0.318898162290152,1.27957298394194,-2.59111572699642,-1.5738240621488,-0.702895296128203,0
107,179,-2.25693738951802,-0.298034405723913,1.21162259281211,-2.54123680269761,-1.57671448072177,-0.685495729555838,0
107,180,-2.23975792736328,-0.274902043519209,1.13767367411721,-2.4852526047864,-1.58090576065682,-0.66854087111983,0
107,181,-2.22382613017842,-0.24828729881629,1.06044865783236,-2.43242352367756,-1.58303193929229,-0.652702324894209,0
107,182,-2.20815213244855,-0.2184278404496,0.974762789709943,-2.37172022423212,-1.58663188635152,-0.63719385613339,0
107,183,-2.19360486108129,-0.184094256082819,0.883322844839278,-2.31275447763528,-1.58826681872016,-0.622705832564163,0
107,184,-2.17877066309023,-0.144563702826326,0.779427824208409,-2.24493657622363,-1.59328465513787,-0.608026197190634,0
107,185,-2.20676154685805,-0.147733129817781,0.786433313484201,-2.24937675623454,-1.58959815733328,-0.635937804100514,0
107,186,-2.22153661789765,-0.186498005953618,0.88809217520528,-2.31582062493603,-1.58691849672211,-0.650608805066361,0
107,187,-2.23682472022266,-0.22001323128278,0.978521965154138,-2.37553791154509,-1.58455223546829,-0.6658013813891,0
107,188,-2.25292560609428,-0.249231872379239,1.06171297127968,-2.43325980003572,-1.58146507915633,-0.681761107557426,0
107,189,-2.26969741316149,-0.275101455775372,1.13839597041301,-2.48750771529867,-1.57834937794275,-0.69838267904633,0
107,190,-2.28726184055073,-0.297891728914776,1.21005716260762,-2.5401164916982,-1.57488145086486,-0.715764577818659,0
107,191,-2.30579839881661,-0.317883040053946,1.27774811865741,-2.5922422433878,-1.57057934914691,-0.73405575867088,0
107,192,-2.32501476887971,-0.335581195804366,1.34112123989178,-2.64156559096748,-1.56663750117859,-0.753036904709882,0
107,193,-2.34563941506382,-0.350293543303098,1.4021153156809,-2.69348581064846,-1.56067197530212,-0.773264862021412,0
107,194,-2.36689134982899,-0.363250959249033,1.45923702922254,-2.74180216961834,-1.55557282869767,-0.794165733045722,0
107,195,-2.39031390518375,-0.372918190126576,1.51377514317613,-2.79176150130219,-1.54638687222641,-0.817025261396212,0
107,196,-2.45874751122556,-0.307838938131952,1.58386907691873,-3.02944469445751,-1.38405253636131,-0.868025901481931,0
107,197,-2.48740280270082,-0.294387737532022,1.62132093524001,-3.09005202258171,-1.36202799560985,-0.893237805340076,0
107,198,0.953778739088629,-2.943063038449,-1.1058983825608,-3.5587930848818,-1.7358200593255,2.54580020754347,0
107,199,0.978764866186118,-2.9453097367506,-1.06301596215635,-3.59665771531413,-1.70566609154862,2.569959453533,0
107,200,1.03577186832938,-2.97312546638675,-0.850241888325347,-3.98951650851535,-1.55740500965651,2.60668245517467,0
107,201,1.04132924576791,-3.00227653154646,-0.788870492349681,-3.99044940193625,-1.58634505844132,2.61350296158273,0
107,202,1.05532272810264,-3.04360819859537,-0.681616296688397,-4.06243557713919,-1.58559253444707,2.62725064917385,0
107,203,1.07192616999936,-3.09307890645383,-0.554600701988509,-4.14786318004547,-1.57380143738598,2.64346756922866,0
107,204,1.08817494911008,-3.15475854318964,-0.405221012861133,-4.23528350666686,-1.56094571550853,2.659522981993,1
107,205,1.10245568781072,-3.29328691741149,-0.08723305728687,-4.41975299409279,-1.55253096673056,2.67356249173493,1
107,206,1.11423425426557,-2.87067108238061,-1.12508479598984,-0.6656217635172,1.55099500414695,-0.456317282864536,0
107,207,1.12577715128291,-2.89612866256338,-1.04802366481494,-0.722766194841752,1.54845401170715,-0.444899160320797,0
107,208,1.13652962462126,-2.92546434238671,-0.966283464196184,-0.777892180114629,1.54710161506139,-0.434200706216486,0
107,209,1.14695322243569,-2.95881565951736,-0.875512824111206,-0.839425906924186,1.54529226767763,-0.423848316693225,0
107,210,1.15684160727046,-2.99764336832324,-0.774670825778309,-0.904568624920259,1.54392266909391,-0.414006392705992,0
107,211,1.16633438434089,-3.04399818144148,-0.658117756896468,-0.978056734650388,1.54254128733483,-0.404556047172693,1
107,212,-2.24302341050038,-0.091354237026474,0.644126034863966,-2.16266954497525,-1.58631190591136,-0.672156195740976,0
107,213,-2.26147990869218,-0.134773812502305,0.751754352890995,-2.22087400020196,-1.57032106744066,-0.690418006847789,0
107,214,-2.27935193275823,-0.172539440730807,0.850201339139787,-2.28063156055973,-1.55927188451797,-0.708179113205747,0
107,215,-2.29551585834178,-0.206318207895322,0.940560841057146,-2.33945015728881,-1.55728850233608,-0.724269953514363,0
107,216,-2.31248383409556,-0.23586861478434,1.02342461739992,-2.39595935208634,-1.55463235519703,-0.741126075078035,0
107,217,-2.33028545221528,-0.261618948842583,1.10015056097501,-2.45096902263636,-1.55132105262539,-0.758769579038657,0
107,218,-2.34882897935755,-0.284393764891927,1.17140199432617,-2.50342595779191,-1.5478578525916,-0.777131362751538,1
107,219,-2.36822440244288,-0.304249621375142,1.23814139144284,-2.55461542802587,-1.54394926599597,-0.796301999482219,0
107,220,-2.38861914984742,-0.321463310693758,1.30137596954182,-2.60579398578745,-1.53922102845663,-0.816391764744715,0
107,221,-2.40965201923462,-0.336522385725006,1.36037281625543,-2.65385813372442,-1.53508832310304,-0.837134837893127,0
107,222,-2.43166693694501,-0.349955321013979,1.41455682662665,-2.69559240695045,-1.53056794784449,-0.85898815888459,0
107,223,-2.49461570079345,-0.294080956535465,1.494601233592,-2.94004473151962,-1.3798783740613,-0.905439039765668,0
107,224,-2.52904341554939,-0.274500434312996,1.52871080312567,-3.00445518005945,-1.33410902117519,-0.935791948229308,1
107,225,-2.57018328692352,-0.255042397180355,1.49412247845252,-2.96984031740792,-1.29719395786034,-0.980040920880994,0
107,226,-2.54263413282035,-0.259353425975024,1.46461283124291,-2.95019083109128,-1.31378998490653,-0.950049360222291,0
107,227,-2.46931893293227,-0.338708024696083,1.40529930499673,-2.70696067800355,-1.50903769849774,-0.895655092427789,0
107,228,-2.44220466059664,-0.330882715966365,1.34855134697017,-2.64833630220916,-1.529558372003,-0.8695044390578,0
107,229,-2.41980910243106,-0.31687694424582,1.29046076240218,-2.59954898257205,-1.53677010293045,-0.847491428406734,0
107,230,-2.39910456215144,-0.299799394244578,1.22919214610454,-2.55154758012214,-1.54086867907174,-0.827043585498302,0
107,231,-2.3790140168619,-0.280473143255376,1.16317031408766,-2.49989221870201,-1.54553146918734,-0.807230058496457,0
107,232,-2.35993487879821,-0.258206318461561,1.09315602991851,-2.44820236461938,-1.54916840141607,-0.78834583854726,0
107,233,-2.34164254866576,-0.232843915977621,1.01792028729313,-2.39471477051245,-1.55247181124729,-0.770211045450784,0
107,234,-2.32404466699132,-0.203933609097191,0.935858184658815,-2.33771722539645,-1.5556783855482,-0.752755693402963,0
107,235,-2.30729303513882,-0.170666504291108,0.846437224626917,-2.27891594095487,-1.55806473982184,-0.736094480883995,0
107,236,-2.29100269472566,-0.131734269067142,0.744520018367603,-2.21206411773488,-1.56103348376446,-0.71991142946784,0
107,237,-2.27557425946044,-0.084974076604229,0.628004260180107,-2.14022093758277,-1.5628643779714,-0.704537239710375,0
107,238,-2.26047216825365,-0.024470102872232,0.480795656696203,-2.04972050170287,-1.56562397251387,-0.68951329883269,0
107,239,-2.28002668488073,0.012682438385988,0.394546823482781,-2.00077444467871,-1.56500930543497,-0.709058517261759,0
107,240,-2.29511989469821,-0.057030007812246,0.560256489067536,-2.09912318653081,-1.56308272634586,-0.724100431499332,0
107,241,-2.31096811071958,-0.108615236048899,0.687993131099046,-2.17870084864888,-1.5603022241003,-0.739863964136533,0
107,242,-2.32723393163765,-0.150199381356793,0.793939942337262,-2.24550532382985,-1.55814152168897,-0.756056913417056,0
107,243,-2.34442079078806,-0.185435585805559,0.888399239549484,-2.30884280761337,-1.55469816376123,-0.773109440279298,0
107,244,-2.36196769465172,-0.215816948394447,0.971767060937915,-2.36427668633388,-1.55229270478533,-0.790556795038615,0
107,245,-2.38069962855339,-0.242207177239971,1.05002144570939,-2.4212802980617,-1.54783932783011,-0.809070108933634,0
107,246,-2.39964199613366,-0.265622770459737,1.12016191732864,-2.4703020647693,-1.54518821130292,-0.827882795940036,0
107,247,-2.42059817973505,-0.285337661660513,1.18677934288704,-2.5216009017695,-1.53776946257838,-0.848556776242024,0
107,248,-2.44275530949439,-0.302779712108833,1.24372346887752,-2.55708939556024,-1.52901805188767,-0.870777277482609,0
107,249,-2.46774618112637,-0.316274033967905,1.2973390995946,-2.59388205520772,-1.51319431001469,-0.89585533617932,0
107,250,-2.52591989360878,-0.276451576487197,1.38243788214031,-2.81326502278369,-1.37401802506065,-0.942111470930145,0
107,251,-2.56495715233457,-0.245686796069219,1.41933054999138,-2.91057805771219,-1.30310048203948,-0.973414713388141,0
107,252,-2.57903858466968,-0.266790514662932,1.45236670104119,-2.88613477287744,-1.34076005245252,-0.995238485916238,0
107,253,-2.9338288914502,0.170415303503938,1.29846158250958,-3.18476787807679,-0.754732070736878,-1.32356369155997,0
107,254,-2.74788219010504,-0.252264990000754,1.58825574087674,-2.91883360648265,-1.51910164277291,-1.17700614250333,1
107,255,-2.58668760440639,-0.396443916552842,1.46957979509516,-2.59620641012675,-1.61149521630247,-1.01435450367343,0
107,256,-2.55088053774176,-0.38677865800549,1.41379399954903,-2.53681419704787,-1.64572875837001,-0.977377628230041,0
107,257,-2.5443189921237,-0.355886838093465,1.39535368287458,-2.59564401700358,-1.59454936166016,-0.973481042067066,0
107,258,-2.58886922094575,-0.261270963564272,1.39811925786468,-2.82516136163278,-1.35553974919427,-1.00715441690878,0
107,259,-2.58408185800158,-0.225707056603555,1.35797666803735,-2.85938060764426,-1.28049697029676,-0.994505302594614,0
107,260,-2.54608575814195,-0.253635954085243,1.32376724066055,-2.77501808311608,-1.35021632757685,-0.962384994154761,0
107,261,-2.48374655192151,-0.296584931322803,1.24105946912213,-2.5579605616005,-1.50980195855562,-0.911783615653333,0
107,262,-2.46114400172329,-0.280809920692966,1.1803254774964,-2.50790159621036,-1.51797270504319,-0.889487394614891,0
107,263,-2.44028262224292,-0.261568678546356,1.11509109372114,-2.45688235206834,-1.52254086583888,-0.868884536831275,0
107,264,-2.42050691145017,-0.239216386633699,1.04616680637801,-2.4070755168951,-1.52567939134524,-0.849258354586147,0
107,265,-2.44309196898386,-0.217314536107756,0.986918235865053,-2.35773743623335,-1.51487464626706,-0.872432319836831,0
107,266,-2.46446101736593,-0.239732000085398,1.0575166054507,-2.40874959991966,-1.50616909821898,-0.893796352341499,0
107,267,-2.48494679020306,-0.260473168632699,1.12257498859357,-2.45534468819196,-1.50341372264906,-0.914180667425238,0
107,268,-2.50689569597625,-0.278067953966103,1.18152970358791,-2.49684831498946,-1.49793962973697,-0.936183644087419,0
107,269,-2.56627158750016,-0.239821907965182,1.26877173934523,-2.71350244178107,-1.34664739909793,-0.986189112725236,0
107,270,-2.60925881331996,-0.202079067006701,1.29794973280227,-2.80572167970281,-1.25245695341337,-1.0239942244661,0
107,271,-2.60796288473081,-0.25155162442078,1.33582586357895,-2.73617334425009,-1.35632664809316,-1.0329460519326,0
107,272,-2.55300644643547,-0.349362223012773,1.31682866400118,-2.47520293852131,-1.62889164421625,-0.97954336041685,0
107,273,-2.57636976564149,-0.368560124330232,1.36465666357052,-2.50123186571367,-1.62871458512939,-1.00265148592624,0
107,274,-2.61392083817567,-0.376724624005661,1.412905837012,-2.5433976072589,-1.58809507424358,-1.04149372236,0
107,275,-2.82725633396064,-0.102839446463182,1.46347207985107,-3.00819190670102,-1.2048683888448,-1.25030439612938,0
107,276,-2.80365353628554,-0.197768142640586,1.53577390317982,-2.94668514449705,-1.40411062326399,-1.23141076499877,0
107,277,-2.93852967021645,0.175313787587672,1.24272330557272,-3.12897720714572,-0.75406391721835,-1.33035796173895,1
107,278,-2.94738991618539,0.185375028610841,1.12647971838949,-2.87362648894328,-0.714818696997118,-1.44928922313897,0
107,279,-2.77841851154085,-0.217871423332754,1.47381801823939,-2.84334733019743,-1.4828246818794,-1.20789053274081,1
107,280,-2.6154713795814,-0.348869290246532,1.33108991408655,-2.48793345772936,-1.58986874984893,-1.04291060440952,0
107,281,-2.58037814787924,-0.337567114057548,1.27181957939562,-2.42606403910924,-1.62584414439996,-1.00574935037754,0
107,282,-2.5727622602576,-0.308179982752993,1.23401763242604,-2.43615403999354,-1.57713412671924,-1.00091686585609,0
107,283,-2.63438078001011,-0.192324330678764,1.23946813891555,-2.70673748342243,-1.2556599399346,-1.06188040905689,0
107,284,-2.61639515620617,-0.177293254966907,1.21181368844427,-2.73448551650472,-1.23401136610841,-1.03447362824112,0
107,285,-2.54738513028259,-0.249782281564151,1.16372236540868,-2.53375144898436,-1.44155744599218,-0.975558253747609,0
107,286,-2.51672976845628,-0.241870091356524,1.09159971721448,-2.44468187432021,-1.47994402778811,-0.946301438079959,0
107,287,-2.49052715042481,-0.225455905599169,1.01914886744438,-2.37541643227399,-1.50358628030579,-0.920334255160909,0
107,288,-2.4696527543414,-0.202413236374831,0.952809063478836,-2.3351724274781,-1.50937920824957,-0.899205699262074,0
107,289,-2.4498857054515,-0.174753482481023,0.872798627551967,-2.27796300860714,-1.51362209342435,-0.879565244197259,0
107,290,-2.46755663436364,-0.136335061562015,0.777855110227481,-2.20906383070194,-1.50120083773002,-0.898081004413634,0
107,291,-2.48718084647342,-0.167048228557465,0.861255253062924,-2.26282091317916,-1.49731091219394,-0.917792574057256,0
107,292,-2.5110920910917,-0.188919935054462,0.925252838315927,-2.29463542315535,-1.47955552079324,-0.942990912404432,0
107,293,-2.53674959231524,-0.20687845337965,0.988314920086963,-2.33539869992135,-1.45771888168764,-0.970177092383296,0
107,294,-2.55848813231898,-0.226408389261385,1.0499625083674,-2.3766856894256,-1.45353123141069,-0.992234283397411,0
107,295,-2.63098429652748,-0.154215658802344,1.13491230778451,-2.65818681434674,-1.22531109770682,-1.05549236706246,0
107,296,-2.65127959834301,-0.159671657197975,1.17255673490903,-2.68053282739379,-1.23120407704084,-1.07717296285543,0
107,297,-2.58521271491874,-0.284203362133852,1.16769480641659,-2.39255899929974,-1.58049160037947,-1.01319468131589,0
107,298,-2.60109765082533,-0.308531913483959,1.20448948022423,-2.38390265445497,-1.60229250518678,-1.02709413638459,0
107,299,-2.64312976032389,-0.313100647710959,1.25025987066324,-2.42011124259178,-1.54167869961643,-1.07287776080125,0
107,300,-2.80375094692946,-0.190374875474717,1.41431610232906,-2.8151531979287,-1.44072469720431,-1.23351299898954,0
107,301,-2.94709144441591,0.199373476089157,1.05453719202006,-2.81602628795925,-0.714816081640383,-1.44883387630507,1
107,302,-2.94726581731889,0.206910070812993,0.92801390732727,-2.54929277506841,-0.726993644424893,-1.55621862341097,0
107,303,-2.77644682875278,-0.199547610558761,1.34555129095613,-2.72736570415349,-1.51877365715994,-1.20560737248736,1
107,304,-2.73498736616559,-0.207071894999632,1.1517638072496,-2.39406553489678,-1.28449168022495,-1.20628014119782,0
107,305,-2.64317705925223,-0.273270889459427,1.14807449806595,-2.3539724501838,-1.53383973164369,-1.0735373869787,0
107,306,-2.59922375579956,-0.268453487070938,1.09677470349625,-2.3100489138048,-1.6053413269581,-1.02468782474616,0
107,307,-2.63409504624268,-0.202065774186644,1.11289922324801,-2.50055283651578,-1.39745897423625,-1.06715764718082,0
107,308,-2.65813567095308,-0.117271892858196,1.05624468146678,-2.58939001852067,-1.19121153840758,-1.09225582943794,0
107,309,-2.63412687285319,-0.12161872985102,1.00842473917038,-2.5202275482613,-1.21066466260948,-1.07303885354333,0
107,310,-2.55943569177687,-0.17957254534647,0.917554937283955,-2.27137282948157,-1.45187603557863,-0.994674693941109,0
107,311,-2.53948253639883,-0.153062270524237,0.840332839236348,-2.21494960391895,-1.45154587468571,-0.975077497999587,0
107,312,-2.51861301846734,-0.123593957086115,0.755860465405138,-2.15589828146106,-1.4571478136778,-0.953911378781343,0
107,313,-2.49778360040803,-0.093206251196434,0.678083027774362,-2.11931411187958,-1.46470394727766,-0.931860204666097,0
107,314,-2.50499269340505,-0.014156182116237,0.491960106498886,-2.00015279982131,-1.45769584334347,-0.940260664546585,0
107,315,-2.52678185249781,-0.052888970393858,0.588611356336394,-2.04475443497543,-1.44463933210517,-0.964078828725141,0
107,316,-2.56005322549497,-0.07876402899268,0.694232244055834,-2.13479769204194,-1.38583415723001,-1.00323445488806,0
107,317,-2.57598745913307,-0.106321146775267,0.745856797865444,-2.12893894900327,-1.40304951266873,-1.01990640160251,0
107,318,-2.59595729775416,-0.13322687472223,0.818797972474575,-2.17147756836706,-1.40468672762339,-1.04010295257782,0
107,319,-2.66269620890936,-0.082196636817033,0.91547930675098,-2.41648843164328,-1.18886358582359,-1.11806557994205,0
107,320,-2.65661766307245,-0.140846494429048,0.985393288944884,-2.40779170440529,-1.31722505666482,-1.10057442193546,0
107,321,-2.61157019485837,-0.222447688526246,0.996130582273994,-2.25377683570472,-1.57580359938998,-1.03864658103312,0
107,322,-2.65498756648397,-0.225001861653475,1.03671953767789,-2.27447224354695,-1.50169041459791,-1.08868311650331,0
107,323,-2.73029764900043,-0.177862675259108,1.05934682449331,-2.33200332127682,-1.30455883730262,-1.19727198868353,0
107,324,-2.80143924181316,-0.068339743940952,0.993920273802026,-2.32340797465819,-1.07167820502879,-1.34314173956747,0
107,325,-2.83173836778027,-0.036456015636461,0.981208821366803,-2.30860497847339,-1.02682134478763,-1.4011960823932,0
107,326,-2.7797419762685,-0.180262859375519,1.27373688269731,-2.6746641196358,-1.5187389184597,-1.2089068248834,0
107,327,-2.94297427265493,0.234295747255746,0.831135265226929,-2.48457045428882,-0.726335157270501,-1.54983557723183,1
107,328,-2.93602413041323,0.250523712978747,0.681243484300611,-2.23689276506279,-0.782423214546235,-1.61140612701833,0
107,329,-2.84563594620921,0.015632747498737,0.869805501548104,-2.229828454457,-1.02600848886922,-1.42363951723551,0
107,330,-2.82150385784308,0.00011219744007,0.861386099246266,-2.22243647044555,-1.04019236528116,-1.38842755484441,0
107,331,-2.7889899701411,-0.038471187986628,0.871934510306632,-2.21705001278274,-1.10423393404531,-1.32649266850656,0
107,332,-2.70375218109156,-0.153740863572906,0.916050562124637,-2.17476764277181,-1.39147480590365,-1.15801798253477,0
107,333,-2.65092994194985,-0.176354019608447,0.915378510754331,-2.20228750588775,-1.50442111197003,-1.08422256690676,0
107,334,-2.64946986589953,-0.145440129185234,0.920056428082671,-2.31485025187376,-1.42512922261595,-1.08640098203425,0
107,335,-2.66991889172329,-0.070766491196382,0.861938510803564,-2.37579854163724,-1.24008943098021,-1.11762793766537,0
107,336,-2.63499305407081,-0.064439857492847,0.713405318238495,-2.12131414440852,-1.31757619528939,-1.09515750930103,0
107,337,-2.60123636424423,-0.04699579857495,0.616419256212795,-2.02556599107201,-1.37600674380337,-1.0526449095156,0
107,338,-2.58152687144697,-0.028988534547362,0.587023286340733,-2.06297376923449,-1.3733790440718,-1.02786932651627,0
107,339,-2.55455276469408,0.019210529813627,0.438225014125736,-1.9407407553604,-1.40723396853489,-0.998173801907598,0
107,340,-2.53313949543561,0.100131211927988,0.237874968924308,-1.81387787182961,-1.41904926666485,-0.975447307021255,0
108,1,1.10021735753654,-3.28558102932762,-1.64463359635599,-1.83076344875981,-2.15412399412024,2.92876132702572,1
108,2,-2.60683437223051,0.289840415436164,1.41767761476612,-1.19112718775067,0.411146609791701,2.69600790165908,0
108,3,-2.65156553414972,0.260687291093789,1.44339714047399,-0.830471628268829,0.474966072058348,2.38671169309996,0
108,4,1.10844040489809,-3.36260012962455,-1.57834322521042,-1.76444268374116,-2.03929699982038,2.95761490787301,1
108,5,-2.5844215339672,0.277716220117231,1.46982024739602,-1.40372808682019,0.540624292513962,2.85118348374577,1
108,6,-2.647726907341,-0.01762352619275,1.73601049905008,-0.549107042423381,0.843969767938985,2.19358176553664,1
108,7,1.06418504867792,-2.89494986680925,-1.20567560506851,-3.60898108715359,-1.59407080822807,2.63985085755296,0
108,8,1.0945459716551,-2.90345538671233,-1.14742102387896,-3.67163236969843,-1.54703885323795,2.66809475958719,0
108,9,1.12057992458712,-2.9287410098512,-1.04329023909424,-3.80317210548568,-1.50869339443587,2.69090570014598,0
108,10,1.13392973537787,-2.95663123504269,-0.964921228249842,-3.85517754305067,-1.50703627634133,2.70420449874835,0
108,11,1.15415567740042,-2.9861747503698,-0.879314115849005,-3.91849750509035,-1.48146361877585,2.72334418650919,0
108,12,1.17267846967332,-3.01941228929384,-0.791325378471481,-3.97267965478879,-1.45834595440791,2.74089230539497,0
108,13,1.1866151953806,-3.0633768098998,-0.679467871545861,-4.04565844326567,-1.44746972852086,2.75435359962643,0
108,14,-2.22169914455017,-0.293840262558477,1.31487689358352,-2.70616391670833,-1.71173375670654,-0.65854778430823,0
108,15,-2.20553981613304,-0.272944436071488,1.24800215460897,-2.65731508842411,-1.71305737069705,-0.642275677498715,0
108,16,-2.10753974143897,-0.227291236101546,1.2128755270513,-2.78486316347966,-2.02316466759008,-0.603747602514748,0
108,17,-2.05731852797111,-0.17235558747744,1.13171299559309,-2.80934364172763,-2.18167625113243,-0.604920497906776,0
108,18,-2.04548824197542,-0.140828571106917,1.05287163969287,-2.76359388118491,-2.18432297273546,-0.591139811366909,0
108,19,-2.04793106153758,-0.117856387639591,0.975918691648697,-2.69605347875966,-2.12470595266993,-0.570042145857998,0
108,20,-2.07867815610711,-0.110342649201054,0.877323331985953,-2.53000887055182,-1.9444893804461,-0.549724003754239,0
108,21,-2.15954080867354,-0.127140184151114,0.826345504942363,-2.37047862017612,-1.71514326398465,-0.595780197153752,0
108,22,-2.17810400704305,-0.163019335148983,0.916754614135008,-2.41817562614037,-1.69444806268428,-0.612656363243091,0
108,23,-2.19391864619285,-0.195242035392212,1.00298538901117,-2.47179839785313,-1.68702469550788,-0.627996099666823,0
108,24,-2.20947800160208,-0.223914613869384,1.08408734955568,-2.52676770981528,-1.68297424646102,-0.643355553700698,0
108,25,-2.24489492011798,-0.245090684713151,1.13828047169335,-2.52762847748522,-1.61006019511978,-0.674482416881391,0
108,26,-2.25389084816853,-0.270169740641087,1.21881886945042,-2.60091828574617,-1.63521788013023,-0.684591746145672,0
108,27,-2.27271199288528,-0.290264934667462,1.28453459512088,-2.64737628197867,-1.62797770517923,-0.703020255115576,0
108,28,-2.29149247500785,-0.308254235790081,1.34771796896719,-2.69532486967074,-1.62362967916149,-0.721557650471634,1
108,29,-2.31194240337073,-0.323407275909093,1.40813496994163,-2.74446266920593,-1.61647738225304,-0.741552121177189,0
108,30,-2.33262409643905,-0.337293262868695,1.46488747322086,-2.78958774201945,-1.61153154206029,-0.761938204678711,0
108,31,-2.35499907172779,-0.348432911407581,1.51930899270283,-2.83617515186143,-1.60413016711293,-0.783820436228025,0
108,32,-2.37863252529147,-0.35771395850338,1.57095694550622,-2.88122615593865,-1.59596303772554,-0.806914389481304,0
108,33,-2.44540796175504,-0.29953661686085,1.63246444182426,-3.08504643456288,-1.45077082626041,-0.857337120175355,0
108,34,-2.49606777006972,-0.284490035550377,1.6242603126325,-3.08917127980596,-1.41477386724105,-0.905830583216283,0
108,35,-2.45916769682377,-0.297799459768539,1.59275298523529,-3.04891295469078,-1.4598091068356,-0.871026086268756,0
108,36,-2.40079591530839,-0.34537074505124,1.53052416813516,-2.86188600416304,-1.58145702163431,-0.827857476560659,0
108,37,-2.37329866855063,-0.339950765491684,1.47538190606667,-2.80128576294981,-1.60246741135125,-0.802053119226761,0
108,38,-2.35136709196523,-0.327457236475683,1.4206020464642,-2.75639621333207,-1.60864721278314,-0.780527716014287,0
108,39,-2.33010303841393,-0.313116942555046,1.36271391740708,-2.70981009545509,-1.61562707271996,-0.75971585963791,0
108,40,-2.31015136020336,-0.296481581006101,1.30183310300766,-2.66277623837977,-1.62109522283929,-0.740100422714785,0
108,41,-2.29098496227944,-0.277616137334625,1.23707824539149,-2.61358286900344,-1.62665932843048,-0.721272270065294,0
108,42,-2.27306422219326,-0.256035799701937,1.16937560985221,-2.56581503276715,-1.63052564443273,-0.703545551463292,0
108,43,-2.25581527454427,-0.231932869992435,1.09628382288799,-2.51397476347088,-1.63456973166295,-0.686513621912559,0
108,44,-2.23925586144843,-0.204815476266024,1.01787601162719,-2.46015397017565,-1.6385938113001,-0.670158211126632,0
108,45,-2.22328970125672,-0.174119925576548,0.932245043144267,-2.40223617119454,-1.64283776763439,-0.654406306890692,0
108,46,-2.2085009853395,-0.138694067431839,0.83872217456267,-2.34234725340453,-1.64491190129091,-0.639684908208548,0
108,47,-2.19406951056921,-0.097448105136953,0.732449365283151,-2.2747644595116,-1.64782691449453,-0.625373841349292,0
108,48,-2.21215720774882,-0.071570359150041,0.663219353796465,-2.23323414712502,-1.64600678010658,-0.643432772161536,0
108,49,-2.22668433527583,-0.116815658628767,0.777251036022794,-2.30429884029998,-1.64329793456861,-0.657849275756641,0
108,50,-2.24174958896078,-0.154876157563764,0.876024168846951,-2.36687177548806,-1.64069700149221,-0.67281073823122,0
108,51,-2.25782086146983,-0.187652464534609,0.965406743300972,-2.42650227994046,-1.63652394393949,-0.688664029484534,0
108,52,-2.27423792833739,-0.216518602725908,1.04606289647485,-2.48018948290029,-1.63344388158596,-0.704938383078488,0
108,53,-2.29175427507537,-0.241891877457419,1.12134095821912,-2.53309000078907,-1.62875231167702,-0.722188404155454,0
108,54,-2.30955742166343,-0.264755560324783,1.19051887881936,-2.58085746435398,-1.62557806740749,-0.739839561561868,0
108,55,-2.32928009983151,-0.284315875080192,1.25689707145982,-2.63161780223505,-1.61820907163966,-0.759085144386661,0
108,56,-2.34878787930589,-0.302349003010102,1.31827556958656,-2.67677773486087,-1.6143724011914,-0.7783758409828,0
108,57,-2.37064377954821,-0.317204919200717,1.37682322274402,-2.72340238724288,-1.60533863260723,-0.799641402802193,0
108,58,-2.39509026850798,-0.328616101558553,1.43284174270504,-2.77240397949907,-1.59071113203829,-0.823074742001534,0
108,59,-2.42595031694631,-0.329531896429837,1.49203211193392,-2.85177762190567,-1.55789785884728,-0.850869656496024,0
108,60,-2.48564297320684,-0.2768369476896,1.55199852803417,-3.04748905944094,-1.42599691766889,-0.891947675918514,0
108,61,-2.51411846436262,-0.272448161136374,1.58597617514885,-3.07880253058035,-1.40805012838874,-0.920077340625476,0
108,62,-2.51314074445405,-0.264087532065625,1.5185316905301,-3.03084354306578,-1.40780013299494,-0.916894319360556,0
108,63,-2.4525417952247,-0.321321291538472,1.46139508855051,-2.83090301746268,-1.54670117173302,-0.876655764376244,0
108,64,-2.4210093191115,-0.320469258830377,1.40251820787241,-2.7518693462224,-1.58170837594193,-0.848421028797438,0
108,65,-2.39559994351965,-0.309568116901501,1.34626283481918,-2.70112509433337,-1.59910600807342,-0.824249889314783,0
108,66,-2.37478337487398,-0.293572893761513,1.28833291643959,-2.65744715172462,-1.6038350062249,-0.803726364922451,0
108,67,-2.35482959113822,-0.275295703236085,1.22667584695494,-2.61200318757209,-1.60832815525144,-0.784052570568101,0
108,68,-2.33447198712472,-0.255668404593618,1.16024726256024,-2.56149091309947,-1.61706087351607,-0.764269556462652,0
108,69,-2.31519878394702,-0.232916467860543,1.0902567707564,-2.5123451266149,-1.62461725948478,-0.745445666504527,0
108,70,-2.29685181864249,-0.207195150095328,1.01421773022052,-2.45913157418485,-1.6314418790417,-0.72750887641065,0
108,71,-2.28036809563791,-0.177358175375898,0.932660094699018,-2.40600049217244,-1.63376653049626,-0.711118174319167,0
108,72,-2.26387255918095,-0.143569110264933,0.841176850901907,-2.34501388393767,-1.6385426701296,-0.694890172671169,0
108,73,-2.24867633039755,-0.103951056589824,0.740029213103402,-2.28215031085369,-1.64056757092213,-0.679760909866878,0
108,74,-2.23367546347468,-0.056304493652745,0.620788368230524,-2.20797628126321,-1.64405948831283,-0.664927261995427,0
108,75,-2.24737653156294,0.000964019389987,0.478522663725195,-2.12195805246777,-1.63827557538962,-0.678343839651577,0
108,76,-2.26244980449543,-0.058858528154341,0.623658437628387,-2.20983312739278,-1.63428858277116,-0.693215800450371,0
108,77,-2.27770825747064,-0.105510781208269,0.73995563627936,-2.28147374263838,-1.63177803452236,-0.7083642718875,0
108,78,-2.29362687131307,-0.144320901470379,0.840020314259951,-2.3448044498447,-1.62890346025255,-0.724145659239679,0
108,79,-2.31034529010767,-0.177562685169156,0.9292173782412,-2.40315936147867,-1.62524599657967,-0.740668172077988,0
108,80,-2.32801726063449,-0.206475031367386,1.0099310704379,-2.45708400723846,-1.62037825198024,-0.758066964819554,0
108,81,-2.34648277308114,-0.23197351666612,1.0832176218348,-2.50564547297048,-1.61507093916325,-0.776249817301201,0
108,82,-2.36838930160658,-0.252652043675051,1.15344736202925,-2.5597064694953,-1.59978282181923,-0.797172960489796,0
108,83,-2.38806095471345,-0.272648365651025,1.21773071549415,-2.60607344630525,-1.59546822135035,-0.816571885059576,0
108,84,-2.40961344369677,-0.289343923450465,1.27872284916922,-2.65384575411546,-1.58717379017791,-0.837552059233444,0
108,85,-2.43098539489357,-0.304956251110935,1.3352589086392,-2.69614247132804,-1.58239658590707,-0.858622298161081,0
108,86,-2.45346412859183,-0.318079047120284,1.38894770480699,-2.73886258698527,-1.57661851253633,-0.880695957568868,0
108,87,-2.51588504483134,-0.26875749080752,1.45985564016592,-2.95058140029077,-1.42969619932745,-0.924006393260722,0
108,88,-2.54375481588561,-0.262157817191585,1.49805696395874,-3.00085626567044,-1.41004138411701,-0.949061445960269,0
108,89,-2.55109218530086,-0.249687986880622,1.4337667343265,-2.95245000726315,-1.40031695247544,-0.954968843860037,0
108,90,-2.49397019068052,-0.300099604568143,1.3768730208577,-2.76740411481222,-1.53310563902619,-0.91721214413749,0
108,91,-2.46090973589183,-0.298993384507541,1.31604094052765,-2.68489264864454,-1.57497220686396,-0.888061907837423,0
108,92,-2.43792567942827,-0.284672694597487,1.25968362790843,-2.63999820782153,-1.58425919267423,-0.865723153872546,0
108,93,-2.41644238211179,-0.26774287497485,1.20000129913028,-2.59482905419511,-1.59108793456141,-0.844701971735514,0
108,94,-2.39591279765218,-0.248190965996601,1.13592788331928,-2.54748456625075,-1.59722176477954,-0.824589227691146,0
108,95,-2.37601139209258,-0.226269800532946,1.06709746612656,-2.49739524498598,-1.60375590569703,-0.805120728101707,0
108,96,-2.35743717956674,-0.200758342820872,0.993194618254543,-2.44667213519912,-1.60792020621577,-0.786801116694866,0
108,97,-2.33913847161102,-0.172143813154015,0.911937067472692,-2.39065626941941,-1.61358500150526,-0.768856716669252,0
108,98,-2.3221484574565,-0.138734978768373,0.823113259258339,-2.33322264559214,-1.61663056150945,-0.752028750028088,0
108,99,-2.30530801701055,-0.099876043341719,0.721459571128862,-2.26698438604046,-1.62148322850964,-0.735470785699759,0
108,100,-2.28966456399908,-0.052572109039338,0.604146877188134,-2.195138165536,-1.62384591478741,-0.719933871758736,0
108,101,-2.27426365402817,0.008952129981905,0.455169186186718,-2.1046840092745,-1.62746399281837,-0.704720037144849,0
108,102,-2.40012251892405,-0.216668740419505,1.0366503843595,-2.47781028189336,-1.60069812216254,-0.829080416713433,0
108,103,-2.41969341614724,-0.239492575322659,1.1050648791404,-2.52530622415139,-1.59621789377349,-0.848370954770234,0
108,104,-2.44096210462276,-0.258892429175419,1.16968724610001,-2.57415311283693,-1.58808004059773,-0.869064016900461,0
108,105,-2.46207181499576,-0.276670409745686,1.22890645945401,-2.61708210057116,-1.58325449212705,-0.889860125969619,0
108,106,-2.49125258736873,-0.285709333119455,1.28660823544552,-2.67362643421343,-1.5523797343438,-0.916861890065594,0
108,107,-2.55077588212548,-0.243720938913561,1.35668840768968,-2.86722970794201,-1.40736261765465,-0.957870163330296,0
108,108,-2.57718463210039,-0.240640291957103,1.39594387088282,-2.91311756682887,-1.39067858443111,-0.982000319117967,0
108,109,0.852348928142348,-3.09268704105542,-0.6976290717579,-3.83096826988688,-1.69484670647742,2.44508864965819,0
108,110,0.88139600828387,-3.12289368144731,-0.575462886376219,-3.96893879539171,-1.64430704712183,2.46492643530638,0
108,111,0.920425930182546,-3.21967932979999,-0.295551491978914,-4.24445978653515,-1.55675756795795,2.49283071360984,1
108,112,-2.47846254113096,-0.252992647746734,1.15898543161676,-2.56798920066038,-1.56559176523221,-0.905360932419659,0
108,113,-2.45747101793628,-0.23385325949197,1.09713089937787,-2.52344362155061,-1.57070417859064,-0.884714349943961,0
108,114,-2.43554537534271,-0.213258049765444,1.02985758670918,-2.47364494910434,-1.58201833851065,-0.863512035449727,0
108,115,-2.41477530536607,-0.189249265423975,0.959178107616258,-2.42693869319684,-1.59161176565856,-0.843247263520911,0
108,116,-2.43370942295047,-0.166716894840711,0.894479668236707,-2.38000852130227,-1.5847529365439,-0.861980606765654,0
108,117,-2.45361621868349,-0.193162439117326,0.971045915596702,-2.43348698612055,-1.57836759948425,-0.881454496875739,0
108,118,-2.47422073220747,-0.216122408394881,1.04079392554417,-2.48329889625822,-1.57183619420888,-0.901606889528213,0
108,119,-2.49579115618393,-0.235958170468937,1.10520721696965,-2.53102289169988,-1.56423153334584,-0.922635628593527,0
108,120,-2.51849866321067,-0.252810607409713,1.16413177398615,-2.57512178818604,-1.55504681515314,-0.944750067413533,0
108,121,-2.57523640557207,-0.221402060655138,1.24220282316792,-2.76156621046112,-1.41443124965273,-0.984652912708387,0
108,122,-2.6060871967217,-0.212715220881877,1.28234607936675,-2.82060448466328,-1.37613625232753,-1.01080394453444,1
108,123,-2.62055591861102,-0.197581456744219,1.22549762420861,-2.77564901734984,-1.37334468663148,-1.02540237975751,0
108,124,-2.5935553525988,-0.199426247116547,1.18513465306916,-2.73072014602058,-1.39692679963536,-1.00085748821906,0
108,125,-2.54084288264634,-0.227195289725885,1.11136215989459,-2.56065284860111,-1.5270526847314,-0.964785992279792,0
108,126,-2.51044368413835,-0.216479912829448,1.04284854046049,-2.4861314096482,-1.56649526089206,-0.937517124082953,0
108,127,-2.48970510802426,-0.194495578120057,0.976799564581786,-2.44039497173427,-1.57144481293577,-0.917108019873811,0
108,128,-2.46877944257375,-0.169848255212927,0.902906103972923,-2.38711417570372,-1.57967098482781,-0.896766148482117,0
108,129,-2.44940480192812,-0.140699186550482,0.822784908922753,-2.33402487602418,-1.58427516895277,-0.877685593512316,0
108,130,-2.46399320609312,-0.103600148592366,0.72752049899798,-2.27433665897842,-1.5753470185979,-0.891876432463781,0
108,131,-2.48419948266798,-0.135496106372998,0.812593330697887,-2.32692242112504,-1.56688870360803,-0.911710087512708,0
108,132,-2.50550559964365,-0.162662434007951,0.891600302907812,-2.38199242658167,-1.55645870600667,-0.93238009153127,0
108,133,-2.52625240674546,-0.186783414016476,0.962536593150965,-2.43121585758946,-1.55074017238871,-0.952730818908676,0
108,134,-2.54806084819403,-0.207225650601213,1.02680222204778,-2.4768991051244,-1.54335282972173,-0.974075768887183,0
108,135,-2.60349577274295,-0.183697805444069,1.1078157754958,-2.64745755221553,-1.40068415390147,-1.01496332841842,0
108,136,-2.63304190571243,-0.176975103706259,1.15489450247022,-2.71913062233786,-1.36283885042365,-1.03851279076412,0
108,137,-2.65266586216509,-0.154986598050025,1.09200200602632,-2.66936144015829,-1.34910930877743,-1.05904010004997,0
108,138,-2.62796295787895,-0.150907998264419,1.05461353710812,-2.64667384683762,-1.36458611064463,-1.03327269275953,0
108,139,-2.56458954010037,-0.18735402514865,0.964244521050957,-2.42866126691254,-1.54706043342948,-0.991072508161985,0
108,140,-2.54430565168397,-0.16463979173163,0.90172967684257,-2.39250659089554,-1.5487130181538,-0.970681765992576,0
108,141,-2.52272741423239,-0.139115623662158,0.825593985874617,-2.33723692905236,-1.55800501220064,-0.949782195908974,0
108,142,-2.50258452734495,-0.108588165428605,0.741803009028516,-2.28109254044455,-1.56393313336514,-0.930038286528312,0
108,143,-2.48291667503221,-0.071832502558013,0.64472460132537,-2.21719482504356,-1.57029307641054,-0.910791725373273,0
109,1,-2.18076498531967,0.087006861283528,0.383298276529981,-2.10817082170848,-1.86049147225473,-0.635731658550091,0
109,2,-2.19124183611406,0.019261776795434,0.534227568829207,-2.18065019747328,-1.86976285982125,-0.647298505885689,0
109,3,-2.20202104394452,-0.032591231368179,0.650740837481113,-2.23489204906609,-1.8792838830728,-0.659120060825745,0
109,4,-2.21311471128853,-0.075951365819695,0.74905659415639,-2.27973222548942,-1.88905923613279,-0.671211445811797,0
109,5,-2.2245354683242,-0.113750079251242,0.835606243573364,-2.31868845234591,-1.899093612181,-0.683588968067078,0
109,6,-2.23629650493307,-0.147503215351502,0.913722944949318,-2.35359723885111,-1.90939161457409,-0.696270236607935,0
109,7,-2.24841158026968,-0.178112656381267,0.985397545829415,-2.38556814811576,-1.91995773381867,-0.709274297843136,0
109,8,-2.26089508835343,-0.206164207211972,1.05193085243659,-2.41533837978307,-1.93079623517462,-0.722621704677442,0
109,9,-2.27376200263545,-0.23206147799562,1.11422678083472,-2.44343224009486,-1.94191122223984,-0.736334708049903,0
109,10,-2.28702792843044,-0.256094397056233,1.17294237511039,-2.47024283410374,-1.95330640207132,-0.750437378498185,0
109,11,-2.30070912658469,-0.278478053888944,1.22857237152206,-2.49607776829639,-1.96498516368377,-0.764955776872785,0
109,12,-2.31482242875315,-0.299375159880908,1.28149876001254,-2.52118656335914,-1.97695040416919,-0.779917983673399,0
109,13,-2.3293853843636,-0.318910813941948,1.33202297182945,-2.54577837582587,-1.98920436582489,-0.795354582920182,0
109,14,-2.34441615052867,-0.337182033428334,1.38038668814815,-2.57003336823406,-2.00174857371465,-0.811298630990314,0
109,15,-2.35993351133889,-0.354264280487033,1.42678614606067,-2.5941107753962,-2.01458365280404,-0.827785941623315,0
109,16,-2.3387111030751,-0.380948160184686,1.43452196653908,-2.52185905588387,-2.12898538918059,-0.817645820318892,0
109,17,-2.53147050832638,-0.359348108119452,1.57005143823887,-2.78364268318471,-1.64529008330663,-0.962265307744941,1
109,18,-2.72353150134685,-0.160144129809764,1.49581771587575,-2.86768583149159,-1.09030630832065,-1.21089607358025,0
109,19,-2.63742946787436,-0.318460352512573,1.63305290654814,-2.89050625978502,-1.48868213136784,-1.06849968760813,1
109,20,-2.45903269728156,-0.442519515697178,1.60309029845836,-2.60897854816432,-2.02585819642794,-0.902600793471744,1
109,21,-2.74723014579505,-0.263026501940541,1.70984400434033,-3.08452459659593,-1.32252108036017,-1.17305889704061,0
109,22,-2.66317761317824,-0.360519718871208,1.65120826206616,-2.86148944020995,-1.570792393248,-1.0923849568652,0
109,23,-2.45584836969931,-0.420575161472534,1.54734827944266,-2.6051541665532,-2.05521988961932,-0.914436951951947,1
109,24,-2.65469812584384,-0.288355495507581,1.55324603752538,-2.83195305480429,-1.4350187926288,-1.08851341798507,0
109,25,-2.72124583717783,-0.15286044483041,1.40333760915597,-2.73420902273708,-1.09284382148294,-1.22707227215134,1
109,26,-2.5470915057541,-0.333112105195576,1.49805150755362,-2.74007719716227,-1.60932833341054,-0.977257693218382,0
109,27,-2.38962741891698,-0.359213816735468,1.42959715409671,-2.63538679543342,-2.01121119396435,-0.869257674433883,0
109,28,-2.37767759716023,-0.3279491930894,1.38801746239792,-2.64030261574465,-1.99110940273926,-0.854406722307684,0
109,29,-2.36333383329991,-0.30965308793253,1.34054704412273,-2.61571391130458,-1.97468398900764,-0.837389624483154,0
109,30,-2.34754927747011,-0.290766710564981,1.28978301410293,-2.58770626443387,-1.96436280642895,-0.820080943070428,0
109,31,-2.33226775657457,-0.270499283803887,1.23656669077349,-2.55917110298179,-1.95426341952724,-0.803346481666402,0
109,32,-2.31747008333287,-0.248725036696709,1.18059952881941,-2.52990238833377,-1.94438733694506,-0.787153659707385,0
109,33,-2.30313764600678,-0.225280696624753,1.12150199731025,-2.49965288826908,-1.93473510416736,-0.771471882609538,0
109,34,-2.28925252196437,-0.199950471960776,1.05878096598115,-2.46811641838035,-1.92530635064396,-0.75627270786427,0
109,35,-2.2757973163309,-0.172443405736837,0.991780034761361,-2.43490062646943,-1.91610009933436,-0.741529328247011,0
109,36,-2.26275532022988,-0.142354486180653,0.919594573156297,-2.39948081773333,-1.90711469988851,-0.727216718107035,0
109,37,-2.25011038879148,-0.109095648956012,0.840921036976661,-2.36111821179615,-1.89834809703374,-0.713311542754553,0
109,38,-2.23784707380331,-0.071761244834257,0.753762016483723,-2.3186992786906,-1.8897977535895,-0.699791944524026,0
109,39,-2.22595048150354,-0.028828420029953,0.654770792010023,-2.27037986317086,-1.88146085484773,-0.686637444850409,0
109,40,-2.21440633582717,0.022648583160509,0.537486197284775,-2.21262564600364,-1.87333430140444,-0.673828898046596,0
109,41,-2.20320093695795,0.090106524129441,0.385608892641812,-2.13655642677592,-1.86541480587636,-0.661348419944913,0
109,42,-2.29663133516332,-0.174515609595073,1.04888123950836,-2.57144457652735,-1.96262613979341,-0.785354321143899,0
109,43,-2.31126372570193,-0.199582042718033,1.11411458741446,-2.60945315184504,-1.96928331779154,-0.802247168641499,0
109,44,-2.32640202491085,-0.222598810255602,1.17543252116404,-2.64606190833427,-1.97603531454432,-0.819736437206722,0
109,45,-2.34206787984474,-0.243807505784174,1.23338316593932,-2.68160503291943,-1.98287590327198,-0.837854024801005,0
109,46,-2.35828363643272,-0.263389647706192,1.28838374719563,-2.7163475645462,-1.98979758293193,-0.856633350558032,0
109,47,-2.37507252171888,-0.281484021984993,1.3407583086286,-2.75050567824717,-1.99679129986194,-0.876109533845238,0
109,48,-2.36789496900321,-0.317623598985893,1.35397098954785,-2.66533355311237,-2.07450745462242,-0.878730873780602,0
109,49,-2.49662093585874,-0.268392044162054,1.38274788973977,-2.86063492343112,-1.71030870620504,-0.939088838076358,0
109,50,-2.37124490294498,-0.273123810721992,1.31481441640899,-2.79514459512896,-2.06611234078929,-0.908538878479766,0
109,51,-2.3674133213212,-0.244532248695786,1.2585193382643,-2.75902999982219,-2.01789740158214,-0.884496440208491,0
109,52,-2.3493177390393,-0.22274637007534,1.19956015045622,-2.71924754457449,-2.01847583052538,-0.864839819589709,0
109,53,-2.33360355890327,-0.200990710610838,1.14097145386293,-2.68347460048331,-2.01240245930015,-0.846002333268399,0
109,54,-2.31840389596752,-0.177338467492057,1.07878639685884,-2.64650945450306,-2.00640319050988,-0.827796729486386,0
109,55,-2.30369861551525,-0.151514708260808,1.01238688375176,-2.60798178518233,-2.00048541695176,-0.810192701003124,0
109,56,-2.30983608027273,-0.13436012198067,0.996275764365704,-2.66780821160267,-2.0652605740279,-0.849419232977644,0
109,57,-2.32451873614505,-0.16016036356511,1.06269429386754,-2.70727366865503,-2.07091648350266,-0.868132738976047,0
109,58,-2.32038085033574,-0.177784173542918,1.12819544034386,-2.78943158642891,-2.15316134219904,-0.90899020031447,0
109,59,-2.31223948187332,-0.202732673210722,1.17738857049515,-2.82749375943732,-2.24649756301102,-0.956224335215128,0
109,60,-2.43279511907477,-0.244147837077933,1.26012366124491,-2.79672189357824,-1.86255916490108,-0.909633195035207,0
109,61,-2.50477206148961,-0.247006711532787,1.29464332949994,-2.78790917004383,-1.68142970623616,-0.942258722080106,0
109,62,-2.57401680619225,-0.220995458606057,1.23839536680172,-2.69714086072997,-1.5553410256887,-0.999379712257023,0
109,63,-2.60624823390339,-0.157339052251376,1.06378217411142,-2.42944907595498,-1.35944484509422,-1.05302497482332,0
109,64,-2.60964479440009,-0.102341221955116,0.932900224134308,-2.27931449545442,-1.26094692653375,-1.08560811800108,0
109,65,-2.46935294309404,-0.202387103876565,1.12820232669576,-2.66790420632993,-1.70960213210596,-0.911047025820716,0
109,66,-2.39719204344831,-0.187695916306825,1.09865948538237,-2.72443725715792,-1.91036953310733,-0.889956242382103,0
109,67,-2.30755108205615,-0.125485692717516,1.04167680689646,-2.87700431245865,-2.20890360359317,-0.952923864697498,0
109,68,-2.27496400433406,-0.065321744236978,0.959729586111785,-2.93023856163723,-2.29131008779073,-0.988323999685861,0
109,69,0.986381756156607,-3.01955095051703,-0.887044921456875,-0.658602037437902,1.32994837180821,-0.604178398788813,0
109,70,0.845248198172278,-3.14494086204409,-0.592891075696322,-1.04117292314604,1.82871722076616,-0.749093429287609,0
109,71,0.850860521969117,-3.07526841519195,-0.743650027312385,-0.939635920931081,1.74323506637266,-0.73150181763545,0
109,72,0.872210063825545,-3.01019726387544,-1.01054304421007,-0.542088937694209,1.60743884192099,-0.691490426781278,0
109,73,0.876061283380859,-2.96368814480225,-1.05188588336334,-0.618739772645998,1.53128043077538,-0.69494427973295,0
109,74,0.943372386560282,-2.90913084991851,-1.22115364278338,-0.419222090719112,1.22930950870465,-0.670181122444397,0
109,75,0.997058798319939,-2.88594564681214,-1.30964662209869,-0.329510093135216,0.971703088401379,-0.698736276094827,1
109,76,-2.55793456051318,-0.220858201847148,1.14989195722633,-2.66632638706294,-1.6744791141894,-0.995353205354364,0
109,77,-2.4853705936448,-0.206373489844976,1.16210164221018,-2.82532802664097,-1.86972114258316,-0.974551942039011,1
109,78,-2.56078406637177,0.047722009449685,1.06010523997688,-3.33218305471426,-1.43177706173757,-0.824585852015207,1
109,79,-2.51346277511991,-0.139192625755534,0.834958356114456,-2.26700445036366,-1.62092437975628,-0.944272187735244,0
109,80,-2.38726606128327,-0.057300955077976,0.500660970615303,-1.87232275699552,-2.0071218752801,-0.826832404791542,1
109,81,-2.47636008134301,-0.081070826765099,0.784165033503011,-2.38935686132256,-1.62868540832562,-0.90774906672326,0
109,82,-2.47160952319422,-0.028451358309828,0.638645213165632,-2.24622074630694,-1.57596481404455,-0.900129350887337,1
109,83,-2.39004273996086,-0.048060325467643,0.768619708026642,-2.63252840427693,-1.96050467140993,-0.907063019535361,0
109,84,-2.37004795411395,-0.064283900031002,0.870179394042234,-2.82951722735709,-2.11937034244161,-0.9811318113352,0
109,85,-2.43296405001549,-0.123901921680529,0.916860779548841,-2.66942867414391,-1.91886801750827,-0.935795886663869,0
109,86,-2.51164545371438,-0.136200152137278,0.89499919260494,-2.48498911245643,-1.67724441295478,-0.948687151198602,0
109,87,-2.54666823744999,-0.151268289271007,0.932293164330454,-2.47027087093778,-1.61645514968924,-0.976814469507925,0
109,88,-2.56910259528769,-0.17260880303716,0.994694441993424,-2.51105123453714,-1.60718761779024,-0.998470424377255,0
109,89,-2.61929258495338,-0.165942725792405,1.00360575143084,-2.4723032208105,-1.4953409220275,-1.04528424766652,0
