target_line,group_id,point_id,q1,q2,q3,q4,q5,q6,is_discontinuous,is_task_waypoint,source_point_id,waypoint_kind,speed,base_y_error_mm,base_y_actual_mm,standoff_mm,base_height_mm,lift_mm
1,104,1,-1.5708,-1.5708,1.5708,-1.5708,-1.5708,0,0,0,,home,60,0,-1610,50,652,0
1,104,2,-1.605992659,-1.473714881,1.511777816,-1.605185564,-1.564490468,-0.03532018521,0,0,,transition,30,0,-1610,50,652,0
1,104,3,-1.641185318,-1.376629762,1.452755632,-1.639571127,-1.558180936,-0.07064037041,0,0,,transition,30,0,-1610,50,652,0
1,104,4,-1.676377977,-1.279544643,1.393733448,-1.673956691,-1.551871403,-0.1059605556,0,0,,transition,30,0,-1610,50,652,0
1,104,5,-1.711570636,-1.182459524,1.334711264,-1.708342255,-1.545561871,-0.1412807408,0,0,,transition,30,0,-1610,50,652,0
1,104,6,-1.746763295,-1.085374404,1.27568908,-1.742727819,-1.539252339,-0.176600926,0,0,,transition,30,0,-1610,50,652,0
1,104,7,-1.781955954,-0.9882892854,1.216666896,-1.777113382,-1.532942807,-0.2119211112,0,0,,transition,30,0,-1610,50,652,0
1,104,8,-1.817148613,-0.8912041663,1.157644712,-1.811498946,-1.526633275,-0.2472412964,0,0,,transition,30,0,-1610,50,652,0
1,104,9,-1.852341272,-0.7941190472,1.098622528,-1.84588451,-1.520323742,-0.2825614816,0,0,,transition,30,0,-1610,50,652,0
1,104,10,-1.887533931,-0.697033928,1.039600344,-1.880270074,-1.51401421,-0.3178816669,0,0,,transition,30,0,-1610,50,652,0
1,104,11,-1.92272659,-0.5999488089,0.9805781596,-1.914655637,-1.507704678,-0.3532018521,0,0,,transition,30,0,-1610,50,652,0
1,104,12,-1.957919248,-0.5028636898,0.9215559756,-1.949041201,-1.501395146,-0.3885220373,0,0,,transition,30,0,-1610,50,652,0
1,104,13,-1.993111907,-0.4057785707,0.8625337916,-1.983426765,-1.495085614,-0.4238422225,0,0,,transition,30,0,-1610,50,652,0
1,104,14,-2.028304566,-0.3086934516,0.8035116075,-2.017812328,-1.488776082,-0.4591624077,0,1,1,task,60,0,-1610,50,652,0
1,104,15,-2.033394867,-0.3317989042,0.8559566695,-2.045811519,-1.48945881,-0.4642418773,0,0,,transition,60,0,-1610,50,652,0
1,104,16,-2.038485167,-0.3549043568,0.9084017315,-2.073810709,-1.490141538,-0.4693213469,0,1,2,task,60,0,-1610,50,652,0
1,104,17,-2.049106398,-0.3961789974,1.002854915,-2.12429692,-1.491576249,-0.4799157581,0,1,3,task,60,0,-1610,50,652,0
1,104,18,-2.060195919,-0.4337509181,1.089583483,-2.170750224,-1.493084933,-0.4909728466,0,1,4,task,60,0,-1610,50,652,0
1,104,19,-2.071783596,-0.468395434,1.170299861,-2.214108378,-1.494672703,-0.502521979,0,1,5,task,60,0,-1610,50,652,0
1,104,20,-2.083901706,-0.5006348507,1.246165699,-2.255011567,-1.496345101,-0.5145948826,0,1,6,task,60,0,-1610,50,652,0
1,104,21,-2.096585155,-0.5308384408,1.318010662,-2.293921253,-1.49810814,-0.5272258635,0,1,7,task,60,0,-1610,50,652,0
1,104,22,-2.109871729,-0.5592764226,1.386450615,-2.33118443,-1.499968346,-0.5404520454,0,1,8,task,60,0,-1610,50,652,0
1,104,23,-2.123802353,-0.5861513895,1.451956516,-2.367071135,-1.501932802,-0.5543136308,0,1,9,task,60,0,-1610,50,652,0
1,104,24,-2.138421385,-0.6116176936,1.514897004,-2.401797718,-1.504009197,-0.5688541848,0,1,10,task,60,0,-1610,50,652,0
1,104,25,-2.153776929,-0.6357939469,1.57556597,-2.435541983,-1.50620588,-0.584120944,0,1,11,task,60,0,-1610,50,652,0
1,104,26,-2.169921174,-0.6587713719,1.634201093,-2.46845346,-1.508531909,-0.6001651492,0,1,12,task,60,0,-1610,50,652,0
1,104,27,-2.182202922,-0.6836741498,1.685140101,-2.486357174,-1.522423974,-0.6115943854,0,1,13,task,60,0,-1610,50,652,0
1,104,28,-2.20028835,-0.7060230805,1.742204379,-2.520429477,-1.524223701,-0.6296257071,0,1,14,task,60,0,-1610,50,652,0
1,104,29,-2.219407583,-0.7273176341,1.797653703,-2.55395329,-1.526075663,-0.6486885837,0,1,15,task,60,0,-1610,50,652,0
1,104,30,-2.224528509,-0.7326602715,1.811746808,-2.562539183,-1.526571194,-0.6537940483,0,1,16,task,60,0,-1610,50,652,0
1,104,31,-2.244350675,-0.7208895525,1.777683062,-2.537656544,-1.540805275,-0.6728525402,0,1,17,task,30,0,-1610,50,652,0
1,104,32,-2.228481859,-0.6979312779,1.724870239,-2.509493823,-1.530115708,-0.6575458175,0,1,18,task,60,0,-1610,50,652,0
1,104,33,-2.211701922,-0.6749088302,1.670275174,-2.480194833,-1.523708035,-0.6411161992,0,1,19,task,60,0,-1610,50,652,0
1,104,34,-2.195744247,-0.6509459937,1.614027986,-2.450328972,-1.51743452,-0.6254975957,0,1,20,task,60,0,-1610,50,652,0
1,104,35,-2.180001615,-0.626591203,1.556929204,-2.421494407,-1.512725571,-0.6100277946,0,1,21,task,60,0,-1610,50,652,0
1,104,36,-2.164936308,-0.6012320603,1.497940177,-2.391988138,-1.508326349,-0.5952069337,0,1,22,task,60,0,-1610,50,652,0
1,104,37,-2.150088551,-0.5749759433,1.435864095,-2.359567537,-1.505372885,-0.5805020382,0,1,23,task,60,0,-1610,50,652,0
1,104,38,-2.135516258,-0.5475752994,1.370402785,-2.324212776,-1.503681536,-0.5659903614,0,1,24,task,60,0,-1610,50,652,0
1,104,39,-2.121638822,-0.5188055689,1.301924135,-2.287159814,-1.501998816,-0.5521696562,0,1,25,task,60,0,-1610,50,652,0
1,104,40,-2.10845041,-0.4886571295,1.229952452,-2.247903359,-1.500202167,-0.5390399404,0,1,26,task,60,0,-1610,50,652,0
1,104,41,-2.095841211,-0.456414623,1.153834532,-2.206588794,-1.498496858,-0.526482119,0,1,27,task,60,0,-1610,50,652,0
1,104,42,-2.083776302,-0.4216907028,1.072702117,-2.162733878,-1.496876974,-0.5144618572,0,1,28,task,60,0,-1610,50,652,0
1,104,43,-2.072223295,-0.3839337912,0.9853302865,-2.115664194,-1.495337039,-0.5029473091,0,1,29,task,60,0,-1610,50,652,0
1,104,44,-2.06115214,-0.3423174061,0.8898952946,-2.064381619,-1.493871989,-0.4919089184,0,1,30,task,60,0,-1610,50,652,0
1,104,45,-2.055843537,-0.3189129746,0.8366814852,-2.035835319,-1.493174564,-0.4866140775,0,0,,transition,60,0,-1610,50,652,0
1,104,46,-2.050534935,-0.2955085431,0.7834676758,-2.007289018,-1.492477139,-0.4813192365,0,1,31,task,60,0,-1610,50,652,0
1,104,47,-2.070190645,-0.2608997495,0.7152839822,-1.971675375,-1.489284383,-0.5011990834,0,1,32,task,30,0,-1610,50,652,0
1,104,48,-2.075814394,-0.286067674,0.7723422943,-2.002290689,-1.489405358,-0.5068385807,0,0,,transition,60,0,-1610,50,652,0
1,104,49,-2.081438142,-0.3112355985,0.8294006064,-2.032906002,-1.489526333,-0.512478078,0,1,33,task,60,0,-1610,50,652,0
1,104,50,-2.087175569,-0.3332744394,0.8794832208,-2.059531109,-1.490080663,-0.5182089819,0,0,,transition,60,0,-1610,50,652,0
1,104,51,-2.092912996,-0.3553132803,0.9295658351,-2.086156216,-1.490634993,-0.5239398857,0,1,34,task,60,0,-1610,50,652,0
1,104,52,-2.10468331,-0.3950034385,1.0199933,-2.133854791,-1.492432843,-0.5356582678,0,1,35,task,60,0,-1610,50,652,0
1,104,53,-2.116958685,-0.4313127872,1.103353142,-2.177862926,-1.494323484,-0.5478730723,0,1,36,task,60,0,-1610,50,652,0
1,104,54,-2.129769726,-0.4649141903,1.181129425,-2.218993511,-1.496312941,-0.5606142034,0,1,37,task,60,0,-1610,50,652,0
1,104,55,-2.142287283,-0.4968763435,1.254515003,-2.257888847,-1.500949537,-0.572917961,0,1,38,task,60,0,-1610,50,652,0
1,104,56,-2.155794267,-0.5269113179,1.324888992,-2.296387704,-1.504464002,-0.5862757761,0,1,39,task,60,0,-1610,50,652,0
1,104,57,-2.170517138,-0.5550271941,1.392468989,-2.334363744,-1.506423245,-0.6009364738,0,1,40,task,60,0,-1610,50,652,0
1,104,58,-2.185834157,-0.5816429918,1.456792509,-2.370259272,-1.508764467,-0.6161640956,0,1,41,task,60,0,-1610,50,652,0
1,104,59,-2.200655686,-0.6075112377,1.515227986,-2.397628782,-1.514449668,-0.6306441926,0,1,42,task,60,0,-1610,50,652,0
1,104,60,-2.215873333,-0.6325930616,1.572141087,-2.425127756,-1.521068042,-0.645462134,0,1,43,task,60,0,-1610,50,652,0
1,104,61,-2.231279781,-0.6571785893,1.628157733,-2.453768787,-1.529199244,-0.6604065138,0,1,44,task,60,0,-1610,50,652,0
1,104,62,-2.247908699,-0.6807702697,1.683241478,-2.483436232,-1.536338884,-0.6766484754,0,1,45,task,60,0,-1610,50,652,0
1,104,63,-2.26598645,-0.7033464979,1.737646418,-2.514552173,-1.542183515,-0.6944390591,0,1,46,task,60,0,-1610,50,652,0
1,104,64,-2.268509601,-0.706335787,1.744901242,-2.518732964,-1.542983598,-0.6969231262,0,1,47,task,60,0,-1610,50,652,0
1,104,65,-2.291757308,-0.6910144103,1.710263898,-2.498797445,-1.545094976,-0.7200830582,0,1,48,task,30,0,-1610,50,652,0
1,104,66,-2.272636645,-0.6686626645,1.655801442,-2.467239324,-1.540876668,-0.7011653187,0,1,49,task,60,0,-1610,50,652,0
1,104,67,-2.254436335,-0.6452964989,1.599537962,-2.434990619,-1.536753722,-0.6831627419,0,1,50,task,60,0,-1610,50,652,0
1,104,68,-2.238071428,-0.6206097172,1.542445204,-2.404228639,-1.530198181,-0.6671527894,0,1,51,task,60,0,-1610,50,652,0
1,104,69,-2.224402327,-0.5944778193,1.486205037,-2.378383688,-1.518549948,-0.6541856147,0,1,52,task,60,0,-1610,50,652,0
1,104,70,-2.210172816,-0.5682675196,1.430023622,-2.355765323,-1.510190422,-0.6405074597,0,1,53,task,60,0,-1610,50,652,0
1,104,71,-2.194554276,-0.5414938918,1.365543332,-2.319808183,-1.507566226,-0.6249963957,0,1,54,task,60,0,-1610,50,652,0
1,104,72,-2.179743932,-0.5130448073,1.297955938,-2.282314207,-1.504700154,-0.6103033461,0,1,55,task,60,0,-1610,50,652,0
1,104,73,-2.16570726,-0.4827026878,1.226778232,-2.2430149,-1.501542641,-0.5963966756,0,1,56,task,60,0,-1610,50,652,0
1,104,74,-2.152275884,-0.4503026995,1.151467842,-2.201671225,-1.498458018,-0.5830892341,0,1,57,task,60,0,-1610,50,652,0
1,104,75,-2.139281926,-0.4162012436,1.073328931,-2.161143633,-1.495858016,-0.570207476,0,1,58,task,60,0,-1610,50,652,0
1,104,76,-2.12679441,-0.3794036872,0.9896746465,-2.118109583,-1.493438681,-0.5578173239,0,1,59,task,60,0,-1610,50,652,0
1,104,77,-2.114737595,-0.3390894556,0.898462866,-2.070982237,-1.491350831,-0.5458324254,0,1,60,task,60,0,-1610,50,652,0
1,104,78,-2.108687667,-0.3166065571,0.8473230096,-2.043950171,-1.491225182,-0.5397671729,0,0,,transition,60,0,-1610,50,652,0
1,104,79,-2.102637739,-0.2941236586,0.7961831531,-2.016918106,-1.491099533,-0.5337019203,0,1,61,task,60,0,-1610,50,652,0
1,104,80,-2.096846068,-0.2681214448,0.7374463268,-1.985665776,-1.490946383,-0.5278960035,0,0,,transition,60,0,-1610,50,652,0
1,104,81,-2.091054397,-0.2421192311,0.6787095006,-1.954413446,-1.490793234,-0.5220900868,0,1,62,task,60,0,-1610,50,652,0
1,104,82,-2.110217697,-0.2110877244,0.6134797672,-1.918961882,-1.491243872,-0.5413158376,0,1,63,task,30,0,-1610,50,652,0
1,104,83,-2.116038372,-0.2395552941,0.678066966,-1.954531537,-1.49175706,-0.5471359782,0,0,,transition,60,0,-1610,50,652,0
1,104,84,-2.121859048,-0.2680228638,0.7426541648,-1.990101191,-1.492270249,-0.5529561188,0,1,64,task,60,0,-1610,50,652,0
1,104,85,-2.127961447,-0.2918894967,0.797077257,-2.019594921,-1.492664064,-0.5590629071,0,0,,transition,60,0,-1610,50,652,0
1,104,86,-2.134063845,-0.3157561295,0.8515003491,-2.04908865,-1.49305788,-0.5651696953,0,1,65,task,60,0,-1610,50,652,0
1,104,87,-2.146918285,-0.3570462251,0.9449330055,-2.096406143,-1.493432465,-0.5780430831,0,1,66,task,60,0,-1610,50,652,0
1,104,88,-2.159331578,-0.3946958938,1.028778665,-2.137012207,-1.496971669,-0.5902834584,0,1,67,task,60,0,-1610,50,652,0
1,104,89,-2.172415722,-0.4298169368,1.108335784,-2.177516531,-1.50013125,-0.6032154767,0,1,68,task,60,0,-1610,50,652,0
1,104,90,-2.186345172,-0.462980108,1.185555699,-2.220236499,-1.502524199,-0.6170594742,0,1,69,task,60,0,-1610,50,652,0
1,104,91,-2.200889286,-0.4938955591,1.258222769,-2.260663885,-1.504986046,-0.6315129786,0,1,70,task,60,0,-1610,50,652,0
1,104,92,-2.216085104,-0.5228879766,1.327062503,-2.299202123,-1.507520918,-0.6466126998,0,1,71,task,60,0,-1610,50,652,0
1,104,93,-2.231704766,-0.550223949,1.392041302,-2.335037573,-1.51087866,-0.6620779668,0,1,72,task,60,0,-1610,50,652,0
1,104,94,-2.242843206,-0.5777867347,1.444638312,-2.349701235,-1.528355807,-0.6720506622,0,1,73,task,60,0,-1610,50,652,0
1,104,95,-2.257941618,-0.6041572827,1.503519319,-2.380003601,-1.536746212,-0.6866732465,0,1,74,task,60,0,-1610,50,652,0
1,104,96,-2.275738553,-0.6287891116,1.56217366,-2.413409415,-1.54011098,-0.7043119096,0,1,75,task,60,0,-1610,50,652,0
1,104,97,-2.294394472,-0.6522900118,1.618721344,-2.445906996,-1.543564683,-0.7228040381,0,1,76,task,60,0,-1610,50,652,0
1,104,98,-2.313963311,-0.6747338824,1.673341981,-2.477609817,-1.54711127,-0.742203571,0,1,77,task,60,0,-1610,50,652,0
1,104,99,-2.314115703,-0.6749005968,1.673750187,-2.477848016,-1.547138595,-0.7423546544,0,1,78,task,60,0,-1610,50,652,0
1,104,100,-2.335609197,-0.6579651163,1.635327075,-2.455875176,-1.549114228,-0.7637626701,0,1,79,task,30,0,-1610,50,652,0
1,104,101,-2.315089795,-0.6356594951,1.581148014,-2.425380488,-1.547641186,-0.7433347879,0,1,80,task,60,0,-1610,50,652,0
1,104,102,-2.295486118,-0.612260256,1.524897998,-2.393907363,-1.546297123,-0.7238144636,0,1,81,task,60,0,-1610,50,652,0
1,104,103,-2.27674853,-0.5876842423,1.466386371,-2.361344667,-1.5450741,-0.7051527282,0,1,82,task,60,0,-1610,50,652,0
1,104,104,-2.259310685,-0.5619006354,1.407985877,-2.332737449,-1.542681946,-0.6879280916,0,1,83,task,60,0,-1610,50,652,0
1,104,105,-2.244881029,-0.5348714169,1.352357928,-2.31289927,-1.534049476,-0.6741105716,0,1,84,task,60,0,-1610,50,652,0
1,104,106,-2.231550646,-0.5059626162,1.28720055,-2.278047556,-1.523935638,-0.6612700759,0,1,85,task,60,0,-1610,50,652,0
1,104,107,-2.218000812,-0.4756221272,1.217574311,-2.239506584,-1.516172442,-0.6480917046,0,1,86,task,60,0,-1610,50,652,0
1,104,108,-2.204446861,-0.4434142333,1.142970529,-2.197330656,-1.510184381,-0.6348128675,0,1,87,task,60,0,-1610,50,652,0
1,104,109,-2.1914561,-0.4087719465,1.063404768,-2.1527373,-1.504234206,-0.6221020221,0,1,88,task,60,0,-1610,50,652,0
1,104,110,-2.179310037,-0.3723752702,0.9834434614,-2.114145967,-1.497338825,-0.6103387534,0,1,89,task,60,0,-1610,50,652,0
1,104,111,-2.166265667,-0.3346222099,0.9009043134,-2.078237639,-1.495006573,-0.5974118641,0,1,90,task,60,0,-1610,50,652,0
1,104,112,-2.159810975,-0.3124282164,0.8497020385,-2.049777566,-1.494494451,-0.5909568009,0,0,,transition,60,0,-1610,50,652,0
1,104,113,-2.153356282,-0.2902342229,0.7984997637,-2.021317494,-1.493982329,-0.5845017377,0,1,91,task,60,0,-1610,50,652,0
1,104,114,-2.147155499,-0.2645522889,0.7398576645,-1.988894156,-1.493492431,-0.5782998549,0,0,,transition,60,0,-1610,50,652,0
1,104,115,-2.140954716,-0.2388703548,0.6812155654,-1.956470819,-1.493002533,-0.572097972,0,1,92,task,60,0,-1610,50,652,0
1,104,116,-2.134994421,-0.2075136834,0.6103433097,-1.917480885,-1.492533415,-0.5661359343,0,0,,transition,60,0,-1610,50,652,0
1,104,117,-2.129034127,-0.1761570119,0.539471054,-1.878490952,-1.492064297,-0.5601738966,0,1,93,task,60,0,-1610,50,652,0
1,104,118,-2.14325274,-0.146167899,0.4719322097,-1.842049174,-1.512494353,-0.5734919705,0,1,94,task,30,0,-1610,50,652,0
1,104,119,-2.149141599,-0.1806916291,0.5493780418,-1.884405917,-1.513499932,-0.5793505369,0,0,,transition,60,0,-1610,50,652,0
1,104,120,-2.155030457,-0.2152153592,0.626823874,-1.92676266,-1.514505511,-0.5852091032,0,1,95,task,60,0,-1610,50,652,0
1,104,121,-2.161151391,-0.242578702,0.6887722155,-1.960789691,-1.515533402,-0.5912982782,0,0,,transition,60,0,-1610,50,652,0
1,104,122,-2.167272324,-0.2699420449,0.7507205571,-1.994816723,-1.516561294,-0.5973874532,0,1,96,task,60,0,-1610,50,652,0
1,104,123,-2.173637938,-0.2932321385,0.8039330247,-2.02418944,-1.517612642,-0.6037197723,0,0,,transition,60,0,-1610,50,652,0
1,104,124,-2.180003553,-0.3165222322,0.8571454924,-2.053562156,-1.518663991,-0.6100520913,0,1,97,task,60,0,-1610,50,652,0
1,104,125,-2.193250956,-0.3576272712,0.9519522667,-2.106183247,-1.520816005,-0.6232296815,0,1,98,task,60,0,-1610,50,652,0
1,104,126,-2.204845124,-0.3938926958,1.027041596,-2.135155608,-1.529849247,-0.634311816,0,1,99,task,60,0,-1610,50,652,0
1,104,127,-2.219162153,-0.4287514701,1.106800423,-2.178207057,-1.532073756,-0.6485266702,0,1,100,task,60,0,-1610,50,652,0
1,104,128,-2.234073804,-0.461060038,1.18126801,-2.218545755,-1.5343854,-0.6633287418,0,1,101,task,60,0,-1610,50,652,0
1,104,129,-2.249612785,-0.4912337253,1.251360909,-2.256676873,-1.536788764,-0.6787503605,0,1,102,task,60,0,-1610,50,652,0
1,104,130,-2.265813716,-0.519573878,1.317747344,-2.292971716,-1.539288635,-0.6948257656,0,1,103,task,60,0,-1610,50,652,0
1,104,131,-2.282635056,-0.5466078573,1.379570122,-2.324567673,-1.542062414,-0.7114652168,0,1,104,task,60,0,-1610,50,652,0
1,104,132,-2.300125689,-0.5724627989,1.438009558,-2.353282198,-1.545089521,-0.7287294394,0,1,105,task,60,0,-1610,50,652,0
1,104,133,-2.318355446,-0.597138662,1.494041404,-2.380834216,-1.548305802,-0.7467083352,0,1,106,task,60,0,-1610,50,652,0
1,104,134,-2.337932981,-0.620579328,1.548462538,-2.408526284,-1.550252383,-0.7661043967,0,1,107,task,60,0,-1610,50,652,0
1,104,135,-2.356264112,-0.6401734039,1.594947273,-2.432860785,-1.551022148,-0.7843337071,0,1,108,task,60,0,-1610,50,652,0
1,104,136,-2.365087609,-0.6263815137,1.552204857,-2.40746985,-1.581132064,-0.7918642658,0,1,109,task,30,0,-1610,50,652,0
1,104,137,-2.350984267,-0.6010146936,1.501493849,-2.385308079,-1.563271902,-0.7786757617,0,1,110,task,60,0,-1610,50,652,0
1,104,138,-2.333149694,-0.5764844001,1.446257825,-2.356871619,-1.556992679,-0.7612038655,0,1,111,task,60,0,-1610,50,652,0
1,104,139,-2.316031116,-0.5508114597,1.388711633,-2.327447542,-1.550850657,-0.7444358581,0,1,112,task,60,0,-1610,50,652,0
1,104,140,-2.29959316,-0.5238781362,1.328592236,-2.29687659,-1.544842413,-0.7283355368,0,1,113,task,60,0,-1610,50,652,0
1,104,141,-2.283318213,-0.4959193389,1.264986801,-2.263573807,-1.540349887,-0.7123068305,0,1,114,task,60,0,-1610,50,652,0
1,104,142,-2.267129939,-0.4667152234,1.197232314,-2.226943368,-1.537601472,-0.6962623715,0,1,115,task,60,0,-1610,50,652,0
1,104,143,-2.251581343,-0.4355114134,1.125376319,-2.188256799,-1.534953625,-0.6808483747,0,1,116,task,60,0,-1610,50,652,0
1,104,144,-2.255412625,-0.4111263835,1.071277882,-2.15942157,-1.534162259,-0.6847429158,0,0,,transition,30,0,-1610,50,652,0
1,104,145,-2.259243908,-0.3867413536,1.017179446,-2.13058634,-1.533370893,-0.6886374569,0,1,117,task,30,0,-1610,50,652,0
1,104,146,-2.274383137,-0.4207408709,1.09444259,-2.171592409,-1.536291469,-0.7036254035,0,1,118,task,60,0,-1610,50,652,0
1,104,147,-2.290119009,-0.4522741661,1.166549861,-2.209962631,-1.539315819,-0.7191994179,0,1,119,task,60,0,-1610,50,652,0
1,104,148,-2.306481271,-0.4817365709,1.234370002,-2.246176301,-1.542448486,-0.7353888902,0,1,120,task,60,0,-1610,50,652,0
1,104,149,-2.322469827,-0.5101695017,1.297444204,-2.277965372,-1.548608127,-0.7510263864,0,1,121,task,60,0,-1610,50,652,0
1,104,150,-2.338811543,-0.5373514258,1.357217876,-2.307677061,-1.555672551,-0.7669588692,0,1,122,task,60,0,-1610,50,652,0
1,104,151,-2.355801622,-0.5632553457,1.414348233,-2.336226056,-1.562877952,-0.7835264251,0,1,123,task,60,0,-1610,50,652,0
1,104,152,-2.372743825,-0.588489563,1.469061879,-2.3634619,-1.572146886,-0.7999569244,0,1,124,task,60,0,-1610,50,652,0
1,104,153,-2.384325801,-0.6075103738,1.508254921,-2.382605591,-1.582842943,-0.81102744,0,1,125,task,60,0,-1610,50,652,0
1,104,154,-2.40281037,-0.5876206664,1.462104058,-2.356581423,-1.58448264,-0.8294406722,0,1,126,task,30,0,-1610,50,652,0
1,104,155,-2.385303616,-0.5622024098,1.407190515,-2.327679922,-1.575314709,-0.812365666,0,1,127,task,60,0,-1610,50,652,0
1,104,156,-2.368441428,-0.5358711118,1.350385348,-2.298608874,-1.566292353,-0.7959724923,0,1,128,task,60,0,-1610,50,652,0
1,104,157,-2.352133319,-0.5089928449,1.292435097,-2.27072243,-1.557572939,-0.7801860295,0,1,129,task,60,0,-1610,50,652,0
1,104,158,-2.336415307,-0.4807416335,1.231602878,-2.241570868,-1.549003492,-0.7649754004,0,1,130,task,60,0,-1610,50,652,0
1,104,159,-2.320517648,-0.4513592062,1.166580442,-2.20900233,-1.542786731,-0.7494420064,0,1,131,task,60,0,-1610,50,652,0
1,104,160,-2.304390787,-0.4205143748,1.09650244,-2.172306401,-1.539153039,-0.7335234657,0,1,132,task,60,0,-1610,50,652,0
1,104,161,-2.288857089,-0.3873179456,1.021489301,-2.13310253,-1.535636571,-0.7181845451,0,1,133,task,60,0,-1610,50,652,0
1,104,162,-2.293310073,-0.3626911671,0.9678673206,-2.105536016,-1.534248038,-0.7227431304,0,0,,transition,30,0,-1610,50,652,0
1,104,163,-2.297763057,-0.3380643885,0.9142453398,-2.077969502,-1.532859506,-0.7273017156,0,1,134,task,30,0,-1610,50,652,0
1,104,164,-2.312986075,-0.3744617388,0.9955353756,-2.11989343,-1.536550481,-0.7423208467,0,1,135,task,60,0,-1610,50,652,0
1,104,165,-2.328573315,-0.4078139906,1.070013675,-2.157778059,-1.540959761,-0.757649806,0,1,136,task,60,0,-1610,50,652,0
1,104,166,-2.34471914,-0.4387802908,1.139425012,-2.193067455,-1.545539611,-0.7735162466,0,1,137,task,60,0,-1610,50,652,0
1,104,167,-2.359465116,-0.4687772134,1.202530232,-2.22181204,-1.556082868,-0.7876256188,0,1,138,task,60,0,-1610,50,652,0
1,104,168,-2.374534214,-0.497313158,1.262129058,-2.248678284,-1.567338318,-0.8020095841,0,1,139,task,60,0,-1610,50,652,0
1,104,169,-2.391528256,-0.524940227,1.322173495,-2.280058286,-1.574838626,-0.8186168878,0,1,140,task,60,0,-1610,50,652,0
1,104,170,-2.409402549,-0.5512848457,1.379902436,-2.311079986,-1.581799686,-0.836160532,0,1,141,task,60,0,-1610,50,652,0
1,104,171,-2.420569944,-0.5666432954,1.4136189,-2.329329738,-1.586053661,-0.8471324826,0,1,142,task,60,0,-1610,50,652,0
1,104,172,-2.437633167,-0.5444938181,1.362630431,-2.300762959,-1.587558589,-0.8641313965,0,1,143,task,30,0,-1610,50,652,0
1,104,173,-2.418954566,-0.5185292791,1.30533113,-2.269439481,-1.58174039,-0.8457188666,0,1,144,task,60,0,-1610,50,652,0
1,104,174,-2.400955667,-0.4911601842,1.245070124,-2.236747293,-1.575989471,-0.827991947,0,1,145,task,60,0,-1610,50,652,0
1,104,175,-2.383608662,-0.4622022796,1.181446372,-2.202457657,-1.570307519,-0.8109211592,0,1,146,task,60,0,-1610,50,652,0
1,104,176,-2.369849734,-0.431916311,1.120391048,-2.176855136,-1.555778276,-0.7980494701,0,1,147,task,60,0,-1610,50,652,0
1,104,177,-2.35563201,-0.4005896496,1.055285189,-2.148626934,-1.544117467,-0.7845631781,0,1,148,task,60,0,-1610,50,652,0
1,104,178,-2.340073914,-0.3675927622,0.9828679442,-2.113412416,-1.538259771,-0.7693700432,0,1,149,task,60,0,-1610,50,652,0
1,104,179,-2.324293097,-0.3313367864,0.9015165062,-2.070772407,-1.534944552,-0.7537695889,0,1,150,task,60,0,-1610,50,652,0
1,104,180,-2.329008327,-0.3054981328,0.8448048108,-2.040527338,-1.534365278,-0.7585370005,0,0,,transition,30,0,-1610,50,652,0
1,104,181,-2.333723557,-0.2796594792,0.7880931154,-2.010282269,-1.533786004,-0.7633044121,0,1,151,task,30,0,-1610,50,652,0
1,104,182,-2.349398655,-0.3202360248,0.8789136917,-2.05836899,-1.536746808,-0.7788257985,0,1,152,task,60,0,-1610,50,652,0
1,104,183,-2.365623217,-0.3566949327,0.9609049774,-2.101803238,-1.539805536,-0.7948862958,0,1,153,task,60,0,-1610,50,652,0
1,104,184,-2.380168857,-0.3895313161,1.02956444,-2.130890375,-1.549910708,-0.8087623731,0,1,154,task,60,0,-1610,50,652,0
1,104,185,-2.391346005,-0.4220363126,1.090640491,-2.151744016,-1.571702784,-0.8185921909,0,1,155,task,60,0,-1610,50,652,0
1,104,186,-2.408623475,-0.4527788832,1.158238798,-2.188343846,-1.576611552,-0.8356327869,0,1,156,task,60,0,-1610,50,652,0
1,104,187,-2.42652947,-0.4816214898,1.221785928,-2.222941647,-1.58158362,-0.8533042821,0,1,157,task,60,0,-1610,50,652,0
1,104,188,-2.445089282,-0.5088192032,1.281836071,-2.255846474,-1.586617674,-0.8716332051,0,1,158,task,60,0,-1610,50,652,0
1,104,189,-2.454028463,-0.5210679462,1.308924373,-2.270768402,-1.589000051,-0.8804657068,0,1,159,task,60,0,-1610,50,652,0
1,104,190,-2.469783837,-0.496235249,1.252227632,-2.239201001,-1.590380679,-0.8961632815,0,1,160,task,30,0,-1610,50,652,0
1,104,191,-2.449527406,-0.4703675236,1.195826811,-2.212336778,-1.589705017,-0.8761505804,0,1,161,task,60,0,-1610,50,652,0
1,104,192,-2.429918829,-0.4428997146,1.13592903,-2.183577493,-1.58923629,-0.8567682577,0,1,162,task,60,0,-1610,50,652,0
1,104,193,-2.410939483,-0.4135918266,1.072020464,-2.152643609,-1.588965326,-0.8379991326,0,1,163,task,60,0,-1610,50,652,0
1,104,194,-2.392570371,-0.3821218023,1.003407281,-2.119158332,-1.588883116,-0.8198255878,0,1,164,task,60,0,-1610,50,652,0
1,104,195,-2.378512381,-0.3521873639,0.949791268,-2.113736596,-1.5773222,-0.80679749,0,1,165,task,60,0,-1610,50,652,0
1,104,196,-2.366805838,-0.3114010476,0.8596692422,-2.058438286,-1.559214788,-0.7954858675,0,1,166,task,30,0,-1610,50,652,0
1,104,197,-2.35256163,-0.2685779921,0.7640783226,-2.00429883,-1.550874504,-0.7815197389,0,1,167,task,60,0,-1610,50,652,0
1,104,198,-2.37767777,-0.307198929,0.8463227289,-2.043430421,-1.559065037,-0.8061402851,0,0,,transition,30,0,-1610,50,652,0
1,104,199,-2.40279391,-0.3458198658,0.9285671353,-2.082562012,-1.567255571,-0.8307608314,0,0,,transition,30,0,-1610,50,652,0
1,104,200,-2.42791005,-0.3844408027,1.010811542,-2.121693603,-1.575446104,-0.8553813776,0,0,,transition,30,0,-1610,50,652,0
1,104,201,-2.45302619,-0.4230617395,1.093055948,-2.160825194,-1.583636637,-0.8800019238,0,0,,transition,30,0,-1610,50,652,0
1,104,202,-2.478142331,-0.4616826764,1.175300354,-2.199956785,-1.591827171,-0.9046224701,0,1,168,task,30,0,-1610,50,652,0
1,104,203,-2.48492672,-0.4698300693,1.192188662,-2.205872724,-1.591703092,-0.9112514094,0,1,169,task,60,0,-1610,50,652,0
1,104,204,-2.487450727,-0.4545204472,1.162146294,-2.226457033,-1.629472241,-0.9149191541,0,1,170,task,30,0,-1610,50,652,0
1,104,205,-2.49912025,-0.4214868309,1.085498397,-2.183316039,-1.627466483,-0.926593365,0,1,171,task,30,0,-1610,50,652,0
1,104,206,-2.501724372,-0.4268445257,1.096527249,-2.189356607,-1.630207701,-0.9291987252,0,1,172,task,60,0,-1610,50,652,0
1,104,207,-2.515450465,-0.3968889785,1.026152758,-2.149757913,-1.630903549,-0.9429316869,0,1,173,task,30,0,-1610,50,652,0
1,104,208,-2.528324012,-0.3635965358,0.9487390381,-2.106403103,-1.631443189,-0.9558124394,0,1,174,task,30,0,-1610,50,652,0
1,104,209,-2.528653683,-0.3642027541,0.9500399506,-2.107129328,-1.631562219,-0.9561425878,0,1,175,task,60,0,-1610,50,652,0
1,104,210,-2.541357774,-0.3281279616,0.8667530175,-2.060693214,-1.632186003,-0.9688550621,0,1,176,task,30,0,-1610,50,652,0
1,104,211,-2.553585537,-0.2876415751,0.7740570262,-2.009238013,-1.632777052,-0.9810918082,0,1,177,task,30,0,-1610,50,652,0
1,104,212,-2.559472176,-0.2643185058,0.7210935182,-1.979964167,-1.633057218,-0.9869831937,0,0,,transition,30,0,-1610,50,652,0
1,104,213,-2.565358816,-0.2409954365,0.6681300103,-1.950690321,-1.633337385,-0.9928745791,0,1,178,task,30,0,-1610,50,652,0
1,104,214,-2.57102866,-0.2128515404,0.6047420229,-1.915802438,-1.63360314,-0.9985493816,0,0,,transition,30,0,-1610,50,652,0
1,104,215,-2.576698504,-0.1847076443,0.5413540354,-1.880914554,-1.633868894,-1.004224184,0,1,179,task,30,0,-1610,50,652,0
1,104,216,-2.576476084,-0.1661514928,0.5079292422,-1.920703145,-1.673707289,-1.008662807,0,1,180,task,30,0,-1610,50,652,0
1,104,217,-2.577853565,-0.1232589007,0.4111466132,-1.898906539,-1.707226457,-1.014844653,0,1,181,task,30,0,-1610,50,652,0
1,104,218,-2.576529159,-0.09782128476,0.3527039078,-1.8844821,-1.731048065,-1.017924127,0,0,,transition,30,0,-1610,50,652,0
1,104,219,-2.575204754,-0.07238366878,0.2942612025,-1.870057661,-1.754869674,-1.021003601,0,1,182,task,30,0,-1610,50,652,0
1,104,220,-2.508244437,-0.1722780909,0.379363789,-1.85010715,-1.742598362,-0.9529366945,0,0,,transition,30,0,-1610,50,652,0
1,104,221,-2.44128412,-0.2721725129,0.4644663755,-1.83015664,-1.73032705,-0.8848697878,0,0,,transition,30,0,-1610,50,652,0
1,104,222,-2.374323803,-0.372066935,0.549568962,-1.810206129,-1.718055739,-0.816802881,0,0,,transition,30,0,-1610,50,652,0
1,104,223,-2.307363486,-0.4719613571,0.6346715485,-1.790255618,-1.705784427,-0.7487359743,0,0,,transition,30,0,-1610,50,652,0
1,104,224,-2.240403169,-0.5718557792,0.719774135,-1.770305107,-1.693513116,-0.6806690675,0,0,,transition,30,0,-1610,50,652,0
1,104,225,-2.173442852,-0.6717502013,0.8048767215,-1.750354597,-1.681241804,-0.6126021608,0,0,,transition,30,0,-1610,50,652,0
1,104,226,-2.106482535,-0.7716446234,0.889979308,-1.730404086,-1.668970493,-0.544535254,0,0,,transition,30,0,-1610,50,652,0
1,104,227,-2.039522218,-0.8715390454,0.9750818945,-1.710453575,-1.656699181,-0.4764683473,0,0,,transition,30,0,-1610,50,652,0
1,104,228,-1.972561902,-0.9714334675,1.060184481,-1.690503064,-1.644427869,-0.4084014405,0,0,,transition,30,0,-1610,50,652,0
1,104,229,-1.905601585,-1.07132789,1.145287067,-1.670552554,-1.632156558,-0.3403345338,0,0,,transition,30,0,-1610,50,652,0
1,104,230,-1.838641268,-1.171222312,1.230389654,-1.650602043,-1.619885246,-0.272267627,0,0,,transition,30,0,-1610,50,652,0
1,104,231,-1.771680951,-1.271116734,1.31549224,-1.630651532,-1.607613935,-0.2042007203,0,0,,transition,30,0,-1610,50,652,0
1,104,232,-1.704720634,-1.371011156,1.400594827,-1.610701021,-1.595342623,-0.1361338135,0,0,,transition,30,0,-1610,50,652,0
1,104,233,-1.637760317,-1.470905578,1.485697413,-1.590750511,-1.583071312,-0.06806690675,0,0,,transition,30,0,-1610,50,652,0
1,104,234,-1.5708,-1.5708,1.5708,-1.5708,-1.5708,0,0,0,,home,60,0,-1610,50,652,0
1,105,1,-1.5708,-1.5708,1.5708,-1.5708,-1.5708,0,0,0,,home,60,0,-1610,50,652,0
1,105,2,-1.580812343,-1.473846058,1.501343982,-1.597466754,-1.564102071,-0.01005730284,0,0,,transition,30,0,-1610,50,652,0
1,105,3,-1.590824686,-1.376892117,1.431887963,-1.624133508,-1.557404142,-0.02011460569,0,0,,transition,30,0,-1610,50,652,0
1,105,4,-1.600837029,-1.279938175,1.362431945,-1.650800263,-1.550706213,-0.03017190853,0,0,,transition,30,0,-1610,50,652,0
1,105,5,-1.610849371,-1.182984233,1.292975926,-1.677467017,-1.544008284,-0.04022921137,0,0,,transition,30,0,-1610,50,652,0
1,105,6,-1.620861714,-1.086030292,1.223519908,-1.704133771,-1.537310355,-0.05028651421,0,0,,transition,30,0,-1610,50,652,0
1,105,7,-1.630874057,-0.9890763501,1.154063889,-1.730800525,-1.530612426,-0.06034381706,0,0,,transition,30,0,-1610,50,652,0
1,105,8,-1.6408864,-0.8921224085,1.084607871,-1.75746728,-1.523914497,-0.0704011199,0,0,,transition,30,0,-1610,50,652,0
1,105,9,-1.650898743,-0.7951684668,1.015151852,-1.784134034,-1.517216568,-0.08045842274,0,0,,transition,30,0,-1610,50,652,0
1,105,10,-1.660911086,-0.6982145252,0.945695834,-1.810800788,-1.510518639,-0.09051572559,0,0,,transition,30,0,-1610,50,652,0
1,105,11,-1.670923429,-0.6012605835,0.8762398156,-1.837467542,-1.50382071,-0.1005730284,0,0,,transition,30,0,-1610,50,652,0
1,105,12,-1.680935772,-0.5043066419,0.8067837971,-1.864134297,-1.497122781,-0.1106303313,0,0,,transition,30,0,-1610,50,652,0
1,105,13,-1.690948114,-0.4073527002,0.7373277787,-1.890801051,-1.490424852,-0.1206876341,0,0,,transition,30,0,-1610,50,652,0
1,105,14,-1.700960457,-0.3103987586,0.6678717602,-1.917467805,-1.483726923,-0.130744937,0,0,,transition,30,0,-1610,50,652,0
1,105,15,-1.7109728,-0.213444817,0.5984157418,-1.944134559,-1.477028994,-0.1408022398,0,1,1,task,60,0,-1610,50,652,0
1,105,16,-1.712536342,-0.2447154664,0.6687200999,-1.982004623,-1.477167482,-0.1423710277,0,0,,transition,60,0,-1610,50,652,0
1,105,17,-1.714099885,-0.2759861158,0.739024458,-2.019874686,-1.47730597,-0.1439398157,0,1,2,task,60,0,-1610,50,652,0
1,105,18,-1.715734497,-0.3021686046,0.7984055246,-2.051903835,-1.47745243,-0.1455795023,0,0,,transition,60,0,-1610,50,652,0
1,105,19,-1.71736911,-0.3283510934,0.8577865912,-2.083932984,-1.477598889,-0.147219189,0,1,3,task,60,0,-1610,50,652,0
1,105,20,-1.719079762,-0.3513008752,0.910313533,-2.112334568,-1.477753904,-0.1489347236,0,0,,transition,60,0,-1610,50,652,0
1,105,21,-1.720790413,-0.374250657,0.9628404748,-2.140736152,-1.47790892,-0.1506502583,0,1,4,task,60,0,-1610,50,652,0
1,105,22,-1.744762242,-0.3760358668,0.9774960556,-2.148673114,-1.480350069,-0.1746856274,0,1,5,task,30,0,-1610,50,652,0
1,105,23,-1.742770653,-0.353535187,0.9257402267,-2.120538474,-1.480170048,-0.1726895675,0,0,,transition,60,0,-1610,50,652,0
1,105,24,-1.740779064,-0.3310345072,0.8739843979,-2.092403833,-1.479990028,-0.1706935076,0,1,6,task,60,0,-1610,50,652,0
1,105,25,-1.738876296,-0.3054670844,0.8157476578,-2.060848193,-1.479819906,-0.1687860302,0,0,,transition,60,0,-1610,50,652,0
1,105,26,-1.736973528,-0.2798996616,0.7575109178,-2.029292553,-1.479649784,-0.1668785528,0,1,7,task,60,0,-1610,50,652,0
1,105,27,-1.735153765,-0.2496056667,0.6891515066,-1.992334375,-1.479488877,-0.1650538648,0,0,,transition,60,0,-1610,50,652,0
1,105,28,-1.733334001,-0.2193116718,0.6207920953,-1.955376198,-1.47932797,-0.1632291768,0,1,8,task,60,0,-1610,50,652,0
1,105,29,-1.757021677,-0.1985992935,0.5858776028,-1.939343504,-1.47169089,-0.1871578222,0,1,9,task,30,0,-1610,50,652,0
1,105,30,-1.758842482,-0.2303582242,0.6574668095,-1.978254196,-1.47274384,-0.1889677727,0,0,,transition,60,0,-1610,50,652,0
1,105,31,-1.760663288,-0.262117155,0.7290560162,-2.017164889,-1.47379679,-0.1907777233,0,1,10,task,60,0,-1610,50,652,0
1,105,32,-1.76256677,-0.2885414176,0.7891960567,-2.049960961,-1.474857585,-0.192669922,0,0,,transition,60,0,-1610,50,652,0
1,105,33,-1.764470251,-0.3149656802,0.8493360972,-2.082757032,-1.47591838,-0.1945621208,0,1,11,task,60,0,-1610,50,652,0
1,105,34,-1.766481942,-0.3379706459,0.9017142649,-2.110646049,-1.47692221,-0.1965627283,0,0,,transition,60,0,-1610,50,652,0
1,105,35,-1.768493632,-0.3609756116,0.9540924326,-2.138535067,-1.47792604,-0.1985633358,0,1,12,task,60,0,-1610,50,652,0
1,105,36,-1.792515242,-0.3595125625,0.9568577989,-2.141626778,-1.478184915,-0.2226892219,0,1,13,task,30,0,-1610,50,652,0
1,105,37,-1.790029631,-0.3363723425,0.9032550326,-2.111667955,-1.477833935,-0.2202000245,0,0,,transition,60,0,-1610,50,652,0
1,105,38,-1.787544019,-0.3132321225,0.8496522663,-2.081709132,-1.477482955,-0.2177108271,0,1,14,task,60,0,-1610,50,652,0
1,105,39,-1.785169988,-0.2866570013,0.7887881858,-2.047916582,-1.477138573,-0.2153332645,0,0,,transition,60,0,-1610,50,652,0
1,105,40,-1.782795956,-0.26008188,0.7279241053,-2.014124032,-1.47679419,-0.2129557018,0,1,15,task,60,0,-1610,50,652,0
1,105,41,-1.780725777,-0.2283110906,0.6562950661,-1.975179015,-1.475754187,-0.2108975634,0,0,,transition,60,0,-1610,50,652,0
1,105,42,-1.778655598,-0.1965403012,0.5846660268,-1.936233997,-1.474714184,-0.208839425,0,1,16,task,60,0,-1610,50,652,0
1,105,43,-1.799668708,-0.1826005969,0.5568152884,-1.918900296,-1.477231533,-0.2298972722,0,1,17,task,30,0,-1610,50,652,0
1,105,44,-1.802205017,-0.2158317363,0.632115335,-1.960586041,-1.477456,-0.2324401103,0,0,,transition,60,0,-1610,50,652,0
1,105,45,-1.804741326,-0.2490628756,0.7074153816,-2.002271787,-1.477680466,-0.2349829484,0,1,18,task,60,0,-1610,50,652,0
1,105,46,-1.807393713,-0.2762600914,0.7697606212,-2.037027838,-1.477910816,-0.2376420619,0,0,,transition,60,0,-1610,50,652,0
1,105,47,-1.8100461,-0.3034573072,0.8321058607,-2.071783889,-1.478141166,-0.2403011754,0,1,19,task,60,0,-1610,50,652,0
1,105,48,-1.812822685,-0.3269850878,0.8866822793,-2.102431176,-1.478377888,-0.2430846908,0,0,,transition,60,0,-1610,50,652,0
1,105,49,-1.81559927,-0.3505128684,0.9412586979,-2.133078462,-1.478614611,-0.2458682062,0,1,20,task,60,0,-1610,50,652,0
1,105,50,-1.838498939,-0.341009628,0.9243547648,-2.123634497,-1.479215188,-0.2688568092,0,1,21,task,30,0,-1610,50,652,0
1,105,51,-1.835460967,-0.3170740871,0.8688393381,-2.092430496,-1.479012448,-0.2658103332,0,0,,transition,60,0,-1610,50,652,0
1,105,52,-1.832422995,-0.2931385462,0.8133239114,-2.061226495,-1.478809707,-0.2627638573,0,1,22,task,60,0,-1610,50,652,0
1,105,53,-1.829520042,-0.2652818245,0.7494898345,-2.025614443,-1.47861376,-0.2598526578,0,0,,transition,60,0,-1610,50,652,0
1,105,54,-1.826617088,-0.2374251029,0.6856557575,-1.990002391,-1.478417812,-0.2569414582,0,1,23,task,60,0,-1610,50,652,0
1,105,55,-1.823840401,-0.2029266925,0.6075376556,-1.946738055,-1.478228128,-0.2541567754,0,0,,transition,60,0,-1610,50,652,0
1,105,56,-1.821063714,-0.1684282821,0.5294195537,-1.903473719,-1.478038444,-0.2513720925,0,1,24,task,60,0,-1610,50,652,0
1,105,57,-1.838602721,-0.1601820116,0.5119345346,-1.891453767,-1.494199266,-0.2686039549,0,1,25,task,30,0,-1610,50,652,0
1,105,58,-1.841429631,-0.1953623646,0.5912011843,-1.934900373,-1.494869271,-0.2714237122,0,0,,transition,60,0,-1610,50,652,0
1,105,59,-1.844256541,-0.2305427176,0.670467834,-1.978346979,-1.495539275,-0.2742434695,0,1,26,task,60,0,-1610,50,652,0
1,105,60,-1.847209939,-0.2587717596,0.7347533261,-2.013761544,-1.496219511,-0.277189272,0,0,,transition,60,0,-1610,50,652,0
1,105,61,-1.850163338,-0.2870008017,0.7990388182,-2.049176109,-1.496899746,-0.2801350745,0,1,27,task,60,0,-1610,50,652,0
1,105,62,-1.853251838,-0.3111980007,0.8547429042,-2.080038861,-1.497590934,-0.2832155021,0,0,,transition,60,0,-1610,50,652,0
1,105,63,-1.856340339,-0.3353951997,0.9104469903,-2.110901612,-1.498282121,-0.2862959298,0,1,28,task,60,0,-1610,50,652,0
1,105,64,-1.869067284,-0.373368743,1.000593839,-2.159615837,-1.500752007,-0.2989716497,0,0,,transition,30,0,-1610,50,652,0
1,105,65,-1.881794229,-0.4113422863,1.090740688,-2.208330063,-1.503221893,-0.3116473697,0,0,,transition,30,0,-1610,50,652,0
1,105,66,-1.894521174,-0.4493158297,1.180887537,-2.257044288,-1.505691779,-0.3243230897,0,0,,transition,30,0,-1610,50,652,0
1,105,67,-1.907248118,-0.487289373,1.271034386,-2.305758513,-1.508161665,-0.3369988097,0,0,,transition,30,0,-1610,50,652,0
1,105,68,-1.919975063,-0.5252629163,1.361181236,-2.354472738,-1.510631551,-0.3496745297,0,0,,transition,30,0,-1610,50,652,0
1,105,69,-1.932702008,-0.5632364597,1.451328085,-2.403186963,-1.513101436,-0.3623502497,0,1,29,task,30,0,-1610,50,652,0
1,105,70,-1.923753873,-0.53441398,1.383491414,-2.368588903,-1.510698995,-0.3534895231,0,1,30,task,60,0,-1610,50,652,0
1,105,71,-1.915856783,-0.5042261832,1.316745806,-2.340501999,-1.506595358,-0.3457441198,0,1,31,task,60,0,-1610,50,652,0
1,105,72,-1.907246983,-0.4728310004,1.239967707,-2.296805902,-1.505783876,-0.3371420234,0,1,32,task,60,0,-1610,50,652,0
1,105,73,-1.899051053,-0.4391442307,1.158787959,-2.250983343,-1.505012992,-0.3289522236,0,1,33,task,60,0,-1610,50,652,0
1,105,74,-1.891240258,-0.4027212919,1.072194773,-2.202467797,-1.504279664,-0.3211461405,0,1,34,task,60,0,-1610,50,652,0
1,105,75,-1.883788426,-0.3629152635,0.9787389588,-2.150457658,-1.503581137,-0.3136977403,0,1,35,task,60,0,-1610,50,652,0
1,105,76,-1.908378021,-0.3619056931,0.9810183905,-2.152640861,-1.504278501,-0.3383330647,0,1,36,task,30,0,-1610,50,652,0
1,105,77,-1.916373673,-0.4013556519,1.073602073,-2.203913184,-1.505115936,-0.3463207547,0,1,37,task,60,0,-1610,50,652,0
1,105,78,-1.924750851,-0.4374793122,1.159435181,-2.251747728,-1.505994436,-0.354688086,0,1,38,task,60,0,-1610,50,652,0
1,105,79,-1.933536971,-0.4709068728,1.23992882,-2.296924984,-1.506917175,-0.3634622875,0,1,39,task,60,0,-1610,50,652,0
1,105,80,-1.942751714,-0.5020828405,1.31601496,-2.339873968,-1.507917503,-0.3726615872,0,1,40,task,60,0,-1610,50,652,0
1,105,81,-1.951615741,-0.5322232768,1.384406148,-2.371773597,-1.511268126,-0.3814041139,0,1,41,task,60,0,-1610,50,652,0
1,105,82,-1.984106606,-0.5432015976,1.414975302,-2.388209806,-1.513649832,-0.4138730595,0,1,42,task,30,0,-1610,50,652,0
1,105,83,-1.974091335,-0.5140049301,1.34675858,-2.35382386,-1.510925543,-0.4039589826,0,1,43,task,60,0,-1610,50,652,0
1,105,84,-1.964417975,-0.4833836559,1.274784433,-2.316480776,-1.508672983,-0.3943577457,0,1,44,task,60,0,-1610,50,652,0
1,105,85,-1.954852492,-0.4513034307,1.197185361,-2.273152449,-1.507522244,-0.3848141864,0,1,45,task,60,0,-1610,50,652,0
1,105,86,-1.945731439,-0.4167886326,1.11481541,-2.22747709,-1.506426072,-0.3757118709,0,1,46,task,60,0,-1610,50,652,0
1,105,87,-1.937025229,-0.3793262259,1.026519647,-2.178812814,-1.505380626,-0.3670214819,0,1,47,task,60,0,-1610,50,652,0
1,105,88,-1.928706783,-0.338155045,0.9306047312,-2.126227526,-1.504382401,-0.3587161846,0,1,48,task,60,0,-1610,50,652,0
1,105,89,-1.954182155,-0.3411244917,0.9426424322,-2.134744587,-1.504839938,-0.3842475998,0,1,49,task,30,0,-1610,50,652,0
1,105,90,-1.963027493,-0.3814360771,1.036420952,-2.185597253,-1.506108137,-0.3930700806,0,1,50,task,60,0,-1610,50,652,0
1,105,91,-1.972279971,-0.4182193285,1.122953171,-2.232726057,-1.507434657,-0.4022955154,0,1,51,task,60,0,-1610,50,652,0
1,105,92,-1.981967486,-0.4521787728,1.203806519,-2.276994379,-1.508823669,-0.4119514501,0,1,52,task,60,0,-1610,50,652,0
1,105,93,-1.992090651,-0.4838829353,1.279946128,-2.318673468,-1.510365312,-0.4220344152,0,1,53,task,60,0,-1610,50,652,0
1,105,94,-2.002471226,-0.5143283277,1.351440167,-2.356003018,-1.512647918,-0.4323385346,0,1,54,task,60,0,-1610,50,652,0
1,105,95,-2.03328583,-0.5198981319,1.368707717,-2.365098958,-1.514789384,-0.4631349841,0,1,55,task,30,0,-1610,50,652,0
1,105,96,-2.022021739,-0.4901726564,1.298093688,-2.327340281,-1.5126784,-0.4519428787,0,1,56,task,60,0,-1610,50,652,0
1,105,97,-2.011271896,-0.4588381345,1.224005895,-2.287797961,-1.510668929,-0.441256871,0,1,57,task,60,0,-1610,50,652,0
1,105,98,-2.000994038,-0.425902837,1.14592739,-2.246042842,-1.508776411,-0.431034917,0,1,58,task,60,0,-1610,50,652,0
1,105,99,-1.991170687,-0.3903869718,1.062666632,-2.201690968,-1.506965897,-0.42125957,0,1,59,task,60,0,-1610,50,652,0
1,105,100,-1.981773314,-0.3516930423,0.9728927836,-2.154007526,-1.505232163,-0.4119028532,0,1,60,task,60,0,-1610,50,652,0
1,105,101,-1.972712983,-0.3088084415,0.8740335382,-2.101028073,-1.503777714,-0.4028691187,0,1,61,task,60,0,-1610,50,652,0
1,105,102,-1.999183357,-0.3160042629,0.8959765596,-2.115284761,-1.504126132,-0.4294028114,0,1,62,task,30,0,-1610,50,652,0
1,105,103,-2.009022692,-0.3577323802,0.9933469283,-2.168935852,-1.505126006,-0.4392338247,0,1,63,task,60,0,-1610,50,652,0
1,105,104,-2.018964474,-0.3952554311,1.080203229,-2.214285872,-1.507248844,-0.4491211852,0,1,64,task,60,0,-1610,50,652,0
1,105,105,-2.029145104,-0.4297444257,1.159782736,-2.254278697,-1.510087953,-0.459208497,0,1,65,task,60,0,-1610,50,652,0
1,105,106,-2.039861916,-0.4620881852,1.235193415,-2.292780393,-1.512799979,-0.4698276553,0,1,66,task,60,0,-1610,50,652,0
1,105,107,-2.051381671,-0.4930676284,1.308551881,-2.332425264,-1.514721412,-0.4812855471,0,1,67,task,60,0,-1610,50,652,0
1,105,108,-2.076466697,-0.4942091468,1.312965628,-2.335871214,-1.527118813,-0.5060180532,0,1,68,task,30,0,-1610,50,652,0
1,105,109,-2.066431808,-0.4629975263,1.239839881,-2.295023119,-1.51897231,-0.4962394081,0,1,69,task,60,0,-1610,50,652,0
1,105,110,-2.056778578,-0.4304175808,1.16647902,-2.259165234,-1.511094533,-0.4868750079,0,1,70,task,60,0,-1610,50,652,0
1,105,111,-2.046492065,-0.3967900865,1.091246753,-2.225363407,-1.506564753,-0.4767546973,0,1,71,task,60,0,-1610,50,652,0
1,105,112,-2.035569871,-0.3597580842,1.003395669,-2.176378559,-1.505547898,-0.4658408989,0,1,72,task,60,0,-1610,50,652,0
1,105,113,-2.025117778,-0.3188869964,0.907634856,-2.123309408,-1.504580488,-0.4553949127,0,1,73,task,60,0,-1610,50,652,0
1,105,114,-2.020112572,-0.2958909221,0.8543867796,-2.093960907,-1.504119854,-0.4503917204,0,0,,transition,60,0,-1610,50,652,0
1,105,115,-2.015107366,-0.2728948477,0.8011387032,-2.064612406,-1.503659219,-0.4453885281,0,1,74,task,60,0,-1610,50,652,0
1,105,116,-2.02797681,-0.2945654453,0.8578603613,-2.122038476,-1.553200274,-0.4572579831,0,1,75,task,30,0,-1610,50,652,0
1,105,117,-2.038354669,-0.3374452028,0.9576197397,-2.177222517,-1.55398846,-0.4676277204,0,1,76,task,60,0,-1610,50,652,0
1,105,118,-2.04919071,-0.3760014196,1.048389463,-2.227748375,-1.554816924,-0.4784537777,0,1,77,task,60,0,-1610,50,652,0
1,105,119,-2.060514294,-0.4112105267,1.132327683,-2.274799019,-1.555688229,-0.4897653946,0,1,78,task,60,0,-1610,50,652,0
1,105,120,-2.068927272,-0.4424292155,1.186060358,-2.271882375,-1.566862375,-0.497796194,0,1,79,task,60,0,-1610,50,652,0
1,105,121,-2.081035996,-0.4744054259,1.260495589,-2.311663861,-1.568370246,-0.5098349702,0,1,80,task,60,0,-1610,50,652,0
1,105,122,-2.09377205,-0.5044644361,1.331526711,-2.350419492,-1.569784597,-0.5225046954,0,1,81,task,60,0,-1610,50,652,0
1,105,123,-2.107114591,-0.5328215814,1.399268116,-2.38761653,-1.571284782,-0.5357747976,0,1,82,task,60,0,-1610,50,652,0
1,105,124,-2.121104826,-0.5596688936,1.464166129,-2.42351323,-1.572876325,-0.5496861268,0,1,83,task,60,0,-1610,50,652,0
1,105,125,-2.135934781,-0.5852225619,1.525846568,-2.45658404,-1.574154995,-0.5644118786,0,1,84,task,60,0,-1610,50,652,0
1,105,126,-2.152264661,-0.6100205783,1.581584252,-2.47951707,-1.573490165,-0.5805161817,0,1,85,task,60,0,-1610,50,652,0
1,105,127,-2.16935263,-0.6338777104,1.635458379,-2.501495322,-1.573139531,-0.5973388719,0,1,86,task,60,0,-1610,50,652,0
1,105,128,-2.187917001,-0.656896767,1.687877374,-2.522873262,-1.571476309,-0.6156366892,0,1,87,task,60,0,-1610,50,652,0
1,105,129,-2.209842892,-0.6535437059,1.686919097,-2.543135802,-1.594416107,-0.6377797832,0,1,88,task,30,0,-1610,50,652,0
1,105,130,-2.193682006,-0.6304676505,1.631467717,-2.512733608,-1.588849404,-0.6217776016,0,1,89,task,60,0,-1610,50,652,0
1,105,131,-2.178298949,-0.6063913798,1.574270366,-2.481757699,-1.583397607,-0.6065508252,0,1,90,task,60,0,-1610,50,652,0
1,105,132,-2.16364303,-0.5812454375,1.51514487,-2.450080767,-1.578056457,-0.5920477933,0,1,91,task,60,0,-1610,50,652,0
1,105,133,-2.149038798,-0.5554048669,1.453708876,-2.416941184,-1.574525758,-0.5775686313,0,1,92,task,60,0,-1610,50,652,0
1,105,134,-2.134543966,-0.5286619342,1.389645455,-2.382153512,-1.572659013,-0.5631695207,0,1,93,task,60,0,-1610,50,652,0
1,105,135,-2.120703817,-0.5004298464,1.322738447,-2.346053948,-1.570897217,-0.5494166705,0,1,94,task,60,0,-1610,50,652,0
1,105,136,-2.107478172,-0.4705176627,1.252548313,-2.308389033,-1.569234311,-0.5362703334,0,1,95,task,60,0,-1610,50,652,0
1,105,137,-2.095572742,-0.4391645176,1.183900354,-2.278759353,-1.565449433,-0.5245424545,0,1,96,task,60,0,-1610,50,652,0
1,105,138,-2.084510742,-0.4065004897,1.113909895,-2.251488654,-1.560686569,-0.5136524113,0,1,97,task,60,0,-1610,50,652,0
1,105,139,-2.073303519,-0.3714820844,1.033868867,-2.211771237,-1.557886787,-0.5025133678,0,1,98,task,60,0,-1610,50,652,0
1,105,140,-2.062433013,-0.3332516114,0.9464834329,-2.167206959,-1.555570811,-0.491686756,0,1,99,task,60,0,-1610,50,652,0
1,105,141,-2.051624751,-0.2902496664,0.8468029845,-2.112449049,-1.554594232,-0.4808920007,0,1,100,task,60,0,-1610,50,652,0
1,105,142,-2.046441454,-0.2657219606,0.7905539866,-2.081693758,-1.554128707,-0.4757142208,0,0,,transition,60,0,-1610,50,652,0
1,105,143,-2.041258157,-0.2411942548,0.7343049888,-2.050938468,-1.553663182,-0.470536441,0,1,101,task,60,0,-1610,50,652,0
1,105,144,-2.058942069,-0.2065425309,0.6541095099,-2.003104742,-1.55481457,-0.4882076915,0,1,102,task,30,0,-1610,50,652,0
1,105,145,-2.064200088,-0.2334207573,0.7151538033,-2.036096828,-1.555413515,-0.4934567217,0,0,,transition,60,0,-1610,50,652,0
1,105,146,-2.069458107,-0.2602989837,0.7761980968,-2.069088913,-1.556012461,-0.498705752,0,1,103,task,60,0,-1610,50,652,0
1,105,147,-2.074868813,-0.283241549,0.8284929621,-2.096844226,-1.556852579,-0.5041009326,0,0,,transition,60,0,-1610,50,652,0
1,105,148,-2.080279518,-0.3061841142,0.8807878274,-2.124599538,-1.557692697,-0.5094961132,0,1,104,task,60,0,-1610,50,652,0
1,105,149,-2.091549191,-0.3469704315,0.974590559,-2.174451562,-1.559450785,-0.5207276574,0,1,105,task,60,0,-1610,50,652,0
1,105,150,-2.103293578,-0.3839571667,1.060461761,-2.220204502,-1.56129106,-0.5324264699,0,1,106,task,60,0,-1610,50,652,0
1,105,151,-2.115282695,-0.4181030348,1.138165061,-2.2587466,-1.563993736,-0.5443304337,0,1,107,task,60,0,-1610,50,652,0
1,105,152,-2.127414798,-0.4502250797,1.208581283,-2.289561037,-1.567884414,-0.5563046422,0,1,108,task,60,0,-1610,50,652,0
1,105,153,-2.140426877,-0.4807189971,1.277472321,-2.322719999,-1.570858156,-0.56917704,0,1,109,task,60,0,-1610,50,652,0
1,105,154,-2.154377759,-0.5096530131,1.344968625,-2.358094358,-1.572933365,-0.5830248923,0,1,110,task,60,0,-1610,50,652,0
1,105,155,-2.168962792,-0.5370359225,1.409422323,-2.392029536,-1.575129283,-0.5974953967,0,1,111,task,60,0,-1610,50,652,0
1,105,156,-2.183783396,-0.5633256893,1.471134934,-2.424421363,-1.578632738,-0.6121739352,0,1,112,task,60,0,-1610,50,652,0
1,105,157,-2.198201254,-0.589117788,1.530348662,-2.455061121,-1.585139636,-0.626405011,0,1,113,task,60,0,-1610,50,652,0
1,105,158,-2.213302638,-0.613826284,1.587532259,-2.484944124,-1.59176736,-0.641316651,0,1,114,task,60,0,-1610,50,652,0
1,105,159,-2.229132779,-0.6375304823,1.642882861,-2.514204729,-1.598519763,-0.6569556017,0,1,115,task,60,0,-1610,50,652,0
1,105,160,-2.252189199,-0.6296382004,1.616151705,-2.494438711,-1.607744811,-0.6798431373,0,1,116,task,30,0,-1610,50,652,0
1,105,161,-2.236861971,-0.6048961613,1.560293014,-2.46454288,-1.598827962,-0.6646778763,0,1,117,task,60,0,-1610,50,652,0
1,105,162,-2.222137715,-0.57980323,1.504062734,-2.436676762,-1.590213711,-0.6501981036,0,1,118,task,60,0,-1610,50,652,0
1,105,163,-2.208048643,-0.5536520491,1.445791285,-2.408071472,-1.581737276,-0.6363524959,0,1,119,task,60,0,-1610,50,652,0
1,105,164,-2.1934988,-0.5269550297,1.385060143,-2.377927011,-1.57635382,-0.6220015972,0,1,120,task,60,0,-1610,50,652,0
1,105,165,-2.178705729,-0.4994182022,1.321514578,-2.346039843,-1.573569088,-0.6073579063,0,1,121,task,60,0,-1610,50,652,0
1,105,166,-2.164557678,-0.4703669831,1.255009036,-2.312886089,-1.57085174,-0.5933444365,0,1,122,task,60,0,-1610,50,652,0
1,105,167,-2.151186951,-0.4397483196,1.185859597,-2.279534076,-1.567682715,-0.5801112314,0,1,123,task,60,0,-1610,50,652,0
1,105,168,-2.138348981,-0.4071407461,1.11260031,-2.244133804,-1.564669049,-0.5673878274,0,1,124,task,60,0,-1610,50,652,0
1,105,169,-2.125838603,-0.3722791219,1.032903784,-2.203306101,-1.562349094,-0.5549508452,0,1,125,task,60,0,-1610,50,652,0
1,105,170,-2.113590287,-0.3344163439,0.9445711966,-2.155053085,-1.560881183,-0.5427395316,0,1,126,task,60,0,-1610,50,652,0
1,105,171,-2.101835173,-0.2923553042,0.8474528699,-2.102238436,-1.559478056,-0.5310169461,0,1,127,task,60,0,-1610,50,652,0
1,105,172,-2.096190645,-0.2684425273,0.7927810317,-2.072612304,-1.558807193,-0.5253865545,0,0,,transition,60,0,-1610,50,652,0
1,105,173,-2.090546117,-0.2445297504,0.7381091934,-2.042986173,-1.55813633,-0.5197561628,0,1,128,task,60,0,-1610,50,652,0
1,105,174,-2.085121941,-0.2162479754,0.6740658242,-2.008367944,-1.557494572,-0.5143440986,0,0,,transition,60,0,-1610,50,652,0
1,105,175,-2.079697765,-0.1879662005,0.610022455,-1.973749716,-1.556852814,-0.5089320345,0,1,129,task,60,0,-1610,50,652,0
1,105,176,-2.098162779,-0.1534583806,0.5311225485,-1.927044391,-1.558264108,-0.5273724898,0,1,130,task,30,0,-1610,50,652,0
1,105,177,-2.10374006,-0.185005523,0.6023668515,-1.9658537,-1.558815431,-0.5329386114,0,0,,transition,60,0,-1610,50,652,0
1,105,178,-2.109317341,-0.2165526655,0.6736111544,-2.004663008,-1.559366753,-0.538504733,0,1,131,task,60,0,-1610,50,652,0
1,105,179,-2.115118213,-0.2423287955,0.7324157961,-2.036812441,-1.559942606,-0.5442930229,0,0,,transition,60,0,-1610,50,652,0
1,105,180,-2.120919084,-0.2681049256,0.7912204377,-2.068961874,-1.560518458,-0.5500813128,0,1,132,task,60,0,-1610,50,652,0
1,105,181,-2.126956123,-0.2903597376,0.8425142587,-2.097131572,-1.561120156,-0.5561042769,0,0,,transition,60,0,-1610,50,652,0
1,105,182,-2.132993161,-0.3126145497,0.8938080798,-2.12530127,-1.561721854,-0.5621272409,0,1,133,task,60,0,-1610,50,652,0
1,105,183,-2.145566435,-0.3522158542,0.9860554487,-2.176230465,-1.562979725,-0.5746692298,0,1,134,task,60,0,-1610,50,652,0
1,105,184,-2.158473572,-0.3883648429,1.069217798,-2.220255149,-1.564884415,-0.5875186211,0,1,135,task,60,0,-1610,50,652,0
1,105,185,-2.171745025,-0.4219556964,1.145432963,-2.258841575,-1.567395886,-0.6007008155,0,1,136,task,60,0,-1610,50,652,0
1,105,186,-2.185565935,-0.4533123407,1.217026886,-2.29510218,-1.57003436,-0.6144175084,0,1,137,task,60,0,-1610,50,652,0
1,105,187,-2.199950681,-0.4827778328,1.284639801,-2.329227162,-1.572853046,-0.6286793535,0,1,138,task,60,0,-1610,50,652,0
1,105,188,-2.214608887,-0.5107272219,1.346877641,-2.357399973,-1.576741484,-0.6431293116,0,1,139,task,60,0,-1610,50,652,0
1,105,189,-2.228645972,-0.5379592908,1.406267403,-2.383836329,-1.584231147,-0.6568806369,0,1,140,task,60,0,-1610,50,652,0
1,105,190,-2.241547443,-0.5648838354,1.463165273,-2.40872777,-1.596541438,-0.6694297915,0,1,141,task,60,0,-1610,50,652,0
1,105,191,-2.256535805,-0.590855137,1.520984802,-2.438712836,-1.604945838,-0.6842295447,0,1,142,task,60,0,-1610,50,652,0
1,105,192,-2.272983678,-0.6157855085,1.578165225,-2.470733991,-1.611468395,-0.7005794518,0,1,143,task,60,0,-1610,50,652,0
1,105,193,-2.294095174,-0.6017440448,1.540599134,-2.447904792,-1.614200537,-0.7216514889,0,1,144,task,30,0,-1610,50,652,0
1,105,194,-2.276976044,-0.5766117355,1.482740927,-2.415036413,-1.60894841,-0.7046040274,0,1,145,task,60,0,-1610,50,652,0
1,105,195,-2.260606673,-0.5502994031,1.422580143,-2.381231272,-1.603751643,-0.6883173018,0,1,146,task,60,0,-1610,50,652,0
1,105,196,-2.247956063,-0.5224532362,1.36497273,-2.356133751,-1.590194853,-0.6760217609,0,1,147,task,60,0,-1610,50,652,0
1,105,197,-2.236079738,-0.4945007833,1.310823236,-2.341036634,-1.575952853,-0.6646873402,0,1,148,task,60,0,-1610,50,652,0
1,105,198,-2.221106314,-0.4662160989,1.24720833,-2.311054929,-1.572219661,-0.6498931102,0,1,149,task,60,0,-1610,50,652,0
1,105,199,-2.206330853,-0.4361388214,1.177729028,-2.274806747,-1.569799651,-0.6352142842,0,1,150,task,60,0,-1610,50,652,0
1,105,200,-2.192143788,-0.403979423,1.103977763,-2.236428536,-1.567493437,-0.6211126422,0,1,151,task,60,0,-1610,50,652,0
1,105,201,-2.178514497,-0.3693335636,1.025061931,-2.195426237,-1.565295625,-0.6075580041,0,1,152,task,60,0,-1610,50,652,0
1,105,202,-2.165280933,-0.3317836003,0.9386314264,-2.14896138,-1.56361862,-0.594373919,0,1,153,task,60,0,-1610,50,652,0
1,105,203,-2.152415072,-0.2902685996,0.8422308315,-2.095474083,-1.562489709,-0.5815357624,0,1,154,task,60,0,-1610,50,652,0
1,105,204,-2.146233251,-0.2666209331,0.7879025797,-2.065502329,-1.561949186,-0.5753665876,0,0,,transition,60,0,-1610,50,652,0
1,105,205,-2.140051429,-0.2429732667,0.7335743278,-2.035530575,-1.561408662,-0.5691974128,0,1,155,task,60,0,-1610,50,652,0
1,105,206,-2.134107554,-0.2149475492,0.669857297,-2.000556793,-1.560890882,-0.5632650335,0,0,,transition,60,0,-1610,50,652,0
1,105,207,-2.128163678,-0.1869218316,0.6061402661,-1.965583011,-1.560373102,-0.5573326543,0,1,156,task,60,0,-1610,50,652,0
1,105,208,-2.122445388,-0.150902258,0.5251139551,-1.92130162,-1.559876936,-0.5516247629,0,0,,transition,60,0,-1610,50,652,0
1,105,209,-2.116727097,-0.1148826845,0.4440876442,-1.877020229,-1.55938077,-0.5459168715,0,1,157,task,60,0,-1610,50,652,0
1,105,210,-2.136331643,-0.07789758209,0.3613481109,-1.830002806,-1.560420154,-0.5655025856,0,1,158,task,30,0,-1610,50,652,0
1,105,211,-2.142202137,-0.1192895248,0.4541146003,-1.880765631,-1.560881491,-0.5713631846,0,0,,transition,60,0,-1610,50,652,0
1,105,212,-2.148072631,-0.1606814674,0.5468810897,-1.931528457,-1.561342829,-0.5772237836,0,1,159,task,60,0,-1610,50,652,0
1,105,213,-2.154170935,-0.1909608724,0.61550318,-1.969266724,-1.561823834,-0.5833112916,0,0,,transition,60,0,-1610,50,652,0
1,105,214,-2.16026924,-0.2212402775,0.6841252702,-2.007004991,-1.56230484,-0.5893987996,0,1,160,task,60,0,-1610,50,652,0
1,105,215,-2.166607494,-0.2461764794,0.7412416491,-2.038588871,-1.562806508,-0.5957253138,0,0,,transition,60,0,-1610,50,652,0
1,105,216,-2.172945748,-0.2711126814,0.798358028,-2.070172752,-1.563308177,-0.6020518281,0,1,161,task,60,0,-1610,50,652,0
1,105,217,-2.17953684,-0.2927130064,0.8483660973,-2.09799323,-1.563831554,-0.6086301941,0,0,,transition,60,0,-1610,50,652,0
1,105,218,-2.186127932,-0.3143133315,0.8983741667,-2.125813709,-1.564354931,-0.6152085601,0,1,162,task,60,0,-1610,50,652,0
1,105,219,-2.199669915,-0.3531121717,0.987278318,-2.173708744,-1.565980664,-0.6287024927,0,1,163,task,60,0,-1610,50,652,0
1,105,220,-2.213659845,-0.3886434969,1.068332693,-2.216502504,-1.567973248,-0.6426264894,0,1,164,task,60,0,-1610,50,652,0
1,105,221,-2.228213632,-0.421461941,1.143727131,-2.256398826,-1.570061416,-0.6571060476,0,1,165,task,60,0,-1610,50,652,0
1,105,222,-2.243361295,-0.4520338681,1.214488579,-2.293963532,-1.572249744,-0.6721708698,0,1,166,task,60,0,-1610,50,652,0
1,105,223,-2.25913454,-0.4806934867,1.281355814,-2.329606987,-1.574542961,-0.6878523613,0,1,167,task,60,0,-1610,50,652,0
1,105,224,-2.266082789,-0.5099484557,1.325777149,-2.325033687,-1.6036071,-0.6937935305,0,1,168,task,60,0,-1610,50,652,0
1,105,225,-2.282270761,-0.5378420035,1.389173087,-2.360616188,-1.60798205,-0.7099103886,0,1,169,task,60,0,-1610,50,652,0
1,105,226,-2.299171852,-0.5643632886,1.449813635,-2.394970528,-1.612405776,-0.7267482258,0,1,170,task,60,0,-1610,50,652,0
1,105,227,-2.316826855,-0.5896459012,1.508000052,-2.428275949,-1.616877055,-0.7443491834,0,1,171,task,60,0,-1610,50,652,0
1,105,228,-2.332094325,-0.5705139356,1.462135725,-2.40833407,-1.623036558,-0.7599095865,0,1,172,task,30,0,-1610,50,652,0
1,105,229,-2.312431075,-0.5457408915,1.407780762,-2.384020811,-1.624392731,-0.7405677272,0,1,173,task,60,0,-1610,50,652,0
1,105,230,-2.293529214,-0.5204864688,1.356080332,-2.368381147,-1.626051382,-0.7222173742,0,1,174,task,60,0,-1610,50,652,0
1,105,231,-2.275563895,-0.4945699071,1.30550482,-2.358238645,-1.62732471,-0.7048665806,0,1,175,task,30,0,-1610,50,652,0
1,105,232,-2.260715748,-0.4667447689,1.247828887,-2.337329423,-1.621360448,-0.6902009657,0,1,176,task,60,0,-1610,50,652,0
1,105,233,-2.244713593,-0.4372726104,1.179050379,-2.299572653,-1.620631908,-0.6742332632,0,1,177,task,60,0,-1610,50,652,0
1,105,234,-2.229342284,-0.4057087343,1.105985176,-2.259670868,-1.619973124,-0.6588937714,0,1,178,task,60,0,-1610,50,652,0
1,105,235,-2.252928957,-0.3961623274,1.081106655,-2.246249624,-1.620066962,-0.6825227567,0,1,179,task,30,0,-1610,50,652,0
1,105,236,-2.268498177,-0.4277823423,1.152636587,-2.282868443,-1.621152695,-0.6980241858,0,1,180,task,60,0,-1610,50,652,0
1,105,237,-2.284216134,-0.4575178278,1.218926083,-2.315359127,-1.623704117,-0.7136644921,0,1,181,task,60,0,-1610,50,652,0
1,105,238,-2.300170016,-0.4857119575,1.280961143,-2.344610205,-1.627462502,-0.7295219236,0,1,182,task,60,0,-1610,50,652,0
1,105,239,-2.317813827,-0.5123368319,1.338807673,-2.36973574,-1.628223417,-0.746924847,0,1,183,task,60,0,-1610,50,652,0
1,105,240,-2.336623425,-0.5376492356,1.393413599,-2.39219571,-1.627784318,-0.7654068206,0,1,184,task,60,0,-1610,50,652,0
1,105,241,-2.35612794,-0.5618371627,1.445577802,-2.41335464,-1.62764857,-0.7845497956,0,1,185,task,60,0,-1610,50,652,0
1,105,242,-2.356617849,-0.5425900211,1.401034134,-2.414876733,-1.662170579,-0.7872059976,0,1,186,task,30,0,-1610,50,652,0
1,105,243,-2.339082859,-0.5168762867,1.345264001,-2.387978686,-1.658032685,-0.7696900713,0,1,187,task,60,0,-1610,50,652,0
1,105,244,-2.322161771,-0.4907599245,1.294768858,-2.375352874,-1.654271625,-0.7531309395,0,1,188,task,60,0,-1610,50,652,0
1,105,245,-2.311317035,-0.4602893323,1.223464191,-2.325841981,-1.633777647,-0.7412632424,0,1,189,task,30,0,-1610,50,652,0
1,105,246,-2.296552327,-0.4296212964,1.151660041,-2.2813469,-1.626676173,-0.7262196635,0,1,190,task,60,0,-1610,50,652,0
1,105,247,-2.282067024,-0.3978152268,1.081238852,-2.245214582,-1.620558424,-0.7116759845,0,1,191,task,60,0,-1610,50,652,0
1,105,248,-2.26710737,-0.3649411047,1.009235049,-2.211915093,-1.61774543,-0.6967936284,0,1,192,task,60,0,-1610,50,652,0
1,105,249,-2.278633519,-0.3660074629,1.005050778,-2.223195064,-1.662672858,-0.7104065708,0,1,193,task,30,0,-1610,50,652,0
1,105,250,-2.29440399,-0.4016428256,1.093704343,-2.286561693,-1.66345668,-0.7265729762,0,1,194,task,60,0,-1610,50,652,0
1,105,251,-2.308453172,-0.4329381968,1.162804768,-2.322705123,-1.671328349,-0.7410671504,0,1,195,task,60,0,-1610,50,652,0
1,105,252,-2.323612375,-0.4620573376,1.223362905,-2.347789441,-1.677352984,-0.7563823976,0,1,196,task,60,0,-1610,50,652,0
1,105,253,-2.338845253,-0.4900519058,1.281167418,-2.371975659,-1.684887022,-0.7718443745,0,1,197,task,60,0,-1610,50,652,0
1,105,254,-2.34715464,-0.5205764659,1.357956926,-2.439125874,-1.714865795,-0.7835388538,0,1,198,task,30,0,-1610,50,652,0
1,105,255,-2.364120266,-0.5463734944,1.412131907,-2.464613216,-1.720464162,-0.8009040167,0,1,199,task,60,0,-1610,50,652,0
1,105,256,-2.371583514,-0.5194261464,1.34312507,-2.433110636,-1.723412693,-0.8093287782,0,1,200,task,30,0,-1610,50,652,0
1,105,257,-2.353263038,-0.4925804894,1.28196202,-2.396688589,-1.722720365,-0.7907158246,0,1,201,task,60,0,-1610,50,652,0
1,105,258,-2.337723028,-0.4643973981,1.223790919,-2.370579226,-1.715755164,-0.7746398425,0,1,202,task,60,0,-1610,50,652,0
1,105,259,-2.322027561,-0.4351871281,1.161340795,-2.340544688,-1.710961639,-0.7585536878,0,1,203,task,60,0,-1610,50,652,0
1,105,260,-2.306745864,-0.4042673924,1.094869167,-2.308216895,-1.706662934,-0.7429109978,0,1,204,task,60,0,-1610,50,652,0
1,105,261,-2.291757842,-0.3715368232,1.023520621,-2.272713412,-1.703177241,-0.7276149871,0,1,205,task,60,0,-1610,50,652,0
1,105,262,-2.276687706,-0.335841477,0.9435662635,-2.229342447,-1.701730826,-0.7123314927,0,1,206,task,60,0,-1610,50,652,0
1,105,263,-2.300319076,-0.3458840425,0.9575015743,-2.243999755,-1.721004435,-0.7383745185,0,1,207,task,30,0,-1610,50,652,0
1,105,264,-2.312114257,-0.3832954711,1.046397167,-2.306340782,-1.734704119,-0.7522329904,0,1,208,task,30,0,-1610,50,652,0
1,105,265,-2.326338707,-0.4147605947,1.109364587,-2.329780318,-1.741574202,-0.7670764802,0,1,209,task,60,0,-1610,50,652,0
1,105,266,-2.341756483,-0.4456290224,1.177168743,-2.367289673,-1.74647069,-0.7832906897,0,1,210,task,60,0,-1610,50,652,0
1,105,267,-2.358447547,-0.4740396354,1.234745131,-2.39035273,-1.749008021,-0.8001189025,0,1,211,task,60,0,-1610,50,652,0
1,105,268,-2.352268095,-0.4791259998,1.239886914,-2.389953723,-1.775112341,-0.7971673968,0,1,212,task,30,0,-1610,50,652,0
1,105,269,-2.281225541,-0.5783690907,1.269969922,-2.315485203,-1.756538491,-0.7246976334,0,0,,transition,30,0,-1610,50,652,0
1,105,270,-2.210182987,-0.6776121817,1.30005293,-2.241016683,-1.737964642,-0.6522278701,0,0,,transition,30,0,-1610,50,652,0
1,105,271,-2.139140433,-0.7768552726,1.330135938,-2.166548162,-1.719390793,-0.5797581067,0,0,,transition,30,0,-1610,50,652,0
1,105,272,-2.068097879,-0.8760983635,1.360218946,-2.092079642,-1.700816944,-0.5072883434,0,0,,transition,30,0,-1610,50,652,0
1,105,273,-1.997055325,-0.9753414544,1.390301953,-2.017611122,-1.682243095,-0.43481858,0,0,,transition,30,0,-1610,50,652,0
1,105,274,-1.92601277,-1.074584545,1.420384961,-1.943142601,-1.663669246,-0.3623488167,0,0,,transition,30,0,-1610,50,652,0
1,105,275,-1.854970216,-1.173827636,1.450467969,-1.868674081,-1.645095397,-0.2898790534,0,0,,transition,30,0,-1610,50,652,0
1,105,276,-1.783927662,-1.273070727,1.480550977,-1.794205561,-1.626521547,-0.21740929,0,0,,transition,30,0,-1610,50,652,0
1,105,277,-1.712885108,-1.372313818,1.510633984,-1.719737041,-1.607947698,-0.1449395267,0,0,,transition,30,0,-1610,50,652,0
1,105,278,-1.641842554,-1.471556909,1.540716992,-1.64526852,-1.589373849,-0.07246976334,0,0,,transition,30,0,-1610,50,652,0
1,105,279,-1.5708,-1.5708,1.5708,-1.5708,-1.5708,0,0,0,,home,60,0,-1610,50,652,0
1,106,1,-1.5708,-1.5708,1.5708,-1.5708,-1.5708,0,0,0,,home,60,0,-1610,50,652,0
1,106,2,-1.570289243,-1.475516852,1.520184833,-1.614547459,-1.565014493,0.0005116157257,0,0,,transition,30,0,-1610,50,652,0
1,106,3,-1.569778487,-1.380233704,1.469569665,-1.658294919,-1.559228987,0.001023231451,0,0,,transition,30,0,-1610,50,652,0
1,106,4,-1.56926773,-1.284950557,1.418954498,-1.702042378,-1.55344348,0.001534847177,0,0,,transition,30,0,-1610,50,652,0
1,106,5,-1.568756974,-1.189667409,1.36833933,-1.745789837,-1.547657973,0.002046462903,0,0,,transition,30,0,-1610,50,652,0
1,106,6,-1.568246217,-1.094384261,1.317724163,-1.789537296,-1.541872467,0.002558078629,0,0,,transition,30,0,-1610,50,652,0
1,106,7,-1.567735461,-0.9991011134,1.267108995,-1.833284756,-1.53608696,0.003069694354,0,0,,transition,30,0,-1610,50,652,0
1,106,8,-1.567224704,-0.9038179657,1.216493828,-1.877032215,-1.530301453,0.00358131008,0,0,,transition,30,0,-1610,50,652,0
1,106,9,-1.566713948,-0.8085348179,1.16587866,-1.920779674,-1.524515947,0.004092925806,0,0,,transition,30,0,-1610,50,652,0
1,106,10,-1.566203191,-0.7132516702,1.115263493,-1.964527134,-1.51873044,0.004604541531,0,0,,transition,30,0,-1610,50,652,0
1,106,11,-1.565692435,-0.6179685224,1.064648325,-2.008274593,-1.512944934,0.005116157257,0,0,,transition,30,0,-1610,50,652,0
1,106,12,-1.565181678,-0.5226853746,1.014033158,-2.052022052,-1.507159427,0.005627772983,0,0,,transition,30,0,-1610,50,652,0
1,106,13,-1.564670921,-0.4274022269,0.9634179904,-2.095769511,-1.50137392,0.006139388709,0,0,,transition,30,0,-1610,50,652,0
1,106,14,-1.564160165,-0.3321190791,0.9128028229,-2.139516971,-1.495588414,0.006651004434,0,1,1,task,60,0,-1610,50,652,0
1,106,15,-1.564242649,-0.3080270017,0.8571900592,-2.108598723,-1.495570079,0.006568351469,0,0,,transition,60,0,-1610,50,652,0
1,106,16,-1.564325132,-0.2839349243,0.8015772955,-2.077680475,-1.495551744,0.006485698504,0,1,2,task,60,0,-1610,50,652,0
1,106,17,-1.564403941,-0.2558407565,0.7374558794,-2.042255937,-1.495533174,0.006406723633,0,0,,transition,60,0,-1610,50,652,0
1,106,18,-1.564482749,-0.2277465888,0.6733344633,-2.006831399,-1.495514605,0.006327748763,0,1,3,task,60,0,-1610,50,652,0
1,106,19,-1.564558122,-0.1927820101,0.5944160255,-1.963480504,-1.495495816,0.006252211656,0,0,,transition,60,0,-1610,50,652,0
1,106,20,-1.564633496,-0.1578174314,0.5154975876,-1.920129608,-1.495477026,0.00617667455,0,1,4,task,60,0,-1610,50,652,0
1,106,21,-1.586916543,-0.1824804468,0.57605498,-1.955793678,-1.495603023,-0.01616889508,0,1,5,task,30,0,-1610,50,652,0
1,106,22,-1.587089242,-0.2144923152,0.6485775311,-1.995574348,-1.495643746,-0.01634193585,0,0,,transition,60,0,-1610,50,652,0
1,106,23,-1.587261942,-0.2465041836,0.7211000821,-2.035355018,-1.495684468,-0.01651497662,0,1,6,task,60,0,-1610,50,652,0
1,106,24,-1.587442563,-0.2729843713,0.781759131,-2.068803302,-1.495725782,-0.01669593693,0,0,,transition,60,0,-1610,50,652,0
1,106,25,-1.587623185,-0.2994645591,0.8424181799,-2.102251585,-1.495767096,-0.01687689725,0,1,7,task,60,0,-1610,50,652,0
1,106,26,-1.587812286,-0.3225008261,0.8957935707,-2.131859528,-1.495809042,-0.01706633542,0,0,,transition,60,0,-1610,50,652,0
1,106,27,-1.588001388,-0.3455370931,0.9491689615,-2.16146747,-1.495850989,-0.01725577358,0,1,8,task,60,0,-1610,50,652,0
1,106,28,-1.611686705,-0.3352901474,0.930845669,-2.153654499,-1.496017552,-0.04100657816,0,1,9,task,30,0,-1610,50,652,0
1,106,29,-1.611231632,-0.311748095,0.8764613651,-2.123718497,-1.495943457,-0.04055077569,0,0,,transition,60,0,-1610,50,652,0
1,106,30,-1.61077656,-0.2882060425,0.8220770612,-2.093782494,-1.495869363,-0.04009497323,0,1,10,task,60,0,-1610,50,652,0
1,106,31,-1.610342455,-0.2610347443,0.7601151151,-2.060050893,-1.495794649,-0.03966015205,0,0,,transition,60,0,-1610,50,652,0
1,106,32,-1.609908351,-0.2338634461,0.698153169,-2.026319292,-1.495719934,-0.03922533087,0,1,11,task,60,0,-1610,50,652,0
1,106,33,-1.609495024,-0.2009183227,0.6241247268,-1.986754232,-1.495640295,-0.03881131388,0,0,,transition,60,0,-1610,50,652,0
1,106,34,-1.609081697,-0.1679731992,0.5500962845,-1.947189173,-1.495560656,-0.03839729689,0,1,12,task,60,0,-1610,50,652,0
1,106,35,-1.631852842,-0.1974904676,0.6221477503,-1.989645818,-1.495589625,-0.06123317576,0,1,13,task,30,0,-1610,50,652,0
1,106,36,-1.632530105,-0.2274398879,0.6900661933,-2.026451092,-1.495677435,-0.06191179355,0,0,,transition,60,0,-1610,50,652,0
1,106,37,-1.633207368,-0.2573893082,0.7579846363,-2.063256367,-1.495765244,-0.06259041134,0,1,14,task,60,0,-1610,50,652,0
1,106,38,-1.633915605,-0.2826618649,0.8159044991,-2.094737859,-1.49585646,-0.06329989034,0,0,,transition,60,0,-1610,50,652,0
1,106,39,-1.634623842,-0.3079344216,0.8738243619,-2.12621935,-1.495947675,-0.06400936935,0,1,15,task,60,0,-1610,50,652,0
1,106,40,-1.635360045,-0.3301574761,0.9253212648,-2.154325133,-1.496059488,-0.06474659464,0,0,,transition,60,0,-1610,50,652,0
1,106,41,-1.636096248,-0.3523805305,0.9768181678,-2.182430917,-1.4961713,-0.06548381993,0,1,16,task,60,0,-1610,50,652,0
1,106,42,-1.659322396,-0.3345908805,0.9418690378,-2.167251408,-1.496077389,-0.08877706608,0,1,17,task,30,0,-1610,50,652,0
1,106,43,-1.658317737,-0.3113637055,0.8880203326,-2.137592908,-1.495978126,-0.08777048061,0,0,,transition,60,0,-1610,50,652,0
1,106,44,-1.657313078,-0.2881365305,0.8341716274,-2.107934408,-1.495878864,-0.08676389513,0,1,18,task,60,0,-1610,50,652,0
1,106,45,-1.656353256,-0.2613617991,0.7728161585,-2.074313719,-1.495783632,-0.08580207361,0,0,,transition,60,0,-1610,50,652,0
1,106,46,-1.655393433,-0.2345870678,0.7114606896,-2.040693029,-1.495688399,-0.0848402521,0,1,19,task,60,0,-1610,50,652,0
1,106,47,-1.654475504,-0.2020427667,0.6377243528,-2.000458244,-1.495596926,-0.08392025694,0,0,,transition,60,0,-1610,50,652,0
1,106,48,-1.653557574,-0.1694984657,0.563988016,-1.960223458,-1.495505453,-0.08300026178,0,1,20,task,60,0,-1610,50,652,0
1,106,49,-1.676953114,-0.2036852918,0.6459230449,-2.006423995,-1.495618849,-0.106461912,0,1,21,task,30,0,-1610,50,652,0
1,106,50,-1.678150174,-0.2328132182,0.7124782441,-2.043023321,-1.495716846,-0.107661652,0,0,,transition,60,0,-1610,50,652,0
1,106,51,-1.679347234,-0.2619411445,0.7790334432,-2.079622647,-1.495814843,-0.1088613919,0,1,22,task,60,0,-1610,50,652,0
1,106,52,-1.680599797,-0.2866691425,0.8362207798,-2.11125035,-1.495917138,-0.1101166038,0,0,,transition,60,0,-1610,50,652,0
1,106,53,-1.68185236,-0.3113971404,0.8934081163,-2.142878053,-1.496019433,-0.1113718157,0,1,23,task,60,0,-1610,50,652,0
1,106,54,-1.683164391,-0.3332040586,0.9444765649,-2.171304014,-1.496126346,-0.1126864588,0,0,,transition,60,0,-1610,50,652,0
1,106,55,-1.684476421,-0.3550109768,0.9955450134,-2.199729975,-1.49623326,-0.114001102,0,1,24,task,60,0,-1610,50,652,0
1,106,56,-1.706721253,-0.3291836427,0.9401364534,-2.170612228,-1.496191896,-0.1363097905,0,1,25,task,30,0,-1610,50,652,0
1,106,57,-1.705168503,-0.3058835176,0.8858143565,-2.14033649,-1.49608236,-0.1347537494,0,0,,transition,60,0,-1610,50,652,0
1,106,58,-1.703615753,-0.2825833924,0.8314922596,-2.110060753,-1.495972824,-0.1331977083,0,1,26,task,60,0,-1610,50,652,0
1,106,59,-1.702132609,-0.2556479358,0.7694883836,-2.075733972,-1.49586813,-0.1317112731,0,0,,transition,60,0,-1610,50,652,0
1,106,60,-1.700649465,-0.2287124791,0.7074845077,-2.041407191,-1.495763436,-0.1302248379,0,1,27,task,60,0,-1610,50,652,0
1,106,61,-1.69923134,-0.1958204605,0.6327063695,-2.000258395,-1.495663246,-0.1288034237,0,0,,transition,60,0,-1610,50,652,0
1,106,62,-1.697813214,-0.1629284418,0.5579282314,-1.9591096,-1.495563057,-0.1273820095,0,1,28,task,60,0,-1610,50,652,0
1,106,63,-1.706508309,-0.2050669881,0.6579031102,-2.024344062,-1.549760776,-0.1357449239,0,1,29,task,30,0,-1610,50,652,0
1,106,64,-1.708053586,-0.2336848947,0.7233648784,-2.06033215,-1.549828713,-0.1372906574,0,0,,transition,60,0,-1610,50,652,0
1,106,65,-1.709598863,-0.2623028014,0.7888266465,-2.096320237,-1.54989665,-0.138836391,0,1,30,task,60,0,-1610,50,652,0
1,106,66,-1.711215638,-0.28670204,0.8453182402,-2.127555767,-1.549969969,-0.1404534349,0,0,,transition,60,0,-1610,50,652,0
1,106,67,-1.712832414,-0.3111012786,0.9018098338,-2.158791297,-1.550043288,-0.1420704788,0,1,31,task,60,0,-1610,50,652,0
1,106,68,-1.714525778,-0.3326698149,0.9523815326,-2.186936538,-1.550122378,-0.1437639098,0,0,,transition,60,0,-1610,50,652,0
1,106,69,-1.716219143,-0.3542383512,1.002953231,-2.215081779,-1.550201467,-0.1454573408,0,1,32,task,60,0,-1610,50,652,0
1,106,70,-1.737289586,-0.3219533752,0.9269607319,-2.170472468,-1.550351833,-0.1665316964,0,1,33,task,30,0,-1610,50,652,0
1,106,71,-1.735393055,-0.2983804515,0.8723233274,-2.140404843,-1.550238407,-0.1646352851,0,0,,transition,60,0,-1610,50,652,0
1,106,72,-1.733496525,-0.2748075278,0.817685923,-2.110337219,-1.550124981,-0.1627388737,0,1,34,task,60,0,-1610,50,652,0
1,106,73,-1.731683836,-0.2474813527,0.7550931634,-2.076066553,-1.550019083,-0.1609259799,0,0,,transition,60,0,-1610,50,652,0
1,106,74,-1.729871147,-0.2201551775,0.6925004039,-2.041795888,-1.549913186,-0.1591130861,0,1,35,task,60,0,-1610,50,652,0
1,106,75,-1.728136854,-0.1865727821,0.6164629858,-2.000335869,-1.549814325,-0.1573782869,0,0,,transition,60,0,-1610,50,652,0
1,106,76,-1.726402562,-0.1529903868,0.5404255677,-1.958875849,-1.549715464,-0.1556434878,0,1,36,task,60,0,-1610,50,652,0
1,106,77,-1.738884378,-0.1778642968,0.5966255021,-1.988468049,-1.549896083,-0.1681280315,0,0,,transition,30,0,-1610,50,652,0
1,106,78,-1.751366195,-0.2027382069,0.6528254365,-2.01806025,-1.550076702,-0.1806125753,0,1,37,task,30,0,-1610,50,652,0
1,106,79,-1.75339851,-0.2313943384,0.7181059652,-2.053496219,-1.550231732,-0.1826447041,0,0,,transition,60,0,-1610,50,652,0
1,106,80,-1.755430826,-0.2600504699,0.7833864938,-2.088932188,-1.550386762,-0.1846768329,0,1,38,task,60,0,-1610,50,652,0
1,106,81,-1.757555748,-0.2844865796,0.8396774535,-2.119598018,-1.550551978,-0.1868010204,0,0,,transition,60,0,-1610,50,652,0
1,106,82,-1.759680671,-0.3089226893,0.8959684132,-2.150263847,-1.550717195,-0.188925208,0,1,39,task,60,0,-1610,50,652,0
1,106,83,-1.783329322,-0.3102724177,0.897479739,-2.146283205,-1.551484207,-0.2125709846,0,1,40,task,30,0,-1610,50,652,0
1,106,84,-1.780956794,-0.2860139461,0.8418157243,-2.116351061,-1.551236989,-0.2102008826,0,0,,transition,60,0,-1610,50,652,0
1,106,85,-1.778584266,-0.2617554745,0.7861517096,-2.086418916,-1.550989772,-0.2078307807,0,1,41,task,60,0,-1610,50,652,0
1,106,86,-1.776314028,-0.2333981025,0.7217495806,-2.051847692,-1.550756913,-0.2055619676,0,0,,transition,60,0,-1610,50,652,0
1,106,87,-1.77404379,-0.2050407306,0.6573474515,-2.017276468,-1.550524055,-0.2032931544,0,1,42,task,60,0,-1610,50,652,0
1,106,88,-1.771869377,-0.1695228578,0.5774965125,-1.974416964,-1.550304649,-0.2011192306,0,0,,transition,60,0,-1610,50,652,0
1,106,89,-1.769694964,-0.1340049849,0.4976455735,-1.93155746,-1.550085244,-0.1989453067,0,1,43,task,60,0,-1610,50,652,0
1,106,90,-1.782676679,-0.1634614253,0.5629155942,-1.963943168,-1.550667384,-0.2119258416,0,0,,transition,30,0,-1610,50,652,0
1,106,91,-1.795658395,-0.1929178657,0.6281856149,-1.996328876,-1.551249523,-0.2249063766,0,1,44,task,30,0,-1610,50,652,0
1,106,92,-1.798139198,-0.2222406003,0.6944532869,-2.031562485,-1.551567549,-0.2273835288,0,0,,transition,60,0,-1610,50,652,0
1,106,93,-1.80062,-0.2515633349,0.7607209589,-2.066796095,-1.551885574,-0.2298606811,0,1,45,task,60,0,-1610,50,652,0
1,106,94,-1.803251653,-0.2766048949,0.818451779,-2.098525412,-1.552087548,-0.2324897404,0,0,,transition,60,0,-1610,50,652,0
1,106,95,-1.805883305,-0.3016464549,0.8761825992,-2.130254729,-1.552289523,-0.2351187997,0,1,46,task,60,0,-1610,50,652,0
1,106,96,-1.828444491,-0.2937398404,0.8574710512,-2.117216852,-1.553011245,-0.2576738477,0,1,47,task,30,0,-1610,50,652,0
1,106,97,-1.825568027,-0.2680689692,0.7982925888,-2.08450047,-1.552812782,-0.2548002655,0,0,,transition,60,0,-1610,50,652,0
1,106,98,-1.822691564,-0.242398098,0.7391141264,-2.051784088,-1.55261432,-0.2519266833,0,1,48,task,60,0,-1610,50,652,0
1,106,99,-1.819939477,-0.2116431713,0.6690634338,-2.013279201,-1.552426427,-0.2491770312,0,0,,transition,60,0,-1610,50,652,0
1,106,100,-1.81718739,-0.1808882445,0.5990127411,-1.974774313,-1.552238534,-0.2464273791,0,1,49,task,60,0,-1610,50,652,0
1,106,101,-1.825380698,-0.1369150187,0.4999225267,-1.919198877,-1.552421015,-0.2546201201,0,0,,transition,30,0,-1610,50,652,0
1,106,102,-1.833574005,-0.09294179283,0.4008323124,-1.863623442,-1.552603496,-0.2628128611,0,1,50,task,30,0,-1610,50,652,0
1,106,103,-1.836442717,-0.1346845802,0.494747264,-1.915121062,-1.552782861,-0.2656792164,0,0,,transition,60,0,-1610,50,652,0
1,106,104,-1.839311429,-0.1764273675,0.5886622156,-1.966618683,-1.552962225,-0.2685455717,0,1,51,task,60,0,-1610,50,652,0
1,106,105,-1.842306619,-0.2075817373,0.6596446158,-2.005771796,-1.553151268,-0.2715380366,0,0,,transition,60,0,-1610,50,652,0
1,106,106,-1.845301809,-0.238736107,0.730627016,-2.04492491,-1.553340311,-0.2745305015,0,1,52,task,60,0,-1610,50,652,0
1,106,107,-1.84843195,-0.2646213899,0.7903342446,-2.078071634,-1.55353969,-0.277657523,0,0,,transition,60,0,-1610,50,652,0
1,106,108,-1.851562091,-0.2905066729,0.8500414731,-2.111218358,-1.553739069,-0.2807845445,0,1,53,task,60,0,-1610,50,652,0
1,106,109,-1.861168079,-0.3301110261,0.9442877921,-2.165058937,-1.563815495,-0.2904032187,0,0,,transition,30,0,-1610,50,652,0
1,106,110,-1.870774068,-0.3697153794,1.038534111,-2.218899515,-1.573891921,-0.300021893,0,0,,transition,30,0,-1610,50,652,0
1,106,111,-1.880380057,-0.4093197326,1.13278043,-2.272740094,-1.583968347,-0.3096405672,0,0,,transition,30,0,-1610,50,652,0
1,106,112,-1.889986046,-0.4489240859,1.227026749,-2.326580673,-1.594044772,-0.3192592414,0,0,,transition,30,0,-1610,50,652,0
1,106,113,-1.899592035,-0.4885284391,1.321273068,-2.380421252,-1.604121198,-0.3288779156,0,0,,transition,30,0,-1610,50,652,0
1,106,114,-1.909198024,-0.5281327923,1.415519387,-2.434261831,-1.614197624,-0.3384965899,0,1,54,task,30,0,-1610,50,652,0
1,106,115,-1.900185318,-0.4988195883,1.344227379,-2.394276226,-1.614315516,-0.32950938,0,1,55,task,60,0,-1610,50,652,0
1,106,116,-1.895551696,-0.4683286527,1.285526494,-2.383887436,-1.602797781,-0.3248981535,0,1,56,task,60,0,-1610,50,652,0
1,106,117,-1.889634144,-0.4366185478,1.209732599,-2.342884078,-1.5958123,-0.3189320837,0,1,57,task,60,0,-1610,50,652,0
1,106,118,-1.882490261,-0.4023790824,1.124934039,-2.291494464,-1.593564812,-0.3117689063,0,1,58,task,60,0,-1610,50,652,0
1,106,119,-1.875688246,-0.3649957408,1.03398834,-2.237140774,-1.591307726,-0.3049500336,0,1,59,task,60,0,-1610,50,652,0
1,106,120,-1.869204305,-0.323663277,0.9350873485,-2.178817437,-1.589042095,-0.298451525,0,1,60,task,60,0,-1610,50,652,0
1,106,121,-1.866110546,-0.3003750718,0.8802228032,-2.146880738,-1.587905469,-0.2953515592,0,0,,transition,60,0,-1610,50,652,0
1,106,122,-1.863016787,-0.2770868667,0.825358258,-2.114944039,-1.586768842,-0.2922515933,0,1,61,task,60,0,-1610,50,652,0
1,106,123,-1.860061367,-0.2500198619,0.7625314675,-2.078839828,-1.585628811,-0.2892909814,0,0,,transition,60,0,-1610,50,652,0
1,106,124,-1.857105947,-0.2229528571,0.6997046769,-2.042735617,-1.584488779,-0.2863303695,0,1,62,task,60,0,-1610,50,652,0
1,106,125,-1.854279847,-0.1896265188,0.6234721811,-1.999499947,-1.583345703,-0.2835000339,0,0,,transition,60,0,-1610,50,652,0
1,106,126,-1.851453747,-0.1563001804,0.5472396853,-1.956264277,-1.582202626,-0.2806696982,0,1,63,task,60,0,-1610,50,652,0
1,106,127,-1.857251819,-0.1190853802,0.4645918974,-1.915586398,-1.591120148,-0.2865263022,0,0,,transition,30,0,-1610,50,652,0
1,106,128,-1.863049891,-0.08187057996,0.3819441095,-1.874908518,-1.60003767,-0.2923829061,0,1,64,task,30,0,-1610,50,652,0
1,106,129,-1.866343589,-0.1248745346,0.4787554011,-1.928279,-1.5997627,-0.2956749849,0,0,,transition,60,0,-1610,50,652,0
1,106,130,-1.869637286,-0.1678784892,0.5755666927,-1.981649481,-1.599487729,-0.2989670637,0,1,65,task,60,0,-1610,50,652,0
1,106,131,-1.873075402,-0.1994760784,0.6476587809,-2.021707687,-1.599218827,-0.3024034628,0,0,,transition,60,0,-1610,50,652,0
1,106,132,-1.876513517,-0.2310736675,0.7197508691,-2.061765893,-1.598949925,-0.3058398619,0,1,66,task,60,0,-1610,50,652,0
1,106,133,-1.880105609,-0.2571643142,0.7800522718,-2.095541021,-1.598687492,-0.3094301348,0,0,,transition,60,0,-1610,50,652,0
1,106,134,-1.883697701,-0.2832549608,0.8403536745,-2.129316149,-1.59842506,-0.3130204077,0,1,67,task,60,0,-1610,50,652,0
1,106,135,-1.887454179,-0.3059052508,0.8933988174,-2.159276157,-1.598169535,-0.3167749552,0,0,,transition,60,0,-1610,50,652,0
1,106,136,-1.891210657,-0.3285555408,0.9464439603,-2.189236164,-1.59791401,-0.3205295027,0,1,68,task,60,0,-1610,50,652,0
1,106,137,-1.899040153,-0.3689915627,1.042406073,-2.243847074,-1.597529848,-0.3283556654,0,1,69,task,60,0,-1610,50,652,0
1,106,138,-1.905620624,-0.4056372319,1.128146685,-2.289922932,-1.602245492,-0.3349683796,0,1,70,task,60,0,-1610,50,652,0
1,106,139,-1.912510896,-0.4395445041,1.208414756,-2.333337782,-1.6070039,-0.341893393,0,1,71,task,60,0,-1610,50,652,0
1,106,140,-1.920319314,-0.4715925522,1.28320859,-2.371753888,-1.610045682,-0.3497074292,0,1,72,task,60,0,-1610,50,652,0
1,106,141,-1.928715225,-0.5019427217,1.354037581,-2.407443621,-1.612545131,-0.3580905256,0,1,73,task,60,0,-1610,50,652,0
1,106,142,-1.937529539,-0.5306992225,1.421837091,-2.44176376,-1.615115904,-0.3668829128,0,1,74,task,60,0,-1610,50,652,0
1,106,143,-1.960287154,-0.5152975917,1.384222321,-2.425373296,-1.613127609,-0.389685812,0,1,75,task,30,0,-1610,50,652,0
1,106,144,-1.950701856,-0.4858392336,1.313115297,-2.386201888,-1.611552094,-0.3801047276,0,1,76,task,60,0,-1610,50,652,0
1,106,145,-1.94157094,-0.4545344741,1.238505028,-2.345419927,-1.610032313,-0.3709756186,0,1,77,task,60,0,-1610,50,652,0
1,106,146,-1.932863477,-0.4210865954,1.159707333,-2.302636018,-1.608564998,-0.362267599,0,1,78,task,60,0,-1610,50,652,0
1,106,147,-1.924916,-0.3854960404,1.075018427,-2.255158384,-1.605974254,-0.3542986702,0,1,79,task,60,0,-1610,50,652,0
1,106,148,-1.917381847,-0.3467222174,0.983653151,-2.204088743,-1.603230394,-0.3467417131,0,1,80,task,60,0,-1610,50,652,0
1,106,149,-1.910180417,-0.3037738069,0.8836786918,-2.148635279,-1.600512336,-0.339519067,0,1,81,task,60,0,-1610,50,652,0
1,106,150,-1.906735419,-0.2794521202,0.8277105373,-2.117798715,-1.599165638,-0.3360641578,0,0,,transition,60,0,-1610,50,652,0
1,106,151,-1.903290421,-0.2551304335,0.7717423828,-2.086962151,-1.597818941,-0.3326092487,0,1,82,task,60,0,-1610,50,652,0
1,106,152,-1.899547838,-0.2265465822,0.7065477547,-2.051275895,-1.598031599,-0.3288698101,0,0,,transition,60,0,-1610,50,652,0
1,106,153,-1.895805256,-0.1979627308,0.6413531266,-2.01558964,-1.598244257,-0.3251303715,0,1,83,task,60,0,-1610,50,652,0
1,106,154,-1.892144251,-0.1617121834,0.5595856669,-1.971011976,-1.598734672,-0.3214742703,0,0,,transition,60,0,-1610,50,652,0
1,106,155,-1.888483246,-0.125461636,0.4778182072,-1.926434311,-1.599225087,-0.3178181692,0,1,84,task,60,0,-1610,50,652,0
1,106,156,-1.897101793,-0.08180660381,0.3782137048,-1.868833464,-1.598475617,-0.3264292542,0,0,,transition,30,0,-1610,50,652,0
1,106,157,-1.90572034,-0.03815157164,0.2786092023,-1.811232617,-1.597726148,-0.3350403393,0,1,85,task,30,0,-1610,50,652,0
1,106,158,-1.907727595,-0.07321647037,0.3573955118,-1.855495263,-1.599220138,-0.3370636733,0,0,,transition,60,0,-1610,50,652,0
1,106,159,-1.90973485,-0.1082813691,0.4361818212,-1.899757908,-1.600714127,-0.3390870074,0,0,,transition,60,0,-1610,50,652,0
1,106,160,-1.911742106,-0.1433462678,0.5149681307,-1.944020554,-1.602208116,-0.3411103415,0,1,86,task,60,0,-1610,50,652,0
1,106,161,-1.914886479,-0.1781393626,0.5944486429,-1.98955182,-1.604439258,-0.3442833209,0,0,,transition,60,0,-1610,50,652,0
1,106,162,-1.918030852,-0.2129324574,0.6739291552,-2.035083085,-1.606670401,-0.3474563003,0,1,87,task,60,0,-1610,50,652,0
1,106,163,-1.921175263,-0.2407304404,0.7383144582,-2.072534201,-1.609374626,-0.3506405993,0,0,,transition,60,0,-1610,50,652,0
1,106,164,-1.924319675,-0.2685284234,0.8026997613,-2.109985317,-1.612078852,-0.3538248983,0,1,88,task,60,0,-1610,50,652,0
1,106,165,-1.927517127,-0.2922627112,0.8584531274,-2.142901853,-1.615079216,-0.357074081,0,0,,transition,60,0,-1610,50,652,0
1,106,166,-1.930714579,-0.3159969989,0.9142064935,-2.175818388,-1.618079579,-0.3603232637,0,1,89,task,60,0,-1610,50,652,0
1,106,167,-1.93406346,-0.3369623497,0.964234466,-2.205825598,-1.621067781,-0.3637326284,0,0,,transition,60,0,-1610,50,652,0
1,106,168,-1.93741234,-0.3579277005,1.014262438,-2.235832809,-1.624055982,-0.3671419931,0,1,90,task,60,0,-1610,50,652,0
1,106,169,-1.939659049,-0.3957206021,1.100669127,-2.282877556,-1.6451452,-0.3698586771,0,1,91,task,30,0,-1610,50,652,0
1,106,170,-1.953875931,-0.4295705522,1.172042064,-2.305466301,-1.629408035,-0.3836051705,0,1,92,task,30,0,-1610,50,652,0
1,106,171,-1.963686398,-0.4625975809,1.251450011,-2.351103199,-1.629186849,-0.3934114452,0,1,93,task,60,0,-1610,50,652,0
1,106,172,-1.973984774,-0.4934254444,1.326631543,-2.39473631,-1.628990438,-0.4037055001,0,1,94,task,60,0,-1610,50,652,0
1,106,173,-1.98241457,-0.5226446346,1.396892963,-2.434298084,-1.635657113,-0.4122615452,0,1,95,task,60,0,-1610,50,652,0
1,106,174,-1.976033901,-0.5031879526,1.350132622,-2.430125502,-1.709893931,-0.409013439,0,1,96,task,30,0,-1610,50,652,0
1,106,175,-1.970012363,-0.472876195,1.283764912,-2.400974425,-1.697030779,-0.4023944558,0,1,97,task,60,0,-1610,50,652,0
1,106,176,-1.96743776,-0.4404892005,1.200636869,-2.341985188,-1.67425887,-0.3987097367,0,1,98,task,30,0,-1610,50,652,0
1,106,177,-1.962967235,-0.4066708906,1.127600175,-2.310492042,-1.657993317,-0.3936991519,0,1,99,task,30,0,-1610,50,652,0
1,106,178,-1.952640841,-0.3688420739,1.030823858,-2.243790527,-1.661288212,-0.3833866115,0,1,100,task,60,0,-1610,50,652,0
1,106,179,-1.942453623,-0.3283873761,0.9371815743,-2.193178789,-1.665719038,-0.3733305085,0,1,101,task,60,0,-1610,50,652,0
1,106,180,-1.934851937,-0.2847905797,0.8408883974,-2.147628195,-1.662906909,-0.3656473543,0,1,102,task,60,0,-1610,50,652,0
1,106,181,-1.930956278,-0.2594848838,0.783489829,-2.117025113,-1.662388625,-0.3617237558,0,0,,transition,60,0,-1610,50,652,0
1,106,182,-1.927060618,-0.2341791879,0.7260912605,-2.086422031,-1.66187034,-0.3578001572,0,1,103,task,60,0,-1610,50,652,0
1,106,183,-1.923351715,-0.2041481546,0.658520572,-2.05053108,-1.6612727,-0.3540598791,0,0,,transition,60,0,-1610,50,652,0
1,106,184,-1.919642812,-0.1741171213,0.5909498834,-2.01464013,-1.66067506,-0.350319601,0,1,104,task,60,0,-1610,50,652,0
1,106,185,-1.916790549,-0.1379284575,0.5128005776,-1.977961044,-1.657522855,-0.3473539495,0,0,,transition,60,0,-1610,50,652,0
1,106,186,-1.913938285,-0.1017397938,0.4346512717,-1.941281959,-1.65437065,-0.344388298,0,1,105,task,60,0,-1610,50,652,0
1,106,187,-1.916069576,-0.07996381571,0.38395591,-1.917812635,-1.68054904,-0.3475850485,0,0,,transition,30,0,-1610,50,652,0
1,106,188,-1.918200867,-0.05818783765,0.3332605483,-1.89434331,-1.706727431,-0.350781799,0,1,106,task,30,0,-1610,50,652,0
1,106,189,-1.922712904,-0.1024171799,0.4299858897,-1.942771888,-1.703923495,-0.3551945181,0,0,,transition,60,0,-1610,50,652,0
1,106,190,-1.927224941,-0.1466465222,0.526711231,-1.991200466,-1.70111956,-0.3596072373,0,1,107,task,60,0,-1610,50,652,0
1,106,191,-1.931131035,-0.1800509781,0.6025368998,-2.0333916,-1.701144851,-0.3635501428,0,0,,transition,60,0,-1610,50,652,0
1,106,192,-1.935037129,-0.2134554341,0.6783625685,-2.075582733,-1.701170143,-0.3674930483,0,1,108,task,60,0,-1610,50,652,0
1,106,193,-1.938975889,-0.2401576803,0.7385960344,-2.107559696,-1.70166536,-0.3714861609,0,0,,transition,60,0,-1610,50,652,0
1,106,194,-1.94291465,-0.2668599265,0.7988295003,-2.13953666,-1.702160577,-0.3754792735,0,1,109,task,60,0,-1610,50,652,0
1,106,195,-1.947050787,-0.2900760469,0.8516867786,-2.167853124,-1.702576907,-0.3796664738,0,0,,transition,60,0,-1610,50,652,0
1,106,196,-1.951186925,-0.3132921674,0.904544057,-2.196169588,-1.702993237,-0.3838536742,0,1,110,task,60,0,-1610,50,652,0
1,106,197,-1.95977757,-0.3547412778,0.9989603665,-2.24586107,-1.704000707,-0.3925486577,0,1,111,task,60,0,-1610,50,652,0
1,106,198,-1.968810218,-0.3926918578,1.08641858,-2.292789283,-1.704857873,-0.4016818881,0,1,112,task,60,0,-1610,50,652,0
1,106,199,-1.978090545,-0.4277191567,1.166060628,-2.333101491,-1.706253804,-0.4110673148,0,1,113,task,60,0,-1610,50,652,0
1,106,200,-1.988045187,-0.4606532905,1.243498629,-2.375915222,-1.70695939,-0.4211212301,0,1,114,task,60,0,-1610,50,652,0
1,106,201,-1.998493899,-0.4916690098,1.317151347,-2.417239905,-1.707644187,-0.4316745038,0,1,115,task,60,0,-1610,50,652,0
1,106,202,-2.009461578,-0.5210059265,1.38750166,-2.457180397,-1.708339416,-0.4427528273,0,1,116,task,60,0,-1610,50,652,0
1,106,203,-2.000653949,-0.4842481969,1.300742565,-2.416049003,-1.722819652,-0.4349380725,0,0,,transition,30,0,-1610,50,652,0
1,106,204,-1.991846321,-0.4474904673,1.21398347,-2.374917609,-1.737299889,-0.4271233177,0,0,,transition,30,0,-1610,50,652,0
1,106,205,-1.983038692,-0.4107327378,1.127224375,-2.333786215,-1.751780125,-0.4193085629,0,1,117,task,30,0,-1610,50,652,0
1,106,206,-1.974553846,-0.3738599257,1.039458889,-2.281273227,-1.747878426,-0.4103751297,0,1,118,task,60,0,-1610,50,652,0
1,106,207,-1.968206228,-0.3341277554,0.9488919814,-2.23234477,-1.738039143,-0.4032555839,0,1,119,task,60,0,-1610,50,652,0
1,106,208,-1.95675262,-0.2921172079,0.8592695485,-2.1960906,-1.746803186,-0.3923094166,0,1,120,task,30,0,-1610,50,652,0
1,106,209,-1.952291937,-0.2672529756,0.8018389789,-2.163565771,-1.747549674,-0.3878243635,0,0,,transition,60,0,-1610,50,652,0
1,106,210,-1.947831253,-0.2423887432,0.7444084093,-2.131040942,-1.748296162,-0.3833393103,0,1,121,task,60,0,-1610,50,652,0
1,106,211,-1.943557408,-0.2127610998,0.6767997836,-2.093124073,-1.749039454,-0.379042177,0,0,,transition,60,0,-1610,50,652,0
1,106,212,-1.939283562,-0.1831334564,0.6091911578,-2.055207204,-1.749782746,-0.3747450437,0,1,122,task,60,0,-1610,50,652,0
1,106,213,-1.935185387,-0.14450099,0.5221093875,-2.006843309,-1.750523295,-0.3706246059,0,0,,transition,60,0,-1610,50,652,0
1,106,214,-1.931087212,-0.1058685235,0.4350276171,-1.958479415,-1.751263845,-0.3665041681,0,1,123,task,60,0,-1610,50,652,0
1,106,215,-1.931326599,-0.06855077966,0.3520074552,-1.912366637,-1.743334855,-0.3662468941,0,0,,transition,30,0,-1610,50,652,0
1,106,216,-1.931565986,-0.03123303577,0.2689872933,-1.86625386,-1.735405864,-0.3659896202,0,0,,transition,30,0,-1610,50,652,0
1,106,217,-1.931805373,0.006084708118,0.1859671313,-1.820141082,-1.727476874,-0.3657323462,0,0,,transition,30,0,-1610,50,652,0
1,106,218,-1.93204476,0.04340245201,0.1029469694,-1.774028304,-1.719547884,-0.3654750722,0,1,124,task,30,0,-1610,50,652,0
1,106,219,-1.910795068,-0.05155063341,0.1892912653,-1.762073698,-1.710798009,-0.3439765386,0,0,,transition,30,0,-1610,50,652,0
1,106,220,-1.889545377,-0.1465037188,0.2756355612,-1.750119092,-1.702048133,-0.3224780049,0,0,,transition,30,0,-1610,50,652,0
1,106,221,-1.868295685,-0.2414568042,0.3619798572,-1.738164486,-1.693298258,-0.3009794713,0,0,,transition,30,0,-1610,50,652,0
1,106,222,-1.847045993,-0.3364098896,0.4483241531,-1.72620988,-1.684548382,-0.2794809376,0,0,,transition,30,0,-1610,50,652,0
1,106,223,-1.825796301,-0.4313629751,0.534668449,-1.714255274,-1.675798507,-0.2579824039,0,0,,transition,30,0,-1610,50,652,0
1,106,224,-1.804546609,-0.5263160605,0.6210127449,-1.702300667,-1.667048631,-0.2364838703,0,0,,transition,30,0,-1610,50,652,0
1,106,225,-1.783296918,-0.6212691459,0.7073570408,-1.690346061,-1.658298756,-0.2149853366,0,0,,transition,30,0,-1610,50,652,0
1,106,226,-1.762047226,-0.7162222313,0.7937013367,-1.678391455,-1.64954888,-0.193486803,0,0,,transition,30,0,-1610,50,652,0
1,106,227,-1.740797534,-0.8111753167,0.8800456327,-1.666436849,-1.640799004,-0.1719882693,0,0,,transition,30,0,-1610,50,652,0
1,106,228,-1.719547842,-0.9061284021,0.9663899286,-1.654482243,-1.632049129,-0.1504897356,0,0,,transition,30,0,-1610,50,652,0
1,106,229,-1.698298151,-1.001081488,1.052734224,-1.642527637,-1.623299253,-0.128991202,0,0,,transition,30,0,-1610,50,652,0
1,106,230,-1.677048459,-1.096034573,1.13907852,-1.630573031,-1.614549378,-0.1074926683,0,0,,transition,30,0,-1610,50,652,0
1,106,231,-1.655798767,-1.190987658,1.225422816,-1.618618425,-1.605799502,-0.08599413465,0,0,,transition,30,0,-1610,50,652,0
1,106,232,-1.634549075,-1.285940744,1.311767112,-1.606663818,-1.597049627,-0.06449560099,0,0,,transition,30,0,-1610,50,652,0
1,106,233,-1.613299384,-1.380893829,1.398111408,-1.594709212,-1.588299751,-0.04299706732,0,0,,transition,30,0,-1610,50,652,0
1,106,234,-1.592049692,-1.475846915,1.484455704,-1.582754606,-1.579549876,-0.02149853366,0,0,,transition,30,0,-1610,50,652,0
1,106,235,-1.5708,-1.5708,1.5708,-1.5708,-1.5708,0,0,0,,home,60,0,-1610,50,652,0
2,119,1,-1.5708,-1.5708,1.5708,-1.5708,-1.5708,0,0,0,,home,60,0,1610,50,652,0
2,119,2,-1.579193534,-1.475853906,1.523673789,-1.618013742,-1.57245121,-0.008395614213,0,0,,transition,30,0,1610,50,652,0
2,119,3,-1.587587067,-1.380907811,1.476547577,-1.665227485,-1.57410242,-0.01679122843,0,0,,transition,30,0,1610,50,652,0
2,119,4,-1.595980601,-1.285961717,1.429421366,-1.712441227,-1.57575363,-0.02518684264,0,0,,transition,30,0,1610,50,652,0
2,119,5,-1.604374134,-1.191015623,1.382295155,-1.75965497,-1.57740484,-0.03358245685,0,0,,transition,30,0,1610,50,652,0
2,119,6,-1.612767668,-1.096069528,1.335168944,-1.806868712,-1.579056051,-0.04197807106,0,0,,transition,30,0,1610,50,652,0
2,119,7,-1.621161201,-1.001123434,1.288042732,-1.854082454,-1.580707261,-0.05037368528,0,0,,transition,30,0,1610,50,652,0
2,119,8,-1.629554735,-0.9061773397,1.240916521,-1.901296197,-1.582358471,-0.05876929949,0,0,,transition,30,0,1610,50,652,0
2,119,9,-1.637948268,-0.8112312454,1.19379031,-1.948509939,-1.584009681,-0.0671649137,0,0,,transition,30,0,1610,50,652,0
2,119,10,-1.646341802,-0.7162851511,1.146664098,-1.995723682,-1.585660891,-0.07556052792,0,0,,transition,30,0,1610,50,652,0
2,119,11,-1.654735335,-0.6213390567,1.099537887,-2.042937424,-1.587312101,-0.08395614213,0,0,,transition,30,0,1610,50,652,0
2,119,12,-1.663128869,-0.5263929624,1.052411676,-2.090151166,-1.588963311,-0.09235175634,0,0,,transition,30,0,1610,50,652,0
2,119,13,-1.671522403,-0.4314468681,1.005285464,-2.137364909,-1.590614521,-0.1007473706,0,0,,transition,30,0,1610,50,652,0
2,119,14,-1.679915936,-0.3365007738,0.9581592531,-2.184578651,-1.592265731,-0.1091429848,0,1,1,task,60,0,1610,50,652,0
2,119,15,-1.678670367,-0.3138752623,0.9052251741,-2.155075159,-1.592157771,-0.1078977769,0,0,,transition,60,0,1610,50,652,0
2,119,16,-1.677424798,-0.2912497509,0.852291095,-2.125571666,-1.592049811,-0.106652569,0,1,2,task,60,0,1610,50,652,0
2,119,17,-1.676218771,-0.2654255643,0.7923566813,-2.092260965,-1.592001749,-0.1054468632,0,0,,transition,60,0,1610,50,652,0
2,119,18,-1.675012745,-0.2396013777,0.7324222676,-2.058950263,-1.591953686,-0.1042411573,0,1,3,task,60,0,1610,50,652,0
2,119,19,-1.673859612,-0.2084885861,0.6611918842,-2.019633523,-1.591909705,-0.1030882005,0,0,,transition,60,0,1610,50,652,0
2,119,20,-1.672706478,-0.1773757945,0.5899615008,-1.980316783,-1.591865723,-0.1019352436,0,1,4,task,60,0,1610,50,652,0
2,119,21,-1.662199684,-0.1991169702,0.6403487752,-2.008427869,-1.591839219,-0.09142605545,0,0,,transition,30,0,1610,50,652,0
2,119,22,-1.651692889,-0.220858146,0.6907360497,-2.036538955,-1.591812715,-0.08091686733,0,1,5,task,30,0,1610,50,652,0
2,119,23,-1.652624942,-0.247994759,0.7533614744,-2.071084099,-1.5918431,-0.0818486272,0,0,,transition,60,0,1610,50,652,0
2,119,24,-1.653556996,-0.2751313721,0.815986899,-2.105629243,-1.591873485,-0.08278038706,0,1,6,task,60,0,1610,50,652,0
2,119,25,-1.654532357,-0.2984919582,0.8706297081,-2.135968829,-1.591907767,-0.08375528984,0,0,,transition,60,0,1610,50,652,0
2,119,26,-1.655507717,-0.3218525444,0.9252725172,-2.166308415,-1.591942049,-0.08473019262,0,1,7,task,60,0,1610,50,652,0
2,119,27,-1.63206078,-0.3284361804,0.9413476693,-2.174784783,-1.591871134,-0.06127867521,0,1,8,task,30,0,1610,50,652,0
2,119,28,-1.6313658,-0.3055202861,0.8879986937,-2.145502965,-1.591800868,-0.06058411534,0,0,,transition,60,0,1610,50,652,0
2,119,29,-1.630670819,-0.2826043918,0.834649718,-2.116221147,-1.591730602,-0.05988955548,0,1,9,task,60,0,1610,50,652,0
2,119,30,-1.629989589,-0.2563097474,0.7739570712,-2.08296488,-1.591722262,-0.05920863629,0,0,,transition,60,0,1610,50,652,0
2,119,31,-1.629308359,-0.2300151029,0.7132644244,-2.049708614,-1.591713922,-0.05852771711,0,1,10,task,60,0,1610,50,652,0
2,119,32,-1.628656678,-0.1980943176,0.6405210038,-2.010028353,-1.591708773,-0.05787618357,0,0,,transition,60,0,1610,50,652,0
2,119,33,-1.628004997,-0.1661735322,0.5677775833,-1.970348092,-1.591703624,-0.05722465003,0,1,11,task,60,0,1610,50,652,0
2,119,34,-1.617208358,-0.1919098412,0.6272303347,-2.003387496,-1.591670142,-0.04642561968,0,0,,transition,30,0,1610,50,652,0
2,119,35,-1.606411718,-0.2176461502,0.6866830861,-2.0364269,-1.59163666,-0.03562658934,0,1,12,task,30,0,1610,50,652,0
2,119,36,-1.606833641,-0.2447018742,0.7487796335,-2.070032423,-1.591611015,-0.03604829183,0,0,,transition,60,0,1610,50,652,0
2,119,37,-1.607255564,-0.2717575981,0.8108761809,-2.103637947,-1.591585371,-0.03646999433,0,1,13,task,60,0,1610,50,652,0
2,119,38,-1.607688624,-0.2951185863,0.8650620232,-2.133022495,-1.591589309,-0.03690268712,0,0,,transition,60,0,1610,50,652,0
2,119,39,-1.608121685,-0.3184795744,0.9192478655,-2.162407044,-1.591593247,-0.03733537992,0,1,14,task,60,0,1610,50,652,0
2,119,40,-1.584388084,-0.3160030746,0.9141596661,-2.158970257,-1.591434349,-0.01359772335,0,1,15,task,30,0,1610,50,652,0
2,119,41,-1.584226127,-0.2926563765,0.8604576211,-2.130548489,-1.591447713,-0.0134359509,0,0,,transition,60,0,1610,50,652,0
2,119,42,-1.584064169,-0.2693096784,0.8067555761,-2.10212672,-1.591461076,-0.01327417846,0,1,16,task,60,0,1610,50,652,0
2,119,43,-1.583890226,-0.2423482974,0.7452242915,-2.069475845,-1.591541366,-0.01310032759,0,0,,transition,60,0,1610,50,652,0
2,119,44,-1.583716283,-0.2153869165,0.683693007,-2.03682497,-1.591621655,-0.01292647672,0,1,17,task,60,0,1610,50,652,0
2,119,45,-1.583549685,-0.182294104,0.6089706518,-1.997114566,-1.59170327,-0.01275987243,0,0,,transition,60,0,1610,50,652,0
2,119,46,-1.583383086,-0.1492012915,0.5342482965,-1.957404162,-1.591784885,-0.01259326813,0,1,18,task,60,0,1610,50,652,0
2,119,47,-1.561076048,-0.144269148,0.5276854228,-1.960621235,-1.59216007,0.009718556306,0,1,19,task,30,0,1610,50,652,0
2,119,48,-1.561019672,-0.1772224369,0.6014132047,-1.998518445,-1.591973103,0.009775001361,0,0,,transition,60,0,1610,50,652,0
2,119,49,-1.560963295,-0.2101757258,0.6751409865,-2.036415654,-1.591786136,0.009831446415,0,1,20,task,60,0,1610,50,652,0
2,119,50,-1.560904531,-0.2370847831,0.7358328264,-2.067321155,-1.591598507,0.009890117351,0,0,,transition,60,0,1610,50,652,0
2,119,51,-1.560845766,-0.2639938403,0.7965246663,-2.098226655,-1.591410877,0.009948788286,0,1,21,task,60,0,1610,50,652,0
2,119,52,-1.560749477,-0.2873521086,0.8494523481,-2.124889954,-1.591338463,0.01004484168,0,0,,transition,60,0,1610,50,652,0
2,119,53,-1.560653187,-0.3107103769,0.9023800299,-2.151553252,-1.591266048,0.01014089508,0,1,22,task,60,0,1610,50,652,0
2,119,54,-1.537104222,-0.298748307,0.8754859239,-2.1362819,-1.590983187,0.03369330335,0,1,23,task,30,0,1610,50,652,0
2,119,55,-1.53737261,-0.2755601195,0.8250670575,-2.114799092,-1.591392909,0.03342609451,0,0,,transition,60,0,1610,50,652,0
2,119,56,-1.537640998,-0.2523719321,0.7746481911,-2.093316284,-1.591802631,0.03315888568,0,1,24,task,60,0,1610,50,652,0
2,119,57,-1.537919326,-0.2250329036,0.7137314669,-2.063543395,-1.59213656,0.03288015208,0,0,,transition,60,0,1610,50,652,0
2,119,58,-1.538197654,-0.1976938752,0.6528147428,-2.033770506,-1.592470489,0.03260141848,0,1,25,task,60,0,1610,50,652,0
2,119,59,-1.531430937,-0.1644734179,0.5771778883,-1.991766252,-1.578270226,0.03936467042,0,0,,transition,30,0,1610,50,652,0
2,119,60,-1.52466422,-0.1312529606,0.5015410339,-1.949761999,-1.564069963,0.04612792235,0,1,26,task,30,0,1610,50,652,0
2,119,61,-1.523807279,-0.1663568309,0.5820653498,-1.995099092,-1.565240177,0.04698455006,0,0,,transition,60,0,1610,50,652,0
2,119,62,-1.522950338,-0.2014607013,0.6625896658,-2.040436185,-1.56641039,0.04784117776,0,1,27,task,60,0,1610,50,652,0
2,119,63,-1.522054011,-0.2292865456,0.7274874485,-2.077420856,-1.567580621,0.04873730495,0,0,,transition,60,0,1610,50,652,0
2,119,64,-1.521157684,-0.2571123899,0.7923852313,-2.114405526,-1.568750852,0.04963343213,0,1,28,task,60,0,1610,50,652,0
2,119,65,-1.518514664,-0.2968516118,0.8609960699,-2.109210327,-1.573651336,0.05226101972,0,1,29,task,60,0,1610,50,652,0
2,119,66,-1.518239597,-0.3195910176,0.9139514559,-2.139387038,-1.572489804,0.05253576211,0,0,,transition,60,0,1610,50,652,0
2,119,67,-1.517964531,-0.3423304234,0.9669068419,-2.169563748,-1.571328272,0.0528105045,0,1,30,task,60,0,1610,50,652,0
2,119,68,-1.517387442,-0.3830931857,1.063062251,-2.224880454,-1.569004403,0.05338721358,0,1,31,task,60,0,1610,50,652,0
2,119,69,-1.516781362,-0.4202486773,1.151921866,-2.27651143,-1.56667968,0.05399318956,0,1,32,task,60,0,1610,50,652,0
2,119,70,-1.516144047,-0.4545052572,1.235074924,-2.32533777,-1.564354045,0.05463068488,0,1,33,task,60,0,1610,50,652,0
2,119,71,-1.515473019,-0.4863435718,1.313618692,-2.371976334,-1.562027438,0.0553021893,0,1,34,task,60,0,1610,50,652,0
2,119,72,-1.514765531,-0.5161031582,1.388348539,-2.41688322,-1.559699788,0.05601046202,0,1,35,task,60,0,1610,50,652,0
2,119,73,-1.514018529,-0.5440300887,1.45986295,-2.460411135,-1.557371018,0.05675856898,0,1,36,task,60,0,1610,50,652,0
2,119,74,-1.488817977,-0.5318937006,1.426981674,-2.440378628,-1.550840864,0.0819609328,0,1,37,task,30,0,1610,50,652,0
2,119,75,-1.491245851,-0.5034643965,1.355058638,-2.397152062,-1.550252569,0.07953498363,0,1,38,task,60,0,1610,50,652,0
2,119,76,-1.493548016,-0.4731406632,1.279714019,-2.352397993,-1.549659724,0.07723466273,0,1,39,task,60,0,1610,50,652,0
2,119,77,-1.495733913,-0.4406472556,1.200294485,-2.305738348,-1.549062673,0.07505053663,0,1,40,task,60,0,1610,50,652,0
2,119,78,-1.497812064,-0.4056025901,1.115920399,-2.256675088,-1.548461727,0.07297408601,0,1,41,task,60,0,1610,50,652,0
2,119,79,-1.500261181,-0.3677524279,1.026750428,-2.206620291,-1.546346362,0.07053078544,0,1,42,task,60,0,1610,50,652,0
2,119,80,-1.504717353,-0.3279720044,0.9382067784,-2.164891885,-1.537255335,0.06610148096,0,1,43,task,60,0,1610,50,652,0
2,119,81,-1.507588632,-0.2844842118,0.8428869103,-2.122158092,-1.532798808,0.06324702494,0,1,44,task,60,0,1610,50,652,0
2,119,82,-1.507229274,-0.2600623679,0.7901988643,-2.099812346,-1.536520714,0.06359975872,0,0,,transition,60,0,1610,50,652,0
2,119,83,-1.506869916,-0.235640524,0.7375108184,-2.077466599,-1.540242621,0.0639524925,0,1,45,task,60,0,1610,50,652,0
2,119,84,-1.507462654,-0.205203524,0.6673336204,-2.038114424,-1.540672841,0.06335857524,0,0,,transition,60,0,1610,50,652,0
2,119,85,-1.508055392,-0.1747665241,0.5971564225,-1.998762249,-1.541103061,0.06276465798,0,1,46,task,60,0,1610,50,652,0
2,119,86,-1.497445431,-0.1421999874,0.5224545033,-1.957124318,-1.541369162,0.07337852522,0,0,,transition,30,0,1610,50,652,0
2,119,87,-1.48683547,-0.1096334508,0.4477525841,-1.915486387,-1.541635263,0.08399239245,0,1,47,task,30,0,1610,50,652,0
2,119,88,-1.486219717,-0.1475299685,0.5333882084,-1.962124964,-1.540491683,0.08461166478,0,0,,transition,60,0,1610,50,652,0
2,119,89,-1.485603964,-0.1854264862,0.6190238327,-2.00876354,-1.539348102,0.0852309371,0,1,48,task,60,0,1610,50,652,0
2,119,90,-1.485303334,-0.2145287421,0.6843154309,-2.042436252,-1.537028392,0.08553821381,0,0,,transition,60,0,1610,50,652,0
2,119,91,-1.485002705,-0.2436309981,0.7496070291,-2.076108965,-1.534708681,0.08584549052,0,1,49,task,60,0,1610,50,652,0
2,119,92,-1.484294567,-0.2681468513,0.8044092556,-2.103242817,-1.533707821,0.08655533314,0,0,,transition,60,0,1610,50,652,0
2,119,93,-1.48358643,-0.2926627046,0.8592114821,-2.130376668,-1.53270696,0.08726517575,0,1,50,task,60,0,1610,50,652,0
2,119,94,-1.480982571,-0.3361618529,0.9579171515,-2.180636211,-1.534371193,0.08985960755,0,1,51,task,60,0,1610,50,652,0
2,119,95,-1.477746423,-0.3756559095,1.048546257,-2.227603637,-1.537651348,0.09308053841,0,1,52,task,60,0,1610,50,652,0
2,119,96,-1.47347457,-0.41176792,1.131194435,-2.26912798,-1.543660886,0.0973267727,0,1,53,task,60,0,1610,50,652,0
2,119,97,-1.469949504,-0.4457591533,1.211995228,-2.313867145,-1.546734557,0.1008396058,0,1,54,task,60,0,1610,50,652,0
2,119,98,-1.466675104,-0.4776240673,1.289463459,-2.358487764,-1.548517676,0.1041072274,0,1,55,task,60,0,1610,50,652,0
2,119,99,-1.463327787,-0.5074666649,1.36331264,-2.401754219,-1.550003319,0.1074489042,0,1,56,task,60,0,1610,50,652,0
2,119,100,-1.461458906,-0.5360095374,1.432371514,-2.438947744,-1.546822073,0.109313667,0,1,57,task,60,0,1610,50,652,0
2,119,101,-1.45216858,-0.5206925347,1.389783675,-2.413079739,-1.498877349,0.1188593207,0,1,58,task,30,0,1610,50,652,0
2,119,102,-1.455313338,-0.4912536442,1.321816857,-2.3802928,-1.498942104,0.1157299202,0,1,59,task,60,0,1610,50,652,0
2,119,103,-1.458191966,-0.4602575314,1.247152606,-2.338701025,-1.499334346,0.1128491485,0,1,60,task,60,0,1610,50,652,0
2,119,104,-1.461447248,-0.4273951941,1.171171224,-2.300258654,-1.498110133,0.1096091774,0,1,61,task,60,0,1610,50,652,0
2,119,105,-1.468033868,-0.3932431247,1.094144226,-2.263688084,-1.485812684,0.1031181064,0,1,62,task,30,0,1610,50,652,0
2,119,106,-1.466438478,-0.3537263988,0.9985300064,-2.206440186,-1.499095257,0.1046097253,0,1,63,task,30,0,1610,50,652,0
2,119,107,-1.46316276,-0.3104722085,0.8993952945,-2.1547542,-1.518199772,0.1077735996,0,1,64,task,30,0,1610,50,652,0
2,119,108,-1.463007848,-0.2860359548,0.8424992929,-2.122471265,-1.522958247,0.1079047247,0,0,,transition,60,0,1610,50,652,0
2,119,109,-1.462852935,-0.2615997012,0.7856032914,-2.09018833,-1.527716722,0.1080358498,0,1,65,task,60,0,1610,50,652,0
2,119,110,-1.463015814,-0.2340288114,0.7238187278,-2.058531577,-1.531390999,0.1078591627,0,0,,transition,60,0,1610,50,652,0
2,119,111,-1.463178692,-0.2064579216,0.6620341643,-2.026874823,-1.535065276,0.1076824757,0,1,66,task,60,0,1610,50,652,0
2,119,112,-1.463923707,-0.1721762854,0.5849584694,-1.98570385,-1.536643792,0.1069315322,0,0,,transition,60,0,1610,50,652,0
2,119,113,-1.464668721,-0.1378946491,0.5078827745,-1.944532876,-1.538222308,0.1061805888,0,1,67,task,60,0,1610,50,652,0
2,119,114,-1.459617746,-0.09328311176,0.4084171562,-1.899072953,-1.481893071,0.1116173236,0,1,68,task,30,0,1610,50,652,0
2,119,115,-1.458514633,-0.130228027,0.487120523,-1.933498373,-1.481415823,0.1127260915,0,0,,transition,60,0,1610,50,652,0
2,119,116,-1.457411521,-0.1671729422,0.5658238897,-1.967923793,-1.480938574,0.1138348595,0,1,69,task,60,0,1610,50,652,0
2,119,117,-1.455886436,-0.2005791428,0.6453039695,-2.01835978,-1.481745143,0.1153613928,0,0,,transition,60,0,1610,50,652,0
2,119,118,-1.454361352,-0.2339853433,0.7247840493,-2.068795767,-1.482551712,0.116887926,0,1,70,task,60,0,1610,50,652,0
2,119,119,-1.453793343,-0.2596227607,0.7835254504,-2.100646601,-1.479884648,0.1174861188,0,0,,transition,60,0,1610,50,652,0
2,119,120,-1.453225333,-0.285260178,0.8422668515,-2.132497435,-1.477217584,0.1180843116,0,1,71,task,60,0,1610,50,652,0
2,119,121,-1.450885437,-0.3280158733,0.932576592,-2.166978243,-1.475699903,0.1204308084,0,1,72,task,60,0,1610,50,652,0
2,119,122,-1.446766602,-0.3673384148,1.017086412,-2.201700654,-1.47957509,0.1244904038,0,1,73,task,60,0,1610,50,652,0
2,119,123,-1.443221454,-0.4060510679,1.116456728,-2.271386663,-1.480962721,0.1280618479,0,1,74,task,60,0,1610,50,652,0
2,119,124,-1.441892009,-0.4404760268,1.19358374,-2.306683682,-1.475018198,0.1294413459,0,1,75,task,60,0,1610,50,652,0
2,119,125,-1.444070369,-0.4737843971,1.275933944,-2.356444546,-1.458314131,0.1274726817,0,1,76,task,30,0,1610,50,652,0
2,119,126,-1.448962052,-0.5052220199,1.350442563,-2.39463525,-1.433989909,0.1228968343,0,1,77,task,30,0,1610,50,652,0
2,119,127,-1.421525815,-0.5083909246,1.344292114,-2.384365623,-1.43321211,0.1505638514,0,1,78,task,30,0,1610,50,652,0
2,119,128,-1.425295408,-0.4778941372,1.275819418,-2.352869606,-1.433619848,0.1467931127,0,1,79,task,60,0,1610,50,652,0
2,119,129,-1.428952673,-0.4456993241,1.200380991,-2.312477467,-1.433809687,0.1431154454,0,1,80,task,60,0,1610,50,652,0
2,119,130,-1.432434904,-0.4115595155,1.1230577,-2.274709092,-1.4339826,0.1396223808,0,1,81,task,60,0,1610,50,652,0
2,119,131,-1.43576216,-0.374790538,1.038254319,-2.230020286,-1.434127039,0.1362743964,0,1,82,task,60,0,1610,50,652,0
2,119,132,-1.438934068,-0.3349292452,0.9476555925,-2.183598604,-1.434270766,0.1330831798,0,1,83,task,60,0,1610,50,652,0
2,119,133,-1.440442215,-0.3128363852,0.8973310589,-2.157112362,-1.434362311,0.1315633209,0,0,,transition,60,0,1610,50,652,0
2,119,134,-1.441950362,-0.2907435252,0.8470065253,-2.130626119,-1.434453856,0.1300434619,0,1,84,task,60,0,1610,50,652,0
2,119,135,-1.443385935,-0.2657059366,0.7904393212,-2.100984318,-1.434563441,0.1285956485,0,0,,transition,60,0,1610,50,652,0
2,119,136,-1.444821509,-0.240668348,0.7338721171,-2.071342516,-1.434673026,0.1271478351,0,1,85,task,60,0,1610,50,652,0
2,119,137,-1.446218472,-0.2105093872,0.6653672695,-2.033809627,-1.434697531,0.1257383926,0,0,,transition,60,0,1610,50,652,0
2,119,138,-1.447615435,-0.1803504265,0.5968624219,-1.996276738,-1.434722037,0.12432895,0,1,86,task,60,0,1610,50,652,0
2,119,139,-1.44982204,-0.1429439983,0.5145223396,-1.954358297,-1.431587717,0.1221562257,0,0,,transition,60,0,1610,50,652,0
2,119,140,-1.452028645,-0.1055375701,0.4321822573,-1.912439856,-1.428453397,0.1199835014,0,1,87,task,60,0,1610,50,652,0
2,119,141,-1.441939165,-0.1263799756,0.4734822013,-1.93456666,-1.382341176,0.1311857464,0,1,88,task,30,0,1610,50,652,0
2,119,142,-1.441498195,-0.1626948506,0.5550614972,-1.97846982,-1.378766616,0.1317246738,0,0,,transition,60,0,1610,50,652,0
2,119,143,-1.441057225,-0.1990097257,0.6366407931,-2.02237298,-1.375192055,0.1322636012,0,1,89,task,60,0,1610,50,652,0
2,119,144,-1.439613115,-0.2278078309,0.7024805157,-2.059251206,-1.375049895,0.1337392362,0,0,,transition,60,0,1610,50,652,0
2,119,145,-1.438169005,-0.2566059361,0.7683202383,-2.096129433,-1.374907735,0.1352148712,0,1,90,task,60,0,1610,50,652,0
2,119,146,-1.43665874,-0.2810030636,0.824778867,-2.128041584,-1.374764683,0.1367581012,0,0,,transition,60,0,1610,50,652,0
2,119,147,-1.435148474,-0.3054001912,0.8812374956,-2.159953735,-1.374621631,0.1383013311,0,1,91,task,60,0,1610,50,652,0
2,119,148,-1.43356747,-0.326876349,0.9315647124,-2.188670465,-1.374477692,0.1399168402,0,0,,transition,60,0,1610,50,652,0
2,119,149,-1.431986467,-0.3483525068,0.9818919292,-2.217387195,-1.374333753,0.1415323493,0,1,92,task,60,0,1610,50,652,0
2,119,150,-1.425465231,-0.3862705937,1.067409347,-2.260686345,-1.384511477,0.147879388,0,1,93,task,30,0,1610,50,652,0
2,119,151,-1.429724054,-0.4216040565,1.134996771,-2.26989801,-1.359398466,0.1441607664,0,1,94,task,30,0,1610,50,652,0
2,119,152,-1.430227305,-0.4250743634,1.143057087,-2.27393469,-1.356709764,0.1437249651,0,1,95,task,60,0,1610,50,652,0
2,119,153,-1.441941697,-0.5205514998,1.17870233,-2.215340133,-1.374550617,0.1317478846,0,0,,transition,30,0,1610,50,652,0
2,119,154,-1.453656088,-0.6160286361,1.214347572,-2.156745575,-1.39239147,0.1197708042,0,0,,transition,30,0,1610,50,652,0
2,119,155,-1.465370479,-0.7115057725,1.249992815,-2.098151018,-1.410232323,0.1077937238,0,0,,transition,30,0,1610,50,652,0
2,119,156,-1.47708487,-0.8069829089,1.285638058,-2.03955646,-1.428073176,0.09581664338,0,0,,transition,30,0,1610,50,652,0
2,119,157,-1.488799261,-0.9024600453,1.321283301,-1.980961903,-1.445914029,0.08383956296,0,0,,transition,30,0,1610,50,652,0
2,119,158,-1.500513653,-0.9979371817,1.356928543,-1.922367345,-1.463754882,0.07186248253,0,0,,transition,30,0,1610,50,652,0
2,119,159,-1.512228044,-1.093414318,1.392573786,-1.863772788,-1.481595735,0.05988540211,0,0,,transition,30,0,1610,50,652,0
2,119,160,-1.523942435,-1.188891454,1.428219029,-1.80517823,-1.499436588,0.04790832169,0,0,,transition,30,0,1610,50,652,0
2,119,161,-1.535656826,-1.284368591,1.463864272,-1.746583673,-1.517277441,0.03593124127,0,0,,transition,30,0,1610,50,652,0
2,119,162,-1.547371218,-1.379845727,1.499509514,-1.687989115,-1.535118294,0.02395416084,0,0,,transition,30,0,1610,50,652,0
2,119,163,-1.559085609,-1.475322864,1.535154757,-1.629394558,-1.552959147,0.01197708042,0,0,,transition,30,0,1610,50,652,0
2,119,164,-1.5708,-1.5708,1.5708,-1.5708,-1.5708,0,0,0,,home,60,0,1610,50,652,0
2,120,1,-1.5708,-1.5708,1.5708,-1.5708,-1.5708,0,0,0,,home,60,0,1610,50,652,0
2,120,2,-1.583368859,-1.511102573,1.606428118,-1.663860322,-1.578044504,-0.01261336349,0,0,,transition,30,0,1610,50,652,0
2,120,3,-1.595937717,-1.451405145,1.642056236,-1.756920644,-1.585289008,-0.02522672697,0,0,,transition,30,0,1610,50,652,0
2,120,4,-1.608506576,-1.391707718,1.677684354,-1.849980966,-1.592533513,-0.03784009046,0,0,,transition,30,0,1610,50,652,0
2,120,5,-1.621075435,-1.33201029,1.713312473,-1.943041288,-1.599778017,-0.05045345395,0,0,,transition,30,0,1610,50,652,0
2,120,6,-1.633644293,-1.272312863,1.748940591,-2.03610161,-1.607022521,-0.06306681744,0,0,,transition,30,0,1610,50,652,0
2,120,7,-1.646213152,-1.212615435,1.784568709,-2.129161932,-1.614267025,-0.07568018092,0,0,,transition,30,0,1610,50,652,0
2,120,8,-1.658782011,-1.152918008,1.820196827,-2.222222254,-1.62151153,-0.08829354441,0,0,,transition,30,0,1610,50,652,0
2,120,9,-1.671350869,-1.093220581,1.855824945,-2.315282576,-1.628756034,-0.1009069079,0,0,,transition,30,0,1610,50,652,0
2,120,10,-1.683919728,-1.033523153,1.891453063,-2.408342898,-1.636000538,-0.1135202714,0,0,,transition,30,0,1610,50,652,0
2,120,11,-1.696488587,-0.9738257258,1.927081182,-2.50140322,-1.643245042,-0.1261336349,0,0,,transition,30,0,1610,50,652,0
2,120,12,-1.709057445,-0.9141282984,1.9627093,-2.594463542,-1.650489547,-0.1387469984,0,0,,transition,30,0,1610,50,652,0
2,120,13,-1.721626304,-0.854430871,1.998337418,-2.687523864,-1.657734051,-0.1513603618,0,0,,transition,30,0,1610,50,652,0
2,120,14,-1.734195163,-0.7947334435,2.033965536,-2.780584186,-1.664978555,-0.1639737253,0,1,1,task,60,0,1610,50,652,0
2,120,15,-1.728339592,-0.7763179339,1.976680886,-2.741200681,-1.664688777,-0.158093389,0,1,2,task,60,0,1610,50,652,0
2,120,16,-1.722019909,-0.7552934538,1.921858583,-2.712108116,-1.666376879,-0.1518077132,0,1,3,task,60,0,1610,50,652,0
2,120,17,-1.716043714,-0.7338106773,1.866016632,-2.682397081,-1.668264381,-0.1458615264,0,1,4,task,60,0,1610,50,652,0
2,120,18,-1.711329568,-0.713392793,1.807333517,-2.64589571,-1.668069715,-0.1411351284,0,1,5,task,60,0,1610,50,652,0
2,120,19,-1.706963318,-0.6919421132,1.747239893,-2.608862598,-1.667760915,-0.1367547406,0,1,6,task,60,0,1610,50,652,0
2,120,20,-1.702860133,-0.6693096897,1.685679539,-2.571572257,-1.667472134,-0.1326379988,0,1,7,task,60,0,1610,50,652,0
2,120,21,-1.698996825,-0.6454587053,1.622460866,-2.533867351,-1.667201768,-0.1287616395,0,1,8,task,60,0,1610,50,652,0
2,120,22,-1.695352864,-0.6203298124,1.557358299,-2.495579395,-1.666948382,-0.1251050697,0,1,9,task,60,0,1610,50,652,0
2,120,23,-1.69191001,-0.5938375792,1.490102081,-2.456522071,-1.666710684,-0.1216499927,0,1,10,task,60,0,1610,50,652,0
2,120,24,-1.688651995,-0.5658648671,1.420364039,-2.416482571,-1.666487509,-0.1183800957,0,1,11,task,60,0,1610,50,652,0
2,120,25,-1.68556427,-0.5362541738,1.347737075,-2.375209727,-1.666277804,-0.115280787,0,1,12,task,60,0,1610,50,652,0
2,120,26,-1.682633776,-0.504794243,1.271704623,-2.332396817,-1.666080616,-0.112338974,0,1,13,task,60,0,1610,50,652,0
2,120,27,-1.679848762,-0.4711988524,1.191593233,-2.287655353,-1.665895079,-0.109542875,0,1,14,task,60,0,1610,50,652,0
2,120,28,-1.677198622,-0.4350718386,1.10649526,-2.240472721,-1.665720404,-0.1068818584,0,1,15,task,60,0,1610,50,652,0
2,120,29,-1.674673761,-0.3958460731,1.015134748,-2.190139069,-1.665555872,-0.1043463055,0,1,16,task,60,0,1610,50,652,0
2,120,30,-1.672265475,-0.3526684025,0.9156152109,-2.135610142,-1.665400826,-0.1019274923,0,1,17,task,60,0,1610,50,652,0
2,120,31,-1.671115662,-0.3284131593,0.8602527518,-2.1054149,-1.665327745,-0.10077249,0,0,,transition,60,0,1610,50,652,0
2,120,32,-1.66996585,-0.304157916,0.8048902928,-2.075219659,-1.665254665,-0.09961748758,0,1,18,task,60,0,1610,50,652,0
2,120,33,-1.668866762,-0.2759839898,0.7411746717,-2.040595062,-1.66518575,-0.09851327599,0,0,,transition,60,0,1610,50,652,0
2,120,34,-1.667767675,-0.2478100635,0.6774590506,-2.005970466,-1.665116836,-0.09740906439,0,1,19,task,60,0,1610,50,652,0
2,120,35,-1.645337186,-0.2268487848,0.6437750106,-1.994607527,-1.663474497,-0.07486676399,0,1,20,task,30,0,1610,50,652,0
2,120,36,-1.646182188,-0.2561892123,0.7101993418,-2.030821502,-1.663513464,-0.07571563773,0,0,,transition,60,0,1610,50,652,0
2,120,37,-1.647027191,-0.2855296399,0.7766236731,-2.067035477,-1.663552431,-0.07656451147,0,1,21,task,60,0,1610,50,652,0
2,120,38,-1.647911101,-0.3104868242,0.8336863164,-2.098274771,-1.663594339,-0.07745235224,0,0,,transition,60,0,1610,50,652,0
2,120,39,-1.648795011,-0.3354440084,0.8907489597,-2.129514065,-1.663636246,-0.078340193,0,1,22,task,60,0,1610,50,652,0
2,120,40,-1.649720588,-0.3574979378,0.9416990898,-2.157548142,-1.663681292,-0.07926976538,0,0,,transition,60,0,1610,50,652,0
2,120,41,-1.650646164,-0.3795518672,0.9926492198,-2.185582219,-1.663726337,-0.08019933776,0,1,23,task,60,0,1610,50,652,0
2,120,42,-1.652586704,-0.4194255761,1.085790317,-2.237134049,-1.663823133,-0.08214801233,0,1,24,task,60,0,1610,50,652,0
2,120,43,-1.654623286,-0.4560145047,1.172279918,-2.285328525,-1.663927105,-0.08419288785,0,1,25,task,60,0,1610,50,652,0
2,120,44,-1.656763247,-0.4899399704,1.253513319,-2.330940365,-1.664038767,-0.08634131749,0,1,26,task,60,0,1610,50,652,0
2,120,45,-1.659014693,-0.5216311509,1.33047128,-2.374521972,-1.664158685,-0.08860142622,0,1,27,task,60,0,1610,50,652,0
2,120,46,-1.661386604,-0.5513955522,1.403874807,-2.416487757,-1.66428748,-0.09098221517,0,1,28,task,60,0,1610,50,652,0
2,120,47,-1.663888955,-0.5794587309,1.474272836,-2.457162117,-1.66442584,-0.09349368356,0,1,29,task,60,0,1610,50,652,0
2,120,48,-1.666532858,-0.6059880893,1.542095288,-2.496808705,-1.664574522,-0.09614697149,0,1,30,task,60,0,1610,50,652,0
2,120,49,-1.669138692,-0.6314242592,1.607550148,-2.535033248,-1.665240806,-0.09876601316,0,1,31,task,60,0,1610,50,652,0
2,120,50,-1.671695668,-0.6559925507,1.670860083,-2.571733028,-1.666442683,-0.1013402059,0,1,32,task,60,0,1610,50,652,0
2,120,51,-1.674643793,-0.6797513757,1.732024516,-2.606399184,-1.667074501,-0.1042995156,0,1,33,task,60,0,1610,50,652,0
2,120,52,-1.677776921,-0.702428565,1.791709731,-2.640689205,-1.66772688,-0.1074437862,0,1,34,task,60,0,1610,50,652,0
2,120,53,-1.681925929,-0.7250217669,1.848385546,-2.669382946,-1.66650415,-0.111577108,0,1,35,task,60,0,1610,50,652,0
2,120,54,-1.686743448,-0.7470041915,1.904067536,-2.697727891,-1.664433407,-0.1163664819,0,1,36,task,60,0,1610,50,652,0
2,120,55,-1.692196338,-0.7680750272,1.959748082,-2.728303539,-1.661750447,-0.121786827,0,1,37,task,60,0,1610,50,652,0
2,120,56,-1.698675342,-0.7887360946,2.013895875,-2.756637049,-1.657787255,-0.1282092452,0,1,38,task,60,0,1610,50,652,0
2,120,57,-1.700350501,-0.7929958903,2.02421531,-2.76108564,-1.656314286,-0.1298618353,0,1,39,task,60,0,1610,50,652,0
2,120,58,-1.663040321,-0.7879706251,2.017193318,-2.755922577,-1.654728251,-0.09245116352,0,1,40,task,30,0,1610,50,652,0
2,120,59,-1.65862651,-0.7681790528,1.961300102,-2.722005069,-1.65696636,-0.08805481957,0,1,41,task,60,0,1610,50,652,0
2,120,60,-1.654200528,-0.7471114087,1.905418153,-2.690834045,-1.659934078,-0.08365444389,0,1,42,task,60,0,1610,50,652,0
2,120,61,-1.649636405,-0.7247848492,1.849850815,-2.663252039,-1.663926209,-0.0791250725,0,1,43,task,60,0,1610,50,652,0
2,120,62,-1.645853158,-0.7015262324,1.795193077,-2.640096138,-1.666774608,-0.07537116433,0,1,44,task,60,0,1610,50,652,0
2,120,63,-1.643560553,-0.6786596903,1.737026191,-2.609400453,-1.666525893,-0.07307756607,0,1,45,task,60,0,1610,50,652,0
2,120,64,-1.64164625,-0.655087255,1.676741041,-2.576269217,-1.665671534,-0.07115600011,0,1,46,task,60,0,1610,50,652,0
2,120,65,-1.640092038,-0.6308846653,1.613472122,-2.538921765,-1.664169179,-0.06958824356,0,1,47,task,60,0,1610,50,652,0
2,120,66,-1.638626009,-0.605412,1.548278996,-2.500932716,-1.662673536,-0.06810927497,0,1,48,task,60,0,1610,50,652,0
2,120,67,-1.636348732,-0.5784377049,1.480778861,-2.462336728,-1.663673163,-0.06583126408,0,1,49,task,60,0,1610,50,652,0
2,120,68,-1.633700543,-0.5499148428,1.40995869,-2.421237561,-1.666097772,-0.06318774573,0,1,50,task,60,0,1610,50,652,0
2,120,69,-1.631323804,-0.519895818,1.336978106,-2.380352634,-1.668141936,-0.06081436579,0,1,51,task,60,0,1610,50,652,0
2,120,70,-1.62908897,-0.4880429546,1.260660347,-2.338112369,-1.67013308,-0.0585822543,0,1,52,task,60,0,1610,50,652,0
2,120,71,-1.626964664,-0.4540293409,1.180174599,-2.293867578,-1.672134949,-0.05646021305,0,1,53,task,60,0,1610,50,652,0
2,120,72,-1.62541315,-0.4176613239,1.094031047,-2.245600927,-1.672645446,-0.05490430575,0,1,54,task,60,0,1610,50,652,0
2,120,73,-1.624105996,-0.3781266691,1.001130768,-2.193482369,-1.672602338,-0.05359059267,0,1,55,task,60,0,1610,50,652,0
2,120,74,-1.623482806,-0.3562675761,0.9503698461,-2.165207229,-1.672582473,-0.05296423523,0,0,,transition,60,0,1610,50,652,0
2,120,75,-1.622859616,-0.3344084832,0.8996089245,-2.136932089,-1.672562608,-0.0523378778,0,1,56,task,60,0,1610,50,652,0
2,120,76,-1.622264737,-0.3096965697,0.8428582216,-2.105522924,-1.672544323,-0.05173993547,0,0,,transition,60,0,1610,50,652,0
2,120,77,-1.621669859,-0.2849846562,0.7861075188,-2.07411376,-1.672526037,-0.05114199313,0,1,57,task,60,0,1610,50,652,0
2,120,78,-1.621101401,-0.256001141,0.720250927,-2.037873045,-1.672509231,-0.05057056792,0,0,,transition,60,0,1610,50,652,0
2,120,79,-1.620532944,-0.2270176257,0.6543943351,-2.00163233,-1.672492425,-0.04999914271,0,1,58,task,60,0,1610,50,652,0
2,120,80,-1.598167677,-0.2129744502,0.6286400557,-1.98910228,-1.671738149,-0.02751549105,0,1,59,task,30,0,1610,50,652,0
2,120,81,-1.598364815,-0.2426867689,0.6959434173,-2.025700436,-1.672142084,-0.02771475768,0,0,,transition,60,0,1610,50,652,0
2,120,82,-1.598561954,-0.2723990877,0.763246779,-2.062298592,-1.672546019,-0.02791402431,0,1,60,task,60,0,1610,50,652,0
2,120,83,-1.598887251,-0.2976353667,0.8209808835,-2.093909574,-1.672550187,-0.028240948,0,0,,transition,60,0,1610,50,652,0
2,120,84,-1.599212549,-0.3228716457,0.8787149881,-2.125520556,-1.672554356,-0.02856787169,0,1,61,task,60,0,1610,50,652,0
2,120,85,-1.599553155,-0.3450967682,0.9301015852,-2.153796755,-1.672559744,-0.02891013312,0,0,,transition,60,0,1610,50,652,0
2,120,86,-1.59989376,-0.3673218908,0.9814881824,-2.182072954,-1.672565132,-0.02925239455,0,1,62,task,60,0,1610,50,652,0
2,120,87,-1.600607801,-0.4074126714,1.075229751,-2.233956558,-1.67257852,-0.02996981441,0,1,63,task,60,0,1610,50,652,0
2,120,88,-1.602027079,-0.4444292116,1.161474093,-2.280476148,-1.670501225,-0.03138905247,0,1,64,task,60,0,1610,50,652,0
2,120,89,-1.603739517,-0.4789014011,1.24221891,-2.323735222,-1.667756722,-0.0330997548,0,1,65,task,60,0,1610,50,652,0
2,120,90,-1.605310712,-0.5112175581,1.319560192,-2.366780807,-1.665702976,-0.03467032883,0,1,66,task,60,0,1610,50,652,0
2,120,91,-1.606623446,-0.5416035778,1.394487163,-2.410852579,-1.664644189,-0.03598491473,0,1,67,task,60,0,1610,50,652,0
2,120,92,-1.60800951,-0.5702066252,1.466245966,-2.453543218,-1.663587771,-0.03737289021,0,1,68,task,60,0,1610,50,652,0
2,120,93,-1.609475241,-0.5972081483,1.535298673,-2.495133699,-1.662533919,-0.03884059813,0,1,69,task,60,0,1610,50,652,0
2,120,94,-1.611027729,-0.622742206,1.602013394,-2.535858467,-1.661482852,-0.04039513641,0,1,70,task,60,0,1610,50,652,0
2,120,95,-1.611380025,-0.6470689165,1.664428814,-2.570958318,-1.663755394,-0.04075492171,0,1,71,task,60,0,1610,50,652,0
2,120,96,-1.611908628,-0.6705288526,1.72444884,-2.603510678,-1.665644404,-0.04128914377,0,1,72,task,60,0,1610,50,652,0
2,120,97,-1.613413147,-0.6941800133,1.780246437,-2.62749193,-1.665262184,-0.04278809371,0,1,73,task,60,0,1610,50,652,0
2,120,98,-1.617414186,-0.718533574,1.833383407,-2.645250163,-1.659299112,-0.04675900275,0,1,74,task,60,0,1610,50,652,0
2,120,99,-1.620576891,-0.7408461418,1.890069112,-2.675391537,-1.655862128,-0.04990598624,0,1,75,task,60,0,1610,50,652,0
2,120,100,-1.623021287,-0.761451532,1.947577688,-2.711052873,-1.654487195,-0.05234669664,0,1,76,task,60,0,1610,50,652,0
2,120,101,-1.625643901,-0.7809977344,2.004081601,-2.74677657,-1.653127225,-0.05496516121,0,1,77,task,60,0,1610,50,652,0
2,120,102,-1.62583902,-0.7823557928,2.008091402,-2.74934029,-1.653030477,-0.05515996444,0,1,78,task,60,0,1610,50,652,0
2,120,103,-1.588846623,-0.7761497875,1.996929382,-2.741371986,-1.651229387,-0.01808886568,0,1,79,task,30,0,1610,50,652,0
2,120,104,-1.587717562,-0.7567813043,1.940355624,-2.705064762,-1.652259135,-0.01695991231,0,1,80,task,60,0,1610,50,652,0
2,120,105,-1.586665176,-0.736329597,1.882742143,-2.66880505,-1.653294721,-0.01590750865,0,1,81,task,60,0,1610,50,652,0
2,120,106,-1.585681899,-0.7148064909,1.823964937,-2.632456627,-1.654335572,-0.01492410038,0,1,82,task,60,0,1610,50,652,0
2,120,107,-1.583373997,-0.6912415006,1.766713578,-2.603959598,-1.658727131,-0.01261872545,0,1,83,task,60,0,1610,50,652,0
2,120,108,-1.580819425,-0.6648262709,1.719832623,-2.604453226,-1.664102826,-0.01006850401,0,1,84,task,60,0,1610,50,652,0
2,120,109,-1.581681873,-0.6416378014,1.660409481,-2.572732431,-1.661094541,-0.01093242855,0,1,85,task,60,0,1610,50,652,0
2,120,110,-1.581098705,-0.6175809373,1.595687211,-2.532375108,-1.661779428,-0.01034767752,0,1,86,task,60,0,1610,50,652,0
2,120,111,-1.580549022,-0.5921341956,1.52889114,-2.491336151,-1.662465248,-0.009796472174,0,1,87,task,60,0,1610,50,652,0
2,120,112,-1.580030019,-0.5651979938,1.459717703,-2.449411387,-1.663151925,-0.009276001586,0,1,88,task,60,0,1610,50,652,0
2,120,113,-1.579539196,-0.5366354022,1.387792714,-2.406363391,-1.66383939,-0.008783760703,0,1,89,task,60,0,1610,50,652,0
2,120,114,-1.579074317,-0.5062608876,1.312645225,-2.361906595,-1.664527582,-0.00831750979,0,1,90,task,60,0,1610,50,652,0
2,120,115,-1.578633377,-0.4738226298,1.233667619,-2.315685067,-1.665216446,-0.00787524018,0,1,91,task,60,0,1610,50,652,0
2,120,116,-1.578005149,-0.4390186659,1.150774615,-2.268691175,-1.666560554,-0.007245334663,0,1,92,task,60,0,1610,50,652,0
2,120,117,-1.576506034,-0.4017126682,1.065645218,-2.225377555,-1.670796466,-0.005742189471,0,1,93,task,60,0,1610,50,652,0
2,120,118,-1.575863858,-0.3614063852,0.9729868188,-2.176443461,-1.672455145,-0.00509781511,0,1,94,task,60,0,1610,50,652,0
2,120,119,-1.575796768,-0.339160833,0.9218816535,-2.14895453,-1.672480524,-0.005030419974,0,0,,transition,60,0,1610,50,652,0
2,120,120,-1.575729677,-0.3169152807,0.8707764882,-2.121465598,-1.672505903,-0.004963024838,0,1,95,task,60,0,1610,50,652,0
2,120,121,-1.575670482,-0.291667418,0.8133242659,-2.090637072,-1.672514686,-0.004903537636,0,0,,transition,60,0,1610,50,652,0
2,120,122,-1.575611287,-0.2664195553,0.7558720436,-2.059808546,-1.67252347,-0.004844050435,0,1,96,task,60,0,1610,50,652,0
2,120,123,-1.576047471,-0.237101807,0.6897978109,-2.024921046,-1.67079634,-0.005281487555,0,0,,transition,60,0,1610,50,652,0
2,120,124,-1.576483656,-0.2077840587,0.6237235781,-1.990033546,-1.66906921,-0.005718924675,0,1,97,task,60,0,1610,50,652,0
2,120,125,-1.554384152,-0.1992629641,0.6101312102,-1.984220974,-1.667881069,0.01648565774,0,1,98,task,30,0,1610,50,652,0
2,120,126,-1.554172646,-0.2297380982,0.6800588123,-2.023529052,-1.667961615,0.01669830325,0,0,,transition,60,0,1610,50,652,0
2,120,127,-1.55396114,-0.2602132324,0.7499864145,-2.062837131,-1.668042162,0.01691094876,0,1,99,task,60,0,1610,50,652,0
2,120,128,-1.553110191,-0.2847313142,0.8046781812,-2.089608382,-1.670244614,0.01777004328,0,0,,transition,60,0,1610,50,652,0
2,120,129,-1.552259243,-0.3092493961,0.859369948,-2.116379632,-1.672447066,0.0186291378,0,1,100,task,60,0,1610,50,652,0
2,120,130,-1.551885382,-0.353590528,0.9591616408,-2.166313799,-1.672212091,0.01900390181,0,1,101,task,60,0,1610,50,652,0
2,120,131,-1.553655769,-0.39448968,1.049343452,-2.208495469,-1.665031375,0.01721078151,0,1,102,task,60,0,1610,50,652,0
2,120,132,-1.553769252,-0.4325492469,1.139160425,-2.259702966,-1.663321585,0.01709391336,0,1,103,task,60,0,1610,50,652,0
2,120,133,-1.553888627,-0.4676563793,1.223095048,-2.307980779,-1.661612022,0.01697121319,0,1,104,task,60,0,1610,50,652,0
2,120,134,-1.554014355,-0.5003196054,1.302300557,-2.353973624,-1.659902709,0.01684222028,0,1,105,task,60,0,1610,50,652,0
2,120,135,-1.554146946,-0.530897351,1.377608112,-2.398154244,-1.658193668,0.01670642427,0,1,106,task,60,0,1610,50,652,0
2,120,136,-1.554286969,-0.5596495929,1.449640503,-2.440885463,-1.656484927,0.01656325825,0,1,107,task,60,0,1610,50,652,0
2,120,137,-1.554435054,-0.5867680079,1.51887901,-2.482456898,-1.654776513,0.01641209072,0,1,108,task,60,0,1610,50,652,0
2,120,138,-1.554765934,-0.6124525491,1.585737587,-2.523055223,-1.652606547,0.01607700734,0,1,109,task,60,0,1610,50,652,0
2,120,139,-1.555766024,-0.6369644868,1.650613965,-2.56274348,-1.648766417,0.01506888559,0,1,110,task,60,0,1610,50,652,0
2,120,140,-1.556828826,-0.6601713473,1.713648493,-2.601892081,-1.644929134,0.01399874588,0,1,111,task,60,0,1610,50,652,0
2,120,141,-1.556136469,-0.687112111,1.755967117,-2.591157194,-1.645509032,0.01468022771,0,1,112,task,60,0,1610,50,652,0
2,120,142,-1.555095776,-0.7098920119,1.814039309,-2.623260262,-1.646788145,0.01572178256,0,1,113,task,60,0,1610,50,652,0
2,120,143,-1.554163455,-0.7311678318,1.872839697,-2.660302571,-1.647657553,0.0166563803,0,1,114,task,60,0,1610,50,652,0
2,120,144,-1.553165895,-0.7513401263,1.930420618,-2.697222165,-1.648522695,0.01765642128,0,1,115,task,60,0,1610,50,652,0
2,120,145,-1.552158744,-0.7693480586,1.983730179,-2.732055627,-1.64933445,0.01866611705,0,1,116,task,60,0,1610,50,652,0
2,120,146,-1.515865255,-0.7619434139,1.968518975,-2.721432634,-1.647355947,0.05501490714,0,1,117,task,30,0,1610,50,652,0
2,120,147,-1.51885148,-0.7427006098,1.912917235,-2.686492471,-1.645102081,0.05201786274,0,1,118,task,60,0,1610,50,652,0
2,120,148,-1.521225627,-0.7219291271,1.857540948,-2.655315839,-1.643774383,0.04964307143,0,1,119,task,60,0,1610,50,652,0
2,120,149,-1.523164105,-0.6999129224,1.801971606,-2.626638969,-1.643101192,0.04770938392,0,1,120,task,60,0,1610,50,652,0
2,120,150,-1.524987903,-0.6770065333,1.745129985,-2.597568755,-1.642404687,0.04588889025,0,1,121,task,60,0,1610,50,652,0
2,120,151,-1.52632405,-0.6532223043,1.688307991,-2.571371655,-1.642648669,0.0445615103,0,1,122,task,60,0,1610,50,652,0
2,120,152,-1.527138047,-0.6286149094,1.631736988,-2.548647824,-1.644038159,0.04376103534,0,1,123,task,60,0,1610,50,652,0
2,120,153,-1.528058127,-0.6040998793,1.567070941,-2.509388081,-1.645023218,0.04284262222,0,1,124,task,60,0,1610,50,652,0
2,120,154,-1.528937817,-0.5782537257,1.499697633,-2.468083047,-1.645975083,0.04196385919,0,1,125,task,60,0,1610,50,652,0
2,120,155,-1.529769115,-0.5508671298,1.429796155,-2.425788268,-1.646925457,0.04113351593,0,1,126,task,60,0,1610,50,652,0
2,120,156,-1.530555902,-0.5217860196,1.356960984,-2.382252455,-1.647874463,0.04034771185,0,1,127,task,60,0,1610,50,652,0
2,120,157,-1.531301654,-0.4908020864,1.280676533,-2.337168472,-1.648822208,0.03960296939,0,1,128,task,60,0,1610,50,652,0
2,120,158,-1.532009494,-0.4576315939,1.200269766,-2.29014715,-1.64976879,0.03889616315,0,1,129,task,60,0,1610,50,652,0
2,120,159,-1.532682238,-0.4218804442,1.114832955,-2.240674978,-1.650714297,0.03822447648,0,1,130,task,60,0,1610,50,652,0
2,120,160,-1.533322432,-0.3829832655,1.023089789,-2.188041121,-1.651658807,0.03758536435,0,1,131,task,60,0,1610,50,652,0
2,120,161,-1.533932378,-0.3400886903,0.9231438801,-2.131200657,-1.652602392,0.03697652143,0,1,132,task,60,0,1610,50,652,0
2,120,162,-1.533867813,-0.2991374877,0.8468198974,-2.121630031,-1.655726674,0.03705745305,0,1,133,task,60,0,1610,50,652,0
2,120,163,-1.534412506,-0.2732320039,0.7869064279,-2.08824975,-1.655299997,0.03650936121,0,0,,transition,60,0,1610,50,652,0
2,120,164,-1.5349572,-0.2473265202,0.7269929584,-2.05486947,-1.65487332,0.03596126938,0,1,134,task,60,0,1610,50,652,0
2,120,165,-1.535477997,-0.2160698853,0.6556315496,-2.01538943,-1.654445456,0.03543723065,0,0,,transition,60,0,1610,50,652,0
2,120,166,-1.535998795,-0.1848132504,0.5842701409,-1.97590939,-1.654017591,0.03491319192,0,1,135,task,60,0,1610,50,652,0
2,120,167,-1.515691759,-0.1828916263,0.582786484,-1.97412609,-1.646405859,0.05525708491,0,1,136,task,30,0,1610,50,652,0
2,120,168,-1.5150736,-0.2139309341,0.6531933473,-2.012236439,-1.646368299,0.05587727473,0,0,,transition,60,0,1610,50,652,0
2,120,169,-1.514455441,-0.2449702419,0.7236002107,-2.050346788,-1.646330738,0.05649746455,0,1,137,task,60,0,1610,50,652,0
2,120,170,-1.513856866,-0.2699192412,0.778398443,-2.075657229,-1.646130058,0.05709703403,0,0,,transition,60,0,1610,50,652,0
2,120,171,-1.513258292,-0.2948682405,0.8331966752,-2.100967669,-1.645929379,0.05769660351,0,1,138,task,60,0,1610,50,652,0
2,120,172,-1.512618034,-0.3177084214,0.8848625605,-2.127647987,-1.645773025,0.05833723865,0,0,,transition,60,0,1610,50,652,0
2,120,173,-1.511977776,-0.3405486023,0.9365284458,-2.154328304,-1.64561667,0.0589778738,0,1,139,task,60,0,1610,50,652,0
2,120,174,-1.510619826,-0.3822684173,1.033001704,-2.207232331,-1.645352147,0.06033745543,0,1,140,task,60,0,1610,50,652,0
2,120,175,-1.509195949,-0.4202955292,1.121871154,-2.25622108,-1.645081678,0.06176283136,0,1,141,task,60,0,1610,50,652,0
2,120,176,-1.507701253,-0.4553919681,1.204831627,-2.302227057,-1.64480481,0.06325888439,0,1,142,task,60,0,1610,50,652,0
2,120,177,-1.506130348,-0.4880719811,1.283040468,-2.345893039,-1.644521046,0.06483098981,0,1,143,task,60,0,1610,50,652,0
2,120,178,-1.50447729,-0.5186987771,1.357329549,-2.387687332,-1.644229833,0.06648507866,0,1,144,task,60,0,1610,50,652,0
2,120,179,-1.502735502,-0.5475370234,1.428320579,-2.427966589,-1.64393056,0.06822771102,0,1,145,task,60,0,1610,50,652,0
2,120,180,-1.500897693,-0.5747834706,1.496492701,-2.467012769,-1.643622547,0.07006616107,0,1,146,task,60,0,1610,50,652,0
2,120,181,-1.499057045,-0.600779831,1.561126287,-2.502333588,-1.643035946,0.07190318098,0,1,147,task,60,0,1610,50,652,0
2,120,182,-1.497258525,-0.6258416662,1.622194673,-2.533019936,-1.642055154,0.07369056587,0,1,148,task,60,0,1610,50,652,0
2,120,183,-1.495357809,-0.6498322735,1.681506559,-2.563017673,-1.641051527,0.07557746176,0,1,149,task,60,0,1610,50,652,0
2,120,184,-1.493741593,-0.6736387088,1.739396831,-2.591728988,-1.639062725,0.07717073938,0,1,150,task,60,0,1610,50,652,0
2,120,185,-1.49217929,-0.69684353,1.795934387,-2.61967343,-1.63669753,0.07870481171,0,1,151,task,60,0,1610,50,652,0
2,120,186,-1.490520509,-0.7191880115,1.85120424,-2.647212456,-1.634310461,0.08033217492,0,1,152,task,60,0,1610,50,652,0
2,120,187,-1.488756006,-0.7406982875,1.905327214,-2.674440962,-1.631899529,0.08206183495,0,1,153,task,60,0,1610,50,652,0
2,120,188,-1.490726863,-0.7604603646,1.944006267,-2.681448056,-1.622493458,0.07998405661,0,1,154,task,60,0,1610,50,652,0
2,120,189,-1.45559315,-0.7526039916,1.925439402,-2.668969752,-1.61990331,0.1150667398,0,1,155,task,30,0,1610,50,652,0
2,120,190,-1.455808251,-0.7292722162,1.874022367,-2.649730303,-1.628411877,0.114976134,0,1,156,task,60,0,1610,50,652,0
2,120,191,-1.458288938,-0.7071333155,1.820484838,-2.624804794,-1.631666065,0.1125591031,0,1,157,task,60,0,1610,50,652,0
2,120,192,-1.460669573,-0.6842389532,1.765731031,-2.599379588,-1.634779344,0.1102344272,0,1,158,task,60,0,1610,50,652,0
2,120,193,-1.462916845,-0.6605179351,1.709658724,-2.573469194,-1.637856465,0.1080369492,0,1,159,task,60,0,1610,50,652,0
2,120,194,-1.465436107,-0.6366338975,1.651344643,-2.544253568,-1.639900446,0.1055487859,0,1,160,task,60,0,1610,50,652,0
2,120,195,-1.468256456,-0.6125030107,1.590440634,-2.511279411,-1.640769879,0.1027415575,0,1,161,task,60,0,1610,50,652,0
2,120,196,-1.470924417,-0.5871934109,1.527607226,-2.477548574,-1.641613379,0.1000845878,0,1,162,task,60,0,1610,50,652,0
2,120,197,-1.473451903,-0.5606112242,1.462588541,-2.442899411,-1.642432996,0.09756613559,0,1,163,task,60,0,1610,50,652,0
2,120,198,-1.47592855,-0.5327188425,1.394261563,-2.405274617,-1.643006083,0.09509311073,0,1,164,task,60,0,1610,50,652,0
2,120,199,-1.478326394,-0.5032451442,1.322452487,-2.365142057,-1.643425407,0.09269591072,0,1,165,task,60,0,1610,50,652,0
2,120,200,-1.480604456,-0.4718986046,1.247115255,-2.323347348,-1.643831883,0.09041801478,0,1,166,task,60,0,1610,50,652,0
2,120,201,-1.482771421,-0.438379954,1.167557818,-2.279498166,-1.64422647,0.08825077794,0,1,167,task,60,0,1610,50,652,0
2,120,202,-1.484835159,-0.4022744984,1.082840384,-2.233069824,-1.644610033,0.08618636403,0,1,168,task,60,0,1610,50,652,0
2,120,203,-1.486802822,-0.3629860202,0.9916304542,-2.183326422,-1.644983354,0.08421765404,0,1,169,task,60,0,1610,50,652,0
2,120,204,-1.48868092,-0.3196105701,0.8919264263,-2.129170652,-1.645347146,0.08233816649,0,1,170,task,60,0,1610,50,652,0
2,120,205,-1.489580478,-0.2955760897,0.8372454137,-2.100283233,-1.645516833,0.08143797749,0,0,,transition,60,0,1610,50,652,0
2,120,206,-1.490480036,-0.2715416093,0.782564401,-2.071395813,-1.64568652,0.08053778849,0,1,171,task,60,0,1610,50,652,0
2,120,207,-1.491343234,-0.2439471831,0.7203635393,-2.039086762,-1.64584258,0.07967346882,0,0,,transition,60,0,1610,50,652,0
2,120,208,-1.492206432,-0.2163527569,0.6581626776,-2.006777711,-1.645998639,0.07880914914,0,1,172,task,60,0,1610,50,652,0
2,120,209,-1.493034019,-0.1821351549,0.5816547176,-1.966782614,-1.646146837,0.07797966989,0,0,,transition,60,0,1610,50,652,0
2,120,210,-1.493861607,-0.1479175529,0.5051467577,-1.926787518,-1.646295035,0.07715019063,0,1,173,task,60,0,1610,50,652,0
2,120,211,-1.471338036,-0.1494269105,0.5093046576,-1.92304075,-1.645840213,0.09973597514,0,1,174,task,30,0,1610,50,652,0
2,120,212,-1.470251909,-0.1835908943,0.5862460133,-1.964253272,-1.645699714,0.100823869,0,0,,transition,60,0,1610,50,652,0
2,120,213,-1.469165782,-0.2177548782,0.6631873691,-2.005465795,-1.645559215,0.1019117628,0,1,175,task,60,0,1610,50,652,0
2,120,214,-1.468031973,-0.2452581039,0.7257652614,-2.038972698,-1.645411438,0.1030468999,0,0,,transition,60,0,1610,50,652,0
2,120,215,-1.466898164,-0.2727613296,0.7883431538,-2.072479602,-1.645263661,0.1041820369,0,1,176,task,60,0,1610,50,652,0
2,120,216,-1.465733805,-0.2967203139,0.8429664754,-2.101772498,-1.645041092,0.1053468448,0,0,,transition,60,0,1610,50,652,0
2,120,217,-1.464569447,-0.3206792983,0.897589797,-2.131065394,-1.644818522,0.1065116527,0,1,177,task,60,0,1610,50,652,0
2,120,218,-1.462147682,-0.3634934667,0.9957912011,-2.183842895,-1.644312653,0.1089332792,0,1,178,task,60,0,1610,50,652,0
2,120,219,-1.459611431,-0.4023486002,1.085756431,-2.232337354,-1.643792093,0.111468618,0,1,179,task,60,0,1610,50,652,0
2,120,220,-1.456952477,-0.4381074536,1.169394872,-2.277595044,-1.64325576,0.1141258255,0,1,180,task,60,0,1610,50,652,0
2,120,221,-1.454161804,-0.4713429305,1.247985554,-2.320321704,-1.642702459,0.1169138465,0,1,181,task,60,0,1610,50,652,0
2,120,222,-1.451229505,-0.5024556186,1.322434524,-2.361022376,-1.642130877,0.1198425116,0,1,182,task,60,0,1610,50,652,0
2,120,223,-1.448185268,-0.5318057126,1.39318531,-2.399495542,-1.641424452,0.1228800745,0,1,183,task,60,0,1610,50,652,0
2,120,224,-1.444986112,-0.5595708887,1.460957605,-2.436522125,-1.640676428,0.1260707597,0,1,184,task,60,0,1610,50,652,0
2,120,225,-1.441612697,-0.5859036143,1.526185729,-2.472429584,-1.639903381,0.1294340714,0,1,185,task,60,0,1610,50,652,0
2,120,226,-1.438050616,-0.6109274757,1.589186835,-2.507411023,-1.639103187,0.1329842676,0,1,186,task,60,0,1610,50,652,0
2,120,227,-1.434283858,-0.634736397,1.650219298,-2.541630388,-1.638273477,0.1367371921,0,1,187,task,60,0,1610,50,652,0
2,120,228,-1.431423416,-0.6591939496,1.706697496,-2.5663762,-1.634647379,0.1395280584,0,1,188,task,60,0,1610,50,652,0
2,120,229,-1.428603306,-0.6831335005,1.761248736,-2.588989396,-1.630494041,0.1422589417,0,1,189,task,60,0,1610,50,652,0
2,120,230,-1.425653954,-0.7063400778,1.814659375,-2.611407716,-1.626212452,0.1451083442,0,1,190,task,60,0,1610,50,652,0
2,120,231,-1.422963138,-0.729141002,1.868962422,-2.637765044,-1.620901657,0.147704311,0,1,191,task,60,0,1610,50,652,0
2,120,232,-1.42105313,-0.7440837312,1.904940636,-2.655343229,-1.617298107,0.1495477856,0,1,192,task,60,0,1610,50,652,0
2,120,233,-1.387166233,-0.734885507,1.882533529,-2.640605986,-1.614688508,0.1833686123,0,1,193,task,30,0,1610,50,652,0
2,120,234,-1.391633296,-0.7129368642,1.828233237,-2.611863751,-1.618766153,0.1789903677,0,1,194,task,60,0,1610,50,652,0
2,120,235,-1.395834448,-0.6901437095,1.772677974,-2.582732471,-1.62279397,0.174873354,0,1,195,task,60,0,1610,50,652,0
2,120,236,-1.399355566,-0.6662190132,1.718468344,-2.559788857,-1.627828657,0.1714787221,0,1,196,task,60,0,1610,50,652,0
2,120,237,-1.402318977,-0.6413153285,1.665277732,-2.542133094,-1.633729315,0.1686651518,0,1,197,task,60,0,1610,50,652,0
2,120,238,-1.406068449,-0.616826196,1.607888429,-2.515983785,-1.637168998,0.164992305,0,1,198,task,60,0,1610,50,652,0
2,120,239,-1.410596952,-0.5924982462,1.545708292,-2.480649235,-1.637974523,0.1604773066,0,1,199,task,60,0,1610,50,652,0
2,120,240,-1.414883545,-0.5668755018,1.481365296,-2.44443665,-1.638748782,0.1562024338,0,1,200,task,60,0,1610,50,652,0
2,120,241,-1.418946755,-0.5398452652,1.414564045,-2.407163903,-1.639494259,0.1521493175,0,1,201,task,60,0,1610,50,652,0
2,120,242,-1.422803297,-0.5112594042,1.344937112,-2.368612233,-1.640213186,0.1483013813,0,1,202,task,60,0,1610,50,652,0
2,120,243,-1.426468291,-0.4809224879,1.272018533,-2.328511607,-1.640907573,0.1446436316,0,1,203,task,60,0,1610,50,652,0
2,120,244,-1.429942818,-0.4486034567,1.195445296,-2.286976301,-1.641617492,0.1411762411,0,1,204,task,60,0,1610,50,652,0
2,120,245,-1.433226448,-0.414021245,1.1147656,-2.244134632,-1.642387767,0.1379006107,0,1,205,task,60,0,1610,50,652,0
2,120,246,-1.436359408,-0.376639801,1.028381398,-2.198381683,-1.643133834,0.1347738379,0,1,206,task,60,0,1610,50,652,0
2,120,247,-1.439351699,-0.3357434923,0.9347069453,-2.148847622,-1.643857337,0.1317860543,0,1,207,task,60,0,1610,50,652,0
2,120,248,-1.440782082,-0.3129778355,0.8829908244,-2.12151647,-1.644208556,0.1303571436,0,0,,transition,60,0,1610,50,652,0
2,120,249,-1.442212466,-0.2902121788,0.8312747035,-2.094185318,-1.644559775,0.1289282329,0,1,208,task,60,0,1610,50,652,0
2,120,250,-1.443615361,-0.2643313801,0.7722830118,-2.062444463,-1.644784409,0.1275247122,0,0,,transition,60,0,1610,50,652,0
2,120,251,-1.445018256,-0.2384505814,0.7132913201,-2.030703609,-1.645009043,0.1261211914,0,1,209,task,60,0,1610,50,652,0
2,120,252,-1.446382547,-0.2073461091,0.6426798154,-1.99240705,-1.645152061,0.1247550273,0,0,,transition,60,0,1610,50,652,0
2,120,253,-1.447746838,-0.1762416368,0.5720683107,-1.954110491,-1.645295079,0.1233888632,0,1,210,task,60,0,1610,50,652,0
2,120,254,-1.4490541,-0.1341835811,0.4776997907,-1.903006979,-1.645431195,0.1220794461,0,0,,transition,60,0,1610,50,652,0
2,120,255,-1.450361363,-0.09212552542,0.3833312707,-1.851903466,-1.645567311,0.1207700289,0,1,211,task,60,0,1610,50,652,0
2,120,256,-1.427486517,-0.1060080334,0.4170933118,-1.868146113,-1.6450638,0.1437040831,0,1,212,task,30,0,1610,50,652,0
2,120,257,-1.425919888,-0.1455637656,0.5061888907,-1.916685243,-1.644923207,0.1452730714,0,0,,transition,60,0,1610,50,652,0
2,120,258,-1.424353258,-0.1851194979,0.5952844696,-1.965224372,-1.644782614,0.1468420597,0,1,213,task,60,0,1610,50,652,0
2,120,259,-1.422717947,-0.2151109341,0.6636736095,-2.002617141,-1.644634902,0.1484795208,0,0,,transition,60,0,1610,50,652,0
2,120,260,-1.421082635,-0.2451023703,0.7320627494,-2.040009909,-1.64448719,0.1501169819,0,1,214,task,60,0,1610,50,652,0
2,120,261,-1.419460869,-0.2702815101,0.788806531,-2.069643937,-1.644042723,0.1517357774,0,0,,transition,60,0,1610,50,652,0
2,120,262,-1.417839102,-0.2954606499,0.8455503127,-2.099277964,-1.643598257,0.1533545728,0,1,215,task,60,0,1610,50,652,0
2,120,263,-1.416164705,-0.3176434963,0.8956153562,-2.125027382,-1.64307648,0.1550234484,0,0,,transition,60,0,1610,50,652,0
2,120,264,-1.414490308,-0.3398263427,0.9456803998,-2.1507768,-1.642554703,0.1566923239,0,1,216,task,60,0,1610,50,652,0
2,120,265,-1.410990348,-0.3798816433,1.036717753,-2.197489734,-1.641478946,0.1601778073,0,1,217,task,60,0,1610,50,652,0
2,120,266,-1.407281255,-0.4167053531,1.121551973,-2.241879069,-1.640516227,0.1638730217,0,1,218,task,60,0,1610,50,652,0
2,120,267,-1.403281914,-0.4509380987,1.202323393,-2.286276861,-1.639863132,0.1678662156,0,1,219,task,60,0,1610,50,652,0
2,120,268,-1.399083191,-0.4828371971,1.278474492,-2.328379156,-1.639186484,0.1720576318,0,1,220,task,60,0,1610,50,652,0
2,120,269,-1.394670146,-0.5127463013,1.350786975,-2.368623509,-1.638484435,0.1764621045,0,1,221,task,60,0,1610,50,652,0
2,120,270,-1.390026348,-0.5409177171,1.419846702,-2.407342951,-1.637754941,0.1810959472,0,1,222,task,60,0,1610,50,652,0
2,120,271,-1.38513369,-0.5675405444,1.486105579,-2.444799729,-1.636995741,0.185977136,0,1,223,task,60,0,1610,50,652,0
2,120,272,-1.379972173,-0.5927581937,1.549920271,-2.481206508,-1.636204327,0.1911255201,0,1,224,task,60,0,1610,50,652,0
2,120,273,-1.374519666,-0.6166797412,1.611577531,-2.516740341,-1.635377908,0.1965630638,0,1,225,task,60,0,1610,50,652,0
2,120,274,-1.372137708,-0.6431013642,1.661947446,-2.524889074,-1.626105147,0.1986842713,0,1,226,task,60,0,1610,50,652,0
2,120,275,-1.368024305,-0.6678140305,1.716926505,-2.547766428,-1.620665745,0.2026455106,0,1,227,task,60,0,1610,50,652,0
2,120,276,-1.362745538,-0.6910406811,1.773685357,-2.578482931,-1.617325633,0.2078461248,0,1,228,task,60,0,1610,50,652,0
2,120,277,-1.357141021,-0.7133603298,1.829031077,-2.608712823,-1.613932225,0.213367972,0,1,229,task,60,0,1610,50,652,0
2,120,278,-1.353983482,-0.7249940663,1.858239103,-2.624792985,-1.612084537,0.2164790816,0,1,230,task,60,0,1610,50,652,0
2,120,279,-1.321547546,-0.7143929769,1.832074777,-2.607935722,-1.609495462,0.2488374171,0,1,231,task,30,0,1610,50,652,0
2,120,280,-1.328477732,-0.6925407563,1.777281291,-2.577261178,-1.612533056,0.2419913513,0,1,232,task,60,0,1610,50,652,0
2,120,281,-1.33500562,-0.6697683022,1.72105294,-2.546092275,-1.615510675,0.2355428638,0,1,233,task,60,0,1610,50,652,0
2,120,282,-1.341164181,-0.6460338327,1.663253981,-2.514332797,-1.618433128,0.2294593341,0,1,234,task,60,0,1610,50,652,0
2,120,283,-1.34637951,-0.6209157772,1.605686606,-2.486862538,-1.622836492,0.2243713165,0,1,235,task,60,0,1610,50,652,0
2,120,284,-1.348599815,-0.5939306795,1.556781182,-2.483771106,-1.634336399,0.2225135081,0,1,236,task,60,0,1610,50,652,0
2,120,285,-1.354658647,-0.5691973008,1.493742492,-2.447435037,-1.635161448,0.2164696087,0,1,237,task,60,0,1610,50,652,0
2,120,286,-1.360402449,-0.5430728442,1.428293215,-2.410067172,-1.635950538,0.2107389757,0,1,238,task,60,0,1610,50,652,0
2,120,287,-1.365854459,-0.5154208208,1.360092937,-2.371464192,-1.636706472,0.2052985331,0,1,239,task,60,0,1610,50,652,0
2,120,288,-1.371035751,-0.4860615882,1.288711229,-2.331375894,-1.63743178,0.2001273492,0,1,240,task,60,0,1610,50,652,0
2,120,289,-1.375965478,-0.4547561714,1.213591913,-2.289485631,-1.638128747,0.1952064012,0,1,241,task,60,0,1610,50,652,0
2,120,290,-1.380661074,-0.4211805024,1.133996441,-2.245379449,-1.638799445,0.1905183689,0,1,242,task,60,0,1610,50,652,0
2,120,291,-1.385138438,-0.3848822497,1.048909238,-2.198494606,-1.639445754,0.186047454,0,1,243,task,60,0,1610,50,652,0
2,120,292,-1.389410581,-0.3452069595,0.9568907841,-2.148065533,-1.640074285,0.1817808837,0,1,244,task,60,0,1610,50,652,0
2,120,293,-1.39315641,-0.3022227005,0.8613806625,-2.101823542,-1.64179356,0.1780687726,0,1,245,task,60,0,1610,50,652,0
2,120,294,-1.394952775,-0.2780711658,0.8079331601,-2.075670491,-1.642628586,0.1762851228,0,0,,transition,60,0,1610,50,652,0
2,120,295,-1.396749139,-0.2539196311,0.7544856576,-2.049517439,-1.643463613,0.1745014731,0,1,246,task,60,0,1610,50,652,0
2,120,296,-1.398599451,-0.2253989875,0.6899680824,-2.015144129,-1.64383753,0.1726528577,0,0,,transition,60,0,1610,50,652,0
2,120,297,-1.400449764,-0.1968783439,0.6254505071,-1.980770819,-1.644211447,0.1708042423,0,1,247,task,60,0,1610,50,652,0
2,120,298,-1.402283814,-0.1601855756,0.5424548106,-1.935337209,-1.644359231,0.1689676085,0,0,,transition,60,0,1610,50,652,0
2,120,299,-1.404117864,-0.1234928073,0.4594591141,-1.889903599,-1.644507016,0.1671309746,0,1,248,task,60,0,1610,50,652,0
2,120,300,-1.405290052,-0.08157331332,0.366036154,-1.838976584,-1.644600854,0.165956963,0,0,,transition,60,0,1610,50,652,0
2,120,301,-1.40646224,-0.03965381935,0.272613194,-1.78804957,-1.644694693,0.1647829514,0,0,,transition,60,0,1610,50,652,0
2,120,302,-1.407634427,0.00226567463,0.179190234,-1.737122555,-1.644788531,0.1636089398,0,1,249,task,60,0,1610,50,652,0
2,120,303,-1.384259849,-0.04043758237,0.2770309628,-1.789256363,-1.64419072,0.1870403403,0,1,250,task,30,0,1610,50,652,0
2,120,304,-1.382911276,-0.0743862613,0.3530828287,-1.830842607,-1.644090974,0.1883908606,0,0,,transition,60,0,1610,50,652,0
2,120,305,-1.381562704,-0.1083349402,0.4291346945,-1.87242885,-1.643991228,0.1897413809,0,0,,transition,60,0,1610,50,652,0
2,120,306,-1.380214132,-0.1422836192,0.5051865604,-1.914015094,-1.643891482,0.1910919012,0,1,251,task,60,0,1610,50,652,0
2,120,307,-1.378103898,-0.1762011208,0.5822543604,-1.956384705,-1.64373434,0.1932049258,0,0,,transition,60,0,1610,50,652,0
2,120,308,-1.375993665,-0.2101186224,0.6593221604,-1.998754317,-1.643577199,0.1953179504,0,1,252,task,60,0,1610,50,652,0
2,120,309,-1.374221075,-0.2362380601,0.7151057066,-2.022759334,-1.641961663,0.197057761,0,0,,transition,60,0,1610,50,652,0
2,120,310,-1.372448484,-0.2623574978,0.7708892528,-2.046764352,-1.640346128,0.1987975717,0,1,253,task,60,0,1610,50,652,0
2,120,311,-1.370657149,-0.2864502582,0.8252024687,-2.075425239,-1.638517042,0.2005604426,0,0,,transition,60,0,1610,50,652,0
2,120,312,-1.368865813,-0.3105430186,0.8795156847,-2.104086125,-1.636687957,0.2023233136,0,1,254,task,60,0,1610,50,652,0
2,120,313,-1.36699241,-0.3322457892,0.9299578115,-2.132825538,-1.634846748,0.2041747101,0,0,,transition,60,0,1610,50,652,0
2,120,314,-1.365119006,-0.3539485598,0.9803999383,-2.16156495,-1.63300554,0.2060261067,0,1,255,task,60,0,1610,50,652,0
2,120,315,-1.361192896,-0.3930616209,1.072401687,-2.214470217,-1.629317645,0.2099093455,0,1,256,task,60,0,1610,50,652,0
2,120,316,-1.357074534,-0.4288391324,1.157641597,-2.263966919,-1.625624006,0.2139860277,0,1,257,task,60,0,1610,50,652,0
2,120,317,-1.35274973,-0.4619058019,1.237517807,-2.310829875,-1.621924343,0.2182704023,0,1,258,task,60,0,1610,50,652,0
2,120,318,-1.348202895,-0.4926924219,1.313008774,-2.355608282,-1.618218358,0.2227781193,0,1,259,task,60,0,1610,50,652,0
2,120,319,-1.34341688,-0.5215074154,1.3848301,-2.398711017,-1.614505736,0.227526402,0,1,260,task,60,0,1610,50,652,0
2,120,320,-1.338372771,-0.5485771475,1.453523115,-2.440454928,-1.610786146,0.2325342426,0,1,261,task,60,0,1610,50,652,0
2,120,321,-1.336803323,-0.575373385,1.523077633,-2.486034471,-1.596903264,0.2339926763,0,1,262,task,30,0,1610,50,652,0
2,120,322,-1.333745722,-0.6019976823,1.57444139,-2.494394231,-1.586796832,0.2368466461,0,1,263,task,60,0,1610,50,652,0
2,120,323,-1.320305837,-0.6265078723,1.611805477,-2.479856074,-1.602905598,0.250062351,0,1,264,task,30,0,1610,50,652,0
2,120,324,-1.311969024,-0.6502622912,1.670416545,-2.513152557,-1.604167537,0.2583818446,0,1,265,task,60,0,1610,50,652,0
2,120,325,-1.303145162,-0.6729605323,1.727234259,-2.545668841,-1.605366998,0.2671869529,0,1,266,task,60,0,1610,50,652,0
2,120,326,-1.293792995,-0.6946556314,1.782408757,-2.577499144,-1.606497914,0.2765186641,0,1,267,task,60,0,1610,50,652,0
2,120,327,-1.28989298,-0.7030645243,1.804053266,-2.590061388,-1.606929713,0.2804099478,0,1,268,task,60,0,1610,50,652,0
2,120,328,-1.2590466,-0.6909894994,1.774181448,-2.571192101,-1.604394836,0.3111707101,0,1,269,task,30,0,1610,50,652,0
2,120,329,-1.271361244,-0.6698061895,1.723348774,-2.547029529,-1.598596975,0.298884185,0,1,270,task,60,0,1610,50,652,0
2,120,330,-1.285993016,-0.6479959575,1.680403777,-2.542058261,-1.585168733,0.2843923904,0,1,271,task,30,0,1610,50,652,0
2,120,331,-1.294548715,-0.6246049182,1.626412159,-2.517691067,-1.585258521,0.2759344925,0,1,272,task,60,0,1610,50,652,0
2,120,332,-1.302675693,-0.6003072614,1.570693445,-2.492493893,-1.585222517,0.2678897579,0,1,273,task,60,0,1610,50,652,0
2,120,333,-1.310149447,-0.5754117885,1.514460828,-2.469086547,-1.585760579,0.2605045185,0,1,274,task,60,0,1610,50,652,0
2,120,334,-1.317041577,-0.5498712539,1.457558419,-2.447294446,-1.586819859,0.2536953877,0,1,275,task,60,0,1610,50,652,0
2,120,335,-1.323831266,-0.5233601296,1.392177933,-2.410617253,-1.587179483,0.2469217564,0,1,276,task,60,0,1610,50,652,0
2,120,336,-1.330294567,-0.4952798587,1.323608848,-2.37200179,-1.587479115,0.2404706878,0,1,277,task,60,0,1610,50,652,0
2,120,337,-1.336445046,-0.4654178795,1.251643983,-2.331769561,-1.587747335,0.2343309623,0,1,278,task,60,0,1610,50,652,0
2,120,338,-1.342304083,-0.4335067133,1.175670882,-2.289575494,-1.587986378,0.2284813172,0,1,279,task,60,0,1610,50,652,0
2,120,339,-1.347891224,-0.3991806528,1.094865235,-2.244960929,-1.588198281,0.2229023114,0,1,280,task,60,0,1610,50,652,0
2,120,340,-1.353224367,-0.3619225195,1.008074308,-2.197290279,-1.588384902,0.2175761424,0,1,281,task,60,0,1610,50,652,0
2,120,341,-1.358319924,-0.3209652931,0.9136016665,-2.145634122,-1.588547941,0.2124864839,0,1,282,task,60,0,1610,50,652,0
2,120,342,-1.360756447,-0.2980280835,0.8611842208,-2.117082077,-1.588618447,0.2100524127,0,0,,transition,60,0,1610,50,652,0
2,120,343,-1.36319297,-0.2750908739,0.808766775,-2.088530032,-1.588688954,0.2076183416,0,1,283,task,60,0,1610,50,652,0
2,120,344,-1.342130809,-0.2415527783,0.7325254546,-2.045666759,-1.588360236,0.2286816948,0,1,284,task,30,0,1610,50,652,0
2,120,345,-1.339497036,-0.2663930055,0.7888361025,-2.076060152,-1.588258769,0.231312198,0,0,,transition,60,0,1610,50,652,0
2,120,346,-1.336863264,-0.2912332326,0.8451467505,-2.106453546,-1.588157302,0.2339427011,0,1,285,task,60,0,1610,50,652,0
2,120,347,-1.331361268,-0.3348657513,0.944899694,-2.160417648,-1.5879274,0.2394367264,0,1,286,task,60,0,1610,50,652,0
2,120,348,-1.325609438,-0.3741442313,1.035502093,-2.209583075,-1.587668685,0.2451790454,0,1,287,task,60,0,1610,50,652,0
2,120,349,-1.319591073,-0.4100750738,1.119169811,-2.255159421,-1.587379145,0.2511862366,0,1,288,task,60,0,1610,50,652,0
2,120,350,-1.313288026,-0.4433111905,1.197347809,-2.297938901,-1.58705659,0.2574763168,0,1,289,task,60,0,1610,50,652,0
2,120,351,-1.306680548,-0.4743021753,1.271038726,-2.338474779,-1.586698628,0.2640688911,0,1,290,task,60,0,1610,50,652,0
2,120,352,-1.29975538,-0.5033619687,1.34076873,-2.376753093,-1.586279505,0.2709753346,0,1,291,task,60,0,1610,50,652,0
2,120,353,-1.292597537,-0.5307100835,1.404841975,-2.408219215,-1.585503358,0.2780862513,0,1,292,task,60,0,1610,50,652,0
2,120,354,-1.285089187,-0.5567050861,1.466306103,-2.438434268,-1.584638345,0.2855371768,0,1,293,task,60,0,1610,50,652,0
2,120,355,-1.277262758,-0.5817357595,1.525729975,-2.467843948,-1.583529291,0.2932969033,0,1,294,task,60,0,1610,50,652,0
2,120,356,-1.269234911,-0.6065450855,1.583983364,-2.497230201,-1.581818054,0.3012553708,0,1,295,task,60,0,1610,50,652,0
2,120,357,-1.26078042,-0.6303250659,1.640325095,-2.525754862,-1.580019426,0.3096314453,0,1,296,task,60,0,1610,50,652,0
2,120,358,-1.251866609,-0.6531455481,1.694926567,-2.553522396,-1.578126692,0.3184571206,0,1,297,task,60,0,1610,50,652,0
2,120,359,-1.242302519,-0.6748758315,1.748565272,-2.582354065,-1.576493193,0.3279422198,0,1,298,task,60,0,1610,50,652,0
2,120,360,-1.23966737,-0.6800463152,1.762403164,-2.591039104,-1.576382203,0.3305733603,0,1,299,task,60,0,1610,50,652,0
2,120,361,-1.210089982,-0.6679292435,1.729554092,-2.570169214,-1.574543935,0.3600938996,0,1,300,task,30,0,1610,50,652,0
2,120,362,-1.220950164,-0.6467351398,1.674199489,-2.536005891,-1.575139454,0.3492530325,0,1,301,task,60,0,1610,50,652,0
2,120,363,-1.230656765,-0.6239180918,1.619723167,-2.507981716,-1.577092863,0.3396425408,0,1,302,task,60,0,1610,50,652,0
2,120,364,-1.239683525,-0.5999624517,1.564412241,-2.481572788,-1.579430753,0.3307264332,0,1,303,task,60,0,1610,50,652,0
2,120,365,-1.24827086,-0.5750092905,1.507173637,-2.454265858,-1.581658893,0.3222359723,0,1,304,task,60,0,1610,50,652,0
2,120,366,-1.256688375,-0.5496692774,1.447336167,-2.424033578,-1.583141803,0.3138887375,0,1,305,task,60,0,1610,50,652,0
2,120,367,-1.264908657,-0.5236491775,1.384646192,-2.390994135,-1.583982508,0.3057185047,0,1,306,task,60,0,1610,50,652,0
2,120,368,-1.272742421,-0.4961702779,1.319162834,-2.356625337,-1.584750157,0.2979282083,0,1,307,task,60,0,1610,50,652,0
2,120,369,-1.280214822,-0.4670497023,1.250467679,-2.320690449,-1.585449682,0.2904931784,0,1,308,task,60,0,1610,50,652,0
2,120,370,-1.287366174,-0.4359650636,1.177593615,-2.282124358,-1.586033871,0.2833703189,0,1,309,task,60,0,1610,50,652,0
2,120,371,-1.294222581,-0.4024937975,1.099486987,-2.240059168,-1.586487779,0.2765336889,0,1,310,task,60,0,1610,50,652,0
2,120,372,-1.300775425,-0.3662729385,1.015731516,-2.195094557,-1.586899562,0.2699978631,0,1,311,task,60,0,1610,50,652,0
2,120,373,-1.30704355,-0.3266149442,0.9248099691,-2.14640044,-1.587271939,0.2637441939,0,1,312,task,60,0,1610,50,652,0
2,120,374,-1.310043948,-0.3045323696,0.8745901752,-2.11954749,-1.587439678,0.2607498328,0,0,,transition,60,0,1610,50,652,0
2,120,375,-1.313044345,-0.2824497951,0.8243703813,-2.092694541,-1.587607417,0.2577554717,0,1,313,task,60,0,1610,50,652,0
2,120,376,-1.315919112,-0.257199304,0.7673865293,-2.062244866,-1.587757859,0.2548856338,0,0,,transition,60,0,1610,50,652,0
2,120,377,-1.318793878,-0.231948813,0.7104026773,-2.03179519,-1.587908302,0.2520157958,0,1,314,task,60,0,1610,50,652,0
2,120,378,-1.297698839,-0.2002229568,0.6384635748,-1.990882224,-1.587503168,0.2731092054,0,1,315,task,30,0,1610,50,652,0
2,120,379,-1.294640799,-0.2275752284,0.6996870551,-2.023162969,-1.587289336,0.2761600757,0,0,,transition,60,0,1610,50,652,0
2,120,380,-1.29158276,-0.2549275,0.7609105354,-2.055443715,-1.587075504,0.279210946,0,1,316,task,60,0,1610,50,652,0
2,120,381,-1.28839494,-0.2783826808,0.8137550771,-2.083242902,-1.586839383,0.2823898109,0,0,,transition,60,0,1610,50,652,0
2,120,382,-1.28520712,-0.3018378615,0.8665996188,-2.111042089,-1.586603262,0.2855686759,0,1,317,task,60,0,1610,50,652,0
2,120,383,-1.278555927,-0.3434789968,0.9610614336,-2.160683517,-1.58608358,0.2921981316,0,1,318,task,60,0,1610,50,652,0
2,120,384,-1.271611932,-0.3812315114,1.047323588,-2.206015609,-1.585513362,0.2991162854,0,1,319,task,60,0,1610,50,652,0
2,120,385,-1.264346321,-0.4158681559,1.1275484,-2.248732814,-1.584917059,0.3063544216,0,1,320,task,60,0,1610,50,652,0
2,120,386,-1.25674416,-0.4479828399,1.202727032,-2.289006058,-1.584275383,0.3139258784,0,1,321,task,60,0,1610,50,652,0
2,120,387,-1.248785711,-0.4779921514,1.273669458,-2.327151884,-1.583578213,0.3218494796,0,1,322,task,60,0,1610,50,652,0
2,120,388,-1.240447057,-0.5061875256,1.341028818,-2.36353298,-1.582821671,0.3301488272,0,1,323,task,60,0,1610,50,652,0
2,120,389,-1.231702273,-0.5327871242,1.405299562,-2.398426776,-1.582001546,0.3388495007,0,1,324,task,60,0,1610,50,652,0
2,120,390,-1.222793419,-0.5585000865,1.465870941,-2.429164007,-1.580396721,0.3476835266,0,1,325,task,60,0,1610,50,652,0
2,120,391,-1.213950515,-0.5840389449,1.522379466,-2.453616288,-1.577390649,0.3563891505,0,1,326,task,60,0,1610,50,652,0
2,120,392,-1.204680991,-0.6085982987,1.57689553,-2.477103717,-1.574244885,0.3654985083,0,1,327,task,60,0,1610,50,652,0
2,120,393,-1.193922669,-0.6313578639,1.634083558,-2.511187227,-1.573482748,0.376228803,0,1,328,task,60,0,1610,50,652,0
2,120,394,-1.182506315,-0.6529485996,1.689588944,-2.545102443,-1.57282174,0.3876240759,0,1,329,task,60,0,1610,50,652,0
2,120,395,-1.181371194,-0.6549744007,1.6948475,-2.548335554,-1.572755886,0.3887570984,0,1,330,task,60,0,1610,50,652,0
2,120,396,-1.153513581,-0.6411531913,1.658259594,-2.525538398,-1.5710199,0.4165605945,0,1,331,task,30,0,1610,50,652,0
2,120,397,-1.165553559,-0.6193625297,1.602894508,-2.491952195,-1.571733548,0.4045432236,0,1,332,task,60,0,1610,50,652,0
2,120,398,-1.176974754,-0.5964295541,1.545497045,-2.457483055,-1.57240894,0.3931434446,0,1,333,task,60,0,1610,50,652,0
2,120,399,-1.187553564,-0.5721310133,1.487183385,-2.425117107,-1.573746471,0.3826257955,0,1,334,task,60,0,1610,50,652,0
2,120,400,-1.196410452,-0.5460681091,1.432953242,-2.406509561,-1.578288763,0.3739970957,0,1,335,task,60,0,1610,50,652,0
2,120,401,-1.205594104,-0.5198517553,1.373222791,-2.378496839,-1.580726224,0.3649246705,0,1,336,task,60,0,1610,50,652,0
2,120,402,-1.21489864,-0.492887225,1.308063651,-2.342549635,-1.581551491,0.3556614319,0,1,337,task,60,0,1610,50,652,0
2,120,403,-1.223777227,-0.4642265536,1.239588813,-2.3049892,-1.582318334,0.3468202396,0,1,338,task,60,0,1610,50,652,0
2,120,404,-1.232256438,-0.4336231909,1.167243613,-2.265506246,-1.583030533,0.3383747909,0,1,339,task,60,0,1610,50,652,0
2,120,405,-1.240360863,-0.400743938,1.090285221,-2.223690132,-1.58369158,0.3303007473,0,1,340,task,60,0,1610,50,652,0
2,120,406,-1.248113267,-0.3651235889,1.007683518,-2.178975071,-1.584304703,0.3225755748,0,1,341,task,60,0,1610,50,652,0
2,120,407,-1.255534739,-0.3260829738,0.9179418914,-2.130542872,-1.584872888,0.3151783962,0,1,342,task,60,0,1610,50,652,0
2,120,408,-1.262583217,-0.2829174026,0.8208932727,-2.080508437,-1.585595973,0.3081639595,0,1,343,task,60,0,1610,50,652,0
2,120,409,-1.265959376,-0.2584099147,0.7662473855,-2.05246626,-1.585947427,0.3048028792,0,0,,transition,60,0,1610,50,652,0
2,120,410,-1.269335534,-0.2339024268,0.7116014982,-2.024424083,-1.586298881,0.3014417988,0,1,344,task,60,0,1610,50,652,0
2,120,411,-1.27257863,-0.204833187,0.6470980081,-1.991087938,-1.586619768,0.2982105147,0,0,,transition,60,0,1610,50,652,0
2,120,412,-1.275821726,-0.1757639472,0.582594518,-1.957751793,-1.586940655,0.2949792306,0,1,345,task,60,0,1610,50,652,0
2,120,413,-1.254547901,-0.1435192492,0.5086851581,-1.913270702,-1.586166577,0.3162371652,0,1,346,task,30,0,1610,50,652,0
2,120,414,-1.251164553,-0.1751676786,0.5779890176,-1.94781912,-1.585639959,0.3195976187,0,0,,transition,60,0,1610,50,652,0
2,120,415,-1.247781206,-0.2068161081,0.6472928771,-1.982367537,-1.58511334,0.3229580722,0,1,347,task,60,0,1610,50,652,0
2,120,416,-1.24421467,-0.2331496506,0.7059371145,-2.012691497,-1.584708527,0.3265056418,0,0,,transition,60,0,1610,50,652,0
2,120,417,-1.240648134,-0.2594831931,0.764581352,-2.043015457,-1.584303715,0.3300532114,0,1,348,task,60,0,1610,50,652,0
2,120,418,-1.236883995,-0.282449643,0.8168165527,-2.071328042,-1.584028016,0.333806164,0,0,,transition,60,0,1610,50,652,0
2,120,419,-1.233119856,-0.3054160928,0.8690517534,-2.099640627,-1.583752318,0.3375591165,0,1,349,task,60,0,1610,50,652,0
2,120,420,-1.225266749,-0.3461483664,0.9624722941,-2.150419089,-1.583161045,0.3453874792,0,1,350,task,60,0,1610,50,652,0
2,120,421,-1.217068892,-0.3830190463,1.047780044,-2.196949567,-1.582527346,0.3535580573,0,1,351,task,60,0,1610,50,652,0
2,120,422,-1.208504849,-0.4168561476,1.126795456,-2.240225288,-1.581848474,0.3620921057,0,1,352,task,60,0,1610,50,652,0
2,120,423,-1.199551553,-0.4482116604,1.200736539,-2.280913184,-1.581121468,0.3710125021,0,1,353,task,60,0,1610,50,652,0
2,120,424,-1.190184158,-0.477473342,1.270463322,-2.31948658,-1.580343135,0.380343882,0,1,354,task,60,0,1610,50,652,0
2,120,425,-1.180375904,-0.5049240985,1.336607628,-2.356295607,-1.57951003,0.3901127837,0,1,355,task,60,0,1610,50,652,0
2,120,426,-1.171495051,-0.5318288758,1.392980968,-2.375681302,-1.574796856,0.3987671787,0,1,356,task,60,0,1610,50,652,0
2,120,427,-1.163420025,-0.5587504811,1.451632175,-2.402003162,-1.566619373,0.4066433211,0,1,357,task,60,0,1610,50,652,0
2,120,428,-1.15477533,-0.5843619691,1.513512155,-2.43947545,-1.558754142,0.4152492985,0,1,358,task,60,0,1610,50,652,0
2,120,429,-1.145671812,-0.6086899405,1.573103083,-2.476082404,-1.550882821,0.4243383669,0,1,359,task,60,0,1610,50,652,0
2,120,430,-1.142290334,-0.6327119798,1.632120112,-2.515819369,-1.529134438,0.4278803544,0,1,360,task,30,0,1610,50,652,0
2,120,431,-1.115828678,-0.6186736444,1.592665842,-2.491523725,-1.527710652,0.454327427,0,1,361,task,30,0,1610,50,652,0
2,120,432,-1.127511139,-0.5954643019,1.537797332,-2.461012478,-1.530942683,0.4426810475,0,1,362,task,60,0,1610,50,652,0
2,120,433,-1.137794852,-0.5707503904,1.477481471,-2.423185474,-1.536443979,0.4323316338,0,1,363,task,60,0,1610,50,652,0
2,120,434,-1.147568213,-0.5446817171,1.414666267,-2.384337075,-1.541957588,0.4225092047,0,1,364,task,60,0,1610,50,652,0
2,120,435,-1.15686563,-0.5171246403,1.349035601,-2.344275958,-1.547480724,0.4131781898,0,1,365,task,60,0,1610,50,652,0
2,120,436,-1.156987539,-0.4856274266,1.289725144,-2.32850396,-1.578424223,0.4134766133,0,1,366,task,30,0,1610,50,652,0
2,120,437,-1.16720485,-0.4573962264,1.222082459,-2.290712124,-1.579260882,0.4032969589,0,1,367,task,60,0,1610,50,652,0
2,120,438,-1.176973062,-0.4271898536,1.150477357,-2.250940984,-1.580045905,0.3935634756,0,1,368,task,60,0,1610,50,652,0
2,120,439,-1.186318594,-0.3946679623,1.074154976,-2.208774783,-1.580782432,0.3842499325,0,1,369,task,60,0,1610,50,652,0
2,120,440,-1.195266055,-0.3593540046,0.992063474,-2.163637145,-1.581473386,0.3753318954,0,1,370,task,60,0,1610,50,652,0
2,120,441,-1.203838374,-0.3205492538,0.9026660888,-2.11468909,-1.582121487,0.3667865999,0,1,371,task,60,0,1610,50,652,0
2,120,442,-1.212056918,-0.277160527,0.8035642924,-2.06062445,-1.582729269,0.3585928317,0,1,372,task,60,0,1610,50,652,0
2,120,443,-1.215999262,-0.2522322724,0.7470974936,-2.029911687,-1.58301418,0.3546618231,0,0,,transition,60,0,1610,50,652,0
2,120,444,-1.219941605,-0.2273040177,0.6906306947,-1.999198923,-1.583299091,0.3507308145,0,1,373,task,60,0,1610,50,652,0
2,120,445,-1.223726308,-0.1972396748,0.6230825755,-1.962542181,-1.583566119,0.3469564597,0,0,,transition,60,0,1610,50,652,0
2,120,446,-1.22751101,-0.1671753318,0.5555344563,-1.92588544,-1.583833148,0.3431821049,0,1,374,task,60,0,1610,50,652,0
2,120,447,-1.231084346,-0.1280558282,0.4692841923,-1.880941446,-1.584298578,0.3396305944,0,0,,transition,60,0,1610,50,652,0
2,120,448,-1.234657681,-0.08893632451,0.3830339283,-1.835997453,-1.584764007,0.3360790839,0,1,375,task,60,0,1610,50,652,0
2,120,449,-1.225628266,-0.1306517609,0.4788666805,-1.891319205,-1.580039836,0.3451109141,0,0,,transition,30,0,1610,50,652,0
2,120,450,-1.216598851,-0.1723671973,0.5746994328,-1.946640958,-1.575315666,0.3541427443,0,0,,transition,30,0,1610,50,652,0
2,120,451,-1.207569436,-0.2140826338,0.6705321851,-2.00196271,-1.570591495,0.3631745745,0,0,,transition,30,0,1610,50,652,0
2,120,452,-1.19854002,-0.2557980702,0.7663649373,-2.057284462,-1.565867324,0.3722064047,0,0,,transition,30,0,1610,50,652,0
2,120,453,-1.189510605,-0.2975135066,0.8621976896,-2.112606215,-1.561143153,0.3812382349,0,0,,transition,30,0,1610,50,652,0
2,120,454,-1.18048119,-0.339228943,0.9580304419,-2.167927967,-1.556418982,0.3902700651,0,0,,transition,30,0,1610,50,652,0
2,120,455,-1.171451775,-0.3809443794,1.053863194,-2.223249719,-1.551694811,0.3993018953,0,0,,transition,30,0,1610,50,652,0
2,120,456,-1.162422359,-0.4226598159,1.149695946,-2.278571472,-1.546970641,0.4083337255,0,1,376,task,30,0,1610,50,652,0
2,120,457,-1.152902576,-0.4530656089,1.223259877,-2.32270988,-1.544604102,0.4178764375,0,1,377,task,60,0,1610,50,652,0
2,120,458,-1.147503293,-0.4832748434,1.287526916,-2.349813355,-1.528799009,0.4233215734,0,1,378,task,30,0,1610,50,652,0
2,120,459,-1.138629189,-0.5108829828,1.340133957,-2.360163204,-1.522427881,0.431967438,0,1,379,task,60,0,1610,50,652,0
2,120,460,-1.125953834,-0.5366716416,1.393524126,-2.378300034,-1.525554829,0.4443500443,0,1,380,task,60,0,1610,50,652,0
2,120,461,-1.113171404,-0.5617319582,1.452511427,-2.411500398,-1.527135699,0.4570754311,0,1,381,task,60,0,1610,50,652,0
2,120,462,-1.099352766,-0.5852053498,1.510036482,-2.44626639,-1.52975316,0.470869982,0,1,382,task,60,0,1610,50,652,0
2,120,463,-1.090209381,-0.6036326868,1.551200933,-2.466220009,-1.526360857,0.4799356651,0,1,383,task,60,0,1610,50,652,0
2,120,464,-1.065420137,-0.5875423964,1.507645811,-2.439871776,-1.525082487,0.504717102,0,1,384,task,30,0,1610,50,652,0
2,120,465,-1.077628186,-0.5633997151,1.453535762,-2.412666151,-1.529154768,0.4925899535,0,1,385,task,60,0,1610,50,652,0
2,120,466,-1.09183924,-0.5393364261,1.394915141,-2.377249228,-1.52606576,0.4784024918,0,1,386,task,60,0,1610,50,652,0
2,120,467,-1.105960874,-0.5145069179,1.344139853,-2.361612337,-1.521166312,0.4646362905,0,1,387,task,60,0,1610,50,652,0
2,120,468,-1.117440481,-0.4877383597,1.286301838,-2.337031246,-1.522262959,0.4533091664,0,1,388,task,60,0,1610,50,652,0
2,120,469,-1.12761359,-0.4593520363,1.22407523,-2.308678645,-1.525785114,0.4432097978,0,1,389,task,60,0,1610,50,652,0
2,120,470,-1.135132049,-0.4286623168,1.15835752,-2.280315149,-1.536120806,0.4356881304,0,1,390,task,60,0,1610,50,652,0
2,120,471,-1.143156213,-0.3960892666,1.08446824,-2.241419543,-1.543882088,0.4276314131,0,1,391,task,60,0,1610,50,652,0
2,120,472,-1.119764452,-0.388671245,1.060641255,-2.222849429,-1.535073428,0.4510655101,0,1,392,task,30,0,1610,50,652,0
2,120,473,-1.111007194,-0.4214109132,1.133323789,-2.259179121,-1.528117675,0.4598397982,0,1,393,task,60,0,1610,50,652,0
2,120,474,-1.100965551,-0.4517844557,1.201003178,-2.292845042,-1.523889501,0.4698609927,0,1,394,task,60,0,1610,50,652,0
2,120,475,-1.089960107,-0.4802215324,1.263934281,-2.322987813,-1.521197897,0.4807987855,0,1,395,task,60,0,1610,50,652,0
2,120,476,-1.090039182,-0.5130564029,1.337289127,-2.367744349,-1.484778567,0.4816173376,0,1,396,task,30,0,1610,50,652,0
2,120,477,-1.08163136,-0.5406930931,1.403591708,-2.411188509,-1.472409012,0.4905782462,0,1,397,task,30,0,1610,50,652,0
2,120,478,-1.066227704,-0.5642410806,1.442614138,-2.407190529,-1.478817537,0.5050809987,0,1,398,task,30,0,1610,50,652,0
2,120,479,-1.058648599,-0.5791369119,1.476716551,-2.426737532,-1.476846268,0.5127208892,0,1,399,task,60,0,1610,50,652,0
2,120,480,-1.050686517,-0.5701751268,1.446509974,-2.418075602,-1.432458332,0.5230711919,0,1,400,task,30,0,1610,50,652,0
2,120,481,-1.070246205,-0.5477245128,1.411633646,-2.42605614,-1.414921215,0.5053684376,0,1,401,task,30,0,1610,50,652,0
2,120,482,-1.074078574,-0.5184240579,1.342325209,-2.379160748,-1.441445113,0.4997255147,0,1,402,task,30,0,1610,50,652,0
2,120,483,-1.075173381,-0.4875703341,1.286694153,-2.367002346,-1.475262926,0.4974685853,0,1,403,task,30,0,1610,50,652,0
2,120,484,-1.089371997,-0.459849626,1.213144755,-2.310968117,-1.469383745,0.4832154637,0,1,404,task,60,0,1610,50,652,0
2,120,485,-1.099223754,-0.4307933893,1.158968044,-2.301089237,-1.474793219,0.4734807412,0,1,405,task,60,0,1610,50,652,0
2,120,486,-1.111394973,-0.3987048853,1.076989057,-2.242053582,-1.471855675,0.461201824,0,1,406,task,60,0,1610,50,652,0
2,120,487,-1.115365294,-0.3616041242,0.9968445391,-2.201542815,-1.493727652,0.4565315512,0,1,407,task,30,0,1610,50,652,0
2,120,488,-1.116928428,-0.337442331,0.9445888555,-2.199902615,-1.433546094,0.4580900109,0,1,408,task,30,0,1610,50,652,0
2,120,489,-1.107174541,-0.3726933914,1.020365959,-2.234553125,-1.430837125,0.4679644761,0,1,409,task,60,0,1610,50,652,0
2,120,490,-1.096664037,-0.4058995183,1.09399458,-2.272448455,-1.429208447,0.4785939958,0,1,410,task,60,0,1610,50,652,0
2,120,491,-1.086400245,-0.4368648314,1.159325933,-2.300561632,-1.425476387,0.4889946753,0,1,411,task,60,0,1610,50,652,0
2,120,492,-1.075654957,-0.4664093768,1.222098311,-2.32885768,-1.42186993,0.4998853939,0,1,412,task,60,0,1610,50,652,0
2,120,493,-1.064389168,-0.4946807248,1.282416586,-2.357026981,-1.418427368,0.5113065693,0,1,413,task,60,0,1610,50,652,0
2,120,494,-1.052380773,-0.5218185971,1.341306323,-2.386836079,-1.41569224,0.5234902126,0,1,414,task,60,0,1610,50,652,0
2,120,495,-1.050722929,-0.5516405711,1.393387822,-2.396656008,-1.382014903,0.5270249275,0,1,415,task,30,0,1610,50,652,0
2,120,496,-1.048520088,-0.5634271835,1.415939728,-2.405031059,-1.37232972,0.529891337,0,1,416,task,60,0,1610,50,652,0
2,120,497,-1.053830523,-0.5287002381,1.339802164,-2.375151336,-1.36413674,0.5258908833,0,0,,transition,30,0,1610,50,652,0
2,120,498,-1.059140959,-0.4939732927,1.2636646,-2.345271613,-1.35594376,0.5218904296,0,1,417,task,30,0,1610,50,652,0
2,120,499,-1.062616719,-0.4634440152,1.210142457,-2.337324326,-1.383354154,0.5165385867,0,1,418,task,30,0,1610,50,652,0
2,120,500,-1.07363622,-0.433645766,1.146586095,-2.307189936,-1.386691682,0.5052222706,0,1,419,task,60,0,1610,50,652,0
2,120,501,-1.083364257,-0.401283381,1.074961449,-2.268431073,-1.39283173,0.4948812,0,1,420,task,60,0,1610,50,652,0
2,120,502,-1.089430045,-0.3648566419,0.9921111669,-2.219418405,-1.409842958,0.4873770992,0,1,421,task,30,0,1610,50,652,0
2,120,503,-1.093666899,-0.3246430248,0.9026172706,-2.169200331,-1.432136789,0.4815908372,0,1,422,task,30,0,1610,50,652,0
2,120,504,-1.130369446,-0.4205012537,0.954015942,-2.123169536,-1.44280319,0.4445453882,0,0,,transition,30,0,1610,50,652,0
2,120,505,-1.167071992,-0.5163594825,1.005414614,-2.077138741,-1.453469591,0.4074999392,0,0,,transition,30,0,1610,50,652,0
2,120,506,-1.203774538,-0.6122177114,1.056813285,-2.031107947,-1.464135992,0.3704544902,0,0,,transition,30,0,1610,50,652,0
2,120,507,-1.240477084,-0.7080759402,1.108211957,-1.985077152,-1.474802393,0.3334090412,0,0,,transition,30,0,1610,50,652,0
2,120,508,-1.27717963,-0.8039341691,1.159610628,-1.939046357,-1.485468793,0.2963635921,0,0,,transition,30,0,1610,50,652,0
2,120,509,-1.313882177,-0.899792398,1.2110093,-1.893015563,-1.496135194,0.2593181431,0,0,,transition,30,0,1610,50,652,0
2,120,510,-1.350584723,-0.9956506268,1.262407971,-1.846984768,-1.506801595,0.2222726941,0,0,,transition,30,0,1610,50,652,0
2,120,511,-1.387287269,-1.091508856,1.313806643,-1.800953973,-1.517467996,0.1852272451,0,0,,transition,30,0,1610,50,652,0
2,120,512,-1.423989815,-1.187367085,1.365205314,-1.754923179,-1.528134397,0.1481817961,0,0,,transition,30,0,1610,50,652,0
2,120,513,-1.460692361,-1.283225313,1.416603986,-1.708892384,-1.538800798,0.1111363471,0,0,,transition,30,0,1610,50,652,0
2,120,514,-1.497394908,-1.379083542,1.468002657,-1.662861589,-1.549467198,0.07409089803,0,0,,transition,30,0,1610,50,652,0
2,120,515,-1.534097454,-1.474941771,1.519401329,-1.616830795,-1.560133599,0.03704544902,0,0,,transition,30,0,1610,50,652,0
2,120,516,-1.5708,-1.5708,1.5708,-1.5708,-1.5708,0,0,0,,home,60,0,1610,50,652,0
