target_line,group_id,point_id,q1,q2,q3,q4,q5,q6,is_discontinuous,is_task_waypoint,source_point_id,waypoint_kind,speed,base_normal_error_mm,base_x_actual_mm,standoff_mm,base_height_mm,lift_mm
1,132,1,-1.5708,-1.5708,1.5708,-1.5708,-1.5708,0,0,0,,home,30,0,-1610,50,652,0
1,132,2,-1.5908299,-1.466846749,1.475535024,-1.579771013,-1.572625369,-0.01916173,0,0,,transition,10,0,-1610,50,652,0
1,132,3,-1.610859801,-1.362893497,1.380270047,-1.588742027,-1.574450736,-0.038323459,0,0,,transition,10,0,-1610,50,652,0
1,132,4,-1.630889702,-1.258940246,1.285005071,-1.597713041,-1.576276105,-0.057485189,0,0,,transition,10,0,-1610,50,652,0
1,132,5,-1.650919603,-1.154986995,1.189740094,-1.606684054,-1.578101472,-0.076646918,0,0,,transition,10,0,-1610,50,652,0
1,132,6,-1.670949503,-1.051033745,1.094475118,-1.615655067,-1.579926841,-0.095808648,0,0,,transition,10,0,-1610,50,652,0
1,132,7,-1.690979403,-0.947080493,0.999210142,-1.624626082,-1.581752209,-0.114970378,0,0,,transition,10,0,-1610,50,652,0
1,132,8,-1.711009304,-0.843127242,0.903945165,-1.633597095,-1.583577577,-0.134132107,0,0,,transition,10,0,-1610,50,652,0
1,132,9,-1.731039205,-0.739173991,0.808680189,-1.642568108,-1.585402945,-0.153293837,0,0,,transition,10,0,-1610,50,652,0
1,132,10,-1.751069106,-0.63522074,0.713415212,-1.651539121,-1.587228314,-0.172455566,0,0,,transition,10,0,-1610,50,652,0
1,132,11,-1.771099006,-0.531267488,0.618150236,-1.660510136,-1.589053681,-0.191617296,0,0,,transition,10,0,-1610,50,652,0
1,132,12,-1.791128906,-0.427314237,0.522885259,-1.669481149,-1.59087905,-0.210779026,0,0,,transition,10,0,-1610,50,652,0
1,132,13,-1.811158807,-0.323360986,0.427620283,-1.678452162,-1.592704417,-0.229940755,0,0,,transition,10,0,-1610,50,652,0
1,132,14,-1.831188708,-0.219407735,0.332355307,-1.687423175,-1.594529786,-0.249102485,0,0,,transition,10,0,-1610,50,652,0
1,132,15,-1.851218609,-0.115454484,0.23709033,-1.69639419,-1.596355155,-0.268264215,0,0,,transition,10,0,-1610,50,652,0
1,132,16,-1.871248509,-0.011501233,0.141825354,-1.705365203,-1.598180522,-0.287425944,0,0,,transition,10,0,-1610,50,652,0
1,132,17,-1.891278409,0.092452019,0.046560377,-1.714336216,-1.600005891,-0.306587674,0,1,1,task,10,0,-1610,50,652,0
1,132,18,-1.893558893,0.067884105,0.100926477,-1.743452248,-1.599648962,-0.308864615,0,0,,transition,30,0,-1610,50,652,0
1,132,19,-1.895852158,-0.006452387,0.265556016,-1.83307063,-1.599288037,-0.311154533,0,0,,transition,10,0,-1610,50,652,0
1,132,20,-1.898134736,-0.056318379,0.37657378,-1.8935475,-1.598927021,-0.313433764,0,1,2,task,10,0,-1610,50,652,0
1,132,21,-1.901726134,-0.100671402,0.476524234,-1.948129742,-1.598400268,-0.317019681,0,0,,transition,10,0,-1610,50,652,0
1,132,22,-1.90530448,-0.141695223,0.569254937,-1.99882122,-1.597873256,-0.320592551,0,1,3,task,10,0,-1610,50,652,0
1,132,23,-1.908774946,-0.173441894,0.641816669,-2.038740285,-1.598385053,-0.324065664,0,0,,transition,10,0,-1610,50,652,0
1,132,24,-1.912235956,-0.204290732,0.712469474,-2.077647875,-1.598896634,-0.327529318,0,1,4,task,10,0,-1610,50,652,0
1,132,25,-1.915644846,-0.230315799,0.772741794,-2.111108653,-1.600201432,-0.3309478,0,0,,transition,10,0,-1610,50,652,0
1,132,26,-1.919046153,-0.255944145,0.832193969,-2.144145511,-1.601506052,-0.334358676,0,1,5,task,10,0,-1610,50,652,0
1,132,27,-1.926162968,-0.300736332,0.937464198,-2.203095575,-1.604139311,-0.34149599,0,1,6,task,30,0,-1610,50,652,0
1,132,28,-1.933607276,-0.340682777,1.032719421,-2.256925259,-1.606797528,-0.348962315,0,1,7,task,30,0,-1610,50,652,0
1,132,29,-1.941565501,-0.377186702,1.120234543,-2.306033626,-1.608917677,-0.356934356,0,1,8,task,30,0,-1610,50,652,0
1,132,30,-1.950123692,-0.411120866,1.201610671,-2.350987022,-1.61033545,-0.365492227,0,1,9,task,30,0,-1610,50,652,0
1,132,31,-1.959097101,-0.442674443,1.278359827,-2.393734658,-1.611803484,-0.374463098,0,1,10,task,30,0,-1610,50,652,0
1,132,32,-1.968515999,-0.47219238,1.351277245,-2.434730581,-1.613324939,-0.383877197,0,1,11,task,30,0,-1610,50,652,0
1,132,33,-1.978413594,-0.499926058,1.420959066,-2.47432375,-1.614903214,-0.393767704,0,1,12,task,30,0,-1610,50,652,0
1,132,34,-1.989233682,-0.52686833,1.482232353,-2.498421504,-1.615244019,-0.404438352,0,1,13,task,30,0,-1610,50,652,0
1,132,35,-2.000061498,-0.552359648,1.547137312,-2.535797143,-1.617358487,-0.415249783,0,1,14,task,30,0,-1610,50,652,0
1,132,36,-2.009128694,-0.571756373,1.5980289,-2.566357588,-1.619205295,-0.424316835,0,1,15,task,30,0,-1610,50,652,0
1,132,37,-2.020037622,-0.604107092,1.675987418,-2.597998535,-1.612942846,-0.434789706,0,0,,transition,10,0,-1610,50,652,0
1,132,38,-2.030871831,-0.636202525,1.753745621,-2.629701654,-1.606654162,-0.445191271,0,0,,transition,10,0,-1610,50,652,0
1,132,39,-2.041619707,-0.668028038,1.831332074,-2.661511197,-1.600335351,-0.455510551,0,1,16,task,10,0,-1610,50,652,0
1,132,40,-2.022583388,-0.645438898,1.783198197,-2.653563238,-1.611707073,-0.437097583,0,1,17,task,10,0,-1610,50,652,0
1,132,41,-2.007952429,-0.623487613,1.727315759,-2.625921747,-1.614323118,-0.422683225,0,1,18,task,30,0,-1610,50,652,0
1,132,42,-1.994100357,-0.600555364,1.669933867,-2.597708319,-1.617164589,-0.409029288,0,1,19,task,30,0,-1610,50,652,0
1,132,43,-1.98214754,-0.576838183,1.610968714,-2.568213371,-1.616882072,-0.39721008,0,1,20,task,30,0,-1610,50,652,0
1,132,44,-1.971385155,-0.552145945,1.550245233,-2.537760463,-1.615069615,-0.386539608,0,1,21,task,30,0,-1610,50,652,0
1,132,45,-1.960731877,-0.526646238,1.486525406,-2.503934006,-1.614646448,-0.375957444,0,1,22,task,30,0,-1610,50,652,0
1,132,46,-1.950445155,-0.499916244,1.420045641,-2.468109981,-1.614823827,-0.365730868,0,1,23,task,30,0,-1610,50,652,0
1,132,47,-1.941011493,-0.471736031,1.351125742,-2.431522334,-1.613992804,-0.356338863,0,1,24,task,30,0,-1610,50,652,0
1,132,48,-1.932537682,-0.441989072,1.279523747,-2.394179697,-1.611596773,-0.347882602,0,1,25,task,30,0,-1610,50,652,0
1,132,49,-1.924456192,-0.410319617,1.204246274,-2.355137208,-1.609283198,-0.339810826,0,1,26,task,30,0,-1610,50,652,0
1,132,50,-1.917088587,-0.376679152,1.12390822,-2.312096361,-1.605854824,-0.332427879,0,1,27,task,30,0,-1610,50,652,0
1,132,51,-1.910367855,-0.340487687,1.037410492,-2.26462604,-1.601372578,-0.325675669,0,1,28,task,30,0,-1610,50,652,0
1,132,52,-1.903790599,-0.300742215,0.943457609,-2.21309527,-1.597482514,-0.319072758,0,1,29,task,30,0,-1610,50,652,0
1,132,53,-1.896301768,-0.256002727,0.83717316,-2.1524618,-1.598006267,-0.311588241,0,1,30,task,30,0,-1610,50,652,0
1,132,54,-1.892725945,-0.230344711,0.777116757,-2.118519848,-1.598275521,-0.30801445,0,0,,transition,10,0,-1610,50,652,0
1,132,55,-1.88914163,-0.204287054,0.716234179,-2.084151203,-1.598544653,-0.304432167,0,1,31,task,10,0,-1610,50,652,0
1,132,56,-1.885720373,-0.173289888,0.644781437,-2.044152584,-1.598820748,-0.301012825,0,0,,transition,10,0,-1610,50,652,0
1,132,57,-1.882289308,-0.141382986,0.571394274,-2.003129078,-1.599096737,-0.297583673,0,1,32,task,10,0,-1610,50,652,0
1,132,58,-1.879013868,-0.099957115,0.477385218,-1.951003301,-1.599379239,-0.29431004,0,0,,transition,10,0,-1610,50,652,0
1,132,59,-1.875725627,-0.055108568,0.375952772,-1.894876516,-1.59966166,-0.291023604,0,1,33,task,10,0,-1610,50,652,0
1,132,60,-1.863022873,-0.017990095,0.293607692,-1.849698706,-1.59991956,-0.278317802,0,0,,transition,10,0,-1610,50,652,0
1,132,61,-1.850314032,0.027480298,0.192983892,-1.794594024,-1.600177461,-0.265605915,0,1,34,task,10,0,-1610,50,652,0
1,132,62,-1.853273273,-0.042100317,0.348594181,-1.880347465,-1.599976835,-0.268564467,0,0,,transition,10,0,-1610,50,652,0
1,132,63,-1.856216328,-0.097057372,0.47224064,-1.948760212,-1.599776193,-0.27150683,0,1,35,task,10,0,-1610,50,652,0
1,132,64,-1.859302433,-0.13472453,0.558230494,-1.996808007,-1.599579067,-0.274592213,0,0,,transition,10,0,-1610,50,652,0
1,132,65,-1.862377731,-0.17063882,0.640447294,-2.042835354,-1.5993819,-0.277666786,0,1,36,task,10,0,-1610,50,652,0
1,132,66,-1.865601029,-0.199636456,0.707764336,-2.080881369,-1.599188489,-0.280889327,0,0,,transition,10,0,-1610,50,652,0
1,132,67,-1.868815499,-0.228019499,0.77378899,-2.118249388,-1.598995023,-0.284103039,0,1,37,task,10,0,-1610,50,652,0
1,132,68,-1.872185914,-0.252376774,0.831265215,-2.151096615,-1.598805565,-0.28747266,0,0,,transition,10,0,-1610,50,652,0
1,132,69,-1.875548438,-0.27643065,0.88812351,-2.183629142,-1.598616043,-0.290834389,0,1,38,task,10,0,-1610,50,652,0
1,132,70,-1.882597081,-0.318882054,0.990069221,-2.242583519,-1.598245479,-0.297881366,0,1,39,task,30,0,-1610,50,652,0
1,132,71,-1.889983883,-0.356962707,1.083140375,-2.297038134,-1.597883897,-0.305266421,0,1,40,task,30,0,-1610,50,652,0
1,132,72,-1.89773345,-0.391626422,1.169467445,-2.348170045,-1.597531909,-0.313014158,0,1,41,task,30,0,-1610,50,652,0
1,132,73,-1.902540959,-0.423898867,1.243553382,-2.382334016,-1.608086198,-0.317885335,0,1,42,task,30,0,-1610,50,652,0
1,132,74,-1.908976674,-0.455101566,1.309093896,-2.402307933,-1.614152605,-0.324262678,0,1,43,task,30,0,-1610,50,652,0
1,132,75,-1.917768734,-0.484411361,1.381955096,-2.443781955,-1.61401162,-0.333028053,0,1,44,task,30,0,-1610,50,652,0
1,132,76,-1.927023077,-0.511978724,1.451713376,-2.483911403,-1.613922688,-0.342253168,0,1,45,task,30,0,-1610,50,652,0
1,132,77,-1.936776486,-0.537976665,1.518805707,-2.522962294,-1.613889781,-0.351974629,0,1,46,task,30,0,-1610,50,652,0
1,132,78,-1.946983601,-0.562679501,1.582987362,-2.559590157,-1.614153103,-0.362136372,0,1,47,task,30,0,-1610,50,652,0
1,132,79,-1.957128252,-0.587811433,1.63906185,-2.578908291,-1.616133495,-0.372079885,0,1,48,task,30,0,-1610,50,652,0
1,132,80,-1.971071112,-0.61224937,1.693805081,-2.596603286,-1.609517017,-0.385661759,0,1,49,task,10,0,-1610,50,652,0
1,132,81,-1.985290936,-0.63551804,1.749629182,-2.620403877,-1.604481148,-0.39959542,0,1,50,task,30,0,-1610,50,652,0
1,132,82,-1.999896609,-0.657519888,1.8065063,-2.650273135,-1.600826037,-0.414010127,0,1,51,task,30,0,-1610,50,652,0
1,132,83,-2.011759376,-0.673822315,1.849450174,-2.672987354,-1.598156822,-0.425717725,0,1,52,task,30,0,-1610,50,652,0
1,132,84,-1.981140707,-0.678966238,1.865634291,-2.683226212,-1.595897779,-0.395171981,0,1,53,task,10,0,-1610,50,652,0
1,132,85,-1.967452274,-0.658201249,1.808154852,-2.648992975,-1.597388837,-0.381595021,0,1,54,task,30,0,-1610,50,652,0
1,132,86,-1.954577253,-0.636355639,1.749321802,-2.61445411,-1.599008717,-0.368824584,0,1,55,task,30,0,-1610,50,652,0
1,132,87,-1.942446772,-0.613403728,1.688982919,-2.579483609,-1.600745723,-0.356792597,0,1,56,task,30,0,-1610,50,652,0
1,132,88,-1.930999356,-0.589302097,1.626959777,-2.543947197,-1.602589467,-0.345438275,0,1,57,task,30,0,-1610,50,652,0
1,132,89,-1.927459695,-0.560467512,1.585930205,-2.563222954,-1.584128281,-0.342442682,0,1,58,task,30,0,-1610,50,652,0
1,132,90,-1.919809496,-0.53593743,1.520948056,-2.524130376,-1.577852044,-0.334814518,0,1,59,task,30,0,-1610,50,652,0
1,132,91,-1.912564985,-0.509950408,1.453688858,-2.484310998,-1.571609622,-0.327600517,0,1,60,task,30,0,-1610,50,652,0
1,132,92,-1.905694725,-0.482382153,1.383804012,-2.443532947,-1.565399415,-0.320768486,0,1,61,task,30,0,-1610,50,652,0
1,132,93,-1.899170422,-0.453063779,1.310856974,-2.401521808,-1.559219905,-0.314289469,0,1,62,task,30,0,-1610,50,652,0
1,132,94,-1.89212645,-0.422277394,1.233949002,-2.356909025,-1.555808879,-0.307276798,0,1,63,task,30,0,-1610,50,652,0
1,132,95,-1.884561295,-0.389650608,1.152229828,-2.309152776,-1.555308612,-0.299722162,0,1,64,task,30,0,-1610,50,652,0
1,132,96,-1.877355154,-0.354164602,1.06498387,-2.258729294,-1.554835954,-0.292525469,0,1,65,task,30,0,-1610,50,652,0
1,132,97,-1.870483297,-0.315153455,0.970708313,-2.20480138,-1.554388993,-0.285662067,0,1,66,task,30,0,-1610,50,652,0
1,132,98,-1.863923194,-0.271581813,0.867098213,-2.146099197,-1.553965983,-0.279109498,0,1,67,task,30,0,-1610,50,652,0
1,132,99,-1.860793018,-0.246806073,0.809032197,-2.113476798,-1.553765833,-0.275982655,0,0,,transition,10,0,-1610,50,652,0
1,132,100,-1.857654278,-0.221694521,0.750279271,-2.080503393,-1.553565332,-0.272847258,0,1,68,task,10,0,-1610,50,652,0
1,132,101,-1.854660918,-0.192234115,0.682249435,-2.042601526,-1.553375633,-0.269856832,0,0,,transition,10,0,-1610,50,652,0
1,132,102,-1.851657738,-0.162064228,0.612722179,-2.00391184,-1.553185582,-0.266856596,0,1,69,task,10,0,-1610,50,652,0
1,132,103,-1.848793279,-0.124096811,0.526344955,-1.9561692,-1.553005676,-0.263994701,0,0,,transition,10,0,-1610,50,652,0
1,132,104,-1.845916334,-0.083901602,0.435158701,-1.905845497,-1.552825397,-0.261120326,0,1,70,task,10,0,-1610,50,652,0
1,132,105,-1.833009122,-0.042211508,0.341920619,-1.856223509,-1.552309136,-0.248217823,0,0,,transition,10,0,-1610,50,652,0
1,132,106,-1.820091749,0.007287846,0.231617465,-1.797345682,-1.551791929,-0.2353052,0,1,71,task,10,0,-1610,50,652,0
1,132,107,-1.822637894,-0.055242424,0.371331577,-1.873571147,-1.551995277,-0.237848886,0,0,,transition,10,0,-1610,50,652,0
1,132,108,-1.825167711,-0.107179793,0.487918033,-1.93726212,-1.552198193,-0.240376253,0,1,72,task,10,0,-1610,50,652,0
1,132,109,-1.827831068,-0.143880716,0.571459498,-1.983322134,-1.552378677,-0.24303724,0,0,,transition,10,0,-1610,50,652,0
1,132,110,-1.830483281,-0.179014375,0.651634059,-2.027582668,-1.552558806,-0.245687091,0,1,73,task,10,0,-1610,50,652,0
1,132,111,-1.83326459,-0.207636368,0.717778649,-2.064324379,-1.552749406,-0.248465603,0,0,,transition,10,0,-1610,50,652,0
1,132,112,-1.836036825,-0.235684405,0.782720033,-2.100436955,-1.552939659,-0.251235052,0,1,74,task,10,0,-1610,50,652,0
1,132,113,-1.838944737,-0.259878747,0.839471282,-2.132212674,-1.553141077,-0.25413971,0,0,,transition,10,0,-1610,50,652,0
1,132,114,-1.841844591,-0.283783473,0.895635314,-2.163690882,-1.553342142,-0.257036321,0,1,75,task,10,0,-1610,50,652,0
1,132,115,-1.847924329,-0.326135644,0.996589782,-2.220730421,-1.553767776,-0.263108583,0,1,76,task,30,0,-1610,50,652,0
1,132,116,-1.854295472,-0.364253636,1.088928638,-2.27338825,-1.554218225,-0.269471195,0,1,77,task,30,0,-1610,50,652,0
1,132,117,-1.860979332,-0.399053864,1.174698194,-2.3227945,-1.55469531,-0.276145387,0,1,78,task,30,0,-1610,50,652,0
1,132,118,-1.867999338,-0.431135998,1.255258132,-2.369709468,-1.555201038,-0.2831545,0,1,79,task,30,0,-1610,50,652,0
1,132,119,-1.875324284,-0.461486138,1.330688649,-2.411964592,-1.555904793,-0.290458219,0,1,80,task,30,0,-1610,50,652,0
1,132,120,-1.882988489,-0.49033416,1.402094825,-2.450862872,-1.556778255,-0.298090485,0,1,81,task,30,0,-1610,50,652,0
1,132,121,-1.891056084,-0.517541665,1.47060006,-2.48850749,-1.557721352,-0.306120194,0,1,82,task,30,0,-1610,50,652,0
1,132,122,-1.899559466,-0.543265204,1.536604769,-2.525143782,-1.55873959,-0.314579254,0,1,83,task,30,0,-1610,50,652,0
1,132,123,-1.908371167,-0.568093823,1.598411235,-2.555609204,-1.560274733,-0.323301283,0,1,84,task,30,0,-1610,50,652,0
1,132,124,-1.914158177,-0.59432473,1.650501498,-2.564843128,-1.571384665,-0.328741068,0,1,85,task,30,0,-1610,50,652,0
1,132,125,-1.920973246,-0.619177563,1.707602243,-2.589563027,-1.58073617,-0.335335411,0,1,86,task,30,0,-1610,50,652,0
1,132,126,-1.930219467,-0.642126421,1.767606103,-2.624719072,-1.585029429,-0.344497096,0,1,87,task,30,0,-1610,50,652,0
1,132,127,-1.940044382,-0.663996431,1.826215002,-2.65964219,-1.589400235,-0.354235808,0,1,88,task,30,0,-1610,50,652,0
1,132,128,-1.949800332,-0.68347862,1.879868484,-2.692199707,-1.593561262,-0.363909855,0,1,89,task,30,0,-1610,50,652,0
1,132,129,-1.917782285,-0.687376595,1.892136599,-2.699881206,-1.591151272,-0.331975198,0,1,90,task,10,0,-1610,50,652,0
1,132,130,-1.908717581,-0.666433803,1.835232252,-2.666449675,-1.585750045,-0.323011176,0,1,91,task,30,0,-1610,50,652,0
1,132,131,-1.900203607,-0.644468218,1.777131238,-2.632939168,-1.580434559,-0.314596283,0,1,92,task,30,0,-1610,50,652,0
1,132,132,-1.892617752,-0.621332155,1.718932833,-2.602206319,-1.57408757,-0.307144277,0,1,93,task,30,0,-1610,50,652,0
1,132,133,-1.886712371,-0.596861939,1.663144435,-2.580284987,-1.56444058,-0.301469389,0,1,94,task,30,0,-1610,50,652,0
1,132,134,-1.879481746,-0.572259972,1.604522333,-2.554484013,-1.559434769,-0.294395513,0,1,95,task,30,0,-1610,50,652,0
1,132,135,-1.871382818,-0.547185655,1.543097221,-2.525379915,-1.558110647,-0.286392096,0,1,96,task,30,0,-1610,50,652,0
1,132,136,-1.863634121,-0.521375248,1.477648395,-2.490218361,-1.557068028,-0.278694831,0,1,97,task,30,0,-1610,50,652,0
1,132,137,-1.856280977,-0.494135087,1.409751208,-2.454019268,-1.556108407,-0.271384625,0,1,98,task,30,0,-1610,50,652,0
1,132,138,-1.849294541,-0.465309339,1.339038997,-2.416597029,-1.55522419,-0.264433543,0,1,99,task,30,0,-1610,50,652,0
1,132,139,-1.842610418,-0.435091228,1.264176472,-2.375281906,-1.554523471,-0.257771577,0,1,100,task,30,0,-1610,50,652,0
1,132,140,-1.836205511,-0.40316975,1.184148191,-2.329065446,-1.554007947,-0.251378015,0,1,101,task,30,0,-1610,50,652,0
1,132,141,-1.830108374,-0.368597809,1.099052329,-2.28043211,-1.553522441,-0.245290759,0,1,102,task,30,0,-1610,50,652,0
1,132,142,-1.824297427,-0.330802986,1.007588634,-2.228653792,-1.553064849,-0.239488332,0,1,103,task,30,0,-1610,50,652,0
1,132,143,-1.818753051,-0.288917089,0.90781615,-2.172657501,-1.552633253,-0.233951218,0,1,104,task,30,0,-1610,50,652,0
1,132,144,-1.81610904,-0.265357059,0.852484339,-2.141830602,-1.552429763,-0.231310246,0,0,,transition,10,0,-1610,50,652,0
1,132,145,-1.813457378,-0.241523086,0.796598938,-2.110724145,-1.55222591,-0.228661633,0,1,105,task,10,0,-1610,50,652,0
1,132,146,-1.810930014,-0.214037877,0.732964136,-2.075519122,-1.552033742,-0.226136763,0,0,,transition,10,0,-1610,50,652,0
1,132,147,-1.808394093,-0.186023857,0.668223788,-2.039737478,-1.551841225,-0.223603346,0,1,106,task,10,0,-1610,50,652,0
1,132,148,-1.806004737,-0.15232912,0.591770627,-1.998590588,-1.55155058,-0.221217379,0,0,,transition,10,0,-1610,50,652,0
1,132,149,-1.80360542,-0.117304093,0.512466011,-1.955922659,-1.551259466,-0.218821474,0,1,107,task,10,0,-1610,50,652,0
1,132,150,-1.801332331,-0.06990313,0.406510236,-1.899358952,-1.550924589,-0.216550929,0,0,,transition,10,0,-1610,50,652,0
1,132,151,-1.799045424,-0.015682551,0.285691271,-1.834751877,-1.550589195,-0.214266598,0,1,108,task,10,0,-1610,50,652,0
1,132,152,-1.790410484,-0.073105141,0.414617267,-1.90646674,-1.550533194,-0.205630068,0,0,,transition,10,0,-1610,50,652,0
1,132,153,-1.781762958,-0.123213102,0.527606563,-1.969559787,-1.550477113,-0.196980949,0,1,109,task,10,0,-1610,50,652,0
1,132,154,-1.783937925,-0.157509753,0.605438363,-2.011595712,-1.550703811,-0.199154543,0,0,,transition,10,0,-1610,50,652,0
1,132,155,-1.786103403,-0.190580553,0.68064625,-2.052233717,-1.550930123,-0.201318668,0,1,110,task,10,0,-1610,50,652,0
1,132,156,-1.788374067,-0.218074145,0.743849795,-2.086444577,-1.551170858,-0.203586959,0,0,,transition,10,0,-1610,50,652,0
1,132,157,-1.79063682,-0.245070607,0.806015694,-2.120115021,-1.551411178,-0.205847359,0,1,111,task,10,0,-1610,50,652,0
1,132,158,-1.793019976,-0.268643092,0.861114778,-2.150373142,-1.551632211,-0.208227718,0,0,,transition,10,0,-1610,50,652,0
1,132,159,-1.795395929,-0.291951023,0.915680116,-2.180362156,-1.551852848,-0.210600892,0,1,112,task,10,0,-1610,50,652,0
1,132,160,-1.800383758,-0.333527334,1.014443253,-2.235142479,-1.552301773,-0.215581902,0,1,113,task,30,0,-1610,50,652,0
1,132,161,-1.805611146,-0.371126509,1.10512949,-2.285822943,-1.552778872,-0.220800833,0,1,114,task,30,0,-1610,50,652,0
1,132,162,-1.811095747,-0.405581867,1.18960247,-2.333434106,-1.553286209,-0.226275213,0,1,115,task,30,0,-1610,50,652,0
1,132,163,-1.816856991,-0.437446116,1.269118188,-2.378679535,-1.55382606,-0.232024331,0,1,116,task,30,0,-1610,50,652,0
1,132,164,-1.822871512,-0.467608834,1.343391572,-2.418754872,-1.554530944,-0.238015385,0,1,117,task,30,0,-1610,50,652,0
1,132,165,-1.829145992,-0.496527467,1.41318054,-2.45389805,-1.555439599,-0.244248819,0,1,118,task,30,0,-1610,50,652,0
1,132,166,-1.835745691,-0.523927419,1.480236265,-2.487832711,-1.55643277,-0.25079692,0,1,119,task,30,0,-1610,50,652,0
1,132,167,-1.842779385,-0.550005659,1.545428941,-2.521862699,-1.55727895,-0.257775411,0,1,120,task,30,0,-1610,50,652,0
1,132,168,-1.85023333,-0.5748141,1.608712543,-2.555489237,-1.55812656,-0.265167254,0,1,121,task,30,0,-1610,50,652,0
1,132,169,-1.857404197,-0.598833991,1.669573296,-2.586894123,-1.560978476,-0.272245689,0,1,122,task,30,0,-1610,50,652,0
1,132,170,-1.863697065,-0.622544627,1.72782572,-2.615001578,-1.567308231,-0.278398521,0,1,123,task,30,0,-1610,50,652,0
1,132,171,-1.870355496,-0.645294946,1.784690058,-2.642758874,-1.5737415,-0.284903892,0,1,124,task,30,0,-1610,50,652,0
1,132,172,-1.877211241,-0.667473349,1.841481537,-2.672870077,-1.580775994,-0.291628872,0,1,125,task,30,0,-1610,50,652,0
1,132,173,-1.884456542,-0.688785542,1.897394613,-2.703466449,-1.588010801,-0.298749126,0,1,126,task,30,0,-1610,50,652,0
1,132,174,-1.885137944,-0.690675349,1.902423069,-2.706246443,-1.588672793,-0.299419114,0,1,127,task,30,0,-1610,50,652,0
1,132,175,-1.851925797,-0.69338782,1.910713635,-2.711274402,-1.586131778,-0.266299729,0,1,128,task,10,0,-1610,50,652,0
1,132,176,-1.847732872,-0.671171677,1.857812704,-2.688303114,-1.574000159,-0.26229694,0,1,129,task,30,0,-1610,50,652,0
1,132,177,-1.841062744,-0.649939575,1.801349607,-2.658094872,-1.568735972,-0.255745238,0,1,130,task,30,0,-1610,50,652,0
1,132,178,-1.834618449,-0.627822443,1.743495355,-2.627265156,-1.56398927,-0.249406081,0,1,131,task,30,0,-1610,50,652,0
1,132,179,-1.828542338,-0.60467765,1.684255748,-2.596131295,-1.559325112,-0.243426639,0,1,132,task,30,0,-1610,50,652,0
1,132,180,-1.822044554,-0.580984052,1.622770828,-2.562618607,-1.556836484,-0.236997357,0,1,133,task,30,0,-1610,50,652,0
1,132,181,-1.815265895,-0.556517024,1.558872339,-2.526844321,-1.556236083,-0.23026336,0,1,134,task,30,0,-1610,50,652,0
1,132,182,-1.808852794,-0.530716851,1.492883816,-2.490313373,-1.555700436,-0.223889378,0,1,135,task,30,0,-1610,50,652,0
1,132,183,-1.802850163,-0.503415568,1.425731071,-2.455702633,-1.555006684,-0.217933477,0,1,136,task,30,0,-1610,50,652,0
1,132,184,-1.797267108,-0.474562935,1.358107101,-2.424932062,-1.554021078,-0.212406019,0,1,137,task,30,0,-1610,50,652,0
1,132,185,-1.79191488,-0.444539272,1.286091828,-2.38909558,-1.55322173,-0.207085922,0,1,138,task,30,0,-1610,50,652,0
1,132,186,-1.786774023,-0.413112949,1.208174037,-2.345941639,-1.552616421,-0.201959175,0,1,139,task,30,0,-1610,50,652,0
1,132,187,-1.781879259,-0.379253472,1.125610565,-2.300576162,-1.552049248,-0.197075603,0,1,140,task,30,0,-1610,50,652,0
1,132,188,-1.777213324,-0.342465831,1.037273698,-2.252366099,-1.551517564,-0.192418151,0,1,141,task,30,0,-1610,50,652,0
1,132,189,-1.772737994,-0.301918193,0.940887357,-2.199289932,-1.551098939,-0.187947783,0,1,142,task,30,0,-1610,50,652,0
1,132,190,-1.768451095,-0.256389471,0.833940974,-2.140283144,-1.550753503,-0.183663754,0,1,143,task,30,0,-1610,50,652,0
1,132,191,-1.76640615,-0.230322969,0.77350278,-2.107116287,-1.550591689,-0.181619646,0,0,,transition,10,0,-1610,50,652,0
1,132,192,-1.764353693,-0.20382939,0.71217889,-2.073490927,-1.550429558,-0.179568037,0,1,144,task,10,0,-1610,50,652,0
1,132,193,-1.762398002,-0.172356446,0.640177726,-2.034166953,-1.550277782,-0.177612632,0,0,,transition,10,0,-1610,50,652,0
1,132,194,-1.760433492,-0.13990469,0.566091215,-1.993736593,-1.550125714,-0.175648417,0,1,145,task,10,0,-1610,50,652,0
1,132,195,-1.758562229,-0.097756904,0.470976167,-1.94197295,-1.549983336,-0.173776925,0,0,,transition,10,0,-1610,50,652,0
1,132,196,-1.756679238,-0.051852089,0.367704912,-1.885810345,-1.549840697,-0.171893713,0,1,146,task,10,0,-1610,50,652,0
1,132,197,-1.74718776,-0.092102033,0.45822358,-1.936086263,-1.54985337,-0.162400168,0,0,,transition,10,0,-1610,50,652,0
1,132,198,-1.737690675,-0.129358441,0.542239059,-1.982852649,-1.549866038,-0.152901013,0,1,147,task,10,0,-1610,50,652,0
1,132,199,-1.739405763,-0.163123758,0.619312799,-2.025154836,-1.549966027,-0.154616367,0,0,,transition,10,0,-1610,50,652,0
1,132,200,-1.741112046,-0.195740625,0.693931445,-2.066150541,-1.5500658,-0.156322923,0,1,148,task,10,0,-1610,50,652,0
1,132,201,-1.742904126,-0.222936404,0.756912216,-2.100928417,-1.550172978,-0.158114954,0,0,,transition,10,0,-1610,50,652,0
1,132,202,-1.744688805,-0.249656285,0.818901344,-2.135190679,-1.550279916,-0.159899592,0,1,149,task,10,0,-1610,50,652,0
1,132,203,-1.746563643,-0.272987301,0.873720974,-2.165671273,-1.550394785,-0.161774043,0,0,,transition,10,0,-1610,50,652,0
1,132,204,-1.748431797,-0.29606301,0.928026539,-2.195893219,-1.550509391,-0.163641819,0,1,150,task,10,0,-1610,50,652,0
1,132,205,-1.752352908,-0.337269645,1.026390915,-2.251033166,-1.550755324,-0.167561439,0,1,151,task,30,0,-1610,50,652,0
1,132,206,-1.756465182,-0.374567916,1.116858157,-2.302182446,-1.551018923,-0.171671439,0,1,152,task,30,0,-1610,50,652,0
1,132,207,-1.760698853,-0.408738717,1.199284553,-2.346175485,-1.551578072,-0.175896847,0,1,153,task,30,0,-1610,50,652,0
1,132,208,-1.765092076,-0.440510103,1.275992074,-2.385587616,-1.552338573,-0.180273729,0,1,154,task,30,0,-1610,50,652,0
1,132,209,-1.769675467,-0.470765744,1.346693339,-2.417546108,-1.553233254,-0.184820845,0,1,155,task,30,0,-1610,50,652,0
1,132,210,-1.774484709,-0.500192907,1.412410787,-2.442601098,-1.554188928,-0.189560038,0,1,156,task,30,0,-1610,50,652,0
1,132,211,-1.779791192,-0.527718702,1.481903354,-2.481631077,-1.554511639,-0.194841444,0,1,157,task,30,0,-1610,50,652,0
1,132,212,-1.785394567,-0.553742241,1.548900695,-2.519665756,-1.554878943,-0.200416528,0,1,158,task,30,0,-1610,50,652,0
1,132,213,-1.791320523,-0.578380149,1.613731826,-2.556917744,-1.555294693,-0.206310685,0,1,159,task,30,0,-1610,50,652,0
1,132,214,-1.797333876,-0.601932457,1.676426993,-2.592849397,-1.556473684,-0.212282106,0,1,160,task,30,0,-1610,50,652,0
1,132,215,-1.802797534,-0.625038257,1.736679071,-2.625904226,-1.560095374,-0.217677736,0,1,161,task,30,0,-1610,50,652,0
1,132,216,-1.808597872,-0.647061864,1.795498861,-2.658644483,-1.563781233,-0.223404237,0,1,162,task,30,0,-1610,50,652,0
1,132,217,-1.814767222,-0.668027613,1.853044573,-2.691207986,-1.567536973,-0.229493551,0,1,163,task,30,0,-1610,50,652,0
1,132,218,-1.821342212,-0.687942764,1.909454604,-2.723730425,-1.571369033,-0.23598188,0,1,164,task,30,0,-1610,50,652,0
1,132,219,-1.81821101,-0.695524412,1.916995984,-2.714948097,-1.583535119,-0.232681756,0,1,165,task,10,0,-1610,50,652,0
1,132,220,-1.805314238,-0.69696645,1.925837779,-2.719136695,-1.531136999,-0.220119541,0,1,166,task,10,0,-1610,50,652,0
1,132,221,-1.794603044,-0.676661227,1.869659058,-2.689769513,-1.53845443,-0.20943227,0,1,167,task,30,0,-1610,50,652,0
1,132,222,-1.785067198,-0.655430661,1.8126235,-2.660444044,-1.544652473,-0.199936063,0,1,168,task,30,0,-1610,50,652,0
1,132,223,-1.777115084,-0.633383391,1.754928978,-2.631495882,-1.548359905,-0.192042028,0,1,169,task,30,0,-1610,50,652,0
1,132,224,-1.769618618,-0.610324508,1.695862748,-2.602113241,-1.55219933,-0.184595545,0,1,170,task,30,0,-1610,50,652,0
1,132,225,-1.763331998,-0.586810852,1.634132847,-2.568361385,-1.553944696,-0.178344097,0,1,171,task,30,0,-1610,50,652,0
1,132,226,-1.758129345,-0.562608194,1.569520955,-2.5304131,-1.553647157,-0.173165617,0,1,172,task,30,0,-1610,50,652,0
1,132,227,-1.75321504,-0.537024705,1.502812068,-2.491745349,-1.553387801,-0.168273058,0,1,173,task,30,0,-1610,50,652,0
1,132,228,-1.748565684,-0.509953559,1.433691777,-2.452150551,-1.553163525,-0.16364323,0,1,174,task,30,0,-1610,50,652,0
1,132,229,-1.744160347,-0.481249315,1.361771596,-2.411385691,-1.552971554,-0.159255388,0,1,175,task,30,0,-1610,50,652,0
1,132,230,-1.740377619,-0.450551948,1.302799004,-2.405259189,-1.551582294,-0.155566948,0,1,176,task,30,0,-1610,50,652,0
1,132,231,-1.736596301,-0.419464495,1.229162714,-2.370294498,-1.550776135,-0.151800202,0,1,177,task,30,0,-1610,50,652,0
1,132,232,-1.732822795,-0.386188647,1.146274373,-2.322419835,-1.550582855,-0.148028138,0,1,178,task,30,0,-1610,50,652,0
1,132,233,-1.729231448,-0.349988186,1.057718866,-2.271800216,-1.550403689,-0.144437723,0,1,179,task,30,0,-1610,50,652,0
1,132,234,-1.725809351,-0.310160305,0.961911114,-2.217553468,-1.550237629,-0.141016084,0,1,180,task,30,0,-1610,50,652,0
1,132,235,-1.722544786,-0.26560242,0.856397938,-2.158329088,-1.550083765,-0.13775154,0,1,181,task,30,0,-1610,50,652,0
1,132,236,-1.720989358,-0.240202566,0.797093441,-2.12528878,-1.550012611,-0.136195916,0,0,,transition,10,0,-1610,50,652,0
1,132,237,-1.719427098,-0.214419233,0.736997538,-2.091840672,-1.549941267,-0.134633465,0,1,182,task,10,0,-1610,50,652,0
1,132,238,-1.71794079,-0.184037984,0.667079058,-2.053166748,-1.549875409,-0.133146773,0,0,,transition,10,0,-1610,50,652,0
1,132,239,-1.71644657,-0.152819456,0.59538332,-2.013552997,-1.54980938,-0.131652173,0,1,183,task,10,0,-1610,50,652,0
1,132,240,-1.715025565,-0.11309678,0.505289267,-1.96404393,-1.54974847,-0.130230609,0,0,,transition,10,0,-1610,50,652,0
1,132,241,-1.713594329,-0.070541506,0.409061303,-1.911233753,-1.549687414,-0.128798816,0,1,184,task,10,0,-1610,50,652,0
1,132,242,-1.707364713,-0.128039526,0.53508641,-1.970781853,-1.495629317,-0.122889991,0,1,185,task,10,0,-1610,50,652,0
1,132,243,-1.708739496,-0.162327169,0.613537207,-2.014217073,-1.495725955,-0.124267931,0,0,,transition,10,0,-1610,50,652,0
1,132,244,-1.710104282,-0.1953992,0.68938705,-2.056267682,-1.495822361,-0.125635853,0,1,186,task,10,0,-1610,50,652,0
1,132,245,-1.711541092,-0.222852339,0.753178923,-2.091874367,-1.495923392,-0.127075821,0,0,,transition,10,0,-1610,50,652,0
1,132,246,-1.712969582,-0.249812074,0.815941547,-2.126945809,-1.496024183,-0.128507454,0,1,187,task,10,0,-1610,50,652,0
1,132,247,-1.71447327,-0.273288064,0.871341273,-2.158133073,-1.496129933,-0.1300143,0,0,,transition,10,0,-1610,50,652,0
1,132,248,-1.715969498,-0.296502298,0.926213253,-2.189054881,-1.49623543,-0.131513674,0,1,188,task,10,0,-1610,50,652,0
1,132,249,-1.719113772,-0.337869265,1.025486446,-2.245479186,-1.496456817,-0.13466425,0,1,189,task,30,0,-1610,50,652,0
1,132,250,-1.722413114,-0.375244971,1.116715491,-2.297840435,-1.496689134,-0.137969885,0,1,190,task,30,0,-1610,50,652,0
1,132,251,-1.725879325,-0.409453751,1.201750569,-2.347163761,-1.496933255,-0.141442372,0,1,191,task,30,0,-1610,50,652,0
1,132,252,-1.729484207,-0.441071196,1.281256103,-2.39282372,-1.497323209,-0.145051216,0,1,192,task,30,0,-1610,50,652,0
1,132,253,-1.732033006,-0.471421663,1.348480957,-2.417241881,-1.501643775,-0.147535083,0,1,193,task,30,0,-1610,50,652,0
1,132,254,-1.733532378,-0.500374629,1.419145034,-2.455213809,-1.509618039,-0.148943608,0,1,194,task,30,0,-1610,50,652,0
1,132,255,-1.735110412,-0.527742195,1.487035013,-2.492018721,-1.517606548,-0.150435117,0,1,195,task,30,0,-1610,50,652,0
1,132,256,-1.736773958,-0.553670551,1.552530816,-2.527891601,-1.525609988,-0.152016549,0,1,196,task,30,0,-1610,50,652,0
1,132,257,-1.736429576,-0.578767322,1.614675667,-2.560394497,-1.539512298,-0.151552671,0,1,197,task,10,0,-1610,50,652,0
1,132,258,-1.737133113,-0.603159591,1.673555664,-2.587649133,-1.550481866,-0.152151289,0,1,198,task,30,0,-1610,50,652,0
1,132,259,-1.746466473,-0.62856758,1.727694986,-2.600117621,-1.538782593,-0.161395795,0,1,199,task,10,0,-1610,50,652,0
1,132,260,-1.753098273,-0.651003671,1.78864855,-2.635969905,-1.535635414,-0.168015208,0,1,200,task,30,0,-1610,50,652,0
1,132,261,-1.760165331,-0.672296869,1.848233153,-2.671533375,-1.532555801,-0.175069689,0,1,201,task,30,0,-1610,50,652,0
1,132,262,-1.767712131,-0.692456171,1.906602299,-2.706947079,-1.529551365,-0.182603543,0,1,202,task,30,0,-1610,50,652,0
1,132,263,-1.770836012,-0.70010461,1.92935197,-2.720923803,-1.52838729,-0.18572216,0,1,203,task,30,0,-1610,50,652,0
1,132,264,-1.736044059,-0.702684052,1.930829218,-2.721340799,-1.525663376,-0.151003724,0,1,204,task,10,0,-1610,50,652,0
1,132,265,-1.731861019,-0.682728362,1.873563256,-2.686569335,-1.522930525,-0.146872802,0,1,205,task,30,0,-1610,50,652,0
1,132,266,-1.727946767,-0.661688811,1.815164764,-2.651757403,-1.520237527,-0.143007552,0,1,206,task,30,0,-1610,50,652,0
1,132,267,-1.724276036,-0.6395624,1.755493217,-2.616766559,-1.517580719,-0.139382981,0,1,207,task,30,0,-1610,50,652,0
1,132,268,-1.72101962,-0.616175055,1.69510186,-2.583268486,-1.514444266,-0.13618223,0,1,208,task,30,0,-1610,50,652,0
1,132,269,-1.721401129,-0.588879691,1.649814367,-2.591292945,-1.50186209,-0.136840499,0,1,209,task,30,0,-1610,50,652,0
1,132,270,-1.717598415,-0.565263274,1.58609731,-2.554291534,-1.50104666,-0.133049302,0,1,210,task,30,0,-1610,50,652,0
1,132,271,-1.713966094,-0.540354198,1.520035544,-2.51576962,-1.500381826,-0.129423851,0,1,211,task,30,0,-1610,50,652,0
1,132,272,-1.710531531,-0.5139739,1.451651569,-2.476387197,-1.499741907,-0.125994888,0,1,212,task,30,0,-1610,50,652,0
1,132,273,-1.707278933,-0.485989587,1.380579353,-2.435911673,-1.499124911,-0.122746729,0,1,213,task,30,0,-1610,50,652,0
1,132,274,-1.704226305,-0.456441735,1.307157164,-2.395540737,-1.498425817,-0.119700378,0,1,214,task,30,0,-1610,50,652,0
1,132,275,-1.701391451,-0.425440052,1.231893654,-2.356733611,-1.497532783,-0.11687507,0,1,215,task,30,0,-1610,50,652,0
1,132,276,-1.698688875,-0.392245307,1.152395367,-2.315855997,-1.496678056,-0.11417811,0,1,216,task,30,0,-1610,50,652,0
1,132,277,-1.695937389,-0.35620084,1.064093393,-2.265260239,-1.496454631,-0.111421822,0,1,217,task,30,0,-1610,50,652,0
1,132,278,-1.693316303,-0.316573059,0.968640809,-2.211088606,-1.496241482,-0.108795851,0,1,218,task,30,0,-1610,50,652,0
1,132,279,-1.69081653,-0.27228834,0.863647266,-2.15202494,-1.496037873,-0.106291121,0,1,219,task,30,0,-1610,50,652,0
1,132,280,-1.689626915,-0.247085381,0.804736602,-2.119135793,-1.49594063,-0.105099003,0,0,,transition,10,0,-1610,50,652,0
1,132,281,-1.688429814,-0.221512886,0.745065099,-2.085855882,-1.495843142,-0.103899386,0,1,220,task,10,0,-1610,50,652,0
1,132,282,-1.687293568,-0.191463189,0.675837132,-2.047492604,-1.49575003,-0.10276061,0,0,,transition,10,0,-1610,50,652,0
1,132,283,-1.686148633,-0.160619193,0.60492591,-2.008241007,-1.495656686,-0.10161313,0,1,221,task,10,0,-1610,50,652,0
1,132,284,-1.685062982,-0.121621424,0.516385753,-1.959510214,-1.495567433,-0.100524929,0,0,,transition,10,0,-1610,50,652,0
1,132,285,-1.683966116,-0.080035449,0.422246717,-1.907769575,-1.495477955,-0.099425491,0,1,222,task,10,0,-1610,50,652,0
1,132,286,-1.662878337,-0.123563298,0.516006235,-1.957798596,-1.495547557,-0.078277119,0,1,223,task,10,0,-1610,50,652,0
1,132,287,-1.663747417,-0.158862473,0.596356909,-2.00190882,-1.495633779,-0.079148129,0,0,,transition,10,0,-1610,50,652,0
1,132,288,-1.664607255,-0.192789502,0.673764821,-2.044449107,-1.495719771,-0.080009881,0,1,224,task,10,0,-1610,50,652,0
1,132,289,-1.665514862,-0.220799117,0.738443097,-2.080173921,-1.495809619,-0.080919355,0,0,,transition,10,0,-1610,50,652,0
1,132,290,-1.666414889,-0.248271985,0.801997849,-2.115312512,-1.495899221,-0.081821239,0,1,225,task,10,0,-1610,50,652,0
1,132,291,-1.667364186,-0.272140177,0.857905799,-2.146405649,-1.495992946,-0.082772337,0,0,,transition,10,0,-1610,50,652,0
1,132,292,-1.668306759,-0.295728953,0.913247765,-2.177212704,-1.496086411,-0.083716703,0,1,226,task,10,0,-1610,50,652,0
1,132,293,-1.67028836,-0.337717096,1.013129597,-2.233194921,-1.496283856,-0.085701733,0,1,227,task,30,0,-1610,50,652,0
1,132,294,-1.672302605,-0.375563339,1.103433379,-2.282332292,-1.496709664,-0.087716505,0,1,228,task,30,0,-1610,50,652,0
1,132,295,-1.674415743,-0.410313104,1.187575493,-2.328399053,-1.497151224,-0.089829195,0,1,229,task,30,0,-1610,50,652,0
1,132,296,-1.67663529,-0.44251583,1.266800404,-2.37208988,-1.497609681,-0.092047238,0,1,230,task,30,0,-1610,50,652,0
1,132,297,-1.678963893,-0.472691397,1.342072889,-2.41390691,-1.498103614,-0.094373165,0,1,231,task,30,0,-1610,50,652,0
1,132,298,-1.681388078,-0.501657775,1.41433593,-2.454198926,-1.498700505,-0.096793402,0,1,232,task,30,0,-1610,50,652,0
1,132,299,-1.683945082,-0.528961972,1.483709339,-2.493256993,-1.499316374,-0.099345342,0,1,233,task,30,0,-1610,50,652,0
1,132,300,-1.686646198,-0.554759074,1.550598536,-2.531330967,-1.499952795,-0.102040177,0,1,234,task,30,0,-1610,50,652,0
1,132,301,-1.68942011,-0.579297548,1.614669707,-2.566913959,-1.500846109,-0.104801458,0,1,235,task,30,0,-1610,50,652,0
1,132,302,-1.692069886,-0.603082368,1.674760891,-2.596233672,-1.502546298,-0.10741745,0,1,236,task,30,0,-1610,50,652,0
1,132,303,-1.692416619,-0.628322858,1.727118123,-2.608130041,-1.510748524,-0.107627101,0,1,237,task,30,0,-1610,50,652,0
1,132,304,-1.694226969,-0.651606765,1.784381178,-2.63547775,-1.515276564,-0.109364723,0,1,238,task,30,0,-1610,50,652,0
1,132,305,-1.69677703,-0.67336854,1.84288251,-2.669098931,-1.518294909,-0.11187221,0,1,239,task,30,0,-1610,50,652,0
1,132,306,-1.699497494,-0.694088316,1.900189009,-2.702574334,-1.521341377,-0.114547664,0,1,240,task,30,0,-1610,50,652,0
1,132,307,-1.701021961,-0.704698228,1.930266945,-2.720388454,-1.522976322,-0.116047088,0,1,241,task,30,0,-1610,50,652,0
1,132,308,-1.665855843,-0.706137394,1.927666066,-2.718073017,-1.520336934,-0.080937754,0,1,242,task,10,0,-1610,50,652,0
1,132,309,-1.664510814,-0.68565829,1.871774482,-2.686677548,-1.516699795,-0.079632336,0,1,243,task,30,0,-1610,50,652,0
1,132,310,-1.663249877,-0.664200136,1.814765383,-2.65514925,-1.513078932,-0.078409288,0,1,244,task,30,0,-1610,50,652,0
1,132,311,-1.662327892,-0.641552705,1.758507943,-2.628389534,-1.508793478,-0.077539433,0,1,245,task,30,0,-1610,50,652,0
1,132,312,-1.661732916,-0.617817191,1.703116694,-2.606666711,-1.503784713,-0.077008076,0,1,246,task,30,0,-1610,50,652,0
1,132,313,-1.660466757,-0.594040303,1.644332332,-2.578974347,-1.500727016,-0.07577902,0,1,247,task,30,0,-1610,50,652,0
1,132,314,-1.658535829,-0.570028653,1.581729532,-2.54485986,-1.499779828,-0.073860779,0,1,248,task,30,0,-1610,50,652,0
1,132,315,-1.656661054,-0.544764224,1.516829277,-2.509262707,-1.498997583,-0.071994879,0,1,249,task,30,0,-1610,50,652,0
1,132,316,-1.654839271,-0.518118744,1.449320644,-2.472002311,-1.498375754,-0.0701788,0,1,250,task,30,0,-1610,50,652,0
1,132,317,-1.653112424,-0.489936153,1.379173869,-2.4336364,-1.497770159,-0.068456488,0,1,251,task,30,0,-1610,50,652,0
1,132,318,-1.651446316,-0.460279438,1.305722176,-2.393100494,-1.497265023,-0.066792938,0,1,252,task,30,0,-1610,50,652,0
1,132,319,-1.649796201,-0.429217155,1.227989382,-2.348823434,-1.496990963,-0.065142455,0,1,253,task,30,0,-1610,50,652,0
1,132,320,-1.648227155,-0.395763073,1.145741592,-2.302418098,-1.496726466,-0.063572692,0,1,254,task,30,0,-1610,50,652,0
1,132,321,-1.646733324,-0.359449521,1.057906943,-2.253280643,-1.496470861,-0.062077819,0,1,255,task,30,0,-1610,50,652,0
1,132,322,-1.645309405,-0.31958832,0.962937615,-2.200551737,-1.496223542,-0.060652559,0,1,256,task,30,0,-1610,50,652,0
1,132,323,-1.643950579,-0.275105361,0.858447333,-2.1429195,-1.49598396,-0.059292117,0,1,257,task,30,0,-1610,50,652,0
1,132,324,-1.643297265,-0.249807434,0.799747527,-2.110663801,-1.495896176,-0.058637713,0,0,,transition,10,0,-1610,50,652,0
1,132,325,-1.642637323,-0.224133159,0.740271922,-2.078009128,-1.495808118,-0.057976676,0,1,258,task,10,0,-1610,50,652,0
1,132,326,-1.642012564,-0.193993846,0.671241385,-2.040258271,-1.495726418,-0.057350713,0,0,,transition,10,0,-1610,50,652,0
1,132,327,-1.641380059,-0.163044253,0.600492441,-2.001599852,-1.49564446,-0.056716993,0,1,259,task,10,0,-1610,50,652,0
1,132,328,-1.640783367,-0.123939757,0.512091041,-1.953441421,-1.495565858,-0.056119007,0,0,,transition,10,0,-1610,50,652,0
1,132,329,-1.640176607,-0.082183262,0.41795057,-1.902196664,-1.495487013,-0.055510935,0,1,260,task,10,0,-1610,50,652,0
1,132,330,-1.61846474,-0.109759364,0.474308667,-1.929241757,-1.495567287,-0.033736822,0,1,261,task,10,0,-1610,50,652,0
1,132,331,-1.618830896,-0.147342624,0.559057986,-1.974927809,-1.495638753,-0.034103575,0,0,,transition,10,0,-1610,50,652,0
1,132,332,-1.619188456,-0.183146475,0.63997471,-2.018561308,-1.495709932,-0.034461726,0,1,262,task,10,0,-1610,50,652,0
1,132,333,-1.61957141,-0.212448772,0.707263026,-2.055614068,-1.495778441,-0.034845338,0,0,,transition,10,0,-1610,50,652,0
1,132,334,-1.619947342,-0.241106862,0.773194464,-2.091954672,-1.495846729,-0.035221916,0,1,263,task,10,0,-1610,50,652,0
1,132,335,-1.620347431,-0.265797915,0.830686232,-2.12383896,-1.495916783,-0.035622636,0,0,,transition,10,0,-1610,50,652,0
1,132,336,-1.620741413,-0.290169936,0.887526464,-2.155391189,-1.495986609,-0.03601724,0,1,264,task,10,0,-1610,50,652,0
1,132,337,-1.621573084,-0.333327981,0.989520116,-2.212391826,-1.496130134,-0.036850097,0,1,265,task,30,0,-1610,50,652,0
1,132,338,-1.622445097,-0.372169464,1.082684097,-2.264876612,-1.496277555,-0.037723227,0,1,266,task,30,0,-1610,50,652,0
1,132,339,-1.623360475,-0.407649332,1.169146592,-2.314018587,-1.496429147,-0.038639645,0,1,267,task,30,0,-1610,50,652,0
1,132,340,-1.624322547,-0.440389685,1.250313768,-2.360601599,-1.496585215,-0.039602674,0,1,268,task,30,0,-1610,50,652,0
1,132,341,-1.625325522,-0.470881376,1.327036905,-2.404802855,-1.496776101,-0.040606259,0,1,269,task,30,0,-1610,50,652,0
1,132,342,-1.626247459,-0.500341436,1.398402753,-2.442158822,-1.497387772,-0.041524702,0,1,270,task,30,0,-1610,50,652,0
1,132,343,-1.627217976,-0.528202458,1.466880588,-2.478223785,-1.498010711,-0.042490696,0,1,271,task,30,0,-1610,50,652,0
1,132,344,-1.628253987,-0.554492255,1.533382151,-2.514601088,-1.49860872,-0.04352223,0,1,272,task,30,0,-1610,50,652,0
1,132,345,-1.629359211,-0.579307781,1.598079812,-2.551208806,-1.499188222,-0.044623115,0,1,273,task,30,0,-1610,50,652,0
1,132,346,-1.630529391,-0.602828201,1.66083707,-2.587168124,-1.499778255,-0.045788247,0,1,274,task,30,0,-1610,50,652,0
1,132,347,-1.63086356,-0.626470305,1.719350451,-2.615255942,-1.502794588,-0.046100063,0,1,275,task,30,0,-1610,50,652,0
1,132,348,-1.63106008,-0.649380983,1.776006332,-2.641636121,-1.506220263,-0.046269305,0,1,276,task,30,0,-1610,50,652,0
1,132,349,-1.6311993,-0.671448476,1.831506397,-2.667919306,-1.509819817,-0.046379022,0,1,277,task,30,0,-1610,50,652,0
1,132,350,-1.630867775,-0.693032611,1.886694394,-2.695834064,-1.514575231,-0.046017449,0,1,278,task,30,0,-1610,50,652,0
1,132,351,-1.630633111,-0.706988821,1.923030949,-2.714406027,-1.517755547,-0.045762628,0,1,279,task,30,0,-1610,50,652,0
1,132,352,-1.595441151,-0.707237079,1.916369235,-2.709403949,-1.515241839,-0.010608726,0,1,280,task,10,0,-1610,50,652,0
1,132,353,-1.598130181,-0.685152912,1.865096157,-2.689897199,-1.507739446,-0.013309785,0,1,281,task,30,0,-1610,50,652,0
1,132,354,-1.598799521,-0.663974778,1.809873102,-2.661971154,-1.504902684,-0.013986716,0,1,282,task,30,0,-1610,50,652,0
1,132,355,-1.599289824,-0.641982436,1.753200296,-2.633138477,-1.502420497,-0.01448412,0,1,283,task,30,0,-1610,50,652,0
1,132,356,-1.59975089,-0.619016713,1.695156876,-2.603909864,-1.499932985,-0.014952276,0,1,284,task,30,0,-1610,50,652,0
1,132,357,-1.599829878,-0.59561696,1.6344554,-2.570920704,-1.498433389,-0.015035585,0,1,285,task,30,0,-1610,50,652,0
1,132,358,-1.599509707,-0.571657276,1.57066248,-2.533641414,-1.498069486,-0.014716537,0,1,286,task,30,0,-1610,50,652,0
1,132,359,-1.599207134,-0.546342271,1.504790595,-2.495637554,-1.497708238,-0.014414955,0,1,287,task,30,0,-1610,50,652,0
1,132,360,-1.598924495,-0.519553625,1.436643298,-2.456970822,-1.497338019,-0.014133263,0,1,288,task,30,0,-1610,50,652,0
1,132,361,-1.598750561,-0.490898265,1.368594776,-2.423880266,-1.496675773,-0.013961945,0,1,289,task,30,0,-1610,50,652,0
1,132,362,-1.598540506,-0.460898986,1.296641202,-2.387044427,-1.496159172,-0.013753357,0,1,290,task,30,0,-1610,50,652,0
1,132,363,-1.598209803,-0.429613138,1.218086975,-2.341253702,-1.496077161,-0.01342221,0,1,291,task,30,0,-1610,50,652,0
1,132,364,-1.59789541,-0.395849167,1.134845334,-2.293252538,-1.495996544,-0.013107366,0,1,292,task,30,0,-1610,50,652,0
1,132,365,-1.597596143,-0.35911041,1.045780345,-2.242401744,-1.495917233,-0.012807642,0,1,293,task,30,0,-1610,50,652,0
1,132,366,-1.597310932,-0.318659514,0.949236017,-2.187782762,-1.495839146,-0.012521971,0,1,294,task,30,0,-1610,50,652,0
1,132,367,-1.597038808,-0.27333101,0.842625686,-2.12797446,-1.495762208,-0.01224938,0,1,295,task,30,0,-1610,50,652,0
1,132,368,-1.59691188,-0.247420235,0.782480182,-2.094475837,-1.495724372,-0.012122222,0,0,,transition,10,0,-1610,50,652,0
1,132,369,-1.596778887,-0.22109595,0.721478679,-2.060535176,-1.495686354,-0.011988985,0,1,296,task,10,0,-1610,50,652,0
1,132,370,-1.596658236,-0.189915315,0.650072062,-2.021044855,-1.495649027,-0.011868104,0,0,,transition,10,0,-1610,50,652,0
1,132,371,-1.59653036,-0.157800934,0.576678724,-1.980502094,-1.495611521,-0.011739983,0,1,297,task,10,0,-1610,50,652,0
1,132,372,-1.596416278,-0.116399818,0.483156493,-1.929116168,-1.49557468,-0.011625671,0,0,,transition,10,0,-1610,50,652,0
1,132,373,-1.596292493,-0.071566398,0.382189354,-1.873718363,-1.495537655,-0.011501635,0,1,298,task,10,0,-1610,50,652,0
1,132,374,-1.574357706,-0.084183854,0.405473984,-1.883938449,-1.495444396,0.010494798,0,1,299,task,10,0,-1610,50,652,0
1,132,375,-1.574240351,-0.127021311,0.50211344,-1.93713383,-1.495460265,0.010612405,0,0,,transition,10,0,-1610,50,652,0
1,132,376,-1.574114168,-0.166961472,0.592478342,-1.986952617,-1.495475978,0.010738862,0,1,300,task,10,0,-1610,50,652,0
1,132,377,-1.573990214,-0.198320102,0.664261776,-2.026771295,-1.495491543,0.010863076,0,0,,transition,10,0,-1610,50,652,0
1,132,378,-1.573859606,-0.228831074,0.734245944,-2.065638865,-1.495506961,0.010993958,0,1,301,task,10,0,-1610,50,652,0
1,132,379,-1.573729235,-0.254719992,0.79434012,-2.099238475,-1.495522202,0.011124595,0,0,,transition,10,0,-1610,50,652,0
1,132,380,-1.573593255,-0.280222652,0.853637308,-2.132427776,-1.495537296,0.011260852,0,1,302,task,10,0,-1610,50,652,0
1,132,381,-1.573314281,-0.324966238,0.959060997,-2.191897944,-1.495566929,0.011540377,0,1,303,task,30,0,-1610,50,652,0
1,132,382,-1.573021766,-0.364971903,1.054727837,-2.246350192,-1.495595803,0.011833452,0,1,304,task,30,0,-1610,50,652,0
1,132,383,-1.572714705,-0.401349693,1.143103542,-2.297140265,-1.495623851,0.012141083,0,1,305,task,30,0,-1610,50,652,0
1,132,384,-1.572391988,-0.434807098,1.225779056,-2.345151699,-1.495651003,0.012464381,0,1,306,task,30,0,-1610,50,652,0
1,132,385,-1.572052391,-0.465823004,1.303851675,-2.391002997,-1.495677179,0.012804572,0,1,307,task,30,0,-1610,50,652,0
1,132,386,-1.571458572,-0.496060927,1.371260703,-2.41804468,-1.496444907,0.013395903,0,1,308,task,30,0,-1610,50,652,0
1,132,387,-1.570990643,-0.524320192,1.441390221,-2.456919155,-1.496725473,0.013863352,0,1,309,task,30,0,-1610,50,652,0
1,132,388,-1.570517908,-0.550920331,1.509514025,-2.496381034,-1.496939881,0.014335917,0,1,310,task,30,0,-1610,50,652,0
1,132,389,-1.570017963,-0.576057265,1.575261698,-2.534931845,-1.497151678,0.014835606,0,1,311,task,30,0,-1610,50,652,0
1,132,390,-1.569488405,-0.599832889,1.638932182,-2.572768801,-1.497360601,0.015364813,0,1,312,task,30,0,-1610,50,652,0
1,132,391,-1.568474832,-0.623232226,1.699328616,-2.605671734,-1.498791416,0.016375916,0,1,313,task,30,0,-1610,50,652,0
1,132,392,-1.567231202,-0.645889934,1.757644543,-2.636499872,-1.500653341,0.017615433,0,1,314,task,30,0,-1610,50,652,0
1,132,393,-1.565909878,-0.667540539,1.814574482,-2.666950799,-1.502500423,0.018931481,0,1,315,task,30,0,-1610,50,652,0
1,132,394,-1.564503485,-0.688208458,1.870256845,-2.697138614,-1.504331056,0.020331277,0,1,316,task,30,0,-1610,50,652,0
1,132,395,-1.560366034,-0.70686439,1.907691512,-2.703087631,-1.512804654,0.024438104,0,1,317,task,30,0,-1610,50,652,0
1,132,396,-1.534495811,-0.701435362,1.912061911,-2.733843029,-1.488778199,0.05042968,0,1,318,task,10,0,-1610,50,652,0
1,132,397,-1.535063079,-0.68247249,1.854562395,-2.696326262,-1.491682493,0.04985263,0,1,319,task,30,0,-1610,50,652,0
1,132,398,-1.536092846,-0.662030576,1.797114447,-2.662053171,-1.493297375,0.048821675,0,1,320,task,30,0,-1610,50,652,0
1,132,399,-1.537217702,-0.640412806,1.738760905,-2.628615114,-1.494483328,0.04769787,0,1,321,task,30,0,-1610,50,652,0
1,132,400,-1.538275936,-0.617703337,1.678934818,-2.594803181,-1.495660308,0.046640217,0,1,322,task,30,0,-1610,50,652,0
1,132,401,-1.539475452,-0.594303413,1.617075928,-2.558917349,-1.496259965,0.045441069,0,1,323,task,30,0,-1610,50,652,0
1,132,402,-1.540844215,-0.570157399,1.552847593,-2.520523215,-1.496164978,0.044072719,0,1,324,task,30,0,-1610,50,652,0
1,132,403,-1.542137318,-0.544614262,1.486434326,-2.481346631,-1.496063091,0.042779881,0,1,325,task,30,0,-1610,50,652,0
1,132,404,-1.543360835,-0.517560769,1.417516751,-2.441181014,-1.49595487,0.041556493,0,1,326,task,30,0,-1610,50,652,0
1,132,405,-1.544520211,-0.488844074,1.345697595,-2.399781544,-1.495840821,0.04039712,0,1,327,task,30,0,-1610,50,652,0
1,132,406,-1.545767927,-0.458218912,1.279313071,-2.376235645,-1.495234788,0.039160215,0,1,328,task,30,0,-1610,50,652,0
1,132,407,-1.546768335,-0.426541984,1.200056456,-2.329647657,-1.495249901,0.038157811,0,1,329,task,30,0,-1610,50,652,0
1,132,408,-1.547719503,-0.392294451,1.115893009,-2.280727186,-1.495262366,0.037204708,0,1,330,task,30,0,-1610,50,652,0
1,132,409,-1.548624969,-0.354939542,1.025601734,-2.228789727,-1.495272375,0.036297366,0,1,331,task,30,0,-1610,50,652,0
1,132,410,-1.54948794,-0.313671669,0.927379676,-2.172837672,-1.495280102,0.035432574,0,1,332,task,30,0,-1610,50,652,0
1,132,411,-1.549902027,-0.290561479,0.873126367,-2.142196936,-1.495282963,0.035017594,0,0,,transition,10,0,-1610,50,652,0
1,132,412,-1.550311327,-0.267196279,0.818359762,-2.111298276,-1.495285707,0.034607414,0,1,333,task,10,0,-1610,50,652,0
1,132,413,-1.550707285,-0.240436193,0.756401087,-2.07660344,-1.495287578,0.034210587,0,0,,transition,10,0,-1610,50,652,0
1,132,414,-1.551097788,-0.213199255,0.693448973,-2.041392431,-1.495289333,0.033819227,0,1,334,task,10,0,-1610,50,652,0
1,132,415,-1.551477105,-0.180531398,0.618828908,-1.999945234,-1.495290284,0.033439059,0,0,,transition,10,0,-1610,50,652,0
1,132,416,-1.551849743,-0.146709178,0.541741328,-1.957185392,-1.495291114,0.033065588,0,1,335,task,10,0,-1610,50,652,0
1,132,417,-1.552214285,-0.101726189,0.440413284,-1.901346463,-1.49529121,0.032700212,0,0,,transition,10,0,-1610,50,652,0
1,132,418,-1.552569408,-0.051605966,0.327908595,-1.839468838,-1.495291171,0.032344279,0,1,336,task,10,0,-1610,50,652,0
1,132,419,-1.536127544,-0.05672669,0.339766086,-1.854151792,-1.473841254,0.048925174,0,1,337,task,10,0,-1610,50,652,0
1,132,420,-1.535570535,-0.105703566,0.450085056,-1.915424471,-1.473915665,0.049484422,0,0,,transition,10,0,-1610,50,652,0
1,132,421,-1.535003889,-0.149920459,0.550052767,-1.971106804,-1.47399007,0.050053352,0,1,338,task,10,0,-1610,50,652,0
1,132,422,-1.534420059,-0.183344487,0.626604604,-2.014167634,-1.47406427,0.05063953,0,0,,transition,10,0,-1610,50,652,0
1,132,423,-1.533829373,-0.215655368,0.700778182,-2.05596401,-1.474138462,0.051232596,0,1,339,task,10,0,-1610,50,652,0
1,132,424,-1.53321772,-0.242627794,0.763505465,-2.091654411,-1.474212438,0.051846709,0,0,,transition,10,0,-1610,50,652,0
1,132,425,-1.532600478,-0.269134721,0.825263313,-2.126841407,-1.474286406,0.052466437,0,1,340,task,10,0,-1610,50,652,0
1,132,426,-1.531959362,-0.292278597,0.879919154,-2.158291585,-1.474360148,0.053110132,0,0,,transition,10,0,-1610,50,652,0
1,132,427,-1.531313357,-0.315172213,0.934071285,-2.189488775,-1.474433882,0.053758739,0,1,341,task,10,0,-1610,50,652,0
1,132,428,-1.529963789,-0.356029433,1.032183065,-2.246625873,-1.474580865,0.055113739,0,1,342,task,30,0,-1610,50,652,0
1,132,429,-1.528547143,-0.392977351,1.122417385,-2.299800885,-1.474727331,0.056536087,0,1,343,task,30,0,-1610,50,652,0
1,132,430,-1.527058315,-0.426808648,1.206552572,-2.349999919,-1.474873254,0.058030907,0,1,344,task,30,0,-1610,50,652,0
1,132,431,-1.52667648,-0.458504357,1.28019726,-2.384192139,-1.471153606,0.058431107,0,1,345,task,30,0,-1610,50,652,0
1,132,432,-1.524174156,-0.488610851,1.350286433,-2.41747724,-1.474113733,0.060920679,0,1,346,task,30,0,-1610,50,652,0
1,132,433,-1.520962262,-0.516903969,1.419966694,-2.455934927,-1.478840924,0.064114058,0,1,347,task,30,0,-1610,50,652,0
1,132,434,-1.517576237,-0.543623206,1.486849648,-2.493155968,-1.483545192,0.067479958,0,1,348,task,30,0,-1610,50,652,0
1,132,435,-1.513917822,-0.569307907,1.549823563,-2.525417005,-1.488474094,0.071110857,0,1,349,task,30,0,-1610,50,652,0
1,132,436,-1.510049151,-0.593812979,1.610612779,-2.556479446,-1.49338072,0.074948001,0,1,350,task,30,0,-1610,50,652,0
1,132,437,-1.508038358,-0.618495288,1.667629531,-2.57946241,-1.492528136,0.076937983,0,1,351,task,30,0,-1610,50,652,0
1,132,438,-1.506372592,-0.641644141,1.727069221,-2.61196083,-1.49040447,0.078604844,0,1,352,task,30,0,-1610,50,652,0
1,132,439,-1.504195723,-0.662965799,1.787240391,-2.650650544,-1.489310054,0.080791505,0,1,353,task,30,0,-1610,50,652,0
1,132,440,-1.50187405,-0.683075402,1.845968256,-2.689125453,-1.488208141,0.083123713,0,1,354,task,30,0,-1610,50,652,0
1,132,441,-1.499549955,-0.700851867,1.899906546,-2.725169229,-1.487166406,0.085458445,0,1,355,task,30,0,-1610,50,652,0
1,132,442,-1.464954227,-0.699590489,1.885765606,-2.715213139,-1.485671376,0.120145279,0,1,356,task,10,0,-1610,50,652,0
1,132,443,-1.469387071,-0.680220599,1.829380648,-2.67910177,-1.484702773,0.115718552,0,1,357,task,30,0,-1610,50,652,0
1,132,444,-1.473542919,-0.65972212,1.771659481,-2.642797595,-1.483713507,0.111568447,0,1,358,task,30,0,-1610,50,652,0
1,132,445,-1.477446548,-0.638080484,1.712464404,-2.606176065,-1.482705365,0.107670211,0,1,359,task,30,0,-1610,50,652,0
1,132,446,-1.481738627,-0.61485072,1.654048377,-2.575076842,-1.479948626,0.103411824,0,1,360,task,30,0,-1610,50,652,0
1,132,447,-1.486917235,-0.588912685,1.605524412,-2.572573061,-1.47389979,0.098339785,0,1,361,task,30,0,-1610,50,652,0
1,132,448,-1.490086149,-0.565015943,1.541972031,-2.53460939,-1.472954309,0.095169788,0,1,362,task,30,0,-1610,50,652,0
1,132,449,-1.493016955,-0.539774581,1.47555621,-2.494299733,-1.472195405,0.092234608,0,1,363,task,30,0,-1610,50,652,0
1,132,450,-1.49579073,-0.5129752,1.406554152,-2.452973056,-1.471428911,0.089456653,0,1,364,task,30,0,-1610,50,652,0
1,132,451,-1.498419636,-0.48446011,1.334558346,-2.410378658,-1.470655388,0.086823743,0,1,365,task,30,0,-1610,50,652,0
1,132,452,-1.500633541,-0.454167945,1.261174532,-2.37084312,-1.47079805,0.084603346,0,1,366,task,30,0,-1610,50,652,0
1,132,453,-1.502549388,-0.421974407,1.185403288,-2.332692815,-1.471569552,0.082677557,0,1,367,task,30,0,-1610,50,652,0
1,132,454,-1.503764373,-0.387439078,1.102201537,-2.286699012,-1.474440657,0.081435614,0,1,368,task,30,0,-1610,50,652,0
1,132,455,-1.505639869,-0.349816488,1.011245573,-2.233956651,-1.474765345,0.079549266,0,1,369,task,30,0,-1610,50,652,0
1,132,456,-1.50757394,-0.30811036,0.911674983,-2.176268171,-1.474557942,0.077607933,0,1,370,task,30,0,-1610,50,652,0
1,132,457,-1.508498917,-0.284648706,0.856465914,-2.144612428,-1.47445382,0.07667948,0,0,,transition,10,0,-1610,50,652,0
1,132,458,-1.509419368,-0.260907904,0.800690498,-2.112669911,-1.474349697,0.075755575,0,1,371,task,10,0,-1610,50,652,0
1,132,459,-1.510303357,-0.233545948,0.737235756,-2.076672392,-1.474245169,0.074868263,0,0,,transition,10,0,-1610,50,652,0
1,132,460,-1.511182069,-0.205645111,0.672652035,-2.040085273,-1.474140644,0.073986252,0,1,372,task,10,0,-1610,50,652,0
1,132,461,-1.512028087,-0.171806506,0.595297943,-1.996668379,-1.474035731,0.073137054,0,0,,transition,10,0,-1610,50,652,0
1,132,462,-1.512867452,-0.13658393,0.514974558,-1.951666798,-1.473930822,0.072294538,0,1,373,task,10,0,-1610,50,652,0
1,132,463,-1.513678869,-0.08835658,0.406376281,-1.891397485,-1.473825536,0.071480068,0,0,,transition,10,0,-1610,50,652,0
1,132,464,-1.514480462,-0.032710502,0.281603009,-1.822372852,-1.473720264,0.070675467,0,1,374,task,10,0,-1610,50,652,0
1,132,465,-1.493318914,0.000284187,0.204746539,-1.782536343,-1.472337904,0.09195066,0,1,375,task,10,0,-1610,50,652,0
1,132,466,-1.492130127,-0.066522074,0.353364783,-1.863499798,-1.47306412,0.093138265,0,0,,transition,10,0,-1610,50,652,0
1,132,467,-1.490931804,-0.11986372,0.472553815,-1.92849956,-1.473790356,0.094335447,0,1,376,task,10,0,-1610,50,652,0
1,132,468,-1.489830643,-0.157498112,0.557921974,-1.976012144,-1.473972949,0.095439995,0,0,,transition,10,0,-1610,50,652,0
1,132,469,-1.48872302,-0.19331508,0.639373947,-2.02142658,-1.474155556,0.096551035,0,1,377,task,10,0,-1610,50,652,0
1,132,470,-1.487571062,-0.222374136,0.706243265,-2.059019786,-1.474337167,0.097706531,0,0,,transition,10,0,-1610,50,652,0
1,132,471,-1.486414161,-0.250789588,0.771755645,-2.095900125,-1.474518781,0.098866994,0,1,378,task,10,0,-1610,50,652,0
1,132,472,-1.485208319,-0.275254368,0.828850411,-2.128317432,-1.474699352,0.100076537,0,0,,transition,10,0,-1610,50,652,0
1,132,473,-1.483998342,-0.299400824,0.885293796,-2.160402067,-1.474879922,0.101290231,0,1,379,task,10,0,-1610,50,652,0
1,132,474,-1.481881325,-0.342152495,0.986063259,-2.217305465,-1.473765564,0.103427285,0,1,380,task,30,0,-1610,50,652,0
1,132,475,-1.479849435,-0.380668169,1.077907209,-2.269225311,-1.471995037,0.105485669,0,1,381,task,30,0,-1610,50,652,0
1,132,476,-1.477439663,-0.415944958,1.161851576,-2.31519448,-1.471164468,0.107912738,0,1,382,task,30,0,-1610,50,652,0
1,132,477,-1.474822239,-0.448664251,1.240297699,-2.357830746,-1.470614148,0.110544038,0,1,383,task,30,0,-1610,50,652,0
1,132,478,-1.47202655,-0.479249148,1.314680715,-2.398694062,-1.470196594,0.113352067,0,1,384,task,30,0,-1610,50,652,0
1,132,479,-1.468582426,-0.508173228,1.386550301,-2.440197346,-1.471345934,0.116795973,0,1,385,task,30,0,-1610,50,652,0
1,132,480,-1.464952489,-0.535383976,1.45534978,-2.480354487,-1.472482458,0.12042553,0,1,386,task,30,0,-1610,50,652,0
1,132,481,-1.461200625,-0.56100626,1.521561737,-2.519577619,-1.473369243,0.124179455,0,1,387,task,30,0,-1610,50,652,0
1,132,482,-1.457370124,-0.585126371,1.585558852,-2.558192297,-1.473850512,0.128016441,0,1,388,task,30,0,-1610,50,652,0
1,132,483,-1.453311103,-0.609501029,1.642270652,-2.58146478,-1.474353265,0.132050089,0,1,389,task,30,0,-1610,50,652,0
1,132,484,-1.447506998,-0.633415099,1.69621325,-2.601532632,-1.47895372,0.137764433,0,1,390,task,30,0,-1610,50,652,0
1,132,485,-1.4421066,-0.655697416,1.753000812,-2.632098804,-1.481501425,0.143122583,0,1,391,task,30,0,-1610,50,652,0
1,132,486,-1.436811134,-0.676558968,1.810173772,-2.667038165,-1.482868967,0.148403435,0,1,392,task,30,0,-1610,50,652,0
1,132,487,-1.431171974,-0.696337922,1.865966195,-2.701694155,-1.484206256,0.154027001,0,1,393,task,30,0,-1610,50,652,0
1,132,488,-1.430781167,-0.697624347,1.869656907,-2.704008076,-1.484294681,0.154416726,0,1,394,task,30,0,-1610,50,652,0
1,132,489,-1.397097105,-0.694926236,1.851598305,-2.691588048,-1.483036621,0.188205481,0,1,395,task,10,0,-1610,50,652,0
1,132,490,-1.404142095,-0.674759592,1.797141044,-2.659839712,-1.4807984,0.181203151,0,1,396,task,30,0,-1610,50,652,0
1,132,491,-1.41084982,-0.653480203,1.74210432,-2.629799758,-1.478294526,0.17454745,0,1,397,task,30,0,-1610,50,652,0
1,132,492,-1.417331938,-0.631042268,1.687198579,-2.603334165,-1.475296818,0.168134325,0,1,398,task,30,0,-1610,50,652,0
1,132,493,-1.422945987,-0.60782623,1.630524383,-2.575861403,-1.473691035,0.162560296,0,1,399,task,30,0,-1610,50,652,0
1,132,494,-1.427723903,-0.583765911,1.571923417,-2.547308858,-1.473596224,0.157793575,0,1,400,task,30,0,-1610,50,652,0
1,132,495,-1.432285103,-0.559335668,1.508348271,-2.509842303,-1.473369952,0.153223478,0,1,401,task,30,0,-1610,50,652,0
1,132,496,-1.436610261,-0.533645857,1.44160725,-2.469385364,-1.473110603,0.148885892,0,1,402,task,30,0,-1610,50,652,0
1,132,497,-1.44096052,-0.506281776,1.373053399,-2.429881421,-1.472043561,0.144537308,0,1,403,task,30,0,-1610,50,652,0
1,132,498,-1.445391272,-0.477175462,1.302781724,-2.391965974,-1.469981968,0.140124164,0,1,404,task,30,0,-1610,50,652,0
1,132,499,-1.448840815,-0.446441776,1.227612311,-2.349563285,-1.470449347,0.13665654,0,1,405,task,30,0,-1610,50,652,0
1,132,500,-1.452124478,-0.413454914,1.148094593,-2.305085053,-1.470902004,0.133355124,0,1,406,task,30,0,-1610,50,652,0
1,132,501,-1.455253768,-0.377783219,1.063249392,-2.257982313,-1.47134092,0.130208367,0,1,407,task,30,0,-1610,50,652,0
1,132,502,-1.458153738,-0.338790478,0.971177812,-2.206549081,-1.472073504,0.127287249,0,1,408,task,30,0,-1610,50,652,0
1,132,503,-1.460770604,-0.295394823,0.86915121,-2.148780813,-1.47335431,0.124643058,0,1,409,task,30,0,-1610,50,652,0
1,132,504,-1.462022665,-0.270816038,0.81208179,-2.116730163,-1.473992491,0.123377936,0,0,,transition,10,0,-1610,50,652,0
1,132,505,-1.463270435,-0.245893067,0.754304881,-2.084316699,-1.474630644,0.122117133,0,1,410,task,10,0,-1610,50,652,0
1,132,506,-1.464716213,-0.217190181,0.688952182,-2.048770523,-1.47431447,0.120669032,0,0,,transition,10,0,-1610,50,652,0
1,132,507,-1.466157698,-0.187793503,0.622132104,-2.012451157,-1.473998267,0.119225236,0,1,411,task,10,0,-1610,50,652,0
1,132,508,-1.467660273,-0.151498976,0.540194165,-1.96775783,-1.473217912,0.117724813,0,0,,transition,10,0,-1610,50,652,0
1,132,509,-1.469157319,-0.113187601,0.453902299,-1.920727944,-1.472437578,0.116229942,0,1,412,task,10,0,-1610,50,652,0
1,132,510,-1.47059782,-0.056926647,0.328394289,-1.852368613,-1.471659166,0.114791316,0,0,,transition,10,0,-1610,50,652,0
1,132,511,-1.472029012,0.018471348,0.161017771,-1.761278719,-1.470880823,0.113362041,0,1,413,task,10,0,-1610,50,652,0
1,132,512,-1.460520606,0.036457704,0.115325062,-1.733676414,-1.474665448,0.124879881,0,0,,transition,10,0,-1610,50,652,0
1,132,513,-1.449012199,0.054444061,0.069632353,-1.706074109,-1.478450073,0.136397722,0,1,414,task,10,0,-1610,50,652,0
1,132,514,-1.448215383,0.015990971,0.155084833,-1.752487211,-1.478350914,0.137198039,0,0,,transition,30,0,-1610,50,652,0
1,132,515,-1.447418567,-0.022462119,0.240537312,-1.798900313,-1.478251757,0.137998357,0,0,,transition,10,0,-1610,50,652,0
1,132,516,-1.446457514,-0.075490688,0.358164406,-1.86293855,-1.478152983,0.138964653,0,1,415,task,10,0,-1610,50,652,0
1,132,517,-1.444966232,-0.121483985,0.461201899,-1.919147798,-1.478000221,0.140463881,0,0,,transition,10,0,-1610,50,652,0
1,132,518,-1.443468539,-0.163486984,0.555569369,-1.970677928,-1.477847465,0.141969547,0,1,416,task,10,0,-1610,50,652,0
1,132,519,-1.441911037,-0.195829311,0.628953525,-2.010891921,-1.477689888,0.143535143,0,0,,transition,10,0,-1610,50,652,0
1,132,520,-1.440348995,-0.227144152,0.7001439,-2.049940053,-1.477532293,0.145105297,0,1,417,task,10,0,-1610,50,652,0
1,132,521,-1.438721457,-0.253512908,0.760694396,-2.083301516,-1.477369596,0.146741088,0,0,,transition,10,0,-1610,50,652,0
1,132,522,-1.437090288,-0.279436606,0.820318164,-2.116181661,-1.477206869,0.148380526,0,1,418,task,10,0,-1610,50,652,0
1,132,523,-1.433683064,-0.324722234,0.925648514,-2.174602292,-1.476870546,0.151804619,0,1,419,task,30,0,-1610,50,652,0
1,132,524,-1.43011713,-0.365097141,1.020743263,-2.227715327,-1.476522627,0.155387806,0,1,420,task,30,0,-1610,50,652,0
1,132,525,-1.426381357,-0.401756133,1.108242263,-2.276967109,-1.476162359,0.159141256,0,1,421,task,30,0,-1610,50,652,0
1,132,526,-1.422463574,-0.435452501,1.189823527,-2.323283775,-1.475788923,0.163077188,0,1,422,task,30,0,-1610,50,652,0
1,132,527,-1.418350444,-0.466693543,1.266631288,-2.367303821,-1.475401438,0.16720899,0,1,423,task,30,0,-1610,50,652,0
1,132,528,-1.414027324,-0.495836611,1.3394864,-2.409492476,-1.474998943,0.171551363,0,1,424,task,30,0,-1610,50,652,0
1,132,529,-1.409532961,-0.523757116,1.409484058,-2.450496853,-1.474411036,0.176069907,0,1,425,task,30,0,-1610,50,652,0
1,132,530,-1.40480312,-0.550113986,1.476639483,-2.490303287,-1.473789646,0.180825658,0,1,426,task,30,0,-1610,50,652,0
1,132,531,-1.399760808,-0.57514785,1.540671806,-2.527516132,-1.473308703,0.18588875,0,1,427,task,30,0,-1610,50,652,0
1,132,532,-1.394289751,-0.599392981,1.600838801,-2.559304321,-1.473235792,0.191360474,0,1,428,task,30,0,-1610,50,652,0
1,132,533,-1.388513947,-0.622515405,1.659137974,-2.590377844,-1.473111522,0.19713369,0,1,429,task,30,0,-1610,50,652,0
1,132,534,-1.381661833,-0.644943154,1.715447052,-2.620088222,-1.474965621,0.203944016,0,1,430,task,30,0,-1610,50,652,0
1,132,535,-1.374347807,-0.666420553,1.770182553,-2.649178832,-1.476913937,0.211208083,0,1,431,task,30,0,-1610,50,652,0
1,132,536,-1.365898441,-0.68736398,1.822149367,-2.674354977,-1.480581329,0.219552719,0,1,432,task,30,0,-1610,50,652,0
1,132,537,-1.36396167,-0.69146892,1.83160679,-2.67798674,-1.481896309,0.221450916,0,1,433,task,30,0,-1610,50,652,0
1,132,538,-1.333756732,-0.685348506,1.817624655,-2.683901106,-1.4748054,0.252020255,0,1,434,task,10,0,-1610,50,652,0
1,132,539,-1.341868245,-0.665873537,1.761542139,-2.646510677,-1.474612707,0.243880339,0,1,435,task,30,0,-1610,50,652,0
1,132,540,-1.349521458,-0.645180887,1.704070153,-2.609259667,-1.474353791,0.236204514,0,1,436,task,30,0,-1610,50,652,0
1,132,541,-1.357442267,-0.622007018,1.651859066,-2.589495877,-1.472042276,0.228385775,0,1,437,task,30,0,-1610,50,652,0
1,132,542,-1.364247076,-0.599576333,1.594659365,-2.559325734,-1.471712781,0.221592168,0,1,438,task,30,0,-1610,50,652,0
1,132,543,-1.37039293,-0.57670854,1.533224758,-2.522174288,-1.472245172,0.215417914,0,1,439,task,30,0,-1610,50,652,0
1,132,544,-1.376214845,-0.552465096,1.469569642,-2.48421592,-1.472755595,0.209568761,0,1,440,task,30,0,-1610,50,652,0
1,132,545,-1.381737021,-0.526737385,1.403400788,-2.445262972,-1.473245468,0.204020385,0,1,441,task,30,0,-1610,50,652,0
1,132,546,-1.386981376,-0.499380712,1.334351789,-2.405090995,-1.473716099,0.198750754,0,1,442,task,30,0,-1610,50,652,0
1,132,547,-1.391967804,-0.470202257,1.261956193,-2.363423886,-1.4741687,0.193739878,0,1,443,task,30,0,-1610,50,652,0
1,132,548,-1.396714395,-0.438942381,1.185606175,-2.319911232,-1.474604394,0.18896958,0,1,444,task,30,0,-1610,50,652,0
1,132,549,-1.401237629,-0.405244347,1.104485948,-2.274091965,-1.475024218,0.184423306,0,1,445,task,30,0,-1610,50,652,0
1,132,550,-1.405552548,-0.368602507,1.017458143,-2.225332533,-1.475429135,0.180085947,0,1,446,task,30,0,-1610,50,652,0
1,132,551,-1.409672902,-0.328266922,0.922854913,-2.172713365,-1.475820039,0.175943695,0,1,447,task,30,0,-1610,50,652,0
1,132,552,-1.413611284,-0.283049346,0.818053218,-2.114798151,-1.476197756,0.171983902,0,1,448,task,30,0,-1610,50,652,0
1,132,553,-1.415496876,-0.257180745,0.758728264,-2.082185618,-1.47638041,0.170087819,0,0,,transition,10,0,-1610,50,652,0
1,132,554,-1.417379244,-0.230867526,0.698477193,-2.049091898,-1.476563057,0.168194972,0,1,449,task,10,0,-1610,50,652,0
1,132,555,-1.41918536,-0.199645493,0.627657331,-2.01034674,-1.476739854,0.166378564,0,0,,transition,10,0,-1610,50,652,0
1,132,556,-1.420987399,-0.167399342,0.554650595,-1.970439219,-1.476916657,0.164566249,0,1,450,task,10,0,-1610,50,652,0
1,132,557,-1.422719361,-0.125587466,0.460858895,-1.919320299,-1.477087921,0.162824171,0,0,,transition,10,0,-1610,50,652,0
1,132,558,-1.424445514,-0.079823766,0.358480737,-1.863567299,-1.47725922,0.161087928,0,1,451,task,10,0,-1610,50,652,0
1,132,559,-1.425556308,-0.027410825,0.242301911,-1.800380243,-1.477369879,0.159970488,0,0,,transition,30,0,-1610,50,652,0
1,132,560,-1.426675943,0.016017366,0.146087738,-1.748171737,-1.477477885,0.158844156,0,0,,transition,10,0,-1610,50,652,0
1,132,561,-1.427795577,0.059445558,0.049873564,-1.695963231,-1.477585891,0.157717825,0,1,452,task,10,0,-1610,50,652,0
1,132,562,-1.421629649,0.031923918,0.109658236,-1.72698103,-1.478148218,0.163900043,0,0,,transition,10,0,-1610,50,652,0
1,132,563,-1.415490671,-0.05436174,0.298762334,-1.828550723,-1.478705322,0.170055171,0,0,,transition,10,0,-1610,50,652,0
1,132,564,-1.409345908,-0.112774885,0.426830329,-1.896957428,-1.479262653,0.176216108,0,0,,transition,10,0,-1610,50,652,0
1,132,565,-1.403195565,-0.164007585,0.539261596,-1.956908422,-1.479820187,0.182382647,0,0,,transition,10,0,-1610,50,652,0
1,132,566,-1.397039805,-0.211813788,0.644296707,-2.012890305,-1.480377902,0.188554624,0,0,,transition,10,0,-1610,50,652,0
1,132,567,-1.390878752,-0.25761978,0.745072111,-2.066613221,-1.480935776,0.194731914,0,1,453,task,10,0,-1610,50,652,0
1,132,568,-1.388683512,-0.282292116,0.801538764,-2.097464434,-1.48072549,0.19693771,0,0,,transition,10,0,-1610,50,652,0
1,132,569,-1.38648581,-0.306623605,0.857304115,-2.127955419,-1.480515196,0.199145975,0,1,454,task,10,0,-1610,50,652,0
1,132,570,-1.381894759,-0.349693465,0.956987865,-2.1827051,-1.480077696,0.203758376,0,1,455,task,30,0,-1610,50,652,0
1,132,571,-1.377092295,-0.38845952,1.047708122,-2.232818471,-1.479622231,0.20858246,0,1,456,task,30,0,-1610,50,652,0
1,132,572,-1.372063933,-0.423896539,1.131618795,-2.279476428,-1.479147682,0.213632756,0,1,457,task,30,0,-1610,50,652,0
1,132,573,-1.366793885,-0.456638894,1.210132436,-2.323459084,-1.478652841,0.218925108,0,1,458,task,30,0,-1610,50,652,0
1,132,574,-1.361264908,-0.48712369,1.284233524,-2.365315944,-1.478136406,0.22447682,0,1,459,task,30,0,-1610,50,652,0
1,132,575,-1.355458141,-0.515664325,1.354639573,-2.405453468,-1.477596977,0.230306819,0,1,460,task,30,0,-1610,50,652,0
1,132,576,-1.349352929,-0.54249177,1.421891633,-2.44418433,-1.477033042,0.236435847,0,1,461,task,30,0,-1610,50,652,0
1,132,577,-1.342926602,-0.567779308,1.48640868,-2.481757095,-1.47644297,0.242886665,0,1,462,task,30,0,-1610,50,652,0
1,132,578,-1.336154245,-0.591658114,1.548522024,-2.518375086,-1.475825004,0.249684297,0,1,463,task,30,0,-1610,50,652,0
1,132,579,-1.329008429,-0.614227469,1.608498032,-2.554208931,-1.475177246,0.256856303,0,1,464,task,30,0,-1610,50,652,0
1,132,580,-1.321458898,-0.635561645,1.666553634,-2.589405235,-1.474497651,0.264433082,0,1,465,task,30,0,-1610,50,652,0
1,132,581,-1.313472233,-0.655714658,1.7228672,-2.624092762,-1.473784014,0.27244823,0,1,466,task,30,0,-1610,50,652,0
1,132,582,-1.305011444,-0.674723582,1.777586347,-2.65838699,-1.473033959,0.280938938,0,1,467,task,30,0,-1610,50,652,0
1,132,583,-1.301708573,-0.680757374,1.793983061,-2.667945262,-1.474240454,0.284212523,0,1,468,task,30,0,-1610,50,652,0
1,132,584,-1.326171429,-0.76167034,1.773693691,-2.568204784,-1.483018595,0.25837502,0,0,,transition,10,0,-1610,50,652,0
1,132,585,-1.350634286,-0.842583306,1.753404322,-2.468464305,-1.491796735,0.232537518,0,0,,transition,10,0,-1610,50,652,0
1,132,586,-1.375097144,-0.923496272,1.733114953,-2.368723827,-1.500574876,0.206700016,0,0,,transition,10,0,-1610,50,652,0
1,132,587,-1.399560001,-1.004409238,1.712825584,-2.268983349,-1.509353016,0.180862514,0,0,,transition,10,0,-1610,50,652,0
1,132,588,-1.424022857,-1.085322203,1.692536215,-2.16924287,-1.518131157,0.155025012,0,0,,transition,10,0,-1610,50,652,0
1,132,589,-1.448485714,-1.16623517,1.672246846,-2.069502392,-1.526909297,0.12918751,0,0,,transition,10,0,-1610,50,652,0
1,132,590,-1.472948572,-1.247148136,1.651957477,-1.969761914,-1.535687438,0.103350008,0,0,,transition,10,0,-1610,50,652,0
1,132,591,-1.497411429,-1.328061102,1.631668107,-1.870021435,-1.544465578,0.077512506,0,0,,transition,10,0,-1610,50,652,0
1,132,592,-1.521874285,-1.408974067,1.611378738,-1.770280956,-1.553243719,0.051675004,0,0,,transition,10,0,-1610,50,652,0
1,132,593,-1.546337143,-1.489887034,1.591089369,-1.670540479,-1.562021859,0.025837502,0,0,,transition,10,0,-1610,50,652,0
1,132,594,-1.5708,-1.5708,1.5708,-1.5708,-1.5708,0,0,0,,home,30,0,-1610,50,652,0
1,133,1,-1.5708,-1.5708,1.5708,-1.5708,-1.5708,0,0,0,,home,30,0,-1610,50,652,0
1,133,2,-1.579679543,-1.468415661,1.492287125,-1.593974362,-1.564424794,-0.007909493,0,0,,transition,10,0,-1610,50,652,0
1,133,3,-1.588559087,-1.366031322,1.413774249,-1.617148725,-1.558049587,-0.015818987,0,0,,transition,10,0,-1610,50,652,0
1,133,4,-1.59743863,-1.263646983,1.335261374,-1.640323087,-1.551674382,-0.02372848,0,0,,transition,10,0,-1610,50,652,0
1,133,5,-1.606318173,-1.161262643,1.256748498,-1.66349745,-1.545299176,-0.031637973,0,0,,transition,10,0,-1610,50,652,0
1,133,6,-1.615197718,-1.058878305,1.178235623,-1.686671813,-1.538923969,-0.039547466,0,0,,transition,10,0,-1610,50,652,0
1,133,7,-1.624077261,-0.956493965,1.099722748,-1.709846175,-1.532548763,-0.04745696,0,0,,transition,10,0,-1610,50,652,0
1,133,8,-1.632956805,-0.854109626,1.021209872,-1.733020537,-1.526173557,-0.055366453,0,0,,transition,10,0,-1610,50,652,0
1,133,9,-1.641836348,-0.751725287,0.942696997,-1.7561949,-1.519798351,-0.063275946,0,0,,transition,10,0,-1610,50,652,0
1,133,10,-1.650715891,-0.649340948,0.864184121,-1.779369262,-1.513423145,-0.07118544,0,0,,transition,10,0,-1610,50,652,0
1,133,11,-1.659595435,-0.546956608,0.785671246,-1.802543625,-1.507047938,-0.079094933,0,0,,transition,10,0,-1610,50,652,0
1,133,12,-1.668474978,-0.444572269,0.707158371,-1.825717988,-1.500672732,-0.087004426,0,0,,transition,10,0,-1610,50,652,0
1,133,13,-1.677354521,-0.34218793,0.628645495,-1.84889235,-1.494297527,-0.09491392,0,0,,transition,10,0,-1610,50,652,0
1,133,14,-1.686234065,-0.239803591,0.55013262,-1.872066712,-1.48792232,-0.102823413,0,0,,transition,10,0,-1610,50,652,0
1,133,15,-1.695113608,-0.137419252,0.471619745,-1.895241075,-1.481547114,-0.110732906,0,1,1,task,10,0,-1610,50,652,0
1,133,16,-1.696325385,-0.175690381,0.557498386,-1.941583846,-1.481689334,-0.111948005,0,0,,transition,10,0,-1610,50,652,0
1,133,17,-1.697526184,-0.21219182,0.63957068,-1.98589091,-1.481831177,-0.113152101,0,1,2,task,10,0,-1610,50,652,0
1,133,18,-1.698790809,-0.241854522,0.706841267,-2.022230091,-1.481980278,-0.114419812,0,0,,transition,10,0,-1610,50,652,0
1,133,19,-1.70004669,-0.270892993,0.772801701,-2.057884094,-1.482128991,-0.115678765,0,1,3,task,10,0,-1610,50,652,0
1,133,20,-1.701368445,-0.295968401,0.83027392,-2.08900793,-1.482285447,-0.117003352,0,0,,transition,10,0,-1610,50,652,0
1,133,21,-1.702682565,-0.320733852,0.887117179,-2.119813404,-1.482441496,-0.118320295,0,1,4,task,10,0,-1610,50,652,0
1,133,22,-1.69169235,-0.424906031,0.944090748,-2.074062287,-1.489804704,-0.10846027,0,0,,transition,10,0,-1610,50,652,0
1,133,23,-1.680702137,-0.52907821,1.001064316,-2.02831117,-1.497167914,-0.098600246,0,0,,transition,10,0,-1610,50,652,0
1,133,24,-1.669711924,-0.633250389,1.058037884,-1.982560053,-1.504531122,-0.088740221,0,0,,transition,10,0,-1610,50,652,0
1,133,25,-1.658721709,-0.737422568,1.115011452,-1.936808936,-1.511894331,-0.078880197,0,0,,transition,10,0,-1610,50,652,0
1,133,26,-1.647731496,-0.841594747,1.171985022,-1.891057819,-1.519257539,-0.069020172,0,0,,transition,10,0,-1610,50,652,0
1,133,27,-1.636741282,-0.945766926,1.22895859,-1.845306702,-1.526620748,-0.059160147,0,0,,transition,10,0,-1610,50,652,0
1,133,28,-1.625751068,-1.049939106,1.285932158,-1.799555585,-1.533983957,-0.049300123,0,0,,transition,10,0,-1610,50,652,0
1,133,29,-1.614760855,-1.154111284,1.342905726,-1.753804468,-1.541347165,-0.039440098,0,0,,transition,10,0,-1610,50,652,0
1,133,30,-1.603770641,-1.258283463,1.399879294,-1.708053351,-1.548710374,-0.029580074,0,0,,transition,10,0,-1610,50,652,0
1,133,31,-1.592780428,-1.362455642,1.456852864,-1.662302234,-1.556073583,-0.019720049,0,0,,transition,10,0,-1610,50,652,0
1,133,32,-1.581790213,-1.466627821,1.513826432,-1.616551117,-1.563436792,-0.009860025,0,0,,transition,10,0,-1610,50,652,0
1,133,33,-1.5708,-1.5708,1.5708,-1.5708,-1.5708,0,0,0,,home,30,0,-1610,50,652,0
2,144,1,-1.5708,-1.5708,1.5708,-1.5708,-1.5708,0,0,0,,home,30,0,1610,50,652,0
2,144,2,-1.580504769,-1.473739438,1.523483322,-1.620357051,-1.576641222,-0.008650629,0,0,,transition,10,0,1610,50,652,0
2,144,3,-1.590209538,-1.376678874,1.476166644,-1.669914104,-1.582482443,-0.017301257,0,0,,transition,10,0,1610,50,652,0
2,144,4,-1.599914307,-1.279618312,1.428849966,-1.719471155,-1.588323666,-0.025951886,0,0,,transition,10,0,1610,50,652,0
2,144,5,-1.609619077,-1.18255775,1.381533288,-1.769028206,-1.594164888,-0.034602514,0,0,,transition,10,0,1610,50,652,0
2,144,6,-1.619323846,-1.085497187,1.33421661,-1.818585258,-1.60000611,-0.043253143,0,0,,transition,10,0,1610,50,652,0
2,144,7,-1.629028615,-0.988436624,1.286899932,-1.86814231,-1.605847331,-0.051903772,0,0,,transition,10,0,1610,50,652,0
2,144,8,-1.638733384,-0.891376062,1.239583254,-1.917699361,-1.611688553,-0.0605544,0,0,,transition,10,0,1610,50,652,0
2,144,9,-1.648438154,-0.794315499,1.192266576,-1.967256413,-1.617529776,-0.069205029,0,0,,transition,10,0,1610,50,652,0
2,144,10,-1.658142923,-0.697254936,1.144949898,-2.016813465,-1.623370998,-0.077855657,0,0,,transition,10,0,1610,50,652,0
2,144,11,-1.667847691,-0.600194374,1.09763322,-2.066370516,-1.629212219,-0.086506286,0,0,,transition,10,0,1610,50,652,0
2,144,12,-1.677552461,-0.503133811,1.050316542,-2.115927568,-1.635053441,-0.095156915,0,0,,transition,10,0,1610,50,652,0
2,144,13,-1.68725723,-0.406073249,1.002999864,-2.165484619,-1.640894664,-0.103807543,0,0,,transition,10,0,1610,50,652,0
2,144,14,-1.696962,-0.309012686,0.955683186,-2.215041671,-1.646735886,-0.112458172,0,1,1,task,10,0,1610,50,652,0
2,144,15,-1.695681822,-0.286997088,0.904571138,-2.188326528,-1.646618936,-0.111175638,0,0,,transition,10,0,1610,50,652,0
2,144,16,-1.694399628,-0.264932058,0.853406335,-2.161607904,-1.646501871,-0.109891095,0,1,2,task,10,0,1610,50,652,0
2,144,17,-1.693166134,-0.239457416,0.793357036,-2.127565637,-1.646429481,-0.108653807,0,0,,transition,10,0,1610,50,652,0
2,144,18,-1.691930032,-0.213925235,0.733248416,-2.093521387,-1.646357072,-0.107413904,0,1,3,task,10,0,1610,50,652,0
2,144,19,-1.690751573,-0.183144322,0.66189851,-2.053489296,-1.646287237,-0.10623176,0,0,,transition,10,0,1610,50,652,0
2,144,20,-1.689569766,-0.152253422,0.590391291,-2.013409621,-1.646217388,-0.105046257,0,1,4,task,10,0,1610,50,652,0
2,144,21,-1.71349957,-0.191620249,0.677617508,-2.062810594,-1.646126472,-0.129044068,0,1,5,task,10,0,1610,50,652,0
2,144,22,-1.714965073,-0.219034116,0.741589449,-2.098752442,-1.646222962,-0.130514338,0,0,,transition,10,0,1610,50,652,0
2,144,23,-1.716427807,-0.246377535,0.805479247,-2.134682382,-1.646319438,-0.131981829,0,1,6,task,10,0,1610,50,652,0
2,144,24,-1.717961537,-0.269786501,0.861015793,-2.166199495,-1.646419539,-0.133520444,0,0,,transition,10,0,1610,50,652,0
2,144,25,-1.719492984,-0.293151211,0.916516572,-2.197724919,-1.646519621,-0.135056769,0,1,7,task,10,0,1610,50,652,0
2,144,26,-1.744890649,-0.315802097,0.965205323,-2.223982786,-1.646559983,-0.16052689,0,1,8,task,10,0,1610,50,652,0
2,144,27,-1.743060337,-0.293779888,0.913269725,-2.195242761,-1.646413945,-0.158690958,0,0,,transition,10,0,1610,50,652,0
2,144,28,-1.741228029,-0.271716927,0.86130214,-2.166511344,-1.646267865,-0.156853028,0,1,9,task,10,0,1610,50,652,0
2,144,29,-1.739478172,-0.246555474,0.802186572,-2.1332924,-1.646133606,-0.155097171,0,0,,transition,10,0,1610,50,652,0
2,144,30,-1.737725914,-0.22134027,0.743018951,-2.100074966,-1.64599933,-0.153338907,0,1,10,task,10,0,1610,50,652,0
2,144,31,-1.736053326,-0.19114175,0.673179249,-2.061175698,-1.645869869,-0.151660416,0,0,,transition,10,0,1610,50,652,0
2,144,32,-1.734377651,-0.160845483,0.603206834,-2.022241226,-1.645740401,-0.14997883,0,1,11,task,10,0,1610,50,652,0
2,144,33,-1.758246448,-0.188566205,0.663667979,-2.05697483,-1.645463957,-0.173912985,0,1,12,task,10,0,1610,50,652,0
2,144,34,-1.760193692,-0.216410417,0.728200102,-2.092732108,-1.645649006,-0.175867725,0,0,,transition,10,0,1610,50,652,0
2,144,35,-1.762138305,-0.244181411,0.792644912,-2.128475085,-1.645834046,-0.177819828,0,1,13,task,10,0,1610,50,652,0
2,144,36,-1.764174817,-0.26790312,0.84846236,-2.159648429,-1.646026074,-0.179863858,0,0,,transition,10,0,1610,50,652,0
2,144,37,-1.76620921,-0.291579184,0.904241373,-2.190828815,-1.646218084,-0.181905764,0,1,14,task,10,0,1610,50,652,0
2,144,38,-1.792525298,-0.318300171,0.962709542,-2.223069633,-1.646233564,-0.208297225,0,1,15,task,10,0,1610,50,652,0
2,144,39,-1.790171999,-0.296211307,0.910813207,-2.194432427,-1.646005837,-0.205935295,0,0,,transition,10,0,1610,50,652,0
2,144,40,-1.787816873,-0.274083167,0.858888136,-2.165805613,-1.645778087,-0.203571534,0,1,16,task,10,0,1610,50,652,0
2,144,41,-1.785584665,-0.249014497,0.800499913,-2.133739909,-1.645495905,-0.201329622,0,0,,transition,10,0,1610,50,652,0
2,144,42,-1.783350313,-0.223890693,0.742055535,-2.101673012,-1.645213708,-0.199085564,0,1,17,task,10,0,1610,50,652,0
2,144,43,-1.781214641,-0.193918874,0.673207627,-2.064060412,-1.644941708,-0.196939967,0,0,,transition,10,0,1610,50,652,0
2,144,44,-1.779076163,-0.163848551,0.60422364,-2.026410018,-1.644669708,-0.19479156,0,1,18,task,10,0,1610,50,652,0
2,144,45,-1.802639928,-0.180789429,0.641107469,-2.050419994,-1.643743282,-0.218406473,0,1,19,task,10,0,1610,50,652,0
2,144,46,-1.805002897,-0.209171608,0.70591625,-2.084920017,-1.644200852,-0.220784129,0,0,,transition,10,0,1610,50,652,0
2,144,47,-1.807363506,-0.237464022,0.77060123,-2.119385823,-1.644658424,-0.223159424,0,1,20,task,10,0,1610,50,652,0
2,144,48,-1.809830711,-0.261595043,0.826363232,-2.149102359,-1.645133143,-0.225640225,0,0,,transition,10,0,1610,50,652,0
2,144,49,-1.812296106,-0.28567218,0.882068083,-2.178815486,-1.645607849,-0.228119217,0,1,21,task,10,0,1610,50,652,0
2,144,50,-1.839658461,-0.316683113,0.950087678,-2.215813471,-1.645744626,-0.25556156,0,1,22,task,10,0,1610,50,652,0
2,144,51,-1.836884207,-0.294537503,0.899212864,-2.189431406,-1.645131732,-0.252770799,0,0,,transition,10,0,1610,50,652,0
2,144,52,-1.834108545,-0.272346452,0.848293786,-2.163050407,-1.644518835,-0.249978635,0,1,23,task,10,0,1610,50,652,0
2,144,53,-1.831566924,-0.24773982,0.793052081,-2.136280895,-1.643493724,-0.247409115,0,0,,transition,10,0,1610,50,652,0
2,144,54,-1.829023877,-0.22305725,0.737702435,-2.10947929,-1.642468683,-0.2448382,0,1,24,task,10,0,1610,50,652,0
2,144,55,-1.826371743,-0.192744712,0.667747802,-2.070490305,-1.642300067,-0.242174459,0,0,,transition,10,0,1610,50,652,0
2,144,56,-1.823716739,-0.162336828,0.597665656,-2.031468943,-1.642131501,-0.239507843,0,1,25,task,10,0,1610,50,652,0
2,144,57,-1.84646837,-0.166922394,0.60523516,-2.037305865,-1.641155309,-0.262299064,0,1,26,task,10,0,1610,50,652,0
2,144,58,-1.849399255,-0.197028021,0.674879725,-2.076542345,-1.641232497,-0.265240366,0,0,,transition,10,0,1610,50,652,0
2,144,59,-1.852327296,-0.227049131,0.744419855,-2.115758705,-1.641309755,-0.268178819,0,1,27,task,10,0,1610,50,652,0
2,144,60,-1.855391214,-0.252115024,0.803351892,-2.149333209,-1.641388064,-0.271253526,0,0,,transition,10,0,1610,50,652,0
2,144,61,-1.858452951,-0.277133075,0.862244178,-2.182915645,-1.641466423,-0.274326049,0,1,28,task,10,0,1610,50,652,0
2,144,62,-1.863791919,-0.319697938,0.952672466,-2.217060169,-1.645469209,-0.279761066,0,1,29,task,30,0,1610,50,652,0
2,144,63,-1.870460807,-0.360161846,1.04845364,-2.271351064,-1.645696876,-0.286451036,0,1,30,task,30,0,1610,50,652,0
2,144,64,-1.877451447,-0.396986142,1.136871395,-2.321946029,-1.645937756,-0.293463453,0,1,31,task,30,0,1610,50,652,0
2,144,65,-1.884787459,-0.430890996,1.219540572,-2.369741947,-1.646192526,-0.300822011,0,1,32,task,30,0,1610,50,652,0
2,144,66,-1.892494802,-0.462363522,1.297572187,-2.415365165,-1.646461898,-0.308552756,0,1,33,task,30,0,1610,50,652,0
2,144,67,-1.900602075,-0.491747074,1.371769365,-2.459278169,-1.646746615,-0.316684386,0,1,34,task,30,0,1610,50,652,0
2,144,68,-1.909140853,-0.519290142,1.442735053,-2.501838426,-1.647047453,-0.32524859,0,1,35,task,30,0,1610,50,652,0
2,144,69,-1.931132351,-0.514199221,1.423478642,-2.491457136,-1.657337376,-0.347602008,0,1,36,task,10,0,1610,50,652,0
2,144,70,-1.921504537,-0.486345383,1.351567968,-2.447773447,-1.658962257,-0.337989471,0,1,37,task,30,0,1610,50,652,0
2,144,71,-1.912359773,-0.456560084,1.276228815,-2.40260595,-1.660596286,-0.328860071,0,1,38,task,30,0,1610,50,652,0
2,144,72,-1.903663191,-0.424569326,1.196804358,-2.355570766,-1.662238947,-0.320178925,0,1,39,task,30,0,1610,50,652,0
2,144,73,-1.895383144,-0.389991603,1.112409581,-2.306163441,-1.663889757,-0.311914374,0,1,40,task,30,0,1610,50,652,0
2,144,74,-1.887490848,-0.352279311,1.021802448,-2.253688693,-1.665548262,-0.304037624,0,1,41,task,30,0,1610,50,652,0
2,144,75,-1.879103342,-0.311866313,0.931611929,-2.212425786,-1.670333847,-0.295778999,0,1,42,task,30,0,1610,50,652,0
2,144,76,-1.875931689,-0.289420191,0.880386641,-2.186177727,-1.669631374,-0.292573959,0,0,,transition,10,0,1610,50,652,0
2,144,77,-1.872759263,-0.266926367,0.829111804,-2.159927754,-1.668928951,-0.289368153,0,1,43,task,10,0,1610,50,652,0
2,144,78,-1.87032433,-0.241275364,0.770685812,-2.129182777,-1.665957183,-0.286836677,0,0,,transition,10,0,1610,50,652,0
2,144,79,-1.867889336,-0.215557551,0.712176402,-2.098421522,-1.662985648,-0.284305171,0,1,44,task,10,0,1610,50,652,0
2,144,80,-1.864797956,-0.183638188,0.638323835,-2.056295278,-1.662970702,-0.281199003,0,0,,transition,10,0,1610,50,652,0
2,144,81,-1.861704185,-0.151632068,0.564369315,-2.014153615,-1.662955835,-0.278090434,0,1,45,task,10,0,1610,50,652,0
2,144,82,-1.882961452,-0.143399067,0.540030021,-1.999237999,-1.663516451,-0.299463356,0,1,46,task,10,0,1610,50,652,0
2,144,83,-1.88570445,-0.176115841,0.614263056,-2.039732217,-1.665695522,-0.302285347,0,0,,transition,10,0,1610,50,652,0
2,144,84,-1.888446286,-0.208721341,0.688340332,-2.080182004,-1.667874707,-0.305106185,0,1,47,task,10,0,1610,50,652,0
2,144,85,-1.891781718,-0.235498445,0.749772546,-2.113799103,-1.668302145,-0.30847145,0,0,,transition,10,0,1610,50,652,0
2,144,86,-1.895115853,-0.26221868,0.811148424,-2.147416605,-1.66872962,-0.311835414,0,1,48,task,10,0,1610,50,652,0
2,144,87,-1.898634014,-0.285324281,0.864801071,-2.176942082,-1.669044462,-0.315380148,0,0,,transition,10,0,1610,50,652,0
2,144,88,-1.902151157,-0.308391107,0.918427247,-2.20647976,-1.669359325,-0.31892386,0,1,49,task,10,0,1610,50,652,0
2,144,89,-1.909925238,-0.349464726,1.01396809,-2.257619393,-1.668524356,-0.326701676,0,1,50,task,30,0,1610,50,652,0
2,144,90,-1.918640222,-0.386858456,1.100377701,-2.30148676,-1.665703472,-0.335346827,0,1,51,task,30,0,1610,50,652,0
2,144,91,-1.927205722,-0.421696053,1.185154128,-2.35118357,-1.664840095,-0.343921342,0,1,52,task,30,0,1610,50,652,0
2,144,92,-1.936142483,-0.453913149,1.265241122,-2.399335835,-1.664165047,-0.352876348,0,1,53,task,30,0,1610,50,652,0
2,144,93,-1.945538028,-0.483864453,1.3411198,-2.445577512,-1.663484473,-0.362291142,0,1,54,task,30,0,1610,50,652,0
2,144,94,-1.95542784,-0.511836528,1.413474857,-2.49030913,-1.662797459,-0.372201275,0,1,55,task,30,0,1610,50,652,0
2,144,95,-1.981305232,-0.509077401,1.399328083,-2.481259837,-1.662268171,-0.398181694,0,1,56,task,10,0,1610,50,652,0
2,144,96,-1.970746056,-0.480839808,1.327026676,-2.437119374,-1.663250163,-0.387612911,0,1,57,task,30,0,1610,50,652,0
2,144,97,-1.960705863,-0.450611523,1.251125112,-2.391399462,-1.664230205,-0.377563853,0,1,58,task,30,0,1610,50,652,0
2,144,98,-1.951047182,-0.418216227,1.172072342,-2.346046679,-1.665555629,-0.367915485,0,1,59,task,30,0,1610,50,652,0
2,144,99,-1.941697188,-0.383434582,1.089564221,-2.301428903,-1.667389749,-0.358599121,0,1,60,task,30,0,1610,50,652,0
2,144,100,-1.932846722,-0.345615017,1.000654005,-2.253172622,-1.668973447,-0.349768859,0,1,61,task,30,0,1610,50,652,0
2,144,101,-1.924928544,-0.303852534,0.901989069,-2.19727989,-1.668600716,-0.341799309,0,1,62,task,30,0,1610,50,652,0
2,144,102,-1.921142853,-0.280266059,0.846985168,-2.166387987,-1.668420198,-0.337988795,0,0,,transition,10,0,1610,50,652,0
2,144,103,-1.917356083,-0.256644313,0.791964152,-2.135514133,-1.668239707,-0.334177197,0,1,63,task,10,0,1610,50,652,0
2,144,104,-1.913732542,-0.229063008,0.72847844,-2.100154494,-1.668064876,-0.330529622,0,0,,transition,10,0,1610,50,652,0
2,144,105,-1.910107561,-0.201430286,0.664951596,-2.064804998,-1.667890083,-0.3268806,0,1,64,task,10,0,1610,50,652,0
2,144,106,-1.906738834,-0.16704296,0.586779368,-2.021566633,-1.667319815,-0.323476262,0,0,,transition,10,0,1610,50,652,0
2,144,107,-1.903368117,-0.132552583,0.508477728,-1.978301719,-1.666749613,-0.320069926,0,1,65,task,10,0,1610,50,652,0
2,144,108,-1.923295038,-0.107979358,0.446941656,-1.942356687,-1.667209168,-0.340115086,0,1,66,task,10,0,1610,50,652,0
2,144,109,-1.926972466,-0.146043025,0.533031416,-1.990071479,-1.667310751,-0.343814896,0,0,,transition,10,0,1610,50,652,0
2,144,110,-1.930647358,-0.183989731,0.618977293,-2.037759103,-1.667412414,-0.347512163,0,1,67,task,10,0,1610,50,652,0
2,144,111,-1.934483984,-0.213337389,0.686261714,-2.075402417,-1.667516097,-0.351371984,0,0,,transition,10,0,1610,50,652,0
2,144,112,-1.938319043,-0.242633333,0.753510229,-2.113061385,-1.667619826,-0.355230231,0,1,68,task,10,0,1610,50,652,0
2,144,113,-1.942325531,-0.267308456,0.810842031,-2.145443701,-1.667725529,-0.359260789,0,0,,transition,10,0,1610,50,652,0
2,144,114,-1.946330882,-0.291949125,0.868161317,-2.177847842,-1.667831264,-0.363290203,0,1,69,task,10,0,1610,50,652,0
2,144,115,-1.950518617,-0.313569315,0.919089121,-2.206901498,-1.667938883,-0.367502948,0,0,,transition,10,0,1610,50,652,0
2,144,116,-1.954705464,-0.335162167,0.970012579,-2.23597806,-1.668046528,-0.371714801,0,1,70,task,10,0,1610,50,652,0
2,144,117,-1.963551961,-0.373967791,1.062514968,-2.288913992,-1.667966823,-0.380601555,0,1,71,task,30,0,1610,50,652,0
2,144,118,-1.973205424,-0.409506694,1.147118834,-2.335897421,-1.666550095,-0.390241987,0,1,72,task,30,0,1610,50,652,0
2,144,119,-1.983315349,-0.44236214,1.226399393,-2.380260409,-1.665170328,-0.400338005,0,1,73,task,30,0,1610,50,652,0
2,144,120,-1.993933351,-0.472981439,1.301432677,-2.422746465,-1.663765872,-0.41093954,0,1,74,task,30,0,1610,50,652,0
2,144,121,-2.005247554,-0.501769276,1.373625213,-2.46517845,-1.661858006,-0.422223151,0,1,75,task,30,0,1610,50,652,0
2,144,122,-2.031456604,-0.501563616,1.363525046,-2.45630265,-1.662009301,-0.448553783,0,1,76,task,10,0,1610,50,652,0
2,144,123,-2.020303995,-0.473183022,1.291695824,-2.413646876,-1.661488251,-0.437340195,0,1,77,task,30,0,1610,50,652,0
2,144,124,-2.009676244,-0.442781416,1.216130442,-2.369337688,-1.66098283,-0.426653913,0,1,78,task,30,0,1610,50,652,0
2,144,125,-1.999538358,-0.410038467,1.136083979,-2.322946042,-1.660492834,-0.416459715,0,1,79,task,30,0,1610,50,652,0
2,144,126,-1.989858279,-0.374503684,1.050531954,-2.273893895,-1.660017997,-0.406725335,0,1,80,task,30,0,1610,50,652,0
2,144,127,-1.980606591,-0.335518186,0.957998825,-2.221360875,-1.659557998,-0.397421176,0,1,81,task,30,0,1610,50,652,0
2,144,128,-1.976181879,-0.313802805,0.907111403,-2.192719248,-1.659335229,-0.392971061,0,0,,transition,10,0,1610,50,652,0
2,144,129,-1.97175627,-0.292061,0.856221386,-2.164101369,-1.659112484,-0.388520047,0,1,82,task,10,0,1610,50,652,0
2,144,130,-1.967519951,-0.267249877,0.79881394,-2.132056985,-1.65889676,-0.384259084,0,0,,transition,10,0,1610,50,652,0
2,144,131,-1.963282448,-0.242406176,0.741398102,-2.100036685,-1.65868107,-0.379996933,0,1,83,task,10,0,1610,50,652,0
2,144,132,-1.959223171,-0.212823265,0.673788413,-2.062581964,-1.65847219,-0.375913703,0,0,,transition,10,0,1610,50,652,0
2,144,133,-1.955162215,-0.18319344,0.606153998,-2.025149283,-1.658263359,-0.371828788,0,1,84,task,10,0,1610,50,652,0
2,144,134,-1.95126973,-0.144569864,0.518975278,-1.97718504,-1.658061106,-0.367912982,0,0,,transition,10,0,1610,50,652,0
2,144,135,-1.947374429,-0.105847609,0.431695878,-1.929218544,-1.65785894,-0.363994351,0,1,85,task,10,0,1610,50,652,0
2,144,136,-1.956366095,-0.08150908,0.370798748,-1.89252019,-1.658754046,-0.373056202,0,0,,transition,10,0,1610,50,652,0
2,144,137,-1.9653561,-0.05733068,0.310304091,-1.856064125,-1.659649221,-0.382116394,0,1,86,task,10,0,1610,50,652,0
2,144,138,-1.96804181,-0.089348808,0.381834783,-1.895166604,-1.659807905,-0.384819125,0,0,,transition,30,0,1610,50,652,0
2,144,139,-1.970725765,-0.121339537,0.453378148,-1.934308999,-1.659966645,-0.387520096,0,0,,transition,10,0,1610,50,652,0
2,144,140,-1.973407944,-0.153300058,0.524930776,-1.973490704,-1.660125441,-0.390219285,0,1,87,task,10,0,1610,50,652,0
2,144,141,-1.977603369,-0.186514081,0.600079274,-2.014829962,-1.660371088,-0.3944409,0,0,,transition,10,0,1610,50,652,0
2,144,142,-1.981796904,-0.219688195,0.675231992,-2.056213179,-1.660616794,-0.39866062,0,1,88,task,10,0,1610,50,652,0
2,144,143,-1.986171003,-0.246594041,0.736816949,-2.090318477,-1.660870252,-0.403061639,0,0,,transition,10,0,1610,50,652,0
2,144,144,-1.990543892,-0.273470026,0.798405322,-2.124456943,-1.661123748,-0.407461444,0,1,89,task,10,0,1610,50,652,0
2,144,145,-1.995108134,-0.296610933,0.851996185,-2.154355996,-1.66138524,-0.412053409,0,0,,transition,10,0,1610,50,652,0
2,144,146,-1.999671521,-0.319726854,0.905590517,-2.184283427,-1.661646759,-0.416644516,0,1,90,task,10,0,1610,50,652,0
2,144,147,-2.00920427,-0.360800603,1.001932932,-2.238499314,-1.662186263,-0.426234479,0,1,91,task,30,0,1610,50,652,0
2,144,148,-2.019168675,-0.397995532,1.090310788,-2.288682111,-1.662742673,-0.436258048,0,1,92,task,30,0,1610,50,652,0
2,144,149,-2.029593531,-0.432122016,1.172525733,-2.335826959,-1.66331636,-0.446744222,0,1,93,task,30,0,1610,50,652,0
2,144,150,-2.040510133,-0.463720468,1.249793051,-2.380612961,-1.663907645,-0.457724517,0,1,94,task,30,0,1610,50,652,0
2,144,151,-2.051952526,-0.493168999,1.322977466,-2.423531356,-1.66451678,-0.46923323,0,1,95,task,30,0,1610,50,652,0
2,144,152,-2.079965011,-0.497724617,1.316890447,-2.41211164,-1.660850508,-0.49719203,0,1,96,task,10,0,1610,50,652,0
2,144,153,-2.067970086,-0.468210557,1.244291076,-2.370003761,-1.660034195,-0.485127243,0,1,97,task,30,0,1610,50,652,0
2,144,154,-2.056517267,-0.436571735,1.16761571,-2.326015041,-1.659240995,-0.473607142,0,1,98,task,30,0,1610,50,652,0
2,144,155,-2.045572291,-0.402431737,1.086007761,-2.279660326,-1.65847045,-0.462597192,0,1,99,task,30,0,1610,50,652,0
2,144,156,-2.035103574,-0.365253709,0.998263611,-2.230268295,-1.657722031,-0.452065566,0,1,100,task,30,0,1610,50,652,0
2,144,157,-2.025081967,-0.324234066,0.902599866,-2.176854968,-1.656995173,-0.441982904,0,1,101,task,30,0,1610,50,652,0
2,144,158,-2.020281656,-0.301169203,0.849380985,-2.147342799,-1.656642207,-0.437152895,0,0,,transition,10,0,1610,50,652,0
2,144,159,-2.015480549,-0.27808183,0.796170338,-2.11786131,-1.656289271,-0.432322089,0,1,102,task,10,0,1610,50,652,0
2,144,160,-2.010878069,-0.251295325,0.735026073,-2.084170091,-1.655946468,-0.427690655,0,0,,transition,10,0,1610,50,652,0
2,144,161,-2.006274423,-0.224484165,0.673895901,-2.050517522,-1.655603704,-0.423058052,0,1,103,task,10,0,1610,50,652,0
2,144,162,-2.001858415,-0.191475165,0.599338587,-2.009658841,-1.65527074,-0.418613756,0,0,,transition,10,0,1610,50,652,0
2,144,163,-1.997440539,-0.15844133,0.524817573,-1.968861138,-1.654937838,-0.414167588,0,1,104,task,10,0,1610,50,652,0
2,144,164,-1.994614652,-0.126754554,0.454011951,-1.93021653,-1.654722178,-0.411323244,0,0,,transition,30,0,1610,50,652,0
2,144,165,-1.991786978,-0.095071102,0.38328817,-1.891650288,-1.654506576,-0.408477109,0,0,,transition,10,0,1610,50,652,0
2,144,166,-1.988957537,-0.06341615,0.312698778,-1.853189791,-1.654291033,-0.405629201,0,1,105,task,10,0,1610,50,652,0
2,144,167,-1.961080368,-0.163908406,0.396572193,-1.834363805,-1.648724964,-0.378587254,0,0,,transition,10,0,1610,50,652,0
2,144,168,-1.933203199,-0.264400663,0.480445608,-1.815537819,-1.643158896,-0.351545307,0,0,,transition,10,0,1610,50,652,0
2,144,169,-1.90532603,-0.36489292,0.564319022,-1.796711833,-1.637592827,-0.324503361,0,0,,transition,10,0,1610,50,652,0
2,144,170,-1.87744886,-0.465385176,0.648192437,-1.777885847,-1.632026758,-0.297461414,0,0,,transition,10,0,1610,50,652,0
2,144,171,-1.849571691,-0.565877433,0.732065852,-1.759059861,-1.626460689,-0.270419467,0,0,,transition,10,0,1610,50,652,0
2,144,172,-1.821694522,-0.66636969,0.815939267,-1.740233875,-1.62089462,-0.243377521,0,0,,transition,10,0,1610,50,652,0
2,144,173,-1.793817353,-0.766861946,0.899812682,-1.721407889,-1.615328551,-0.216335574,0,0,,transition,10,0,1610,50,652,0
2,144,174,-1.765940184,-0.867354203,0.983686096,-1.702581902,-1.609762482,-0.189293627,0,0,,transition,10,0,1610,50,652,0
2,144,175,-1.738063015,-0.96784646,1.067559511,-1.683755916,-1.604196413,-0.16225168,0,0,,transition,10,0,1610,50,652,0
2,144,176,-1.710185846,-1.068338716,1.151432926,-1.66492993,-1.598630344,-0.135209734,0,0,,transition,10,0,1610,50,652,0
2,144,177,-1.682308677,-1.168830974,1.235306341,-1.646103944,-1.593064276,-0.108167787,0,0,,transition,10,0,1610,50,652,0
2,144,178,-1.654431507,-1.26932323,1.319179756,-1.627277958,-1.587498207,-0.08112584,0,0,,transition,10,0,1610,50,652,0
2,144,179,-1.626554338,-1.369815487,1.40305317,-1.608451972,-1.581932138,-0.054083893,0,0,,transition,10,0,1610,50,652,0
2,144,180,-1.598677169,-1.470307743,1.486926585,-1.589625986,-1.576366069,-0.027041947,0,0,,transition,10,0,1610,50,652,0
2,144,181,-1.5708,-1.5708,1.5708,-1.5708,-1.5708,0,0,0,,home,30,0,1610,50,652,0
2,145,1,-1.5708,-1.5708,1.5708,-1.5708,-1.5708,0,0,0,,home,30,0,1610,50,652,0
2,145,2,-1.588869288,-1.472173223,1.520057373,-1.617325498,-1.568153641,-0.017000009,0,0,,transition,10,0,1610,50,652,0
2,145,3,-1.606938576,-1.373546445,1.469314747,-1.663850995,-1.565507281,-0.034000018,0,0,,transition,10,0,1610,50,652,0
2,145,4,-1.625007864,-1.274919668,1.418572119,-1.710376494,-1.562860922,-0.051000026,0,0,,transition,10,0,1610,50,652,0
2,145,5,-1.643077152,-1.176292891,1.367829493,-1.756901991,-1.560214563,-0.068000035,0,0,,transition,10,0,1610,50,652,0
2,145,6,-1.66114644,-1.077666113,1.317086866,-1.803427489,-1.557568203,-0.085000044,0,0,,transition,10,0,1610,50,652,0
2,145,7,-1.679215728,-0.979039336,1.266344239,-1.849952986,-1.554921844,-0.102000053,0,0,,transition,10,0,1610,50,652,0
2,145,8,-1.697285017,-0.880412559,1.215601612,-1.896478484,-1.552275485,-0.119000062,0,0,,transition,10,0,1610,50,652,0
2,145,9,-1.715354305,-0.781785781,1.164858985,-1.943003983,-1.549629126,-0.13600007,0,0,,transition,10,0,1610,50,652,0
2,145,10,-1.733423592,-0.683159004,1.114116359,-1.98952948,-1.546982767,-0.153000079,0,0,,transition,10,0,1610,50,652,0
2,145,11,-1.75149288,-0.584532226,1.063373732,-2.036054978,-1.544336407,-0.170000088,0,0,,transition,10,0,1610,50,652,0
2,145,12,-1.769562168,-0.485905449,1.012631106,-2.082580475,-1.541690048,-0.187000097,0,0,,transition,10,0,1610,50,652,0
2,145,13,-1.787631457,-0.387278672,0.961888478,-2.129105973,-1.539043689,-0.204000106,0,0,,transition,10,0,1610,50,652,0
2,145,14,-1.805700745,-0.288651894,0.911145852,-2.175631471,-1.536397329,-0.221000115,0,1,1,task,10,0,1610,50,652,0
2,145,15,-1.803042537,-0.265711634,0.859122611,-2.150361347,-1.536776172,-0.21834229,0,0,,transition,10,0,1610,50,652,0
2,145,16,-1.800380167,-0.242711824,0.807024972,-2.125076556,-1.537154523,-0.215680377,0,1,2,task,10,0,1610,50,652,0
2,145,17,-1.797569042,-0.216152548,0.746511846,-2.094202459,-1.538559122,-0.212857912,0,0,,transition,10,0,1610,50,652,0
2,145,18,-1.794752321,-0.189507634,0.685878035,-2.063293717,-1.539963191,-0.210029882,0,1,3,task,10,0,1610,50,652,0
2,145,19,-1.80366143,-0.159790356,0.618083655,-2.025921495,-1.540560942,-0.218938549,0,0,,transition,10,0,1610,50,652,0
2,145,20,-1.812564462,-0.129998106,0.550198731,-1.988533977,-1.541158563,-0.227841136,0,1,4,task,10,0,1610,50,652,0
2,145,21,-1.815228012,-0.162511125,0.625419018,-2.030628897,-1.540858901,-0.230508434,0,0,,transition,10,0,1610,50,652,0
2,145,22,-1.817884532,-0.194909648,0.700479738,-2.072678988,-1.54055915,-0.233168701,0,1,5,task,10,0,1610,50,652,0
2,145,23,-1.820853744,-0.221031289,0.760866826,-2.104748429,-1.539588037,-0.236147416,0,0,,transition,10,0,1610,50,652,0
2,145,24,-1.823817611,-0.247081947,0.821165582,-2.136800823,-1.538616587,-0.239120801,0,1,6,task,10,0,1610,50,652,0
2,145,25,-1.829861008,-0.291595662,0.919514327,-2.179221191,-1.537273602,-0.245164063,0,1,7,task,30,0,1610,50,652,0
2,145,26,-1.851058268,-0.272191196,0.874472419,-2.151911474,-1.538139863,-0.266361685,0,1,8,task,10,0,1610,50,652,0
2,145,27,-1.844289765,-0.227072596,0.777768597,-2.116899823,-1.540608884,-0.259586293,0,1,9,task,30,0,1610,50,652,0
2,145,28,-1.841335876,-0.198792801,0.711416922,-2.079276873,-1.540792579,-0.256629273,0,0,,transition,10,0,1610,50,652,0
2,145,29,-1.838376271,-0.170447163,0.644997726,-2.041652436,-1.540976205,-0.253666536,0,1,10,task,10,0,1610,50,652,0
2,145,30,-1.840624907,-0.140697584,0.578918219,-2.01461857,-1.565026254,-0.255875444,0,0,,transition,10,0,1610,50,652,0
2,145,31,-1.842859146,-0.110752137,0.512451544,-1.987422069,-1.589065329,-0.258067742,0,1,11,task,10,0,1610,50,652,0
2,145,32,-1.845727756,-0.145023467,0.591373922,-2.031509187,-1.589153882,-0.260938713,0,0,,transition,10,0,1610,50,652,0
2,145,33,-1.848590967,-0.179132071,0.670036453,-2.07549908,-1.589242479,-0.263804285,0,1,12,task,10,0,1610,50,652,0
2,145,34,-1.851378283,-0.205666427,0.729617369,-2.104433923,-1.590110012,-0.266601615,0,0,,transition,10,0,1610,50,652,0
2,145,35,-1.854162722,-0.232097796,0.789036379,-2.133309779,-1.590977495,-0.269396124,0,1,13,task,10,0,1610,50,652,0
2,145,36,-1.859547019,-0.277604692,0.888658586,-2.175502314,-1.594299349,-0.274780127,0,1,14,task,30,0,1610,50,652,0
2,145,37,-1.86445335,-0.319483106,0.978741552,-2.211932634,-1.600166918,-0.279660949,0,1,15,task,30,0,1610,50,652,0
2,145,38,-1.871814515,-0.358721838,1.073301413,-2.266686719,-1.598451912,-0.287006785,0,1,16,task,30,0,1610,50,652,0
2,145,39,-1.879585141,-0.394446186,1.161061225,-2.318361835,-1.596596137,-0.294763006,0,1,17,task,30,0,1610,50,652,0
2,145,40,-1.887748357,-0.427297195,1.243271477,-2.367340134,-1.594755394,-0.302912159,0,1,18,task,30,0,1610,50,652,0
2,145,41,-1.896334239,-0.457728725,1.32097844,-2.414212629,-1.592931124,-0.311484336,0,1,19,task,30,0,1610,50,652,0
2,145,42,-1.905375965,-0.486061318,1.39494419,-2.459419333,-1.591124947,-0.320512733,0,1,20,task,30,0,1610,50,652,0
2,145,43,-1.914910218,-0.512526368,1.465744086,-2.503302559,-1.589338684,-0.330034052,0,1,21,task,30,0,1610,50,652,0
2,145,44,-1.935177372,-0.506687362,1.441046652,-2.481758828,-1.605628304,-0.350366017,0,1,22,task,10,0,1610,50,652,0
2,145,45,-1.926133759,-0.479474073,1.370544579,-2.439738834,-1.604524374,-0.341329639,0,1,23,task,30,0,1610,50,652,0
2,145,46,-1.917543727,-0.450428313,1.29683233,-2.396373765,-1.603455658,-0.33274616,0,1,24,task,30,0,1610,50,652,0
2,145,47,-1.909374422,-0.419305769,1.219316673,-2.351311883,-1.602419958,-0.324582721,0,1,25,task,30,0,1610,50,652,0
2,145,48,-1.901596048,-0.385769233,1.13720832,-2.304098589,-1.601415239,-0.316809524,0,1,26,task,30,0,1610,50,652,0
2,145,49,-1.894461215,-0.349426024,1.051287854,-2.257725551,-1.599482021,-0.309685769,0,1,27,task,30,0,1610,50,652,0
2,145,50,-1.887978381,-0.309891282,0.960936703,-2.212407149,-1.596426709,-0.303214982,0,1,28,task,30,0,1610,50,652,0
2,145,51,-1.881769487,-0.266210994,0.861907194,-2.162599962,-1.593444139,-0.297008799,0,1,29,task,30,0,1610,50,652,0
2,145,52,-1.878613573,-0.242067458,0.806562703,-2.134229631,-1.592657091,-0.293853614,0,0,,transition,10,0,1610,50,652,0
2,145,53,-1.875455147,-0.217864734,0.751148589,-2.105848794,-1.59186998,-0.290695942,0,1,30,task,10,0,1610,50,652,0
2,145,54,-1.872407392,-0.18948045,0.686630855,-2.072562178,-1.591195696,-0.287644623,0,0,,transition,10,0,1610,50,652,0
2,145,55,-1.869356258,-0.16099649,0.621967139,-2.039229169,-1.590521355,-0.28458995,0,1,31,task,10,0,1610,50,652,0
2,145,56,-1.890816692,-0.149826234,0.592424728,-2.017461862,-1.591334588,-0.306059675,0,1,32,task,10,0,1610,50,652,0
2,145,57,-1.894141715,-0.179673202,0.660721836,-2.054073663,-1.591822695,-0.309386058,0,0,,transition,10,0,1610,50,652,0
2,145,58,-1.897462974,-0.209431579,0.728903883,-2.090658897,-1.592310749,-0.312708688,0,1,33,task,10,0,1610,50,652,0
2,145,59,-1.900914256,-0.23440504,0.786669144,-2.121627487,-1.59288513,-0.316159581,0,0,,transition,10,0,1610,50,652,0
2,145,60,-1.904362771,-0.259326602,0.844384434,-2.152597928,-1.593459455,-0.319607718,0,1,34,task,10,0,1610,50,652,0
2,145,61,-1.907844175,-0.281644646,0.895662815,-2.179786637,-1.594489768,-0.323089531,0,0,,transition,10,0,1610,50,652,0
2,145,62,-1.911323574,-0.303922957,0.946910521,-2.206984347,-1.595520058,-0.326569345,0,1,35,task,10,0,1610,50,652,0
2,145,63,-1.918598177,-0.344003928,1.040017917,-2.256504172,-1.597633854,-0.33384078,0,1,36,task,30,0,1610,50,652,0
2,145,64,-1.926207965,-0.38063167,1.1260551,-2.302446898,-1.599804072,-0.341443265,0,1,37,task,30,0,1610,50,652,0
2,145,65,-1.934258125,-0.414452047,1.206959252,-2.346566905,-1.601767252,-0.34948388,0,1,38,task,30,0,1610,50,652,0
2,145,66,-1.942946012,-0.445781273,1.284464062,-2.391147544,-1.603003295,-0.358165874,0,1,39,task,30,0,1610,50,652,0
2,145,67,-1.952074267,-0.475021567,1.358100787,-2.433983973,-1.604277937,-0.367287251,0,1,40,task,30,0,1610,50,652,0
2,145,68,-1.961676558,-0.502425113,1.428475139,-2.475433013,-1.605593667,-0.376881682,0,1,41,task,30,0,1610,50,652,0
2,145,69,-1.988161297,-0.498030207,1.416024985,-2.469768914,-1.60520184,-0.403386138,0,1,42,task,10,0,1610,50,652,0
2,145,70,-1.97804367,-0.470455136,1.34594308,-2.429167697,-1.603580443,-0.393276935,0,1,43,task,30,0,1610,50,652,0
2,145,71,-1.968417661,-0.441046176,1.272565153,-2.387155872,-1.602004687,-0.383657815,0,1,44,task,30,0,1610,50,652,0
2,145,72,-1.959328136,-0.409405768,1.195611506,-2.344245394,-1.600214997,-0.374574815,0,1,45,task,30,0,1610,50,652,0
2,145,73,-1.95065774,-0.375356435,1.113967912,-2.299096311,-1.598475768,-0.365908687,0,1,46,task,30,0,1610,50,652,0
2,145,74,-1.942378693,-0.338399282,1.026507805,-2.251077462,-1.596784105,-0.357631692,0,1,47,task,30,0,1610,50,652,0
2,145,75,-1.934465565,-0.297795889,0.931585284,-2.19927823,-1.595137309,-0.349718448,0,1,48,task,30,0,1610,50,652,0
2,145,76,-1.930681377,-0.275106437,0.879115612,-2.17077447,-1.594335102,-0.345933145,0,0,,transition,10,0,1610,50,652,0
2,145,77,-1.92689504,-0.252380183,0.826623173,-2.142284682,-1.593532867,-0.342145696,0,1,49,task,10,0,1610,50,652,0
2,145,78,-1.92318956,-0.226762072,0.767135151,-2.109737594,-1.593054515,-0.338440152,0,0,,transition,10,0,1610,50,652,0
2,145,79,-1.91948119,-0.201096433,0.707609337,-2.077200162,-1.592576117,-0.334731723,0,1,50,task,10,0,1610,50,652,0
2,145,80,-1.915913934,-0.170115686,0.636469602,-2.03838009,-1.59218003,-0.331163629,0,0,,transition,10,0,1610,50,652,0
2,145,81,-1.912342662,-0.139053356,0.565235537,-1.999547172,-1.591783901,-0.327591523,0,1,51,task,10,0,1610,50,652,0
2,145,82,-1.908922473,-0.09676646,0.469578404,-1.947524372,-1.591406641,-0.324169331,0,0,,transition,10,0,1610,50,652,0
2,145,83,-1.905495361,-0.05422197,0.373491492,-1.89532923,-1.591029362,-0.32074022,0,1,52,task,10,0,1610,50,652,0
2,145,84,-1.918925859,-0.083450007,0.438295122,-1.929397778,-1.591489993,-0.334175068,0,0,,transition,10,0,1610,50,652,0
2,145,85,-1.932354405,-0.112465549,0.502692991,-1.963273041,-1.591950699,-0.347607969,0,1,53,task,10,0,1610,50,652,0
2,145,86,-1.936126515,-0.146576611,0.580672094,-2.006100305,-1.592288271,-0.351380955,0,0,,transition,10,0,1610,50,652,0
2,145,87,-1.939893976,-0.180597965,0.658551693,-2.048917661,-1.592625814,-0.355149293,0,1,54,task,10,0,1610,50,652,0
2,145,88,-1.943825131,-0.207813837,0.721689764,-2.083809245,-1.592989991,-0.35908063,0,0,,transition,10,0,1610,50,652,0
2,145,89,-1.947753113,-0.234982408,0.784795781,-2.118715992,-1.593354132,-0.363008797,0,1,55,task,10,0,1610,50,652,0
2,145,90,-1.951777564,-0.25874639,0.839660995,-2.148835255,-1.59401613,-0.367034884,0,0,,transition,10,0,1610,50,652,0
2,145,91,-1.955799689,-0.282473879,0.894506851,-2.178971585,-1.594678103,-0.371058647,0,1,56,task,10,0,1610,50,652,0
2,145,92,-1.964207792,-0.324520242,0.992800014,-2.233284679,-1.596037039,-0.379468799,0,1,57,task,30,0,1610,50,652,0
2,145,93,-1.973001715,-0.362535897,1.082794853,-2.283363013,-1.59743293,-0.388263534,0,1,58,task,30,0,1610,50,652,0
2,145,94,-1.982207915,-0.397388356,1.166418633,-2.330269169,-1.598867912,-0.397469298,0,1,59,task,30,0,1610,50,652,0
2,145,95,-1.991855247,-0.429651187,1.244960079,-2.374721448,-1.600344259,-0.407114949,0,1,60,task,30,0,1610,50,652,0
2,145,96,-2.001975235,-0.459723327,1.319330755,-2.417235964,-1.601864402,-0.417232018,0,1,61,task,30,0,1610,50,652,0
2,145,97,-2.012510447,-0.487851572,1.389827795,-2.457434162,-1.603715234,-0.427760976,0,1,62,task,30,0,1610,50,652,0
2,145,98,-2.040241076,-0.485870655,1.385147724,-2.458138832,-1.602320212,-0.455513716,0,1,63,task,10,0,1610,50,652,0
2,145,99,-2.028904467,-0.457824348,1.314335447,-2.416716768,-1.600967101,-0.44417758,0,1,64,task,30,0,1610,50,652,0
2,145,100,-2.018105316,-0.427853603,1.239979463,-2.373719764,-1.599653513,-0.433378295,0,1,65,task,30,0,1610,50,652,0
2,145,101,-2.007807543,-0.395667082,1.161399455,-2.328755174,-1.598377368,-0.423079736,0,1,66,task,30,0,1610,50,652,0
2,145,102,-1.997978113,-0.360859543,1.077670951,-2.281300462,-1.597136701,-0.413248829,0,1,67,task,30,0,1610,50,652,0
2,145,103,-1.988586729,-0.322847098,0.987483333,-2.23062592,-1.595929654,-0.403855258,0,1,68,task,30,0,1610,50,652,0
2,145,104,-1.979605573,-0.280743892,0.888869735,-2.175647848,-1.594754481,-0.394871188,0,1,69,task,30,0,1610,50,652,0
2,145,105,-1.975308468,-0.256938123,0.833756523,-2.145121223,-1.594182017,-0.390572257,0,0,,transition,10,0,1610,50,652,0
2,145,106,-1.971009065,-0.233098998,0.77863106,-2.114615639,-1.593609531,-0.386271027,0,1,70,task,10,0,1610,50,652,0
2,145,107,-1.966842972,-0.205640747,0.715002734,-2.079266895,-1.593235811,-0.382104194,0,0,,transition,10,0,1610,50,652,0
2,145,108,-1.962673767,-0.178140156,0.651354075,-2.043940076,-1.592862064,-0.377934249,0,1,71,task,10,0,1610,50,652,0
2,145,109,-1.958665032,-0.143709529,0.572487357,-2.000342992,-1.592559733,-0.373924719,0,0,,transition,10,0,1610,50,652,0
2,145,110,-1.95465164,-0.109204706,0.493557293,-1.956756648,-1.592257379,-0.369910532,0,1,72,task,10,0,1610,50,652,0
2,145,111,-1.952090325,-0.073719049,0.413652958,-1.912902815,-1.592064897,-0.367348352,0,0,,transition,30,0,1610,50,652,0
2,145,112,-1.949524382,-0.038109238,0.333568351,-1.86899276,-1.591872411,-0.364781541,0,0,,transition,10,0,1610,50,652,0
2,145,113,-1.946953912,-0.002296785,0.253127877,-1.824929381,-1.591679928,-0.362210205,0,1,73,task,10,0,1610,50,652,0
2,145,114,-1.959882076,-0.03059867,0.315671172,-1.85851296,-1.591954198,-0.375141743,0,0,,transition,10,0,1610,50,652,0
2,145,115,-1.972808467,-0.058647696,0.377712419,-1.891847327,-1.592228506,-0.38807151,0,1,74,task,10,0,1610,50,652,0
2,145,116,-1.976970522,-0.100523729,0.472674997,-1.944236406,-1.592499022,-0.392234569,0,0,,transition,10,0,1610,50,652,0
2,145,117,-1.981126127,-0.142303589,0.567561753,-1.996645686,-1.592769525,-0.39639118,0,1,75,task,10,0,1610,50,652,0
2,145,118,-1.985462798,-0.172971716,0.638282702,-2.03600959,-1.593052482,-0.400728492,0,0,,transition,10,0,1610,50,652,0
2,145,119,-1.989795761,-0.203595748,0.708991079,-2.075404927,-1.593335419,-0.405062098,0,1,76,task,10,0,1610,50,652,0
2,145,120,-1.994264204,-0.229383511,0.768354633,-2.108336605,-1.593825788,-0.409532566,0,0,,transition,10,0,1610,50,652,0
2,145,121,-1.998730064,-0.255136747,0.827708799,-2.141293355,-1.594316141,-0.414000452,0,1,77,task,10,0,1610,50,652,0
2,145,122,-2.003391621,-0.277549001,0.879881506,-2.170425375,-1.594830505,-0.418663912,0,0,,transition,10,0,1610,50,652,0
2,145,123,-2.008051175,-0.299933538,0.932050674,-2.199581517,-1.595344853,-0.423325366,0,1,78,task,10,0,1610,50,652,0
2,145,124,-2.017790707,-0.339925674,1.026389384,-2.252700934,-1.596400808,-0.433068283,0,1,79,task,30,0,1610,50,652,0
2,145,125,-2.027976369,-0.376265037,1.113270683,-2.302047939,-1.59748541,-0.443256935,0,1,80,task,30,0,1610,50,652,0
2,145,126,-2.038638258,-0.409681984,1.194322142,-2.348522458,-1.598600138,-0.453921452,0,1,81,task,30,0,1610,50,652,0
2,145,127,-2.049809102,-0.440670263,1.270657964,-2.39274795,-1.599746545,-0.465094606,0,1,82,task,30,0,1610,50,652,0
2,145,128,-2.06152454,-0.469578607,1.343079638,-2.435180489,-1.600926258,-0.476812091,0,1,83,task,30,0,1610,50,652,0
2,145,129,-2.086719111,-0.507397582,1.433540865,-2.483282297,-1.613574921,-0.502145903,0,0,,transition,10,0,1610,50,652,0
2,145,130,-2.11193648,-0.545028233,1.523971625,-2.531551958,-1.626227143,-0.527502478,0,0,,transition,10,0,1610,50,652,0
2,145,131,-2.137181474,-0.582448206,1.614387985,-2.580029098,-1.638883336,-0.552886845,0,0,,transition,10,0,1610,50,652,0
2,145,132,-2.162459894,-0.619627031,1.704805124,-2.6287609,-1.65154403,-0.578305044,0,1,84,task,10,0,1610,50,652,0
2,145,133,-2.146694779,-0.597759524,1.645616282,-2.589631562,-1.648739306,-0.562410582,0,1,85,task,30,0,1610,50,652,0
2,145,134,-2.139325027,-0.572767742,1.587607664,-2.556564738,-1.62451977,-0.554526375,0,1,86,task,10,0,1610,50,652,0
2,145,135,-2.130589828,-0.546027773,1.541464043,-2.55718263,-1.605473448,-0.545931164,0,1,87,task,30,0,1610,50,652,0
2,145,136,-2.112786714,-0.522874115,1.480660294,-2.524714632,-1.614655944,-0.52833646,0,1,88,task,10,0,1610,50,652,0
2,145,137,-2.095843251,-0.498272829,1.41729184,-2.49079946,-1.623942327,-0.511635862,0,1,89,task,10,0,1610,50,652,0
2,145,138,-2.081676361,-0.472003719,1.349272695,-2.450575325,-1.627044233,-0.497548028,0,1,90,task,30,0,1610,50,652,0
2,145,139,-2.068173026,-0.443917575,1.277955155,-2.408821442,-1.630196773,-0.484125162,0,1,91,task,30,0,1610,50,652,0
2,145,140,-2.055290609,-0.413770865,1.202767904,-2.365212541,-1.633395505,-0.471324579,0,1,92,task,30,0,1610,50,652,0
2,145,141,-2.042989782,-0.381230621,1.122947776,-2.319320828,-1.636636434,-0.459106895,0,1,93,task,30,0,1610,50,652,0
2,145,142,-2.03123424,-0.345828251,1.037438602,-2.270561003,-1.639915962,-0.447435747,0,1,94,task,30,0,1610,50,652,0
2,145,143,-2.019990445,-0.306876042,0.9447084,-2.218090965,-1.643230844,-0.436277536,0,1,95,task,30,0,1610,50,652,0
2,145,144,-2.014609925,-0.285101885,0.893548779,-2.189340988,-1.644904516,-0.43094037,0,0,,transition,10,0,1610,50,652,0
2,145,145,-2.009227389,-0.263301374,0.842386573,-2.160614784,-1.646578151,-0.425601191,0,1,96,task,10,0,1610,50,652,0
2,145,146,-2.026797619,-0.230998701,0.768736314,-2.129469638,-1.643955362,-0.443207893,0,1,97,task,10,0,1610,50,652,0
2,145,147,-2.031518652,-0.254245039,0.820997674,-2.155816534,-1.645026797,-0.447958268,0,0,,transition,10,0,1610,50,652,0
2,145,148,-2.036239114,-0.277443045,0.873207764,-2.182160497,-1.646098356,-0.452708087,0,1,98,task,10,0,1610,50,652,0
2,145,149,-2.046385987,-0.319172981,0.969896643,-2.234619004,-1.647218777,-0.462895063,0,1,99,task,30,0,1610,50,652,0
2,145,150,-2.057184598,-0.357025672,1.059967479,-2.286121936,-1.64766941,-0.473728149,0,1,100,task,30,0,1610,50,652,0
2,145,151,-2.068473748,-0.391591005,1.14338937,-2.334312679,-1.648138438,-0.48505319,0,1,101,task,30,0,1610,50,652,0
2,145,152,-2.080285769,-0.423475317,1.22151867,-2.379944943,-1.64862627,-0.496902676,0,1,102,task,30,0,1610,50,652,0
2,145,153,-2.092655695,-0.453097553,1.295305725,-2.423554154,-1.649133255,-0.509311824,0,1,103,task,30,0,1610,50,652,0
2,145,154,-2.105621532,-0.480758167,1.365445779,-2.465539511,-1.649659671,-0.52231884,0,1,104,task,30,0,1610,50,652,0
2,145,155,-2.119224538,-0.506678081,1.432464476,-2.506210557,-1.650205692,-0.535965209,0,1,105,task,30,0,1610,50,652,0
2,145,156,-2.133509542,-0.53102218,1.496769549,-2.545815415,-1.650771371,-0.550296014,0,1,106,task,30,0,1610,50,652,0
2,145,157,-2.148378086,-0.554193622,1.557426445,-2.581232789,-1.651764052,-0.565193793,0,1,107,task,30,0,1610,50,652,0
2,145,158,-2.162374736,-0.58024047,1.601924711,-2.577302553,-1.657047724,-0.57881276,0,1,108,task,30,0,1610,50,652,0
2,145,159,-2.179107962,-0.602954149,1.659482421,-2.610446485,-1.65711428,-0.595492746,0,1,109,task,30,0,1610,50,652,0
2,145,160,-2.196718675,-0.624589635,1.715277104,-2.642980434,-1.657277773,-0.613047658,0,1,110,task,30,0,1610,50,652,0
2,145,161,-2.212979266,-0.606270541,1.660982796,-2.61151523,-1.657635133,-0.629485302,0,1,111,task,10,0,1610,50,652,0
2,145,162,-2.195436604,-0.583767859,1.60490997,-2.580275521,-1.657527763,-0.612018658,0,1,112,task,30,0,1610,50,652,0
2,145,163,-2.180133126,-0.559289894,1.555335654,-2.56887469,-1.653591518,-0.596956961,0,1,113,task,30,0,1610,50,652,0
2,145,164,-2.165160459,-0.535068371,1.500735653,-2.547687021,-1.650737268,-0.582047377,0,1,114,task,30,0,1610,50,652,0
2,145,165,-2.150159391,-0.511039786,1.43761569,-2.509104073,-1.650045381,-0.566996388,0,1,115,task,30,0,1610,50,652,0
2,145,166,-2.13586224,-0.485484577,1.371844728,-2.469475037,-1.649378089,-0.552651809,0,1,116,task,30,0,1610,50,652,0
2,145,167,-2.122224065,-0.458246601,1.303039171,-2.428566711,-1.648735212,-0.538968419,0,1,117,task,30,0,1610,50,652,0
2,145,168,-2.109203341,-0.429118028,1.230706307,-2.386088956,-1.648116441,-0.525904443,0,1,118,task,30,0,1610,50,652,0
2,145,169,-2.096761682,-0.397818215,1.15419789,-2.341669357,-1.647521355,-0.513421272,0,1,119,task,30,0,1610,50,652,0
2,145,170,-2.08486358,-0.363959104,1.072634277,-2.294811916,-1.646949459,-0.501483198,0,1,120,task,30,0,1610,50,652,0
2,145,171,-2.073496725,-0.3270068,0.984945631,-2.245136648,-1.646328,-0.490076845,0,1,121,task,30,0,1610,50,652,0
2,145,172,-2.062850975,-0.286504455,0.891492732,-2.195288778,-1.644858042,-0.479379577,0,1,122,task,30,0,1610,50,652,0
2,145,173,-2.057742446,-0.263784014,0.839533739,-2.167633198,-1.644155026,-0.474243785,0,0,,transition,10,0,1610,50,652,0
2,145,174,-2.052633258,-0.241026133,0.787547509,-2.139987794,-1.64345207,-0.469107339,0,1,123,task,10,0,1610,50,652,0
2,145,175,-2.060033305,-0.217728894,0.732357524,-2.110140422,-1.642638385,-0.476510053,0,0,,transition,10,0,1610,50,652,0
2,145,176,-2.067431944,-0.194408585,0.677171674,-2.080320123,-1.641824652,-0.483911357,0,1,124,task,10,0,1610,50,652,0
2,145,177,-2.072644821,-0.220392628,0.736351812,-2.112442496,-1.642315756,-0.489150583,0,0,,transition,10,0,1610,50,652,0
2,145,178,-2.07785665,-0.246333398,0.795501022,-2.144577151,-1.642806908,-0.494388762,0,1,125,task,10,0,1610,50,652,0
2,145,179,-2.083285034,-0.268787885,0.847165766,-2.172741138,-1.643319046,-0.499843279,0,0,,transition,10,0,1610,50,652,0
2,145,180,-2.088712758,-0.291210681,0.898815423,-2.200921694,-1.643831225,-0.505297137,0,1,126,task,10,0,1610,50,652,0
2,145,181,-2.100025838,-0.33117895,0.99180829,-2.251912797,-1.644899368,-0.516662169,0,1,127,task,30,0,1610,50,652,0
2,145,182,-2.111844692,-0.367466263,1.077282811,-2.299264849,-1.645939638,-0.528531584,0,1,128,task,30,0,1610,50,652,0
2,145,183,-2.124288009,-0.40086456,1.157392704,-2.34485837,-1.646659603,-0.541020205,0,1,129,task,30,0,1610,50,652,0
2,145,184,-2.137289628,-0.431786116,1.23259163,-2.388081508,-1.647409407,-0.554068481,0,1,130,task,30,0,1610,50,652,0
2,145,185,-2.150884901,-0.46060058,1.303715194,-2.429405089,-1.64818982,-0.567711986,0,1,131,task,30,0,1610,50,652,0
2,145,186,-2.165111906,-0.487576919,1.371381761,-2.46918382,-1.649001528,-0.581989042,0,1,132,task,30,0,1610,50,652,0
2,145,187,-2.180011662,-0.512915485,1.436062678,-2.507694494,-1.649845118,-0.596940946,0,1,133,task,30,0,1610,50,652,0
2,145,188,-2.195628354,-0.536767741,1.498125563,-2.545159587,-1.650721042,-0.612612202,0,1,134,task,30,0,1610,50,652,0
2,145,189,-2.211181138,-0.561203826,1.551524681,-2.564438712,-1.653879678,-0.628093042,0,1,135,task,30,0,1610,50,652,0
2,145,190,-2.227307704,-0.584901032,1.602526922,-2.581415488,-1.657564626,-0.644063445,0,1,136,task,30,0,1610,50,652,0
2,145,191,-2.245433575,-0.60734536,1.656530387,-2.609057023,-1.65804096,-0.662069349,0,1,137,task,30,0,1610,50,652,0
2,145,192,-2.262632552,-0.589829143,1.608731322,-2.586569899,-1.657469231,-0.679538414,0,1,138,task,10,0,1610,50,652,0
2,145,193,-2.245399907,-0.566932052,1.556630818,-2.564359587,-1.654504874,-0.662396118,0,1,139,task,30,0,1610,50,652,0
2,145,194,-2.228880836,-0.543078815,1.50266617,-2.5413951,-1.651795418,-0.64592938,0,1,140,task,30,0,1610,50,652,0
2,145,195,-2.212827926,-0.518838853,1.444528802,-2.511847817,-1.649918661,-0.629860711,0,1,141,task,30,0,1610,50,652,0
2,145,196,-2.197247939,-0.493974931,1.381561989,-2.474937667,-1.648793111,-0.614222004,0,1,142,task,30,0,1610,50,652,0
2,145,197,-2.1823563,-0.46755353,1.315733392,-2.436814282,-1.647711584,-0.599273388,0,1,143,task,30,0,1610,50,652,0
2,145,198,-2.168112572,-0.439391561,1.246614305,-2.397225365,-1.646673037,-0.584974104,0,1,144,task,30,0,1610,50,652,0
2,145,199,-2.154479042,-0.409245603,1.173646496,-2.355849982,-1.645676322,-0.571286155,0,1,145,task,30,0,1610,50,652,0
2,145,200,-2.141412377,-0.376800232,1.095990413,-2.312054956,-1.644747105,-0.558165888,0,1,146,task,30,0,1610,50,652,0
2,145,201,-2.128876791,-0.34158484,1.012528718,-2.265123342,-1.64389615,-0.545577602,0,1,147,task,30,0,1610,50,652,0
2,145,202,-2.116855587,-0.302883472,0.921885507,-2.214557725,-1.643076868,-0.533504683,0,1,148,task,30,0,1610,50,652,0
2,145,203,-2.105319932,-0.259627997,0.821707099,-2.159068376,-1.642288326,-0.521918127,0,1,149,task,30,0,1610,50,652,0
2,145,204,-2.099781878,-0.234825489,0.764848667,-2.127756029,-1.641908929,-0.516354956,0,0,,transition,10,0,1610,50,652,0
2,145,205,-2.094242928,-0.209989264,0.707976939,-2.096464044,-1.641529571,-0.510790887,0,1,150,task,10,0,1610,50,652,0
2,145,206,-2.100268546,-0.177285884,0.631458103,-2.054014282,-1.640916073,-0.516816804,0,0,,transition,10,0,1610,50,652,0
2,145,207,-2.106291566,-0.1445627,0.554992826,-2.011637672,-1.640302587,-0.522840117,0,1,151,task,10,0,1610,50,652,0
2,145,208,-2.111842292,-0.175020224,0.624000198,-2.049635752,-1.640587375,-0.528414612,0,0,,transition,10,0,1610,50,652,0
2,145,209,-2.117391549,-0.205435839,0.692994789,-2.087662862,-1.640872214,-0.533987636,0,1,152,task,10,0,1610,50,652,0
2,145,210,-2.123166052,-0.230575101,0.750573216,-2.119574351,-1.641167042,-0.539786413,0,0,,transition,10,0,1610,50,652,0
2,145,211,-2.128939673,-0.255684539,0.808147579,-2.151511546,-1.641461905,-0.545584306,0,1,153,task,10,0,1610,50,652,0
2,145,212,-2.134950806,-0.277495391,0.85865328,-2.179704448,-1.641766968,-0.551620281,0,0,,transition,10,0,1610,50,652,0
2,145,213,-2.140961393,-0.299281909,0.909158075,-2.207920747,-1.642072058,-0.557655711,0,1,154,task,10,0,1610,50,652,0
2,145,214,-2.153483914,-0.338176139,1.00030214,-2.259221646,-1.642703029,-0.570229204,0,1,155,task,30,0,1610,50,652,0
2,145,215,-2.166536317,-0.373490587,1.084052836,-2.306767738,-1.643355102,-0.583334028,0,1,156,task,30,0,1610,50,652,0
2,145,216,-2.180149695,-0.405939521,1.161990438,-2.351429128,-1.644028483,-0.597001457,0,1,157,task,30,0,1610,50,652,0
2,145,217,-2.194200747,-0.43606655,1.23432769,-2.39188601,-1.645233462,-0.611116403,0,1,158,task,30,0,1610,50,652,0
2,145,218,-2.208802715,-0.464251743,1.302480979,-2.429815546,-1.646685144,-0.625785328,0,1,159,task,30,0,1610,50,652,0
2,145,219,-2.224047102,-0.490728656,1.367346519,-2.466262896,-1.648199073,-0.641096713,0,1,160,task,30,0,1610,50,652,0
2,145,220,-2.239971971,-0.515680867,1.429347892,-2.501475896,-1.64977715,-0.65708898,0,1,161,task,30,0,1610,50,652,0
2,145,221,-2.256478108,-0.540183247,1.486814569,-2.529821353,-1.651763529,-0.673607022,0,1,162,task,30,0,1610,50,652,0
2,145,222,-2.27366208,-0.563808695,1.541606244,-2.555756183,-1.65401547,-0.690770226,0,1,163,task,30,0,1610,50,652,0
2,145,223,-2.291593371,-0.586419004,1.59444312,-2.58089673,-1.656465994,-0.70865991,0,1,164,task,30,0,1610,50,652,0
2,145,224,-2.310063322,-0.570683322,1.549698187,-2.558036296,-1.654517767,-0.727269919,0,1,165,task,10,0,1610,50,652,0
2,145,225,-2.291954068,-0.547693748,1.495508442,-2.530744941,-1.652509643,-0.70916604,0,1,166,task,30,0,1610,50,652,0
2,145,226,-2.274589981,-0.523600875,1.439177109,-2.5025475,-1.65065734,-0.691795472,0,1,167,task,30,0,1610,50,652,0
2,145,227,-2.258040854,-0.498680541,1.380169083,-2.472082524,-1.648587252,-0.675200302,0,1,168,task,30,0,1610,50,652,0
2,145,228,-2.242291697,-0.472822465,1.318128936,-2.439017407,-1.646199798,-0.65936636,0,1,169,task,30,0,1610,50,652,0
2,145,229,-2.227181444,-0.44540602,1.253048609,-2.404595223,-1.643912418,-0.644167023,0,1,170,task,30,0,1610,50,652,0
2,145,230,-2.212336164,-0.416259396,1.182610165,-2.364638773,-1.64285728,-0.629254501,0,1,171,task,30,0,1610,50,652,0
2,145,231,-2.197951066,-0.384909265,1.106926957,-2.320800066,-1.642340353,-0.614815095,0,1,172,task,30,0,1610,50,652,0
2,145,232,-2.184154004,-0.350882328,1.025836653,-2.274293111,-1.64183582,-0.600965593,0,1,173,task,30,0,1610,50,652,0
2,145,233,-2.170913135,-0.313559263,0.937967898,-2.224362039,-1.641344063,-0.587673985,0,1,174,task,30,0,1610,50,652,0
2,145,234,-2.158198572,-0.27199061,0.841229018,-2.169861066,-1.640865339,-0.574910232,0,1,175,task,30,0,1610,50,652,0
2,145,235,-2.152090763,-0.248303651,0.786683623,-2.139362932,-1.640632555,-0.568778532,0,0,,transition,10,0,1610,50,652,0
2,145,236,-2.145982272,-0.224592748,0.732142672,-2.108893144,-1.640399799,-0.562646151,0,1,176,task,10,0,1610,50,652,0
2,145,237,-2.140110664,-0.196483632,0.66811228,-2.073356294,-1.640173632,-0.556751296,0,0,,transition,10,0,1610,50,652,0
2,145,238,-2.134237922,-0.168345438,0.604088798,-2.037855356,-1.639947507,-0.550855304,0,1,177,task,10,0,1610,50,652,0
2,145,239,-2.151095598,-0.208286057,0.695908704,-2.089575799,-1.640193811,-0.567768,0,0,,transition,10,0,1610,50,652,0
2,145,240,-2.167952473,-0.248156889,0.787724847,-2.141362228,-1.640440153,-0.584679893,0,0,,transition,10,0,1610,50,652,0
2,145,241,-2.184808765,-0.287954266,0.879541924,-2.193223026,-1.640686524,-0.601591205,0,0,,transition,10,0,1610,50,652,0
2,145,242,-2.201664706,-0.327672695,0.971363331,-2.245167094,-1.640932917,-0.618502167,0,0,,transition,10,0,1610,50,652,0
2,145,243,-2.218520541,-0.367304926,1.063191844,-2.297204479,-1.641179327,-0.635413024,0,0,,transition,10,0,1610,50,652,0
2,145,244,-2.235376532,-0.406841808,1.155030005,-2.349346888,-1.641425743,-0.652324039,0,1,178,task,10,0,1610,50,652,0
2,145,245,-2.250755458,-0.436335571,1.226874169,-2.391484089,-1.641810542,-0.667757888,0,1,179,task,30,0,1610,50,652,0
2,145,246,-2.266443684,-0.463919494,1.29325919,-2.428388763,-1.643324593,-0.683529954,0,1,180,task,30,0,1610,50,652,0
2,145,247,-2.281864764,-0.490204974,1.352728956,-2.455401931,-1.64780145,-0.699086269,0,1,181,task,30,0,1610,50,652,0
2,145,248,-2.298198442,-0.515611186,1.412111833,-2.486439463,-1.651516403,-0.715563224,0,1,182,task,30,0,1610,50,652,0
2,145,249,-2.315379154,-0.539930043,1.470215039,-2.518936325,-1.654846491,-0.732905729,0,1,183,task,30,0,1610,50,652,0
2,145,250,-2.333307283,-0.5630458,1.526038221,-2.550541764,-1.658230417,-0.751004139,0,1,184,task,30,0,1610,50,652,0
2,145,251,-2.352148188,-0.584939868,1.580784911,-2.583860791,-1.661328702,-0.770056172,0,1,185,task,30,0,1610,50,652,0
2,145,252,-2.369503075,-0.602964621,1.628425447,-2.616056559,-1.66350042,-0.78765394,0,1,186,task,30,0,1610,50,652,0
2,145,253,-2.391134108,-0.592537468,1.591437445,-2.591501576,-1.663050545,-0.809373106,0,1,187,task,10,0,1610,50,652,0
2,145,254,-2.370561367,-0.571601856,1.537042235,-2.555737578,-1.662503726,-0.788647281,0,1,188,task,30,0,1610,50,652,0
2,145,255,-2.350878555,-0.549442107,1.480439629,-2.519103685,-1.661886312,-0.768817618,0,1,189,task,30,0,1610,50,652,0
2,145,256,-2.33203982,-0.525967924,1.421417522,-2.48147345,-1.661205855,-0.749838235,0,1,190,task,30,0,1610,50,652,0
2,145,257,-2.315449252,-0.500677434,1.363113289,-2.450274975,-1.655967773,-0.733008361,0,1,191,task,30,0,1610,50,652,0
2,145,258,-2.302621617,-0.473676346,1.31415864,-2.444112026,-1.6408618,-0.719747147,0,1,192,task,30,0,1610,50,652,0
2,145,259,-2.284916487,-0.447507074,1.249445584,-2.406916924,-1.643346304,-0.702136686,0,1,193,task,30,0,1610,50,652,0
2,145,260,-2.267901505,-0.41947213,1.180981172,-2.367749235,-1.645924254,-0.68521895,0,1,194,task,30,0,1610,50,652,0
2,145,261,-2.251629657,-0.389256868,1.108020168,-2.32604081,-1.648292473,-0.669030179,0,1,195,task,30,0,1610,50,652,0
2,145,262,-2.270034888,-0.37463824,1.069812784,-2.310794295,-1.652435834,-0.68782649,0,1,196,task,10,0,1610,50,652,0
2,145,263,-2.286059502,-0.405792429,1.145298964,-2.355725883,-1.65141064,-0.703862111,0,1,197,task,30,0,1610,50,652,0
2,145,264,-2.302742885,-0.434575118,1.216023048,-2.398298102,-1.650356955,-0.720556235,0,1,198,task,30,0,1610,50,652,0
2,145,265,-2.318593942,-0.461829916,1.281841506,-2.436879828,-1.654283304,-0.736710862,0,1,199,task,30,0,1610,50,652,0
2,145,266,-2.333070532,-0.488314312,1.327842566,-2.43636206,-1.664437823,-0.751402068,0,1,200,task,30,0,1610,50,652,0
2,145,267,-2.35149054,-0.513432392,1.385450961,-2.465255807,-1.66419232,-0.76973743,0,1,201,task,30,0,1610,50,652,0
2,145,268,-2.370797669,-0.537212312,1.443489157,-2.499877584,-1.663652937,-0.789067835,0,1,202,task,30,0,1610,50,652,0
2,145,269,-2.390918498,-0.559701314,1.499025165,-2.533351447,-1.663115472,-0.809213663,0,1,203,task,30,0,1610,50,652,0
2,145,270,-2.411892212,-0.580997689,1.552276868,-2.565800266,-1.662578229,-0.830214175,0,1,204,task,30,0,1610,50,652,0
2,145,271,-2.411956231,-0.58105965,1.552432824,-2.565895839,-1.66257662,-0.830278278,0,1,205,task,30,0,1610,50,652,0
2,145,272,-2.431993255,-0.568485451,1.511343685,-2.539219671,-1.662082907,-0.850393427,0,1,206,task,10,0,1610,50,652,0
2,145,273,-2.411002842,-0.546778412,1.458375895,-2.508051891,-1.66264269,-0.829399629,0,1,207,task,30,0,1610,50,652,0
2,145,274,-2.390827924,-0.52386451,1.403019157,-2.475764491,-1.663225429,-0.809222542,0,1,208,task,30,0,1610,50,652,0
2,145,275,-2.371548894,-0.499699462,1.3469795,-2.446466852,-1.663499395,-0.790001097,0,1,209,task,30,0,1610,50,652,0
2,145,276,-2.35377716,-0.474476363,1.295525423,-2.431486708,-1.661395771,-0.77236001,0,1,210,task,30,0,1610,50,652,0
2,145,277,-2.337437749,-0.447944802,1.23734574,-2.406007643,-1.656674587,-0.755779644,0,1,211,task,30,0,1610,50,652,0
2,145,278,-2.321352372,-0.419869267,1.171029442,-2.368498516,-1.653133197,-0.739415491,0,1,212,task,30,0,1610,50,652,0
2,145,279,-2.305706373,-0.389777447,1.099399946,-2.326591089,-1.650173399,-0.723521757,0,1,213,task,30,0,1610,50,652,0
2,145,280,-2.289480343,-0.357564158,1.022372593,-2.281572271,-1.651366964,-0.707300198,0,1,214,task,30,0,1610,50,652,0
2,145,281,-2.306340765,-0.333709538,0.95894854,-2.24218201,-1.650113883,-0.724154766,0,1,215,task,10,0,1610,50,652,0
2,145,282,-2.321582445,-0.368069603,1.039297293,-2.288715618,-1.652564442,-0.739613205,0,1,216,task,30,0,1610,50,652,0
2,145,283,-2.337642723,-0.399526099,1.113931387,-2.33268414,-1.654188662,-0.755852935,0,1,217,task,30,0,1610,50,652,0
2,145,284,-2.35414789,-0.428683661,1.18232107,-2.371265431,-1.65637339,-0.772556828,0,1,218,task,30,0,1610,50,652,0
2,145,285,-2.371180725,-0.455968993,1.245979668,-2.406210134,-1.658902746,-0.789798304,0,1,219,task,30,0,1610,50,652,0
2,145,286,-2.388676453,-0.481732958,1.30145037,-2.428723364,-1.661975325,-0.80738254,0,1,220,task,30,0,1610,50,652,0
2,145,287,-2.407704752,-0.506254346,1.355547304,-2.452535335,-1.662310066,-0.82631209,0,1,221,task,30,0,1610,50,652,0
2,145,288,-2.427620859,-0.529654844,1.40889952,-2.479013018,-1.662212346,-0.846148903,0,1,222,task,30,0,1610,50,652,0
2,145,289,-2.448480116,-0.551929816,1.461382067,-2.507759714,-1.661642114,-0.866960042,0,1,223,task,30,0,1610,50,652,0
2,145,290,-2.4512702,-0.554762435,1.468081848,-2.511440037,-1.661573255,-0.869743754,0,1,224,task,30,0,1610,50,652,0
2,145,291,-2.469812906,-0.539829195,1.422534444,-2.482508329,-1.661051119,-0.888355299,0,1,225,task,10,0,1610,50,652,0
2,145,292,-2.449086596,-0.517436688,1.37378781,-2.462266801,-1.661093093,-0.867815906,0,1,226,task,30,0,1610,50,652,0
2,145,293,-2.429174393,-0.493911795,1.320564875,-2.436162011,-1.660879201,-0.847952898,0,1,227,task,30,0,1610,50,652,0
2,145,294,-2.410202683,-0.469134347,1.264984136,-2.409392394,-1.65994129,-0.828973148,0,1,228,task,30,0,1610,50,652,0
2,145,295,-2.392259713,-0.443016894,1.206993405,-2.382200245,-1.657839138,-0.81093361,0,1,229,task,30,0,1610,50,652,0
2,145,296,-2.374798472,-0.415193806,1.141694461,-2.345187983,-1.656237616,-0.79330258,0,1,230,task,30,0,1610,50,652,0
2,145,297,-2.357961783,-0.38530126,1.072125004,-2.306096657,-1.654648939,-0.776301671,0,1,231,task,30,0,1610,50,652,0
2,145,298,-2.341588975,-0.352977634,0.996406135,-2.262402155,-1.653542985,-0.759784554,0,1,232,task,30,0,1610,50,652,0
2,145,299,-2.32575911,-0.317543551,0.913803286,-2.214673834,-1.65258221,-0.743820664,0,1,233,task,30,0,1610,50,652,0
2,145,300,-2.338427054,-0.287233155,0.827687352,-2.158223945,-1.655596069,-0.756723032,0,1,234,task,10,0,1610,50,652,0
2,145,301,-2.354263798,-0.325077146,0.915540576,-2.208040579,-1.65624813,-0.772664048,0,1,235,task,30,0,1610,50,652,0
2,145,302,-2.370668401,-0.359126436,0.995394668,-2.253734507,-1.656900532,-0.789176201,0,1,236,task,30,0,1610,50,652,0
2,145,303,-2.387664548,-0.390177747,1.068994688,-2.296258087,-1.657551427,-0.806283387,0,1,237,task,30,0,1610,50,652,0
2,145,304,-2.405276551,-0.41876251,1.137505373,-2.336248781,-1.658198712,-0.824010135,0,1,238,task,30,0,1610,50,652,0
2,145,305,-2.423528879,-0.445302526,1.201607227,-2.373796533,-1.658837112,-0.842376481,0,1,239,task,30,0,1610,50,652,0
2,145,306,-2.442421694,-0.470883446,1.259893044,-2.403797884,-1.659479772,-0.861308003,0,1,240,task,30,0,1610,50,652,0
2,145,307,-2.461856959,-0.495272914,1.314658421,-2.431002874,-1.660552417,-0.880780853,0,1,241,task,30,0,1610,50,652,0
2,145,308,-2.482419034,-0.518385139,1.369747233,-2.463574291,-1.66033744,-0.9014092,0,1,242,task,30,0,1610,50,652,0
2,145,309,-2.487814037,-0.524044393,1.383603758,-2.472269844,-1.66014497,-0.906823911,0,1,243,task,30,0,1610,50,652,0
2,145,310,-2.505004857,-0.506957332,1.333352456,-2.440638027,-1.659411533,-0.924067297,0,1,244,task,10,0,1610,50,652,0
2,145,311,-2.484415008,-0.484780344,1.279715215,-2.410008158,-1.65938226,-0.903441492,0,1,245,task,30,0,1610,50,652,0
2,145,312,-2.464783939,-0.461217667,1.222192127,-2.375781307,-1.658448279,-0.883673751,0,1,246,task,30,0,1610,50,652,0
2,145,313,-2.445818342,-0.435979255,1.161269722,-2.339941827,-1.657509352,-0.864576412,0,1,247,task,30,0,1610,50,652,0
2,145,314,-2.427495527,-0.408835535,1.096447092,-2.302213522,-1.656568382,-0.846126485,0,1,248,task,30,0,1610,50,652,0
2,145,315,-2.409792872,-0.379478538,1.02705112,-2.262226487,-1.655627935,-0.828301054,0,1,249,task,30,0,1610,50,652,0
2,145,316,-2.392687965,-0.347481143,0.952147607,-2.219469005,-1.654690261,-0.81107742,0,1,250,task,30,0,1610,50,652,0
2,145,317,-2.376158726,-0.312224188,0.870382019,-2.173201205,-1.653757322,-0.794433226,0,1,251,task,30,0,1610,50,652,0
2,145,318,-2.360183495,-0.272753525,0.77966689,-2.12228542,-1.652830821,-0.778346546,0,1,252,task,30,0,1610,50,652,0
2,145,319,-2.299461688,-0.372603254,0.840523283,-2.079863464,-1.646520758,-0.718473734,0,0,,transition,10,0,1610,50,652,0
2,145,320,-2.238739881,-0.472452983,0.901379676,-2.037441509,-1.640210695,-0.658600923,0,0,,transition,10,0,1610,50,652,0
2,145,321,-2.178018073,-0.572302712,0.962236069,-1.995019554,-1.633900632,-0.598728112,0,0,,transition,10,0,1610,50,652,0
2,145,322,-2.117296266,-0.672152441,1.023092462,-1.952597599,-1.627590568,-0.538855301,0,0,,transition,10,0,1610,50,652,0
2,145,323,-2.056574458,-0.772002169,1.083948855,-1.910175643,-1.621280505,-0.47898249,0,0,,transition,10,0,1610,50,652,0
2,145,324,-1.995852652,-0.871851898,1.144805248,-1.867753688,-1.614970442,-0.419109678,0,0,,transition,10,0,1610,50,652,0
2,145,325,-1.935130844,-0.971701627,1.205661641,-1.825331732,-1.608660379,-0.359236867,0,0,,transition,10,0,1610,50,652,0
2,145,326,-1.874409037,-1.071551355,1.266518035,-1.782909777,-1.602350316,-0.299364056,0,0,,transition,10,0,1610,50,652,0
2,145,327,-1.813687229,-1.171401085,1.327374428,-1.740487821,-1.596040253,-0.239491245,0,0,,transition,10,0,1610,50,652,0
2,145,328,-1.752965422,-1.271250813,1.38823082,-1.698065867,-1.589730189,-0.179618434,0,0,,transition,10,0,1610,50,652,0
2,145,329,-1.692243615,-1.371100542,1.449087213,-1.655643911,-1.583420126,-0.119745622,0,0,,transition,10,0,1610,50,652,0
2,145,330,-1.631521808,-1.470950271,1.509943607,-1.613221956,-1.577110063,-0.059872811,0,0,,transition,10,0,1610,50,652,0
2,145,331,-1.5708,-1.5708,1.5708,-1.5708,-1.5708,0,0,0,,home,30,0,1610,50,652,0
2,146,1,-1.5708,-1.5708,1.5708,-1.5708,-1.5708,0,0,0,,home,30,0,1610,50,652,0
2,146,2,-1.63090886,-1.475673709,1.560180128,-1.650076288,-1.571361934,-0.058750764,0,0,,transition,10,0,1610,50,652,0
2,146,3,-1.691017718,-1.380547419,1.549560256,-1.729352578,-1.57192387,-0.117501529,0,0,,transition,10,0,1610,50,652,0
2,146,4,-1.751126578,-1.285421128,1.538940384,-1.808628866,-1.572485804,-0.176252293,0,0,,transition,10,0,1610,50,652,0
2,146,5,-1.811235437,-1.190294839,1.528320512,-1.887905155,-1.573047738,-0.235003058,0,0,,transition,10,0,1610,50,652,0
2,146,6,-1.871344296,-1.095168548,1.51770064,-1.967181444,-1.573609673,-0.293753822,0,0,,transition,10,0,1610,50,652,0
2,146,7,-1.931453155,-1.000042258,1.507080769,-2.046457733,-1.574171608,-0.352504587,0,0,,transition,10,0,1610,50,652,0
2,146,8,-1.991562015,-0.904915968,1.496460896,-2.125734021,-1.574733542,-0.411255351,0,0,,transition,10,0,1610,50,652,0
2,146,9,-2.051670874,-0.809789677,1.485841024,-2.205010311,-1.575295476,-0.470006116,0,0,,transition,10,0,1610,50,652,0
2,146,10,-2.111779733,-0.714663387,1.475221152,-2.284286599,-1.575857412,-0.52875688,0,0,,transition,10,0,1610,50,652,0
2,146,11,-2.171888593,-0.619537096,1.46460128,-2.363562887,-1.576419346,-0.587507644,0,0,,transition,10,0,1610,50,652,0
2,146,12,-2.231997451,-0.524410806,1.453981409,-2.442839177,-1.57698128,-0.646258409,0,1,1,task,10,0,1610,50,652,0
2,146,13,-2.216356913,-0.498878481,1.393286825,-2.411674865,-1.573511822,-0.630802317,0,1,2,task,30,0,1610,50,652,0
2,146,14,-2.201085518,-0.472257313,1.331007402,-2.381489455,-1.571134345,-0.615712509,0,1,3,task,30,0,1610,50,652,0
2,146,15,-2.185964406,-0.444595302,1.267645098,-2.353662991,-1.57049578,-0.600768805,0,1,4,task,30,0,1610,50,652,0
2,146,16,-2.171280768,-0.415220153,1.197309242,-2.316484651,-1.570583511,-0.586154878,0,1,5,task,30,0,1610,50,652,0
2,146,17,-2.157484881,-0.383766385,1.122963259,-2.277485364,-1.569857617,-0.572430516,0,1,6,task,30,0,1610,50,652,0
2,146,18,-2.144748032,-0.349159885,1.039445916,-2.2282216,-1.567507841,-0.559715074,0,1,7,task,30,0,1610,50,652,0
2,146,19,-2.132841377,-0.311144634,0.949223018,-2.175814184,-1.564145443,-0.547844943,0,1,8,task,30,0,1610,50,652,0
2,146,20,-2.121625722,-0.26877119,0.850120841,-2.119033216,-1.560090051,-0.53667975,0,1,9,task,30,0,1610,50,652,0
2,146,21,-2.116780574,-0.244695986,0.795168258,-2.088636654,-1.55610709,-0.531897645,0,0,,transition,10,0,1610,50,652,0
2,146,22,-2.111934566,-0.220612734,0.740258003,-2.05829106,-1.552124171,-0.527114611,0,1,10,task,10,0,1610,50,652,0
2,146,23,-2.107241026,-0.192776928,0.677895226,-2.025491177,-1.548307781,-0.522497925,0,0,,transition,10,0,1610,50,652,0
2,146,24,-2.102545575,-0.164929381,0.615576774,-1.992747913,-1.544491563,-0.517879265,0,1,11,task,10,0,1610,50,652,0
2,146,25,-2.121932722,-0.147847533,0.573669603,-1.964039367,-1.553815859,-0.537084665,0,1,12,task,10,0,1610,50,652,0
2,146,26,-2.126256325,-0.17785465,0.64087567,-2.001034319,-1.559623989,-0.541327249,0,0,,transition,10,0,1610,50,652,0
2,146,27,-2.130578779,-0.207892466,0.708227913,-2.038146084,-1.565432127,-0.545568554,0,1,13,task,10,0,1610,50,652,0
2,146,28,-2.136427928,-0.232766564,0.76568523,-2.070783332,-1.566362465,-0.551407544,0,0,,transition,10,0,1610,50,652,0
2,146,29,-2.142274821,-0.257648625,0.823223846,-2.103493941,-1.567292728,-0.557244273,0,1,14,task,10,0,1610,50,652,0
2,146,30,-2.148471798,-0.279234145,0.873793959,-2.132532189,-1.567866692,-0.563434986,0,0,,transition,10,0,1610,50,652,0
2,146,31,-2.154666973,-0.300815126,0.924408725,-2.161619633,-1.568440596,-0.569623894,0,1,15,task,10,0,1610,50,652,0
2,146,32,-2.167588322,-0.339308691,1.015845935,-2.214693309,-1.56960243,-0.582532785,0,1,16,task,30,0,1610,50,652,0
2,146,33,-2.181070338,-0.374224113,1.099948819,-2.264035288,-1.570778607,-0.596002454,0,1,17,task,30,0,1610,50,652,0
2,146,34,-2.195146715,-0.40626051,1.178267507,-2.310498515,-1.571969473,-0.610066637,0,1,18,task,30,0,1610,50,652,0
2,146,35,-2.210211809,-0.435599024,1.248160423,-2.346800068,-1.571975629,-0.625057315,0,1,19,task,30,0,1610,50,652,0
2,146,36,-2.225909524,-0.463058098,1.309641995,-2.370804848,-1.57208711,-0.64054558,0,1,20,task,30,0,1610,50,652,0
2,146,37,-2.241460863,-0.489744138,1.370569022,-2.398109696,-1.574887486,-0.655868082,0,1,21,task,30,0,1610,50,652,0
2,146,38,-2.256507913,-0.515777506,1.429281628,-2.424821447,-1.581354191,-0.67060734,0,1,22,task,30,0,1610,50,652,0
2,146,39,-2.26994438,-0.541699306,1.486817396,-2.452887628,-1.59456401,-0.683687462,0,1,23,task,30,0,1610,50,652,0
2,146,40,-2.286664138,-0.565673075,1.548591165,-2.494889888,-1.600400234,-0.700479106,0,1,24,task,30,0,1610,50,652,0
2,146,41,-2.305378463,-0.587941125,1.604834932,-2.528342558,-1.602909784,-0.719109232,0,1,25,task,30,0,1610,50,652,0
2,146,42,-2.31891194,-0.602597629,1.64214251,-2.550490889,-1.604118725,-0.732580252,0,1,26,task,30,0,1610,50,652,0
2,146,43,-2.341926726,-0.590399874,1.608117951,-2.529445775,-1.605486513,-0.755567656,0,1,27,task,10,0,1610,50,652,0
2,146,44,-2.322576693,-0.568409824,1.554597656,-2.500101095,-1.602449389,-0.736384039,0,1,28,task,30,0,1610,50,652,0
2,146,45,-2.303947143,-0.545404256,1.494980976,-2.460486906,-1.599775095,-0.717691304,0,1,29,task,30,0,1610,50,652,0
2,146,46,-2.286355827,-0.520881709,1.433595908,-2.421563994,-1.596544586,-0.70008672,0,1,30,task,30,0,1610,50,652,0
2,146,47,-2.272822821,-0.494011864,1.373662321,-2.390432674,-1.583423174,-0.686850153,0,1,31,task,30,0,1610,50,652,0
2,146,48,-2.258800055,-0.467151014,1.31982245,-2.376381943,-1.573732194,-0.67338479,0,1,32,task,30,0,1610,50,652,0
2,146,49,-2.242266837,-0.440745978,1.264264914,-2.362231614,-1.573933147,-0.657159794,0,1,33,task,30,0,1610,50,652,0
2,146,50,-2.226744161,-0.411991771,1.192610862,-2.319162606,-1.572984765,-0.641647696,0,1,34,task,30,0,1610,50,652,0
2,146,51,-2.211876812,-0.380951871,1.116471327,-2.273916354,-1.572053229,-0.626790899,0,1,35,task,30,0,1610,50,652,0
2,146,52,-2.197628532,-0.347198688,1.034890743,-2.225963124,-1.571138056,-0.612553118,0,1,36,task,30,0,1610,50,652,0
2,146,53,-2.183965295,-0.310113057,0.946496333,-2.174547694,-1.570238738,-0.598900306,0,1,37,task,30,0,1610,50,652,0
2,146,54,-2.170855184,-0.268746,0.84919579,-2.118525265,-1.569354756,-0.585800526,0,1,38,task,30,0,1610,50,652,0
2,146,55,-2.164562771,-0.245128386,0.794319773,-2.087230569,-1.568920203,-0.579513224,0,0,,transition,10,0,1610,50,652,0
2,146,56,-2.158268272,-0.221516297,0.739515457,-2.056002052,-1.568485583,-0.573223835,0,1,39,task,10,0,1610,50,652,0
2,146,57,-2.152223871,-0.19344686,0.675108652,-2.019635953,-1.568058187,-0.567184484,0,0,,transition,10,0,1610,50,652,0
2,146,58,-2.146176496,-0.165415026,0.610858677,-1.983389087,-1.567630694,-0.561142159,0,1,40,task,10,0,1610,50,652,0
2,146,59,-2.140367508,-0.129170036,0.528752569,-1.937506235,-1.567210212,-0.555338154,0,0,,transition,10,0,1610,50,652,0
2,146,60,-2.134553547,-0.09311727,0.447178121,-1.891962831,-1.566789568,-0.549529178,0,1,41,task,10,0,1610,50,652,0
2,146,61,-2.148245859,-0.131607915,0.537173121,-1.945720059,-1.570114215,-0.563239718,0,0,,transition,10,0,1610,50,652,0
2,146,62,-2.161934737,-0.170369985,0.627897913,-1.999936212,-1.57343838,-0.576946821,0,0,,transition,10,0,1610,50,652,0
2,146,63,-2.175620629,-0.209274905,0.719079149,-2.05446649,-1.576762095,-0.590650931,0,0,,transition,10,0,1610,50,652,0
2,146,64,-2.18930397,-0.248248828,0.81056567,-2.109233552,-1.580085392,-0.604352486,0,0,,transition,10,0,1610,50,652,0
2,146,65,-2.202985195,-0.287244733,0.902267602,-2.164194526,-1.583408295,-0.618051922,0,0,,transition,10,0,1610,50,652,0
2,146,66,-2.216664744,-0.32622954,0.994128531,-2.219326063,-1.58673083,-0.63174968,0,0,,transition,10,0,1610,50,652,0
2,146,67,-2.230343077,-0.365177517,1.086111607,-2.274617041,-1.590053014,-0.645446219,0,0,,transition,10,0,1610,50,652,0
2,146,68,-2.24402067,-0.404066546,1.178192113,-2.330064855,-1.593374863,-0.659142018,0,1,42,task,10,0,1610,50,652,0
2,146,69,-2.26047008,-0.432409015,1.248767836,-2.371392927,-1.5919737,-0.675565536,0,1,43,task,30,0,1610,50,652,0
2,146,70,-2.277628701,-0.458778698,1.315507648,-2.410822145,-1.590620764,-0.692698838,0,1,44,task,30,0,1610,50,652,0
2,146,71,-2.292978325,-0.484347292,1.342585649,-2.366902062,-1.596462876,-0.706690474,0,1,45,task,10,0,1610,50,652,0
2,146,72,-2.310367776,-0.510435892,1.40635266,-2.40604857,-1.598880279,-0.724077744,0,1,46,task,30,0,1610,50,652,0
2,146,73,-2.328544852,-0.535043605,1.467310371,-2.443955569,-1.601300669,-0.742257671,0,1,47,task,30,0,1610,50,652,0
2,146,74,-2.347554929,-0.558299306,1.525757072,-2.480798527,-1.603721299,-0.761276142,0,1,48,task,30,0,1610,50,652,0
2,146,75,-2.364135714,-0.577306933,1.572116098,-2.507320856,-1.606789052,-0.777752275,0,1,49,task,30,0,1610,50,652,0
2,146,76,-2.385555754,-0.563278299,1.534085804,-2.484102586,-1.608028557,-0.799150768,0,1,50,task,10,0,1610,50,652,0
2,146,77,-2.361564934,-0.54237314,1.490206747,-2.477445119,-1.617992303,-0.775920532,0,1,51,task,10,0,1610,50,652,0
2,146,78,-2.340746709,-0.519881702,1.436946143,-2.452483014,-1.621348179,-0.755408287,0,1,52,task,30,0,1610,50,652,0
2,146,79,-2.320724146,-0.496188258,1.381224652,-2.426144872,-1.624988779,-0.735688143,0,1,53,task,30,0,1610,50,652,0
2,146,80,-2.30343686,-0.470611057,1.326210333,-2.405804016,-1.622771863,-0.718714725,0,1,54,task,30,0,1610,50,652,0
2,146,81,-2.288329503,-0.44376948,1.26739666,-2.381029653,-1.615752024,-0.703709132,0,1,55,task,30,0,1610,50,652,0
2,146,82,-2.272149278,-0.41602984,1.199148742,-2.340982484,-1.614154736,-0.687520862,0,1,56,task,30,0,1610,50,652,0
2,146,83,-2.256619658,-0.386197272,1.126757024,-2.298959438,-1.612592498,-0.671984362,0,1,57,task,30,0,1610,50,652,0
2,146,84,-2.276597489,-0.36884842,1.082609742,-2.273576251,-1.612157129,-0.691980581,0,1,58,task,10,0,1610,50,652,0
2,146,85,-2.292232226,-0.39956977,1.156256014,-2.315770544,-1.6139874,-0.707622765,0,1,59,task,30,0,1610,50,652,0
2,146,86,-2.30850082,-0.428064551,1.225421095,-2.355793542,-1.615857967,-0.723899877,0,1,60,task,30,0,1610,50,652,0
2,146,87,-2.324698297,-0.455242459,1.288251732,-2.387953154,-1.620043938,-0.740062091,0,1,61,task,30,0,1610,50,652,0
2,146,88,-2.340498929,-0.48178736,1.344740829,-2.410693293,-1.627450953,-0.75573047,0,1,62,task,30,0,1610,50,652,0
2,146,89,-2.358990845,-0.506471673,1.404821082,-2.44615778,-1.628812777,-0.774225702,0,1,63,task,30,0,1610,50,652,0
2,146,90,-2.378593809,-0.52964459,1.463093717,-2.482440622,-1.629247999,-0.793858585,0,1,64,task,30,0,1610,50,652,0
2,146,91,-2.399045425,-0.551500931,1.51888273,-2.517614699,-1.629676634,-0.814342419,0,1,65,task,30,0,1610,50,652,0
2,146,92,-2.399316388,-0.551776142,1.519590845,-2.518064097,-1.629682138,-0.814613816,0,1,66,task,30,0,1610,50,652,0
2,146,93,-2.419491883,-0.537653615,1.478460437,-2.492249596,-1.63008471,-0.83482056,0,1,67,task,10,0,1610,50,652,0
2,146,94,-2.398981754,-0.515384103,1.422426215,-2.457216437,-1.629682242,-0.81427651,0,1,68,task,30,0,1610,50,652,0
2,146,95,-2.379293833,-0.491752936,1.363760386,-2.420969891,-1.629270688,-0.79455693,0,1,69,task,30,0,1610,50,652,0
2,146,96,-2.361795117,-0.466345535,1.306554362,-2.39281301,-1.624511385,-0.777130694,0,1,70,task,30,0,1610,50,652,0
2,146,97,-2.345079894,-0.439536121,1.246989688,-2.364426617,-1.619431488,-0.760480911,0,1,71,task,30,0,1610,50,652,0
2,146,98,-2.328515057,-0.411748037,1.182390959,-2.330121308,-1.615919041,-0.743933672,0,1,72,task,30,0,1610,50,652,0
2,146,99,-2.31220867,-0.382449595,1.112278205,-2.290232918,-1.613641849,-0.727618188,0,1,73,task,30,0,1610,50,652,0
2,146,100,-2.296516565,-0.350773971,1.037310111,-2.24796193,-1.611413021,-0.711917783,0,1,74,task,30,0,1610,50,652,0
2,146,101,-2.313290078,-0.32475639,0.974306132,-2.213289688,-1.609509398,-0.728706201,0,1,75,task,10,0,1610,50,652,0
2,146,102,-2.328841007,-0.35804791,1.051815298,-2.255988595,-1.612375016,-0.744267197,0,1,76,task,30,0,1610,50,652,0
2,146,103,-2.344976319,-0.388695158,1.123837354,-2.295958206,-1.615302178,-0.760412475,0,1,77,task,30,0,1610,50,652,0
2,146,104,-2.361641384,-0.417420375,1.190886262,-2.332449049,-1.618527701,-0.777076268,0,1,78,task,30,0,1610,50,652,0
2,146,105,-2.378729745,-0.445018557,1.253130726,-2.364100699,-1.622417741,-0.794129733,0,1,79,task,30,0,1610,50,652,0
2,146,106,-2.396449563,-0.471076672,1.312163851,-2.394245632,-1.626433442,-0.811805773,0,1,80,task,30,0,1610,50,652,0
2,146,107,-2.415014632,-0.495711492,1.368865176,-2.424227987,-1.630012121,-0.83033224,0,1,81,task,30,0,1610,50,652,0
2,146,108,-2.435403519,-0.518681487,1.425762976,-2.459456235,-1.630387595,-0.850756918,0,1,82,task,30,0,1610,50,652,0
2,146,109,-2.438924936,-0.522425178,1.435104664,-2.46527923,-1.630449633,-0.8542846,0,1,83,task,30,0,1610,50,652,0
2,146,110,-2.457638905,-0.506023051,1.389399783,-2.43709718,-1.630779742,-0.873029186,0,1,84,task,10,0,1610,50,652,0
2,146,111,-2.437600914,-0.48264254,1.333653473,-2.404753364,-1.628988124,-0.852982372,0,1,85,task,30,0,1610,50,652,0
2,146,112,-2.418819753,-0.457765976,1.276634399,-2.374444896,-1.625588543,-0.83422912,0,1,86,task,30,0,1610,50,652,0
2,146,113,-2.400699318,-0.431422145,1.216559534,-2.342701917,-1.622287741,-0.81613322,0,1,87,task,30,0,1610,50,652,0
2,146,114,-2.383214311,-0.403416054,1.153005282,-2.309285472,-1.619084596,-0.798668665,0,1,88,task,30,0,1610,50,652,0
2,146,115,-2.36650764,-0.373949266,1.085518998,-2.27344849,-1.615363903,-0.781964415,0,1,89,task,30,0,1610,50,652,0
2,146,116,-2.350531763,-0.342623017,1.013376995,-2.234891193,-1.611174503,-0.765976136,0,1,90,task,30,0,1610,50,652,0
2,146,117,-2.33510821,-0.308539539,0.935448297,-2.193454403,-1.607071576,-0.750537471,0,1,91,task,30,0,1610,50,652,0
2,146,118,-2.348640421,-0.271695445,0.84927286,-2.147112072,-1.603720414,-0.764068169,0,1,92,task,10,0,1610,50,652,0
2,146,119,-2.364735687,-0.308869908,0.935355686,-2.195519751,-1.605198462,-0.780178067,0,1,93,task,30,0,1610,50,652,0
2,146,120,-2.380029228,-0.34228818,1.009944805,-2.23289978,-1.611481775,-0.795497398,0,1,94,task,30,0,1610,50,652,0
2,146,121,-2.395605912,-0.373322199,1.078759648,-2.266776886,-1.61865999,-0.811095138,0,1,95,task,30,0,1610,50,652,0
2,146,122,-2.412244283,-0.40317657,1.145590837,-2.302320459,-1.624139211,-0.827786177,0,1,96,task,30,0,1610,50,652,0
2,146,123,-2.429470535,-0.431134041,1.208433529,-2.335986056,-1.629684637,-0.845073783,0,1,97,task,30,0,1610,50,652,0
2,146,124,-2.447307881,-0.457446228,1.267837407,-2.368084759,-1.635293862,-0.862983251,0,1,98,task,30,0,1610,50,652,0
2,146,125,-2.460651172,-0.485269899,1.333208697,-2.41724561,-1.657214635,-0.877590192,0,1,99,task,10,0,1610,50,652,0
2,146,126,-2.466383503,-0.493332069,1.352644929,-2.430879704,-1.660133435,-0.883562179,0,1,100,task,30,0,1610,50,652,0
2,146,127,-2.483917736,-0.475661986,1.302733082,-2.400208441,-1.660106226,-0.901166576,0,1,101,task,10,0,1610,50,652,0
2,146,128,-2.464244214,-0.450556919,1.243295793,-2.362860869,-1.658055535,-0.881258201,0,1,102,task,30,0,1610,50,652,0
2,146,129,-2.491446578,-0.444996378,1.223990606,-2.354221818,-1.659714978,-0.908784408,0,1,103,task,10,0,1610,50,652,0
2,146,130,-2.500800246,-0.456522257,1.24993558,-2.36806211,-1.660054012,-0.918116521,0,1,104,task,30,0,1610,50,652,0
2,146,131,-2.517055472,-0.435769864,1.193950913,-2.334284074,-1.659979634,-0.934436491,0,1,105,task,10,0,1610,50,652,0
2,146,132,-2.497247725,-0.409822738,1.136583473,-2.304817715,-1.659067207,-0.914701063,0,1,106,task,30,0,1610,50,652,0
2,146,133,-2.520870329,-0.397379466,1.100076855,-2.282005631,-1.659117183,-0.938382377,0,1,107,task,10,0,1610,50,652,0
2,146,134,-2.532707672,-0.413221999,1.134387938,-2.298667911,-1.659885686,-0.950150796,0,1,108,task,30,0,1610,50,652,0
2,146,135,-2.547780774,-0.388639502,1.070730047,-2.260938134,-1.659774529,-0.965283428,0,1,109,task,10,0,1610,50,652,0
2,146,136,-2.528522786,-0.361189799,1.012971673,-2.235583322,-1.657895684,-0.946207644,0,1,110,task,30,0,1610,50,652,0
2,146,137,-2.548489144,-0.34140926,0.962111955,-2.207817144,-1.657108519,-0.966302324,0,1,111,task,10,0,1610,50,652,0
2,146,138,-2.562298251,-0.361700519,1.002277957,-2.220719288,-1.659648307,-0.979857931,0,1,112,task,30,0,1610,50,652,0
2,146,139,-2.576283025,-0.331956176,0.928053088,-2.177483645,-1.659508964,-0.993897305,0,1,113,task,10,0,1610,50,652,0
2,146,140,-2.558524508,-0.304025727,0.875194673,-2.165899409,-1.653415333,-0.976511476,0,1,114,task,30,0,1610,50,652,0
2,146,141,-2.4825457,-0.401469901,0.928702775,-2.120122532,-1.647060308,-0.901395209,0,0,,transition,10,0,1610,50,652,0
2,146,142,-2.406566892,-0.498914076,0.982210877,-2.074345654,-1.640705282,-0.826278941,0,0,,transition,10,0,1610,50,652,0
2,146,143,-2.330588083,-0.596358251,1.035718979,-2.028568776,-1.634350256,-0.751162674,0,0,,transition,10,0,1610,50,652,0
2,146,144,-2.254609275,-0.693802426,1.089227081,-1.982791898,-1.627995231,-0.676046406,0,0,,transition,10,0,1610,50,652,0
2,146,145,-2.178630466,-0.791246601,1.142735183,-1.937015021,-1.621640205,-0.600930139,0,0,,transition,10,0,1610,50,652,0
2,146,146,-2.102651659,-0.888690776,1.196243285,-1.891238144,-1.61528518,-0.525813872,0,0,,transition,10,0,1610,50,652,0
2,146,147,-2.02667285,-0.986134951,1.249751388,-1.845461266,-1.608930154,-0.450697604,0,0,,transition,10,0,1610,50,652,0
2,146,148,-1.950694042,-1.083579126,1.30325949,-1.799684388,-1.602575128,-0.375581337,0,0,,transition,10,0,1610,50,652,0
2,146,149,-1.874715233,-1.1810233,1.356767592,-1.75390751,-1.596220103,-0.300465069,0,0,,transition,10,0,1610,50,652,0
2,146,150,-1.798736425,-1.278467476,1.410275694,-1.708130632,-1.589865077,-0.225348802,0,0,,transition,10,0,1610,50,652,0
2,146,151,-1.722757617,-1.37591165,1.463783796,-1.662353756,-1.583510051,-0.150232535,0,0,,transition,10,0,1610,50,652,0
2,146,152,-1.646778809,-1.473355826,1.517291898,-1.616576878,-1.577155026,-0.075116267,0,0,,transition,10,0,1610,50,652,0
2,146,153,-1.5708,-1.5708,1.5708,-1.5708,-1.5708,0,0,0,,home,30,0,1610,50,652,0
