target_line,group_id,point_id,q1,q2,q3,q4,q5,q6,is_discontinuous,is_task_waypoint,source_point_id,waypoint_kind,speed,base_normal_error_mm,base_x_actual_mm,standoff_mm,base_height_mm,lift_mm
1,132,1,-1.5708,-1.5708,1.5708,-1.5708,-1.5708,0,0,0,,home,30,0,-1610,10,652,0
1,132,2,-1.590879071,-1.465230166,1.475841054,-1.581695521,-1.572624905,-0.019210932,0,0,,transition,10,0,-1610,10,652,0
1,132,3,-1.610958143,-1.359660333,1.38088211,-1.592591041,-1.574449809,-0.038421864,0,0,,transition,10,0,-1610,10,652,0
1,132,4,-1.631037214,-1.254090499,1.285923164,-1.603486563,-1.576274714,-0.057632797,0,0,,transition,10,0,-1610,10,652,0
1,132,5,-1.651116285,-1.148520666,1.19096422,-1.614382084,-1.578099618,-0.076843729,0,0,,transition,10,0,-1610,10,652,0
1,132,6,-1.671195356,-1.042950832,1.096005275,-1.625277604,-1.579924523,-0.096054661,0,0,,transition,10,0,-1610,10,652,0
1,132,7,-1.691274428,-0.937380999,1.001046329,-1.636173125,-1.581749427,-0.115265593,0,0,,transition,10,0,-1610,10,652,0
1,132,8,-1.7113535,-0.831811165,0.906087384,-1.647068647,-1.583574332,-0.134476526,0,0,,transition,10,0,-1610,10,652,0
1,132,9,-1.731432571,-0.726241332,0.811128439,-1.657964167,-1.585399236,-0.153687458,0,0,,transition,10,0,-1610,10,652,0
1,132,10,-1.751511643,-0.620671498,0.716169494,-1.668859688,-1.587224141,-0.17289839,0,0,,transition,10,0,-1610,10,652,0
1,132,11,-1.771590714,-0.515101665,0.621210549,-1.679755209,-1.589049046,-0.192109322,0,0,,transition,10,0,-1610,10,652,0
1,132,12,-1.791669785,-0.409531831,0.526251604,-1.69065073,-1.59087395,-0.211320255,0,0,,transition,10,0,-1610,10,652,0
1,132,13,-1.811748856,-0.303961998,0.431292659,-1.701546251,-1.592698855,-0.230531187,0,0,,transition,10,0,-1610,10,652,0
1,132,14,-1.831827928,-0.198392164,0.336333714,-1.712441772,-1.594523759,-0.249742119,0,0,,transition,10,0,-1610,10,652,0
1,132,15,-1.851906999,-0.09282233,0.241374769,-1.723337293,-1.596348664,-0.268953051,0,0,,transition,10,0,-1610,10,652,0
1,132,16,-1.87198607,0.012747503,0.146415824,-1.734232814,-1.598173568,-0.288163984,0,0,,transition,10,0,-1610,10,652,0
1,132,17,-1.892065141,0.118317337,0.051456879,-1.745128335,-1.599998473,-0.307374916,0,1,1,task,10,0,-1610,10,652,0
1,132,18,-1.894332636,0.085402164,0.124592159,-1.784665545,-1.599642064,-0.309638861,0,0,,transition,30,0,-1610,10,652,0
1,132,19,-1.89660013,0.052486992,0.19772744,-1.824202756,-1.599285654,-0.311902806,0,0,,transition,10,0,-1610,10,652,0
1,132,20,-1.898876366,-0.009451973,0.335650348,-1.899511345,-1.598925164,-0.314175684,0,1,2,task,10,0,-1610,10,652,0
1,132,21,-1.902462056,-0.057403603,0.444183742,-1.959077374,-1.598399168,-0.317755883,0,0,,transition,10,0,-1610,10,652,0
1,132,22,-1.906033747,-0.100792347,0.542781978,-2.01327089,-1.597872912,-0.321322085,0,1,3,task,10,0,-1610,10,652,0
1,132,23,-1.909526581,-0.133496785,0.61817068,-2.055060163,-1.598385395,-0.324817585,0,0,,transition,10,0,-1610,10,652,0
1,132,24,-1.913009464,-0.165137938,0.69127879,-2.09563173,-1.598897655,-0.328303131,0,1,4,task,10,0,-1610,10,652,0
1,132,25,-1.91646397,-0.191505985,0.753065354,-2.130266191,-1.600203196,-0.331767278,0,0,,transition,10,0,-1610,10,652,0
1,132,26,-1.919910512,-0.217430255,0.81392043,-2.16441242,-1.601508551,-0.335223439,0,1,5,task,10,0,-1610,10,652,0
1,132,27,-1.927123034,-0.262357135,0.921077545,-2.225120148,-1.604143551,-0.34245658,0,1,6,task,30,0,-1610,10,652,0
1,132,28,-1.934668275,-0.302147494,1.017661251,-2.280440591,-1.606803781,-0.350023984,0,1,7,task,30,0,-1610,10,652,0
1,132,29,-1.94271592,-0.33833298,1.106239238,-2.330935928,-1.608926641,-0.358085577,0,1,8,task,30,0,-1610,10,652,0
1,132,30,-1.95134601,-0.37184017,1.188539947,-2.377245358,-1.610348013,-0.366715437,0,1,9,task,30,0,-1610,10,652,0
1,132,31,-1.960396475,-0.402840893,1.266035978,-2.421297684,-1.611820018,-0.37576346,0,1,10,task,30,0,-1610,10,652,0
1,132,32,-1.969898077,-0.431696947,1.339566725,-2.463574321,-1.613345842,-0.385260368,0,1,11,task,30,0,-1610,10,652,0
1,132,33,-1.942415423,-0.431349993,1.339704839,-2.460548164,-1.614018968,-0.35774386,0,1,12,task,10,0,-1610,10,652,0
1,132,34,-1.933831248,-0.402151696,1.26722678,-2.421772924,-1.611615048,-0.349177118,0,1,13,task,30,0,-1610,10,652,0
1,132,35,-1.925647201,-0.370912011,1.190919367,-2.381263777,-1.609294592,-0.341002664,0,1,14,task,30,0,-1610,10,652,0
1,132,36,-1.918147903,-0.337620729,1.109483323,-2.336767047,-1.605861089,-0.333487829,0,1,15,task,30,0,-1610,10,652,0
1,132,37,-1.91127026,-0.301669758,1.021749146,-2.287810228,-1.601375361,-0.326578492,0,1,16,task,30,0,-1610,10,652,0
1,132,38,-1.904560231,-0.261972536,0.926223186,-2.234651073,-1.59748283,-0.319842664,0,1,17,task,30,0,-1610,10,652,0
1,132,39,-1.90081837,-0.239681137,0.872434301,-2.203609563,-1.597744425,-0.316102964,0,0,,transition,10,0,-1610,10,652,0
1,132,40,-1.897068519,-0.217150639,0.818157431,-2.172319031,-1.598005883,-0.312355276,0,1,18,task,10,0,-1610,10,652,0
1,132,41,-1.893491634,-0.191225139,0.756756379,-2.13730009,-1.598274789,-0.308780428,0,0,,transition,10,0,-1610,10,652,0
1,132,42,-1.889906022,-0.164852418,0.694416254,-2.101789134,-1.598543572,-0.305196853,0,1,19,task,10,0,-1610,10,652,0
1,132,43,-1.886484023,-0.1330901,0.620564577,-2.060156921,-1.598819319,-0.301776774,0,0,,transition,10,0,-1610,10,652,0
1,132,44,-1.883051803,-0.100249757,0.544400156,-2.017289777,-1.599094961,-0.298346473,0,1,20,task,10,0,-1610,10,652,0
1,132,45,-1.879776086,-0.056462743,0.444529823,-1.961664073,-1.599377116,-0.295072567,0,0,,transition,10,0,-1610,10,652,0
1,132,46,-1.87648664,-0.007975244,0.334423387,-1.90050243,-1.599659192,-0.291784929,0,1,21,task,10,0,-1610,10,652,0
1,132,47,-1.863786452,0.035617838,0.237507635,-1.847228829,-1.599917046,-0.279081701,0,0,,transition,10,0,-1610,10,652,0
1,132,48,-1.851079403,0.102458524,0.089630181,-1.766241034,-1.600174905,-0.266371611,0,1,22,task,10,0,-1610,10,652,0
1,132,49,-1.854042592,0.007527484,0.301523398,-1.88292694,-1.599974478,-0.269334111,0,0,,transition,10,0,-1610,10,652,0
1,132,50,-1.856987744,-0.053628393,0.439426834,-1.959397749,-1.599774043,-0.272278567,0,1,23,task,10,0,-1610,10,652,0
1,132,51,-1.8600774,-0.093115818,0.53012104,-2.010329577,-1.59957712,-0.275367499,0,0,,transition,10,0,-1610,10,652,0
1,132,52,-1.863155648,-0.13039968,0.616043766,-2.05869321,-1.599380159,-0.278445019,0,1,24,task,10,0,-1610,10,652,0
1,132,53,-1.866382599,-0.159971332,0.685368568,-2.098172921,-1.599186954,-0.281671211,0,0,,transition,10,0,-1610,10,652,0
1,132,54,-1.869600414,-0.188836035,0.753189345,-2.136855349,-1.598993696,-0.284888264,0,1,25,task,10,0,-1610,10,652,0
1,132,55,-1.872974697,-0.213359861,0.811816922,-2.170687334,-1.598804447,-0.288261751,0,0,,transition,10,0,-1610,10,652,0
1,132,56,-1.876340897,-0.237549869,0.869751335,-2.204159801,-1.598615134,-0.291627154,0,1,26,task,10,0,-1610,10,652,0
1,132,57,-1.883397683,-0.279921487,0.973163897,-2.264660746,-1.598244993,-0.29868227,0,1,27,task,30,0,-1610,10,652,0
1,132,58,-1.890793288,-0.317685415,1.067264806,-2.320461789,-1.597883839,-0.306076124,0,1,28,task,30,0,-1610,10,652,0
1,132,59,-1.898552387,-0.351864598,1.154341294,-2.372827621,-1.597532286,-0.313833388,0,1,29,task,30,0,-1610,10,652,0
1,132,60,-1.903709656,-0.384019274,1.230083774,-2.408787611,-1.608095663,-0.319054805,0,1,30,task,30,0,-1610,10,652,0
1,132,61,-1.910365282,-0.415316916,1.297865621,-2.430924562,-1.614183783,-0.325652243,0,1,31,task,30,0,-1610,10,652,0
1,132,62,-1.919189352,-0.443866516,1.371215093,-2.473648239,-1.614046466,-0.334449573,0,1,32,task,30,0,-1610,10,652,0
1,132,63,-1.910397427,-0.40789569,1.282120029,-2.421337917,-1.605407314,-0.32565026,0,0,,transition,10,0,-1610,10,652,0
1,132,64,-1.901579729,-0.371638957,1.192568882,-2.368852999,-1.596767226,-0.316824352,0,0,,transition,10,0,-1610,10,652,0
1,132,65,-1.892738671,-0.335053785,1.102449645,-2.316124735,-1.588126319,-0.307974325,0,0,,transition,10,0,-1610,10,652,0
1,132,66,-1.883876274,-0.298077696,1.011609834,-2.263063756,-1.579484693,-0.299102247,0,0,,transition,10,0,-1610,10,652,0
1,132,67,-1.874994229,-0.260618949,0.919835449,-2.209548366,-1.570842435,-0.290209848,0,0,,transition,10,0,-1610,10,652,0
1,132,68,-1.866093955,-0.222540303,0.826814889,-2.155404715,-1.56219962,-0.281298573,0,0,,transition,10,0,-1610,10,652,0
1,132,69,-1.85717663,-0.183629048,0.732072853,-2.100370678,-1.553556316,-0.272369623,0,1,33,task,10,0,-1610,10,652,0
1,132,70,-1.854183512,-0.153696354,0.662264567,-2.061162735,-1.55336694,-0.269379433,0,0,,transition,10,0,-1610,10,652,0
1,132,71,-1.851180371,-0.122951798,0.590725003,-2.021035501,-1.553177208,-0.266379228,0,1,34,task,10,0,-1610,10,652,0
1,132,72,-1.848316553,-0.083548059,0.500493332,-1.970874809,-1.552997632,-0.263517968,0,0,,transition,10,0,-1610,10,652,0
1,132,73,-1.845439756,-0.041346047,0.404190949,-1.917441865,-1.552817673,-0.260643734,0,1,35,task,10,0,-1610,10,652,0
1,132,74,-1.832523273,0.004972291,0.300295114,-1.861790791,-1.552302221,-0.24773194,0,0,,transition,10,0,-1610,10,652,0
1,132,75,-1.819595686,0.065576581,0.165121483,-1.789147862,-1.5517858,-0.234809085,0,1,36,task,10,0,-1610,10,652,0
1,132,76,-1.822142505,-0.009255784,0.332505264,-1.880740789,-1.551988682,-0.237353453,0,0,,transition,10,0,-1610,10,652,0
1,132,77,-1.82467171,-0.065758011,0.459777887,-1.950552981,-1.552191115,-0.239880217,0,1,37,task,10,0,-1610,10,652,0
1,132,78,-1.827334646,-0.103898265,0.547201668,-1.999055897,-1.552371205,-0.24254079,0,0,,transition,10,0,-1610,10,652,0
1,132,79,-1.829986057,-0.140130215,0.630500532,-2.045342369,-1.552550935,-0.245189847,0,1,38,task,10,0,-1610,10,652,0
1,132,80,-1.832767095,-0.169202128,0.698395034,-2.083383983,-1.552741141,-0.247968096,0,0,,transition,10,0,-1610,10,652,0
1,132,81,-1.83553889,-0.19762502,0.764912643,-2.120697842,-1.552930998,-0.250737112,0,1,39,task,10,0,-1610,10,652,0
1,132,82,-1.812938199,-0.203345996,0.778683811,-2.130995749,-1.552218047,-0.228142425,0,1,40,task,10,0,-1610,10,652,0
1,132,83,-1.810411452,-0.17550044,0.713499417,-2.09460157,-1.552026377,-0.225618163,0,0,,transition,10,0,-1610,10,652,0
1,132,84,-1.807875989,-0.147058607,0.647052632,-2.057541394,-1.551834357,-0.223085195,0,1,41,task,10,0,-1610,10,652,0
1,132,85,-1.805484625,-0.112277498,0.567497141,-2.014378735,-1.551544527,-0.220697206,0,0,,transition,10,0,-1610,10,652,0
1,132,86,-1.803082908,-0.075884169,0.484462736,-1.969349515,-1.551254223,-0.218298889,0,1,42,task,10,0,-1610,10,652,0
1,132,87,-1.800807066,-0.024639708,0.369398736,-1.907521313,-1.550920372,-0.216025578,0,0,,transition,10,0,-1610,10,652,0
1,132,88,-1.79851628,0.037263841,0.231040514,-1.833058204,-1.550585993,-0.213737355,0,1,43,task,10,0,-1610,10,652,0
1,132,89,-1.789874215,-0.027811521,0.377472776,-1.914626737,-1.550530065,-0.205093698,0,0,,transition,10,0,-1610,10,652,0
1,132,90,-1.781218542,-0.081576819,0.499191931,-1.982792499,-1.550474049,-0.196436429,0,1,44,task,10,0,-1610,10,652,0
1,132,91,-1.783393861,-0.117179603,0.580620304,-2.027118735,-1.550699934,-0.198610384,0,0,,transition,10,0,-1610,10,652,0
1,132,92,-1.785559338,-0.151299457,0.658851851,-2.069731223,-1.55092543,-0.200774515,0,1,45,task,10,0,-1610,10,652,0
1,132,93,-1.787830667,-0.179262238,0.723855051,-2.105272405,-1.551165357,-0.203043482,0,0,,transition,10,0,-1610,10,652,0
1,132,94,-1.790093906,-0.206663588,0.787671166,-2.140188038,-1.551404867,-0.20530438,0,1,46,task,10,0,-1610,10,652,0
1,132,95,-1.767886665,-0.217787681,0.815493473,-2.160448745,-1.550748952,-0.183099229,0,1,47,task,10,0,-1610,10,652,0
1,132,96,-1.765843662,-0.191401671,0.753583185,-2.126129355,-1.550587829,-0.181057057,0,0,,transition,10,0,-1610,10,652,0
1,132,97,-1.763793014,-0.164537324,0.69066628,-2.091281803,-1.550426389,-0.17900725,0,1,48,task,10,0,-1610,10,652,0
1,132,98,-1.76183952,-0.132215921,0.616072451,-2.050213661,-1.550275295,-0.177054038,0,0,,transition,10,0,-1610,10,652,0
1,132,99,-1.759876937,-0.098731119,0.538979314,-2.007809767,-1.550123909,-0.175091746,0,1,49,task,10,0,-1610,10,652,0
1,132,100,-1.758008249,-0.054014366,0.43753843,-1.95228928,-1.549982203,-0.173222825,0,0,,transition,10,0,-1610,10,652,0
1,132,101,-1.756127124,-0.004071671,0.324709744,-1.890607163,-1.549840234,-0.171341478,0,1,50,task,10,0,-1610,10,652,0
1,132,102,-1.746631066,-0.047903667,0.423671965,-1.945744674,-1.549852909,-0.161843351,0,0,,transition,10,0,-1610,10,652,0
1,132,103,-1.737128912,-0.087513066,0.513427492,-1.995898216,-1.549865576,-0.152339127,0,1,51,task,10,0,-1610,10,652,0
1,132,104,-1.738840564,-0.122495918,0.593907026,-2.040388676,-1.54996499,-0.154051048,0,0,,transition,10,0,-1610,10,652,0
1,132,105,-1.740543133,-0.15609363,0.671402983,-2.083280868,-1.550064187,-0.15575389,0,1,52,task,10,0,-1610,10,652,0
1,132,106,-1.742331736,-0.183719317,0.736100949,-2.119346042,-1.550170776,-0.157542447,0,0,,transition,10,0,-1610,10,652,0
1,132,107,-1.744112811,-0.210807815,0.799664138,-2.15481376,-1.550277123,-0.159323483,0,1,53,task,10,0,-1610,10,652,0
1,132,108,-1.721958863,-0.226735917,0.837617362,-2.178427152,-1.550081854,-0.137165493,0,1,54,task,10,0,-1610,10,652,0
1,132,109,-1.72040817,-0.201078702,0.776970212,-2.144301495,-1.550011215,-0.135614605,0,0,,transition,10,0,-1610,10,652,0
1,132,110,-1.718850561,-0.174994297,0.715427139,-2.109707232,-1.549940383,-0.134056803,0,1,55,task,10,0,-1610,10,652,0
1,132,111,-1.717368977,-0.143895697,0.643196793,-2.069438733,-1.549875022,-0.132574835,0,0,,transition,10,0,-1610,10,652,0
1,132,112,-1.715879286,-0.111812838,0.568857605,-2.028045806,-1.549809491,-0.131084764,0,1,56,task,10,0,-1610,10,652,0
1,132,113,-1.71446309,-0.070014479,0.473512517,-1.975361319,-1.549749061,-0.12966801,0,0,,transition,10,0,-1610,10,652,0
1,132,114,-1.713036152,-0.024436736,0.369946988,-1.91823599,-1.549688486,-0.128240517,0,1,57,task,10,0,-1610,10,652,0
1,132,115,-1.70919937,-0.05638708,0.440369852,-1.952273718,-1.522654284,-0.124564572,0,0,,transition,10,0,-1610,10,652,0
1,132,116,-1.705351056,-0.086298253,0.506325606,-1.98391397,-1.495615243,-0.120870681,0,1,58,task,10,0,-1610,10,652,0
1,132,117,-1.706705712,-0.121808778,0.58819245,-2.029543673,-1.495710245,-0.122228463,0,0,,transition,10,0,-1610,10,652,0
1,132,118,-1.708050296,-0.155852207,0.66689705,-2.073478965,-1.49580502,-0.123576152,0,1,59,task,10,0,-1610,10,652,0
1,132,119,-1.709466093,-0.18371834,0.732367278,-2.110352376,-1.495904338,-0.124995078,0,0,,transition,10,0,-1610,10,652,0
1,132,120,-1.710873627,-0.211027386,0.796659587,-2.146605554,-1.496003422,-0.126405726,0,1,60,task,10,0,-1610,10,652,0
1,132,121,-1.712355405,-0.234600425,0.853084582,-2.178722453,-1.496107379,-0.127890637,0,0,,transition,10,0,-1610,10,652,0
1,132,122,-1.713829833,-0.257888993,0.908923442,-2.210538214,-1.49621109,-0.129368184,0,1,61,task,10,0,-1610,10,652,0
1,132,123,-1.688700977,-0.233723021,0.845534118,-2.172635568,-1.496016603,-0.104169749,0,1,62,task,10,0,-1610,10,652,0
1,132,124,-1.687532767,-0.208308011,0.785377432,-2.138711048,-1.495921267,-0.102999063,0,0,,transition,10,0,-1610,10,652,0
1,132,125,-1.686357158,-0.182483495,0.724363505,-2.104339327,-1.495825694,-0.101820966,0,1,63,task,10,0,-1610,10,652,0
1,132,126,-1.685241503,-0.151800874,0.653006071,-2.064478151,-1.495734407,-0.100702812,0,0,,transition,10,0,-1610,10,652,0
1,132,127,-1.684117169,-0.120192758,0.579668311,-2.023562778,-1.495642894,-0.099575963,0,1,64,task,10,0,-1610,10,652,0
1,132,128,-1.683051431,-0.079359229,0.486400308,-1.971938577,-1.49555539,-0.098507709,0,0,,transition,10,0,-1610,10,652,0
1,132,129,-1.681974239,-0.03514804,0.385791766,-1.916352344,-1.495467664,-0.097427976,0,1,65,task,10,0,-1610,10,652,0
1,132,130,-1.660868144,-0.081650381,0.486744724,-1.970601555,-1.495536766,-0.076261249,0,1,66,task,10,0,-1610,10,652,0
1,132,131,-1.661717049,-0.118323819,0.570839752,-2.017083213,-1.495620949,-0.077112052,0,0,,transition,10,0,-1610,10,652,0
1,132,132,-1.662556644,-0.153327839,0.651330355,-2.06163055,-1.495704907,-0.07795353,0,1,67,task,10,0,-1610,10,652,0
1,132,133,-1.663443178,-0.181802617,0.717797766,-2.098680734,-1.495792625,-0.078841903,0,0,,transition,10,0,-1610,10,652,0
1,132,134,-1.664322194,-0.209669333,0.782976316,-2.135050668,-1.495880106,-0.079722746,0,1,68,task,10,0,-1610,10,652,0
1,132,135,-1.665249509,-0.233663579,0.839969464,-2.167104398,-1.495971606,-0.080651837,0,0,,transition,10,0,-1610,10,652,0
1,132,136,-1.666170208,-0.257353519,0.89633356,-2.198833859,-1.496062854,-0.081574304,0,1,69,task,10,0,-1610,10,652,0
1,132,137,-1.64183687,-0.236882484,0.841086184,-2.163939664,-1.495960408,-0.057172609,0,1,70,task,10,0,-1610,10,652,0
1,132,138,-1.641204933,-0.211359952,0.781113662,-2.130634431,-1.495875231,-0.056539603,0,0,,transition,10,0,-1610,10,652,0
1,132,139,-1.640566458,-0.185420916,0.720268732,-2.096873769,-1.495789788,-0.055900055,0,1,71,task,10,0,-1610,10,652,0
1,132,140,-1.639962326,-0.154636386,0.64908261,-2.057611158,-1.49571058,-0.055294746,0,0,,transition,10,0,-1610,10,652,0
1,132,141,-1.639350471,-0.122909258,0.575878748,-2.017273972,-1.495631122,-0.054681703,0,1,72,task,10,0,-1610,10,652,0
1,132,142,-1.638773702,-0.081954219,0.482717913,-1.966205304,-1.495554912,-0.054103672,0,0,,transition,10,0,-1610,10,652,0
1,132,143,-1.638186669,-0.037543666,0.382045728,-1.911081563,-1.495478465,-0.053515358,0,1,73,task,10,0,-1610,10,652,0
1,132,144,-1.616465644,-0.067414919,0.443848706,-1.941276917,-1.495555228,-0.031732091,0,1,74,task,10,0,-1610,10,652,0
1,132,145,-1.616811814,-0.106758612,0.533179968,-1.989785841,-1.495623555,-0.032078836,0,0,,transition,10,0,-1610,10,652,0
1,132,146,-1.617149299,-0.1438953,0.617731326,-2.035722506,-1.495691601,-0.032416888,0,1,75,task,10,0,-1610,10,652,0
1,132,147,-1.617510923,-0.173738808,0.686967245,-2.07418312,-1.495757973,-0.032779141,0,0,,transition,10,0,-1610,10,652,0
1,132,148,-1.617865603,-0.202848246,0.754640079,-2.111815229,-1.495824133,-0.033134437,0,1,76,task,10,0,-1610,10,652,0
1,132,149,-1.618243379,-0.227692291,0.81326718,-2.144683383,-1.495891995,-0.033512817,0,0,,transition,10,0,-1610,10,652,0
1,132,150,-1.618615172,-0.252187645,0.871169124,-2.177175509,-1.495959637,-0.033885204,0,1,77,task,10,0,-1610,10,652,0
1,132,151,-1.594926769,-0.235434349,0.825825057,-2.149229273,-1.495736778,-0.010131531,0,1,78,task,10,0,-1610,10,652,0
1,132,152,-1.594822561,-0.209321252,0.7644614,-2.114713189,-1.495700732,-0.010027133,0,0,,transition,10,0,-1610,10,652,0
1,132,153,-1.594712415,-0.182750561,0.702136196,-2.079693595,-1.495664512,-0.009916786,0,1,79,task,10,0,-1610,10,652,0
1,132,154,-1.594613521,-0.150927557,0.628585289,-2.038699789,-1.495628899,-0.009817701,0,0,,transition,10,0,-1610,10,652,0
1,132,155,-1.594507474,-0.118017636,0.552702119,-1.99646117,-1.495593114,-0.009711448,0,1,80,task,10,0,-1610,10,652,0
1,132,156,-1.594414322,-0.074602516,0.454066652,-1.941974506,-1.495557918,-0.009618107,0,0,,transition,10,0,-1610,10,652,0
1,132,157,-1.594311332,-0.026654713,0.345562103,-1.882152182,-1.49552254,-0.009514907,0,1,81,task,10,0,-1610,10,652,0
1,132,158,-1.572370257,-0.040574895,0.371861787,-1.894085257,-1.495428345,0.012487838,0,1,82,task,10,0,-1610,10,652,0
1,132,159,-1.572231392,-0.085945532,0.47476742,-1.951015227,-1.495442808,0.012627004,0,0,,transition,10,0,-1610,10,652,0
1,132,160,-1.572083647,-0.127593012,0.569576419,-2.003572389,-1.49545712,0.01277507,0,1,83,task,10,0,-1610,10,652,0
1,132,161,-1.571937124,-0.159631951,0.643599902,-2.044952478,-1.495471217,0.012921901,0,0,,transition,10,0,-1610,10,652,0
1,132,162,-1.571784052,-0.19069326,0.715529479,-2.085216784,-1.495485174,0.013075296,0,1,84,task,10,0,-1610,10,652,0
1,132,163,-1.571630042,-0.216778201,0.776839559,-2.119838027,-1.49549888,0.01322962,0,0,,transition,10,0,-1610,10,652,0
1,132,164,-1.571470571,-0.242437924,0.837258347,-2.153993604,-1.495512447,0.013389417,0,1,85,task,10,0,-1610,10,652,0
1,132,165,-1.57141899,-0.344619622,0.893684628,-2.109132558,-1.501303798,0.012359462,0,0,,transition,10,0,-1610,10,652,0
1,132,166,-1.571367407,-0.44680132,0.950110909,-2.064271511,-1.507095148,0.011329507,0,0,,transition,10,0,-1610,10,652,0
1,132,167,-1.571315825,-0.548983018,1.00653719,-2.019410465,-1.512886498,0.010299551,0,0,,transition,10,0,-1610,10,652,0
1,132,168,-1.571264242,-0.651164716,1.062963471,-1.974549418,-1.518677847,0.009269596,0,0,,transition,10,0,-1610,10,652,0
1,132,169,-1.57121266,-0.753346415,1.119389752,-1.929688371,-1.524469198,0.008239641,0,0,,transition,10,0,-1610,10,652,0
1,132,170,-1.571161077,-0.855528113,1.175816033,-1.884827326,-1.530260548,0.007209686,0,0,,transition,10,0,-1610,10,652,0
1,132,171,-1.571109494,-0.957709811,1.232242314,-1.839966279,-1.536051898,0.006179731,0,0,,transition,10,0,-1610,10,652,0
1,132,172,-1.571057912,-1.05989151,1.288668595,-1.795105232,-1.541843249,0.005149776,0,0,,transition,10,0,-1610,10,652,0
1,132,173,-1.57100633,-1.162073207,1.345094876,-1.750244186,-1.547634599,0.004119821,0,0,,transition,10,0,-1610,10,652,0
1,132,174,-1.570954748,-1.264254906,1.401521157,-1.705383139,-1.553425949,0.003089865,0,0,,transition,10,0,-1610,10,652,0
1,132,175,-1.570903165,-1.366436604,1.457947438,-1.660522093,-1.559217299,0.00205991,0,0,,transition,10,0,-1610,10,652,0
1,132,176,-1.570851583,-1.468618302,1.514373719,-1.615661047,-1.56500865,0.001029955,0,0,,transition,10,0,-1610,10,652,0
1,132,177,-1.5708,-1.5708,1.5708,-1.5708,-1.5708,0,0,0,,home,30,0,-1610,10,652,0
1,133,1,-1.5708,-1.5708,1.5708,-1.5708,-1.5708,0,0,0,,home,30,0,-1610,10,652,0
1,133,2,-1.625008439,-1.471922492,1.523768313,-1.622351946,-1.574438098,-0.053166127,0,0,,transition,10,0,-1610,10,652,0
1,133,3,-1.679216877,-1.373044984,1.476736625,-1.673903893,-1.578076194,-0.106332253,0,0,,transition,10,0,-1610,10,652,0
1,133,4,-1.733425316,-1.274167477,1.429704939,-1.725455839,-1.581714292,-0.15949838,0,0,,transition,10,0,-1610,10,652,0
1,133,5,-1.787633755,-1.175289969,1.382673252,-1.777007785,-1.585352389,-0.212664506,0,0,,transition,10,0,-1610,10,652,0
1,133,6,-1.841842194,-1.076412461,1.335641564,-1.828559732,-1.588990486,-0.265830633,0,0,,transition,10,0,-1610,10,652,0
1,133,7,-1.896050632,-0.977534954,1.288609877,-1.880111678,-1.592628583,-0.318996759,0,0,,transition,10,0,-1610,10,652,0
1,133,8,-1.950259071,-0.878657446,1.241578191,-1.931663624,-1.596266681,-0.372162886,0,0,,transition,10,0,-1610,10,652,0
1,133,9,-2.004467509,-0.779779939,1.194546503,-1.983215571,-1.599904777,-0.425329012,0,0,,transition,10,0,-1610,10,652,0
1,133,10,-2.058675948,-0.680902431,1.147514816,-2.034767517,-1.603542875,-0.478495139,0,0,,transition,10,0,-1610,10,652,0
1,133,11,-2.112884387,-0.582024923,1.100483129,-2.086319463,-1.607180972,-0.531661265,0,0,,transition,10,0,-1610,10,652,0
1,133,12,-2.167092826,-0.483147415,1.053451441,-2.13787141,-1.610819069,-0.584827392,0,0,,transition,10,0,-1610,10,652,0
1,133,13,-2.221301264,-0.384269908,1.006419755,-2.189423356,-1.614457167,-0.637993518,0,0,,transition,10,0,-1610,10,652,0
1,133,14,-2.275509703,-0.2853924,0.959388068,-2.240975302,-1.618095263,-0.691159645,0,1,1,task,10,0,-1610,10,652,0
1,133,15,-2.290269285,-0.31906617,1.033123699,-2.271550622,-1.621469534,-0.705753408,0,1,2,task,30,0,-1610,10,652,0
1,133,16,-2.305821889,-0.351104958,1.108756585,-2.314078534,-1.624161467,-0.721320062,0,1,3,task,30,0,-1610,10,652,0
1,133,17,-2.318754813,-0.37504151,1.166285121,-2.347551047,-1.626260125,-0.734284576,0,1,4,task,30,0,-1610,10,652,0
1,133,18,-2.330258142,-0.406775759,1.240340272,-2.381790512,-1.626627094,-0.745458286,0,0,,transition,10,0,-1610,10,652,0
1,133,19,-2.341729947,-0.438294096,1.314060455,-2.415908921,-1.626986875,-0.756601433,0,0,,transition,10,0,-1610,10,652,0
1,133,20,-2.353166906,-0.469614452,1.387500384,-2.449942847,-1.627338583,-0.767710795,0,1,5,task,10,0,-1610,10,652,0
1,133,21,-2.334299657,-0.445138494,1.331086001,-2.424567124,-1.627636798,-0.749175966,0,1,6,task,30,0,-1610,10,652,0
1,133,22,-2.31612382,-0.419302098,1.271839569,-2.397731675,-1.628219543,-0.731302295,0,1,7,task,30,0,-1610,10,652,0
1,133,23,-2.299432226,-0.391908924,1.208555443,-2.366948523,-1.626034789,-0.714774782,0,1,8,task,30,0,-1610,10,652,0
1,133,24,-2.283766116,-0.362711896,1.141164657,-2.333235667,-1.62249495,-0.699195915,0,1,9,task,30,0,-1610,10,652,0
1,133,25,-2.268256555,-0.331714959,1.068719373,-2.295596363,-1.620683453,-0.683764058,0,1,10,task,30,0,-1610,10,652,0
1,133,26,-2.253160972,-0.298237947,0.990602887,-2.254517776,-1.619623215,-0.668737971,0,1,11,task,30,0,-1610,10,652,0
1,133,27,-2.237731521,-0.325957738,1.058878109,-2.2915657,-1.619995753,-0.653236747,0,1,12,task,10,0,-1610,10,652,0
1,133,28,-2.252922597,-0.357633685,1.135051974,-2.334378665,-1.620665127,-0.66839339,0,1,13,task,30,0,-1610,10,652,0
1,133,29,-2.268602283,-0.386997718,1.205853251,-2.373467208,-1.621891011,-0.684024802,0,1,14,task,30,0,-1610,10,652,0
1,133,30,-2.283648397,-0.415248655,1.26675931,-2.395995289,-1.627573008,-0.698831038,0,1,15,task,30,0,-1610,10,652,0
1,133,31,-2.30152852,-0.441663988,1.322489156,-2.41144724,-1.625507369,-0.716099487,0,1,16,task,30,0,-1610,10,652,0
1,133,32,-2.320101995,-0.466957448,1.378547249,-2.432518286,-1.623799121,-0.734171213,0,1,17,task,30,0,-1610,10,652,0
1,133,33,-2.339471997,-0.491107451,1.434892063,-2.459023322,-1.622254383,-0.753199577,0,1,18,task,30,0,-1610,10,652,0
1,133,34,-2.31541356,-0.501181833,1.462587872,-2.473790996,-1.62025161,-0.729065808,0,1,19,task,10,0,-1610,10,652,0
1,133,35,-2.296648206,-0.477118341,1.403979595,-2.441808538,-1.620613142,-0.710481926,0,1,20,task,30,0,-1610,10,652,0
1,133,36,-2.278659326,-0.451680279,1.342672087,-2.408504908,-1.621129187,-0.692665749,0,1,21,task,30,0,-1610,10,652,0
1,133,37,-2.261407876,-0.424712864,1.278322366,-2.373688041,-1.621790665,-0.675578966,0,1,22,task,30,0,-1610,10,652,0
1,133,38,-2.252908529,-0.393938689,1.228776187,-2.378593778,-1.593991049,-0.667798137,0,1,23,task,30,0,-1610,10,652,0
1,133,39,-2.238809136,-0.364497926,1.156031804,-2.334464188,-1.587430165,-0.653694149,0,1,24,task,30,0,-1610,10,652,0
1,133,40,-2.225294264,-0.332649791,1.078568881,-2.288208207,-1.580868426,-0.640198527,0,1,25,task,30,0,-1610,10,652,0
1,133,41,-2.212331405,-0.297914592,0.995312793,-2.23921949,-1.574309559,-0.62727687,0,1,26,task,30,0,-1610,10,652,0
1,133,42,-2.199890137,-0.259583978,0.904691308,-2.186623549,-1.567756716,-0.614897022,0,1,27,task,30,0,-1610,10,652,0
1,133,43,-2.187276685,-0.217306192,0.804896792,-2.129575774,-1.563891358,-0.602334986,0,1,28,task,30,0,-1610,10,652,0
1,133,44,-2.180876823,-0.193454149,0.748750696,-2.097868724,-1.563385496,-0.595947322,0,0,,transition,10,0,-1610,10,652,0
1,133,45,-2.174466888,-0.169264186,0.69190246,-2.065797354,-1.562879147,-0.589549597,0,1,29,task,10,0,-1610,10,652,0
1,133,46,-2.168313025,-0.14044613,0.625124788,-2.028433064,-1.562394305,-0.583406981,0,0,,transition,10,0,-1610,10,652,0
1,133,47,-2.162147074,-0.110871917,0.556736099,-1.990213856,-1.56190894,-0.577252288,0,1,30,task,10,0,-1610,10,652,0
1,133,48,-2.156227821,-0.072579803,0.469446551,-1.941819214,-1.561444126,-0.571343373,0,0,,transition,10,0,-1610,10,652,0
1,133,49,-2.15029219,-0.03157612,0.376274919,-1.890254061,-1.560978698,-0.565418092,0,1,31,task,10,0,-1610,10,652,0
1,133,50,-2.146501546,0.013846201,0.274624308,-1.834432048,-1.56068172,-0.561633758,0,0,,transition,30,0,-1610,10,652,0
1,133,51,-2.142696865,0.074582743,0.139435146,-1.760385779,-1.560384305,-0.557835396,0,0,,transition,10,0,-1610,10,652,0
1,133,52,-2.138842306,0.107616818,0.065184671,-1.719576814,-1.560086038,-0.553987153,0,1,32,task,10,0,-1610,10,652,0
1,133,53,-2.13025652,0.077238664,0.133379125,-1.75788391,-1.559671417,-0.545408565,0,0,,transition,10,0,-1610,10,652,0
1,133,54,-2.121623048,0.016568687,0.268188479,-1.832515198,-1.559256075,-0.536782287,0,1,33,task,10,0,-1610,10,652,0
1,133,55,-2.127232923,-0.036266375,0.387144257,-1.897916488,-1.559739273,-0.542382022,0,0,,transition,10,0,-1610,10,652,0
1,133,56,-2.132823039,-0.082458207,0.491608905,-1.95546995,-1.560221782,-0.547962013,0,1,34,task,10,0,-1610,10,652,0
1,133,57,-2.138650506,-0.115754033,0.56801374,-1.997866935,-1.560725987,-0.553778279,0,0,,transition,10,0,-1610,10,652,0
1,133,58,-2.144464601,-0.147849205,0.641838654,-2.038884627,-1.561229628,-0.559581186,0,1,35,task,10,0,-1610,10,652,0
1,133,59,-2.150523685,-0.174107886,0.703087333,-2.073170819,-1.561755989,-0.565627955,0,0,,transition,10,0,-1610,10,652,0
1,133,60,-2.156572025,-0.199903012,0.763361572,-2.106946046,-1.562281827,-0.571663993,0,1,36,task,10,0,-1610,10,652,0
1,133,61,-2.169171199,-0.244147086,0.868291422,-2.166242378,-1.563380716,-0.584236212,0,1,37,task,30,0,-1610,10,652,0
1,133,62,-2.182145105,-0.283484539,0.961155557,-2.217247011,-1.565066783,-0.597159755,0,1,38,task,30,0,-1610,10,652,0
1,133,63,-2.195551259,-0.319264342,1.045427664,-2.262493068,-1.567202111,-0.610493059,0,1,39,task,30,0,-1610,10,652,0
1,133,64,-2.209509922,-0.352040846,1.123528768,-2.304622911,-1.569443971,-0.624368416,0,1,40,task,30,0,-1610,10,652,0
1,133,65,-2.224051866,-0.382349268,1.196643612,-2.344291645,-1.571797752,-0.638816158,0,1,41,task,30,0,-1610,10,652,0
1,133,66,-2.238821998,-0.410801326,1.263643711,-2.377183708,-1.575604095,-0.653401017,0,1,42,task,30,0,-1610,10,652,0
1,133,67,-2.250602123,-0.439624028,1.321907075,-2.394619961,-1.591852166,-0.664587673,0,1,43,task,30,0,-1610,10,652,0
1,133,68,-2.264251002,-0.467143972,1.383618977,-2.425007023,-1.603588049,-0.677938234,0,1,44,task,30,0,-1610,10,652,0
1,133,69,-2.280560042,-0.492576437,1.445630456,-2.461505521,-1.608710706,-0.694164755,0,1,45,task,30,0,-1610,10,652,0
1,133,70,-2.297617692,-0.516657366,1.505137991,-2.497033392,-1.613890047,-0.711150184,0,1,46,task,30,0,-1610,10,652,0
1,133,71,-2.275539645,-0.52844631,1.539748453,-2.51916039,-1.610973807,-0.689115483,0,1,47,task,10,0,-1610,10,652,0
1,133,72,-2.259097803,-0.504587633,1.480774964,-2.484324565,-1.604575585,-0.672771762,0,1,48,task,30,0,-1610,10,652,0
1,133,73,-2.243877778,-0.479368913,1.420404523,-2.450804336,-1.596648739,-0.657724155,0,1,49,task,30,0,-1610,10,652,0
1,133,74,-2.230747547,-0.452633337,1.36045725,-2.423008605,-1.583959681,-0.644957949,0,1,50,task,30,0,-1610,10,652,0
1,133,75,-2.21678705,-0.425406087,1.297819458,-2.393613656,-1.576144454,-0.631292198,0,1,51,task,30,0,-1610,10,652,0
1,133,76,-2.202344439,-0.397291678,1.232041777,-2.362341395,-1.572225128,-0.617060699,0,1,52,task,30,0,-1610,10,652,0
1,133,77,-2.188184821,-0.367600964,1.160586227,-2.324479191,-1.569533523,-0.603017392,0,1,53,task,30,0,-1610,10,652,0
1,133,78,-2.174597866,-0.335646972,1.084568568,-2.284357816,-1.566982894,-0.58953105,0,1,54,task,30,0,-1610,10,652,0
1,133,79,-2.161555379,-0.300973441,1.002999996,-2.241463056,-1.564556653,-0.576574775,0,1,55,task,30,0,-1610,10,652,0
1,133,80,-2.148909606,-0.263198238,0.913533228,-2.192772091,-1.562698249,-0.563985456,0,1,56,task,30,0,-1610,10,652,0
1,133,81,-2.136621667,-0.221164384,0.813338951,-2.136312781,-1.56147993,-0.55172774,0,1,57,task,30,0,-1610,10,652,0
1,133,82,-2.130726509,-0.197043123,0.756684833,-2.1046407,-1.560897486,-0.545846178,0,0,,transition,10,0,-1610,10,652,0
1,133,83,-2.124821355,-0.172576096,0.699311946,-2.072595519,-1.560314495,-0.539954637,0,1,58,task,10,0,-1610,10,652,0
1,133,84,-2.119157798,-0.143494984,0.632047736,-2.0352823,-1.559757143,-0.534303241,0,0,,transition,10,0,-1610,10,652,0
1,133,85,-2.113482334,-0.11364394,0.563142771,-1.997098212,-1.559199225,-0.528639954,0,1,59,task,10,0,-1610,10,652,0
1,133,86,-2.108039135,-0.075132276,0.475469143,-1.948814282,-1.558665703,-0.52320755,0,0,,transition,10,0,-1610,10,652,0
1,133,87,-2.102579959,-0.033892143,0.381876569,-1.897339905,-1.558131554,-0.517759185,0,1,60,task,10,0,-1610,10,652,0
1,133,88,-2.082991894,-0.068845835,0.461975925,-1.944972972,-1.556648893,-0.498196795,0,1,61,task,10,0,-1610,10,652,0
1,133,89,-2.088278652,-0.104480716,0.543259785,-1.989495753,-1.557264662,-0.503472037,0,0,,transition,10,0,-1610,10,652,0
1,133,90,-2.093551679,-0.138563494,0.621196257,-2.032223246,-1.557879812,-0.508733569,0,1,62,task,10,0,-1610,10,652,0
1,133,91,-2.099051098,-0.166112065,0.685027041,-2.067388899,-1.558523553,-0.514219554,0,0,,transition,10,0,-1610,10,652,0
1,133,92,-2.104539654,-0.193106519,0.747686691,-2.101937463,-1.559166696,-0.519694699,0,1,63,task,10,0,-1610,10,652,0
1,133,93,-2.115980519,-0.239144925,0.856065057,-2.162065608,-1.560512627,-0.531104687,0,1,64,task,30,0,-1610,10,652,0
1,133,94,-2.127900734,-0.279497861,0.952518131,-2.215977738,-1.561920877,-0.542989781,0,1,65,task,30,0,-1610,10,652,0
1,133,95,-2.140158099,-0.316046896,1.03917793,-2.262419922,-1.564022991,-0.555182405,0,1,66,task,30,0,-1610,10,652,0
1,133,96,-2.152746626,-0.349888947,1.1182432,-2.302460286,-1.566903664,-0.567663251,0,1,67,task,30,0,-1610,10,652,0
1,133,97,-2.165862995,-0.381254176,1.192270286,-2.340007298,-1.569935521,-0.580650161,0,1,68,task,30,0,-1610,10,652,0
1,133,98,-2.179659193,-0.41060197,1.262575826,-2.376440966,-1.572695893,-0.594311391,0,1,69,task,30,0,-1610,10,652,0
1,133,99,-2.19410375,-0.438145802,1.329470986,-2.411527126,-1.575450437,-0.608608169,0,1,70,task,30,0,-1610,10,652,0
1,133,100,-2.208591694,-0.464520515,1.393259096,-2.444850838,-1.580366164,-0.622903195,0,1,71,task,30,0,-1610,10,652,0
1,133,101,-2.222645289,-0.49027638,1.454361402,-2.476467369,-1.588974443,-0.636709134,0,1,72,task,30,0,-1610,10,652,0
1,133,102,-2.237336085,-0.514767077,1.513142929,-2.507274002,-1.597726001,-0.651150088,0,1,73,task,30,0,-1610,10,652,0
1,133,103,-2.252753991,-0.538522308,1.571143052,-2.540136409,-1.606448871,-0.666402199,0,1,74,task,30,0,-1610,10,652,0
1,133,104,-2.233297473,-0.551283116,1.611734606,-2.568379235,-1.599749434,-0.647061884,0,1,75,task,10,0,-1610,10,652,0
1,133,105,-2.217588975,-0.528751172,1.554823072,-2.536482156,-1.592440186,-0.631551719,0,1,76,task,30,0,-1610,10,652,0
1,133,106,-2.202462265,-0.505155368,1.495893936,-2.503840209,-1.585723413,-0.616617637,0,1,77,task,30,0,-1610,10,652,0
1,133,107,-2.188025073,-0.480297133,1.434744353,-2.470432813,-1.579131321,-0.602369732,0,1,78,task,30,0,-1610,10,652,0
1,133,108,-2.173574816,-0.454625393,1.371037186,-2.435494559,-1.574887316,-0.588073025,0,1,79,task,30,0,-1610,10,652,0
1,133,109,-2.159206853,-0.427870455,1.304375776,-2.39879947,-1.572697908,-0.573821039,0,1,80,task,30,0,-1610,10,652,0
1,133,110,-2.145467285,-0.399337621,1.234340964,-2.360560279,-1.570630287,-0.560185683,0,1,81,task,30,0,-1610,10,652,0
1,133,111,-2.132516269,-0.368780512,1.161535496,-2.323048117,-1.567964577,-0.547361588,0,1,82,task,30,0,-1610,10,652,0
1,133,112,-2.120428189,-0.336018374,1.086312088,-2.287879417,-1.564227528,-0.535429523,0,1,83,task,30,0,-1610,10,652,0
1,133,113,-2.108638657,-0.300929104,1.0042917,-2.246590837,-1.56133812,-0.523735754,0,1,84,task,30,0,-1610,10,652,0
1,133,114,-2.097064643,-0.26275273,0.912896282,-2.196426227,-1.559565832,-0.51220643,0,1,85,task,30,0,-1610,10,652,0
1,133,115,-2.085960898,-0.219866468,0.811704565,-2.141206187,-1.557873333,-0.501140331,0,1,86,task,30,0,-1610,10,652,0
1,133,116,-2.080635788,-0.195289388,0.754477499,-2.110112899,-1.557065197,-0.495830681,0,0,,transition,10,0,-1610,10,652,0
1,133,117,-2.075301001,-0.170341314,0.696476801,-2.078616855,-1.556256382,-0.490511388,0,1,87,task,10,0,-1610,10,652,0
1,133,118,-2.070157858,-0.140608509,0.62801655,-2.041194162,-1.555605124,-0.485378564,0,0,,transition,10,0,-1610,10,652,0
1,133,119,-2.065002979,-0.110034751,0.557760563,-2.002816665,-1.554953268,-0.480234026,0,1,88,task,10,0,-1610,10,652,0
1,133,120,-2.043155697,-0.122288259,0.587297417,-2.023342887,-1.553379618,-0.458404613,0,1,89,task,10,0,-1610,10,652,0
1,133,121,-2.048152653,-0.151812732,0.655616186,-2.061157406,-1.553834113,-0.463396387,0,0,,transition,10,0,-1610,10,652,0
1,133,122,-2.053138125,-0.180613905,0.722395734,-2.098156056,-1.554288144,-0.468376689,0,1,90,task,10,0,-1610,10,652,0
1,133,123,-2.058345147,-0.20501457,0.779773127,-2.130158324,-1.554764772,-0.47357731,0,0,,transition,10,0,-1610,10,652,0
1,133,124,-2.063542335,-0.229079787,0.836454258,-2.161799778,-1.555240926,-0.478768112,0,1,91,task,10,0,-1610,10,652,0
1,133,125,-2.07415168,-0.271059202,0.935199637,-2.214584855,-1.557191655,-0.489342395,0,1,92,task,30,0,-1610,10,652,0
1,133,126,-2.08506876,-0.308626607,1.023822083,-2.260547693,-1.559783722,-0.500199584,0,1,93,task,30,0,-1610,10,652,0
1,133,127,-2.096170934,-0.343230778,1.103484048,-2.297783119,-1.563518128,-0.51118116,0,1,94,task,30,0,-1610,10,652,0
1,133,128,-2.107482242,-0.375948934,1.176115282,-2.3273444,-1.568307636,-0.522276256,0,1,95,task,30,0,-1610,10,652,0
1,133,129,-2.120236815,-0.406375549,1.250608892,-2.368733608,-1.569916347,-0.53495444,0,1,96,task,30,0,-1610,10,652,0
1,133,130,-2.133581707,-0.43476225,1.321188241,-2.408283304,-1.571621656,-0.548215031,0,1,97,task,30,0,-1610,10,652,0
1,133,131,-2.147555623,-0.461361463,1.388436941,-2.446329195,-1.573429522,-0.562096288,0,1,98,task,30,0,-1610,10,652,0
1,133,132,-2.16196681,-0.48658645,1.452782031,-2.482892795,-1.576107335,-0.576395741,0,1,99,task,30,0,-1610,10,652,0
1,133,133,-2.176276845,-0.511146466,1.514560609,-2.517669876,-1.581448793,-0.590553294,0,1,100,task,30,0,-1610,10,652,0
1,133,134,-2.191294969,-0.534420838,1.574143168,-2.551689108,-1.586901462,-0.605414913,0,1,101,task,30,0,-1610,10,652,0
1,133,135,-2.207070606,-0.556492824,1.631756214,-2.585107884,-1.592469852,-0.6210309,0,1,102,task,30,0,-1610,10,652,0
1,133,136,-2.194031026,-0.572415398,1.666703569,-2.58432342,-1.569752777,-0.607704784,0,1,103,task,10,0,-1610,10,652,0
1,133,137,-2.175614626,-0.550720747,1.61247136,-2.560143469,-1.572310662,-0.589545375,0,1,104,task,30,0,-1610,10,652,0
1,133,138,-2.158862991,-0.528072011,1.556229639,-2.534135362,-1.572625897,-0.573047848,0,1,105,task,30,0,-1610,10,652,0
1,133,139,-2.142876329,-0.504305644,1.497980809,-2.50720625,-1.573240641,-0.557278977,0,1,106,task,30,0,-1610,10,652,0
1,133,140,-2.127993612,-0.479729161,1.435875982,-2.47445162,-1.57278971,-0.542534082,0,1,107,task,30,0,-1610,10,652,0
1,133,141,-2.11416127,-0.454046418,1.369597974,-2.436044163,-1.571201258,-0.528781763,0,1,108,task,30,0,-1610,10,652,0
1,133,142,-2.10097265,-0.426668588,1.300265407,-2.39630998,-1.569704771,-0.515666593,0,1,109,task,30,0,-1610,10,652,0
1,133,143,-2.088386476,-0.397382673,1.227373546,-2.354953401,-1.568294647,-0.503147657,0,1,110,task,30,0,-1610,10,652,0
1,133,144,-2.076364677,-0.365900629,1.150257417,-2.311594036,-1.566965666,-0.491187238,0,1,111,task,30,0,-1610,10,652,0
1,133,145,-2.066859919,-0.332278644,1.08387815,-2.299390816,-1.558301275,-0.48202214,0,1,112,task,30,0,-1610,10,652,0
1,133,146,-2.056354019,-0.296857661,1.001111441,-2.259075213,-1.554998034,-0.471582023,0,1,113,task,30,0,-1610,10,652,0
1,133,147,-2.045683713,-0.257648463,0.906013952,-2.204890066,-1.554169506,-0.460922197,0,1,114,task,30,0,-1610,10,652,0
1,133,148,-2.035465053,-0.213299134,0.800269529,-2.145205988,-1.553381307,-0.45071213,0,1,115,task,30,0,-1610,10,652,0
1,133,149,-2.030573279,-0.187647764,0.740057436,-2.111504139,-1.553006378,-0.445823762,0,0,,transition,10,0,-1610,10,652,0
1,133,150,-2.025671173,-0.161560362,0.678930942,-2.077323981,-1.552631049,-0.440925073,0,1,116,task,10,0,-1610,10,652,0
1,133,151,-2.022880813,-0.206530033,0.778044781,-2.107704229,-1.503734336,-0.439111303,0,1,117,task,10,0,-1610,10,652,0
1,133,152,-2.027849846,-0.229574755,0.832853719,-2.138571905,-1.504188404,-0.444078377,0,0,,transition,10,0,-1610,10,652,0
1,133,153,-2.032808584,-0.252360578,0.887133231,-2.169169578,-1.504641786,-0.44903517,0,1,118,task,10,0,-1610,10,652,0
1,133,154,-2.043177753,-0.292649594,0.984705228,-2.224646131,-1.505595075,-0.459398406,0,1,119,task,30,0,-1610,10,652,0
1,133,155,-2.053924344,-0.328831325,1.073355235,-2.274664191,-1.506948798,-0.470122562,0,1,120,task,30,0,-1610,10,652,0
1,133,156,-2.063267095,-0.362682214,1.148691787,-2.305358499,-1.51535797,-0.479136981,0,1,121,task,30,0,-1610,10,652,0
1,133,157,-2.072848977,-0.394888316,1.226758029,-2.349909341,-1.524537188,-0.488429751,0,1,122,task,30,0,-1610,10,652,0
1,133,158,-2.057213045,-0.419193985,1.285901637,-2.383174896,-1.514870301,-0.473055912,0,1,123,task,10,0,-1610,10,652,0
1,133,159,-2.045802692,-0.38920078,1.211019192,-2.340999494,-1.512980903,-0.461706614,0,1,124,task,30,0,-1610,10,652,0
1,133,160,-2.03501503,-0.35711102,1.132435839,-2.298036885,-1.510785985,-0.450992424,0,1,125,task,30,0,-1610,10,652,0
1,133,161,-2.024917518,-0.322861701,1.050262491,-2.255431913,-1.50785957,-0.440995685,0,1,126,task,30,0,-1610,10,652,0
1,133,162,-2.015244168,-0.285411277,0.961577438,-2.20952204,-1.50506325,-0.43140508,0,1,127,task,30,0,-1610,10,652,0
1,133,163,-2.005546784,-0.2435253,0.860848879,-2.152650397,-1.504086082,-0.421715532,0,1,128,task,30,0,-1610,10,652,0
1,133,164,-2.000910153,-0.219685541,0.804428432,-2.121048683,-1.503620872,-0.417081689,0,0,,transition,10,0,-1610,10,652,0
1,133,165,-1.996263086,-0.195537962,0.747372946,-2.089120287,-1.503154964,-0.412437422,0,1,129,task,10,0,-1610,10,652,0
1,133,166,-1.9791306,-0.236150847,0.837847671,-2.13741755,-1.503770252,-0.395234997,0,1,130,task,10,0,-1610,10,652,0
1,133,167,-1.988012096,-0.279422613,0.940146111,-2.192963626,-1.505447525,-0.4040811,0,1,131,task,30,0,-1610,10,652,0
1,133,168,-1.997290929,-0.318075438,1.032902685,-2.24358949,-1.507198417,-0.413317458,0,1,132,task,30,0,-1610,10,652,0
1,133,169,-2.006993469,-0.353182313,1.118494623,-2.290600672,-1.509027831,-0.422969918,0,1,133,task,30,0,-1610,10,652,0
1,133,170,-2.017148288,-0.385567166,1.198550591,-2.334863151,-1.510938603,-0.433067044,0,1,134,task,30,0,-1610,10,652,0
1,133,171,-2.027787408,-0.416234619,1.27446362,-2.376998837,-1.512922476,-0.443643192,0,1,135,task,30,0,-1610,10,652,0
1,133,172,-2.009562495,-0.443379969,1.338180591,-2.412302816,-1.513302739,-0.425348197,0,1,136,task,10,0,-1610,10,652,0
1,133,173,-1.999206528,-0.414197359,1.265486485,-2.372464398,-1.511056572,-0.415069235,0,1,137,task,30,0,-1610,10,652,0
1,133,174,-1.989279306,-0.383191135,1.188727805,-2.330110819,-1.509093365,-0.405201595,0,1,138,task,30,0,-1610,10,652,0
1,133,175,-1.979674504,-0.350333874,1.106790989,-2.283696751,-1.507693977,-0.395629833,0,1,139,task,30,0,-1610,10,652,0
1,133,176,-1.970504703,-0.314443616,1.018889011,-2.234345347,-1.50635819,-0.386488411,0,1,140,task,30,0,-1610,10,652,0
1,133,177,-1.961741729,-0.274758086,0.923316651,-2.181113175,-1.505081755,-0.377749515,0,1,141,task,30,0,-1610,10,652,0
1,133,178,-1.953359726,-0.230062474,0.817383459,-2.122524216,-1.503860776,-0.369387618,0,1,142,task,30,0,-1610,10,652,0
1,133,179,-1.934074918,-0.259901733,0.88273223,-2.156753603,-1.504239082,-0.350034469,0,1,143,task,10,0,-1610,10,652,0
1,133,180,-1.942194847,-0.301703954,0.983033411,-2.213074213,-1.505225187,-0.358141354,0,1,144,task,30,0,-1610,10,652,0
1,133,181,-1.950693822,-0.339226192,1.074618134,-2.264947839,-1.506258005,-0.366624634,0,1,145,task,30,0,-1610,10,652,0
1,133,182,-1.959598402,-0.373398031,1.159558579,-2.313516975,-1.507340987,-0.375510629,0,1,146,task,30,0,-1610,10,652,0
1,133,183,-1.968912446,-0.404894951,1.239118642,-2.359209014,-1.508567023,-0.384799205,0,1,147,task,30,0,-1610,10,652,0
1,133,184,-1.978328562,-0.435104122,1.312980944,-2.398280684,-1.51109949,-0.394130316,0,1,148,task,30,0,-1610,10,652,0
1,133,185,-1.959571111,-0.464515749,1.379661447,-2.431082057,-1.512972397,-0.375230812,0,1,149,task,10,0,-1610,10,652,0
1,133,186,-1.950607965,-0.435662476,1.309799473,-2.39626429,-1.509701851,-0.366394265,0,1,150,task,30,0,-1610,10,652,0
1,133,187,-1.941912191,-0.405288501,1.235772868,-2.357771998,-1.507083469,-0.357783971,0,1,151,task,30,0,-1610,10,652,0
1,133,188,-1.933182697,-0.373506161,1.155127818,-2.310813253,-1.506157616,-0.349067047,0,1,152,task,30,0,-1610,10,652,0
1,133,189,-1.92486347,-0.338909068,1.06907498,-2.261247539,-1.505276564,-0.340758276,0,1,153,task,30,0,-1610,10,652,0
1,133,190,-1.916926708,-0.300861321,0.976176993,-2.208273825,-1.504437083,-0.33283005,0,1,154,task,30,0,-1610,10,652,0
1,133,191,-1.909347028,-0.258380807,0.874244953,-2.150685758,-1.503636234,-0.325257156,0,1,155,task,30,0,-1610,10,652,0
1,133,192,-1.888323414,-0.278999576,0.918804669,-2.174909429,-1.503299888,-0.304184968,0,1,156,task,10,0,-1610,10,652,0
1,133,193,-1.895517179,-0.319689149,1.017217692,-2.230991711,-1.503979215,-0.311375612,0,1,157,task,30,0,-1610,10,652,0
1,133,194,-1.903056243,-0.356377673,1.107572565,-2.283002184,-1.504692168,-0.318910331,0,1,158,task,30,0,-1610,10,652,0
1,133,195,-1.91096573,-0.389887285,1.191712551,-2.331961306,-1.505441385,-0.326814117,0,1,159,task,30,0,-1610,10,652,0
1,133,196,-1.919273224,-0.420762957,1.270881006,-2.37856677,-1.506229785,-0.335114406,0,1,160,task,30,0,-1610,10,652,0
1,133,197,-1.926913123,-0.451099819,1.340343622,-2.407944456,-1.510821362,-0.342582098,0,1,161,task,30,0,-1610,10,652,0
1,133,198,-1.915513479,-0.416050626,1.253643485,-2.359463475,-1.509372684,-0.331206216,0,0,,transition,10,0,-1610,10,652,0
1,133,199,-1.904072121,-0.380712371,1.16647914,-2.310808564,-1.507919064,-0.319788909,0,0,,transition,10,0,-1610,10,652,0
1,133,200,-1.892593567,-0.345041964,1.078738207,-2.261910322,-1.506461093,-0.308334659,0,0,,transition,10,0,-1610,10,652,0
1,133,201,-1.881081685,-0.308976402,0.990267621,-2.212678597,-1.504999276,-0.296847303,0,0,,transition,10,0,-1610,10,652,0
1,133,202,-1.869539798,-0.272423434,0.900852642,-2.162990819,-1.50353405,-0.28533014,0,0,,transition,10,0,-1610,10,652,0
1,133,203,-1.857970779,-0.235245342,0.810180841,-2.112672212,-1.502065795,-0.27378602,0,1,162,task,10,0,-1610,10,652,0
1,133,204,-1.854939254,-0.208481646,0.747519692,-2.077492341,-1.501805985,-0.270753835,0,0,,transition,10,0,-1610,10,652,0
1,133,205,-1.851897606,-0.18124819,0.6838737,-2.041798011,-1.501545642,-0.267711524,0,1,163,task,10,0,-1610,10,652,0
1,133,206,-1.848998397,-0.148294391,0.607964989,-1.999554015,-1.501297303,-0.264811363,0,0,,transition,10,0,-1610,10,652,0
1,133,207,-1.846087008,-0.114167299,0.52953949,-1.955967303,-1.501048393,-0.261899014,0,1,164,task,10,0,-1610,10,652,0
1,133,208,-1.843313282,-0.067901545,0.424769181,-1.898167222,-1.500810788,-0.259124077,0,0,,transition,10,0,-1610,10,652,0
1,133,209,-1.840522437,-0.015899169,0.307498798,-1.833604824,-1.500572494,-0.256332001,0,1,165,task,10,0,-1610,10,652,0
1,133,210,-1.824924244,-0.047771821,0.378274893,-1.873910876,-1.477779094,-0.24116172,0,1,166,task,10,0,-1610,10,652,0
1,133,211,-1.827573256,-0.092771783,0.480587271,-1.930880121,-1.477959252,-0.243818558,0,0,,transition,10,0,-1610,10,652,0
1,133,212,-1.830206319,-0.134368943,0.575509606,-1.983863562,-1.478138875,-0.246459392,0,1,167,task,10,0,-1610,10,652,0
1,133,213,-1.832972341,-0.166305803,0.649542625,-2.025607275,-1.478324724,-0.24923348,0,0,,transition,10,0,-1610,10,652,0
1,133,214,-1.835726387,-0.197345761,0.721661451,-2.066334754,-1.47851013,-0.251995556,0,1,168,task,10,0,-1610,10,652,0
1,133,215,-1.838618697,-0.223376516,0.783100286,-2.101380407,-1.478702181,-0.25489619,0,0,,transition,10,0,-1610,10,652,0
1,133,216,-1.841500803,-0.249015662,0.843723722,-2.136003154,-1.478893822,-0.257786589,0,1,169,task,10,0,-1610,10,652,0
1,133,217,-1.818517903,-0.256182427,0.855486124,-2.142669654,-1.47829872,-0.234713541,0,1,170,task,10,0,-1610,10,652,0
1,133,218,-1.81589673,-0.230869383,0.795623575,-2.108505041,-1.478075683,-0.232085567,0,0,,transition,10,0,-1610,10,652,0
1,133,219,-1.813265788,-0.205187183,0.734994335,-2.073943735,-1.477852268,-0.229447796,0,1,171,task,10,0,-1610,10,652,0
1,133,220,-1.810761672,-0.174739802,0.664219298,-2.033992002,-1.47763503,-0.226937092,0,0,,transition,10,0,-1610,10,652,0
1,133,221,-1.808246179,-0.143471589,0.59169578,-1.993113621,-1.477417388,-0.224414974,0,1,172,task,10,0,-1610,10,652,0
1,133,222,-1.80585255,-0.103284279,0.499906972,-1.941879524,-1.477205534,-0.222014965,0,0,,transition,10,0,-1610,10,652,0
1,133,223,-1.803444017,-0.060210417,0.401857585,-1.887272742,-1.476993202,-0.2196,0,1,173,task,10,0,-1610,10,652,0
1,133,224,-1.782213028,-0.070237481,0.420927666,-1.899780788,-1.474520455,-0.198319789,0,1,174,task,10,0,-1610,10,652,0
1,133,225,-1.784199536,-0.111643782,0.514859077,-1.951401599,-1.475531771,-0.200295498,0,0,,transition,10,0,-1610,10,652,0
1,133,226,-1.786172731,-0.150539022,0.603350327,-2.000094372,-1.476542596,-0.202257858,0,1,175,task,10,0,-1610,10,652,0
1,133,227,-1.788415882,-0.181342152,0.674737667,-2.040206582,-1.476862356,-0.20450481,0,0,,transition,10,0,-1610,10,652,0
1,133,228,-1.790648259,-0.21137389,0.744484123,-2.079450232,-1.477181735,-0.206740955,0,1,176,task,10,0,-1610,10,652,0
1,133,229,-1.792994559,-0.236821432,0.80447638,-2.113516026,-1.477507406,-0.209091129,0,0,,transition,10,0,-1610,10,652,0
1,133,230,-1.795331573,-0.261914461,0.863733683,-2.147202158,-1.477832713,-0.211431993,0,1,177,task,10,0,-1610,10,652,0
1,133,231,-1.772555007,-0.272618902,0.883035686,-2.156723912,-1.477653155,-0.188554707,0,1,178,task,10,0,-1610,10,652,0
1,133,232,-1.770563037,-0.248242132,0.826017195,-2.125361426,-1.476939902,-0.186567528,0,0,,transition,10,0,-1610,10,652,0
1,133,233,-1.768562794,-0.223550904,0.768350307,-2.093665606,-1.476226154,-0.184572076,0,1,179,task,10,0,-1610,10,652,0
1,133,234,-1.766751715,-0.19479072,0.701792831,-2.056861609,-1.475131592,-0.182772397,0,0,,transition,10,0,-1610,10,652,0
1,133,235,-1.764931231,-0.165385569,0.633869135,-2.019337033,-1.474036625,-0.180963296,0,1,180,task,10,0,-1610,10,652,0
1,133,236,-1.763193907,-0.128867318,0.550559766,-1.97348064,-1.47297528,-0.179236428,0,0,,transition,10,0,-1610,10,652,0
1,133,237,-1.76144454,-0.09046399,0.463178445,-1.925438343,-1.47191352,-0.177497484,0,1,181,task,10,0,-1610,10,652,0
1,133,238,-1.73732855,-0.086143106,0.442525538,-1.911566675,-1.479097327,-0.153153663,0,1,182,task,10,0,-1610,10,652,0
1,133,239,-1.739017593,-0.125991394,0.532958865,-1.961016801,-1.479249244,-0.154847419,0,0,,transition,10,0,-1610,10,652,0
1,133,240,-1.740694463,-0.163661623,0.618679998,-2.007933873,-1.479400704,-0.156528969,0,1,183,task,10,0,-1610,10,652,0
1,133,241,-1.742457856,-0.193726759,0.687986302,-2.046034354,-1.47956143,-0.158296846,0,0,,transition,10,0,-1610,10,652,0
1,133,242,-1.74421168,-0.223085226,0.755792294,-2.083342028,-1.479721705,-0.160055136,0,1,184,task,10,0,-1610,10,652,0
1,133,243,-1.746055328,-0.248165156,0.814487253,-2.115810178,-1.479891877,-0.161903021,0,0,,transition,10,0,-1610,10,652,0
1,133,244,-1.747890656,-0.272908859,0.872486811,-2.147919869,-1.480061586,-0.163742575,0,1,185,task,10,0,-1610,10,652,0
1,133,245,-1.725753313,-0.29112489,0.904872086,-2.166041813,-1.47777896,-0.141544149,0,1,186,task,10,0,-1610,10,652,0
1,133,246,-1.724156823,-0.267344693,0.849047509,-2.135181771,-1.477632729,-0.139943108,0,0,,transition,10,0,-1610,10,652,0
1,133,247,-1.722552556,-0.243282056,0.792644077,-2.104026004,-1.477486077,-0.138334277,0,1,187,task,10,0,-1610,10,652,0
1,133,248,-1.721027415,-0.21548655,0.728322447,-2.068678414,-1.477348117,-0.136804399,0,0,,transition,10,0,-1610,10,652,0
1,133,249,-1.719493498,-0.18713787,0.662834459,-2.03271843,-1.477209757,-0.135265725,0,1,188,task,10,0,-1610,10,652,0
1,133,250,-1.718035584,-0.152571615,0.583969631,-1.98959288,-1.477079523,-0.133802908,0,0,,transition,10,0,-1610,10,652,0
1,133,251,-1.716566907,-0.116540007,0.501949865,-1.944778726,-1.476948899,-0.132329299,0,1,189,task,10,0,-1610,10,652,0
1,133,252,-1.692749125,-0.098490135,0.44884896,-1.911611006,-1.48152429,-0.108359082,0,1,190,task,10,0,-1610,10,652,0
1,133,253,-1.693938549,-0.137999295,0.538181521,-1.960171321,-1.481663245,-0.109551805,0,0,,transition,10,0,-1610,10,652,0
1,133,254,-1.69511702,-0.175414716,0.622986408,-2.006298652,-1.481801835,-0.110733548,0,1,191,task,10,0,-1610,10,652,0
1,133,255,-1.696358414,-0.205424755,0.69179627,-2.043831473,-1.481947535,-0.111978012,0,0,,transition,10,0,-1610,10,652,0
1,133,256,-1.697591188,-0.234741866,0.759135993,-2.080587819,-1.482092859,-0.113213841,0,1,192,task,10,0,-1610,10,652,0
1,133,257,-1.698888824,-0.259862925,0.817526275,-2.112585816,-1.482245772,-0.114514302,0,0,,transition,10,0,-1610,10,652,0
1,133,258,-1.700178974,-0.284651313,0.875229175,-2.144229733,-1.48239829,-0.11580727,0,1,193,task,10,0,-1610,10,652,0
1,133,259,-1.690226746,-0.383585828,0.928734623,-2.100119754,-1.489198421,-0.106899019,0,0,,transition,10,0,-1610,10,652,0
1,133,260,-1.680274517,-0.482520342,0.982240071,-2.056009774,-1.495998553,-0.097990767,0,0,,transition,10,0,-1610,10,652,0
1,133,261,-1.670322288,-0.581454856,1.03574552,-2.011899795,-1.502798685,-0.089082516,0,0,,transition,10,0,-1610,10,652,0
1,133,262,-1.660370059,-0.680389371,1.089250967,-1.967789815,-1.509598815,-0.080174264,0,0,,transition,10,0,-1610,10,652,0
1,133,263,-1.650417831,-0.779323885,1.142756416,-1.923679836,-1.516398947,-0.071266012,0,0,,transition,10,0,-1610,10,652,0
1,133,264,-1.640465601,-0.878258399,1.196261863,-1.879569856,-1.523199079,-0.062357761,0,0,,transition,10,0,-1610,10,652,0
1,133,265,-1.630513373,-0.977192913,1.249767312,-1.835459877,-1.52999921,-0.053449509,0,0,,transition,10,0,-1610,10,652,0
1,133,266,-1.620561144,-1.076127429,1.303272759,-1.791349897,-1.536799342,-0.044541258,0,0,,transition,10,0,-1610,10,652,0
1,133,267,-1.610608915,-1.175061943,1.356778208,-1.747239918,-1.543599473,-0.035633006,0,0,,transition,10,0,-1610,10,652,0
1,133,268,-1.600656686,-1.273996457,1.410283655,-1.703129938,-1.550399605,-0.026724755,0,0,,transition,10,0,-1610,10,652,0
1,133,269,-1.590704458,-1.372930971,1.463789104,-1.659019959,-1.557199737,-0.017816503,0,0,,transition,10,0,-1610,10,652,0
1,133,270,-1.580752228,-1.471865486,1.517294551,-1.614909979,-1.563999868,-0.008908252,0,0,,transition,10,0,-1610,10,652,0
1,133,271,-1.5708,-1.5708,1.5708,-1.5708,-1.5708,0,0,0,,home,30,0,-1610,10,652,0
1,134,1,-1.5708,-1.5708,1.5708,-1.5708,-1.5708,0,0,0,,home,30,0,-1610,10,652,0
1,134,2,-1.638133451,-1.472688307,1.497435561,-1.592403532,-1.574973602,-0.066285898,0,0,,transition,10,0,-1610,10,652,0
1,134,3,-1.705466901,-1.374576616,1.424071123,-1.614007063,-1.579147205,-0.132571796,0,0,,transition,10,0,-1610,10,652,0
1,134,4,-1.772800352,-1.276464924,1.350706685,-1.635610595,-1.583320808,-0.198857695,0,0,,transition,10,0,-1610,10,652,0
1,134,5,-1.840133802,-1.178353232,1.277342247,-1.657214127,-1.587494411,-0.265143593,0,0,,transition,10,0,-1610,10,652,0
1,134,6,-1.907467253,-1.08024154,1.203977808,-1.678817658,-1.591668013,-0.331429491,0,0,,transition,10,0,-1610,10,652,0
1,134,7,-1.974800704,-0.982129848,1.13061337,-1.70042119,-1.595841616,-0.39771539,0,0,,transition,10,0,-1610,10,652,0
1,134,8,-2.042134154,-0.884018156,1.057248931,-1.722024722,-1.600015219,-0.464001288,0,0,,transition,10,0,-1610,10,652,0
1,134,9,-2.109467606,-0.785906463,0.983884494,-1.743628253,-1.604188822,-0.530287186,0,0,,transition,10,0,-1610,10,652,0
1,134,10,-2.176801057,-0.687794771,0.910520055,-1.765231785,-1.608362424,-0.596573084,0,0,,transition,10,0,-1610,10,652,0
1,134,11,-2.244134507,-0.589683079,0.837155617,-1.786835317,-1.612536027,-0.662858982,0,0,,transition,10,0,-1610,10,652,0
1,134,12,-2.311467958,-0.491571387,0.763791179,-1.808438848,-1.616709629,-0.729144881,0,0,,transition,10,0,-1610,10,652,0
1,134,13,-2.378801408,-0.393459695,0.69042674,-1.83004238,-1.620883233,-0.795430779,0,0,,transition,10,0,-1610,10,652,0
1,134,14,-2.446134859,-0.295348003,0.617062302,-1.851645912,-1.625056835,-0.861716677,0,0,,transition,10,0,-1610,10,652,0
1,134,15,-2.51346831,-0.197236311,0.543697864,-1.873249443,-1.629230437,-0.928002576,0,0,,transition,10,0,-1610,10,652,0
1,134,16,-2.58080176,-0.099124619,0.470333425,-1.894852975,-1.63340404,-0.994288474,0,1,1,task,10,0,-1610,10,652,0
1,134,17,-2.575065781,-0.130080101,0.540907843,-1.934114247,-1.633131634,-0.988547814,0,0,,transition,10,0,-1610,10,652,0
1,134,18,-2.56931654,-0.160425113,0.610195944,-1.972698897,-1.632858529,-0.982793889,0,1,2,task,10,0,-1610,10,652,0
1,134,19,-2.563361589,-0.184949892,0.666854388,-2.004464601,-1.632571404,-0.976834493,0,0,,transition,10,0,-1610,10,652,0
1,134,20,-2.557397041,-0.209252493,0.723064365,-2.036003478,-1.632283744,-0.970865501,0,1,3,task,10,0,-1610,10,652,0
1,134,21,-2.545022756,-0.250704532,0.820096111,-2.090825978,-1.631677797,-0.958482888,0,1,4,task,10,0,-1610,10,652,0
1,134,22,-2.532172287,-0.287085055,0.90632932,-2.139900365,-1.631038677,-0.945624747,0,1,5,task,10,0,-1610,10,652,0
1,134,23,-2.517249402,-0.3167835,0.978191463,-2.181109366,-1.629572793,-0.930693622,0,1,6,task,10,0,-1610,10,652,0
1,134,24,-2.51882335,-0.319666314,0.984543651,-2.184733768,-1.630364246,-0.932268896,0,1,7,task,30,0,-1610,10,652,0
1,134,25,-2.504952785,-0.349236853,1.056459718,-2.22625805,-1.629652232,-0.918392296,0,1,8,task,10,0,-1610,10,652,0
1,134,26,-2.489788476,-0.367405669,1.107838452,-2.257735855,-1.613729386,-0.903299075,0,1,9,task,10,0,-1610,10,652,0
1,134,27,-2.490536596,-0.376323845,1.123225461,-2.26509386,-1.628900231,-0.903971077,0,1,10,task,30,0,-1610,10,652,0
1,134,28,-2.485781536,-0.393651007,1.160013349,-2.249609524,-1.590552753,-0.898123578,0,1,11,task,10,0,-1610,10,652,0
1,134,29,-2.458192531,-0.348771355,1.06035778,-2.200012001,-1.582282133,-0.871062803,0,0,,transition,10,0,-1610,10,652,0
1,134,30,-2.430567017,-0.30342268,0.959890003,-2.150064998,-1.574004818,-0.843965249,0,0,,transition,10,0,-1610,10,652,0
1,134,31,-2.40290867,-0.257482682,0.858318177,-2.099599857,-1.565721639,-0.816834585,0,0,,transition,10,0,-1610,10,652,0
1,134,32,-2.375220577,-0.210754007,0.755190043,-2.048362443,-1.557433305,-0.78967389,0,0,,transition,10,0,-1610,10,652,0
1,134,33,-2.347505337,-0.162902886,0.649757556,-1.995939164,-1.549140436,-0.762485753,0,1,12,task,10,0,-1610,10,652,0
1,134,34,-2.35443543,-0.187389288,0.705275296,-2.027682764,-1.553842829,-0.769259879,0,0,,transition,10,0,-1610,10,652,0
1,134,35,-2.361357066,-0.211561418,0.760142143,-2.059089175,-1.558544815,-0.776025277,0,1,13,task,10,0,-1610,10,652,0
1,134,36,-2.374366492,-0.255022858,0.859005112,-2.118953916,-1.573226733,-0.788697237,0,1,14,task,30,0,-1610,10,652,0
1,134,37,-2.388035404,-0.2928979,0.943827972,-2.166820335,-1.587058583,-0.802063078,0,1,15,task,30,0,-1610,10,652,0
1,134,38,-2.40542073,-0.323272935,1.002721307,-2.175450565,-1.588176841,-0.818581926,0,1,16,task,30,0,-1610,10,652,0
1,134,39,-2.423813527,-0.353996743,1.07225102,-2.210423633,-1.588237073,-0.836769775,0,1,17,task,30,0,-1610,10,652,0
1,134,40,-2.442827985,-0.382492768,1.136996961,-2.242829706,-1.588496155,-0.855563484,0,1,18,task,30,0,-1610,10,652,0
1,134,41,-2.462484227,-0.409093581,1.197675172,-2.273057551,-1.588963759,-0.874981644,0,1,19,task,30,0,-1610,10,652,0
1,134,42,-2.470429089,-0.419134655,1.220641881,-2.284462445,-1.58920806,-0.882827342,0,1,20,task,30,0,-1610,10,652,0
1,134,43,-2.454465554,-0.442946027,1.277763232,-2.317490698,-1.587805279,-0.86692306,0,1,21,task,10,0,-1610,10,652,0
1,134,44,-2.435696155,-0.416848875,1.217043216,-2.282803714,-1.582795507,-0.848381001,0,1,22,task,30,0,-1610,10,652,0
1,134,45,-2.417594963,-0.389024412,1.152738544,-2.246419975,-1.577849191,-0.830510709,0,1,23,task,30,0,-1610,10,652,0
1,134,46,-2.400135856,-0.359206685,1.084269921,-2.208015995,-1.572967632,-0.81328481,0,1,24,task,30,0,-1610,10,652,0
1,134,47,-2.383556653,-0.326995856,1.011348903,-2.168123831,-1.567173894,-0.797003507,0,1,25,task,30,0,-1610,10,652,0
1,134,48,-2.373041732,-0.292419585,0.946689661,-2.151126455,-1.540487923,-0.788207807,0,1,26,task,30,0,-1610,10,652,0
1,134,49,-2.356878844,-0.256244534,0.86302091,-2.106008247,-1.537078449,-0.772234124,0,1,27,task,30,0,-1610,10,652,0
1,134,50,-2.341176737,-0.215628267,0.769586909,-2.055337504,-1.534139381,-0.756684986,0,1,28,task,30,0,-1610,10,652,0
1,134,51,-2.316334548,-0.226686518,0.792676713,-2.068499655,-1.532211953,-0.731898496,0,1,29,task,10,0,-1610,10,652,0
1,134,52,-2.331604855,-0.26689224,0.885088075,-2.118202333,-1.53539118,-0.747001569,0,1,30,task,30,0,-1610,10,652,0
1,134,53,-2.347234786,-0.30286104,0.967896128,-2.162019902,-1.539418858,-0.762401231,0,1,31,task,30,0,-1610,10,652,0
1,134,54,-2.362768103,-0.335663128,1.042020335,-2.198537376,-1.546033674,-0.777510856,0,1,32,task,30,0,-1610,10,652,0
1,134,55,-2.376038687,-0.3677712,1.108341795,-2.225824873,-1.562996193,-0.789736684,0,1,33,task,30,0,-1610,10,652,0
1,134,56,-2.392046801,-0.397713592,1.17499722,-2.260259331,-1.571929708,-0.805243426,0,1,34,task,30,0,-1610,10,652,0
1,134,57,-2.409622145,-0.425649222,1.239490871,-2.296453576,-1.577566422,-0.822548193,0,1,35,task,30,0,-1610,10,652,0
1,134,58,-2.427865696,-0.451903006,1.300521855,-2.3310451,-1.583273888,-0.840525285,0,1,36,task,30,0,-1610,10,652,0
1,134,59,-2.437864538,-0.465267064,1.331761811,-2.348898976,-1.586341922,-0.850384468,0,1,37,task,30,0,-1610,10,652,0
1,134,60,-2.420599218,-0.486240704,1.382934636,-2.378843844,-1.584815502,-0.833184869,0,1,38,task,10,0,-1610,10,652,0
1,134,61,-2.402299469,-0.461288741,1.324757918,-2.345929305,-1.577924031,-0.815205135,0,1,39,task,30,0,-1610,10,652,0
1,134,62,-2.384691193,-0.43489537,1.263667188,-2.311762753,-1.571110764,-0.797924906,0,1,40,task,30,0,-1610,10,652,0
1,134,63,-2.36839295,-0.406995209,1.200908637,-2.279345268,-1.562068679,-0.782135944,0,1,41,task,30,0,-1610,10,652,0
1,134,64,-2.353362455,-0.377506912,1.136394976,-2.248906163,-1.550664053,-0.767794234,0,1,42,task,30,0,-1610,10,652,0
1,134,65,-2.337994364,-0.346709266,1.06694039,-2.214314701,-1.54257321,-0.752913636,0,1,43,task,30,0,-1610,10,652,0
1,134,66,-2.322268035,-0.314143305,0.991419081,-2.174691106,-1.538022201,-0.737459111,0,1,44,task,30,0,-1610,10,652,0
1,134,67,-2.307005376,-0.278483083,0.909166789,-2.131277483,-1.533981998,-0.722425438,0,1,45,task,30,0,-1610,10,652,0
1,134,68,-2.27912115,-0.281026107,0.91223992,-2.133013875,-1.531885902,-0.694599146,0,1,46,task,10,0,-1610,10,652,0
1,134,69,-2.293937768,-0.317205392,0.995844974,-2.177271031,-1.535672166,-0.709207157,0,1,47,task,30,0,-1610,10,652,0
1,134,70,-2.309418518,-0.350209805,1.073263111,-2.219012032,-1.539216408,-0.724490712,0,1,48,task,30,0,-1610,10,652,0
1,134,71,-2.325497749,-0.380633079,1.14535007,-2.258079589,-1.542880613,-0.740358843,0,1,49,task,30,0,-1610,10,652,0
1,134,72,-2.341039864,-0.409954285,1.211994798,-2.291819058,-1.550757292,-0.75544145,0,1,50,task,30,0,-1610,10,652,0
1,134,73,-2.356974334,-0.437706251,1.27488316,-2.323420462,-1.559470211,-0.770860529,0,1,51,task,30,0,-1610,10,652,0
1,134,74,-2.373520159,-0.464026521,1.334894029,-2.354100602,-1.568328762,-0.786888134,0,1,52,task,30,0,-1610,10,652,0
1,134,75,-2.390734021,-0.489589892,1.393627877,-2.386384905,-1.577221163,-0.8036692,0,1,53,task,30,0,-1610,10,652,0
1,134,76,-2.402642513,-0.505981371,1.431513938,-2.407445879,-1.583223563,-0.815297298,0,1,54,task,30,0,-1610,10,652,0
1,134,77,-2.383967289,-0.524582152,1.477682574,-2.434797917,-1.581563714,-0.796694724,0,1,55,task,10,0,-1610,10,652,0
1,134,78,-2.36781882,-0.499617682,1.422211882,-2.405850306,-1.567775513,-0.781211396,0,1,56,task,30,0,-1610,10,652,0
1,134,79,-2.350529402,-0.475019619,1.364568753,-2.375406242,-1.559967576,-0.76437286,0,1,57,task,30,0,-1610,10,652,0
1,134,80,-2.333779269,-0.449186802,1.304262328,-2.343804521,-1.552756885,-0.748042436,0,1,58,task,30,0,-1610,10,652,0
1,134,81,-2.31767457,-0.421841395,1.240926222,-2.310885888,-1.545691443,-0.732342879,0,1,59,task,30,0,-1610,10,652,0
1,134,82,-2.301696722,-0.393274467,1.173620503,-2.274878056,-1.540506015,-0.716656741,0,1,60,task,30,0,-1610,10,652,0
1,134,83,-2.285788402,-0.363190149,1.101539899,-2.235103028,-1.537426646,-0.700915821,0,1,61,task,30,0,-1610,10,652,0
1,134,84,-2.270491992,-0.330602828,1.024340037,-2.192768023,-1.534454559,-0.685775896,0,1,62,task,30,0,-1610,10,652,0
1,134,85,-2.239757254,-0.326395048,1.011291289,-2.185491213,-1.531858083,-0.655124131,0,1,63,task,10,0,-1610,10,652,0
1,134,86,-2.254506893,-0.359986054,1.091030685,-2.229597304,-1.534395992,-0.669749145,0,1,64,task,30,0,-1610,10,652,0
1,134,87,-2.269861136,-0.39092117,1.165348194,-2.270977148,-1.537030141,-0.684969879,0,1,65,task,30,0,-1610,10,652,0
1,134,88,-2.285852272,-0.419627885,1.235190552,-2.310154901,-1.539765253,-0.700818231,0,1,66,task,30,0,-1610,10,652,0
1,134,89,-2.301851388,-0.447199967,1.300673738,-2.345472618,-1.544860486,-0.716538312,0,1,67,task,30,0,-1610,10,652,0
1,134,90,-2.318271255,-0.473455305,1.362780116,-2.378624405,-1.550902169,-0.73261988,0,1,68,task,30,0,-1610,10,652,0
1,134,91,-2.335379665,-0.498293501,1.422115602,-2.410590373,-1.557081671,-0.749376543,0,1,69,task,30,0,-1610,10,652,0
1,134,92,-2.353213113,-0.521846401,1.47898058,-2.44155332,-1.563402666,-0.766845617,0,1,70,task,30,0,-1610,10,652,0
1,134,93,-2.364546611,-0.542119904,1.521584872,-2.460970827,-1.579833664,-0.777350301,0,1,71,task,30,0,-1610,10,652,0
1,134,94,-2.353556993,-0.554398345,1.563705843,-2.487736845,-1.549475417,-0.76766444,0,1,72,task,10,0,-1610,10,652,0
1,134,95,-2.333239108,-0.533071524,1.509102463,-2.457712546,-1.548855471,-0.747458833,0,1,73,task,30,0,-1610,10,652,0
1,134,96,-2.314426119,-0.510269064,1.45262219,-2.427561161,-1.546333109,-0.728859951,0,1,74,task,30,0,-1610,10,652,0
1,134,97,-2.29660193,-0.486118686,1.393858008,-2.396627493,-1.54331572,-0.711265249,0,1,75,task,30,0,-1610,10,652,0
1,134,98,-2.279511467,-0.460591712,1.332417372,-2.364451538,-1.540479559,-0.694381828,0,1,76,task,30,0,-1610,10,652,0
1,134,99,-2.263095231,-0.433807887,1.267316803,-2.329000705,-1.537859352,-0.678127586,0,1,77,task,30,0,-1610,10,652,0
1,134,100,-2.247328537,-0.405533054,1.197878016,-2.289630276,-1.535409856,-0.662482389,0,1,78,task,30,0,-1610,10,652,0
1,134,101,-2.232207972,-0.375121955,1.12420427,-2.248195175,-1.533055249,-0.647475277,0,1,79,task,30,0,-1610,10,652,0
1,134,102,-2.217699311,-0.342188578,1.045436074,-2.204217754,-1.530790742,-0.633072415,0,1,80,task,30,0,-1610,10,652,0
1,134,103,-2.203770285,-0.306182346,0.96035534,-2.157026789,-1.528611758,-0.619241917,0,1,81,task,30,0,-1610,10,652,0
1,134,104,-2.192072901,-0.267234886,0.876305997,-2.121838521,-1.519911885,-0.608030254,0,1,82,task,30,0,-1610,10,652,0
1,134,105,-2.179012564,-0.223355404,0.772931133,-2.063870927,-1.518528488,-0.595009717,0,1,83,task,30,0,-1610,10,652,0
1,134,106,-2.172741013,-0.197887616,0.713731109,-2.030901989,-1.517866801,-0.588756213,0,0,,transition,10,0,-1610,10,652,0
1,134,107,-2.166458013,-0.172013403,0.653682806,-1.997491568,-1.517204207,-0.582491292,0,1,84,task,10,0,-1610,10,652,0
1,134,108,-2.160427678,-0.140602722,0.581695145,-1.957676836,-1.51657049,-0.576477297,0,0,,transition,10,0,-1610,10,652,0
1,134,109,-2.154383095,-0.108178314,0.507538231,-1.916707137,-1.515935744,-0.570449082,0,1,85,task,10,0,-1610,10,652,0
1,134,110,-2.148583603,-0.063996747,0.407797834,-1.861908933,-1.515328548,-0.564664341,0,0,,transition,10,0,-1610,10,652,0
1,134,111,-2.142763216,-0.014842498,0.297230419,-1.801257354,-1.514720004,-0.558858729,0,1,86,task,10,0,-1610,10,652,0
1,134,112,-2.130384435,-0.07280642,0.427696049,-1.871067175,-1.49137129,-0.547473237,0,1,87,task,10,0,-1610,10,652,0
1,134,113,-2.136192674,-0.110639316,0.513906215,-1.918926215,-1.491822393,-0.553283966,0,0,,transition,10,0,-1610,10,652,0
1,134,114,-2.14198353,-0.146632141,0.596144277,-1.964654433,-1.492272355,-0.559077308,0,1,88,task,10,0,-1610,10,652,0
1,134,115,-2.148023533,-0.1751208,0.662145655,-2.001637797,-1.492743242,-0.565119224,0,0,,transition,10,0,-1610,10,652,0
1,134,116,-2.15405029,-0.203017459,0.726896432,-2.03796342,-1.493213189,-0.5711479,0,1,89,task,10,0,-1610,10,652,0
1,134,117,-2.160336238,-0.226695954,0.782620629,-2.06946831,-1.493705307,-0.577435107,0,0,,transition,10,0,-1610,10,652,0
1,134,118,-2.16661096,-0.250093037,0.837767609,-2.100678071,-1.494196574,-0.5837111,0,1,90,task,10,0,-1610,10,652,0
1,134,119,-2.179307944,-0.290123462,0.927584726,-2.14105576,-1.496709365,-0.59627826,0,1,91,task,30,0,-1610,10,652,0
1,134,120,-2.191266718,-0.327946261,1.01372397,-2.184907264,-1.504143981,-0.607836887,0,1,92,task,30,0,-1610,10,652,0
1,134,121,-2.203957766,-0.362922447,1.0968567,-2.232745081,-1.510797479,-0.620217994,0,1,93,task,30,0,-1610,10,652,0
1,134,122,-2.217198797,-0.395096493,1.174358135,-2.277880857,-1.51748714,-0.633156965,0,1,94,task,30,0,-1610,10,652,0
1,134,123,-2.230590324,-0.425224729,1.246113617,-2.318076335,-1.525732245,-0.646154861,0,1,95,task,30,0,-1610,10,652,0
1,134,124,-2.244528762,-0.453457451,1.314042711,-2.356411146,-1.534179175,-0.659700006,0,1,96,task,30,0,-1610,10,652,0
1,134,125,-2.259488502,-0.480316487,1.374098814,-2.381600151,-1.541196644,-0.674156483,0,1,97,task,30,0,-1610,10,652,0
1,134,126,-2.276476064,-0.505462691,1.434219952,-2.411844761,-1.54385323,-0.690900865,0,1,98,task,30,0,-1610,10,652,0
1,134,127,-2.294766901,-0.528935513,1.494219141,-2.44695032,-1.544994433,-0.709119416,0,1,99,task,30,0,-1610,10,652,0
1,134,128,-2.313908781,-0.551090803,1.551831627,-2.480978641,-1.54625564,-0.728181639,0,1,100,task,30,0,-1610,10,652,0
1,134,129,-2.332694524,-0.570768413,1.603929815,-2.512053615,-1.547555816,-0.746885304,0,1,101,task,30,0,-1610,10,652,0
1,134,130,-2.311007776,-0.586255969,1.642152446,-2.535312056,-1.545571016,-0.725283219,0,1,102,task,10,0,-1610,10,652,0
1,134,131,-2.291841119,-0.565315305,1.586275072,-2.500896932,-1.542105624,-0.706280096,0,1,103,task,30,0,-1610,10,652,0
1,134,132,-2.273572034,-0.54316686,1.528358239,-2.46572032,-1.538732476,-0.688168924,0,1,104,task,30,0,-1610,10,652,0
1,134,133,-2.256146829,-0.519730938,1.468197308,-2.429649927,-1.535447441,-0.670896054,0,1,105,task,30,0,-1610,10,652,0
1,134,134,-2.240532111,-0.494429002,1.406586182,-2.395117041,-1.528871515,-0.655637241,0,1,106,task,30,0,-1610,10,652,0
1,134,135,-2.229393543,-0.466354997,1.350297723,-2.378234802,-1.509460525,-0.645765501,0,1,107,task,30,0,-1610,10,652,0
1,134,136,-2.214102767,-0.4395928,1.282988036,-2.339464017,-1.506235235,-0.630617718,0,1,108,task,30,0,-1610,10,652,0
1,134,137,-2.199283519,-0.410997034,1.211641846,-2.298030166,-1.503783975,-0.615888053,0,1,109,task,30,0,-1610,10,652,0
1,134,138,-2.185100721,-0.380198179,1.136004948,-2.254521002,-1.501403636,-0.601789599,0,1,110,task,30,0,-1610,10,652,0
1,134,139,-2.171517916,-0.346797534,1.055182159,-2.208437709,-1.499090139,-0.588286227,0,1,111,task,30,0,-1610,10,652,0
1,134,140,-2.15872439,-0.310692784,0.970569732,-2.163903452,-1.49598019,-0.575639208,0,1,112,task,30,0,-1610,10,652,0
1,134,141,-2.146583812,-0.271243118,0.880150054,-2.118781509,-1.492413398,-0.563670498,0,1,113,task,30,0,-1610,10,652,0
1,134,142,-2.134087663,-0.227276182,0.778216489,-2.065750142,-1.492328864,-0.551141051,0,1,114,task,30,0,-1610,10,652,0
1,134,143,-2.128190529,-0.20140794,0.718022239,-2.032298208,-1.491911814,-0.545240429,0,0,,transition,10,0,-1610,10,652,0
1,134,144,-2.122281265,-0.175115262,0.656941255,-1.998384776,-1.491493771,-0.539327696,0,1,115,task,10,0,-1610,10,652,0
1,134,145,-2.116640365,-0.142992635,0.583114111,-1.95722007,-1.491003978,-0.533686357,0,0,,transition,10,0,-1610,10,652,0
1,134,146,-2.110984268,-0.109788158,0.506970237,-1.914821522,-1.490513179,-0.52802982,0,1,116,task,10,0,-1610,10,652,0
1,134,147,-2.091084867,-0.140101773,0.57129486,-1.950200975,-1.489944492,-0.508069822,0,1,117,task,10,0,-1610,10,652,0
1,134,148,-2.09665128,-0.170119486,0.640106008,-1.987682732,-1.490162038,-0.513647346,0,0,,transition,10,0,-1610,10,652,0
1,134,149,-2.102204208,-0.199413697,0.707380573,-2.024352411,-1.490378393,-0.519211413,0,1,118,task,10,0,-1610,10,652,0
1,134,150,-2.108040755,-0.224064104,0.764513509,-2.055192901,-1.49045968,-0.525064789,0,0,,transition,10,0,-1610,10,652,0
1,134,151,-2.113866007,-0.248386952,0.820969377,-2.08568475,-1.490539703,-0.530906926,0,1,119,task,10,0,-1610,10,652,0
1,134,152,-2.125621548,-0.291168792,0.920418517,-2.138572625,-1.492329823,-0.542607889,0,1,120,task,30,0,-1610,10,652,0
1,134,153,-2.137743021,-0.32952044,1.010266889,-2.186152203,-1.49470895,-0.554636122,0,1,121,task,30,0,-1610,10,652,0
1,134,154,-2.150368805,-0.36448485,1.09319653,-2.230413002,-1.497238519,-0.567154474,0,1,122,task,30,0,-1610,10,652,0
1,134,155,-2.163457344,-0.397153412,1.17228759,-2.27526624,-1.500192403,-0.580129066,0,1,123,task,30,0,-1610,10,652,0
1,134,156,-2.177135634,-0.427407596,1.246617078,-2.317798481,-1.503216896,-0.593687615,0,1,124,task,30,0,-1610,10,652,0
1,134,157,-2.191501847,-0.455525778,1.316894908,-2.358327542,-1.506103724,-0.60793822,0,1,125,task,30,0,-1610,10,652,0
1,134,158,-2.206640004,-0.481717836,1.383659058,-2.397096496,-1.508723768,-0.622970686,0,1,126,task,30,0,-1610,10,652,0
1,134,159,-2.220865411,-0.507624615,1.443398733,-2.423665045,-1.516751337,-0.636679925,0,1,127,task,30,0,-1610,10,652,0
1,134,160,-2.23458112,-0.533159199,1.502154787,-2.452111863,-1.528652177,-0.649685458,0,1,128,task,30,0,-1610,10,652,0
1,134,161,-2.250714932,-0.556755168,1.561150629,-2.485761683,-1.53514441,-0.665472765,0,1,129,task,30,0,-1610,10,652,0
1,134,162,-2.268500732,-0.578742074,1.6189129,-2.520830852,-1.539146436,-0.683069548,0,1,130,task,30,0,-1610,10,652,0
1,134,163,-2.287187797,-0.599549892,1.674751353,-2.555244137,-1.5432432,-0.701562144,0,1,131,task,30,0,-1610,10,652,0
1,134,164,-2.28847317,-0.600902888,1.678426781,-2.557528628,-1.543521095,-0.702834299,0,1,132,task,30,0,-1610,10,652,0
1,134,165,-2.26506926,-0.614746051,1.71279103,-2.578710206,-1.541406654,-0.67951673,0,1,133,task,10,0,-1610,10,652,0
1,134,166,-2.247091395,-0.594043067,1.657299478,-2.54469592,-1.535784034,-0.661810517,0,1,134,task,30,0,-1610,10,652,0
1,134,167,-2.23032362,-0.572093978,1.600534873,-2.511420145,-1.529284128,-0.645379664,0,1,135,task,30,0,-1610,10,652,0
1,134,168,-2.214963314,-0.548793876,1.54287793,-2.480013205,-1.521006382,-0.630483031,0,1,136,task,30,0,-1610,10,652,0
1,134,169,-2.199983935,-0.524632462,1.483817433,-2.4492743,-1.513945204,-0.61591702,0,1,137,task,30,0,-1610,10,652,0
1,134,170,-2.185329667,-0.499564624,1.423186121,-2.419093865,-1.50821794,-0.60160468,0,1,138,task,30,0,-1610,10,652,0
1,134,171,-2.170495322,-0.473845208,1.357603904,-2.381540167,-1.505476615,-0.586887583,0,1,139,task,30,0,-1610,10,652,0
1,134,172,-2.156131691,-0.446588051,1.28826256,-2.340961285,-1.503539278,-0.572584259,0,1,140,task,30,0,-1610,10,652,0
1,134,173,-2.142772639,-0.417180698,1.215567197,-2.299464175,-1.500385295,-0.559351623,0,1,141,task,30,0,-1610,10,652,0
1,134,174,-2.130466938,-0.385362118,1.139177867,-2.257275556,-1.495584066,-0.547262255,0,1,142,task,30,0,-1610,10,652,0
1,134,175,-2.11796107,-0.351663246,1.058064389,-2.212949021,-1.49362755,-0.534824244,0,1,143,task,30,0,-1610,10,652,0
1,134,176,-2.105980287,-0.314820568,0.970554879,-2.165367671,-1.491769,-0.522902076,0,1,144,task,30,0,-1610,10,652,0
1,134,177,-2.094494305,-0.273974308,0.874748721,-2.113489093,-1.490002438,-0.511466164,0,1,145,task,30,0,-1610,10,652,0
1,134,178,-2.083351179,-0.227784554,0.767325031,-2.055157547,-1.488826571,-0.500339944,0,1,146,task,30,0,-1610,10,652,0
1,134,179,-2.077899844,-0.200948173,0.705297199,-2.021245414,-1.488733809,-0.494872147,0,0,,transition,10,0,-1610,10,652,0
1,134,180,-2.072436124,-0.173627388,0.642253009,-1.986802302,-1.488639902,-0.489391992,0,1,147,task,10,0,-1610,10,652,0
1,134,181,-2.049600546,-0.191771662,0.674037223,-2.002827069,-1.491673212,-0.466329589,0,1,148,task,10,0,-1610,10,652,0
1,134,182,-2.054703485,-0.218139703,0.734967411,-2.036097512,-1.492358058,-0.471419339,0,0,,transition,10,0,-1610,10,652,0
1,134,183,-2.059794931,-0.244094423,0.795035848,-2.068920191,-1.493041874,-0.476497631,0,1,149,task,10,0,-1610,10,652,0
1,134,184,-2.070423011,-0.289047842,0.900397617,-2.1267361,-1.494479058,-0.487094193,0,1,150,task,30,0,-1610,10,652,0
1,134,185,-2.081511452,-0.328895042,0.995093562,-2.178983303,-1.4959893,-0.498145504,0,1,151,task,30,0,-1610,10,652,0
1,134,186,-2.093088996,-0.364903415,1.081918714,-2.227190201,-1.497577494,-0.509679823,0,1,152,task,30,0,-1610,10,652,0
1,134,187,-2.105186642,-0.397863302,1.162627619,-2.272321957,-1.49924894,-0.521727624,0,1,153,task,30,0,-1610,10,652,0
1,134,188,-2.117837846,-0.428303233,1.238405432,-2.315036389,-1.501009372,-0.534321786,0,1,154,task,30,0,-1610,10,652,0
1,134,189,-2.131191224,-0.457173603,1.310456051,-2.355790207,-1.50246163,-0.547632922,0,1,155,task,30,0,-1610,10,652,0
1,134,190,-2.145194833,-0.484244188,1.379056225,-2.394902557,-1.503961613,-0.561590202,0,1,156,task,30,0,-1610,10,652,0
1,134,191,-2.15967567,-0.509843309,1.444279243,-2.431615407,-1.506232336,-0.575975199,0,1,157,task,30,0,-1610,10,652,0
1,134,192,-2.174260548,-0.534570157,1.505896471,-2.464251111,-1.510567179,-0.590325852,0,1,158,task,30,0,-1610,10,652,0
1,134,193,-2.189557199,-0.558026624,1.565290215,-2.496007435,-1.515070266,-0.605364855,0,1,159,task,30,0,-1610,10,652,0
1,134,194,-2.205128547,-0.580823382,1.623525836,-2.52876226,-1.521229089,-0.620607467,0,1,160,task,30,0,-1610,10,652,0
1,134,195,-2.221461668,-0.602531663,1.680011152,-2.561109697,-1.52764428,-0.636595884,0,1,161,task,30,0,-1610,10,652,0
1,134,196,-2.237803878,-0.623665335,1.73482335,-2.592812196,-1.536632839,-0.652467158,0,1,162,task,30,0,-1610,10,652,0
1,134,197,-2.240777318,-0.62781837,1.745270824,-2.598855252,-1.539228887,-0.655311349,0,1,163,task,30,0,-1610,10,652,0
1,134,198,-2.219871732,-0.637792495,1.778175759,-2.624674845,-1.524948772,-0.635158687,0,1,164,task,10,0,-1610,10,652,0
1,134,199,-2.201155113,-0.618815863,1.722178493,-2.588256311,-1.523112578,-0.616496058,0,1,165,task,30,0,-1610,10,652,0
1,134,200,-2.183516936,-0.598566878,1.664592996,-2.551641846,-1.521132262,-0.598922329,0,1,166,task,30,0,-1610,10,652,0
1,134,201,-2.169498802,-0.575347984,1.609096343,-2.525138023,-1.510982597,-0.585496586,0,1,167,task,30,0,-1610,10,652,0
1,134,202,-2.15462681,-0.553021807,1.550594084,-2.493259223,-1.505787336,-0.570906209,0,1,168,task,30,0,-1610,10,652,0
1,134,203,-2.13958795,-0.530344183,1.48883223,-2.456951044,-1.503612096,-0.555955694,0,1,169,task,30,0,-1610,10,652,0
1,134,204,-2.125274833,-0.506211734,1.424662866,-2.419688681,-1.501556374,-0.541720675,0,1,170,task,30,0,-1610,10,652,0
1,134,205,-2.111639526,-0.480498303,1.357760422,-2.381270329,-1.499611832,-0.528154081,0,1,171,task,30,0,-1610,10,652,0
1,134,206,-2.098637896,-0.453036158,1.287713081,-2.341449959,-1.4977708,-0.515212573,0,1,172,task,30,0,-1610,10,652,0
1,134,207,-2.086229287,-0.423600802,1.213989232,-2.299918884,-1.496026226,-0.502856213,0,1,173,task,30,0,-1610,10,652,0
1,134,208,-2.074376215,-0.391886925,1.135884591,-2.25627687,-1.494371619,-0.491048171,0,1,174,task,30,0,-1610,10,652,0
1,134,209,-2.063044087,-0.357468404,1.052434472,-2.20998436,-1.492801008,-0.479754455,0,1,175,task,30,0,-1610,10,652,0
1,134,210,-2.052200959,-0.319727318,0.962258335,-2.160277959,-1.491308891,-0.468943661,0,1,176,task,30,0,-1610,10,652,0
1,134,211,-2.041817298,-0.277716658,0.863259253,-2.106007161,-1.489890201,-0.458586754,0,1,177,task,30,0,-1610,10,652,0
1,134,212,-2.036846831,-0.25392892,0.807900542,-2.075788956,-1.489215727,-0.453627081,0,0,,transition,10,0,-1610,10,652,0
1,134,213,-2.03186578,-0.229860733,0.751968132,-2.045278124,-1.488540263,-0.44865686,0,1,178,task,10,0,-1610,10,652,0
1,134,214,-2.006959793,-0.238863452,0.759685261,-2.046411475,-1.492663322,-0.423492589,0,1,179,task,10,0,-1610,10,652,0
1,134,215,-2.011667396,-0.262951978,0.815485045,-2.076700482,-1.493364484,-0.428186648,0,0,,transition,10,0,-1610,10,652,0
1,134,216,-2.016364699,-0.286765335,0.870722989,-2.106703374,-1.494064687,-0.432870446,0,1,180,task,10,0,-1610,10,652,0
1,134,217,-2.026181588,-0.32891575,0.96966674,-2.160644881,-1.495533782,-0.442654875,0,1,181,task,30,0,-1610,10,652,0
1,134,218,-2.03643697,-0.366854242,1.059906983,-2.210087488,-1.497075191,-0.452871935,0,1,182,task,30,0,-1610,10,652,0
1,134,219,-2.04715956,-0.401510465,1.14350333,-2.25616188,-1.498693897,-0.463549849,0,1,183,task,30,0,-1610,10,652,0
1,134,220,-2.058380494,-0.433492921,1.221816612,-2.299621296,-1.500395306,-0.474719214,0,1,184,task,30,0,-1610,10,652,0
1,134,221,-2.070133579,-0.463222151,1.295800459,-2.340999958,-1.502185301,-0.486413245,0,1,185,task,30,0,-1610,10,652,0
1,134,222,-2.08245556,-0.490999894,1.366152837,-2.380695489,-1.504070283,-0.498668035,0,1,186,task,30,0,-1610,10,652,0
1,134,223,-2.095386409,-0.517048179,1.433401855,-2.419015678,-1.506057219,-0.51152285,0,1,187,task,30,0,-1610,10,652,0
1,134,224,-2.108969674,-0.541532869,1.49795763,-2.456206864,-1.508153703,-0.525020453,0,1,188,task,30,0,-1610,10,652,0
1,134,225,-2.123252826,-0.564578537,1.560145278,-2.492472113,-1.510368008,-0.539207468,0,1,189,task,30,0,-1610,10,652,0
1,134,226,-2.138287679,-0.58627823,1.620226769,-2.527983405,-1.512709158,-0.554134773,0,1,190,task,30,0,-1610,10,652,0
1,134,227,-2.154130829,-0.606700036,1.678415898,-2.562890128,-1.515186986,-0.569857946,0,1,191,task,30,0,-1610,10,652,0
1,134,228,-2.170844141,-0.625891591,1.734888815,-2.597325224,-1.517812212,-0.586437746,0,1,192,task,30,0,-1610,10,652,0
1,134,229,-2.188495297,-0.643883196,1.789791592,-2.631409794,-1.520596514,-0.603940646,0,1,193,task,30,0,-1610,10,652,0
1,134,230,-2.193785981,-0.649676199,1.807131506,-2.642968393,-1.522710699,-0.609140417,0,1,194,task,30,0,-1610,10,652,0
1,134,231,-2.137150891,-0.733414727,1.785646824,-2.545498539,-1.527082454,-0.553764016,0,0,,transition,10,0,-1610,10,652,0
1,134,232,-2.080515802,-0.817153254,1.764162141,-2.448028685,-1.531454208,-0.498387614,0,0,,transition,10,0,-1610,10,652,0
1,134,233,-2.023880713,-0.900891781,1.742677459,-2.350558831,-1.535825963,-0.443011212,0,0,,transition,10,0,-1610,10,652,0
1,134,234,-1.967245624,-0.984630309,1.721192776,-2.253088978,-1.540197718,-0.387634811,0,0,,transition,10,0,-1610,10,652,0
1,134,235,-1.910610535,-1.068368836,1.699708094,-2.155619124,-1.544569472,-0.332258409,0,0,,transition,10,0,-1610,10,652,0
1,134,236,-1.853975446,-1.152107363,1.678223411,-2.058149269,-1.548941227,-0.276882008,0,0,,transition,10,0,-1610,10,652,0
1,134,237,-1.797340356,-1.23584589,1.656738729,-1.960679415,-1.553312981,-0.221505606,0,0,,transition,10,0,-1610,10,652,0
1,134,238,-1.740705267,-1.319584418,1.635254047,-1.863209561,-1.557684736,-0.166129205,0,0,,transition,10,0,-1610,10,652,0
1,134,239,-1.684070179,-1.403322946,1.613769365,-1.765739708,-1.562056491,-0.110752803,0,0,,transition,10,0,-1610,10,652,0
1,134,240,-1.627435089,-1.487061473,1.592284682,-1.668269854,-1.566428245,-0.055376402,0,0,,transition,10,0,-1610,10,652,0
1,134,241,-1.5708,-1.5708,1.5708,-1.5708,-1.5708,0,0,0,,home,30,0,-1610,10,652,0
2,143,1,-1.5708,-1.5708,1.5708,-1.5708,-1.5708,0,0,0,,home,30,0,1610,10,652,0
2,143,2,-1.531338979,-1.473111905,1.541756557,-1.636949908,-1.566672369,0.040629335,0,0,,transition,10,0,1610,10,652,0
2,143,3,-1.491877959,-1.37542381,1.512713114,-1.703099816,-1.562544739,0.08125867,0,0,,transition,10,0,1610,10,652,0
2,143,4,-1.452416937,-1.277735715,1.483669671,-1.769249725,-1.558417108,0.121888006,0,0,,transition,10,0,1610,10,652,0
2,143,5,-1.412955916,-1.18004762,1.454626228,-1.835399633,-1.554289477,0.162517341,0,0,,transition,10,0,1610,10,652,0
2,143,6,-1.373494895,-1.082359525,1.425582785,-1.901549541,-1.550161847,0.203146676,0,0,,transition,10,0,1610,10,652,0
2,143,7,-1.334033875,-0.984671429,1.396539342,-1.967699449,-1.546034216,0.243776011,0,0,,transition,10,0,1610,10,652,0
2,143,8,-1.294572853,-0.886983334,1.367495899,-2.033849357,-1.541906586,0.284405346,0,0,,transition,10,0,1610,10,652,0
2,143,9,-1.255111832,-0.789295239,1.338452456,-2.099999265,-1.537778955,0.325034682,0,0,,transition,10,0,1610,10,652,0
2,143,10,-1.215650811,-0.691607144,1.309409013,-2.166149174,-1.533651324,0.365664017,0,0,,transition,10,0,1610,10,652,0
2,143,11,-1.176189791,-0.593919049,1.28036557,-2.232299082,-1.529523694,0.406293352,0,0,,transition,10,0,1610,10,652,0
2,143,12,-1.136728769,-0.496230954,1.251322127,-2.29844899,-1.525396063,0.446922687,0,0,,transition,10,0,1610,10,652,0
2,143,13,-1.097267748,-0.398542859,1.222278684,-2.364598898,-1.521268432,0.487552022,0,1,1,task,10,0,1610,10,652,0
2,143,14,-1.108448639,-0.370293317,1.156121381,-2.330270095,-1.524112975,0.476418099,0,1,2,task,30,0,1610,10,652,0
2,143,15,-1.118744891,-0.339916152,1.085407502,-2.293422657,-1.528516385,0.46613666,0,1,3,task,30,0,1610,10,652,0
2,143,16,-1.127911613,-0.30687917,1.009076881,-2.253533894,-1.53563034,0.456947915,0,1,4,task,30,0,1610,10,652,0
2,143,17,-1.147086176,-0.332766674,1.076760711,-2.295979711,-1.539419549,0.437751711,0,1,5,task,10,0,1610,10,652,0
2,143,18,-1.13876299,-0.36427005,1.149756385,-2.333467354,-1.530161753,0.446107381,0,1,6,task,30,0,1610,10,652,0
2,143,19,-1.129049242,-0.393404463,1.217388663,-2.367410354,-1.524620768,0.455802123,0,1,7,task,30,0,1610,10,652,0
2,143,20,-1.118301638,-0.420782691,1.279130524,-2.394589419,-1.521231434,0.466428399,0,1,8,task,30,0,1610,10,652,0
2,143,21,-1.105797179,-0.446574422,1.333576206,-2.41099164,-1.522339361,0.478576139,0,1,9,task,30,0,1610,10,652,0
2,143,22,-1.091618379,-0.470297821,1.391813942,-2.44314469,-1.526973684,0.492618052,0,1,10,task,30,0,1610,10,652,0
2,143,23,-1.078503171,-0.49324661,1.449004943,-2.476264826,-1.525790745,0.505680837,0,1,11,task,30,0,1610,10,652,0
2,143,24,-1.069282251,-0.508350964,1.487133158,-2.499017694,-1.524566185,0.514882857,0,1,12,task,30,0,1610,10,652,0
2,143,25,-1.093900503,-0.523284022,1.531267935,-2.527097523,-1.525824315,0.490271183,0,1,13,task,10,0,1610,10,652,0
2,143,26,-1.106618733,-0.501311264,1.476653994,-2.496654327,-1.528489498,0.477626352,0,1,14,task,30,0,1610,10,652,0
2,143,27,-1.120182737,-0.478981775,1.418897641,-2.461229682,-1.526311985,0.464104218,0,1,15,task,30,0,1610,10,652,0
2,143,28,-1.132956898,-0.455026363,1.358906247,-2.425980978,-1.524637793,0.451390286,0,1,16,task,30,0,1610,10,652,0
2,143,29,-1.145359267,-0.42929511,1.303818819,-2.408134256,-1.522012189,0.439327219,0,1,17,task,30,0,1610,10,652,0
2,143,30,-1.154255544,-0.401224474,1.245772087,-2.391538932,-1.530055407,0.430605704,0,1,18,task,30,0,1610,10,652,0
2,143,31,-1.161208671,-0.371551776,1.178186996,-2.359565342,-1.543956037,0.423608341,0,1,19,task,30,0,1610,10,652,0
2,143,32,-1.171582524,-0.342053566,1.104149376,-2.31507873,-1.543812712,0.413238371,0,1,20,task,30,0,1610,10,652,0
2,143,33,-1.186339759,-0.36141021,1.152405514,-2.33482665,-1.568933941,0.398346069,0,1,21,task,10,0,1610,10,652,0
2,143,34,-1.176771757,-0.389935553,1.225575954,-2.380343516,-1.566777365,0.407913467,0,1,22,task,30,0,1610,10,652,0
2,143,35,-1.166745198,-0.416297821,1.294634027,-2.423952532,-1.564625894,0.417941432,0,1,23,task,30,0,1610,10,652,0
2,143,36,-1.166937548,-0.449072206,1.348377731,-2.420156268,-1.525783577,0.417428272,0,1,24,task,30,0,1610,10,652,0
2,143,37,-1.155293133,-0.473784047,1.410623443,-2.457401131,-1.526675074,0.429036264,0,1,25,task,30,0,1610,10,652,0
2,143,38,-1.143076311,-0.49703758,1.470116688,-2.493349058,-1.527524581,0.441215585,0,1,26,task,30,0,1610,10,652,0
2,143,39,-1.130249472,-0.518955254,1.527135828,-2.528156389,-1.528329118,0.454003761,0,1,27,task,30,0,1610,10,652,0
2,143,40,-1.119355087,-0.537127612,1.573270773,-2.554129786,-1.527153777,0.46482636,0,1,28,task,30,0,1610,10,652,0
2,143,41,-1.145659929,-0.549935384,1.613229152,-2.580151793,-1.528557279,0.438534744,0,1,29,task,10,0,1610,10,652,0
2,143,42,-1.151911411,-0.52725828,1.552224323,-2.537046256,-1.548984483,0.432120326,0,1,30,task,30,0,1610,10,652,0
2,143,43,-1.161515357,-0.504851102,1.49267254,-2.498387554,-1.557422728,0.422525773,0,1,31,task,30,0,1610,10,652,0
2,143,44,-1.170638451,-0.481035305,1.430738333,-2.458910578,-1.565857191,0.41344077,0,1,32,task,30,0,1610,10,652,0
2,143,45,-1.179167967,-0.455101675,1.3709127,-2.430838839,-1.57467934,0.405127225,0,1,33,task,30,0,1610,10,652,0
2,143,46,-1.18849737,-0.428827476,1.311766691,-2.407597198,-1.579259323,0.396017157,0,1,34,task,30,0,1610,10,652,0
2,143,47,-1.198458547,-0.402511732,1.244734715,-2.368741481,-1.580105153,0.386095577,0,1,35,task,30,0,1610,10,652,0
2,143,48,-1.20797165,-0.374226904,1.173906129,-2.328065838,-1.58089571,0.376618733,0,1,36,task,30,0,1610,10,652,0
2,143,49,-1.231718501,-0.391114982,1.21683602,-2.355232466,-1.582059805,0.352903813,0,1,37,task,10,0,1610,10,652,0
2,143,50,-1.222667545,-0.418631955,1.286212716,-2.394870876,-1.581276838,0.36191697,0,1,38,task,30,0,1610,10,652,0
2,143,51,-1.213181135,-0.444307635,1.352101407,-2.432869382,-1.58043468,0.371361671,0,1,39,task,30,0,1610,10,652,0
2,143,52,-1.203718949,-0.469413265,1.413140733,-2.463283912,-1.57793744,0.380709831,0,1,40,task,30,0,1610,10,652,0
2,143,53,-1.194490633,-0.494693573,1.469286347,-2.484271589,-1.573155271,0.389696632,0,1,41,task,30,0,1610,10,652,0
2,143,54,-1.183620901,-0.51723448,1.52818115,-2.519352523,-1.571949516,0.400513204,0,1,42,task,30,0,1610,10,652,0
2,143,55,-1.171991671,-0.53821698,1.585543712,-2.555741738,-1.57126049,0.412120595,0,1,43,task,30,0,1610,10,652,0
2,143,56,-1.159734594,-0.557947498,1.640821367,-2.591305756,-1.570532696,0.424354634,0,1,44,task,30,0,1610,10,652,0
2,143,57,-1.159571328,-0.558195415,1.641525229,-2.591761976,-1.570522992,0.424517593,0,1,45,task,30,0,1610,10,652,0
2,143,58,-1.187350955,-0.570718172,1.678579029,-2.61630955,-1.572254306,0.396791954,0,1,46,task,10,0,1610,10,652,0
2,143,59,-1.199062839,-0.551437845,1.623400141,-2.580405783,-1.57293502,0.385101762,0,1,47,task,30,0,1610,10,652,0
2,143,60,-1.210156444,-0.530919456,1.566248075,-2.543772554,-1.573577534,0.374028655,0,1,48,task,30,0,1610,10,652,0
2,143,61,-1.219903949,-0.507948711,1.510357706,-2.516792717,-1.576599171,0.364435485,0,1,49,task,30,0,1610,10,652,0
2,143,62,-1.229110932,-0.483728409,1.452740148,-2.490045425,-1.579745405,0.35537455,0,1,50,task,30,0,1610,10,652,0
2,143,63,-1.238241806,-0.459307522,1.391687095,-2.457931158,-1.581615956,0.346328995,0,1,51,task,30,0,1610,10,652,0
2,143,64,-1.247222762,-0.434219497,1.326953402,-2.421013754,-1.582462116,0.337393091,0,1,52,task,30,0,1610,10,652,0
2,143,65,-1.255783947,-0.407409328,1.259015833,-2.382620789,-1.583243339,0.328872123,0,1,53,task,30,0,1610,10,652,0
2,143,66,-1.281813199,-0.417461571,1.286572771,-2.403063432,-1.584617723,0.302888715,0,1,54,task,10,0,1610,10,652,0
2,143,67,-1.273852783,-0.443988935,1.353630821,-2.440037909,-1.583840877,0.310806264,0,1,55,task,30,0,1610,10,652,0
2,143,68,-1.265497946,-0.468877497,1.417671507,-2.475639352,-1.582990815,0.319111791,0,1,56,task,30,0,1610,10,652,0
2,143,69,-1.256839404,-0.492743262,1.47892001,-2.509023104,-1.581687865,0.327704905,0,1,57,task,30,0,1610,10,652,0
2,143,70,-1.248030444,-0.516416405,1.537505935,-2.538876232,-1.579394765,0.33641524,0,1,58,task,30,0,1610,10,652,0
2,143,71,-1.238768233,-0.538937759,1.59402856,-2.567852226,-1.576987159,0.345564467,0,1,59,task,30,0,1610,10,652,0
2,143,72,-1.228918547,-0.560199783,1.649069098,-2.59738016,-1.574752701,0.355303003,0,1,60,task,30,0,1610,10,652,0
2,143,73,-1.217921226,-0.579261523,1.704548261,-2.63380169,-1.574145154,0.366280656,0,1,61,task,30,0,1610,10,652,0
2,143,74,-1.216003038,-0.582359608,1.713735123,-2.639891534,-1.574038803,0.368195406,0,1,62,task,30,0,1610,10,652,0
2,143,75,-1.245526592,-0.593156158,1.747021564,-2.662504143,-1.575874783,0.338728729,0,1,63,task,10,0,1610,10,652,0
2,143,76,-1.255721798,-0.574219735,1.692771064,-2.62903772,-1.577090762,0.328590277,0,1,64,task,30,0,1610,10,652,0
2,143,77,-1.265074503,-0.553601815,1.637980721,-2.598916078,-1.579080158,0.319332146,0,1,65,task,30,0,1610,10,652,0
2,143,78,-1.273939408,-0.531892581,1.581410811,-2.568132902,-1.580968779,0.310551423,0,1,66,task,30,0,1610,10,652,0
2,143,79,-1.282351507,-0.509028018,1.522887089,-2.536574663,-1.582763831,0.302213843,0,1,67,task,30,0,1610,10,652,0
2,143,80,-1.290457791,-0.485515604,1.462720215,-2.504541746,-1.58410512,0.29417592,0,1,68,task,30,0,1610,10,652,0
2,143,81,-1.298272191,-0.461190233,1.40063855,-2.471871636,-1.585019033,0.286421887,0,1,69,task,30,0,1610,10,652,0
2,143,82,-1.305715398,-0.43538411,1.335864492,-2.437995751,-1.585841447,0.279028606,0,1,70,task,30,0,1610,10,652,0
2,143,83,-1.333699596,-0.439058444,1.348975423,-2.452076527,-1.587090868,0.251085198,0,1,71,task,10,0,1610,10,652,0
2,143,84,-1.326836599,-0.464536054,1.416089152,-2.491818586,-1.586748743,0.25793423,0,1,72,task,30,0,1610,10,652,0
2,143,85,-1.319783937,-0.489208802,1.476897414,-2.520271379,-1.585826498,0.264922116,0,1,73,task,30,0,1610,10,652,0
2,143,86,-1.312358304,-0.512926532,1.534989928,-2.546141109,-1.584859852,0.272254678,0,1,74,task,30,0,1610,10,652,0
2,143,87,-1.304204225,-0.535936235,1.592746834,-2.575011731,-1.584862417,0.280333345,0,1,75,task,30,0,1610,10,652,0
2,143,88,-1.295614732,-0.557850986,1.648619429,-2.603084081,-1.584743704,0.288833298,0,1,76,task,30,0,1610,10,652,0
2,143,89,-1.286556363,-0.578733138,1.702773416,-2.630462629,-1.584493872,0.297786608,0,1,77,task,30,0,1610,10,652,0
2,143,90,-1.270979231,-0.598894129,1.747244415,-2.638349826,-1.601522221,0.313259355,0,1,78,task,30,0,1610,10,652,0
2,143,91,-1.26684005,-0.6049959,1.763459157,-2.646256085,-1.603878374,0.317389541,0,1,79,task,30,0,1610,10,652,0
2,143,92,-1.297736787,-0.615754215,1.793785469,-2.666882551,-1.60642399,0.286579652,0,1,80,task,10,0,1610,10,652,0
2,143,93,-1.307437417,-0.597007124,1.739200202,-2.632798085,-1.605239076,0.276900989,0,1,81,task,30,0,1610,10,652,0
2,143,94,-1.316582918,-0.577119429,1.682992446,-2.598182177,-1.603979959,0.267775578,0,1,82,task,30,0,1610,10,652,0
2,143,95,-1.325217091,-0.556052115,1.625020231,-2.562934966,-1.602653281,0.259159922,0,1,83,task,30,0,1610,10,652,0
2,143,96,-1.33775778,-0.532800344,1.576907302,-2.556091315,-1.587290972,0.246744925,0,1,84,task,30,0,1610,10,652,0
2,143,97,-1.344380666,-0.505841221,1.530987131,-2.565005137,-1.588888627,0.24040095,0,1,85,task,30,0,1610,10,652,0
2,143,98,-1.347930803,-0.482386133,1.463982147,-2.519222801,-1.599754821,0.236914937,0,1,86,task,30,0,1610,10,652,0
2,143,99,-1.351316618,-0.457157689,1.394271681,-2.472600266,-1.610534753,0.233618634,0,1,87,task,30,0,1610,10,652,0
2,143,100,-1.356449913,-0.430812912,1.323635773,-2.428161901,-1.614539941,0.228524703,0,1,88,task,30,0,1610,10,652,0
2,143,101,-1.361324368,-0.402452332,1.249442466,-2.382209363,-1.618538419,0.223691424,0,1,89,task,30,0,1610,10,652,0
2,143,102,-1.365958659,-0.371795474,1.171023085,-2.334352341,-1.62253046,0.219100013,0,1,90,task,30,0,1610,10,652,0
2,143,103,-1.370369753,-0.338449849,1.087469809,-2.284073596,-1.62651633,0.214733411,0,1,91,task,30,0,1610,10,652,0
2,143,104,-1.37457309,-0.301848324,0.99749826,-2.230654159,-1.630496285,0.21057609,0,1,92,task,30,0,1610,10,652,0
2,143,105,-1.378582756,-0.261130503,0.899187656,-2.173032079,-1.634470569,0.206613895,0,1,93,task,30,0,1610,10,652,0
2,143,106,-1.380499165,-0.238035819,0.844338731,-2.14127251,-1.636455062,0.204721913,0,0,,transition,10,0,1610,10,652,0
2,143,107,-1.382411612,-0.214891747,0.789431315,-2.109503892,-1.638439414,0.202833892,0,1,94,task,10,0,1610,10,652,0
2,143,108,-1.406333492,-0.212699249,0.787000407,-2.119516629,-1.642463267,0.178939434,0,1,95,task,10,0,1610,10,652,0
2,143,109,-1.404434238,-0.235584768,0.839120628,-2.145492964,-1.6415741,0.180822622,0,0,,transition,10,0,1610,10,652,0
2,143,110,-1.402532027,-0.258402351,0.891138081,-2.171434352,-1.640684506,0.182708725,0,1,96,task,10,0,1610,10,652,0
2,143,111,-1.398369876,-0.299240988,0.987245532,-2.223035887,-1.639601831,0.186852784,0,1,97,task,30,0,1610,10,652,0
2,143,112,-1.393887194,-0.33614307,1.076685479,-2.273684341,-1.638961867,0.191329423,0,1,98,task,30,0,1610,10,652,0
2,143,113,-1.38918731,-0.369829176,1.159701423,-2.321115302,-1.638297617,0.196022179,0,1,99,task,30,0,1610,10,652,0
2,143,114,-1.384254492,-0.400872574,1.237582507,-2.366044143,-1.637607233,0.200946683,0,1,100,task,30,0,1610,10,652,0
2,143,115,-1.3790715,-0.429671195,1.311238719,-2.408982403,-1.636888682,0.206120063,0,1,101,task,30,0,1610,10,652,0
2,143,116,-1.373619406,-0.456510957,1.381339701,-2.450313252,-1.636139719,0.211561121,0,1,102,task,30,0,1610,10,652,0
2,143,117,-1.367877396,-0.481601944,1.448394205,-2.490334782,-1.635357863,0.217290533,0,1,103,task,30,0,1610,10,652,0
2,143,118,-1.361822531,-0.505100362,1.512798531,-2.529286484,-1.634540365,0.223331079,0,1,104,task,30,0,1610,10,652,0
2,143,119,-1.355737141,-0.527561267,1.574099672,-2.564645015,-1.632720203,0.229371144,0,1,105,task,30,0,1610,10,652,0
2,143,120,-1.35312064,-0.55472301,1.625200376,-2.568338637,-1.619310175,0.23155663,0,1,106,task,30,0,1610,10,652,0
2,143,121,-1.346776898,-0.576639139,1.684083779,-2.603018493,-1.616406772,0.237825946,0,1,107,task,30,0,1610,10,652,0
2,143,122,-1.340054745,-0.597399109,1.741272885,-2.637178295,-1.613447232,0.244469249,0,1,108,task,30,0,1610,10,652,0
2,143,123,-1.332920653,-0.617040318,1.796918821,-2.67093405,-1.610426703,0.251519717,0,1,109,task,30,0,1610,10,652,0
2,143,124,-1.329458873,-0.625784023,1.822260334,-2.686495569,-1.609002421,0.254940952,0,1,110,task,30,0,1610,10,652,0
2,143,125,-1.361980554,-0.635114728,1.84887905,-2.70506523,-1.611606151,0.22249833,0,1,111,task,10,0,1610,10,652,0
2,143,126,-1.368220804,-0.616095844,1.793969245,-2.671917301,-1.615033352,0.216345207,0,1,112,task,30,0,1610,10,652,0
2,143,127,-1.374089898,-0.595985213,1.737665036,-2.638488958,-1.618400557,0.210558241,0,1,113,task,30,0,1610,10,652,0
2,143,128,-1.379619165,-0.574759566,1.679833092,-2.604667765,-1.621712695,0.205106477,0,1,114,task,30,0,1610,10,652,0
2,143,129,-1.383163636,-0.550299784,1.626046953,-2.588672857,-1.630073515,0.201812841,0,1,115,task,30,0,1610,10,652,0
2,143,130,-1.387419842,-0.526610606,1.568910657,-2.564913633,-1.63558497,0.197703702,0,1,116,task,30,0,1610,10,652,0
2,143,131,-1.392886663,-0.504100786,1.506013379,-2.526708459,-1.636404269,0.192251182,0,1,117,task,30,0,1610,10,652,0
2,143,132,-1.39806345,-0.480098111,1.440750905,-2.487619365,-1.637188737,0.187086912,0,1,118,task,30,0,1610,10,652,0
2,143,133,-1.402972137,-0.454480415,1.372792872,-2.447438773,-1.637941115,0.18218912,0,1,119,task,30,0,1610,10,652,0
2,143,134,-1.407632553,-0.427083207,1.30172279,-2.405915275,-1.638663873,0.177538121,0,1,120,task,30,0,1610,10,652,0
2,143,135,-1.412062667,-0.397684576,1.227004445,-2.362735121,-1.639359233,0.173116076,0,1,121,task,30,0,1610,10,652,0
2,143,136,-1.41627879,-0.365981225,1.147928985,-2.317493279,-1.640029207,0.168906788,0,1,122,task,30,0,1610,10,652,0
2,143,137,-1.420285494,-0.33155091,1.063663449,-2.269948285,-1.640714522,0.164906876,0,1,123,task,30,0,1610,10,652,0
2,143,138,-1.423985437,-0.293902217,0.974540262,-2.22284891,-1.641850846,0.161224548,0,1,124,task,30,0,1610,10,652,0
2,143,139,-1.427522695,-0.252193189,0.877024191,-2.171413842,-1.642950636,0.157701067,0,1,125,task,30,0,1610,10,652,0
2,143,140,-1.452630677,-0.241319937,0.849561434,-2.159851916,-1.644227497,0.132545423,0,1,126,task,10,0,1610,10,652,0
2,143,141,-1.451129829,-0.263003162,0.900476903,-2.187433404,-1.643861391,0.134044343,0,0,,transition,10,0,1610,10,652,0
2,143,142,-1.449626233,-0.284638157,0.951332955,-2.215003538,-1.643495082,0.135546005,0,1,127,task,10,0,1610,10,652,0
2,143,143,-1.446481621,-0.323456504,1.043797463,-2.265342524,-1.642739211,0.138685037,0,1,128,task,30,0,1610,10,652,0
2,143,144,-1.443186941,-0.358809489,1.129246573,-2.312125713,-1.64195824,0.141972286,0,1,129,task,30,0,1610,10,652,0
2,143,145,-1.439724335,-0.391363646,1.209280793,-2.35643603,-1.641175863,0.145426228,0,1,130,task,30,0,1610,10,652,0
2,143,146,-1.436052462,-0.421546399,1.28531784,-2.399837738,-1.640492068,0.149091562,0,1,131,task,30,0,1610,10,652,0
2,143,147,-1.432190321,-0.449664993,1.357557976,-2.441498392,-1.639783833,0.152945854,0,1,132,task,30,0,1610,10,652,0
2,143,148,-1.428123019,-0.475959768,1.426577931,-2.481753887,-1.639049201,0.157003874,0,1,133,task,30,0,1610,10,652,0
2,143,149,-1.423834105,-0.500608321,1.492823351,-2.520871744,-1.638286,0.16128194,0,1,134,task,30,0,1610,10,652,0
2,143,150,-1.41930536,-0.523742435,1.556646495,-2.559071871,-1.637491816,0.165798121,0,1,135,task,30,0,1610,10,652,0
2,143,151,-1.414516563,-0.545459014,1.618330932,-2.596540332,-1.636663959,0.170572467,0,1,136,task,30,0,1610,10,652,0
2,143,152,-1.411049333,-0.569023778,1.674507366,-2.618909419,-1.631013857,0.173905105,0,1,137,task,30,0,1610,10,652,0
2,143,153,-1.40754543,-0.591944343,1.728823252,-2.639411081,-1.624852058,0.177240804,0,1,138,task,30,0,1610,10,652,0
2,143,154,-1.403095304,-0.612787976,1.785386388,-2.670975553,-1.620699073,0.18160015,0,1,139,task,30,0,1610,10,652,0
2,143,155,-1.398298698,-0.63246223,1.840888105,-2.703249543,-1.616673379,0.186309159,0,1,140,task,30,0,1610,10,652,0
2,143,156,-1.395268204,-0.643774926,1.873630786,-2.722555587,-1.61422674,0.189284513,0,1,141,task,30,0,1610,10,652,0
2,143,157,-1.429279908,-0.651792548,1.896499739,-2.738925499,-1.616854875,0.155340505,0,1,142,task,10,0,1610,10,652,0
2,143,158,-1.432721243,-0.632471972,1.842226201,-2.708959846,-1.622117677,0.151998799,0,1,143,task,30,0,1610,10,652,0
2,143,159,-1.436014146,-0.612149459,1.787135563,-2.679836509,-1.627165067,0.148804074,0,1,144,task,30,0,1610,10,652,0
2,143,160,-1.43934351,-0.590892475,1.732287717,-2.654387255,-1.631496199,0.145577433,0,1,145,task,30,0,1610,10,652,0
2,143,161,-1.442491983,-0.568666489,1.676023799,-2.628510902,-1.635762069,0.142519035,0,1,146,task,30,0,1610,10,652,0
2,143,162,-1.445985493,-0.546566783,1.617064947,-2.597362541,-1.638386046,0.139075163,0,1,147,task,30,0,1610,10,652,0
2,143,163,-1.449840494,-0.524465965,1.554995519,-2.560357704,-1.639212935,0.135233482,0,1,148,task,30,0,1610,10,652,0
2,143,164,-1.453486187,-0.500955894,1.490795499,-2.52262304,-1.640009559,0.131599185,0,1,149,task,30,0,1610,10,652,0
2,143,165,-1.456938941,-0.475937691,1.424175903,-2.483968953,-1.640778302,0.128156072,0,1,150,task,30,0,1610,10,652,0
2,143,166,-1.460213481,-0.449276965,1.354778068,-2.44417165,-1.641521307,0.124889565,0,1,151,task,30,0,1610,10,652,0
2,143,167,-1.463335278,-0.420827948,1.28209414,-2.402773585,-1.64219714,0.121773662,0,1,152,task,30,0,1610,10,652,0
2,143,168,-1.466322489,-0.390355873,1.205490966,-2.359316782,-1.642781603,0.118790083,0,1,153,task,30,0,1610,10,652,0
2,143,169,-1.469165768,-0.357459816,1.12426379,-2.313652943,-1.643346856,0.115949411,0,1,154,task,30,0,1610,10,652,0
2,143,170,-1.471875167,-0.321660109,1.037322039,-2.265171571,-1.643894244,0.113241676,0,1,155,task,30,0,1610,10,652,0
2,143,171,-1.474459831,-0.282248727,0.943080652,-2.212996014,-1.644424986,0.110657803,0,1,156,task,30,0,1610,10,652,0
2,143,172,-1.49978635,-0.26400431,0.896652502,-2.18873833,-1.645215469,0.085269873,0,1,157,task,10,0,1610,10,652,0
2,143,173,-1.497808137,-0.305671172,0.99588875,-2.244103828,-1.644839132,0.087249391,0,1,158,task,30,0,1610,10,652,0
2,143,174,-1.495734588,-0.343217837,1.086724718,-2.295183765,-1.644452239,0.089323867,0,1,159,task,30,0,1610,10,652,0
2,143,175,-1.493558695,-0.377524974,1.171123791,-2.34306049,-1.644054016,0.091500278,0,1,160,task,30,0,1610,10,652,0
2,143,176,-1.491272756,-0.409172382,1.25039654,-2.388464372,-1.643643612,0.093786291,0,1,161,task,30,0,1610,10,652,0
2,143,177,-1.488868279,-0.438561391,1.325468929,-2.431919612,-1.643220083,0.096190355,0,1,162,task,30,0,1610,10,652,0
2,143,178,-1.48633589,-0.465979175,1.397023572,-2.473821171,-1.642782385,0.098721804,0,1,163,task,30,0,1610,10,652,0
2,143,179,-1.48374182,-0.491869286,1.464961916,-2.512557164,-1.642074968,0.101309714,0,1,164,task,30,0,1610,10,652,0
2,143,180,-1.481034254,-0.516305419,1.530132507,-2.549571929,-1.641248668,0.104007678,0,1,165,task,30,0,1610,10,652,0
2,143,181,-1.478173678,-0.539322748,1.593092017,-2.585788454,-1.640395998,0.106856629,0,1,166,task,30,0,1610,10,652,0
2,143,182,-1.475146878,-0.561003235,1.654096885,-2.621380823,-1.639514729,0.109869596,0,1,167,task,30,0,1610,10,652,0
2,143,183,-1.472538518,-0.58293085,1.712498812,-2.651879183,-1.636835714,0.112436366,0,1,168,task,30,0,1610,10,652,0
2,143,184,-1.46993429,-0.60417455,1.769176746,-2.680769854,-1.633662096,0.114986398,0,1,169,task,30,0,1610,10,652,0
2,143,185,-1.467172177,-0.62439145,1.824504835,-2.7093466,-1.630443349,0.11768736,0,1,170,task,30,0,1610,10,652,0
2,143,186,-1.464849152,-0.644227906,1.878499166,-2.736342763,-1.625537548,0.119924501,0,1,171,task,30,0,1610,10,652,0
2,143,187,-1.463965174,-0.659194855,1.917466237,-2.754129593,-1.619480447,0.120715889,0,1,172,task,30,0,1610,10,652,0
2,143,188,-1.499264844,-0.666008278,1.93650781,-2.768119333,-1.622092663,0.085468948,0,1,173,task,10,0,1610,10,652,0
2,143,189,-1.498598124,-0.644859723,1.885518591,-2.750977012,-1.631983664,0.086255501,0,1,174,task,30,0,1610,10,652,0
2,143,190,-1.500654063,-0.626027196,1.830509685,-2.720259449,-1.634462536,0.084236244,0,1,175,task,30,0,1610,10,652,0
2,143,191,-1.502586134,-0.606121923,1.774277504,-2.689394611,-1.636911787,0.082337028,0,1,176,task,30,0,1610,10,652,0
2,143,192,-1.504405239,-0.585132667,1.716691738,-2.658263156,-1.639333772,0.080547233,0,1,177,task,30,0,1610,10,652,0
2,143,193,-1.506328089,-0.563571628,1.657697436,-2.626164002,-1.641098959,0.078645953,0,1,178,task,30,0,1610,10,652,0
2,143,194,-1.508381001,-0.54144452,1.597131209,-2.592899807,-1.642094514,0.076606439,0,1,179,task,30,0,1610,10,652,0
2,143,195,-1.510322846,-0.518041683,1.534670764,-2.559013692,-1.643064243,0.074675324,0,1,180,task,30,0,1610,10,652,0
2,143,196,-1.512289685,-0.493719465,1.468753954,-2.520342569,-1.643586013,0.072711009,0,1,181,task,30,0,1610,10,652,0
2,143,197,-1.514207783,-0.467990461,1.399666156,-2.47888649,-1.643903959,0.070792265,0,1,182,task,30,0,1610,10,652,0
2,143,198,-1.516025718,-0.440477037,1.327566519,-2.436196837,-1.644212478,0.068973462,0,1,183,task,30,0,1610,10,652,0
2,143,199,-1.517751096,-0.410967627,1.251926508,-2.391957091,-1.64451229,0.067247014,0,1,184,task,30,0,1610,10,652,0
2,143,200,-1.519390774,-0.379171419,1.17205191,-2.345764247,-1.644804036,0.065606082,0,1,185,task,30,0,1610,10,652,0
2,143,201,-1.520950955,-0.344680793,1.086999878,-2.297083449,-1.645088295,0.064044478,0,1,186,task,30,0,1610,10,652,0
2,143,202,-1.522437257,-0.306905118,0.995433501,-2.245168749,-1.645365595,0.062556598,0,1,187,task,30,0,1610,10,652,0
2,143,203,-1.52794302,-0.270750203,0.910943511,-2.200939428,-1.645557043,0.057036359,0,0,,transition,10,0,1610,10,652,0
2,143,204,-1.533441633,-0.234463343,0.826294703,-2.156682728,-1.645747872,0.05152323,0,0,,transition,10,0,1610,10,652,0
2,143,205,-1.538933653,-0.198023493,0.741430004,-2.112362658,-1.645938173,0.046016657,0,0,,transition,10,0,1610,10,652,0
2,143,206,-1.544419558,-0.161395455,0.656263006,-2.067928042,-1.646128023,0.040516164,0,0,,transition,10,0,1610,10,652,0
2,143,207,-1.549899756,-0.12451983,0.570655662,-2.023300258,-1.646317495,0.035021346,0,1,188,task,10,0,1610,10,652,0
2,143,208,-1.549500802,-0.155776606,0.643427939,-2.064251864,-1.646321196,0.035421596,0,0,,transition,10,0,1610,10,652,0
2,143,209,-1.549097821,-0.186868994,0.715911922,-2.105079256,-1.646324883,0.035825883,0,1,189,task,10,0,1610,10,652,0
2,143,210,-1.548679878,-0.21243932,0.776581222,-2.139612894,-1.646327742,0.03624516,0,0,,transition,10,0,1610,10,652,0
2,143,211,-1.548258792,-0.237934281,0.837141995,-2.174113132,-1.646330578,0.036667589,0,1,190,task,10,0,1610,10,652,0
2,143,212,-1.547491753,-0.281789994,0.931643312,-2.210007413,-1.645890138,0.037435244,0,1,191,task,30,0,1610,10,652,0
2,143,213,-1.546623627,-0.322356298,1.029049658,-2.265235138,-1.645696954,0.038304727,0,1,192,task,30,0,1610,10,652,0
2,143,214,-1.545712803,-0.359062224,1.118673289,-2.316537702,-1.645500259,0.039216873,0,1,193,task,30,0,1610,10,652,0
2,143,215,-1.544756058,-0.392689183,1.202266687,-2.364885964,-1.645299798,0.040174901,0,1,194,task,30,0,1610,10,652,0
2,143,216,-1.543749839,-0.423759166,1.281021126,-2.41094898,-1.645095287,0.041182364,0,1,195,task,30,0,1610,10,652,0
2,143,217,-1.542690213,-0.452636512,1.35578991,-2.455215462,-1.644886415,0.042243187,0,1,196,task,30,0,1610,10,652,0
2,143,218,-1.541572826,-0.479582702,1.427209,-2.49805961,-1.644672835,0.043361722,0,1,197,task,30,0,1610,10,652,0
2,143,219,-1.540392836,-0.504788104,1.495767376,-2.539779723,-1.644454157,0.044542805,0,1,198,task,30,0,1610,10,652,0
2,143,220,-1.539144848,-0.528391348,1.561850569,-2.580622359,-1.644229953,0.045791825,0,1,199,task,30,0,1610,10,652,0
2,143,221,-1.537923868,-0.550984022,1.624671841,-2.617185182,-1.643685369,0.047010239,0,1,200,task,30,0,1610,10,652,0
2,143,222,-1.536895795,-0.573593003,1.682934873,-2.644065697,-1.64232953,0.048024139,0,1,201,task,30,0,1610,10,652,0
2,143,223,-1.535342487,-0.595002506,1.741197217,-2.674945141,-1.64232333,0.049570243,0,1,202,task,30,0,1610,10,652,0
2,143,224,-1.533459625,-0.615219445,1.798755967,-2.707661222,-1.642960024,0.051449558,0,1,203,task,30,0,1610,10,652,0
2,143,225,-1.531456264,-0.634310149,1.854999017,-2.740176092,-1.643571755,0.053447914,0,1,204,task,30,0,1610,10,652,0
2,143,226,-1.529036968,-0.651874771,1.910569478,-2.774677884,-1.644906924,0.055867512,0,1,205,task,30,0,1610,10,652,0
2,143,227,-1.526355796,-0.665596818,1.958935162,-2.807924653,-1.64715755,0.058559401,0,1,206,task,30,0,1610,10,652,0
2,143,228,-1.562824414,-0.672102669,1.974620788,-2.819927497,-1.649155342,0.022036285,0,1,207,task,10,0,1610,10,652,0
2,143,229,-1.563957769,-0.656671986,1.918297844,-2.779559242,-1.648256608,0.020899942,0,1,208,task,30,0,1610,10,652,0
2,143,230,-1.565014268,-0.639850657,1.860835477,-2.739434099,-1.647352731,0.019840697,0,1,209,task,30,0,1610,10,652,0
2,143,231,-1.566001456,-0.621675678,1.802111301,-2.699393464,-1.646444226,0.018850983,0,1,210,task,30,0,1610,10,652,0
2,143,232,-1.567188763,-0.600794664,1.745264988,-2.669691555,-1.644757233,0.017664718,0,1,211,task,30,0,1610,10,652,0
2,143,233,-1.567742526,-0.575177086,1.696067943,-2.66897679,-1.644756795,0.017122908,0,1,212,task,30,0,1610,10,652,0
2,143,234,-1.567261696,-0.55454885,1.633087402,-2.627276035,-1.647892097,0.01760939,0,1,213,task,30,0,1610,10,652,0
2,143,235,-1.566809821,-0.532443918,1.568143447,-2.585009785,-1.651026994,0.018067214,0,1,214,task,30,0,1610,10,652,0
2,143,236,-1.566479529,-0.508815291,1.501055092,-2.542128718,-1.653846031,0.018402981,0,1,215,task,30,0,1610,10,652,0
2,143,237,-1.566453841,-0.483644321,1.431587967,-2.498431041,-1.655689573,0.018431833,0,1,216,task,30,0,1610,10,652,0
2,143,238,-1.566429617,-0.456675893,1.359220915,-2.453631058,-1.657533172,0.01845928,0,1,217,task,30,0,1610,10,652,0
2,143,239,-1.566406743,-0.427716974,1.283449805,-2.407417674,-1.659376816,0.018485435,0,1,218,task,30,0,1610,10,652,0
2,143,240,-1.566385121,-0.396500167,1.203617747,-2.359401395,-1.661220498,0.018510399,0,1,219,task,30,0,1610,10,652,0
2,143,241,-1.566364658,-0.36265036,1.118840991,-2.309073585,-1.663064211,0.018534264,0,1,220,task,30,0,1610,10,652,0
2,143,242,-1.566345273,-0.325626722,1.027881142,-2.255736684,-1.664907944,0.01855711,0,1,221,task,30,0,1610,10,652,0
2,143,243,-1.564959915,-0.284758729,0.934462286,-2.210448837,-1.672206823,0.019964524,0,1,222,task,30,0,1610,10,652,0
2,143,244,-1.565162184,-0.262460123,0.882867059,-2.184122284,-1.67233632,0.01976179,0,0,,transition,10,0,1610,10,652,0
2,143,245,-1.565362367,-0.240107632,0.831201569,-2.15777915,-1.672465624,0.019561129,0,1,223,task,10,0,1610,10,652,0
2,143,246,-1.566117439,-0.21491295,0.773341529,-2.128267576,-1.670242804,0.018798117,0,0,,transition,10,0,1610,10,652,0
2,143,247,-1.56687112,-0.189632262,0.715345804,-2.098706269,-1.668020098,0.018036482,0,1,224,task,10,0,1610,10,652,0
2,143,248,-1.567092369,-0.158214963,0.641933809,-2.056854268,-1.667941463,0.017814042,0,0,,transition,10,0,1610,10,652,0
2,143,249,-1.567310155,-0.126653124,0.568278879,-2.01490353,-1.667862829,0.01759508,0,1,225,task,10,0,1610,10,652,0
2,143,250,-1.589538892,-0.140017129,0.593529766,-2.027861282,-1.668741197,-0.004739034,0,1,226,task,10,0,1610,10,652,0
2,143,251,-1.589165074,-0.170115246,0.662634013,-2.064935244,-1.670530709,-0.004364152,0,0,,transition,10,0,1610,10,652,0
2,143,252,-1.588789013,-0.200077083,0.731506876,-2.101913912,-1.672320263,-0.00398702,0,1,227,task,10,0,1610,10,652,0
2,143,253,-1.588814185,-0.225423115,0.790602938,-2.134206904,-1.672412514,-0.004012351,0,0,,transition,10,0,1610,10,652,0
2,143,254,-1.588836982,-0.250702542,0.849608914,-2.166476169,-1.672504688,-0.004035299,0,1,228,task,10,0,1610,10,652,0
2,143,255,-1.588893329,-0.272777263,0.901853763,-2.195223321,-1.672476942,-0.004091899,0,0,,transition,10,0,1610,10,652,0
2,143,256,-1.588947567,-0.294808986,0.954053504,-2.223968152,-1.672449104,-0.004146384,0,1,229,task,10,0,1610,10,652,0
2,143,257,-1.589535053,-0.334469339,1.048466277,-2.275095839,-1.670562795,-0.004735866,0,1,230,task,30,0,1610,10,652,0
2,143,258,-1.590816869,-0.370948005,1.135228854,-2.320680454,-1.666161076,-0.006021064,0,1,231,task,30,0,1610,10,652,0
2,143,259,-1.591247533,-0.404347883,1.219067079,-2.370399997,-1.665146316,-0.006452947,0,1,232,task,30,0,1610,10,652,0
2,143,260,-1.591606035,-0.435157301,1.298396639,-2.418604635,-1.664473479,-0.006812535,0,1,233,task,30,0,1610,10,652,0
2,143,261,-1.591984054,-0.463747088,1.373779578,-2.465083653,-1.663801179,-0.007191675,0,1,234,task,30,0,1610,10,652,0
2,143,262,-1.592383227,-0.490370543,1.445845933,-2.510213897,-1.663129462,-0.007592008,0,1,235,task,30,0,1610,10,652,0
2,143,263,-1.592805381,-0.515210201,1.515081476,-2.55429873,-1.662458379,-0.008015365,0,1,236,task,30,0,1610,10,652,0
2,143,264,-1.593252562,-0.53839658,1.581870255,-2.597591824,-1.661787985,-0.008463795,0,1,237,task,30,0,1610,10,652,0
2,143,265,-1.593727064,-0.560019977,1.646522272,-2.640313041,-1.661118344,-0.008939595,0,1,238,task,30,0,1610,10,652,0
2,143,266,-1.593130729,-0.580926231,1.706947144,-2.675733884,-1.663769061,-0.008342299,0,1,239,task,30,0,1610,10,652,0
2,143,267,-1.595535025,-0.606756377,1.756780592,-2.676945871,-1.657537504,-0.010742252,0,1,240,task,30,0,1610,10,652,0
2,143,268,-1.59709822,-0.627264367,1.815428291,-2.711185692,-1.654146994,-0.012303916,0,1,241,task,30,0,1610,10,652,0
2,143,269,-1.597905845,-0.645553867,1.874159376,-2.750730082,-1.653117752,-0.013111654,0,1,242,task,30,0,1610,10,652,0
2,143,270,-1.598770641,-0.66250377,1.931688302,-2.790414966,-1.652092822,-0.013976474,0,1,243,task,30,0,1610,10,652,0
2,143,271,-1.599698911,-0.6780718,1.988137887,-2.83040577,-1.651072677,-0.014904666,0,1,244,task,30,0,1610,10,652,0
2,143,272,-1.599701788,-0.678116209,1.988305138,-2.830525954,-1.651069635,-0.014907543,0,1,245,task,30,0,1610,10,652,0
2,143,273,-1.636897077,-0.683656525,1.999963427,-2.839667087,-1.652889891,-0.052181055,0,1,246,task,10,0,1610,10,652,0
2,143,274,-1.634486088,-0.668063059,1.943566497,-2.800070038,-1.654219944,-0.049774009,0,1,247,task,30,0,1610,10,652,0
2,143,275,-1.632240714,-0.651095515,1.886133949,-2.760818978,-1.655563675,-0.047532172,0,1,248,task,30,0,1610,10,652,0
2,143,276,-1.629673532,-0.632231462,1.82844519,-2.725126094,-1.658244894,-0.044976098,0,1,249,task,30,0,1610,10,652,0
2,143,277,-1.625967111,-0.610120191,1.773454897,-2.703269478,-1.664738694,-0.041302107,0,1,250,task,30,0,1610,10,652,0
2,143,278,-1.624352867,-0.588395307,1.716830791,-2.677530002,-1.665655919,-0.039696167,0,1,251,task,30,0,1610,10,652,0
2,143,279,-1.623749754,-0.567232492,1.656457184,-2.642647183,-1.663742833,-0.039087499,0,1,252,task,30,0,1610,10,652,0
2,143,280,-1.62329483,-0.545185285,1.593683519,-2.604932456,-1.661470735,-0.038624953,0,1,253,task,30,0,1610,10,652,0
2,143,281,-1.621868011,-0.522054038,1.527107132,-2.561929392,-1.662482106,-0.03719626,0,1,254,task,30,0,1610,10,652,0
2,143,282,-1.620521363,-0.497295187,1.458148795,-2.518176584,-1.663495982,-0.035847816,0,1,255,task,30,0,1610,10,652,0
2,143,283,-1.6192483,-0.47078496,1.386436742,-2.473425662,-1.664512165,-0.034573029,0,1,256,task,30,0,1610,10,652,0
2,143,284,-1.618042939,-0.442349763,1.31150277,-2.42738168,-1.665530476,-0.033366008,0,1,257,task,30,0,1610,10,652,0
2,143,285,-1.616693296,-0.411714306,1.233499572,-2.381596966,-1.667311129,-0.032016705,0,1,258,task,30,0,1610,10,652,0
2,143,286,-1.615138116,-0.378643162,1.152054153,-2.336327307,-1.670127303,-0.030464033,0,1,259,task,30,0,1610,10,652,0
2,143,287,-1.613755305,-0.3428375,1.065083628,-2.288095936,-1.672575507,-0.029082452,0,1,260,task,30,0,1610,10,652,0
2,143,288,-1.613059339,-0.303927522,0.970569995,-2.23430646,-1.672563843,-0.028383216,0,1,261,task,30,0,1610,10,652,0
2,143,289,-1.612728543,-0.282200188,0.918653724,-2.205026372,-1.672559168,-0.028050818,0,0,,transition,10,0,1610,10,652,0
2,143,290,-1.61239567,-0.260435113,0.866703952,-2.175750314,-1.672554438,-0.027716337,0,1,262,task,10,0,1610,10,652,0
2,143,291,-1.612080078,-0.235543321,0.808179155,-2.143027715,-1.672550801,-0.027399172,0,0,,transition,10,0,1610,10,652,0
2,143,292,-1.611762105,-0.210595309,0.74958691,-2.110293644,-1.672547115,-0.027079615,0,1,263,task,10,0,1610,10,652,0
2,143,293,-1.611552037,-0.180930081,0.680916443,-2.072300151,-1.672155986,-0.026867422,0,0,,transition,10,0,1610,10,652,0
2,143,294,-1.61133918,-0.151157543,0.612078958,-2.034246652,-1.671764825,-0.026652426,0,1,264,task,10,0,1610,10,652,0
2,143,295,-1.633587271,-0.15262186,0.60936341,-2.031144878,-1.672489674,-0.04901815,0,1,265,task,10,0,1610,10,652,0
2,143,296,-1.634145913,-0.182716012,0.679023281,-2.070064584,-1.672506268,-0.049579714,0,0,,transition,10,0,1610,10,652,0
2,143,297,-1.634701579,-0.212710725,0.748535032,-2.108935305,-1.672522839,-0.050138287,0,1,266,task,10,0,1610,10,652,0
2,143,298,-1.635285866,-0.237793739,0.807548169,-2.142222069,-1.672540813,-0.050725586,0,0,,transition,10,0,1610,10,652,0
2,143,299,-1.635867781,-0.262824045,0.866502315,-2.175502305,-1.672558758,-0.051310502,0,1,267,task,10,0,1610,10,652,0
2,143,300,-1.636479716,-0.284679846,0.918785938,-2.205289633,-1.672578212,-0.051925548,0,0,,transition,10,0,1610,10,652,0
2,143,301,-1.637089593,-0.306499927,0.971041057,-2.235083965,-1.672597633,-0.052538526,0,1,268,task,10,0,1610,10,652,0
2,143,302,-1.638371095,-0.345536633,1.066124576,-2.289855765,-1.672639683,-0.053826456,0,1,269,task,30,0,1610,10,652,0
2,143,303,-1.639816553,-0.381067577,1.15402428,-2.340772546,-1.672307989,-0.055276881,0,1,270,task,30,0,1610,10,652,0
2,143,304,-1.641801701,-0.414084737,1.236015639,-2.387463203,-1.670265949,-0.057259134,0,1,271,task,30,0,1610,10,652,0
2,143,305,-1.643890588,-0.444716024,1.313555319,-2.432090956,-1.668233616,-0.059344679,0,1,272,task,30,0,1610,10,652,0
2,143,306,-1.646097848,-0.473290568,1.387496193,-2.475306596,-1.66618995,-0.061548132,0,1,273,task,30,0,1610,10,652,0
2,143,307,-1.648481408,-0.500072574,1.459040613,-2.51897587,-1.663973134,-0.063927694,0,1,274,task,30,0,1610,10,652,0
2,143,308,-1.651001937,-0.525137754,1.527863265,-2.561642446,-1.661763602,-0.066443962,0,1,275,task,30,0,1610,10,652,0
2,143,309,-1.652330932,-0.548711355,1.593206577,-2.601039659,-1.663845616,-0.067787917,0,1,276,task,30,0,1610,10,652,0
2,143,310,-1.65391709,-0.570752699,1.656930791,-2.640951962,-1.665385437,-0.069387724,0,1,277,task,30,0,1610,10,652,0
2,143,311,-1.655781111,-0.591980675,1.718128318,-2.677620783,-1.666391482,-0.071260406,0,1,278,task,30,0,1610,10,652,0
2,143,312,-1.657881322,-0.612290278,1.77737225,-2.712378873,-1.667065321,-0.073365192,0,1,279,task,30,0,1610,10,652,0
2,143,313,-1.661366365,-0.633291649,1.833265386,-2.738500557,-1.664234356,-0.07682038,0,1,280,task,30,0,1610,10,652,0
2,143,314,-1.66557881,-0.652829811,1.889729368,-2.769579107,-1.660099162,-0.080997171,0,1,281,task,30,0,1610,10,652,0
2,143,315,-1.669694968,-0.670681413,1.946080331,-2.804222697,-1.657028984,-0.085086775,0,1,282,task,30,0,1610,10,652,0
2,143,316,-1.673759007,-0.686737336,2.002280502,-2.842283769,-1.654884878,-0.089134795,0,1,283,task,30,0,1610,10,652,0
2,143,317,-1.674313425,-0.688739132,2.00957283,-2.847302011,-1.654606381,-0.089687002,0,1,284,task,30,0,1610,10,652,0
2,143,318,-1.711849307,-0.693375334,2.017113327,-2.853387507,-1.656210419,-0.127323264,0,1,285,task,10,0,1610,10,652,0
2,143,319,-1.705361119,-0.676277348,1.962617027,-2.821667705,-1.660953778,-0.120903618,0,1,286,task,30,0,1610,10,652,0
2,143,320,-1.700075566,-0.658793913,1.906654955,-2.787330545,-1.663696303,-0.115652838,0,1,287,task,30,0,1610,10,652,0
2,143,321,-1.695286565,-0.640030335,1.850150324,-2.754572257,-1.666068134,-0.110894361,0,1,288,task,30,0,1610,10,652,0
2,143,322,-1.691024324,-0.620028918,1.793257677,-2.723927966,-1.667836965,-0.106656648,0,1,289,task,30,0,1610,10,652,0
2,143,323,-1.687846894,-0.600265453,1.733518252,-2.686726306,-1.6671728,-0.103468146,0,1,290,task,30,0,1610,10,652,0
2,143,324,-1.684860299,-0.579211334,1.672278524,-2.649336957,-1.666529091,-0.100470413,0,1,291,task,30,0,1610,10,652,0
2,143,325,-1.682122909,-0.557244751,1.608805364,-2.609587721,-1.66566268,-0.097717695,0,1,292,task,30,0,1610,10,652,0
2,143,326,-1.679568369,-0.533975991,1.543174858,-2.568626881,-1.664721332,-0.095147087,0,1,293,task,30,0,1610,10,652,0
2,143,327,-1.67694726,-0.509731207,1.475568059,-2.526957658,-1.664492665,-0.092516294,0,1,294,task,30,0,1610,10,652,0
2,143,328,-1.674445774,-0.483880168,1.405409909,-2.484387699,-1.664351724,-0.090005998,0,1,295,task,30,0,1610,10,652,0
2,143,329,-1.672076164,-0.456206302,1.332245396,-2.44064718,-1.664220515,-0.087627785,0,1,296,task,30,0,1610,10,652,0
2,143,330,-1.669828241,-0.426496774,1.255531323,-2.395404705,-1.664098304,-0.085371445,0,1,297,task,30,0,1610,10,652,0
2,143,331,-1.667692845,-0.394456601,1.174554346,-2.348240984,-1.663984428,-0.083227795,0,1,298,task,30,0,1610,10,652,0
2,143,332,-1.665661711,-0.359669748,1.088344771,-2.298601523,-1.663878279,-0.081188556,0,1,299,task,30,0,1610,10,652,0
2,143,333,-1.66372737,-0.321530129,0.995524741,-2.245713793,-1.663779311,-0.079246243,0,1,300,task,30,0,1610,10,652,0
2,143,334,-1.662806254,-0.300336065,0.944782841,-2.217066767,-1.663733191,-0.078321204,0,0,,transition,10,0,1610,10,652,0
2,143,335,-1.661883052,-0.279108823,0.894017001,-2.188428782,-1.663687023,-0.077394072,0,1,301,task,10,0,1610,10,652,0
2,143,336,-1.661004014,-0.25501115,0.837240268,-2.156654607,-1.663644011,-0.076511166,0,0,,transition,10,0,1610,10,652,0
2,143,337,-1.660122602,-0.230867056,0.780416253,-2.124879348,-1.663600958,-0.075625877,0,1,302,task,10,0,1610,10,652,0
2,143,338,-1.659282965,-0.202432064,0.714448379,-2.088255158,-1.663560843,-0.074782422,0,0,,transition,10,0,1610,10,652,0
2,143,339,-1.65844042,-0.173917255,0.64837093,-2.051600936,-1.663520697,-0.073936048,0,1,303,task,10,0,1610,10,652,0
2,143,340,-1.680111683,-0.167417973,0.619779641,-2.029075742,-1.665135349,-0.095715586,0,1,304,task,10,0,1610,10,652,0
2,143,341,-1.681191904,-0.197151937,0.688276469,-2.066901356,-1.665203343,-0.096800883,0,0,,transition,10,0,1610,10,652,0
2,143,342,-1.682269165,-0.226804488,0.756663977,-2.10469878,-1.665271309,-0.097883207,0,1,305,task,10,0,1610,10,652,0
2,143,343,-1.683398912,-0.251741731,0.814964115,-2.137129411,-1.665343262,-0.099018085,0,0,,transition,10,0,1610,10,652,0
2,143,344,-1.684526303,-0.276632829,0.873219565,-2.169561273,-1.665415177,-0.100150596,0,1,306,task,10,0,1610,10,652,0
2,143,345,-1.68570926,-0.29845043,0.925005272,-2.198602487,-1.665491364,-0.101338747,0,0,,transition,10,0,1610,10,652,0
2,143,346,-1.686890179,-0.320235252,0.976769142,-2.227654447,-1.665567506,-0.102524853,0,1,307,task,10,0,1610,10,652,0
2,143,347,-1.689368566,-0.359330172,1.071108597,-2.281056595,-1.665728897,-0.105013763,0,1,308,task,30,0,1610,10,652,0
2,143,348,-1.691970012,-0.394935292,1.158506677,-2.33101966,-1.66590001,-0.107625894,0,1,309,task,30,0,1610,10,652,0
2,143,349,-1.69470394,-0.427706707,1.240447643,-2.378372812,-1.666081565,-0.11037069,0,1,310,task,30,0,1610,10,652,0
2,143,350,-1.697580765,-0.45809146,1.31796572,-2.423704341,-1.666274351,-0.113258591,0,1,311,task,30,0,1610,10,652,0
2,143,351,-1.700612026,-0.486405296,1.391816023,-2.467454846,-1.666479239,-0.116301163,0,1,312,task,30,0,1610,10,652,0
2,143,352,-1.703810549,-0.512875917,1.462570199,-2.509969654,-1.666697184,-0.119511263,0,1,313,task,30,0,1610,10,652,0
2,143,353,-1.707190619,-0.537668589,1.530673743,-2.551530533,-1.666929242,-0.122903217,0,1,314,task,30,0,1610,10,652,0
2,143,354,-1.71076821,-0.560901981,1.596482224,-2.592376114,-1.667176585,-0.126493039,0,1,315,task,30,0,1610,10,652,0
2,143,355,-1.714561233,-0.582658217,1.66028522,-2.632715801,-1.667440506,-0.130298692,0,1,316,task,30,0,1610,10,652,0
2,143,356,-1.718589845,-0.602989267,1.722322695,-2.672739797,-1.667722452,-0.134340393,0,1,317,task,30,0,1610,10,652,0
2,143,357,-1.722876813,-0.621920887,1.782796569,-2.712626772,-1.668024033,-0.13864098,0,1,318,task,30,0,1610,10,652,0
2,143,358,-1.727487571,-0.639579726,1.84184105,-2.752260353,-1.668234739,-0.143263991,0,1,319,task,30,0,1610,10,652,0
2,143,359,-1.733069587,-0.657944577,1.899055878,-2.787341855,-1.666675102,-0.148825132,0,1,320,task,30,0,1610,10,652,0
2,143,360,-1.739084323,-0.675663622,1.954964333,-2.821155244,-1.665042262,-0.15480997,0,1,321,task,30,0,1610,10,652,0
2,143,361,-1.744990689,-0.690820618,2.011569046,-2.861806224,-1.664849095,-0.160725647,0,1,322,task,30,0,1610,10,652,0
2,143,362,-1.746515042,-0.694303589,2.025973002,-2.87286005,-1.664928057,-0.1622565,0,1,323,task,30,0,1610,10,652,0
2,143,363,-1.784094758,-0.698425025,2.029545996,-2.875878544,-1.66597375,-0.199990603,0,1,324,task,10,0,1610,10,652,0
2,143,364,-1.776451992,-0.684730218,1.974036565,-2.835950498,-1.666820531,-0.192355309,0,1,325,task,30,0,1610,10,652,0
2,143,365,-1.769880964,-0.670050953,1.917648979,-2.795900569,-1.66624162,-0.185766238,0,1,326,task,30,0,1610,10,652,0
2,143,366,-1.76374772,-0.653929111,1.860196658,-2.756276431,-1.665697282,-0.179615876,0,1,327,task,30,0,1610,10,652,0
2,143,367,-1.758009716,-0.636413826,1.801554164,-2.716898546,-1.665184523,-0.173861522,0,1,328,task,30,0,1610,10,652,0
2,143,368,-1.752629774,-0.617530692,1.741578828,-2.677594346,-1.664700669,-0.16846587,0,1,329,task,30,0,1610,10,652,0
2,143,369,-1.747575256,-0.597282512,1.680106397,-2.638193025,-1.664243335,-0.163396179,0,1,330,task,30,0,1610,10,652,0
2,143,370,-1.742817393,-0.575648873,1.616945363,-2.598520203,-1.663810381,-0.158623589,0,1,331,task,30,0,1610,10,652,0
2,143,371,-1.738330721,-0.552584427,1.551869381,-2.558391997,-1.663399887,-0.154122564,0,1,332,task,30,0,1610,10,652,0
2,143,372,-1.734092623,-0.528015555,1.484606915,-2.517607946,-1.663010122,-0.149870425,0,1,333,task,30,0,1610,10,652,0
2,143,373,-1.730082935,-0.501834859,1.414826707,-2.475941935,-1.662639525,-0.145846957,0,1,334,task,30,0,1610,10,652,0
2,143,374,-1.726283625,-0.473892496,1.342116806,-2.433129847,-1.662286682,-0.142034084,0,1,335,task,30,0,1610,10,652,0
2,143,375,-1.722678518,-0.443982587,1.265953195,-2.388851763,-1.66195031,-0.138415592,0,1,336,task,30,0,1610,10,652,0
2,143,376,-1.719253058,-0.411821503,1.185650972,-2.342704805,-1.661629243,-0.134976897,0,1,337,task,30,0,1610,10,652,0
2,143,377,-1.715994114,-0.377011821,1.100284422,-2.294159249,-1.661322421,-0.131704839,0,1,338,task,30,0,1610,10,652,0
2,143,378,-1.712889807,-0.338979033,1.008547718,-2.242482482,-1.661028873,-0.128587519,0,1,339,task,30,0,1610,10,652,0
2,143,379,-1.709929367,-0.296851392,0.90849136,-2.186595591,-1.660747713,-0.125614144,0,1,340,task,30,0,1610,10,652,0
2,143,380,-1.7085173,-0.273047903,0.852743783,-2.155679328,-1.660612938,-0.124195647,0,0,,transition,10,0,1610,10,652,0
2,143,381,-1.707102999,-0.249205208,0.796964272,-2.12477013,-1.660478127,-0.122774907,0,1,341,task,10,0,1610,10,652,0
2,143,382,-1.70575376,-0.221347939,0.732628442,-2.08932575,-1.660348763,-0.121419262,0,0,,transition,10,0,1610,10,652,0
2,143,383,-1.704401785,-0.193428633,0.668220607,-2.053871148,-1.660219372,-0.120060873,0,1,342,task,10,0,1610,10,652,0
2,143,384,-1.6948588,-0.291812303,0.732690564,-2.019366066,-1.653832273,-0.111485097,0,0,,transition,10,0,1610,10,652,0
2,143,385,-1.685315816,-0.390195972,0.797160521,-1.984860984,-1.647445176,-0.10290932,0,0,,transition,10,0,1610,10,652,0
2,143,386,-1.675772831,-0.488579641,0.861630477,-1.950355902,-1.641058078,-0.094333543,0,0,,transition,10,0,1610,10,652,0
2,143,387,-1.666229847,-0.58696331,0.926100434,-1.91585082,-1.63467098,-0.085757767,0,0,,transition,10,0,1610,10,652,0
2,143,388,-1.656686862,-0.685346979,0.99057039,-1.881345738,-1.628283882,-0.07718199,0,0,,transition,10,0,1610,10,652,0
2,143,389,-1.647143878,-0.783730648,1.055040347,-1.846840656,-1.621896783,-0.068606213,0,0,,transition,10,0,1610,10,652,0
2,143,390,-1.637600892,-0.882114317,1.119510303,-1.812335574,-1.615509686,-0.060030437,0,0,,transition,10,0,1610,10,652,0
2,143,391,-1.628057907,-0.980497986,1.18398026,-1.777830492,-1.609122588,-0.05145466,0,0,,transition,10,0,1610,10,652,0
2,143,392,-1.618514923,-1.078881655,1.248450217,-1.74332541,-1.60273549,-0.042878883,0,0,,transition,10,0,1610,10,652,0
2,143,393,-1.608971938,-1.177265324,1.312920174,-1.708820328,-1.596348392,-0.034303107,0,0,,transition,10,0,1610,10,652,0
2,143,394,-1.599428954,-1.275648992,1.37739013,-1.674315246,-1.589961294,-0.02572733,0,0,,transition,10,0,1610,10,652,0
2,143,395,-1.589885969,-1.374032662,1.441860087,-1.639810164,-1.583574196,-0.017151553,0,0,,transition,10,0,1610,10,652,0
2,143,396,-1.580342985,-1.472416331,1.506330043,-1.605305082,-1.577187098,-0.008575777,0,0,,transition,10,0,1610,10,652,0
2,143,397,-1.5708,-1.5708,1.5708,-1.5708,-1.5708,0,0,0,,home,30,0,1610,10,652,0
2,144,1,-1.5708,-1.5708,1.5708,-1.5708,-1.5708,0,0,0,,home,30,0,1610,10,652,0
2,144,2,-1.561379758,-1.469189138,1.554875975,-1.653976198,-1.568642708,0.010693169,0,0,,transition,10,0,1610,10,652,0
2,144,3,-1.551959516,-1.367578276,1.53895195,-1.737152395,-1.566485416,0.021386339,0,0,,transition,10,0,1610,10,652,0
2,144,4,-1.542539274,-1.265967414,1.523027925,-1.820328594,-1.564328124,0.032079508,0,0,,transition,10,0,1610,10,652,0
2,144,5,-1.533119033,-1.164356552,1.5071039,-1.903504791,-1.562170832,0.042772678,0,0,,transition,10,0,1610,10,652,0
2,144,6,-1.52369879,-1.06274569,1.491179875,-1.986680989,-1.56001354,0.053465847,0,0,,transition,10,0,1610,10,652,0
2,144,7,-1.514278548,-0.961134829,1.47525585,-2.069857186,-1.557856248,0.064159016,0,0,,transition,10,0,1610,10,652,0
2,144,8,-1.504858306,-0.859523967,1.459331825,-2.153033385,-1.555698956,0.074852186,0,0,,transition,10,0,1610,10,652,0
2,144,9,-1.495438064,-0.757913105,1.4434078,-2.236209582,-1.553541664,0.085545355,0,0,,transition,10,0,1610,10,652,0
2,144,10,-1.486017822,-0.656302243,1.427483775,-2.31938578,-1.551384371,0.096238525,0,0,,transition,10,0,1610,10,652,0
2,144,11,-1.476597581,-0.554691381,1.41155975,-2.402561978,-1.549227079,0.106931694,0,0,,transition,10,0,1610,10,652,0
2,144,12,-1.467177339,-0.453080519,1.395635725,-2.485738176,-1.547069787,0.117624864,0,1,1,task,10,0,1610,10,652,0
2,144,13,-1.469680293,-0.425689481,1.32491904,-2.445499719,-1.549432542,0.115127375,0,1,2,task,30,0,1610,10,652,0
2,144,14,-1.47316568,-0.396851414,1.249703639,-2.399964792,-1.547773861,0.111648715,0,1,3,task,30,0,1610,10,652,0
2,144,15,-1.476679118,-0.36577507,1.170865701,-2.35374417,-1.545355412,0.108145629,0,1,4,task,30,0,1610,10,652,0
2,144,16,-1.480159336,-0.332098105,1.087374795,-2.305943997,-1.54240274,0.104678171,0,1,5,task,30,0,1610,10,652,0
2,144,17,-1.484150497,-0.295593487,1.000599964,-2.260747109,-1.536798723,0.100713753,0,1,6,task,30,0,1610,10,652,0
2,144,18,-1.487563647,-0.255491294,0.907573755,-2.214618884,-1.532753719,0.097323053,0,1,7,task,30,0,1610,10,652,0
2,144,19,-1.488717329,-0.232721591,0.853387562,-2.184283528,-1.532683546,0.09617002,0,0,,transition,10,0,1610,10,652,0
2,144,20,-1.489866177,-0.209887521,0.799109722,-2.153921066,-1.532613206,0.095021818,0,1,8,task,10,0,1610,10,652,0
2,144,21,-1.490582922,-0.183700771,0.739365656,-2.123751774,-1.534155014,0.094301349,0,0,,transition,10,0,1610,10,652,0
2,144,22,-1.49129375,-0.157384499,0.679392582,-2.093483483,-1.535696209,0.093586761,0,1,9,task,10,0,1610,10,652,0
2,144,23,-1.491813227,-0.125055345,0.605606015,-2.05443019,-1.537952434,0.093060075,0,0,,transition,10,0,1610,10,652,0
2,144,24,-1.49232466,-0.092432152,0.531247628,-2.015099836,-1.5402082,0.09254145,0,1,10,task,10,0,1610,10,652,0
2,144,25,-1.503923459,-0.06707841,0.473919335,-1.983541835,-1.540971516,0.080935445,0,0,,transition,10,0,1610,10,652,0
2,144,26,-1.515518695,-0.041461197,0.416051623,-1.951708079,-1.541734806,0.069333009,0,1,11,task,10,0,1610,10,652,0
2,144,27,-1.514848845,-0.081243439,0.507743979,-2.00322041,-1.541287122,0.070004193,0,0,,transition,10,0,1610,10,652,0
2,144,28,-1.514169031,-0.120403738,0.598171547,-2.05409025,-1.540839447,0.070685349,0,1,12,task,10,0,1610,10,652,0
2,144,29,-1.513739243,-0.149961978,0.666777696,-2.09144601,-1.539262985,0.071119093,0,0,,transition,10,0,1610,10,652,0
2,144,30,-1.513302412,-0.179334165,0.735041558,-2.128646039,-1.53768625,0.071559891,0,1,13,task,10,0,1610,10,652,0
2,144,31,-1.513057766,-0.203851121,0.789967571,-2.153949523,-1.535276804,0.071808794,0,0,,transition,10,0,1610,10,652,0
2,144,32,-1.51280754,-0.228259919,0.844705504,-2.179173787,-1.532866268,0.072063186,0,1,14,task,10,0,1610,10,652,0
2,144,33,-1.509728596,-0.271177505,0.942075412,-2.224787089,-1.538175669,0.075120361,0,1,15,task,30,0,1610,10,652,0
2,144,34,-1.505551557,-0.310011486,1.032133375,-2.269302156,-1.547144441,0.079267889,0,1,16,task,30,0,1610,10,652,0
2,144,35,-1.503218343,-0.345987251,1.121189112,-2.321693238,-1.548373539,0.081597337,0,1,17,task,30,0,1610,10,652,0
2,144,36,-1.500930148,-0.37890338,1.204629335,-2.371936188,-1.548995738,0.083883565,0,1,18,task,30,0,1610,10,652,0
2,144,37,-1.498522331,-0.409219704,1.283207183,-2.419916123,-1.549613552,0.086289336,0,1,19,task,30,0,1610,10,652,0
2,144,38,-1.49598536,-0.43729654,1.357771444,-2.466121495,-1.550226627,0.088824179,0,1,20,task,30,0,1610,10,652,0
2,144,39,-1.493308671,-0.463391531,1.428954159,-2.510926681,-1.550834575,0.09149865,0,1,21,task,30,0,1610,10,652,0
2,144,40,-1.521865623,-0.461512099,1.42576867,-2.5092601,-1.551141158,0.062946475,0,1,22,task,10,0,1610,10,652,0
2,144,41,-1.523694362,-0.435187267,1.353867768,-2.463844193,-1.550764619,0.061118788,0,1,23,task,30,0,1610,10,652,0
2,144,42,-1.525427226,-0.406843422,1.278529393,-2.417010316,-1.550384989,0.059386929,0,1,24,task,30,0,1610,10,652,0
2,144,43,-1.527071519,-0.376213866,1.199098408,-2.368369987,-1.550002499,0.057743596,0,1,25,task,30,0,1610,10,652,0
2,144,44,-1.528633827,-0.342923977,1.114691987,-2.317414961,-1.549617362,0.056182207,0,1,26,task,30,0,1610,10,652,0
2,144,45,-1.530120103,-0.306432941,1.024071337,-2.263447222,-1.549229769,0.054696811,0,1,27,task,30,0,1610,10,652,0
2,144,46,-1.53153574,-0.265924582,0.925402196,-2.205448658,-1.548839895,0.05328202,0,1,28,task,30,0,1610,10,652,0
2,144,47,-1.536643608,-0.222914743,0.833302833,-2.171157494,-1.533194304,0.048210114,0,1,29,task,30,0,1610,10,652,0
2,144,48,-1.536303757,-0.198575665,0.779998635,-2.149598713,-1.536917103,0.048545698,0,0,,transition,10,0,1610,10,652,0
2,144,49,-1.535958184,-0.174116294,0.726476378,-2.127943312,-1.540637985,0.048886817,0,1,30,task,10,0,1610,10,652,0
2,144,50,-1.536442148,-0.143942108,0.65528191,-2.087193352,-1.54093059,0.048402164,0,0,,transition,10,0,1610,10,652,0
2,144,51,-1.536919167,-0.113582563,0.583750586,-2.046292137,-1.541223196,0.047924458,0,1,31,task,10,0,1610,10,652,0
2,144,52,-1.542451933,-0.086871145,0.522902665,-2.013963095,-1.566919283,0.042383292,0,0,,transition,10,0,1610,10,652,0
2,144,53,-1.547971842,-0.059968085,0.461659191,-1.981458659,-1.592613444,0.036858028,0,1,32,task,10,0,1610,10,652,0
2,144,54,-1.547570906,-0.09679141,0.546816853,-2.029156713,-1.592559685,0.037259212,0,0,,transition,10,0,1610,10,652,0
2,144,55,-1.547163026,-0.133197606,0.631149081,-2.076446315,-1.592505927,0.03766734,0,1,33,task,10,0,1610,10,652,0
2,144,56,-1.546824777,-0.161052709,0.694305401,-2.10749801,-1.592111499,0.038006049,0,0,,transition,10,0,1610,10,652,0
2,144,57,-1.546482095,-0.188743644,0.757160174,-2.138412273,-1.591716663,0.038349121,0,1,34,task,10,0,1610,10,652,0
2,144,58,-1.546095036,-0.212388643,0.809581548,-2.160941293,-1.591453737,0.038734586,0,0,,transition,10,0,1610,10,652,0
2,144,59,-1.545704616,-0.235936563,0.861835974,-2.183400407,-1.5911902,0.039123246,0,1,35,task,10,0,1610,10,652,0
2,144,60,-1.544304392,-0.278707803,0.955040823,-2.220683976,-1.59297058,0.040515084,0,1,36,task,30,0,1610,10,652,0
2,144,61,-1.543821775,-0.31808171,1.05167205,-2.277784101,-1.590956289,0.040995679,0,1,37,task,30,0,1610,10,652,0
2,144,62,-1.543335064,-0.353672781,1.141030386,-2.331658131,-1.588865232,0.041480708,0,1,38,task,30,0,1610,10,652,0
2,144,63,-1.542823103,-0.386196145,1.224525858,-2.38273851,-1.586773601,0.041991127,0,1,39,task,30,0,1610,10,652,0
2,144,64,-1.542283872,-0.416142845,1.303295687,-2.431671546,-1.584681356,0.04252896,0,1,40,task,30,0,1610,10,652,0
2,144,65,-1.541715131,-0.443854935,1.378159825,-2.478935285,-1.582588454,0.043096451,0,1,41,task,30,0,1610,10,652,0
2,144,66,-1.541114388,-0.469575963,1.449732436,-2.524900503,-1.580494845,0.043696095,0,1,42,task,30,0,1610,10,652,0
2,144,67,-1.565352612,-0.472899173,1.448454373,-2.511946435,-1.594816543,0.019464475,0,1,43,task,10,0,1610,10,652,0
2,144,68,-1.565964625,-0.446789927,1.377987645,-2.469398637,-1.594561413,0.018853646,0,1,44,task,30,0,1610,10,652,0
2,144,69,-1.566544714,-0.418802386,1.304344731,-2.425551845,-1.594303,0.018274611,0,1,45,task,30,0,1610,10,652,0
2,144,70,-1.567095311,-0.388701688,1.226942032,-2.380057398,-1.59404155,0.01772495,0,1,46,task,30,0,1610,10,652,0
2,144,71,-1.567618608,-0.356161833,1.145004889,-2.332466707,-1.593777283,0.01720248,0,1,47,task,30,0,1610,10,652,0
2,144,72,-1.568202157,-0.320683176,1.059147531,-2.285920627,-1.593181752,0.016620353,0,1,48,task,30,0,1610,10,652,0
2,144,73,-1.568862912,-0.281851247,0.968681255,-2.240625397,-1.592171442,0.015961276,0,1,49,task,30,0,1610,10,652,0
2,144,74,-1.569494925,-0.23887143,0.869601372,-2.190862196,-1.591151481,0.015330213,0,1,50,task,30,0,1610,10,652,0
2,144,75,-1.56964137,-0.215046889,0.814138778,-2.16222772,-1.591287852,0.015184151,0,0,,transition,10,0,1610,10,652,0
2,144,76,-1.56978404,-0.191143624,0.758555015,-2.133550738,-1.591423907,0.015041822,0,1,51,task,10,0,1610,10,652,0
2,144,77,-1.569906968,-0.163101881,0.694002954,-2.100025021,-1.591633766,0.014919023,0,0,,transition,10,0,1610,10,652,0
2,144,78,-1.570025286,-0.134913101,0.629190069,-2.066385441,-1.591843336,0.014800798,0,1,52,task,10,0,1610,10,652,0
2,144,79,-1.592773636,-0.144045009,0.64679792,-2.071404128,-1.591622013,-0.007952527,0,1,53,task,10,0,1610,10,652,0
2,144,80,-1.592890925,-0.171781006,0.711402267,-2.106305539,-1.591529524,-0.008069755,0,0,,transition,10,0,1610,10,652,0
2,144,81,-1.593003612,-0.199396769,0.775805043,-2.141125527,-1.591436836,-0.008182397,0,1,54,task,10,0,1610,10,652,0
2,144,82,-1.593110836,-0.222967557,0.831468021,-2.171237245,-1.591404957,-0.008289498,0,0,,transition,10,0,1610,10,652,0
2,144,83,-1.593214271,-0.246471963,0.887037566,-2.201321839,-1.591372864,-0.008392826,0,1,55,task,10,0,1610,10,652,0
2,144,84,-1.593219731,-0.288883834,0.986709849,-2.254429312,-1.592151541,-0.008398013,0,1,56,task,30,0,1610,10,652,0
2,144,85,-1.593225532,-0.327151237,1.077878283,-2.303177242,-1.592929854,-0.008403401,0,1,57,task,30,0,1610,10,652,0
2,144,86,-1.593231706,-0.362179811,1.162558143,-2.348675298,-1.593707784,-0.008409019,0,1,58,task,30,0,1610,10,652,0
2,144,87,-1.593265722,-0.394492163,1.242457084,-2.392629562,-1.594385932,-0.008442432,0,1,59,task,30,0,1610,10,652,0
2,144,88,-1.593383149,-0.424286311,1.319129045,-2.437384526,-1.594776325,-0.00855944,0,1,60,task,30,0,1610,10,652,0
2,144,89,-1.593506927,-0.452027651,1.392178388,-2.48056987,-1.595167277,-0.008682749,0,1,61,task,30,0,1610,10,652,0
2,144,90,-1.593637583,-0.477937028,1.462159857,-2.522519518,-1.595558842,-0.008812884,0,1,62,task,30,0,1610,10,652,0
2,144,91,-1.622150215,-0.482805209,1.475952355,-2.533866497,-1.596114184,-0.037321545,0,1,63,task,10,0,1610,10,652,0
2,144,92,-1.621278082,-0.457095134,1.40660007,-2.492811303,-1.595537156,-0.036451858,0,1,64,task,30,0,1610,10,652,0
2,144,93,-1.620452208,-0.429604693,1.334299691,-2.450597132,-1.594963962,-0.035628095,0,1,65,task,30,0,1610,10,652,0
2,144,94,-1.619699877,-0.399947967,1.258810514,-2.407828607,-1.594283489,-0.034877833,0,1,66,task,30,0,1610,10,652,0
2,144,95,-1.618984878,-0.368057222,1.179194836,-2.363169379,-1.59360808,-0.034164507,0,1,67,task,30,0,1610,10,652,0
2,144,96,-1.618304496,-0.333537514,1.09453607,-2.316097655,-1.592937363,-0.033485429,0,1,68,task,30,0,1610,10,652,0
2,144,97,-1.617656275,-0.295818911,1.00354148,-2.26589049,-1.592270995,-0.032838162,0,1,69,task,30,0,1610,10,652,0
2,144,98,-1.617037984,-0.254037869,0.904282063,-2.211482301,-1.591608673,-0.032220497,0,1,70,task,30,0,1610,10,652,0
2,144,99,-1.616671339,-0.230913819,0.849155145,-2.180954352,-1.591578811,-0.031854169,0,0,,transition,10,0,1610,10,652,0
2,144,100,-1.61630096,-0.207731865,0.79395329,-2.150409291,-1.591548784,-0.031484117,0,1,71,task,10,0,1610,10,652,0
2,144,101,-1.615936271,-0.180705301,0.730427517,-2.115372854,-1.591582569,-0.031119633,0,0,,transition,10,0,1610,10,652,0
2,144,102,-1.615567082,-0.153578106,0.666742467,-2.080277682,-1.5916162,-0.030750657,0,1,72,task,10,0,1610,10,652,0
2,144,103,-1.615219059,-0.119746688,0.58862893,-2.037458644,-1.591652052,-0.0304027,0,0,,transition,10,0,1610,10,652,0
2,144,104,-1.61486496,-0.085663491,0.510045051,-1.994420919,-1.591687765,-0.030048675,0,1,73,task,10,0,1610,10,652,0
2,144,105,-1.626535251,-0.118421575,0.584660454,-2.034665554,-1.591690341,-0.041721189,0,0,,transition,10,0,1610,10,652,0
2,144,106,-1.638201066,-0.150905563,0.658749425,-2.07465776,-1.591692826,-0.053389238,0,1,74,task,10,0,1610,10,652,0
2,144,107,-1.63882474,-0.178418369,0.723475506,-2.110711192,-1.591694529,-0.054012643,0,0,,transition,10,0,1610,10,652,0
2,144,108,-1.639443844,-0.205832769,0.788048806,-2.146710155,-1.591696108,-0.054631482,0,1,75,task,10,0,1610,10,652,0
2,144,109,-1.640093529,-0.22916876,0.843946094,-2.178110434,-1.591710908,-0.055280744,0,0,,transition,10,0,1610,10,652,0
2,144,110,-1.640739428,-0.252449149,0.899774413,-2.209497267,-1.591725576,-0.055926226,0,1,76,task,10,0,1610,10,652,0
2,144,111,-1.641953393,-0.294538264,1.000198271,-2.265412306,-1.592319108,-0.057139571,0,1,77,task,30,0,1610,10,652,0
2,144,112,-1.643226498,-0.332454907,1.092148929,-2.317029275,-1.592919198,-0.058411701,0,1,78,task,30,0,1610,10,652,0
2,144,113,-1.644563187,-0.367094431,1.177627959,-2.365454616,-1.593526336,-0.059747034,0,1,79,task,30,0,1610,10,652,0
2,144,114,-1.645968356,-0.399044365,1.257970035,-2.411435722,-1.594141064,-0.061150443,0,1,80,task,30,0,1610,10,652,0
2,144,115,-1.647447423,-0.428709871,1.334118061,-2.455510608,-1.59476398,-0.062627315,0,1,81,task,30,0,1610,10,652,0
2,144,116,-1.64900639,-0.456379427,1.406767677,-2.498086745,-1.595395747,-0.064183623,0,1,82,task,30,0,1610,10,652,0
2,144,117,-1.650617521,-0.482258475,1.476109579,-2.538645826,-1.596151269,-0.065790874,0,1,83,task,30,0,1610,10,652,0
2,144,118,-1.679831575,-0.4891858,1.497495063,-2.55681827,-1.596084496,-0.095010523,0,1,84,task,10,0,1610,10,652,0
2,144,119,-1.677347502,-0.463857286,1.428233632,-2.514837798,-1.595473196,-0.092529478,0,1,85,task,30,0,1610,10,652,0
2,144,120,-1.674995787,-0.436764793,1.356115409,-2.471770539,-1.594874069,-0.090180315,0,1,86,task,30,0,1610,10,652,0
2,144,121,-1.672766093,-0.407716361,1.280640163,-2.4273077,-1.594286181,-0.087952725,0,1,87,task,30,0,1610,10,652,0
2,144,122,-1.670649131,-0.376446782,1.201157296,-2.381063435,-1.593708694,-0.085837453,0,1,88,task,30,0,1610,10,652,0
2,144,123,-1.668636538,-0.342584854,1.116793066,-2.332534793,-1.593140845,-0.083826161,0,1,89,task,30,0,1610,10,652,0
2,144,124,-1.666720759,-0.305596551,1.026325325,-2.281033284,-1.592581948,-0.081911317,0,1,90,task,30,0,1610,10,652,0
2,144,125,-1.664894953,-0.26467884,0.927950465,-2.225558,-1.592031381,-0.080086105,0,1,91,task,30,0,1610,10,652,0
2,144,126,-1.663980224,-0.242078805,0.873582738,-2.194754517,-1.591944211,-0.079171776,0,0,,transition,10,0,1610,10,652,0
2,144,127,-1.663061885,-0.219430844,0.81916172,-2.163945588,-1.591856929,-0.078253842,0,1,92,task,10,0,1610,10,652,0
2,144,128,-1.662174876,-0.193224898,0.757004537,-2.128950779,-1.59183052,-0.077367157,0,0,,transition,10,0,1610,10,652,0
2,144,129,-1.661283566,-0.166940887,0.694736445,-2.093923036,-1.591804003,-0.076476174,0,1,93,task,10,0,1610,10,652,0
2,144,130,-1.660436288,-0.134583642,0.619448321,-2.051949503,-1.591781092,-0.075629069,0,0,,transition,10,0,1610,10,652,0
2,144,131,-1.659583339,-0.102049099,0.543849693,-2.009842643,-1.591758083,-0.074776295,0,1,94,task,10,0,1610,10,652,0
2,144,132,-1.671519925,-0.127393517,0.601891979,-2.041810961,-1.591830518,-0.086715053,0,0,,transition,10,0,1610,10,652,0
2,144,133,-1.683454168,-0.152596362,0.659670101,-2.073656639,-1.591902927,-0.098651469,0,1,95,task,10,0,1610,10,652,0
2,144,134,-1.684593665,-0.180184111,0.724796843,-2.110385832,-1.591945757,-0.099790692,0,0,,transition,10,0,1610,10,652,0
2,144,135,-1.685728638,-0.207684437,0.789795949,-2.147074712,-1.591988499,-0.100925394,0,1,96,task,10,0,1610,10,652,0
2,144,136,-1.686921022,-0.231032965,0.846010359,-2.179132112,-1.592035439,-0.102117358,0,0,,transition,10,0,1610,10,652,0
2,144,137,-1.688109674,-0.254331438,0.902168716,-2.211183427,-1.592082284,-0.103305591,0,1,97,task,10,0,1610,10,652,0
2,144,138,-1.689308265,-0.27537559,0.952701422,-2.239839893,-1.592329561,-0.104503992,0,0,,transition,10,0,1610,10,652,0
2,144,139,-1.690503646,-0.296382334,1.003200928,-2.268500476,-1.592576744,-0.105699185,0,1,98,task,10,0,1610,10,652,0
2,144,140,-1.693009313,-0.334276265,1.09572049,-2.321463951,-1.593102705,-0.108204214,0,1,99,task,30,0,1610,10,652,0
2,144,141,-1.69564117,-0.368853577,1.181725512,-2.371234929,-1.593638627,-0.110835114,0,1,100,task,30,0,1610,10,652,0
2,144,142,-1.698409031,-0.400705747,1.2625638,-2.418570207,-1.59418526,-0.113601678,0,1,101,task,30,0,1610,10,652,0
2,144,143,-1.70132376,-0.43023954,1.339186942,-2.464015128,-1.594743434,-0.116514747,0,1,102,task,30,0,1610,10,652,0
2,144,144,-1.704397412,-0.457743503,1.412296701,-2.507983496,-1.595314069,-0.119586353,0,1,103,task,30,0,1610,10,652,0
2,144,145,-1.707643404,-0.483425617,1.482428539,-2.550803448,-1.595898182,-0.122829886,0,1,104,task,30,0,1610,10,652,0
2,144,146,-1.70629433,-0.448302806,1.392100996,-2.498377786,-1.604377238,-0.121533521,0,0,,transition,10,0,1610,10,652,0
2,144,147,-1.704914042,-0.413044829,1.301757138,-2.446075864,-1.61285384,-0.120205883,0,0,,transition,10,0,1610,10,652,0
2,144,148,-1.703506757,-0.377665208,1.21139016,-2.393876772,-1.621328289,-0.118851226,0,0,,transition,10,0,1610,10,652,0
2,144,149,-1.702076043,-0.342173779,1.120991826,-2.341761965,-1.629800837,-0.117473149,0,0,,transition,10,0,1610,10,652,0
2,144,150,-1.700624942,-0.306576941,1.030551646,-2.289714163,-1.638271693,-0.116074719,0,0,,transition,10,0,1610,10,652,0
2,144,151,-1.699156068,-0.270877567,0.940055617,-2.237716171,-1.646741031,-0.114658577,0,1,105,task,10,0,1610,10,652,0
2,144,152,-1.697848106,-0.248735679,0.88784679,-2.21002817,-1.646618934,-0.113348158,0,0,,transition,10,0,1610,10,652,0
2,144,153,-1.696537865,-0.226542814,0.83557572,-2.182328722,-1.646496708,-0.112035468,0,1,106,task,10,0,1610,10,652,0
2,144,154,-1.69527814,-0.200852623,0.774278058,-2.147251497,-1.646423275,-0.110771858,0,0,,transition,10,0,1610,10,652,0
2,144,155,-1.694015487,-0.175096454,0.712894776,-2.112154407,-1.646349822,-0.109505313,0,1,107,task,10,0,1610,10,652,0
2,144,156,-1.692812127,-0.143628975,0.639302249,-2.07056423,-1.646278984,-0.108298182,0,0,,transition,10,0,1610,10,652,0
2,144,157,-1.691604944,-0.112019988,0.565474982,-2.028880529,-1.646208132,-0.107087217,0,1,108,task,10,0,1610,10,652,0
2,144,158,-1.715558742,-0.152337654,0.655638255,-2.080269338,-1.64611393,-0.131109059,0,1,109,task,10,0,1610,10,652,0
2,144,159,-1.717050875,-0.180139482,0.721228253,-2.117443501,-1.646211559,-0.132606054,0,0,,transition,10,0,1610,10,652,0
2,144,160,-1.718539868,-0.207857185,0.786698212,-2.154581506,-1.646309172,-0.134099903,0,1,110,task,10,0,1610,10,652,0
2,144,161,-1.72010154,-0.231349156,0.843223163,-2.187006352,-1.646410461,-0.135666561,0,0,,transition,10,0,1610,10,652,0
2,144,162,-1.721660654,-0.254793012,0.899696439,-2.21942744,-1.646511728,-0.137230654,0,1,111,task,10,0,1610,10,652,0
2,144,163,-1.747083518,-0.277476893,0.949271648,-2.24654077,-1.646551513,-0.16272605,0,1,112,task,10,0,1610,10,652,0
2,144,164,-1.74522396,-0.255416932,0.896431597,-2.216931509,-1.64640309,-0.160860753,0,0,,transition,10,0,1610,10,652,0
2,144,165,-1.743362154,-0.233314708,0.843549398,-2.187322184,-1.64625462,-0.158993202,0,1,113,task,10,0,1610,10,652,0
2,144,166,-1.741584511,-0.20793585,0.783179044,-2.153063474,-1.64611901,-0.157209449,0,0,,transition,10,0,1610,10,652,0
2,144,167,-1.739804151,-0.182496174,0.722733611,-2.118790294,-1.645983382,-0.155422972,0,1,114,task,10,0,1610,10,652,0
2,144,168,-1.738105224,-0.151632198,0.650695436,-2.078355759,-1.645852624,-0.153718037,0,0,,transition,10,0,1610,10,652,0
2,144,169,-1.736402755,-0.120644219,0.578459,-2.037846693,-1.64572186,-0.152009548,0,1,115,task,10,0,1610,10,652,0
2,144,170,-1.760282091,-0.148998179,0.640892374,-2.073919505,-1.645441262,-0.175954188,0,1,116,task,10,0,1610,10,652,0
2,144,171,-1.762257872,-0.177316645,0.707225741,-2.1110063,-1.64562794,-0.177937592,0,0,,transition,10,0,1610,10,652,0
2,144,172,-1.764230637,-0.205547515,0.773432685,-2.148054033,-1.645814608,-0.179917972,0,1,117,task,10,0,1610,10,652,0
2,144,173,-1.766297163,-0.229406039,0.830350415,-2.18019352,-1.646008343,-0.181992147,0,0,,transition,10,0,1610,10,652,0
2,144,174,-1.768361284,-0.253214974,0.887213887,-2.212328145,-1.646202056,-0.184063911,0,1,118,task,10,0,1610,10,652,0
2,144,175,-1.79470635,-0.27995181,0.946674236,-2.245547517,-1.646216241,-0.210484427,0,1,119,task,10,0,1610,10,652,0
2,144,176,-1.792321767,-0.257814404,0.893852932,-2.216031031,-1.645986291,-0.208091065,0,0,,transition,10,0,1610,10,652,0
2,144,177,-1.789935099,-0.235636364,0.840993163,-2.186516547,-1.645756312,-0.205695614,0,1,120,task,10,0,1610,10,652,0
2,144,178,-1.787671586,-0.210294539,0.781231024,-2.153347142,-1.645471882,-0.203422237,0,0,,transition,10,0,1610,10,652,0
2,144,179,-1.785405606,-0.184891262,0.721391857,-2.120161967,-1.645187433,-0.20114639,0,1,121,task,10,0,1610,10,652,0
2,144,180,-1.783240353,-0.154180208,0.650186734,-2.08092863,-1.644913296,-0.198971057,0,0,,transition,10,0,1610,10,652,0
2,144,181,-1.781071831,-0.123346477,0.578785206,-2.041621314,-1.644639158,-0.196792449,0,1,122,task,10,0,1610,10,652,0
2,144,182,-1.804620971,-0.14048668,0.616421795,-2.066181777,-1.643704903,-0.220392423,0,1,123,task,10,0,1610,10,652,0
2,144,183,-1.807018711,-0.169551962,0.68347794,-2.102249556,-1.644165753,-0.222805074,0,0,,transition,10,0,1610,10,652,0
2,144,184,-1.809413664,-0.198511301,0.750368246,-2.13825722,-1.644626599,-0.225214937,0,1,124,task,10,0,1610,10,652,0
2,144,185,-1.811917629,-0.222914912,0.807516033,-2.169090695,-1.645104816,-0.227732724,0,0,,transition,10,0,1610,10,652,0
2,144,186,-1.814419468,-0.24726051,0.864591253,-2.199909446,-1.64558301,-0.230248386,0,1,125,task,10,0,1610,10,652,0
2,144,187,-1.841817905,-0.27835119,0.933877038,-2.238096875,-1.645719383,-0.257726934,0,1,126,task,10,0,1610,10,652,0
2,144,188,-1.839002674,-0.256040961,0.881831575,-2.210704415,-1.645102108,-0.254894917,0,0,,transition,10,0,1610,10,652,0
2,144,189,-1.836185749,-0.233684289,0.829733874,-2.183306024,-1.644484812,-0.252061214,0,1,127,task,10,0,1610,10,652,0
2,144,190,-1.833594352,-0.208541364,0.772548501,-2.155123411,-1.643452901,-0.249441486,0,0,,transition,10,0,1610,10,652,0
2,144,191,-1.83100116,-0.183317319,0.715239058,-2.126897721,-1.642421025,-0.246819993,0,1,128,task,10,0,1610,10,652,0
2,144,192,-1.828322947,-0.152203169,0.642798989,-2.086222714,-1.642251785,-0.24413006,0,0,,transition,10,0,1610,10,652,0
2,144,193,-1.825641403,-0.120968039,0.570167764,-2.045477285,-1.642082603,-0.241436787,0,1,129,task,10,0,1610,10,652,0
2,144,194,-1.808651976,-0.217623503,0.636876579,-2.013832132,-1.637330429,-0.225341002,0,0,,transition,10,0,1610,10,652,0
2,144,195,-1.791662549,-0.314278967,0.703585395,-1.98218698,-1.632578256,-0.209245216,0,0,,transition,10,0,1610,10,652,0
2,144,196,-1.774673122,-0.410934431,0.770294211,-1.950541827,-1.627826082,-0.19314943,0,0,,transition,10,0,1610,10,652,0
2,144,197,-1.757683695,-0.507589895,0.837003027,-1.918896675,-1.623073908,-0.177053644,0,0,,transition,10,0,1610,10,652,0
2,144,198,-1.740694268,-0.604245359,0.903711842,-1.887251523,-1.618321735,-0.160957858,0,0,,transition,10,0,1610,10,652,0
2,144,199,-1.723704841,-0.700900823,0.970420658,-1.85560637,-1.613569561,-0.144862072,0,0,,transition,10,0,1610,10,652,0
2,144,200,-1.706715414,-0.797556288,1.037129474,-1.823961218,-1.608817388,-0.128766287,0,0,,transition,10,0,1610,10,652,0
2,144,201,-1.689725988,-0.894211752,1.10383829,-1.792316067,-1.604065214,-0.112670501,0,0,,transition,10,0,1610,10,652,0
2,144,202,-1.672736561,-0.990867216,1.170547105,-1.760670914,-1.599313042,-0.096574715,0,0,,transition,10,0,1610,10,652,0
2,144,203,-1.655747135,-1.08752268,1.237255921,-1.729025762,-1.594560868,-0.080478929,0,0,,transition,10,0,1610,10,652,0
2,144,204,-1.638757708,-1.184178143,1.303964736,-1.697380609,-1.589808694,-0.064383143,0,0,,transition,10,0,1610,10,652,0
2,144,205,-1.621768281,-1.280833607,1.370673553,-1.665735457,-1.585056521,-0.048287357,0,0,,transition,10,0,1610,10,652,0
2,144,206,-1.604778854,-1.377489072,1.437382369,-1.634090305,-1.580304347,-0.032191572,0,0,,transition,10,0,1610,10,652,0
2,144,207,-1.587789427,-1.474144536,1.504091184,-1.602445152,-1.575552174,-0.016095786,0,0,,transition,10,0,1610,10,652,0
2,144,208,-1.5708,-1.5708,1.5708,-1.5708,-1.5708,0,0,0,,home,30,0,1610,10,652,0
