target_line,group_id,point_id,q1,q2,q3,q4,q5,q6,is_discontinuous,is_task_waypoint,source_point_id,waypoint_kind,speed,base_y_error_mm,base_y_actual_mm,standoff_mm,base_height_mm,lift_mm
1,104,1,-1.5708,-1.5708,1.5708,-1.5708,-1.5708,0,0,0,,home,60,0,-1610,30,652,0
1,104,2,-1.605895376,-1.472348745,1.511616762,-1.606398637,-1.564485824,-0.03522268542,0,0,,transition,30,0,-1610,30,652,0
1,104,3,-1.640990753,-1.373897489,1.452433524,-1.641997274,-1.558171648,-0.07044537085,0,0,,transition,30,0,-1610,30,652,0
1,104,4,-1.676086129,-1.275446234,1.393250287,-1.67759591,-1.551857472,-0.1056680563,0,0,,transition,30,0,-1610,30,652,0
1,104,5,-1.711181505,-1.176994979,1.334067049,-1.713194547,-1.545543296,-0.1408907417,0,0,,transition,30,0,-1610,30,652,0
1,104,6,-1.746276881,-1.078543724,1.274883811,-1.748793184,-1.53922912,-0.1761134271,0,0,,transition,30,0,-1610,30,652,0
1,104,7,-1.781372258,-0.9800924682,1.215700573,-1.784391821,-1.532914944,-0.2113361125,0,0,,transition,30,0,-1610,30,652,0
1,104,8,-1.816467634,-0.8816412129,1.156517336,-1.819990457,-1.526600768,-0.246558798,0,0,,transition,30,0,-1610,30,652,0
1,104,9,-1.85156301,-0.7831899576,1.097334098,-1.855589094,-1.520286592,-0.2817814834,0,0,,transition,30,0,-1610,30,652,0
1,104,10,-1.886658387,-0.6847387023,1.03815086,-1.891187731,-1.513972416,-0.3170041688,0,0,,transition,30,0,-1610,30,652,0
1,104,11,-1.921753763,-0.586287447,0.9789676225,-1.926786368,-1.50765824,-0.3522268542,0,0,,transition,30,0,-1610,30,652,0
1,104,12,-1.956849139,-0.4878361917,0.9197843847,-1.962385004,-1.501344064,-0.3874495397,0,0,,transition,30,0,-1610,30,652,0
1,104,13,-1.991944516,-0.3893849364,0.860601147,-1.997983641,-1.495029888,-0.4226722251,0,0,,transition,30,0,-1610,30,652,0
1,104,14,-2.027039892,-0.2909336811,0.8014179092,-2.033582278,-1.488715712,-0.4578949105,0,1,1,task,60,0,-1610,30,652,0
1,104,15,-2.032127056,-0.3139182814,0.8540412638,-2.061879993,-1.489396588,-0.4629713912,0,0,,transition,60,0,-1610,30,652,0
1,104,16,-2.03721422,-0.3369028818,0.9066646183,-2.090177707,-1.490077465,-0.4680478719,0,1,2,task,60,0,-1610,30,652,0
1,104,17,-2.047830081,-0.3778761324,1.001385624,-2.141231712,-1.491508472,-0.4786372288,0,1,3,task,60,0,-1610,30,652,0
1,104,18,-2.058915283,-0.4151012595,1.088327259,-2.188243266,-1.493013469,-0.489690332,0,1,4,task,60,0,-1610,30,652,0
1,104,19,-2.070499858,-0.4493604089,1.169219898,-2.232161229,-1.494597587,-0.501236714,0,1,5,task,60,0,-1610,30,652,0
1,104,20,-2.08261627,-0.4811791889,1.245235688,-2.273632963,-1.49626639,-0.5133082911,0,1,6,task,60,0,-1610,30,652,0
1,104,21,-2.095299645,-0.5109282608,1.317210894,-2.313125128,-1.498025919,-0.5259395849,0,1,7,task,60,0,-1610,30,652,0
1,104,22,-2.108588014,-0.5388780707,1.385765761,-2.350988851,-1.49988273,-0.5391679649,0,1,8,task,60,0,-1610,30,652,0
1,104,23,-2.122522585,-0.5652306613,1.451374271,-2.387497726,-1.501843943,-0.5530339144,0,1,9,task,60,0,-1610,30,652,0
1,104,24,-2.13714804,-0.5901392619,1.514407213,-2.42287136,-1.503917292,-0.567581319,0,1,10,task,60,0,-1610,30,652,0
1,104,25,-2.152512852,-0.6137209035,1.57516004,-2.457290682,-1.506111177,-0.5828577816,0,1,11,task,60,0,-1610,30,652,0
1,104,26,-2.168669634,-0.636064833,1.633871577,-2.490908331,-1.508434715,-0.598914962,0,1,12,task,60,0,-1610,30,652,0
1,104,27,-2.181206476,-0.6605663466,1.685416552,-2.509789527,-1.5223385,-0.6106004472,0,1,13,task,60,0,-1610,30,652,0
1,104,28,-2.199301121,-0.6821457514,1.742473928,-2.544622232,-1.524138384,-0.6286411024,0,1,14,task,60,0,-1610,30,652,0
1,104,29,-2.218431429,-0.7026229759,1.797915117,-2.578952917,-1.525990689,-0.6477151605,0,1,15,task,60,0,-1610,30,652,0
1,104,30,-2.223555721,-0.7077460805,1.812006217,-2.587755706,-1.526486352,-0.6528240166,0,1,16,task,60,0,-1610,30,652,0
1,104,31,-2.243702853,-0.6965895933,1.778224509,-2.562517322,-1.540747097,-0.6722070449,0,1,17,task,30,0,-1610,30,652,0
1,104,32,-2.227626926,-0.6743146558,1.725209305,-2.533484203,-1.530040377,-0.6566935026,0,1,18,task,60,0,-1610,30,652,0
1,104,33,-2.21073871,-0.6519485269,1.670452824,-2.503378045,-1.52362535,-0.640155476,0,1,19,task,60,0,-1610,30,652,0
1,104,34,-2.194681217,-0.6285982448,1.614034353,-2.472739712,-1.517345834,-0.6244367582,0,1,20,task,60,0,-1610,30,652,0
1,104,35,-2.178873932,-0.6047853429,1.556711319,-2.443147779,-1.51263589,-0.6089017819,0,1,21,task,60,0,-1610,30,652,0
1,104,36,-2.163753131,-0.5799260787,1.497479801,-2.412907591,-1.508237124,-0.5940248167,0,1,22,task,60,0,-1610,30,652,0
1,104,37,-2.148879817,-0.5541695841,1.435221208,-2.379810045,-1.505285834,-0.5792938545,0,1,23,task,60,0,-1610,30,652,0
1,104,38,-2.134306429,-0.5272673442,1.369632809,-2.343831927,-1.503597673,-0.5647807153,0,1,24,task,60,0,-1610,30,652,0
1,104,39,-2.120428243,-0.4989676563,1.301025395,-2.306182261,-1.50191811,-0.5509589023,0,1,25,task,60,0,-1610,30,652,0
1,104,40,-2.1072373,-0.4692670335,1.228933369,-2.266360019,-1.5001244,-0.537826299,0,1,26,task,60,0,-1610,30,652,0
1,104,41,-2.094627325,-0.4374395613,1.152675166,-2.224492281,-1.498422146,-0.5252673569,0,1,27,task,60,0,-1610,30,652,0
1,104,42,-2.082563172,-0.4030962875,1.071375769,-2.180091665,-1.496805401,-0.5132475207,0,1,28,task,60,0,-1610,30,652,0
1,104,43,-2.071012258,-0.365682032,0.9837993811,-2.132476497,-1.495268668,-0.5017347499,0,1,29,task,60,0,-1610,30,652,0
1,104,44,-2.059944361,-0.3243629447,0.8881033688,-2.080637146,-1.493806862,-0.490699317,0,1,30,task,60,0,-1610,30,652,0
1,104,45,-2.054637895,-0.3010767135,0.8347125402,-2.051796309,-1.49311107,-0.4854064694,0,0,,transition,60,0,-1610,30,652,0
1,104,46,-2.049331428,-0.2777904822,0.7813217116,-2.022955473,-1.492415279,-0.4801136219,0,1,31,task,60,0,-1610,30,652,0
1,104,47,-2.06895297,-0.2432322663,0.7127531988,-1.986913076,-1.489218251,-0.4999590554,0,1,32,task,30,0,-1610,30,652,0
1,104,48,-2.074565394,-0.2683083436,0.7700300255,-2.017839516,-1.489337017,-0.5055873076,0,0,,transition,60,0,-1610,30,652,0
1,104,49,-2.080177818,-0.2933844208,0.8273068522,-2.048765957,-1.489455783,-0.5112155598,0,1,33,task,60,0,-1610,30,652,0
1,104,50,-2.085910397,-0.3153028432,0.8775641776,-2.075685873,-1.490008042,-0.5169417675,0,0,,transition,60,0,-1610,30,652,0
1,104,51,-2.091642975,-0.3372212655,0.9278215031,-2.10260579,-1.490560301,-0.5226679753,0,1,34,task,60,0,-1610,30,652,0
1,104,52,-2.10341451,-0.3766294801,1.018548228,-2.150883164,-1.492354374,-0.5343879936,0,1,35,task,60,0,-1610,30,652,0
1,104,53,-2.1156928,-0.4126124878,1.10215246,-2.195459381,-1.49424135,-0.5466061478,0,1,36,task,60,0,-1610,30,652,0
1,104,54,-2.128508678,-0.4458498551,1.180135555,-2.237157909,-1.496227288,-0.5593525649,0,1,37,task,60,0,-1610,30,652,0
1,104,55,-2.14107719,-0.4774176551,1.253720462,-2.276637489,-1.500864287,-0.5717079209,0,1,38,task,60,0,-1610,30,652,0
1,104,56,-2.154617487,-0.5069942437,1.324210319,-2.315704119,-1.504378935,-0.5850994844,0,1,39,task,60,0,-1610,30,652,0
1,104,57,-2.169346971,-0.5345972837,1.391843573,-2.35424351,-1.506336918,-0.59976707,0,1,40,task,60,0,-1610,30,652,0
1,104,58,-2.184678349,-0.5606831179,1.456239304,-2.39073757,-1.508677108,-0.61500937,0,1,41,task,60,0,-1610,30,652,0
1,104,59,-2.199580486,-0.5861291764,1.515010009,-2.418853359,-1.514362825,-0.6295707987,0,1,42,task,60,0,-1610,30,652,0
1,104,60,-2.214900903,-0.6107337076,1.572211851,-2.447106131,-1.520985295,-0.6444920291,0,1,43,task,60,0,-1610,30,652,0
1,104,61,-2.230445463,-0.6347709459,1.628452833,-2.476506148,-1.529125925,-0.6595747026,0,1,44,task,60,0,-1610,30,652,0
1,104,62,-2.247199227,-0.6577418116,1.683690614,-2.506938204,-1.536275243,-0.6759414433,0,1,45,task,60,0,-1610,30,652,0
1,104,63,-2.265381081,-0.6796158758,1.738171951,-2.538825597,-1.54212878,-0.6938359216,0,1,46,task,60,0,-1610,30,652,0
1,104,64,-2.267918961,-0.6825065935,1.7454367,-2.543113993,-1.542930145,-0.6963346816,0,1,47,task,60,0,-1610,30,652,0
1,104,65,-2.291220935,-0.6676572433,1.710794002,-2.522698457,-1.545046103,-0.7195487397,0,1,48,task,30,0,-1610,30,652,0
1,104,66,-2.272028586,-0.6459902008,1.656289537,-2.490418021,-1.540821598,-0.7005594873,0,1,49,task,60,0,-1610,30,652,0
1,104,67,-2.253762275,-0.6232717661,1.59998095,-2.45748122,-1.536693112,-0.682491022,0,1,50,task,60,0,-1610,30,652,0
1,104,68,-2.237287497,-0.599150657,1.542748517,-2.426022755,-1.530128979,-0.6663712739,0,1,51,task,60,0,-1610,30,652,0
1,104,69,-2.223416952,-0.5734330421,1.486132415,-2.399407227,-1.518467158,-0.6532023796,0,1,52,task,60,0,-1610,30,652,0
1,104,70,-2.209055057,-0.547529842,1.429435242,-2.37598229,-1.510104711,-0.6393909384,0,1,53,task,60,0,-1610,30,652,0
1,104,71,-2.193415933,-0.5212659332,1.36488101,-2.339445734,-1.507480925,-0.6238589772,0,1,54,task,60,0,-1610,30,652,0
1,104,72,-2.178581898,-0.4932979204,1.297210051,-2.301391964,-1.504614985,-0.6091418982,0,1,55,task,60,0,-1610,30,652,0
1,104,73,-2.164517792,-0.4634083926,1.225936336,-2.261549639,-1.501457288,-0.5952074194,0,1,56,task,60,0,-1610,30,652,0
1,104,74,-2.151061575,-0.4314309055,1.150513319,-2.219676321,-1.498372783,-0.5818747398,0,1,57,task,60,0,-1610,30,652,0
1,104,75,-2.138051271,-0.3976541979,1.072113957,-2.178567941,-1.495775946,-0.5689761005,0,1,58,task,60,0,-1610,30,652,0
1,104,76,-2.12555102,-0.3611296929,0.9881309403,-2.134936102,-1.493360508,-0.5565726677,0,1,59,task,60,0,-1610,30,652,0
1,104,77,-2.113487356,-0.321042051,0.8965281153,-2.087194293,-1.491276933,-0.5445804189,0,1,60,task,60,0,-1610,30,652,0
1,104,78,-2.107448457,-0.2986602618,0.8451847222,-2.059856868,-1.491153928,-0.5385260838,0,0,,transition,60,0,-1610,30,652,0
1,104,79,-2.101409558,-0.2762784726,0.7938413292,-2.032519443,-1.491030923,-0.5324717488,0,1,61,task,60,0,-1610,30,652,0
1,104,80,-2.095628139,-0.2503344311,0.7348235752,-2.000927387,-1.490880133,-0.5266759884,0,0,,transition,60,0,-1610,30,652,0
1,104,81,-2.08984672,-0.2243903896,0.6758058212,-1.969335331,-1.490729343,-0.5208802279,0,1,62,task,60,0,-1610,30,652,0
1,104,82,-2.109028496,-0.1933910181,0.610262979,-1.933536499,-1.49117947,-0.5401246113,0,1,63,task,30,0,-1610,30,652,0
1,104,83,-2.114844518,-0.2217905554,0.6751045982,-1.969428356,-1.491691748,-0.5459401752,0,0,,transition,60,0,-1610,30,652,0
1,104,84,-2.12066054,-0.2501900927,0.7399462175,-2.005320214,-1.492204026,-0.5517557391,0,1,64,task,60,0,-1610,30,652,0
1,104,85,-2.126756444,-0.2739559184,0.7945649186,-2.035110386,-1.492596197,-0.5578561324,0,0,,transition,60,0,-1610,30,652,0
1,104,86,-2.132852347,-0.2977217441,0.8491836197,-2.064900559,-1.492988368,-0.5639565258,0,1,65,task,60,0,-1610,30,652,0
1,104,87,-2.145687712,-0.3388540609,0.9431164845,-2.112877037,-1.493355932,-0.5768112032,0,1,66,task,60,0,-1610,30,652,0
1,104,88,-2.158132999,-0.376342455,1.027490447,-2.154165914,-1.496890437,-0.5890843652,0,1,67,task,60,0,-1610,30,652,0
1,104,89,-2.171243737,-0.4111848622,1.107370929,-2.195266538,-1.50004722,-0.6020435799,0,1,68,task,60,0,-1610,30,652,0
1,104,90,-2.185187148,-0.4439327165,1.184680872,-2.23848808,-1.502439624,-0.615901843,0,1,69,task,60,0,-1610,30,652,0
1,104,91,-2.199747213,-0.4744051188,1.25742283,-2.279429491,-1.504901125,-0.6303715927,0,1,70,task,60,0,-1610,30,652,0
1,104,92,-2.214961189,-0.5029271363,1.326325813,-2.318497323,-1.507435877,-0.6454897551,0,1,71,task,60,0,-1610,30,652,0
1,104,93,-2.230615234,-0.5297873285,1.391402373,-2.35490047,-1.510794255,-0.660989754,0,1,72,task,60,0,-1610,30,652,0
1,104,94,-2.242055695,-0.5572416599,1.444865947,-2.370507282,-1.528286647,-0.671265485,0,1,73,task,60,0,-1610,30,652,0
1,104,95,-2.257294668,-0.5831402429,1.503956689,-2.401479975,-1.53668797,-0.686028549,0,1,74,task,60,0,-1610,30,652,0
1,104,96,-2.275140855,-0.6071822962,1.562642289,-2.435503143,-1.540056804,-0.703716391,0,1,75,task,60,0,-1610,30,652,0
1,104,97,-2.293850462,-0.6300625082,1.61921924,-2.468647163,-1.543515075,-0.7222620929,0,1,76,task,60,0,-1610,30,652,0
1,104,98,-2.313477828,-0.6518530367,1.673867242,-2.501027385,-1.547066769,-0.7417199957,0,1,77,task,60,0,-1610,30,652,0
1,104,99,-2.313630684,-0.6520146551,1.674275649,-2.501270857,-1.547094135,-0.7418715423,0,1,78,task,60,0,-1610,30,652,0
1,104,100,-2.335172652,-0.6355478085,1.635848693,-2.478823535,-1.549073999,-0.7633278798,0,1,79,task,30,0,-1610,30,652,0
1,104,101,-2.314634939,-0.6138437246,1.581622057,-2.4476808,-1.547599896,-0.7428816882,0,1,80,task,60,0,-1610,30,652,0
1,104,102,-2.295016414,-0.5910186276,1.525324663,-2.415587127,-1.546255129,-0.7233465,0,1,81,task,60,0,-1610,30,652,0
1,104,103,-2.276267051,-0.5669905213,1.466765575,-2.38242994,-1.545031712,-0.7046729601,0,1,82,task,60,0,-1610,30,652,0
1,104,104,-2.258796214,-0.5416284425,1.408128365,-2.353166555,-1.542638709,-0.6874152373,0,1,83,task,60,0,-1610,30,652,0
1,104,105,-2.244222227,-0.5147868356,1.351851723,-2.332501811,-1.533999865,-0.6734531955,0,1,84,task,60,0,-1610,30,652,0
1,104,106,-2.230729303,-0.4862901972,1.286496018,-2.297053875,-1.523874938,-0.6604500777,0,1,85,task,60,0,-1610,30,652,0
1,104,107,-2.217064801,-0.4563774034,1.216745942,-2.25797401,-1.516103969,-0.6471568057,0,1,86,task,60,0,-1610,30,652,0
1,104,108,-2.203431349,-0.424605467,1.142077432,-2.215307823,-1.51011032,-0.6337981932,0,1,87,task,60,0,-1610,30,652,0
1,104,109,-2.190365295,-0.3903701606,1.062426457,-2.170233335,-1.504155019,-0.6210116772,0,1,88,task,60,0,-1610,30,652,0
1,104,110,-2.17813055,-0.3541516258,0.9819583802,-2.130971173,-1.49725906,-0.6091587809,0,1,89,task,60,0,-1610,30,652,0
1,104,111,-2.16507179,-0.3163911263,0.898581455,-2.094236402,-1.494936415,-0.5962166158,0,1,90,task,60,0,-1610,30,652,0
1,104,112,-2.158621645,-0.2943366672,0.8472608405,-2.065518722,-1.494425209,-0.5897660204,0,0,,transition,60,0,-1610,30,652,0
1,104,113,-2.152171499,-0.272282208,0.7959402261,-2.036801043,-1.493914003,-0.583315425,0,1,91,task,60,0,-1610,30,652,0
1,104,114,-2.145975469,-0.2467008072,0.7371112875,-2.004090548,-1.493425009,-0.5771182208,0,0,,transition,60,0,-1610,30,652,0
1,104,115,-2.139779439,-0.2211194065,0.6782823489,-1.971380052,-1.492936015,-0.5709210166,0,1,92,task,60,0,-1610,30,652,0
1,104,116,-2.133824066,-0.1897829642,0.6070634578,-1.932023423,-1.492467787,-0.5649638298,0,0,,transition,60,0,-1610,30,652,0
1,104,117,-2.127868693,-0.1584465219,0.5358445666,-1.892666793,-1.491999559,-0.559006643,0,1,93,task,60,0,-1610,30,652,0
1,104,118,-2.142396175,-0.1284610747,0.4680628745,-1.855936601,-1.512447702,-0.5726352203,0,1,94,task,30,0,-1610,30,652,0
1,104,119,-2.14829147,-0.163027023,0.5459822074,-1.8987234,-1.513453155,-0.5785002994,0,0,,transition,60,0,-1610,30,652,0
1,104,120,-2.154186765,-0.1975929712,0.6239015403,-1.9415102,-1.514458607,-0.5843653784,0,1,95,task,60,0,-1610,30,652,0
1,104,121,-2.16031478,-0.2248821024,0.6860836565,-1.975843964,-1.515486429,-0.5904617081,0,0,,transition,60,0,-1610,30,652,0
1,104,122,-2.166442794,-0.2521712337,0.7482657727,-2.010177727,-1.516514252,-0.5965580377,0,1,96,task,60,0,-1610,30,652,0
1,104,123,-2.172816193,-0.2753385385,0.8016216878,-2.0398154,-1.517565595,-0.6028982116,0,0,,transition,60,0,-1610,30,652,0
1,104,124,-2.179189593,-0.2985058433,0.8549776029,-2.069453073,-1.518616938,-0.6092383855,0,1,97,task,60,0,-1610,30,652,0
1,104,125,-2.192454101,-0.3393081087,0.9499796989,-2.122569648,-1.52076908,-0.6224332132,0,1,98,task,60,0,-1610,30,652,0
1,104,126,-2.204180163,-0.3756571888,1.026078688,-2.152455398,-1.529803547,-0.6336478703,0,1,99,task,60,0,-1610,30,652,0
1,104,127,-2.218519814,-0.4101649179,1.105993057,-2.19601108,-1.532028426,-0.6478854509,0,1,100,task,60,0,-1610,30,652,0
1,104,128,-2.233456643,-0.442093744,1.180592179,-2.236858652,-1.534340725,-0.6627127906,0,1,101,task,60,0,-1610,30,652,0
1,104,129,-2.249023604,-0.4718609611,1.250798847,-2.275507575,-1.536745064,-0.6781624619,0,1,102,task,60,0,-1610,30,652,0
1,104,130,-2.265255585,-0.4997688493,1.317285347,-2.312332298,-1.539246262,-0.6942689687,0,1,103,task,60,0,-1610,30,652,0
1,104,131,-2.282114728,-0.5264056727,1.379315285,-2.344529938,-1.542021254,-0.7109463048,0,1,104,task,60,0,-1610,30,652,0
1,104,132,-2.299649797,-0.5518654855,1.438004059,-2.373886213,-1.54505004,-0.7282550308,0,1,105,task,60,0,-1610,30,652,0
1,104,133,-2.317929693,-0.5761183693,1.494270802,-2.402093453,-1.548268866,-0.7462840796,0,1,106,task,60,0,-1610,30,652,0
1,104,134,-2.337535091,-0.599083541,1.548866968,-2.430434648,-1.550216561,-0.7657080387,0,1,107,task,60,0,-1610,30,652,0
1,104,135,-2.355873217,-0.6182206085,1.595465934,-2.455339945,-1.550985961,-0.783944414,0,1,108,task,60,0,-1610,30,652,0
1,104,136,-2.365288076,-0.6049827281,1.552966577,-2.429632422,-1.581149913,-0.7920639473,0,1,109,task,30,0,-1610,30,652,0
1,104,137,-2.350841388,-0.5799535832,1.501817852,-2.406694264,-1.563259634,-0.7785334065,0,1,110,task,60,0,-1610,30,652,0
1,104,138,-2.332893317,-0.555863859,1.44638935,-2.377627214,-1.556971245,-0.7609483611,0,1,111,task,60,0,-1610,30,652,0
1,104,139,-2.315668672,-0.5306034589,1.388634304,-2.347585423,-1.550821241,-0.744074538,0,1,112,task,60,0,-1610,30,652,0
1,104,140,-2.299131611,-0.5040542116,1.328286895,-2.316407125,-1.544806159,-0.7278752586,0,1,113,task,60,0,-1610,30,652,0
1,104,141,-2.2827883,-0.47648147,1.264496874,-2.282537849,-1.540309502,-0.7117782139,0,1,114,task,60,0,-1610,30,652,0
1,104,142,-2.266564471,-0.4476740731,1.19661858,-2.245389519,-1.537559461,-0.6956981547,0,1,115,task,60,0,-1610,30,652,0
1,104,143,-2.250983575,-0.4168411794,1.124620887,-2.206192991,-1.534910386,-0.6802517891,0,1,116,task,60,0,-1610,30,652,0
1,104,144,-2.254810528,-0.3926883852,1.070400114,-2.177003824,-1.534119238,-0.6841419537,0,0,,transition,30,0,-1610,30,652,0
1,104,145,-2.258637482,-0.3685355911,1.01617934,-2.147814657,-1.53332809,-0.6880321183,0,1,117,task,30,0,-1610,30,652,0
1,104,146,-2.273812548,-0.4022233639,1.093644468,-2.189331447,-1.53624991,-0.7030559903,0,1,118,task,60,0,-1610,30,652,0
1,104,147,-2.289587602,-0.433415978,1.165924266,-2.228211921,-1.539275946,-0.7186692457,0,1,119,task,60,0,-1610,30,652,0
1,104,148,-2.305992667,-0.4625115692,1.233894953,-2.264940074,-1.542410778,-0.7349015476,0,1,120,task,60,0,-1610,30,652,0
1,104,149,-2.322079399,-0.4906126419,1.297227689,-2.297314358,-1.548576885,-0.750637114,0,1,121,task,60,0,-1610,30,652,0
1,104,150,-2.338539826,-0.517449582,1.357266706,-2.327631831,-1.555650028,-0.7666880561,0,1,122,task,60,0,-1610,30,652,0
1,104,151,-2.355656334,-0.5429804775,1.414639178,-2.356793015,-1.562865521,-0.7833816657,0,1,123,task,60,0,-1610,30,652,0
1,104,152,-2.372769137,-0.5678258007,1.469602014,-2.384665831,-1.572149108,-0.7999821379,0,1,124,task,60,0,-1610,30,652,0
1,104,153,-2.384555162,-0.5865609286,1.509016716,-2.404319587,-1.582863314,-0.8112559108,0,1,125,task,60,0,-1610,30,652,0
1,104,154,-2.403066134,-0.5671139797,1.462867698,-2.377855241,-1.584505296,-0.8296954539,0,1,126,task,30,0,-1610,30,652,0
1,104,155,-2.385386294,-0.5421147678,1.407786766,-2.348364188,-1.575321984,-0.8124480243,0,1,127,task,60,0,-1610,30,652,0
1,104,156,-2.368360701,-0.5161624461,1.350771056,-2.31870361,-1.566285362,-0.7958920677,0,1,128,task,60,0,-1610,30,652,0
1,104,157,-2.351901009,-0.4895938066,1.292513309,-2.290202743,-1.557553559,-0.7799545087,0,1,129,task,60,0,-1610,30,652,0
1,104,158,-2.336039969,-0.4616228172,1.231341464,-2.260436429,-1.548973465,-0.7646011766,0,1,130,task,60,0,-1610,30,652,0
1,104,159,-2.320044759,-0.432534171,1.166037062,-2.227297202,-1.542750349,-0.748970333,0,1,131,task,60,0,-1610,30,652,0
1,104,160,-2.303867147,-0.4020055352,1.095754321,-2.190083659,-1.539114078,-0.7330010143,0,1,132,task,60,0,-1610,30,652,0
1,104,161,-2.288286674,-0.3690959851,1.020503577,-2.150358787,-1.535595617,-0.7176152496,0,1,133,task,60,0,-1610,30,652,0
1,104,162,-2.292724844,-0.344618887,0.9666674359,-2.122429787,-1.534206876,-0.7221589593,0,0,,transition,30,0,-1610,30,652,0
1,104,163,-2.297163015,-0.3201417889,0.9128312951,-2.094500788,-1.532818136,-0.726702669,0,1,134,task,30,0,-1610,30,652,0
1,104,164,-2.312433997,-0.3563233196,0.9944567861,-2.136972133,-1.536510782,-0.7417698734,0,1,135,task,60,0,-1610,30,652,0
1,104,165,-2.328083039,-0.3894394757,1.069250532,-2.175404029,-1.54092292,-0.7571606974,0,1,136,task,60,0,-1610,30,652,0
1,104,166,-2.34429604,-0.420137993,1.138935769,-2.21123117,-1.545506486,-0.7730943104,0,1,137,task,60,0,-1610,30,652,0
1,104,167,-2.359213971,-0.4499468303,1.202507324,-2.2406232,-1.556062112,-0.787375305,0,1,138,task,60,0,-1610,30,652,0
1,104,168,-2.374474067,-0.4782704379,1.262543626,-2.268135779,-1.567333095,-0.8019496638,0,1,139,task,60,0,-1610,30,652,0
1,104,169,-2.391599993,-0.5055324301,1.322757529,-2.300050406,-1.574844929,-0.8186883479,0,1,140,task,60,0,-1610,30,652,0
1,104,170,-2.409601855,-0.5314704475,1.38060453,-2.331598666,-1.581817269,-0.8363590728,0,1,141,task,60,0,-1610,30,652,0
1,104,171,-2.420849771,-0.5465721265,1.414386423,-2.350172687,-1.586078377,-0.8474112485,0,1,142,task,60,0,-1610,30,652,0
1,104,172,-2.43793487,-0.5248504612,1.363404221,-2.321185149,-1.587585156,-0.8644319699,0,1,143,task,30,0,-1610,30,652,0
1,104,173,-2.419147657,-0.4992949412,1.306026817,-2.289371614,-1.581757391,-0.8459112184,0,1,144,task,60,0,-1610,30,652,0
1,104,174,-2.401045494,-0.4723166422,1.245678045,-2.256199221,-1.575997362,-0.8280814279,0,1,145,task,60,0,-1610,30,652,0
1,104,175,-2.383600372,-0.4437309258,1.181955488,-2.221438131,-1.570306794,-0.8109129006,0,1,146,task,60,0,-1610,30,652,0
1,104,176,-2.369599488,-0.4135532586,1.1203046,-2.195135488,-1.555757674,-0.7978000459,0,1,147,task,60,0,-1610,30,652,0
1,104,177,-2.355195269,-0.3823231037,1.054598128,-2.166218045,-1.544083931,-0.7841275712,0,1,148,task,60,0,-1610,30,652,0
1,104,178,-2.339550937,-0.3494977088,0.9817556743,-2.130412184,-1.538221808,-0.768848169,0,1,149,task,60,0,-1610,30,652,0
1,104,179,-2.323727548,-0.3134710105,0.9001152963,-2.087257217,-1.534904885,-0.7532050691,0,1,150,task,60,0,-1610,30,652,0
1,104,180,-2.328440281,-0.2877658107,0.8432240989,-2.056699612,-1.534325793,-0.757969952,0,0,,transition,30,0,-1610,30,652,0
1,104,181,-2.333153015,-0.2620606109,0.7863329014,-2.026142007,-1.533746701,-0.7627348348,0,1,151,task,30,0,-1610,30,652,0
1,104,182,-2.348864082,-0.3024505511,0.8774911483,-2.074750092,-1.536708832,-0.7782922664,0,1,152,task,60,0,-1610,30,652,0
1,104,183,-2.365127627,-0.3386783519,0.9597458046,-2.118675976,-1.539769291,-0.7943917945,0,1,153,task,60,0,-1610,30,652,0
1,104,184,-2.37982918,-0.3715021487,1.029129593,-2.148491772,-1.549883583,-0.8084237065,0,1,154,task,60,0,-1610,30,652,0
1,104,185,-2.391360985,-0.4041141121,1.091193692,-2.170219431,-1.571704095,-0.8186071135,0,1,155,task,60,0,-1610,30,652,0
1,104,186,-2.408721424,-0.4345011318,1.158868546,-2.207251914,-1.576620152,-0.8357303595,0,1,156,task,60,0,-1610,30,652,0
1,104,187,-2.426714682,-0.4629721463,1.22248328,-2.242290335,-1.581599902,-0.8534887881,0,1,157,task,60,0,-1610,30,652,0
1,104,188,-2.445366214,-0.4897826343,1.282593297,-2.275644638,-1.586642004,-0.8719091012,0,1,158,task,60,0,-1610,30,652,0
1,104,189,-2.454350001,-0.5018444195,1.309707261,-2.290780654,-1.589028273,-0.8807860578,0,1,159,task,60,0,-1610,30,652,0
1,104,190,-2.470123314,-0.4774234867,1.253023043,-2.258814804,-1.590410375,-0.8965015222,0,1,160,task,30,0,-1610,30,652,0
1,104,191,-2.449849423,-0.4518215483,1.196375459,-2.231437475,-1.589732009,-0.8764715219,0,1,161,task,60,0,-1610,30,652,0
1,104,192,-2.430227357,-0.4246044242,1.136216457,-2.202165887,-1.589261022,-0.8570758454,0,1,162,task,60,0,-1610,30,652,0
1,104,193,-2.411238153,-0.3955295851,1.072027113,-2.170717916,-1.588988177,-0.8382969774,0,1,163,task,60,0,-1610,30,652,0
1,104,194,-2.392862495,-0.3642714179,1.003106106,-2.136712816,-1.5889044,-0.820116984,0,1,164,task,60,0,-1610,30,652,0
1,104,195,-2.378616444,-0.3338028257,0.9477029425,-2.130033487,-1.577327886,-0.8069014003,0,1,165,task,60,0,-1610,30,652,0
1,104,196,-2.366624744,-0.2934051717,0.8576218752,-2.074388889,-1.559203815,-0.7953050942,0,1,166,task,60,0,-1610,30,652,0
1,104,197,-2.352255865,-0.2508356795,0.7618331204,-2.019802023,-1.550855559,-0.7812145004,0,1,167,task,60,0,-1610,30,652,0
1,104,198,-2.377504347,-0.2893279304,0.8446507778,-2.059635828,-1.559055887,-0.8059670451,0,0,,transition,30,0,-1610,30,652,0
1,104,199,-2.402752829,-0.3278201813,0.9274684352,-2.099469633,-1.567256214,-0.8307195898,0,0,,transition,30,0,-1610,30,652,0
1,104,200,-2.428001311,-0.3663124322,1.010286093,-2.139303437,-1.575456542,-0.8554721346,0,0,,transition,30,0,-1610,30,652,0
1,104,201,-2.453249793,-0.4048046831,1.09310375,-2.179137242,-1.583656869,-0.8802246793,0,0,,transition,30,0,-1610,30,652,0
1,104,202,-2.478498275,-0.443296934,1.175921407,-2.218971047,-1.591857197,-0.904977224,0,1,168,task,30,0,-1610,30,652,0
1,104,203,-2.485282375,-0.4514221305,1.193000837,-2.225100253,-1.591734095,-0.911605788,0,1,169,task,60,0,-1610,30,652,0
1,104,204,-2.48843883,-0.4355228817,1.161123597,-2.244489897,-1.62952354,-0.9159076271,0,1,170,task,30,0,-1610,30,652,0
1,104,205,-2.500054149,-0.4028912859,1.084404127,-2.200870251,-1.627514529,-0.9275275289,0,1,171,task,30,0,-1610,30,652,0
1,104,206,-2.502706302,-0.4082084821,1.095472575,-2.206996335,-1.630257853,-0.9301811089,0,1,172,task,60,0,-1610,30,652,0
1,104,207,-2.516425549,-0.3786000384,1.02505605,-2.167008779,-1.630952552,-0.943907302,0,1,173,task,30,0,-1610,30,652,0
1,104,208,-2.529289488,-0.345643072,0.9475839327,-2.123260041,-1.63149097,-0.9567785092,0,1,174,task,30,0,-1610,30,652,0
1,104,209,-2.52962134,-0.3462446421,0.9488870922,-2.123993409,-1.631610078,-0.9571108494,0,1,175,task,60,0,-1610,30,652,0
1,104,210,-2.542317509,-0.3104813154,0.8655230265,-2.077168817,-1.632232726,-0.9698154705,0,1,176,task,30,0,-1610,30,652,0
1,104,211,-2.554536932,-0.2702812925,0.7727161539,-2.025316425,-1.632822652,-0.98204394,0,1,177,task,30,0,-1610,30,652,0
1,104,212,-2.560419227,-0.247082687,0.7196666883,-1.995832154,-1.633102265,-0.9879310098,0,0,,transition,30,0,-1610,30,652,0
1,104,213,-2.566301521,-0.2238840814,0.6666172227,-1.966347883,-1.633381878,-0.9938180795,0,1,178,task,30,0,-1610,30,652,0
1,104,214,-2.571966875,-0.1958292845,0.6030761276,-1.931217761,-1.633647089,-0.9994884196,0,0,,transition,30,0,-1610,30,652,0
1,104,215,-2.577632229,-0.1677744876,0.5395350324,-1.896087638,-1.6339123,-1.00515876,0,1,179,task,30,0,-1610,30,652,0
1,104,216,-2.577990704,-0.1463005772,0.4993038357,-1.932085068,-1.673694865,-1.01018543,0,1,180,task,30,0,-1610,30,652,0
1,104,217,-2.578914076,-0.1235670814,0.4477810697,-1.919400335,-1.690420643,-1.013515466,0,0,,transition,30,0,-1610,30,652,0
1,104,218,-2.579837449,-0.1008335857,0.3962583038,-1.906715602,-1.70714642,-1.016845503,0,1,181,task,30,0,-1610,30,652,0
1,104,219,-2.578842874,-0.07264528218,0.3314226447,-1.888758081,-1.730905548,-1.020264964,0,0,,transition,30,0,-1610,30,652,0
1,104,220,-2.577848299,-0.04445697871,0.2665869855,-1.87080056,-1.754664675,-1.023684424,0,1,182,task,30,0,-1610,30,652,0
1,104,221,-2.514907781,-0.1398534175,0.3481002989,-1.852050525,-1.743173133,-0.9597041478,0,0,,transition,30,0,-1610,30,652,0
1,104,222,-2.451967262,-0.2352498564,0.4296136123,-1.83330049,-1.731681591,-0.8957238713,0,0,,transition,30,0,-1610,30,652,0
1,104,223,-2.389026743,-0.3306462952,0.5111269257,-1.814550455,-1.720190049,-0.8317435948,0,0,,transition,30,0,-1610,30,652,0
1,104,224,-2.326086225,-0.426042734,0.5926402392,-1.79580042,-1.708698506,-0.7677633183,0,0,,transition,30,0,-1610,30,652,0
1,104,225,-2.263145706,-0.5214391729,0.6741535526,-1.777050385,-1.697206964,-0.7037830417,0,0,,transition,30,0,-1610,30,652,0
1,104,226,-2.200205187,-0.6168356117,0.755666866,-1.75830035,-1.685715422,-0.6398027652,0,0,,transition,30,0,-1610,30,652,0
1,104,227,-2.137264668,-0.7122320505,0.8371801794,-1.739550315,-1.67422388,-0.5758224887,0,0,,transition,30,0,-1610,30,652,0
1,104,228,-2.07432415,-0.8076284894,0.9186934928,-1.72080028,-1.662732338,-0.5118422122,0,0,,transition,30,0,-1610,30,652,0
1,104,229,-2.011383631,-0.9030249282,1.000206806,-1.702050245,-1.651240795,-0.4478619357,0,0,,transition,30,0,-1610,30,652,0
1,104,230,-1.948443112,-0.998421367,1.08172012,-1.68330021,-1.639749253,-0.3838816591,0,0,,transition,30,0,-1610,30,652,0
1,104,231,-1.885502594,-1.093817806,1.163233433,-1.664550175,-1.628257711,-0.3199013826,0,0,,transition,30,0,-1610,30,652,0
1,104,232,-1.822562075,-1.189214245,1.244746746,-1.64580014,-1.616766169,-0.2559211061,0,0,,transition,30,0,-1610,30,652,0
1,104,233,-1.759621556,-1.284610684,1.32626006,-1.627050105,-1.605274627,-0.1919408296,0,0,,transition,30,0,-1610,30,652,0
1,104,234,-1.696681037,-1.380007122,1.407773373,-1.60830007,-1.593783084,-0.127960553,0,0,,transition,30,0,-1610,30,652,0
1,104,235,-1.633740519,-1.475403561,1.489286687,-1.589550035,-1.582291542,-0.06398027652,0,0,,transition,30,0,-1610,30,652,0
1,104,236,-1.5708,-1.5708,1.5708,-1.5708,-1.5708,0,0,0,,home,60,0,-1610,30,652,0
1,105,1,-1.5708,-1.5708,1.5708,-1.5708,-1.5708,0,0,0,,home,60,0,-1610,30,652,0
1,105,2,-1.580712606,-1.472464365,1.500841136,-1.598354982,-1.564100917,-0.009957132345,0,0,,transition,30,0,-1610,30,652,0
1,105,3,-1.590625212,-1.37412873,1.430882273,-1.625909964,-1.557401834,-0.01991426469,0,0,,transition,30,0,-1610,30,652,0
1,105,4,-1.600537817,-1.275793095,1.360923409,-1.653464945,-1.550702751,-0.02987139704,0,0,,transition,30,0,-1610,30,652,0
1,105,5,-1.610450423,-1.17745746,1.290964545,-1.681019927,-1.544003668,-0.03982852938,0,0,,transition,30,0,-1610,30,652,0
1,105,6,-1.620363029,-1.079121825,1.221005682,-1.708574909,-1.537304585,-0.04978566173,0,0,,transition,30,0,-1610,30,652,0
1,105,7,-1.630275635,-0.98078619,1.151046818,-1.736129891,-1.530605502,-0.05974279407,0,0,,transition,30,0,-1610,30,652,0
1,105,8,-1.640188241,-0.882450555,1.081087954,-1.763684872,-1.523906419,-0.06969992642,0,0,,transition,30,0,-1610,30,652,0
1,105,9,-1.650100847,-0.78411492,1.011129091,-1.791239854,-1.517207336,-0.07965705876,0,0,,transition,30,0,-1610,30,652,0
1,105,10,-1.660013452,-0.685779285,0.941170227,-1.818794836,-1.510508253,-0.08961419111,0,0,,transition,30,0,-1610,30,652,0
1,105,11,-1.669926058,-0.5874436499,0.8712113634,-1.846349818,-1.50380917,-0.09957132345,0,0,,transition,30,0,-1610,30,652,0
1,105,12,-1.679838664,-0.4891080149,0.8012524997,-1.873904799,-1.497110087,-0.1095284558,0,0,,transition,30,0,-1610,30,652,0
1,105,13,-1.68975127,-0.3907723799,0.731293636,-1.901459781,-1.490411004,-0.1194855881,0,0,,transition,30,0,-1610,30,652,0
1,105,14,-1.699663876,-0.2924367449,0.6613347724,-1.929014763,-1.483711921,-0.1294427205,0,0,,transition,30,0,-1610,30,652,0
1,105,15,-1.709576481,-0.1941011099,0.5913759087,-1.956569745,-1.477012838,-0.1393998528,0,1,1,task,60,0,-1610,30,652,0
1,105,16,-1.71112644,-0.2254964111,0.6623816436,-1.995017611,-1.477149514,-0.140955038,0,0,,transition,60,0,-1610,30,652,0
1,105,17,-1.712676399,-0.2568917123,0.7333873784,-2.033465478,-1.47728619,-0.1425102231,0,1,2,task,60,0,-1610,30,652,0
1,105,18,-1.714296923,-0.2830572552,0.793181822,-2.065926055,-1.477430756,-0.1441358061,0,0,,transition,60,0,-1610,30,652,0
1,105,19,-1.715917447,-0.309222798,0.8529762656,-2.098386632,-1.477575323,-0.1457613892,0,1,3,task,60,0,-1610,30,652,0
1,105,20,-1.717613478,-0.3320842129,0.9057838604,-2.12715837,-1.477728362,-0.1474622929,0,0,,transition,60,0,-1610,30,652,0
1,105,21,-1.719309509,-0.3549456279,0.9585914552,-2.155930107,-1.4778814,-0.1491631967,0,1,4,task,60,0,-1610,30,652,0
1,105,22,-1.743314603,-0.3567024164,0.9733356742,-2.163977457,-1.480316022,-0.1732324474,0,1,5,task,30,0,-1610,30,652,0
1,105,23,-1.741336933,-0.3343027751,0.9213233586,-2.135484289,-1.480137919,-0.1712503002,0,0,,transition,60,0,-1610,30,652,0
1,105,24,-1.739359262,-0.3119031338,0.869311043,-2.106991121,-1.479959815,-0.1692681531,0,1,6,task,60,0,-1610,30,652,0
1,105,25,-1.737469931,-0.2863720656,0.8107000371,-2.075023878,-1.479791529,-0.1673741115,0,0,,transition,60,0,-1610,30,652,0
1,105,26,-1.735580599,-0.2608409974,0.7520890311,-2.043056634,-1.479623243,-0.16548007,0,1,7,task,60,0,-1610,30,652,0
1,105,27,-1.733773812,-0.2304605847,0.6831087558,-2.005563047,-1.479464096,-0.1636683627,0,0,,transition,60,0,-1610,30,652,0
1,105,28,-1.731967025,-0.200080172,0.6141284805,-1.96806946,-1.479304949,-0.1618566555,0,1,8,task,60,0,-1610,30,652,0
1,105,29,-1.755547735,-0.1790982901,0.5783991282,-1.951512578,-1.471663387,-0.1856768681,0,1,9,task,30,0,-1610,30,652,0
1,105,30,-1.757367932,-0.2110014436,0.6507328996,-1.991022103,-1.472714967,-0.1874863867,0,0,,transition,60,0,-1610,30,652,0
1,105,31,-1.759188128,-0.242904597,0.723066671,-2.030531629,-1.473766548,-0.1892959054,0,1,10,task,60,0,-1610,30,652,0
1,105,32,-1.761091094,-0.269318266,0.7836341466,-2.063764198,-1.474825975,-0.1911877661,0,0,,transition,60,0,-1610,30,652,0
1,105,33,-1.762994059,-0.295731935,0.8442016223,-2.096996766,-1.475885401,-0.1930796269,0,1,11,task,60,0,-1610,30,652,0
1,105,34,-1.765004539,-0.3186749798,0.8969151853,-2.125281714,-1.476887008,-0.1950792115,0,0,,transition,60,0,-1610,30,652,0
1,105,35,-1.767015018,-0.3416180246,0.9496287483,-2.153566663,-1.477888616,-0.1970787961,0,1,12,task,60,0,-1610,30,652,0
1,105,36,-1.791039498,-0.340103776,0.9523015057,-2.15661631,-1.478145886,-0.221207642,0,1,13,task,30,0,-1610,30,652,0
1,105,37,-1.788565623,-0.3170732209,0.8984641864,-2.126312694,-1.477795948,-0.2187301607,0,0,,transition,60,0,-1610,30,652,0
1,105,38,-1.786091748,-0.2940426658,0.8446268671,-2.096009079,-1.477446009,-0.2162526793,0,1,14,task,60,0,-1610,30,652,0
1,105,39,-1.783729016,-0.2675073499,0.7833987278,-2.061812104,-1.477102623,-0.2138863979,0,0,,transition,60,0,-1610,30,652,0
1,105,40,-1.781366284,-0.2409720339,0.7221705885,-2.02761513,-1.476759238,-0.2115201165,0,1,15,task,60,0,-1610,30,652,0
1,105,41,-1.779296383,-0.2090693962,0.6498244411,-1.988086328,-1.475720547,-0.2094620847,0,0,,transition,60,0,-1610,30,652,0
1,105,42,-1.777226483,-0.1771667585,0.5774782937,-1.948557526,-1.474681857,-0.207404053,0,1,16,task,60,0,-1610,30,652,0
1,105,43,-1.798281873,-0.1632502916,0.5495530562,-1.931118483,-1.477195412,-0.2285048146,0,1,17,task,30,0,-1610,30,652,0
1,105,44,-1.800805833,-0.1966101147,0.6255606039,-1.973383885,-1.477419016,-0.2310352977,0,0,,transition,60,0,-1610,30,652,0
1,105,45,-1.803329793,-0.2299699379,0.7015681516,-2.015649286,-1.477642621,-0.2335657808,0,1,18,task,60,0,-1610,30,652,0
1,105,46,-1.805969348,-0.2571343708,0.7642887859,-2.050814378,-1.477872064,-0.2362120568,0,0,,transition,60,0,-1610,30,652,0
1,105,47,-1.808608902,-0.2842988037,0.8270094202,-2.085979471,-1.478101508,-0.2388583328,0,1,19,task,60,0,-1610,30,652,0
1,105,48,-1.811372144,-0.3077193284,0.8818212021,-2.116970266,-1.478337275,-0.2416285015,0,0,,transition,60,0,-1610,30,652,0
1,105,49,-1.814135385,-0.331139853,0.9366329841,-2.147961061,-1.478573043,-0.2443986703,0,1,20,task,60,0,-1610,30,652,0
1,105,50,-1.837049875,-0.3216782173,0.9196652589,-2.138409446,-1.47917108,-0.2674023183,0,1,21,task,30,0,-1610,30,652,0
1,105,51,-1.834025522,-0.2978427667,0.8639038882,-2.106858452,-1.478969287,-0.2643694696,0,0,,transition,60,0,-1610,30,652,0
1,105,52,-1.831001169,-0.2740073161,0.8081425174,-2.075307457,-1.478767495,-0.2613366208,0,1,22,task,60,0,-1610,30,652,0
1,105,53,-1.828111323,-0.2461695044,0.7439073134,-2.039274436,-1.478572446,-0.2584385382,0,0,,transition,60,0,-1610,30,652,0
1,105,54,-1.825221476,-0.2183316927,0.6796721095,-2.003241414,-1.478377396,-0.2555404556,0,1,23,task,60,0,-1610,30,652,0
1,105,55,-1.822457411,-0.1836651055,0.6007642303,-1.959354572,-1.478188564,-0.2527684051,0,0,,transition,60,0,-1610,30,652,0
1,105,56,-1.819693346,-0.1489985182,0.5218563511,-1.915467729,-1.477999731,-0.2499963546,0,1,24,task,60,0,-1610,30,652,0
1,105,57,-1.837472886,-0.1408938003,0.5046573106,-1.90355144,-1.494164184,-0.2674713427,0,1,25,task,30,0,-1610,30,652,0
1,105,58,-1.840297301,-0.1762653927,0.5847612014,-1.947643473,-1.494833386,-0.2702886796,0,0,,transition,60,0,-1610,30,652,0
1,105,59,-1.843121716,-0.2116369851,0.6648650922,-1.991735506,-1.495502587,-0.2731060165,0,1,26,task,60,0,-1610,30,652,0
1,105,60,-1.846072666,-0.2398591809,0.7295748111,-2.027580549,-1.496182012,-0.2760494471,0,0,,transition,60,0,-1610,30,652,0
1,105,61,-1.849023615,-0.2680813767,0.79428453,-2.063425591,-1.496861436,-0.2789928776,0,1,27,task,60,0,-1610,30,652,0
1,105,62,-1.852109729,-0.2921881447,0.8502520914,-2.094641629,-1.497551807,-0.2820709965,0,0,,transition,60,0,-1610,30,652,0
1,105,63,-1.855195843,-0.3162949128,0.9062196528,-2.125857668,-1.498242177,-0.2851491155,0,1,28,task,60,0,-1610,30,652,0
1,105,64,-1.867934633,-0.3538523717,0.9966993153,-2.175317262,-1.500708765,-0.2978370463,0,0,,transition,30,0,-1610,30,652,0
1,105,65,-1.880673424,-0.3914098306,1.087178978,-2.224776856,-1.503175353,-0.3105249772,0,0,,transition,30,0,-1610,30,652,0
1,105,66,-1.893412214,-0.4289672895,1.17765864,-2.27423645,-1.505641941,-0.3232129081,0,0,,transition,30,0,-1610,30,652,0
1,105,67,-1.906151004,-0.4665247484,1.268138303,-2.323696044,-1.50810853,-0.3359008389,0,0,,transition,30,0,-1610,30,652,0
1,105,68,-1.918889794,-0.5040822073,1.358617965,-2.373155638,-1.510575118,-0.3485887698,0,0,,transition,30,0,-1610,30,652,0
1,105,69,-1.931628584,-0.5416396662,1.449097628,-2.422615232,-1.513041706,-0.3612767006,0,1,29,task,30,0,-1610,30,652,0
1,105,70,-1.922664295,-0.5132693235,1.380958042,-2.387265687,-1.510643172,-0.3523994064,0,1,30,task,60,0,-1610,30,652,0
1,105,71,-1.914720249,-0.4833389674,1.313581092,-2.358297525,-1.506546751,-0.3446062793,0,1,31,task,60,0,-1610,30,652,0
1,105,72,-1.906125159,-0.452411893,1.236659329,-2.313989627,-1.505737788,-0.3360187714,0,1,32,task,60,0,-1610,30,652,0
1,105,73,-1.897943912,-0.4191474448,1.155297384,-2.267562454,-1.504969356,-0.3278435432,0,1,33,task,60,0,-1610,30,652,0
1,105,74,-1.890147724,-0.3830967633,1.06846952,-2.218439818,-1.50423841,-0.3200519647,0,1,34,task,60,0,-1610,30,652,0
1,105,75,-1.882710383,-0.3436041723,0.9747032513,-2.165805582,-1.503542196,-0.3126179613,0,1,35,task,60,0,-1610,30,652,0
1,105,76,-1.907310382,-0.342563923,0.9769355669,-2.167970897,-1.504238756,-0.3372637989,0,1,36,task,30,0,-1610,30,652,0
1,105,77,-1.915294261,-0.3817107888,1.069847034,-2.21987397,-1.505073745,-0.3452398356,0,1,37,task,60,0,-1610,30,652,0
1,105,78,-1.923659801,-0.417472203,1.155930605,-2.268321024,-1.505949745,-0.3535956574,0,1,38,task,60,0,-1610,30,652,0
1,105,79,-1.932434485,-0.4504873235,1.236620993,-2.314107184,-1.506869935,-0.3623585606,0,1,39,task,60,0,-1610,30,652,0
1,105,80,-1.941638623,-0.48120746,1.312869221,-2.357673645,-1.507867628,-0.3715474098,0,1,40,task,60,0,-1610,30,652,0
1,105,81,-1.950535894,-0.5110203578,1.381747042,-2.39038171,-1.511212887,-0.3803237657,0,1,41,task,60,0,-1610,30,652,0
1,105,82,-1.983057794,-0.5217898129,1.412424883,-2.407131111,-1.513592874,-0.4128240809,0,1,42,task,30,0,-1610,30,652,0
1,105,83,-1.973019776,-0.4930015488,1.343865828,-2.371998666,-1.510872311,-0.4028868242,0,1,43,task,60,0,-1610,30,652,0
1,105,84,-1.963333288,-0.4627681231,1.271567545,-2.333946844,-1.508623445,-0.3932720941,0,1,44,task,60,0,-1610,30,652,0
1,105,85,-1.95377477,-0.4311083751,1.193771024,-2.290001408,-1.507475383,-0.3837353234,0,1,45,task,60,0,-1610,30,652,0
1,105,86,-1.944661287,-0.3969660937,1.111155599,-2.24370876,-1.506381872,-0.3746404108,0,1,46,task,60,0,-1610,30,652,0
1,105,87,-1.935963142,-0.3598213903,1.02254731,-2.194414853,-1.505339061,-0.3659579317,0,1,47,task,60,0,-1610,30,652,0
1,105,88,-1.927653165,-0.3188998275,0.9262201265,-2.141168185,-1.504343439,-0.3576609591,0,1,48,task,60,0,-1610,30,652,0
1,105,89,-1.953132708,-0.3217875387,0.9381838443,-2.149692238,-1.504800553,-0.3831966054,0,1,49,task,30,0,-1610,30,652,0
1,105,90,-1.961974343,-0.3618655727,1.032406583,-2.201221573,-1.506065861,-0.3920155719,0,1,50,task,60,0,-1610,30,652,0
1,105,91,-1.971223947,-0.398347051,1.11928223,-2.248994353,-1.5073895,-0.4012383335,0,1,51,task,60,0,-1610,30,652,0
1,105,92,-1.980909551,-0.4319496252,1.20041045,-2.293893058,-1.508775655,-0.4108925701,0,1,52,task,60,0,-1610,30,652,0
1,105,93,-1.991033466,-0.4632552824,1.276789732,-2.336208637,-1.51031442,-0.4209765237,0,1,53,task,60,0,-1610,30,652,0
1,105,94,-2.001428533,-0.4933056048,1.348591412,-2.374237628,-1.512593849,-0.4312954797,0,1,54,task,60,0,-1610,30,652,0
1,105,95,-2.032275044,-0.4987718743,1.365937675,-2.383511783,-1.514734342,-0.4621241107,0,1,55,task,30,0,-1610,30,652,0
1,105,96,-2.02099858,-0.4694712844,1.295071672,-2.345079112,-1.512625883,-0.4509193388,0,1,56,task,60,0,-1610,30,652,0
1,105,97,-2.010238735,-0.4385181906,1.220699554,-2.30487371,-1.510619213,-0.4402230364,0,1,57,task,60,0,-1610,30,652,0
1,105,98,-1.999953308,-0.4059204918,1.142301801,-2.262464182,-1.508729854,-0.4299932244,0,1,58,task,60,0,-1610,30,652,0
1,105,99,-1.990124124,-0.3706874265,1.05865331,-2.217444047,-1.506922629,-0.4202117663,0,1,59,task,60,0,-1610,30,652,0
1,105,100,-1.98072245,-0.332209449,0.9683934799,-2.169060781,-1.505192284,-0.410850484,0,1,60,task,60,0,-1610,30,652,0
1,105,101,-1.971662549,-0.2894701993,0.8689369044,-2.115340158,-1.503740997,-0.4018169625,0,1,61,task,60,0,-1610,30,652,0
1,105,102,-1.998133234,-0.2965665271,0.8908420729,-2.129658098,-1.50408891,-0.4283510103,0,1,62,task,30,0,-1610,30,652,0
1,105,103,-2.007964681,-0.3380931607,0.9886932211,-2.183990912,-1.5050864,-0.4381742702,0,1,63,task,60,0,-1610,30,652,0
1,105,104,-2.017917419,-0.3754193639,1.076076269,-2.230061569,-1.507205478,-0.4480729112,0,1,64,task,60,0,-1610,30,652,0
1,105,105,-2.028122015,-0.4096897075,1.156176082,-2.2707889,-1.510040367,-0.458184627,0,1,65,task,60,0,-1610,30,652,0
1,105,106,-2.038861612,-0.4417405988,1.231998295,-2.309990884,-1.51274889,-0.4688269723,0,1,66,task,60,0,-1610,30,652,0
1,105,107,-2.050390741,-0.4723212555,1.305606577,-2.3502819,-1.514668095,-0.4802944934,0,1,67,task,60,0,-1610,30,652,0
1,105,108,-2.075693466,-0.4734389656,1.310067867,-2.353777393,-1.527077335,-0.505245197,0,1,68,task,30,0,-1610,30,652,0
1,105,109,-2.065536422,-0.4426448904,1.236719739,-2.31230201,-1.518925238,-0.4953440562,0,1,69,task,60,0,-1610,30,652,0
1,105,110,-2.055770231,-0.4103068018,1.162832647,-2.275689864,-1.511046488,-0.4858660071,0,1,70,task,60,0,-1610,30,652,0
1,105,111,-2.045430322,-0.3767866543,1.086853203,-2.241041544,-1.506522444,-0.4756916044,0,1,71,task,60,0,-1610,30,652,0
1,105,112,-2.034515828,-0.3400408316,0.9986650839,-2.191434066,-1.505507828,-0.4647853701,0,1,72,task,60,0,-1610,30,652,0
1,105,113,-2.024071929,-0.2993827021,0.9024511225,-2.137699292,-1.504542633,-0.4543474516,0,1,73,task,60,0,-1610,30,652,0
1,105,114,-2.019071023,-0.2764398427,0.8488806395,-2.107975366,-1.504083091,-0.4493485007,0,0,,transition,60,0,-1610,30,652,0
1,105,115,-2.014070116,-0.2534969834,0.7953101565,-2.07825144,-1.503623549,-0.4443495497,0,1,74,task,60,0,-1610,30,652,0
1,105,116,-2.017749255,-0.2255333279,0.7375167601,-2.072434556,-1.55244708,-0.4470367717,0,1,75,task,30,0,-1610,30,652,0
1,105,117,-2.022725472,-0.249988747,0.7941921736,-2.103803189,-1.552822019,-0.4520098057,0,0,,transition,60,0,-1610,30,652,0
1,105,118,-2.02770169,-0.274444166,0.8508675871,-2.135171822,-1.553196958,-0.4569828398,0,1,76,task,60,0,-1610,30,652,0
1,105,119,-2.032893845,-0.2958378596,0.9010893468,-2.163151935,-1.553590862,-0.4621709388,0,0,,transition,60,0,-1610,30,652,0
1,105,120,-2.038085999,-0.3172315532,0.9513111066,-2.191132049,-1.553984766,-0.4673590378,0,1,77,task,60,0,-1610,30,652,0
1,105,121,-2.048929458,-0.3555914624,1.042579108,-2.242352151,-1.554812891,-0.4781925243,0,1,78,task,60,0,-1610,30,652,0
1,105,122,-2.06026154,-0.3905298132,1.126896868,-2.290052735,-1.555683903,-0.4895126489,0,1,79,task,60,0,-1610,30,652,0
1,105,123,-2.068860422,-0.4223227728,1.182784812,-2.288713534,-1.566859531,-0.4977294046,0,1,80,task,60,0,-1610,30,652,0
1,105,124,-2.080993795,-0.4539448424,1.257511051,-2.329140009,-1.568368338,-0.5097928116,0,1,81,task,60,0,-1610,30,652,0
1,105,125,-2.093754023,-0.4835906909,1.328761045,-2.368527589,-1.569783742,-0.5224866889,0,1,82,task,60,0,-1610,30,652,0
1,105,126,-2.107123511,-0.5114946342,1.396691662,-2.406367027,-1.571285225,-0.5357837059,0,1,83,task,60,0,-1610,30,652,0
1,105,127,-2.12114377,-0.5378495138,1.461755143,-2.442921704,-1.572878341,-0.5497250184,0,1,84,task,60,0,-1610,30,652,0
1,105,128,-2.135999273,-0.5629003356,1.52363763,-2.476697545,-1.57415853,-0.5644762749,0,1,85,task,60,0,-1610,30,652,0
1,105,129,-2.152317649,-0.5873079813,1.579851091,-2.500496649,-1.573493493,-0.5805690654,0,1,86,task,60,0,-1610,30,652,0
1,105,130,-2.169399865,-0.6107350301,1.634180015,-2.52335975,-1.573142876,-0.5973859884,0,1,87,task,60,0,-1610,30,652,0
1,105,131,-2.187931056,-0.6332753368,1.687021075,-2.545638403,-1.571477417,-0.6156507008,0,1,88,task,60,0,-1610,30,652,0
1,105,132,-2.210330722,-0.629661256,1.68534232,-2.565452986,-1.594445862,-0.6382668417,0,1,89,task,30,0,-1610,30,652,0
1,105,133,-2.194045175,-0.6071870194,1.629708014,-2.534261088,-1.588870842,-0.6221401969,0,1,90,task,60,0,-1610,30,652,0
1,105,134,-2.178545992,-0.5836689081,1.572310328,-2.502523243,-1.583411661,-0.6067974871,0,1,91,task,60,0,-1610,30,652,0
1,105,135,-2.16378181,-0.5590388376,1.512964677,-2.47010818,-1.578064033,-0.5921863701,0,1,92,task,60,0,-1610,30,652,0
1,105,136,-2.149108337,-0.5336882703,1.451321944,-2.436271108,-1.574529384,-0.5776380758,0,1,93,task,60,0,-1610,30,652,0
1,105,137,-2.134577858,-0.507410552,1.387062501,-2.400822004,-1.572660694,-0.5632033708,0,1,94,task,60,0,-1610,30,652,0
1,105,138,-2.120705609,-0.4796050173,1.319933596,-2.364073926,-1.570897301,-0.5494184607,0,1,95,task,60,0,-1610,30,652,0
1,105,139,-2.10745107,-0.4500794451,1.249489161,-2.325768141,-1.569233107,-0.5362432581,0,1,96,task,60,0,-1610,30,652,0
1,105,140,-2.095481935,-0.4188769818,1.180153584,-2.295300604,-1.565446094,-0.5244517078,0,1,97,task,60,0,-1610,30,652,0
1,105,141,-2.084342499,-0.3862172609,1.109211449,-2.267075138,-1.560682074,-0.5134842197,0,1,98,task,60,0,-1610,30,652,0
1,105,142,-2.073093254,-0.3513278611,1.028511733,-2.22657104,-1.557882284,-0.5023031328,0,1,99,task,60,0,-1610,30,652,0
1,105,143,-2.062190265,-0.3131716359,0.9403853969,-2.181192593,-1.555566727,-0.4914440143,0,1,100,task,60,0,-1610,30,652,0
1,105,144,-2.056781131,-0.2917104507,0.8901951199,-2.153423998,-1.555078596,-0.4860416282,0,0,,transition,60,0,-1610,30,652,0
1,105,145,-2.051371997,-0.2702492656,0.8400048428,-2.125655403,-1.554590465,-0.4806392421,0,1,101,task,60,0,-1610,30,652,0
1,105,146,-2.046184264,-0.2456768519,0.7832398416,-2.09442901,-1.554125127,-0.47545702,0,0,,transition,60,0,-1610,30,652,0
1,105,147,-2.040996531,-0.2211044382,0.7264748404,-2.063202618,-1.553659788,-0.4702747979,0,1,102,task,60,0,-1610,30,652,0
1,105,148,-2.058701228,-0.1864298691,0.6457433746,-2.014855117,-1.554810894,-0.4879668473,0,1,103,task,30,0,-1610,30,652,0
1,105,149,-2.063965932,-0.2134371937,0.7074729743,-2.048403168,-1.555409675,-0.4932225694,0,0,,transition,60,0,-1610,30,652,0
1,105,150,-2.069230636,-0.2404445183,0.769202574,-2.081951218,-1.556008456,-0.4984782915,0,1,104,task,60,0,-1610,30,652,0
1,105,151,-2.074652138,-0.263414928,0.8219769686,-2.110157883,-1.556848435,-0.5038842766,0,0,,transition,60,0,-1610,30,652,0
1,105,152,-2.08007364,-0.2863853378,0.8747513632,-2.138364547,-1.557688414,-0.5092902616,0,1,105,task,60,0,-1610,30,652,0
1,105,153,-2.0913671,-0.3270884128,0.9692462509,-2.188991338,-1.559446421,-0.5205456068,0,1,106,task,60,0,-1610,30,652,0
1,105,154,-2.10313768,-0.3639003871,1.055648562,-2.235449563,-1.561286835,-0.5322706222,0,1,107,task,60,0,-1610,30,652,0
1,105,155,-2.115168706,-0.3978856009,1.133948043,-2.274747791,-1.563990076,-0.544216501,0,1,108,task,60,0,-1610,30,652,0
1,105,156,-2.12736497,-0.4298913475,1.205088521,-2.306402152,-1.567882441,-0.556254853,0,1,109,task,60,0,-1610,30,652,0
1,105,157,-2.140427959,-0.4601324126,1.274462371,-2.340296633,-1.570858205,-0.5691781205,0,1,110,task,60,0,-1610,30,652,0
1,105,158,-2.154416018,-0.4886955789,1.34224659,-2.376329839,-1.572935201,-0.5830631081,0,1,111,task,60,0,-1610,30,652,0
1,105,159,-2.169042217,-0.5156684165,1.406955632,-2.410930696,-1.575133345,-0.5975747184,0,1,112,task,60,0,-1610,30,652,0
1,105,160,-2.183930523,-0.5415192578,1.468918545,-2.444012558,-1.578640706,-0.6123208512,0,1,113,task,60,0,-1610,30,652,0
1,105,161,-2.19847716,-0.5668550167,1.52840845,-2.475387634,-1.585155345,-0.6266804977,0,1,114,task,60,0,-1610,30,652,0
1,105,162,-2.213716131,-0.5910664987,1.585843862,-2.506024176,-1.591791972,-0.6417295016,0,1,115,task,60,0,-1610,30,652,0
1,105,163,-2.229693359,-0.6142323903,1.641425054,-2.536060542,-1.598554463,-0.6575153229,0,1,116,task,60,0,-1610,30,652,0
1,105,164,-2.252926918,-0.6067380637,1.614913786,-2.516128164,-1.607791155,-0.680579903,0,1,117,task,30,0,-1610,30,652,0
1,105,165,-2.237408011,-0.5825163645,1.558831315,-2.48547627,-1.598861602,-0.6652230937,0,1,118,task,60,0,-1610,30,652,0
1,105,166,-2.222507114,-0.5578583705,1.502276087,-2.456842141,-1.590235264,-0.6505669428,0,1,119,task,60,0,-1610,30,652,0
1,105,167,-2.208252002,-0.5321022062,1.443649596,-2.427481849,-1.581748428,-0.6365555609,0,1,120,task,60,0,-1610,30,652,0
1,105,168,-2.19359975,-0.5057796527,1.382575528,-2.396618335,-1.576358964,-0.6221024176,0,1,121,task,60,0,-1610,30,652,0
1,105,169,-2.178754965,-0.4785948719,1.318691962,-2.364040695,-1.573571394,-0.6074070882,0,1,122,task,60,0,-1610,30,652,0
1,105,170,-2.16455864,-0.4498512368,1.251800593,-2.330193392,-1.570851781,-0.5933453979,0,1,123,task,60,0,-1610,30,652,0
1,105,171,-2.151134038,-0.4194653845,1.182153358,-2.296110936,-1.567680738,-0.580058356,0,1,124,task,60,0,-1610,30,652,0
1,105,172,-2.138247048,-0.3870373177,1.108321938,-2.259959484,-1.564665775,-0.5672859457,0,1,125,task,60,0,-1610,30,652,0
1,105,173,-2.125701046,-0.3523521768,1.0280829,-2.218413323,-1.562345227,-0.5548133376,0,1,126,task,60,0,-1610,30,652,0
1,105,174,-2.113432272,-0.3146808952,0.9392744005,-2.169493303,-1.56087709,-0.5425815616,0,1,127,task,60,0,-1610,30,652,0
1,105,175,-2.101658579,-0.2727184754,0.841514468,-2.11593886,-1.559473879,-0.5308403908,0,1,128,task,60,0,-1610,30,652,0
1,105,176,-2.096005621,-0.248781427,0.7863786085,-2.085873205,-1.558803035,-0.5252015635,0,0,,transition,60,0,-1610,30,652,0
1,105,177,-2.090352662,-0.2248443786,0.7312427489,-2.055807549,-1.558132192,-0.5195627362,0,1,129,task,60,0,-1610,30,652,0
1,105,178,-2.084920838,-0.1963964418,0.6664416791,-2.020598012,-1.557490509,-0.5141430192,0,0,,transition,60,0,-1610,30,652,0
1,105,179,-2.079489015,-0.1679485049,0.6016406092,-1.985388476,-1.556848826,-0.5087233022,0,1,130,task,60,0,-1610,30,652,0
1,105,180,-2.097977127,-0.1332597063,0.5219640193,-1.938086862,-1.558260132,-0.5271868654,0,1,131,task,30,0,-1610,30,652,0
1,105,181,-2.103560846,-0.1650778393,0.5941846398,-1.977601322,-1.558811439,-0.5327594286,0,0,,transition,60,0,-1610,30,652,0
1,105,182,-2.109144565,-0.1968959723,0.6664052603,-2.017115781,-1.559362746,-0.5383319918,0,1,132,task,60,0,-1610,30,652,0
1,105,183,-2.114952528,-0.2227336735,0.7257436747,-2.049737243,-1.559938624,-0.5441273759,0,0,,transition,60,0,-1610,30,652,0
1,105,184,-2.12076049,-0.2485713748,0.785082089,-2.082358705,-1.560514501,-0.5499227601,0,1,133,task,60,0,-1610,30,652,0
1,105,185,-2.126805334,-0.2707944522,0.836722252,-2.110906314,-1.561116269,-0.5559535317,0,0,,transition,60,0,-1610,30,652,0
1,105,186,-2.132850179,-0.2930175295,0.8883624149,-2.139453922,-1.561718038,-0.5619843033,0,1,134,task,60,0,-1610,30,652,0
1,105,187,-2.145440625,-0.3324475766,0.9811018768,-2.191046153,-1.562976152,-0.5745434674,0,1,135,task,60,0,-1610,30,652,0
1,105,188,-2.15837638,-0.3684145053,1.06476635,-2.235754612,-1.564881364,-0.5874214754,0,1,136,task,60,0,-1610,30,652,0
1,105,189,-2.171687925,-0.4018126149,1.141495926,-2.275047813,-1.567393863,-0.6006437507,0,1,137,task,60,0,-1610,30,652,0
1,105,190,-2.185552862,-0.4329230231,1.213527677,-2.311992299,-1.570033844,-0.6144044451,0,1,138,task,60,0,-1610,30,652,0
1,105,191,-2.199986748,-0.4621009641,1.281529935,-2.346794238,-1.572854612,-0.6287153864,0,1,139,task,60,0,-1610,30,652,0
1,105,192,-2.214715398,-0.4898034338,1.344275712,-2.375722465,-1.576746759,-0.6432356934,0,1,140,task,60,0,-1610,30,652,0
1,105,193,-2.228891921,-0.5167660093,1.404170896,-2.402936405,-1.584244733,-0.6571262323,0,1,141,task,60,0,-1610,30,652,0
1,105,194,-2.242029122,-0.5434049993,1.461586862,-2.428640585,-1.596570488,-0.6699107534,0,1,142,task,60,0,-1610,30,652,0
1,105,195,-2.257189833,-0.5689356051,1.519670556,-2.459340437,-1.604986496,-0.6848826891,0,1,143,task,60,0,-1610,30,652,0
1,105,196,-2.273781864,-0.5933334916,1.576992124,-2.492045348,-1.611518194,-0.7013767438,0,1,144,task,60,0,-1610,30,652,0
1,105,197,-2.294933085,-0.5797019069,1.539462317,-2.46884646,-1.61425223,-0.7224885928,0,1,145,task,30,0,-1610,30,652,0
1,105,198,-2.277695209,-0.5550908341,1.481497981,-2.435341786,-1.608992883,-0.7053223403,0,1,146,task,60,0,-1610,30,652,0
1,105,199,-2.261213474,-0.5292676417,1.421216016,-2.400918886,-1.603789143,-0.6889232725,0,1,147,task,60,0,-1610,30,652,0
1,105,200,-2.248305787,-0.5016739768,1.363071653,-2.375018712,-1.59021484,-0.6763709786,0,1,148,task,60,0,-1610,30,652,0
1,105,201,-2.236170967,-0.4737320253,1.307943856,-2.358926483,-1.575957056,-0.6647784739,0,1,149,task,60,0,-1610,30,652,0
1,105,202,-2.221130969,-0.4456924548,1.243854629,-2.328224908,-1.572220665,-0.6499177454,0,1,150,task,60,0,-1610,30,652,0
1,105,203,-2.206313956,-0.41590528,1.174025835,-2.291337111,-1.569799017,-0.6351973998,0,1,151,task,60,0,-1610,30,652,0
1,105,204,-2.192088973,-0.3839902349,1.099864956,-2.252305099,-1.567491554,-0.6210578592,0,1,152,task,60,0,-1610,30,652,0
1,105,205,-2.178425098,-0.3495337871,1.020457385,-2.21062196,-1.565292845,-0.6074686473,0,1,153,task,60,0,-1610,30,652,0
1,105,206,-2.165166692,-0.3121517241,0.9335224629,-2.163485112,-1.563615343,-0.5942597223,0,1,154,task,60,0,-1610,30,652,0
1,105,207,-2.152285598,-0.2707751571,0.8365854167,-2.109323185,-1.562486176,-0.5814063319,0,1,155,task,60,0,-1610,30,652,0
1,105,208,-2.146096841,-0.2471310917,0.7818618864,-2.078952687,-1.561945565,-0.5752302204,0,0,,transition,60,0,-1610,30,652,0
1,105,209,-2.139908084,-0.2234870263,0.7271383562,-2.048582189,-1.561404954,-0.5690541089,0,1,156,task,60,0,-1610,30,652,0
1,105,210,-2.133957896,-0.1953382546,0.6627645829,-2.013074859,-1.560887123,-0.5631154161,0,0,,transition,60,0,-1610,30,652,0
1,105,211,-2.128007709,-0.1671894829,0.5983908096,-1.977567528,-1.560369291,-0.5571767234,0,1,157,task,60,0,-1610,30,652,0
1,105,212,-2.122283679,-0.1306957572,0.5159538378,-1.932349772,-1.559873106,-0.5514630899,0,0,,transition,60,0,-1610,30,652,0
1,105,213,-2.116559649,-0.09420203151,0.433516866,-1.887132015,-1.559376922,-0.5457494563,0,1,158,task,60,0,-1610,30,652,0
1,105,214,-2.136180608,-0.05638478667,0.348677857,-1.838846914,-1.560416492,-0.5653515871,0,1,159,task,30,0,-1610,30,652,0
1,105,215,-2.142056454,-0.09859268621,0.443594838,-1.890944154,-1.560877873,-0.5712175391,0,0,,transition,60,0,-1610,30,652,0
1,105,216,-2.147932299,-0.1408005858,0.538511819,-1.943041394,-1.561339255,-0.5770834911,0,1,160,task,60,0,-1610,30,652,0
1,105,217,-2.154036475,-0.1712789925,0.6079468881,-1.98139352,-1.561820332,-0.5831768717,0,0,,transition,60,0,-1610,30,652,0
1,105,218,-2.160140651,-0.2017573993,0.6773819572,-2.019745647,-1.562301409,-0.5892702524,0,1,161,task,60,0,-1610,30,652,0
1,105,219,-2.166485344,-0.2267211281,0.7349507674,-2.051754319,-1.562803181,-0.5956032049,0,0,,transition,60,0,-1610,30,652,0
1,105,220,-2.172830036,-0.2516848569,0.7925195776,-2.083762992,-1.563304953,-0.6019361575,0,1,162,task,60,0,-1610,30,652,0
1,105,221,-2.179428182,-0.2732332044,0.8428216236,-2.111929318,-1.563828467,-0.6085215776,0,0,,transition,60,0,-1610,30,652,0
1,105,222,-2.186026329,-0.294781552,0.8931236696,-2.140095645,-1.56435198,-0.6151069978,0,1,163,task,60,0,-1610,30,652,0
1,105,223,-2.199592381,-0.3334405449,0.9825679247,-2.18867035,-1.56597824,-0.6286249954,0,1,164,task,60,0,-1610,30,652,0
1,105,224,-2.213613444,-0.3687900811,1.06410381,-2.232127168,-1.567971671,-0.6425801154,0,1,165,task,60,0,-1610,30,652,0
1,105,225,-2.228201298,-0.401370214,1.13989181,-2.27265524,-1.570060964,-0.6570937212,0,1,166,task,60,0,-1610,30,652,0
1,105,226,-2.243386212,-0.4316578983,1.210983677,-2.310834637,-1.572250722,-0.6721957682,0,1,167,task,60,0,-1610,30,652,0
1,105,227,-2.259200171,-0.4599937722,1.27813396,-2.347085093,-1.574545707,-0.6879179354,0,1,168,task,60,0,-1610,30,652,0
1,105,228,-2.266665981,-0.4896781165,1.324374547,-2.343920542,-1.603642994,-0.694375931,0,1,169,task,60,0,-1610,30,652,0
1,105,229,-2.28294681,-0.5171229449,1.387883906,-2.380071187,-1.608023602,-0.7105856262,0,1,170,task,60,0,-1610,30,652,0
1,105,230,-2.299945863,-0.5431664556,1.448622195,-2.415008106,-1.612453165,-0.7275214544,0,1,171,task,60,0,-1610,30,652,0
1,105,231,-2.317704207,-0.5679421631,1.506892885,-2.448912929,-1.616930416,-0.7452258437,0,1,172,task,60,0,-1610,30,652,0
1,105,232,-2.333070416,-0.5491274212,1.46073247,-2.428368323,-1.623089302,-0.7608855851,0,1,173,task,30,0,-1610,30,652,0
1,105,233,-2.313411727,-0.5246793068,1.406003406,-2.403357614,-1.624440561,-0.741548622,0,1,174,task,60,0,-1610,30,652,0
1,105,234,-2.294521222,-0.4995430185,1.353559376,-2.386858494,-1.626089055,-0.7232101838,0,1,175,task,60,0,-1610,30,652,0
1,105,235,-2.276561049,-0.4735866056,1.301945968,-2.375719522,-1.62734811,-0.7058650557,0,1,176,task,60,0,-1610,30,652,0
1,105,236,-2.261591018,-0.4458202024,1.243450483,-2.353919885,-1.621373168,-0.6910772635,0,1,177,task,60,0,-1610,30,652,0
1,105,237,-2.245558029,-0.4166543956,1.174384625,-2.315567235,-1.620642872,-0.6750786776,0,1,178,task,60,0,-1610,30,652,0
1,105,238,-2.230158188,-0.3853537275,1.100974394,-2.275055253,-1.619982413,-0.6597106105,0,1,179,task,60,0,-1610,30,652,0
1,105,239,-2.253740767,-0.3758806659,1.075962583,-2.261427249,-1.620074653,-0.6833355169,0,1,180,task,30,0,-1610,30,652,0
1,105,240,-2.269344667,-0.4073225746,1.147987041,-2.298721331,-1.6211635,-0.6988716806,0,1,181,task,60,0,-1610,30,652,0
1,105,241,-2.285123401,-0.4368732329,1.214784007,-2.331909695,-1.623719382,-0.7145729027,0,1,182,task,60,0,-1610,30,652,0
1,105,242,-2.301161219,-0.4648703381,1.277328467,-2.361875378,-1.627483723,-0.7305144933,0,1,183,task,60,0,-1610,30,652,0
1,105,243,-2.318838338,-0.4912952852,1.335708216,-2.387736726,-1.628251593,-0.747950662,0,1,184,task,60,0,-1610,30,652,0
1,105,244,-2.337660319,-0.5163918059,1.390842196,-2.410940878,-1.627819917,-0.7664447895,0,1,185,task,60,0,-1610,30,652,0
1,105,245,-2.357183054,-0.5403347969,1.443501952,-2.432841182,-1.627691982,-0.7856057237,0,1,186,task,60,0,-1610,30,652,0
1,105,246,-2.358282864,-0.5210624239,1.397832072,-2.433354843,-1.662194374,-0.7888778197,0,1,187,task,30,0,-1610,30,652,0
1,105,247,-2.340640934,-0.4956216994,1.341663497,-2.405769047,-1.658050043,-0.7712539973,0,1,188,task,60,0,-1610,30,652,0
1,105,248,-2.323627302,-0.4694749755,1.290181119,-2.392172709,-1.654270739,-0.7546015909,0,1,189,task,60,0,-1610,30,652,0
1,105,249,-2.312398134,-0.4394880975,1.218980351,-2.342227562,-1.633786402,-0.7423464536,0,1,190,task,30,0,-1610,30,652,0
1,105,250,-2.297491118,-0.4092105619,1.147106445,-2.297256557,-1.626686937,-0.7271598605,0,1,191,task,60,0,-1610,30,652,0
1,105,251,-2.282886841,-0.3775630563,1.076166908,-2.260435643,-1.620565793,-0.7124967839,0,1,192,task,60,0,-1610,30,652,0
1,105,252,-2.267866602,-0.3447005346,1.003365003,-2.226321293,-1.61774783,-0.6975536941,0,1,193,task,60,0,-1610,30,652,0
1,105,253,-2.280115542,-0.3456188807,0.998664319,-2.237333712,-1.662652971,-0.7118947358,0,1,194,task,30,0,-1610,30,652,0
1,105,254,-2.295933637,-0.3807005895,1.086971021,-2.30091269,-1.663420322,-0.7281087762,0,1,195,task,60,0,-1610,30,652,0
1,105,255,-2.310145034,-0.4118759413,1.15664855,-2.337781755,-1.671290922,-0.7427671789,0,1,196,task,60,0,-1610,30,652,0
1,105,256,-2.325438251,-0.4409738616,1.2180199,-2.363725166,-1.677324171,-0.7582184569,0,1,197,task,60,0,-1610,30,652,0
1,105,257,-2.340836144,-0.4688939243,1.276543777,-2.388738108,-1.684866767,-0.7738481877,0,1,198,task,60,0,-1610,30,652,0
1,105,258,-2.349732451,-0.4986756604,1.352635891,-2.456079343,-1.714785556,-0.7861423734,0,1,199,task,30,0,-1610,30,652,0
1,105,259,-2.366850837,-0.5242545904,1.407301457,-2.482313166,-1.720387007,-0.8036643396,0,1,200,task,60,0,-1610,30,652,0
1,105,260,-2.374297434,-0.4976154664,1.337695632,-2.449908861,-1.723307366,-0.812072523,0,1,201,task,30,0,-1610,30,652,0
1,105,261,-2.35590901,-0.4711277988,1.276376217,-2.41296019,-1.722623256,-0.7933908055,0,1,202,task,60,0,-1610,30,652,0
1,105,262,-2.340202089,-0.4430353446,1.217537854,-2.386049699,-1.715654627,-0.7771431003,0,1,203,task,60,0,-1610,30,652,0
1,105,263,-2.324380527,-0.4139204197,1.154448285,-2.355250434,-1.710858715,-0.7609276652,0,1,204,task,60,0,-1610,30,652,0
1,105,264,-2.308984828,-0.3830487523,1.087257915,-2.32212992,-1.706557814,-0.7451682784,0,1,205,task,60,0,-1610,30,652,0
1,105,265,-2.293899362,-0.350317397,1.015108636,-2.285805551,-1.703070056,-0.729772686,0,1,206,task,60,0,-1610,30,652,0
1,105,266,-2.278765596,-0.3146325977,0.9343950686,-2.241653304,-1.701624995,-0.714424587,0,1,207,task,60,0,-1610,30,652,0
1,105,267,-2.302707404,-0.3246044322,0.9481783266,-2.256316726,-1.720857021,-0.7407854126,0,1,208,task,30,0,-1610,30,652,0
1,105,268,-2.314776282,-0.3617249102,1.037156314,-2.31910935,-1.734510872,-0.7549240162,0,1,209,task,60,0,-1610,30,652,0
1,105,269,-2.329157828,-0.393405661,1.101364481,-2.343620057,-1.741392162,-0.7699312002,0,1,210,task,60,0,-1610,30,652,0
1,105,270,-2.344712426,-0.4241348226,1.169671193,-2.381809617,-1.746278067,-0.7862864055,0,1,211,task,60,0,-1610,30,652,0
1,105,271,-2.361498658,-0.452548326,1.228092276,-2.405739525,-1.748827742,-0.8032136458,0,1,212,task,60,0,-1610,30,652,0
1,105,272,-2.355765421,-0.4578443431,1.2336533,-2.405724825,-1.774906978,-0.8007327725,0,1,213,task,30,0,-1610,30,652,0
1,105,273,-2.290351636,-0.5505906479,1.261748858,-2.336147756,-1.757898064,-0.7340050415,0,0,,transition,30,0,-1610,30,652,0
1,105,274,-2.224937851,-0.6433369526,1.289844416,-2.266570688,-1.740889149,-0.6672773104,0,0,,transition,30,0,-1610,30,652,0
1,105,275,-2.159524065,-0.7360832574,1.317939975,-2.196993619,-1.723880234,-0.6005495794,0,0,,transition,30,0,-1610,30,652,0
1,105,276,-2.09411028,-0.8288295621,1.346035533,-2.12741655,-1.706871319,-0.5338218483,0,0,,transition,30,0,-1610,30,652,0
1,105,277,-2.028696495,-0.9215758668,1.374131091,-2.057839481,-1.689862404,-0.4670941173,0,0,,transition,30,0,-1610,30,652,0
1,105,278,-1.96328271,-1.014322172,1.40222665,-1.988262413,-1.672853489,-0.4003663862,0,0,,transition,30,0,-1610,30,652,0
1,105,279,-1.897868925,-1.107068476,1.430322208,-1.918685344,-1.655844574,-0.3336386552,0,0,,transition,30,0,-1610,30,652,0
1,105,280,-1.83245514,-1.199814781,1.458417767,-1.849108275,-1.638835659,-0.2669109242,0,0,,transition,30,0,-1610,30,652,0
1,105,281,-1.767041355,-1.292561086,1.486513325,-1.779531206,-1.621826745,-0.2001831931,0,0,,transition,30,0,-1610,30,652,0
1,105,282,-1.70162757,-1.385307391,1.514608883,-1.709954138,-1.60481783,-0.1334554621,0,0,,transition,30,0,-1610,30,652,0
1,105,283,-1.636213785,-1.478053695,1.542704442,-1.640377069,-1.587808915,-0.06672773104,0,0,,transition,30,0,-1610,30,652,0
1,105,284,-1.5708,-1.5708,1.5708,-1.5708,-1.5708,0,0,0,,home,60,0,-1610,30,652,0
1,106,1,-1.5708,-1.5708,1.5708,-1.5708,-1.5708,0,0,0,,home,60,0,-1610,30,652,0
1,106,2,-1.570197903,-1.473982709,1.519708975,-1.615612628,-1.565013404,0.0006032087788,0,0,,transition,30,0,-1610,30,652,0
1,106,3,-1.569595806,-1.377165417,1.46861795,-1.660425256,-1.559226809,0.001206417558,0,0,,transition,30,0,-1610,30,652,0
1,106,4,-1.568993709,-1.280348126,1.417526926,-1.705237883,-1.553440213,0.001809626336,0,0,,transition,30,0,-1610,30,652,0
1,106,5,-1.568391612,-1.183530835,1.366435901,-1.750050511,-1.547653618,0.002412835115,0,0,,transition,30,0,-1610,30,652,0
1,106,6,-1.567789514,-1.086713544,1.315344876,-1.794863139,-1.541867022,0.003016043894,0,0,,transition,30,0,-1610,30,652,0
1,106,7,-1.567187417,-0.9898962523,1.264253851,-1.839675767,-1.536080427,0.003619252673,0,0,,transition,30,0,-1610,30,652,0
1,106,8,-1.56658532,-0.893078961,1.213162826,-1.884488395,-1.530293831,0.004222461452,0,0,,transition,30,0,-1610,30,652,0
1,106,9,-1.565983223,-0.7962616698,1.162071801,-1.929301022,-1.524507236,0.00482567023,0,0,,transition,30,0,-1610,30,652,0
1,106,10,-1.565381126,-0.6994443785,1.110980777,-1.97411365,-1.51872064,0.005428879009,0,0,,transition,30,0,-1610,30,652,0
1,106,11,-1.564779029,-0.6026270872,1.059889752,-2.018926278,-1.512934044,0.006032087788,0,0,,transition,30,0,-1610,30,652,0
1,106,12,-1.564176932,-0.5058097959,1.008798727,-2.063738906,-1.507147449,0.006635296567,0,0,,transition,30,0,-1610,30,652,0
1,106,13,-1.563574835,-0.4089925046,0.9577077022,-2.108551534,-1.501360853,0.007238505346,0,0,,transition,30,0,-1610,30,652,0
1,106,14,-1.562972737,-0.3121752134,0.9066166774,-2.153364161,-1.495574258,0.007841714125,0,1,1,task,60,0,-1610,30,652,0
1,106,15,-1.563068476,-0.2881196696,0.8506284575,-2.122032946,-1.49555678,0.007745779497,0,0,,transition,60,0,-1610,30,652,0
1,106,16,-1.563164214,-0.2640641259,0.7946402376,-2.090701731,-1.495539302,0.00764984487,0,1,2,task,60,0,-1610,30,652,0
1,106,17,-1.563255683,-0.2358914372,0.7299134324,-2.054749392,-1.495521551,0.007558182521,0,0,,transition,60,0,-1610,30,652,0
1,106,18,-1.563347152,-0.2077187484,0.6651866273,-2.018797053,-1.495503801,0.007466520172,0,1,3,task,60,0,-1610,30,652,0
1,106,19,-1.563434631,-0.1723971277,0.5850734111,-1.974607529,-1.495485797,0.007378850749,0,0,,transition,60,0,-1610,30,652,0
1,106,20,-1.563522111,-0.137075507,0.504960195,-1.930418006,-1.495467793,0.007291181327,0,1,4,task,60,0,-1610,30,652,0
1,106,21,-1.585798223,-0.1619815303,0.5663262898,-1.966648152,-1.495593474,-0.01504744721,0,1,5,task,30,0,-1610,30,652,0
1,106,22,-1.585958975,-0.1942337488,0.639795351,-2.007135835,-1.495633262,-0.0152085175,0,0,,transition,60,0,-1610,30,652,0
1,106,23,-1.586119726,-0.2264859672,0.7132644122,-2.047623518,-1.495673049,-0.01536958778,0,1,6,task,60,0,-1610,30,652,0
1,106,24,-1.586287858,-0.2530055186,0.7744510548,-2.081560923,-1.495713386,-0.01553803687,0,0,,transition,60,0,-1610,30,652,0
1,106,25,-1.58645599,-0.27952507,0.8356376974,-2.115498328,-1.495753723,-0.01570648597,0,1,7,task,60,0,-1610,30,652,0
1,106,26,-1.586632024,-0.302506125,0.8893562698,-2.145505596,-1.495794647,-0.01588283453,0,0,,transition,60,0,-1610,30,652,0
1,106,27,-1.586808057,-0.3254871801,0.9430748421,-2.175512863,-1.495835572,-0.01605918309,0,1,8,task,60,0,-1610,30,652,0
1,106,28,-1.610500813,-0.3152004068,0.9244815927,-2.167469006,-1.496002543,-0.03981745782,0,1,9,task,30,0,-1610,30,652,0
1,106,29,-1.610058154,-0.2916886691,0.8697038378,-2.137108395,-1.495929658,-0.03937408364,0,0,,transition,60,0,-1610,30,652,0
1,106,30,-1.609615495,-0.2681769314,0.8149260829,-2.106747783,-1.495856772,-0.03893070946,0,1,10,task,60,0,-1610,30,652,0
1,106,31,-1.609193189,-0.2409178043,0.752335091,-2.072474165,-1.49578339,-0.03850770132,0,0,,transition,60,0,-1610,30,652,0
1,106,32,-1.608770884,-0.2136586773,0.6897440992,-2.038200547,-1.495710007,-0.03808469319,0,1,11,task,60,0,-1610,30,652,0
1,106,33,-1.608368629,-0.1803489464,0.6145032634,-1.997786957,-1.495632158,-0.03768176052,0,0,,transition,60,0,-1610,30,652,0
1,106,34,-1.607966374,-0.1470392155,0.5392624277,-1.957373368,-1.495554308,-0.03727882785,0,1,12,task,60,0,-1610,30,652,0
1,106,35,-1.630726636,-0.1768134442,0.6122319624,-2.00049191,-1.495583128,-0.06010379542,0,1,13,task,30,0,-1610,30,652,0
1,106,36,-1.631392574,-0.2069783659,0.6810471995,-2.037979229,-1.495669536,-0.06077107323,0,0,,transition,60,0,-1610,30,652,0
1,106,37,-1.632058512,-0.2371432875,0.7498624366,-2.075466548,-1.495755944,-0.06143835105,0,1,14,task,60,0,-1610,30,652,0
1,106,38,-1.632754953,-0.2624575554,0.8083202882,-2.107445097,-1.495845697,-0.06213602216,0,0,,transition,60,0,-1610,30,652,0
1,106,39,-1.633451394,-0.2877718233,0.8667781398,-2.139423645,-1.495935451,-0.06283369327,0,1,15,task,60,0,-1610,30,652,0
1,106,40,-1.634175573,-0.3099476718,0.9186415915,-2.16794395,-1.496045741,-0.06355888759,0,0,,transition,60,0,-1610,30,652,0
1,106,41,-1.634899752,-0.3321235203,0.9705050433,-2.196464254,-1.496156031,-0.0642840819,0,1,16,task,60,0,-1610,30,652,0
1,106,42,-1.658133976,-0.3142684315,0.9350548357,-2.180848616,-1.496064576,-0.08758538878,0,1,17,task,30,0,-1610,30,652,0
1,106,43,-1.657141439,-0.2910649012,0.8807957486,-2.150755298,-1.495966565,-0.08659093931,0,0,,transition,60,0,-1610,30,652,0
1,106,44,-1.656148902,-0.2678613708,0.8265366616,-2.120661981,-1.495868553,-0.08559648984,0,1,18,task,60,0,-1610,30,652,0
1,106,45,-1.655200715,-0.2409987525,0.7645493663,-2.086496588,-1.495774519,-0.08464631877,0,0,,transition,60,0,-1610,30,652,0
1,106,46,-1.654252527,-0.2141361341,0.702562071,-2.052331195,-1.495680485,-0.08369614769,0,1,19,task,60,0,-1610,30,652,0
1,106,47,-1.653345774,-0.1812591652,0.6276791735,-2.011281779,-1.495590159,-0.08278734583,0,0,,transition,60,0,-1610,30,652,0
1,106,48,-1.65243902,-0.1483821962,0.552796276,-1.970232362,-1.495499833,-0.08187854398,0,1,20,task,60,0,-1610,30,652,0
1,106,49,-1.675822934,-0.1829474806,0.6359885877,-2.017312472,-1.495611422,-0.1053285549,0,1,21,task,30,0,-1610,30,652,0
1,106,50,-1.677008592,-0.2122499161,0.7033554905,-2.054549737,-1.49570839,-0.1065168763,0,0,,transition,60,0,-1610,30,652,0
1,106,51,-1.67819425,-0.2415523517,0.7707223932,-2.091787003,-1.495805359,-0.1077051977,0,1,22,task,60,0,-1610,30,652,0
1,106,52,-1.679434941,-0.2662985733,0.8284013061,-2.123888829,-1.495906578,-0.1089485226,0,0,,transition,60,0,-1610,30,652,0
1,106,53,-1.680675632,-0.291044795,0.8860802189,-2.155990656,-1.496007797,-0.1101918475,0,1,23,task,60,0,-1610,30,652,0
1,106,54,-1.681975292,-0.3127872034,0.937482722,-2.184815979,-1.496113585,-0.1114941061,0,0,,transition,60,0,-1610,30,652,0
1,106,55,-1.683274952,-0.3345296118,0.9888852251,-2.213641301,-1.496219373,-0.1127963647,0,1,24,task,60,0,-1610,30,652,0
1,106,56,-1.705534645,-0.3087388773,0.9330126982,-2.184021927,-1.49617873,-0.1351199451,0,1,25,task,30,0,-1610,30,652,0
1,106,57,-1.703993931,-0.2854639486,0.8782838205,-2.153313441,-1.496070194,-0.1335759543,0,0,,transition,60,0,-1610,30,652,0
1,106,58,-1.702453217,-0.26218902,0.8235549428,-2.122604955,-1.495961659,-0.1320319636,0,1,26,task,60,0,-1610,30,652,0
1,106,59,-1.700981633,-0.2351637015,0.7609150846,-2.087731307,-1.49585792,-0.1305571044,0,0,,transition,60,0,-1610,30,652,0
1,106,60,-1.69951005,-0.2081383831,0.6982752264,-2.052857658,-1.495754182,-0.1290822452,0,1,27,task,60,0,-1610,30,652,0
1,106,61,-1.698103037,-0.1748994347,0.622319423,-2.010877405,-1.495654906,-0.1276719595,0,0,,transition,60,0,-1610,30,652,0
1,106,62,-1.696696023,-0.1416604862,0.5463636196,-1.968897151,-1.49555563,-0.1262616737,0,1,28,task,60,0,-1610,30,652,0
1,106,63,-1.701443576,-0.162894144,0.5970064966,-2.001966668,-1.522658316,-0.1308446733,0,0,,transition,30,0,-1610,30,652,0
1,106,64,-1.706191128,-0.1841278017,0.6476493737,-2.035036184,-1.549761002,-0.1354276729,0,1,29,task,30,0,-1610,30,652,0
1,106,65,-1.707733831,-0.2129237139,0.7139318099,-2.071666966,-1.549828665,-0.1369708319,0,0,,transition,60,0,-1610,30,652,0
1,106,66,-1.709276533,-0.241719626,0.7802142461,-2.108297748,-1.549896327,-0.138513991,0,1,30,task,60,0,-1610,30,652,0
1,106,67,-1.710890698,-0.2661425654,0.8372108168,-2.140014585,-1.549969363,-0.1401284243,0,0,,transition,60,0,-1610,30,652,0
1,106,68,-1.712504862,-0.2905655047,0.8942073874,-2.171731422,-1.550042399,-0.1417428575,0,1,31,task,60,0,-1610,30,652,0
1,106,69,-1.736965076,-0.3014691908,0.9197092772,-2.183711832,-1.550350103,-0.1662071232,0,1,32,task,30,0,-1610,30,652,0
1,106,70,-1.735070499,-0.2778951817,0.8646111247,-2.153184541,-1.550237007,-0.164312664,0,0,,transition,60,0,-1610,30,652,0
1,106,71,-1.733175923,-0.2543211727,0.8095129722,-2.12265725,-1.55012391,-0.1624182047,0,1,33,task,60,0,-1610,30,652,0
1,106,72,-1.731365214,-0.2268654519,0.7462006986,-2.087796609,-1.550018335,-0.1606072895,0,0,,transition,60,0,-1610,30,652,0
1,106,73,-1.729554504,-0.199409731,0.682888425,-2.052935968,-1.54991276,-0.1587963743,0,1,34,task,60,0,-1610,30,652,0
1,106,74,-1.727822208,-0.1654007742,0.6055021245,-2.010553617,-1.549814213,-0.1570635713,0,0,,transition,60,0,-1610,30,652,0
1,106,75,-1.726089911,-0.1313918175,0.5281158239,-1.968171266,-1.549715666,-0.1553307683,0,1,35,task,60,0,-1610,30,652,0
1,106,76,-1.738571957,-0.1566599361,0.5854794538,-1.998532891,-1.549895743,-0.1678155431,0,0,,transition,30,0,-1610,30,652,0
1,106,77,-1.751054003,-0.1819280547,0.6428430836,-2.028894517,-1.550075821,-0.1803003179,0,1,36,task,30,0,-1610,30,652,0
1,106,78,-1.753085181,-0.2107719945,0.7089638639,-2.064982905,-1.550230473,-0.1823313112,0,0,,transition,60,0,-1610,30,652,0
1,106,79,-1.755116359,-0.2396159343,0.7750846442,-2.101071292,-1.550385126,-0.1843623045,0,1,37,task,60,0,-1610,30,652,0
1,106,80,-1.757240251,-0.264084413,0.8318975073,-2.132226625,-1.550549961,-0.1864854648,0,0,,transition,60,0,-1610,30,652,0
1,106,81,-1.759364143,-0.2885528918,0.8887103704,-2.163381958,-1.550714797,-0.1886086252,0,1,38,task,60,0,-1610,30,652,0
1,106,82,-1.783024781,-0.2900513984,0.8905889136,-2.15961928,-1.551480637,-0.2122664074,0,1,39,task,30,0,-1610,30,652,0
1,106,83,-1.780651853,-0.2657599403,0.834402214,-2.129197521,-1.551233865,-0.2098958997,0,0,,transition,60,0,-1610,30,652,0
1,106,84,-1.778278925,-0.2414684822,0.7782155143,-2.098775761,-1.550987093,-0.2075253921,0,1,40,task,60,0,-1610,30,652,0
1,106,85,-1.776008521,-0.2129290821,0.7129862528,-2.063559507,-1.550754683,-0.2052564084,0,0,,transition,60,0,-1610,30,652,0
1,106,86,-1.773738117,-0.184389682,0.6477569912,-2.028343253,-1.550522273,-0.2029874246,0,1,41,task,60,0,-1610,30,652,0
1,106,87,-1.771563744,-0.1483138358,0.5662760822,-1.984411818,-1.550303319,-0.200813537,0,0,,transition,60,0,-1610,30,652,0
1,106,88,-1.769389371,-0.1122379895,0.4847951733,-1.940480384,-1.550084364,-0.1986396493,0,1,42,task,60,0,-1610,30,652,0
1,106,89,-1.782377166,-0.1423038563,0.5517369338,-1.973928108,-1.550665515,-0.2116262751,0,0,,transition,30,0,-1610,30,652,0
1,106,90,-1.795364962,-0.1723697231,0.6186786943,-2.007375833,-1.551246667,-0.224612901,0,1,43,task,30,0,-1610,30,652,0
1,106,91,-1.7978474,-0.2019114467,0.685849075,-2.043293038,-1.551564211,-0.2270916969,0,0,,transition,60,0,-1610,30,652,0
1,106,92,-1.800329839,-0.2314531703,0.7530194558,-2.079210243,-1.551881756,-0.2295704928,0,1,44,task,60,0,-1610,30,652,0
1,106,93,-1.802961317,-0.2565137519,0.811239303,-2.11140951,-1.552083449,-0.2321993828,0,0,,transition,60,0,-1610,30,652,0
1,106,94,-1.805592795,-0.2815743336,0.8694591502,-2.143608777,-1.552285142,-0.2348282728,0,1,45,task,60,0,-1610,30,652,0
1,106,95,-1.828166397,-0.2737661399,0.8508221604,-2.130546607,-1.55300643,-0.2573957515,0,1,46,task,30,0,-1610,30,652,0
1,106,96,-1.825290026,-0.2480725479,0.791150441,-2.097359743,-1.55280819,-0.2545222569,0,0,,transition,60,0,-1610,30,652,0
1,106,97,-1.822413654,-0.2223789558,0.7314787216,-2.064172878,-1.552609949,-0.2516487623,0,1,47,task,60,0,-1610,30,652,0
1,106,98,-1.819661814,-0.1914257178,0.6605714717,-2.025009792,-1.552422279,-0.2488993524,0,0,,transition,60,0,-1610,30,652,0
1,106,99,-1.816909973,-0.1604724798,0.5896642217,-1.985846706,-1.552234609,-0.2461499425,0,1,48,task,60,0,-1610,30,652,0
1,106,100,-1.82237607,-0.1306533172,0.5222193755,-1.947915286,-1.552356237,-0.2516156631,0,0,,transition,30,0,-1610,30,652,0
1,106,101,-1.827842166,-0.1008341547,0.4547745292,-1.909983867,-1.552477865,-0.2570813836,0,0,,transition,30,0,-1610,30,652,0
1,106,102,-1.833308262,-0.07101499209,0.3873296829,-1.872052447,-1.552599493,-0.2625471042,0,1,49,task,30,0,-1610,30,652,0
1,106,103,-1.836176735,-0.1135503761,0.4833817121,-1.924894505,-1.552778674,-0.2654132237,0,0,,transition,60,0,-1610,30,652,0
1,106,104,-1.839045207,-0.1560857601,0.5794337413,-1.977736563,-1.552957856,-0.2682793432,0,1,50,task,60,0,-1610,30,652,0
1,106,105,-1.842040295,-0.187438477,0.6512709627,-2.017546102,-1.553146717,-0.2712717102,0,0,,transition,60,0,-1610,30,652,0
1,106,106,-1.845035383,-0.2187911939,0.723108184,-2.057355641,-1.553335579,-0.2742640772,0,1,51,task,60,0,-1610,30,652,0
1,106,107,-1.848165579,-0.2446957498,0.7832990257,-2.090966651,-1.553534779,-0.2773911585,0,0,,transition,60,0,-1610,30,652,0
1,106,108,-1.851295776,-0.2706003057,0.8434898674,-2.124577661,-1.553733979,-0.2805182398,0,1,52,task,60,0,-1610,30,652,0
1,106,109,-1.861079069,-0.3098513346,0.9381528238,-2.179193217,-1.563814431,-0.2903143042,0,0,,transition,30,0,-1610,30,652,0
1,106,110,-1.870862363,-0.3491023635,1.03281578,-2.233808773,-1.573894882,-0.3001103687,0,0,,transition,30,0,-1610,30,652,0
1,106,111,-1.880645656,-0.3883533924,1.127478736,-2.288424329,-1.583975334,-0.3099064331,0,0,,transition,30,0,-1610,30,652,0
1,106,112,-1.89042895,-0.4276044213,1.222141693,-2.343039885,-1.594055786,-0.3197024975,0,0,,transition,30,0,-1610,30,652,0
1,106,113,-1.900212243,-0.4668554502,1.316804649,-2.397655442,-1.604136237,-0.3294985619,0,0,,transition,30,0,-1610,30,652,0
1,106,114,-1.909995537,-0.5061064792,1.411467605,-2.452270998,-1.614216689,-0.3392946263,0,1,53,task,30,0,-1610,30,652,0
1,106,115,-1.900964327,-0.4772652205,1.339957485,-2.411594624,-1.614332586,-0.3302889401,0,1,54,task,60,0,-1610,30,652,0
1,106,116,-1.896113285,-0.4466171946,1.279804773,-2.399895153,-1.602800084,-0.325460026,0,1,55,task,60,0,-1610,30,652,0
1,106,117,-1.890062565,-0.4152001031,1.203548049,-2.358128695,-1.595812739,-0.3193606389,0,1,56,task,60,0,-1610,30,652,0
1,106,118,-1.882870466,-0.3813511362,1.118543057,-2.306140089,-1.593565517,-0.3121492084,0,1,57,task,60,0,-1610,30,652,0
1,106,119,-1.876022422,-0.3442928085,1.027300271,-2.251162495,-1.591308611,-0.305284279,0,1,58,task,60,0,-1610,30,652,0
1,106,120,-1.869494504,-0.303200997,0.9279666458,-2.192164311,-1.589043083,-0.2987417705,0,1,59,task,60,0,-1610,30,652,0
1,106,121,-1.891643039,-0.3079987928,0.9391970713,-2.202557752,-1.59791377,-0.3209620442,0,1,60,task,30,0,-1610,30,652,0
1,106,122,-1.899476596,-0.34824129,1.035691707,-2.257894653,-1.597530006,-0.3287922648,0,1,61,task,60,0,-1610,30,652,0
1,106,123,-1.906146148,-0.3847092831,1.12203808,-2.304758811,-1.602247267,-0.33549416,0,1,62,task,60,0,-1610,30,652,0
1,106,124,-1.91313052,-0.418361781,1.202794865,-2.348923062,-1.607007817,-0.3425134108,0,1,63,task,60,0,-1610,30,652,0
1,106,125,-1.921007313,-0.4501378434,1.278097744,-2.388124772,-1.610053008,-0.35039592,0,1,64,task,60,0,-1610,30,652,0
1,106,126,-1.929465143,-0.4801729439,1.349402294,-2.424609442,-1.612556706,-0.3588410084,0,1,65,task,60,0,-1610,30,652,0
1,106,127,-1.938345813,-0.5085588615,1.417620751,-2.459723983,-1.615132356,-0.3676998239,0,1,66,task,60,0,-1610,30,652,0
1,106,128,-1.96105582,-0.4933195103,1.37964259,-2.442804207,-1.613138628,-0.3904550887,0,1,67,task,30,0,-1610,30,652,0
1,106,129,-1.951423413,-0.4642741098,1.30824486,-2.402926002,-1.611560651,-0.3808268334,0,1,68,task,60,0,-1610,30,652,0
1,106,130,-1.94224863,-0.4333296009,1.233291169,-2.361437549,-1.610038641,-0.3716538011,0,1,69,task,60,0,-1610,30,652,0
1,106,131,-1.933500261,-0.4001839662,1.154081171,-2.31793655,-1.608569311,-0.3629048227,0,1,70,task,60,0,-1610,30,652,0
1,106,132,-1.925495129,-0.3648691706,1.068978922,-2.269766133,-1.605977239,-0.3548781499,0,1,71,task,60,0,-1610,30,652,0
1,106,133,-1.917903485,-0.3262984086,0.9770913667,-2.217967694,-1.60323229,-0.3472636221,0,1,72,task,60,0,-1610,30,652,0
1,106,134,-1.931462658,-0.2954226216,0.9065907153,-2.188812385,-1.618074473,-0.3610721623,0,1,73,task,30,0,-1610,30,652,0
1,106,135,-1.934868901,-0.3162822493,0.9568506927,-2.219162622,-1.621061465,-0.3645390757,0,0,,transition,60,0,-1610,30,652,0
1,106,136,-1.938275144,-0.337141877,1.00711067,-2.249512858,-1.624048457,-0.3680059892,0,1,74,task,60,0,-1610,30,652,0
1,106,137,-1.940890621,-0.3748542937,1.09427505,-2.297441519,-1.645136364,-0.3710936291,0,1,75,task,30,0,-1610,30,652,0
1,106,138,-1.954867162,-0.408792662,1.166863174,-2.321123471,-1.629415743,-0.3845980761,0,1,76,task,30,0,-1610,30,652,0
1,106,139,-1.964698578,-0.4414346151,1.246514806,-2.367390135,-1.629195473,-0.3944253157,0,1,77,task,60,0,-1610,30,652,0
1,106,140,-1.97501938,-0.4718272197,1.321888541,-2.411651816,-1.628999998,-0.404741816,0,1,78,task,60,0,-1610,30,652,0
1,106,141,-1.983597116,-0.5006300486,1.392429462,-2.451925985,-1.63566978,-0.4134465162,0,1,79,task,60,0,-1610,30,652,0
1,106,142,-1.978520064,-0.4813865039,1.344970164,-2.447112502,-1.70986272,-0.4115236451,0,1,80,task,30,0,-1610,30,652,0
1,106,143,-1.972219112,-0.4512078113,1.277813968,-2.416971829,-1.696987915,-0.4046184792,0,1,81,task,60,0,-1610,30,652,0
1,106,144,-1.969200262,-0.4193361339,1.194790737,-2.357475107,-1.674239256,-0.4004816028,0,1,82,task,30,0,-1610,30,652,0
1,106,145,-1.964421892,-0.3854883137,1.120718339,-2.324919911,-1.657965933,-0.3951590963,0,1,83,task,60,0,-1610,30,652,0
1,106,146,-1.954111154,-0.3482291078,1.024178605,-2.257891641,-1.661271928,-0.3848628736,0,1,84,task,60,0,-1610,30,652,0
1,106,147,-1.943961117,-0.3078961782,0.9298579901,-2.206489905,-1.665698452,-0.3748446772,0,1,85,task,60,0,-1610,30,652,0
1,106,148,-1.953267794,-0.2924120841,0.8958301921,-2.208612275,-1.70292197,-0.3859516172,0,1,86,task,30,0,-1610,30,652,0
1,106,149,-1.961920801,-0.3338931896,0.9912158115,-2.259251589,-1.703934309,-0.3947099964,0,1,87,task,60,0,-1610,30,652,0
1,106,150,-1.971016534,-0.3717334513,1.079378489,-2.307004982,-1.704795199,-0.4039072719,0,1,88,task,60,0,-1610,30,652,0
1,106,151,-1.980370531,-0.4066296864,1.159722843,-2.348163775,-1.706198828,-0.413367702,0,1,89,task,60,0,-1610,30,652,0
1,106,152,-1.99039229,-0.4392735381,1.237573781,-2.39169157,-1.706906749,-0.4234896556,0,1,90,task,60,0,-1610,30,652,0
1,106,153,-2.000911193,-0.4699344313,1.311555395,-2.433711285,-1.707593129,-0.4341140579,0,1,91,task,60,0,-1610,30,652,0
1,106,154,-2.01195282,-0.4988621309,1.382176537,-2.474343777,-1.708289453,-0.4452673072,0,1,92,task,60,0,-1610,30,652,0
1,106,155,-2.003316226,-0.4624173336,1.294710625,-2.432260713,-1.722739525,-0.4376313426,0,0,,transition,30,0,-1610,30,652,0
1,106,156,-1.994679632,-0.4259725362,1.207244713,-2.39017765,-1.737189597,-0.429995378,0,0,,transition,30,0,-1610,30,652,0
1,106,157,-1.986043038,-0.3895277389,1.119778801,-2.348094586,-1.751639668,-0.4223594135,0,1,93,task,30,0,-1610,30,652,0
1,106,158,-1.977424957,-0.3528950518,1.031598785,-2.294891096,-1.747748896,-0.4132888486,0,1,94,task,60,0,-1610,30,652,0
1,106,159,-1.97085992,-0.3131414217,0.9401221172,-2.24500858,-1.737914455,-0.4059438246,0,1,95,task,60,0,-1610,30,652,0
1,106,160,-1.959489973,-0.2707369458,0.8487227302,-2.207409829,-1.746643469,-0.3950849459,0,1,96,task,60,0,-1610,30,652,0
1,106,161,-1.931726403,-0.3635985925,0.900299678,-2.161937699,-1.734083221,-0.3668645926,0,0,,transition,30,0,-1610,30,652,0
1,106,162,-1.903962834,-0.4564602393,0.9518766259,-2.116465568,-1.721522973,-0.3386442393,0,0,,transition,30,0,-1610,30,652,0
1,106,163,-1.876199264,-0.549321886,1.003453574,-2.070993437,-1.708962725,-0.310423886,0,0,,transition,30,0,-1610,30,652,0
1,106,164,-1.848435695,-0.6421835327,1.055030522,-2.025521307,-1.696402478,-0.2822035328,0,0,,transition,30,0,-1610,30,652,0
1,106,165,-1.820672125,-0.7350451794,1.106607469,-1.980049176,-1.68384223,-0.2539831795,0,0,,transition,30,0,-1610,30,652,0
1,106,166,-1.792908556,-0.8279068262,1.158184417,-1.934577045,-1.671281982,-0.2257628262,0,0,,transition,30,0,-1610,30,652,0
1,106,167,-1.765144986,-0.9207684729,1.209761365,-1.889104915,-1.658721734,-0.1975424729,0,0,,transition,30,0,-1610,30,652,0
1,106,168,-1.737381417,-1.01363012,1.261338313,-1.843632784,-1.646161487,-0.1693221197,0,0,,transition,30,0,-1610,30,652,0
1,106,169,-1.709617847,-1.106491766,1.312915261,-1.798160653,-1.633601239,-0.1411017664,0,0,,transition,30,0,-1610,30,652,0
1,106,170,-1.681854278,-1.199353413,1.364492209,-1.752688523,-1.621040991,-0.1128814131,0,0,,transition,30,0,-1610,30,652,0
1,106,171,-1.654090708,-1.29221506,1.416069156,-1.707216392,-1.608480743,-0.08466105983,0,0,,transition,30,0,-1610,30,652,0
1,106,172,-1.626327139,-1.385076707,1.467646104,-1.661744261,-1.595920496,-0.05644070655,0,0,,transition,30,0,-1610,30,652,0
1,106,173,-1.598563569,-1.477938353,1.519223052,-1.616272131,-1.583360248,-0.02822035328,0,0,,transition,30,0,-1610,30,652,0
1,106,174,-1.5708,-1.5708,1.5708,-1.5708,-1.5708,0,0,0,,home,60,0,-1610,30,652,0
1,107,1,-1.5708,-1.5708,1.5708,-1.5708,-1.5708,0,0,0,,home,60,0,-1610,30,652,0
1,107,2,-1.569566318,-1.477664967,1.518641474,-1.611148121,-1.57179662,0.00123322585,0,0,,transition,30,0,-1610,30,652,0
1,107,3,-1.568332637,-1.384529934,1.466482948,-1.651496242,-1.572793241,0.0024664517,0,0,,transition,30,0,-1610,30,652,0
1,107,4,-1.567098955,-1.291394901,1.414324422,-1.691844363,-1.573789861,0.00369967755,0,0,,transition,30,0,-1610,30,652,0
1,107,5,-1.565865274,-1.198259868,1.362165895,-1.732192484,-1.574786481,0.004932903401,0,0,,transition,30,0,-1610,30,652,0
1,107,6,-1.564631592,-1.105124835,1.310007369,-1.772540605,-1.575783102,0.006166129251,0,0,,transition,30,0,-1610,30,652,0
1,107,7,-1.563397911,-1.011989802,1.257848843,-1.812888725,-1.576779722,0.007399355101,0,0,,transition,30,0,-1610,30,652,0
1,107,8,-1.562164229,-0.9188547687,1.205690317,-1.853236846,-1.577776342,0.008632580951,0,0,,transition,30,0,-1610,30,652,0
1,107,9,-1.560930548,-0.8257197357,1.153531791,-1.893584967,-1.578772963,0.009865806801,0,0,,transition,30,0,-1610,30,652,0
1,107,10,-1.559696866,-0.7325847026,1.101373265,-1.933933088,-1.579769583,0.01109903265,0,0,,transition,30,0,-1610,30,652,0
1,107,11,-1.558463185,-0.6394496696,1.049214738,-1.974281209,-1.580766203,0.0123322585,0,0,,transition,30,0,-1610,30,652,0
1,107,12,-1.557229503,-0.5463146366,0.9970562122,-2.01462933,-1.581762824,0.01356548435,0,0,,transition,30,0,-1610,30,652,0
1,107,13,-1.555995822,-0.4531796035,0.9448976861,-2.054977451,-1.582759444,0.0147987102,0,0,,transition,30,0,-1610,30,652,0
1,107,14,-1.55476214,-0.3600445705,0.8927391599,-2.095325572,-1.583756064,0.01603193605,0,0,,transition,30,0,-1610,30,652,0
1,107,15,-1.553528459,-0.2669095374,0.8405806337,-2.135673693,-1.584752685,0.0172651619,0,1,1,task,60,0,-1610,30,652,0
1,107,16,-1.554046845,-0.2407678918,0.7793916607,-2.100685916,-1.583592215,0.0167465115,0,0,,transition,60,0,-1610,30,652,0
1,107,17,-1.554565232,-0.2146262462,0.7182026877,-2.06569814,-1.582431745,0.0162278611,0,1,2,task,60,0,-1610,30,652,0
1,107,18,-1.55506053,-0.1827673728,0.6448064261,-2.024217674,-1.581270965,0.01573237129,0,0,,transition,60,0,-1610,30,652,0
1,107,19,-1.555555827,-0.1509084994,0.5714101645,-1.982737209,-1.580110184,0.01523688147,0,1,3,task,60,0,-1610,30,652,0
1,107,20,-1.564081386,-0.1266232121,0.5169346345,-1.954573445,-1.590039066,0.006710856797,0,0,,transition,30,0,-1610,30,652,0
1,107,21,-1.572606944,-0.1023379248,0.4624591046,-1.926409682,-1.599967948,-0.001815167881,0,1,4,task,30,0,-1610,30,652,0
1,107,22,-1.572737661,-0.1400594193,0.5482514349,-1.974050992,-1.599562697,-0.001945910186,0,0,,transition,60,0,-1610,30,652,0
1,107,23,-1.572868377,-0.1777809138,0.6340437652,-2.021692303,-1.599157446,-0.00207665249,0,1,5,task,60,0,-1610,30,652,0
1,107,24,-1.573005074,-0.2070502868,0.7016201583,-2.05956976,-1.598752457,-0.002213369233,0,0,,transition,60,0,-1610,30,652,0
1,107,25,-1.57314177,-0.2363196599,0.7691965514,-2.097447217,-1.598347469,-0.002350085975,0,1,6,task,60,0,-1610,30,652,0
1,107,26,-1.573284865,-0.2609846257,0.8269935083,-2.130149604,-1.597942762,-0.002493196491,0,0,,transition,60,0,-1610,30,652,0
1,107,27,-1.573427961,-0.2856495915,0.8847904652,-2.162851992,-1.597538055,-0.002636307007,0,1,7,task,60,0,-1610,30,652,0
1,107,28,-1.597283992,-0.3190251349,0.9595799193,-2.200235221,-1.598431873,-0.02649974472,0,1,8,task,30,0,-1610,30,652,0
1,107,29,-1.597256346,-0.2968248792,0.9076548151,-2.171783232,-1.5974295,-0.02647173797,0,0,,transition,60,0,-1610,30,652,0
1,107,30,-1.5972287,-0.2746246234,0.8557297108,-2.143331243,-1.596427127,-0.02644373122,0,1,9,task,60,0,-1610,30,652,0
1,107,31,-1.596785375,-0.248993751,0.7962815889,-2.110419221,-1.596931055,-0.02600080769,0,0,,transition,60,0,-1610,30,652,0
1,107,32,-1.596342051,-0.2233628786,0.7368334669,-2.077507198,-1.597434983,-0.02555788415,0,1,10,task,60,0,-1610,30,652,0
1,107,33,-1.595848864,-0.1925204039,0.6662068929,-2.038564914,-1.598197009,-0.02506518519,0,0,,transition,60,0,-1610,30,652,0
1,107,34,-1.595355678,-0.1616779292,0.5955803188,-1.999622629,-1.598959035,-0.02457248624,0,1,11,task,60,0,-1610,30,652,0
1,107,35,-1.617883699,-0.12518907,0.5089034895,-1.946842896,-1.59661073,-0.04710502172,0,1,12,task,30,0,-1610,30,652,0
1,107,36,-1.61777411,-0.160339482,0.5894183875,-1.992253745,-1.598966552,-0.04699849818,0,0,,transition,60,0,-1610,30,652,0
1,107,37,-1.617664521,-0.195489894,0.6699332855,-2.037664595,-1.601322374,-0.04689197465,0,1,13,task,60,0,-1610,30,652,0
1,107,38,-1.617549939,-0.2234451475,0.7350108362,-2.074832069,-1.603678184,-0.04678094524,0,0,,transition,60,0,-1610,30,652,0
1,107,39,-1.617435356,-0.2514004009,0.8000883869,-2.111999543,-1.606033993,-0.04666991583,0,1,14,task,60,0,-1610,30,652,0
1,107,40,-1.617184455,-0.2751463482,0.8561411216,-2.144190557,-1.608846794,-0.04642372525,0,0,,transition,60,0,-1610,30,652,0
1,107,41,-1.616933554,-0.2988922954,0.9121938564,-2.17638157,-1.611659595,-0.04617753468,0,1,15,task,60,0,-1610,30,652,0
1,107,42,-1.626115715,-0.3200413422,0.9590471732,-2.201484269,-1.664837875,-0.0555641621,0,1,16,task,30,0,-1610,30,652,0
1,107,43,-1.625473036,-0.2977627956,0.9075723243,-2.174172488,-1.664812785,-0.05491976758,0,0,,transition,60,0,-1610,30,652,0
1,107,44,-1.624830356,-0.275484249,0.8560974755,-2.146860707,-1.664787695,-0.05427537306,0,1,17,task,60,0,-1610,30,652,0
1,107,45,-1.624231483,-0.2502125515,0.7982881937,-2.116369081,-1.66471045,-0.0536743126,0,0,,transition,60,0,-1610,30,652,0
1,107,46,-1.62363261,-0.2249408539,0.7404789119,-2.085877454,-1.664633206,-0.05307325215,0,1,18,task,60,0,-1610,30,652,0
1,107,47,-1.623444697,-0.1967763851,0.6795337911,-2.059319104,-1.663128504,-0.05287683915,0,0,,transition,60,0,-1610,30,652,0
1,107,48,-1.623256783,-0.1686119163,0.6185886703,-2.032760754,-1.661623802,-0.05268042615,0,1,19,task,60,0,-1610,30,652,0
1,107,49,-1.631052746,-0.1503656929,0.5694727636,-1.997645765,-1.714853951,-0.06089210358,0,1,20,task,30,0,-1610,30,652,0
1,107,50,-1.632783987,-0.1819477412,0.6393755841,-2.032492406,-1.711018229,-0.06260564229,0,0,,transition,60,0,-1610,30,652,0
1,107,51,-1.634515229,-0.2135297895,0.7092784046,-2.067339048,-1.707182508,-0.06431918099,0,1,21,task,60,0,-1610,30,652,0
1,107,52,-1.635270951,-0.2401240667,0.7708958577,-2.101702403,-1.707140009,-0.06508117489,0,0,,transition,60,0,-1610,30,652,0
1,107,53,-1.636026674,-0.266718344,0.8325133108,-2.136065759,-1.707097509,-0.06584316878,0,1,22,task,60,0,-1610,30,652,0
1,107,54,-1.636805697,-0.2895721488,0.8849989848,-2.163630531,-1.707099152,-0.06662780063,0,0,,transition,60,0,-1610,30,652,0
1,107,55,-1.63758472,-0.3124259536,0.9374846589,-2.191195303,-1.707100794,-0.06741243249,0,1,23,task,60,0,-1610,30,652,0
1,107,56,-1.646452885,-0.2985322679,0.9031942743,-2.177781781,-1.757490627,-0.07699605917,0,1,24,task,30,0,-1610,30,652,0
1,107,57,-1.645381201,-0.2742164554,0.8464504308,-2.14579648,-1.758210025,-0.07591612329,0,0,,transition,60,0,-1610,30,652,0
1,107,58,-1.644309518,-0.2499006429,0.7897065872,-2.113811178,-1.758929423,-0.0748361874,0,1,25,task,60,0,-1610,30,652,0
1,107,59,-1.643285816,-0.2213186973,0.7239138722,-2.077049345,-1.759650938,-0.07380454996,0,0,,transition,60,0,-1610,30,652,0
1,107,60,-1.642262115,-0.1927367517,0.6581211571,-2.040287513,-1.760372452,-0.07277291253,0,1,26,task,60,0,-1610,30,652,0
1,107,61,-1.645526311,-0.1610830595,0.5870245812,-2.005152621,-1.744921948,-0.0758828609,0,0,,transition,30,0,-1610,30,652,0
1,107,62,-1.648790508,-0.1294293674,0.5159280052,-1.97001773,-1.729471443,-0.07899280928,0,1,27,task,30,0,-1610,30,652,0
1,107,63,-1.64359114,-0.2255207429,0.5862528049,-1.943403215,-1.718893347,-0.07372662199,0,0,,transition,30,0,-1610,30,652,0
1,107,64,-1.638391773,-0.3216121184,0.6565776045,-1.916788699,-1.708315251,-0.06846043471,0,0,,transition,30,0,-1610,30,652,0
1,107,65,-1.633192406,-0.4177034939,0.7269024042,-1.890174184,-1.697737155,-0.06319424742,0,0,,transition,30,0,-1610,30,652,0
1,107,66,-1.627993039,-0.5137948694,0.7972272038,-1.863559669,-1.687159058,-0.05792806014,0,0,,transition,30,0,-1610,30,652,0
1,107,67,-1.622793672,-0.6098862449,0.8675520035,-1.836945153,-1.676580962,-0.05266187285,0,0,,transition,30,0,-1610,30,652,0
1,107,68,-1.617594305,-0.7059776204,0.9378768031,-1.810330638,-1.666002866,-0.04739568557,0,0,,transition,30,0,-1610,30,652,0
1,107,69,-1.612394937,-0.8020689959,1.008201603,-1.783716123,-1.65542477,-0.04212949828,0,0,,transition,30,0,-1610,30,652,0
1,107,70,-1.60719557,-0.8981603715,1.078526402,-1.757101607,-1.644846673,-0.036863311,0,0,,transition,30,0,-1610,30,652,0
1,107,71,-1.601996203,-0.994251747,1.148851202,-1.730487092,-1.634268577,-0.03159712371,0,0,,transition,30,0,-1610,30,652,0
1,107,72,-1.596796836,-1.090343122,1.219176002,-1.703872577,-1.623690481,-0.02633093643,0,0,,transition,30,0,-1610,30,652,0
1,107,73,-1.591597469,-1.186434498,1.289500801,-1.677258061,-1.613112385,-0.02106474914,0,0,,transition,30,0,-1610,30,652,0
1,107,74,-1.586398102,-1.282525873,1.359825601,-1.650643546,-1.602534289,-0.01579856186,0,0,,transition,30,0,-1610,30,652,0
1,107,75,-1.581198734,-1.378617249,1.430150401,-1.624029031,-1.591956192,-0.01053237457,0,0,,transition,30,0,-1610,30,652,0
1,107,76,-1.575999367,-1.474708624,1.5004752,-1.597414515,-1.581378096,-0.005266187285,0,0,,transition,30,0,-1610,30,652,0
1,107,77,-1.5708,-1.5708,1.5708,-1.5708,-1.5708,0,0,0,,home,60,0,-1610,30,652,0
2,119,1,-1.5708,-1.5708,1.5708,-1.5708,-1.5708,0,0,0,,home,60,0,1610,30,652,0
2,119,2,-1.579219936,-1.474294173,1.523177277,-1.619077531,-1.572451418,-0.008422021898,0,0,,transition,30,0,1610,30,652,0
2,119,3,-1.587639872,-1.377788346,1.475554554,-1.667355061,-1.574102836,-0.0168440438,0,0,,transition,30,0,1610,30,652,0
2,119,4,-1.596059808,-1.281282519,1.427931831,-1.715632592,-1.575754254,-0.02526606569,0,0,,transition,30,0,1610,30,652,0
2,119,5,-1.604479744,-1.184776692,1.380309108,-1.763910122,-1.577405672,-0.03368808759,0,0,,transition,30,0,1610,30,652,0
2,119,6,-1.61289968,-1.088270865,1.332686385,-1.812187653,-1.57905709,-0.04211010949,0,0,,transition,30,0,1610,30,652,0
2,119,7,-1.621319616,-0.9917650376,1.285063662,-1.860465183,-1.580708508,-0.05053213139,0,0,,transition,30,0,1610,30,652,0
2,119,8,-1.629739552,-0.8952592106,1.237440939,-1.908742714,-1.582359926,-0.05895415329,0,0,,transition,30,0,1610,30,652,0
2,119,9,-1.638159488,-0.7987533835,1.189818216,-1.957020244,-1.584011344,-0.06737617518,0,0,,transition,30,0,1610,30,652,0
2,119,10,-1.646579424,-0.7022475565,1.142195493,-2.005297775,-1.585662762,-0.07579819708,0,0,,transition,30,0,1610,30,652,0
2,119,11,-1.65499936,-0.6057417294,1.09457277,-2.053575305,-1.587314181,-0.08422021898,0,0,,transition,30,0,1610,30,652,0
2,119,12,-1.663419296,-0.5092359024,1.046950047,-2.101852836,-1.588965599,-0.09264224088,0,0,,transition,30,0,1610,30,652,0
2,119,13,-1.671839232,-0.4127300753,0.9993273242,-2.150130366,-1.590617017,-0.1010642628,0,0,,transition,30,0,1610,30,652,0
2,119,14,-1.680259168,-0.3162242482,0.9517046012,-2.198407897,-1.592268435,-0.1094862847,0,1,1,task,60,0,1610,30,652,0
2,119,15,-1.679007944,-0.2936483651,0.8984122501,-2.168496346,-1.592160163,-0.1082354223,0,0,,transition,60,0,1610,30,652,0
2,119,16,-1.67775672,-0.2710724819,0.8451198989,-2.138584796,-1.592051891,-0.1069845599,0,1,2,task,60,0,1610,30,652,0
2,119,17,-1.676546209,-0.2452073166,0.7846526903,-2.104782168,-1.592003542,-0.1057743691,0,0,,transition,60,0,1610,30,652,0
2,119,18,-1.675335697,-0.2193421512,0.7241854816,-2.070979539,-1.591955193,-0.1045641783,0,1,3,task,60,0,1610,30,652,0
2,119,19,-1.674178339,-0.1879916225,0.6520127592,-2.030958094,-1.59191094,-0.1034069963,0,0,,transition,60,0,1610,30,652,0
2,119,20,-1.673020981,-0.1566410937,0.5798400369,-1.990936649,-1.591866687,-0.1022498142,0,1,4,task,60,0,1610,30,652,0
2,119,21,-1.662516213,-0.1785617361,0.6309057493,-2.01954674,-1.59184036,-0.09174265285,0,0,,transition,30,0,1610,30,652,0
2,119,22,-1.652011445,-0.2004823784,0.6819714617,-2.048156832,-1.591814033,-0.08123549147,0,1,5,task,30,0,1610,30,652,0
2,119,23,-1.652947612,-0.2277131,0.7452383047,-2.083249382,-1.591844743,-0.08217136409,0,0,,transition,60,0,1610,30,652,0
2,119,24,-1.653883779,-0.2549438215,0.8085051477,-2.118341932,-1.591875454,-0.08310723671,0,1,6,task,60,0,1610,30,652,0
2,119,25,-1.654863508,-0.2782814145,0.8635552161,-2.149111874,-1.591910078,-0.08408650709,0,0,,transition,60,0,1610,30,652,0
2,119,26,-1.655843238,-0.3016190075,0.9186052845,-2.179881816,-1.591944702,-0.08506577747,0,1,7,task,60,0,1610,30,652,0
2,119,27,-1.63239642,-0.3081954847,0.934815484,-2.18850037,-1.591874129,-0.06161437565,0,1,8,task,30,0,1610,30,652,0
2,119,28,-1.631696517,-0.285303891,0.8810588426,-2.158786458,-1.591803444,-0.06091489544,0,0,,transition,60,0,1610,30,652,0
2,119,29,-1.630996615,-0.2624122973,0.8273022011,-2.129072547,-1.591732759,-0.06021541524,0,1,9,task,60,0,1610,30,652,0
2,119,30,-1.630311624,-0.2360385607,0.7659986716,-2.095284409,-1.591724031,-0.05953073597,0,0,,transition,60,0,1610,30,652,0
2,119,31,-1.629626632,-0.2096648241,0.7046951421,-2.06149627,-1.591715303,-0.05884605671,0,1,10,task,60,0,1610,30,652,0
2,119,32,-1.628971402,-0.177433838,0.6308557249,-2.021030138,-1.591709783,-0.05819097459,0,0,,transition,60,0,1610,30,652,0
2,119,33,-1.628316172,-0.145202852,0.5570163078,-1.980564005,-1.591704263,-0.05753589247,0,1,11,task,60,0,1610,30,652,0
2,119,34,-1.617521802,-0.1711876389,0.6173421662,-2.014228075,-1.591670999,-0.04673913144,0,0,,transition,30,0,1610,30,652,0
2,119,35,-1.606727433,-0.1971724258,0.6776680246,-2.047892145,-1.591637736,-0.03594237042,0,1,12,task,30,0,1610,30,652,0
2,119,36,-1.607152512,-0.2243552498,0.7404744215,-2.082080475,-1.591612564,-0.03636722801,0,0,,transition,60,0,1610,30,652,0
2,119,37,-1.607577592,-0.2515380738,0.8032808184,-2.116268806,-1.591587392,-0.0367920856,0,1,13,task,60,0,1610,30,652,0
2,119,38,-1.608014423,-0.2749028986,0.8579288121,-2.146111749,-1.591591829,-0.03722854596,0,0,,transition,60,0,1610,30,652,0
2,119,39,-1.608451254,-0.2982677233,0.9125768058,-2.175954692,-1.591596265,-0.03766500633,0,1,14,task,60,0,1610,30,652,0
2,119,40,-1.584714776,-0.2958141716,0.9074966727,-2.172502911,-1.591437611,-0.01392446884,0,1,15,task,30,0,1610,30,652,0
2,119,41,-1.584549405,-0.2724376323,0.8532788976,-2.143595188,-1.591450322,-0.01375928686,0,0,,transition,60,0,1610,30,652,0
2,119,42,-1.584384034,-0.2490610931,0.7990611224,-2.114687464,-1.591463032,-0.01359410489,0,1,16,task,60,0,1610,30,652,0
2,119,43,-1.584207836,-0.2219411034,0.736754208,-2.081419547,-1.591542703,-0.01341800169,0,0,,transition,60,0,1610,30,652,0
2,119,44,-1.584031638,-0.1948211138,0.6744472935,-2.048151629,-1.591622373,-0.0132418985,0,1,17,task,60,0,1610,30,652,0
2,119,45,-1.583862899,-0.1612668474,0.5983063731,-2.007484094,-1.591703387,-0.01307315478,0,0,,transition,60,0,1610,30,652,0
2,119,46,-1.583694161,-0.127712581,0.5221654526,-1.96681656,-1.5917844,-0.01290441107,0,1,18,task,60,0,1610,30,652,0
2,119,47,-1.561392459,-0.122363842,0.5146255886,-1.969473469,-1.592158042,0.009402080459,0,1,19,task,30,0,1610,30,652,0
2,119,48,-1.561336594,-0.1558850547,0.5900000209,-2.008449356,-1.591971986,0.009458011719,0,0,,transition,60,0,1610,30,652,0
2,119,49,-1.561280729,-0.1894062674,0.6653744531,-2.047425244,-1.591785929,0.009513942979,0,1,20,task,60,0,1610,30,652,0
2,119,50,-1.561222487,-0.2165416666,0.7269844844,-2.079022545,-1.591599215,0.009572094695,0,0,,transition,60,0,1610,30,652,0
2,119,51,-1.561164244,-0.2436770658,0.7885945156,-2.110619847,-1.591412501,0.009630246411,0,1,21,task,60,0,1610,30,652,0
2,119,52,-1.561070314,-0.2671178766,0.8421467629,-2.137825193,-1.591341038,0.009723948397,0,0,,transition,60,0,1610,30,652,0
2,119,53,-1.560976383,-0.2905586874,0.8956990102,-2.16503054,-1.591269575,0.009817650383,0,1,22,task,60,0,1610,30,652,0
2,119,54,-1.537421119,-0.2786261411,0.8686397513,-2.149564293,-1.590986753,0.03337636239,0,1,23,task,30,0,1610,30,652,0
2,119,55,-1.537692673,-0.2552024606,0.8172763831,-2.127372673,-1.591394653,0.0331059739,0,0,,transition,60,0,1610,30,652,0
2,119,56,-1.537964227,-0.2317787801,0.7659130149,-2.105181052,-1.591802552,0.03283558542,0,1,24,task,60,0,1610,30,652,0
2,119,57,-1.538244279,-0.2041049438,0.7038479701,-2.074594795,-1.592135238,0.03255513002,0,0,,transition,60,0,1610,30,652,0
2,119,58,-1.538524332,-0.1764311075,0.6417829253,-2.044008538,-1.592467924,0.03227467462,0,1,25,task,60,0,1610,30,652,0
2,119,59,-1.531544614,-0.1425673627,0.5643549031,-2.000853197,-1.578269374,0.03925095899,0,0,,transition,30,0,1610,30,652,0
2,119,60,-1.524564897,-0.1087036179,0.4869268808,-1.957697856,-1.564070825,0.04622724335,0,1,26,task,30,0,1610,30,652,0
2,119,61,-1.523724512,-0.1443792353,0.5691054312,-2.004117248,-1.565240889,0.04706731581,0,0,,transition,60,0,1610,30,652,0
2,119,62,-1.522884126,-0.1800548527,0.6512839816,-2.05053664,-1.566410953,0.04790738827,0,1,27,task,60,0,1610,30,652,0
2,119,63,-1.522005112,-0.2080540258,0.716982574,-2.088148678,-1.567581034,0.04878620252,0,0,,transition,60,0,1610,30,652,0
2,119,64,-1.521126099,-0.236053199,0.7826811663,-2.125760716,-1.568751115,0.04966501677,0,1,28,task,60,0,1610,30,652,0
2,119,65,-1.518559342,-0.2772750806,0.8553153737,-2.12310629,-1.573652486,0.05221635592,0,1,29,task,60,0,1610,30,652,0
2,119,66,-1.518266198,-0.2998996354,0.9084916084,-2.153618638,-1.572490489,0.05250916993,0,0,,transition,60,0,1610,30,652,0
2,119,67,-1.517973055,-0.3225241901,0.961667843,-2.184130987,-1.571328492,0.05280198393,0,1,30,task,60,0,1610,30,652,0
2,119,68,-1.517358027,-0.3629695594,1.058121718,-2.2400636,-1.569003642,0.05341661875,0,1,31,task,60,0,1610,30,652,0
2,119,69,-1.51671209,-0.399742587,1.147189739,-2.292285678,-1.566677881,0.05406243797,0,1,32,task,60,0,1610,30,652,0
2,119,70,-1.516032854,-0.4335627358,1.230489501,-2.341695584,-1.564351151,0.05474184288,0,1,33,task,60,0,1610,30,652,0
2,119,71,-1.515317674,-0.4649161654,1.30913483,-2.38892124,-1.562023384,0.05545748782,0,1,34,task,60,0,1610,30,652,0
2,119,72,-1.514563622,-0.4941448371,1.383931386,-2.434426628,-1.559694506,0.05621231438,0,1,35,task,60,0,1610,30,652,0
2,119,73,-1.513767444,-0.52149534,1.455484322,-2.478570626,-1.557364436,0.05700959123,0,1,36,task,60,0,1610,30,652,0
2,119,74,-1.488449578,-0.5096140498,1.422532759,-2.458216716,-1.550831469,0.08232928529,0,1,37,task,30,0,1610,30,652,0
2,119,75,-1.49087661,-0.4817189731,1.350523725,-2.414370157,-1.550243251,0.07990418506,0,1,38,task,60,0,1610,30,652,0
2,119,76,-1.493177905,-0.4518839321,1.275060807,-2.369009334,-1.549650483,0.07760474096,0,1,39,task,60,0,1610,30,652,0
2,119,77,-1.495362912,-0.4198319506,1.195481839,-2.32174907,-1.549053508,0.07542151212,0,1,40,task,60,0,1610,30,652,0
2,119,78,-1.497440159,-0.3851772783,1.110893509,-2.272081815,-1.548452639,0.07334597306,0,1,41,task,60,0,1610,30,652,0
2,119,79,-1.49986367,-0.3476137384,1.021341595,-2.221359866,-1.546337151,0.07092830893,0,1,42,task,60,0,1610,30,652,0
2,119,80,-1.504183628,-0.3077788235,0.9317427099,-2.178638904,-1.537246724,0.06663543706,0,1,43,task,60,0,1610,30,652,0
2,119,81,-1.506996339,-0.2640192359,0.834941875,-2.134700548,-1.532794642,0.06383973116,0,1,44,task,60,0,1610,30,652,0
2,119,82,-1.506699666,-0.2392950908,0.7811737252,-2.111572875,-1.536519753,0.06412967923,0,0,,transition,60,0,1610,30,652,0
2,119,83,-1.506402994,-0.2145709457,0.7274055754,-2.088445203,-1.540244864,0.0644196273,0,1,45,task,60,0,1610,30,652,0
2,119,84,-1.507007299,-0.1838402039,0.6561735104,-2.048331358,-1.540675201,0.06381413058,0,0,,transition,60,0,1610,30,652,0
2,119,85,-1.507611605,-0.1531094621,0.5849414454,-2.008217513,-1.541105537,0.06320863385,0,1,46,task,60,0,1610,30,652,0
2,119,86,-1.497009586,-0.1198165499,0.5083181956,-1.965384277,-1.541371806,0.07381455119,0,0,,transition,30,0,1610,30,652,0
2,119,87,-1.486407567,-0.08652363763,0.4316949458,-1.922551042,-1.541638076,0.08442046853,0,1,47,task,30,0,1610,30,652,0
2,119,88,-1.485770042,-0.1252571402,0.5195563617,-1.970579599,-1.54049412,0.08506154052,0,0,,transition,60,0,1610,30,652,0
2,119,89,-1.485132517,-0.1639906428,0.6074177775,-2.018608157,-1.539350164,0.0857026125,0,1,48,task,60,0,1610,30,652,0
2,119,90,-1.484791335,-0.1934292174,0.6738544249,-2.053092159,-1.537029241,0.0860505074,0,0,,transition,60,0,1610,30,652,0
2,119,91,-1.484450153,-0.222867792,0.7402910722,-2.087576161,-1.534708318,0.0863984023,0,1,49,task,60,0,1610,30,652,0
2,119,92,-1.483720461,-0.2475472494,0.7958787605,-2.115333246,-1.533705566,0.08712982891,0,0,,transition,60,0,1610,30,652,0
2,119,93,-1.482990768,-0.2722267068,0.8514664488,-2.143090331,-1.532702814,0.08786125553,0,1,50,task,60,0,1610,30,652,0
2,119,94,-1.480400342,-0.3157932694,0.9512215703,-2.194330429,-1.534364259,0.09044218177,0,1,51,task,60,0,1610,30,652,0
2,119,95,-1.477204565,-0.355201404,1.042613275,-2.242143126,-1.537642637,0.09362262367,0,1,52,task,60,0,1610,30,652,0
2,119,96,-1.473020802,-0.391178198,1.125961212,-2.284496793,-1.543651316,0.09778060666,0,1,53,task,60,0,1610,30,652,0
2,119,97,-1.469537303,-0.4248486691,1.207119819,-2.329912138,-1.54672501,0.1012518153,0,1,54,task,60,0,1610,30,652,0
2,119,98,-1.466283748,-0.4562982606,1.284801453,-2.375160282,-1.548508227,0.1044985664,0,1,55,task,60,0,1610,30,652,0
2,119,99,-1.46295298,-0.4856690235,1.358803201,-2.419050214,-1.549993992,0.1078236762,0,1,56,task,60,0,1610,30,652,0
2,119,100,-1.461015467,-0.5137633323,1.428123971,-2.456957036,-1.546809566,0.1097570569,0,1,57,task,60,0,1610,30,652,0
2,119,101,-1.450860944,-0.4986933482,1.385174108,-2.43056355,-1.498842355,0.1201698781,0,1,58,task,30,0,1610,30,652,0
2,119,102,-1.454038286,-0.4695727816,1.316723241,-2.396971815,-1.498915299,0.1170079896,0,1,59,task,60,0,1610,30,652,0
2,119,103,-1.456955153,-0.4389674436,1.241782121,-2.354709158,-1.49931091,0.1140889041,0,1,60,task,60,0,1610,30,652,0
2,119,104,-1.460218532,-0.4063454102,1.165259718,-2.315486397,-1.498092597,0.1108410222,0,1,61,task,60,0,1610,30,652,0
2,119,105,-1.466628985,-0.3722773137,1.087391424,-2.278020771,-1.485801512,0.1045280345,0,1,62,task,60,0,1610,30,652,0
2,119,106,-1.465281982,-0.3331090447,0.9915803222,-2.220190919,-1.499084708,0.105769153,0,1,63,task,60,0,1610,30,652,0
2,119,107,-1.4623334,-0.2899177557,0.8916869631,-2.167643981,-1.518195669,0.108604098,0,1,64,task,30,0,1610,30,652,0
2,119,108,-1.462261255,-0.2654995147,0.8343917836,-2.134936332,-1.522954669,0.1086521919,0,0,,transition,60,0,1610,30,652,0
2,119,109,-1.462189109,-0.2410812737,0.7770966041,-2.102228683,-1.527713668,0.1087002859,0,1,65,task,60,0,1610,30,652,0
2,119,110,-1.462414375,-0.2132695618,0.7143725175,-2.069868556,-1.531389609,0.1084610784,0,0,,transition,60,0,1610,30,652,0
2,119,111,-1.462639641,-0.1854578499,0.651648431,-2.037508429,-1.53506555,0.108221871,0,1,66,task,60,0,1610,30,652,0
2,119,112,-1.463413614,-0.1505994715,0.5729132674,-1.995252933,-1.536644832,0.1074419226,0,0,,transition,60,0,1610,30,652,0
2,119,113,-1.464187588,-0.1157410932,0.4941781037,-1.952997437,-1.538224113,0.1066619742,0,1,67,task,60,0,1610,30,652,0
2,119,114,-1.461253861,-0.09223563152,0.4415380451,-1.928609901,-1.510067154,0.1097909703,0,0,,transition,30,0,1610,30,652,0
2,119,115,-1.458320133,-0.06873016988,0.3888979865,-1.904222366,-1.481910195,0.1129199664,0,1,68,task,30,0,1610,30,652,0
2,119,116,-1.457198324,-0.1072004907,0.4713091539,-1.940832501,-1.481423406,0.1140476191,0,0,,transition,60,0,1610,30,652,0
2,119,117,-1.456076515,-0.1456708116,0.5537203213,-1.977442636,-1.480936616,0.1151752718,0,1,69,task,60,0,1610,30,652,0
2,119,118,-1.45454721,-0.1792010075,0.633890507,-2.028444016,-1.481749038,0.1167059285,0,0,,transition,60,0,1610,30,652,0
2,119,119,-1.453017905,-0.2127312033,0.7140606927,-2.079445396,-1.482561461,0.1182365852,0,1,70,task,60,0,1610,30,652,0
2,119,120,-1.452393503,-0.2385083302,0.7735244922,-2.111887826,-1.479892988,0.118891756,0,0,,transition,60,0,1610,30,652,0
2,119,121,-1.451769101,-0.264285457,0.8329882917,-2.144330256,-1.477224515,0.1195469269,0,1,71,task,60,0,1610,30,652,0
2,119,122,-1.44937676,-0.3075154889,0.9251899672,-2.180235905,-1.475687366,0.121946281,0,1,72,task,60,0,1610,30,652,0
2,119,123,-1.44528973,-0.347046717,1.011063215,-2.216104243,-1.479547356,0.1259731825,0,1,73,task,60,0,1610,30,652,0
2,119,124,-1.44172779,-0.3851246478,1.110065952,-2.28605685,-1.480948156,0.129561489,0,1,74,task,60,0,1610,30,652,0
2,119,125,-1.440263515,-0.419435485,1.187941972,-2.322238902,-1.474990278,0.1310770996,0,1,75,task,60,0,1610,30,652,0
2,119,126,-1.442108167,-0.4522631823,1.27029833,-2.37255179,-1.458281964,0.1294471014,0,1,76,task,60,0,1610,30,652,0
2,119,127,-1.446516088,-0.4833440083,1.345089743,-2.411497147,-1.433938018,0.1253653208,0,1,77,task,30,0,1610,30,652,0
2,119,128,-1.419072569,-0.4866805552,1.339254443,-2.40137797,-1.433157737,0.1530399022,0,1,78,task,30,0,1610,30,652,0
2,119,129,-1.422905945,-0.4564266415,1.270198155,-2.369045685,-1.433582358,0.1492049442,0,1,79,task,60,0,1610,30,652,0
2,119,130,-1.426623179,-0.424541855,1.194365177,-2.327940243,-1.433779769,0.1454667793,0,1,80,task,60,0,1610,30,652,0
2,119,131,-1.430160655,-0.3905606227,1.116377731,-2.289341123,-1.433965697,0.1419180213,0,1,81,task,60,0,1610,30,652,0
2,119,132,-1.433541736,-0.3539478662,1.030948105,-2.243862112,-1.434117956,0.1385157035,0,1,82,task,60,0,1610,30,652,0
2,119,133,-1.436764554,-0.3141061838,0.9394731749,-2.196537288,-1.434271248,0.1352730704,0,1,83,task,60,0,1610,30,652,0
2,119,134,-1.438297661,-0.2919670521,0.8886086599,-2.169553704,-1.434366482,0.1337279831,0,0,,transition,60,0,1610,30,652,0
2,119,135,-1.439830767,-0.2698279204,0.8377441449,-2.14257012,-1.434461717,0.1321828958,0,1,84,task,60,0,1610,30,652,0
2,119,136,-1.441290468,-0.2446180393,0.7803819361,-2.112302058,-1.434575119,0.1307106749,0,0,,transition,60,0,1610,30,652,0
2,119,137,-1.442750169,-0.2194081582,0.7230197273,-2.082033996,-1.434688521,0.1292384539,0,1,85,task,60,0,1610,30,652,0
2,119,138,-1.444169608,-0.188883734,0.6533136981,-2.043662257,-1.434714503,0.127806305,0,0,,transition,60,0,1610,30,652,0
2,119,139,-1.445589048,-0.1583593097,0.5836076689,-2.005290517,-1.434740485,0.126374156,0,1,86,task,60,0,1610,30,652,0
2,119,140,-1.447769994,-0.1197423096,0.4982275871,-1.961552784,-1.431612673,0.1242281725,0,0,,transition,60,0,1610,30,652,0
2,119,141,-1.44995094,-0.08112530941,0.4128475053,-1.91781505,-1.428484861,0.1220821891,0,1,87,task,60,0,1610,30,652,0
2,119,142,-1.439184148,-0.1025214287,0.4552763496,-1.940744636,-1.38238781,0.1339900057,0,1,88,task,30,0,1610,30,652,0
2,119,143,-1.438660937,-0.1397424978,0.5392043684,-1.98611685,-1.378810707,0.1346147741,0,0,,transition,60,0,1610,30,652,0
2,119,144,-1.438137726,-0.1769635669,0.6231323873,-2.031489064,-1.375233603,0.1352395426,0,1,89,task,60,0,1610,30,652,0
2,119,145,-1.43665904,-0.2060563344,0.6900181445,-2.069125955,-1.375091458,0.1367505153,0,0,,transition,60,0,1610,30,652,0
2,119,146,-1.435180353,-0.235149102,0.7569039016,-2.106762846,-1.374949312,0.138261488,0,1,90,task,60,0,1610,30,652,0
2,119,147,-1.433633966,-0.2596375932,0.8139823907,-2.139211116,-1.374806317,0.1398416348,0,0,,transition,60,0,1610,30,652,0
2,119,148,-1.432087579,-0.2841260845,0.8710608798,-2.171659386,-1.374663322,0.1414217816,0,1,91,task,60,0,1610,30,652,0
2,119,149,-1.430468807,-0.3055894477,0.9217999833,-2.200808771,-1.374519489,0.1430758908,0,0,,transition,60,0,1610,30,652,0
2,119,150,-1.428850036,-0.3270528109,0.9725390869,-2.229958157,-1.374375656,0.14473,0,1,92,task,60,0,1610,30,652,0
2,119,151,-1.422424215,-0.3649764897,1.059038573,-2.274182737,-1.384538952,0.1509738083,0,1,93,task,60,0,1610,30,652,0
2,119,152,-1.42621465,-0.4008159073,1.12851618,-2.284958705,-1.359349626,0.1477497441,0,1,94,task,30,0,1610,30,652,0
2,119,153,-1.426665696,-0.4042706239,1.136621943,-2.289077647,-1.356658264,0.1473694216,0,1,95,task,60,0,1610,30,652,0
2,119,154,-1.438676888,-0.5014814052,1.172803448,-2.229221177,-1.374503409,0.1350886365,0,0,,transition,30,0,1610,30,652,0
2,119,155,-1.45068808,-0.5986921866,1.208984952,-2.169364706,-1.392348554,0.1228078513,0,0,,transition,30,0,1610,30,652,0
2,119,156,-1.462699272,-0.6959029679,1.245166457,-2.109508236,-1.410193698,0.1105270662,0,0,,transition,30,0,1610,30,652,0
2,119,157,-1.474710464,-0.7931137492,1.281347962,-2.049651765,-1.428038843,0.09824628107,0,0,,transition,30,0,1610,30,652,0
2,119,158,-1.486721656,-0.8903245306,1.317529467,-1.989795294,-1.445883988,0.08596549593,0,0,,transition,30,0,1610,30,652,0
2,119,159,-1.498732848,-0.9875353119,1.353710971,-1.929938824,-1.463729132,0.0736847108,0,0,,transition,30,0,1610,30,652,0
2,119,160,-1.51074404,-1.084746093,1.389892476,-1.870082353,-1.481574277,0.06140392567,0,0,,transition,30,0,1610,30,652,0
2,119,161,-1.522755232,-1.181956875,1.426073981,-1.810225882,-1.499419421,0.04912314053,0,0,,transition,30,0,1610,30,652,0
2,119,162,-1.534766424,-1.279167656,1.462255486,-1.750369412,-1.517264566,0.0368423554,0,0,,transition,30,0,1610,30,652,0
2,119,163,-1.546777616,-1.376378437,1.49843699,-1.690512941,-1.535109711,0.02456157027,0,0,,transition,30,0,1610,30,652,0
2,119,164,-1.558788808,-1.473589219,1.534618495,-1.630656471,-1.552954855,0.01228078513,0,0,,transition,30,0,1610,30,652,0
2,119,165,-1.5708,-1.5708,1.5708,-1.5708,-1.5708,0,0,0,,home,60,0,1610,30,652,0
2,120,1,-1.5708,-1.5708,1.5708,-1.5708,-1.5708,0,0,0,,home,60,0,1610,30,652,0
2,120,2,-1.583551016,-1.508814911,1.606296002,-1.666033075,-1.578049847,-0.01279625386,0,0,,transition,30,0,1610,30,652,0
2,120,3,-1.596302033,-1.446829821,1.641792004,-1.761266149,-1.585299695,-0.02559250772,0,0,,transition,30,0,1610,30,652,0
2,120,4,-1.609053049,-1.384844732,1.677288007,-1.856499224,-1.592549542,-0.03838876159,0,0,,transition,30,0,1610,30,652,0
2,120,5,-1.621804065,-1.322859642,1.712784009,-1.951732298,-1.599799389,-0.05118501545,0,0,,transition,30,0,1610,30,652,0
2,120,6,-1.634555081,-1.260874553,1.748280011,-2.046965373,-1.607049237,-0.06398126931,0,0,,transition,30,0,1610,30,652,0
2,120,7,-1.647306098,-1.198889463,1.783776013,-2.142198448,-1.614299084,-0.07677752317,0,0,,transition,30,0,1610,30,652,0
2,120,8,-1.660057114,-1.136904374,1.819272015,-2.237431522,-1.621548931,-0.08957377703,0,0,,transition,30,0,1610,30,652,0
2,120,9,-1.67280813,-1.074919285,1.854768017,-2.332664597,-1.628798779,-0.1023700309,0,0,,transition,30,0,1610,30,652,0
2,120,10,-1.685559146,-1.012934195,1.89026402,-2.427897671,-1.636048626,-0.1151662848,0,0,,transition,30,0,1610,30,652,0
2,120,11,-1.698310163,-0.9509491057,1.925760022,-2.523130746,-1.643298473,-0.1279625386,0,0,,transition,30,0,1610,30,652,0
2,120,12,-1.711061179,-0.8889640163,1.961256024,-2.618363821,-1.650548321,-0.1407587925,0,0,,transition,30,0,1610,30,652,0
2,120,13,-1.723812195,-0.8269789268,1.996752026,-2.713596895,-1.657798168,-0.1535550463,0,0,,transition,30,0,1610,30,652,0
2,120,14,-1.736563211,-0.7649938374,2.032248028,-2.80882997,-1.665048015,-0.1663513002,0,1,1,task,60,0,1610,30,652,0
2,120,15,-1.730613076,-0.7478157606,1.975009612,-2.768245665,-1.664756643,-0.160375922,0,1,2,task,60,0,1610,30,652,0
2,120,16,-1.724256456,-0.7277766813,1.919941235,-2.737921968,-1.666433122,-0.1540538109,0,1,3,task,60,0,1610,30,652,0
2,120,17,-1.718250166,-0.7071989872,1.863863402,-2.707071297,-1.668309613,-0.14807804,0,1,4,task,60,0,1610,30,652,0
2,120,18,-1.713460082,-0.6876981952,1.805136207,-2.669600911,-1.668109641,-0.1432753896,0,1,5,task,60,0,1610,30,652,0
2,120,19,-1.70902018,-0.6670986305,1.744999096,-2.63166537,-1.667796159,-0.1388210103,0,1,6,task,60,0,1610,30,652,0
2,120,20,-1.704848301,-0.6452520313,1.683382394,-2.593525595,-1.667502952,-0.1346352576,0,1,7,task,60,0,1610,30,652,0
2,120,21,-1.700920776,-0.6221270112,1.62009361,-2.55501786,-1.667228399,-0.1306943837,0,1,8,task,60,0,1610,30,652,0
2,120,22,-1.697216654,-0.5976686992,1.554905796,-2.515967782,-1.666971045,-0.1269773717,0,1,9,task,60,0,1610,30,652,0
2,120,23,-1.693717322,-0.5717952348,1.487547221,-2.47618345,-1.666729581,-0.1234655528,0,1,10,task,60,0,1610,30,652,0
2,120,24,-1.690406189,-0.5443921394,1.417686912,-2.435446562,-1.666502828,-0.1201422857,0,1,11,task,60,0,1610,30,652,0
2,120,25,-1.687268414,-0.5153035768,1.344913807,-2.393500278,-1.666289719,-0.1169926877,0,1,12,task,60,0,1610,30,652,0
2,120,26,-1.684290682,-0.4843187648,1.268705627,-2.350031667,-1.66608929,-0.1140034079,0,1,13,task,60,0,1610,30,652,0
2,120,27,-1.681461012,-0.4511503631,1.188380478,-2.304644884,-1.665900661,-0.1111624341,0,1,14,task,60,0,1610,30,652,0
2,120,28,-1.678768594,-0.4153987161,1.10301773,-2.256817798,-1.665723035,-0.1084589285,0,1,15,task,60,0,1610,30,652,0
2,120,29,-1.676203649,-0.3764892351,1.011320328,-2.205826899,-1.665555684,-0.1058830878,0,1,16,task,60,0,1610,30,652,0
2,120,30,-1.673757306,-0.3335538156,0.9113547982,-2.150605876,-1.665397941,-0.1034260213,0,1,17,task,60,0,1610,30,652,0
2,120,31,-1.672589404,-0.3093670234,0.8556786116,-2.12002663,-1.665323569,-0.1022528346,0,0,,transition,60,0,1610,30,652,0
2,120,32,-1.671421503,-0.2851802312,0.8000024249,-2.089447385,-1.665249198,-0.1010796479,0,1,18,task,60,0,1610,30,652,0
2,120,33,-1.670305198,-0.2569845483,0.7357984647,-2.054354475,-1.665179046,-0.09995812649,0,0,,transition,60,0,1610,30,652,0
2,120,34,-1.669188893,-0.2287888654,0.6715945045,-2.019261565,-1.665108894,-0.09883660502,0,1,19,task,60,0,1610,30,652,0
2,120,35,-1.64672687,-0.2074605029,0.6368806356,-2.007230593,-1.663464845,-0.07626240406,0,1,20,task,30,0,1610,30,652,0
2,120,36,-1.647588208,-0.2368774574,0.7039069458,-2.043971595,-1.663504935,-0.07712769515,0,0,,transition,60,0,1610,30,652,0
2,120,37,-1.648449545,-0.266294412,0.770933256,-2.080712597,-1.663545024,-0.07799298624,0,1,21,task,60,0,1610,30,652,0
2,120,38,-1.649350597,-0.2912124082,0.8283669368,-2.112363775,-1.663588103,-0.07889805406,0,0,,transition,60,0,1610,30,652,0
2,120,39,-1.650251649,-0.3161304044,0.8858006176,-2.144014952,-1.663631182,-0.07980312188,0,1,22,task,60,0,1610,30,652,0
2,120,40,-1.651195237,-0.3380820127,0.9370076142,-2.172409962,-1.663677451,-0.08075079258,0,0,,transition,60,0,1610,30,652,0
2,120,41,-1.652138824,-0.3600336209,0.9882146107,-2.200804973,-1.663723719,-0.08169846327,0,1,23,task,60,0,1610,30,652,0
2,120,42,-1.654117258,-0.3996182073,1.081736231,-2.253030133,-1.663823072,-0.08368521288,0,1,24,task,60,0,1610,30,652,0
2,120,43,-1.656193757,-0.4358531145,1.168520101,-2.301876789,-1.663929718,-0.08577019222,0,1,25,task,60,0,1610,30,652,0
2,120,44,-1.658375824,-0.4693695156,1.249987661,-2.348135968,-1.664044182,-0.08796092132,0,1,26,task,60,0,1610,30,652,0
2,120,45,-1.66067175,-0.5006014752,1.327135488,-2.392371024,-1.664167038,-0.09026571081,0,1,27,task,60,0,1610,30,652,0
2,120,46,-1.663090721,-0.5298585141,1.400694738,-2.435004524,-1.664298918,-0.09269376901,0,1,28,task,60,0,1610,30,652,0
2,120,47,-1.665642943,-0.5573663479,1.471221141,-2.476367525,-1.66444052,-0.09525532702,0,1,29,task,60,0,1610,30,652,0
2,120,48,-1.668339786,-0.5832912022,1.539149301,-2.516729568,-1.664592616,-0.09796178541,0,1,30,task,60,0,1610,30,652,0
2,120,49,-1.671011781,-0.608083554,1.604717139,-2.555718391,-1.665262916,-0.1006473584,0,1,31,task,60,0,1610,30,652,0
2,120,50,-1.673649607,-0.6319692737,1.668158591,-2.593242289,-1.666469726,-0.1033029312,0,1,32,task,60,0,1610,30,652,0
2,120,51,-1.67667115,-0.6550077474,1.729486363,-2.62880047,-1.667108105,-0.1063360295,0,1,33,task,60,0,1610,30,652,0
2,120,52,-1.679882848,-0.6768999871,1.789320149,-2.664032984,-1.667767501,-0.109559256,0,1,34,task,60,0,1610,30,652,0
2,120,53,-1.684071513,-0.6987127332,1.846285626,-2.69379804,-1.666557094,-0.1137319062,0,1,35,task,60,0,1610,30,652,0
2,120,54,-1.688911882,-0.7198351229,1.902245206,-2.72327826,-1.664498524,-0.118543482,0,1,36,task,60,0,1610,30,652,0
2,120,55,-1.694375955,-0.7399191469,1.958122457,-2.755032562,-1.661824693,-0.1239742284,0,1,37,task,60,0,1610,30,652,0
2,120,56,-1.700834386,-0.7595267989,2.012517094,-2.784655812,-1.65787193,-0.1303748252,0,1,38,task,60,0,1610,30,652,0
2,120,57,-1.702487688,-0.7635806917,2.022915126,-2.78938382,-1.65640155,-0.1320050814,0,1,39,task,60,0,1610,30,652,0
2,120,58,-1.665128748,-0.7587089154,2.015900024,-2.784066625,-1.654820138,-0.09454494661,0,1,40,task,30,0,1610,30,652,0
2,120,59,-1.6606943,-0.7400595258,1.95991678,-2.74891984,-1.657052824,-0.09012850339,0,1,41,task,60,0,1610,30,652,0
2,120,60,-1.656267218,-0.7199961905,1.903863121,-2.716578897,-1.660012966,-0.08572786682,0,1,42,task,60,0,1610,30,652,0
2,120,61,-1.651726635,-0.6985325651,1.848010502,-2.687859214,-1.663994164,-0.08122329762,0,1,43,task,60,0,1610,30,652,0
2,120,62,-1.647942968,-0.6759791651,1.792909468,-2.663560793,-1.666825324,-0.07747002403,0,1,44,task,60,0,1610,30,652,0
2,120,63,-1.645582137,-0.6538478156,1.734490613,-2.631870879,-1.666565654,-0.07510806002,0,1,45,task,60,0,1610,30,652,0
2,120,64,-1.643590542,-0.6309754564,1.67399843,-2.597823439,-1.665702821,-0.07310882629,0,1,46,task,60,0,1610,30,652,0
2,120,65,-1.641949422,-0.6074700224,1.61062301,-2.559661244,-1.664195886,-0.07145356406,0,1,47,task,60,0,1610,30,652,0
2,120,66,-1.64040159,-0.5826394614,1.545306539,-2.520896407,-1.662696002,-0.06989223574,0,1,48,task,60,0,1610,30,652,0
2,120,67,-1.638093749,-0.5562616559,1.477668003,-2.481564472,-1.663691876,-0.06758373555,0,1,49,task,60,0,1610,30,652,0
2,120,68,-1.635442117,-0.5283158191,1.406743094,-2.439787481,-1.666114358,-0.06493718012,0,1,50,task,60,0,1610,30,652,0
2,120,69,-1.633055894,-0.4987980163,1.333579121,-2.39822061,-1.668154832,-0.06255464872,0,1,51,task,60,0,1610,30,652,0
2,120,70,-1.63081124,-0.4673923863,1.257033153,-2.355307405,-1.67014207,-0.06031303382,0,1,52,task,60,0,1610,30,652,0
2,120,71,-1.628677791,-0.4337742405,1.176272059,-2.310394351,-1.672140073,-0.05818216732,0,1,53,task,60,0,1610,30,652,0
2,120,72,-1.627092786,-0.3977686408,1.089845866,-2.2614801,-1.672647938,-0.05659268974,0,1,54,task,60,0,1610,30,652,0
2,120,73,-1.625744767,-0.3585419579,0.9966013975,-2.208705132,-1.672602729,-0.05523789296,0,1,55,task,60,0,1610,30,652,0
2,120,74,-1.62510213,-0.3367963603,0.9456057327,-2.180079733,-1.672581858,-0.05459198356,0,0,,transition,60,0,1610,30,652,0
2,120,75,-1.624459493,-0.3150507626,0.8946100678,-2.151454335,-1.672560987,-0.05394607416,0,1,56,task,60,0,1610,30,652,0
2,120,76,-1.623846083,-0.2903925848,0.8375179495,-2.119648097,-1.672541738,-0.0533294996,0,0,,transition,60,0,1610,30,652,0
2,120,77,-1.623232673,-0.2657344071,0.7804258313,-2.087841859,-1.672522489,-0.05271292504,0,1,57,task,60,0,1610,30,652,0
2,120,78,-1.622646537,-0.2366969239,0.7140145243,-2.051098566,-1.672504759,-0.0521237237,0,0,,transition,60,0,1610,30,652,0
2,120,79,-1.622060401,-0.2076594407,0.6476032173,-2.014355272,-1.672487028,-0.05153452237,0,1,58,task,60,0,1610,30,652,0
2,120,80,-1.599678232,-0.1934821466,0.6214027165,-2.001510244,-1.671734051,-0.02903376835,0,1,59,task,30,0,1610,30,652,0
2,120,81,-1.599898503,-0.2233013545,0.6893687276,-2.038667141,-1.672139467,-0.02925635324,0,0,,transition,60,0,1610,30,652,0
2,120,82,-1.600118774,-0.2531205624,0.7573347388,-2.075824037,-1.672544883,-0.02947893813,0,1,60,task,60,0,1610,30,652,0
2,120,83,-1.600462098,-0.2783300798,0.8154629888,-2.107857775,-1.672550449,-0.02982398228,0,0,,transition,60,0,1610,30,652,0
2,120,84,-1.600805422,-0.3035395972,0.8735912389,-2.139891512,-1.672556015,-0.03016902644,0,1,61,task,60,0,1610,30,652,0
2,120,85,-1.601164927,-0.3256706156,0.9252481901,-2.168534109,-1.672562865,-0.03053028386,0,0,,transition,60,0,1610,30,652,0
2,120,86,-1.601524432,-0.3478016341,0.9769051413,-2.197176705,-1.672569715,-0.03089154128,0,1,62,task,60,0,1610,30,652,0
2,120,87,-1.602278149,-0.3876159251,1.071044964,-2.249739129,-1.672586163,-0.03164883493,0,1,63,task,60,0,1610,30,652,0
2,120,88,-1.603703657,-0.4243179984,1.157664634,-2.296945633,-1.670513439,-0.03307395579,0,1,64,task,60,0,1610,30,652,0
2,120,89,-1.605411052,-0.4584258019,1.238736527,-2.340891033,-1.66777394,-0.03477909067,0,1,65,task,60,0,1610,30,652,0
2,120,90,-1.606989639,-0.4902937465,1.316289214,-2.384593473,-1.665723596,-0.03635672061,0,1,66,task,60,0,1610,30,652,0
2,120,91,-1.608328976,-0.5201399457,1.39130304,-2.429292632,-1.664665935,-0.0376978457,0,1,67,task,60,0,1610,30,652,0
2,120,92,-1.609743192,-0.5481573756,1.463125984,-2.472633832,-1.663610682,-0.03911391277,0,1,68,task,60,0,1610,30,652,0
2,120,93,-1.611238765,-0.5745259203,1.532223908,-2.514903412,-1.662558037,-0.04061140505,0,1,69,task,60,0,1610,30,652,0
2,120,94,-1.612822941,-0.5993771029,1.598967507,-2.556340945,-1.66150822,-0.04219757831,0,1,70,task,60,0,1610,30,652,0
2,120,95,-1.61327442,-0.6230611804,1.661570452,-2.592284315,-1.663787812,-0.0426572558,0,1,71,task,60,0,1610,30,652,0
2,120,96,-1.613899457,-0.6458505905,1.721822516,-2.625752019,-1.665686437,-0.04328851957,0,1,72,task,60,0,1610,30,652,0
2,120,97,-1.61545423,-0.6688874748,1.77807774,-2.650809146,-1.665321935,-0.04483744571,0,1,73,task,60,0,1610,30,652,0
2,120,98,-1.61938292,-0.6926275688,1.831807325,-2.669754725,-1.659378455,-0.04873387295,0,1,74,task,60,0,1610,30,652,0
2,120,99,-1.622531956,-0.7140579756,1.888701261,-2.700978492,-1.655949194,-0.05186620637,0,1,75,task,60,0,1610,30,652,0
2,120,100,-1.625013043,-0.733614978,1.946253216,-2.737731961,-1.654578366,-0.05434336111,0,1,76,task,60,0,1610,30,652,0
2,120,101,-1.627675467,-0.7520187441,2.002794178,-2.774635698,-1.653222722,-0.05700138785,0,1,77,task,60,0,1610,30,652,0
2,120,102,-1.627873567,-0.753291094,2.006806392,-2.777287586,-1.653126293,-0.05719915354,0,1,78,task,60,0,1610,30,652,0
2,120,103,-1.59082273,-0.7473230456,1.9956539,-2.76908244,-1.651328404,-0.02006889975,0,1,79,task,30,0,1610,30,652,0
2,120,104,-1.589648239,-0.729090546,1.939064877,-2.731622309,-1.652354146,-0.01889467406,0,1,80,task,60,0,1610,30,652,0
2,120,105,-1.588553678,-0.7096833628,1.8814301,-2.694295305,-1.653385956,-0.01780025003,0,1,81,task,60,0,1610,30,652,0
2,120,106,-1.587531141,-0.6891231988,1.822625483,-2.656955224,-1.654423239,-0.01677773513,0,1,82,task,60,0,1610,30,652,0
2,120,107,-1.585261002,-0.6663289997,1.765107176,-2.627431986,-1.658806795,-0.01451136787,0,1,83,task,60,0,1610,30,652,0
2,120,108,-1.582774052,-0.6401460469,1.717036008,-2.626519752,-1.664144382,-0.01203123077,0,1,84,task,60,0,1610,30,652,0
2,120,109,-1.583519208,-0.6176017842,1.657350045,-2.593875384,-1.661125327,-0.01277702358,0,1,85,task,60,0,1610,30,652,0
2,120,110,-1.582895115,-0.594277321,1.592622938,-2.552778358,-1.661808977,-0.01215130671,0,1,86,task,60,0,1610,30,652,0
2,120,111,-1.582306886,-0.569510845,1.525807807,-2.511037774,-1.66249362,-0.01156152051,0,1,87,task,60,0,1610,30,652,0
2,120,112,-1.581751515,-0.5432060668,1.456599417,-2.468444482,-1.663179174,-0.01100465135,0,1,88,task,60,0,1610,30,652,0
2,120,113,-1.581226322,-0.515228515,1.384621099,-2.424756103,-1.663865566,-0.01047801388,0,1,89,task,60,0,1610,30,652,0
2,120,114,-1.580728909,-0.4853941745,1.30939824,-2.379681875,-1.664552732,-0.009979207409,0,1,90,task,60,0,1610,30,652,0
2,120,115,-1.580257129,-0.4534515693,1.230317745,-2.332860034,-1.665240612,-0.009506079173,0,1,91,task,60,0,1610,30,652,0
2,120,116,-1.579610914,-0.4190723968,1.147232921,-2.285250006,-1.666582693,-0.008858338701,0,1,92,task,60,0,1610,30,652,0
2,120,117,-1.578143356,-0.3820226394,1.061608812,-2.241195469,-1.670811649,-0.007387663023,0,1,93,task,60,0,1610,30,652,0
2,120,118,-1.577489792,-0.3419316453,0.9684254368,-2.191522692,-1.672464664,-0.006732159096,0,1,94,task,60,0,1610,30,652,0
2,120,119,-1.57740462,-0.3197569167,0.9170040158,-2.163644877,-1.672487759,-0.006646603496,0,0,,transition,60,0,1610,30,652,0
2,120,120,-1.577319449,-0.2975821882,0.8655825947,-2.135767061,-1.672510854,-0.006561047895,0,1,95,task,60,0,1610,30,652,0
2,120,121,-1.577242726,-0.2723316191,0.807676433,-2.104485525,-1.672517446,-0.006483947024,0,0,,transition,60,0,1610,30,652,0
2,120,122,-1.577166003,-0.2470810501,0.7497702713,-2.073203989,-1.672524037,-0.006406846153,0,1,96,task,60,0,1610,30,652,0
2,120,123,-1.577559811,-0.2175890523,0.6828969375,-2.037684745,-1.670794149,-0.006801426093,0,0,,transition,60,0,1610,30,652,0
2,120,124,-1.577953619,-0.1880970545,0.6160236038,-2.002165501,-1.669064262,-0.007196006032,0,1,97,task,60,0,1610,30,652,0
2,120,125,-1.555833808,-0.1794487776,0.6020743255,-1.996119461,-1.667877266,0.01502914859,0,1,98,task,30,0,1610,30,652,0
2,120,126,-1.555640072,-0.2100309851,0.6726632963,-2.035983686,-1.66795798,0.01522392738,0,0,,transition,60,0,1610,30,652,0
2,120,127,-1.555446337,-0.2406131926,0.743252267,-2.075847912,-1.668038693,0.01541870616,0,1,99,task,60,0,1610,30,652,0
2,120,128,-1.554645495,-0.2652514763,0.7986349685,-2.103198314,-1.670246415,0.016227111,0,0,,transition,60,0,1610,30,652,0
2,120,129,-1.553844654,-0.2898897601,0.8540176699,-2.130548716,-1.672454137,0.01703551584,0,1,100,task,60,0,1610,30,652,0
2,120,130,-1.553673558,-0.3120534862,0.9043597853,-2.155970332,-1.672341179,0.01720703203,0,0,,transition,60,0,1610,30,652,0
2,120,131,-1.553502463,-0.3342172124,0.9547019006,-2.181391948,-1.672228222,0.01737854822,0,1,101,task,60,0,1610,30,652,0
2,120,132,-1.55519261,-0.3750303337,1.045685818,-2.224442441,-1.665057632,0.0156673153,0,1,102,task,60,0,1610,30,652,0
2,120,133,-1.555315934,-0.4126983813,1.135702776,-2.276239705,-1.663348862,0.01554082721,0,1,103,task,60,0,1610,30,652,0
2,120,134,-1.555445653,-0.4473636565,1.21978562,-2.325105872,-1.661640339,0.01540800028,0,1,104,task,60,0,1610,30,652,0
2,120,135,-1.555582271,-0.4795390163,1.299101907,-2.37169565,-1.659932086,0.0152683335,0,1,105,task,60,0,1610,30,652,0
2,120,136,-1.55572634,-0.5095844744,1.374491677,-2.416489077,-1.658224129,0.01512127185,0,1,106,task,60,0,1610,30,652,0
2,120,137,-1.555878479,-0.5377598807,1.446583488,-2.459854874,-1.656516496,0.01496619872,0,1,107,task,60,0,1610,30,652,0
2,120,138,-1.556039375,-0.5642555801,1.515862477,-2.502087846,-1.654809218,0.01480242716,0,1,108,task,60,0,1610,30,652,0
2,120,139,-1.556374777,-0.5892682801,1.582745178,-2.543379001,-1.652640273,0.01446311772,0,1,109,task,60,0,1610,30,652,0
2,120,140,-1.557345955,-0.6130533567,1.647630769,-2.583794856,-1.648800611,0.0134845085,0,1,110,task,60,0,1610,30,652,0
2,120,141,-1.558378089,-0.6354777078,1.71066076,-2.623713054,-1.644963723,0.01244560102,0,1,111,task,60,0,1610,30,652,0
2,120,142,-1.55773163,-0.662390196,1.754517028,-2.61454835,-1.645586269,0.01308247615,0,1,112,task,60,0,1610,30,652,0
2,120,143,-1.556769419,-0.6843760399,1.812764787,-2.64762905,-1.646874506,0.01404552579,0,1,113,task,60,0,1610,30,652,0
2,120,144,-1.555913428,-0.7046993296,1.871573356,-2.685639407,-1.64774869,0.01490360139,0,1,114,task,60,0,1610,30,652,0
2,120,145,-1.554997412,-0.7238411211,1.929157412,-2.723600507,-1.648618965,0.01582188942,0,1,115,task,60,0,1610,30,652,0
2,120,146,-1.554072458,-0.7407972215,1.982465294,-2.759492081,-1.649435928,0.01674917836,0,1,116,task,60,0,1610,30,652,0
2,120,147,-1.517713265,-0.733703104,1.967265565,-2.748561176,-1.647459146,0.05316435191,0,1,117,task,30,0,1610,30,652,0
2,120,148,-1.520584439,-0.7155064518,1.911609127,-2.712507424,-1.645196411,0.05028267809,0,1,118,task,60,0,1610,30,652,0
2,120,149,-1.522873163,-0.6956405594,1.856061875,-2.6802457,-1.64385843,0.04799328423,0,1,119,task,60,0,1610,30,652,0
2,120,150,-1.524746635,-0.6744144066,1.800232594,-2.650513039,-1.64317422,0.04612439354,0,1,120,task,60,0,1610,30,652,0
2,120,151,-1.526508742,-0.652231373,1.743119274,-2.620442257,-1.64246748,0.04436543973,0,1,121,task,60,0,1610,30,652,0
2,120,152,-1.527807107,-0.629056913,1.685914041,-2.593249822,-1.642699766,0.04307549611,0,1,122,task,60,0,1610,30,652,0
2,120,153,-1.528609507,-0.6049391222,1.628818463,-2.56951305,-1.644075267,0.04228608727,0,1,123,task,60,0,1610,30,652,0
2,120,154,-1.529506356,-0.5811158318,1.564116549,-2.529525431,-1.645058449,0.04139082199,0,1,124,task,60,0,1610,30,652,0
2,120,155,-1.530363147,-0.5559327752,1.496734496,-2.487548216,-1.64600944,0.0405349045,0,1,125,task,60,0,1610,30,652,0
2,120,156,-1.531172766,-0.5291631027,1.426808954,-2.444612159,-1.646958984,0.03972618738,0,1,126,task,60,0,1610,30,652,0
2,120,157,-1.531938998,-0.5006548762,1.353931901,-2.40046133,-1.647907197,0.03896088436,0,1,127,task,60,0,1610,30,652,0
2,120,158,-1.532665233,-0.4702010079,1.277584017,-2.354783643,-1.648854185,0.03823560276,0,1,128,task,60,0,1610,30,652,0
2,120,159,-1.53335452,-0.4375177972,1.197086616,-2.307184237,-1.649800043,0.03754729378,0,1,129,task,60,0,1610,30,652,0
2,120,160,-1.534009606,-0.4022094544,1.111523129,-2.257142446,-1.650744856,0.03689321007,0,1,130,task,60,0,1610,30,652,0
2,120,161,-1.534632971,-0.3637060712,1.019602695,-2.203937424,-1.651688701,0.03627086942,0,1,131,task,60,0,1610,30,652,0
2,120,162,-1.534929916,-0.3424262446,0.9695029402,-2.175222894,-1.652160174,0.03597444653,0,0,,transition,60,0,1610,30,652,0
2,120,163,-1.535226862,-0.3211464181,0.9194031853,-2.146508364,-1.652631647,0.03567802364,0,1,132,task,60,0,1610,30,652,0
2,120,164,-1.535189991,-0.2793020913,0.8402968255,-2.135054921,-1.655722439,0.0357304988,0,1,133,task,60,0,1610,30,652,0
2,120,165,-1.535713401,-0.2533733004,0.7798933698,-2.101205598,-1.655295028,0.0352038168,0,0,,transition,60,0,1610,30,652,0
2,120,166,-1.536236811,-0.2274445095,0.7194899141,-2.067356276,-1.654867618,0.0346771348,0,1,134,task,60,0,1610,30,652,0
2,120,167,-1.536737236,-0.1959818911,0.647259305,-2.027210768,-1.654439071,0.03417358998,0,0,,transition,60,0,1610,30,652,0
2,120,168,-1.53723766,-0.1645192728,0.575028696,-1.98706526,-1.654010525,0.03367004516,0,1,135,task,60,0,1610,30,652,0
2,120,169,-1.516817446,-0.1625833318,0.5735246358,-1.985257813,-1.646401949,0.05412817984,0,1,136,task,30,0,1610,30,652,0
2,120,170,-1.5162111,-0.1938584599,0.6448637629,-2.024065458,-1.646365792,0.05473652286,0,0,,transition,60,0,1610,30,652,0
2,120,171,-1.515604754,-0.225133588,0.71620289,-2.062873103,-1.646329634,0.05534486589,0,1,137,task,60,0,1610,30,652,0
2,120,172,-1.515014917,-0.2502755788,0.7718475886,-2.088837446,-1.646134242,0.05593570918,0,0,,transition,60,0,1610,30,652,0
2,120,173,-1.51442508,-0.2754175696,0.8274922873,-2.114801789,-1.64593885,0.05652655246,0,1,138,task,60,0,1610,30,652,0
2,120,174,-1.51379543,-0.298245931,0.8795884959,-2.141924861,-1.64578513,0.05715658982,0,0,,transition,60,0,1610,30,652,0
2,120,175,-1.51316578,-0.3210742923,0.9316847045,-2.169047932,-1.64563141,0.05778662718,0,1,139,task,60,0,1610,30,652,0
2,120,176,-1.511831656,-0.3625635374,1.028625711,-2.222651741,-1.645369423,0.05912237209,0,1,140,task,60,0,1610,30,652,0
2,120,177,-1.510432647,-0.4002860371,1.117852286,-2.272303747,-1.645101599,0.06052287311,0,1,141,task,60,0,1610,30,652,0
2,120,178,-1.508963929,-0.435018658,1.201095697,-2.318958061,-1.644827494,0.06199294529,0,1,142,task,60,0,1610,30,652,0
2,120,179,-1.507420187,-0.4672833405,1.279534534,-2.363271013,-1.644546619,0.06353789038,0,1,143,task,60,0,1610,30,652,0
2,120,180,-1.505795556,-0.4974471284,1.35401397,-2.405720382,-1.644258431,0.06516355948,0,1,144,task,60,0,1610,30,652,0
2,120,181,-1.504083548,-0.5257761978,1.425164488,-2.446670087,-1.643962328,0.06687642568,0,1,145,task,60,0,1610,30,652,0
2,120,182,-1.502276966,-0.5524672554,1.493471244,-2.486408151,-1.643657641,0.06868366832,0,1,146,task,60,0,1610,30,652,0
2,120,183,-1.500463165,-0.5779050423,1.55830795,-2.522491786,-1.643076384,0.07049396537,0,1,147,task,60,0,1610,30,652,0
2,120,184,-1.498684088,-0.6024189797,1.619680614,-2.554030301,-1.642103731,0.07226220281,0,1,148,task,60,0,1610,30,652,0
2,120,185,-1.496803417,-0.6258078174,1.679274803,-2.58491207,-1.641108478,0.07412940085,0,1,149,task,60,0,1610,30,652,0
2,120,186,-1.495187561,-0.6489625273,1.737455545,-2.614562701,-1.639127454,0.07572284447,0,1,150,task,60,0,1610,30,652,0
2,120,187,-1.493617401,-0.6714571596,1.794277821,-2.643498083,-1.636769651,0.07726538139,0,1,151,task,60,0,1610,30,652,0
2,120,188,-1.491949735,-0.6930258193,1.849819196,-2.672080425,-1.634389826,0.078902268,0,1,152,task,60,0,1610,30,652,0
2,120,189,-1.490175168,-0.7136890178,1.90420255,-2.700412297,-1.631985966,0.0806426552,0,1,153,task,60,0,1610,30,652,0
2,120,190,-1.49195631,-0.732924645,1.943492941,-2.708533956,-1.622582964,0.078756229,0,1,154,task,60,0,1610,30,652,0
2,120,191,-1.456747958,-0.7254244512,1.924933246,-2.695699787,-1.619989422,0.1139137541,0,1,155,task,30,0,1610,30,652,0
2,120,192,-1.457122233,-0.7028672038,1.873062173,-2.675250809,-1.628498252,0.1136628113,0,1,156,task,60,0,1610,30,652,0
2,120,193,-1.459635559,-0.6814972584,1.81920356,-2.649241557,-1.631745881,0.1112123525,0,1,157,task,60,0,1610,30,652,0
2,120,194,-1.462043825,-0.659307425,1.764118351,-2.622786417,-1.634851965,0.108859278,0,1,158,task,60,0,1610,30,652,0
2,120,195,-1.464316347,-0.6362297631,1.707699009,-2.595891592,-1.637921413,0.1066358025,0,1,159,task,60,0,1610,30,652,0
2,120,196,-1.466837879,-0.6129722483,1.64910793,-2.56577549,-1.639958195,0.1041448505,0,1,160,task,60,0,1610,30,652,0
2,120,197,-1.469636527,-0.589460896,1.588010679,-2.53198827,-1.640821496,0.1013590664,0,1,161,task,60,0,1610,30,652,0
2,120,198,-1.472283413,-0.5647201356,1.524964761,-2.497475768,-1.641659056,0.09872294423,0,1,162,task,60,0,1610,30,652,0
2,120,199,-1.474790445,-0.5386579641,1.459710687,-2.462070859,-1.642472919,0.09622474698,0,1,163,task,60,0,1610,30,652,0
2,120,200,-1.477242754,-0.5112695784,1.391185888,-2.423743264,-1.64304159,0.09377595238,0,1,164,task,60,0,1610,30,652,0
2,120,201,-1.479614492,-0.4822737326,1.319190722,-2.382945419,-1.643457373,0.09140480386,0,1,165,task,60,0,1610,30,652,0
2,120,202,-1.481867497,-0.451358942,1.243632806,-2.340496972,-1.643860455,0.08915192026,0,1,166,task,60,0,1610,30,652,0
2,120,203,-1.484010397,-0.4182233998,1.163809515,-2.295997561,-1.644251786,0.08700871263,0,1,167,task,60,0,1610,30,652,0
2,120,204,-1.486051008,-0.3824470242,1.078764751,-2.248911578,-1.644632222,0.0849673975,0,1,168,task,60,0,1610,30,652,0
2,120,205,-1.487996433,-0.343423263,0.9871393293,-2.198486772,-1.645002539,0.08302090532,0,1,169,task,60,0,1610,30,652,0
2,120,206,-1.488924783,-0.3218257321,0.9370118087,-2.171042606,-1.64518299,0.08209185318,0,0,,transition,60,0,1610,30,652,0
2,120,207,-1.489853133,-0.3002282012,0.886884288,-2.14359844,-1.645363442,0.08116280105,0,1,170,task,60,0,1610,30,652,0
2,120,208,-1.490742487,-0.2761956824,0.8317618505,-2.114267069,-1.645530961,0.08027280409,0,0,,transition,60,0,1610,30,652,0
2,120,209,-1.491631841,-0.2521631636,0.776639413,-2.084935698,-1.645698481,0.07938280712,0,1,171,task,60,0,1610,30,652,0
2,120,210,-1.492485224,-0.2244300814,0.7137135225,-2.052039715,-1.645851837,0.07852829523,0,0,,transition,60,0,1610,30,652,0
2,120,211,-1.493338608,-0.1966969992,0.6507876319,-2.019143732,-1.646005194,0.07767378334,0,1,172,task,60,0,1610,30,652,0
2,120,212,-1.494156662,-0.1620488308,0.5729347378,-1.978233715,-1.646150782,0.07685384269,0,0,,transition,60,0,1610,30,652,0
2,120,213,-1.494974716,-0.1274006624,0.4950818436,-1.937323697,-1.646296371,0.07603390203,0,1,173,task,60,0,1610,30,652,0
2,120,214,-1.472445132,-0.1292701017,0.5000734973,-1.934049642,-1.645848622,0.0986257865,0,1,174,task,30,0,1610,30,652,0
2,120,215,-1.471368763,-0.1637745004,0.5781644671,-1.976071938,-1.64570996,0.09970392275,0,0,,transition,60,0,1610,30,652,0
2,120,216,-1.470292394,-0.198278899,0.656255437,-2.018094234,-1.645571297,0.100782059,0,1,175,task,60,0,1610,30,652,0
2,120,217,-1.469168649,-0.225866369,0.7194413906,-2.052125537,-1.645425426,0.1019071395,0,0,,transition,60,0,1610,30,652,0
2,120,218,-1.468044903,-0.253453839,0.7826273442,-2.086156841,-1.645279554,0.10303222,0,1,176,task,60,0,1610,30,652,0
2,120,219,-1.466889939,-0.2773885349,0.8376449071,-2.115868706,-1.645058713,0.1041876523,0,0,,transition,60,0,1610,30,652,0
2,120,220,-1.465734974,-0.3013232308,0.8926624699,-2.145580571,-1.644837871,0.1053430845,0,1,177,task,60,0,1610,30,652,0
2,120,221,-1.463331909,-0.3439655625,0.9914297099,-2.199096527,-1.644335402,0.1077460624,0,1,178,task,60,0,1610,30,652,0
2,120,222,-1.460814971,-0.3825658659,1.081827418,-2.248279085,-1.643818361,0.1102621513,0,1,179,task,60,0,1610,30,652,0
2,120,223,-1.458175963,-0.4180062567,1.165810892,-2.294201066,-1.643285669,0.1128994855,0,1,180,task,60,0,1610,30,652,0
2,120,224,-1.455405895,-0.4508697929,1.244685309,-2.337584202,-1.64273614,0.1156669881,0,1,181,task,60,0,1610,30,652,0
2,120,225,-1.452494881,-0.4815624382,1.31937283,-2.37894427,-1.642168468,0.1185744681,0,1,182,task,60,0,1610,30,652,0
2,120,226,-1.449470421,-0.5104568964,1.390348288,-2.418098239,-1.641466391,0.1215923934,0,1,183,task,60,0,1610,30,652,0
2,120,227,-1.446291247,-0.5377228542,1.458319897,-2.45582378,-1.640722906,0.1247632594,0,1,184,task,60,0,1610,30,652,0
2,120,228,-1.442938365,-0.5635108743,1.523723902,-2.492452228,-1.639954548,0.1281062195,0,1,185,task,60,0,1610,30,652,0
2,120,229,-1.439397366,-0.5879433,1.586881378,-2.528181841,-1.639159199,0.1316355352,0,1,186,task,60,0,1610,30,652,0
2,120,230,-1.435652229,-0.6111119917,1.648053604,-2.563181529,-1.638334495,0.1353670607,0,1,187,task,60,0,1610,30,652,0
2,120,231,-1.432754281,-0.6350120925,1.704934613,-2.588880204,-1.6347164,0.1381962672,0,1,188,task,60,0,1610,30,652,0
2,120,232,-1.429882802,-0.6583621066,1.759916183,-2.612504629,-1.630570621,0.1409794564,0,1,189,task,60,0,1610,30,652,0
2,120,233,-1.426876286,-0.680914919,1.813729681,-2.635970888,-1.626295114,0.1438869327,0,1,190,task,60,0,1610,30,652,0
2,120,234,-1.424102738,-0.7029187654,1.868293208,-2.663375114,-1.620984579,0.1465663011,0,1,191,task,60,0,1610,30,652,0
2,120,235,-1.422133413,-0.7172846129,1.904441704,-2.681693589,-1.61738044,0.1484694766,0,1,192,task,60,0,1610,30,652,0
2,120,236,-1.388172626,-0.7084874598,1.88204178,-2.666556395,-1.614766747,0.1823642963,0,1,193,task,30,0,1610,30,652,0
2,120,237,-1.392699572,-0.687388051,1.827569428,-2.63679985,-1.618845205,0.1779257997,0,1,194,task,60,0,1610,30,652,0
2,120,238,-1.396955894,-0.665379579,1.771833975,-2.606710871,-1.622873048,0.1737531829,0,1,195,task,60,0,1610,30,652,0
2,120,239,-1.400551614,-0.6420700994,1.717234032,-2.58277166,-1.627904228,0.1702831168,0,1,196,task,60,0,1610,30,652,0
2,120,240,-1.403604682,-0.6176313337,1.663454273,-2.564074587,-1.633796898,0.1673786746,0,1,197,task,60,0,1610,30,652,0
2,120,241,-1.407388492,-0.5936771679,1.605696987,-2.537029068,-1.63722948,0.1636707349,0,1,198,task,60,0,1610,30,652,0
2,120,242,-1.411896688,-0.5699669694,1.543400688,-2.500960312,-1.638030807,0.1591758515,0,1,199,task,60,0,1610,30,652,0
2,120,243,-1.416163387,-0.54491649,1.478925106,-2.464042541,-1.638800998,0.1549206966,0,1,200,task,60,0,1610,30,652,0
2,120,244,-1.420207139,-0.5184146549,1.411971848,-2.42608901,-1.639542535,0.1508868783,0,1,201,task,60,0,1610,30,652,0
2,120,245,-1.424044674,-0.4903141412,1.342169354,-2.386876027,-1.640257646,0.1470578045,0,1,202,task,60,0,1610,30,652,0
2,120,246,-1.427691117,-0.4604192972,1.269045857,-2.346127978,-1.640948337,0.1434184729,0,1,203,task,60,0,1610,30,652,0
2,120,247,-1.431148297,-0.4284889938,1.192212921,-2.303943893,-1.641654402,0.1399682976,0,1,204,task,60,0,1610,30,652,0
2,120,248,-1.434416546,-0.3942265924,1.111181717,-2.26043074,-1.642420332,0.1367079009,0,1,205,task,60,0,1610,30,652,0
2,120,249,-1.437534399,-0.357105727,1.024368202,-2.213987701,-1.643162169,0.1335961075,0,1,206,task,60,0,1610,30,652,0
2,120,250,-1.440511865,-0.3163953717,0.9301494424,-2.163723153,-1.643881552,0.1306230367,0,1,207,task,60,0,1610,30,652,0
2,120,251,-1.441934983,-0.293670305,0.8780690996,-2.135987064,-1.644230764,0.1292013449,0,0,,transition,60,0,1610,30,652,0
2,120,252,-1.4433581,-0.2709452382,0.8259887568,-2.108250974,-1.644579977,0.127779653,0,1,208,task,60,0,1610,30,652,0
2,120,253,-1.444752032,-0.2450395682,0.7665114548,-2.076048974,-1.644802909,0.1263850746,0,0,,transition,60,0,1610,30,652,0
2,120,254,-1.446145963,-0.2191338982,0.7070341529,-2.043846974,-1.64502584,0.1249904963,0,1,209,task,60,0,1610,30,652,0
2,120,255,-1.4475004,-0.1878501905,0.6356192158,-2.004925645,-1.64516737,0.1236341821,0,0,,transition,60,0,1610,30,652,0
2,120,256,-1.448854837,-0.1565664827,0.5642042787,-1.966004316,-1.645308901,0.1222778678,0,1,210,task,60,0,1610,30,652,0
2,120,257,-1.450152544,-0.1137634087,0.4678112956,-1.913620795,-1.645443584,0.1209780064,0,0,,transition,60,0,1610,30,652,0
2,120,258,-1.451450251,-0.07096033476,0.3714183126,-1.861237274,-1.645578267,0.119678145,0,1,211,task,60,0,1610,30,652,0
2,120,259,-1.42857164,-0.08538310115,0.4064888325,-1.878247309,-1.645078664,0.1426160626,0,1,212,task,30,0,1610,30,652,0
2,120,260,-1.427014486,-0.125491541,0.4971890821,-1.92783895,-1.644939306,0.1441755776,0,0,,transition,60,0,1610,30,652,0
2,120,261,-1.425457333,-0.1655999809,0.5878893318,-1.97743059,-1.644799947,0.1457350926,0,1,213,task,60,0,1610,30,652,0
2,120,262,-1.423831786,-0.1957175482,0.6569670729,-2.015386385,-1.644653517,0.1473627944,0,0,,transition,60,0,1610,30,652,0
2,120,263,-1.422206239,-0.2258351156,0.726044814,-2.05334218,-1.644507087,0.1489904963,0,1,214,task,60,0,1610,30,652,0
2,120,264,-1.42058975,-0.2510507765,0.783299217,-2.083450189,-1.644064903,0.1506040813,0,0,,transition,60,0,1610,30,652,0
2,120,265,-1.41897326,-0.2762664375,0.8405536201,-2.113558198,-1.643622719,0.1522176662,0,1,215,task,60,0,1610,30,652,0
2,120,266,-1.417303062,-0.2984175989,0.8910004017,-2.139720744,-1.643103469,0.1538824339,0,0,,transition,60,0,1610,30,652,0
2,120,267,-1.415632864,-0.3205687603,0.9414471832,-2.165883289,-1.642584219,0.1555472016,0,1,216,task,60,0,1610,30,652,0
2,120,268,-1.412141114,-0.3604596336,1.033070883,-2.213346337,-1.641513586,0.1590246816,0,1,217,task,60,0,1610,30,652,0
2,120,269,-1.408442669,-0.3970220069,1.118329861,-2.258421389,-1.640555391,0.1627094397,0,1,218,task,60,0,1610,30,652,0
2,120,270,-1.404460235,-0.4308848605,1.199347632,-2.303435828,-1.639905387,0.1666858364,0,1,219,task,60,0,1610,30,652,0
2,120,271,-1.400278789,-0.4623687802,1.275701491,-2.346156439,-1.639231927,0.1708600959,0,1,220,task,60,0,1610,30,652,0
2,120,272,-1.39588338,-0.4918203993,1.348183863,-2.387028514,-1.638533165,0.1752470648,0,1,221,task,60,0,1610,30,652,0
2,120,273,-1.391257559,-0.519493171,1.417387746,-2.426391068,-1.637807061,0.1798630746,0,1,222,task,60,0,1610,30,652,0
2,120,274,-1.386383195,-0.5455761184,1.483769979,-2.464511351,-1.637051356,0.1847261263,0,1,223,task,60,0,1610,30,652,0
2,120,275,-1.381240257,-0.5702116814,1.547690735,-2.501606498,-1.636263543,0.1898561023,0,1,224,task,60,0,1610,30,652,0
2,120,276,-1.37580657,-0.5935072536,1.609439307,-2.537857776,-1.635440834,0.1952750111,0,1,225,task,60,0,1610,30,652,0
2,120,277,-1.373266096,-0.6196737859,1.660717981,-2.547149576,-1.626178132,0.197556519,0,1,226,task,60,0,1610,30,652,0
2,120,278,-1.369069535,-0.6438338473,1.716103207,-2.57097539,-1.620741062,0.2016016972,0,1,227,task,60,0,1610,30,652,0
2,120,279,-1.363749756,-0.6663172773,1.773001241,-2.602568889,-1.617400817,0.2068436381,0,1,228,task,60,0,1610,30,652,0
2,120,280,-1.358100435,-0.6878362706,1.828478492,-2.633725623,-1.614006733,0.212410564,0,1,229,task,60,0,1610,30,652,0
2,120,281,-1.354917086,-0.6990142341,1.857754406,-2.650326606,-1.612158432,0.2155476115,0,1,230,task,60,0,1610,30,652,0
2,120,282,-1.322409871,-0.6888451448,1.831596913,-2.633039003,-1.609564829,0.2479772418,0,1,231,task,30,0,1610,30,652,0
2,120,283,-1.329380373,-0.6678012744,1.776703011,-2.601459995,-1.612603625,0.2410906869,0,1,232,task,60,0,1610,30,652,0
2,120,284,-1.335944902,-0.6457818771,1.720367829,-2.569435533,-1.615581965,0.2346053522,0,1,233,task,60,0,1610,30,652,0
2,120,285,-1.34213683,-0.6227491668,1.662454719,-2.536864483,-1.618504713,0.2284882194,0,1,234,task,60,0,1610,30,652,0
2,120,286,-1.347413937,-0.5982032081,1.604608678,-2.508550974,-1.622907482,0.223337927,0,1,235,task,60,0,1610,30,652,0
2,120,287,-1.34983565,-0.571334276,1.554611201,-2.504276105,-1.634397968,0.2212767086,0,1,236,task,60,0,1610,30,652,0
2,120,288,-1.355877606,-0.5471902928,1.491486636,-2.467264706,-1.635219778,0.2152495178,0,1,237,task,60,0,1610,30,652,0
2,120,289,-1.361604635,-0.521614558,1.425935939,-2.429246575,-1.636005716,0.2095355015,0,1,238,task,60,0,1610,30,652,0
2,120,290,-1.367040029,-0.494471657,1.357615711,-2.390014345,-1.636758584,0.2041115295,0,1,239,task,60,0,1610,30,652,0
2,120,291,-1.372204906,-0.4655822507,1.286091327,-2.349313317,-1.637480911,0.1989566271,0,1,240,task,60,0,1610,30,652,0
2,120,292,-1.377118451,-0.434706624,1.21080056,-2.306821544,-1.638174983,0.1940517378,0,1,241,task,60,0,1610,30,652,0
2,120,293,-1.381798123,-0.4015184258,1.130995825,-2.262118325,-1.638842868,0.1893795151,0,1,242,task,60,0,1610,30,652,0
2,120,294,-1.386259843,-0.3655605446,1.045647405,-2.214631559,-1.639486445,0.1849241406,0,1,243,task,60,0,1610,30,652,0
2,120,295,-1.390516717,-0.3261684952,0.9532905592,-2.163580506,-1.640112307,0.1806727415,0,1,244,task,60,0,1610,30,652,0
2,120,296,-1.394266255,-0.2831993371,0.8569202049,-2.116465367,-1.641824737,0.1769565623,0,1,245,task,60,0,1610,30,652,0
2,120,297,-1.396063999,-0.258979335,0.8028957916,-2.089804908,-1.642656306,0.1751713763,0,0,,transition,60,0,1610,30,652,0
2,120,298,-1.397861742,-0.2347593329,0.7488713783,-2.063144449,-1.643487875,0.1733861904,0,1,246,task,60,0,1610,30,652,0
2,120,299,-1.399706008,-0.2061219694,0.6836860414,-2.028220073,-1.643859874,0.171543569,0,0,,transition,60,0,1610,30,652,0
2,120,300,-1.401550275,-0.1774846059,0.6185007044,-1.993295696,-1.644231873,0.1697009477,0,1,247,task,60,0,1610,30,652,0
2,120,301,-1.403374985,-0.140405363,0.5342626451,-1.947005672,-1.644378544,0.1678736493,0,0,,transition,60,0,1610,30,652,0
2,120,302,-1.405199695,-0.1033261201,0.4500245858,-1.900715647,-1.644525215,0.1660463509,0,1,248,task,60,0,1610,30,652,0
2,120,303,-1.406365833,-0.05906103854,0.3512064744,-1.846738723,-1.644618338,0.1648783875,0,0,,transition,60,0,1610,30,652,0
2,120,304,-1.407531971,-0.01479595701,0.252388363,-1.792761799,-1.644711462,0.1637104241,0,0,,transition,60,0,1610,30,652,0
2,120,305,-1.408698109,0.02946912451,0.1535702515,-1.738784874,-1.644804586,0.1625424608,0,1,249,task,60,0,1610,30,652,0
2,120,306,-1.397009331,0.005877897341,0.207497845,-1.767618978,-1.644507251,0.1742597036,0,0,,transition,30,0,1610,30,652,0
2,120,307,-1.385320553,-0.01771332983,0.2614254385,-1.796453083,-1.644209916,0.1859769465,0,1,250,task,30,0,1610,30,652,0
2,120,308,-1.38397792,-0.05263046528,0.33985357,-1.839447464,-1.644110834,0.1873215302,0,0,,transition,60,0,1610,30,652,0
2,120,309,-1.382635288,-0.08754760073,0.4182817015,-1.882441844,-1.644011753,0.188666114,0,0,,transition,60,0,1610,30,652,0
2,120,310,-1.381292655,-0.1224647362,0.496709833,-1.925436225,-1.643912672,0.1900106978,0,1,251,task,60,0,1610,30,652,0
2,120,311,-1.379191579,-0.1566406347,0.574741455,-1.968511758,-1.643756566,0.1921145729,0,0,,transition,60,0,1610,30,652,0
2,120,312,-1.377090503,-0.1908165332,0.6527730771,-2.011587292,-1.643600461,0.194218448,0,1,252,task,60,0,1610,30,652,0
2,120,313,-1.375303609,-0.2172112896,0.7095576813,-2.036315264,-1.641990666,0.1959728827,0,0,,transition,60,0,1610,30,652,0
2,120,314,-1.373516714,-0.243606046,0.7663422856,-2.061043235,-1.640380872,0.1977273174,0,1,253,task,60,0,1610,30,652,0
2,120,315,-1.371708364,-0.2676579261,0.821004627,-2.09009104,-1.638552847,0.1995074189,0,0,,transition,60,0,1610,30,652,0
2,120,316,-1.369900015,-0.2917098061,0.8756669685,-2.119138845,-1.636724821,0.2012875203,0,1,254,task,60,0,1610,30,652,0
2,120,317,-1.368009073,-0.3132531043,0.9262284748,-2.148154106,-1.634882989,0.2031566001,0,0,,transition,60,0,1610,30,652,0
2,120,318,-1.366118132,-0.3347964025,0.9767899812,-2.177169368,-1.633041157,0.20502568,0,1,255,task,60,0,1610,30,652,0
2,120,319,-1.362155138,-0.3735319982,1.068947548,-2.23060206,-1.629351933,0.2089460639,0,1,256,task,60,0,1610,30,652,0
2,120,320,-1.357997954,-0.4088853198,1.154289254,-2.280619055,-1.625656883,0.2130618038,0,1,257,task,60,0,1610,30,652,0
2,120,321,-1.35363224,-0.4414867684,1.234229083,-2.328005333,-1.621955719,0.2173872952,0,1,258,task,60,0,1610,30,652,0
2,120,322,-1.349042249,-0.4717697449,1.309754888,-2.373316897,-1.618248139,0.2219383497,0,1,259,task,60,0,1610,30,652,0
2,120,323,-1.344210652,-0.5000435206,1.38158815,-2.416967672,-1.614533825,0.2267323675,0,1,260,task,60,0,1610,30,652,0
2,120,324,-1.339118344,-0.5265341941,1.450274004,-2.459278596,-1.610812442,0.2317885364,0,1,261,task,60,0,1610,30,652,0
2,120,325,-1.337304117,-0.5526007195,1.51960956,-2.50535214,-1.596919518,0.2334919753,0,1,262,task,60,0,1610,30,652,0
2,120,326,-1.334059477,-0.5790705376,1.571948496,-2.5148335,-1.586812152,0.2365332243,0,1,263,task,60,0,1610,30,652,0
2,120,327,-1.320946002,-0.6038449088,1.611056055,-2.501790136,-1.602954352,0.2494237154,0,1,264,task,30,0,1610,30,652,0
2,120,328,-1.312652867,-0.626934916,1.669752458,-2.535838626,-1.60422068,0.2576996898,0,1,265,task,60,0,1610,30,652,0
2,120,329,-1.303873753,-0.6489252923,1.726652151,-2.569147115,-1.605424782,0.2664602223,0,1,266,task,60,0,1610,30,652,0
2,120,330,-1.294567334,-0.6698660284,1.781906145,-2.601813729,-1.606560598,0.2757463726,0,1,267,task,60,0,1610,30,652,0
2,120,331,-1.290685883,-0.6779593087,1.803581937,-2.614723871,-1.606994432,0.2796191724,0,1,268,task,60,0,1610,30,652,0
2,120,332,-1.25977223,-0.666334571,1.773716276,-2.595406189,-1.604454841,0.3104471565,0,1,269,task,30,0,1610,30,652,0
2,120,333,-1.271946074,-0.6457458797,1.72256575,-2.570323044,-1.59864214,0.2983008752,0,1,270,task,60,0,1610,30,652,0
2,120,334,-1.286289002,-0.6241248913,1.678640552,-2.564170352,-1.58518682,0.284096927,0,1,271,task,30,0,1610,30,652,0
2,120,335,-1.294839032,-0.6012418865,1.624279992,-2.538926128,-1.585274455,0.2756445828,0,1,272,task,60,0,1610,30,652,0
2,120,336,-1.302958118,-0.5774087238,1.568172278,-2.512875336,-1.585236263,0.2676076389,0,1,273,task,60,0,1610,30,652,0
2,120,337,-1.310435447,-0.5528906091,1.511445647,-2.488596825,-1.585772233,0.2602187237,0,1,274,task,60,0,1610,30,652,0
2,120,338,-1.317340836,-0.5276410887,1.453935303,-2.465906291,-1.586829192,0.253396236,0,1,275,task,60,0,1610,30,652,0
2,120,339,-1.324129658,-0.5016094369,1.388378556,-2.428573457,-1.587188135,0.2466234499,0,1,276,task,60,0,1610,30,652,0
2,120,340,-1.33059101,-0.4739777227,1.319624647,-2.389324672,-1.587487155,0.2401743119,0,1,277,task,60,0,1610,30,652,0
2,120,341,-1.336739065,-0.4445219907,1.247439201,-2.348465652,-1.587754759,0.2340369949,0,1,278,task,60,0,1610,30,652,0
2,120,342,-1.342595274,-0.4129716539,1.171199287,-2.305643965,-1.587993187,0.2281901627,0,1,279,task,60,0,1610,30,652,0
2,120,343,-1.348179248,-0.3789552892,1.090064713,-2.260390784,-1.588204479,0.2226143108,0,1,280,task,60,0,1610,30,652,0
2,120,344,-1.353508938,-0.3419455154,1.00285732,-2.212055302,-1.588390496,0.2172915819,0,1,281,task,60,0,1610,30,652,0
2,120,345,-1.358600806,-0.3011566051,0.907836892,-2.159683023,-1.58855294,0.2122056023,0,1,282,task,60,0,1610,30,652,0
2,120,346,-1.361035386,-0.2782450411,0.855038122,-2.130723993,-1.588623155,0.2097734695,0,0,,transition,60,0,1610,30,652,0
2,120,347,-1.363469965,-0.2553334771,0.8022393519,-2.101764963,-1.58869337,0.2073413367,0,1,283,task,60,0,1610,30,652,0
2,120,348,-1.342398926,-0.2217823377,0.7254255084,-2.058341964,-1.588364553,0.2284135707,0,1,284,task,30,0,1610,30,652,0
2,120,349,-1.339766457,-0.2466584317,0.7822351495,-2.089198479,-1.588263399,0.2310427761,0,0,,transition,60,0,1610,30,652,0
2,120,350,-1.337133988,-0.2715345256,0.8390447907,-2.120054994,-1.588162244,0.2336719814,0,1,285,task,60,0,1610,30,652,0
2,120,351,-1.334384128,-0.2933064518,0.8892639887,-2.147424093,-1.588047609,0.2364178628,0,0,,transition,60,0,1610,30,652,0
2,120,352,-1.331634267,-0.3150783779,0.9394831866,-2.174793192,-1.587932973,0.2391637442,0,1,286,task,60,0,1610,30,652,0
2,120,353,-1.325884326,-0.3541684253,1.030593524,-2.224654952,-1.587674889,0.2449041876,0,1,287,task,60,0,1610,30,652,0
2,120,354,-1.319867404,-0.389839581,1.114656568,-2.270886254,-1.587385979,0.2509099518,0,1,288,task,60,0,1610,30,652,0
2,120,355,-1.313565283,-0.4227597687,1.193152851,-2.314299874,-1.587064046,0.2571991239,0,1,289,task,60,0,1610,30,652,0
2,120,356,-1.306958132,-0.4533869792,1.267106339,-2.355462003,-1.586706694,0.2637913892,0,1,290,task,60,0,1610,30,652,0
2,120,357,-1.300032167,-0.4820472533,1.337071591,-2.394374956,-1.586288209,0.2706986507,0,1,291,task,60,0,1610,30,652,0
2,120,358,-1.292866666,-0.5090458495,1.401527451,-2.426572883,-1.585513236,0.2778172744,0,1,292,task,60,0,1610,30,652,0
2,120,359,-1.285348591,-0.5346486135,1.463337238,-2.457525465,-1.584649227,0.2852779756,0,1,293,task,60,0,1610,30,652,0
2,120,360,-1.277507265,-0.5592407405,1.523070501,-2.487682605,-1.583540766,0.2930526466,0,1,294,task,60,0,1610,30,652,0
2,120,361,-1.269451953,-0.5835532954,1.581588727,-2.517829745,-1.58182912,0.3010385981,0,1,295,task,60,0,1610,30,652,0
2,120,362,-1.260966768,-0.606794691,1.638176039,-2.547137899,-1.580029678,0.3094453721,0,1,296,task,60,0,1610,30,652,0
2,120,363,-1.252018646,-0.629033739,1.69300675,-2.575715503,-1.578135666,0.3183053443,0,1,297,task,60,0,1610,30,652,0
2,120,364,-1.242423918,-0.6501103655,1.746808136,-2.605363087,-1.576500732,0.3278210532,0,1,298,task,60,0,1610,30,652,0
2,120,365,-1.239787265,-0.6550845774,1.760639862,-2.614238209,-1.576389646,0.3304536945,0,1,299,task,60,0,1610,30,652,0
2,120,366,-1.210169066,-0.6434260725,1.727802786,-2.592921375,-1.574548855,0.3600149682,0,1,300,task,30,0,1610,30,652,0
2,120,367,-1.221039334,-0.6229518013,1.672462912,-2.55805304,-1.575145002,0.3491640347,0,1,301,task,60,0,1610,30,652,0
2,120,368,-1.230782768,-0.6007024251,1.617779023,-2.529254033,-1.577100246,0.339516752,0,1,302,task,60,0,1610,30,652,0
2,120,369,-1.239852091,-0.5772344502,1.562166937,-2.50205694,-1.579439797,0.3305581035,0,1,303,task,60,0,1610,30,652,0
2,120,370,-1.248477837,-0.5527289123,1.504605164,-2.473980011,-1.581668968,0.3220292284,0,1,304,task,60,0,1610,30,652,0
2,120,371,-1.256918009,-0.5278286919,1.444490748,-2.443031579,-1.583152003,0.3136593124,0,1,305,task,60,0,1610,30,652,0
2,120,372,-1.265148147,-0.502237884,1.381560365,-2.409322759,-1.583992277,0.305479193,0,1,306,task,60,0,1610,30,652,0
2,120,373,-1.272989988,-0.4751492551,1.315805791,-2.374292771,-1.584759356,0.2976807891,0,1,307,task,60,0,1610,30,652,0
2,120,374,-1.280468889,-0.4463778856,1.246800928,-2.337699238,-1.585458198,0.2902392264,0,1,308,task,60,0,1610,30,652,0
2,120,375,-1.28762444,-0.4156116692,1.173595632,-2.298483704,-1.586041696,0.2831121416,0,1,309,task,60,0,1610,30,652,0
2,120,376,-1.294482627,-0.3824317299,1.095140627,-2.255778957,-1.58649499,0.276273711,0,1,310,task,60,0,1610,30,652,0
2,120,377,-1.301036468,-0.3464447668,1.010954801,-2.210150218,-1.58690613,0.2697368682,0,1,311,task,60,0,1610,30,652,0
2,120,378,-1.307304903,-0.3069465763,0.9194819998,-2.160745145,-1.587277844,0.2634828718,0,1,312,task,60,0,1610,30,652,0
2,120,379,-1.310305153,-0.284890925,0.8688901231,-2.133493231,-1.587445244,0.2604886502,0,0,,transition,60,0,1610,30,652,0
2,120,380,-1.313305404,-0.2628352738,0.8182982464,-2.106241317,-1.587612644,0.2574944286,0,1,313,task,60,0,1610,30,652,0
2,120,381,-1.316179758,-0.2375242204,0.760769273,-2.075307115,-1.587762744,0.2546249966,0,0,,transition,60,0,1610,30,652,0
2,120,382,-1.319054111,-0.212213167,0.7032402996,-2.044372913,-1.587912845,0.2517555645,0,1,314,task,60,0,1610,30,652,0
2,120,383,-1.297950013,-0.180391671,0.630658668,-2.002912801,-1.587507728,0.2728580373,0,1,315,task,30,0,1610,30,652,0
2,120,384,-1.294891271,-0.2078914219,0.692602608,-2.035766461,-1.58729428,0.2759096187,0,0,,transition,60,0,1610,30,652,0
2,120,385,-1.291832529,-0.2353911728,0.7545465479,-2.068620121,-1.587080833,0.2789612001,0,1,316,task,60,0,1610,30,652,0
2,120,386,-1.28864362,-0.2588700251,0.8078577504,-2.096862221,-1.586845082,0.282141165,0,0,,transition,60,0,1610,30,652,0
2,120,387,-1.28545471,-0.2823488774,0.8611689529,-2.125104321,-1.586609332,0.2853211299,0,1,317,task,60,0,1610,30,652,0
2,120,388,-1.278800465,-0.3239020401,0.9563041806,-2.17550696,-1.586090352,0.2919536591,0,1,318,task,60,0,1610,30,652,0
2,120,389,-1.271852438,-0.3614784901,1.043085171,-2.221533753,-1.585520786,0.2988758674,0,1,319,task,60,0,1610,30,652,0
2,120,390,-1.264582183,-0.3958608327,1.123698799,-2.264893867,-1.584925017,0.3061186709,0,1,320,task,60,0,1610,30,652,0
2,120,391,-1.256974373,-0.4276672133,1.199190995,-2.30578875,-1.584283792,0.3136957978,0,1,321,task,60,0,1610,30,652,0
2,120,392,-1.249009021,-0.4573249262,1.270397409,-2.344549915,-1.583586992,0.3216263241,0,1,322,task,60,0,1610,30,652,0
2,120,393,-1.240662051,-0.4851295424,1.337982865,-2.381547594,-1.582830721,0.3299340077,0,1,323,task,60,0,1610,30,652,0
2,120,394,-1.231907363,-0.5113015856,1.402449777,-2.417064828,-1.582010748,0.3386446044,0,1,324,task,60,0,1610,30,652,0
2,120,395,-1.222973304,-0.5366003052,1.463295286,-2.448489861,-1.580405533,0.347503849,0,1,325,task,60,0,1610,30,652,0
2,120,396,-1.214076955,-0.5617746804,1.520232684,-2.473734605,-1.577397665,0.3562629035,0,1,326,task,60,0,1610,30,652,0
2,120,397,-1.20474868,-0.5859308379,1.575149304,-2.498025185,-1.574249079,0.3654309489,0,1,327,task,60,0,1610,30,652,0
2,120,398,-1.193976784,-0.6080586231,1.632353418,-2.532756473,-1.573486119,0.3761747931,0,1,328,task,60,0,1610,30,652,0
2,120,399,-1.182548211,-0.6289718854,1.687849118,-2.567339416,-1.57282435,0.3875822613,0,1,329,task,60,0,1610,30,652,0
2,120,400,-1.181411833,-0.6309304075,1.693106481,-2.570638609,-1.572758418,0.3887165387,0,1,330,task,60,0,1610,30,652,0
2,120,401,-1.153518137,-0.6175668708,1.656526867,-2.547391992,-1.571020184,0.4165560483,0,1,331,task,30,0,1610,30,652,0
2,120,402,-1.165572169,-0.5964196897,1.601167859,-2.513168404,-1.571734708,0.4045246493,0,1,332,task,60,0,1610,30,652,0
2,120,403,-1.177005976,-0.574098409,1.543771232,-2.478088437,-1.572410887,0.3931122828,0,1,333,task,60,0,1610,30,652,0
2,120,404,-1.18760931,-0.5503277929,1.485349619,-2.445086725,-1.573749854,0.3825701514,0,1,334,task,60,0,1610,30,652,0
2,120,405,-1.196549037,-0.5245040451,1.430493796,-2.425615217,-1.578295852,0.3738586887,0,1,335,task,60,0,1610,30,652,0
2,120,406,-1.205773707,-0.4986307754,1.370388679,-2.39688549,-1.580734425,0.3647452459,0,1,336,task,60,0,1610,30,652,0
2,120,407,-1.215088736,-0.4720883847,1.305060805,-2.360347673,-1.581559744,0.3554715046,0,1,337,task,60,0,1610,30,652,0
2,120,408,-1.22397631,-0.4438149831,1.236387969,-2.32220222,-1.582326529,0.3466213125,0,1,338,task,60,0,1610,30,652,0
2,120,409,-1.232463164,-0.4135613848,1.163807314,-2.282134282,-1.583038575,0.3381682063,0,1,339,task,60,0,1610,30,652,0
2,120,410,-1.240574031,-0.3809898429,1.086563758,-2.239725512,-1.583699391,0.3300877048,0,1,340,task,60,0,1610,30,652,0
2,120,411,-1.248331804,-0.3456273365,1.003607909,-2.194398667,-1.584312216,0.3223571464,0,1,341,task,60,0,1610,30,652,0
2,120,412,-1.255757688,-0.3067808108,0.9134107277,-2.14531701,-1.584880047,0.31495554,0,1,342,task,60,0,1610,30,652,0
2,120,413,-1.26281288,-0.2636435181,0.8155870167,-2.094479465,-1.585602463,0.3079343634,0,1,343,task,60,0,1610,30,652,0
2,120,414,-1.26619211,-0.2390598652,0.7603735372,-2.065945989,-1.58595351,0.3045701982,0,0,,transition,60,0,1610,30,652,0
2,120,415,-1.26957134,-0.2144762124,0.7051600577,-2.037412513,-1.586304557,0.3012060331,0,1,344,task,60,0,1610,30,652,0
2,120,416,-1.272816923,-0.1851658264,0.6397438134,-2.003404876,-1.586624999,0.2979722501,0,0,,transition,60,0,1610,30,652,0
2,120,417,-1.276062506,-0.1558554404,0.5743275691,-1.969397239,-1.586945441,0.2947384672,0,1,345,task,60,0,1610,30,652,0
2,120,418,-1.254774983,-0.1234509072,0.499730664,-1.924388041,-1.58617173,0.3160101147,0,1,346,task,30,0,1610,30,652,0
2,120,419,-1.251385859,-0.1555137333,0.5703103019,-1.959797638,-1.58564565,0.3193763633,0,0,,transition,60,0,1610,30,652,0
2,120,420,-1.247996734,-0.1875765595,0.6408899399,-1.995207235,-1.58511957,0.3227426119,0,1,347,task,60,0,1610,30,652,0
2,120,421,-1.244426122,-0.2140202816,0.7001638699,-2.026050565,-1.584715051,0.3262942701,0,0,,transition,60,0,1610,30,652,0
2,120,422,-1.24085551,-0.2404640037,0.7594377999,-2.056893896,-1.584310532,0.3298459284,0,1,348,task,60,0,1610,30,652,0
2,120,423,-1.237089202,-0.2633925832,0.8119998181,-2.085571083,-1.584034957,0.3336010567,0,0,,transition,60,0,1610,30,652,0
2,120,424,-1.233322893,-0.2863211627,0.8645618363,-2.114248271,-1.583759381,0.3373561849,0,1,349,task,60,0,1610,30,652,0
2,120,425,-1.225464606,-0.3268754185,0.9584461826,-2.165668372,-1.583168305,0.3451897408,0,1,350,task,60,0,1610,30,652,0
2,120,426,-1.217260629,-0.3634998689,1.044104157,-2.212795107,-1.582534747,0.3533664494,0,1,351,task,60,0,1610,30,652,0
2,120,427,-1.208689423,-0.3970394862,1.123395112,-2.256643644,-1.58185595,0.3619076721,0,1,352,task,60,0,1610,30,652,0
2,120,428,-1.199727799,-0.4280555358,1.197559235,-2.297893824,-1.581128941,0.370836405,0,1,353,task,60,0,1610,30,652,0
2,120,429,-1.19035078,-0.4569411211,1.267470234,-2.337027303,-1.580350514,0.380177416,0,1,354,task,60,0,1610,30,652,0
2,120,430,-1.180531456,-0.4839822869,1.333768865,-2.37440001,-1.579517212,0.3899573909,0,1,355,task,60,0,1610,30,652,0
2,120,431,-1.171567932,-0.5107228909,1.390828552,-2.394635163,-1.574800955,0.3986944124,0,1,356,task,60,0,1610,30,652,0
2,120,432,-1.163342214,-0.537289499,1.449838281,-2.421670574,-1.566614576,0.4067209842,0,1,357,task,60,0,1610,30,652,0
2,120,433,-1.154545342,-0.5622957766,1.511638986,-2.459671239,-1.558740242,0.4154788828,0,1,358,task,60,0,1610,30,652,0
2,120,434,-1.145281717,-0.5859871139,1.571139974,-2.496829881,-1.550859769,0.4247278575,0,1,359,task,60,0,1610,30,652,0
2,120,435,-1.141452494,-0.6092498127,1.629834431,-2.537030746,-1.529088906,0.4287176836,0,1,360,task,30,0,1610,30,652,0
2,120,436,-1.114977807,-0.5956553578,1.590384368,-2.512297184,-1.527665365,0.4551778823,0,1,361,task,30,0,1610,30,652,0
2,120,437,-1.126742634,-0.572977606,1.535417597,-2.481150053,-1.530902658,0.4434491208,0,1,362,task,60,0,1610,30,652,0
2,120,438,-1.137148657,-0.5488796952,1.475208444,-2.442805326,-1.536408885,0.4329772567,0,1,363,task,60,0,1610,30,652,0
2,120,439,-1.147038802,-0.5233988864,1.412491532,-2.403460423,-1.541927724,0.4230379936,0,1,364,task,60,0,1610,30,652,0
2,120,440,-1.156447748,-0.4964026863,1.346950651,-2.362922693,-1.547456321,0.4135954726,0,1,365,task,60,0,1610,30,652,0
2,120,441,-1.15712153,-0.4650120114,1.286854362,-2.346249615,-1.578430437,0.4133427618,0,1,366,task,30,0,1610,30,652,0
2,120,442,-1.167350302,-0.4371705331,1.219060659,-2.307917248,-1.579267392,0.4031516471,0,1,367,task,60,0,1610,30,652,0
2,120,443,-1.177128593,-0.4073209216,1.147272077,-2.267606075,-1.580052614,0.3934080821,0,1,368,task,60,0,1610,30,652,0
2,120,444,-1.186482959,-0.3751187446,1.070723089,-2.224893755,-1.580789253,0.3840857008,0,1,369,task,60,0,1610,30,652,0
2,120,445,-1.19543813,-0.3400804979,0.9883449582,-2.179193973,-1.581480245,0.3751599472,0,1,370,task,60,0,1610,30,652,0
2,120,446,-1.204017146,-0.3014950909,0.8985722593,-2.129651448,-1.582128319,0.3666079471,0,1,371,task,60,0,1610,30,652,0
2,120,447,-1.212241473,-0.258245579,0.7989529225,-2.07493023,-1.582736018,0.3584083873,0,1,372,task,60,0,1610,30,652,0
2,120,448,-1.216186295,-0.2333208435,0.7420985389,-2.043826447,-1.583020863,0.3544748949,0,0,,transition,60,0,1610,30,652,0
2,120,449,-1.220131118,-0.2083961081,0.6852441554,-2.012722663,-1.583305708,0.3505414025,0,1,373,task,60,0,1610,30,652,0
2,120,450,-1.223917928,-0.1781974377,0.617021789,-1.975526079,-1.58357265,0.3467649356,0,0,,transition,60,0,1610,30,652,0
2,120,451,-1.227704737,-0.1479987674,0.5487994226,-1.938329496,-1.583839593,0.3429884688,0,1,374,task,60,0,1610,30,652,0
2,120,452,-1.231283053,-0.1081892233,0.4606788688,-1.892205413,-1.584304743,0.3394319648,0,0,,transition,60,0,1610,30,652,0
2,120,453,-1.23486137,-0.06837967923,0.3725583149,-1.84608133,-1.584769893,0.3358754607,0,1,375,task,60,0,1610,30,652,0
2,120,454,-1.225756438,-0.1100858008,0.4690652893,-1.902087456,-1.580044022,0.3449828041,0,0,,transition,30,0,1610,30,652,0
2,120,455,-1.216651506,-0.1517919225,0.5655722637,-1.958093583,-1.575318152,0.3540901475,0,0,,transition,30,0,1610,30,652,0
2,120,456,-1.207546575,-0.1934980441,0.6620792381,-2.014099709,-1.570592281,0.3631974908,0,0,,transition,30,0,1610,30,652,0
2,120,457,-1.198441643,-0.2352041657,0.7585862125,-2.070105835,-1.565866411,0.3723048342,0,0,,transition,30,0,1610,30,652,0
2,120,458,-1.189336712,-0.2769102873,0.8550931869,-2.126111961,-1.56114054,0.3814121775,0,0,,transition,30,0,1610,30,652,0
2,120,459,-1.18023178,-0.3186164089,0.9516001613,-2.182118088,-1.55641467,0.3905195209,0,0,,transition,30,0,1610,30,652,0
2,120,460,-1.171126848,-0.3603225305,1.048107136,-2.238124214,-1.551688799,0.3996268643,0,0,,transition,30,0,1610,30,652,0
2,120,461,-1.162021917,-0.4020286521,1.14461411,-2.29413034,-1.546962929,0.4087342076,0,1,376,task,30,0,1610,30,652,0
2,120,462,-1.152452452,-0.4320408698,1.218270329,-2.338756862,-1.544595875,0.4183266412,0,1,377,task,60,0,1610,30,652,0
2,120,463,-1.146766605,-0.4620716122,1.283113531,-2.366634151,-1.528780429,0.4240586766,0,1,378,task,60,0,1610,30,652,0
2,120,464,-1.137765496,-0.4897406244,1.33680086,-2.378014251,-1.522393458,0.4328314556,0,1,379,task,60,0,1610,30,652,0
2,120,465,-1.125130236,-0.5154003501,1.390913021,-2.396997475,-1.525514215,0.4451734834,0,1,380,task,60,0,1610,30,652,0
2,120,466,-1.112358491,-0.5400064677,1.450018295,-2.430768239,-1.52709502,0.4578881011,0,1,381,task,60,0,1610,30,652,0
2,120,467,-1.098570623,-0.5629526645,1.507556406,-2.466071092,-1.529714578,0.4716518321,0,1,382,task,60,0,1610,30,652,0
2,120,468,-1.089347837,-0.5810523778,1.548919916,-2.486557573,-1.526315965,0.4807968895,0,1,383,task,60,0,1610,30,652,0
2,120,469,-1.064550097,-0.565392723,1.505360926,-2.459776329,-1.525038124,0.5055869204,0,1,384,task,30,0,1610,30,652,0
2,120,470,-1.076852636,-0.5416585166,1.451030601,-2.431934476,-1.52911736,0.4933652729,0,1,385,task,60,0,1610,30,652,0
2,120,471,-1.09102465,-0.5180916119,1.392399801,-2.396015132,-1.526025771,0.479216915,0,1,386,task,60,0,1610,30,652,0
2,120,472,-1.105073578,-0.4933517324,1.340847377,-2.379519097,-1.521131895,0.465524013,0,1,387,task,60,0,1610,30,652,0
2,120,473,-1.11658981,-0.4667813957,1.282470557,-2.354198235,-1.522235477,0.4541603965,0,1,388,task,60,0,1610,30,652,0
2,120,474,-1.126840306,-0.4385975047,1.219741566,-2.325134335,-1.525764372,0.4439835875,0,1,389,task,60,0,1610,30,652,0
2,120,475,-1.134547949,-0.4080403576,1.153404888,-2.296004735,-1.536109026,0.4362724627,0,1,390,task,60,0,1610,30,652,0
2,120,476,-1.142712145,-0.3757032469,1.079136405,-2.256485681,-1.543874205,0.4280755723,0,1,391,task,60,0,1610,30,652,0
2,120,477,-1.119178964,-0.3684709178,1.055461112,-2.237890534,-1.535061772,0.4516512564,0,1,392,task,30,0,1610,30,652,0
2,120,478,-1.11029371,-0.4010396927,1.128631524,-2.274888541,-1.528100896,0.4605537349,0,1,393,task,60,0,1610,30,652,0
2,120,479,-1.100165612,-0.4312036709,1.196744328,-2.309204519,-1.523867781,0.4706615184,0,1,394,task,60,0,1610,30,652,0
2,120,480,-1.089097331,-0.4594213245,1.260114728,-2.340011282,-1.521170721,0.4816621955,0,1,395,task,60,0,1610,30,652,0
2,120,481,-1.088506925,-0.491684161,1.333221426,-2.385180996,-1.484736861,0.4831547137,0,1,396,task,30,0,1610,30,652,0
2,120,482,-1.079836988,-0.5187464251,1.399310704,-2.429031274,-1.472368784,0.4923808885,0,1,397,task,60,0,1610,30,652,0
2,120,483,-1.064524904,-0.54249799,1.439710217,-2.42618668,-1.478746204,0.506789532,0,1,398,task,60,0,1610,30,652,0
2,120,484,-1.056885949,-0.5571081598,1.473847411,-2.446063149,-1.476773035,0.5144898249,0,1,399,task,60,0,1610,30,652,0
2,120,485,-1.048127819,-0.548205275,1.442888711,-2.436780369,-1.432384445,0.525653506,0,1,400,task,30,0,1610,30,652,0
2,120,486,-1.067403524,-0.5254995395,1.406494108,-2.443588311,-1.414897254,0.508245909,0,1,401,task,30,0,1610,30,652,0
2,120,487,-1.071775148,-0.4968064912,1.33754226,-2.396294987,-1.441409664,0.502048076,0,1,402,task,30,0,1610,30,652,0
2,120,488,-1.073501584,-0.4659165538,1.280979656,-2.383101827,-1.475258177,0.4991480338,0,1,403,task,30,0,1610,30,652,0
2,120,489,-1.087639349,-0.4388609151,1.207905909,-2.326894297,-1.469361154,0.4849569138,0,1,404,task,60,0,1610,30,652,0
2,120,490,-1.097609478,-0.409573823,1.152395235,-2.315891438,-1.474796759,0.4751024802,0,1,405,task,60,0,1610,30,652,0
2,120,491,-1.109769474,-0.3780598359,1.070772599,-2.256643527,-1.471844378,0.4628352735,0,1,406,task,60,0,1610,30,652,0
2,120,492,-1.114123909,-0.3410839304,0.9901007239,-2.215415054,-1.493722128,0.4577766192,0,1,407,task,30,0,1610,30,652,0
2,120,493,-1.114750421,-0.3161078855,0.9351430013,-2.212091895,-1.433594239,0.4602881497,0,1,408,task,30,0,1610,30,652,0
2,120,494,-1.104913117,-0.3515001469,1.011999649,-2.247698557,-1.430873849,0.4702479244,0,1,409,task,60,0,1610,30,652,0
2,120,495,-1.094331994,-0.384641001,1.086293831,-2.286338559,-1.429240442,0.4809493841,0,1,410,task,60,0,1610,30,652,0
2,120,496,-1.083962796,-0.4156066925,1.152445583,-2.315296104,-1.425494617,0.4914580175,0,1,411,task,60,0,1610,30,652,0
2,120,497,-1.073109849,-0.4450560159,1.215860666,-2.344355238,-1.421876445,0.5024589801,0,1,412,task,60,0,1610,30,652,0
2,120,498,-1.061734887,-0.4731581235,1.276692842,-2.373233422,-1.418423905,0.51399196,0,1,413,task,60,0,1610,30,652,0
2,120,499,-1.049624595,-0.5000337915,1.335934656,-2.403680174,-1.415683322,0.5262798664,0,1,414,task,60,0,1610,30,652,0
2,120,500,-1.047312395,-0.5299006296,1.388902232,-2.414561967,-1.381961821,0.5304967476,0,1,415,task,30,0,1610,30,652,0
2,120,501,-1.04490686,-0.5416150043,1.411653349,-2.423283523,-1.372264984,0.5335763452,0,1,416,task,60,0,1610,30,652,0
2,120,502,-1.050172434,-0.507096542,1.334587533,-2.392307733,-1.364113972,0.5296284044,0,0,,transition,30,0,1610,30,652,0
2,120,503,-1.055438008,-0.4725780798,1.257521717,-2.361331943,-1.35596296,0.5256804636,0,1,417,task,30,0,1610,30,652,0
2,120,504,-1.059433684,-0.4418065499,1.202768521,-2.352191338,-1.383418218,0.5197776932,0,1,418,task,60,0,1610,30,652,0
2,120,505,-1.070567624,-0.4121017218,1.138588754,-2.321307765,-1.386764511,0.5083427156,0,1,419,task,60,0,1610,30,652,0
2,120,506,-1.080455131,-0.3798846774,1.066484922,-2.281876238,-1.392902168,0.4978361246,0,1,420,task,60,0,1610,30,652,0
2,120,507,-1.086851406,-0.3436599043,0.9833399911,-2.232262449,-1.409898585,0.4899888837,0,1,421,task,60,0,1610,30,652,0
2,120,508,-1.09148823,-0.3035152336,0.8932969458,-2.181311719,-1.43218162,0.4837901469,0,1,422,task,30,0,1610,30,652,0
2,120,509,-1.128358366,-0.4009986772,0.9454125654,-2.134349279,-1.442844572,0.4465755202,0,0,,transition,30,0,1610,30,652,0
2,120,510,-1.165228502,-0.4984821208,0.9975281849,-2.087386839,-1.453507525,0.4093608935,0,0,,transition,30,0,1610,30,652,0
2,120,511,-1.202098639,-0.5959655643,1.049643804,-2.0404244,-1.464170477,0.3721462668,0,0,,transition,30,0,1610,30,652,0
2,120,512,-1.238968775,-0.6934490079,1.101759424,-1.99346196,-1.474833429,0.3349316402,0,0,,transition,30,0,1610,30,652,0
2,120,513,-1.275838911,-0.7909324515,1.153875044,-1.94649952,-1.485496381,0.2977170135,0,0,,transition,30,0,1610,30,652,0
2,120,514,-1.312709047,-0.888415895,1.205990663,-1.89953708,-1.496159334,0.2605023868,0,0,,transition,30,0,1610,30,652,0
2,120,515,-1.349579183,-0.9858993386,1.258106283,-1.85257464,-1.506822286,0.2232877601,0,0,,transition,30,0,1610,30,652,0
2,120,516,-1.386449319,-1.083382782,1.310221902,-1.8056122,-1.517485238,0.1860731334,0,0,,transition,30,0,1610,30,652,0
2,120,517,-1.423319455,-1.180866226,1.362337522,-1.75864976,-1.528148191,0.1488585067,0,0,,transition,30,0,1610,30,652,0
2,120,518,-1.460189592,-1.278349669,1.414453141,-1.71168732,-1.538811143,0.1116438801,0,0,,transition,30,0,1610,30,652,0
2,120,519,-1.497059728,-1.375833113,1.466568761,-1.66472488,-1.549474095,0.07442925337,0,0,,transition,30,0,1610,30,652,0
2,120,520,-1.533929864,-1.473316556,1.51868438,-1.61776244,-1.560137048,0.03721462668,0,0,,transition,30,0,1610,30,652,0
2,120,521,-1.5708,-1.5708,1.5708,-1.5708,-1.5708,0,0,0,,home,60,0,1610,30,652,0
