target_line,group_id,point_id,q1,q2,q3,q4,q5,q6,is_discontinuous,is_task_waypoint,source_point_id,waypoint_kind,speed,base_y_error_mm,base_y_actual_mm,standoff_mm,base_height_mm,lift_mm
1,104,1,-1.5708,-1.5708,1.5708,-1.5708,-1.5708,0,0,0,,home,60,0,-1610,10,652,0
1,104,2,-1.605797966,-1.470937053,1.511350623,-1.607552196,-1.564481184,-0.03512505669,0,0,,transition,30,0,-1610,10,652,0
1,104,3,-1.640795932,-1.371074107,1.451901247,-1.644304392,-1.558162368,-0.07025011338,0,0,,transition,30,0,-1610,10,652,0
1,104,4,-1.675793898,-1.27121116,1.39245187,-1.681056589,-1.551843552,-0.1053751701,0,0,,transition,30,0,-1610,10,652,0
1,104,5,-1.710791864,-1.171348213,1.333002493,-1.717808785,-1.545524737,-0.1405002268,0,0,,transition,30,0,-1610,10,652,0
1,104,6,-1.74578983,-1.071485267,1.273553117,-1.754560981,-1.539205921,-0.1756252835,0,0,,transition,30,0,-1610,10,652,0
1,104,7,-1.780787796,-0.9716223199,1.21410374,-1.791313177,-1.532887105,-0.2107503401,0,0,,transition,30,0,-1610,10,652,0
1,104,8,-1.815785762,-0.8717593732,1.154654363,-1.828065373,-1.526568289,-0.2458753968,0,0,,transition,30,0,-1610,10,652,0
1,104,9,-1.850783728,-0.7718964265,1.095204986,-1.86481757,-1.520249473,-0.2810004535,0,0,,transition,30,0,-1610,10,652,0
1,104,10,-1.885781694,-0.6720334799,1.03575561,-1.901569766,-1.513930657,-0.3161255102,0,0,,transition,30,0,-1610,10,652,0
1,104,11,-1.920779659,-0.5721705332,0.9763062331,-1.938321962,-1.507611842,-0.3512505669,0,0,,transition,30,0,-1610,10,652,0
1,104,12,-1.955777625,-0.4723075865,0.9168568564,-1.975074158,-1.501293026,-0.3863756236,0,0,,transition,30,0,-1610,10,652,0
1,104,13,-1.990775591,-0.3724446398,0.8574074797,-2.011826354,-1.49497421,-0.4215006803,0,0,,transition,30,0,-1610,10,652,0
1,104,14,-2.025773557,-0.2725816931,0.797958103,-2.048578551,-1.488655394,-0.456625737,0,1,1,task,60,0,-1610,10,652,0
1,104,15,-2.030857509,-0.2954744562,0.8508209891,-2.077207021,-1.489334412,-0.4616991529,0,0,,transition,60,0,-1610,10,652,0
1,104,16,-2.035941461,-0.3183672194,0.9036838752,-2.105835492,-1.490013431,-0.4667725687,0,1,2,task,60,0,-1610,10,652,0
1,104,17,-2.046551795,-0.3590789144,0.9987550403,-2.157499807,-1.491440721,-0.4773567126,0,1,3,task,60,0,-1610,10,652,0
1,104,18,-2.057632512,-0.395986187,1.085967853,-2.205098797,-1.492942014,-0.488405665,0,1,4,task,60,0,-1610,10,652,0
1,104,19,-2.069213812,-0.4298817823,1.167078815,-2.249596833,-1.494522461,-0.4999491244,0,1,5,task,60,0,-1610,10,652,0
1,104,20,-2.081328349,-0.4612967802,1.243275236,-2.291650953,-1.49618765,-0.5120191964,0,1,6,task,60,0,-1610,10,652,0
1,104,21,-2.094011464,-0.4906045818,1.315402851,-2.331734528,-1.497943647,-0.5246506185,0,1,7,task,60,0,-1610,10,652,0
1,104,22,-2.107301438,-0.5180767561,1.384088143,-2.370203783,-1.499797039,-0.5378810068,0,1,8,task,60,0,-1610,10,652,0
1,104,23,-2.121239761,-0.5439154208,1.449809369,-2.407336498,-1.501754985,-0.5517511261,0,1,9,task,60,0,-1610,10,652,0
1,104,24,-2.13587144,-0.5682731397,1.512940336,-2.443355942,-1.503825261,-0.5663051839,0,1,10,task,60,0,-1610,10,652,0
1,104,25,-2.151245321,-0.5912657141,1.573778667,-2.478446429,-1.506016318,-0.5815911513,0,1,11,task,60,0,-1610,10,652,0
1,104,26,-2.16741444,-0.6129806979,1.632564767,-2.512763853,-1.508337336,-0.5976611092,0,1,12,task,60,0,-1610,10,652,0
1,104,27,-2.18020667,-0.6370705729,1.68471134,-2.532628436,-1.522252785,-0.609603149,0,1,13,task,60,0,-1610,10,652,0
1,104,28,-2.198310438,-0.6578845835,1.74175374,-2.568209334,-1.524052813,-0.6276530443,0,1,14,task,60,0,-1610,10,652,0
1,104,29,-2.217451729,-0.6775483668,1.797175676,-2.603331882,-1.525905448,-0.6467381931,0,1,15,task,60,0,-1610,10,652,0
1,104,30,-2.222579364,-0.6824529232,1.811261411,-2.612347221,-1.526401241,-0.6518504184,0,1,16,task,60,0,-1610,10,652,0
1,104,31,-2.243052586,-0.6719000929,1.777769513,-2.58677131,-1.540688711,-0.6715591114,0,1,17,task,30,0,-1610,10,652,0
1,104,32,-2.226768946,-0.6503111401,1.724561477,-2.55687477,-1.529964807,-0.655838145,0,1,18,task,60,0,-1610,10,652,0
1,104,33,-2.209772265,-0.6286016328,1.669650401,-2.525968006,-1.523542431,-0.6391915204,0,1,19,task,60,0,-1610,10,652,0
1,104,34,-2.193614831,-0.6058632116,1.613064525,-2.494561815,-1.517256928,-0.6233725628,0,1,20,task,60,0,-1610,10,652,0
1,104,35,-2.177742963,-0.5825913165,1.555517972,-2.464214149,-1.512546022,-0.6077724768,0,1,21,task,60,0,-1610,10,652,0
1,104,36,-2.162566788,-0.5582296845,1.496041306,-2.433239641,-1.508147748,-0.5928395226,0,1,22,task,60,0,-1610,10,652,0
1,104,37,-2.147668084,-0.5329674156,1.433593634,-2.399463976,-1.505198662,-0.5780826596,0,1,23,task,60,0,-1610,10,652,0
1,104,38,-2.133093789,-0.5065550631,1.367866916,-2.362859775,-1.503513713,-0.563568246,0,1,24,task,60,0,-1610,10,652,0
1,104,39,-2.119215032,-0.478714498,1.299113947,-2.324607527,-1.501837329,-0.5497455033,0,1,25,task,60,0,-1610,10,652,0
1,104,40,-2.106021722,-0.4494476003,1.226877926,-2.284209926,-1.50004658,-0.5366101758,0,1,26,task,60,0,-1610,10,652,0
1,104,41,-2.093411131,-0.4180173134,1.150446914,-2.241774325,-1.498347398,-0.5240502724,0,1,27,task,60,0,-1610,10,652,0
1,104,42,-2.081347889,-0.3840316257,1.068936044,-2.196806569,-1.496733811,-0.5120310167,0,1,28,task,60,0,-1610,10,652,0
1,104,43,-2.069799219,-0.3469293991,0.9810935693,-2.148615002,-1.495200295,-0.5005201731,0,1,29,task,60,0,-1610,10,652,0
1,104,44,-2.058734725,-0.3058652658,0.8850489601,-2.096173629,-1.493741747,-0.4894878424,0,1,30,task,60,0,-1610,10,652,0
1,104,45,-2.053430463,-0.2826661044,0.8314153588,-2.067003628,-1.493047595,-0.4841970578,0,0,,transition,60,0,-1610,10,652,0
1,104,46,-2.048126202,-0.259466943,0.7777817575,-2.037833627,-1.492353444,-0.4789062731,0,1,31,task,60,0,-1610,10,652,0
1,104,47,-2.067713477,-0.2249080212,0.7087173226,-2.001302678,-1.489152147,-0.4987171926,0,1,32,task,30,0,-1610,10,652,0
1,104,48,-2.073314493,-0.2499327246,0.7662988154,-2.032585933,-1.489268698,-0.5043341148,0,0,,transition,60,0,-1610,10,652,0
1,104,49,-2.078915508,-0.274957428,0.8238803081,-2.063869189,-1.48938525,-0.509951037,0,1,33,task,60,0,-1610,10,652,0
1,104,50,-2.084643153,-0.2967813906,0.874367003,-2.091112623,-1.489935431,-0.5156724628,0,0,,transition,60,0,-1610,10,652,0
1,104,51,-2.090370797,-0.3186053531,0.9248536979,-2.118356058,-1.490485612,-0.5213938887,0,1,34,task,60,0,-1610,10,652,0
1,104,52,-2.102143381,-0.3577675953,1.015954503,-2.167251093,-1.492275886,-0.533115373,0,1,35,task,60,0,-1610,10,652,0
1,104,53,-2.114424413,-0.3934506053,1.099856617,-2.212422555,-1.494159176,-0.5453367025,0,1,36,task,60,0,-1610,10,652,0
1,104,54,-2.127244948,-0.4263438281,1.178085584,-2.254708208,-1.496141572,-0.5580882279,0,1,37,task,60,0,-1610,10,652,0
1,104,55,-2.13986435,-0.4575323753,1.251898608,-2.294785706,-1.500778946,-0.5704951184,0,1,38,task,60,0,-1610,10,652,0
1,104,56,-2.153437888,-0.4866632721,1.322525358,-2.334428433,-1.504293757,-0.583920361,0,1,39,task,60,0,-1610,10,652,0
1,104,57,-2.168173867,-0.5137644844,1.39022663,-2.373534929,-1.506250463,-0.5985947173,0,1,40,task,60,0,-1610,10,652,0
1,104,58,-2.183519487,-0.5393289447,1.454704109,-2.410628469,-1.508589602,-0.6138515795,0,1,41,task,60,0,-1610,10,652,0
1,104,59,-2.198502148,-0.564354195,1.513815137,-2.439494231,-1.514275794,-0.6284942613,0,1,42,task,60,0,-1610,10,652,0
1,104,60,-2.213925382,-0.588481684,1.571307347,-2.468502143,-1.520902332,-0.6435188334,0,1,43,task,60,0,-1610,10,652,0
1,104,61,-2.229608313,-0.6119705768,1.627771123,-2.498659605,-1.529052386,-0.6587400626,0,1,44,task,60,0,-1610,10,652,0
1,104,62,-2.246487214,-0.6343208539,1.683158372,-2.52985143,-1.536211392,-0.6752318757,0,1,45,task,60,0,-1610,10,652,0
1,104,63,-2.264773454,-0.655494007,1.737708574,-2.562501455,-1.542073852,-0.693230533,0,1,46,task,60,0,-1610,10,652,0
1,104,64,-2.267326107,-0.658286277,1.744982012,-2.566896092,-1.542876501,-0.695744029,0,1,47,task,60,0,-1610,10,652,0
1,104,65,-2.290682568,-0.6439071358,1.710339382,-2.546007765,-1.544997055,-0.7190124324,0,1,48,task,30,0,-1610,10,652,0
1,104,66,-2.271418346,-0.6229224351,1.65579894,-2.513013426,-1.540766342,-0.6999514805,0,1,49,task,60,0,-1610,10,652,0
1,104,67,-2.253085883,-0.6008486433,1.599448371,-2.479394765,-1.536632308,-0.6818169762,0,1,50,task,60,0,-1610,10,652,0
1,104,68,-2.236500986,-0.5772911731,1.542076241,-2.447241866,-1.530059574,-0.6655871817,0,1,51,task,60,0,-1610,10,652,0
1,104,69,-2.222428599,-0.5519890813,1.485080951,-2.419851345,-1.518384169,-0.6522161649,0,1,52,task,60,0,-1610,10,652,0
1,104,70,-2.207934321,-0.5263945618,1.427861451,-2.395611726,-1.510018847,-0.6382714322,0,1,53,task,60,0,-1610,10,652,0
1,104,71,-2.192274707,-0.5006311604,1.363221893,-2.358493585,-1.507395489,-0.6227186652,0,1,54,task,60,0,-1610,10,652,0
1,104,72,-2.177417062,-0.4731328877,1.295450533,-2.319874519,-1.504529701,-0.6079776357,0,1,55,task,60,0,-1610,10,652,0
1,104,73,-2.163325589,-0.443681848,1.224057177,-2.279479657,-1.501371836,-0.5940154146,0,1,56,task,60,0,-1610,10,652,0
1,104,74,-2.149844606,-0.4121090722,1.148489181,-2.237062138,-1.498287468,-0.5806575697,0,1,57,task,60,0,-1610,10,652,0
1,104,75,-2.136818123,-0.3786360984,1.06978628,-2.19535089,-1.495693824,-0.5677422154,0,1,58,task,60,0,-1610,10,652,0
1,104,76,-2.12430532,-0.3423567003,0.9854156673,-2.15109033,-1.493282308,-0.5553256838,0,1,59,task,60,0,-1610,10,652,0
1,104,77,-2.112234992,-0.3024566566,0.8933388985,-2.102690136,-1.491203035,-0.5433262699,0,1,60,task,60,0,-1610,10,652,0
1,104,78,-2.106207222,-0.2801469111,0.8417303495,-2.075014785,-1.49108268,-0.537282953,0,0,,transition,60,0,-1610,10,652,0
1,104,79,-2.100179452,-0.2578371656,0.7901218006,-2.047339434,-1.490962326,-0.5312396361,0,1,61,task,60,0,-1610,10,652,0
1,104,80,-2.094408373,-0.2319047159,0.730723253,-2.015354357,-1.490813902,-0.5254541204,0,0,,transition,60,0,-1610,10,652,0
1,104,81,-2.088637294,-0.2059722663,0.6713247055,-1.98336928,-1.490665477,-0.5196686048,0,1,62,task,60,0,-1610,10,652,0
1,104,82,-2.107837542,-0.1749352983,0.6053189522,-1.947143108,-1.491115085,-0.5389316172,0,1,63,task,30,0,-1610,10,652,0
1,104,83,-2.113648866,-0.203329293,0.6705483831,-1.983428074,-1.491626449,-0.5447425595,0,0,,transition,60,0,-1610,10,652,0
1,104,84,-2.119460189,-0.2317232877,0.7357778139,-2.01971304,-1.492137814,-0.5505535017,0,1,64,task,60,0,-1610,10,652,0
1,104,85,-2.125549529,-0.2554245126,0.790668538,-2.049839869,-1.492528336,-0.5566474312,0,0,,transition,60,0,-1610,10,652,0
1,104,86,-2.13163887,-0.2791257375,0.8455592621,-2.079966699,-1.492918857,-0.5627413607,0,1,65,task,60,0,-1610,10,652,0
1,104,87,-2.1444549,-0.3201456081,0.94009013,-2.128654654,-1.493279378,-0.5755770682,0,1,66,task,60,0,-1610,10,652,0
1,104,88,-2.156931972,-0.3575030869,1.025060321,-2.170663921,-1.496809144,-0.5878828088,0,1,67,task,60,0,-1610,10,652,0
1,104,89,-2.17006915,-0.3920904219,1.105314282,-2.212387402,-1.4999631,-0.600869067,0,1,68,task,60,0,-1610,10,652,0
1,104,90,-2.18402644,-0.4244434379,1.182752154,-2.256127939,-1.502354944,-0.6147415144,0,1,69,task,60,0,-1610,10,652,0
1,104,91,-2.198602375,-0.454488989,1.255596877,-2.297595053,-1.504816084,-0.6292274312,0,1,70,task,60,0,-1610,10,652,0
1,104,92,-2.213834432,-0.4825536687,1.324583377,-2.337199682,-1.507350702,-0.6443639605,0,1,71,task,60,0,-1610,10,652,0
1,104,93,-2.229522807,-0.5089479873,1.389771887,-2.374174797,-1.510709697,-0.6598986373,0,1,72,task,60,0,-1610,10,652,0
1,104,94,-2.241265707,-0.5362868053,1.444110547,-2.390740235,-1.528217297,-0.6704778338,0,1,73,task,60,0,-1610,10,652,0
1,104,95,-2.256645566,-0.561716226,1.503416699,-2.422386077,-1.536629549,-0.6853817042,0,1,74,task,60,0,-1610,10,652,0
1,104,96,-2.2745411,-0.5851734174,1.562135738,-2.457023851,-1.540002452,-0.7031188201,0,1,75,task,60,0,-1610,10,652,0
1,104,97,-2.293304514,-0.6074368369,1.618740873,-2.490809314,-1.543465298,-0.7217182159,0,1,76,task,60,0,-1610,10,652,0
1,104,98,-2.312990557,-0.6285771169,1.673412206,-2.523859795,-1.54702211,-0.7412346379,0,1,77,task,60,0,-1610,10,652,0
1,104,99,-2.313143878,-0.6287336602,1.673820773,-2.524108476,-1.547049517,-0.7413866489,0,1,78,task,60,0,-1610,10,652,0
1,104,100,-2.334734515,-0.6127329699,1.635393142,-2.501192308,-1.549033629,-0.7628915033,0,1,79,task,30,0,-1610,10,652,0
1,104,101,-2.314178491,-0.5916273752,1.581120924,-2.46940657,-1.547558465,-0.7424270016,0,1,80,task,60,0,-1610,10,652,0
1,104,102,-2.294545132,-0.5693723617,1.524775178,-2.436695439,-1.546212999,-0.7228769625,0,1,81,task,60,0,-1610,10,652,0
1,104,103,-2.275784019,-0.5458868843,1.466164318,-2.402944728,-1.544989193,-0.7041916422,0,1,82,task,60,0,-1610,10,652,0
1,104,104,-2.258280197,-0.5209430975,1.4072826,-2.373020626,-1.542595349,-0.686900841,0,1,83,task,60,0,-1610,10,652,0
1,104,105,-2.243561707,-0.4942907987,1.350346194,-2.351516579,-1.533950142,-0.6727941028,0,1,84,task,60,0,-1610,10,652,0
1,104,106,-2.229905926,-0.4661969387,1.284774934,-2.315464628,-1.523814119,-0.6596280441,0,1,85,task,60,0,-1610,10,652,0
1,104,107,-2.216126564,-0.4366981432,1.214876986,-2.27583557,-1.51603538,-0.646219676,0,1,86,task,60,0,-1610,10,652,0
1,104,108,-2.202413493,-0.4053436863,1.140110838,-2.232664725,-1.51003615,-0.6327811692,0,1,87,task,60,0,-1610,10,652,0
1,104,109,-2.189272052,-0.3714918694,1.060330009,-2.187087988,-1.504075734,-0.6199188842,0,1,88,task,60,0,-1610,10,652,0
1,104,110,-2.176948684,-0.3354260265,0.9792971192,-2.147122423,-1.497179236,-0.607976414,0,1,89,task,60,0,-1610,10,652,0
1,104,111,-2.163875886,-0.2976254973,0.8950045523,-2.109515905,-1.494866246,-0.5950193251,0,1,90,task,60,0,-1610,10,652,0
1,104,112,-2.157430335,-0.2756809482,0.8435045558,-2.080509196,-1.494355959,-0.5885732458,0,0,,transition,60,0,-1610,10,652,0
1,104,113,-2.150984785,-0.2537363991,0.7920045592,-2.051502487,-1.493845673,-0.5821271664,0,1,91,task,60,0,-1610,10,652,0
1,104,114,-2.144793554,-0.2282090021,0.7328904752,-2.018453054,-1.493357586,-0.5759346867,0,0,,transition,60,0,-1610,10,652,0
1,104,115,-2.138602323,-0.2026816052,0.6737763911,-1.98540362,-1.4928695,-0.5697422071,0,1,92,task,60,0,-1610,10,652,0
1,104,116,-2.132651915,-0.1712781681,0.6020232251,-1.945579875,-1.492402166,-0.5637899148,0,0,,transition,60,0,-1610,10,652,0
1,104,117,-2.126701507,-0.139874731,0.5302700592,-1.905756129,-1.491934831,-0.5578376225,0,1,93,task,60,0,-1610,10,652,0
1,104,118,-2.141538327,-0.1097697164,0.4619802151,-1.868595354,-1.512401024,-0.5717771815,0,1,94,task,30,0,-1610,10,652,0
1,104,119,-2.14744004,-0.1444986284,0.5406345913,-1.911953005,-1.513406347,-0.5776487553,0,0,,transition,60,0,-1610,10,652,0
1,104,120,-2.153341754,-0.1792275404,0.6192889676,-1.955310657,-1.51441167,-0.5835203291,0,1,95,task,60,0,-1610,10,652,0
1,104,121,-2.159476832,-0.2064998703,0.6818274934,-1.990016377,-1.515439421,-0.5896237965,0,0,,transition,60,0,-1610,10,652,0
1,104,122,-2.16561191,-0.2337722002,0.7443660193,-2.024722098,-1.516467171,-0.5957272639,0,1,96,task,60,0,-1610,10,652,0
1,104,123,-2.171993078,-0.256851355,0.7979379466,-2.054662652,-1.517518505,-0.602075277,0,0,,transition,60,0,-1610,10,652,0
1,104,124,-2.178374246,-0.2799305099,0.8515098739,-2.084603205,-1.518569839,-0.60842329,0,1,97,task,60,0,-1610,10,652,0
1,104,125,-2.19165583,-0.3204769776,0.9468030989,-2.138264094,-1.520722104,-0.6216353267,0,1,98,task,60,0,-1610,10,652,0
1,104,126,-2.203513775,-0.3569324346,1.023973908,-2.169102653,-1.529757767,-0.6329824968,0,1,99,task,60,0,-1610,10,652,0
1,104,127,-2.217876024,-0.3911140221,1.104093676,-2.213187514,-1.531983009,-0.6472427818,0,1,100,task,60,0,-1610,10,652,0
1,104,128,-2.232838018,-0.422682236,1.178861179,-2.254561675,-1.534295958,-0.6620953765,0,1,101,task,60,0,-1610,10,652,0
1,104,129,-2.248432955,-0.4520579732,1.24920898,-2.293740771,-1.536701266,-0.6775730975,0,1,102,task,60,0,-1610,10,652,0
1,104,130,-2.264695996,-0.4795455068,1.315815676,-2.331103589,-1.539203788,-0.6937107153,0,1,103,task,60,0,-1610,10,652,0
1,104,131,-2.281592947,-0.5057926245,1.378066983,-2.363909664,-1.541979987,-0.7104259423,0,1,104,task,60,0,-1610,10,652,0
1,104,132,-2.299172475,-0.5308616401,1.437014693,-2.39391295,-1.545010446,-0.7277791956,0,1,105,task,60,0,-1610,10,652,0
1,104,133,-2.317502567,-0.5546940834,1.493522187,-2.422778717,-1.548231815,-0.7458584552,0,1,106,task,60,0,-1610,10,652,0
1,104,134,-2.337135836,-0.5771857982,1.548296038,-2.451769651,-1.550180619,-0.7653103202,0,1,107,task,60,0,-1610,10,652,0
1,104,135,-2.355480913,-0.5958673562,1.595009189,-2.477244197,-1.550949645,-0.7835537172,0,1,108,task,60,0,-1610,10,652,0
1,104,136,-2.365489243,-0.5831747922,1.552752961,-2.451228819,-1.581167823,-0.7922643259,0,1,109,task,30,0,-1610,10,652,0
1,104,137,-2.350698046,-0.5584874506,1.501164393,-2.427508015,-1.563247326,-0.7783905895,0,1,110,task,60,0,-1610,10,652,0
1,104,138,-2.332636152,-0.5348354321,1.445538115,-2.39780795,-1.556949747,-0.7606920716,0,1,111,task,60,0,-1610,10,652,0
1,104,139,-2.315305177,-0.509983143,1.387565334,-2.367144012,-1.550791743,-0.7437121693,0,1,112,task,60,0,-1610,10,652,0
1,104,140,-2.298668801,-0.4838116523,1.32697679,-2.33535158,-1.54476981,-0.7274137224,0,1,113,task,60,0,-1610,10,652,0
1,104,141,-2.28225702,-0.4566153157,1.262983779,-2.300907072,-1.540269021,-0.7112482314,0,1,114,task,60,0,-1610,10,652,0
1,104,142,-2.265997613,-0.4281909441,1.194956561,-2.263229435,-1.537517356,-0.6951325505,0,1,115,task,60,0,-1610,10,652,0
1,104,143,-2.250384412,-0.3977115305,1.122783491,-2.223506709,-1.534867059,-0.6796538088,0,1,116,task,60,0,-1610,10,652,0
1,104,144,-2.254207063,-0.3737744084,1.068406913,-2.193946701,-1.534076133,-0.6835396244,0,0,,transition,30,0,-1610,10,652,0
1,104,145,-2.258029715,-0.3498372862,1.014030335,-2.164386694,-1.533285207,-0.68742544,0,1,117,task,30,0,-1610,10,652,0
1,104,146,-2.273240627,-0.3832376648,1.091747447,-2.206439848,-1.536208266,-0.7024852457,0,1,118,task,60,0,-1610,10,652,0
1,104,147,-2.289054885,-0.4141082305,1.164237033,-2.245849193,-1.539235983,-0.718137766,0,1,119,task,60,0,-1610,10,652,0
1,104,148,-2.305502796,-0.4428515151,1.232386225,-2.283105275,-1.54237298,-0.7344129391,0,1,120,task,60,0,-1610,10,652,0
1,104,149,-2.321687891,-0.4706301709,1.295998158,-2.316075975,-1.54854556,-0.7502467649,0,1,121,task,60,0,-1610,10,652,0
1,104,150,-2.338267309,-0.497128543,1.356317654,-2.347007935,-1.555627439,-0.7664164457,0,1,122,task,60,0,-1610,10,652,0
1,104,151,-2.355510592,-0.5222907947,1.413942946,-2.376787618,-1.562853051,-0.7832364541,0,1,123,task,60,0,-1610,10,652,0
1,104,152,-2.372794531,-0.5467494147,1.469161973,-2.40530221,-1.572151338,-0.8000074347,0,1,124,task,60,0,-1610,10,652,0
1,104,153,-2.384785307,-0.5651985509,1.508801445,-2.425469463,-1.582883755,-0.8114851636,0,1,125,task,60,0,-1610,10,652,0
1,104,154,-2.403322755,-0.5461897699,1.462650404,-2.398565665,-1.584528028,-0.8299510903,0,1,126,task,30,0,-1610,10,652,0
1,104,155,-2.38546924,-0.5216061737,1.407394727,-2.368481117,-1.575329283,-0.8125306493,0,1,127,task,60,0,-1610,10,652,0
1,104,156,-2.368279724,-0.4960282704,1.350157491,-2.338224585,-1.56627835,-0.795811394,0,1,128,task,60,0,-1610,10,652,0
1,104,157,-2.351668025,-0.4697640549,1.291577257,-2.309099519,-1.557534124,-0.7797223158,0,1,129,task,60,0,-1610,10,652,0
1,104,158,-2.335663615,-0.4420656203,1.230045593,-2.278705947,-1.548943359,-0.7642259393,0,1,130,task,60,0,-1610,10,652,0
1,104,159,-2.31957067,-0.4132586546,1.16443219,-2.244981113,-1.542713881,-0.7484974623,0,1,131,task,60,0,-1610,10,652,0
1,104,160,-2.303342251,-0.383028643,1.093908587,-2.207231415,-1.539075032,-0.7324773102,0,1,132,task,60,0,-1610,10,652,0
1,104,161,-2.287714971,-0.3503829576,1.018372069,-2.166960397,-1.535554582,-0.7170446675,0,1,133,task,60,0,-1610,10,652,0
1,104,162,-2.29213834,-0.3260345012,0.9642766626,-2.138644847,-1.534165637,-0.7215735131,0,0,,transition,30,0,-1610,10,652,0
1,104,163,-2.296561708,-0.3016860449,0.9101812559,-2.110329296,-1.532776692,-0.7261023588,0,1,134,task,30,0,-1610,10,652,0
1,104,164,-2.311880676,-0.3376847462,0.9922131185,-2.153385977,-1.536471004,-0.7412176595,0,1,135,task,60,0,-1610,10,652,0
1,104,165,-2.327591582,-0.3705886915,1.067374129,-2.192393062,-1.540885997,-0.7566704104,0,1,136,task,60,0,-1610,10,652,0
1,104,166,-2.343871853,-0.4010373857,1.13737218,-2.228778891,-1.54547328,-0.7726712895,0,1,137,task,60,0,-1610,10,652,0
1,104,167,-2.358962124,-0.4306685701,1.201438985,-2.258836822,-1.556041299,-0.7871242925,0,1,138,task,60,0,-1610,10,652,0
1,104,168,-2.374413739,-0.4587866468,1.261934744,-2.287010896,-1.567327857,-0.8018895628,0,1,139,task,60,0,-1610,10,652,0
1,104,169,-2.391671954,-0.4856916551,1.322335566,-2.319469508,-1.574851252,-0.818760032,0,1,140,task,60,0,-1610,10,652,0
1,104,170,-2.409801805,-0.5112297354,1.380313487,-2.351550532,-1.581834908,-0.8365582548,0,1,141,task,60,0,-1610,10,652,0
1,104,171,-2.421130517,-0.5260778639,1.414166646,-2.370451451,-1.586103174,-0.8476909306,0,1,142,task,60,0,-1610,10,652,0
1,104,172,-2.438237543,-0.5047772435,1.363181384,-2.341040596,-1.587611807,-0.8647335108,0,1,143,task,30,0,-1610,10,652,0
1,104,173,-2.419341353,-0.479623213,1.305712044,-2.308730686,-1.581774445,-0.846104174,0,1,144,task,60,0,-1610,10,652,0
1,104,174,-2.401135596,-0.4530261094,1.245256815,-2.275068992,-1.576005278,-0.8281711823,0,1,145,task,60,0,-1610,10,652,0
1,104,175,-2.383592057,-0.4248003294,1.181410691,-2.239823934,-1.570306066,-0.8109046175,0,1,146,task,60,0,-1610,10,652,0
1,104,176,-2.369348564,-0.3947222769,1.119134628,-2.21280026,-1.555737018,-0.7975499447,0,1,147,task,60,0,-1610,10,652,0
1,104,177,-2.354757454,-0.3635747099,1.052788756,-2.183168735,-1.544050317,-0.7836908922,0,1,148,task,60,0,-1610,10,652,0
1,104,178,-2.339026773,-0.3308977243,0.9794684127,-2.14674195,-1.538183768,-0.7683251099,0,1,149,task,60,0,-1610,10,652,0
1,104,179,-2.323160787,-0.2950657757,0.8974656955,-2.103033161,-1.534865144,-0.7526393381,0,1,150,task,60,0,-1610,10,652,0
1,104,180,-2.327871044,-0.2694619935,0.8403270216,-2.072127082,-1.534286237,-0.7574017118,0,0,,transition,30,0,-1610,10,652,0
1,104,181,-2.332581301,-0.2438582113,0.7831883477,-2.041221004,-1.53370733,-0.7621640856,0,1,151,task,30,0,-1610,10,652,0
1,104,182,-2.348328351,-0.2841141732,0.8747968524,-2.090410404,-1.536670784,-0.7777575779,0,1,152,task,60,0,-1610,10,652,0
1,104,183,-2.364630907,-0.3201480688,0.9573936042,-2.134869441,-1.539732972,-0.7938961657,0,1,153,task,60,0,-1610,10,652,0
1,104,184,-2.379488634,-0.3529799939,1.027555897,-2.165447334,-1.549856391,-0.8080841738,0,1,154,task,60,0,-1610,10,652,0
1,104,185,-2.391376009,-0.3857086997,1.090647593,-2.188078758,-1.571705411,-0.8186220793,0,1,155,task,60,0,-1610,10,652,0
1,104,186,-2.408819665,-0.4157571931,1.158433999,-2.225561877,-1.576628778,-0.8358282223,0,1,156,task,60,0,-1610,10,652,0
1,104,187,-2.426900459,-0.443869961,1.222143052,-2.261054294,-1.581616233,-0.8536738567,0,1,157,task,60,0,-1610,10,652,0
1,104,188,-2.44564401,-0.4703037841,1.28233328,-2.29486786,-1.586666409,-0.8721858579,0,1,158,task,60,0,-1610,10,652,0
1,104,189,-2.454672553,-0.4821827902,1.309480639,-2.310221526,-1.589056582,-0.8811074184,0,1,159,task,60,0,-1610,10,652,0
1,104,190,-2.470463838,-0.4581635387,1.252791725,-2.277850095,-1.590440161,-0.8968408063,0,1,160,task,30,0,-1610,10,652,0
1,104,191,-2.450172374,-0.4328190594,1.195876197,-2.249946802,-1.589759077,-0.8767933951,0,1,161,task,60,0,-1610,10,652,0
1,104,192,-2.430536727,-0.405841238,1.13542858,-2.220146896,-1.58928582,-0.8573842721,0,1,162,task,60,0,-1610,10,652,0
1,104,193,-2.411537588,-0.3769841567,1.070922943,-2.188164611,-1.589011084,-0.8385955841,0,1,163,task,60,0,-1610,10,652,0
1,104,194,-2.393155319,-0.3459173503,1.001647608,-2.153613679,-1.588925734,-0.8204090779,0,1,164,task,60,0,-1610,10,652,0
1,104,195,-2.37872069,-0.3149061453,0.9444083412,-2.145636247,-1.577333582,-0.8070054932,0,1,165,task,60,0,-1610,10,652,0
1,104,196,-2.366443311,-0.2748512672,0.8542784926,-2.089601511,-1.559192822,-0.7951239821,0,1,166,task,60,0,-1610,10,652,0
1,104,197,-2.351949529,-0.2324746446,0.7581654784,-2.034501515,-1.550836581,-0.780908692,0,1,167,task,60,0,-1610,10,652,0
1,104,198,-2.377330674,-0.2708695401,0.8416295455,-2.075079365,-1.559046726,-0.8057935556,0,0,,transition,30,0,-1610,10,652,0
1,104,199,-2.402711819,-0.3092644356,0.9250936125,-2.115657215,-1.567256872,-0.8306784191,0,0,,transition,30,0,-1610,10,652,0
1,104,200,-2.428092964,-0.3476593312,1.00855768,-2.156235065,-1.575467017,-0.8555632827,0,0,,transition,30,0,-1610,10,652,0
1,104,201,-2.453474108,-0.3860542267,1.092021747,-2.196812915,-1.583677162,-0.8804481462,0,0,,transition,30,0,-1610,10,652,0
1,104,202,-2.478855253,-0.4244491222,1.175485814,-2.237390765,-1.591887308,-0.9053330098,0,1,168,task,30,0,-1610,10,652,0
1,104,203,-2.485639103,-0.4325535839,1.192763657,-2.243739067,-1.591765188,-0.9119612365,0,1,169,task,60,0,-1610,10,652,0
1,104,204,-2.48942879,-0.4160788615,1.159036177,-2.261904653,-1.629574878,-0.9168979643,0,1,170,task,30,0,-1610,10,652,0
1,104,205,-2.500989746,-0.3838274684,1.082204778,-2.217787798,-1.627562612,-0.9284633955,0,1,171,task,30,0,-1610,10,652,0
1,104,206,-2.503690016,-0.3891072548,1.093319253,-2.224002755,-1.630308039,-0.9311652827,0,1,172,task,60,0,-1610,10,652,0
1,104,207,-2.517402344,-0.3598225159,1.022816129,-2.183605165,-1.631001585,-0.9448846353,0,1,173,task,30,0,-1610,10,652,0
1,104,208,-2.530256601,-0.3271704173,0.94522496,-2.139432449,-1.631538776,-0.9577462239,0,1,174,task,30,0,-1610,10,652,0
1,104,209,-2.530590639,-0.3277678935,0.9465315021,-2.140173542,-1.631657961,-0.9580807593,0,1,175,task,60,0,-1610,10,652,0
1,104,210,-2.543278819,-0.2922759646,0.8630085185,-2.09291875,-1.632279469,-0.9707774596,0,1,176,task,30,0,-1610,10,652,0
1,104,211,-2.555489836,-0.2523059681,0.7699730537,-2.040607788,-1.632868268,-0.9829975875,0,1,177,task,30,0,-1610,10,652,0
1,104,212,-2.561367755,-0.2291888067,0.7167461252,-2.010864603,-1.633147326,-0.9888803102,0,0,,transition,30,0,-1610,10,652,0
1,104,213,-2.567245673,-0.2060716454,0.6635191967,-1.981121419,-1.633426384,-0.994763033,0,1,178,task,30,0,-1610,10,652,0
1,104,214,-2.572906507,-0.1780298682,0.5996609717,-1.945661114,-1.633691049,-1.000428881,0,0,,transition,30,0,-1610,10,652,0
1,104,215,-2.578567341,-0.1499880911,0.5358027468,-1.910200809,-1.633955714,-1.006094728,0,1,179,task,30,0,-1610,10,652,0
1,104,216,-2.579505224,-0.1254851048,0.4884640268,-1.942217116,-1.673682204,-1.01170795,0,1,180,task,30,0,-1610,10,652,0
1,104,217,-2.575538652,-0.09145333619,0.4163240729,-1.92912265,-1.69257079,-1.011040057,0,0,,transition,30,0,-1610,10,652,0
1,104,218,-2.571572079,-0.05742156757,0.344184119,-1.916028184,-1.711459376,-1.010372163,0,1,181,task,30,0,-1610,10,652,0
1,104,219,-2.581819468,-0.07701121677,0.3781841388,-1.912735444,-1.707065921,-1.018844428,0,1,182,task,60,0,-1610,10,652,0
1,104,220,-2.58115314,-0.04512473745,0.3048663553,-1.890102612,-1.73076235,-1.022602183,0,0,,transition,30,0,-1610,10,652,0
1,104,221,-2.580486811,-0.01323825814,0.2315485719,-1.86746978,-1.754458779,-1.026359938,0,1,183,task,30,0,-1610,10,652,0
1,104,222,-2.517381385,-0.110585867,0.3152517862,-1.848927919,-1.742980106,-0.9622124415,0,0,,transition,30,0,-1610,10,652,0
1,104,223,-2.454275959,-0.2079334759,0.3989550004,-1.830386057,-1.731501432,-0.8980649454,0,0,,transition,30,0,-1610,10,652,0
1,104,224,-2.391170534,-0.3052810847,0.4826582147,-1.811844196,-1.720022758,-0.8339174493,0,0,,transition,30,0,-1610,10,652,0
1,104,225,-2.328065108,-0.4026286936,0.5663614289,-1.793302335,-1.708544085,-0.7697699532,0,0,,transition,30,0,-1610,10,652,0
1,104,226,-2.264959682,-0.4999763025,0.6500646432,-1.774760474,-1.697065411,-0.7056224571,0,0,,transition,30,0,-1610,10,652,0
1,104,227,-2.201854257,-0.5973239113,0.7337678574,-1.756218612,-1.685586737,-0.641474961,0,0,,transition,30,0,-1610,10,652,0
1,104,228,-2.138748831,-0.6946715202,0.8174710717,-1.737676751,-1.674108063,-0.5773274649,0,0,,transition,30,0,-1610,10,652,0
1,104,229,-2.075643405,-0.7920191291,0.901174286,-1.71913489,-1.66262939,-0.5131799688,0,0,,transition,30,0,-1610,10,652,0
1,104,230,-2.01253798,-0.8893667379,0.9848775002,-1.700593029,-1.651150716,-0.4490324727,0,0,,transition,30,0,-1610,10,652,0
1,104,231,-1.949432554,-0.9867143468,1.068580714,-1.682051167,-1.639672042,-0.3848849766,0,0,,transition,30,0,-1610,10,652,0
1,104,232,-1.886327128,-1.084061956,1.152283929,-1.663509306,-1.628193369,-0.3207374805,0,0,,transition,30,0,-1610,10,652,0
1,104,233,-1.823221703,-1.181409565,1.235987143,-1.644967445,-1.616714695,-0.2565899844,0,0,,transition,30,0,-1610,10,652,0
1,104,234,-1.760116277,-1.278757173,1.319690357,-1.626425584,-1.605236021,-0.1924424883,0,0,,transition,30,0,-1610,10,652,0
1,104,235,-1.697010851,-1.376104782,1.403393571,-1.607883722,-1.593757347,-0.1282949922,0,0,,transition,30,0,-1610,10,652,0
1,104,236,-1.633905426,-1.473452391,1.487096786,-1.589341861,-1.582278674,-0.0641474961,0,0,,transition,30,0,-1610,10,652,0
1,104,237,-1.5708,-1.5708,1.5708,-1.5708,-1.5708,0,0,0,,home,60,0,-1610,10,652,0
1,105,1,-1.5708,-1.5708,1.5708,-1.5708,-1.5708,0,0,0,,home,60,0,-1610,10,652,0
1,105,2,-1.580612851,-1.471025833,1.500206423,-1.599168183,-1.564099776,-0.009856943908,0,0,,transition,30,0,-1610,10,652,0
1,105,3,-1.590425702,-1.371251667,1.429612846,-1.627536366,-1.557399552,-0.01971388782,0,0,,transition,30,0,-1610,10,652,0
1,105,4,-1.600238554,-1.2714775,1.359019269,-1.655904548,-1.550699328,-0.02957083172,0,0,,transition,30,0,-1610,10,652,0
1,105,5,-1.610051405,-1.171703334,1.288425692,-1.684272731,-1.543999104,-0.03942777563,0,0,,transition,30,0,-1610,10,652,0
1,105,6,-1.619864256,-1.071929167,1.217832116,-1.712640914,-1.53729888,-0.04928471954,0,0,,transition,30,0,-1610,10,652,0
1,105,7,-1.629677107,-0.9721550006,1.147238539,-1.741009097,-1.530598656,-0.05914166345,0,0,,transition,30,0,-1610,10,652,0
1,105,8,-1.639489958,-0.872380834,1.076644962,-1.76937728,-1.523898432,-0.06899860736,0,0,,transition,30,0,-1610,10,652,0
1,105,9,-1.64930281,-0.7726066675,1.006051385,-1.797745462,-1.517198208,-0.07885555126,0,0,,transition,30,0,-1610,10,652,0
1,105,10,-1.659115661,-0.6728325009,0.935457808,-1.826113645,-1.510497983,-0.08871249517,0,0,,transition,30,0,-1610,10,652,0
1,105,11,-1.668928512,-0.5730583343,0.8648642312,-1.854481828,-1.503797759,-0.09856943908,0,0,,transition,30,0,-1610,10,652,0
1,105,12,-1.678741363,-0.4732841678,0.7942706543,-1.882850011,-1.497097535,-0.108426383,0,0,,transition,30,0,-1610,10,652,0
1,105,13,-1.688554214,-0.3735100012,0.7236770774,-1.911218193,-1.490397311,-0.1182833269,0,0,,transition,30,0,-1610,10,652,0
1,105,14,-1.698367066,-0.2737358346,0.6530835005,-1.939586376,-1.483697087,-0.1281402708,0,0,,transition,30,0,-1610,10,652,0
1,105,15,-1.708179917,-0.173961668,0.5824899236,-1.967954559,-1.476996863,-0.1379972147,0,1,1,task,60,0,-1610,10,652,0
1,105,16,-1.709716239,-0.2055615116,0.65436821,-2.00707152,-1.477131728,-0.1395387432,0,0,,transition,60,0,-1610,10,652,0
1,105,17,-1.711252561,-0.2371613552,0.7262464963,-2.046188482,-1.477266594,-0.1410802716,0,1,2,task,60,0,-1610,10,652,0
1,105,18,-1.712858939,-0.2633532828,0.7865451652,-2.079128013,-1.47740927,-0.1426916925,0,0,,transition,60,0,-1610,10,652,0
1,105,19,-1.714465317,-0.2895452104,0.8468438341,-2.112067545,-1.477551947,-0.1443031134,0,1,3,task,60,0,-1610,10,652,0
1,105,20,-1.716146664,-0.3123460128,0.8999885037,-2.141238113,-1.47770301,-0.1459893225,0,0,,transition,60,0,-1610,10,652,0
1,105,21,-1.717828011,-0.3351468152,0.9531331734,-2.170408681,-1.477854073,-0.1476755316,0,1,4,task,60,0,-1610,10,652,0
1,105,22,-1.741866148,-0.3368817016,0.9679793299,-2.178573227,-1.480282146,-0.1717784384,0,1,5,task,30,0,-1610,10,652,0
1,105,23,-1.73990246,-0.3145568544,0.9156576194,-2.149694858,-1.480105959,-0.169810269,0,0,,transition,60,0,-1610,10,652,0
1,105,24,-1.737938772,-0.2922320071,0.863335909,-2.12081649,-1.479929771,-0.1678420996,0,1,6,task,60,0,-1610,10,652,0
1,105,25,-1.736062936,-0.2666970713,0.804266775,-2.088393995,-1.479763321,-0.1659615537,0,0,,transition,60,0,-1610,10,652,0
1,105,26,-1.7341871,-0.2411621354,0.7451976409,-2.055971499,-1.47959687,-0.1640810078,0,1,7,task,60,0,-1610,10,652,0
1,105,27,-1.732393344,-0.2106236562,0.6754435329,-2.017861176,-1.479439481,-0.1622823366,0,0,,transition,60,0,-1610,10,652,0
1,105,28,-1.730599587,-0.1800851769,0.605689425,-1.979750852,-1.479282093,-0.1604836653,0,1,8,task,60,0,-1610,10,652,0
1,105,29,-1.754073238,-0.1587801193,0.5690252813,-1.962603544,-1.471636088,-0.1841953483,0,1,9,task,30,0,-1610,10,652,0
1,105,30,-1.755892778,-0.1909134293,0.6422876788,-2.002810036,-1.472686297,-0.186004387,0,0,,transition,60,0,-1610,10,652,0
1,105,31,-1.757712318,-0.2230467392,0.7155500763,-2.043016528,-1.473736506,-0.1878134256,0,1,10,task,60,0,-1610,10,652,0
1,105,32,-1.759614717,-0.2494955081,0.7766406206,-2.07673554,-1.474794559,-0.189704898,0,0,,transition,60,0,-1610,10,652,0
1,105,33,-1.761517117,-0.275944277,0.837731165,-2.110454551,-1.475852612,-0.1915963704,0,1,11,task,60,0,-1610,10,652,0
1,105,34,-1.763526307,-0.2988538695,0.8908387485,-2.139165598,-1.476851993,-0.1935948524,0,0,,transition,60,0,-1610,10,652,0
1,105,35,-1.765535497,-0.3217634619,0.9439463321,-2.167876644,-1.477851373,-0.1955933345,0,1,12,task,60,0,-1610,10,652,0
1,105,36,-1.789562793,-0.3201998363,0.9465282117,-2.170884142,-1.478107035,-0.2197250868,0,1,13,task,30,0,-1610,10,652,0
1,105,37,-1.787100694,-0.297249568,0.892397691,-2.140206458,-1.477758137,-0.2172593611,0,0,,transition,60,0,-1610,10,652,0
1,105,38,-1.784638594,-0.2742992997,0.8382671702,-2.109528774,-1.477409238,-0.2147936355,0,1,14,task,60,0,-1610,10,652,0
1,105,39,-1.782287198,-0.2477578164,0.7765795273,-2.074877898,-1.477066848,-0.2124386721,0,0,,transition,60,0,-1610,10,652,0
1,105,40,-1.779935802,-0.2212163331,0.7148918843,-2.040227023,-1.476724458,-0.2100837086,0,1,15,task,60,0,-1610,10,652,0
1,105,41,-1.777866228,-0.1890965763,0.6416459467,-2.000017019,-1.475687084,-0.2080258318,0,0,,transition,60,0,-1610,10,652,0
1,105,42,-1.775796654,-0.1569768196,0.5684000091,-1.959807016,-1.47464971,-0.2059679549,0,1,16,task,60,0,-1610,10,652,0
1,105,43,-1.7968942,-0.1430403425,0.5403096516,-1.942215272,-1.477159449,-0.2271115061,0,1,17,task,30,0,-1610,10,652,0
1,105,44,-1.799405779,-0.1766262054,0.6172329279,-1.985171205,-1.477382193,-0.2296296023,0,0,,transition,60,0,-1610,10,652,0
1,105,45,-1.801917359,-0.2102120683,0.6941562042,-2.028127138,-1.477604938,-0.2321476986,0,1,18,task,60,0,-1610,10,652,0
1,105,46,-1.804544047,-0.2373935642,0.7573560106,-2.063755208,-1.477833476,-0.2347811027,0,0,,transition,60,0,-1610,10,652,0
1,105,47,-1.807170735,-0.2645750601,0.8205558171,-2.099383278,-1.478062015,-0.2374145068,0,1,19,task,60,0,-1610,10,652,0
1,105,48,-1.809920597,-0.2879196036,0.8756656029,-2.130748952,-1.478296829,-0.2401712916,0,0,,transition,60,0,-1610,10,652,0
1,105,49,-1.812670459,-0.3112641472,0.9307753887,-2.162114627,-1.478531644,-0.2429280764,0,1,20,task,60,0,-1610,10,652,0
1,105,50,-1.835599687,-0.3018355491,0.9137270778,-2.152447145,-1.47912713,-0.2659466868,0,1,21,task,30,0,-1610,10,652,0
1,105,51,-1.83258899,-0.278066827,0.8576525435,-2.120515295,-1.478926284,-0.2629275031,0,0,,transition,60,0,-1610,10,652,0
1,105,52,-1.829578293,-0.2542981049,0.8015780092,-2.088583444,-1.478725439,-0.2599083195,0,1,22,task,60,0,-1610,10,652,0
1,105,53,-1.826701589,-0.2264248564,0.7368280418,-2.052070159,-1.478531285,-0.2570233886,0,0,,transition,60,0,-1610,10,652,0
1,105,54,-1.823824884,-0.1985516079,0.6720780745,-2.015556874,-1.478337132,-0.2541384578,0,1,23,task,60,0,-1610,10,652,0
1,105,55,-1.821073472,-0.16360545,0.5921414416,-1.970919937,-1.47814915,-0.2513790719,0,0,,transition,60,0,-1610,10,652,0
1,105,56,-1.818322061,-0.1286592921,0.5122048088,-1.926283001,-1.477961167,-0.2486196859,0,1,24,task,60,0,-1610,10,652,0
1,105,57,-1.83634217,-0.1206672327,0.4952339782,-1.914441468,-1.494129174,-0.2663378403,0,1,25,task,30,0,-1610,10,652,0
1,105,58,-1.839164056,-0.1563487304,0.5764307954,-1.959315951,-1.494797569,-0.2691527234,0,0,,transition,60,0,-1610,10,652,0
1,105,59,-1.841985943,-0.1920302281,0.6576276127,-2.004190435,-1.495465965,-0.2719676064,0,1,26,task,60,0,-1610,10,652,0
1,105,60,-1.844934409,-0.2203018608,0.7228802948,-2.04052841,-1.496144577,-0.2749086297,0,0,,transition,60,0,-1610,10,652,0
1,105,61,-1.847882874,-0.2485734935,0.788132977,-2.076866386,-1.496823189,-0.277849653,0,1,27,task,60,0,-1610,10,652,0
1,105,62,-1.850966564,-0.2726238345,0.8444335938,-2.10847129,-1.497512739,-0.2809254262,0,0,,transition,60,0,-1610,10,652,0
1,105,63,-1.854050254,-0.2966741755,0.9007342105,-2.140076194,-1.498202289,-0.2840011993,0,1,28,task,60,0,-1610,10,652,0
1,105,64,-1.86680073,-0.3338413098,0.9915924376,-2.190301158,-1.500665563,-0.2967011817,0,0,,transition,30,0,-1610,10,652,0
1,105,65,-1.879551206,-0.3710084441,1.082450665,-2.240526122,-1.503128836,-0.3094011642,0,0,,transition,30,0,-1610,10,652,0
1,105,66,-1.892301682,-0.4081755784,1.173308892,-2.290751085,-1.505592109,-0.3221011466,0,0,,transition,30,0,-1610,10,652,0
1,105,67,-1.905052158,-0.4453427127,1.264167119,-2.340976049,-1.508055382,-0.334801129,0,0,,transition,30,0,-1610,10,652,0
1,105,68,-1.917802634,-0.482509847,1.355025346,-2.391201013,-1.510518655,-0.3475011115,0,0,,transition,30,0,-1610,10,652,0
1,105,69,-1.93055311,-0.5196769813,1.445883573,-2.441425976,-1.512981928,-0.3602010939,0,1,29,task,30,0,-1610,10,652,0
1,105,70,-1.921572867,-0.4917500209,1.377429588,-2.405322208,-1.510587326,-0.351307431,0,1,30,task,60,0,-1610,10,652,0
1,105,71,-1.913582179,-0.4620707202,1.309404101,-2.375461959,-1.506498161,-0.3434668939,0,1,31,task,60,0,-1610,10,652,0
1,105,72,-1.90500192,-0.4315933427,1.232313176,-2.330535164,-1.505691725,-0.3348940961,0,1,32,task,60,0,-1610,10,652,0
1,105,73,-1.896835469,-0.398728817,1.150733314,-2.283490047,-1.504925749,-0.3267335529,0,1,33,task,60,0,-1610,10,652,0
1,105,74,-1.889053994,-0.3630221633,1.063621006,-2.233738775,-1.50419719,-0.3189565847,0,1,34,task,60,0,-1610,10,652,0
1,105,75,-1.881631242,-0.3238058829,0.9694739383,-2.180447214,-1.503503294,-0.3115370767,0,1,35,task,60,0,-1610,10,652,0
1,105,76,-1.906241614,-0.3227362806,0.9716607088,-2.182594889,-1.504199044,-0.3361933981,0,1,36,task,30,0,-1610,10,652,0
1,105,77,-1.914213618,-0.3616166261,1.064969483,-2.235161672,-1.505031581,-0.3441576771,0,1,37,task,60,0,-1610,10,652,0
1,105,78,-1.922567409,-0.397043603,1.151352811,-2.284242728,-1.505905077,-0.3525018781,0,1,38,task,60,0,-1610,10,652,0
1,105,79,-1.931330537,-0.4296683227,1.232275393,-2.330651211,-1.506822711,-0.3612533646,0,1,39,task,60,0,-1610,10,652,0
1,105,80,-1.940523943,-0.4599506235,1.308711061,-2.374842513,-1.50781776,-0.3704316354,0,1,40,task,60,0,-1610,10,652,0
1,105,81,-1.949454214,-0.4894449046,1.378092869,-2.408367458,-1.511157624,-0.379241576,0,1,41,task,60,0,-1610,10,652,0
1,105,82,-1.982007053,-0.5000102573,1.408885193,-2.425431086,-1.513535874,-0.4117731669,0,1,42,task,30,0,-1610,10,652,0
1,105,83,-1.971946478,-0.4716206272,1.339969267,-2.389547366,-1.510819062,-0.4018129182,0,1,43,task,60,0,-1610,10,652,0
1,105,84,-1.962247037,-0.4417615212,1.267325475,-2.350778951,-1.508573909,-0.3921848705,0,1,44,task,60,0,-1610,10,652,0
1,105,85,-1.952695612,-0.4105026634,1.189301275,-2.306205752,-1.507428533,-0.3826550161,0,1,45,task,60,0,-1610,10,652,0
1,105,86,-1.943589819,-0.3767085117,1.106398434,-2.259278251,-1.50633769,-0.3735676275,0,1,46,task,60,0,-1610,10,652,0
1,105,87,-1.934899853,-0.3398500361,1.017419122,-2.209327684,-1.505297522,-0.3648931728,0,1,47,task,60,0,-1610,10,652,0
1,105,88,-1.926598453,-0.2991355485,0.9205960604,-2.155378559,-1.504304512,-0.3566046331,0,1,48,task,60,0,-1610,10,652,0
1,105,89,-1.95208215,-0.3019480475,0.9324965611,-2.163913847,-1.504761199,-0.3821444925,0,1,49,task,30,0,-1610,10,652,0
1,105,90,-1.960919962,-0.3418329565,1.027243234,-2.21615915,-1.506023608,-0.3909598255,0,1,50,task,60,0,-1610,10,652,0
1,105,91,-1.970166567,-0.3780426667,1.114518419,-2.264602021,-1.507344356,-0.4001797892,0,1,51,task,60,0,-1610,10,652,0
1,105,92,-1.97985013,-0.4113116152,1.195961896,-2.310148258,-1.508727643,-0.4098321977,0,1,52,task,60,0,-1610,10,652,0
1,105,93,-1.989974659,-0.4422371725,1.272610023,-2.353111104,-1.510263518,-0.4199170019,0,1,53,task,60,0,-1610,10,652,0
1,105,94,-2.000384058,-0.471905806,1.344740078,-2.391846895,-1.512539752,-0.4302506356,0,1,54,task,60,0,-1610,10,652,0
1,105,95,-2.031262419,-0.4772713162,1.362169153,-2.401300589,-1.514679256,-0.4611113925,0,1,55,task,30,0,-1610,10,652,0
1,105,96,-2.019973721,-0.4483823951,1.291032367,-2.362188326,-1.51257334,-0.4498940914,0,1,56,task,60,0,-1610,10,652,0
1,105,97,-2.009204013,-0.417794304,1.21634935,-2.321309685,-1.510569487,-0.4391876342,0,1,57,task,60,0,-1610,10,652,0
1,105,98,-1.998911163,-0.3855134144,1.137595756,-2.278229936,-1.508683302,-0.428950109,0,1,58,task,60,0,-1610,10,652,0
1,105,99,-1.989076287,-0.3505363267,1.053508982,-2.232517801,-1.506879378,-0.4191626817,0,1,59,task,60,0,-1610,10,652,0
1,105,100,-1.979670452,-0.3122384291,0.9626921661,-2.183399569,-1.505152435,-0.4097969727,0,1,60,task,60,0,-1610,10,652,0
1,105,101,-1.975140777,-0.2909160186,0.9126133485,-2.156142264,-1.504428377,-0.4052803807,0,0,,transition,60,0,-1610,10,652,0
1,105,102,-1.970611103,-0.2695936081,0.8625345309,-2.128884959,-1.503704318,-0.4007637886,0,1,61,task,60,0,-1610,10,652,0
1,105,103,-1.99708208,-0.2766035304,0.8844257874,-2.143275004,-1.504051726,-0.4272981705,0,1,62,task,30,0,-1610,10,652,0
1,105,104,-2.006905541,-0.31797695,0.9828533454,-2.198336912,-1.505046825,-0.4371135784,0,1,63,task,60,0,-1610,10,652,0
1,105,105,-2.016869081,-0.3551393916,1.070828938,-2.245160925,-1.507162129,-0.4470233471,0,1,64,task,60,0,-1610,10,652,0
1,105,106,-2.027097464,-0.3892146228,1.151496018,-2.286646199,-1.509992777,-0.4571592887,0,1,65,task,60,0,-1610,10,652,0
1,105,107,-2.037859684,-0.4209909831,1.227764034,-2.326564409,-1.512697777,-0.4678246595,0,1,66,task,60,0,-1610,10,652,0
1,105,108,-2.049398067,-0.4511889651,1.30164726,-2.367510592,-1.514614739,-0.4793016888,0,1,67,task,60,0,-1610,10,652,0
1,105,109,-2.07491885,-0.4522833413,1.306157563,-2.371056565,-1.527035809,-0.5044709545,0,1,68,task,30,0,-1610,10,652,0
1,105,110,-2.06463952,-0.4218906683,1.232562495,-2.328945506,-1.518878128,-0.4944471846,0,1,69,task,60,0,-1610,10,652,0
1,105,111,-2.0547604,-0.3897782038,1.158115969,-2.291562145,-1.510998433,-0.4848555153,0,1,70,task,60,0,-1610,10,652,0
1,105,112,-2.044367332,-0.3563455745,1.081344582,-2.256042384,-1.506480158,-0.4746272562,0,1,71,task,60,0,-1610,10,652,0
1,105,113,-2.033460636,-0.3198516256,0.9927557936,-2.205782939,-1.505467787,-0.463728685,0,1,72,task,60,0,-1610,10,652,0
1,105,114,-2.023025023,-0.2793599591,0.8959974313,-2.151337777,-1.504504812,-0.4532989278,0,1,73,task,60,0,-1610,10,652,0
1,105,115,-2.018028461,-0.2564364683,0.8420353093,-2.121203036,-1.504046365,-0.4483042625,0,0,,transition,60,0,-1610,10,652,0
1,105,116,-2.013031899,-0.2335129775,0.7880731874,-2.091068295,-1.503587917,-0.4433095973,0,1,74,task,60,0,-1610,10,652,0
1,105,117,-2.017468474,-0.2047027444,0.7279799096,-2.083733441,-1.552444175,-0.4467559585,0,1,75,task,30,0,-1610,10,652,0
1,105,118,-2.022447475,-0.2292400136,0.785252863,-2.115617609,-1.552818909,-0.4517317803,0,0,,transition,60,0,-1610,10,652,0
1,105,119,-2.027426475,-0.2537772829,0.8425258164,-2.147501777,-1.553193642,-0.4567076022,0,1,76,task,60,0,-1610,10,652,0
1,105,120,-2.032621848,-0.275154011,0.8931480381,-2.175899156,-1.553587357,-0.4618989242,0,0,,transition,60,0,-1610,10,652,0
1,105,121,-2.03781722,-0.2965307391,0.9437702598,-2.204296534,-1.553981071,-0.4670902462,0,1,77,task,60,0,-1610,10,652,0
1,105,122,-2.048668084,-0.3347360273,1.0356157,-2.256248355,-1.554808857,-0.4779311478,0,1,78,task,60,0,-1610,10,652,0
1,105,123,-2.06000865,-0.369435267,1.120369088,-2.304623323,-1.555679575,-0.4892597669,0,1,79,task,60,0,-1610,10,652,0
1,105,124,-2.068793477,-0.4018009738,1.178449784,-2.304900569,-1.566856684,-0.4976625192,0,1,80,task,60,0,-1610,10,652,0
1,105,125,-2.080951527,-0.4330866738,1.25349743,-2.34598466,-1.568366427,-0.5097505868,0,1,81,task,60,0,-1610,10,652,0
1,105,126,-2.093735966,-0.4623341472,1.324988263,-2.38601137,-1.569782886,-0.522468652,0,1,82,task,60,0,-1610,10,652,0
1,105,127,-2.107132446,-0.489797109,1.393123396,-2.424496291,-1.571285668,-0.5357926303,0,1,83,task,60,0,-1610,10,652,0
1,105,128,-2.12118279,-0.515669854,1.45836224,-2.461708542,-1.572880361,-0.5497639857,0,1,84,task,60,0,-1610,10,652,0
1,105,129,-2.136063903,-0.5402254719,1.520452107,-2.496187104,-1.574162073,-0.5645408076,0,1,85,task,60,0,-1610,10,652,0
1,105,130,-2.152370768,-0.5642423547,1.577142793,-2.520854121,-1.573496829,-0.5806220804,0,1,86,task,60,0,-1610,10,652,0
1,105,131,-2.169447235,-0.5872370378,1.631924761,-2.544602599,-1.573146232,-0.59743324,0,1,87,task,60,0,-1610,10,652,0
1,105,132,-2.187945157,-0.6092949507,1.685183255,-2.567780979,-1.571478529,-0.6156647581,0,1,88,task,60,0,-1610,10,652,0
1,105,133,-2.210819823,-0.6054378574,1.682784372,-2.587129994,-1.59447569,-0.6387551685,0,1,89,task,30,0,-1610,10,652,0
1,105,134,-2.194409229,-0.5835615913,1.626971716,-2.555156793,-1.588892329,-0.6225036757,0,1,90,task,60,0,-1610,10,652,0
1,105,135,-2.178793595,-0.5605970078,1.569375119,-2.522663056,-1.583425746,-0.6070447093,0,1,91,task,60,0,-1610,10,652,0
1,105,136,-2.163920883,-0.5364771523,1.509807268,-2.489513467,-1.578071625,-0.5923252394,0,1,92,task,60,0,-1610,10,652,0
1,105,137,-2.149178012,-0.5116089615,1.447951842,-2.454980575,-1.574533017,-0.5777076562,0,1,93,task,60,0,-1610,10,652,0
1,105,138,-2.134611811,-0.4857866563,1.383485903,-2.418869365,-1.572662379,-0.5632372823,0,1,94,task,60,0,-1610,10,652,0
1,105,139,-2.120707405,-0.4583958579,1.316119223,-2.381468712,-1.570897386,-0.5494202539,0,1,95,task,60,0,-1610,10,652,0
1,105,140,-2.107423926,-0.429242424,1.245397932,-2.342513975,-1.569231901,-0.5362161411,0,1,96,task,60,0,-1610,10,652,0
1,105,141,-2.095391016,-0.3981782337,1.175344574,-2.311190828,-1.565442752,-0.5243608488,0,1,97,task,60,0,-1610,10,652,0
1,105,142,-2.08417411,-0.3655074374,1.103410011,-2.281985226,-1.560677576,-0.5133158822,0,1,98,task,60,0,-1610,10,652,0
1,105,143,-2.072882847,-0.330719087,1.021994659,-2.240665456,-1.55787778,-0.5020927568,0,1,99,task,60,0,-1610,10,652,0
1,105,144,-2.061947395,-0.2925978049,0.9330469267,-2.194431652,-1.555562643,-0.4912011498,0,1,100,task,60,0,-1610,10,652,0
1,105,145,-2.056533265,-0.271146732,0.882446749,-2.166243244,-1.55507467,-0.4857937619,0,0,,transition,60,0,-1610,10,652,0
1,105,146,-2.051119134,-0.2496956591,0.8318465714,-2.138054835,-1.554586698,-0.480386374,0,1,101,task,60,0,-1610,10,652,0
1,105,147,-2.045926972,-0.2250325056,0.7744695478,-2.106307354,-1.554121547,-0.4751997167,0,0,,transition,60,0,-1610,10,652,0
1,105,148,-2.040734809,-0.2003693521,0.7170925243,-2.074559873,-1.553656395,-0.4700130595,0,1,102,task,60,0,-1610,10,652,0
1,105,149,-2.058460283,-0.1655838168,0.6356426105,-2.025604256,-1.554807219,-0.4877258992,0,1,103,task,30,0,-1610,10,652,0
1,105,150,-2.063731666,-0.1927838172,0.6981927132,-2.059779891,-1.555405834,-0.4929883066,0,0,,transition,60,0,-1610,10,652,0
1,105,151,-2.069003048,-0.2199838177,0.7607428159,-2.093955526,-1.556004449,-0.498250714,0,1,104,task,60,0,-1610,10,652,0
1,105,152,-2.07443534,-0.2430192177,0.8140745934,-2.12265425,-1.556844289,-0.5036674974,0,0,,transition,60,0,-1610,10,652,0
1,105,153,-2.079867632,-0.2660546177,0.8674063709,-2.151352975,-1.557684129,-0.5090842808,0,1,105,task,60,0,-1610,10,652,0
1,105,154,-2.091184873,-0.3067240617,0.9626946247,-2.20280613,-1.559442054,-0.5203634203,0,1,106,task,60,0,-1610,10,652,0
1,105,155,-2.102981647,-0.3433969541,1.049698203,-2.25000412,-1.561282608,-0.5321146391,0,1,107,task,60,0,-1610,10,652,0
1,105,156,-2.115054596,-0.3772462617,1.128644094,-2.290083956,-1.563986412,-0.5441024474,0,1,108,task,60,0,-1610,10,652,0
1,105,157,-2.127315075,-0.4091512995,1.20054528,-2.322599104,-1.567880466,-0.5562049967,0,1,109,task,60,0,-1610,10,652,0
1,105,158,-2.140429042,-0.4391529793,1.270428973,-2.357242668,-1.570858253,-0.5691792027,0,1,110,task,60,0,-1610,10,652,0
1,105,159,-2.154454344,-0.4673578371,1.338520901,-2.393941974,-1.572937041,-0.5831013898,0,1,111,task,60,0,-1610,10,652,0
1,105,160,-2.169121792,-0.4939307047,1.403499068,-2.429212188,-1.575137414,-0.5976541898,0,1,112,task,60,0,-1610,10,652,0
1,105,161,-2.184077954,-0.5193504361,1.465721142,-2.462985133,-1.578648691,-0.6124680695,0,1,113,task,60,0,-1610,10,652,0
1,105,162,-2.198753682,-0.5442351475,1.525491914,-2.495094935,-1.585171089,-0.6269566002,0,1,114,task,60,0,-1610,10,652,0
1,105,163,-2.214130623,-0.5679536122,1.583180199,-2.526482095,-1.59181664,-0.6421433496,0,1,115,task,60,0,-1610,10,652,0
1,105,164,-2.230255396,-0.5905841492,1.638989807,-2.557289124,-1.598589245,-0.6580764983,0,1,116,task,60,0,-1610,10,652,0
1,105,165,-2.253666575,-0.5834789972,1.612699684,-2.537200471,-1.6078376,-0.6813186073,0,1,117,task,30,0,-1610,10,652,0
1,105,166,-2.237955409,-0.5597745702,1.556394215,-2.505796314,-1.598895317,-0.6657696682,0,1,118,task,60,0,-1610,10,652,0
1,105,167,-2.222877354,-0.5355490619,1.49951156,-2.476394113,-1.590256864,-0.6509366225,0,1,119,task,60,0,-1610,10,652,0
1,105,168,-2.208455782,-0.5101839419,1.440523884,-2.446276633,-1.581759602,-0.6367590463,0,1,120,task,60,0,-1610,10,652,0
1,105,169,-2.193700889,-0.4842292779,1.379096491,-2.414690235,-1.576364117,-0.6222034263,0,1,121,task,60,0,-1610,10,652,0
1,105,170,-2.178804283,-0.4573871601,1.314859454,-2.381416035,-1.573573704,-0.6074563523,0,1,122,task,60,0,-1610,10,652,0
1,105,171,-2.164559604,-0.428939126,1.247560531,-2.346865441,-1.570851822,-0.5933463607,0,1,123,task,60,0,-1610,10,652,0
1,105,172,-2.151081059,-0.3987714411,1.17738593,-2.312037617,-1.567678758,-0.5800054137,0,1,124,task,60,0,-1610,10,652,0
1,105,173,-2.138145008,-0.3665033987,1.102942182,-2.275114272,-1.564662497,-0.5671839564,0,1,125,task,60,0,-1610,10,652,0
1,105,174,-2.125563365,-0.3319670238,1.022105451,-2.23282219,-1.562341356,-0.5546757066,0,1,126,task,60,0,-1610,10,652,0
1,105,175,-2.113274129,-0.2944476365,0.9327435692,-2.183197299,-1.560872995,-0.5424234642,0,1,127,task,60,0,-1610,10,652,0
1,105,176,-2.101481859,-0.2525282033,0.834228797,-2.128845462,-1.559469698,-0.530663709,0,1,128,task,60,0,-1610,10,652,0
1,105,177,-2.095820472,-0.2285242816,0.7785396437,-2.098293611,-1.558798875,-0.5250164483,0,0,,transition,60,0,-1610,10,652,0
1,105,178,-2.090159085,-0.2045203598,0.7228504904,-2.06774176,-1.558128052,-0.5193691877,0,1,129,task,60,0,-1610,10,652,0
1,105,179,-2.084719618,-0.175830428,0.6571294372,-2.031854466,-1.557486444,-0.5139418217,0,0,,transition,60,0,-1610,10,652,0
1,105,180,-2.079280151,-0.1471404962,0.591408384,-1.995967171,-1.556844837,-0.5085144557,0,1,130,task,60,0,-1610,10,652,0
1,105,181,-2.097791361,-0.1121346937,0.5106656697,-1.947915853,-1.558256154,-0.5270011271,0,1,131,task,30,0,-1610,10,652,0
1,105,182,-2.103381516,-0.1443350362,0.5841022552,-1.988263892,-1.558807445,-0.5325801301,0,0,,transition,60,0,-1610,10,652,0
1,105,183,-2.108971671,-0.1765353787,0.6575388406,-2.028611931,-1.559358737,-0.5381591331,0,1,132,task,60,0,-1610,10,652,0
1,105,184,-2.114786724,-0.2024898757,0.7175277856,-2.061766956,-1.559934639,-0.5439616107,0,0,,transition,60,0,-1610,10,652,0
1,105,185,-2.120601777,-0.2284443727,0.7775167306,-2.09492198,-1.560510541,-0.5497640883,0,1,133,task,60,0,-1610,10,652,0
1,105,186,-2.126654428,-0.2506697087,0.8295732165,-2.123883486,-1.56111238,-0.5558026681,0,0,,transition,60,0,-1610,10,652,0
1,105,187,-2.132707078,-0.2728950447,0.8816297023,-2.152844992,-1.561714219,-0.5618412479,0,1,134,task,60,0,-1610,10,652,0
1,105,188,-2.145314703,-0.3122006271,0.9749541417,-2.205146352,-1.562972575,-0.574417592,0,1,135,task,60,0,-1610,10,652,0
1,105,189,-2.158279089,-0.348018514,1.059185918,-2.250570747,-1.56487831,-0.5873242306,0,1,136,task,60,0,-1610,10,652,0
1,105,190,-2.171630757,-0.3812476092,1.136477115,-2.290594203,-1.567391837,-0.6005866184,0,1,137,task,60,0,-1610,10,652,0
1,105,191,-2.18553977,-0.4121299502,1.20898146,-2.328239164,-1.570033329,-0.6143913643,0,1,138,task,60,0,-1610,10,652,0
1,105,192,-2.20002287,-0.4410343452,1.277398676,-2.363729672,-1.572856181,-0.6287514744,0,1,139,task,60,0,-1610,10,652,0
1,105,193,-2.214822099,-0.4684980552,1.34067079,-2.393423557,-1.576752044,-0.6433422657,0,1,140,task,60,0,-1610,10,652,0
1,105,194,-2.229138377,-0.4951959691,1.401084344,-2.421423206,-1.584258347,-0.6573723339,0,1,141,task,60,0,-1610,10,652,0
1,105,195,-2.242511924,-0.521551037,1.459026854,-2.447946973,-1.5965996,-0.6703928369,0,1,142,task,60,0,-1610,10,652,0
1,105,196,-2.257845485,-0.5466452372,1.517379522,-2.479362169,-1.60502724,-0.685537457,0,1,143,task,60,0,-1610,10,652,0
1,105,197,-2.274582106,-0.570515946,1.574843614,-2.512746949,-1.611568094,-0.702176092,0,1,144,task,60,0,-1610,10,652,0
1,105,198,-2.2957731,-0.5572882549,1.537349498,-2.489183776,-1.614304023,-0.7233278032,0,1,145,task,30,0,-1610,10,652,0
1,105,199,-2.278416131,-0.5331919006,1.479275476,-2.455045731,-1.609037445,-0.7060424088,0,1,146,task,60,0,-1610,10,652,0
1,105,200,-2.261821711,-0.5078501235,1.418865008,-2.420005446,-1.60382672,-0.6895306787,0,1,147,task,60,0,-1610,10,652,0
1,105,201,-2.248656249,-0.4805066957,1.360172678,-2.393293818,-1.590234867,-0.6767209345,0,1,148,task,60,0,-1610,10,652,0
1,105,202,-2.236262347,-0.4525770754,1.304051489,-2.376189537,-1.575961266,-0.6648697574,0,1,149,task,60,0,-1610,10,652,0
1,105,203,-2.22115566,-0.4247720176,1.239466069,-2.34475682,-1.57222167,-0.6499424156,0,1,150,task,60,0,-1610,10,652,0
1,105,204,-2.206297039,-0.3952581444,1.169257727,-2.307216157,-1.569798381,-0.6351804939,0,1,151,task,60,0,-1610,10,652,0
1,105,205,-2.192034095,-0.3635660469,1.094646655,-2.267511166,-1.567489668,-0.6210030141,0,1,152,task,60,0,-1610,10,652,0
1,105,206,-2.17833561,-0.3292710684,1.014692067,-2.225119852,-1.565290062,-0.6073792012,0,1,153,task,60,0,-1610,10,652,0
1,105,207,-2.165052349,-0.2920181731,0.927175632,-2.177272653,-1.563612064,-0.5941454229,0,1,154,task,60,0,-1610,10,652,0
1,105,208,-2.152156016,-0.2507244297,0.8295899476,-2.12237952,-1.562482641,-0.5812767934,0,1,155,task,60,0,-1610,10,652,0
1,105,209,-2.145960321,-0.2270417729,0.7743832188,-2.09156455,-1.561941942,-0.5750937438,0,0,,transition,60,0,-1610,10,652,0
1,105,210,-2.139764627,-0.2033591161,0.71917649,-2.06074958,-1.561401244,-0.5689106942,0,1,156,task,60,0,-1610,10,652,0
1,105,211,-2.133808128,-0.1750130481,0.6539875898,-2.024624559,-1.560883361,-0.5629656878,0,0,,transition,60,0,-1610,10,652,0
1,105,212,-2.127851629,-0.1466669801,0.5887986897,-1.988499538,-1.560365478,-0.5570206814,0,1,157,task,60,0,-1610,10,652,0
1,105,213,-2.12212186,-0.1095174576,0.5045571211,-1.942133124,-1.559869275,-0.5513013064,0,0,,transition,60,0,-1610,10,652,0
1,105,214,-2.116392091,-0.07236793515,0.4203155525,-1.89576671,-1.559373071,-0.5455819314,0,1,158,task,60,0,-1610,10,652,0
1,105,215,-2.136029469,-0.03335052339,0.3325756871,-1.845780575,-1.560412828,-0.5652004847,0,1,159,task,30,0,-1610,10,652,0
1,105,216,-2.141910667,-0.07669130039,0.4303336354,-1.899585785,-1.560874253,-0.5710717898,0,0,,transition,60,0,-1610,10,652,0
1,105,217,-2.147791864,-0.1200320774,0.5280915836,-1.953390994,-1.561335678,-0.5769430948,0,1,160,task,60,0,-1610,10,652,0
1,105,218,-2.153901912,-0.1508080238,0.5985512534,-1.992470064,-1.561816827,-0.583042349,0,0,,transition,60,0,-1610,10,652,0
1,105,219,-2.160011961,-0.1815839703,0.6690109231,-2.031549135,-1.562297976,-0.5891416032,0,1,161,task,60,0,-1610,10,652,0
1,105,220,-2.166363093,-0.2066264928,0.7271399862,-2.064039153,-1.562799851,-0.595480996,0,0,,transition,60,0,-1610,10,652,0
1,105,221,-2.172714225,-0.2316690154,0.7852690493,-2.096529172,-1.563301725,-0.6018203888,0,1,162,task,60,0,-1610,10,652,0
1,105,222,-2.17931943,-0.2531977124,0.8359311113,-2.125075059,-1.563825376,-0.6084128663,0,0,,transition,60,0,-1610,10,652,0
1,105,223,-2.185924634,-0.2747264094,0.8865931734,-2.153620946,-1.564349027,-0.6150053437,0,1,163,task,60,0,-1610,10,652,0
1,105,224,-2.199514769,-0.3132895529,0.9766663598,-2.202920151,-1.565975815,-0.6285474208,0,1,164,task,60,0,-1610,10,652,0
1,105,225,-2.213566992,-0.3484890411,1.058746727,-2.247071256,-1.567970093,-0.6425336899,0,1,165,task,60,0,-1610,10,652,0
1,105,226,-2.228188948,-0.3808550558,1.134974299,-2.288252896,-1.570060512,-0.6570813797,0,1,166,task,60,0,-1610,10,652,0
1,105,227,-2.243411163,-0.4108774878,1.206430705,-2.327062111,-1.572251703,-0.6722207003,0,1,167,task,60,0,-1610,10,652,0
1,105,228,-2.259265899,-0.4389048597,1.273889375,-2.363929668,-1.574548457,-0.6879836064,0,1,168,task,60,0,-1610,10,652,0
1,105,229,-2.267250498,-0.4690044686,1.321965286,-2.362204112,-1.603678957,-0.6949596561,0,1,169,task,60,0,-1610,10,652,0
1,105,230,-2.283624436,-0.4960110035,1.385602198,-2.398926626,-1.608065234,-0.7112624419,0,1,170,task,60,0,-1610,10,652,0
1,105,231,-2.300721726,-0.5215854448,1.446447654,-2.434446876,-1.612500643,-0.7282965367,0,1,171,task,60,0,-1610,10,652,0
1,105,232,-2.318583709,-0.545861634,1.504808087,-2.468949216,-1.616983872,-0.746104656,0,1,172,task,60,0,-1610,10,652,0
1,105,233,-2.33404862,-0.5273624295,1.458347339,-2.447799338,-1.623142111,-0.7618637013,0,1,173,task,30,0,-1610,10,652,0
1,105,234,-2.314394269,-0.5032360193,1.403236237,-2.422086456,-1.624488432,-0.742531412,0,1,174,task,60,0,-1610,10,652,0
1,105,235,-2.295514724,-0.4782187382,1.350037358,-2.404715728,-1.62612673,-0.724204491,0,1,175,task,60,0,-1610,10,652,0
1,105,236,-2.277559167,-0.4522245586,1.297370637,-2.392562743,-1.627371475,-0.7068644985,0,1,176,task,60,0,-1610,10,652,0
1,105,237,-2.262466833,-0.4245106069,1.238033725,-2.36985706,-1.621385857,-0.6919541081,0,1,177,task,60,0,-1610,10,652,0
1,105,238,-2.246402931,-0.3956322572,1.168650029,-2.330896932,-1.620653807,-0.6759245603,0,1,178,task,60,0,-1610,10,652,0
1,105,239,-2.230974488,-0.3645714731,1.094853809,-2.28975711,-1.619991674,-0.6605278462,0,1,179,task,60,0,-1610,10,652,0
1,105,240,-2.254552916,-0.3551629384,1.069692428,-2.275914879,-1.620082316,-0.6841486173,0,1,180,task,30,0,-1610,10,652,0
1,105,241,-2.270191614,-0.3864496731,1.142255646,-2.313905536,-1.621174274,-0.6997196351,0,1,181,task,60,0,-1610,10,652,0
1,105,242,-2.286031304,-0.4158322601,1.20959303,-2.347807789,-1.623734613,-0.7154819505,0,1,182,task,60,0,-1610,10,652,0
1,105,243,-2.3021533,-0.4436443798,1.272671455,-2.378500624,-1.627504907,-0.7315079445,0,1,183,task,60,0,-1610,10,652,0
1,105,244,-2.319864001,-0.4698771634,1.331602477,-2.405108099,-1.628279741,-0.7489776348,0,1,184,task,60,0,-1610,10,652,0
1,105,245,-2.338698662,-0.4947623551,1.387277489,-2.429064884,-1.627855504,-0.7674842138,0,1,185,task,60,0,-1610,10,652,0
1,105,246,-2.358239942,-0.5184627295,1.440441717,-2.451713188,-1.627735404,-0.786663433,0,1,186,task,60,0,-1610,10,652,0
1,105,247,-2.359949143,-0.4991740487,1.39363674,-2.451200617,-1.662217932,-0.7905509172,0,1,187,task,30,0,-1610,10,652,0
1,105,248,-2.342199968,-0.4739989194,1.337056866,-2.422921585,-1.6580672,-0.7728188919,0,1,188,task,60,0,-1610,10,652,0
1,105,249,-2.325093098,-0.4478210889,1.284570243,-2.408338366,-1.654269672,-0.7560725089,0,1,189,task,60,0,-1610,10,652,0
1,105,250,-2.313479691,-0.418295465,1.213448003,-2.357956071,-1.633795088,-0.7434301257,0,1,190,task,60,0,-1610,10,652,0
1,105,251,-2.298430387,-0.3883854764,1.141470931,-2.312498685,-1.626697657,-0.7281005379,0,1,191,task,60,0,-1610,10,652,0
1,105,252,-2.283706987,-0.3568743622,1.06996945,-2.274967736,-1.620573132,-0.7133179146,0,1,192,task,60,0,-1610,10,652,0
1,105,253,-2.268625985,-0.323996813,0.9963115009,-2.240007196,-1.617750204,-0.6983139115,0,1,193,task,60,0,-1610,10,652,0
1,105,254,-2.281597205,-0.3247673097,0.9910854786,-2.250742905,-1.662632886,-0.7133825328,0,1,194,task,30,0,-1610,10,652,0
1,105,255,-2.29746239,-0.3593378751,1.079107095,-2.31455342,-1.663383769,-0.7296436693,0,1,195,task,60,0,-1610,10,652,0
1,105,256,-2.31183602,-0.3904168531,1.149406275,-2.352169009,-1.671253227,-0.7444663137,0,1,196,task,60,0,-1610,10,652,0
1,105,257,-2.327263592,-0.4195075404,1.21162383,-2.378990561,-1.67729501,-0.760053967,0,1,197,task,60,0,-1610,10,652,0
1,105,258,-2.342826875,-0.4473632475,1.270891792,-2.404844847,-1.68484606,-0.7758518298,0,1,198,task,60,0,-1610,10,652,0
1,105,259,-2.352308343,-0.4764330003,1.346306412,-2.472365727,-1.714704415,-0.7887438928,0,1,199,task,60,0,-1610,10,652,0
1,105,260,-2.377008664,-0.4754598854,1.331253256,-2.466038337,-1.723201015,-0.8148134577,0,1,200,task,30,0,-1610,10,652,0
1,105,261,-2.358552581,-0.4493133797,1.269757807,-2.428560276,-1.722525167,-0.7960632786,0,1,201,task,60,0,-1610,10,652,0
1,105,262,-2.34267856,-0.4212991436,1.210226382,-2.400835274,-1.7155533,-0.7796436683,0,1,202,task,60,0,-1610,10,652,0
1,105,263,-2.326730788,-0.3922617877,1.146463055,-2.369254751,-1.710755131,-0.7632988456,0,1,203,task,60,0,-1610,10,652,0
1,105,264,-2.311220997,-0.3614149872,1.078508151,-2.335318933,-1.706452143,-0.7474226765,0,1,204,task,60,0,-1610,10,652,0
1,105,265,-2.296038017,-0.3286519396,1.005496416,-2.298142868,-1.702962408,-0.7319274369,0,1,205,task,60,0,-1610,10,652,0
1,105,266,-2.280840685,-0.2929338487,0.9239381334,-2.253167696,-1.701518742,-0.7165148012,0,1,206,task,60,0,-1610,10,652,0
1,105,267,-2.305091792,-0.3028433679,0.937580917,-2.267840027,-1.720708993,-0.7431922216,0,1,207,task,30,0,-1610,10,652,0
1,105,268,-2.31743299,-0.3397226613,1.026722915,-2.331115643,-1.73431685,-0.7576094952,0,1,208,task,60,0,-1610,10,652,0
1,105,269,-2.331972025,-0.3716438733,1.0922308,-2.356731683,-1.741209081,-0.7727807553,0,1,209,task,60,0,-1610,10,652,0
1,105,270,-2.347663104,-0.4022591881,1.16108398,-2.395619796,-1.746084248,-0.7892765818,0,1,210,task,60,0,-1610,10,652,0
1,105,271,-2.364544908,-0.4306901199,1.22038258,-2.420434917,-1.748646085,-0.806303258,0,1,211,task,60,0,-1610,10,652,0
1,105,272,-2.359257449,-0.43619308,1.226366248,-2.42081022,-1.77469941,-0.8042924432,0,1,212,task,60,0,-1610,10,652,0
1,105,273,-2.293552661,-0.5307436566,1.255069061,-2.349976035,-1.757707793,-0.737268073,0,0,,transition,30,0,-1610,10,652,0
1,105,274,-2.227847874,-0.6252942333,1.283771873,-2.27914185,-1.740716175,-0.6702437027,0,0,,transition,30,0,-1610,10,652,0
1,105,275,-2.162143086,-0.71984481,1.312474686,-2.208307665,-1.723724558,-0.6032193324,0,0,,transition,30,0,-1610,10,652,0
1,105,276,-2.096438299,-0.8143953866,1.341177499,-2.13747348,-1.70673294,-0.5361949621,0,0,,transition,30,0,-1610,10,652,0
1,105,277,-2.030733512,-0.9089459633,1.369880311,-2.066639295,-1.689741323,-0.4691705919,0,0,,transition,30,0,-1610,10,652,0
1,105,278,-1.965028724,-1.00349654,1.398583124,-1.99580511,-1.672749705,-0.4021462216,0,0,,transition,30,0,-1610,10,652,0
1,105,279,-1.899323937,-1.098047117,1.427285937,-1.924970925,-1.655758088,-0.3351218513,0,0,,transition,30,0,-1610,10,652,0
1,105,280,-1.83361915,-1.192597693,1.455988749,-1.85413674,-1.63876647,-0.2680974811,0,0,,transition,30,0,-1610,10,652,0
1,105,281,-1.767914362,-1.28714827,1.484691562,-1.783302555,-1.621774853,-0.2010731108,0,0,,transition,30,0,-1610,10,652,0
1,105,282,-1.702209575,-1.381698847,1.513394375,-1.71246837,-1.604783235,-0.1340487405,0,0,,transition,30,0,-1610,10,652,0
1,105,283,-1.636504787,-1.476249423,1.542097187,-1.641634185,-1.587791618,-0.06702437027,0,0,,transition,30,0,-1610,10,652,0
1,105,284,-1.5708,-1.5708,1.5708,-1.5708,-1.5708,0,0,0,,home,60,0,-1610,10,652,0
1,106,1,-1.5708,-1.5708,1.5708,-1.5708,-1.5708,0,0,0,,home,60,0,-1610,10,652,0
1,106,2,-1.570106542,-1.472409127,1.519134979,-1.616619098,-1.565012323,0.0006948226473,0,0,,transition,30,0,-1610,10,652,0
1,106,3,-1.569413083,-1.374018254,1.467469957,-1.662438197,-1.559224647,0.001389645295,0,0,,transition,30,0,-1610,10,652,0
1,106,4,-1.568719625,-1.27562738,1.415804936,-1.708257295,-1.55343697,0.002084467942,0,0,,transition,30,0,-1610,10,652,0
1,106,5,-1.568026167,-1.177236507,1.364139915,-1.754076393,-1.547649294,0.002779290589,0,0,,transition,30,0,-1610,10,652,0
1,106,6,-1.567332709,-1.078845634,1.312474893,-1.799895492,-1.541861617,0.003474113236,0,0,,transition,30,0,-1610,10,652,0
1,106,7,-1.56663925,-0.980454761,1.260809872,-1.84571459,-1.536073941,0.004168935884,0,0,,transition,30,0,-1610,10,652,0
1,106,8,-1.565945792,-0.8820638878,1.209144851,-1.891533689,-1.530286264,0.004863758531,0,0,,transition,30,0,-1610,10,652,0
1,106,9,-1.565252334,-0.7836730146,1.157479829,-1.937352787,-1.524498588,0.005558581178,0,0,,transition,30,0,-1610,10,652,0
1,106,10,-1.564558876,-0.6852821414,1.105814808,-1.983171885,-1.518710911,0.006253403826,0,0,,transition,30,0,-1610,10,652,0
1,106,11,-1.563865417,-0.5868912683,1.054149787,-2.028990984,-1.512923235,0.006948226473,0,0,,transition,30,0,-1610,10,652,0
1,106,12,-1.563171959,-0.4885003951,1.002484765,-2.074810082,-1.507135558,0.00764304912,0,0,,transition,30,0,-1610,10,652,0
1,106,13,-1.562478501,-0.3901095219,0.950819744,-2.12062918,-1.501347881,0.008337871768,0,0,,transition,30,0,-1610,10,652,0
1,106,14,-1.561785043,-0.2917186487,0.8991547227,-2.166448279,-1.495560205,0.009032694415,0,1,1,task,60,0,-1610,10,652,0
1,106,15,-1.561894061,-0.2676628232,0.8427163843,-2.134666247,-1.495543582,0.008923452299,0,0,,transition,60,0,-1610,10,652,0
1,106,16,-1.562003079,-0.2436069976,0.7862780459,-2.102884215,-1.495526959,0.008814210184,0,1,2,task,60,0,-1610,10,652,0
1,106,17,-1.562107233,-0.2152940145,0.7208160769,-2.06633607,-1.495510026,0.008709836561,0,0,,transition,60,0,-1610,10,652,0
1,106,18,-1.562211386,-0.1869810315,0.6553541079,-2.029787925,-1.495493094,0.008605462939,0,1,3,task,60,0,-1610,10,652,0
1,106,19,-1.562310993,-0.1511674389,0.5737557043,-1.984604291,-1.495475873,0.008505639254,0,0,,transition,60,0,-1610,10,652,0
1,106,20,-1.5624106,-0.1153538463,0.4921573008,-1.939420658,-1.495458651,0.00840581557,0,1,4,task,60,0,-1610,10,652,0
1,106,21,-1.58467977,-0.1406264191,0.5545965237,-1.976357765,-1.495584019,-0.01392586329,0,1,5,task,30,0,-1610,10,652,0
1,106,22,-1.584828546,-0.1732179779,0.6292237318,-2.017665111,-1.495622873,-0.01407493624,0,0,,transition,60,0,-1610,10,652,0
1,106,23,-1.584977323,-0.2058095366,0.70385094,-2.058972458,-1.495661726,-0.01422400919,0,1,6,task,60,0,-1610,10,652,0
1,106,24,-1.585132937,-0.2324193089,0.7656709963,-2.09345395,-1.495701088,-0.01437991789,0,0,,transition,60,0,-1610,10,652,0
1,106,25,-1.585288551,-0.2590290811,0.8274910527,-2.127935443,-1.495740449,-0.0145358266,0,1,7,task,60,0,-1610,10,652,0
1,106,26,-1.585451485,-0.281986841,0.8816166774,-2.158373993,-1.495780354,-0.01469905385,0,0,,transition,60,0,-1610,10,652,0
1,106,27,-1.585614419,-0.3049446009,0.935742302,-2.188812544,-1.495820259,-0.0148622811,0,1,8,task,60,0,-1610,10,652,0
1,106,28,-1.609314626,-0.2946087647,0.9168581814,-2.180526119,-1.495987636,-0.03862803801,0,1,9,task,30,0,-1610,10,652,0
1,106,29,-1.608884417,-0.2710927505,0.8616169808,-2.149705491,-1.495915958,-0.03819712961,0,0,,transition,60,0,-1610,10,652,0
1,106,30,-1.608454208,-0.2475767363,0.8063757803,-2.118884863,-1.49584428,-0.0377662212,0,1,10,task,60,0,-1610,10,652,0
1,106,31,-1.608043741,-0.22017314,0.7430367761,-2.084006897,-1.495772228,-0.03735506592,0,0,,transition,60,0,-1610,10,652,0
1,106,32,-1.607633274,-0.1927695437,0.6796977719,-2.049128931,-1.495700176,-0.03694391064,0,1,11,task,60,0,-1610,10,652,0
1,106,33,-1.607242143,-0.1589788865,0.6029938125,-2.007732395,-1.495624115,-0.03655211427,0,0,,transition,60,0,-1610,10,652,0
1,106,34,-1.606851012,-0.1251882294,0.526289853,-1.966335859,-1.495548054,-0.0361603179,0,1,12,task,60,0,-1610,10,652,0
1,106,35,-1.629600388,-0.1553472982,0.600449613,-2.010260573,-1.495576727,-0.05897437222,0,1,13,task,30,0,-1610,10,652,0
1,106,36,-1.630254961,-0.1858097982,0.6703365048,-2.048522726,-1.495661734,-0.05963026955,0,0,,transition,60,0,-1610,10,652,0
1,106,37,-1.630909534,-0.2162722982,0.7402233966,-2.086784878,-1.495746742,-0.06028616687,0,1,14,task,60,0,-1610,10,652,0
1,106,38,-1.631594136,-0.2416731422,0.7993122393,-2.119308625,-1.495835035,-0.06097198603,0,0,,transition,60,0,-1610,10,652,0
1,106,39,-1.632278738,-0.2670739862,0.858401082,-2.151832373,-1.495923328,-0.06165780519,0,1,15,task,60,0,-1610,10,652,0
1,106,40,-1.632990845,-0.2892315802,0.9106888024,-2.180795973,-1.496032097,-0.06237092058,0,0,,transition,60,0,-1610,10,652,0
1,106,41,-1.633702952,-0.3113891741,0.9629765228,-2.209759573,-1.496140866,-0.06308403597,0,1,16,task,60,0,-1610,10,652,0
1,106,42,-1.656945328,-0.2934515179,0.9269869432,-2.193686631,-1.496051866,-0.08639348219,0,1,17,task,30,0,-1610,10,652,0
1,106,43,-1.655964952,-0.2702375873,0.8722489674,-2.163124029,-1.495955104,-0.08541120693,0,0,,transition,60,0,-1610,10,652,0
1,106,44,-1.654984576,-0.2470236567,0.8175109915,-2.132561427,-1.495858343,-0.08442893167,0,1,18,task,60,0,-1610,10,652,0
1,106,45,-1.654048058,-0.2200177851,0.75477621,-2.097791033,-1.495765505,-0.0834904461,0,0,,transition,60,0,-1610,10,652,0
1,106,46,-1.65311154,-0.1930119135,0.6920414285,-2.063020639,-1.495672667,-0.08255196053,0,1,19,task,60,0,-1610,10,652,0
1,106,47,-1.652215995,-0.1596901055,0.6157715045,-2.021028293,-1.495583488,-0.08165438419,0,0,,transition,60,0,-1610,10,652,0
1,106,48,-1.651320449,-0.1263682975,0.5395015806,-1.979035947,-1.495494309,-0.08075680786,0,1,20,task,60,0,-1610,10,652,0
1,106,49,-1.674692685,-0.1614523452,0.6242513884,-2.027155544,-1.495604092,-0.1041951276,0,1,21,task,30,0,-1610,10,652,0
1,106,50,-1.675866912,-0.1910043305,0.6925886321,-2.06511435,-1.495700032,-0.1053720011,0,0,,transition,60,0,-1610,10,652,0
1,106,51,-1.677041139,-0.2205563158,0.7609258758,-2.103073155,-1.495795973,-0.1065488745,0,1,22,task,60,0,-1610,10,652,0
1,106,52,-1.678269926,-0.2453631894,0.8191831226,-2.135693438,-1.495896118,-0.1077802803,0,0,,transition,60,0,-1610,10,652,0
1,106,53,-1.679498714,-0.2701700629,0.8774403694,-2.168313721,-1.495996263,-0.1090116862,0,1,23,task,60,0,-1610,10,652,0
1,106,54,-1.680785968,-0.2918759448,0.9292315078,-2.197565007,-1.496100926,-0.1103015252,0,0,,transition,60,0,-1610,10,652,0
1,106,55,-1.682073222,-0.3135818267,0.9810226463,-2.226816293,-1.49620559,-0.1115913643,0,1,24,task,60,0,-1610,10,652,0
1,106,56,-1.704347799,-0.2877994584,0.9246297239,-2.196667094,-1.496165666,-0.1339298585,0,1,25,task,30,0,-1610,10,652,0
1,106,57,-1.702819151,-0.2645146521,0.8694238863,-2.16549075,-1.49605813,-0.1323979487,0,0,,transition,60,0,-1610,10,652,0
1,106,58,-1.701290503,-0.2412298459,0.8142180487,-2.134314407,-1.495950593,-0.1308660389,0,1,26,task,60,0,-1610,10,652,0
1,106,59,-1.699830508,-0.2140573899,0.7508228899,-2.098831846,-1.495847809,-0.1294027836,0,0,,transition,60,0,-1610,10,652,0
1,106,60,-1.698370513,-0.186884934,0.6874277311,-2.063349284,-1.495745024,-0.1279395283,0,1,27,task,60,0,-1610,10,652,0
1,106,61,-1.696974637,-0.1531813921,0.6100422363,-2.020403207,-1.495646661,-0.1265403968,0,0,,transition,60,0,-1610,10,652,0
1,106,62,-1.695578761,-0.1194778502,0.5326567415,-1.97745713,-1.495548297,-0.1251412653,0,1,28,task,60,0,-1610,10,652,0
1,106,63,-1.700726364,-0.1409608423,0.5841353405,-2.011074259,-1.522654763,-0.1301258531,0,0,,transition,30,0,-1610,10,652,0
1,106,64,-1.705873966,-0.1624438344,0.6356139394,-2.044691388,-1.54976123,-0.1351104408,0,1,29,task,30,0,-1610,10,652,0
1,106,65,-1.707414086,-0.1914903419,0.7028702656,-2.082045498,-1.549828618,-0.1366510173,0,0,,transition,60,0,-1610,10,652,0
1,106,66,-1.708954206,-0.2205368493,0.7701265917,-2.119399607,-1.549896007,-0.1381915938,0,1,30,task,60,0,-1610,10,652,0
1,106,67,-1.710565751,-0.2450250142,0.8277128695,-2.151640956,-1.54996876,-0.1398034077,0,0,,transition,60,0,-1610,10,652,0
1,106,68,-1.712177295,-0.2695131791,0.8852991473,-2.183882306,-1.550041513,-0.1414152217,0,1,31,task,60,0,-1610,10,652,0
1,106,69,-1.736640524,-0.2804832262,0.9111840913,-2.196179247,-1.550348375,-0.1658825083,0,1,32,task,30,0,-1610,10,652,0
1,106,70,-1.734747912,-0.2568713614,0.8555506754,-2.165154544,-1.550235608,-0.1639900118,0,0,,transition,60,0,-1610,10,652,0
1,106,71,-1.7328553,-0.2332594967,0.7999172595,-2.134129841,-1.550122842,-0.1620975152,0,1,33,task,60,0,-1610,10,652,0
1,106,72,-1.73104658,-0.2056128186,0.735756547,-2.098611711,-1.550017589,-0.1602885885,0,0,,transition,60,0,-1610,10,652,0
1,106,73,-1.729237861,-0.1779661405,0.6715958345,-2.063093581,-1.549912336,-0.1584796617,0,1,34,task,60,0,-1610,10,652,0
1,106,74,-1.72750757,-0.1433989763,0.5925775081,-2.0196374,-1.549814103,-0.156748864,0,0,,transition,60,0,-1610,10,652,0
1,106,75,-1.725777279,-0.1088318121,0.5135591817,-1.976181219,-1.549715869,-0.1550180664,0,1,35,task,60,0,-1610,10,652,0
1,106,76,-1.738259538,-0.1346005576,0.5723170613,-2.007436407,-1.549895405,-0.167503056,0,0,,transition,30,0,-1610,10,652,0
1,106,77,-1.750741797,-0.1603693031,0.631074941,-2.038691595,-1.550074941,-0.1799880457,0,1,36,task,30,0,-1610,10,652,0
1,106,78,-1.752771825,-0.1894737226,0.6981900697,-2.075513826,-1.550229217,-0.1820178918,0,0,,transition,60,0,-1610,10,652,0
1,106,79,-1.754801853,-0.2185781422,0.7653051983,-2.112336057,-1.550383493,-0.1840477378,0,1,37,task,60,0,-1610,10,652,0
1,106,80,-1.756924703,-0.2431203146,0.8227250322,-2.144024637,-1.550547946,-0.1861698586,0,0,,transition,60,0,-1610,10,652,0
1,106,81,-1.759047552,-0.267662487,0.8801448661,-2.175713216,-1.550712399,-0.1882919793,0,1,38,task,60,0,-1610,10,652,0
1,106,82,-1.782720139,-0.2693102053,0.8823973802,-2.172174824,-1.551477068,-0.2119617292,0,1,39,task,30,0,-1610,10,652,0
1,106,83,-1.780346826,-0.2449458536,0.8256053767,-2.141220737,-1.551230742,-0.2095908307,0,0,,transition,60,0,-1610,10,652,0
1,106,84,-1.777973514,-0.2205815019,0.7688133731,-2.11026665,-1.550984415,-0.2072199323,0,1,40,task,60,0,-1610,10,652,0
1,106,85,-1.775702958,-0.1917904071,0.7026088728,-2.074326926,-1.550752454,-0.2049507923,0,0,,transition,60,0,-1610,10,652,0
1,106,86,-1.773432403,-0.1629993123,0.6364043725,-2.038387202,-1.550520494,-0.2026816523,0,1,41,task,60,0,-1610,10,652,0
1,106,87,-1.771258083,-0.1262014503,0.5529383796,-1.993192765,-1.55030199,-0.2005078146,0,0,,transition,60,0,-1610,10,652,0
1,106,88,-1.769083762,-0.08940358822,0.4694723866,-1.947998328,-1.550083485,-0.1983339768,0,1,42,task,60,0,-1610,10,652,0
1,106,89,-1.782077608,-0.1202244649,0.5384043991,-1.982680999,-1.550663648,-0.2113266634,0,0,,transition,30,0,-1610,10,652,0
1,106,90,-1.795071453,-0.1510453417,0.6073364115,-2.01736367,-1.551243811,-0.2243193499,0,1,43,task,30,0,-1610,10,652,0
1,106,91,-1.797555512,-0.1808837062,0.6755757384,-2.054053056,-1.551560874,-0.2267997737,0,0,,transition,60,0,-1610,10,652,0
1,106,92,-1.800039571,-0.2107220706,0.7438150652,-2.090742442,-1.551877938,-0.2292801976,0,1,44,task,60,0,-1610,10,652,0
1,106,93,-1.802670864,-0.2358452485,0.8026139409,-2.123458086,-1.55207935,-0.2319089082,0,0,,transition,60,0,-1610,10,652,0
1,106,94,-1.805302158,-0.2609684264,0.8614128166,-2.15617373,-1.552280762,-0.2345376188,0,1,45,task,60,0,-1610,10,652,0
1,106,95,-1.827888162,-0.2532463565,0.8428287749,-2.143077954,-1.553001615,-0.2571175143,0,1,46,task,30,0,-1610,10,652,0
1,106,96,-1.825011891,-0.227483042,0.7825663963,-2.109370206,-1.552803596,-0.2542441157,0,0,,transition,60,0,-1610,10,652,0
1,106,97,-1.822135621,-0.2017197274,0.7223040178,-2.075662459,-1.552605578,-0.251370717,0,1,47,task,60,0,-1610,10,652,0
1,106,98,-1.819384035,-0.1704803277,0.6503529488,-2.035741763,-1.552418131,-0.2486215574,0,0,,transition,60,0,-1610,10,652,0
1,106,99,-1.816632449,-0.1392409281,0.5784018798,-1.995821067,-1.552230684,-0.2458723977,0,1,48,task,60,0,-1610,10,652,0
1,106,100,-1.822102436,-0.1087287315,0.5091618635,-1.956787407,-1.552352286,-0.2513420113,0,0,,transition,30,0,-1610,10,652,0
1,106,101,-1.827572423,-0.07821653503,0.4399218472,-1.917753746,-1.552473888,-0.2568116249,0,0,,transition,30,0,-1610,10,652,0
1,106,102,-1.83304241,-0.04770433851,0.3706818309,-1.878720086,-1.55259549,-0.2622812385,0,1,49,task,30,0,-1610,10,652,0
1,106,103,-1.835910637,-0.09130925642,0.4694728229,-1.93323153,-1.552774488,-0.2651471156,0,0,,transition,60,0,-1610,10,652,0
1,106,104,-1.838778863,-0.1349141743,0.5682638148,-1.987742973,-1.552953485,-0.2680129927,0,1,50,task,60,0,-1610,10,652,0
1,106,105,-1.841773842,-0.1665564468,0.6411504001,-2.028312272,-1.553142165,-0.2710052549,0,0,,transition,60,0,-1610,10,652,0
1,106,106,-1.844768822,-0.1981987194,0.7140369854,-2.068881571,-1.553330845,-0.2739975171,0,1,51,task,60,0,-1610,10,652,0
1,106,107,-1.847899066,-0.2241707613,0.7748114123,-2.103008626,-1.553529866,-0.277124651,0,0,,transition,60,0,-1610,10,652,0
1,106,108,-1.851029311,-0.2501428032,0.8355858391,-2.137135681,-1.553728887,-0.2802517849,0,1,52,task,60,0,-1610,10,652,0
1,106,109,-1.860990066,-0.2890750261,0.9307256285,-2.192551899,-1.563813363,-0.2902253971,0,0,,transition,30,0,-1610,10,652,0
1,106,110,-1.870950822,-0.3280072489,1.025865418,-2.247968118,-1.57389784,-0.3001990092,0,0,,transition,30,0,-1610,10,652,0
1,106,111,-1.880911577,-0.3669394718,1.121005207,-2.303384336,-1.583982316,-0.3101726214,0,0,,transition,30,0,-1610,10,652,0
1,106,112,-1.890872332,-0.4058716946,1.216144997,-2.358800555,-1.594066792,-0.3201462335,0,0,,transition,30,0,-1610,10,652,0
1,106,113,-1.900833087,-0.4448039174,1.311284786,-2.414216773,-1.604151269,-0.3301198456,0,0,,transition,30,0,-1610,10,652,0
1,106,114,-1.910793842,-0.4837361403,1.406424575,-2.469632992,-1.614235745,-0.3400934578,0,1,53,task,30,0,-1610,10,652,0
1,106,115,-1.901744033,-0.4553517456,1.334680232,-2.428264814,-1.614349646,-0.3310691989,0,1,54,task,60,0,-1610,10,652,0
1,106,116,-1.896675,-0.4245475546,1.273053264,-2.415231271,-1.602802378,-0.3260220233,0,1,55,task,60,0,-1610,10,652,0
1,106,117,-1.890491027,-0.3934026956,1.196301148,-2.372689924,-1.595813174,-0.319789234,0,1,56,task,60,0,-1610,10,652,0
1,106,118,-1.883250712,-0.3599137551,1.111044285,-2.320087358,-1.59356622,-0.3125295532,0,1,57,task,60,0,-1610,10,652,0
1,106,119,-1.876356642,-0.3231425632,1.019440651,-2.264459977,-1.591309494,-0.3056185677,0,1,58,task,60,0,-1610,10,652,0
1,106,120,-1.869784745,-0.2822413953,0.9195822493,-2.204744814,-1.58904407,-0.299032058,0,1,59,task,60,0,-1610,10,652,0
1,106,121,-1.866648929,-0.2590351973,0.8639915493,-2.171998621,-1.587907479,-0.2958900188,0,0,,transition,60,0,-1610,10,652,0
1,106,122,-1.863513114,-0.2358289993,0.8084008493,-2.139252428,-1.586770888,-0.2927479796,0,1,60,task,60,0,-1610,10,652,0
1,106,123,-1.860517442,-0.2086089228,0.7443755366,-2.102101649,-1.585630835,-0.289747103,0,0,,transition,60,0,-1610,10,652,0
1,106,124,-1.85752177,-0.1813888464,0.6803502239,-2.06495087,-1.584490781,-0.2867462263,0,1,61,task,60,0,-1610,10,652,0
1,106,125,-1.854657112,-0.1473607656,0.6017574084,-2.020055708,-1.583347631,-0.2838773248,0,0,,transition,60,0,-1610,10,652,0
1,106,126,-1.851792455,-0.1133326848,0.5231645929,-1.975160545,-1.58220448,-0.2810084234,0,1,62,task,60,0,-1610,10,652,0
1,106,127,-1.857847507,-0.07336428328,0.4337860145,-1.930516015,-1.59111935,-0.2871221773,0,0,,transition,30,0,-1610,10,652,0
1,106,128,-1.863902558,-0.03339588176,0.3444074361,-1.885871485,-1.600034219,-0.2932359313,0,1,63,task,30,0,-1610,10,652,0
1,106,129,-1.866099116,-0.06378526438,0.4132388665,-1.924022161,-1.599851152,-0.2954314066,0,0,,transition,60,0,-1610,10,652,0
1,106,130,-1.868295674,-0.09417464701,0.4820702968,-1.962172837,-1.599668084,-0.2976268819,0,0,,transition,60,0,-1610,10,652,0
1,106,131,-1.870492232,-0.1245640296,0.5509017271,-2.000323513,-1.599485016,-0.2998223573,0,1,64,task,60,0,-1610,10,652,0
1,106,132,-1.873931717,-0.15686024,0.6253448074,-2.042033899,-1.599216484,-0.3032601213,0,0,,transition,60,0,-1610,10,652,0
1,106,133,-1.877371202,-0.1891564503,0.6997878877,-2.083744284,-1.598947951,-0.3066978854,0,1,65,task,60,0,-1610,10,652,0
1,106,134,-1.880964923,-0.2154407716,0.7613744849,-2.118610752,-1.59868589,-0.310289782,0,0,,transition,60,0,-1610,10,652,0
1,106,135,-1.884558644,-0.2417250928,0.822961082,-2.15347722,-1.598423829,-0.3138816785,0,1,66,task,60,0,-1610,10,652,0
1,106,136,-1.888317041,-0.2643382952,0.8768286411,-2.184296563,-1.598168678,-0.3176381401,0,0,,transition,60,0,-1610,10,652,0
1,106,137,-1.892075438,-0.2869514976,0.9306962001,-2.215115906,-1.597913526,-0.3213946017,0,1,67,task,60,0,-1610,10,652,0
1,106,138,-1.899913069,-0.327047775,1.027811875,-2.271220009,-1.597530159,-0.329228894,0,1,68,task,60,0,-1610,10,652,0
1,106,139,-1.906671767,-0.363371088,1.114825539,-2.318901004,-1.602249034,-0.3360200364,0,1,69,task,60,0,-1610,10,652,0
1,106,140,-1.91375033,-0.396794264,1.196115015,-2.363833186,-1.607011721,-0.3431336149,0,1,70,task,60,0,-1610,10,652,0
1,106,141,-1.921695635,-0.4283171827,1.271958645,-2.403833372,-1.610060319,-0.3510847338,0,1,71,task,60,0,-1610,10,652,0
1,106,142,-1.930215557,-0.4580516708,1.343761262,-2.441121042,-1.612568266,-0.3595919879,0,1,72,task,60,0,-1610,10,652,0
1,106,143,-1.939162791,-0.486078588,1.412414011,-2.477033765,-1.615148793,-0.3685174399,0,1,73,task,60,0,-1610,10,652,0
1,106,144,-1.961824971,-0.4709972902,1.374064373,-2.459580801,-1.613149628,-0.3912248515,0,1,74,task,30,0,-1610,10,652,0
1,106,145,-1.952145346,-0.4423490299,1.302356637,-2.418992308,-1.611569191,-0.3815493158,0,1,75,task,60,0,-1610,10,652,0
1,106,146,-1.942926602,-0.4117458866,1.227032042,-2.376788758,-1.610044953,-0.3723322656,0,1,76,task,60,0,-1610,10,652,0
1,106,147,-1.934137244,-0.3788792622,1.14737147,-2.332555629,-1.60857361,-0.3635422462,0,1,77,task,60,0,-1610,10,652,0
1,106,148,-1.9260744,-0.3438097355,1.061802858,-2.283669894,-1.605980212,-0.3554577718,0,1,78,task,60,0,-1610,10,652,0
1,106,149,-1.918425218,-0.3054019363,0.9693180541,-2.231107785,-1.603234177,-0.3477856268,0,1,79,task,60,0,-1610,10,652,0
1,106,150,-1.914769985,-0.2839954472,0.9185645558,-2.202544028,-1.601874217,-0.3441197197,0,0,,transition,60,0,-1610,10,652,0
1,106,151,-1.911114751,-0.2625889581,0.8678110575,-2.173980271,-1.600514257,-0.3404538126,0,1,80,task,60,0,-1610,10,652,0
1,106,152,-1.907618018,-0.2381533306,0.8107219879,-2.142134074,-1.599166781,-0.336947114,0,0,,transition,60,0,-1610,10,652,0
1,106,153,-1.904121284,-0.2137177032,0.7536329184,-2.110287877,-1.597819306,-0.3334404154,0,1,81,task,60,0,-1610,10,652,0
1,106,154,-1.900376076,-0.1846862714,0.6866253725,-2.073236389,-1.598031199,-0.3296983549,0,0,,transition,60,0,-1610,10,652,0
1,106,155,-1.896630869,-0.1556548396,0.6196178266,-2.036184901,-1.598243093,-0.3259562944,0,1,82,task,60,0,-1610,10,652,0
1,106,156,-1.892975514,-0.1180248855,0.5340342741,-1.989171116,-1.598732713,-0.3223058556,0,0,,transition,60,0,-1610,10,652,0
1,106,157,-1.88932016,-0.0803949314,0.4484507215,-1.942157331,-1.599222333,-0.3186554167,0,1,83,task,60,0,-1610,10,652,0
1,106,158,-1.895046564,-0.04832044675,0.3751377601,-1.899816998,-1.598723609,-0.3243768285,0,0,,transition,30,0,-1610,10,652,0
1,106,159,-1.900772967,-0.01624596211,0.3018247988,-1.857476666,-1.598224884,-0.3300982404,0,0,,transition,30,0,-1610,10,652,0
1,106,160,-1.90649937,0.01582852254,0.2285118374,-1.815136333,-1.59772616,-0.3358196522,0,1,84,task,30,0,-1610,10,652,0
1,106,161,-1.908556493,-0.02260882674,0.3152011896,-1.863932303,-1.599219646,-0.3378929122,0,0,,transition,60,0,-1610,10,652,0
1,106,162,-1.910613616,-0.06104617603,0.4018905417,-1.912728273,-1.600713132,-0.3399661722,0,0,,transition,60,0,-1610,10,652,0
1,106,163,-1.912670739,-0.09948352531,0.4885798939,-1.961524242,-1.602206618,-0.3420394322,0,1,85,task,60,0,-1610,10,652,0
1,106,164,-1.915892967,-0.1351831872,0.5708483206,-2.008941723,-1.604436717,-0.3452903842,0,0,,transition,60,0,-1610,10,652,0
1,106,165,-1.919115196,-0.1708828491,0.6531167473,-2.056359204,-1.606666816,-0.3485413362,0,1,86,task,60,0,-1610,10,652,0
1,106,166,-1.922355622,-0.1989125595,0.7188478557,-2.0949313,-1.609369618,-0.3518218401,0,0,,transition,60,0,-1610,10,652,0
1,106,167,-1.925596048,-0.2269422699,0.7845789642,-2.133503396,-1.612072419,-0.3551023441,0,1,87,task,60,0,-1610,10,652,0
1,106,168,-1.928903347,-0.2506407968,0.8411307174,-2.167263112,-1.61507088,-0.3584616565,0,0,,transition,60,0,-1610,10,652,0
1,106,169,-1.932210646,-0.2743393237,0.8976824705,-2.201022828,-1.61806934,-0.3618209689,0,1,88,task,60,0,-1610,10,652,0
1,106,170,-1.935674223,-0.2951202469,0.9482246334,-2.23173925,-1.621055117,-0.3653454025,0,0,,transition,60,0,-1610,10,652,0
1,106,171,-1.9391378,-0.31590117,0.9987667964,-2.262455671,-1.624040895,-0.3688698362,0,1,89,task,60,0,-1610,10,652,0
1,106,172,-1.942122099,-0.3535683969,1.086757852,-2.311301931,-1.645127415,-0.372328485,0,1,90,task,60,0,-1610,10,652,0
1,106,173,-1.955858784,-0.3876131417,1.160609325,-2.336107343,-1.629423397,-0.385591375,0,1,91,task,60,0,-1610,10,652,0
1,106,174,-1.965711196,-0.4198938562,1.240540372,-2.383015669,-1.62920404,-0.395439627,0,1,92,task,60,0,-1610,10,652,0
1,106,175,-1.976054475,-0.4498712381,1.316131944,-2.427911521,-1.629009499,-0.4057786239,0,1,93,task,60,0,-1610,10,652,0
1,106,176,-1.984780326,-0.4782728749,1.386970145,-2.468900717,-1.635682363,-0.4146321532,0,1,94,task,60,0,-1610,10,652,0
1,106,177,-1.981005984,-0.4592389288,1.338797725,-2.463435532,-1.709830647,-0.4140335839,0,1,95,task,30,0,-1610,10,652,0
1,106,178,-1.974425039,-0.4291827174,1.270830178,-2.432292894,-1.69694445,-0.4068416488,0,1,96,task,60,0,-1610,10,652,0
1,106,179,-1.970962514,-0.3977973407,1.187878949,-2.372285035,-1.674219323,-0.4022532103,0,1,97,task,60,0,-1610,10,652,0
1,106,180,-1.965875916,-0.3639005983,1.112725864,-2.338642182,-1.657938376,-0.396618398,0,1,98,task,60,0,-1610,10,652,0
1,106,181,-1.955581216,-0.3271667973,1.016358969,-2.271267669,-1.661255451,-0.3863388789,0,1,99,task,60,0,-1610,10,652,0
1,106,182,-1.945468244,-0.286908935,0.9212692867,-2.219031882,-1.665677656,-0.3763584704,0,1,100,task,60,0,-1610,10,652,0
1,106,183,-1.937717183,-0.2427477363,0.8220038756,-2.171051052,-1.662847137,-0.3685241641,0,1,101,task,60,0,-1610,10,652,0
1,106,184,-1.933775192,-0.2170755796,0.7629651679,-2.139168552,-1.662325698,-0.3645538213,0,0,,transition,60,0,-1610,10,652,0
1,106,185,-1.929833201,-0.1914034228,0.7039264602,-2.107286052,-1.661804259,-0.3605834785,0,1,102,task,60,0,-1610,10,652,0
1,106,186,-1.92607761,-0.1604516163,0.6335419208,-2.069496134,-1.661203324,-0.3567960731,0,0,,transition,60,0,-1610,10,652,0
1,106,187,-1.922322019,-0.1294998098,0.5631573813,-2.031706216,-1.660602388,-0.3530086676,0,1,103,task,60,0,-1610,10,652,0
1,106,188,-1.919352874,-0.0903189375,0.4777094956,-1.990702422,-1.657440467,-0.3499246111,0,0,,transition,60,0,-1610,10,652,0
1,106,189,-1.916383728,-0.05113806523,0.3922616098,-1.949698629,-1.654278545,-0.3468405546,0,1,104,task,60,0,-1610,10,652,0
1,106,190,-1.919258724,-0.02601380463,0.3337216785,-1.921899169,-1.680407185,-0.3507935279,0,0,,transition,30,0,-1610,10,652,0
1,106,191,-1.92213372,-0.0008895440282,0.2751817473,-1.894099709,-1.706535825,-0.3547465012,0,1,105,task,30,0,-1610,10,652,0
1,106,192,-1.925112514,-0.03397205435,0.3480545469,-1.93116717,-1.704678396,-0.3576583506,0,0,,transition,60,0,-1610,10,652,0
1,106,193,-1.928091307,-0.06705456467,0.4209273465,-1.968234632,-1.702820968,-0.3605702,0,0,,transition,60,0,-1610,10,652,0
1,106,194,-1.931070101,-0.100137075,0.4938001461,-2.005302093,-1.700963539,-0.3634820495,0,1,106,task,60,0,-1610,10,652,0
1,106,195,-1.935018767,-0.1348406815,0.5732498043,-2.049823741,-1.700987996,-0.3674679041,0,0,,transition,60,0,-1610,10,652,0
1,106,196,-1.938967432,-0.169544288,0.6526994624,-2.094345389,-1.701012453,-0.3714537588,0,1,107,task,60,0,-1610,10,652,0
1,106,197,-1.94296352,-0.1968399575,0.7150448814,-2.127850465,-1.701511633,-0.3755051525,0,0,,transition,60,0,-1610,10,652,0
1,106,198,-1.946959607,-0.2241356271,0.7773903004,-2.16135554,-1.702010812,-0.3795565461,0,1,108,task,60,0,-1610,10,652,0
1,106,199,-1.951153287,-0.247576353,0.8315925058,-2.190801714,-1.702430499,-0.3838021783,0,0,,transition,60,0,-1610,10,652,0
1,106,200,-1.955346967,-0.2710170789,0.8857947112,-2.220247888,-1.702850187,-0.3880478106,0,1,109,task,60,0,-1610,10,652,0
1,106,201,-1.964062488,-0.3125839383,0.9822580404,-2.2718897,-1.703867346,-0.396869739,0,1,110,task,60,0,-1610,10,652,0
1,106,202,-1.973221428,-0.3503528715,1.071199384,-2.320503506,-1.704731909,-0.4061311831,0,1,111,task,60,0,-1610,10,652,0
1,106,203,-1.982649364,-0.3851457936,1.152298683,-2.362533817,-1.706143172,-0.4156668907,0,1,112,task,60,0,-1610,10,652,0
1,106,204,-1.992738333,-0.4175233386,1.230600682,-2.406789839,-1.706853378,-0.4258569777,0,1,113,task,60,0,-1610,10,652,0
1,106,205,-2.003327504,-0.4478494346,1.304938748,-2.449512124,-1.707541289,-0.4365525848,0,1,114,task,60,0,-1610,10,652,0
1,106,206,-2.014443145,-0.4763851338,1.375850214,-2.4908389,-1.708238652,-0.4477808259,0,1,115,task,60,0,-1610,10,652,0
1,106,207,-2.005976744,-0.4402301598,1.287638585,-2.447788101,-1.722658344,-0.4403227547,0,0,,transition,30,0,-1610,10,652,0
1,106,208,-1.997510343,-0.4040751857,1.199426955,-2.404737302,-1.737078036,-0.4328646836,0,0,,transition,30,0,-1610,10,652,0
1,106,209,-1.989043942,-0.3679202117,1.111215326,-2.361686503,-1.751497728,-0.4254066125,0,1,116,task,30,0,-1610,10,652,0
1,106,210,-1.980292957,-0.3314895491,1.022556182,-2.307766143,-1.747618038,-0.4161992745,0,1,117,task,60,0,-1610,10,652,0
1,106,211,-1.973510567,-0.2916675608,0.9300769877,-2.256883788,-1.737788728,-0.4086288668,0,1,118,task,60,0,-1610,10,652,0
1,106,212,-1.962223321,-0.248806418,0.8367610909,-2.217863328,-1.746482661,-0.3978562571,0,1,119,task,60,0,-1610,10,652,0
1,106,213,-1.934264512,-0.343234531,0.8891924416,-2.171644518,-1.7339339,-0.369437953,0,0,,transition,30,0,-1610,10,652,0
1,106,214,-1.906305703,-0.437662644,0.9416237922,-2.125425709,-1.721385138,-0.3410196489,0,0,,transition,30,0,-1610,10,652,0
1,106,215,-1.878346895,-0.532090757,0.9940551429,-2.0792069,-1.708836377,-0.3126013449,0,0,,transition,30,0,-1610,10,652,0
1,106,216,-1.850388086,-0.62651887,1.046486494,-2.032988091,-1.696287615,-0.2841830408,0,0,,transition,30,0,-1610,10,652,0
1,106,217,-1.822429278,-0.720946983,1.098917844,-1.986769282,-1.683738854,-0.2557647367,0,0,,transition,30,0,-1610,10,652,0
1,106,218,-1.794470469,-0.815375096,1.151349195,-1.940550473,-1.671190092,-0.2273464326,0,0,,transition,30,0,-1610,10,652,0
1,106,219,-1.76651166,-0.909803209,1.203780545,-1.894331664,-1.658641331,-0.1989281286,0,0,,transition,30,0,-1610,10,652,0
1,106,220,-1.738552852,-1.004231322,1.256211896,-1.848112855,-1.646092569,-0.1705098245,0,0,,transition,30,0,-1610,10,652,0
1,106,221,-1.710594043,-1.098659435,1.308643247,-1.801894046,-1.633543808,-0.1420915204,0,0,,transition,30,0,-1610,10,652,0
1,106,222,-1.682635234,-1.193087548,1.361074597,-1.755675236,-1.620995046,-0.1136732163,0,0,,transition,30,0,-1610,10,652,0
1,106,223,-1.654676426,-1.287515661,1.413505948,-1.709456427,-1.608446285,-0.08525491224,0,0,,transition,30,0,-1610,10,652,0
1,106,224,-1.626717617,-1.381943774,1.465937299,-1.663237618,-1.595897523,-0.05683660816,0,0,,transition,30,0,-1610,10,652,0
1,106,225,-1.598758809,-1.476371887,1.518368649,-1.617018809,-1.583348762,-0.02841830408,0,0,,transition,30,0,-1610,10,652,0
1,106,226,-1.5708,-1.5708,1.5708,-1.5708,-1.5708,0,0,0,,home,60,0,-1610,10,652,0
1,107,1,-1.5708,-1.5708,1.5708,-1.5708,-1.5708,0,0,0,,home,60,0,-1610,10,652,0
1,107,2,-1.576845197,-1.471393434,1.518912936,-1.618540588,-1.585160231,-0.006152509628,0,0,,transition,30,0,-1610,10,652,0
1,107,3,-1.582890395,-1.371986869,1.467025873,-1.666281176,-1.599520463,-0.01230501926,0,0,,transition,30,0,-1610,10,652,0
1,107,4,-1.588935592,-1.272580303,1.415138809,-1.714021764,-1.613880694,-0.01845752888,0,0,,transition,30,0,-1610,10,652,0
1,107,5,-1.59498079,-1.173173737,1.363251746,-1.761762352,-1.628240926,-0.02461003851,0,0,,transition,30,0,-1610,10,652,0
1,107,6,-1.601025987,-1.073767172,1.311364682,-1.80950294,-1.642601157,-0.03076254814,0,0,,transition,30,0,-1610,10,652,0
1,107,7,-1.607071184,-0.9743606058,1.259477618,-1.857243528,-1.656961388,-0.03691505777,0,0,,transition,30,0,-1610,10,652,0
1,107,8,-1.613116382,-0.8749540401,1.207590555,-1.904984116,-1.67132162,-0.04306756739,0,0,,transition,30,0,-1610,10,652,0
1,107,9,-1.619161579,-0.7755474744,1.155703491,-1.952724704,-1.685681851,-0.04922007702,0,0,,transition,30,0,-1610,10,652,0
1,107,10,-1.625206776,-0.6761409087,1.103816427,-2.000465292,-1.700042083,-0.05537258665,0,0,,transition,30,0,-1610,10,652,0
1,107,11,-1.631251974,-0.576734343,1.051929364,-2.04820588,-1.714402314,-0.06152509628,0,0,,transition,30,0,-1610,10,652,0
1,107,12,-1.637297171,-0.4773277773,1.0000423,-2.095946468,-1.728762546,-0.06767760591,0,0,,transition,30,0,-1610,10,652,0
1,107,13,-1.643342369,-0.3779212116,0.9481552366,-2.143687056,-1.743122777,-0.07383011553,0,0,,transition,30,0,-1610,10,652,0
1,107,14,-1.649387566,-0.2785146459,0.896268173,-2.191427644,-1.757483008,-0.07998262516,0,1,1,task,60,0,-1610,10,652,0
1,107,15,-1.648293011,-0.2542118944,0.839098211,-2.159000993,-1.75820119,-0.07887981062,0,0,,transition,60,0,-1610,10,652,0
1,107,16,-1.647198456,-0.2299091429,0.781928249,-2.126574342,-1.758919371,-0.07777699607,0,1,2,task,60,0,-1610,10,652,0
1,107,17,-1.646152951,-0.2012037187,0.715432547,-2.089230975,-1.759639687,-0.07672355785,0,0,,transition,60,0,-1610,10,652,0
1,107,18,-1.645107446,-0.1724982945,0.6489368449,-2.051887608,-1.760360003,-0.07567011962,0,1,3,task,60,0,-1610,10,652,0
1,107,19,-1.648118576,-0.1400784112,0.5758450103,-2.015437804,-1.744900629,-0.07851584179,0,0,,transition,60,0,-1610,10,652,0
1,107,20,-1.651129705,-0.107658528,0.5027531756,-1.978988,-1.729441255,-0.08136156397,0,1,4,task,60,0,-1610,10,652,0
1,107,21,-1.645774392,-0.2052012928,0.5739562972,-1.951775467,-1.718865172,-0.0759374597,0,0,,transition,30,0,-1610,10,652,0
1,107,22,-1.640419078,-0.3027440576,0.6451594188,-1.924562934,-1.708289088,-0.07051335544,0,0,,transition,30,0,-1610,10,652,0
1,107,23,-1.635063764,-0.4002868224,0.7163625405,-1.8973504,-1.697713004,-0.06508925117,0,0,,transition,30,0,-1610,10,652,0
1,107,24,-1.629708451,-0.4978295872,0.7875656621,-1.870137867,-1.687136921,-0.05966514691,0,0,,transition,30,0,-1610,10,652,0
1,107,25,-1.624353137,-0.595372352,0.8587687837,-1.842925334,-1.676560837,-0.05424104265,0,0,,transition,30,0,-1610,10,652,0
1,107,26,-1.618997823,-0.6929151168,0.9299719054,-1.8157128,-1.665984753,-0.04881693838,0,0,,transition,30,0,-1610,10,652,0
1,107,27,-1.613642509,-0.7904578816,1.001175027,-1.788500267,-1.655408669,-0.04339283412,0,0,,transition,30,0,-1610,10,652,0
1,107,28,-1.608287196,-0.8880006464,1.072378149,-1.761287734,-1.644832586,-0.03796872985,0,0,,transition,30,0,-1610,10,652,0
1,107,29,-1.602931882,-0.9855434112,1.14358127,-1.7340752,-1.634256502,-0.03254462559,0,0,,transition,30,0,-1610,10,652,0
1,107,30,-1.597576568,-1.083086176,1.214784392,-1.706862667,-1.623680418,-0.02712052132,0,0,,transition,30,0,-1610,10,652,0
1,107,31,-1.592221255,-1.180628941,1.285987513,-1.679650133,-1.613104335,-0.02169641706,0,0,,transition,30,0,-1610,10,652,0
1,107,32,-1.586865941,-1.278171706,1.357190635,-1.6524376,-1.602528251,-0.01627231279,0,0,,transition,30,0,-1610,10,652,0
1,107,33,-1.581510627,-1.37571447,1.428393757,-1.625225067,-1.591952167,-0.01084820853,0,0,,transition,30,0,-1610,10,652,0
1,107,34,-1.576155314,-1.473257235,1.499596878,-1.598012533,-1.581376084,-0.005424104265,0,0,,transition,30,0,-1610,10,652,0
1,107,35,-1.5708,-1.5708,1.5708,-1.5708,-1.5708,0,0,0,,home,60,0,-1610,10,652,0
2,118,1,-1.5708,-1.5708,1.5708,-1.5708,-1.5708,0,0,0,,home,60,0,1610,10,652,0
2,118,2,-1.653272705,-1.474163218,1.552053419,-1.652534517,-1.57890614,-0.08282299743,0,0,,transition,30,0,1610,10,652,0
2,118,3,-1.73574541,-1.377526437,1.533306838,-1.734269034,-1.587012279,-0.1656459949,0,0,,transition,30,0,1610,10,652,0
2,118,4,-1.818218115,-1.280889655,1.514560257,-1.816003551,-1.595118419,-0.2484689923,0,0,,transition,30,0,1610,10,652,0
2,118,5,-1.90069082,-1.184252873,1.495813676,-1.897738068,-1.603224559,-0.3312919897,0,0,,transition,30,0,1610,10,652,0
2,118,6,-1.983163525,-1.087616092,1.477067095,-1.979472585,-1.611330698,-0.4141149872,0,0,,transition,30,0,1610,10,652,0
2,118,7,-2.06563623,-0.99097931,1.458320515,-2.061207102,-1.619436838,-0.4969379846,0,0,,transition,30,0,1610,10,652,0
2,118,8,-2.148108935,-0.8943425284,1.439573934,-2.142941619,-1.627542977,-0.579760982,0,0,,transition,30,0,1610,10,652,0
2,118,9,-2.23058164,-0.7977057467,1.420827353,-2.224676136,-1.635649117,-0.6625839795,0,0,,transition,30,0,1610,10,652,0
2,118,10,-2.313054345,-0.7010689651,1.402080772,-2.306410653,-1.643755257,-0.7454069769,0,0,,transition,30,0,1610,10,652,0
2,118,11,-2.39552705,-0.6044321834,1.383334191,-2.38814517,-1.651861396,-0.8282299743,0,0,,transition,30,0,1610,10,652,0
2,118,12,-2.477999754,-0.5077954018,1.36458761,-2.469879687,-1.659967536,-0.9110529717,0,1,1,task,60,0,1610,10,652,0
2,118,13,-2.457132394,-0.4849755874,1.308716989,-2.434906152,-1.660718794,-0.8901101221,0,1,2,task,60,0,1610,10,652,0
2,118,14,-2.437618649,-0.4606706487,1.254351749,-2.408309154,-1.659429555,-0.8705582179,0,1,3,task,60,0,1610,10,652,0
2,118,15,-2.418688674,-0.4352665628,1.19702932,-2.380001218,-1.65842553,-0.8515917273,0,1,4,task,60,0,1610,10,652,0
2,118,16,-2.400284198,-0.4089689585,1.133224439,-2.342520262,-1.657796494,-0.8330733213,0,1,5,task,60,0,1610,10,652,0
2,118,17,-2.382513897,-0.3806232479,1.064948585,-2.302475597,-1.657178653,-0.8151882059,0,1,6,task,60,0,1610,10,652,0
2,118,18,-2.365360394,-0.3498021603,0.9915663782,-2.259889667,-1.656555623,-0.7979235842,0,1,7,task,60,0,1610,10,652,0
2,118,19,-2.348799797,-0.3159723471,0.9119095005,-2.21412345,-1.655929617,-0.7812553576,0,1,8,task,60,0,1610,10,652,0
2,118,20,-2.332808772,-0.2783335841,0.8242257336,-2.164221018,-1.655302587,-0.7651599911,0,1,9,task,60,0,1610,10,652,0
2,118,21,-2.313281133,-0.2918820376,0.8718295889,-2.199331538,-1.651672207,-0.7453350465,0,1,10,task,30,0,1610,10,652,0
2,118,22,-2.329008538,-0.3283139947,0.9570233849,-2.248149443,-1.652651916,-0.7611899584,0,1,11,task,60,0,1610,10,652,0
2,118,23,-2.345155639,-0.3617218559,1.035187939,-2.293178968,-1.654193055,-0.7775081048,0,1,12,task,60,0,1610,10,652,0
2,118,24,-2.361892312,-0.392465906,1.106805064,-2.333491786,-1.655734094,-0.7944062997,0,1,13,task,60,0,1610,10,652,0
2,118,25,-2.37924392,-0.4209703999,1.173783074,-2.371524608,-1.657287361,-0.811924891,0,1,14,task,60,0,1610,10,652,0
2,118,26,-2.397108707,-0.4476622815,1.234064511,-2.401435722,-1.659231641,-0.8299040552,0,1,15,task,60,0,1610,10,652,0
2,118,27,-2.415790316,-0.4728965111,1.29072824,-2.428719204,-1.660633902,-0.8486273771,0,1,16,task,60,0,1610,10,652,0
2,118,28,-2.435537871,-0.496818479,1.345082747,-2.455644452,-1.660810485,-0.8683310423,0,1,17,task,60,0,1610,10,652,0
2,118,29,-2.456018575,-0.5195385651,1.395469229,-2.478093606,-1.660956481,-0.8886789391,0,1,18,task,60,0,1610,10,652,0
2,118,30,-2.460183911,-0.5239352926,1.404480664,-2.480746328,-1.660922613,-0.892772624,0,1,19,task,60,0,1610,10,652,0
2,118,31,-2.441846794,-0.5390580829,1.450694831,-2.510176283,-1.661446446,-0.8743678583,0,1,20,task,30,0,1610,10,652,0
2,118,32,-2.420933176,-0.5168868487,1.398318398,-2.481600932,-1.661997842,-0.8535089973,0,1,21,task,60,0,1610,10,652,0
2,118,33,-2.40093126,-0.4935355836,1.344693964,-2.454598364,-1.662142293,-0.833584098,0,1,22,task,60,0,1610,10,652,0
2,118,34,-2.381829989,-0.4689995988,1.290209565,-2.430201438,-1.661786828,-0.8145773593,0,1,23,task,60,0,1610,10,652,0
2,118,35,-2.364136771,-0.4431458646,1.23405768,-2.40670683,-1.659027544,-0.7968117135,0,1,24,task,60,0,1610,10,652,0
2,118,36,-2.346998193,-0.4158368757,1.170640825,-2.372619693,-1.656520939,-0.7794787072,0,1,25,task,60,0,1610,10,652,0
2,118,37,-2.330412525,-0.3866255731,1.102215522,-2.334350225,-1.654269331,-0.7626937065,0,1,26,task,60,0,1610,10,652,0
2,118,38,-2.314234323,-0.3551212531,1.027189166,-2.289995314,-1.65271849,-0.7463380546,0,1,27,task,60,0,1610,10,652,0
2,118,39,-2.298654009,-0.3206682251,0.9460659418,-2.242603479,-1.651135545,-0.7305879782,0,1,28,task,60,0,1610,10,652,0
2,118,40,-2.279107341,-0.3378932642,0.9943728213,-2.27356904,-1.651211072,-0.7109665228,0,1,29,task,30,0,1610,10,652,0
2,118,41,-2.295298767,-0.3707279527,1.072931331,-2.319445597,-1.650000168,-0.7271514189,0,1,30,task,60,0,1610,10,652,0
2,118,42,-2.310943986,-0.4013187951,1.145855319,-2.362178777,-1.652938228,-0.7430441328,0,1,31,task,60,0,1610,10,652,0
2,118,43,-2.327090974,-0.4297726967,1.213435655,-2.400815653,-1.65624466,-0.7594598958,0,1,32,task,60,0,1610,10,652,0
2,118,44,-2.343512985,-0.4566587694,1.27351052,-2.428956102,-1.660700298,-0.7761345892,0,1,33,task,60,0,1610,10,652,0
2,118,45,-2.361130742,-0.4822573083,1.326105803,-2.445017964,-1.663213616,-0.7936690347,0,1,34,task,60,0,1610,10,652,0
2,118,46,-2.380270877,-0.5066003076,1.381681872,-2.47228174,-1.663145422,-0.8127195874,0,1,35,task,60,0,1610,10,652,0
2,118,47,-2.400362355,-0.5296356845,1.437494767,-2.504834297,-1.662558926,-0.8328105719,0,1,36,task,60,0,1610,10,652,0
2,118,48,-2.421256588,-0.5514304733,1.490844996,-2.536226129,-1.661997826,-0.8537054332,0,1,37,task,60,0,1610,10,652,0
2,118,49,-2.422784171,-0.5529458411,1.494575628,-2.538432129,-1.661958624,-0.8552331071,0,1,38,task,60,0,1610,10,652,0
2,118,50,-2.402970166,-0.5656641925,1.536245352,-2.565567665,-1.662455803,-0.8353422935,0,1,39,task,30,0,1610,10,652,0
2,118,51,-2.382021728,-0.5444009254,1.482816379,-2.532943902,-1.662995925,-0.8143686521,0,1,40,task,60,0,1610,10,652,0
2,118,52,-2.36191617,-0.521920483,1.427050429,-2.499266015,-1.663537438,-0.7942396338,0,1,41,task,60,0,1610,10,652,0
2,118,53,-2.342615463,-0.4981195878,1.368719495,-2.464406067,-1.664081933,-0.77491713,0,1,42,task,60,0,1610,10,652,0
2,118,54,-2.324249297,-0.472889251,1.311983633,-2.438203536,-1.664169163,-0.756678381,0,1,43,task,60,0,1610,10,652,0
2,118,55,-2.309496838,-0.445992818,1.263365847,-2.434535643,-1.65456021,-0.741685951,0,1,44,task,60,0,1610,10,652,0
2,118,56,-2.293751401,-0.4184816079,1.196993826,-2.395702939,-1.650100124,-0.7256033864,0,1,45,task,60,0,1610,10,652,0
2,118,57,-2.277054757,-0.3894783161,1.125555948,-2.352660678,-1.651164201,-0.7088971956,0,1,46,task,60,0,1610,10,652,0
2,118,58,-2.261011686,-0.3580074881,1.049148491,-2.307146756,-1.652200498,-0.692844293,0,1,47,task,60,0,1610,10,652,0
2,118,59,-2.243407526,-0.3749247455,1.093429404,-2.327025421,-1.648579062,-0.6748875832,0,1,48,task,30,0,1610,10,652,0
2,118,60,-2.259582755,-0.4052835976,1.16722998,-2.369845072,-1.646694861,-0.691009129,0,1,49,task,60,0,1610,10,652,0
2,118,61,-2.276765198,-0.4333152892,1.235661903,-2.408415053,-1.64365193,-0.7080622902,0,1,50,task,60,0,1610,10,652,0
2,118,62,-2.294649722,-0.4594519607,1.300325316,-2.445068694,-1.640671034,-0.7258195091,0,1,51,task,60,0,1610,10,652,0
2,118,63,-2.306832052,-0.4871624376,1.348315132,-2.447584156,-1.658465445,-0.7385138353,0,1,52,task,60,0,1610,10,652,0
2,118,64,-2.324275361,-0.5122192097,1.408651615,-2.483093087,-1.661296168,-0.7561412099,0,1,53,task,60,0,1610,10,652,0
2,118,65,-2.343187836,-0.5355906581,1.467770027,-2.520919505,-1.661916589,-0.7751922074,0,1,54,task,60,0,1610,10,652,0
2,118,66,-2.362939126,-0.5576249903,1.524422556,-2.557723529,-1.662473612,-0.7950879264,0,1,55,task,60,0,1610,10,652,0
2,118,67,-2.382379626,-0.5772689904,1.57579988,-2.591620177,-1.66293425,-0.8146700816,0,1,56,task,60,0,1610,10,652,0
2,118,68,-2.360988504,-0.5878087648,1.613313496,-2.616612871,-1.663389829,-0.7931922563,0,1,57,task,30,0,1610,10,652,0
2,118,69,-2.341029796,-0.5672182076,1.55858438,-2.579640035,-1.661262763,-0.7729785024,0,1,58,task,60,0,1610,10,652,0
2,118,70,-2.322239275,-0.5452071469,1.503322404,-2.545888279,-1.658229407,-0.753978674,0,1,59,task,60,0,1610,10,652,0
2,118,71,-2.304435847,-0.521879637,1.447022504,-2.514162615,-1.654637263,-0.7359985124,0,1,60,task,60,0,1610,10,652,0
2,118,72,-2.287364915,-0.4973116377,1.388357019,-2.481503738,-1.65110445,-0.7187593699,0,1,61,task,60,0,1610,10,652,0
2,118,73,-2.271187972,-0.4716610051,1.328840677,-2.451413593,-1.646979274,-0.702436041,0,1,62,task,60,0,1610,10,652,0
2,118,74,-2.255859645,-0.4449583945,1.268705419,-2.424557198,-1.642231451,-0.6869589103,0,1,63,task,60,0,1610,10,652,0
2,118,75,-2.239567126,-0.4171707509,1.199613381,-2.383337352,-1.642900366,-0.6706571937,0,1,64,task,60,0,1610,10,652,0
2,118,76,-2.223822767,-0.3872421563,1.125776434,-2.339007457,-1.643978376,-0.6549159852,0,1,65,task,60,0,1610,10,652,0
2,118,77,-2.2084163,-0.3442897695,1.027243269,-2.283804509,-1.643328099,-0.6394418885,0,0,,transition,30,0,1610,10,652,0
2,118,78,-2.193009833,-0.3013373826,0.9287101031,-2.228601562,-1.642677822,-0.6239677918,0,0,,transition,30,0,1610,10,652,0
2,118,79,-2.177603366,-0.2583849957,0.8301769375,-2.173398615,-1.642027545,-0.6084936951,0,0,,transition,30,0,1610,10,652,0
2,118,80,-2.1621969,-0.2154326088,0.7316437719,-2.118195668,-1.641377268,-0.5930195984,0,0,,transition,30,0,1610,10,652,0
2,118,81,-2.146790433,-0.172480222,0.6331106063,-2.062992721,-1.640726991,-0.5775455017,0,0,,transition,30,0,1610,10,652,0
2,118,82,-2.131383966,-0.1295278351,0.5345774407,-2.007789773,-1.640076713,-0.5620714051,0,0,,transition,30,0,1610,10,652,0
2,118,83,-2.115977499,-0.08657544824,0.4360442751,-1.952586826,-1.639426436,-0.5465973084,0,1,66,task,30,0,1610,10,652,0
2,118,84,-2.121697342,-0.1229494176,0.5180865485,-1.997863436,-1.639643699,-0.5523399801,0,0,,transition,60,0,1610,10,652,0
2,118,85,-2.127417185,-0.159323387,0.6001288219,-2.043140045,-1.639860961,-0.5580826518,0,1,67,task,60,0,1610,10,652,0
2,118,86,-2.133362779,-0.1874462538,0.6643097354,-2.07882932,-1.640084693,-0.5640516761,0,0,,transition,60,0,1610,10,652,0
2,118,87,-2.139308373,-0.2155691206,0.7284906488,-2.114518596,-1.640308425,-0.5700207004,0,1,68,task,60,0,1610,10,652,0
2,118,88,-2.145492095,-0.239221197,0.7830917321,-2.145123202,-1.640538605,-0.5762285134,0,0,,transition,60,0,1610,10,652,0
2,118,89,-2.151675818,-0.2628732734,0.8376928154,-2.175727808,-1.640768785,-0.5824363265,0,1,69,task,60,0,1610,10,652,0
2,118,90,-2.164545882,-0.3043010516,0.9344540602,-2.230424321,-1.641241921,-0.5953560199,0,1,70,task,60,0,1610,10,652,0
2,118,91,-2.177946637,-0.341453474,1.022289962,-2.280526027,-1.641727616,-0.6088079918,0,1,71,task,60,0,1610,10,652,0
2,118,92,-2.191907969,-0.3752881746,1.103310186,-2.327188532,-1.642225543,-0.6228222813,0,1,72,task,60,0,1610,10,652,0
2,118,93,-2.206461688,-0.4064287999,1.178895588,-2.371172879,-1.642735246,-0.6374308643,0,1,73,task,60,0,1610,10,652,0
2,118,94,-2.221416156,-0.4354015026,1.248938706,-2.410575711,-1.644008989,-0.6524580518,0,1,74,task,60,0,1610,10,652,0
2,118,95,-2.236677837,-0.4626765618,1.313879845,-2.444900361,-1.646411387,-0.6678115637,0,1,75,task,60,0,1610,10,652,0
2,118,96,-2.252579586,-0.4883852038,1.375765251,-2.477866116,-1.648919803,-0.68380039,0,1,76,task,60,0,1610,10,652,0
2,118,97,-2.269347072,-0.5133077615,1.434619043,-2.508002446,-1.65088869,-0.7006024189,0,1,77,task,60,0,1610,10,652,0
2,118,98,-2.286896458,-0.5372328101,1.490951963,-2.536474177,-1.652762287,-0.7181581758,0,1,78,task,60,0,1610,10,652,0
2,118,99,-2.305194797,-0.5600399379,1.545120424,-2.564034243,-1.654791683,-0.7364515748,0,1,79,task,60,0,1610,10,652,0
2,118,100,-2.324281477,-0.5818096715,1.597308884,-2.590799419,-1.656983027,-0.7555220953,0,1,80,task,60,0,1610,10,652,0
2,118,101,-2.340003239,-0.6002171209,1.630920618,-2.592222704,-1.659654618,-0.7707652856,0,1,81,task,60,0,1610,10,652,0
2,118,102,-2.31714275,-0.6099838427,1.665045075,-2.614546377,-1.65941919,-0.7478157009,0,1,82,task,30,0,1610,10,652,0
2,118,103,-2.297253672,-0.5877978743,1.618566561,-2.600746242,-1.65823855,-0.728330629,0,1,83,task,60,0,1610,10,652,0
2,118,104,-2.278675458,-0.5658811092,1.566793478,-2.575851181,-1.655681971,-0.7098104544,0,1,84,task,60,0,1610,10,652,0
2,118,105,-2.260882187,-0.5429946843,1.513064586,-2.55001684,-1.65329575,-0.6920493896,0,1,85,task,60,0,1610,10,652,0
2,118,106,-2.243823739,-0.5190419423,1.457275502,-2.523331097,-1.651104408,-0.6750033656,0,1,86,task,60,0,1610,10,652,0
2,118,107,-2.227405999,-0.4944450303,1.398110122,-2.492422884,-1.649237175,-0.658552014,0,1,87,task,60,0,1610,10,652,0
2,118,108,-2.211616829,-0.4690331915,1.335031821,-2.456675441,-1.647625983,-0.6426939312,0,1,88,task,60,0,1610,10,652,0
2,118,109,-2.196494133,-0.4420113681,1.26889922,-2.41958855,-1.646080932,-0.6275025056,0,1,89,task,60,0,1610,10,652,0
2,118,110,-2.182001126,-0.4131712732,1.199235724,-2.380886138,-1.644600084,-0.6129406015,0,1,90,task,60,0,1610,10,652,0
2,118,111,-2.167972549,-0.3822646097,1.124595039,-2.338456528,-1.643634537,-0.5988513807,0,1,91,task,60,0,1610,10,652,0
2,118,112,-2.154443158,-0.348803521,1.044285091,-2.29242201,-1.64297717,-0.5852680556,0,1,92,task,60,0,1610,10,652,0
2,118,113,-2.141465639,-0.3121740533,0.9575025509,-2.243144991,-1.642340501,-0.5722382146,0,1,93,task,60,0,1610,10,652,0
2,118,114,-2.129009747,-0.2715037455,0.862321839,-2.189568378,-1.641724367,-0.5597314378,0,1,94,task,60,0,1610,10,652,0
2,118,115,-2.123028457,-0.2484338226,0.8089621722,-2.159772558,-1.641426446,-0.5537253448,0,0,,transition,60,0,1610,10,652,0
2,118,116,-2.117047167,-0.2253638997,0.7556025055,-2.129976738,-1.641128524,-0.5477192517,0,1,95,task,60,0,1610,10,652,0
2,118,117,-2.111299277,-0.198238045,0.6935762221,-2.095595557,-1.640840592,-0.5419471268,0,0,,transition,60,0,1610,10,652,0
2,118,118,-2.105551386,-0.1711121902,0.6315499387,-2.061214375,-1.64055266,-0.5361750019,0,1,96,task,60,0,1610,10,652,0
2,118,119,-2.078209305,-0.1512036344,0.5910451839,-2.039735307,-1.640873655,-0.5087643525,0,1,97,task,30,0,1610,10,652,0
2,118,120,-2.083638144,-0.1801222335,0.6568703699,-2.075902197,-1.641238021,-0.5142182475,0,0,,transition,60,0,1610,10,652,0
2,118,121,-2.089066983,-0.2090408326,0.722695556,-2.112069086,-1.641602387,-0.5196721426,0,1,98,task,60,0,1610,10,652,0
2,118,122,-2.094716967,-0.2332667653,0.7784602758,-2.142893796,-1.641981127,-0.5253475032,0,0,,transition,60,0,1610,10,652,0
2,118,123,-2.100366952,-0.257492698,0.8342249956,-2.173718506,-1.642359867,-0.5310228638,0,1,99,task,60,0,1610,10,652,0
2,118,124,-2.112134737,-0.2998571711,0.9328637484,-2.228619492,-1.643146983,-0.5428421819,0,1,100,task,60,0,1610,10,652,0
2,118,125,-2.124397672,-0.3378288485,1.022334633,-2.278804196,-1.643964605,-0.5551575866,0,1,101,task,60,0,1610,10,652,0
2,118,126,-2.137185031,-0.3724114092,1.104851037,-2.325486587,-1.644813572,-0.5679985312,0,1,102,task,60,0,1610,10,652,0
2,118,127,-2.150498844,-0.4043061847,1.181611345,-2.368871557,-1.645792097,-0.5813672981,0,1,103,task,60,0,1610,10,652,0
2,118,128,-2.164392961,-0.4339368848,1.253843538,-2.410019738,-1.646828091,-0.5953173537,0,1,104,task,60,0,1610,10,652,0
2,118,129,-2.178907329,-0.4616133198,1.322305144,-2.449432829,-1.647907639,-0.6098888546,0,1,105,task,60,0,1610,10,652,0
2,118,130,-2.194079977,-0.4875691391,1.387533327,-2.487420694,-1.649031856,-0.625120128,0,1,106,task,60,0,1610,10,652,0
2,118,131,-2.209951618,-0.5119804463,1.449941714,-2.524227776,-1.650201743,-0.6410522334,0,1,107,task,60,0,1610,10,652,0
2,118,132,-2.226157912,-0.5363750784,1.506431369,-2.550144977,-1.652549322,-0.6572450382,0,1,108,task,60,0,1610,10,652,0
2,118,133,-2.242988792,-0.5599497272,1.560268542,-2.573492525,-1.655323722,-0.6740166882,0,1,109,task,60,0,1610,10,652,0
2,118,134,-2.260612206,-0.5825778861,1.612315297,-2.596236947,-1.658160242,-0.6915392899,0,1,110,task,60,0,1610,10,652,0
2,118,135,-2.279923297,-0.6045200909,1.663610482,-2.620112213,-1.658651484,-0.7106524952,0,1,111,task,60,0,1610,10,652,0
2,118,136,-2.293436583,-0.6188192795,1.697246398,-2.635809314,-1.659126018,-0.7240182583,0,1,112,task,60,0,1610,10,652,0
2,118,137,-2.268870336,-0.6267574641,1.727546891,-2.65600047,-1.65876971,-0.69935884,0,1,113,task,30,0,1610,10,652,0
2,118,138,-2.249151618,-0.6059419716,1.675762109,-2.628366628,-1.658302445,-0.6797731301,0,1,114,task,60,0,1610,10,652,0
2,118,139,-2.230345514,-0.5841717604,1.622290756,-2.600090963,-1.65800814,-0.6610892669,0,1,115,task,60,0,1610,10,652,0
2,118,140,-2.213071655,-0.5611776387,1.569511608,-2.577213149,-1.655921954,-0.6439605895,0,1,116,task,60,0,1610,10,652,0
2,118,141,-2.197092519,-0.5370626478,1.517126769,-2.559005962,-1.652408199,-0.6280977578,0,1,117,task,60,0,1610,10,652,0
2,118,142,-2.18138349,-0.5129413961,1.45962232,-2.531267631,-1.650277983,-0.6123942315,0,1,118,task,60,0,1610,10,652,0
2,118,143,-2.165987035,-0.4885106502,1.396271629,-2.493144267,-1.649396285,-0.5969433674,0,1,119,task,60,0,1610,10,652,0
2,118,144,-2.151287358,-0.462501498,1.330092005,-2.453854676,-1.648547504,-0.5821915689,0,1,120,task,60,0,1610,10,652,0
2,118,145,-2.137242143,-0.4347363824,1.260660594,-2.413147438,-1.647731147,-0.5680962156,0,1,121,task,60,0,1610,10,652,0
2,118,146,-2.123812063,-0.4049785475,1.187428085,-2.370704375,-1.646946593,-0.5546177121,0,1,122,task,60,0,1610,10,652,0
2,118,147,-2.110960565,-0.3729060323,1.109661735,-2.326109553,-1.646193127,-0.5417192694,0,1,123,task,60,0,1610,10,652,0
2,118,148,-2.098688057,-0.3380971874,1.026575174,-2.279213473,-1.645346667,-0.5293988095,0,1,124,task,60,0,1610,10,652,0
2,118,149,-2.086998261,-0.2999757994,0.9370646737,-2.229756274,-1.644267642,-0.5176564575,0,1,125,task,60,0,1610,10,652,0
2,118,150,-2.075783023,-0.2575062785,0.8384800117,-2.175635052,-1.643232901,-0.5063885825,0,1,126,task,60,0,1610,10,652,0
2,118,151,-2.070399389,-0.2332634257,0.782817932,-2.145241611,-1.64273683,-0.500978519,0,0,,transition,60,0,1610,10,652,0
2,118,152,-2.065015755,-0.209020573,0.7271558523,-2.114848171,-1.64224076,-0.4955684555,0,1,127,task,60,0,1610,10,652,0
2,118,153,-2.038756601,-0.1962188238,0.7025003759,-2.101937837,-1.642557181,-0.4692421845,0,1,128,task,30,0,1610,10,652,0
2,118,154,-2.043804523,-0.2213282703,0.7597078623,-2.132491396,-1.643230795,-0.4743184452,0,0,,transition,60,0,1610,10,652,0
2,118,155,-2.048852446,-0.2464377168,0.8169153487,-2.163044954,-1.643904409,-0.4793947059,0,1,129,task,60,0,1610,10,652,0
2,118,156,-2.054109038,-0.2683206874,0.8672632455,-2.189995972,-1.644608932,-0.4846782961,0,0,,transition,60,0,1610,10,652,0
2,118,157,-2.05936563,-0.290203658,0.9176111423,-2.216946991,-1.645313455,-0.4899618864,0,1,130,task,60,0,1610,10,652,0
2,118,158,-2.070401235,-0.3294467818,1.009321302,-2.26706617,-1.646500187,-0.501045378,0,1,131,task,60,0,1610,10,652,0
2,118,159,-2.082106061,-0.3652187015,1.095053175,-2.316138308,-1.647069916,-0.5127900959,0,1,132,task,60,0,1610,10,652,0
2,118,160,-2.094336938,-0.3980506331,1.174890115,-2.362311862,-1.647663017,-0.5250623121,0,1,133,task,60,0,1610,10,652,0
2,118,161,-2.10712765,-0.4284407744,1.249950657,-2.406211393,-1.648280009,-0.5378960002,0,1,134,task,60,0,1610,10,652,0
2,118,162,-2.120514674,-0.4567408951,1.321036448,-2.448291384,-1.648921341,-0.5513278477,0,1,135,task,60,0,1610,10,652,0
2,118,163,-2.134537414,-0.4832072846,1.38874383,-2.488896913,-1.649587366,-0.5653974957,0,1,136,task,60,0,1610,10,652,0
2,118,164,-2.149238454,-0.5080305991,1.453529294,-2.528299298,-1.650278319,-0.5801477962,0,1,137,task,60,0,1610,10,652,0
2,118,165,-2.164663839,-0.5313543581,1.515750132,-2.566718301,-1.650994279,-0.5956250899,0,1,138,task,60,0,1610,10,652,0
2,118,166,-2.179394634,-0.5566428007,1.565003569,-2.574402106,-1.655799111,-0.6101621809,0,1,139,task,60,0,1610,10,652,0
2,118,167,-2.19592188,-0.5801491195,1.618766098,-2.597389907,-1.657647665,-0.6265295659,0,1,140,task,60,0,1610,10,652,0
2,118,168,-2.213935118,-0.6020840303,1.674130689,-2.628468379,-1.65782327,-0.6444625286,0,1,141,task,60,0,1610,10,652,0
2,118,169,-2.232861457,-0.6229967818,1.727783099,-2.658940346,-1.658126473,-0.6633033714,0,1,142,task,60,0,1610,10,652,0
2,118,170,-2.243433236,-0.6338308961,1.755959355,-2.675101467,-1.658344696,-0.6738270244,0,1,143,task,60,0,1610,10,652,0
2,118,171,-2.217118781,-0.6400711878,1.782488612,-2.693087545,-1.65784528,-0.6474167274,0,1,144,task,30,0,1610,10,652,0
2,118,172,-2.198031908,-0.6200775065,1.728971576,-2.661097695,-1.657518737,-0.6283906248,0,1,145,task,60,0,1610,10,652,0
2,118,173,-2.179912382,-0.5990520821,1.67386416,-2.628636983,-1.657298548,-0.610329351,0,1,146,task,60,0,1610,10,652,0
2,118,174,-2.162695615,-0.5769522548,1.617030096,-2.595602953,-1.657179031,-0.5931682094,0,1,147,task,60,0,1610,10,652,0
2,118,175,-2.146619895,-0.5533460901,1.560446725,-2.567432896,-1.656325341,-0.5772100624,0,1,148,task,60,0,1610,10,652,0
2,118,176,-2.132862711,-0.5276484613,1.512881503,-2.565691116,-1.650975967,-0.5637222734,0,1,149,task,60,0,1610,10,652,0
2,118,177,-2.118149142,-0.5040426457,1.449504216,-2.526243661,-1.650392599,-0.5489610161,0,1,150,task,60,0,1610,10,652,0
2,118,178,-2.104139261,-0.4788904497,1.383509016,-2.4857994,-1.649829031,-0.5349060291,0,1,151,task,60,0,1610,10,652,0
2,118,179,-2.090786936,-0.4520411044,1.314517251,-2.444124944,-1.649285311,-0.5215109121,0,1,152,task,60,0,1610,10,652,0
2,118,180,-2.078049677,-0.4232929613,1.24204366,-2.400931655,-1.648761344,-0.5087329347,0,1,153,task,60,0,1610,10,652,0
2,118,181,-2.065888317,-0.3923730893,1.165451446,-2.355851066,-1.64825692,-0.4965327178,0,1,154,task,60,0,1610,10,652,0
2,118,182,-2.05426673,-0.3589039619,1.08387915,-2.308395036,-1.64777174,-0.4848739426,0,1,155,task,60,0,1610,10,652,0
2,118,183,-2.043151563,-0.3223457751,0.9961142678,-2.257887007,-1.647305436,-0.4737230845,0,1,156,task,60,0,1610,10,652,0
2,118,184,-2.032514054,-0.2818912007,0.9003775446,-2.203369955,-1.646850054,-0.4630511576,0,1,157,task,60,0,1610,10,652,0
2,118,185,-2.027643847,-0.2595204942,0.8497289482,-2.177623663,-1.645785653,-0.4581534066,0,0,,transition,60,0,1610,10,652,0
2,118,186,-2.022773639,-0.2371497876,0.7990803518,-2.15187737,-1.644721252,-0.4532556556,0,1,158,task,60,0,1610,10,652,0
2,118,187,-1.997183165,-0.2288615152,0.7818919358,-2.138172065,-1.646233649,-0.427611344,0,1,159,task,30,0,1610,10,652,0
2,118,188,-2.002229909,-0.2519237554,0.8348562427,-2.166243289,-1.645594306,-0.4326356394,0,0,,transition,60,0,1610,10,652,0
2,118,189,-2.007276653,-0.2749859955,0.8878205497,-2.194314514,-1.644954962,-0.4376599347,0,1,160,task,60,0,1610,10,652,0
2,118,190,-2.018323207,-0.3161330336,0.9855061925,-2.249702733,-1.641867848,-0.4486273178,0,1,161,task,60,0,1610,10,652,0
2,118,191,-2.029867119,-0.3531803429,1.074773355,-2.300739827,-1.638811167,-0.4600929288,0,1,162,task,60,0,1610,10,652,0
2,118,192,-2.041940656,-0.3870024908,1.157562041,-2.348489444,-1.635787662,-0.4720890815,0,1,163,task,60,0,1610,10,652,0
2,118,193,-2.054578721,-0.4181766697,1.235165263,-2.393665526,-1.632800368,-0.484650725,0,1,164,task,60,0,1610,10,652,0
2,118,194,-2.067819101,-0.447103918,1.308494363,-2.436776394,-1.629852652,-0.497815688,0,1,165,task,60,0,1610,10,652,0
2,118,195,-2.081702728,-0.4740729516,1.378218769,-2.478200689,-1.62694825,-0.5116249448,0,1,166,task,60,0,1610,10,652,0
2,118,196,-2.096273979,-0.4992966342,1.444845946,-2.51823084,-1.624091316,-0.5261229049,0,1,167,task,60,0,1610,10,652,0
2,118,197,-2.114553149,-0.5228928974,1.505941049,-2.549040678,-1.612177639,-0.5440815751,0,1,168,task,60,0,1610,10,652,0
2,118,198,-2.128153535,-0.5482627942,1.556023886,-2.555741517,-1.61685603,-0.557426477,0,1,169,task,60,0,1610,10,652,0
2,118,199,-2.133188758,-0.5750547534,1.610176506,-2.57681812,-1.648230933,-0.5629179219,0,1,170,task,60,0,1610,10,652,0
2,118,200,-2.148786621,-0.597241971,1.670169375,-2.61638097,-1.650908287,-0.5786387323,0,1,171,task,60,0,1610,10,652,0
2,118,201,-2.165258818,-0.6181908647,1.728366035,-2.655535579,-1.653571387,-0.5952466394,0,1,172,task,60,0,1610,10,652,0
2,118,202,-2.1826753,-0.6379390702,1.784928253,-2.694418333,-1.656214898,-0.6128127368,0,1,173,task,60,0,1610,10,652,0
2,118,203,-2.189925391,-0.6455095405,1.807132853,-2.709928508,-1.657265724,-0.6201268622,0,1,174,task,60,0,1610,10,652,0
2,118,204,-2.16185707,-0.6501770597,1.829884866,-2.725589708,-1.656600333,-0.5919619987,0,1,175,task,30,0,1610,10,652,0
2,118,205,-2.1468194,-0.6308423256,1.773422492,-2.685177387,-1.647961498,-0.5765605952,0,1,176,task,60,0,1610,10,652,0
2,118,206,-2.137409146,-0.6089936786,1.717709271,-2.650016337,-1.626257626,-0.5666451075,0,1,177,task,60,0,1610,10,652,0
2,118,207,-2.122647843,-0.5871723206,1.661701804,-2.618832973,-1.621025696,-0.5518962945,0,1,178,task,60,0,1610,10,652,0
2,118,208,-2.108628337,-0.5642922489,1.604046122,-2.587239926,-1.615912734,-0.5378882157,0,1,179,task,60,0,1610,10,652,0
2,118,209,-2.095535583,-0.5406204422,1.545909783,-2.5578451,-1.610198423,-0.5248272167,0,1,180,task,60,0,1610,10,652,0
2,118,210,-2.083268987,-0.5161289473,1.487114857,-2.530423818,-1.603969828,-0.5125935043,0,1,181,task,60,0,1610,10,652,0
2,118,211,-2.070082089,-0.4912008443,1.42162608,-2.491056886,-1.602512133,-0.4994054066,0,1,182,task,60,0,1610,10,652,0
2,118,212,-2.057471838,-0.4646860608,1.353151526,-2.450093003,-1.60129098,-0.486793032,0,1,183,task,60,0,1610,10,652,0
2,118,213,-2.045460525,-0.436367362,1.281438514,-2.407741066,-1.600105025,-0.4747794584,0,1,184,task,60,0,1610,10,652,0
2,118,214,-2.034008321,-0.4060042248,1.20591561,-2.363666357,-1.5989526,-0.4633247836,0,1,185,task,60,0,1610,10,652,0
2,118,215,-2.023078683,-0.3732670145,1.125821368,-2.317433629,-1.597832105,-0.452392402,0,1,186,task,60,0,1610,10,652,0
2,118,216,-2.012638036,-0.3376913663,1.040104196,-2.268452551,-1.596742004,-0.4419486908,0,1,187,task,60,0,1610,10,652,0
2,118,217,-2.002655497,-0.2985957433,0.9472417336,-2.21587949,-1.595680833,-0.4319627292,0,1,188,task,60,0,1610,10,652,0
2,118,218,-1.997879062,-0.276756877,0.8960623965,-2.187151303,-1.595164016,-0.4271843875,0,0,,transition,60,0,1610,10,652,0
2,118,219,-1.993102626,-0.2549180106,0.8448830594,-2.158423116,-1.594647198,-0.4224060458,0,1,189,task,60,0,1610,10,652,0
2,118,220,-1.968893727,-0.2543039169,0.8451813916,-2.158937957,-1.594467364,-0.3981902446,0,1,190,task,30,0,1610,10,652,0
2,118,221,-1.973388197,-0.2762596979,0.8965585095,-2.187604239,-1.595048443,-0.4026863468,0,0,,transition,60,0,1610,10,652,0
2,118,222,-1.977882667,-0.298215479,0.9479356273,-2.216270522,-1.595629522,-0.4071824489,0,1,191,task,60,0,1610,10,652,0
2,118,223,-1.987278384,-0.3375300732,1.041162924,-2.268704473,-1.59682299,-0.4165807316,0,1,192,task,60,0,1610,10,652,0
2,118,224,-1.997108169,-0.3733171379,1.127231094,-2.317540817,-1.598049455,-0.426412402,0,1,193,task,60,0,1610,10,652,0
2,118,225,-2.007401716,-0.4062622681,1.207672509,-2.363629244,-1.599310704,-0.4367071758,0,1,194,task,60,0,1610,10,652,0
2,118,226,-2.018191367,-0.4368322468,1.28354545,-2.407564483,-1.600608629,-0.4474974327,0,1,195,task,60,0,1610,10,652,0
2,118,227,-2.029512409,-0.4653581801,1.355616311,-2.449785401,-1.601945227,-0.4588185058,0,1,196,task,60,0,1610,10,652,0
2,118,228,-2.041360006,-0.4920967517,1.424314964,-2.490284793,-1.603457849,-0.470664879,0,1,197,task,60,0,1610,10,652,0
2,118,229,-2.053241479,-0.5174764792,1.488468144,-2.525335866,-1.606757237,-0.4825318124,0,1,198,task,60,0,1610,10,652,0
2,118,230,-2.065723969,-0.5414936469,1.550322421,-2.559550923,-1.610161236,-0.4949929129,0,1,199,task,60,0,1610,10,652,0
2,118,231,-2.07894913,-0.5644779149,1.610270116,-2.59308117,-1.61338365,-0.5081877674,0,1,200,task,60,0,1610,10,652,0
2,118,232,-2.093220435,-0.587097683,1.668823511,-2.625954218,-1.615711443,-0.5224145258,0,1,201,task,60,0,1610,10,652,0
2,118,233,-2.10826861,-0.6086137235,1.725701577,-2.658354379,-1.61815759,-0.5374111941,0,1,202,task,60,0,1610,10,652,0
2,118,234,-2.124154769,-0.6290669242,1.781057797,-2.690405307,-1.620729459,-0.5532388766,0,1,203,task,60,0,1610,10,652,0
2,118,235,-2.141138715,-0.6482188553,1.835584898,-2.723919111,-1.622960269,-0.5701776242,0,1,204,task,60,0,1610,10,652,0
2,118,236,-2.145749415,-0.6526449831,1.849617713,-2.733828289,-1.623124605,-0.5747939368,0,1,205,task,60,0,1610,10,652,0
2,118,237,-2.116135221,-0.6572011042,1.869355322,-2.747474662,-1.622096763,-0.5451578036,0,1,206,task,30,0,1610,10,652,0
2,118,238,-2.098894804,-0.6394250901,1.813011208,-2.707935464,-1.621462773,-0.5279032594,0,1,207,task,60,0,1610,10,652,0
2,118,239,-2.083351047,-0.6194719872,1.757562906,-2.675040785,-1.619077172,-0.5124190726,0,1,208,task,60,0,1610,10,652,0
2,118,240,-2.068882191,-0.5981484277,1.701505518,-2.644253256,-1.616203382,-0.4980250272,0,1,209,task,60,0,1610,10,652,0
2,118,241,-2.055170105,-0.5757762728,1.643896972,-2.613069829,-1.613473545,-0.4843761612,0,1,210,task,60,0,1610,10,652,0
2,118,242,-2.042123888,-0.5531037108,1.5840441,-2.579047353,-1.610942627,-0.4713655595,0,1,211,task,60,0,1610,10,652,0
2,118,243,-2.029714143,-0.5298512326,1.521771106,-2.542407199,-1.608559576,-0.4589724972,0,1,212,task,60,0,1610,10,652,0
2,118,244,-2.017928438,-0.5052071239,1.457272199,-2.505009854,-1.606253171,-0.447200612,0,1,213,task,60,0,1610,10,652,0
2,118,245,-2.006722389,-0.4790578959,1.390237707,-2.466652207,-1.604019058,-0.4360054558,0,1,214,task,60,0,1610,10,652,0
2,118,246,-1.995984195,-0.451225115,1.319974463,-2.426458382,-1.602085636,-0.4252738086,0,1,215,task,60,0,1610,10,652,0
2,118,247,-1.985647503,-0.4214536292,1.245761735,-2.383751044,-1.600566901,-0.4149397994,0,1,216,task,60,0,1610,10,652,0
2,118,248,-1.975793407,-0.3894854364,1.167388159,-2.339122931,-1.599092102,-0.4050872179,0,1,217,task,60,0,1610,10,652,0
2,118,249,-1.966389786,-0.3549251415,1.083948491,-2.292060624,-1.597658836,-0.3956839251,0,1,218,task,60,0,1610,10,652,0
2,118,250,-1.957407224,-0.3172043211,0.9941639134,-2.241850513,-1.596264848,-0.3867005004,0,1,219,task,60,0,1610,10,652,0
2,118,251,-1.948818746,-0.2754638192,0.8961241894,-2.187438623,-1.594908026,-0.3781099692,0,1,220,task,60,0,1610,10,652,0
2,118,252,-1.925439088,-0.2795345907,0.9070957377,-2.193479897,-1.594981851,-0.3547237083,0,1,221,task,30,0,1610,10,652,0
2,118,253,-1.93344535,-0.3209680648,1.004133422,-2.246621963,-1.596610192,-0.3627305709,0,1,222,task,60,0,1610,10,652,0
2,118,254,-1.941819977,-0.3585112524,1.093187938,-2.295707097,-1.598283006,-0.3711037247,0,1,223,task,60,0,1610,10,652,0
2,118,255,-1.950588408,-0.3929826419,1.176080611,-2.341741265,-1.600002924,-0.3798685664,0,1,224,task,60,0,1610,10,652,0
2,118,256,-1.959778417,-0.4249275119,1.254039763,-2.385410989,-1.601772767,-0.3890528365,0,1,225,task,60,0,1610,10,652,0
2,118,257,-1.969475639,-0.4545852223,1.328115539,-2.427782852,-1.603420712,-0.3987432729,0,1,226,task,60,0,1610,10,652,0
2,118,258,-1.979677468,-0.4823136509,1.398806154,-2.468810208,-1.60507495,-0.4089369405,0,1,227,task,60,0,1610,10,652,0
2,118,259,-1.990407503,-0.508349793,1.46656443,-2.508648652,-1.60678264,-0.4196572243,0,1,228,task,60,0,1610,10,652,0
2,118,260,-2.001706598,-0.5328445671,1.531782667,-2.547544549,-1.608547119,-0.430945017,0,1,229,task,60,0,1610,10,652,0
2,118,261,-2.013619784,-0.5559094829,1.594774963,-2.585706085,-1.610371958,-0.4428454084,0,1,230,task,60,0,1610,10,652,0
2,118,262,-2.026020133,-0.5783721609,1.654906371,-2.620203558,-1.612723423,-0.4552096838,0,1,231,task,60,0,1610,10,652,0
2,118,263,-2.038771823,-0.6010641327,1.711756007,-2.648634735,-1.616042692,-0.4678718508,0,1,232,task,60,0,1610,10,652,0
2,118,264,-2.05222203,-0.6227727605,1.767126563,-2.676684225,-1.619540473,-0.481211697,0,1,233,task,60,0,1610,10,652,0
2,118,265,-2.06761021,-0.641803086,1.825032547,-2.716040998,-1.620303811,-0.496601964,0,1,234,task,60,0,1610,10,652,0
2,118,266,-2.084042975,-0.6594598555,1.881764536,-2.755991435,-1.620931202,-0.5130452288,0,1,235,task,60,0,1610,10,652,0
2,118,267,-2.085683795,-0.6610950566,1.887169124,-2.759848598,-1.620992972,-0.5146871521,0,1,236,task,60,0,1610,10,652,0
2,118,268,-2.054425111,-0.6643551047,1.903040676,-2.770909076,-1.619811543,-0.4834123208,0,1,237,task,30,0,1610,10,652,0
2,118,269,-2.038672431,-0.6470542758,1.846171754,-2.730533179,-1.61918889,-0.467651759,0,1,238,task,60,0,1610,10,652,0
2,118,270,-2.023884286,-0.6284445057,1.787968081,-2.690187654,-1.61859169,-0.4528570672,0,1,239,task,60,0,1610,10,652,0
2,118,271,-2.010249216,-0.6081364408,1.729399441,-2.652886419,-1.617309068,-0.4392482077,0,1,240,task,60,0,1610,10,652,0
2,118,272,-1.998609664,-0.5848938867,1.674640084,-2.630346907,-1.612788059,-0.4277597604,0,1,241,task,60,0,1610,10,652,0
2,118,273,-1.986990692,-0.5622810888,1.615580893,-2.5986608,-1.61000903,-0.4161999426,0,1,242,task,60,0,1610,10,652,0
2,118,274,-1.975560422,-0.5396080547,1.552445502,-2.55958935,-1.608522298,-0.4047802887,0,1,243,task,60,0,1610,10,652,0
2,118,275,-1.964733668,-0.5154957257,1.487145145,-2.519844462,-1.607086244,-0.3939632637,0,1,244,task,60,0,1610,10,652,0
2,118,276,-1.954464872,-0.4898412785,1.419375437,-2.479219786,-1.605697747,-0.3837032568,0,1,245,task,60,0,1610,10,652,0
2,118,277,-1.944712851,-0.4625037845,1.348757924,-2.437473543,-1.604353903,-0.3739590474,0,1,246,task,60,0,1610,10,652,0
2,118,278,-1.93544029,-0.4332920982,1.274812479,-2.394312965,-1.603052017,-0.3646933015,0,1,247,task,60,0,1610,10,652,0
2,118,279,-1.926613314,-0.4019458438,1.196914803,-2.349370748,-1.601789583,-0.3558721343,0,1,248,task,60,0,1610,10,652,0
2,118,280,-1.918433851,-0.3680076826,1.115495401,-2.304911666,-1.599762624,-0.3477021465,0,1,249,task,60,0,1610,10,652,0
2,118,281,-1.910671575,-0.3311775023,1.028608981,-2.258217209,-1.597620642,-0.3399465604,0,1,250,task,60,0,1610,10,652,0
2,118,282,-1.903250687,-0.2907673567,0.9343935878,-2.207814223,-1.595534943,-0.3325284201,0,1,251,task,60,0,1610,10,652,0
2,118,283,-1.880314206,-0.2990530542,0.9538577303,-2.216214869,-1.596546123,-0.3095826791,0,1,252,task,30,0,1610,10,652,0
2,118,284,-1.886983778,-0.3387476312,1.045051373,-2.2624439,-1.599531421,-0.3162408478,0,1,253,task,60,0,1610,10,652,0
2,118,285,-1.894270324,-0.3751071359,1.131324508,-2.309125371,-1.601512863,-0.3235162986,0,1,254,task,60,0,1610,10,652,0
2,118,286,-1.902207356,-0.4085643603,1.213652915,-2.356631006,-1.602539302,-0.3314481709,0,1,255,task,60,0,1610,10,652,0
2,118,287,-1.910542317,-0.4395722112,1.291330091,-2.401963046,-1.603597483,-0.3397772757,0,1,256,task,60,0,1610,10,652,0
2,118,288,-1.919305428,-0.468473698,1.365159148,-2.445584196,-1.604689465,-0.3485338343,0,1,257,task,60,0,1610,10,652,0
2,118,289,-1.92852999,-0.49551672,1.435742365,-2.48785175,-1.605817468,-0.3577511593,0,1,258,task,60,0,1610,10,652,0
2,118,290,-1.938252787,-0.5208828718,1.503545072,-2.529052713,-1.606983896,-0.3674660527,0,1,259,task,60,0,1610,10,652,0
2,118,291,-1.948514543,-0.5447051954,1.568935563,-2.569426019,-1.608191347,-0.3777192653,0,1,260,task,60,0,1610,10,652,0
2,118,292,-1.959360444,-0.5670795033,1.632211176,-2.609177349,-1.609442629,-0.3885560288,0,1,261,task,60,0,1610,10,652,0
2,118,293,-1.969665205,-0.5906214585,1.688072609,-2.631819776,-1.613873791,-0.3987307748,0,1,262,task,60,0,1610,10,652,0
2,118,294,-1.982567891,-0.6133334702,1.74360632,-2.655878836,-1.61298664,-0.4114221519,0,1,263,task,60,0,1610,10,652,0
2,118,295,-1.997924541,-0.6336742554,1.801076221,-2.688963685,-1.607922552,-0.4266215281,0,1,264,task,60,0,1610,10,652,0
2,118,296,-2.01421869,-0.6528782695,1.857139802,-2.721645672,-1.603043187,-0.442758225,0,1,265,task,60,0,1610,10,652,0
2,118,297,-2.035211598,-0.671316621,1.904474985,-2.737399238,-1.586981468,-0.4633688874,0,1,266,task,60,0,1610,10,652,0
2,118,298,-2.002852427,-0.6752561972,1.917417315,-2.745914091,-1.584821194,-0.4310782078,0,1,267,task,30,0,1610,10,652,0
2,118,299,-1.988412551,-0.6566131084,1.86173504,-2.711729267,-1.584307994,-0.4167477827,0,1,268,task,60,0,1610,10,652,0
2,118,300,-1.973260798,-0.6372397681,1.804040595,-2.675666582,-1.588015347,-0.4016673372,0,1,269,task,60,0,1610,10,652,0
2,118,301,-1.959012502,-0.6166636773,1.744926339,-2.639278728,-1.591846939,-0.387491609,0,1,270,task,60,0,1610,10,652,0
2,118,302,-1.945591637,-0.5948652398,1.684238313,-2.602438407,-1.595789823,-0.3741448115,0,1,271,task,60,0,1610,10,652,0
2,118,303,-1.929941143,-0.5685785413,1.63941098,-2.613739518,-1.608646729,-0.3591260676,0,1,272,task,60,0,1610,10,652,0
2,118,304,-1.9198117,-0.5462970438,1.575802356,-2.573403368,-1.607575679,-0.3490046877,0,1,273,task,60,0,1610,10,652,0
2,118,305,-1.910235598,-0.5225515609,1.510093343,-2.532469241,-1.606542962,-0.3394361991,0,1,274,task,60,0,1610,10,652,0
2,118,306,-1.901169235,-0.4972487157,1.44198576,-2.490728758,-1.605546027,-0.3303769675,0,1,275,task,60,0,1610,10,652,0
2,118,307,-1.892573417,-0.4702576105,1.371110781,-2.447940826,-1.60458253,-0.3217877793,0,1,276,task,60,0,1610,10,652,0
2,118,308,-1.884412824,-0.4413986256,1.297002949,-2.403816804,-1.603650311,-0.313633302,0,1,277,task,60,0,1610,10,652,0
2,118,309,-1.876655548,-0.4104258159,1.219060467,-2.35799834,-1.602747382,-0.3058816214,0,1,278,task,60,0,1610,10,652,0
2,118,310,-1.869272695,-0.3769983252,1.136481675,-2.310022405,-1.60187191,-0.2985038417,0,1,279,task,60,0,1610,10,652,0
2,118,311,-1.862238039,-0.3406316262,1.048157594,-2.259262553,-1.601022204,-0.291473741,0,1,280,task,60,0,1610,10,652,0
2,118,312,-1.855867424,-0.3008431812,0.9551464468,-2.209732639,-1.598973662,-0.2851159676,0,1,281,task,60,0,1610,10,652,0
2,118,313,-1.84869357,-0.2613214343,0.8662927881,-2.164743192,-1.591546211,-0.2779341276,0,0,,transition,30,0,1610,10,652,0
2,118,314,-1.841519715,-0.2217996873,0.7774391295,-2.119753745,-1.58411876,-0.2707522875,0,0,,transition,30,0,1610,10,652,0
2,118,315,-1.834345861,-0.1822779403,0.6885854708,-2.074764298,-1.576691308,-0.2635704475,0,0,,transition,30,0,1610,10,652,0
2,118,316,-1.827172007,-0.1427561933,0.5997318121,-2.029774851,-1.569263857,-0.2563886075,0,0,,transition,30,0,1610,10,652,0
2,118,317,-1.819998152,-0.1032344464,0.5108781535,-1.984785404,-1.561836406,-0.2492067675,0,1,282,task,30,0,1610,10,652,0
2,118,318,-1.822509173,-0.137682429,0.5909552927,-2.030652888,-1.562957176,-0.2517155958,0,0,,transition,60,0,1610,10,652,0
2,118,319,-1.825020194,-0.1721304116,0.6710324319,-2.076520373,-1.564077947,-0.254224424,0,1,283,task,60,0,1610,10,652,0
2,118,320,-1.827646653,-0.1994374161,0.7358417919,-2.114271859,-1.565195328,-0.2568492666,0,0,,transition,60,0,1610,10,652,0
2,118,321,-1.830273113,-0.2267444207,0.800651152,-2.152023345,-1.566312709,-0.2594741091,0,1,284,task,60,0,1610,10,652,0
2,118,322,-1.832263812,-0.2692978481,0.8779256448,-2.15583149,-1.581453322,-0.2613991514,0,1,285,task,60,0,1610,10,652,0
2,118,323,-1.835687521,-0.2911010556,0.9297862257,-2.185524787,-1.580450653,-0.2648185041,0,0,,transition,60,0,1610,10,652,0
2,118,324,-1.839111229,-0.3129042631,0.9816468066,-2.215218084,-1.579447985,-0.2682378568,0,1,286,task,60,0,1610,10,652,0
2,118,325,-1.846288971,-0.3519876655,1.07612438,-2.269857801,-1.577461474,-0.2754075666,0,1,287,task,60,0,1610,10,652,0
2,118,326,-1.853821245,-0.3875649178,1.163623584,-2.320997262,-1.575495494,-0.2829325181,0,1,288,task,60,0,1610,10,652,0
2,118,327,-1.861734651,-0.4202921965,1.245626807,-2.369460798,-1.573551951,-0.2908393428,0,1,289,task,60,0,1610,10,652,0
2,118,328,-1.870058484,-0.4506170005,1.323166739,-2.415831556,-1.571632977,-0.299157365,0,1,290,task,60,0,1610,10,652,0
2,118,329,-1.878825077,-0.4788557507,1.39699683,-2.460544344,-1.569740964,-0.3079189458,0,1,291,task,60,0,1610,10,652,0
2,118,330,-1.888070199,-0.5052370236,1.467686732,-2.503937822,-1.56787861,-0.3171598802,0,1,292,task,60,0,1610,10,652,0
2,118,331,-1.897833518,-0.5299272106,1.535679512,-2.546286031,-1.566048958,-0.3269198571,0,1,293,task,60,0,1610,10,652,0
2,118,332,-1.908159134,-0.5530464474,1.601327816,-2.587818617,-1.564255454,-0.3372429935,0,1,294,task,60,0,1610,10,652,0
2,118,333,-1.920529578,-0.5774543788,1.655836921,-2.601797418,-1.558348889,-0.3494697465,0,1,295,task,60,0,1610,10,652,0
2,118,334,-1.929002178,-0.602363983,1.708385286,-2.614400489,-1.565081489,-0.3576191993,0,1,296,task,60,0,1610,10,652,0
2,118,335,-1.93669361,-0.6252753324,1.766041842,-2.644785851,-1.57535543,-0.3651208532,0,1,297,task,60,0,1610,10,652,0
2,118,336,-1.947699686,-0.645463104,1.826253719,-2.685618902,-1.57854182,-0.3761038395,0,1,298,task,60,0,1610,10,652,0
2,118,337,-1.959601182,-0.6636847208,1.88621758,-2.730029835,-1.58140429,-0.3880293855,0,1,299,task,60,0,1610,10,652,0
2,118,338,-1.969815729,-0.6786309511,1.928372347,-2.753068486,-1.582600619,-0.3981134578,0,1,300,task,60,0,1610,10,652,0
2,118,339,-1.936160473,-0.6814570628,1.937323371,-2.758835052,-1.580325292,-0.3645332776,0,1,301,task,30,0,1610,10,652,0
2,118,340,-1.923941564,-0.6623803585,1.882269597,-2.727523237,-1.57930636,-0.3524494155,0,1,302,task,60,0,1610,10,652,0
2,118,341,-1.913279825,-0.644175142,1.82163512,-2.682057407,-1.576254867,-0.3417583582,0,1,303,task,60,0,1610,10,652,0
2,118,342,-1.906792875,-0.6222787305,1.76465517,-2.650536945,-1.564090662,-0.3354423481,0,1,304,task,60,0,1610,10,652,0
2,118,343,-1.898087328,-0.5999383789,1.706831481,-2.620579695,-1.55905017,-0.3268885692,0,1,305,task,60,0,1610,10,652,0
2,118,344,-1.888939324,-0.5768286341,1.647981254,-2.591475507,-1.556719716,-0.3178671569,0,1,306,task,60,0,1610,10,652,0
2,118,345,-1.878772208,-0.5523548747,1.590709966,-2.570833143,-1.558930793,-0.3078296082,0,1,307,task,60,0,1610,10,652,0
2,118,346,-1.86873446,-0.5278641645,1.528316029,-2.540110347,-1.562442408,-0.2978380034,0,1,308,task,60,0,1610,10,652,0
2,118,347,-1.860695209,-0.5028210257,1.459417463,-2.496382458,-1.561472056,-0.2898064053,0,1,309,task,60,0,1610,10,652,0
2,118,348,-1.853086971,-0.4760454692,1.387763724,-2.451640961,-1.560516567,-0.2822055965,0,1,310,task,60,0,1610,10,652,0
2,118,349,-1.845876159,-0.4473628433,1.312888323,-2.405593147,-1.55957487,-0.2750020024,0,1,311,task,60,0,1610,10,652,0
2,118,350,-1.839032573,-0.4165317764,1.234189232,-2.35787759,-1.558645992,-0.2681654325,0,1,312,task,60,0,1610,10,652,0
2,118,351,-1.832528981,-0.3832159888,1.150865971,-2.308029406,-1.55772905,-0.2616686666,0,1,313,task,60,0,1610,10,652,0
2,118,352,-1.826837707,-0.3469630632,1.062462662,-2.256505736,-1.55507265,-0.2559966668,0,1,314,task,60,0,1610,10,652,0
2,118,353,-1.823746689,-0.3074846254,0.9713130109,-2.208780375,-1.544010417,-0.2530033632,0,1,315,task,60,0,1610,10,652,0
2,118,354,-1.819756882,-0.2646727147,0.8749046351,-2.16265506,-1.536799145,-0.2490998243,0,1,316,task,60,0,1610,10,652,0
2,118,355,-1.816449103,-0.2414301721,0.8241638789,-2.142024871,-1.538508866,-0.2457814972,0,0,,transition,60,0,1610,10,652,0
2,118,356,-1.813141324,-0.2181876296,0.7734231226,-2.121394681,-1.540218587,-0.2424631702,0,1,317,task,60,0,1610,10,652,0
2,118,357,-1.810348858,-0.1897585185,0.7067072359,-2.083709272,-1.540499797,-0.2396669331,0,0,,transition,60,0,1610,10,652,0
2,118,358,-1.807556392,-0.1613294074,0.6399913493,-2.046023863,-1.540781006,-0.236870696,0,1,318,task,60,0,1610,10,652,0
2,118,359,-1.782308919,-0.125363355,0.5553898485,-1.998616225,-1.540986814,-0.2116097768,0,1,319,task,30,0,1610,10,652,0
2,118,360,-1.784908716,-0.1573367692,0.6290048645,-2.03877092,-1.540229646,-0.2142166334,0,0,,transition,60,0,1610,10,652,0
2,118,361,-1.787508513,-0.1893101833,0.7026198804,-2.078925615,-1.539472478,-0.21682349,0,1,320,task,60,0,1610,10,652,0
2,118,362,-1.790408074,-0.2152883574,0.7619347241,-2.109059668,-1.538042798,-0.2197345102,0,0,,transition,60,0,1610,10,652,0
2,118,363,-1.793307635,-0.2412665315,0.8212495678,-2.139193722,-1.536613118,-0.2226455304,0,1,321,task,60,0,1610,10,652,0
2,118,364,-1.79593667,-0.2639224511,0.8730054497,-2.164872374,-1.536677136,-0.2252703788,0,0,,transition,60,0,1610,10,652,0
2,118,365,-1.798565705,-0.2865783708,0.9247613317,-2.190551027,-1.536741154,-0.2278952273,0,1,322,task,60,0,1610,10,652,0
2,118,366,-1.803197622,-0.3275186266,1.020438257,-2.240877945,-1.540020121,-0.2324899133,0,1,323,task,60,0,1610,10,652,0
2,118,367,-1.807671647,-0.3649977552,1.109592508,-2.289438002,-1.544650057,-0.2369174776,0,1,324,task,60,0,1610,10,652,0
2,118,368,-1.811514622,-0.3996906603,1.192602211,-2.33481002,-1.552192401,-0.2406959049,0,1,325,task,60,0,1610,10,652,0
2,118,369,-1.816675646,-0.4318107233,1.272712269,-2.381737282,-1.556038163,-0.2458289435,0,1,326,task,60,0,1610,10,652,0
2,118,370,-1.822596682,-0.4616983596,1.349360513,-2.428063843,-1.558327953,-0.2517348671,0,1,327,task,60,0,1610,10,652,0
2,118,371,-1.828953686,-0.4895798421,1.422661361,-2.473203695,-1.560275473,-0.2580796255,0,1,328,task,60,0,1610,10,652,0
2,118,372,-1.836778222,-0.5161039315,1.490537585,-2.510198739,-1.558830607,-0.2658770921,0,1,329,task,60,0,1610,10,652,0
2,118,373,-1.845098183,-0.5411296928,1.55660313,-2.547674167,-1.557275643,-0.274173457,0,1,330,task,60,0,1610,10,652,0
2,118,374,-1.854060555,-0.5656103202,1.61802448,-2.577016651,-1.555280896,-0.2830698681,0,1,331,task,60,0,1610,10,652,0
2,118,375,-1.862746823,-0.5889812411,1.678655131,-2.608444211,-1.555597567,-0.2916784594,0,1,332,task,60,0,1610,10,652,0
2,118,376,-1.871296332,-0.6114219175,1.737897429,-2.639977011,-1.557765443,-0.3001290348,0,1,333,task,60,0,1610,10,652,0
2,118,377,-1.891635124,-0.6350018255,1.78770108,-2.642715843,-1.530558184,-0.3204308227,0,1,334,task,60,0,1610,10,652,0
2,118,378,-1.906591049,-0.6554525644,1.845092131,-2.672869276,-1.520569918,-0.335474484,0,1,335,task,60,0,1610,10,652,0
2,118,379,-1.909986596,-0.678835173,1.896346743,-2.691718615,-1.540967409,-0.338187685,0,1,336,task,60,0,1610,10,652,0
2,118,380,-1.917410081,-0.6905116981,1.930538372,-2.712528468,-1.54087233,-0.3455551037,0,1,337,task,60,0,1610,10,652,0
2,118,381,-1.898428841,-0.6987618287,1.925452002,-2.674449348,-1.501071884,-0.3269548369,0,1,338,task,30,0,1610,10,652,0
2,118,382,-1.898845511,-0.6752437325,1.871413062,-2.645896824,-1.47200265,-0.3285482914,0,1,339,task,60,0,1610,10,652,0
2,118,383,-1.879673341,-0.6537796792,1.81898322,-2.631790932,-1.492479513,-0.3089496746,0,1,340,task,60,0,1610,10,652,0
2,118,384,-1.864639946,-0.6271030935,1.777678306,-2.65140091,-1.505638995,-0.2941399647,0,1,341,task,60,0,1610,10,652,0
2,118,385,-1.854795835,-0.6082912611,1.708892767,-2.591596748,-1.506797157,-0.2840983789,0,1,342,task,60,0,1610,10,652,0
2,118,386,-1.848806401,-0.582506509,1.65608617,-2.58040544,-1.499135886,-0.2784976712,0,1,343,task,60,0,1610,10,652,0
2,118,387,-1.839561867,-0.5607703265,1.585289587,-2.524131941,-1.501667641,-0.2690797689,0,1,344,task,60,0,1610,10,652,0
2,118,388,-1.827172245,-0.5345824175,1.527896955,-2.51032146,-1.515398719,-0.2565929165,0,1,345,task,60,0,1610,10,652,0
2,118,389,-1.820583407,-0.508531747,1.460343619,-2.471684203,-1.51335873,-0.2500543062,0,1,346,task,60,0,1610,10,652,0
2,118,390,-1.814482009,-0.4807169829,1.392500807,-2.43758108,-1.510935482,-0.2440290663,0,1,347,task,60,0,1610,10,652,0
2,118,391,-1.808185115,-0.4517916898,1.319135,-2.395775358,-1.510182309,-0.2377497288,0,1,348,task,60,0,1610,10,652,0
2,118,392,-1.802914385,-0.4207497115,1.243957824,-2.356149909,-1.507105293,-0.232543625,0,1,349,task,60,0,1610,10,652,0
2,118,393,-1.801089753,-0.3873561331,1.16427549,-2.312310636,-1.493111191,-0.2309733622,0,1,350,task,60,0,1610,10,652,0
2,118,394,-1.791772713,-0.352257089,1.077218115,-2.264131965,-1.50578986,-0.2214244134,0,1,351,task,60,0,1610,10,652,0
2,118,395,-1.781820897,-0.3144353185,0.9895361741,-2.224692894,-1.522406113,-0.2112671268,0,1,352,task,60,0,1610,10,652,0
2,118,396,-1.778136889,-0.2931592533,0.9387669124,-2.197000761,-1.52680656,-0.2075401941,0,0,,transition,60,0,1610,10,652,0
2,118,397,-1.774452881,-0.2718831882,0.8879976507,-2.169308627,-1.531207007,-0.2038132614,0,1,353,task,60,0,1610,10,652,0
2,118,398,-1.771394604,-0.2481360138,0.8337419193,-2.142471625,-1.533886865,-0.2007365083,0,0,,transition,60,0,1610,10,652,0
2,118,399,-1.768336326,-0.2243888395,0.7794861879,-2.115634622,-1.536566724,-0.1976597553,0,1,354,task,60,0,1610,10,652,0
2,118,400,-1.7658499,-0.1963213742,0.7149926453,-2.081335403,-1.537564849,-0.1951658942,0,0,,transition,60,0,1610,10,652,0
2,118,401,-1.763363474,-0.168253909,0.6504991028,-2.047036185,-1.538562974,-0.1926720332,0,1,355,task,60,0,1610,10,652,0
2,118,402,-1.753734963,-0.1428207226,0.5890288671,-2.003742437,-1.481911763,-0.1836743365,0,1,356,task,30,0,1610,10,652,0
2,118,403,-1.755375001,-0.1719414426,0.651547979,-2.029752146,-1.483656787,-0.1852862848,0,0,,transition,60,0,1610,10,652,0
2,118,404,-1.757015039,-0.2010621625,0.7140670909,-2.055761855,-1.485401811,-0.186898233,0,1,357,task,60,0,1610,10,652,0
2,118,405,-1.759319396,-0.228163983,0.7810843602,-2.099750855,-1.484960019,-0.1892246892,0,0,,transition,60,0,1610,10,652,0
2,118,406,-1.761623754,-0.2552658035,0.8481016295,-2.143739854,-1.484518227,-0.1915511453,0,1,358,task,60,0,1610,10,652,0
2,118,407,-1.764486335,-0.2774176077,0.9001583501,-2.171326783,-1.482439081,-0.194460111,0,0,,transition,60,0,1610,10,652,0
2,118,408,-1.767348916,-0.2995694119,0.9522150707,-2.198913712,-1.480359935,-0.1973690766,0,1,359,task,60,0,1610,10,652,0
2,118,409,-1.771386041,-0.3391038749,1.037652215,-2.231360947,-1.483194967,-0.2013361418,0,1,360,task,60,0,1610,10,652,0
2,118,410,-1.774334915,-0.376163128,1.12018019,-2.267569582,-1.490497126,-0.2041160804,0,1,361,task,60,0,1610,10,652,0
2,118,411,-1.779981404,-0.4105248384,1.213390622,-2.334653716,-1.4892634,-0.2098483153,0,1,362,task,60,0,1610,10,652,0
2,118,412,-1.78638158,-0.4423105623,1.286935707,-2.366801156,-1.486472796,-0.2162745237,0,1,363,task,60,0,1610,10,652,0
2,118,413,-1.797106411,-0.4716443313,1.361545553,-2.406207328,-1.470977847,-0.2273568978,0,1,364,task,60,0,1610,10,652,0
2,118,414,-1.810053284,-0.4995192826,1.427795582,-2.430527949,-1.450404293,-0.2408623227,0,1,365,task,60,0,1610,10,652,0
2,118,415,-1.816497092,-0.5266721896,1.496558282,-2.468660648,-1.451828041,-0.2472793437,0,1,366,task,60,0,1610,10,652,0
2,118,416,-1.822779663,-0.5532083526,1.55956433,-2.497027392,-1.454806596,-0.2534228322,0,1,367,task,60,0,1610,10,652,0
2,118,417,-1.829829464,-0.5782989641,1.622927943,-2.530307961,-1.456711439,-0.2603965438,0,1,368,task,60,0,1610,10,652,0
2,118,418,-1.836898213,-0.6031713346,1.68167989,-2.555115048,-1.459734404,-0.2672749017,0,1,369,task,60,0,1610,10,652,0
2,118,419,-1.844586649,-0.6271598229,1.739692317,-2.581064001,-1.462322077,-0.2747803744,0,1,370,task,60,0,1610,10,652,0
2,118,420,-1.852884624,-0.650329545,1.796946312,-2.607877344,-1.464661796,-0.2828983086,0,1,371,task,60,0,1610,10,652,0
2,118,421,-1.861960756,-0.6724843514,1.854203309,-2.637446392,-1.466512157,-0.2918341277,0,1,372,task,60,0,1610,10,652,0
2,118,422,-1.87709249,-0.6994443806,1.893396052,-2.61459004,-1.454864169,-0.306571059,0,1,373,task,60,0,1610,10,652,0
2,118,423,-1.883111277,-0.7098069962,1.912176798,-2.613218833,-1.451398152,-0.3124608927,0,1,374,task,60,0,1610,10,652,0
2,118,424,-1.861984366,-0.6881019026,1.854741203,-2.582851239,-1.433484239,-0.292214777,0,0,,transition,30,0,1610,10,652,0
2,118,425,-1.840857455,-0.6663968089,1.797305608,-2.552483645,-1.415570326,-0.2719686614,0,1,375,task,30,0,1610,10,652,0
2,118,426,-1.829461384,-0.6392393011,1.75532342,-2.570068814,-1.422549018,-0.2608545891,0,1,376,task,60,0,1610,10,652,0
2,118,427,-1.821988743,-0.6151877983,1.697106771,-2.543603422,-1.42039069,-0.2535248468,0,1,377,task,60,0,1610,10,652,0
2,118,428,-1.813417384,-0.590733269,1.63655463,-2.514838713,-1.42262325,-0.2448704483,0,1,378,task,60,0,1610,10,652,0
2,118,429,-1.801779383,-0.5659454889,1.57625552,-2.491381723,-1.435309959,-0.2327874823,0,1,379,task,60,0,1610,10,652,0
2,118,430,-1.789672415,-0.5399427109,1.516720442,-2.473895587,-1.451474515,-0.2202365317,0,1,380,task,60,0,1610,10,652,0
2,118,431,-1.783907455,-0.5130262504,1.448857828,-2.436762108,-1.450102299,-0.2145021865,0,1,381,task,60,0,1610,10,652,0
2,118,432,-1.778812178,-0.484388854,1.381154548,-2.404975879,-1.447631823,-0.209495108,0,1,382,task,60,0,1610,10,652,0
2,118,433,-1.773633832,-0.4546106351,1.307770091,-2.365205406,-1.446300723,-0.2043368261,0,1,383,task,60,0,1610,10,652,0
2,118,434,-1.768957014,-0.4229007068,1.232813569,-2.328136971,-1.444203456,-0.1997129717,0,1,384,task,60,0,1610,10,652,0
2,118,435,-1.764300396,-0.3892217152,1.151941763,-2.285167688,-1.442846384,-0.1950716911,0,1,385,task,60,0,1610,10,652,0
2,118,436,-1.759939801,-0.3529744973,1.066617292,-2.241193164,-1.441261908,-0.1907331154,0,1,386,task,60,0,1610,10,652,0
2,118,437,-1.755687215,-0.3135428524,0.9738728686,-2.192199717,-1.440048621,-0.186485745,0,1,387,task,60,0,1610,10,652,0
2,118,438,-1.753659383,-0.2917390994,0.9232076654,-2.165624419,-1.439449995,-0.1844592525,0,0,,transition,60,0,1610,10,652,0
2,118,439,-1.751631551,-0.2699353463,0.8725424622,-2.139049122,-1.438851369,-0.18243276,0,1,388,task,60,0,1610,10,652,0
2,118,440,-1.749627177,-0.2449993717,0.814325791,-2.107002975,-1.438519321,-0.1804199042,0,0,,transition,60,0,1610,10,652,0
2,118,441,-1.747622803,-0.220063397,0.7561091199,-2.074956828,-1.438187274,-0.1784070483,0,1,389,task,60,0,1610,10,652,0
2,118,442,-1.746640967,-0.1908053596,0.690274067,-2.040763637,-1.434217054,-0.1775161846,0,0,,transition,60,0,1610,10,652,0
2,118,443,-1.745659131,-0.1615473221,0.6244390141,-2.006570447,-1.430246834,-0.1766253208,0,1,390,task,60,0,1610,10,652,0
2,118,444,-1.735993649,-0.1877485818,0.6755917347,-2.019330551,-1.38569633,-0.1680930724,0,1,391,task,30,0,1610,10,652,0
2,118,445,-1.738683169,-0.21503402,0.7380833569,-2.05155888,-1.38281482,-0.1709234572,0,0,,transition,60,0,1610,10,652,0
2,118,446,-1.741372689,-0.2423194582,0.8005749791,-2.08378721,-1.37993331,-0.1737538419,0,1,392,task,60,0,1610,10,652,0
2,118,447,-1.743397246,-0.2662035257,0.8567481766,-2.115207547,-1.380006705,-0.1758132864,0,0,,transition,60,0,1610,10,652,0
2,118,448,-1.745421802,-0.2900875932,0.9129213741,-2.146627884,-1.380080101,-0.1778727308,0,1,393,task,60,0,1610,10,652,0
2,118,449,-1.74754353,-0.3111826115,0.9633066835,-2.175030947,-1.38016368,-0.1800306351,0,0,,transition,60,0,1610,10,652,0
2,118,450,-1.749665258,-0.3322776297,1.013691993,-2.20343401,-1.380247259,-0.1821885394,0,1,394,task,60,0,1610,10,652,0
2,118,451,-1.754117403,-0.3703284262,1.106072536,-2.255949852,-1.380436539,-0.1867157528,0,1,395,task,60,0,1610,10,652,0
2,118,452,-1.755537346,-0.4058273879,1.190149454,-2.302360271,-1.391844722,-0.1877446397,0,1,396,task,60,0,1610,10,652,0
2,118,453,-1.765121945,-0.4380961037,1.24987663,-2.298637245,-1.376031852,-0.1979259968,0,1,397,task,60,0,1610,10,652,0
2,118,454,-1.766303161,-0.4410929529,1.256786005,-2.300975711,-1.373738347,-0.1992139873,0,1,398,task,60,0,1610,10,652,0
2,118,455,-1.750011231,-0.5352352069,1.282953838,-2.240127735,-1.390160152,-0.1826128217,0,0,,transition,30,0,1610,10,652,0
2,118,456,-1.733719301,-0.6293774608,1.309121671,-2.179279759,-1.406581956,-0.166011656,0,0,,transition,30,0,1610,10,652,0
2,118,457,-1.717427371,-0.7235197147,1.335289504,-2.118431784,-1.42300376,-0.1494104904,0,0,,transition,30,0,1610,10,652,0
2,118,458,-1.701135441,-0.8176619686,1.361457337,-2.057583808,-1.439425565,-0.1328093248,0,0,,transition,30,0,1610,10,652,0
2,118,459,-1.68484351,-0.9118042225,1.38762517,-1.996735832,-1.455847369,-0.1162081592,0,0,,transition,30,0,1610,10,652,0
2,118,460,-1.66855158,-1.005946476,1.413793003,-1.935887856,-1.472269174,-0.09960699363,0,0,,transition,30,0,1610,10,652,0
2,118,461,-1.65225965,-1.10008873,1.439960835,-1.87503988,-1.488690978,-0.08300582802,0,0,,transition,30,0,1610,10,652,0
2,118,462,-1.63596772,-1.194230984,1.466128668,-1.814191904,-1.505112782,-0.06640466242,0,0,,transition,30,0,1610,10,652,0
2,118,463,-1.61967579,-1.288373238,1.492296501,-1.753343928,-1.521534587,-0.04980349681,0,0,,transition,30,0,1610,10,652,0
2,118,464,-1.60338386,-1.382515492,1.518464334,-1.692495952,-1.537956391,-0.03320233121,0,0,,transition,30,0,1610,10,652,0
2,118,465,-1.58709193,-1.476657746,1.544632167,-1.631647976,-1.554378196,-0.0166011656,0,0,,transition,30,0,1610,10,652,0
2,118,466,-1.5708,-1.5708,1.5708,-1.5708,-1.5708,0,0,0,,home,60,0,1610,10,652,0
2,119,1,-1.5708,-1.5708,1.5708,-1.5708,-1.5708,0,0,0,,home,60,0,1610,10,652,0
2,119,2,-1.614137327,-1.472251761,1.548794799,-1.649489513,-1.579305642,-0.04353290363,0,0,,transition,30,0,1610,10,652,0
2,119,3,-1.657474653,-1.373703521,1.526789598,-1.728179025,-1.587811283,-0.08706580727,0,0,,transition,30,0,1610,10,652,0
2,119,4,-1.70081198,-1.275155282,1.504784396,-1.806868538,-1.596316925,-0.1305987109,0,0,,transition,30,0,1610,10,652,0
2,119,5,-1.744149306,-1.176607043,1.482779195,-1.885558051,-1.604822566,-0.1741316145,0,0,,transition,30,0,1610,10,652,0
2,119,6,-1.787486633,-1.078058803,1.460773994,-1.964247564,-1.613328208,-0.2176645182,0,0,,transition,30,0,1610,10,652,0
2,119,7,-1.830823959,-0.9795105638,1.438768793,-2.042937076,-1.621833849,-0.2611974218,0,0,,transition,30,0,1610,10,652,0
2,119,8,-1.874161286,-0.8809623244,1.416763592,-2.121626589,-1.630339491,-0.3047303254,0,0,,transition,30,0,1610,10,652,0
2,119,9,-1.917498612,-0.7824140851,1.39475839,-2.200316102,-1.638845132,-0.3482632291,0,0,,transition,30,0,1610,10,652,0
2,119,10,-1.960835939,-0.6838658457,1.372753189,-2.279005615,-1.647350774,-0.3917961327,0,0,,transition,30,0,1610,10,652,0
2,119,11,-2.004173266,-0.5853176064,1.350747988,-2.357695127,-1.655856416,-0.4353290363,0,0,,transition,30,0,1610,10,652,0
2,119,12,-2.047510592,-0.486769367,1.328742787,-2.43638464,-1.664362057,-0.47886194,0,1,1,task,60,0,1610,10,652,0
2,119,13,-2.035807533,-0.457787917,1.256040751,-2.393415901,-1.663761337,-0.4670910514,0,1,2,task,60,0,1610,10,652,0
2,119,14,-2.024642212,-0.4266754333,1.179321459,-2.34862787,-1.663177687,-0.4558606506,0,1,3,task,60,0,1610,10,652,0
2,119,15,-2.013979887,-0.3930669765,1.097747503,-2.30154336,-1.66261098,-0.4451357408,0,1,4,task,60,0,1610,10,652,0
2,119,16,-2.003788615,-0.3564426032,1.010146939,-2.251506057,-1.662061006,-0.4348841464,0,1,5,task,60,0,1610,10,652,0
2,119,17,-1.994038985,-0.3160265796,0.9147925334,-2.197560512,-1.661527491,-0.4250762502,0,1,6,task,60,0,1610,10,652,0
2,119,18,-1.989371437,-0.2933034355,0.8618704607,-2.167883168,-1.6612688,-0.4203805034,0,0,,transition,60,0,1610,10,652,0
2,119,19,-1.984703889,-0.2705802913,0.808948388,-2.138205824,-1.661010109,-0.4156847565,0,1,7,task,60,0,1610,10,652,0
2,119,20,-1.980231098,-0.2442443807,0.7483686427,-2.104507078,-1.660759305,-0.4111846177,0,0,,transition,60,0,1610,10,652,0
2,119,21,-1.975758308,-0.21790847,0.6877888973,-2.070808332,-1.6605085,-0.4066844789,0,1,8,task,60,0,1610,10,652,0
2,119,22,-1.971468717,-0.1856356351,0.6144551273,-2.030314464,-1.660265389,-0.4023683138,0,0,,transition,60,0,1610,10,652,0
2,119,23,-1.967179126,-0.1533628003,0.5411213573,-1.989820597,-1.660022277,-0.3980521488,0,1,9,task,60,0,1610,10,652,0
2,119,24,-1.964434403,-0.1230532268,0.4731313655,-1.95253194,-1.659865196,-0.3952901807,0,0,,transition,60,0,1610,10,652,0
2,119,25,-1.961689681,-0.09274365331,0.4051413737,-1.915243284,-1.659708115,-0.3925282126,0,0,,transition,60,0,1610,10,652,0
2,119,26,-1.958944958,-0.06243407984,0.3371513819,-1.877954628,-1.659551034,-0.3897662445,0,1,10,task,60,0,1610,10,652,0
2,119,27,-1.937500254,-0.06275663143,0.3510527057,-1.892445441,-1.657555375,-0.3681583808,0,1,11,task,30,0,1610,10,652,0
2,119,28,-1.940110276,-0.09240558187,0.4177444399,-1.929119779,-1.657681763,-0.3707838553,0,0,,transition,60,0,1610,10,652,0
2,119,29,-1.942720299,-0.1220545323,0.4844361741,-1.965794117,-1.657808151,-0.3734093297,0,0,,transition,60,0,1610,10,652,0
2,119,30,-1.945330321,-0.1517034827,0.5511279084,-2.002468454,-1.657934539,-0.3760348041,0,1,12,task,60,0,1610,10,652,0
2,119,31,-1.949411281,-0.1836211575,0.6239204619,-2.042809284,-1.658130264,-0.3801395911,0,0,,transition,60,0,1610,10,652,0
2,119,32,-1.95349224,-0.2155388323,0.6967130154,-2.083150114,-1.658325988,-0.384244378,0,1,13,task,60,0,1610,10,652,0
2,119,33,-1.95774959,-0.2416668837,0.7570880664,-2.116882961,-1.658528014,-0.3885262638,0,0,,transition,60,0,1610,10,652,0
2,119,34,-1.962006939,-0.2677949351,0.8174631174,-2.150615808,-1.658730039,-0.3928081496,0,1,14,task,60,0,1610,10,652,0
2,119,35,-1.966452012,-0.2903673752,0.8703207771,-2.180408157,-1.658938516,-0.3972785331,0,0,,transition,60,0,1610,10,652,0
2,119,36,-1.970897084,-0.3129398154,0.9231784369,-2.210200507,-1.659146993,-0.4017489165,0,1,15,task,60,0,1610,10,652,0
2,119,37,-1.980187255,-0.3531075209,1.018553319,-2.264467535,-1.659577122,-0.4110914041,0,1,16,task,60,0,1610,10,652,0
2,119,38,-1.989904143,-0.3895092344,1.106266769,-2.314888012,-1.660020666,-0.4208624656,0,1,17,task,60,0,1610,10,652,0
2,119,39,-2.000076773,-0.4229060066,1.188017457,-2.362403161,-1.660477819,-0.4310913045,0,1,18,task,60,0,1610,10,652,0
2,119,40,-2.01073675,-0.4538087561,1.264961624,-2.407662246,-1.660948711,-0.4418097247,0,1,19,task,60,0,1610,10,652,0
2,119,41,-2.02191854,-0.4825761567,1.337927571,-2.451139212,-1.6614334,-0.4530524107,0,1,20,task,60,0,1610,10,652,0
2,119,42,-1.999575904,-0.4918181409,1.371189063,-2.473163907,-1.661434718,-0.4306032549,0,1,21,task,30,0,1610,10,652,0
2,119,43,-1.988030631,-0.4632791189,1.299211201,-2.430886854,-1.663492763,-0.4190962463,0,1,22,task,60,0,1610,10,652,0
2,119,44,-1.977226701,-0.4328739315,1.224170294,-2.388118188,-1.664911137,-0.4083094635,0,1,23,task,60,0,1610,10,652,0
2,119,45,-1.966951523,-0.4002155701,1.144862805,-2.343472446,-1.666257676,-0.3980472071,0,1,24,task,60,0,1610,10,652,0
2,119,46,-1.957139626,-0.3648514471,1.060203152,-2.296200337,-1.667641141,-0.3882474509,0,1,25,task,60,0,1610,10,652,0
2,119,47,-1.948081972,-0.3262168538,0.9677941327,-2.243289168,-1.667869566,-0.3791546674,0,1,26,task,60,0,1610,10,652,0
2,119,48,-1.943810777,-0.3046921328,0.916843308,-2.214095969,-1.667766273,-0.374858101,0,0,,transition,60,0,1610,10,652,0
2,119,49,-1.939539583,-0.2831674117,0.8658924833,-2.184902769,-1.66766298,-0.3705615347,0,1,27,task,60,0,1610,10,652,0
2,119,50,-1.935453143,-0.2585710841,0.8085061142,-2.152366407,-1.667561354,-0.3664506842,0,0,,transition,60,0,1610,10,652,0
2,119,51,-1.931366703,-0.2339747566,0.7511197452,-2.119830046,-1.667459728,-0.3623398338,0,1,28,task,60,0,1610,10,652,0
2,119,52,-1.927453543,-0.2046772931,0.6837191203,-2.08200001,-1.667359898,-0.3584031567,0,0,,transition,60,0,1610,10,652,0
2,119,53,-1.923540382,-0.1753798296,0.6163184954,-2.044169975,-1.667260067,-0.3544664796,0,1,29,task,60,0,1610,10,652,0
2,119,54,-1.919789936,-0.1372958493,0.5299483473,-1.996175157,-1.667162131,-0.3506933483,0,0,,transition,60,0,1610,10,652,0
2,119,55,-1.916039489,-0.09921186891,0.4435781992,-1.948180339,-1.667064195,-0.3469202171,0,1,30,task,60,0,1610,10,652,0
2,119,56,-1.89475756,-0.1074449968,0.4682814623,-1.963750089,-1.666546567,-0.3255108632,0,1,31,task,30,0,1610,10,652,0
2,119,57,-1.898173953,-0.1440229164,0.5513391736,-2.009713509,-1.667123704,-0.3289636516,0,0,,transition,60,0,1610,10,652,0
2,119,58,-1.901590346,-0.1806008361,0.6343968848,-2.055676929,-1.667700842,-0.33241644,0,1,32,task,60,0,1610,10,652,0
2,119,59,-1.905262546,-0.2092334435,0.7002898988,-2.092419632,-1.667869892,-0.3361128606,0,0,,transition,60,0,1610,10,652,0
2,119,60,-1.908934745,-0.237866051,0.7661829129,-2.129162335,-1.668038942,-0.3398092812,0,1,33,task,60,0,1610,10,652,0
2,119,61,-1.912770236,-0.2620761906,0.822670348,-2.160941293,-1.668213472,-0.3436698046,0,0,,transition,60,0,1610,10,652,0
2,119,62,-1.916605728,-0.2862863303,0.879157783,-2.19272025,-1.668388002,-0.3475303279,0,1,34,task,60,0,1610,10,652,0
2,119,63,-1.920615425,-0.3075614546,0.9295076202,-2.221317371,-1.668568148,-0.351565939,0,0,,transition,60,0,1610,10,652,0
2,119,64,-1.924625123,-0.3288365788,0.9798574573,-2.249914491,-1.668748295,-0.3556015502,0,1,35,task,60,0,1610,10,652,0
2,119,65,-1.933478024,-0.3672022676,1.070519501,-2.299699398,-1.667454613,-0.3644449767,0,1,36,task,60,0,1610,10,652,0
2,119,66,-1.942893676,-0.4023767964,1.154248628,-2.345238933,-1.665670277,-0.3738289446,0,1,37,task,60,0,1610,10,652,0
2,119,67,-1.952671864,-0.4349962657,1.233781536,-2.390367181,-1.664225616,-0.3835900341,0,1,38,task,60,0,1610,10,652,0
2,119,68,-1.962812811,-0.4653833374,1.310344538,-2.436557571,-1.663210339,-0.3937384021,0,1,39,task,60,0,1610,10,652,0
2,119,69,-1.973474063,-0.4937154032,1.383176873,-2.481101585,-1.662193621,-0.4044077734,0,1,40,task,60,0,1610,10,652,0
2,119,70,-1.948557079,-0.4986907774,1.403183741,-2.493820202,-1.662663878,-0.379389795,0,1,41,task,30,0,1610,10,652,0
2,119,71,-1.93851738,-0.4707893919,1.330565651,-2.448760794,-1.663369408,-0.3693301972,0,1,42,task,60,0,1610,10,652,0
2,119,72,-1.928976992,-0.4408656049,1.254346312,-2.402156825,-1.664068362,-0.3597709604,0,1,43,task,60,0,1610,10,652,0
2,119,73,-1.919900288,-0.4086224041,1.173817618,-2.353594819,-1.66476167,-0.3506763943,0,1,44,task,60,0,1610,10,652,0
2,119,74,-1.911154089,-0.3737159191,1.088855091,-2.304251019,-1.665812884,-0.3419292491,0,1,45,task,60,0,1610,10,652,0
2,119,75,-1.902365505,-0.336032762,1.001352921,-2.259375099,-1.668511339,-0.3332068707,0,1,46,task,60,0,1610,10,652,0
2,119,76,-1.894515265,-0.2945432507,0.9043908955,-2.206963592,-1.669180253,-0.3253468372,0,1,47,task,60,0,1610,10,652,0
2,119,77,-1.890930556,-0.2711365864,0.8498605247,-2.176803875,-1.668875639,-0.3217352879,0,0,,transition,60,0,1610,10,652,0
2,119,78,-1.887345847,-0.2477299221,0.7953301538,-2.146644158,-1.668571025,-0.3181237387,0,1,48,task,60,0,1610,10,652,0
2,119,79,-1.883918274,-0.2204209086,0.732522492,-2.112128786,-1.668260586,-0.3146692643,0,0,,transition,60,0,1610,10,652,0
2,119,80,-1.880490701,-0.193111895,0.6697148302,-2.077613415,-1.667950147,-0.3112147898,0,1,49,task,60,0,1610,10,652,0
2,119,81,-1.877655792,-0.1593276651,0.5929242619,-2.035560606,-1.665848691,-0.3083013818,0,0,,transition,60,0,1610,10,652,0
2,119,82,-1.874820883,-0.1255434351,0.5161336936,-1.993507797,-1.663747234,-0.3053879737,0,1,50,task,60,0,1610,10,652,0
2,119,83,-1.854068879,-0.1387374634,0.5520580027,-2.015302211,-1.662787893,-0.2845103388,0,1,51,task,30,0,1610,10,652,0
2,119,84,-1.857228714,-0.1711371494,0.627089427,-2.058131428,-1.662802036,-0.2876852725,0,0,,transition,60,0,1610,10,652,0
2,119,85,-1.86038855,-0.2035368355,0.7021208512,-2.100960645,-1.66281618,-0.2908602062,0,1,52,task,60,0,1610,10,652,0
2,119,86,-1.862898712,-0.2294606208,0.7610428081,-2.1317191,-1.665851055,-0.2934708736,0,0,,transition,60,0,1610,10,652,0
2,119,87,-1.865408875,-0.2553844061,0.819964765,-2.162477556,-1.668885929,-0.2960815411,0,1,53,task,60,0,1610,10,652,0
2,119,88,-1.868669895,-0.2780437728,0.8719395027,-2.189478479,-1.669547363,-0.2993756569,0,0,,transition,60,0,1610,10,652,0
2,119,89,-1.871930914,-0.3007031394,0.9239142405,-2.216479401,-1.670208797,-0.3026697726,0,1,54,task,60,0,1610,10,652,0
2,119,90,-1.880401346,-0.3413533881,1.015012158,-2.258547184,-1.665537603,-0.3110117029,0,1,55,task,60,0,1610,10,652,0
2,119,91,-1.888405765,-0.3790415596,1.10602345,-2.311534051,-1.663989954,-0.3190036602,0,1,56,task,60,0,1610,10,652,0
2,119,92,-1.896802774,-0.4135376903,1.190719199,-2.361409718,-1.662448542,-0.3273883265,0,1,57,task,60,0,1610,10,652,0
2,119,93,-1.905621436,-0.4454024084,1.270371395,-2.408886525,-1.660913678,-0.3361947801,0,1,58,task,60,0,1610,10,652,0
2,119,94,-1.914893697,-0.4750248904,1.345883429,-2.454479774,-1.659385687,-0.3454549828,0,1,59,task,60,0,1610,10,652,0
2,119,95,-1.92465474,-0.5026837777,1.417924015,-2.498580737,-1.657864906,-0.355204138,0,1,60,task,60,0,1610,10,652,0
2,119,96,-1.900140585,-0.5034181013,1.422104063,-2.494782711,-1.650418509,-0.3303606722,0,1,61,task,30,0,1610,10,652,0
2,119,97,-1.891167463,-0.4757211718,1.349455321,-2.449592972,-1.651276991,-0.3213822267,0,1,62,task,60,0,1610,10,652,0
2,119,98,-1.882650273,-0.4460306352,1.273314867,-2.402927234,-1.652135352,-0.3128602265,0,1,63,task,60,0,1610,10,652,0
2,119,99,-1.874555541,-0.4140651015,1.193002799,-2.354385351,-1.652993861,-0.3047611601,0,1,64,task,60,0,1610,10,652,0
2,119,100,-1.866852954,-0.3794301103,1.107599744,-2.303440932,-1.653852738,-0.2970546793,0,1,65,task,60,0,1610,10,652,0
2,119,101,-1.859514998,-0.3415555714,1.015809234,-2.249366255,-1.654712159,-0.2897132385,0,1,66,task,60,0,1610,10,652,0
2,119,102,-1.856015822,-0.3205664521,0.9657536095,-2.220228611,-1.655142213,-0.2862125104,0,0,,transition,60,0,1610,10,652,0
2,119,103,-1.852516647,-0.2995773327,0.915697985,-2.191090967,-1.655572267,-0.2827117824,0,1,67,task,60,0,1610,10,652,0
2,119,104,-1.847376634,-0.2571934698,0.8343275107,-2.177176705,-1.650607254,-0.2774852012,0,1,68,task,60,0,1610,10,652,0
2,119,105,-1.844403531,-0.2312491909,0.7732792406,-2.142259575,-1.650113154,-0.2744899007,0,0,,transition,60,0,1610,10,652,0
2,119,106,-1.841430429,-0.2053049121,0.7122309706,-2.107342446,-1.649619054,-0.2714946002,0,1,69,task,60,0,1610,10,652,0
2,119,107,-1.838586294,-0.1736062425,0.6389071376,-2.065920599,-1.649124746,-0.2686292266,0,0,,transition,60,0,1610,10,652,0
2,119,108,-1.835742159,-0.141907573,0.5655833047,-2.024498752,-1.648630438,-0.265763853,0,1,70,task,60,0,1610,10,652,0
2,119,109,-1.816740314,-0.1594054433,0.6084213955,-2.04555111,-1.641982123,-0.2465780601,0,1,71,task,30,0,1610,10,652,0
2,119,110,-1.819456587,-0.1891200758,0.6769845849,-2.08342817,-1.642240411,-0.2493083498,0,0,,transition,60,0,1610,10,652,0
2,119,111,-1.82217286,-0.2188347083,0.7455477744,-2.12130523,-1.642498699,-0.2520386395,0,1,72,task,60,0,1610,10,652,0
2,119,112,-1.824781075,-0.243188313,0.8001310861,-2.147387974,-1.643633027,-0.2546765937,0,0,,transition,60,0,1610,10,652,0
2,119,113,-1.82738929,-0.2675419177,0.8547143978,-2.173470718,-1.644767355,-0.2573145479,0,1,73,task,60,0,1610,10,652,0
2,119,114,-1.808637476,-0.3052638102,0.9463216212,-2.222114235,-1.645942493,-0.2385239605,0,1,74,task,30,0,1610,10,652,0
2,119,115,-1.805977717,-0.2828755204,0.8939787515,-2.193617332,-1.645598099,-0.2358526376,0,0,,transition,60,0,1610,10,652,0
2,119,116,-1.803317957,-0.2604872305,0.8416358818,-2.165120429,-1.645253706,-0.2331813147,0,1,75,task,60,0,1610,10,652,0
2,119,117,-1.80081757,-0.2350993413,0.7830716186,-2.133930112,-1.644753683,-0.2306661209,0,0,,transition,60,0,1610,10,652,0
2,119,118,-1.798317184,-0.2097114522,0.7245073554,-2.102739795,-1.64425366,-0.2281509271,0,1,76,task,60,0,1610,10,652,0
2,119,119,-1.795921622,-0.1792184652,0.6550225085,-2.065746606,-1.643772268,-0.2257393547,0,0,,transition,60,0,1610,10,652,0
2,119,120,-1.79352606,-0.1487254782,0.5855376617,-2.028753417,-1.643290876,-0.2233277822,0,1,77,task,60,0,1610,10,652,0
2,119,121,-1.772627437,-0.1706440648,0.6370206404,-2.052195372,-1.644719712,-0.2023954543,0,1,78,task,30,0,1610,10,652,0
2,119,122,-1.774859917,-0.199251363,0.7030595541,-2.088339006,-1.645009438,-0.2046383319,0,0,,transition,60,0,1610,10,652,0
2,119,123,-1.777092398,-0.2278586613,0.7690984678,-2.124482641,-1.645299163,-0.2068812095,0,1,79,task,60,0,1610,10,652,0
2,119,124,-1.779425768,-0.2520539777,0.8257705346,-2.155681733,-1.645600135,-0.2092247313,0,0,,transition,60,0,1610,10,652,0
2,119,125,-1.781759139,-0.2762492942,0.8824426013,-2.186880825,-1.645901107,-0.211568253,0,1,80,task,60,0,1610,10,652,0
2,119,126,-1.761360286,-0.3053750301,0.9552790729,-2.227108345,-1.646374275,-0.1911139561,0,1,81,task,30,0,1610,10,652,0
2,119,127,-1.759190419,-0.2831425354,0.9027795864,-2.197943729,-1.646189375,-0.1889367189,0,0,,transition,60,0,1610,10,652,0
2,119,128,-1.757020551,-0.2609100407,0.8502801,-2.168779114,-1.646004474,-0.1867594818,0,1,82,task,60,0,1610,10,652,0
2,119,129,-1.75495253,-0.2354951418,0.790697937,-2.135550627,-1.645805868,-0.1846835665,0,0,,transition,60,0,1610,10,652,0
2,119,130,-1.752884508,-0.210080243,0.7311157741,-2.10232214,-1.645607262,-0.1826076513,0,1,83,task,60,0,1610,10,652,0
2,119,131,-1.750906428,-0.179413381,0.6603423862,-2.06316278,-1.64541596,-0.1806216942,0,0,,transition,60,0,1610,10,652,0
2,119,132,-1.748928349,-0.148746519,0.5895689984,-2.024003421,-1.645224659,-0.1786357372,0,1,84,task,60,0,1610,10,652,0
2,119,133,-1.728202319,-0.177224674,0.6583376548,-2.060831341,-1.64579429,-0.1578566974,0,1,85,task,30,0,1610,10,652,0
2,119,134,-1.72998065,-0.2051799717,0.7235249352,-2.097318169,-1.645932447,-0.1596412993,0,0,,transition,60,0,1610,10,652,0
2,119,135,-1.731758981,-0.2331352693,0.7887122157,-2.133804998,-1.646070604,-0.1614259012,0,1,86,task,60,0,1610,10,652,0
2,119,136,-1.733619733,-0.2568707664,0.8449866695,-2.165606083,-1.646214046,-0.1632930292,0,0,,transition,60,0,1610,10,652,0
2,119,137,-1.735480485,-0.2806062636,0.9012611232,-2.197407168,-1.646357488,-0.1651601571,0,1,87,task,60,0,1610,10,652,0
2,119,138,-1.713656946,-0.3013709717,0.9537982402,-2.225155182,-1.646647067,-0.1432736743,0,1,88,task,30,0,1610,10,652,0
2,119,139,-1.71202269,-0.2791602433,0.9014091341,-2.196372776,-1.646513662,-0.1416348303,0,0,,transition,60,0,1610,10,652,0
2,119,140,-1.710388433,-0.256949515,0.8490200281,-2.16759037,-1.646380258,-0.1399959864,0,1,89,task,60,0,1610,10,652,0
2,119,141,-1.708820767,-0.231395698,0.788765904,-2.133506336,-1.646276945,-0.1384232173,0,0,,transition,60,0,1610,10,652,0
2,119,142,-1.707253101,-0.205841881,0.7285117799,-2.099422303,-1.646173632,-0.1368504481,0,1,90,task,60,0,1610,10,652,0
2,119,143,-1.705754526,-0.17487365,0.6567312261,-2.059232117,-1.64607406,-0.135346891,0,0,,transition,60,0,1610,10,652,0
2,119,144,-1.704255951,-0.143905419,0.5849506723,-2.019041931,-1.645974488,-0.1338433338,0,1,91,task,60,0,1610,10,652,0
2,119,145,-1.683362792,-0.1784827109,0.6684667225,-2.065120531,-1.64627033,-0.1128921899,0,1,92,task,30,0,1610,10,652,0
2,119,146,-1.684647491,-0.2060876584,0.7331853009,-2.101699562,-1.646345898,-0.114180903,0,0,,transition,60,0,1610,10,652,0
2,119,147,-1.68593219,-0.2336926058,0.7979038794,-2.138278593,-1.646421466,-0.115469616,0,1,93,task,60,0,1610,10,652,0
2,119,148,-1.687277159,-0.2571706064,0.8539297507,-2.170296844,-1.646499898,-0.1168187206,0,0,,transition,60,0,1610,10,652,0
2,119,149,-1.688622128,-0.2806486071,0.909955622,-2.202315095,-1.64657833,-0.1181678253,0,1,94,task,60,0,1610,10,652,0
2,119,150,-1.6806025,-0.2954613329,0.9440166057,-2.211490191,-1.592271136,-0.109829686,0,1,95,task,30,0,1610,10,652,0
2,119,151,-1.679345611,-0.2729035995,0.8903032781,-2.181139357,-1.592162553,-0.1085731578,0,0,,transition,60,0,1610,10,652,0
2,119,152,-1.678088721,-0.2503458662,0.8365899506,-2.150788523,-1.592053969,-0.1073166295,0,1,96,task,60,0,1610,10,652,0
2,119,153,-1.676873715,-0.224390026,0.7754870099,-2.116440726,-1.592005334,-0.1061019437,0,0,,transition,60,0,1610,10,652,0
2,119,154,-1.675658708,-0.1984341859,0.7143840692,-2.082092929,-1.591956699,-0.1048872579,0,1,97,task,60,0,1610,10,652,0
2,119,155,-1.674497116,-0.1667509226,0.641066416,-2.041259184,-1.591912174,-0.1037258416,0,0,,transition,60,0,1610,10,652,0
2,119,156,-1.673335523,-0.1350676593,0.5677487629,-2.000425439,-1.591867649,-0.1025644254,0,1,98,task,60,0,1610,10,652,0
2,119,157,-1.662832789,-0.1572400342,0.6196471085,-2.029616466,-1.591841499,-0.09205929659,0,0,,transition,30,0,1610,10,652,0
2,119,158,-1.652330054,-0.1794124091,0.6715454541,-2.058807492,-1.591815348,-0.08155416777,0,1,99,task,30,0,1610,10,652,0
2,119,159,-1.653270345,-0.2067965164,0.7355779978,-2.094512454,-1.591846384,-0.08249416417,0,0,,transition,60,0,1610,10,652,0
2,119,160,-1.654210636,-0.2341806237,0.7996105415,-2.130217416,-1.59187742,-0.08343416057,0,1,100,task,60,0,1610,10,652,0
2,119,161,-1.655194746,-0.2575310194,0.8551402634,-2.161454313,-1.591912387,-0.08441781065,0,0,,transition,60,0,1610,10,652,0
2,119,162,-1.656178856,-0.2808814152,0.9106699854,-2.19269121,-1.591947354,-0.08540146073,0,1,101,task,60,0,1610,10,652,0
2,119,163,-1.632732168,-0.2874594723,0.9270329858,-2.201460963,-1.591877122,-0.06195018578,0,1,102,task,30,0,1610,10,652,0
2,119,164,-1.632027329,-0.2645589479,0.8728014876,-2.171280998,-1.591806018,-0.06124577053,0,0,,transition,60,0,1610,10,652,0
2,119,165,-1.63132249,-0.2416584235,0.8185699894,-2.141101034,-1.591734915,-0.06054135528,0,1,103,task,60,0,1610,10,652,0
2,119,166,-1.630633725,-0.2151518451,0.7565431608,-2.106722357,-1.591725798,-0.05985290293,0,0,,transition,60,0,1610,10,652,0
2,119,167,-1.62994496,-0.1886452667,0.6945163322,-2.072343679,-1.591716681,-0.05916445058,0,1,104,task,60,0,1610,10,652,0
2,119,168,-1.629286169,-0.1559967256,0.6193507252,-2.030968835,-1.59171079,-0.05850580797,0,0,,transition,60,0,1610,10,652,0
2,119,169,-1.628627378,-0.1233481845,0.5441851182,-1.989593992,-1.5917049,-0.05784716537,0,1,105,task,60,0,1610,10,652,0
2,119,170,-1.617835285,-0.1496732699,0.6055805669,-2.023987391,-1.591671855,-0.04705268072,0,0,,transition,30,0,1610,10,652,0
2,119,171,-1.607043192,-0.1759983553,0.6669760156,-2.058380789,-1.591638809,-0.03625819608,0,1,106,task,30,0,1610,10,652,0
2,119,172,-1.607471444,-0.2033686137,0.7306196357,-2.093218967,-1.591614111,-0.03668622418,0,0,,transition,60,0,1610,10,652,0
2,119,173,-1.607899695,-0.230738872,0.7942632559,-2.128057144,-1.591589412,-0.03711425228,0,1,107,task,60,0,1610,10,652,0
2,119,174,-1.608340314,-0.2541436007,0.849447321,-2.158396335,-1.591594347,-0.0375544972,0,0,,transition,60,0,1610,10,652,0
2,119,175,-1.608780932,-0.2775483293,0.9046313861,-2.188735526,-1.591599282,-0.03799474212,0,1,108,task,60,0,1610,10,652,0
2,119,176,-1.585041585,-0.2751147212,0.899554063,-2.1852665,-1.591440871,-0.01425133105,0,1,109,task,30,0,1610,10,652,0
2,119,177,-1.584872778,-0.2516721114,0.844745365,-2.155833858,-1.591452929,-0.01408271777,0,0,,transition,60,0,1610,10,652,0
2,119,178,-1.584703971,-0.2282295015,0.789936667,-2.126401215,-1.591464987,-0.01391410448,0,1,110,task,60,0,1610,10,652,0
2,119,179,-1.584525498,-0.2008897327,0.7267241523,-2.092447454,-1.591544038,-0.01373572923,0,0,,transition,60,0,1610,10,652,0
2,119,180,-1.584347025,-0.1735499639,0.6635116375,-2.058493693,-1.59162309,-0.01355735398,0,1,111,task,60,0,1610,10,652,0
2,119,181,-1.584176129,-0.1394021544,0.5856666143,-2.016715579,-1.591703501,-0.01338645248,0,0,,transition,60,0,1610,10,652,0
2,119,182,-1.584005233,-0.1052543449,0.5078215912,-1.974937466,-1.591783912,-0.01321555099,0,1,112,task,60,0,1610,10,652,0
2,119,183,-1.56170882,-0.09945511027,0.4992237342,-1.976987106,-1.592156013,0.009085652942,0,1,113,task,30,0,1610,10,652,0
2,119,184,-1.561653494,-0.1336863003,0.5765535262,-2.017208328,-1.591970866,0.009141043339,0,0,,transition,60,0,1610,10,652,0
2,119,185,-1.561598168,-0.1679174903,0.6538833181,-2.057429551,-1.591785719,0.009196433736,0,1,114,task,60,0,1610,10,652,0
2,119,186,-1.561540477,-0.1953431258,0.7165489793,-2.089792198,-1.591599922,0.009254037808,0,0,,transition,60,0,1610,10,652,0
2,119,187,-1.561482785,-0.2227687614,0.7792146405,-2.122154845,-1.591414124,0.009311641879,0,1,115,task,60,0,1610,10,652,0
2,119,188,-1.561391245,-0.2463291053,0.8334700439,-2.149943841,-1.591343613,0.009402961515,0,0,,transition,60,0,1610,10,652,0
2,119,189,-1.561299704,-0.2698894492,0.8877254474,-2.177732837,-1.591273102,0.009494281151,0,1,116,task,60,0,1610,10,652,0
2,119,190,-1.53773814,-0.25796987,0.8604681454,-2.162055361,-1.590990318,0.03305929689,0,1,117,task,30,0,1610,10,652,0
2,119,191,-1.538012803,-0.2342716742,0.8080724992,-2.139106173,-1.591396395,0.03278578586,0,0,,transition,60,0,1610,10,652,0
2,119,192,-1.538287466,-0.2105734784,0.755676853,-2.116156984,-1.591802471,0.03251227484,0,1,118,task,60,0,1610,10,652,0
2,119,193,-1.538569205,-0.1824912015,0.6923034314,-2.084670935,-1.592133914,0.03223013511,0,0,,transition,60,0,1610,10,652,0
2,119,194,-1.538850944,-0.1544089246,0.6289300098,-2.053184885,-1.592465356,0.03194799538,0,1,119,task,60,0,1610,10,652,0
2,119,195,-1.540980881,-0.2488349963,0.6917213425,-2.021025893,-1.591020999,0.02981812902,0,0,,transition,30,0,1610,10,652,0
2,119,196,-1.543110818,-0.343261068,0.7545126752,-1.988866901,-1.589576642,0.02768826266,0,0,,transition,30,0,1610,10,652,0
2,119,197,-1.545240755,-0.4376871397,0.8173040078,-1.956707908,-1.588132285,0.0255583963,0,0,,transition,30,0,1610,10,652,0
2,119,198,-1.547370692,-0.5321132114,0.8800953405,-1.924548916,-1.586687928,0.02342852994,0,0,,transition,30,0,1610,10,652,0
2,119,199,-1.54950063,-0.626539283,0.9428866732,-1.892389924,-1.585243571,0.02129866359,0,0,,transition,30,0,1610,10,652,0
2,119,200,-1.551630567,-0.7209653547,1.005678006,-1.860230931,-1.583799214,0.01916879723,0,0,,transition,30,0,1610,10,652,0
2,119,201,-1.553760504,-0.8153914264,1.068469339,-1.828071939,-1.582354857,0.01703893087,0,0,,transition,30,0,1610,10,652,0
2,119,202,-1.555890441,-0.9098174981,1.131260671,-1.795912947,-1.5809105,0.01490906451,0,0,,transition,30,0,1610,10,652,0
2,119,203,-1.558020378,-1.00424357,1.194052004,-1.763753954,-1.579466143,0.01277919815,0,0,,transition,30,0,1610,10,652,0
2,119,204,-1.560150315,-1.098669642,1.256843337,-1.731594962,-1.578021785,0.01064933179,0,0,,transition,30,0,1610,10,652,0
2,119,205,-1.562280252,-1.193095713,1.319634669,-1.699435969,-1.576577428,0.008519465434,0,0,,transition,30,0,1610,10,652,0
2,119,206,-1.564410189,-1.287521785,1.382426002,-1.667276977,-1.575133071,0.006389599076,0,0,,transition,30,0,1610,10,652,0
2,119,207,-1.566540126,-1.381947857,1.445217335,-1.635117985,-1.573688714,0.004259732717,0,0,,transition,30,0,1610,10,652,0
2,119,208,-1.568670063,-1.476373928,1.508008667,-1.602958992,-1.572244357,0.002129866359,0,0,,transition,30,0,1610,10,652,0
2,119,209,-1.5708,-1.5708,1.5708,-1.5708,-1.5708,0,0,0,,home,60,0,1610,10,652,0
