target_line,group_id,point_id,q1,q2,q3,q4,q5,q6,is_discontinuous,is_task_waypoint,source_point_id,waypoint_kind,speed,base_normal_error_mm,base_x_actual_mm,standoff_mm,base_height_mm,lift_mm
1,106,1,-1.5708,-1.5708,1.5708,-1.5708,-1.5708,0,0,0,,home,30,0,-1610,10,652,0
1,106,2,-1.590467348,-1.472028691,1.488051645,-1.587120274,-1.572623222,-0.01967626951,0,0,,transition,10,0,-1610,10,652,0
1,106,3,-1.610134696,-1.373257383,1.405303291,-1.603440547,-1.574446444,-0.03935253902,0,0,,transition,10,0,-1610,10,652,0
1,106,4,-1.629802044,-1.274486074,1.322554936,-1.619760821,-1.576269666,-0.05902880852,0,0,,transition,10,0,-1610,10,652,0
1,106,5,-1.649469392,-1.175714766,1.239806582,-1.636081095,-1.578092888,-0.07870507803,0,0,,transition,10,0,-1610,10,652,0
1,106,6,-1.66913674,-1.076943457,1.157058227,-1.652401368,-1.57991611,-0.09838134754,0,0,,transition,10,0,-1610,10,652,0
1,106,7,-1.688804088,-0.9781721488,1.074309872,-1.668721642,-1.581739332,-0.118057617,0,0,,transition,10,0,-1610,10,652,0
1,106,8,-1.708471437,-0.8794008403,0.9915615179,-1.685041916,-1.583562554,-0.1377338866,0,0,,transition,10,0,-1610,10,652,0
1,106,9,-1.728138785,-0.7806295318,0.9088131633,-1.701362189,-1.585385776,-0.1574101561,0,0,,transition,10,0,-1610,10,652,0
1,106,10,-1.747806133,-0.6818582232,0.8260648087,-1.717682463,-1.587208998,-0.1770864256,0,0,,transition,10,0,-1610,10,652,0
1,106,11,-1.767473481,-0.5830869147,0.7433164541,-1.734002737,-1.58903222,-0.1967626951,0,0,,transition,10,0,-1610,10,652,0
1,106,12,-1.787140829,-0.4843156062,0.6605680995,-1.75032301,-1.590855442,-0.2164389646,0,0,,transition,10,0,-1610,10,652,0
1,106,13,-1.806808177,-0.3855442977,0.5778197449,-1.766643284,-1.592678664,-0.2361152341,0,0,,transition,10,0,-1610,10,652,0
1,106,14,-1.826475525,-0.2867729891,0.4950713903,-1.782963558,-1.594501886,-0.2557915036,0,0,,transition,10,0,-1610,10,652,0
1,106,15,-1.846142873,-0.1880016806,0.4123230357,-1.799283832,-1.596325108,-0.2754677731,0,0,,transition,10,0,-1610,10,652,0
1,106,16,-1.865810221,-0.08923037207,0.3295746812,-1.815604105,-1.59814833,-0.2951440426,0,0,,transition,10,0,-1610,10,652,0
1,106,17,-1.885477569,0.009540936457,0.2468263266,-1.831924379,-1.599971552,-0.3148203121,0,1,1,task,30,0,-1610,10,652,0
1,106,18,-1.887853824,-0.02694528824,0.3286820761,-1.876618619,-1.599615974,-0.3171931871,0,0,,transition,30,0,-1610,10,652,0
1,106,19,-1.890230078,-0.06343151294,0.4105378256,-1.92131286,-1.599260396,-0.3195660621,0,0,,transition,30,0,-1610,10,652,0
1,106,20,-1.892606333,-0.09991773764,0.4923935751,-1.9660071,-1.598904817,-0.3219389371,0,1,2,task,30,0,-1610,10,652,0
1,106,21,-1.896322899,-0.1349235455,0.5722386753,-2.009830216,-1.598386494,-0.3256499646,0,0,,transition,30,0,-1610,10,652,0
1,106,22,-1.900039466,-0.1699293533,0.6520837755,-2.053653332,-1.597868171,-0.3293609921,0,1,3,task,30,0,-1610,10,652,0
1,106,23,-1.903648437,-0.1977108856,0.7163364063,-2.089236796,-1.598387851,-0.3329727877,0,0,,transition,30,0,-1610,10,652,0
1,106,24,-1.907257408,-0.2254924179,0.7805890371,-2.124820259,-1.59890753,-0.3365845833,0,1,4,task,30,0,-1610,10,652,0
1,106,25,-1.910817028,-0.2491474609,0.8360567645,-2.155862824,-1.600219711,-0.3401541909,0,0,,transition,30,0,-1610,10,652,0
1,106,26,-1.914376648,-0.2728025039,0.891524492,-2.186905389,-1.601531893,-0.3437237984,0,1,5,task,30,0,-1610,10,652,0
1,106,27,-1.921820331,-0.3145072774,0.9907882949,-2.242972096,-1.604180684,-0.3511889016,0,1,6,task,30,0,-1610,10,652,0
1,106,28,-1.929610785,-0.3520662641,1.081607005,-2.294791061,-1.606855029,-0.3590024192,0,1,7,task,30,0,-1610,10,652,0
1,106,29,-1.937932429,-0.3866371259,1.165701412,-2.34244706,-1.60899686,-0.3673388011,0,1,8,task,30,0,-1610,10,652,0
1,106,30,-1.946871608,-0.4189490183,1.244353202,-2.386328391,-1.610444194,-0.3762782914,0,1,9,task,30,0,-1610,10,652,0
1,106,31,-1.95625013,-0.4490715848,1.318844115,-2.428281451,-1.611943509,-0.3856549348,0,1,10,task,30,0,-1610,10,652,0
1,106,32,-1.966100388,-0.4772924405,1.389848878,-2.468697408,-1.613498072,-0.3955010929,0,1,11,task,30,0,-1610,10,652,0
1,106,33,-1.938223095,-0.4771284475,1.390452412,-2.465943628,-1.614199915,-0.3675893459,0,1,12,task,10,0,-1610,10,652,0
1,106,34,-1.929335858,-0.4486030807,1.320652637,-2.429137448,-1.611747649,-0.3587190235,0,1,13,task,30,0,-1610,10,652,0
1,106,35,-1.920865789,-0.4182832845,1.247506764,-2.390836563,-1.60938121,-0.3502579634,0,1,14,task,30,0,-1610,10,652,0
1,106,36,-1.913125206,-0.3862156924,1.16979531,-2.34880031,-1.60591277,-0.3425007757,0,1,15,task,30,0,-1610,10,652,0
1,106,37,-1.906046341,-0.3519053332,1.086608473,-2.3027035,-1.601401203,-0.3353889002,0,1,16,task,30,0,-1610,10,652,0
1,106,38,-1.899132372,-0.3144691607,0.9969380724,-2.253099,-1.59748528,-0.3284481118,0,1,17,task,30,0,-1610,10,652,0
1,106,39,-1.895234503,-0.2936731484,0.9468452207,-2.224256166,-1.597742988,-0.3245524084,0,0,,transition,30,0,-1610,10,652,0
1,106,40,-1.891336634,-0.2728771362,0.896752369,-2.195413332,-1.598000696,-0.3206567051,0,1,18,task,30,0,-1610,10,652,0
1,106,41,-1.887611824,-0.2492311036,0.8407467556,-2.163508514,-1.59826598,-0.3169339338,0,0,,transition,30,0,-1610,10,652,0
1,106,42,-1.883887015,-0.225585071,0.7847411423,-2.131603697,-1.598531264,-0.3132111625,0,1,19,task,30,0,-1610,10,652,0
1,106,43,-1.880324159,-0.1977131285,0.7197963033,-2.094986195,-1.598803636,-0.3096502266,0,0,,transition,30,0,-1610,10,652,0
1,106,44,-1.876761303,-0.1698411859,0.6548514643,-2.058368694,-1.599076008,-0.3060892907,0,1,20,task,30,0,-1610,10,652,0
1,106,45,-1.873350212,-0.1345637691,0.5739937961,-2.013244361,-1.599355021,-0.302680009,0,0,,transition,30,0,-1610,10,652,0
1,106,46,-1.869939122,-0.09928635227,0.4931361279,-1.968120028,-1.599634034,-0.2992707273,0,1,21,task,30,0,-1610,10,652,0
1,106,47,-1.85703521,-0.07266472529,0.4336492054,-1.935299802,-1.59989223,-0.2863637446,0,0,,transition,10,0,-1610,10,652,0
1,106,48,-1.844131298,-0.04604309832,0.374162283,-1.902479575,-1.600150427,-0.2734567619,0,1,22,task,10,0,-1610,10,652,0
1,106,49,-1.847203741,-0.08939359684,0.4726897439,-1.95738204,-1.599951603,-0.2765285263,0,0,,transition,30,0,-1610,10,652,0
1,106,50,-1.850276184,-0.1327440954,0.5712172049,-2.012284504,-1.59975278,-0.2796002908,0,1,23,task,30,0,-1610,10,652,0
1,106,51,-1.853485117,-0.164228146,0.6440666498,-2.053376944,-1.599557549,-0.282808513,0,0,,transition,30,0,-1610,10,652,0
1,106,52,-1.856694051,-0.1957121966,0.7169160947,-2.094469383,-1.599362318,-0.2860167353,0,1,24,task,30,0,-1610,10,652,0
1,106,53,-1.860048667,-0.2215399726,0.7777004801,-2.129154722,-1.599170908,-0.2893706067,0,0,,transition,30,0,-1610,10,652,0
1,106,54,-1.863403284,-0.2473677486,0.8384848654,-2.163840061,-1.598979499,-0.2927244782,0,1,25,task,30,0,-1610,10,652,0
1,106,55,-1.866913611,-0.2696721397,0.8918877584,-2.194669133,-1.59879216,-0.2962340241,0,0,,transition,30,0,-1610,10,652,0
1,106,56,-1.870423937,-0.2919765308,0.9452906514,-2.225498205,-1.598604821,-0.29974357,0,1,26,task,30,0,-1610,10,652,0
1,106,57,-1.877777923,-0.3316059831,1.04189353,-2.281936804,-1.598238822,-0.3070959192,0,1,27,task,30,0,-1610,10,652,0
1,106,58,-1.885489229,-0.3674373814,1.130920317,-2.334601788,-1.597882089,-0.3148055098,0,1,28,task,30,0,-1610,10,652,0
1,106,59,-1.893584165,-0.4002146399,1.214047341,-2.384426014,-1.597535258,-0.3228986488,0,1,29,task,30,0,-1610,10,652,0
1,106,60,-1.898775678,-0.4312270247,1.286108381,-2.417944262,-1.608167588,-0.3281571301,0,1,30,task,30,0,-1610,10,652,0
1,106,61,-1.905577311,-0.4615734079,1.350286974,-2.437491562,-1.614389161,-0.334900979,0,1,31,task,30,0,-1610,10,652,0
1,106,62,-1.914778723,-0.4895761178,1.421281617,-2.478422513,-1.614280123,-0.3440754004,0,1,32,task,30,0,-1610,10,652,0
1,106,63,-1.90577266,-0.4543003158,1.335089608,-2.428229522,-1.605628542,-0.3350588062,0,0,,transition,10,0,-1610,10,652,0
1,106,64,-1.896766597,-0.4190245137,1.2488976,-2.378036532,-1.596976962,-0.326042212,0,0,,transition,10,0,-1610,10,652,0
1,106,65,-1.887760534,-0.3837487117,1.162705591,-2.327843541,-1.588325381,-0.3170256179,0,0,,transition,10,0,-1610,10,652,0
1,106,66,-1.878754471,-0.3484729096,1.076513583,-2.277650551,-1.5796738,-0.3080090237,0,0,,transition,10,0,-1610,10,652,0
1,106,67,-1.869748407,-0.3131971076,0.9903215743,-2.22745756,-1.571022219,-0.2989924295,0,0,,transition,10,0,-1610,10,652,0
1,106,68,-1.860742344,-0.2779213055,0.9041295658,-2.177264569,-1.562370638,-0.2899758354,0,0,,transition,10,0,-1610,10,652,0
1,106,69,-1.851736281,-0.2426455035,0.8179375572,-2.127071579,-1.553719058,-0.2809592412,0,1,33,task,10,0,-1610,10,652,0
1,106,70,-1.848608786,-0.2159890707,0.7557078325,-2.092166603,-1.553521489,-0.2778348118,0,0,,transition,30,0,-1610,10,652,0
1,106,71,-1.845481291,-0.189332638,0.6934781077,-2.057261627,-1.553323919,-0.2747103823,0,1,34,task,30,0,-1610,10,652,0
1,106,72,-1.842488476,-0.1564658224,0.6179518571,-2.015270188,-1.553136596,-0.2717202461,0,0,,transition,30,0,-1610,10,652,0
1,106,73,-1.839495662,-0.1235990069,0.5424256066,-1.97327875,-1.552949273,-0.2687301099,0,1,35,task,30,0,-1610,10,652,0
1,106,74,-1.826363805,-0.09175879439,0.4705809575,-1.935200458,-1.552415156,-0.2556032436,0,0,,transition,10,0,-1610,10,652,0
1,106,75,-1.813231948,-0.05991858192,0.3987363084,-1.897122167,-1.551881038,-0.2424763774,0,1,36,task,10,0,-1610,10,652,0
1,106,76,-1.815881551,-0.1013823456,0.4926753791,-1.948638648,-1.552092644,-0.245123414,0,0,,transition,30,0,-1610,10,652,0
1,106,77,-1.818531154,-0.1428461092,0.5866144498,-2.00015513,-1.55230425,-0.2477704506,0,1,37,task,30,0,-1610,10,652,0
1,106,78,-1.821307181,-0.1737171057,0.6577802625,-2.039668712,-1.55249221,-0.2505440033,0,0,,transition,30,0,-1610,10,652,0
1,106,79,-1.824083207,-0.2045881023,0.7289460751,-2.079182294,-1.55268017,-0.2533175561,0,1,38,task,30,0,-1610,10,652,0
1,106,80,-1.826985153,-0.230135492,0.7887578856,-2.112665147,-1.552878742,-0.2562165847,0,0,,transition,30,0,-1610,10,652,0
1,106,81,-1.829887099,-0.2556828818,0.8485696961,-2.146147999,-1.553077315,-0.2591156134,0,1,39,task,30,0,-1610,10,652,0
1,106,82,-1.807029979,-0.2612542161,0.8620391097,-2.156292466,-1.552341637,-0.2362649004,0,1,40,task,10,0,-1610,10,652,0
1,106,83,-1.804378693,-0.2361543985,0.8032796869,-2.123578252,-1.552140515,-0.2336162334,0,0,,transition,30,0,-1610,10,652,0
1,106,84,-1.801727408,-0.211054581,0.7445202642,-2.090864038,-1.551939394,-0.2309675665,0,1,41,task,30,0,-1610,10,652,0
1,106,85,-1.799220922,-0.181221766,0.6762143927,-2.054002572,-1.551635514,-0.2284646463,0,0,,transition,30,0,-1610,10,652,0
1,106,86,-1.796714435,-0.151388951,0.6079085213,-2.017141105,-1.551331634,-0.2259617262,0,1,42,task,30,0,-1610,10,652,0
1,106,87,-1.794328754,-0.112602029,0.5205431963,-1.970553594,-1.550981637,-0.2235787488,0,0,,transition,30,0,-1610,10,652,0
1,106,88,-1.791943072,-0.07381510694,0.4331778712,-1.923966083,-1.55063164,-0.2211957713,0,1,43,task,30,0,-1610,10,652,0
1,106,89,-1.783272938,-0.1151295959,0.5272670977,-1.976952598,-1.550573967,-0.2125240573,0,0,,transition,10,0,-1610,10,652,0
1,106,90,-1.774602805,-0.1564440848,0.6213563243,-2.029939112,-1.550516295,-0.2038523434,0,1,44,task,10,0,-1610,10,652,0
1,106,91,-1.776879839,-0.1858183392,0.6887880704,-2.06649693,-1.55075403,-0.2061279254,0,0,,transition,30,0,-1610,10,652,0
1,106,92,-1.779156874,-0.2151925937,0.7562198165,-2.103054747,-1.550991766,-0.2084035074,0,1,45,task,30,0,-1610,10,652,0
1,106,93,-1.781536597,-0.2399184535,0.8137514062,-2.134360998,-1.551244235,-0.2107807388,0,0,,transition,30,0,-1610,10,652,0
1,106,94,-1.78391632,-0.2646443134,0.8712829959,-2.165667248,-1.551496705,-0.2131579701,0,1,46,task,30,0,-1610,10,652,0
1,106,95,-1.761468673,-0.2751446822,0.897721672,-2.185167586,-1.550810863,-0.190712754,0,1,47,task,10,0,-1610,10,652,0
1,106,96,-1.759311657,-0.2511818686,0.8415351564,-2.154149805,-1.550639775,-0.1885566427,0,0,,transition,30,0,-1610,10,652,0
1,106,97,-1.757154642,-0.2272190549,0.7853486407,-2.123132025,-1.550468687,-0.1864005314,0,1,48,task,30,0,-1610,10,652,0
1,106,98,-1.755092208,-0.1990419501,0.7202297728,-2.087395628,-1.550308195,-0.1843384261,0,0,,transition,30,0,-1610,10,652,0
1,106,99,-1.753029774,-0.1708648453,0.6551109049,-2.051659231,-1.550147703,-0.1822763207,0,1,49,task,30,0,-1610,10,652,0
1,106,100,-1.751055836,-0.1352834598,0.5740638497,-2.007398345,-1.549997126,-0.1803021727,0,0,,transition,30,0,-1610,10,652,0
1,106,101,-1.749081897,-0.09970207424,0.4930167945,-1.963137458,-1.549846549,-0.1783280248,0,1,50,task,30,0,-1610,10,652,0
1,106,102,-1.739524773,-0.1309105677,0.5640897792,-2.003010601,-1.549859113,-0.1687688171,0,0,,transition,10,0,-1610,10,652,0
1,106,103,-1.729967649,-0.1621190612,0.635162764,-2.042883744,-1.549871676,-0.1592096094,0,1,51,task,10,0,-1610,10,652,0
1,106,104,-1.731773762,-0.1911308932,0.70222747,-2.079929137,-1.549978185,-0.1610159866,0,0,,transition,30,0,-1610,10,652,0
1,106,105,-1.733579876,-0.2201427252,0.7692921759,-2.116974529,-1.550084693,-0.1628223638,0,1,52,task,30,0,-1610,10,652,0
1,106,106,-1.735469219,-0.2446177802,0.8267267386,-2.148925636,-1.550198797,-0.1647116414,0,0,,transition,30,0,-1610,10,652,0
1,106,107,-1.737358562,-0.2690928352,0.8841613013,-2.180876743,-1.5503129,-0.166600919,0,1,53,task,30,0,-1610,10,652,0
1,106,108,-1.714958088,-0.2839450104,0.9195992232,-2.203054396,-1.550105241,-0.1441964299,0,1,54,task,10,0,-1610,10,652,0
1,106,109,-1.713303277,-0.2605518025,0.864314015,-2.172028316,-1.550028264,-0.1425414292,0,0,,transition,30,0,-1610,10,652,0
1,106,110,-1.711648467,-0.2371585945,0.8090288068,-2.141002237,-1.549951286,-0.1408864285,0,1,55,task,30,0,-1610,10,652,0
1,106,111,-1.710067499,-0.209837986,0.7454588826,-2.105617779,-1.549879952,-0.139305071,0,0,,transition,30,0,-1610,10,652,0
1,106,112,-1.70848653,-0.1825173775,0.6818889584,-2.07023332,-1.549808618,-0.1377237134,0,1,56,task,30,0,-1610,10,652,0
1,106,113,-1.706974559,-0.1485561417,0.6040810422,-2.027250478,-1.549742555,-0.1362111687,0,0,,transition,30,0,-1610,10,652,0
1,106,114,-1.705462588,-0.114594906,0.5262731261,-1.984267636,-1.549676492,-0.134698624,0,1,57,task,30,0,-1610,10,652,0
1,106,115,-1.702162874,-0.1382748017,0.578242101,-2.007921383,-1.522673009,-0.1315664035,0,0,,transition,10,0,-1610,10,652,0
1,106,116,-1.69886316,-0.1619546973,0.630211076,-2.031575129,-1.495669525,-0.128434183,0,1,58,task,10,0,-1610,10,652,0
1,106,117,-1.700315673,-0.1912648038,0.6981702544,-2.069490974,-1.495770808,-0.1298899973,0,0,,transition,30,0,-1610,10,652,0
1,106,118,-1.701768185,-0.2205749103,0.7661294327,-2.107406819,-1.495872091,-0.1313458116,0,1,59,task,30,0,-1610,10,652,0
1,106,119,-1.703288348,-0.2452135091,0.8241779908,-2.140079072,-1.495978078,-0.1328692814,0,0,,transition,30,0,-1610,10,652,0
1,106,120,-1.704808511,-0.2698521079,0.8822265489,-2.172751326,-1.496084065,-0.1343927513,0,1,60,task,30,0,-1610,10,652,0
1,106,121,-1.706401177,-0.2914219213,0.9338884435,-2.202100924,-1.496195111,-0.1359887264,0,0,,transition,30,0,-1610,10,652,0
1,106,122,-1.707993844,-0.3129917347,0.9855503381,-2.231450522,-1.496306157,-0.1375847015,0,1,61,task,30,0,-1610,10,652,0
1,106,123,-1.682400043,-0.2909746508,0.9272689183,-2.196540028,-1.49609594,-0.1119202885,0,1,62,task,10,0,-1610,10,652,0
1,106,124,-1.681124591,-0.2677596266,0.8723363003,-2.165646856,-1.495993248,-0.1106421849,0,0,,transition,30,0,-1610,10,652,0
1,106,125,-1.679849139,-0.2445446023,0.8174036822,-2.134753684,-1.495890556,-0.1093640814,0,1,63,task,30,0,-1610,10,652,0
1,106,126,-1.678630908,-0.2175043453,0.754411953,-2.099622838,-1.495792322,-0.1081431697,0,0,,transition,30,0,-1610,10,652,0
1,106,127,-1.677412677,-0.1904640883,0.6914202239,-2.064491992,-1.495694088,-0.106922258,0,1,64,task,30,0,-1610,10,652,0
1,106,128,-1.676247889,-0.1570384818,0.6147512196,-2.02206566,-1.495600011,-0.1057547648,0,0,,transition,30,0,-1610,10,652,0
1,106,129,-1.675083101,-0.1236128752,0.5380822153,-1.979639329,-1.495505933,-0.1045872716,0,1,65,task,30,0,-1610,10,652,0
1,106,130,-1.653764608,-0.1595216063,0.6154546313,-2.020918114,-1.495575234,-0.08320750212,0,1,66,task,10,0,-1610,10,652,0
1,106,131,-1.654697495,-0.1894131039,0.684363653,-2.058989998,-1.495666493,-0.08414243873,0,0,,transition,30,0,-1610,10,652,0
1,106,132,-1.655630382,-0.2193046015,0.7532726746,-2.097061882,-1.495757752,-0.08507737535,0,1,67,task,30,0,-1610,10,652,0
1,106,133,-1.656606397,-0.2443367364,0.8118419442,-2.129650504,-1.495852937,-0.08605537708,0,0,,transition,30,0,-1610,10,652,0
1,106,134,-1.657582413,-0.2693688712,0.8704112138,-2.162239127,-1.495948122,-0.0870333788,0,1,68,task,30,0,-1610,10,652,0
1,106,135,-1.658604631,-0.2912494758,0.922393251,-2.191388982,-1.496047511,-0.08805751294,0,0,,transition,30,0,-1610,10,652,0
1,106,136,-1.659626848,-0.3131300805,0.9743752881,-2.220538838,-1.4961469,-0.08908164707,0,1,69,task,30,0,-1610,10,652,0
1,106,137,-1.634854833,-0.2945216502,0.9234900738,-2.188176282,-1.496040247,-0.06424012335,0,1,70,task,10,0,-1610,10,652,0
1,106,138,-1.63413196,-0.2712356055,0.8688338167,-2.157957007,-1.495946055,-0.06351606618,0,0,,transition,30,0,-1610,10,652,0
1,106,139,-1.633409087,-0.2479495608,0.8141775596,-2.127737732,-1.495851862,-0.062792009,0,1,71,task,30,0,-1610,10,652,0
1,106,140,-1.632717597,-0.2208669186,0.7514986755,-2.093286457,-1.495764117,-0.06209920807,0,0,,transition,30,0,-1610,10,652,0
1,106,141,-1.632026108,-0.1937842763,0.6888197914,-2.058835183,-1.495676371,-0.06140640714,0,1,72,task,30,0,-1610,10,652,0
1,106,142,-1.631364659,-0.1603624015,0.6125425662,-2.017122798,-1.495592041,-0.06074354525,0,0,,transition,30,0,-1610,10,652,0
1,106,143,-1.63070321,-0.1269405267,0.536265341,-1.975410414,-1.495507711,-0.06008068336,0,1,73,task,30,0,-1610,10,652,0
1,106,144,-1.608721866,-0.1497313247,0.5822505958,-1.99688866,-1.495594163,-0.03803626313,0,1,74,task,10,0,-1610,10,652,0
1,106,145,-1.609136939,-0.1808842024,0.6532973928,-2.035299214,-1.495672329,-0.03845200461,0,0,,transition,30,0,-1610,10,652,0
1,106,146,-1.609552012,-0.21203708,0.7243441897,-2.073709767,-1.495750495,-0.0388677461,0,1,75,task,30,0,-1610,10,652,0
1,106,147,-1.609987986,-0.237963318,0.784644652,-2.107147063,-1.495823628,-0.03930446241,0,0,,transition,30,0,-1610,10,652,0
1,106,148,-1.61042396,-0.2638895561,0.8449451144,-2.140584358,-1.495896762,-0.03974117872,0,1,76,task,30,0,-1610,10,652,0
1,106,149,-1.61088049,-0.2864001391,0.8980817721,-2.170290103,-1.49597161,-0.04019842301,0,0,,transition,30,0,-1610,10,652,0
1,106,150,-1.611337021,-0.3089107221,0.9512184298,-2.199995848,-1.496046458,-0.0406556673,0,1,77,task,30,0,-1610,10,652,0
1,106,151,-1.587242451,-0.2937851367,0.9096715473,-2.174248061,-1.495814194,-0.01649488374,0,1,78,task,10,0,-1610,10,652,0
1,106,152,-1.587061962,-0.2700414264,0.853904388,-2.142964572,-1.495772596,-0.01631406792,0,0,,transition,30,0,-1610,10,652,0
1,106,153,-1.586881473,-0.2462977162,0.7981372287,-2.111681084,-1.495730998,-0.0161332521,0,1,79,task,30,0,-1610,10,652,0
1,106,154,-1.586709026,-0.2184854478,0.7337603757,-2.075855891,-1.495690084,-0.01596047577,0,0,,transition,30,0,-1610,10,652,0
1,106,155,-1.58653658,-0.1906731794,0.6693835228,-2.040030698,-1.49564917,-0.01578769945,0,1,80,task,30,0,-1610,10,652,0
1,106,156,-1.586371648,-0.1558527562,0.5899493691,-1.996155827,-1.495608901,-0.01562243522,0,0,,transition,30,0,-1610,10,652,0
1,106,157,-1.586206715,-0.1210323329,0.5105152155,-1.952280957,-1.495568631,-0.015457171,0,1,81,task,30,0,-1610,10,652,0
1,106,158,-1.563977566,-0.1314203024,0.5289147411,-1.959867272,-1.495474652,0.006834436633,0,1,82,task,10,0,-1610,10,652,0
1,106,159,-1.563895067,-0.1652673242,0.6062635367,-2.002759862,-1.495493035,0.006917114089,0,0,,transition,30,0,-1610,10,652,0
1,106,160,-1.563812567,-0.199114346,0.6836123324,-2.045652451,-1.495511417,0.006999791544,0,1,83,task,30,0,-1610,10,652,0
1,106,161,-1.56372627,-0.2264044427,0.7468932654,-2.081034386,-1.495529612,0.007086269486,0,0,,transition,30,0,-1610,10,652,0
1,106,162,-1.563639973,-0.2536945394,0.8101741984,-2.116416321,-1.495547808,0.007172747427,0,1,84,task,30,0,-1610,10,652,0
1,106,163,-1.563549611,-0.2770938125,0.8652360712,-2.147470322,-1.495565799,0.007263293202,0,0,,transition,30,0,-1610,10,652,0
1,106,164,-1.563459249,-0.3004930855,0.920297944,-2.178524322,-1.49558379,0.007353838977,0,1,85,task,30,0,-1610,10,652,0
1,106,165,-1.564023923,-0.398209002,0.9703365637,-2.131776298,-1.501369653,0.006788159055,0,0,,transition,10,0,-1610,10,652,0
1,106,166,-1.564588596,-0.4959249185,1.020375183,-2.085028273,-1.507155515,0.006222479134,0,0,,transition,10,0,-1610,10,652,0
1,106,167,-1.565153269,-0.593640835,1.070413803,-2.038280248,-1.512941377,0.005656799213,0,0,,transition,10,0,-1610,10,652,0
1,106,168,-1.565717942,-0.6913567515,1.120452423,-1.991532223,-1.518727239,0.005091119291,0,0,,transition,10,0,-1610,10,652,0
1,106,169,-1.566282615,-0.789072668,1.170491042,-1.944784198,-1.524513102,0.00452543937,0,0,,transition,10,0,-1610,10,652,0
1,106,170,-1.566847288,-0.8867885845,1.220529662,-1.898036174,-1.530298964,0.003959759449,0,0,,transition,10,0,-1610,10,652,0
1,106,171,-1.567411961,-0.984504501,1.270568282,-1.851288149,-1.536084826,0.003394079528,0,0,,transition,10,0,-1610,10,652,0
1,106,172,-1.567976634,-1.082220418,1.320606902,-1.804540124,-1.541870689,0.002828399606,0,0,,transition,10,0,-1610,10,652,0
1,106,173,-1.568541308,-1.179936334,1.370645521,-1.757792099,-1.547656551,0.002262719685,0,0,,transition,10,0,-1610,10,652,0
1,106,174,-1.569105981,-1.277652251,1.420684141,-1.711044074,-1.553442413,0.001697039764,0,0,,transition,10,0,-1610,10,652,0
1,106,175,-1.569670654,-1.375368167,1.470722761,-1.66429605,-1.559228275,0.001131359843,0,0,,transition,10,0,-1610,10,652,0
1,106,176,-1.570235327,-1.473084084,1.52076138,-1.617548025,-1.565014138,0.0005656799213,0,0,,transition,10,0,-1610,10,652,0
1,106,177,-1.5708,-1.5708,1.5708,-1.5708,-1.5708,0,0,0,,home,30,0,-1610,10,652,0
1,107,1,-1.5708,-1.5708,1.5708,-1.5708,-1.5708,0,0,0,,home,30,0,-1610,10,652,0
1,107,2,-1.624867034,-1.47542145,1.527830781,-1.622959872,-1.57444141,-0.05410501603,0,0,,transition,10,0,-1610,10,652,0
1,107,3,-1.678934067,-1.3800429,1.484861561,-1.675119745,-1.578082819,-0.1082100321,0,0,,transition,10,0,-1610,10,652,0
1,107,4,-1.733001101,-1.284664351,1.441892342,-1.727279617,-1.581724229,-0.1623150481,0,0,,transition,10,0,-1610,10,652,0
1,107,5,-1.787068134,-1.189285801,1.398923123,-1.779439489,-1.585365638,-0.2164200641,0,0,,transition,10,0,-1610,10,652,0
1,107,6,-1.841135168,-1.093907251,1.355953903,-1.831599362,-1.589007048,-0.2705250801,0,0,,transition,10,0,-1610,10,652,0
1,107,7,-1.895202201,-0.9985287014,1.312984684,-1.883759234,-1.592648457,-0.3246300962,0,0,,transition,10,0,-1610,10,652,0
1,107,8,-1.949269235,-0.9031501517,1.270015465,-1.935919106,-1.596289867,-0.3787351122,0,0,,transition,10,0,-1610,10,652,0
1,107,9,-2.003336268,-0.8077716019,1.227046245,-1.988078979,-1.599931276,-0.4328401282,0,0,,transition,10,0,-1610,10,652,0
1,107,10,-2.057403302,-0.7123930522,1.184077026,-2.040238851,-1.603572686,-0.4869451442,0,0,,transition,10,0,-1610,10,652,0
1,107,11,-2.111470335,-0.6170145024,1.141107807,-2.092398723,-1.607214095,-0.5410501603,0,0,,transition,10,0,-1610,10,652,0
1,107,12,-2.165537369,-0.5216359526,1.098138587,-2.144558596,-1.610855505,-0.5951551763,0,0,,transition,10,0,-1610,10,652,0
1,107,13,-2.219604402,-0.4262574029,1.055169368,-2.196718468,-1.614496915,-0.6492601923,0,0,,transition,10,0,-1610,10,652,0
1,107,14,-2.273671436,-0.3308788531,1.012200149,-2.24887834,-1.618138324,-0.7033652083,0,1,1,task,30,0,-1610,10,652,0
1,107,15,-2.288699518,-0.3629257382,1.08120306,-2.27640338,-1.621631401,-0.7182288992,0,1,2,task,30,0,-1610,10,652,0
1,107,16,-2.304579681,-0.3938691918,1.153404852,-2.316646791,-1.624340895,-0.7341251296,0,1,3,task,30,0,-1610,10,652,0
1,107,17,-2.317788728,-0.4171439586,1.208640383,-2.348530388,-1.626444712,-0.7473676163,0,1,4,task,30,0,-1610,10,652,0
1,107,18,-2.329678859,-0.4481283379,1.279669166,-2.380520476,-1.62692565,-0.7589270325,0,0,,transition,10,0,-1610,10,652,0
1,107,19,-2.341568991,-0.4791127172,1.350697949,-2.412510564,-1.627406589,-0.7704864486,0,0,,transition,10,0,-1610,10,652,0
1,107,20,-2.353459122,-0.5100970965,1.421726732,-2.444500652,-1.627887527,-0.7820458647,0,1,5,task,10,0,-1610,10,652,0
1,107,21,-2.334143139,-0.4860175875,1.367577816,-2.420972018,-1.6280777,-0.7630652906,0,1,6,task,30,0,-1610,10,652,0
1,107,22,-2.315526238,-0.4607042658,1.310818541,-2.396082773,-1.628558269,-0.7447529874,0,1,7,task,30,0,-1610,10,652,0
1,107,23,-2.298475491,-0.4339533444,1.250196645,-2.367269839,-1.626298022,-0.727865703,0,1,8,task,30,0,-1610,10,652,0
1,107,24,-2.282495479,-0.4055762611,1.185790722,-2.335658865,-1.622695099,-0.7119710869,0,1,9,task,30,0,-1610,10,652,0
1,107,25,-2.266637391,-0.3756313554,1.116757233,-2.300338423,-1.620831118,-0.6961897638,0,1,10,task,30,0,-1610,10,652,0
1,107,26,-2.2511873,-0.3435364164,1.042715705,-2.261921917,-1.619723917,-0.6808085376,0,1,11,task,30,0,-1610,10,652,0
1,107,27,-2.235824097,-0.3705428025,1.108736539,-2.297436866,-1.620139479,-0.6653734437,0,1,12,task,10,0,-1610,10,652,0
1,107,28,-2.25140096,-0.4011412104,1.181509104,-2.337953634,-1.62083433,-0.6809164739,0,1,13,task,30,0,-1610,10,652,0
1,107,29,-2.26746616,-0.4296845369,1.249402341,-2.37499017,-1.622095482,-0.6969342169,0,1,14,task,30,0,-1610,10,652,0
1,107,30,-2.282760244,-0.4571582298,1.307211757,-2.395287184,-1.627913895,-0.7119900397,0,1,15,task,30,0,-1610,10,652,0
1,107,31,-2.301092011,-0.4828752477,1.359899272,-2.408393725,-1.626048324,-0.7297030122,0,1,16,task,30,0,-1610,10,652,0
1,107,32,-2.320142411,-0.507688174,1.413432224,-2.427423077,-1.624495296,-0.7482446659,0,1,17,task,30,0,-1610,10,652,0
1,107,33,-2.340022427,-0.5315559652,1.467710459,-2.452148957,-1.623058603,-0.7677776576,0,1,18,task,30,0,-1610,10,652,0
1,107,34,-2.31596018,-0.5419867308,1.495756695,-2.466881435,-1.621097365,-0.7436362397,0,1,19,task,10,0,-1610,10,652,0
1,107,35,-2.296686703,-0.5180905514,1.438937897,-2.436500552,-1.621393568,-0.7245467303,0,1,20,task,30,0,-1610,10,652,0
1,107,36,-2.278206973,-0.4929317432,1.379599307,-2.404868644,-1.621847718,-0.7062420568,0,1,21,task,30,0,-1610,10,652,0
1,107,37,-2.260481872,-0.4663768194,1.317447902,-2.371821985,-1.622450658,-0.6886838346,0,1,22,task,30,0,-1610,10,652,0
1,107,38,-2.252378546,-0.436614064,1.271985544,-2.379443344,-1.594353979,-0.6812972076,0,1,23,task,30,0,-1610,10,652,0
1,107,39,-2.237997751,-0.4078603793,1.201817484,-2.337109709,-1.58779706,-0.6669097848,0,1,24,task,30,0,-1610,10,652,0
1,107,40,-2.224215151,-0.3769582925,1.127454988,-2.292918645,-1.58123677,-0.6531451001,0,1,25,task,30,0,-1610,10,652,0
1,107,41,-2.210997482,-0.3435225219,1.048031428,-2.246377164,-1.574677138,-0.6399679565,0,1,26,task,30,0,-1610,10,652,0
1,107,42,-2.198313598,-0.3070017303,0.9623193762,-2.196798344,-1.568121581,-0.6273454325,0,1,27,task,30,0,-1610,10,652,0
1,107,43,-2.185407003,-0.267325717,0.8691130143,-2.143690714,-1.564242215,-0.6144907608,0,1,28,task,30,0,-1610,10,652,0
1,107,44,-2.178829866,-0.2452809821,0.817360663,-2.114565159,-1.563724236,-0.6079261342,0,0,,transition,30,0,-1610,10,652,0
1,107,45,-2.172252728,-0.2232362473,0.7656083117,-2.085439604,-1.563206257,-0.6013615076,0,1,29,task,30,0,-1610,10,652,0
1,107,46,-2.165927746,-0.1974052809,0.7057914481,-2.052044645,-1.562709773,-0.5950480678,0,0,,transition,30,0,-1610,10,652,0
1,107,47,-2.159602764,-0.1715743145,0.6459745845,-2.018649686,-1.56221329,-0.588734628,0,1,30,task,30,0,-1610,10,652,0
1,107,48,-2.153517088,-0.13934957,0.5723801146,-1.97787888,-1.561737267,-0.5826595674,0,0,,transition,30,0,-1610,10,652,0
1,107,49,-2.147431412,-0.1071248256,0.4987856447,-1.937108074,-1.561261244,-0.5765845069,0,1,31,task,30,0,-1610,10,652,0
1,107,50,-2.143525763,-0.07530280973,0.4272229342,-1.897771443,-1.560956879,-0.572685345,0,0,,transition,30,0,-1610,10,652,0
1,107,51,-2.139620114,-0.04348079391,0.3556602238,-1.858434811,-1.560652514,-0.568786183,0,0,,transition,30,0,-1610,10,652,0
1,107,52,-2.135714465,-0.01165877808,0.2840975133,-1.81909818,-1.560348149,-0.5648870211,0,1,32,task,30,0,-1610,10,652,0
1,107,53,-2.127077445,-0.04325242244,0.3549873404,-1.858881777,-1.559927412,-0.5562573704,0,0,,transition,10,0,-1610,10,652,0
1,107,54,-2.118440425,-0.0748460668,0.4258771675,-1.898665375,-1.559506676,-0.5476277197,0,1,33,task,10,0,-1610,10,652,0
1,107,55,-2.124193792,-0.1116133004,0.5092916643,-1.944596949,-1.560001074,-0.5533706733,0,0,,transition,30,0,-1610,10,652,0
1,107,56,-2.129947159,-0.148380534,0.5927061611,-1.990528524,-1.560495473,-0.5591136268,0,1,34,task,30,0,-1610,10,652,0
1,107,57,-2.135928107,-0.176545552,0.6575086939,-2.026458183,-1.56101147,-0.5650830773,0,0,,transition,30,0,-1610,10,652,0
1,107,58,-2.141909055,-0.20471057,0.7223112267,-2.062387843,-1.561527467,-0.5710525279,0,1,35,task,30,0,-1610,10,652,0
1,107,59,-2.148130079,-0.2282790482,0.7772778913,-2.093086897,-1.562066191,-0.5772609173,0,0,,transition,30,0,-1610,10,652,0
1,107,60,-2.154351103,-0.2518475264,0.8322445559,-2.123785951,-1.562604914,-0.5834693068,0,1,36,task,30,0,-1610,10,652,0
1,107,61,-2.167299913,-0.2929763055,0.9294886552,-2.17852243,-1.563730192,-0.596390466,0,1,37,task,30,0,-1610,10,652,0
1,107,62,-2.180621543,-0.3301446519,1.01665039,-2.226012598,-1.565457665,-0.6096605195,0,1,38,task,30,0,-1610,10,652,0
1,107,63,-2.194377804,-0.3643406826,1.096424259,-2.268370036,-1.567645484,-0.6233422742,0,1,39,task,30,0,-1610,10,652,0
1,107,64,-2.208700656,-0.3959461543,1.170882123,-2.30805643,-1.569941925,-0.6375800227,0,1,40,task,30,0,-1610,10,652,0
1,107,65,-2.223621381,-0.4253818895,1.240956342,-2.345589182,-1.572352395,-0.6524046155,0,1,41,task,30,0,-1610,10,652,0
1,107,66,-2.238737315,-0.4531341385,1.305165521,-2.376444243,-1.576251267,-0.6673317385,0,1,42,task,30,0,-1610,10,652,0
1,107,67,-2.250501292,-0.4812997607,1.360418935,-2.391754635,-1.592663997,-0.6784966142,0,1,43,task,30,0,-1610,10,652,0
1,107,68,-2.26429944,-0.5084712216,1.419936772,-2.420464712,-1.604460868,-0.6919975989,0,1,44,task,30,0,-1610,10,652,0
1,107,69,-2.280976329,-0.5337552812,1.480243476,-2.455493172,-1.609606869,-0.7085940829,0,1,45,task,30,0,-1610,10,652,0
1,107,70,-2.298418752,-0.5577959773,1.538216478,-2.489618449,-1.614807903,-0.7259671135,0,1,46,task,30,0,-1610,10,652,0
1,107,71,-2.27642138,-0.5700005474,1.573177213,-2.511640213,-1.611907289,-0.7040105209,0,1,47,task,10,0,-1610,10,652,0
1,107,72,-2.259616201,-0.5461380146,1.515700367,-2.478196919,-1.605483054,-0.6873005907,0,1,48,task,30,0,-1610,10,652,0
1,107,73,-2.244101636,-0.5210429652,1.457066652,-2.446166548,-1.5975155,-0.6719567998,0,1,49,task,30,0,-1610,10,652,0
1,107,74,-2.230843819,-0.4946199437,1.39930351,-2.420059522,-1.584743591,-0.6590639963,0,1,50,task,30,0,-1610,10,652,0
1,107,75,-2.216628537,-0.467853173,1.339078678,-2.392504703,-1.57683167,-0.6451471231,0,1,51,task,30,0,-1610,10,652,0
1,107,76,-2.201838501,-0.4403719847,1.276003018,-2.363245633,-1.572809165,-0.6305724095,0,1,52,task,30,0,-1610,10,652,0
1,107,77,-2.187304552,-0.4114691257,1.207451988,-2.327463643,-1.570050358,-0.6161572147,0,1,53,task,30,0,-1610,10,652,0
1,107,78,-2.173357459,-0.3805712187,1.134872023,-2.289691221,-1.567435395,-0.6023129626,0,1,54,task,30,0,-1610,10,652,0
1,107,79,-2.159968865,-0.3473165058,1.0574842,-2.249529064,-1.56494734,-0.5890125981,0,1,55,task,30,0,-1610,10,652,0
1,107,80,-2.146975676,-0.3114500677,0.9731816973,-2.204072934,-1.563041872,-0.5760772682,0,1,56,task,30,0,-1610,10,652,0
1,107,81,-2.134336935,-0.2720903415,0.8797328605,-2.151673229,-1.561793684,-0.5634695541,0,1,57,task,30,0,-1610,10,652,0
1,107,82,-2.128269107,-0.2498236599,0.8275827385,-2.122645319,-1.561196699,-0.5574157016,0,0,,transition,30,0,-1610,10,652,0
1,107,83,-2.122201279,-0.2275569784,0.7754326166,-2.093617409,-1.560599714,-0.5513618492,0,1,58,task,30,0,-1610,10,652,0
1,107,84,-2.11637143,-0.201533819,0.7152901011,-2.060363304,-1.560028453,-0.5455445112,0,0,,transition,30,0,-1610,10,652,0
1,107,85,-2.110541581,-0.1755106596,0.6551475856,-2.0271092,-1.559457192,-0.5397271732,0,1,59,task,30,0,-1610,10,652,0
1,107,86,-2.104937012,-0.1431744234,0.5814101174,-1.986581947,-1.558910345,-0.5341337195,0,0,,transition,30,0,-1610,10,652,0
1,107,87,-2.099332442,-0.1108381872,0.5076726493,-1.946054694,-1.558363497,-0.5285402658,0,1,60,task,30,0,-1610,10,652,0
1,107,88,-2.079668406,-0.1389574059,0.5726650451,-1.985400194,-1.556852656,-0.5089026675,0,1,61,task,10,0,-1610,10,652,0
1,107,89,-2.085100261,-0.1684307603,0.6400869532,-2.02222728,-1.55748338,-0.514322663,0,0,,transition,30,0,-1610,10,652,0
1,107,90,-2.090532116,-0.1979041147,0.7075088612,-2.059054365,-1.558114103,-0.5197426586,0,1,62,task,30,0,-1610,10,652,0
1,107,91,-2.096185057,-0.2223728132,0.7642009141,-2.090166472,-1.558773544,-0.5253817824,0,0,,transition,30,0,-1610,10,652,0
1,107,92,-2.101837998,-0.2468415117,0.8208929671,-2.121278579,-1.559432984,-0.5310209062,0,1,63,task,30,0,-1610,10,652,0
1,107,93,-2.113611544,-0.2893943231,0.9207642194,-2.176397277,-1.56081245,-0.5427626996,0,1,64,task,30,0,-1610,10,652,0
1,107,94,-2.125880046,-0.3273815479,1.011118824,-2.226590248,-1.562255841,-0.5549951199,0,1,65,task,30,0,-1610,10,652,0
1,107,95,-2.138480524,-0.3622096266,1.092990977,-2.269989062,-1.564412679,-0.5675291938,0,1,66,task,30,0,-1610,10,652,0
1,107,96,-2.15140349,-0.3947480374,1.168073233,-2.307384875,-1.5673694,-0.5803418937,0,1,67,task,30,0,-1610,10,652,0
1,107,97,-2.164867522,-0.4251368398,1.238779963,-2.342626698,-1.570480388,-0.5936735428,0,1,68,task,30,0,-1610,10,652,0
1,107,98,-2.179039116,-0.4537644878,1.30628151,-2.377013789,-1.573316813,-0.6077072107,0,1,69,task,30,0,-1610,10,652,0
1,107,99,-2.193879827,-0.4807865603,1.370751968,-2.41023639,-1.576148247,-0.6223970188,0,1,70,task,30,0,-1610,10,652,0
1,107,100,-2.208722778,-0.5067992278,1.432382615,-2.441836491,-1.581139247,-0.6370441089,0,1,71,task,30,0,-1610,10,652,0
1,107,101,-2.22304199,-0.5323303331,1.491527857,-2.471847823,-1.589814838,-0.6511140751,0,1,72,task,30,0,-1610,10,652,0
1,107,102,-2.23800925,-0.5567145865,1.548543186,-2.501128772,-1.598632656,-0.6658310235,0,1,73,task,30,0,-1610,10,652,0
1,107,103,-2.253730105,-0.5804995602,1.605026905,-2.532584344,-1.607393871,-0.6813885532,0,1,74,task,30,0,-1610,10,652,0
1,107,104,-2.234528806,-0.5937207727,1.64594145,-2.5605969,-1.600704936,-0.6623001233,0,1,75,task,10,0,-1610,10,652,0
1,107,105,-2.218458345,-0.5711160855,1.59050017,-2.530123028,-1.593336997,-0.6464279519,0,1,76,task,30,0,-1610,10,652,0
1,107,106,-2.20297223,-0.5475476448,1.533176871,-2.498953703,-1.586560292,-0.6311354545,0,1,77,task,30,0,-1610,10,652,0
1,107,107,-2.188192231,-0.5228285823,1.473804461,-2.467085197,-1.57990829,-0.6165464003,0,1,78,task,30,0,-1610,10,652,0
1,107,108,-2.17335079,-0.4974224071,1.412055206,-2.433776943,-1.575600606,-0.6018609438,0,1,79,task,30,0,-1610,10,652,0
1,107,109,-2.15855513,-0.4710786951,1.347582572,-2.398827821,-1.573346401,-0.5871838681,0,1,80,task,30,0,-1610,10,652,0
1,107,110,-2.144407165,-0.4431339792,1.280062723,-2.362487379,-1.571216892,-0.5731425368,0,1,81,task,30,0,-1610,10,652,0
1,107,111,-2.131090639,-0.4134131541,1.210296877,-2.327144455,-1.568475221,-0.5599558974,0,1,82,task,30,0,-1610,10,652,0
1,107,112,-2.118692817,-0.3818186316,1.138850588,-2.294539498,-1.564636304,-0.5477178472,0,1,83,task,30,0,-1610,10,652,0
1,107,113,-2.106581292,-0.348241644,1.061247116,-2.256122534,-1.56166886,-0.5357045822,0,1,84,task,30,0,-1610,10,652,0
1,107,114,-2.094664859,-0.3120697482,0.9752056415,-2.209289691,-1.559851703,-0.5238340919,0,1,85,task,30,0,-1610,10,652,0
1,107,115,-2.083234043,-0.2720408965,0.8811899628,-2.158372522,-1.558116387,-0.5124420331,0,1,86,task,30,0,-1610,10,652,0
1,107,116,-2.077747815,-0.2494449267,0.8287574446,-2.130085609,-1.557287484,-0.5069717685,0,0,,transition,30,0,-1610,10,652,0
1,107,117,-2.072261587,-0.226848957,0.7763249264,-2.101798697,-1.556458581,-0.5015015039,0,1,87,task,30,0,-1610,10,652,0
1,107,118,-2.06695962,-0.2003942697,0.7154743166,-2.06870267,-1.555790296,-0.4962102217,0,0,,transition,30,0,-1610,10,652,0
1,107,119,-2.061657654,-0.1739395824,0.6546237067,-2.035606642,-1.555122012,-0.4909189395,0,1,88,task,30,0,-1610,10,652,0
1,107,120,-2.039658993,-0.1851430844,0.6818900638,-2.054897979,-1.553511891,-0.4689389079,0,1,89,task,10,0,-1610,10,652,0
1,107,121,-2.04480793,-0.2109410078,0.7416697172,-2.087902222,-1.553978751,-0.4740824524,0,0,,transition,30,0,-1610,10,652,0
1,107,122,-2.049956868,-0.2367389312,0.8014493705,-2.120906465,-1.554445611,-0.4792259968,0,1,90,task,30,0,-1610,10,652,0
1,107,123,-2.055324575,-0.2589548964,0.8536392441,-2.149908597,-1.554935284,-0.4845870611,0,0,,transition,30,0,-1610,10,652,0
1,107,124,-2.060692282,-0.2811708615,0.9058291177,-2.17891073,-1.555424957,-0.4899481254,0,1,91,task,30,0,-1610,10,652,0
1,107,125,-2.071619218,-0.3204370956,0.9976857517,-2.227538067,-1.557426576,-0.5008388227,0,1,92,task,30,0,-1610,10,652,0
1,107,126,-2.082850785,-0.3560584249,1.081018454,-2.270184022,-1.560085046,-0.512008706,0,1,93,task,30,0,-1610,10,652,0
1,107,127,-2.094244457,-0.3891758743,1.156253335,-2.304521747,-1.56392127,-0.5232785149,0,1,94,task,30,0,-1610,10,652,0
1,107,128,-2.105824365,-0.4207136178,1.224977843,-2.331414898,-1.568847348,-0.5346368771,0,1,95,task,30,0,-1610,10,652,0
1,107,129,-2.118980354,-0.4503789531,1.296641564,-2.370755468,-1.570507614,-0.547714536,0,1,96,task,30,0,-1610,10,652,0
1,107,130,-2.132747102,-0.4782207881,1.364806547,-2.408458254,-1.572267138,-0.5613948838,0,1,97,task,30,0,-1610,10,652,0
1,107,131,-2.14716455,-0.5044485607,1.429958959,-2.44480482,-1.574131993,-0.5757174198,0,1,98,task,30,0,-1610,10,652,0
1,107,132,-2.162019411,-0.5294451398,1.492444546,-2.479776713,-1.576868334,-0.59045824,0,1,99,task,30,0,-1610,10,652,0
1,107,133,-2.176717837,-0.5538994097,1.552524631,-2.513040828,-1.582265482,-0.6050023529,0,1,100,task,30,0,-1610,10,652,0
1,107,134,-2.192145076,-0.5771789404,1.610575639,-2.545609284,-1.587774607,-0.6202716608,0,1,101,task,30,0,-1610,10,652,0
1,107,135,-2.208351834,-0.5993559486,1.666794784,-2.5776218,-1.593400026,-0.6363178412,0,1,102,task,30,0,-1610,10,652,0
1,107,136,-2.196037331,-0.6154363365,1.70063999,-2.575232626,-1.571046635,-0.6236890584,0,1,103,task,10,0,-1610,10,652,0
1,107,137,-2.176928667,-0.5936707912,1.648097658,-2.552851451,-1.573420506,-0.6048495066,0,1,104,task,30,0,-1610,10,652,0
1,107,138,-2.159589055,-0.5710323205,1.593608931,-2.52858838,-1.573581531,-0.5877732226,0,1,105,task,30,0,-1610,10,652,0
1,107,139,-2.143037564,-0.5473811132,1.53725351,-2.503443922,-1.574052655,-0.5714472664,0,1,106,task,30,0,-1610,10,652,0
1,107,140,-2.127639304,-0.5229873811,1.477017168,-2.472366762,-1.573507093,-0.5561912291,0,1,107,task,30,0,-1610,10,652,0
1,107,141,-2.11334164,-0.4975722772,1.412638057,-2.435568163,-1.571865514,-0.5419756728,0,1,108,task,30,0,-1610,10,652,0
1,107,142,-2.099711968,-0.4706176041,1.345481056,-2.397566655,-1.570318654,-0.5284213956,0,1,109,task,30,0,-1610,10,652,0
1,107,143,-2.08670748,-0.4419449905,1.275120849,-2.358111059,-1.568860774,-0.515485956,0,1,110,task,30,0,-1610,10,652,0
1,107,144,-2.074288674,-0.4113171241,1.201006723,-2.316884253,-1.567486521,-0.503130204,0,1,111,task,30,0,-1610,10,652,0
1,107,145,-2.064663794,-0.3791789055,1.139472911,-2.307939138,-1.558574406,-0.4938540107,0,1,112,task,30,0,-1610,10,652,0
1,107,146,-2.053860407,-0.3453971487,1.061411954,-2.270655098,-1.555183411,-0.483118589,0,1,113,task,30,0,-1610,10,652,0
1,107,147,-2.042829872,-0.3083456109,0.9719437326,-2.219937809,-1.554330083,-0.472098976,0,1,114,task,30,0,-1610,10,652,0
1,107,148,-2.032269119,-0.2671159865,0.8738919906,-2.164823695,-1.553518449,-0.4615472017,0,1,115,task,30,0,-1610,10,652,0
1,107,149,-2.027209617,-0.2436660832,0.8189299502,-2.134169278,-1.553132242,-0.4564912777,0,0,,transition,30,0,-1610,10,652,0
1,107,150,-2.022150115,-0.2202161799,0.7639679097,-2.103514861,-1.552746036,-0.4514353536,0,1,116,task,30,0,-1610,10,652,0
1,107,151,-2.020539289,-0.2606361867,0.8520735843,-2.126844749,-1.504143378,-0.4508190211,0,1,117,task,10,0,-1610,10,652,0
1,107,152,-2.025681871,-0.281893062,0.9025530042,-2.155164673,-1.504614184,-0.4559591809,0,0,,transition,30,0,-1610,10,652,0
1,107,153,-2.030824452,-0.3031499374,0.9530324242,-2.183484598,-1.505084991,-0.4610993407,0,1,118,task,30,0,-1610,10,652,0
1,107,154,-2.041569823,-0.3411808384,1.044748703,-2.235350892,-1.506074625,-0.4718376997,0,1,119,task,30,0,-1610,10,652,0
1,107,155,-2.052701202,-0.3757463498,1.128883458,-2.28246268,-1.507474605,-0.482944779,0,1,120,task,30,0,-1610,10,652,0
1,107,156,-2.062228659,-0.4082706054,1.199996426,-2.310359149,-1.516030767,-0.4921310805,0,1,121,task,30,0,-1610,10,652,0
1,107,157,-2.072023019,-0.4396348526,1.27507075,-2.3528698,-1.525237529,-0.5016293609,0,1,122,task,30,0,-1610,10,652,0
1,107,158,-2.056690585,-0.4637430031,1.33298757,-2.384961755,-1.515608922,-0.4865643309,0,1,123,task,10,0,-1610,10,652,0
1,107,159,-2.044859305,-0.4344391634,1.260787029,-2.344777004,-1.513661053,-0.4747974033,0,1,124,task,30,0,-1610,10,652,0
1,107,160,-2.033686093,-0.403315816,1.185450417,-2.304088393,-1.511401345,-0.4637014602,0,1,125,task,30,0,-1610,10,652,0
1,107,161,-2.023249983,-0.370406611,1.107320252,-2.264169737,-1.508392938,-0.4533711796,0,1,126,task,30,0,-1610,10,652,0
1,107,162,-2.013253145,-0.334783112,1.023690864,-2.221474469,-1.505518693,-0.4434615422,0,1,127,task,30,0,-1610,10,652,0
1,107,163,-2.003193747,-0.2954134001,0.9293788384,-2.168515101,-1.504504759,-0.4334110836,0,1,128,task,30,0,-1610,10,652,0
1,107,164,-1.998380027,-0.2733005927,0.877190283,-2.139424613,-1.504021912,-0.4286006385,0,0,,transition,30,0,-1610,10,652,0
1,107,165,-1.993566308,-0.2511877853,0.8250017276,-2.110334124,-1.503539065,-0.4237901934,0,1,129,task,30,0,-1610,10,652,0
1,107,166,-1.976419137,-0.2890656053,0.9087909477,-2.154689068,-1.504171508,-0.4065719687,0,1,130,task,10,0,-1610,10,652,0
1,107,167,-1.985627027,-0.3295529388,1.004048739,-2.205977107,-1.505900868,-0.4157421667,0,1,131,task,30,0,-1610,10,652,0
1,107,168,-1.995249241,-0.366253504,1.091538078,-2.253287121,-1.507706794,-0.4253193019,0,1,132,task,30,0,-1610,10,652,0
1,107,169,-2.005313364,-0.3999499881,1.172999086,-2.297577989,-1.509594401,-0.4353304123,0,1,133,task,30,0,-1610,10,652,0
1,107,170,-2.01584955,-0.4313035475,1.249698142,-2.339516299,-1.511566009,-0.4458056595,0,1,134,task,30,0,-1610,10,652,0
1,107,171,-2.026892502,-0.4612200246,1.322792533,-2.379586915,-1.513610563,-0.4567822343,0,1,135,task,30,0,-1610,10,652,0
1,107,172,-2.008713383,-0.4882025581,1.385148285,-2.413695055,-1.514009894,-0.4385318648,0,1,136,task,10,0,-1610,10,652,0
1,107,173,-1.997951604,-0.4595949612,1.314958652,-2.375779942,-1.511695132,-0.4278511473,0,1,137,task,30,0,-1610,10,652,0
1,107,174,-1.987634052,-0.4293898568,1.241118862,-2.335542444,-1.509670378,-0.4175965059,0,1,138,task,30,0,-1610,10,652,0
1,107,175,-1.977644101,-0.3976137156,1.162610509,-2.291482146,-1.508221054,-0.407641802,0,1,139,task,30,0,-1610,10,652,0
1,107,176,-1.968109766,-0.3632124853,1.078979806,-2.244919954,-1.506838289,-0.3981378074,0,1,140,task,30,0,-1610,10,652,0
1,107,177,-1.959001401,-0.3256074168,0.9889250861,-2.195132355,-1.505517613,-0.3890552565,0,1,141,task,30,0,-1610,10,652,0
1,107,178,-1.950291803,-0.2839209197,0.8904954795,-2.141045603,-1.504254929,-0.3803672939,0,1,142,task,30,0,-1610,10,652,0
1,107,179,-1.930912184,-0.3121311632,0.9517123153,-2.17278262,-1.504643671,-0.3609183984,0,1,143,task,10,0,-1610,10,652,0
1,107,180,-1.93936855,-0.3515165862,1.045790228,-2.225285776,-1.505666752,-0.3693605455,0,1,144,task,30,0,-1610,10,652,0
1,107,181,-1.948223016,-0.387334289,1.132663898,-2.274141913,-1.506738925,-0.3781979802,0,1,145,task,30,0,-1610,10,652,0
1,107,182,-1.957503659,-0.4202772906,1.213886135,-2.320210777,-1.507863847,-0.3874585232,0,1,146,task,30,0,-1610,10,652,0
1,107,183,-1.967212888,-0.4508818405,1.290406289,-2.363745827,-1.509136461,-0.3971404072,0,1,147,task,30,0,-1610,10,652,0
1,107,184,-1.977002964,-0.4804114793,1.36152865,-2.400766827,-1.511744275,-0.4068409894,0,1,148,task,30,0,-1610,10,652,0
1,107,185,-1.958244847,-0.5096240435,1.426515883,-2.432098408,-1.513673669,-0.3879364029,0,1,149,task,10,0,-1610,10,652,0
1,107,186,-1.948926222,-0.4812859702,1.359153833,-2.399244485,-1.510307283,-0.3787507431,0,1,150,task,30,0,-1610,10,652,0
1,107,187,-1.939874634,-0.4516211492,1.287938401,-2.362843697,-1.507609698,-0.3697892668,0,1,151,task,30,0,-1610,10,652,0
1,107,188,-1.93075325,-0.4207531858,1.210359887,-2.318050922,-1.506644501,-0.3606816964,0,1,152,task,30,0,-1610,10,652,0
1,107,189,-1.922064466,-0.387422929,1.128095651,-2.27102059,-1.505726653,-0.3520044601,0,1,153,task,30,0,-1610,10,652,0
1,107,190,-1.913778756,-0.3511387724,1.040025965,-2.221124975,-1.504852709,-0.3437282391,0,1,154,task,30,0,-1610,10,652,0
1,107,191,-1.905869172,-0.3111723611,0.9445187941,-2.167460811,-1.50401954,-0.3358262717,0,1,155,task,30,0,-1610,10,652,0
1,107,192,-1.884688873,-0.3309242439,0.9867944858,-2.190274281,-1.503674529,-0.3145974971,0,1,156,task,10,0,-1610,10,652,0
1,107,193,-1.89221316,-0.3694382784,1.079510079,-2.242819924,-1.504383439,-0.3221180447,0,1,157,task,30,0,-1610,10,652,0
1,107,194,-1.900102315,-0.4045845876,1.165507466,-2.291999937,-1.505127997,-0.3300021357,0,1,158,task,30,0,-1610,10,652,0
1,107,195,-1.908383123,-0.4369838998,1.246187567,-2.338593844,-1.505911031,-0.3382764118,0,1,159,task,30,0,-1610,10,652,0
1,107,196,-1.917085011,-0.4670627557,1.322532674,-2.383156717,-1.506735671,-0.346970138,0,1,160,task,30,0,-1610,10,652,0
1,107,197,-1.925002471,-0.496705545,1.389022335,-2.410294597,-1.511456879,-0.3547065868,0,1,161,task,30,0,-1610,10,652,0
1,107,198,-1.91312513,-0.4623630468,1.305295773,-2.364091608,-1.509946229,-0.3428557407,0,0,,transition,10,0,-1610,10,652,0
1,107,199,-1.901247789,-0.4280205485,1.221569211,-2.317888618,-1.508435579,-0.3310048946,0,0,,transition,10,0,-1610,10,652,0
1,107,200,-1.889370448,-0.3936780502,1.137842649,-2.271685629,-1.506924929,-0.3191540485,0,0,,transition,10,0,-1610,10,652,0
1,107,201,-1.877493107,-0.359335552,1.054116086,-2.22548264,-1.505414279,-0.3073032025,0,0,,transition,10,0,-1610,10,652,0
1,107,202,-1.865615766,-0.3249930537,0.9703895243,-2.179279651,-1.503903629,-0.2954523564,0,0,,transition,10,0,-1610,10,652,0
1,107,203,-1.853738425,-0.2906505554,0.8866629622,-2.133076661,-1.502392979,-0.2836015103,0,1,162,task,10,0,-1610,10,652,0
1,107,204,-1.850557996,-0.2661779391,0.8294596901,-2.101071216,-1.50212124,-0.2804205612,0,0,,transition,30,0,-1610,10,652,0
1,107,205,-1.847377568,-0.2417053228,0.772256418,-2.069065772,-1.501849502,-0.2772396122,0,1,163,task,30,0,-1610,10,652,0
1,107,206,-1.844336023,-0.212749698,0.7055255416,-2.032008878,-1.501589924,-0.2741972258,0,0,,transition,30,0,-1610,10,652,0
1,107,207,-1.841294479,-0.1837940732,0.6387946652,-1.994951984,-1.501330346,-0.2711548394,0,1,164,task,30,0,-1610,10,652,0
1,107,208,-1.838382987,-0.1467114565,0.5545470542,-1.94849883,-1.501082095,-0.2682422159,0,0,,transition,30,0,-1610,10,652,0
1,107,209,-1.835471495,-0.1096288399,0.4702994432,-1.902045675,-1.500833843,-0.2653295925,0,1,165,task,30,0,-1610,10,652,0
1,107,210,-1.820189835,-0.1324277026,0.5210970536,-1.931211556,-1.478037716,-0.2504941895,0,1,166,task,10,0,-1610,10,652,0
1,107,211,-1.822965441,-0.1668941887,0.60000254,-1.97529735,-1.478224676,-0.2532778662,0,0,,transition,30,0,-1610,10,652,0
1,107,212,-1.825741047,-0.2013606748,0.6789080264,-2.019383145,-1.478411636,-0.2560615428,0,1,167,task,30,0,-1610,10,652,0
1,107,213,-1.828643153,-0.2289801703,0.7431221883,-2.055614607,-1.478604836,-0.2589719733,0,0,,transition,30,0,-1610,10,652,0
1,107,214,-1.831545258,-0.2565996657,0.8073363502,-2.09184607,-1.478798035,-0.2618824037,0,1,168,task,30,0,-1610,10,652,0
1,107,215,-1.83458265,-0.2802030453,0.8630693854,-2.123601883,-1.478998004,-0.2649283852,0,0,,transition,30,0,-1610,10,652,0
1,107,216,-1.837620043,-0.3038064249,0.9188024206,-2.155357697,-1.479197972,-0.2679743666,0,1,169,task,30,0,-1610,10,652,0
1,107,217,-1.814371267,-0.310932472,0.9303766128,-2.161895031,-1.478574353,-0.2446355949,0,1,170,task,10,0,-1610,10,652,0
1,107,218,-1.811601076,-0.2875822296,0.875247857,-2.130512969,-1.478343358,-0.2418583349,0,0,,transition,30,0,-1610,10,652,0
1,107,219,-1.808830885,-0.2642319871,0.8201191013,-2.099130907,-1.478112363,-0.2390810748,0,1,171,task,30,0,-1610,10,652,0
1,107,220,-1.806184748,-0.2370390129,0.7568878969,-2.063479699,-1.47788767,-0.2364280807,0,0,,transition,30,0,-1610,10,652,0
1,107,221,-1.803538611,-0.2098460386,0.6936566926,-2.02782849,-1.477662977,-0.2337750866,0,1,172,task,30,0,-1610,10,652,0
1,107,222,-1.801008408,-0.1762348816,0.6166719904,-1.98483311,-1.477444102,-0.2312382309,0,0,,transition,30,0,-1610,10,652,0
1,107,223,-1.798478204,-0.1426237247,0.5396872881,-1.941837731,-1.477225226,-0.2287013752,0,1,173,task,30,0,-1610,10,652,0
1,107,224,-1.777046221,-0.1511408403,0.5554197449,-1.952514641,-1.474716646,-0.2072221971,0,1,174,task,10,0,-1610,10,652,0
1,107,225,-1.779130383,-0.1838684171,0.6299865921,-1.993449402,-1.475738226,-0.2092949281,0,0,,transition,30,0,-1610,10,652,0
1,107,226,-1.781214546,-0.2165959938,0.7045534393,-2.034384164,-1.476759805,-0.2113676592,0,1,175,task,30,0,-1610,10,652,0
1,107,227,-1.783580574,-0.2434801628,0.7669857316,-2.069451698,-1.477086885,-0.2137376109,0,0,,transition,30,0,-1610,10,652,0
1,107,228,-1.785946602,-0.2703643318,0.829418024,-2.104519232,-1.477413966,-0.2161075625,0,1,176,task,30,0,-1610,10,652,0
1,107,229,-1.788423838,-0.2935399041,0.8840360578,-2.135473653,-1.477747468,-0.2185887981,0,0,,transition,30,0,-1610,10,652,0
1,107,230,-1.790901073,-0.3167154764,0.9386540917,-2.166428075,-1.47808097,-0.2210700337,0,1,177,task,30,0,-1610,10,652,0
1,107,231,-1.767856985,-0.3270990505,0.9570429801,-2.175380696,-1.477885764,-0.1979245433,0,1,178,task,10,0,-1610,10,652,0
1,107,232,-1.765742222,-0.304513405,0.9044142752,-2.146621603,-1.477157651,-0.1958149896,0,0,,transition,30,0,-1610,10,652,0
1,107,233,-1.763627459,-0.2819277595,0.8517855702,-2.117862509,-1.476429539,-0.1937054358,0,1,179,task,30,0,-1610,10,652,0
1,107,234,-1.761707984,-0.2560182606,0.7919094897,-2.084889498,-1.475323627,-0.1917980442,0,0,,transition,30,0,-1610,10,652,0
1,107,235,-1.759788508,-0.2301087616,0.7320334093,-2.051916486,-1.474217715,-0.1898906526,0,1,180,task,30,0,-1610,10,652,0
1,107,236,-1.757946135,-0.1989025972,0.660776363,-2.012801044,-1.473146018,-0.1880593468,0,0,,transition,30,0,-1610,10,652,0
1,107,237,-1.756103762,-0.1676964327,0.5895193168,-1.973685602,-1.472074322,-0.186228041,0,1,181,task,30,0,-1610,10,652,0
1,107,238,-1.731509569,-0.1656510286,0.5737834989,-1.962562298,-1.479228642,-0.1613984669,0,1,182,task,10,0,-1610,10,652,0
1,107,239,-1.73330395,-0.1975651568,0.6464772876,-2.002198702,-1.479391716,-0.1631977122,0,0,,transition,30,0,-1610,10,652,0
1,107,240,-1.735098332,-0.2294792851,0.7191710763,-2.041835106,-1.47955479,-0.1649969574,0,1,183,task,30,0,-1610,10,652,0
1,107,241,-1.736974306,-0.2558187358,0.7799262301,-2.075101268,-1.479727358,-0.1668775517,0,0,,transition,30,0,-1610,10,652,0
1,107,242,-1.738850279,-0.2821581865,0.8406813839,-2.108367429,-1.479899926,-0.1687581461,0,1,184,task,30,0,-1610,10,652,0
1,107,243,-1.740813549,-0.3050305736,0.8941227349,-2.137780186,-1.480082675,-0.1707257673,0,0,,transition,30,0,-1610,10,652,0
1,107,244,-1.742776818,-0.3279029606,0.9475640859,-2.167192943,-1.480265424,-0.1726933885,0,1,185,task,30,0,-1610,10,652,0
1,107,245,-1.720439832,-0.345475918,0.9781980168,-2.184204457,-1.477943796,-0.1502971257,0,1,186,task,10,0,-1610,10,652,0
1,107,246,-1.718719706,-0.3233589084,0.9264856275,-2.155803597,-1.477785007,-0.148572246,0,0,,transition,30,0,-1610,10,652,0
1,107,247,-1.716999581,-0.3012418987,0.8747732381,-2.127402737,-1.477626218,-0.1468473664,0,1,187,task,30,0,-1610,10,652,0
1,107,248,-1.715356494,-0.2760475815,0.8165964534,-2.095608603,-1.477476416,-0.1451993153,0,0,,transition,30,0,-1610,10,652,0
1,107,249,-1.713713408,-0.2508532642,0.7584196686,-2.063814469,-1.477326615,-0.1435512643,0,1,188,task,30,0,-1610,10,652,0
1,107,250,-1.712142285,-0.2209320487,0.6901562573,-2.026654787,-1.477185195,-0.1419749877,0,0,,transition,30,0,-1610,10,652,0
1,107,251,-1.710571163,-0.1910108332,0.621892846,-1.989495105,-1.477043774,-0.1403987111,0,1,189,task,30,0,-1610,10,652,0
1,107,252,-1.686295954,-0.1779526766,0.5797471165,-1.962368742,-1.481599199,-0.1159660507,0,1,190,task,10,0,-1610,10,652,0
1,107,253,-1.687577915,-0.209708782,0.6517266985,-2.001321978,-1.481748784,-0.1172514731,0,0,,transition,30,0,-1610,10,652,0
1,107,254,-1.688859876,-0.2414648874,0.7237062804,-2.040275215,-1.481898369,-0.1185368954,0,1,191,task,30,0,-1610,10,652,0
1,107,255,-1.69020006,-0.2677876102,0.7840381674,-2.07300978,-1.482055299,-0.1198802964,0,0,,transition,30,0,-1610,10,652,0
1,107,256,-1.691540244,-0.294110333,0.8443700543,-2.105744345,-1.48221223,-0.1212236973,0,1,192,task,30,0,-1610,10,652,0
1,107,257,-1.692942726,-0.3170352764,0.8975201257,-2.134690239,-1.482377019,-0.1226291297,0,0,,transition,30,0,-1610,10,652,0
1,107,258,-1.694345207,-0.3399602198,0.9506701972,-2.163636133,-1.482541809,-0.1240345621,0,1,193,task,30,0,-1610,10,652,0
1,107,259,-1.68484173,-0.4346402029,0.9983724897,-2.118033354,-1.4893309,-0.1144934419,0,0,,transition,10,0,-1610,10,652,0
1,107,260,-1.675338252,-0.529320186,1.046074782,-2.072430574,-1.496119992,-0.1049523218,0,0,,transition,10,0,-1610,10,652,0
1,107,261,-1.665834775,-0.6240001691,1.093777075,-2.026827795,-1.502909084,-0.09541120161,0,0,,transition,10,0,-1610,10,652,0
1,107,262,-1.656331297,-0.7186801522,1.141479367,-1.981225015,-1.509698175,-0.08587008145,0,0,,transition,10,0,-1610,10,652,0
1,107,263,-1.64682782,-0.8133601352,1.18918166,-1.935622236,-1.516487267,-0.07632896129,0,0,,transition,10,0,-1610,10,652,0
1,107,264,-1.637324342,-0.9080401183,1.236883952,-1.890019456,-1.523276359,-0.06678784113,0,0,,transition,10,0,-1610,10,652,0
1,107,265,-1.627820865,-1.002720101,1.284586245,-1.844416677,-1.53006545,-0.05724672097,0,0,,transition,10,0,-1610,10,652,0
1,107,266,-1.618317387,-1.097400085,1.332288537,-1.798813897,-1.536854542,-0.0477056008,0,0,,transition,10,0,-1610,10,652,0
1,107,267,-1.60881391,-1.192080068,1.37999083,-1.753211118,-1.543643633,-0.03816448064,0,0,,transition,10,0,-1610,10,652,0
1,107,268,-1.599310432,-1.286760051,1.427693122,-1.707608338,-1.550432725,-0.02862336048,0,0,,transition,10,0,-1610,10,652,0
1,107,269,-1.589806955,-1.381440034,1.475395415,-1.662005559,-1.557221817,-0.01908224032,0,0,,transition,10,0,-1610,10,652,0
1,107,270,-1.580303477,-1.476120017,1.523097707,-1.616402779,-1.564010908,-0.009541120161,0,0,,transition,10,0,-1610,10,652,0
1,107,271,-1.5708,-1.5708,1.5708,-1.5708,-1.5708,0,0,0,,home,30,0,-1610,10,652,0
1,108,1,-1.5708,-1.5708,1.5708,-1.5708,-1.5708,0,0,0,,home,30,0,-1610,10,652,0
1,108,2,-1.638037804,-1.475772346,1.50110545,-1.593042217,-1.575012853,-0.06712634521,0,0,,transition,10,0,-1610,10,652,0
1,108,3,-1.705275607,-1.380744693,1.4314109,-1.615284433,-1.579225706,-0.1342526904,0,0,,transition,10,0,-1610,10,652,0
1,108,4,-1.772513411,-1.285717039,1.361716351,-1.63752665,-1.58343856,-0.2013790356,0,0,,transition,10,0,-1610,10,652,0
1,108,5,-1.839751214,-1.190689386,1.292021801,-1.659768867,-1.587651413,-0.2685053808,0,0,,transition,10,0,-1610,10,652,0
1,108,6,-1.906989018,-1.095661732,1.222327251,-1.682011083,-1.591864266,-0.3356317261,0,0,,transition,10,0,-1610,10,652,0
1,108,7,-1.974226822,-1.000634079,1.152632701,-1.7042533,-1.596077119,-0.4027580713,0,0,,transition,10,0,-1610,10,652,0
1,108,8,-2.041464625,-0.905606425,1.082938151,-1.726495517,-1.600289973,-0.4698844165,0,0,,transition,10,0,-1610,10,652,0
1,108,9,-2.108702429,-0.8105787714,1.013243602,-1.748737733,-1.604502826,-0.5370107617,0,0,,transition,10,0,-1610,10,652,0
1,108,10,-2.175940233,-0.7155511178,0.9435490518,-1.77097995,-1.608715679,-0.6041371069,0,0,,transition,10,0,-1610,10,652,0
1,108,11,-2.243178036,-0.6205234642,0.8738545021,-1.793222167,-1.612928532,-0.6712634521,0,0,,transition,10,0,-1610,10,652,0
1,108,12,-2.31041584,-0.5254958107,0.8041599523,-1.815464383,-1.617141385,-0.7383897973,0,0,,transition,10,0,-1610,10,652,0
1,108,13,-2.377653643,-0.4304681571,0.7344654025,-1.8377066,-1.621354239,-0.8055161425,0,0,,transition,10,0,-1610,10,652,0
1,108,14,-2.444891447,-0.3354405035,0.6647708527,-1.859948817,-1.625567092,-0.8726424877,0,0,,transition,10,0,-1610,10,652,0
1,108,15,-2.512129251,-0.2404128499,0.5950763029,-1.882191033,-1.629779945,-0.939768833,0,0,,transition,10,0,-1610,10,652,0
1,108,16,-2.579367054,-0.1453851964,0.5253817531,-1.90443325,-1.633992798,-1.006895178,0,1,1,task,30,0,-1610,10,652,0
1,108,17,-2.573721472,-0.1739031536,0.5902716292,-1.940449769,-1.633729136,-1.001244569,0,0,,transition,10,0,-1610,10,652,0
1,108,18,-2.56807589,-0.2024211109,0.6551615052,-1.976466288,-1.633465473,-0.9955939597,0,1,2,task,10,0,-1610,10,652,0
1,108,19,-2.562213962,-0.2258164561,0.7089866988,-2.006530314,-1.633187484,-0.9897272112,0,0,,transition,10,0,-1610,10,652,0
1,108,20,-2.556352035,-0.2492118012,0.7628118924,-2.03659434,-1.632909494,-0.9838604628,0,1,3,task,10,0,-1610,10,652,0
1,108,21,-2.544174545,-0.2895608305,0.8566559964,-2.089336462,-1.632322972,-0.971673824,0,1,4,task,10,0,-1610,10,652,0
1,108,22,-2.53152151,-0.3253346956,0.9407753765,-2.136907295,-1.631703892,-0.9590122225,0,1,5,task,10,0,-1610,10,652,0
1,108,23,-2.51678494,-0.3548118831,1.011444321,-2.177135822,-1.630260265,-0.9442656873,0,1,6,task,10,0,-1610,10,652,0
1,108,24,-2.518370047,-0.3576114823,1.017525852,-2.180584207,-1.631050104,-0.9458528763,0,1,7,task,30,0,-1610,10,652,0
1,108,25,-2.504696305,-0.3870786452,1.088408139,-2.22118016,-1.630359316,-0.9321720486,0,1,8,task,10,0,-1610,10,652,0
1,108,26,-2.490011766,-0.4054152286,1.139681937,-2.252186707,-1.614487167,-0.9175458145,0,1,9,task,10,0,-1610,10,652,0
1,108,27,-2.490475489,-0.4142047782,1.154443506,-2.259247609,-1.629629096,-0.9179450684,0,1,10,task,30,0,-1610,10,652,0
1,108,28,-2.486709701,-0.4306410882,1.188297055,-2.241207382,-1.59185849,-0.9130279969,0,1,11,task,10,0,-1610,10,652,0
1,108,29,-2.458741516,-0.3868475752,1.09279045,-2.194544114,-1.583480476,-0.8855937655,0,0,,transition,10,0,-1610,10,652,0
1,108,30,-2.430773331,-0.3430540622,0.9972838446,-2.147880847,-1.575102462,-0.858159534,0,0,,transition,10,0,-1610,10,652,0
1,108,31,-2.402805146,-0.2992605492,0.9017772396,-2.101217579,-1.566724448,-0.8307253026,0,0,,transition,10,0,-1610,10,652,0
1,108,32,-2.374836961,-0.2554670362,0.8062706345,-2.054554311,-1.558346434,-0.8032910711,0,0,,transition,10,0,-1610,10,652,0
1,108,33,-2.346868777,-0.2116735232,0.7107640295,-2.007891043,-1.549968419,-0.7758568397,0,1,12,task,10,0,-1610,10,652,0
1,108,34,-2.353870691,-0.2342641492,0.7617069304,-2.037017232,-1.554665265,-0.7827020862,0,0,,transition,30,0,-1610,10,652,0
1,108,35,-2.360872606,-0.2568547752,0.8126498313,-2.06614342,-1.559362111,-0.7895473326,0,1,13,task,30,0,-1610,10,652,0
1,108,36,-2.373924709,-0.2981459214,0.9058379644,-2.122701875,-1.573984713,-0.8022645976,0,1,14,task,30,0,-1610,10,652,0
1,108,37,-2.387641951,-0.3344575817,0.9862355994,-2.167894875,-1.587805469,-0.8156812869,0,1,15,task,30,0,-1610,10,652,0
1,108,38,-2.405298209,-0.3630984243,1.040082598,-2.173234697,-1.589214434,-0.8324531154,0,1,16,task,30,0,-1610,10,652,0
1,108,39,-2.424061674,-0.39282335,1.106364123,-2.205966446,-1.589356831,-0.8510065014,0,1,17,task,30,0,-1610,10,652,0
1,108,40,-2.443450448,-0.4205429919,1.168311103,-2.236360988,-1.58970133,-0.8701689955,0,1,18,task,30,0,-1610,10,652,0
1,108,41,-2.463483599,-0.4465350731,1.226519211,-2.264741919,-1.590257481,-0.8899581312,0,1,19,task,30,0,-1610,10,652,0
1,108,42,-2.47157778,-0.4563732799,1.248581973,-2.275452461,-1.590537581,-0.8979506957,0,1,20,task,30,0,-1610,10,652,0
1,108,43,-2.45583181,-0.4805011367,1.305498713,-2.307942406,-1.58915831,-0.882262397,0,1,21,task,10,0,-1610,10,652,0
1,108,44,-2.436760756,-0.4547382642,1.246710767,-2.274772358,-1.5841236,-0.8634185192,0,1,22,task,30,0,-1610,10,652,0
1,108,45,-2.418363316,-0.427383523,1.184591581,-2.240027524,-1.579150362,-0.8452524345,0,1,23,task,30,0,-1610,10,652,0
1,108,46,-2.400613847,-0.3982085307,1.118645097,-2.203429961,-1.57424023,-0.827737185,0,1,24,task,30,0,-1610,10,652,0
1,108,47,-2.383776557,-0.3668809494,1.048744286,-2.165591546,-1.568412831,-0.8111997638,0,1,25,task,30,0,-1610,10,652,0
1,108,48,-2.373567587,-0.3337929929,0.9887115858,-2.151342762,-1.541566427,-0.8027303346,0,1,26,task,30,0,-1610,10,652,0
1,108,49,-2.357097002,-0.2992498682,0.909590539,-2.109100492,-1.53810068,-0.786453653,0,1,27,task,30,0,-1610,10,652,0
1,108,50,-2.341084209,-0.2609348111,0.8221241041,-2.062065052,-1.535109688,-0.7705979906,0,1,28,task,30,0,-1610,10,652,0
1,108,51,-2.316158106,-0.2721397105,0.8454435023,-2.075286316,-1.533160956,-0.7457298019,0,1,29,task,10,0,-1610,10,652,0
1,108,52,-2.331739499,-0.3101410505,0.9320756132,-2.121447766,-1.536396624,-0.7611393421,0,1,30,task,30,0,-1610,10,652,0
1,108,53,-2.347667808,-0.3445285124,1.010413461,-2.162424809,-1.540488723,-0.7768317401,0,1,31,task,30,0,-1610,10,652,0
1,108,54,-2.363436299,-0.3761174939,1.080784251,-2.196492542,-1.547190689,-0.7921679775,0,1,32,task,30,0,-1610,10,652,0
1,108,55,-2.376674314,-0.4072367402,1.143664399,-2.221577176,-1.564250053,-0.8043492377,0,1,33,task,30,0,-1610,10,652,0
1,108,56,-2.392874379,-0.4365178581,1.207676582,-2.254160904,-1.573232737,-0.8200440287,0,1,34,task,30,0,-1610,10,652,0
1,108,57,-2.4107419,-0.4640066435,1.26999788,-2.288715459,-1.578899918,-0.8376398133,0,1,35,task,30,0,-1610,10,652,0
1,108,58,-2.429283918,-0.4899490295,1.329106683,-2.32178647,-1.584635819,-0.8559149378,0,1,36,task,30,0,-1610,10,652,0
1,108,59,-2.439444133,-0.5031935382,1.35940489,-2.338868089,-1.587718035,-0.8659355863,0,1,37,task,30,0,-1610,10,652,0
1,108,60,-2.422386494,-0.524583622,1.410578088,-2.368376361,-1.586214093,-0.8489421486,0,1,38,task,10,0,-1610,10,652,0
1,108,61,-2.403796999,-0.4998075717,1.354124371,-2.336897829,-1.579293062,-0.8306729177,0,1,39,task,30,0,-1610,10,652,0
1,108,62,-2.385905266,-0.4737011126,1.294948541,-2.30425335,-1.572447546,-0.8131105119,0,1,40,task,30,0,-1610,10,652,0
1,108,63,-2.369398765,-0.4462619348,1.234471734,-2.273520554,-1.563351652,-0.7971176625,0,1,41,task,30,0,-1610,10,652,0
1,108,64,-2.354235352,-0.4174458456,1.172697445,-2.244979612,-1.551868824,-0.7826514363,0,1,42,task,30,0,-1610,10,652,0
1,108,65,-2.338650184,-0.3875106273,1.106307285,-2.212475183,-1.543701752,-0.7675618816,0,1,43,task,30,0,-1610,10,652,0
1,108,66,-2.322621826,-0.3560618876,1.034310607,-2.175201378,-1.539080157,-0.751811652,0,1,44,task,30,0,-1610,10,652,0
1,108,67,-2.307053985,-0.3219077064,0.956385188,-2.134561024,-1.534973207,-0.736478626,0,1,45,task,30,0,-1610,10,652,0
1,108,68,-2.278997788,-0.3250263115,0.9607940078,-2.137034394,-1.532848428,-0.7084829324,0,1,46,task,10,0,-1610,10,652,0
1,108,69,-2.294130054,-0.3596648935,1.039989986,-2.178465446,-1.536701193,-0.723400916,0,1,47,task,30,0,-1610,10,652,0
1,108,70,-2.309946616,-0.3915480498,1.11388378,-2.217843829,-1.540308244,-0.7390150512,0,1,48,task,30,0,-1610,10,652,0
1,108,71,-2.326371396,-0.4211395646,1.183034427,-2.2548512,-1.544036617,-0.7552233924,0,1,49,task,30,0,-1610,10,652,0
1,108,72,-2.342154952,-0.4498119719,1.247023384,-2.286696745,-1.551985282,-0.7705397694,0,1,50,task,30,0,-1610,10,652,0
1,108,73,-2.358315745,-0.4770821451,1.307561478,-2.316559412,-1.560769712,-0.7861780347,0,1,51,task,30,0,-1610,10,652,0
1,108,74,-2.375092643,-0.5030662455,1.365492801,-2.345631965,-1.569693542,-0.8024310884,0,1,52,task,30,0,-1610,10,652,0
1,108,75,-2.392553441,-0.5284503352,1.422448013,-2.376457145,-1.578620428,-0.8194573833,0,1,53,task,30,0,-1610,10,652,0
1,108,76,-2.4046302,-0.5447781321,1.459236007,-2.396580871,-1.584643828,-0.8312535217,0,1,54,task,30,0,-1610,10,652,0
1,108,77,-2.38614631,-0.5638638965,1.505550331,-2.423569478,-1.583004624,-0.8128408889,0,1,55,task,10,0,-1610,10,652,0
1,108,78,-2.369871157,-0.5389593748,1.451755338,-2.396015002,-1.569181974,-0.7972324089,0,1,56,task,30,0,-1610,10,652,0
1,108,79,-2.352293715,-0.5145363918,1.395918144,-2.367079051,-1.561308883,-0.7801111785,0,1,57,task,30,0,-1610,10,652,0
1,108,80,-2.335249562,-0.4889929091,1.337605892,-2.337073162,-1.554029703,-0.7634929709,0,1,58,task,30,0,-1610,10,652,0
1,108,81,-2.318857761,-0.4620716989,1.276504592,-2.305862324,-1.546894878,-0.7475131992,0,1,59,task,30,0,-1610,10,652,0
1,108,82,-2.302551664,-0.4340778454,1.211672441,-2.271685418,-1.541643471,-0.7315049658,0,1,60,task,30,0,-1610,10,652,0
1,108,83,-2.286270783,-0.4047536527,1.142385259,-2.233909611,-1.538503733,-0.7153962299,0,1,61,task,30,0,-1610,10,652,0
1,108,84,-2.270613924,-0.3731980958,1.06852557,-2.193852324,-1.535472963,-0.6999004515,0,1,62,task,30,0,-1610,10,652,0
1,108,85,-2.239617991,-0.3697403041,1.057392876,-2.187714556,-1.532836205,-0.6689908842,0,1,63,task,10,0,-1610,10,652,0
1,108,86,-2.254739986,-0.4022181752,1.133623139,-2.229446988,-1.535429232,-0.6839841766,0,1,64,task,30,0,-1610,10,652,0
1,108,87,-2.270480596,-0.4323386058,1.205035856,-2.268761917,-1.538120444,-0.6995870225,0,1,65,task,30,0,-1610,10,652,0
1,108,88,-2.286872432,-0.460452953,1.272409045,-2.306091192,-1.540914551,-0.7158316563,0,1,66,task,30,0,-1610,10,652,0
1,108,89,-2.303221056,-0.4875847163,1.33565214,-2.339677406,-1.546075769,-0.7318951275,0,1,67,task,30,0,-1610,10,652,0
1,108,90,-2.319977419,-0.5135353503,1.395739801,-2.371202109,-1.552185666,-0.7483067705,0,1,68,task,30,0,-1610,10,652,0
1,108,91,-2.337432488,-0.5381887244,1.453258818,-2.40162945,-1.558433271,-0.7654040839,0,1,69,task,30,0,-1610,10,652,0
1,108,92,-2.35562263,-0.5616593861,1.508468816,-2.431119159,-1.564821909,-0.7832243734,0,1,70,task,30,0,-1610,10,652,0
1,108,93,-2.366905881,-0.581912459,1.54965656,-2.449409481,-1.581293938,-0.7936754165,0,1,71,task,30,0,-1610,10,652,0
1,108,94,-2.356944213,-0.5946173253,1.592021575,-2.475477798,-1.551085117,-0.7850110186,0,1,72,task,10,0,-1610,10,652,0
1,108,95,-2.336059058,-0.5732704788,1.538926864,-2.446982374,-1.550358164,-0.7642456633,0,1,73,task,30,0,-1610,10,652,0
1,108,96,-2.316759416,-0.5505354826,1.484098686,-2.418383819,-1.547735175,-0.7451679251,0,1,74,task,30,0,-1610,10,652,0
1,108,97,-2.29848357,-0.5265518654,1.427143051,-2.389053865,-1.544621034,-0.727129216,0,1,75,task,30,0,-1610,10,652,0
1,108,98,-2.280955479,-0.5013057545,1.367695248,-2.358556948,-1.541691572,-0.7098153624,0,1,76,task,30,0,-1610,10,652,0
1,108,99,-2.26410987,-0.4749120503,1.304736529,-2.324830548,-1.538994947,-0.6931374171,0,1,77,task,30,0,-1610,10,652,0
1,108,100,-2.24792281,-0.4471592796,1.237637773,-2.287255408,-1.536487729,-0.6770759944,0,1,78,task,30,0,-1610,10,652,0
1,108,101,-2.232398242,-0.4174771525,1.166703548,-2.247811,-1.534077566,-0.6616688349,0,1,79,task,30,0,-1610,10,652,0
1,108,102,-2.217501425,-0.3855462492,1.091222502,-2.206100944,-1.531759645,-0.6468815837,0,1,80,task,30,0,-1610,10,652,0
1,108,103,-2.203199548,-0.350922263,1.010211242,-2.161582192,-1.529529353,-0.632681811,0,1,81,task,30,0,-1610,10,652,0
1,108,104,-2.191334527,-0.3140649424,0.9319272975,-2.129959184,-1.520687272,-0.6213164269,0,1,82,task,30,0,-1610,10,652,0
1,108,105,-2.177908532,-0.2729521337,0.8355226987,-2.076195406,-1.519262826,-0.6079324562,0,1,83,task,30,0,-1610,10,652,0
1,108,106,-2.171455873,-0.249454934,0.7810930281,-2.046027026,-1.518581132,-0.6014988909,0,0,,transition,30,0,-1610,10,652,0
1,108,107,-2.165003214,-0.2259577343,0.7266633575,-2.015858646,-1.517899437,-0.5950653255,0,1,84,task,30,0,-1610,10,652,0
1,108,108,-2.158797497,-0.1979877094,0.6626487907,-1.980577669,-1.517246578,-0.5888769163,0,0,,transition,30,0,-1610,10,652,0
1,108,109,-2.15259178,-0.1700176845,0.598634224,-1.945296693,-1.516593719,-0.5826885071,0,1,85,task,30,0,-1610,10,652,0
1,108,110,-2.146620394,-0.1337940607,0.5167526885,-1.9004013,-1.515968105,-0.5767327651,0,0,,transition,30,0,-1610,10,652,0
1,108,111,-2.140649007,-0.09757043697,0.4348711531,-1.855505908,-1.51534249,-0.5707770232,0,1,86,task,30,0,-1610,10,652,0
1,108,112,-2.128755304,-0.1414693032,0.5342291109,-1.907956108,-1.492054413,-0.5598943441,0,1,87,task,10,0,-1610,10,652,0
1,108,113,-2.13472919,-0.172655716,0.6055149204,-1.94752999,-1.492521189,-0.5658701672,0,0,,transition,30,0,-1610,10,652,0
1,108,114,-2.140703076,-0.2038421289,0.67680073,-1.987103872,-1.492987965,-0.5718459902,0,1,88,task,30,0,-1610,10,652,0
1,108,115,-2.146918584,-0.2292432924,0.735646005,-2.020011156,-1.493475582,-0.5780627974,0,0,,transition,30,0,-1610,10,652,0
1,108,116,-2.153134092,-0.2546444559,0.7944912799,-2.05291844,-1.493963198,-0.5842796046,0,1,89,task,30,0,-1610,10,652,0
1,108,117,-2.15960474,-0.276501434,0.8458068327,-2.081828661,-1.49447311,-0.5907508286,0,0,,transition,30,0,-1610,10,652,0
1,108,118,-2.166075389,-0.2983584121,0.8971223854,-2.110738883,-1.494983022,-0.5972220526,0,1,90,task,30,0,-1610,10,652,0
1,108,119,-2.179101412,-0.3359798559,0.9805690955,-2.147166576,-1.497644721,-0.6101077548,0,1,91,task,30,0,-1610,10,652,0
1,108,120,-2.191298767,-0.3721467315,1.061968843,-2.188022611,-1.505157498,-0.6218933521,0,1,92,task,30,0,-1610,10,652,0
1,108,121,-2.204277406,-0.4060081818,1.141577228,-2.23352762,-1.511835737,-0.6345556268,0,1,93,task,30,0,-1610,10,652,0
1,108,122,-2.217819999,-0.43738874,1.21620887,-2.276667432,-1.518549431,-0.6477902295,0,1,94,task,30,0,-1610,10,652,0
1,108,123,-2.231479973,-0.4669291464,1.285447361,-2.315042956,-1.526834493,-0.6610487405,0,1,95,task,30,0,-1610,10,652,0
1,108,124,-2.245694687,-0.4947581578,1.351203902,-2.351725233,-1.535321587,-0.6748630265,0,1,96,task,30,0,-1610,10,652,0
1,108,125,-2.260950307,-0.5211980091,1.408858724,-2.375031433,-1.542484208,-0.6896014129,0,1,97,task,30,0,-1610,10,652,0
1,108,126,-2.278391395,-0.5461184701,1.467031359,-2.403583504,-1.545253402,-0.7067903244,0,1,98,task,30,0,-1610,10,652,0
1,108,127,-2.297221271,-0.5695475658,1.525489355,-2.437196888,-1.546465227,-0.7255434504,0,1,99,task,30,0,-1610,10,652,0
1,108,128,-2.316924461,-0.5917504056,1.581687006,-2.469770918,-1.547800707,-0.7451621983,0,1,100,task,30,0,-1610,10,652,0
1,108,129,-2.336257597,-0.6115468828,1.632548777,-2.499501132,-1.549173986,-0.7644084615,0,1,101,task,30,0,-1610,10,652,0
1,108,130,-2.314728708,-0.6276085821,1.671115631,-2.522491051,-1.547194795,-0.7429652483,0,1,102,task,10,0,-1610,10,652,0
1,108,131,-2.295012196,-0.6064623339,1.61644978,-2.489446476,-1.543670567,-0.7234167617,0,1,103,task,30,0,-1610,10,652,0
1,108,132,-2.276217677,-0.5841910558,1.559842617,-2.455660403,-1.540240134,-0.7047846684,0,1,104,task,30,0,-1610,10,652,0
1,108,133,-2.258290646,-0.560723534,1.501113231,-2.421015353,-1.536899486,-0.6870144702,0,1,105,task,30,0,-1610,10,652,0
1,108,134,-2.242300625,-0.5355134266,1.441184522,-2.387981798,-1.530262631,-0.6713880258,0,1,106,task,30,0,-1610,10,652,0
1,108,135,-2.231217278,-0.5078452814,1.387505363,-2.37299112,-1.510679915,-0.6616017116,0,1,107,task,30,0,-1610,10,652,0
1,108,136,-2.215482027,-0.4814305724,1.322227846,-2.335881608,-1.507393317,-0.6460151538,0,1,108,task,30,0,-1610,10,652,0
1,108,137,-2.20021705,-0.4533416813,1.253187534,-2.296238009,-1.504888977,-0.6308439941,0,1,109,task,30,0,-1610,10,652,0
1,108,138,-2.185608563,-0.4232638073,1.180269947,-2.254720294,-1.502457983,-0.6163238568,0,1,110,task,30,0,-1610,10,652,0
1,108,139,-2.171619163,-0.3908675367,1.10273422,-2.210914453,-1.500096163,-0.6024176742,0,1,111,task,30,0,-1610,10,652,0
1,108,140,-2.158468967,-0.3562123606,1.022383372,-2.169173783,-1.496906346,-0.5894209397,0,1,112,task,30,0,-1610,10,652,0
1,108,141,-2.146006496,-0.3188115529,0.937522214,-2.1275362,-1.493239568,-0.5771389563,0,1,113,task,30,0,-1610,10,652,0
1,108,142,-2.133116335,-0.2777639178,0.8429500774,-2.078975697,-1.493066311,-0.5642189942,0,1,114,task,30,0,-1610,10,652,0
1,108,143,-2.127028565,-0.2539361458,0.7876804415,-2.048417219,-1.492627205,-0.5581285272,0,0,,transition,30,0,-1610,10,652,0
1,108,144,-2.120940795,-0.2301083738,0.7324108056,-2.017858741,-1.492188099,-0.5520380602,0,1,115,task,30,0,-1610,10,652,0
1,108,145,-2.115116934,-0.2015745758,0.6668770608,-1.981406769,-1.491681503,-0.5462143307,0,0,,transition,30,0,-1610,10,652,0
1,108,146,-2.109293073,-0.1730407778,0.601343316,-1.944954797,-1.491174907,-0.5403906011,0,1,116,task,30,0,-1610,10,652,0
1,108,147,-2.089308116,-0.2000146326,0.6580525183,-1.976058228,-1.490584889,-0.5203463586,0,1,117,task,10,0,-1610,10,652,0
1,108,148,-2.095048514,-0.2264391074,0.7185884252,-2.008846905,-1.490827875,-0.5260970951,0,0,,transition,30,0,-1610,10,652,0
1,108,149,-2.100788913,-0.2528635822,0.779124332,-2.041635582,-1.491070861,-0.5318478316,0,1,118,task,30,0,-1610,10,652,0
1,108,150,-2.1068117,-0.2754414394,0.8312805641,-2.069558337,-1.491183446,-0.5378864854,0,0,,transition,30,0,-1610,10,652,0
1,108,151,-2.112834486,-0.2980192965,0.8834367961,-2.097481092,-1.49129603,-0.5439251392,0,1,119,task,30,0,-1610,10,652,0
1,108,152,-2.124950699,-0.3382704516,0.9763523853,-2.146362019,-1.493157564,-0.5559823385,0,1,120,task,30,0,-1610,10,652,0
1,108,153,-2.137435551,-0.3748444034,1.061257376,-2.19078111,-1.495612816,-0.5683683604,0,1,121,task,30,0,-1610,10,652,0
1,108,154,-2.150440214,-0.4085273768,1.140280853,-2.232425129,-1.498219405,-0.581259611,0,1,122,task,30,0,-1610,10,652,0
1,108,155,-2.163925096,-0.4403034053,1.216290739,-2.275104203,-1.501223449,-0.5946259504,0,1,123,task,30,0,-1610,10,652,0
1,108,156,-2.178019118,-0.4699224421,1.288047229,-2.315715189,-1.504300339,-0.6085954258,0,1,124,task,30,0,-1610,10,652,0
1,108,157,-2.192826946,-0.4976013905,1.356124075,-2.354497887,-1.507244104,-0.6232826989,0,1,125,task,30,0,-1610,10,652,0
1,108,158,-2.208437503,-0.5235087136,1.420966202,-2.391641457,-1.509927598,-0.6387824513,0,1,126,task,30,0,-1610,10,652,0
1,108,159,-2.222970722,-0.5491486139,1.478563874,-2.416447196,-1.518094521,-0.6527824138,0,1,127,task,30,0,-1610,10,652,0
1,108,160,-2.236905395,-0.5745881825,1.535476558,-2.443329446,-1.530089895,-0.665990654,0,1,128,task,30,0,-1610,10,652,0
1,108,161,-2.253456139,-0.5982468329,1.593007428,-2.475543656,-1.536647249,-0.6821869323,0,1,129,task,30,0,-1610,10,652,0
1,108,162,-2.271768077,-0.6204048637,1.649503656,-2.509226926,-1.540708148,-0.7003047104,0,1,130,task,30,0,-1610,10,652,0
1,108,163,-2.291007642,-0.6414675963,1.704170671,-2.542270322,-1.54486527,-0.7193447456,0,1,131,task,30,0,-1610,10,652,0
1,108,164,-2.292330991,-0.6428405233,1.70777056,-2.544463324,-1.545147257,-0.7206545422,0,1,132,task,30,0,-1610,10,652,0
1,108,165,-2.26903981,-0.6572759002,1.742547559,-2.565424492,-1.54303159,-0.6974513623,0,1,133,task,10,0,-1610,10,652,0
1,108,166,-2.250534397,-0.6362594337,1.688191296,-2.532775486,-1.537348597,-0.6792237831,0,1,134,task,30,0,-1610,10,652,0
1,108,167,-2.233300995,-0.6140934199,1.632699148,-2.500894051,-1.530781717,-0.6623353115,0,1,135,task,30,0,-1610,10,652,0
1,108,168,-2.217564017,-0.5906913017,1.576519091,-2.470943026,-1.522422944,-0.6470735254,0,1,136,task,30,0,-1610,10,652,0
1,108,169,-2.202197874,-0.5665520471,1.519127006,-2.441753576,-1.515262258,-0.6321333232,0,1,137,task,30,0,-1610,10,652,0
1,108,170,-2.187144147,-0.5416428378,1.460387423,-2.413236531,-1.509418124,-0.6174342822,0,1,138,task,30,0,-1610,10,652,0
1,108,171,-2.171829946,-0.5161440151,1.396646438,-2.377290275,-1.50660517,-0.6022431368,0,1,139,task,30,0,-1610,10,652,0
1,108,172,-2.156985846,-0.4892367335,1.329335931,-2.338394004,-1.504610182,-0.5874631944,0,1,140,task,30,0,-1610,10,652,0
1,108,173,-2.143206338,-0.4603635053,1.259034707,-2.298738681,-1.50140024,-0.5738152403,0,1,141,task,30,0,-1610,10,652,0
1,108,174,-2.130548552,-0.429318404,1.185534687,-2.25862196,-1.496541076,-0.5613810384,0,1,142,task,30,0,-1610,10,652,0
1,108,175,-2.117638134,-0.3967069553,1.10791702,-2.216706426,-1.49451487,-0.5485431662,0,1,143,task,30,0,-1610,10,652,0
1,108,176,-2.105270872,-0.3613675607,1.024760688,-2.171979118,-1.492590254,-0.5362387617,0,1,144,task,30,0,-1610,10,652,0
1,108,177,-2.093415535,-0.3226408725,0.9346059472,-2.123637844,-1.490761048,-0.5244373204,0,1,145,task,30,0,-1610,10,652,0
1,108,178,-2.081906555,-0.2795658259,0.8349534674,-2.069976825,-1.489527194,-0.5129480218,0,1,146,task,30,0,-1610,10,652,0
1,108,179,-2.076262883,-0.254970928,0.7782989701,-2.039210859,-1.489407805,-0.5072885333,0,0,,transition,30,0,-1610,10,652,0
1,108,180,-2.070619211,-0.23037603,0.7216444729,-2.008444892,-1.489288416,-0.5016290449,0,1,147,task,30,0,-1610,10,652,0
1,108,181,-2.047538164,-0.2476371459,0.7512346889,-2.023215038,-1.492279852,-0.4783192925,0,1,148,task,10,0,-1610,10,652,0
1,108,182,-2.052805589,-0.2715639172,0.8063869368,-2.053144396,-1.492988714,-0.4835723542,0,0,,transition,30,0,-1610,10,652,0
1,108,183,-2.058073015,-0.2954906886,0.8615391846,-2.083073753,-1.493697577,-0.4888254159,0,1,149,task,30,0,-1610,10,652,0
1,108,184,-2.069057919,-0.3375880688,0.9596910324,-2.136526887,-1.495186613,-0.4997761409,0,1,150,task,30,0,-1610,10,652,0
1,108,185,-2.08052055,-0.3754788916,1.049097833,-2.185433165,-1.49675168,-0.5111986781,0,1,151,task,30,0,-1610,10,652,0
1,108,186,-2.09249072,-0.4100976165,1.13182409,-2.230923547,-1.498397873,-0.523122332,0,1,152,task,30,0,-1610,10,652,0
1,108,187,-2.105000562,-0.442055802,1.20923086,-2.273748665,-1.500130703,-0.5355786837,0,1,153,task,30,0,-1610,10,652,0
1,108,188,-2.118084738,-0.4717765255,1.282269917,-2.314438614,-1.501956124,-0.5486017898,0,1,154,task,30,0,-1610,10,652,0
1,108,189,-2.131905362,-0.500140366,1.351973267,-2.353341451,-1.503475138,-0.5623763345,0,1,155,task,30,0,-1610,10,652,0
1,108,190,-2.146401959,-0.5268778703,1.418540107,-2.390743754,-1.505045827,-0.5768224127,0,1,156,task,30,0,-1610,10,652,0
1,108,191,-2.161379087,-0.5522778217,1.481932862,-2.425829285,-1.507397517,-0.5916978307,0,1,157,task,30,0,-1610,10,652,0
1,108,192,-2.17641858,-0.5769028384,1.541794152,-2.456853224,-1.511834365,-0.6064931628,0,1,158,task,30,0,-1610,10,652,0
1,108,193,-2.19219165,-0.6003686404,1.59959355,-2.487053782,-1.516443799,-0.6219980428,0,1,159,task,30,0,-1610,10,652,0
1,108,194,-2.208222821,-0.6233040654,1.656429108,-2.51835092,-1.522685635,-0.6376903044,0,1,160,task,30,0,-1610,10,652,0
1,108,195,-2.225036718,-0.6452469839,1.711630512,-2.549270044,-1.529183545,-0.6541495286,0,1,161,task,30,0,-1610,10,652,0
1,108,196,-2.241803156,-0.6667131484,1.765245175,-2.579587012,-1.538243389,-0.6704346048,0,1,162,task,30,0,-1610,10,652,0
1,108,197,-2.244833048,-0.6709439733,1.775468294,-2.585372955,-1.540848603,-0.6733331799,0,1,163,task,30,0,-1610,10,652,0
1,108,198,-2.224425181,-0.6815299985,1.809077472,-2.611004675,-1.52656218,-0.6536910132,0,1,164,task,10,0,-1610,10,652,0
1,108,199,-2.204991551,-0.6621413451,1.754050288,-2.575966993,-1.524653027,-0.6343158218,0,1,165,task,30,0,-1610,10,652,0
1,108,200,-2.186686638,-0.6415650646,1.697522571,-2.540734122,-1.522602879,-0.6160798301,0,1,166,task,30,0,-1610,10,652,0
1,108,201,-2.172338303,-0.6181919692,1.643589382,-2.515791459,-1.512329221,-0.602341954,0,1,167,task,30,0,-1610,10,652,0
1,108,202,-2.156990217,-0.5957839734,1.586566803,-2.485415797,-1.507026194,-0.5872869341,0,1,168,task,30,0,-1610,10,652,0
1,108,203,-2.141402375,-0.5731001762,1.526276547,-2.450585275,-1.504765602,-0.5717934441,0,1,169,task,30,0,-1610,10,652,0
1,108,204,-2.12656878,-0.5490749133,1.463752651,-2.414863432,-1.50262956,-0.5570433934,0,1,170,task,30,0,-1610,10,652,0
1,108,205,-2.11243977,-0.5235994583,1.398712355,-2.378073471,-1.500609416,-0.5429880269,0,1,171,task,30,0,-1610,10,652,0
1,108,206,-2.098969577,-0.4965306295,1.330801783,-2.340002434,-1.4986972,-0.5295824062,0,1,172,task,30,0,-1610,10,652,0
1,108,207,-2.086116,-0.4676791801,1.259570253,-2.300387039,-1.496885573,-0.5167850871,0,1,173,task,30,0,-1610,10,652,0
1,108,208,-2.073840102,-0.4367918978,1.184430873,-2.258892112,-1.495167775,-0.5045578224,0,1,174,task,30,0,-1610,10,652,0
1,108,209,-2.062105929,-0.403522811,1.104597349,-2.215076133,-1.49353758,-0.4928652896,0,1,175,task,30,0,-1610,10,652,0
1,108,210,-2.05088026,-0.3673842566,1.018976788,-2.168332923,-1.491989248,-0.481674841,0,1,176,task,30,0,-1610,10,652,0
1,108,211,-2.040132372,-0.3276575524,0.9259741519,-2.117785388,-1.490517489,-0.4709562761,0,1,177,task,30,0,-1610,10,652,0
1,108,212,-2.034983098,-0.3054354287,0.8745365666,-2.089928644,-1.489817455,-0.465818955,0,0,,transition,30,0,-1610,10,652,0
1,108,213,-2.029833824,-0.283213305,0.8230989813,-2.062071899,-1.48911742,-0.4606816338,0,1,178,task,30,0,-1610,10,652,0
1,108,214,-2.004576606,-0.2923618955,0.8309549596,-2.063274952,-1.493194994,-0.4351628692,0,1,179,task,10,0,-1610,10,652,0
1,108,215,-2.009447309,-0.314629737,0.882307467,-2.090933179,-1.493920405,-0.4400189157,0,0,,transition,30,0,-1610,10,652,0
1,108,216,-2.014318013,-0.3368975785,0.9336599744,-2.118591407,-1.494645817,-0.4448749622,0,1,180,task,30,0,-1610,10,652,0
1,108,217,-2.024488427,-0.3767900333,1.026646498,-2.168825266,-1.496167247,-0.4550103691,0,1,181,task,30,0,-1610,10,652,0
1,108,218,-2.035115511,-0.4131442429,1.112351932,-2.215309641,-1.497764078,-0.4655962772,0,1,182,task,30,0,-1610,10,652,0
1,108,219,-2.046229223,-0.4466661844,1.192344035,-2.258907184,-1.499441513,-0.4766621247,0,1,183,task,30,0,-1610,10,652,0
1,108,220,-2.05786204,-0.4778362617,1.267700543,-2.300216308,-1.501205201,-0.4882398211,0,1,184,task,30,0,-1610,10,652,0
1,108,221,-2.070049212,-0.5069959998,1.339198989,-2.33967435,-1.503061282,-0.5003639923,0,1,185,task,30,0,-1610,10,652,0
1,108,222,-2.082829035,-0.5343957153,1.407421203,-2.377614449,-1.505016432,-0.513072251,0,1,186,task,30,0,-1610,10,652,0
1,108,223,-2.096243153,-0.5602226415,1.472815109,-2.414299274,-1.507077913,-0.5264054971,0,1,187,task,30,0,-1610,10,652,0
1,108,224,-2.110336903,-0.584618438,1.535733366,-2.449942217,-1.509253631,-0.5404082481,0,1,188,task,30,0,-1610,10,652,0
1,108,225,-2.125159675,-0.6076905485,1.596458614,-2.484721364,-1.51155219,-0.5551290046,0,1,189,task,30,0,-1610,10,652,0
1,108,226,-2.140765329,-0.6295198034,1.655220581,-2.51878909,-1.51398296,-0.5706206526,0,1,190,task,30,0,-1610,10,652,0
1,108,227,-2.157212637,-0.6501656224,1.712208004,-2.552278886,-1.516556134,-0.5869409041,0,1,191,task,30,0,-1610,10,652,0
1,108,228,-2.174565766,-0.6696696254,1.767577143,-2.585310396,-1.519282803,-0.6041527787,0,1,192,task,30,0,-1610,10,652,0
1,108,229,-2.192894813,-0.6880581456,1.821457969,-2.617993251,-1.522175019,-0.6223251271,0,1,193,task,30,0,-1610,10,652,0
1,108,230,-2.198368236,-0.6940103596,1.838525639,-2.62915083,-1.524304357,-0.6277053252,0,1,194,task,30,0,-1610,10,652,0
1,108,231,-2.141316578,-0.7737185087,1.814186945,-2.532937118,-1.528531234,-0.5706412048,0,0,,transition,10,0,-1610,10,652,0
1,108,232,-2.08426492,-0.8534266579,1.78984825,-2.436723406,-1.53275811,-0.5135770843,0,0,,transition,10,0,-1610,10,652,0
1,108,233,-2.027213262,-0.933134807,1.765509556,-2.340509694,-1.536984987,-0.4565129638,0,0,,transition,10,0,-1610,10,652,0
1,108,234,-1.970161605,-1.012842956,1.741170861,-2.244295983,-1.541211864,-0.3994488433,0,0,,transition,10,0,-1610,10,652,0
1,108,235,-1.913109947,-1.092551105,1.716832167,-2.148082271,-1.54543874,-0.3423847229,0,0,,transition,10,0,-1610,10,652,0
1,108,236,-1.856058289,-1.172259254,1.692493472,-2.051868559,-1.549665617,-0.2853206024,0,0,,transition,10,0,-1610,10,652,0
1,108,237,-1.799006631,-1.251967403,1.668154778,-1.955654847,-1.553892493,-0.2282564819,0,0,,transition,10,0,-1610,10,652,0
1,108,238,-1.741954973,-1.331675553,1.643816083,-1.859441135,-1.55811937,-0.1711923614,0,0,,transition,10,0,-1610,10,652,0
1,108,239,-1.684903316,-1.411383702,1.619477389,-1.763227424,-1.562346247,-0.114128241,0,0,,transition,10,0,-1610,10,652,0
1,108,240,-1.627851658,-1.491091851,1.595138694,-1.667013712,-1.566573123,-0.05706412048,0,0,,transition,10,0,-1610,10,652,0
1,108,241,-1.5708,-1.5708,1.5708,-1.5708,-1.5708,0,0,0,,home,30,0,-1610,10,652,0
2,118,1,-1.5708,-1.5708,1.5708,-1.5708,-1.5708,0,0,0,,home,30,0,1610,10,652,0
2,118,2,-1.530684634,-1.475762868,1.542965484,-1.635482413,-1.566687858,0.04011409705,0,0,,transition,10,0,1610,10,652,0
2,118,3,-1.490569268,-1.380725736,1.515130967,-1.700164826,-1.562575717,0.0802281941,0,0,,transition,10,0,1610,10,652,0
2,118,4,-1.450453901,-1.285688604,1.487296451,-1.76484724,-1.558463575,0.1203422911,0,0,,transition,10,0,1610,10,652,0
2,118,5,-1.410338535,-1.190651472,1.459461934,-1.829529653,-1.554351433,0.1604563882,0,0,,transition,10,0,1610,10,652,0
2,118,6,-1.370223169,-1.09561434,1.431627418,-1.894212066,-1.550239292,0.2005704852,0,0,,transition,10,0,1610,10,652,0
2,118,7,-1.330107803,-1.000577207,1.403792901,-1.958894479,-1.54612715,0.2406845823,0,0,,transition,10,0,1610,10,652,0
2,118,8,-1.289992436,-0.9055400754,1.375958385,-2.023576892,-1.542015009,0.2807986793,0,0,,transition,10,0,1610,10,652,0
2,118,9,-1.24987707,-0.8105029433,1.348123868,-2.088259305,-1.537902867,0.3209127764,0,0,,transition,10,0,1610,10,652,0
2,118,10,-1.209761704,-0.7154658112,1.320289352,-2.152941719,-1.533790725,0.3610268734,0,0,,transition,10,0,1610,10,652,0
2,118,11,-1.169646338,-0.6204286791,1.292454835,-2.217624132,-1.529678584,0.4011409705,0,0,,transition,10,0,1610,10,652,0
2,118,12,-1.129530971,-0.525391547,1.264620319,-2.282306545,-1.525566442,0.4412550675,0,0,,transition,10,0,1610,10,652,0
2,118,13,-1.089415605,-0.4303544149,1.236785802,-2.346988958,-1.5214543,0.4813691646,0,1,1,task,30,0,1610,10,652,0
2,118,14,-1.100421495,-0.4018594135,1.171324466,-2.313627233,-1.524272025,0.4704105839,0,1,2,task,30,0,1610,10,652,0
2,118,15,-1.110511398,-0.3713096519,1.10144233,-2.277819225,-1.528649646,0.4603362741,0,1,3,task,30,0,1610,10,652,0
2,118,16,-1.119416877,-0.3381909768,1.026131725,-2.239082546,-1.535738613,0.4514100526,0,1,4,task,30,0,1610,10,652,0
2,118,17,-1.138625801,-0.3640655562,1.092886671,-2.280632312,-1.539524822,0.4321801039,0,1,5,task,10,0,1610,10,652,0
2,118,18,-1.130621054,-0.395749663,1.164989069,-2.316981507,-1.530296809,0.4402157745,0,1,6,task,30,0,1610,10,652,0
2,118,19,-1.121147742,-0.4251144674,1.231826642,-2.349855777,-1.524789379,0.4496691852,0,1,7,task,30,0,1610,10,652,0
2,118,20,-1.110591148,-0.4526950184,1.292657385,-2.375891364,-1.521450778,0.4601047203,0,1,8,task,30,0,1610,10,652,0
2,118,21,-1.098161309,-0.4785549215,1.34585357,-2.390979736,-1.522639559,0.4721813553,0,1,9,task,30,0,1610,10,652,0
2,118,22,-1.083985891,-0.5027118809,1.403765978,-2.422403494,-1.527289036,0.4862219765,0,1,10,task,30,0,1610,10,652,0
2,118,23,-1.071024415,-0.5262201719,1.460797115,-2.454789866,-1.526121064,0.4991310976,0,1,11,task,30,0,1610,10,652,0
2,118,24,-1.061922555,-0.5417478669,1.498874662,-2.477055246,-1.524904357,0.5082138127,0,1,12,task,30,0,1610,10,652,0
2,118,25,-1.086669173,-0.5570634396,1.54259485,-2.504340688,-1.526176603,0.4834745833,0,1,13,task,10,0,1610,10,652,0
2,118,26,-1.099183798,-0.5344755864,1.488169745,-2.474728009,-1.528816671,0.471033308,0,1,14,task,30,0,1610,10,652,0
2,118,27,-1.112670007,-0.511537602,1.430464606,-2.439952137,-1.52663532,0.4575883299,0,1,15,task,30,0,1610,10,652,0
2,118,28,-1.125355402,-0.4870391256,1.370641512,-2.405407916,-1.524951691,0.4449624059,0,1,16,task,30,0,1610,10,652,0
2,118,29,-1.137713016,-0.461184071,1.316711158,-2.388826952,-1.522250542,0.4329401152,0,1,17,task,30,0,1610,10,652,0
2,118,30,-1.146310129,-0.4330513946,1.260075578,-2.373768,-1.530201017,0.4245175839,0,1,18,task,30,0,1610,10,652,0
2,118,31,-1.152823524,-0.4031032603,1.193350294,-2.343025934,-1.544057335,0.4179621271,0,1,19,task,30,0,1610,10,652,0
2,118,32,-1.163088239,-0.3732879501,1.11976444,-2.299310312,-1.543911754,0.40770129,0,1,20,task,30,0,1610,10,652,0
2,118,33,-1.177360174,-0.3922488211,1.166394329,-2.317967813,-1.569070157,0.3932972389,0,1,21,task,10,0,1610,10,652,0
2,118,34,-1.167950274,-0.4212252518,1.239341809,-2.362799119,-1.566913336,0.4027064403,0,1,22,task,30,0,1610,10,652,0
2,118,35,-1.158087361,-0.4481019213,1.308273865,-2.405755513,-1.564761265,0.4125706311,0,1,23,task,30,0,1610,10,652,0
2,118,36,-1.159318523,-0.4808282697,1.359705223,-2.399440331,-1.5261046,0.4110186488,0,1,24,task,30,0,1610,10,652,0
2,118,37,-1.147789944,-0.5061165986,1.42182201,-2.435980441,-1.527003779,0.422511188,0,1,25,task,30,0,1610,10,652,0
2,118,38,-1.135692652,-0.5299920307,1.481233997,-2.47122564,-1.527861241,0.4345713598,0,1,26,task,30,0,1610,10,652,0
2,118,39,-1.122989024,-0.5525743092,1.538212267,-2.505327672,-1.528674007,0.4472367039,0,1,27,task,30,0,1610,10,652,0
2,118,40,-1.11224917,-0.5713106492,1.584207666,-2.530582974,-1.527520344,0.4579052077,0,1,28,task,30,0,1610,10,652,0
2,118,41,-1.138675442,-0.5845397384,1.623795618,-2.555817926,-1.528938198,0.4314930661,0,1,29,task,10,0,1610,10,652,0
2,118,42,-1.144203648,-0.5607951037,1.562363295,-2.513511913,-1.549355956,0.4258072903,0,1,30,task,30,0,1610,10,652,0
2,118,43,-1.153442412,-0.5375478558,1.502647183,-2.475587002,-1.557781576,0.4165787736,0,1,31,task,30,0,1610,10,652,0
2,118,44,-1.162216595,-0.5129404672,1.440590705,-2.436831128,-1.566202482,0.4078429575,0,1,32,task,30,0,1610,10,652,0
2,118,45,-1.170413823,-0.4865003987,1.381292411,-2.409841077,-1.574973392,0.3998592831,0,1,33,task,30,0,1610,10,652,0
2,118,46,-1.179532901,-0.4599277085,1.323037912,-2.387811624,-1.579492876,0.390956583,0,1,34,task,30,0,1610,10,652,0
2,118,47,-1.189368798,-0.4331281801,1.25627471,-2.349711534,-1.58032374,0.3811597012,0,1,35,task,30,0,1610,10,652,0
2,118,48,-1.198761833,-0.4044230229,1.185804733,-2.309817475,-1.581099982,0.3718023851,0,1,36,task,30,0,1610,10,652,0
2,118,49,-1.222560345,-0.4214264659,1.22821024,-2.336350543,-1.582260775,0.3480355577,0,1,37,task,10,0,1610,10,652,0
2,118,50,-1.213634492,-0.4494028022,1.297253427,-2.375193627,-1.581494065,0.3569242225,0,1,38,task,30,0,1610,10,652,0
2,118,51,-1.204279016,-0.475599235,1.36288889,-2.412415261,-1.580668951,0.3662386566,0,1,39,task,30,0,1610,10,652,0
2,118,52,-1.194988819,-0.5011770058,1.423432287,-2.441850263,-1.578208817,0.3754165286,0,1,40,task,30,0,1610,10,652,0
2,118,53,-1.185990411,-0.5268538613,1.478748155,-2.461587083,-1.573493024,0.3841769159,0,1,41,task,30,0,1610,10,652,0
2,118,54,-1.175279459,-0.550095595,1.537581216,-2.495899051,-1.572304213,0.3948354645,0,1,42,task,30,0,1610,10,652,0
2,118,55,-1.163802801,-0.5718597291,1.595019402,-2.53157847,-1.571624658,0.4062905823,0,1,43,task,30,0,1610,10,652,0
2,118,56,-1.151704398,-0.5924152638,1.650401271,-2.566417458,-1.570906668,0.4183662511,0,1,44,task,30,0,1610,10,652,0
2,118,57,-1.15154323,-0.5926741636,1.651106662,-2.566864167,-1.570897093,0.4185271155,0,1,45,task,30,0,1610,10,652,0
2,118,58,-1.179410739,-0.6056497898,1.687811652,-2.590620594,-1.572633752,0.3907137495,0,1,46,task,10,0,1610,10,652,0
2,118,59,-1.190955155,-0.5854908761,1.63250914,-2.555475507,-1.573304051,0.3791906932,0,1,47,task,30,0,1610,10,652,0
2,118,60,-1.201888311,-0.5641402996,1.575260507,-2.519581193,-1.573936556,0.3682777132,0,1,48,task,30,0,1610,10,652,0
2,118,61,-1.211429087,-0.5405513021,1.519788986,-2.493654483,-1.576912328,0.3588888374,0,1,49,task,30,0,1610,10,652,0
2,118,62,-1.220435109,-0.515791797,1.46270121,-2.46799169,-1.580011636,0.350026531,0,1,50,task,30,0,1610,10,652,0
2,118,63,-1.229401058,-0.4908217332,1.402023987,-2.43681056,-1.581850546,0.3411444945,0,1,51,task,30,0,1610,10,652,0
2,118,64,-1.23824544,-0.4651820485,1.337546988,-2.400704246,-1.582676753,0.3323443795,0,1,52,task,30,0,1610,10,652,0
2,118,65,-1.246676555,-0.4378810596,1.269939624,-2.363134579,-1.583438995,0.3239527736,0,1,53,task,30,0,1610,10,652,0
2,118,66,-1.272728541,-0.4480483838,1.297225336,-2.383197967,-1.584799746,0.297946002,0,1,54,task,10,0,1610,10,652,0
2,118,67,-1.264901561,-0.4750730404,1.363907135,-2.419296861,-1.584045865,0.3057309415,0,1,55,task,30,0,1610,10,652,0
2,118,68,-1.256687317,-0.5005217937,1.427644041,-2.454031799,-1.583220001,0.3138968149,0,1,56,task,30,0,1610,10,652,0
2,118,69,-1.248185885,-0.5249893283,1.488591668,-2.486507904,-1.581945442,0.3223340267,0,1,57,task,30,0,1610,10,652,0
2,118,70,-1.239564661,-0.5492832979,1.546796107,-2.515348131,-1.579689483,0.3308583764,0,1,58,task,30,0,1610,10,652,0
2,118,71,-1.230501153,-0.5724860436,1.602987628,-2.543299612,-1.577321353,0.339810884,0,1,59,task,30,0,1610,10,652,0
2,118,72,-1.220855137,-0.5945083903,1.657799231,-2.571826376,-1.575124057,0.3493476847,0,1,60,task,30,0,1610,10,652,0
2,118,73,-1.210032106,-0.6144943467,1.713415545,-2.607457872,-1.574527342,0.3601513973,0,1,61,task,30,0,1610,10,652,0
2,118,74,-1.208144137,-0.6177533959,1.722628043,-2.613411844,-1.574422866,0.3620359883,0,1,62,task,30,0,1610,10,652,0
2,118,75,-1.237741246,-0.6290180585,1.755581211,-2.635234777,-1.576262623,0.3324957985,0,1,63,task,10,0,1610,10,652,0
2,118,76,-1.247737529,-0.6091408574,1.701318142,-2.602702786,-1.577455079,0.3225551603,0,1,64,task,30,0,1610,10,652,0
2,118,77,-1.256882756,-0.5876969924,1.64671828,-2.573607729,-1.579408333,0.3135026708,0,1,65,task,30,0,1610,10,652,0
2,118,78,-1.265551853,-0.5652232103,1.590377483,-2.543827119,-1.581262948,0.3049161063,0,1,66,task,30,0,1610,10,652,0
2,118,79,-1.273778991,-0.5416551015,1.532126194,-2.513252663,-1.583025983,0.2967620148,0,1,67,task,30,0,1610,10,652,0
2,118,80,-1.28172054,-0.5175079428,1.472288053,-2.482188255,-1.584334909,0.2888874407,0,1,68,task,30,0,1610,10,652,0
2,118,81,-1.289388321,-0.4926169127,1.410600348,-2.450480428,-1.585216297,0.2812787675,0,1,69,task,30,0,1610,10,652,0
2,118,82,-1.296693021,-0.4663105741,1.346291042,-2.41757158,-1.586007912,0.2740229346,0,1,70,task,30,0,1610,10,652,0
2,118,83,-1.324674192,-0.4700530656,1.359328294,-2.431516679,-1.587233985,0.2460817352,0,1,71,task,10,0,1610,10,652,0
2,118,84,-1.317946152,-0.4961432753,1.426242585,-2.470447182,-1.586905449,0.252796162,0,1,72,task,30,0,1610,10,652,0
2,118,85,-1.311039773,-0.5213212925,1.486438204,-2.49777963,-1.586028258,0.2596392823,0,1,73,task,30,0,1610,10,652,0
2,118,86,-1.303766379,-0.5455844362,1.543908229,-2.52247862,-1.585113642,0.2668217372,0,1,74,task,30,0,1610,10,652,0
2,118,87,-1.295749497,-0.5692589255,1.601255252,-2.550276618,-1.585155328,0.2747649659,0,1,75,task,30,0,1610,10,652,0
2,118,88,-1.28730642,-0.5919021108,1.656762303,-2.577256482,-1.585077928,0.2831205657,0,1,76,task,30,0,1610,10,652,0
2,118,89,-1.278404493,-0.6135767148,1.710589626,-2.603516752,-1.584871809,0.2919198287,0,1,77,task,30,0,1610,10,652,0
2,118,90,-1.262462258,-0.6341284286,1.753932565,-2.609973823,-1.601966745,0.3077614003,0,1,78,task,30,0,1610,10,652,0
2,118,91,-1.258299718,-0.6404847361,1.770032555,-2.617522974,-1.604333056,0.3119154523,0,1,79,task,30,0,1610,10,652,0
2,118,92,-1.2892215,-0.6517160782,1.800018823,-2.637351215,-1.606874888,0.2810796219,0,1,80,task,10,0,1610,10,652,0
2,118,93,-1.298800652,-0.6319365934,1.745394082,-2.604248922,-1.605670643,0.2715215723,0,1,81,task,30,0,1610,10,652,0
2,118,94,-1.307831912,-0.6110785935,1.689166555,-2.570572942,-1.604393444,0.2625096215,0,1,82,task,30,0,1610,10,652,0
2,118,95,-1.316358537,-0.5891002026,1.631195497,-2.536227513,-1.603049822,0.2540008056,0,1,83,task,30,0,1610,10,652,0
2,118,96,-1.329199285,-0.5656111868,1.584453622,-2.530917799,-1.587612363,0.2412818642,0,1,84,task,30,0,1610,10,652,0
2,118,97,-1.335681231,-0.5386117709,1.540709927,-2.542054253,-1.589053283,0.2350718045,0,1,85,task,30,0,1610,10,652,0
2,118,98,-1.338808255,-0.5142262713,1.473447395,-2.49699041,-1.599917247,0.2320078607,0,1,86,task,30,0,1610,10,652,0
2,118,99,-1.341796063,-0.4881231327,1.403522044,-2.451064752,-1.61069357,0.2291081677,0,1,87,task,30,0,1610,10,652,0
2,118,100,-1.346717915,-0.4610668962,1.332883802,-2.407344313,-1.614691925,0.2242250183,0,1,88,task,30,0,1610,10,652,0
2,118,101,-1.351391308,-0.4320537091,1.258746631,-2.362108099,-1.618683769,0.2195921339,0,1,89,task,30,0,1610,10,652,0
2,118,102,-1.355834222,-0.4008077559,1.180456014,-2.314975392,-1.622669377,0.2151914338,0,1,90,task,30,0,1610,10,652,0
2,118,103,-1.360062985,-0.3669450648,1.097126505,-2.265442894,-1.626649017,0.2110065017,0,1,91,task,30,0,1610,10,652,0
2,118,104,-1.364092449,-0.3299138579,1.007510832,-2.212813465,-1.630622943,0.2070224036,0,1,92,task,30,0,1610,10,652,0
2,118,105,-1.367936158,-0.288882453,0.9097543344,-2.156062631,-1.634591398,0.2032255275,0,1,93,task,30,0,1610,10,652,0
2,118,106,-1.369771316,-0.2656935813,0.8553178822,-2.124811112,-1.636573005,0.2014144855,0,0,,transition,30,0,1610,10,652,0
2,118,107,-1.371606475,-0.2425047097,0.80088143,-2.093559594,-1.638554612,0.1996034435,0,1,94,task,30,0,1610,10,652,0
2,118,108,-1.395438242,-0.240489062,0.799039219,-2.103990753,-1.642543114,0.1757973823,0,1,95,task,10,0,1610,10,652,0
2,118,109,-1.39359011,-0.26323239,0.8502503204,-2.129200983,-1.641665625,0.1776298166,0,0,,transition,30,0,1610,10,652,0
2,118,110,-1.391741978,-0.285975718,0.9014614217,-2.154411212,-1.640788136,0.1794622508,0,1,96,task,30,0,1610,10,652,0
2,118,111,-1.387677017,-0.3269485321,0.9966068297,-2.204919701,-1.639720797,0.1835095962,0,1,97,task,30,0,1610,10,652,0
2,118,112,-1.383287713,-0.364192288,1.085507575,-2.254691513,-1.639090632,0.1878930826,0,1,98,task,30,0,1610,10,652,0
2,118,113,-1.378686005,-0.3983142874,1.168129545,-2.301296957,-1.638436755,0.1924879191,0,1,99,task,30,0,1610,10,652,0
2,118,114,-1.373856515,-0.4298703181,1.245719781,-2.34542679,-1.637757365,0.1973093866,0,1,100,task,30,0,1610,10,652,0
2,118,115,-1.368782391,-0.4592484811,1.319162606,-2.387576711,-1.637050479,0.2023742298,0,1,101,task,30,0,1610,10,652,0
2,118,116,-1.363445129,-0.4867291984,1.389111146,-2.428118871,-1.636313909,0.2077008303,0,1,102,task,30,0,1610,10,652,0
2,118,117,-1.357824379,-0.5125197185,1.456063121,-2.467343161,-1.635545237,0.2133094041,0,1,103,task,30,0,1610,10,652,0
2,118,118,-1.351897713,-0.5367751687,1.520407277,-2.50548259,-1.634741782,0.2192222262,0,1,104,task,30,0,1610,10,652,0
2,118,119,-1.345971465,-0.5600138732,1.581562463,-2.539919747,-1.632944252,0.2251042569,0,1,105,task,30,0,1610,10,652,0
2,118,120,-1.343811974,-0.5875976442,1.631160627,-2.541653718,-1.619653717,0.2268419794,0,1,106,task,30,0,1610,10,652,0
2,118,121,-1.337683912,-0.6104537991,1.689993005,-2.575338704,-1.616777279,0.2328974412,0,1,107,task,30,0,1610,10,652,0
2,118,122,-1.331190933,-0.6322219672,1.747157459,-2.608460889,-1.613846639,0.2393135457,0,1,108,task,30,0,1610,10,652,0
2,118,123,-1.324300692,-0.6529434026,1.802803781,-2.641130954,-1.610857108,0.246122296,0,1,109,task,30,0,1610,10,652,0
2,118,124,-1.320957452,-0.6622142423,1.82815375,-2.656170668,-1.609447976,0.2494260386,0,1,110,task,30,0,1610,10,652,0
2,118,125,-1.353480723,-0.6720044322,1.854431227,-2.673954046,-1.612044729,0.21698069,0,1,111,task,10,0,1610,10,652,0
2,118,126,-1.359452608,-0.6518230007,1.799542076,-2.641996302,-1.615436239,0.2110934198,0,1,112,task,30,0,1610,10,652,0
2,118,127,-1.36507013,-0.6306306028,1.743283312,-2.60970084,-1.618770353,0.2055557177,0,1,113,task,30,0,1610,10,652,0
2,118,128,-1.370363186,-0.6083989152,1.685522653,-2.57696149,-1.622051785,0.2003380474,0,1,114,task,30,0,1610,10,652,0
2,118,129,-1.373563359,-0.5832673003,1.632641753,-2.562563192,-1.630329173,0.1973824418,0,1,115,task,30,0,1610,10,652,0
2,118,130,-1.377561924,-0.5588861382,1.576136051,-2.540134317,-1.635785379,0.1935274031,0,1,116,task,30,0,1610,10,652,0
2,118,131,-1.382894376,-0.5355618208,1.513286877,-2.502786337,-1.636589432,0.1882087518,0,1,117,task,30,0,1610,10,652,0
2,118,132,-1.387944338,-0.5108044816,1.448110424,-2.464532667,-1.637359613,0.1831708643,0,1,118,task,30,0,1610,10,652,0
2,118,133,-1.392733163,-0.4844917118,1.380281969,-2.425171615,-1.638098584,0.1783925463,0,1,119,task,30,0,1610,10,652,0
2,118,134,-1.397280153,-0.4564601395,1.309393169,-2.3844588,-1.638808741,0.1738546337,0,1,120,task,30,0,1610,10,652,0
2,118,135,-1.401602798,-0.4264909017,1.234919736,-2.342089348,-1.639492243,0.1695397612,0,1,121,task,30,0,1610,10,652,0
2,118,136,-1.405716975,-0.3942866857,1.156170759,-2.297670183,-1.640151043,0.1654321611,0,1,122,task,30,0,1610,10,652,0
2,118,137,-1.409626163,-0.3594425863,1.072358243,-2.250987549,-1.640825225,0.161529517,0,1,123,task,30,0,1610,10,652,0
2,118,138,-1.41322508,-0.3215683598,0.9840684459,-2.204943755,-1.641943937,0.157947707,0,1,124,task,30,0,1610,10,652,0
2,118,139,-1.416666395,-0.279787646,0.8876621324,-2.154686806,-1.643027129,0.1545197595,0,1,125,task,30,0,1610,10,652,0
2,118,140,-1.441717256,-0.2688001809,0.8602841163,-2.143323701,-1.644286947,0.1294207397,0,1,126,task,10,0,1610,10,652,0
2,118,141,-1.440258921,-0.2904963506,0.9106283279,-2.170322955,-1.643926863,0.1308772283,0,0,,transition,30,0,1610,10,652,0
2,118,142,-1.438800586,-0.3121925202,0.9609725396,-2.19732221,-1.643566778,0.1323337169,0,1,127,task,30,0,1610,10,652,0
2,118,143,-1.435748267,-0.35124791,1.052650333,-2.24664166,-1.642823865,0.1353806765,0,1,128,task,30,0,1610,10,652,0
2,118,144,-1.432550742,-0.3869538999,1.137502385,-2.292479129,-1.642056622,0.1385710467,0,1,129,task,30,0,1610,10,652,0
2,118,145,-1.429190096,-0.4199573369,1.21708403,-2.335892113,-1.641288269,0.1419233445,0,1,130,task,30,0,1610,10,652,0
2,118,146,-1.425623602,-0.4506894862,1.292825739,-2.378454047,-1.640616681,0.1454835604,0,1,131,task,30,0,1610,10,652,0
2,118,147,-1.421872706,-0.4794244576,1.364839512,-2.419277091,-1.639921416,0.1492269109,0,1,132,task,30,0,1610,10,652,0
2,118,148,-1.417922997,-0.5063989317,1.433688465,-2.45868719,-1.639200584,0.153167693,0,1,133,task,30,0,1610,10,652,0
2,118,149,-1.413758553,-0.5317890676,1.499808979,-2.496944041,-1.638452087,0.1573216998,0,1,134,task,30,0,1610,10,652,0
2,118,150,-1.409361744,-0.5557267639,1.563546889,-2.534261019,-1.637673594,0.1617064162,0,1,135,task,30,0,1610,10,652,0
2,118,151,-1.404713003,-0.5783102111,1.625181292,-2.57081843,-1.636862508,0.1663412458,0,1,136,task,30,0,1610,10,652,0
2,118,152,-1.401515128,-0.6026182372,1.680690591,-2.591769406,-1.631271065,0.1694082436,0,1,137,task,30,0,1610,10,652,0
2,118,153,-1.398308495,-0.6263439472,1.734326066,-2.610773849,-1.625178414,0.1724515798,0,1,138,task,30,0,1610,10,652,0
2,118,154,-1.394125433,-0.6482390788,1.790729602,-2.641120686,-1.621064603,0.1765466575,0,1,139,task,30,0,1610,10,652,0
2,118,155,-1.389609359,-0.6690635672,1.846139631,-2.672145326,-1.617078119,0.1809779519,0,1,140,task,30,0,1610,10,652,0
2,118,156,-1.38675664,-0.6811107763,1.878839229,-2.690668487,-1.614656653,0.1837773587,0,1,141,task,30,0,1610,10,652,0
2,118,157,-1.420742316,-0.6895564853,1.901360959,-2.706276378,-1.617274408,0.1498580303,0,1,142,task,10,0,1610,10,652,0
2,118,158,-1.423853071,-0.6690037977,1.847270504,-2.677737776,-1.622486255,0.1468430637,0,1,143,task,30,0,1610,10,652,0
2,118,159,-1.426842533,-0.6475624332,1.79243036,-2.649992699,-1.627484596,0.1439482045,0,1,144,task,30,0,1610,10,652,0
2,118,160,-1.429910263,-0.625342722,1.738025344,-2.62595418,-1.631761154,0.1409795734,0,1,145,task,30,0,1610,10,652,0
2,118,161,-1.432813129,-0.6022381516,1.682240036,-2.601438706,-1.635977397,0.1381637572,0,1,146,task,30,0,1610,10,652,0
2,118,162,-1.436114583,-0.5792763999,1.623581935,-2.571451596,-1.638568146,0.1349102816,0,1,147,task,30,0,1610,10,652,0
2,118,163,-1.439830851,-0.5563131148,1.561606508,-2.535397166,-1.639377068,0.131206789,0,1,148,task,30,0,1610,10,652,0
2,118,164,-1.44334591,-0.5320065088,1.497536897,-2.4985836,-1.640156883,0.1277026595,0,1,149,task,30,0,1610,10,652,0
2,118,165,-1.446675464,-0.5062563313,1.431089087,-2.460827637,-1.640909877,0.1243823495,0,1,150,task,30,0,1610,10,652,0
2,118,166,-1.449833644,-0.4789281116,1.361911493,-2.42191263,-1.641638102,0.121231868,0,1,151,task,30,0,1610,10,652,0
2,118,167,-1.452846298,-0.4498741868,1.289496397,-2.381382972,-1.642300411,0.1182248493,0,1,152,task,30,0,1610,10,652,0
2,118,168,-1.455731573,-0.4188608557,1.21321787,-2.338786797,-1.642872716,0.1153430239,0,1,153,task,30,0,1610,10,652,0
2,118,169,-1.458478175,-0.3855000776,1.132408664,-2.29400057,-1.643426503,0.1125988857,0,1,154,task,30,0,1610,10,652,0
2,118,170,-1.461095771,-0.3493257653,1.046012847,-2.246434849,-1.643963064,0.1099828459,0,1,155,task,30,0,1610,10,652,0
2,118,171,-1.463593157,-0.3096546658,0.9525040553,-2.195246895,-1.64448357,0.1074861763,0,1,156,task,30,0,1610,10,652,0
2,118,172,-1.48885179,-0.2911663194,0.9061000301,-2.171254711,-1.645260648,0.08216592287,0,1,157,task,10,0,1610,10,652,0
2,118,173,-1.486955641,-0.3330580058,1.00455191,-2.225615939,-1.644892503,0.08406335582,0,1,158,task,30,0,1610,10,652,0
2,118,174,-1.484968322,-0.3709576693,1.09482017,-2.275780303,-1.64451426,0.08605159921,0,1,159,task,30,0,1610,10,652,0
2,118,175,-1.482883144,-0.405714402,1.178794625,-2.322788171,-1.644125182,0.0881373117,0,1,160,task,30,0,1610,10,652,0
2,118,176,-1.480692754,-0.4378912466,1.257744256,-2.367345095,-1.643724458,0.09032781316,0,1,161,task,30,0,1610,10,652,0
2,118,177,-1.47838905,-0.4678804108,1.332569662,-2.409959045,-1.64331119,0.09263116808,0,1,162,task,30,0,1610,10,652,0
2,118,178,-1.475963084,-0.4959643308,1.403937133,-2.451013415,-1.642884384,0.0950562817,0,1,163,task,30,0,1610,10,652,0
2,118,179,-1.473486634,-0.5225527828,1.471645573,-2.488826968,-1.642192734,0.09752687294,0,1,164,task,30,0,1610,10,652,0
2,118,180,-1.470905656,-0.5477423778,1.536598189,-2.524876102,-1.641384877,0.1000986949,0,1,165,task,30,0,1610,10,652,0
2,118,181,-1.468179429,-0.5715815755,1.599380406,-2.560099495,-1.640551912,0.1028138373,0,1,166,task,30,0,1610,10,652,0
2,118,182,-1.46529545,-0.5941544024,1.660243961,-2.594664475,-1.639691729,0.1056846274,0,1,167,task,30,0,1610,10,652,0
2,118,183,-1.462885106,-0.6169905962,1.718324523,-2.623934756,-1.637047226,0.108055066,0,1,168,task,30,0,1610,10,652,0
2,118,184,-1.460503891,-0.6392111015,1.774660393,-2.651506668,-1.633914445,0.1103843524,0,1,169,task,30,0,1610,10,652,0
2,118,185,-1.457979621,-0.6604933646,1.82967747,-2.678706411,-1.630740305,0.1128501486,0,1,170,task,30,0,1610,10,652,0
2,118,186,-1.455959753,-0.6814851389,1.883330457,-2.704198783,-1.625889871,0.114787998,0,1,171,task,30,0,1610,10,652,0
2,118,187,-1.455386404,-0.6973638762,1.921975944,-2.720736278,-1.619887887,0.1152731584,0,1,172,task,30,0,1610,10,652,0
2,118,188,-1.490629038,-0.7045542695,1.940661107,-2.734003942,-1.622486333,0.08008175193,0,1,173,task,10,0,1610,10,652,0
2,118,189,-1.489498223,-0.6822216398,1.890407174,-2.718805934,-1.632280936,0.08132485565,0,1,174,task,30,0,1610,10,652,0
2,118,190,-1.491324825,-0.662186085,1.835609125,-2.689499875,-1.634720367,0.07953274532,0,1,175,task,30,0,1610,10,652,0
2,118,191,-1.493042222,-0.6411749204,1.779614691,-2.659976003,-1.637133379,0.0778463272,0,1,176,task,30,0,1610,10,652,0
2,118,192,-1.494659983,-0.6191699829,1.722295658,-2.630124041,-1.639522033,0.07625628057,0,1,177,task,30,0,1610,10,652,0
2,118,193,-1.496410569,-0.5966725139,1.663567379,-2.5992228,-1.641257742,0.07452609499,0,1,178,task,30,0,1610,10,652,0
2,118,194,-1.498320837,-0.5736811741,1.603264152,-2.567079758,-1.64222727,0.07262845335,0,1,179,task,30,0,1610,10,652,0
2,118,195,-1.500128413,-0.54948878,1.541106324,-2.534279958,-1.643172693,0.07083099753,0,1,180,task,30,0,1610,10,652,0
2,118,196,-1.501976572,-0.5243840833,1.475348499,-2.496543646,-1.643680257,0.06898519486,0,1,181,task,30,0,1610,10,652,0
2,118,197,-1.503786061,-0.4979082224,1.406375678,-2.455942626,-1.643988597,0.06717506284,0,1,182,task,30,0,1610,10,652,0
2,118,198,-1.505501262,-0.4697118407,1.334437629,-2.414091076,-1.644288071,0.06545901271,0,1,183,task,30,0,1610,10,652,0
2,118,199,-1.507129323,-0.4395849349,1.259016089,-2.370681158,-1.644579351,0.06382991479,0,1,184,task,30,0,1610,10,652,0
2,118,200,-1.508676691,-0.4072409174,1.179432294,-2.325321076,-1.644863039,0.06228133818,0,1,185,task,30,0,1610,10,652,0
2,118,201,-1.510149196,-0.3722806168,1.094767521,-2.277491626,-1.645139677,0.06080746764,0,1,186,task,30,0,1610,10,652,0
2,118,202,-1.511552121,-0.3341292252,1.00372459,-2.226470753,-1.645409758,0.059403032,0,1,187,task,30,0,1610,10,652,0
2,118,203,-1.516987601,-0.2978256208,0.9200504418,-2.183201294,-1.645587603,0.05395307046,0,0,,transition,10,0,1610,10,652,0
2,118,204,-1.522423081,-0.2615220163,0.8363762937,-2.139931834,-1.645765448,0.04850310891,0,0,,transition,10,0,1610,10,652,0
2,118,205,-1.527858561,-0.2252184118,0.7527021457,-2.096662374,-1.645943294,0.04305314737,0,0,,transition,10,0,1610,10,652,0
2,118,206,-1.533294041,-0.1889148073,0.6690279976,-2.053392915,-1.646121139,0.03760318582,0,0,,transition,10,0,1610,10,652,0
2,118,207,-1.538729521,-0.1526112029,0.5853538496,-2.010123455,-1.646298984,0.03215322428,0,1,188,task,10,0,1610,10,652,0
2,118,208,-1.538361095,-0.183454717,0.6567013866,-2.050065905,-1.646304114,0.03252284832,0,0,,transition,30,0,1610,10,652,0
2,118,209,-1.537992669,-0.2142982311,0.7280489235,-2.090008354,-1.646309243,0.03289247236,0,1,189,task,30,0,1610,10,652,0
2,118,210,-1.537607224,-0.2397777857,0.7879654902,-2.123882501,-1.646313597,0.03327915013,0,0,,transition,30,0,1610,10,652,0
2,118,211,-1.537221779,-0.2652573403,0.8478820568,-2.157756647,-1.646317951,0.0336658279,0,1,190,task,30,0,1610,10,652,0
2,118,212,-1.536524192,-0.3086480587,0.9399411675,-2.191677673,-1.64592239,0.03436407246,0,1,191,task,30,0,1610,10,652,0
2,118,213,-1.535734439,-0.349538876,1.036748472,-2.245987136,-1.645735087,0.03515506708,0,1,192,task,30,0,1610,10,652,0
2,118,214,-1.53490593,-0.386676665,1.125940579,-2.296431859,-1.645544589,0.0359847871,0,1,193,task,30,0,1610,10,652,0
2,118,215,-1.534035744,-0.4208203172,1.209215723,-2.343950992,-1.645350664,0.03685615046,0,1,194,task,30,0,1610,10,652,0
2,118,216,-1.53312066,-0.4524800193,1.287733857,-2.389194095,-1.645153057,0.03777237485,0,1,195,task,30,0,1610,10,652,0
2,118,217,-1.532157118,-0.482014035,1.362328935,-2.432636626,-1.644951488,0.03873701713,0,1,196,task,30,0,1610,10,652,0
2,118,218,-1.531141172,-0.5096811811,1.433624385,-2.474642943,-1.644745643,0.03975401902,0,1,197,task,30,0,1610,10,652,0
2,118,219,-1.530068438,-0.5356713877,1.502100821,-2.515503443,-1.644535172,0.04082776046,0,1,198,task,30,0,1610,10,652,0
2,118,220,-1.528934031,-0.5601244455,1.568138104,-2.555457885,-1.644319688,0.04196312196,0,1,199,task,30,0,1610,10,652,0
2,118,221,-1.527839154,-0.5835806672,1.630784028,-2.590988941,-1.643792512,0.04305564855,0,1,200,task,30,0,1610,10,652,0
2,118,222,-1.526959503,-0.6069950153,1.688503224,-2.616525519,-1.642476593,0.04392231742,0,1,201,task,30,0,1610,10,652,0
2,118,223,-1.525529248,-0.6293488886,1.746440715,-2.646144528,-1.642499966,0.04534611056,0,1,202,task,30,0,1610,10,652,0
2,118,224,-1.523760412,-0.6506228934,1.803790648,-2.677605658,-1.643161427,0.04711189163,0,1,203,task,30,0,1610,10,652,0
2,118,225,-1.521879117,-0.6708626109,1.859850547,-2.708799911,-1.643799435,0.04898880044,0,1,204,task,30,0,1610,10,652,0
2,118,226,-1.519569602,-0.6896974843,1.915345141,-2.741969695,-1.645156151,0.05129886199,0,1,205,task,30,0,1610,10,652,0
2,118,227,-1.516959065,-0.7046460679,1.963784269,-2.774079086,-1.647417061,0.05391959384,0,1,206,task,30,0,1610,10,652,0
2,118,228,-1.553352689,-0.7114723065,1.979109491,-2.785404564,-1.649397795,0.0174701639,0,1,207,task,10,0,1610,10,652,0
2,118,229,-1.55435336,-0.6945516389,1.922623354,-2.746348673,-1.64848972,0.01646691782,0,1,208,task,30,0,1610,10,652,0
2,118,230,-1.555286335,-0.6763487478,1.86501755,-2.707448149,-1.64757715,0.01553158435,0,1,209,task,30,0,1610,10,652,0
2,118,231,-1.556158247,-0.6568903656,1.806168367,-2.668553236,-1.646660532,0.014657511,0,1,210,task,30,0,1610,10,652,0
2,118,232,-1.557268365,-0.6349837812,1.74966865,-2.64021071,-1.644943866,0.01354782835,0,1,211,task,30,0,1610,10,652,0
2,118,233,-1.5577271,-0.6088589857,1.702124677,-2.641649227,-1.644847384,0.01309809519,0,1,212,task,30,0,1610,10,652,0
2,118,234,-1.557040953,-0.5871761997,1.639042051,-2.600897718,-1.647975578,0.01378944547,0,1,213,task,30,0,1610,10,652,0
2,118,235,-1.556395736,-0.5640864125,1.574016159,-2.559530842,-1.651104174,0.01444020088,0,1,214,task,30,0,1610,10,652,0
2,118,236,-1.555891105,-0.5395426522,1.506874271,-2.517507112,-1.653917506,0.01494999273,0,1,215,task,30,0,1610,10,652,0
2,118,237,-1.55572465,-0.5135274536,1.43738616,-2.47462708,-1.655756159,0.01511951389,0,1,216,task,30,0,1610,10,652,0
2,118,238,-1.555567249,-0.4857760219,1.3650316,-2.430617135,-1.657595184,0.01528005082,0,1,217,task,30,0,1610,10,652,0
2,118,239,-1.555418192,-0.4560944226,1.289312207,-2.38517282,-1.659434545,0.01543231224,0,1,218,task,30,0,1610,10,652,0
2,118,240,-1.555276844,-0.4242161382,1.209579992,-2.337912653,-1.661274213,0.01557693442,0,1,219,task,30,0,1610,10,652,0
2,118,241,-1.555142631,-0.3897696025,1.124965279,-2.288338517,-1.663114159,0.0157144902,0,1,220,task,30,0,1610,10,652,0
2,118,242,-1.555015036,-0.352221982,1.034252885,-2.235768058,-1.664954357,0.01584549669,0,1,221,task,30,0,1610,10,652,0
2,118,243,-1.553416813,-0.3111856124,0.9419330828,-2.191745869,-1.672231516,0.01746465843,0,1,222,task,30,0,1610,10,652,0
2,118,244,-1.553588053,-0.2888540839,0.890941846,-2.166053389,-1.672353414,0.01729301926,0,0,,transition,30,0,1610,10,652,0
2,118,245,-1.553759292,-0.2665225554,0.8399506092,-2.140360908,-1.672475312,0.01712138009,0,1,223,task,30,0,1610,10,652,0
2,118,246,-1.554532357,-0.2414421766,0.7829665068,-2.111607306,-1.670244856,0.01634081549,0,0,,transition,30,0,1610,10,652,0
2,118,247,-1.555305421,-0.2163617978,0.7259824043,-2.082853705,-1.668014399,0.01556025088,0,1,224,task,30,0,1610,10,652,0
2,118,248,-1.555498816,-0.1851053509,0.6535134208,-2.041780953,-1.667935484,0.01536581654,0,0,,transition,30,0,1610,10,652,0
2,118,249,-1.55569221,-0.153848904,0.5810444372,-2.000708201,-1.667856569,0.01517138219,0,1,225,task,30,0,1610,10,652,0
2,118,250,-1.577887531,-0.1666975699,0.6049501903,-2.012835009,-1.668732478,-0.007129355421,0,1,226,task,10,0,1610,10,652,0
2,118,251,-1.577502657,-0.1964691263,0.6728035562,-2.04898785,-1.670526602,-0.006743799501,0,0,,transition,30,0,1610,10,652,0
2,118,252,-1.577117784,-0.2262406826,0.7406569221,-2.085140691,-1.672320726,-0.006358243581,0,1,227,task,30,0,1610,10,652,0
2,118,253,-1.577166616,-0.2515468451,0.7990843684,-2.116807573,-1.67241645,-0.006407377137,0,0,,transition,30,0,1610,10,652,0
2,118,254,-1.577215449,-0.2768530075,0.8575118148,-2.148474455,-1.672512173,-0.006456510693,0,1,228,task,30,0,1610,10,652,0
2,118,255,-1.577299289,-0.2990097897,0.9093200559,-2.176705679,-1.672487976,-0.006540727012,0,0,,transition,30,0,1610,10,652,0
2,118,256,-1.57738313,-0.321166572,0.9611282971,-2.204936904,-1.672463778,-0.006624943331,0,1,229,task,30,0,1610,10,652,0
2,118,257,-1.578069297,-0.361147355,1.054863502,-2.25507178,-1.670587345,-0.007313053868,0,1,230,task,30,0,1610,10,652,0
2,118,258,-1.579509223,-0.3980227951,1.140998945,-2.299636222,-1.666199928,-0.008755815721,0,1,231,task,30,0,1610,10,652,0
2,118,259,-1.580032458,-0.4320278908,1.224678213,-2.348597566,-1.665188504,-0.009280379924,0,1,232,task,30,0,1610,10,652,0
2,118,260,-1.580480801,-0.4635171047,1.303940232,-2.396061401,-1.66451792,-0.009730002472,0,1,233,task,30,0,1610,10,652,0
2,118,261,-1.580953515,-0.492846001,1.379298092,-2.441783096,-1.663848,-0.01020404034,0,1,234,task,30,0,1610,10,652,0
2,118,262,-1.581452643,-0.5202677758,1.451374391,-2.486132192,-1.663178801,-0.01070454115,0,1,235,task,30,0,1610,10,652,0
2,118,263,-1.581980464,-0.5459664366,1.520650131,-2.52940584,-1.662510385,-0.01123378839,0,1,236,task,30,0,1610,10,652,0
2,118,264,-1.582539527,-0.5700751764,1.587506343,-2.571852053,-1.661842819,-0.01179433641,0,1,237,task,30,0,1610,10,652,0
2,118,265,-1.583132694,-0.5926879793,1.652251239,-2.613685256,-1.661176181,-0.01238905192,0,1,238,task,30,0,1610,10,652,0
2,118,266,-1.58256608,-0.6145281511,1.712481765,-2.647989791,-1.663841576,-0.01182217583,0,1,239,task,30,0,1610,10,652,0
2,118,267,-1.585227885,-0.6409485632,1.760707077,-2.647003938,-1.657700214,-0.01447586181,0,1,240,task,30,0,1610,10,652,0
2,118,268,-1.587007428,-0.6626183558,1.819207587,-2.679940132,-1.654334496,-0.01625264266,0,1,241,task,30,0,1610,10,652,0
2,118,269,-1.587979478,-0.682228095,1.878033435,-2.718268544,-1.653316739,-0.01722466725,0,1,242,task,30,0,1610,10,652,0
2,118,270,-1.58902012,-0.7006036292,1.935675967,-2.756651513,-1.652304135,-0.01826517833,0,1,243,task,30,0,1610,10,652,0
2,118,271,-1.590136894,-0.7177142575,1.99225926,-2.795244218,-1.651297249,-0.0193817051,0,1,244,task,30,0,1610,10,652,0
2,118,272,-1.590140355,-0.7177634666,1.992426942,-2.795360067,-1.651294248,-0.01938516531,0,1,245,task,30,0,1610,10,652,0
2,118,273,-1.627231363,-0.7235335438,2.003711819,-2.803897637,-1.653096085,-0.0565554805,0,1,246,task,10,0,1610,10,652,0
2,118,274,-1.62462754,-0.7063637509,1.947214154,-2.765765881,-1.654412022,-0.05395585772,0,1,247,task,30,0,1610,10,652,0
2,118,275,-1.622201919,-0.687943008,1.88970038,-2.727877107,-1.655742632,-0.05153400662,0,1,248,task,30,0,1610,10,652,0
2,118,276,-1.619430014,-0.6677751942,1.832087572,-2.693556761,-1.658402838,-0.04877406813,0,1,249,task,30,0,1610,10,652,0
2,118,277,-1.615434094,-0.6446377336,1.777774112,-2.673400705,-1.664846045,-0.04481318463,0,1,250,task,30,0,1610,10,652,0
2,118,278,-1.613697649,-0.6219763794,1.721713446,-2.649152763,-1.665728629,-0.04308565856,0,1,251,task,30,0,1610,10,652,0
2,118,279,-1.61304907,-0.5998571435,1.661555818,-2.615431593,-1.663800174,-0.04243100547,0,1,252,task,30,0,1610,10,652,0
2,118,280,-1.612559065,-0.5768979219,1.598920548,-2.578756454,-1.661517569,-0.04193269409,0,1,253,task,30,0,1610,10,652,0
2,118,281,-1.611013218,-0.5528267337,1.532285411,-2.536626992,-1.662525856,-0.04038480732,0,1,254,task,30,0,1610,10,652,0
2,118,282,-1.609554076,-0.527192952,1.463294268,-2.493709093,-1.663536825,-0.03892371257,0,1,255,task,30,0,1610,10,652,0
2,118,283,-1.608174528,-0.4998696997,1.391578078,-2.449760185,-1.664550266,-0.03754228946,0,1,256,task,30,0,1610,10,652,0
2,118,284,-1.606868221,-0.470681458,1.316672963,-2.404491547,-1.665565986,-0.03623417773,0,1,257,task,30,0,1610,10,652,0
2,118,285,-1.605406416,-0.4393857555,1.23883479,-2.359526371,-1.66734091,-0.03477273708,0,1,258,task,30,0,1610,10,652,0
2,118,286,-1.603722844,-0.4057688917,1.157751082,-2.31515914,-1.670147579,-0.03309188203,0,1,259,task,30,0,1610,10,652,0
2,118,287,-1.60222555,-0.3694931921,1.071220766,-2.267832784,-1.672587567,-0.03159591993,0,1,260,task,30,0,1610,10,652,0
2,118,288,-1.601471524,-0.330170261,0.977155365,-2.214898529,-1.672571199,-0.03083833608,0,1,261,task,30,0,1610,10,652,0
2,118,289,-1.601111961,-0.308275996,0.9255410223,-2.18608435,-1.672564247,-0.03047702649,0,0,,transition,30,0,1610,10,652,0
2,118,290,-1.600752397,-0.2863817311,0.8739266796,-2.157270171,-1.672557295,-0.0301157169,0,1,262,task,30,0,1610,10,652,0
2,118,291,-1.600409101,-0.2614032721,0.8158517012,-2.125081217,-1.672551481,-0.02977070449,0,0,,transition,30,0,1610,10,652,0
2,118,292,-1.600065805,-0.2364248132,0.7577767227,-2.092892263,-1.672545666,-0.02942569208,0,1,263,task,30,0,1610,10,652,0
2,118,293,-1.59983668,-0.2068259554,0.6898655841,-2.055588864,-1.67215221,-0.02919424719,0,0,,transition,30,0,1610,10,652,0
2,118,294,-1.599607555,-0.1772270976,0.6219544455,-2.018285466,-1.671758754,-0.0289628023,0,1,264,task,30,0,1610,10,652,0
2,118,295,-1.621811696,-0.1783103272,0.6183751424,-2.014698219,-1.672481291,-0.05128451096,0,1,265,task,10,0,1610,10,652,0
2,118,296,-1.622393426,-0.2082844267,0.6872243538,-2.052929714,-1.672499268,-0.05186929102,0,0,,transition,30,0,1610,10,652,0
2,118,297,-1.622975155,-0.2382585261,0.7560735653,-2.09116121,-1.672517245,-0.05245407107,0,1,266,task,30,0,1610,10,652,0
2,118,298,-1.623583914,-0.2634020147,0.8146355779,-2.123938917,-1.672536654,-0.05306597716,0,0,,transition,30,0,1610,10,652,0
2,118,299,-1.624192673,-0.2885455033,0.8731975905,-2.156716624,-1.672556064,-0.05367788324,0,1,267,task,30,0,1610,10,652,0
2,118,300,-1.624830393,-0.3105526436,0.9251944652,-2.186068545,-1.67257701,-0.0543188544,0,0,,transition,30,0,1610,10,652,0
2,118,301,-1.625468113,-0.3325597839,0.9771913399,-2.215420466,-1.672597957,-0.05495982556,0,1,268,task,30,0,1610,10,652,0
2,118,302,-1.626805715,-0.3720432941,1.071900228,-2.269376671,-1.67264315,-0.05630415577,0,1,269,task,30,0,1610,10,652,0
2,118,303,-1.628318116,-0.40809841,1.159515541,-2.319490886,-1.672315219,-0.05782177925,0,1,270,task,30,0,1610,10,652,0
2,118,304,-1.630411624,-0.4416883013,1.241217078,-2.365324588,-1.67027951,-0.05991238312,0,1,271,task,30,0,1610,10,652,0
2,118,305,-1.632614159,-0.4729614787,1.318531344,-2.409090735,-1.668254033,-0.06211154465,0,1,272,task,30,0,1610,10,652,0
2,118,306,-1.634941384,-0.5022476902,1.392306713,-2.451435007,-1.666217428,-0.06443490916,0,1,273,task,30,0,1610,10,652,0
2,118,307,-1.637456622,-0.5298367392,1.463804701,-2.494256688,-1.664005148,-0.06694607829,0,1,274,task,30,0,1610,10,652,0
2,118,308,-1.640116019,-0.555773123,1.532610564,-2.536041249,-1.661800515,-0.06960113007,0,1,275,task,30,0,1610,10,652,0
2,118,309,-1.641478969,-0.5802145273,1.597835395,-2.574461953,-1.663890452,-0.07097969595,0,1,276,task,30,0,1610,10,652,0
2,118,310,-1.643116158,-0.6032169189,1.661518911,-2.613382292,-1.665436695,-0.07263113536,0,1,277,task,30,0,1610,10,652,0
2,118,311,-1.645047028,-0.6254437779,1.722573853,-2.648919335,-1.666454663,-0.07457108637,0,1,278,task,30,0,1610,10,652,0
2,118,312,-1.647226339,-0.6468166317,1.781629283,-2.682435551,-1.667144094,-0.07675524293,0,1,279,task,30,0,1610,10,652,0
2,118,313,-1.65089126,-0.6688838138,1.837005305,-2.706981513,-1.664348481,-0.08038927323,0,1,280,task,30,0,1610,10,652,0
2,118,314,-1.655338132,-0.6896776797,1.893189334,-2.736530571,-1.660242946,-0.08479918314,0,1,281,task,30,0,1610,10,652,0
2,118,315,-1.659674138,-0.708942279,1.949420905,-2.769649058,-1.657196542,-0.08910765535,0,1,282,task,30,0,1610,10,652,0
2,118,316,-1.663946526,-0.7265747624,2.005644631,-2.806166042,-1.655069902,-0.09336347223,0,1,283,task,30,0,1610,10,652,0
2,118,317,-1.664529246,-0.7287932765,2.012941472,-2.810973276,-1.654793799,-0.093943904,0,1,284,task,30,0,1610,10,652,0
2,118,318,-1.701933125,-0.7335496519,2.020096237,-2.816548424,-1.656378944,-0.1314489434,0,1,285,task,10,0,1610,10,652,0
2,118,319,-1.695167425,-0.7148962532,1.965840241,-2.786618908,-1.661089176,-0.1247534364,0,1,286,task,30,0,1610,10,652,0
2,118,320,-1.689680088,-0.695971682,1.910022778,-2.7538593,-1.66380955,-0.1193015922,0,1,287,task,30,0,1610,10,652,0
2,118,321,-1.684713648,-0.6759108185,1.853740947,-2.722612841,-1.666158647,-0.1143662627,0,1,288,task,30,0,1610,10,652,0
2,118,322,-1.680303083,-0.6547564126,1.797181517,-2.69344649,-1.667902942,-0.1099806418,0,1,289,task,30,0,1610,10,652,0
2,118,323,-1.677048608,-0.6338644389,1.737526288,-2.657447866,-1.667228292,-0.1067147024,0,1,290,task,30,0,1610,10,652,0
2,118,324,-1.673988645,-0.611769815,1.676394423,-2.621197736,-1.666574507,-0.1036432109,0,1,291,task,30,0,1610,10,652,0
2,118,325,-1.67118646,-0.5888131307,1.61296123,-2.582469637,-1.665701741,-0.1008252214,0,1,292,task,30,0,1610,10,652,0
2,118,326,-1.668572052,-0.5646165008,1.547361672,-2.542459034,-1.664755401,-0.09819425747,0,1,293,task,30,0,1610,10,652,0
2,118,327,-1.66587686,-0.5395035383,1.479795305,-2.501690755,-1.664520903,-0.09548904599,0,1,294,task,30,0,1610,10,652,0
2,118,328,-1.66330298,-0.5128481422,1.409705156,-2.459985934,-1.664374266,-0.09290604426,0,1,295,task,30,0,1610,10,652,0
2,118,329,-1.660864341,-0.4844325218,1.336642527,-2.417082199,-1.664237595,-0.09045850084,0,1,296,task,30,0,1610,10,652,0
2,118,330,-1.65855053,-0.4540431754,1.260071017,-2.372655587,-1.664110144,-0.08813597731,0,1,297,task,30,0,1610,10,652,0
2,118,331,-1.656352178,-0.4213864857,1.179287671,-2.326295808,-1.663991236,-0.08592908438,0,1,298,task,30,0,1610,10,652,0
2,118,332,-1.654260833,-0.3860508732,1.093339193,-2.277460287,-1.663880254,-0.08382935295,0,1,299,task,30,0,1610,10,652,0
2,118,333,-1.652268851,-0.3474399742,1.000874975,-2.225394006,-1.66377664,-0.08182912371,0,1,300,task,30,0,1610,10,652,0
2,118,334,-1.651319078,-0.3260423597,0.950370814,-2.197185475,-1.663728262,-0.08087528803,0,0,,transition,30,0,1610,10,652,0
2,118,335,-1.650369304,-0.3046447451,0.8998666532,-2.168976945,-1.663679883,-0.07992145236,0,1,301,task,30,0,1610,10,652,0
2,118,336,-1.649462597,-0.2804069409,0.843436972,-2.137687264,-1.6636347,-0.07901074012,0,0,,transition,30,0,1610,10,652,0
2,118,337,-1.64855589,-0.2561691366,0.7870072907,-2.106397583,-1.663589516,-0.07810002788,0,1,302,task,30,0,1610,10,652,0
2,118,338,-1.647689382,-0.2277005972,0.7215950612,-2.070359981,-1.663547315,-0.0772295648,0,0,,transition,30,0,1610,10,652,0
2,118,339,-1.646822874,-0.1992320577,0.6561828317,-2.034322379,-1.663505113,-0.07635910172,0,1,303,task,30,0,1610,10,652,0
2,118,340,-1.668418436,-0.1921015584,0.6263454017,-2.011179032,-1.66512127,-0.09806297663,0,1,304,task,10,0,1610,10,652,0
2,118,341,-1.669520575,-0.2218065781,0.6942177996,-2.048411399,-1.665191341,-0.0991703163,0,0,,transition,30,0,1610,10,652,0
2,118,342,-1.670622715,-0.2515115978,0.7620901975,-2.085643766,-1.665261412,-0.100277656,0,1,305,task,30,0,1610,10,652,0
2,118,343,-1.6717756,-0.2765572702,0.8200302356,-2.117608239,-1.66533551,-0.1014358005,0,0,,transition,30,0,1610,10,652,0
2,118,344,-1.672928486,-0.3016029427,0.8779702737,-2.149572712,-1.665409608,-0.1025939449,0,1,306,task,30,0,1610,10,652,0
2,118,345,-1.674135712,-0.3236017615,0.929519674,-2.178198897,-1.665488013,-0.1038064959,0,0,,transition,30,0,1610,10,652,0
2,118,346,-1.675342938,-0.3456005802,0.9810690744,-2.206825083,-1.665566418,-0.1050190469,0,1,307,task,30,0,1610,10,652,0
2,118,347,-1.677873958,-0.3851820394,1.075088093,-2.259425677,-1.665732451,-0.1075608647,0,1,308,task,30,0,1610,10,652,0
2,118,348,-1.680530217,-0.421346671,1.162250466,-2.308599196,-1.665908373,-0.1102280884,0,1,309,task,30,0,1610,10,652,0
2,118,349,-1.68332127,-0.4547419329,1.244015501,-2.35515851,-1.666094914,-0.1130302955,0,1,310,task,30,0,1610,10,652,0
2,118,350,-1.686257674,-0.4858111727,1.3214026,-2.399680799,-1.66629287,-0.1159780681,0,1,311,task,30,0,1610,10,652,0
2,118,351,-1.689351123,-0.5148693204,1.395157575,-2.442598198,-1.66650312,-0.1190831285,0,1,312,task,30,0,1610,10,652,0
2,118,352,-1.692614606,-0.5421451545,1.465846034,-2.484248938,-1.666726628,-0.1223584979,0,1,313,task,30,0,1610,10,652,0
2,118,353,-1.696062588,-0.5678064218,1.533909495,-2.524908355,-1.66696446,-0.1258186817,0,1,314,task,30,0,1610,10,652,0
2,118,354,-1.699711234,-0.5919754359,1.599700936,-2.564808872,-1.667217795,-0.1294798887,0,1,315,task,30,0,1610,10,652,0
2,118,355,-1.703578662,-0.6147390229,1.663508332,-2.604153617,-1.667487938,-0.1333602898,0,1,316,task,30,0,1610,10,652,0
2,118,356,-1.707685252,-0.6361549017,1.725570793,-2.643126222,-1.667776342,-0.1374803255,0,1,317,task,30,0,1610,10,652,0
2,118,357,-1.712054009,-0.6562556685,1.786089993,-2.681898307,-1.668084627,-0.1418630742,0,1,318,task,30,0,1610,10,652,0
2,118,358,-1.716753727,-0.6751726556,1.845187247,-2.720335894,-1.668302773,-0.1465754062,0,1,319,task,30,0,1610,10,652,0
2,118,359,-1.72248028,-0.6948464868,1.902263411,-2.753978466,-1.666759067,-0.1522809291,0,1,320,task,30,0,1610,10,652,0
2,118,360,-1.728649669,-0.7139744041,1.95798848,-2.786208545,-1.665145714,-0.1584201104,0,1,321,task,30,0,1610,10,652,0
2,118,361,-1.734679965,-0.7307462822,2.014687516,-2.825349963,-1.664959055,-0.1644600656,0,1,322,task,30,0,1610,10,652,0
2,118,362,-1.736233518,-0.7346692933,2.029142951,-2.836018283,-1.665038376,-0.1660202785,0,1,323,task,30,0,1610,10,652,0
2,118,363,-1.773667629,-0.7387946481,2.032320443,-2.838627411,-1.666066955,-0.2036089047,0,1,324,task,10,0,1610,10,652,0
2,118,364,-1.765891133,-0.7234412381,1.976732747,-2.800269896,-1.666903751,-0.1958397613,0,1,325,task,30,0,1610,10,652,0
2,118,365,-1.759236717,-0.7072391764,1.920258799,-2.761646389,-1.666317242,-0.1891668803,0,1,326,task,30,0,1610,10,652,0
2,118,366,-1.753023282,-0.6897131183,1.86274069,-2.723351184,-1.66576549,-0.1829359275,0,1,327,task,30,0,1610,10,652,0
2,118,367,-1.747208201,-0.6709002721,1.804051749,-2.685215404,-1.665245508,-0.177104117,0,1,328,task,30,0,1610,10,652,0
2,118,368,-1.741754194,-0.6508159929,1.74404852,-2.647075903,-1.664754629,-0.1716340388,0,1,329,task,30,0,1610,10,652,0
2,118,369,-1.736628513,-0.629454302,1.682566404,-2.608770279,-1.66429047,-0.1664928365,0,1,330,task,30,0,1610,10,652,0
2,118,370,-1.73180227,-0.6067872878,1.619414005,-2.570131738,-1.663850891,-0.1616515319,0,1,331,task,30,0,1610,10,652,0
2,118,371,-1.727249882,-0.5827632519,1.55436561,-2.530983354,-1.663433971,-0.1570844673,0,1,332,task,30,0,1610,10,652,0
2,118,372,-1.722948612,-0.5573032949,1.487150941,-2.491131179,-1.663037975,-0.1527688412,0,1,333,task,30,0,1610,10,652,0
2,118,373,-1.718878178,-0.5302957852,1.417440811,-2.45035538,-1.662661338,-0.1486843204,0,1,334,task,30,0,1610,10,652,0
2,118,374,-1.715020435,-0.5015877354,1.344826449,-2.408398147,-1.662302642,-0.1448127136,0,1,335,task,30,0,1610,10,652,0
2,118,375,-1.711359095,-0.4709713705,1.268788648,-2.364946243,-1.661960598,-0.1411376959,0,1,336,task,30,0,1610,10,652,0
2,118,376,-1.707879499,-0.4381627551,1.188649825,-2.319604403,-1.661634036,-0.1376445744,0,1,337,task,30,0,1610,10,652,0
2,118,377,-1.704568412,-0.4027664391,1.103495739,-2.271852382,-1.661321888,-0.1343200892,0,1,338,task,30,0,1610,10,652,0
2,118,378,-1.70141386,-0.3642136028,1.012039418,-2.220970723,-1.661023179,-0.1311522418,0,1,339,task,30,0,1610,10,652,0
2,118,379,-1.69840498,-0.3216450964,0.912364691,-2.165901226,-1.660737017,-0.1281301487,0,1,340,task,30,0,1610,10,652,0
2,118,380,-1.696968435,-0.2976549682,0.8568753884,-2.135427328,-1.6605998,-0.1266870314,0,0,,transition,30,0,1610,10,652,0
2,118,381,-1.695531891,-0.27366484,0.8013860858,-2.10495343,-1.660462582,-0.1252439141,0,1,341,task,30,0,1610,10,652,0
2,118,382,-1.694158742,-0.2456968106,0.7374484613,-2.070015543,-1.660330854,-0.1238642172,0,0,,transition,30,0,1610,10,652,0
2,118,383,-1.692785592,-0.2177287812,0.6735108368,-2.035077655,-1.660199125,-0.1224845204,0,1,342,task,30,0,1610,10,652,0
2,118,384,-1.684072335,-0.3143767254,0.7376029199,-2.001914966,-1.653813473,-0.1137356261,0,0,,transition,10,0,1610,10,652,0
2,118,385,-1.675359079,-0.4110246696,0.8016950029,-1.968752276,-1.647427822,-0.1049867318,0,0,,transition,10,0,1610,10,652,0
2,118,386,-1.666645822,-0.5076726138,0.865787086,-1.935589586,-1.64104217,-0.09623783744,0,0,,transition,10,0,1610,10,652,0
2,118,387,-1.657932566,-0.604320558,0.9298791691,-1.902426897,-1.634656518,-0.08748894313,0,0,,transition,10,0,1610,10,652,0
2,118,388,-1.649219309,-0.7009685022,0.9939712522,-1.869264207,-1.628270866,-0.07874004882,0,0,,transition,10,0,1610,10,652,0
2,118,389,-1.640506053,-0.7976164464,1.058063335,-1.836101517,-1.621885214,-0.0699911545,0,0,,transition,10,0,1610,10,652,0
2,118,390,-1.631792796,-0.8942643906,1.122155418,-1.802938828,-1.615499563,-0.06124226019,0,0,,transition,10,0,1610,10,652,0
2,118,391,-1.623079539,-0.9909123348,1.186247501,-1.769776138,-1.609113911,-0.05249336588,0,0,,transition,10,0,1610,10,652,0
2,118,392,-1.614366283,-1.087560279,1.250339585,-1.736613448,-1.602728259,-0.04374447157,0,0,,transition,10,0,1610,10,652,0
2,118,393,-1.605653026,-1.184208223,1.314431668,-1.703450759,-1.596342607,-0.03499557725,0,0,,transition,10,0,1610,10,652,0
2,118,394,-1.59693977,-1.280856167,1.378523751,-1.670288069,-1.589956955,-0.02624668294,0,0,,transition,10,0,1610,10,652,0
2,118,395,-1.588226513,-1.377504112,1.442615834,-1.637125379,-1.583571304,-0.01749778863,0,0,,transition,10,0,1610,10,652,0
2,118,396,-1.579513257,-1.474152056,1.506707917,-1.60396269,-1.577185652,-0.008748894313,0,0,,transition,10,0,1610,10,652,0
2,118,397,-1.5708,-1.5708,1.5708,-1.5708,-1.5708,0,0,0,,home,30,0,1610,10,652,0
2,119,1,-1.5708,-1.5708,1.5708,-1.5708,-1.5708,0,0,0,,home,30,0,1610,10,652,0
2,119,2,-1.560653065,-1.472019065,1.555694786,-1.651952112,-1.568657901,0.01014444257,0,0,,transition,10,0,1610,10,652,0
2,119,3,-1.55050613,-1.37323813,1.540589572,-1.733104223,-1.566515802,0.02028888514,0,0,,transition,10,0,1610,10,652,0
2,119,4,-1.540359195,-1.274457195,1.525484358,-1.814256335,-1.564373703,0.03043332771,0,0,,transition,10,0,1610,10,652,0
2,119,5,-1.530212261,-1.17567626,1.510379144,-1.895408446,-1.562231604,0.04057777027,0,0,,transition,10,0,1610,10,652,0
2,119,6,-1.520065326,-1.076895325,1.49527393,-1.976560558,-1.560089505,0.05072221284,0,0,,transition,10,0,1610,10,652,0
2,119,7,-1.509918391,-0.9781143903,1.480168716,-2.057712669,-1.557947406,0.06086665541,0,0,,transition,10,0,1610,10,652,0
2,119,8,-1.499771456,-0.8793334553,1.465063502,-2.138864781,-1.555805307,0.07101109798,0,0,,transition,10,0,1610,10,652,0
2,119,9,-1.489624521,-0.7805525203,1.449958288,-2.220016892,-1.553663208,0.08115554055,0,0,,transition,10,0,1610,10,652,0
2,119,10,-1.479477586,-0.6817715854,1.434853074,-2.301169004,-1.551521108,0.09129998312,0,0,,transition,10,0,1610,10,652,0
2,119,11,-1.469330652,-0.5829906504,1.41974786,-2.382321116,-1.549379009,0.1014444257,0,0,,transition,10,0,1610,10,652,0
2,119,12,-1.459183717,-0.4842097155,1.404642646,-2.463473227,-1.54723691,0.1115888683,0,1,1,task,30,0,1610,10,652,0
2,119,13,-1.461474847,-0.4562024545,1.334236877,-2.424180601,-1.54957577,0.1093030173,0,1,2,task,30,0,1610,10,652,0
2,119,14,-1.464849669,-0.4267672299,1.259221135,-2.37943534,-1.547909578,0.105934588,0,1,3,task,30,0,1610,10,652,0
2,119,15,-1.468276463,-0.3951941757,1.180734863,-2.334051433,-1.545480434,0.1025176175,0,1,4,task,30,0,1610,10,652,0
2,119,16,-1.471686789,-0.3611267851,1.097763336,-2.287146378,-1.542515061,0.09911937731,0,1,5,task,30,0,1610,10,652,0
2,119,17,-1.475673991,-0.3244796405,1.012013933,-2.243086313,-1.536882879,0.09515744956,0,1,6,task,30,0,1610,10,652,0
2,119,18,-1.479052426,-0.2844663829,0.9204937056,-2.198353841,-1.532799904,0.09180023299,0,1,7,task,30,0,1610,10,652,0
2,119,19,-1.480142705,-0.2617157257,0.8669760884,-2.168670024,-1.532723297,0.09071058481,0,0,,transition,30,0,1610,10,652,0
2,119,20,-1.481232985,-0.2389650684,0.8134584712,-2.138986206,-1.532646689,0.08962093664,0,1,8,task,30,0,1610,10,652,0
2,119,21,-1.481858525,-0.2130851591,0.7550293659,-2.109836655,-1.534169925,0.08899196111,0,0,,transition,30,0,1610,10,652,0
2,119,22,-1.482484065,-0.1872052497,0.6966002606,-2.080687105,-1.535693161,0.08836298558,0,1,9,task,30,0,1610,10,652,0
2,119,23,-1.482899245,-0.1555385273,0.624877911,-2.043050786,-1.537937108,0.08794107466,0,0,,transition,30,0,1610,10,652,0
2,119,24,-1.483314425,-0.123871805,0.5531555613,-2.005414468,-1.540181054,0.08751916374,0,1,10,task,30,0,1610,10,652,0
2,119,25,-1.494855904,-0.09926357491,0.4977817719,-1.975071001,-1.540942599,0.07597063072,0,0,,transition,10,0,1610,10,652,0
2,119,26,-1.506397383,-0.07465534486,0.4424079825,-1.944727535,-1.541704143,0.06442209771,0,1,11,task,10,0,1610,10,652,0
2,119,27,-1.505786496,-0.1127456186,0.5299176389,-1.993745198,-1.541258077,0.0650342181,0,0,,transition,30,0,1610,10,652,0
2,119,28,-1.50517561,-0.1508358924,0.6174272953,-2.042762862,-1.540812011,0.06564633849,0,1,12,task,30,0,1610,10,652,0
2,119,29,-1.504830735,-0.1798040555,0.6841981428,-2.078862791,-1.53924378,0.06599484454,0,0,,transition,30,0,1610,10,652,0
2,119,30,-1.504485861,-0.2087722187,0.7509689903,-2.114962721,-1.537675549,0.06634335058,0,1,13,task,30,0,1610,10,652,0
2,119,31,-1.504343497,-0.2329004001,0.8044066636,-2.1391505,-1.535293077,0.06648949048,0,0,,transition,30,0,1610,10,652,0
2,119,32,-1.504201134,-0.2570285815,0.8578443368,-2.163338279,-1.532910605,0.06663563039,0,1,14,task,30,0,1610,10,652,0
2,119,33,-1.501124657,-0.2996514484,0.9532587379,-2.207319695,-1.538267907,0.06969196057,0,1,15,task,30,0,1610,10,652,0
2,119,34,-1.496872727,-0.3384778355,1.041982099,-2.250558331,-1.547271166,0.07391648729,0,1,16,task,30,0,1610,10,652,0
2,119,35,-1.494645114,-0.3748684208,1.130602099,-2.302103093,-1.548506511,0.07614057914,0,1,17,task,30,0,1610,10,652,0
2,119,36,-1.492482524,-0.4083071299,1.213777202,-2.351559023,-1.549133338,0.07830132288,0,1,18,task,30,0,1610,10,652,0
2,119,37,-1.490206891,-0.4392203363,1.292180946,-2.398768646,-1.549756017,0.08057503542,0,1,19,task,30,0,1610,10,652,0
2,119,38,-1.4878092,-0.4679610104,1.366641028,-2.444206667,-1.550374213,0.08297072624,0,1,20,task,30,0,1610,10,652,0
2,119,39,-1.485279462,-0.4947830984,1.437775943,-2.488237611,-1.550987558,0.08549837902,0,1,21,task,30,0,1610,10,652,0
2,119,40,-1.513794533,-0.4927301388,1.434205025,-2.486361792,-1.551295213,0.05698817101,0,1,22,task,10,0,1610,10,652,0
2,119,41,-1.51547114,-0.4656648017,1.362336047,-2.44171909,-1.55091381,0.05531252679,0,1,23,task,30,0,1610,10,652,0
2,119,42,-1.517059865,-0.4366436581,1.287083903,-2.395649455,-1.550529565,0.05372472076,0,1,24,task,30,0,1610,10,652,0
2,119,43,-1.518567407,-0.4054033674,1.207806537,-2.347774133,-1.550142692,0.05221805684,0,1,25,task,30,0,1610,10,652,0
2,119,44,-1.519999803,-0.3715762875,1.123641657,-2.29759844,-1.549753386,0.05078649944,0,1,26,task,30,0,1610,10,652,0
2,119,45,-1.521362512,-0.3346348188,1.033384202,-2.244444882,-1.549361824,0.0494245944,0,1,27,task,30,0,1610,10,652,0
2,119,46,-1.522660476,-0.2937878789,0.9352592385,-2.187329585,-1.548968165,0.04812740094,0,1,28,task,30,0,1610,10,652,0
2,119,47,-1.527996827,-0.2514083745,0.8458852134,-2.155043895,-1.533248846,0.04282312537,0,1,29,task,30,0,1610,10,652,0
2,119,48,-1.527525714,-0.227451891,0.7941417491,-2.13468765,-1.536931353,0.04329050234,0,0,,transition,30,0,1610,10,652,0
2,119,49,-1.527054601,-0.2034954075,0.7423982847,-2.114331405,-1.540613859,0.04375787931,0,1,30,task,30,0,1610,10,652,0
2,119,50,-1.527471753,-0.1736781242,0.6725682224,-2.074592443,-1.540905402,0.04334011879,0,0,,transition,30,0,1610,10,652,0
2,119,51,-1.527888904,-0.1438608408,0.60273816,-2.03485348,-1.541196945,0.04292235827,0,1,31,task,30,0,1610,10,652,0
2,119,52,-1.532861911,-0.1176017766,0.5433843316,-2.003696861,-1.566887656,0.03794315007,0,0,,transition,10,0,1610,10,652,0
2,119,53,-1.537834918,-0.09134271231,0.4840305033,-1.972540241,-1.592578366,0.03296394187,0,1,32,task,10,0,1610,10,652,0
2,119,54,-1.537475275,-0.1269800436,0.5660994352,-2.018336252,-1.592526737,0.03332380708,0,0,,transition,30,0,1610,10,652,0
2,119,55,-1.537115632,-0.1626173748,0.6481683671,-2.064132263,-1.592475108,0.03368367229,0,1,33,task,30,0,1610,10,652,0
2,119,56,-1.536825127,-0.1898980894,0.7094780546,-2.093911195,-1.59209744,0.03397456451,0,0,,transition,30,0,1610,10,652,0
2,119,57,-1.536534623,-0.217178804,0.7707877421,-2.123690127,-1.591719772,0.03426545673,0,1,34,task,30,0,1610,10,652,0
2,119,58,-1.53619293,-0.2404627043,0.8217656196,-2.145136666,-1.591482671,0.03460566761,0,0,,transition,30,0,1610,10,652,0
2,119,59,-1.535851236,-0.2637466046,0.8727434971,-2.166583206,-1.591245569,0.03494587848,0,1,35,task,30,0,1610,10,652,0
2,119,60,-1.534498617,-0.3061481888,0.9637293328,-2.202026009,-1.593082102,0.03629104347,0,1,36,task,30,0,1610,10,652,0
2,119,61,-1.534164707,-0.3459454672,1.059961803,-2.258298512,-1.591072436,0.0366231521,0,1,37,task,30,0,1610,10,652,0
2,119,62,-1.533836286,-0.3820659573,1.149089845,-2.311406561,-1.588985114,0.03695008392,0,1,38,task,30,0,1610,10,652,0
2,119,63,-1.53349085,-0.4151949241,1.232450462,-2.361739685,-1.586897396,0.03729416409,0,1,39,task,30,0,1610,10,652,0
2,119,64,-1.533127036,-0.4458144718,1.311156125,-2.409928336,-1.584809256,0.03765675758,0,1,40,task,30,0,1610,10,652,0
2,119,65,-1.532743332,-0.4742623322,1.386011661,-2.45643971,-1.582720665,0.03803937845,0,1,41,task,30,0,1610,10,652,0
2,119,66,-1.532338058,-0.5007805068,1.457621652,-2.501636494,-1.580631591,0.03844371078,0,1,42,task,30,0,1610,10,652,0
2,119,67,-1.55617965,-0.5036621637,1.455109729,-2.487955851,-1.59498336,0.01460864742,0,1,43,task,10,0,1610,10,652,0
2,119,68,-1.556667511,-0.476805939,1.384756044,-2.446263851,-1.594715415,0.01412167678,0,1,44,task,30,0,1610,10,652,0
2,119,69,-1.557129996,-0.4481368886,1.31127593,-2.40325735,-1.594444842,0.01365998281,0,1,45,task,30,0,1610,10,652,0
2,119,70,-1.557569033,-0.4174222318,1.234097273,-2.358597077,-1.594171834,0.01322164513,0,1,46,task,30,0,1610,10,652,0
2,119,71,-1.557986362,-0.3843411233,1.152462973,-2.311846831,-1.593896568,0.01280493301,0,1,47,task,30,0,1610,10,652,0
2,119,72,-1.558478841,-0.3484913503,1.067233292,-2.266294848,-1.593282075,0.01231350933,0,1,48,task,30,0,1610,10,652,0
2,119,73,-1.559064587,-0.309519372,0.9778630942,-2.222229737,-1.592243209,0.0117289955,0,1,49,task,30,0,1610,10,652,0
2,119,74,-1.559625058,-0.2665784523,0.8802042454,-2.173842846,-1.591195686,0.01116920731,0,1,50,task,30,0,1610,10,652,0
2,119,75,-1.559721882,-0.242841188,0.8255912362,-2.145970204,-1.591319184,0.01107264961,0,0,,transition,30,0,1610,10,652,0
2,119,76,-1.559818705,-0.2191039236,0.770978227,-2.118097563,-1.591442682,0.01097609192,0,1,51,task,30,0,1610,10,652,0
2,119,77,-1.559892095,-0.1913608662,0.7077140797,-2.085560871,-1.591640328,0.01090278606,0,0,,transition,30,0,1610,10,652,0
2,119,78,-1.559965485,-0.1636178089,0.6444499323,-2.053024179,-1.591837975,0.0108294802,0,1,52,task,30,0,1610,10,652,0
2,119,79,-1.58270293,-0.1721322109,0.6604413496,-2.057042858,-1.591630358,-0.01191291479,0,1,53,task,10,0,1610,10,652,0
2,119,80,-1.582863648,-0.19956869,0.723824184,-2.091022825,-1.591545833,-0.01207354944,0,0,,transition,30,0,1610,10,652,0
2,119,81,-1.583024365,-0.2270051692,0.7872070184,-2.125002792,-1.591461308,-0.0122341841,0,1,54,task,30,0,1610,10,652,0
2,119,82,-1.583176196,-0.2505041287,0.8421122375,-2.154429387,-1.591437808,-0.01238584041,0,0,,transition,30,0,1610,10,652,0
2,119,83,-1.583328026,-0.2740030883,0.8970174567,-2.183855982,-1.591414308,-0.01253749672,0,1,55,task,30,0,1610,10,652,0
2,119,84,-1.583412359,-0.3165193815,0.9955932574,-2.2357675,-1.5922113,-0.01262142783,0,1,56,task,30,0,1610,10,652,0
2,119,85,-1.583500761,-0.3550451268,1.085933867,-2.283434417,-1.593008649,-0.01270921039,0,1,57,task,30,0,1610,10,652,0
2,119,86,-1.583593533,-0.3904460619,1.169962222,-2.327913981,-1.59380639,-0.01280114055,0,1,58,task,30,0,1610,10,652,0
2,119,87,-1.583721455,-0.4232435649,1.249385608,-2.37091277,-1.594502924,-0.01292813658,0,1,59,task,30,0,1610,10,652,0
2,119,88,-1.583946591,-0.4536573462,1.325815417,-2.414810311,-1.594905864,-0.01315262632,0,1,60,task,30,0,1610,10,652,0
2,119,89,-1.584183837,-0.4820866929,1.398682433,-2.457129915,-1.595309992,-0.01338914465,0,1,61,task,30,0,1610,10,652,0
2,119,90,-1.584434196,-0.5087507923,1.468530387,-2.498196167,-1.595715415,-0.01363868892,0,1,62,task,30,0,1610,10,652,0
2,119,91,-1.612916661,-0.5136886822,1.482085275,-2.50923772,-1.596258159,-0.04211761944,0,1,63,task,10,0,1610,10,652,0
2,119,92,-1.611931069,-0.4872224234,1.412902294,-2.469102404,-1.595665628,-0.04113476755,0,1,64,task,30,0,1610,10,652,0
2,119,93,-1.610997547,-0.4590445638,1.340820962,-2.427789378,-1.59507762,-0.04020360787,0,1,65,task,30,0,1610,10,652,0
2,119,94,-1.610146157,-0.428790689,1.265664182,-2.385944923,-1.594380986,-0.03935453444,0,1,66,task,30,0,1610,10,652,0
2,119,95,-1.609336842,-0.3963792848,1.186461589,-2.342214231,-1.593690103,-0.03854709212,0,1,67,task,30,0,1610,10,652,0
2,119,96,-1.608566554,-0.3614248306,1.10232365,-2.296093118,-1.593004549,-0.03777826047,0,1,68,task,30,0,1610,10,652,0
2,119,97,-1.607832534,-0.3233748708,1.012001653,-2.24688517,-1.592323941,-0.0370453042,0,1,69,task,30,0,1610,10,652,0
2,119,98,-1.607132276,-0.2813987803,0.9136438332,-2.193569106,-1.591647934,-0.03634574023,0,1,70,task,30,0,1610,10,652,0
2,119,99,-1.60671831,-0.2582270362,0.8590661454,-2.163636962,-1.59161161,-0.03593213386,0,0,,transition,30,0,1610,10,652,0
2,119,100,-1.606304344,-0.2350552921,0.8044884577,-2.133704817,-1.591575286,-0.03551852749,0,1,71,task,30,0,1610,10,652,0
2,119,101,-1.605892638,-0.2081259709,0.7418034221,-2.099411022,-1.591602932,-0.03510705305,0,0,,transition,30,0,1610,10,652,0
2,119,102,-1.605480931,-0.1811966498,0.6791183864,-2.065117227,-1.591630579,-0.03469557861,0,1,72,task,30,0,1610,10,652,0
2,119,103,-1.605086978,-0.147790134,0.6025454097,-2.023413019,-1.591660562,-0.03430170188,0,0,,transition,30,0,1610,10,652,0
2,119,104,-1.604693025,-0.1143836183,0.525972433,-1.981708811,-1.591690545,-0.03390782515,0,1,73,task,30,0,1610,10,652,0
2,119,105,-1.616385807,-0.1463041813,0.5982240843,-2.020427707,-1.591699394,-0.04560282598,0,0,,transition,10,0,1610,10,652,0
2,119,106,-1.628078588,-0.1782247443,0.6704757356,-2.059146604,-1.591708243,-0.0572978268,0,1,74,task,10,0,1610,10,652,0
2,119,107,-1.628743538,-0.20556761,0.7342661997,-2.094435239,-1.591714688,-0.05796249572,0,0,,transition,30,0,1610,10,652,0
2,119,108,-1.629408488,-0.2329104756,0.7980566637,-2.129723874,-1.591721133,-0.05862716464,0,1,75,task,30,0,1610,10,652,0
2,119,109,-1.630101554,-0.2562624249,0.8533907708,-2.160545991,-1.591740891,-0.059319786,0,0,,transition,30,0,1610,10,652,0
2,119,110,-1.63079462,-0.2796143743,0.9087248779,-2.191368107,-1.59176065,-0.06001240736,0,1,76,task,30,0,1610,10,652,0
2,119,111,-1.632091054,-0.3219359979,1.008334061,-2.246240187,-1.592364966,-0.06130819099,0,1,77,task,30,0,1610,10,652,0
2,119,112,-1.633450426,-0.36021597,1.099686946,-2.296900488,-1.592976278,-0.06266653291,0,1,78,task,30,0,1610,10,652,0
2,119,113,-1.634877446,-0.3953182595,1.184711167,-2.344412917,-1.593595105,-0.06409211798,0,1,79,task,30,0,1610,10,652,0
2,119,114,-1.636377306,-0.4278139885,1.264699653,-2.389499546,-1.594222022,-0.06559011187,0,1,80,task,30,0,1610,10,652,0
2,119,115,-1.637955747,-0.4580996558,1.340569855,-2.432681624,-1.594857664,-0.06716622461,0,1,81,task,30,0,1610,10,652,0
2,119,116,-1.639619129,-0.4864595606,1.413001039,-2.474354447,-1.595502732,-0.06882678443,0,1,82,task,30,0,1610,10,652,0
2,119,117,-1.641336455,-0.51308342,1.482134371,-2.513966384,-1.596274473,-0.0705399874,0,1,83,task,30,0,1610,10,652,0
2,119,118,-1.670541284,-0.5202163518,1.503410165,-2.531822948,-1.596189862,-0.09975082629,0,1,84,task,10,0,1610,10,652,0
2,119,119,-1.667946923,-0.4940927843,1.434272995,-2.490756143,-1.595567086,-0.09715960616,0,1,85,task,30,0,1610,10,652,0
2,119,120,-1.665490305,-0.4662732281,1.362322435,-2.448578283,-1.594956983,-0.09470563328,0,1,86,task,30,0,1610,10,652,0
2,119,121,-1.663160709,-0.4365660034,1.287067281,-2.404989297,-1.594358587,-0.09237821759,0,1,87,task,30,0,1610,10,652,0
2,119,122,-1.660948498,-0.4047086173,1.207870427,-2.359614091,-1.593771027,-0.09016775461,0,1,88,task,30,0,1610,10,652,0
2,119,123,-1.658844991,-0.3703362889,1.123878956,-2.311964096,-1.593193514,-0.08806559059,0,1,89,task,30,0,1610,10,652,0
2,119,124,-1.656842345,-0.3329276261,1.033904455,-2.261371904,-1.592625335,-0.0860639074,0,1,90,task,30,0,1610,10,652,0
2,119,125,-1.654933456,-0.2917038641,0.9362019061,-2.206870912,-1.592065845,-0.08415562374,0,1,91,task,30,0,1610,10,652,0
2,119,126,-1.653973298,-0.2689900889,0.882244989,-2.176590656,-1.591974413,-0.0831958813,0,0,,transition,30,0,1610,10,652,0
2,119,127,-1.653013139,-0.2462763137,0.828288072,-2.1463104,-1.591882981,-0.08223613886,0,1,92,task,30,0,1610,10,652,0
2,119,128,-1.65208102,-0.2200664664,0.766754981,-2.111942523,-1.591852514,-0.08130435446,0,0,,transition,30,0,1610,10,652,0
2,119,129,-1.6511489,-0.193856619,0.7052218901,-2.077574647,-1.591822046,-0.08037257005,0,1,93,task,30,0,1610,10,652,0
2,119,130,-1.650257594,-0.161732136,0.6310568159,-2.036490381,-1.591795246,-0.07948144151,0,0,,transition,30,0,1610,10,652,0
2,119,131,-1.649366289,-0.1296076529,0.5568917416,-1.995406114,-1.591768447,-0.07859031297,0,1,94,task,30,0,1610,10,652,0
2,119,132,-1.661314145,-0.1544515465,0.61340993,-2.026351379,-1.591843702,-0.09054033954,0,0,,transition,10,0,1610,10,652,0
2,119,133,-1.673262,-0.17929544,0.6699281183,-2.057296644,-1.591918957,-0.1024903661,0,1,95,task,10,0,1610,10,652,0
2,119,134,-1.674440638,-0.2067850702,0.7342758721,-2.093345966,-1.591965089,-0.1036687287,0,0,,transition,30,0,1610,10,652,0
2,119,135,-1.675619276,-0.2342747004,0.798623626,-2.129395288,-1.592011222,-0.1048470914,0,1,96,task,30,0,1610,10,652,0
2,119,136,-1.676852972,-0.2576876531,0.8543802003,-2.160931495,-1.592061602,-0.1060803598,0,0,,transition,30,0,1610,10,652,0
2,119,137,-1.678086668,-0.2811006059,0.9101367745,-2.192467701,-1.592111982,-0.1073136282,0,1,97,task,30,0,1610,10,652,0
2,119,138,-1.679324462,-0.3022784718,0.9603234245,-2.220646239,-1.592362913,-0.1085512345,0,0,,transition,30,0,1610,10,652,0
2,119,139,-1.680562256,-0.3234563378,1.010510074,-2.248824776,-1.592613844,-0.1097888408,0,1,98,task,30,0,1610,10,652,0
2,119,140,-1.683152663,-0.3617700183,1.102551483,-2.300894408,-1.593147503,-0.1123786076,0,1,99,task,30,0,1610,10,652,0
2,119,141,-1.6858731,-0.3968577294,1.18820122,-2.34980398,-1.593691427,-0.1150980753,0,1,100,task,30,0,1610,10,652,0
2,119,142,-1.688733645,-0.429297381,1.2687714,-2.396288186,-1.594246387,-0.1179573015,0,1,101,task,30,0,1610,10,652,0
2,119,143,-1.691745451,-0.4594888983,1.34519197,-2.440877588,-1.594813233,-0.1209674149,0,1,102,task,30,0,1610,10,652,0
2,119,144,-1.694920888,-0.4877179077,1.418150867,-2.483975107,-1.595392908,-0.1241407627,0,1,103,task,30,0,1610,10,652,0
2,119,145,-1.69827372,-0.5141919978,1.488174403,-2.525900147,-1.595986452,-0.1274910829,0,1,104,task,30,0,1610,10,652,0
2,119,146,-1.69655785,-0.4780592171,1.398032365,-2.474697133,-1.604446572,-0.1258291511,0,0,,transition,10,0,1610,10,652,0
2,119,147,-1.69484198,-0.4419264365,1.307890326,-2.423494119,-1.612906693,-0.1241672193,0,0,,transition,10,0,1610,10,652,0
2,119,148,-1.69312611,-0.4057936559,1.217748288,-2.372291105,-1.621366814,-0.1225052875,0,0,,transition,10,0,1610,10,652,0
2,119,149,-1.69141024,-0.3696608753,1.127606249,-2.321088091,-1.629826934,-0.1208433556,0,0,,transition,10,0,1610,10,652,0
2,119,150,-1.68969437,-0.3335280947,1.037464211,-2.269885077,-1.638287055,-0.1191814238,0,0,,transition,10,0,1610,10,652,0
2,119,151,-1.6879785,-0.2973953141,0.9473221726,-2.218682062,-1.646747175,-0.117519492,0,1,105,task,10,0,1610,10,652,0
2,119,152,-1.686642284,-0.2751831201,0.8956433788,-2.191591893,-1.646618301,-0.1161807167,0,0,,transition,30,0,1610,10,652,0
2,119,153,-1.685306068,-0.2529709262,0.843964585,-2.164501723,-1.646489427,-0.1148419414,0,1,106,task,30,0,1610,10,652,0
2,119,154,-1.684016524,-0.2272248231,0.7831739562,-2.129984976,-1.646414607,-0.1135484078,0,0,,transition,30,0,1610,10,652,0
2,119,155,-1.68272698,-0.2014787201,0.7223833274,-2.09546823,-1.646339788,-0.1122548742,0,1,107,task,30,0,1610,10,652,0
2,119,156,-1.681494474,-0.170147503,0.6496987149,-2.054647304,-1.646267609,-0.1110184928,0,0,,transition,30,0,1610,10,652,0
2,119,157,-1.680261968,-0.138816286,0.5770141025,-2.013826379,-1.64619543,-0.1097821114,0,1,108,task,30,0,1610,10,652,0
2,119,158,-1.704213925,-0.178566995,0.6652499056,-2.063854275,-1.646097093,-0.1338020649,0,1,109,task,10,0,1610,10,652,0
2,119,159,-1.705730825,-0.2062904278,0.7301090647,-2.10037813,-1.646196228,-0.1353239275,0,0,,transition,30,0,1610,10,652,0
2,119,160,-1.707247724,-0.2340138605,0.7949682239,-2.136901986,-1.646295362,-0.1368457902,0,1,110,task,30,0,1610,10,652,0
2,119,161,-1.708835483,-0.2575828341,0.8510678927,-2.168826806,-1.646398197,-0.138438639,0,0,,transition,30,0,1610,10,652,0
2,119,162,-1.710423242,-0.2811518078,0.9071675615,-2.200751627,-1.646501032,-0.1400314878,0,1,111,task,30,0,1610,10,652,0
2,119,163,-1.735829153,-0.3037436988,0.9558555231,-2.227068523,-1.646540268,-0.1655098893,0,1,112,task,10,0,1610,10,652,0
2,119,164,-1.73394317,-0.2815407417,0.9033754514,-2.197959815,-1.646388736,-0.1636180436,0,0,,transition,30,0,1610,10,652,0
2,119,165,-1.732057187,-0.2593377845,0.8508953797,-2.168851107,-1.646237205,-0.1617261979,0,1,113,task,30,0,1610,10,652,0
2,119,166,-1.730253272,-0.2338793475,0.7909886306,-2.135133224,-1.646099788,-0.1599160574,0,0,,transition,30,0,1610,10,652,0
2,119,167,-1.728449357,-0.2084209105,0.7310818814,-2.101415342,-1.645962371,-0.1581059168,0,1,114,task,30,0,1610,10,652,0
2,119,168,-1.726724597,-0.1776434415,0.6598498515,-2.061698147,-1.645829859,-0.1563750328,0,0,,transition,30,0,1610,10,652,0
2,119,169,-1.724999838,-0.1468659725,0.5886178215,-2.021980952,-1.645697347,-0.1546441488,0,1,115,task,30,0,1610,10,652,0
2,119,170,-1.74886536,-0.1748104917,0.6496784631,-2.057088688,-1.645411671,-0.1785748266,0,1,116,task,10,0,1610,10,652,0
2,119,171,-1.75086173,-0.2030419893,0.7152590191,-2.093511679,-1.645600557,-0.1805789396,0,0,,transition,30,0,1610,10,652,0
2,119,172,-1.7528581,-0.2312734868,0.7808395751,-2.12993467,-1.645789444,-0.1825830527,0,1,117,task,30,0,1610,10,652,0
2,119,173,-1.754946191,-0.2552029056,0.8373148512,-2.161562955,-1.645985436,-0.1846789139,0,0,,transition,30,0,1610,10,652,0
2,119,174,-1.757034282,-0.2791323243,0.8937901273,-2.193191239,-1.646181428,-0.1867747751,0,1,118,task,30,0,1610,10,652,0
2,119,175,-1.783360761,-0.3058364791,0.9523852652,-2.225576712,-1.646194425,-0.2131766442,0,1,119,task,10,0,1610,10,652,0
2,119,176,-1.780954179,-0.2835431006,0.8998973067,-2.19654726,-1.645961549,-0.2107611472,0,0,,transition,30,0,1610,10,652,0
2,119,177,-1.778547597,-0.2612497221,0.8474093482,-2.167517807,-1.645728673,-0.2083456501,0,1,120,task,30,0,1610,10,652,0
2,119,178,-1.776263707,-0.2358349936,0.788133621,-2.134905431,-1.645441179,-0.2060517471,0,0,,transition,30,0,1610,10,652,0
2,119,179,-1.773979816,-0.2104202651,0.7288578938,-2.102293056,-1.645153685,-0.2037578441,0,1,121,task,30,0,1610,10,652,0
2,119,180,-1.771794183,-0.1797961878,0.6584673875,-2.063785122,-1.644876558,-0.2015619786,0,0,,transition,30,0,1610,10,652,0
2,119,181,-1.76960855,-0.1491721105,0.5880768813,-2.025277188,-1.64459943,-0.1993661131,0,1,122,task,30,0,1610,10,652,0
2,119,182,-1.793143623,-0.1661101651,0.625028324,-2.04935119,-1.643655024,-0.2229516249,0,1,123,task,10,0,1610,10,652,0
2,119,183,-1.795553612,-0.1950000004,0.6911302981,-2.084642339,-1.644120564,-0.2253767341,0,0,,transition,30,0,1610,10,652,0
2,119,184,-1.797963601,-0.2238898357,0.7572322721,-2.119933488,-1.644586104,-0.2278018433,0,1,124,task,30,0,1610,10,652,0
2,119,185,-1.800480104,-0.2483052408,0.81380005,-2.150177344,-1.645069074,-0.2303323662,0,0,,transition,30,0,1610,10,652,0
2,119,186,-1.802996606,-0.2727206459,0.8703678279,-2.180421201,-1.645552045,-0.2328628891,0,1,125,task,30,0,1610,10,652,0
2,119,187,-1.830370069,-0.3037952159,0.9387124266,-2.217682038,-1.645688737,-0.2603164209,0,1,126,task,10,0,1610,10,652,0
2,119,188,-1.827544761,-0.2813808343,0.8871258471,-2.190850248,-1.645065558,-0.2574741014,0,0,,transition,30,0,1610,10,652,0
2,119,189,-1.824719453,-0.2589664528,0.8355392676,-2.164018459,-1.644442379,-0.254631782,0,1,127,task,30,0,1610,10,652,0
2,119,190,-1.822127208,-0.2338926891,0.7791808618,-2.136590905,-1.643400594,-0.2520108249,0,0,,transition,30,0,1610,10,652,0
2,119,191,-1.819534963,-0.2088189254,0.7228224561,-2.109163352,-1.642358808,-0.2493898677,0,1,128,task,30,0,1610,10,652,0
2,119,192,-1.816835916,-0.1777737939,0.6511469108,-2.069181919,-1.642188421,-0.246678981,0,0,,transition,30,0,1610,10,652,0
2,119,193,-1.814136869,-0.1467286624,0.5794713655,-2.029200486,-1.642018034,-0.2439680944,0,1,129,task,30,0,1610,10,652,0
2,119,194,-1.797914411,-0.2416667516,0.6455599411,-1.998640453,-1.637270165,-0.2277035548,0,0,,transition,10,0,1610,10,652,0
2,119,195,-1.781691953,-0.3366048407,0.7116485168,-1.968080421,-1.632522296,-0.2114390151,0,0,,transition,10,0,1610,10,652,0
2,119,196,-1.765469495,-0.4315429299,0.7777370924,-1.937520388,-1.627774427,-0.1951744755,0,0,,transition,10,0,1610,10,652,0
2,119,197,-1.749247037,-0.5264810191,0.843825668,-1.906960356,-1.623026558,-0.1789099359,0,0,,transition,10,0,1610,10,652,0
2,119,198,-1.733024579,-0.6214191083,0.9099142437,-1.876400324,-1.618278689,-0.1626453963,0,0,,transition,10,0,1610,10,652,0
2,119,199,-1.716802121,-0.7163571974,0.9760028193,-1.845840291,-1.61353082,-0.1463808566,0,0,,transition,10,0,1610,10,652,0
2,119,200,-1.700579663,-0.8112952866,1.042091395,-1.815280259,-1.608782951,-0.130116317,0,0,,transition,10,0,1610,10,652,0
2,119,201,-1.684357206,-0.9062333758,1.108179971,-1.784720227,-1.604035082,-0.1138517774,0,0,,transition,10,0,1610,10,652,0
2,119,202,-1.668134748,-1.001171465,1.174268546,-1.754160194,-1.599287214,-0.09758723776,0,0,,transition,10,0,1610,10,652,0
2,119,203,-1.65191229,-1.096109554,1.240357122,-1.723600162,-1.594539345,-0.08132269813,0,0,,transition,10,0,1610,10,652,0
2,119,204,-1.635689832,-1.191047643,1.306445697,-1.693040129,-1.589791476,-0.0650581585,0,0,,transition,10,0,1610,10,652,0
2,119,205,-1.619467374,-1.285985732,1.372534273,-1.662480097,-1.585043607,-0.04879361888,0,0,,transition,10,0,1610,10,652,0
2,119,206,-1.603244916,-1.380923822,1.438622849,-1.631920065,-1.580295738,-0.03252907925,0,0,,transition,10,0,1610,10,652,0
2,119,207,-1.587022458,-1.475861911,1.504711424,-1.601360032,-1.575547869,-0.01626453963,0,0,,transition,10,0,1610,10,652,0
2,119,208,-1.5708,-1.5708,1.5708,-1.5708,-1.5708,0,0,0,,home,30,0,1610,10,652,0
