target_line,group_id,point_id,q1,q2,q3,q4,q5,q6,is_discontinuous,is_task_waypoint,source_point_id,waypoint_kind,speed,base_normal_error_mm,base_x_actual_mm,standoff_mm,base_height_mm,lift_mm
1,106,1,-1.5708,-1.5708,1.5708,-1.5708,-1.5708,0,0,0,,home,30,0,-1610,50,652,0
1,106,2,-1.590414528,-1.475393798,1.491162587,-1.586864567,-1.572623473,-0.01962342794,0,0,,transition,10,0,-1610,50,652,0
1,106,3,-1.610029057,-1.379987595,1.411525174,-1.602929135,-1.574446945,-0.03924685587,0,0,,transition,10,0,-1610,50,652,0
1,106,4,-1.629643585,-1.284581393,1.331887761,-1.618993702,-1.576270418,-0.05887028381,0,0,,transition,10,0,-1610,50,652,0
1,106,5,-1.649258114,-1.189175191,1.252250348,-1.635058269,-1.57809389,-0.07849371175,0,0,,transition,10,0,-1610,50,652,0
1,106,6,-1.668872642,-1.093768989,1.172612935,-1.651122836,-1.579917363,-0.09811713968,0,0,,transition,10,0,-1610,50,652,0
1,106,7,-1.68848717,-0.9983627864,1.092975522,-1.667187404,-1.581740836,-0.1177405676,0,0,,transition,10,0,-1610,50,652,0
1,106,8,-1.708101699,-0.9029565841,1.013338109,-1.683251971,-1.583564308,-0.1373639956,0,0,,transition,10,0,-1610,50,652,0
1,106,9,-1.727716227,-0.8075503818,0.933700696,-1.699316538,-1.585387781,-0.1569874235,0,0,,transition,10,0,-1610,50,652,0
1,106,10,-1.747330756,-0.7121441796,0.854063283,-1.715381105,-1.587211254,-0.1766108514,0,0,,transition,10,0,-1610,50,652,0
1,106,11,-1.766945284,-0.6167379773,0.77442587,-1.731445673,-1.589034726,-0.1962342794,0,0,,transition,10,0,-1610,50,652,0
1,106,12,-1.786559812,-0.521331775,0.694788457,-1.74751024,-1.590858199,-0.2158577073,0,0,,transition,10,0,-1610,50,652,0
1,106,13,-1.806174341,-0.4259255728,0.615151044,-1.763574807,-1.592681671,-0.2354811352,0,0,,transition,10,0,-1610,50,652,0
1,106,14,-1.825788869,-0.3305193705,0.535513631,-1.779639374,-1.594505144,-0.2551045632,0,0,,transition,10,0,-1610,50,652,0
1,106,15,-1.845403398,-0.2351131682,0.455876218,-1.795703942,-1.596328617,-0.2747279911,0,0,,transition,10,0,-1610,50,652,0
1,106,16,-1.865017926,-0.139706966,0.376238805,-1.811768509,-1.598152089,-0.294351419,0,0,,transition,10,0,-1610,50,652,0
1,106,17,-1.884632454,-0.04430076369,0.296601392,-1.827833076,-1.599975562,-0.313974847,0,1,1,task,30,0,-1610,50,652,0
1,106,18,-1.887013228,-0.07753706091,0.370824167,-1.868144698,-1.599619401,-0.316352249,0,0,,transition,30,0,-1610,50,652,0
1,106,19,-1.889394001,-0.1107733581,0.445046942,-1.908456319,-1.59926324,-0.3187296509,0,0,,transition,30,0,-1610,50,652,0
1,106,20,-1.891774774,-0.1440096553,0.519269717,-1.94876794,-1.598907079,-0.3211070529,0,1,2,task,30,0,-1610,50,652,0
1,106,21,-1.895497967,-0.1779595009,0.5959993412,-1.990532154,-1.598387906,-0.3248247196,0,0,,transition,30,0,-1610,50,652,0
1,106,22,-1.89922116,-0.2119093465,0.6727289654,-2.032296368,-1.597868734,-0.3285423863,0,1,3,task,30,0,-1610,50,652,0
1,106,23,-1.902804991,-0.2393420532,0.7353772107,-2.066623138,-1.598387659,-0.3321290205,0,0,,transition,30,0,-1610,50,652,0
1,106,24,-1.906388822,-0.26677476,0.7980254561,-2.100949909,-1.598906584,-0.3357156548,0,1,4,task,30,0,-1610,50,652,0
1,106,25,-1.909897128,-0.2903706081,0.8524827108,-2.131038479,-1.600217961,-0.3392338921,0,0,,transition,30,0,-1610,50,652,0
1,106,26,-1.913405435,-0.3139664561,0.9069399656,-2.161127048,-1.601529337,-0.3427521294,0,1,5,task,30,0,-1610,50,652,0
1,106,27,-1.920740951,-0.3558742373,1.004799178,-2.21557997,-1.60417623,-0.3501089295,0,1,6,task,30,0,-1610,50,652,0
1,106,28,-1.928417275,-0.3938472207,1.094582097,-2.265942143,-1.606848379,-0.3578081514,0,1,7,task,30,0,-1610,50,652,0
1,106,29,-1.936637487,-0.4289513952,1.177797861,-2.312179751,-1.608987223,-0.36604295,0,1,8,task,30,0,-1610,50,652,0
1,106,30,-1.945494615,-0.4618797287,1.255638995,-2.354628857,-1.610430558,-0.3749002835,0,1,9,task,30,0,-1610,50,652,0
1,106,31,-1.954785143,-0.4927351585,1.329457335,-2.395170795,-1.611925458,-0.3841888185,0,1,10,task,30,0,-1610,50,652,0
1,106,32,-1.964540894,-0.5217950453,1.39989604,-2.43417535,-1.61347516,-0.393940345,0,1,11,task,30,0,-1610,50,652,0
1,106,33,-1.974796795,-0.5492657701,1.467448077,-2.471933564,-1.615083142,-0.4041897718,0,1,12,task,30,0,-1610,50,652,0
1,106,34,-1.986010217,-0.5759435716,1.526241791,-2.493837826,-1.615541188,-0.415251796,0,1,13,task,30,0,-1610,50,652,0
1,106,35,-1.997230074,-0.601484328,1.589490974,-2.529549618,-1.61768902,-0.4264559572,0,1,14,task,30,0,-1610,50,652,0
1,106,36,-2.006629988,-0.62102809,1.63923995,-2.558857406,-1.619556206,-0.4358566497,0,1,15,task,30,0,-1610,50,652,0
1,106,37,-2.018327147,-0.6536648573,1.714783061,-2.58775887,-1.613489926,-0.4471084059,0,0,,transition,10,0,-1610,50,652,0
1,106,38,-2.030024305,-0.6863016247,1.790326172,-2.616660334,-1.607423645,-0.4583601621,0,0,,transition,10,0,-1610,50,652,0
1,106,39,-2.041721464,-0.718938392,1.865869284,-2.645561798,-1.601357364,-0.4696119183,0,1,16,task,10,0,-1610,50,652,0
1,106,40,-2.021649609,-0.695973235,1.819894685,-2.640265423,-1.612423445,-0.4501855869,0,1,17,task,10,0,-1610,50,652,0
1,106,41,-2.006331983,-0.6735531465,1.76542816,-2.614512266,-1.614923956,-0.4350903848,0,1,18,task,30,0,-1610,50,652,0
1,106,42,-1.991832175,-0.6502653124,1.709564152,-2.588176921,-1.617660762,-0.420793662,0,1,19,task,30,0,-1610,50,652,0
1,106,43,-1.979389219,-0.6263112714,1.652204642,-2.560498076,-1.617292919,-0.4084865944,0,1,20,task,30,0,-1610,50,652,0
1,106,44,-1.968224247,-0.6015072579,1.59322298,-2.531860077,-1.615405399,-0.3974144946,0,1,21,task,30,0,-1610,50,652,0
1,106,45,-1.957142129,-0.5759989715,1.531313177,-2.499828483,-1.614923254,-0.3864043765,0,1,22,task,30,0,-1610,50,652,0
1,106,46,-1.946432775,-0.5493954901,1.466822295,-2.4658498,-1.615050197,-0.3757559393,0,1,23,task,30,0,-1610,50,652,0
1,106,47,-1.936637743,-0.5215172813,1.400184068,-2.431217626,-1.614171039,-0.3660027639,0,1,24,task,30,0,-1610,50,652,0
1,106,48,-1.92787677,-0.4922815251,1.331237025,-2.395983621,-1.611727599,-0.3572588493,0,1,25,task,30,0,-1610,50,652,0
1,106,49,-1.919523962,-0.4613665995,1.259070286,-2.359264976,-1.609368848,-0.3489151942,0,1,26,task,30,0,-1610,50,652,0
1,106,50,-1.911932914,-0.4287666591,1.182353252,-2.3187654,-1.605906093,-0.3413077664,0,1,27,task,30,0,-1610,50,652,0
1,106,51,-1.905031517,-0.3940051858,1.100225804,-2.274189908,-1.601398346,-0.3343736049,0,1,28,task,30,0,-1610,50,652,0
1,106,52,-1.898267701,-0.3562678301,1.011844374,-2.226183546,-1.597485123,-0.3275831332,0,1,29,task,30,0,-1610,50,652,0
1,106,53,-1.890475671,-0.314409104,0.9129415777,-2.170047142,-1.598001321,-0.3197954238,0,1,30,task,30,0,-1610,50,652,0
1,106,54,-1.886752404,-0.2907873911,0.857878353,-2.139060207,-1.598266994,-0.3160741893,0,0,,transition,30,0,-1610,50,652,0
1,106,55,-1.883029136,-0.2671656782,0.8028151283,-2.108073272,-1.598532667,-0.3123529547,0,1,31,task,30,0,-1610,50,652,0
1,106,56,-1.879467545,-0.2396058051,0.7394011279,-2.072674342,-1.598805427,-0.3087932787,0,0,,transition,30,0,-1610,50,652,0
1,106,57,-1.875905955,-0.212045932,0.6759871275,-2.037275411,-1.599078186,-0.3052336026,0,1,32,task,30,0,-1610,50,652,0
1,106,58,-1.872495883,-0.1777910311,0.5981770983,-1.994175992,-1.599357585,-0.3018253348,0,0,,transition,30,0,-1610,50,652,0
1,106,59,-1.869085811,-0.1435361301,0.5203670692,-1.951076573,-1.599636984,-0.2984170669,0,1,33,task,30,0,-1610,50,652,0
1,106,60,-1.856179438,-0.1184744462,0.4647340632,-1.920550027,-1.599895228,-0.2855076154,0,0,,transition,10,0,-1610,50,652,0
1,106,61,-1.843273064,-0.09341276229,0.4091010572,-1.890023481,-1.600153471,-0.2725981638,0,1,34,task,10,0,-1610,50,652,0
1,106,62,-1.846341968,-0.1346284943,0.5021610849,-1.941593347,-1.599954423,-0.2756663911,0,0,,transition,30,0,-1610,50,652,0
1,106,63,-1.849410871,-0.1758442262,0.5952211125,-1.993163213,-1.599755375,-0.2787346185,0,1,35,task,30,0,-1610,50,652,0
1,106,64,-1.852615998,-0.2067298989,0.6659308767,-2.032714411,-1.599559917,-0.281939037,0,0,,transition,30,0,-1610,50,652,0
1,106,65,-1.855821125,-0.2376155716,0.7366406409,-2.072265608,-1.599364459,-0.2851434556,0,1,36,task,30,0,-1610,50,652,0
1,106,66,-1.859171643,-0.2632968579,0.7962342307,-2.105906693,-1.599172821,-0.2884932315,0,0,,transition,30,0,-1610,50,652,0
1,106,67,-1.862522162,-0.2889781443,0.8558278204,-2.139547777,-1.598981182,-0.2918430075,0,1,37,task,30,0,-1610,50,652,0
1,106,68,-1.86602807,-0.3113500034,0.9084651208,-2.169543831,-1.598793612,-0.2953481376,0,0,,transition,30,0,-1610,50,652,0
1,106,69,-1.869533978,-0.3337218626,0.9611024212,-2.199539885,-1.598606042,-0.2988532677,0,1,38,task,30,0,-1610,50,652,0
1,106,70,-1.876878424,-0.3737424265,1.056642735,-2.254524871,-1.598239575,-0.3061960817,0,1,39,task,30,0,-1610,50,652,0
1,106,71,-1.884579415,-0.4101434876,1.144899238,-2.305849951,-1.597882368,-0.3138953621,0,1,40,task,30,0,-1610,50,652,0
1,106,72,-1.892663182,-0.4436293397,1.227454434,-2.354393772,-1.597535056,-0.321977336,0,1,41,task,30,0,-1610,50,652,0
1,106,73,-1.897458848,-0.4749062214,1.297896292,-2.386003745,-1.608157367,-0.3268394208,0,1,42,task,30,0,-1610,50,652,0
1,106,74,-1.904008515,-0.5052413343,1.359756183,-2.403224452,-1.614354561,-0.3333310743,0,1,43,task,30,0,-1610,50,652,0
1,106,75,-1.91317223,-0.5341886818,1.430304626,-2.442763103,-1.614241381,-0.3424678555,0,1,44,task,30,0,-1610,50,652,0
1,106,76,-1.922822721,-0.5615795635,1.498074356,-2.481096905,-1.614182274,-0.3520888288,0,1,45,task,30,0,-1610,50,652,0
1,106,77,-1.932999061,-0.5875594908,1.563436306,-2.518453532,-1.614181387,-0.3622328887,0,1,46,task,30,0,-1610,50,652,0
1,106,78,-1.943646148,-0.6123664211,1.626029422,-2.553410801,-1.614487577,-0.3728340617,0,1,47,task,30,0,-1610,50,652,0
1,106,79,-1.954157433,-0.6375502043,1.679967206,-2.570578833,-1.616607697,-0.383140625,0,1,48,task,30,0,-1610,50,652,0
1,106,80,-1.968823137,-0.662171475,1.732663767,-2.585999512,-1.610170872,-0.3974348469,0,1,49,task,10,0,-1610,50,652,0
1,106,81,-1.98377328,-0.6858153801,1.786839994,-2.607743201,-1.605285094,-0.4120894148,0,1,50,task,30,0,-1610,50,652,0
1,106,82,-1.999128988,-0.7083839363,1.842443042,-2.635749405,-1.601744568,-0.4272470597,0,1,51,task,30,0,-1610,50,652,0
1,106,83,-2.011604142,-0.7252015752,1.884458294,-2.65700201,-1.599172242,-0.439560908,0,1,52,task,30,0,-1610,50,652,0
1,106,84,-1.980684547,-0.730783793,1.901111169,-2.667232264,-1.596902288,-0.4087132887,0,1,53,task,10,0,-1610,50,652,0
1,106,85,-1.966281199,-0.7092788656,1.844615326,-2.634722954,-1.598308615,-0.3944259506,0,1,54,task,30,0,-1610,50,652,0
1,106,86,-1.952741698,-0.6868096347,1.786852511,-2.601879315,-1.599851171,-0.3809951299,0,1,55,task,30,0,-1610,50,652,0
1,106,87,-1.939992451,-0.6633505252,1.727685913,-2.56859034,-1.601517509,-0.3683480821,0,1,56,task,30,0,-1610,50,652,0
1,106,88,-1.927967791,-0.6388607057,1.666956149,-2.534737968,-1.603296576,-0.3564198756,0,1,57,task,30,0,-1610,50,652,0
1,106,89,-1.924769359,-0.6104424448,1.629737579,-2.557208669,-1.584502016,-0.3537774661,0,1,58,task,30,0,-1610,50,652,0
1,106,90,-1.916872357,-0.5857945701,1.566241844,-2.519647245,-1.578202977,-0.3459023611,0,1,59,task,30,0,-1610,50,652,0
1,106,91,-1.909399057,-0.5598289637,1.500685958,-2.481440198,-1.571937918,-0.3384598772,0,1,60,task,30,0,-1610,50,652,0
1,106,92,-1.902316254,-0.5324407546,1.432769367,-2.442383905,-1.565705261,-0.3314160141,0,1,61,task,30,0,-1610,50,652,0
1,106,93,-1.8955941,-0.5034888225,1.362121334,-2.402241665,-1.559503499,-0.3247402274,0,1,62,task,30,0,-1610,50,652,0
1,106,94,-1.888277775,-0.4732809026,1.287874373,-2.359679696,-1.556069889,-0.3174561439,0,1,63,task,30,0,-1610,50,652,0
1,106,95,-1.880367391,-0.4415010878,1.20930696,-2.31422833,-1.555547632,-0.3095567593,0,1,64,task,30,0,-1610,50,652,0
1,106,96,-1.87283639,-0.4072388716,1.125975583,-2.266496031,-1.55505437,-0.3020356359,0,1,65,task,30,0,-1610,50,652,0
1,106,97,-1.865658395,-0.3699827026,1.036717984,-2.21583174,-1.554588076,-0.2948664799,0,1,66,task,30,0,-1610,50,652,0
1,106,98,-1.858809394,-0.3289716195,0.9398320358,-2.161294002,-1.554146902,-0.2880253551,0,1,67,task,30,0,-1610,50,652,0
1,106,99,-1.85553844,-0.305984515,0.8862372316,-2.131354739,-1.553938033,-0.2847578911,0,0,,transition,30,0,-1610,50,652,0
1,106,100,-1.852267485,-0.2829974106,0.8326424274,-2.101415476,-1.553729163,-0.281490427,0,1,68,task,30,0,-1610,50,652,0
1,106,101,-1.849140068,-0.2564683693,0.7715621603,-2.06753246,-1.553531241,-0.2783660832,0,0,,transition,30,0,-1610,50,652,0
1,106,102,-1.84601265,-0.229939328,0.7104818931,-2.033649443,-1.553333318,-0.2752417393,0,1,69,task,30,0,-1610,50,652,0
1,106,103,-1.843019603,-0.1976634331,0.6370791748,-1.993190521,-1.553145636,-0.2722513786,0,0,,transition,30,0,-1610,50,652,0
1,106,104,-1.840026556,-0.1653875383,0.5636764564,-1.952731598,-1.552957954,-0.2692610179,0,1,70,task,30,0,-1610,50,652,0
1,106,105,-1.826906205,-0.1350733574,0.4957670834,-1.917062049,-1.552422958,-0.2561456785,0,0,,transition,10,0,-1610,50,652,0
1,106,106,-1.813785853,-0.1047591766,0.4278577104,-1.881392501,-1.551887962,-0.243030339,0,1,71,task,10,0,-1610,50,652,0
1,106,107,-1.816435185,-0.1445748442,0.5173858599,-1.930146279,-1.552100095,-0.2456770943,0,0,,transition,30,0,-1610,50,652,0
1,106,108,-1.819084516,-0.1843905117,0.6069140094,-1.978900058,-1.552312228,-0.2483238497,0,1,72,task,30,0,-1610,50,652,0
1,106,109,-1.821861011,-0.2148099609,0.6762495171,-2.017034979,-1.552500628,-0.2510978622,0,0,,transition,30,0,-1610,50,652,0
1,106,110,-1.824637506,-0.2452294102,0.7455850248,-2.055169899,-1.552689027,-0.2538718747,0,1,73,task,30,0,-1610,50,652,0
1,106,111,-1.827539609,-0.2706989848,0.804342802,-2.087676641,-1.552888036,-0.2567710511,0,0,,transition,30,0,-1610,50,652,0
1,106,112,-1.830441711,-0.2961685594,0.8631005792,-2.120183383,-1.553087044,-0.2596702275,0,1,74,task,30,0,-1610,50,652,0
1,106,113,-1.833478083,-0.3184552808,0.9151593545,-2.149173731,-1.553297398,-0.2627031962,0,0,,transition,30,0,-1610,50,652,0
1,106,114,-1.836514454,-0.3407420023,0.9672181299,-2.178164079,-1.553507752,-0.2657361649,0,1,75,task,30,0,-1610,50,652,0
1,106,115,-1.842874675,-0.3807480249,1.061900418,-2.23127663,-1.553952761,-0.2720885554,0,1,76,task,30,0,-1610,50,652,0
1,106,116,-1.849543123,-0.4172444861,1.149495109,-2.280811072,-1.554423836,-0.2787480706,0,1,77,task,30,0,-1610,50,652,0
1,106,117,-1.856542578,-0.4509114433,1.231528807,-2.327614225,-1.55492291,-0.2857374034,0,1,78,task,30,0,-1610,50,652,0
1,106,118,-1.863898101,-0.4822124207,1.309060369,-2.372281757,-1.555452112,-0.2930815198,0,1,79,task,30,0,-1610,50,652,0
1,106,119,-1.871570018,-0.5120162931,1.381845917,-2.41244025,-1.556193652,-0.3007312532,0,1,80,task,30,0,-1610,50,652,0
1,106,120,-1.879595973,-0.5405137904,1.450913612,-2.44935481,-1.557116176,-0.3087238647,0,1,81,task,30,0,-1610,50,652,0
1,106,121,-1.888048351,-0.5675531209,1.517392443,-2.485146571,-1.558111711,-0.3171367045,0,1,82,task,30,0,-1610,50,652,0
1,106,122,-1.896961685,-0.593265726,1.581621459,-2.520024804,-1.559186071,-0.3260037959,0,1,83,task,30,0,-1610,50,652,0
1,106,123,-1.906180652,-0.6181647409,1.64162468,-2.548630517,-1.560814075,-0.3351293438,0,1,84,task,30,0,-1610,50,652,0
1,106,124,-1.911982838,-0.6443616003,1.691181896,-2.555498018,-1.572120721,-0.3405731077,0,1,85,task,30,0,-1610,50,652,0
1,106,125,-1.918934107,-0.6694931066,1.746567368,-2.57833655,-1.581570084,-0.3472981283,0,1,86,task,30,0,-1610,50,652,0
1,106,126,-1.928570242,-0.692976835,1.80544125,-2.611885099,-1.585913559,-0.3568478397,0,1,87,task,30,0,-1610,50,652,0
1,106,127,-1.938816696,-0.7155002797,1.863026962,-2.645193905,-1.590337256,-0.3670063555,0,1,88,task,30,0,-1610,50,652,0
1,106,128,-1.948998543,-0.7357008667,1.915808382,-2.676224296,-1.594550327,-0.3771048561,0,1,89,task,30,0,-1610,50,652,0
1,106,129,-1.916589974,-0.7399672595,1.928530347,-2.683951155,-1.59212021,-0.3447792974,0,1,90,task,10,0,-1610,50,652,0
1,106,130,-1.907136046,-0.718253462,1.872601349,-2.652190478,-1.586658665,-0.3354281583,0,1,91,task,30,0,-1610,50,652,0
1,106,131,-1.898263187,-0.6956380038,1.815569769,-2.620329335,-1.581285752,-0.3266567197,0,1,92,task,30,0,-1610,50,652,0
1,106,132,-1.890398508,-0.6720095073,1.758672942,-2.591312513,-1.574868574,-0.3189295089,0,1,93,task,30,0,-1610,50,652,0
1,106,133,-1.884390092,-0.6472808791,1.704692869,-2.571344119,-1.565105624,-0.3131586651,0,1,94,task,30,0,-1610,50,652,0
1,106,134,-1.876885013,-0.6225053527,1.647868663,-2.547458424,-1.5599907,-0.305816203,0,1,95,task,30,0,-1610,50,652,0
1,106,135,-1.86839239,-0.5973588635,1.588288789,-2.520260901,-1.558567573,-0.2974233092,0,1,96,task,30,0,-1610,50,652,0
1,106,136,-1.860255299,-0.5715607066,1.524657615,-2.486898119,-1.557461265,-0.2893399666,0,1,97,task,30,0,-1610,50,652,0
1,106,137,-1.852537089,-0.5444897731,1.458824366,-2.452588479,-1.556442364,-0.281666643,0,1,98,task,30,0,-1610,50,652,0
1,106,138,-1.845207107,-0.5160149945,1.39048434,-2.417183354,-1.555502647,-0.2743736372,0,1,99,task,30,0,-1610,50,652,0
1,106,139,-1.838191626,-0.4863351346,1.318268366,-2.377974697,-1.554760668,-0.267381356,0,1,100,task,30,0,-1610,50,652,0
1,106,140,-1.831465806,-0.4551800398,1.241249482,-2.334001518,-1.554219665,-0.2606674341,0,1,101,task,30,0,-1610,50,652,0
1,106,141,-1.82506677,-0.4217192716,1.15985346,-2.287957405,-1.553710287,-0.2542787614,0,1,102,task,30,0,-1610,50,652,0
1,106,142,-1.818971371,-0.3855102144,1.0730671,-2.239271455,-1.553230294,-0.2481923035,0,1,103,task,30,0,-1610,50,652,0
1,106,143,-1.813158587,-0.345907718,0.9794401149,-2.187138262,-1.552777649,-0.2423871423,0,1,104,task,30,0,-1610,50,652,0
1,106,144,-1.810383937,-0.3239126371,0.9281020669,-2.158740805,-1.552564074,-0.2396156906,0,0,,transition,30,0,-1610,50,652,0
1,106,145,-1.807609287,-0.3019175562,0.8767640189,-2.130343349,-1.552350498,-0.2368442389,0,1,105,task,30,0,-1610,50,652,0
1,106,146,-1.804957653,-0.2768954665,0.8190643854,-2.098611086,-1.552148825,-0.2341952337,0,0,,transition,30,0,-1610,50,652,0
1,106,147,-1.802306019,-0.2518733767,0.7613647519,-2.066878823,-1.551947151,-0.2315462285,0,1,106,task,30,0,-1610,50,652,0
1,106,148,-1.799802397,-0.2225404203,0.6949966649,-2.031455051,-1.551642368,-0.2290461877,0,0,,transition,30,0,-1610,50,652,0
1,106,149,-1.797298776,-0.1932074639,0.6286285778,-1.996031278,-1.551337585,-0.2265461469,0,1,107,task,30,0,-1610,50,652,0
1,106,150,-1.794917256,-0.155990529,0.545503095,-1.952113333,-1.550986451,-0.2241673458,0,0,,transition,30,0,-1610,50,652,0
1,106,151,-1.792535736,-0.118773594,0.4623776121,-1.908195388,-1.550635316,-0.2217885447,0,1,108,task,30,0,-1610,50,652,0
1,106,152,-1.783874342,-0.1586926275,0.5525600654,-1.958670373,-1.550577568,-0.2131255734,0,0,,transition,10,0,-1610,50,652,0
1,106,153,-1.775212948,-0.198611661,0.6427425186,-2.009145359,-1.550519821,-0.2044626021,0,1,109,task,10,0,-1610,50,652,0
1,106,154,-1.777489469,-0.2275013064,0.7082649247,-2.044278601,-1.550758467,-0.2067376605,0,0,,transition,30,0,-1610,50,652,0
1,106,155,-1.779765989,-0.2563909519,0.7737873307,-2.079411843,-1.550997113,-0.2090127189,0,1,110,task,30,0,-1610,50,652,0
1,106,156,-1.782144712,-0.2809862,0.8301415496,-2.109671508,-1.551250484,-0.2113889375,0,0,,transition,30,0,-1610,50,652,0
1,106,157,-1.784523435,-0.3055814482,0.8864957685,-2.139931172,-1.551503855,-0.213765156,0,1,111,task,30,0,-1610,50,652,0
1,106,158,-1.787022764,-0.3273461907,0.9371080509,-2.167509812,-1.551736439,-0.2162615407,0,0,,transition,30,0,-1610,50,652,0
1,106,159,-1.789522092,-0.3491109331,0.9877203333,-2.195088453,-1.551969024,-0.2187579254,0,1,112,task,30,0,-1610,50,652,0
1,106,160,-1.794764155,-0.3884237366,1.080369616,-2.246017512,-1.552441812,-0.2239928044,0,1,113,task,30,0,-1610,50,652,0
1,106,161,-1.80026079,-0.424442555,1.166377486,-2.293599264,-1.552944282,-0.2294805408,0,1,114,task,30,0,-1610,50,652,0
1,106,162,-1.806030962,-0.4577856677,1.247134309,-2.338606073,-1.553478634,-0.2352399651,0,1,115,task,30,0,-1610,50,652,0
1,106,163,-1.81209556,-0.48887966,1.323616937,-2.381588535,-1.554047292,-0.2412918213,0,1,116,task,30,0,-1610,50,652,0
1,106,164,-1.818422821,-0.5184964071,1.395206448,-2.41952769,-1.554798285,-0.2475944542,0,1,117,task,30,0,-1610,50,652,0
1,106,165,-1.825018218,-0.547044243,1.462536506,-2.452586929,-1.55577256,-0.2541468325,0,1,118,task,30,0,-1610,50,652,0
1,106,166,-1.831958189,-0.5742559361,1.527440621,-2.484563632,-1.556835706,-0.2610327603,0,1,119,task,30,0,-1610,50,652,0
1,106,167,-1.839364569,-0.6003178767,1.590772723,-2.516753444,-1.557750453,-0.2683812992,0,1,120,task,30,0,-1610,50,652,0
1,106,168,-1.8472199,-0.6252571884,1.652415978,-2.548613193,-1.558669225,-0.2761715422,0,1,121,task,30,0,-1610,50,652,0
1,106,169,-1.854741378,-0.6495213066,1.711731967,-2.578257609,-1.56159996,-0.2835966266,0,1,122,task,30,0,-1610,50,652,0
1,106,170,-1.861266382,-0.6735702852,1.768452135,-2.604566095,-1.568016504,-0.2899764974,0,1,123,task,30,0,-1610,50,652,0
1,106,171,-1.868173427,-0.6967810341,1.823909569,-2.630531877,-1.574539666,-0.2967252207,0,1,124,task,30,0,-1610,50,652,0
1,106,172,-1.875284242,-0.7195745463,1.879497883,-2.658911001,-1.58164518,-0.3037015247,0,1,125,task,30,0,-1610,50,652,0
1,106,173,-1.882803251,-0.7416321235,1.934324264,-2.68776783,-1.588948502,-0.3110924394,0,1,126,task,30,0,-1610,50,652,0
1,106,174,-1.883510675,-0.7435958409,1.939258279,-2.690388154,-1.589616847,-0.3117881939,0,1,127,task,30,0,-1610,50,652,0
1,106,175,-1.849820276,-0.7465976236,1.947974975,-2.695513772,-1.587046203,-0.2781908259,0,1,128,task,10,0,-1610,50,652,0
1,106,176,-1.845618295,-0.7236969336,1.896464817,-2.674472994,-1.574823081,-0.2741842373,0,1,129,task,30,0,-1610,50,652,0
1,106,177,-1.838635414,-0.7018281436,1.841159714,-2.645996903,-1.569479506,-0.2673243226,0,1,130,task,30,0,-1610,50,652,0
1,106,178,-1.831882427,-0.6791904973,1.784550237,-2.61687905,-1.564658003,-0.2606807258,0,1,131,task,30,0,-1610,50,652,0
1,106,179,-1.825519232,-0.6556469602,1.726678545,-2.587462023,-1.559922601,-0.2544182369,0,1,132,task,30,0,-1610,50,652,0
1,106,180,-1.818669992,-0.6316582807,1.666611001,-2.555638853,-1.557369487,-0.2476406993,0,1,133,task,30,0,-1610,50,652,0
1,106,181,-1.811493038,-0.6070069038,1.604216312,-2.521551689,-1.556711698,-0.2405107667,0,1,134,task,30,0,-1610,50,652,0
1,106,182,-1.804707383,-0.5811618377,1.539931043,-2.48676864,-1.55612266,-0.2337662838,0,1,135,task,30,0,-1610,50,652,0
1,106,183,-1.798368778,-0.5540047509,1.474844265,-2.454077707,-1.555364564,-0.2274767906,0,1,136,task,30,0,-1610,50,652,0
1,106,184,-1.792490753,-0.5255333844,1.409792321,-2.425492945,-1.554293928,-0.2216571652,0,1,137,task,30,0,-1610,50,652,0
1,106,185,-1.786849896,-0.4960580638,1.340551226,-2.391879623,-1.553430918,-0.2160501094,0,1,138,task,30,0,-1610,50,652,0
1,106,186,-1.78142362,-0.4653686391,1.265631622,-2.350986535,-1.552789989,-0.2106387014,0,1,139,task,30,0,-1610,50,652,0
1,106,187,-1.776259834,-0.4325698314,1.186706914,-2.308199097,-1.552189361,-0.205486722,0,1,140,task,30,0,-1610,50,652,0
1,106,188,-1.771339941,-0.3972788051,1.102898323,-2.263020963,-1.551626212,-0.2005757954,0,1,141,task,30,0,-1610,50,652,0
1,106,189,-1.76662077,-0.3588421754,1.012308804,-2.213631879,-1.551182475,-0.1958618906,0,1,142,task,30,0,-1610,50,652,0
1,106,190,-1.762101083,-0.3163921512,0.9132103826,-2.159396191,-1.550816059,-0.1913452691,0,1,143,task,30,0,-1610,50,652,0
1,106,191,-1.759942203,-0.2924987832,0.8580799439,-2.129364971,-1.550644197,-0.1891873009,0,0,,transition,30,0,-1610,50,652,0
1,106,192,-1.757783324,-0.2686054153,0.8029495052,-2.099333751,-1.550472336,-0.1870293327,0,1,144,task,30,0,-1610,50,652,0
1,106,193,-1.755718789,-0.2408001823,0.7395048272,-2.064899615,-1.550311079,-0.1849651317,0,0,,transition,30,0,-1610,50,652,0
1,106,194,-1.753654255,-0.2129949494,0.6760601491,-2.030465478,-1.550149822,-0.1829009307,0,1,145,task,30,0,-1610,50,652,0
1,106,195,-1.751678014,-0.1785287131,0.5982737717,-1.988350074,-1.54999849,-0.1809244839,0,0,,transition,30,0,-1610,50,652,0
1,106,196,-1.749701773,-0.1440624767,0.5204873944,-1.94623467,-1.549847159,-0.1789480371,0,1,146,task,30,0,-1610,50,652,0
1,106,197,-1.740150184,-0.174338477,0.5888249812,-1.9843048,-1.549859722,-0.1693943657,0,0,,transition,10,0,-1610,50,652,0
1,106,198,-1.730598596,-0.2046144772,0.657162568,-2.02237493,-1.549872286,-0.1598406942,0,1,147,task,10,0,-1610,50,652,0
1,106,199,-1.732408587,-0.2331939277,0.7224252451,-2.058050663,-1.549979442,-0.1616509474,0,0,,transition,30,0,-1610,50,652,0
1,106,200,-1.734218578,-0.2617733783,0.7876879221,-2.093726395,-1.550086598,-0.1634612005,0,1,148,task,30,0,-1610,50,652,0
1,106,201,-1.736111742,-0.2861542044,0.8440170601,-2.124666301,-1.550201364,-0.165354295,0,0,,transition,30,0,-1610,50,652,0
1,106,202,-1.738004905,-0.3105350306,0.900346198,-2.155606207,-1.550316131,-0.1672473896,0,1,149,task,30,0,-1610,50,652,0
1,106,203,-1.739987116,-0.3320981044,0.9507759586,-2.18346356,-1.550439047,-0.169229176,0,0,,transition,30,0,-1610,50,652,0
1,106,204,-1.741969326,-0.3536611781,1.001205719,-2.211320913,-1.550561963,-0.1712109625,0,1,150,task,30,0,-1610,50,652,0
1,106,205,-1.746124728,-0.3926406739,1.093553905,-2.262669052,-1.550825277,-0.1753647505,0,1,151,task,30,0,-1610,50,652,0
1,106,206,-1.750485272,-0.4283799483,1.179409194,-2.310762611,-1.551107372,-0.1797228543,0,1,152,task,30,0,-1610,50,652,0
1,106,207,-1.754967425,-0.4614066534,1.2580036,-2.352067661,-1.551704623,-0.1841962197,0,1,153,task,30,0,-1610,50,652,0
1,106,208,-1.759614787,-0.4923449837,1.331451962,-2.389055563,-1.55251623,-0.188826282,0,1,154,task,30,0,-1610,50,652,0
1,106,209,-1.764454972,-0.5219651187,1.399139799,-2.418639685,-1.553490976,-0.1936281622,0,1,155,task,30,0,-1610,50,652,0
1,106,210,-1.769526133,-0.5509087114,1.461973925,-2.441299583,-1.554556152,-0.1986254936,0,1,156,task,30,0,-1610,50,652,0
1,106,211,-1.775163882,-0.5783125138,1.52953341,-2.478516281,-1.554919874,-0.2042367271,0,1,157,task,30,0,-1610,50,652,0
1,106,212,-1.781121067,-0.6043727378,1.59485008,-2.514831737,-1.555331196,-0.2101639857,0,1,158,task,30,0,-1610,50,652,0
1,106,213,-1.78742568,-0.6291888263,1.658208069,-2.550430939,-1.555794282,-0.2164349453,0,1,159,task,30,0,-1610,50,652,0
1,106,214,-1.793815757,-0.6530414733,1.719568557,-2.584734517,-1.557025519,-0.2227807742,0,1,160,task,30,0,-1610,50,652,0
1,106,215,-1.799581879,-0.6765465672,1.778515406,-2.616120049,-1.56070708,-0.2284755965,0,1,161,task,30,0,-1610,50,652,0
1,106,216,-1.805707869,-0.6990912021,1.836157393,-2.647199464,-1.564456254,-0.2345242583,0,1,162,task,30,0,-1610,50,652,0
1,106,217,-1.812228743,-0.7206982177,1.892636496,-2.678096226,-1.568279125,-0.2409613765,0,1,163,task,30,0,-1610,50,652,0
1,106,218,-1.819184232,-0.741375643,1.948078213,-2.708932802,-1.572182552,-0.2478262473,0,1,164,task,30,0,-1610,50,652,0
1,106,219,-1.815585801,-0.7489814973,1.954665518,-2.699310458,-1.584415275,-0.2440537681,0,1,165,task,10,0,-1610,50,652,0
1,106,220,-1.804440107,-0.7508322918,1.964043375,-2.702963133,-1.532198756,-0.2332427891,0,1,166,task,10,0,-1610,50,652,0
1,106,221,-1.792820862,-0.729703047,1.908916702,-2.67559576,-1.539362695,-0.2216528246,0,1,167,task,30,0,-1610,50,652,0
1,106,222,-1.782497252,-0.7077828223,1.85303165,-2.648205511,-1.545427705,-0.2113739065,0,1,168,task,30,0,-1610,50,652,0
1,106,223,-1.77392212,-0.6851878592,1.796616545,-2.621139856,-1.549020242,-0.2028618171,0,1,169,task,30,0,-1610,50,652,0
1,106,224,-1.765842989,-0.6617053803,1.738947896,-2.593629961,-1.552756078,-0.1948367542,0,1,170,task,30,0,-1610,50,652,0
1,106,225,-1.759087451,-0.6378642601,1.678586583,-2.561599416,-1.554432234,-0.1881189909,0,1,171,task,30,0,-1610,50,652,0
1,106,226,-1.75351776,-0.6134331232,1.615350359,-2.525258352,-1.554093242,-0.1825750552,0,1,172,task,30,0,-1610,50,652,0
1,106,227,-1.748260922,-0.5877583623,1.550214951,-2.488258598,-1.553795366,-0.1773413717,0,1,173,task,30,0,-1610,50,652,0
1,106,228,-1.743291219,-0.5607487203,1.482907225,-2.450418231,-1.55353522,-0.172392448,0,1,174,task,30,0,-1610,50,652,0
1,106,229,-1.738585684,-0.5322812792,1.413094495,-2.411527472,-1.553309783,-0.1677055185,0,1,175,task,30,0,-1610,50,652,0
1,106,230,-1.734618362,-0.5024416138,1.358086644,-2.408498892,-1.551730064,-0.1638381301,0,1,176,task,30,0,-1610,50,652,0
1,106,231,-1.730602594,-0.4721444734,1.287699256,-2.375990517,-1.550858781,-0.1598379176,0,1,177,task,30,0,-1610,50,652,0
1,106,232,-1.726574272,-0.4398523655,1.208227417,-2.330552136,-1.550649344,-0.1558111598,0,1,178,task,30,0,-1610,50,652,0
1,106,233,-1.722742965,-0.4050515713,1.123938887,-2.282803259,-1.550455027,-0.151980873,0,1,179,task,30,0,-1610,50,652,0
1,106,234,-1.719094532,-0.3672143915,1.033634175,-2.232072189,-1.550274736,-0.1483329576,0,1,180,task,30,0,-1610,50,652,0
1,106,235,-1.715616155,-0.3255525361,0.9355499029,-2.177383935,-1.550107483,-0.1448546344,0,1,181,task,30,0,-1610,50,652,0
1,106,236,-1.713956174,-0.3021796014,0.8812238511,-2.147296796,-1.550029927,-0.143194464,0,0,,transition,30,0,-1610,50,652,0
1,106,237,-1.712296192,-0.2788066666,0.8268977993,-2.117209656,-1.549952371,-0.1415342936,0,1,182,task,30,0,-1610,50,652,0
1,106,238,-1.710710116,-0.2517756279,0.7648318519,-2.083039666,-1.549880477,-0.1399478284,0,0,,transition,30,0,-1610,50,652,0
1,106,239,-1.709124039,-0.2247445892,0.7027659046,-2.048869675,-1.549808583,-0.1383613632,0,1,183,task,30,0,-1610,50,652,0
1,106,240,-1.70760703,-0.1916929775,0.6277778299,-2.007797115,-1.549741978,-0.1368437797,0,0,,transition,30,0,-1610,50,652,0
1,106,241,-1.706090022,-0.1586413658,0.5527897552,-1.966724554,-1.549675373,-0.1353261962,0,1,184,task,30,0,-1610,50,652,0
1,106,242,-1.701124095,-0.2042263884,0.6519121097,-2.010834328,-1.495686632,-0.1307014465,0,1,185,task,10,0,-1610,50,652,0
1,106,243,-1.702599385,-0.2331344299,0.7181356628,-2.047415136,-1.49578978,-0.1321800712,0,0,,transition,30,0,-1610,50,652,0
1,106,244,-1.704074676,-0.2620424715,0.7843592158,-2.083995944,-1.495892928,-0.133658696,0,1,186,task,30,0,-1610,50,652,0
1,106,245,-1.705618546,-0.2866149601,0.8413640116,-2.115689021,-1.496000867,-0.1352059026,0,0,,transition,30,0,-1610,50,652,0
1,106,246,-1.707162416,-0.3111874487,0.8983688074,-2.147382098,-1.496108807,-0.1367531093,0,1,187,task,30,0,-1610,50,652,0
1,106,247,-1.708779775,-0.3328676976,0.9493267234,-2.175915706,-1.496221898,-0.1383738042,0,0,,transition,30,0,-1610,50,652,0
1,106,248,-1.710397134,-0.3545479464,1.000284639,-2.204449315,-1.49633499,-0.1399944991,0,1,188,task,30,0,-1610,50,652,0
1,106,249,-1.713789611,-0.3936655482,1.093511953,-2.257060599,-1.496572271,-0.1433936393,0,1,189,task,30,0,-1610,50,652,0
1,106,250,-1.717351711,-0.4294730671,1.180129729,-2.306361401,-1.496821532,-0.1469623862,0,1,190,task,30,0,-1610,50,652,0
1,106,251,-1.721096524,-0.4625809676,1.261517965,-2.353120471,-1.497083747,-0.1507138186,0,1,191,task,30,0,-1610,50,652,0
1,106,252,-1.724990593,-0.4934245821,1.338007944,-2.396521222,-1.497499737,-0.1546119444,0,1,192,task,30,0,-1610,50,652,0
1,106,253,-1.727678992,-0.5230494496,1.401895641,-2.418360382,-1.501943222,-0.1572297498,0,1,193,task,30,0,-1610,50,652,0
1,106,254,-1.729230332,-0.5516565389,1.470213095,-2.454406096,-1.509955088,-0.1586840882,0,1,194,task,30,0,-1610,50,652,0
1,106,255,-1.73086409,-0.5788588158,1.536069145,-2.48941759,-1.517981508,-0.1602256008,0,1,195,task,30,0,-1610,50,652,0
1,106,256,-1.732587556,-0.6047780953,1.599784484,-2.523595078,-1.526023211,-0.1618616725,0,1,196,task,30,0,-1610,50,652,0
1,106,257,-1.732078222,-0.6299667014,1.660229966,-2.554449059,-1.539961859,-0.1612257815,0,1,197,task,10,0,-1610,50,652,0
1,106,258,-1.732712261,-0.654536609,1.717389443,-2.579913447,-1.5509971,-0.1617487892,0,1,198,task,30,0,-1610,50,652,0
1,106,259,-1.742862751,-0.6801747519,1.769372516,-2.589858723,-1.539511593,-0.1718020142,0,1,199,task,10,0,-1610,50,652,0
1,106,260,-1.750072503,-0.703196343,1.829291435,-2.624038482,-1.536434366,-0.1789972776,0,1,200,task,30,0,-1610,50,652,0
1,106,261,-1.757762861,-0.7251970063,1.887952549,-2.657914157,-1.53343197,-0.186672698,0,1,201,task,30,0,-1610,50,652,0
1,106,262,-1.765983702,-0.7461866673,1.945496067,-2.691610177,-1.530513,-0.1948779152,0,1,202,task,30,0,-1610,50,652,0
1,106,263,-1.769389135,-0.7541975486,1.967944214,-2.704897134,-1.529385202,-0.1982769232,0,1,203,task,30,0,-1610,50,652,0
1,106,264,-1.733985413,-0.7569605435,1.969784918,-2.705486576,-1.526594684,-0.1629509618,0,1,204,task,10,0,-1610,50,652,0
1,106,265,-1.729406849,-0.7361428549,1.913336632,-2.67238035,-1.523801843,-0.158429037,0,1,205,task,30,0,-1610,50,652,0
1,106,266,-1.725127275,-0.7143648108,1.855851216,-2.639206681,-1.521052946,-0.1542026878,0,1,206,task,30,0,-1610,50,652,0
1,106,267,-1.721118136,-0.6916217442,1.797199988,-2.605840476,-1.518343889,-0.1502436635,0,1,207,task,30,0,-1610,50,652,0
1,106,268,-1.717572345,-0.6677607914,1.738028948,-2.574017938,-1.515150204,-0.1467582084,0,1,208,task,30,0,-1610,50,652,0
1,106,269,-1.718151786,-0.6405716125,1.69588456,-2.584929898,-1.502301964,-0.1476379042,0,1,209,task,30,0,-1610,50,652,0
1,106,270,-1.713990375,-0.6167357743,1.633551268,-2.549547472,-1.50143954,-0.1434893413,0,1,210,task,30,0,-1610,50,652,0
1,106,271,-1.710016433,-0.5917336148,1.569032853,-2.512678776,-1.500735241,-0.1395231388,0,1,211,task,30,0,-1610,50,652,0
1,106,272,-1.706261946,-0.5654097976,1.502427921,-2.475034893,-1.500058457,-0.135774981,0,1,212,task,30,0,-1610,50,652,0
1,106,273,-1.702709141,-0.5376529704,1.43342331,-2.436414712,-1.49940695,-0.13222722,0,1,213,task,30,0,-1610,50,652,0
1,106,274,-1.699380544,-0.5085505183,1.362480861,-2.398091177,-1.498667404,-0.1289056996,0,1,214,task,30,0,-1610,50,652,0
1,106,275,-1.696298334,-0.4782729127,1.290264303,-2.361616467,-1.497719085,-0.1258342272,0,1,215,task,30,0,-1610,50,652,0
1,106,276,-1.693361246,-0.4461072998,1.214407341,-2.323360464,-1.496812216,-0.1229036029,0,1,216,task,30,0,-1610,50,652,0
1,106,277,-1.690358889,-0.4114234928,1.130294736,-2.275610033,-1.49657081,-0.1198961372,0,1,217,task,30,0,-1610,50,652,0
1,106,278,-1.687500729,-0.3737347087,1.040239579,-2.224912628,-1.496340758,-0.117032772,0,1,218,task,30,0,-1610,50,652,0
1,106,279,-1.684776588,-0.3322704855,0.9425169686,-2.170314433,-1.496121233,-0.1143033421,0,1,219,task,30,0,-1610,50,652,0
1,106,280,-1.683476907,-0.3090379981,0.8884647962,-2.140320738,-1.496016362,-0.1130009808,0,0,,transition,30,0,-1610,50,652,0
1,106,281,-1.682177227,-0.2858055108,0.8344126238,-2.110327043,-1.495911491,-0.1116986194,0,1,220,task,30,0,-1610,50,652,0
1,106,282,-1.680935733,-0.2589945325,0.7727965344,-2.076344074,-1.495811174,-0.1104544129,0,0,,transition,30,0,-1610,50,652,0
1,106,283,-1.679694239,-0.2321835543,0.7111804449,-2.042361106,-1.495710857,-0.1092102064,0,1,221,task,30,0,-1610,50,652,0
1,106,284,-1.678507098,-0.1995419861,0.6370597337,-2.001700496,-1.495614786,-0.1080203256,0,0,,transition,30,0,-1610,50,652,0
1,106,285,-1.677319957,-0.1669004179,0.5629390225,-1.961039886,-1.495518715,-0.1068304449,0,1,222,task,30,0,-1610,50,652,0
1,106,286,-1.656022547,-0.2017215158,0.6371375033,-2.000230937,-1.495588555,-0.08547180388,0,1,223,task,10,0,-1610,50,652,0
1,106,287,-1.656978241,-0.231156723,0.7041969227,-2.036908006,-1.495682128,-0.08642958104,0,0,,transition,30,0,-1610,50,652,0
1,106,288,-1.657933935,-0.2605919302,0.7712563422,-2.073585075,-1.495775702,-0.0873873582,0,1,224,task,30,0,-1610,50,652,0
1,106,289,-1.658933701,-0.2855271361,0.828719381,-2.105162839,-1.495873304,-0.08838913977,0,0,,transition,30,0,-1610,50,652,0
1,106,290,-1.659933467,-0.310462342,0.8861824198,-2.136740604,-1.495970905,-0.08939092134,0,1,225,task,30,0,-1610,50,652,0
1,106,291,-1.660980437,-0.3324309697,0.9374166902,-2.165053059,-1.496072821,-0.09043983363,0,0,,transition,30,0,-1610,50,652,0
1,106,292,-1.662027407,-0.3543995975,0.9886509605,-2.193365514,-1.496174736,-0.09148874593,0,1,226,task,30,0,-1610,50,652,0
1,106,293,-1.664221981,-0.3940173333,1.082210858,-2.245381941,-1.496389887,-0.09368701834,0,1,227,task,30,0,-1610,50,652,0
1,106,294,-1.666450609,-0.4301837452,1.167606737,-2.291278905,-1.49684575,-0.09591607228,0,1,228,task,30,0,-1610,50,652,0
1,106,295,-1.668790029,-0.4637408557,1.24784397,-2.334620565,-1.497319075,-0.09825483525,0,1,229,task,30,0,-1610,50,652,0
1,106,296,-1.67124877,-0.4951073576,1.323877695,-2.375942983,-1.497811156,-0.1007117449,0,1,230,task,30,0,-1610,50,652,0
1,106,297,-1.673830184,-0.5247208657,1.396483568,-2.415641581,-1.498340214,-0.103290026,0,1,231,task,30,0,-1610,50,652,0
1,106,298,-1.676520386,-0.5533468842,1.466461746,-2.453975473,-1.498971762,-0.105975703,0,1,232,task,30,0,-1610,50,652,0
1,106,299,-1.679360109,-0.5804974003,1.533874936,-2.491212715,-1.499624496,-0.1088096507,0,1,233,task,30,0,-1610,50,652,0
1,106,300,-1.682362256,-0.606301688,1.599066238,-2.527566607,-1.500300209,-0.1118046589,0,1,234,task,30,0,-1610,50,652,0
1,106,301,-1.685444568,-0.6309728633,1.661582848,-2.561449902,-1.501244264,-0.1148727641,0,1,235,task,30,0,-1610,50,652,0
1,106,302,-1.688379508,-0.6549666213,1.720060133,-2.588945167,-1.503027928,-0.1177700268,0,1,236,task,30,0,-1610,50,652,0
1,106,303,-1.688725399,-0.6803735223,1.770206366,-2.598550562,-1.511386802,-0.1179648409,0,1,237,task,30,0,-1610,50,652,0
1,106,304,-1.690730833,-0.7041195813,1.82606032,-2.624063821,-1.515996401,-0.119890218,0,1,238,task,30,0,-1610,50,652,0
1,106,305,-1.693575228,-0.7265384793,1.883544216,-2.656027345,-1.519068453,-0.1226876726,0,1,239,task,30,0,-1610,50,652,0
1,106,306,-1.696612939,-0.7480380946,1.939934444,-2.687824531,-1.522172071,-0.1256757347,0,1,240,task,30,0,-1610,50,652,0
1,106,307,-1.698316654,-0.759114257,1.969561847,-2.704731851,-1.523838997,-0.1273518142,0,1,241,task,30,0,-1610,50,652,0
1,106,308,-1.662473697,-0.7606489106,1.967275428,-2.702638859,-1.521129719,-0.09156962222,0,1,242,task,10,0,-1610,50,652,0
1,106,309,-1.660878309,-0.7393519735,1.912334713,-2.67298631,-1.517432415,-0.09001922509,0,1,243,task,30,0,-1610,50,652,0
1,106,310,-1.659384297,-0.7172000144,1.856370623,-2.643172052,-1.513754462,-0.08856820032,0,1,244,task,30,0,-1610,50,652,0
1,106,311,-1.658285445,-0.6940364893,1.801471106,-2.618252964,-1.509389136,-0.08752846458,0,1,245,task,30,0,-1610,50,652,0
1,106,312,-1.657566798,-0.6699674279,1.747782374,-2.598523431,-1.504275372,-0.08688199233,0,1,246,task,30,0,-1610,50,652,0
1,106,313,-1.656096822,-0.6459290072,1.690595862,-2.572673802,-1.501137026,-0.08545422829,0,1,247,task,30,0,-1610,50,652,0
1,106,314,-1.653883758,-0.6217271383,1.629494144,-2.540261048,-1.500135865,-0.08325575477,0,1,248,task,30,0,-1610,50,652,0
1,106,315,-1.651737038,-0.5964015823,1.566259889,-2.506402839,-1.499306488,-0.08111927474,0,1,249,task,30,0,-1610,50,652,0
1,106,316,-1.649652899,-0.5698383693,1.500622381,-2.470944337,-1.498643855,-0.07904175323,0,1,250,task,30,0,-1610,50,652,0
1,106,317,-1.647678846,-0.5419112065,1.432637202,-2.434497025,-1.497999792,-0.0770729795,0,1,251,task,30,0,-1610,50,652,0
1,106,318,-1.645775559,-0.5127042368,1.361667358,-2.396006104,-1.497461031,-0.07517271041,0,1,252,task,30,0,-1610,50,652,0
1,106,319,-1.643891826,-0.482312983,1.28677108,-2.353909338,-1.497161989,-0.07328865014,0,1,253,task,30,0,-1610,50,652,0
1,106,320,-1.642101915,-0.449840904,1.207974737,-2.309987531,-1.496873911,-0.07149800717,0,1,254,task,30,0,-1610,50,652,0
1,106,321,-1.640398956,-0.4149249136,1.124438445,-2.263764283,-1.496596012,-0.06979394466,0,1,255,task,30,0,-1610,50,652,0
1,106,322,-1.638776738,-0.3770492018,1.034994277,-2.214587835,-1.496327584,-0.06817027885,0,1,256,task,30,0,-1610,50,652,0
1,106,323,-1.637229626,-0.3354474265,0.9379317436,-2.161514368,-1.496067986,-0.06662140267,0,1,257,task,30,0,-1610,50,652,0
1,106,324,-1.636482617,-0.3121590732,0.8841863098,-2.132209806,-1.495970832,-0.06587318835,0,0,,transition,30,0,-1610,50,652,0
1,106,325,-1.635735607,-0.2888707199,0.8304408759,-2.102905244,-1.495873678,-0.06512497403,0,1,258,task,30,0,-1610,50,652,0
1,106,326,-1.635020864,-0.2620312542,0.7691654652,-2.069615806,-1.495783103,-0.06440889213,0,0,,transition,30,0,-1610,50,652,0
1,106,327,-1.634306121,-0.2351917885,0.7078900546,-2.036326368,-1.495692527,-0.06369281023,0,1,259,task,30,0,-1610,50,652,0
1,106,328,-1.633622336,-0.2025641799,0.6341810815,-1.996389456,-1.495605482,-0.06300757906,0,0,,transition,30,0,-1610,50,652,0
1,106,329,-1.632938551,-0.1699365714,0.5604721083,-1.956452544,-1.495518437,-0.06232234788,0,1,260,task,30,0,-1610,50,652,0
1,106,330,-1.610967469,-0.1917673374,0.6038747898,-1.976307676,-1.495608793,-0.04028818263,0,1,261,task,10,0,-1610,50,652,0
1,106,331,-1.611405033,-0.222334206,0.6728005176,-2.013181662,-1.495690504,-0.04072643683,0,0,,transition,30,0,-1610,50,652,0
1,106,332,-1.611842597,-0.2529010747,0.7417262454,-2.050055647,-1.495772216,-0.04116469103,0,1,262,task,30,0,-1610,50,652,0
1,106,333,-1.612302623,-0.278706188,0.8008776713,-2.082463399,-1.495847771,-0.04162549047,0,0,,transition,30,0,-1610,50,652,0
1,106,334,-1.612762649,-0.3045113013,0.8600290971,-2.114871151,-1.495923326,-0.04208628991,0,1,263,task,30,0,-1610,50,652,0
1,106,335,-1.613244327,-0.3271001187,0.9124075521,-2.143738758,-1.49600066,-0.04256870984,0,0,,transition,30,0,-1610,50,652,0
1,106,336,-1.613726005,-0.3496889362,0.964786007,-2.172606364,-1.496077994,-0.04305112977,0,1,264,task,30,0,-1610,50,652,0
1,106,337,-1.614735615,-0.3902639474,1.059999679,-2.225397836,-1.496237079,-0.04406214269,0,1,265,task,30,0,-1610,50,652,0
1,106,338,-1.615794904,-0.4273161361,1.148063727,-2.274559157,-1.496400892,-0.04512274877,0,1,266,task,30,0,-1610,50,652,0
1,106,339,-1.616907648,-0.4615383386,1.230530524,-2.320949619,-1.496569779,-0.04623671526,0,1,267,task,30,0,-1610,50,652,0
1,106,340,-1.618078015,-0.4934024914,1.308475017,-2.365171961,-1.496744121,-0.04740820182,0,1,268,task,30,0,-1610,50,652,0
1,106,341,-1.619299619,-0.5233025109,1.382524657,-2.407276804,-1.496955774,-0.04863050137,0,1,269,task,30,0,-1610,50,652,0
1,106,342,-1.620430984,-0.5523429516,1.4513984,-2.442550071,-1.497609548,-0.04975758299,0,1,270,task,30,0,-1610,50,652,0
1,106,343,-1.621622811,-0.5799787874,1.517723248,-2.47667654,-1.498276887,-0.05094387422,0,1,271,task,30,0,-1610,50,652,0
1,106,344,-1.622896829,-0.6062248526,1.582404401,-2.51126532,-1.498915696,-0.05221241914,0,1,272,task,30,0,-1610,50,652,0
1,106,345,-1.624257755,-0.6311545195,1.645553196,-2.54619704,-1.499533523,-0.05356803681,0,1,273,task,30,0,-1610,50,652,0
1,106,346,-1.625699979,-0.6549219204,1.706950292,-2.580535491,-1.500164272,-0.05500408363,0,1,274,task,30,0,-1610,50,652,0
1,106,347,-1.62621057,-0.6788662582,1.763929915,-2.606803738,-1.503251475,-0.05548773218,0,1,275,task,30,0,-1610,50,652,0
1,106,348,-1.626574558,-0.7021915166,1.819131022,-2.631336623,-1.506755405,-0.0558187544,0,1,276,task,30,0,-1610,50,652,0
1,106,349,-1.626884868,-0.7247987402,1.873301782,-2.655775461,-1.510433771,-0.05609329147,0,1,277,task,30,0,-1610,50,652,0
1,106,350,-1.626688533,-0.7470679828,1.927324024,-2.681878597,-1.515253457,-0.05586044326,0,1,278,task,30,0,-1610,50,652,0
1,106,351,-1.626549123,-0.761552178,1.96293014,-2.699218831,-1.518477983,-0.05569639529,0,1,279,task,30,0,-1610,50,652,0
1,106,352,-1.59063582,-0.7618094742,1.956534339,-2.694487973,-1.51589426,-0.01982459246,0,1,280,task,10,0,-1610,50,652,0
1,106,353,-1.593377169,-0.7390602316,1.906726085,-2.677037798,-1.508306277,-0.02258795943,0,1,281,task,30,0,-1610,50,652,0
1,106,354,-1.593872646,-0.7172590893,1.85268522,-2.650901463,-1.505403354,-0.02309592729,0,1,282,task,30,0,-1610,50,652,0
1,106,355,-1.594182481,-0.6947574544,1.797274387,-2.62382922,-1.502859181,-0.0234169715,0,1,283,task,30,0,-1610,50,652,0
1,106,356,-1.59447311,-0.6714033574,1.7406171,-2.596364454,-1.500312196,-0.02371840448,0,1,284,task,30,0,-1610,50,652,0
1,106,357,-1.594346641,-0.6477080295,1.681296733,-2.565053331,-1.498766864,-0.02359839115,0,1,285,task,30,0,-1610,50,652,0
1,106,358,-1.593783801,-0.6235433993,1.618885263,-2.529374751,-1.49837224,-0.02303725889,0,1,286,task,30,0,-1610,50,652,0
1,106,359,-1.593252494,-0.5981598597,1.554597335,-2.493036899,-1.497981994,-0.02250744213,0,1,287,task,30,0,-1610,50,652,0
1,106,360,-1.592754694,-0.5714579899,1.488288856,-2.456134837,-1.497583283,-0.02201105346,0,1,288,task,30,0,-1610,50,652,0
1,106,361,-1.592397187,-0.5431408936,1.42266303,-2.425136773,-1.496866912,-0.02165751023,0,1,289,task,30,0,-1610,50,652,0
1,106,362,-1.592004812,-0.5136616394,1.35339607,-2.390476923,-1.496307386,-0.02126731834,0,1,290,task,30,0,-1610,50,652,0
1,106,363,-1.591477874,-0.4830652157,1.277682546,-2.34685146,-1.49621066,-0.02073968403,0,1,291,task,30,0,-1610,50,652,0
1,106,364,-1.590977339,-0.4503114166,1.197921323,-2.30133382,-1.496116092,-0.0202384419,0,1,292,task,30,0,-1610,50,652,0
1,106,365,-1.590501264,-0.4150155927,1.113224254,-2.253420639,-1.496023533,-0.01976165099,0,1,293,task,30,0,-1610,50,652,0
1,106,366,-1.590047893,-0.3766270706,1.022346178,-2.202417554,-1.495932851,-0.01930755629,0,1,294,task,30,0,-1610,50,652,0
1,106,367,-1.589615636,-0.3343191779,0.9234437921,-2.147308042,-1.495843923,-0.01887456698,0,1,295,task,30,0,-1610,50,652,0
1,106,368,-1.589409341,-0.3105396688,0.8685088696,-2.116894426,-1.495800282,-0.01866790231,0,0,,transition,30,0,-1610,50,652,0
1,106,369,-1.589203047,-0.2867601596,0.8135739472,-2.08648081,-1.495756641,-0.01846123765,0,1,296,task,30,0,-1610,50,652,0
1,106,370,-1.589005927,-0.2591580274,0.7505236936,-2.051773839,-1.495713772,-0.01826374484,0,0,,transition,30,0,-1610,50,652,0
1,106,371,-1.588808807,-0.2315558953,0.6874734401,-2.017066867,-1.495670904,-0.01806625203,0,1,297,task,30,0,-1610,50,652,0
1,106,372,-1.588620262,-0.1975286292,0.6106013588,-1.974962596,-1.495628762,-0.01787733045,0,0,,transition,30,0,-1610,50,652,0
1,106,373,-1.588431717,-0.1635013631,0.5337292776,-1.932858324,-1.495586621,-0.01768840888,0,1,298,task,30,0,-1610,50,652,0
1,106,374,-1.566209802,-0.1733669004,0.5508002051,-1.939637719,-1.495493651,0.004595936425,0,1,299,task,10,0,-1610,50,652,0
1,106,375,-1.566151715,-0.2065537229,0.625874553,-1.980914263,-1.495513633,0.004654148438,0,0,,transition,30,0,-1610,50,652,0
1,106,376,-1.566093629,-0.2397405454,0.700948901,-2.022190808,-1.495533614,0.00471236045,0,1,300,task,30,0,-1610,50,652,0
1,106,377,-1.566032867,-0.2668776347,0.7630247623,-2.056518798,-1.49555348,0.004773250447,0,0,,transition,30,0,-1610,50,652,0
1,106,378,-1.565972104,-0.294014724,0.8251006235,-2.090846789,-1.495573346,0.004834140444,0,1,301,task,30,0,-1610,50,652,0
1,106,379,-1.565908478,-0.3174835643,0.8794006454,-2.121067403,-1.495593084,0.004897896517,0,0,,transition,30,0,-1610,50,652,0
1,106,380,-1.565844852,-0.3409524047,0.9337006672,-2.151288017,-1.495612823,0.00496165259,0,1,302,task,30,0,-1610,50,652,0
1,106,381,-1.56571146,-0.382799205,1.031687577,-2.206207451,-1.495652017,0.005095309144,0,1,303,task,30,0,-1610,50,652,0
1,106,382,-1.565571475,-0.4208209883,1.121860708,-2.257138616,-1.495690901,0.005235562856,0,1,304,task,30,0,-1610,50,652,0
1,106,383,-1.565424401,-0.4558100375,1.20598851,-2.305057717,-1.495729441,0.00538291207,0,1,305,task,30,0,-1610,50,652,0
1,106,384,-1.565269686,-0.4882970069,1.285272723,-2.350635881,-1.495767602,0.005537906607,0,1,306,task,30,0,-1610,50,652,0
1,106,385,-1.565106725,-0.5186539168,1.360574231,-2.394362018,-1.495805345,0.005701154584,0,1,307,task,30,0,-1610,50,652,0
1,106,386,-1.56465028,-0.5482845087,1.424933333,-2.418956753,-1.496648708,0.006156881967,0,1,308,task,30,0,-1610,50,652,0
1,106,387,-1.564362195,-0.5762906698,1.492926641,-2.455936988,-1.496956555,0.006444885352,0,1,309,task,30,0,-1610,50,652,0
1,106,388,-1.56408391,-0.6028294003,1.559280201,-2.493677389,-1.497192736,0.006723197465,0,1,310,task,30,0,-1610,50,652,0
1,106,389,-1.563789278,-0.6280544796,1.623496768,-2.530595584,-1.49742748,0.007017812041,0,1,311,task,30,0,-1610,50,652,0
1,106,390,-1.563476828,-0.6520521522,1.685835072,-2.566864159,-1.497660626,0.007330194542,0,1,312,task,30,0,-1610,50,652,0
1,106,391,-1.562636295,-0.6757566059,1.744865411,-2.59809522,-1.499131431,0.008170104869,0,1,313,task,30,0,-1610,50,652,0
1,106,392,-1.561554022,-0.6988265817,1.801884236,-2.627218326,-1.501040342,0.009250883378,0,1,314,task,30,0,-1610,50,652,0
1,106,393,-1.560402897,-0.7210081996,1.857639832,-2.655968134,-1.502936397,0.01039961155,0,1,315,task,30,0,-1610,50,652,0
1,106,394,-1.55917628,-0.7423245308,1.912255305,-2.684444762,-1.504818154,0.01162279142,0,1,316,task,30,0,-1610,50,652,0
1,106,395,-1.554825555,-0.7614043054,1.948099929,-2.688466919,-1.513388156,0.01595429438,0,1,317,task,30,0,-1610,50,652,0
1,106,396,-1.529297802,-0.756339794,1.954387368,-2.720540766,-1.4892015,0.04157799157,0,1,318,task,10,0,-1610,50,652,0
1,106,397,-1.529473758,-0.7365782642,1.897552111,-2.684543456,-1.492078202,0.04139466343,0,1,319,task,30,0,-1610,50,652,0
1,106,398,-1.530198903,-0.715483894,1.841015493,-2.65187119,-1.49365644,0.0406689419,0,1,320,task,30,0,-1610,50,652,0
1,106,399,-1.531056321,-0.6933403184,1.783734743,-2.620061573,-1.494804547,0.03981271229,0,1,321,task,30,0,-1610,50,652,0
1,106,400,-1.531861976,-0.6702230298,1.72511235,-2.587889206,-1.495945959,0.03900783969,0,1,322,task,30,0,-1610,50,652,0
1,106,401,-1.532842419,-0.6465272691,1.664535604,-2.553602107,-1.496518301,0.03802785818,0,1,323,task,30,0,-1610,50,652,0
1,106,402,-1.534026638,-0.6221986955,1.601678369,-2.516774593,-1.496404653,0.03684397703,0,1,324,task,30,0,-1610,50,652,0
1,106,403,-1.535144262,-0.5966100619,1.536846103,-2.479236786,-1.49628498,0.03572656276,0,1,325,task,30,0,-1610,50,652,0
1,106,404,-1.53620073,-0.5696657773,1.469763551,-2.440808633,-1.496159789,0.0346701863,0,1,326,task,30,0,-1610,50,652,0
1,106,405,-1.537200907,-0.5412380353,1.400093302,-2.401280182,-1.49602953,0.03366999245,0,1,327,task,30,0,-1610,50,652,0
1,106,406,-1.538336396,-0.5113385239,1.337040831,-2.380344667,-1.495339755,0.03254348288,0,1,328,task,30,0,-1610,50,652,0
1,106,407,-1.539184094,-0.4804073364,1.260717904,-2.33595624,-1.49534601,0.03169411139,0,1,329,task,30,0,-1610,50,652,0
1,106,408,-1.539989401,-0.4472440843,1.180169455,-2.289577562,-1.495349994,0.03088718375,0,1,330,task,30,0,-1610,50,652,0
1,106,409,-1.54075541,-0.411435856,1.09444787,-2.24067369,-1.495351877,0.03011960279,0,1,331,task,30,0,-1610,50,652,0
1,106,410,-1.541484923,-0.3723865796,1.002210708,-2.188498044,-1.495351812,0.02938856484,0,1,332,task,30,0,-1610,50,652,0
1,106,411,-1.5418327,-0.3507884464,0.9518268662,-2.160219735,-1.495350875,0.02904004536,0,0,,transition,30,0,-1610,50,652,0
1,106,412,-1.542180478,-0.3291903131,0.9014430243,-2.131941426,-1.495349938,0.02869152589,0,1,333,task,30,0,-1610,50,652,0
1,106,413,-1.542512433,-0.3047752077,0.8451533371,-2.100575435,-1.495348159,0.02835884907,0,0,,transition,30,0,-1610,50,652,0
1,106,414,-1.542844387,-0.2803601022,0.7888636498,-2.069209445,-1.495346381,0.02802617225,0,1,334,task,30,0,-1610,50,652,0
1,106,415,-1.543161571,-0.2517502191,0.7236415861,-2.033106967,-1.495343819,0.02770828368,0,0,,transition,30,0,-1610,50,652,0
1,106,416,-1.543478756,-0.223140336,0.6584195223,-1.99700449,-1.495341257,0.02739039511,0,1,335,task,30,0,-1610,50,652,0
1,106,417,-1.543782132,-0.1871599529,0.577303795,-1.952379887,-1.495337965,0.02708633176,0,0,,transition,30,0,-1610,50,652,0
1,106,418,-1.544085508,-0.1511795698,0.4961880678,-1.907755285,-1.495334672,0.02678226841,0,1,336,task,30,0,-1610,50,652,0
1,106,419,-1.527910717,-0.1555393988,0.5064865309,-1.921494135,-1.473841079,0.04308432545,0,1,337,task,10,0,-1610,50,652,0
1,106,420,-1.527404284,-0.1910386652,0.5868812771,-1.966315723,-1.473915909,0.04359280252,0,0,,transition,30,0,-1610,50,652,0
1,106,421,-1.52689785,-0.2265379315,0.6672760233,-2.011137311,-1.473990738,0.04410127958,0,1,338,task,30,0,-1610,50,652,0
1,106,422,-1.526368136,-0.2548584439,0.7322154535,-2.047684444,-1.474065359,0.04463313068,0,0,,transition,30,0,-1610,50,652,0
1,106,423,-1.525838422,-0.2831789563,0.7971548837,-2.084231578,-1.474139979,0.04516498177,0,1,339,task,30,0,-1610,50,652,0
1,106,424,-1.525283791,-0.3073662692,0.8533164549,-2.116136308,-1.474214378,0.04572185024,0,0,,transition,30,0,-1610,50,652,0
1,106,425,-1.52472916,-0.3315535821,0.9094780261,-2.148041037,-1.474288777,0.04627871872,0,1,340,task,30,0,-1610,50,652,0
1,106,426,-1.524147818,-0.3529468012,0.9598050486,-2.176907731,-1.474362943,0.04686240505,0,0,,transition,30,0,-1610,50,652,0
1,106,427,-1.523566477,-0.3743400202,1.010132071,-2.205774424,-1.474437109,0.04744609137,0,1,341,task,30,0,-1610,50,652,0
1,106,428,-1.522346435,-0.4129927299,1.102330458,-2.259191075,-1.474584949,0.0486710532,0,1,342,task,30,0,-1610,50,652,0
1,106,429,-1.521064703,-0.4484007897,1.188055019,-2.309384135,-1.47473227,0.04995795423,0,1,343,task,30,0,-1610,50,652,0
1,106,430,-1.519716502,-0.481149972,1.268629873,-2.357092387,-1.474879042,0.05131159182,0,1,344,task,30,0,-1610,50,652,0
1,106,431,-1.519591193,-0.5119598268,1.338835985,-2.38868134,-1.471213662,0.05145181163,0,1,345,task,30,0,-1610,50,652,0
1,106,432,-1.517133036,-0.541437278,1.405986124,-2.419673146,-1.474220919,0.05389962457,0,1,346,task,30,0,-1610,50,652,0
1,106,433,-1.513912373,-0.5693817632,1.473381284,-2.456228605,-1.478968302,0.05710529576,0,1,347,task,30,0,-1610,50,652,0
1,106,434,-1.510514277,-0.5959285534,1.538287269,-2.491679381,-1.483692732,0.06048667873,0,1,348,task,30,0,-1610,50,652,0
1,106,435,-1.506825175,-0.6215520192,1.599362789,-2.522140561,-1.488655729,0.06415212319,0,1,349,task,30,0,-1610,50,652,0
1,106,436,-1.502919854,-0.6461293965,1.658443902,-2.55145988,-1.493597287,0.06802979034,0,1,350,task,30,0,-1610,50,652,0
1,106,437,-1.50108348,-0.6709655052,1.713623468,-2.572432731,-1.492816366,0.06984686097,0,1,351,task,30,0,-1610,50,652,0
1,106,438,-1.499668193,-0.6945042189,1.771798953,-2.603242087,-1.49073079,0.07126265306,0,1,352,task,30,0,-1610,50,652,0
1,106,439,-1.497722386,-0.7163909626,1.831110682,-2.640480448,-1.489647974,0.07321712709,0,1,353,task,30,0,-1610,50,652,0
1,106,440,-1.495644244,-0.7371738833,1.889095796,-2.67751087,-1.488558178,0.07530459341,0,1,354,task,30,0,-1610,50,652,0
1,106,441,-1.493560919,-0.755679077,1.942432012,-2.712195601,-1.48752831,0.07739733389,0,1,355,task,30,0,-1610,50,652,0
1,106,442,-1.458175092,-0.7543045702,1.928472895,-2.702589287,-1.485976343,0.1128743526,0,1,356,task,10,0,-1610,50,652,0
1,106,443,-1.462502488,-0.7342203494,1.872851556,-2.667957812,-1.484996846,0.1085524936,0,1,357,task,30,0,-1610,50,652,0
1,106,444,-1.466553873,-0.7131130611,1.815996102,-2.633130079,-1.483996812,0.1045062769,0,1,358,task,30,0,-1610,50,652,0
1,106,445,-1.470354449,-0.690970378,1.757782558,-2.597993001,-1.482978057,0.1007105239,0,1,359,task,30,0,-1610,50,652,0
1,106,446,-1.474622278,-0.6674203617,1.700738673,-2.568568915,-1.480192186,0.09647368507,0,1,360,task,30,0,-1610,50,652,0
1,106,447,-1.479942085,-0.6415893387,1.654965047,-2.568651765,-1.474006889,0.09125229508,0,1,361,task,30,0,-1610,50,652,0
1,106,448,-1.483000131,-0.6175766599,1.592851881,-2.532247323,-1.473047963,0.08819285709,0,1,362,task,30,0,-1610,50,652,0
1,106,449,-1.485813832,-0.5923397459,1.528028844,-2.493532225,-1.472281555,0.08537474049,0,1,363,task,30,0,-1610,50,652,0
1,106,450,-1.488474034,-0.5656998764,1.460884325,-2.453909577,-1.471507727,0.08271031577,0,1,364,task,30,0,-1610,50,652,0
1,106,451,-1.490992842,-0.5375265754,1.391074194,-2.413164846,-1.47072704,0.0801874591,0,1,365,task,30,0,-1610,50,652,0
1,106,452,-1.493075623,-0.5078456098,1.320468543,-2.375810272,-1.470845218,0.07809871239,0,1,366,task,30,0,-1610,50,652,0
1,106,453,-1.494848581,-0.4765717634,1.248129302,-2.340191413,-1.471581266,0.07631684689,0,1,367,task,30,0,-1610,50,652,0
1,106,454,-1.495855183,-0.443249979,1.168847355,-2.296942303,-1.474435509,0.075286035,0,1,368,task,30,0,-1610,50,652,0
1,106,455,-1.497603869,-0.4072980171,1.082690739,-2.247342874,-1.474756718,0.07352728093,0,1,369,task,30,0,-1610,50,652,0
1,106,456,-1.499430476,-0.3679788442,0.9894234807,-2.193579888,-1.474548407,0.07169379134,0,1,370,task,30,0,-1610,50,652,0
1,106,457,-1.50030125,-0.3461512606,0.9383278267,-2.164408107,-1.474443825,0.07081973562,0,0,,transition,30,0,-1610,50,652,0
1,106,458,-1.501172025,-0.324323677,0.8872321726,-2.135236326,-1.474339242,0.06994567991,0,1,371,task,30,0,-1610,50,652,0
1,106,459,-1.502003155,-0.2995238501,0.829900646,-2.1028044,-1.474234251,0.06911141693,0,0,,transition,30,0,-1610,50,652,0
1,106,460,-1.502834285,-0.2747240232,0.7725691194,-2.070372474,-1.474129261,0.06827715395,0,1,372,task,30,0,-1610,50,652,0
1,106,461,-1.503628403,-0.2454267371,0.7056522359,-2.032855904,-1.474023884,0.06748004208,0,0,,transition,30,0,-1610,50,652,0
1,106,462,-1.504422521,-0.216129451,0.6387353524,-1.995339335,-1.473918506,0.06668293021,0,1,373,task,30,0,-1610,50,652,0
1,106,463,-1.505182031,-0.178653565,0.5541645294,-1.948350467,-1.473812759,0.0659205553,0,0,,transition,30,0,-1610,50,652,0
1,106,464,-1.505941541,-0.141177679,0.4695937065,-1.901361599,-1.473707012,0.06515818038,0,1,374,task,30,0,-1610,50,652,0
1,106,465,-1.484493924,-0.1244320817,0.4285178191,-1.88107713,-1.472304336,0.0867201748,0,1,375,task,10,0,-1610,50,652,0
1,106,466,-1.483322624,-0.1638906352,0.5168060663,-1.929060408,-1.473034866,0.08789055685,0,0,,transition,30,0,-1610,50,652,0
1,106,467,-1.482151324,-0.2033491886,0.6050943135,-1.977043686,-1.473765397,0.0890609389,0,1,376,task,30,0,-1610,50,652,0
1,106,468,-1.481085275,-0.2338509257,0.674416291,-2.015640302,-1.473948998,0.09013029913,0,0,,transition,30,0,-1610,50,652,0
1,106,469,-1.480019226,-0.2643526627,0.7437382686,-2.054236919,-1.4741326,0.09119965936,0,1,377,task,30,0,-1610,50,652,0
1,106,470,-1.478904118,-0.2898848037,0.802426911,-2.087173779,-1.474315223,0.0923182236,0,0,,transition,30,0,-1610,50,652,0
1,106,471,-1.477789011,-0.3154169448,0.8611155534,-2.120110639,-1.474497845,0.09343678784,0,1,378,task,30,0,-1610,50,652,0
1,106,472,-1.476621415,-0.3377570506,0.913071237,-2.149510838,-1.474679433,0.09460799805,0,0,,transition,30,0,-1610,50,652,0
1,106,473,-1.475453818,-0.3600971565,0.9650269206,-2.178911038,-1.474861021,0.09577920826,0,1,379,task,30,0,-1610,50,652,0
1,106,474,-1.4734622,-0.4002197937,1.05894755,-2.231576275,-1.473752535,0.09778966077,0,1,380,task,30,0,-1610,50,652,0
1,106,475,-1.471579622,-0.4369002853,1.145617052,-2.280132045,-1.471989846,0.09969700885,0,1,381,task,30,0,-1610,50,652,0
1,106,476,-1.469292581,-0.4708467974,1.225393058,-2.323246077,-1.471175092,0.1020002683,0,1,382,task,30,0,-1610,50,652,0
1,106,477,-1.46679185,-0.5026094187,1.300412509,-2.363397408,-1.47064357,0.1045140301,0,1,383,task,30,0,-1610,50,652,0
1,106,478,-1.464112072,-0.5325312262,1.371947967,-2.402062095,-1.470244576,0.1072054279,0,1,384,task,30,0,-1610,50,652,0
1,106,479,-1.460736124,-0.5610445877,1.441483424,-2.441642305,-1.471403368,0.1105816096,0,1,385,task,30,0,-1610,50,652,0
1,106,480,-1.457174774,-0.5880345623,1.508293298,-2.480030989,-1.472549479,0.1141430429,0,1,386,task,30,0,-1610,50,652,0
1,106,481,-1.453500472,-0.6135989512,1.572800961,-2.517605782,-1.473445751,0.1178196908,0,1,387,task,30,0,-1610,50,652,0
1,106,482,-1.449763088,-0.6378044494,1.635335522,-2.554666582,-1.473936272,0.1215635331,0,1,388,task,30,0,-1610,50,652,0
1,106,483,-1.445776924,-0.6622542864,1.690150802,-2.57596388,-1.474498885,0.1255253818,0,1,389,task,30,0,-1610,50,652,0
1,106,484,-1.439875257,-0.6863268524,1.742219086,-2.5940384,-1.479160736,0.1313422739,0,1,390,task,30,0,-1610,50,652,0
1,106,485,-1.434465612,-0.7090028172,1.797732672,-2.622954359,-1.481733239,0.1367120589,0,1,391,task,30,0,-1610,50,652,0
1,106,486,-1.429210518,-0.7304192014,1.85395252,-2.656391086,-1.483111045,0.1419535177,0,1,392,task,30,0,-1610,50,652,0
1,106,487,-1.423607077,-0.7508576104,1.908894285,-2.689542589,-1.484458431,0.147542349,0,1,393,task,30,0,-1610,50,652,0
1,106,488,-1.423218468,-0.7521919092,1.912531369,-2.691755397,-1.484547524,0.1479299422,0,1,394,task,30,0,-1610,50,652,0
1,106,489,-1.388762542,-0.7493167926,1.894629288,-2.679728274,-1.483242383,0.1824915804,0,1,395,task,10,0,-1610,50,652,0
1,106,490,-1.395863692,-0.7285525854,1.841162979,-2.649550471,-1.480991629,0.1754312475,0,1,396,task,30,0,-1610,50,652,0
1,106,491,-1.402628183,-0.7068017782,1.787303894,-2.621139682,-1.478468138,0.1687165564,0,1,397,task,30,0,-1610,50,652,0
1,106,492,-1.409180129,-0.6840441462,1.733859545,-2.59643075,-1.475437318,0.1622307088,0,1,398,task,30,0,-1610,50,652,0
1,106,493,-1.414797705,-0.6606133745,1.678752449,-2.570729778,-1.47379645,0.1566514721,0,1,399,task,30,0,-1610,50,652,0
1,106,494,-1.419515117,-0.6364509459,1.621849478,-2.543982514,-1.473665684,0.1519449454,0,1,400,task,30,0,-1610,50,652,0
1,106,495,-1.424009183,-0.611969307,1.559816038,-2.508114248,-1.473428939,0.1474420571,0,1,401,task,30,0,-1610,50,652,0
1,106,496,-1.428264824,-0.5863482182,1.494760408,-2.469279266,-1.473165484,0.1431741348,0,1,402,task,30,0,-1610,50,652,0
1,106,497,-1.432574656,-0.5592408138,1.428266902,-2.431576834,-1.472088543,0.1388654868,0,1,403,task,30,0,-1610,50,652,0
1,106,498,-1.436998912,-0.5306207687,1.360534015,-2.395702747,-1.470008607,0.1344575791,0,1,404,task,30,0,-1610,50,652,0
1,106,499,-1.440354089,-0.5005718509,1.28821937,-2.355482182,-1.470464237,0.1310850189,0,1,405,task,30,0,-1610,50,652,0
1,106,500,-1.443545408,-0.4685707048,1.21215236,-2.313480698,-1.470905424,0.1278766404,0,1,406,task,30,0,-1610,50,652,0
1,106,501,-1.446584415,-0.4342838378,1.131571399,-2.269268764,-1.471333152,0.1248208576,0,1,407,task,30,0,-1610,50,652,0
1,106,502,-1.449386349,-0.3972251516,1.044894777,-2.221310091,-1.472057181,0.1219986641,0,1,408,task,30,0,-1610,50,652,0
1,106,503,-1.451890343,-0.3565928745,0.9500000383,-2.16792814,-1.473333849,0.1194685648,0,1,409,task,30,0,-1610,50,652,0
1,106,504,-1.453085487,-0.3339282093,0.8976593061,-2.138700899,-1.473969993,0.1182609578,0,0,,transition,30,0,-1610,50,652,0
1,106,505,-1.454280631,-0.311263544,0.8453185739,-2.109473659,-1.474606137,0.1170533507,0,1,410,task,30,0,-1610,50,652,0
1,106,506,-1.455698203,-0.2856291379,0.7872120823,-2.078106321,-1.474284566,0.115633461,0,0,,transition,30,0,-1610,50,652,0
1,106,507,-1.457115775,-0.2599947318,0.7291055908,-2.046738982,-1.473962996,0.1142135713,0,1,411,task,30,0,-1610,50,652,0
1,106,508,-1.458601895,-0.2293962473,0.6601412941,-2.009320928,-1.47317804,0.1127293345,0,0,,transition,30,0,-1610,50,652,0
1,106,509,-1.460088015,-0.1987977628,0.5911769975,-1.971902875,-1.472393085,0.1112450976,0,1,412,task,30,0,-1610,50,652,0
1,106,510,-1.461509648,-0.1583111348,0.5007121555,-1.922810357,-1.47161046,0.1098250883,0,0,,transition,30,0,-1610,50,652,0
1,106,511,-1.46293128,-0.1178245067,0.4102473136,-1.87371784,-1.470827836,0.108405079,0,1,413,task,30,0,-1610,50,652,0
1,106,512,-1.451314467,-0.09555716846,0.3550869292,-1.840946948,-1.474614523,0.1200325497,0,0,,transition,10,0,-1610,50,652,0
1,106,513,-1.439697654,-0.07328983021,0.2999265448,-1.808176057,-1.47840121,0.1316600204,0,1,414,task,10,0,-1610,50,652,0
1,106,514,-1.438761873,-0.1062551907,0.3732425463,-1.847963622,-1.478304695,0.1326008714,0,0,,transition,30,0,-1610,50,652,0
1,106,515,-1.437826093,-0.1392205512,0.4465585478,-1.887751187,-1.478208181,0.1335417223,0,0,,transition,30,0,-1610,50,652,0
1,106,516,-1.436890312,-0.1721859117,0.5198745493,-1.927538752,-1.478111666,0.1344825733,0,1,415,task,30,0,-1610,50,652,0
1,106,517,-1.435425739,-0.2060896599,0.5960097682,-1.968932106,-1.477962412,0.1359548829,0,0,,transition,30,0,-1610,50,652,0
1,106,518,-1.433961166,-0.2399934081,0.6721449871,-2.010325461,-1.477813159,0.1374271924,0,1,416,task,30,0,-1610,50,652,0
1,106,519,-1.432431703,-0.2674379488,0.7343482332,-2.044252999,-1.477659144,0.1389645344,0,0,,transition,30,0,-1610,50,652,0
1,106,520,-1.430902241,-0.2948824894,0.7965514794,-2.078180537,-1.47750513,0.1405018765,0,1,417,task,30,0,-1610,50,652,0
1,106,521,-1.429303553,-0.3185086252,0.8506100434,-2.10778924,-1.477346054,0.1421086016,0,0,,transition,30,0,-1610,50,652,0
1,106,522,-1.427704866,-0.3421347611,0.9046686074,-2.137397943,-1.477186978,0.1437153267,0,1,418,task,30,0,-1610,50,652,0
1,106,523,-1.424359591,-0.3841611794,1.001788774,-2.190860203,-1.476858051,0.1470770244,0,1,419,task,30,0,-1610,50,652,0
1,106,524,-1.420856103,-0.4222983877,1.090856734,-2.240176608,-1.476517648,0.1505973187,0,1,420,task,30,0,-1610,50,652,0
1,106,525,-1.417183128,-0.4573752227,1.173709877,-2.286357014,-1.476165007,0.154287526,0,1,421,task,30,0,-1610,50,652,0
1,106,526,-1.413328314,-0.4899442713,1.251585127,-2.330087184,-1.475799301,0.158160043,0,1,422,task,30,0,-1610,50,652,0
1,106,527,-1.409278108,-0.5203926754,1.325361583,-2.371860651,-1.475419637,0.1622284761,0,1,423,task,30,0,-1610,50,652,0
1,106,528,-1.405017604,-0.5490011674,1.395689964,-2.412049144,-1.47502504,0.1665077889,0,1,424,task,30,0,-1610,50,652,0
1,106,529,-1.400591883,-0.5765993644,1.463539987,-2.451218597,-1.474442974,0.1709571187,0,1,425,task,30,0,-1610,50,652,0
1,106,530,-1.395930797,-0.6028086323,1.528857897,-2.489325255,-1.473827158,0.1756435191,0,1,426,task,30,0,-1610,50,652,0
1,106,531,-1.390948799,-0.6278271458,1.591235571,-2.524890433,-1.473355993,0.1806458478,0,1,427,task,30,0,-1610,50,652,0
1,106,532,-1.385514908,-0.6521428767,1.649754715,-2.554956234,-1.473305152,0.186080441,0,1,428,task,30,0,-1610,50,652,0
1,106,533,-1.379773375,-0.6754587493,1.706578867,-2.584357363,-1.473203047,0.1918194993,0,1,429,task,30,0,-1610,50,652,0
1,106,534,-1.372868287,-0.6981801992,1.761506482,-2.61240766,-1.475078028,0.1986844207,0,1,430,task,30,0,-1610,50,652,0
1,106,535,-1.365484359,-0.720057694,1.814978358,-2.639851517,-1.477046326,0.2060201691,0,1,431,task,30,0,-1610,50,652,0
1,106,536,-1.356870715,-0.7414634218,1.865629579,-2.663283855,-1.480738663,0.214532295,0,1,432,task,30,0,-1610,50,652,0
1,106,537,-1.354871585,-0.7456552555,1.874788074,-2.666542015,-1.482060148,0.2164939358,0,1,433,task,30,0,-1610,50,652,0
1,106,538,-1.32421532,-0.7395393263,1.861850668,-2.673504377,-1.474892436,0.2475115292,0,1,434,task,10,0,-1610,50,652,0
1,106,539,-1.332369014,-0.7194982477,1.806557435,-2.637464418,-1.474704119,0.2393292337,0,1,435,task,30,0,-1610,50,652,0
1,106,540,-1.340054422,-0.6983388172,1.750004776,-2.60159523,-1.474448014,0.2316210006,0,1,436,task,30,0,-1610,50,652,0
1,106,541,-1.348093903,-0.6749930164,1.699599945,-2.583787066,-1.472095591,0.2236812906,0,1,437,task,30,0,-1610,50,652,0
1,106,542,-1.35491818,-0.6524049184,1.643903783,-2.555274312,-1.471744706,0.2168677644,0,1,438,task,30,0,-1610,50,652,0
1,106,543,-1.361037447,-0.6294314374,1.583866766,-2.51963128,-1.472270288,0.210720433,0,1,439,task,30,0,-1610,50,652,0
1,106,544,-1.366828388,-0.605209952,1.521816343,-2.483261083,-1.472773783,0.2049026068,0,1,440,task,30,0,-1610,50,652,0
1,106,545,-1.372315977,-0.5796502438,1.457502876,-2.446001182,-1.473256648,0.1993891826,0,1,441,task,30,0,-1610,50,652,0
1,106,546,-1.377522792,-0.5526329527,1.390618557,-2.40766033,-1.473720224,0.1941574694,0,1,442,task,30,0,-1610,50,652,0
1,106,547,-1.382469285,-0.5240008563,1.320777784,-2.368007629,-1.474165751,0.1891869146,0,1,443,task,30,0,-1610,50,652,0
1,106,548,-1.387174023,-0.4935456889,1.247487882,-2.3267564,-1.474594376,0.1844588654,0,1,444,task,30,0,-1610,50,652,0
1,106,549,-1.39165389,-0.4609875304,1.170103639,-2.283539295,-1.475007156,0.1799563605,0,1,445,task,30,0,-1610,50,652,0
1,106,550,-1.395924272,-0.4259411068,1.087753287,-2.237867965,-1.475405071,0.175663947,0,1,446,task,30,0,-1610,50,652,0
1,106,551,-1.399999213,-0.3878573603,0.9992104559,-2.189063409,-1.475789028,0.1715675211,0,1,447,task,30,0,-1610,50,652,0
1,106,552,-1.403891556,-0.3459139388,0.9026544067,-2.136125706,-1.476159867,0.167654187,0,1,448,task,30,0,-1610,50,652,0
1,106,553,-1.40575231,-0.3223503475,0.8489122057,-2.106794058,-1.476339116,0.1657831601,0,0,,transition,30,0,-1610,50,652,0
1,106,554,-1.407613064,-0.2987867561,0.7951700048,-2.07746241,-1.476518366,0.1639121333,0,1,449,task,30,0,-1610,50,652,0
1,106,555,-1.409393798,-0.2714396575,0.7333486637,-2.04384399,-1.476691808,0.1621213285,0,0,,transition,30,0,-1610,50,652,0
1,106,556,-1.411174532,-0.2440925588,0.6715273225,-2.010225571,-1.47686525,0.1603305237,0,1,450,task,30,0,-1610,50,652,0
1,106,557,-1.412880206,-0.2103609599,0.5959274951,-1.969221444,-1.477033219,0.1586149621,0,0,,transition,30,0,-1610,50,652,0
1,106,558,-1.414585881,-0.1766293611,0.5203276676,-1.928217317,-1.477201188,0.1568994004,0,1,451,task,30,0,-1610,50,652,0
1,106,559,-1.415676001,-0.1439812659,0.4478059536,-1.888924928,-1.477309728,0.1558027998,0,0,,transition,30,0,-1610,50,652,0
1,106,560,-1.416766122,-0.1113331708,0.3752842395,-1.849632539,-1.477418267,0.1547061992,0,0,,transition,30,0,-1610,50,652,0
1,106,561,-1.417856242,-0.07868507561,0.3027625254,-1.81034015,-1.477526807,0.1536095987,0,1,452,task,30,0,-1610,50,652,0
1,106,562,-1.411654149,-0.1194162294,0.3915790228,-1.85718486,-1.478089788,0.1598282467,0,0,,transition,10,0,-1610,50,652,0
1,106,563,-1.405452056,-0.1601473833,0.4803955202,-1.90402957,-1.478652769,0.1660468947,0,0,,transition,10,0,-1610,50,652,0
1,106,564,-1.399249963,-0.2008785371,0.5692120175,-1.95087428,-1.47921575,0.1722655427,0,0,,transition,10,0,-1610,50,652,0
1,106,565,-1.39304787,-0.2416096909,0.6580285149,-1.99771899,-1.479778731,0.1784841907,0,0,,transition,10,0,-1610,50,652,0
1,106,566,-1.386845777,-0.2823408447,0.7468450123,-2.0445637,-1.480341712,0.1847028387,0,0,,transition,10,0,-1610,50,652,0
1,106,567,-1.380643684,-0.3230719986,0.8356615097,-2.09140841,-1.480904693,0.1909214868,0,1,453,task,10,0,-1610,50,652,0
1,106,568,-1.378460657,-0.3454770915,0.8866573487,-2.119054148,-1.480697901,0.1931149207,0,0,,transition,30,0,-1610,50,652,0
1,106,569,-1.37627763,-0.3678821844,0.9376531876,-2.146699886,-1.480491109,0.1953083546,0,1,454,task,30,0,-1610,50,652,0
1,106,570,-1.371711794,-0.4081542902,1.03009978,-2.197006194,-1.480060629,0.1998952467,0,1,455,task,30,0,-1610,50,652,0
1,106,571,-1.36693255,-0.444965774,1.115374936,-2.243625156,-1.479612194,0.2046958295,0,1,456,task,30,0,-1610,50,652,0
1,106,572,-1.361925043,-0.4790085379,1.195011766,-2.287399769,-1.479144664,0.2097250032,0,1,457,task,30,0,-1610,50,652,0
1,106,573,-1.356673058,-0.5107554608,1.270067325,-2.328916179,-1.478656808,0.2149990388,0,1,458,task,30,0,-1610,50,652,0
1,106,574,-1.351158861,-0.5405441427,1.341305941,-2.368603285,-1.478147299,0.2205357331,0,1,459,task,30,0,-1610,50,652,0
1,106,575,-1.345363024,-0.56862316,1.409300578,-2.406787874,-1.477614706,0.226354584,0,1,460,task,30,0,-1610,50,652,0
1,106,576,-1.339264233,-0.5951794551,1.474492974,-2.443727397,-1.477057481,0.2324769897,0,1,461,task,30,0,-1610,50,652,0
1,106,577,-1.332839061,-0.6203554424,1.537231346,-2.479630599,-1.476473953,0.2389264745,0,1,462,task,30,0,-1610,50,652,0
1,106,578,-1.326061713,-0.644260139,1.597795074,-2.514671118,-1.475862317,0.2457289456,0,1,463,task,30,0,-1610,50,652,0
1,106,579,-1.318903737,-0.6669766405,1.656411458,-2.548996802,-1.475220621,0.2529129856,0,1,464,task,30,0,-1610,50,652,0
1,106,580,-1.311333693,-0.6885672598,1.713267418,-2.582736328,-1.474546755,0.2605101862,0,1,465,task,30,0,-1610,50,652,0
1,106,581,-1.303316781,-0.7090771109,1.768517852,-2.616004033,-1.473838445,0.268555528,0,1,466,task,30,0,-1610,50,652,0
1,106,582,-1.294814404,-0.7285366268,1.82229173,-2.64890356,-1.473093231,0.2770878153,0,1,467,task,30,0,-1610,50,652,0
1,106,583,-1.29143303,-0.7347136856,1.838351641,-2.657994038,-1.47430151,0.2804407607,0,1,468,task,30,0,-1610,50,652,0
1,106,584,-1.316830027,-0.8107215323,1.814028764,-2.559158217,-1.4830741,0.2549461461,0,0,,transition,10,0,-1610,50,652,0
1,106,585,-1.342227024,-0.8867293791,1.789705888,-2.460322395,-1.49184669,0.2294515315,0,0,,transition,10,0,-1610,50,652,0
1,106,586,-1.367624022,-0.9627372259,1.765383011,-2.361486573,-1.50061928,0.2039569169,0,0,,transition,10,0,-1610,50,652,0
1,106,587,-1.393021019,-1.038745073,1.741060135,-2.262650752,-1.50939187,0.1784623023,0,0,,transition,10,0,-1610,50,652,0
1,106,588,-1.418418016,-1.114752919,1.716737259,-2.16381493,-1.51816446,0.1529676877,0,0,,transition,10,0,-1610,50,652,0
1,106,589,-1.443815013,-1.190760766,1.692414382,-2.064979108,-1.52693705,0.1274730731,0,0,,transition,10,0,-1610,50,652,0
1,106,590,-1.469212011,-1.266768613,1.668091506,-1.966143287,-1.53570964,0.1019784584,0,0,,transition,10,0,-1610,50,652,0
1,106,591,-1.494609008,-1.34277646,1.643768629,-1.867307465,-1.54448223,0.07648384384,0,0,,transition,10,0,-1610,50,652,0
1,106,592,-1.520006005,-1.418784306,1.619445753,-1.768471643,-1.55325482,0.05098922922,0,0,,transition,10,0,-1610,50,652,0
1,106,593,-1.545403003,-1.494792153,1.595122876,-1.669635822,-1.56202741,0.02549461461,0,0,,transition,10,0,-1610,50,652,0
1,106,594,-1.5708,-1.5708,1.5708,-1.5708,-1.5708,0,0,0,,home,30,0,-1610,50,652,0
1,107,1,-1.5708,-1.5708,1.5708,-1.5708,-1.5708,0,0,0,,home,30,0,-1610,50,652,0
1,107,2,-1.579239295,-1.474102394,1.501083232,-1.59703348,-1.564430475,-0.008473619743,0,0,,transition,10,0,-1610,50,652,0
1,107,3,-1.58767859,-1.377404787,1.431366464,-1.623266961,-1.55806095,-0.01694723949,0,0,,transition,10,0,-1610,50,652,0
1,107,4,-1.596117885,-1.280707181,1.361649696,-1.649500441,-1.551691426,-0.02542085923,0,0,,transition,10,0,-1610,50,652,0
1,107,5,-1.60455718,-1.184009574,1.291932928,-1.675733921,-1.545321901,-0.03389447897,0,0,,transition,10,0,-1610,50,652,0
1,107,6,-1.612996476,-1.087311968,1.22221616,-1.701967402,-1.538952376,-0.04236809872,0,0,,transition,10,0,-1610,50,652,0
1,107,7,-1.621435771,-0.990614361,1.152499392,-1.728200882,-1.532582851,-0.05084171846,0,0,,transition,10,0,-1610,50,652,0
1,107,8,-1.629875066,-0.8939167545,1.082782624,-1.754434362,-1.526213327,-0.0593153382,0,0,,transition,10,0,-1610,50,652,0
1,107,9,-1.638314361,-0.797219148,1.013065856,-1.780667843,-1.519843802,-0.06778895794,0,0,,transition,10,0,-1610,50,652,0
1,107,10,-1.646753656,-0.7005215415,0.9433490879,-1.806901323,-1.513474277,-0.07626257769,0,0,,transition,10,0,-1610,50,652,0
1,107,11,-1.655192951,-0.603823935,0.8736323199,-1.833134803,-1.507104752,-0.08473619743,0,0,,transition,10,0,-1610,50,652,0
1,107,12,-1.663632246,-0.5071263285,0.8039155519,-1.859368284,-1.500735227,-0.09320981717,0,0,,transition,10,0,-1610,50,652,0
1,107,13,-1.672071541,-0.410428722,0.7341987839,-1.885601764,-1.494365703,-0.1016834369,0,0,,transition,10,0,-1610,50,652,0
1,107,14,-1.680510836,-0.3137311155,0.6644820159,-1.911835244,-1.487996178,-0.1101570567,0,0,,transition,10,0,-1610,50,652,0
1,107,15,-1.688950131,-0.217033509,0.5947652479,-1.938068725,-1.481626653,-0.1186306764,0,1,1,task,30,0,-1610,50,652,0
1,107,16,-1.690257185,-0.2484772614,0.6652078306,-1.975795488,-1.481779935,-0.1199412134,0,0,,transition,30,0,-1610,50,652,0
1,107,17,-1.691564239,-0.2799210138,0.7356504133,-2.013522251,-1.481933217,-0.1212517503,0,1,2,task,30,0,-1610,50,652,0
1,107,18,-1.692930442,-0.3062421042,0.7950818488,-2.045356125,-1.482093998,-0.1226211823,0,0,,transition,30,0,-1610,50,652,0
1,107,19,-1.694296645,-0.3325631945,0.8545132843,-2.077189998,-1.48225478,-0.1239906143,0,1,3,task,30,0,-1610,50,652,0
1,107,20,-1.695726122,-0.3556404676,0.907053019,-2.105371307,-1.482423583,-0.1254230432,0,0,,transition,30,0,-1610,50,652,0
1,107,21,-1.6971556,-0.3787177406,0.9595927537,-2.133552615,-1.482592387,-0.126855472,0,1,4,task,30,0,-1610,50,652,0
1,107,22,-1.686625966,-0.4780579289,1.010526691,-2.086656564,-1.489943021,-0.1162841827,0,0,,transition,10,0,-1610,50,652,0
1,107,23,-1.676096333,-0.5773981171,1.061460628,-2.039760513,-1.497293656,-0.1057128934,0,0,,transition,10,0,-1610,50,652,0
1,107,24,-1.6655667,-0.6767383054,1.112394565,-1.992864462,-1.50464429,-0.09514160404,0,0,,transition,10,0,-1610,50,652,0
1,107,25,-1.655037066,-0.7760784937,1.163328502,-1.94596841,-1.511994925,-0.0845703147,0,0,,transition,10,0,-1610,50,652,0
1,107,26,-1.644507433,-0.875418682,1.21426244,-1.899072359,-1.519345559,-0.07399902536,0,0,,transition,10,0,-1610,50,652,0
1,107,27,-1.6339778,-0.9747588703,1.265196377,-1.852176308,-1.526696193,-0.06342773602,0,0,,transition,10,0,-1610,50,652,0
1,107,28,-1.623448166,-1.074099059,1.316130314,-1.805280256,-1.534046828,-0.05285644669,0,0,,transition,10,0,-1610,50,652,0
1,107,29,-1.612918533,-1.173439247,1.367064251,-1.758384205,-1.541397462,-0.04228515735,0,0,,transition,10,0,-1610,50,652,0
1,107,30,-1.6023889,-1.272779435,1.417998188,-1.711488154,-1.548748097,-0.03171386801,0,0,,transition,10,0,-1610,50,652,0
1,107,31,-1.591859267,-1.372119623,1.468932126,-1.664592103,-1.556098731,-0.02114257867,0,0,,transition,10,0,-1610,50,652,0
1,107,32,-1.581329633,-1.471459812,1.519866063,-1.617696051,-1.563449366,-0.01057128934,0,0,,transition,10,0,-1610,50,652,0
1,107,33,-1.5708,-1.5708,1.5708,-1.5708,-1.5708,0,0,0,,home,30,0,-1610,50,652,0
2,119,1,-1.5708,-1.5708,1.5708,-1.5708,-1.5708,0,0,0,,home,30,0,1610,50,652,0
2,119,2,-1.579626966,-1.475989336,1.523905177,-1.618544336,-1.576641691,-0.008852657111,0,0,,transition,10,0,1610,50,652,0
2,119,3,-1.588453933,-1.381178671,1.477010353,-1.666288673,-1.582483382,-0.01770531422,0,0,,transition,10,0,1610,50,652,0
2,119,4,-1.597280899,-1.286368007,1.43011553,-1.714033009,-1.588325074,-0.02655797133,0,0,,transition,10,0,1610,50,652,0
2,119,5,-1.606107866,-1.191557343,1.383220706,-1.761777345,-1.594166765,-0.03541062844,0,0,,transition,10,0,1610,50,652,0
2,119,6,-1.614934832,-1.096746679,1.336325883,-1.809521682,-1.600008456,-0.04426328556,0,0,,transition,10,0,1610,50,652,0
2,119,7,-1.623761799,-1.001936014,1.289431059,-1.857266018,-1.605850147,-0.05311594267,0,0,,transition,10,0,1610,50,652,0
2,119,8,-1.632588765,-0.9071253502,1.242536236,-1.905010354,-1.611691838,-0.06196859978,0,0,,transition,10,0,1610,50,652,0
2,119,9,-1.641415732,-0.812314686,1.195641412,-1.952754691,-1.61753353,-0.07082125689,0,0,,transition,10,0,1610,50,652,0
2,119,10,-1.650242698,-0.7175040217,1.148746589,-2.000499027,-1.623375221,-0.079673914,0,0,,transition,10,0,1610,50,652,0
2,119,11,-1.659069664,-0.6226933575,1.101851765,-2.048243363,-1.629216912,-0.08852657111,0,0,,transition,10,0,1610,50,652,0
2,119,12,-1.667896631,-0.5278826932,1.054956942,-2.0959877,-1.635058603,-0.09737922822,0,0,,transition,10,0,1610,50,652,0
2,119,13,-1.676723597,-0.433072029,1.008062118,-2.143732036,-1.640900295,-0.1062318853,0,0,,transition,10,0,1610,50,652,0
2,119,14,-1.685550564,-0.3382613647,0.9611672947,-2.191476372,-1.646741986,-0.1150845424,0,1,1,task,30,0,1610,50,652,0
2,119,15,-1.684245271,-0.3161104104,0.9105440707,-2.165383186,-1.646618804,-0.1137768036,0,0,,transition,30,0,1610,50,652,0
2,119,16,-1.682939978,-0.2939594561,0.8599208468,-2.139289999,-1.646495622,-0.1124690647,0,1,2,task,30,0,1610,50,652,0
2,119,17,-1.681679614,-0.2683242323,0.8002550056,-2.105789547,-1.646421946,-0.1112048116,0,0,,transition,30,0,1610,50,652,0
2,119,18,-1.68041925,-0.2426890085,0.7405891644,-2.072289095,-1.646348271,-0.1099405585,0,1,3,task,30,0,1610,50,652,0
2,119,19,-1.67921454,-0.2118884018,0.6699061807,-2.032941455,-1.646277192,-0.1087320695,0,0,,transition,30,0,1610,50,652,0
2,119,20,-1.67800983,-0.1810877952,0.5992231971,-1.993593814,-1.646206112,-0.1075235804,0,1,4,task,30,0,1610,50,652,0
2,119,21,-1.701935544,-0.2201210947,0.6849278152,-2.041806175,-1.646111413,-0.1315172524,0,1,5,task,10,0,1610,50,652,0
2,119,22,-1.70342321,-0.2475873656,0.7483606076,-2.077158387,-1.646209299,-0.1330097745,0,0,,transition,30,0,1610,50,652,0
2,119,23,-1.704910877,-0.2750536365,0.8117934,-2.1125106,-1.646307184,-0.1345022965,0,1,6,task,30,0,1610,50,652,0
2,119,24,-1.706467903,-0.2986326521,0.8670078401,-2.143537578,-1.646408718,-0.1360642994,0,0,,transition,30,0,1610,50,652,0
2,119,25,-1.708024928,-0.3222116676,0.9222222802,-2.174564555,-1.646510252,-0.1376263023,0,1,7,task,30,0,1610,50,652,0
2,119,26,-1.733403278,-0.3448340727,0.9700714624,-2.200009972,-1.646550127,-0.1630770581,0,1,8,task,10,0,1610,50,652,0
2,119,27,-1.731549768,-0.322594182,0.9184394767,-2.171789105,-1.646401226,-0.1612178197,0,0,,transition,30,0,1610,50,652,0
2,119,28,-1.729696257,-0.3003542912,0.8668074909,-2.143568239,-1.646252324,-0.1593585813,0,1,9,task,30,0,1610,50,652,0
2,119,29,-1.727923226,-0.2750156332,0.8080459158,-2.110878403,-1.646116392,-0.1575794477,0,0,,transition,30,0,1610,50,652,0
2,119,30,-1.726150195,-0.2496769752,0.7492843408,-2.078188567,-1.645980459,-0.1558003142,0,1,10,task,30,0,1610,50,652,0
2,119,31,-1.7244548,-0.2194228332,0.6800386919,-2.039936936,-1.645849371,-0.1540989136,0,0,,transition,30,0,1610,50,652,0
2,119,32,-1.722759405,-0.1891686911,0.610793043,-2.001685305,-1.645718283,-0.152397513,0,1,11,task,30,0,1610,50,652,0
2,119,33,-1.74661357,-0.216641797,0.6701644231,-2.035574986,-1.645437197,-0.1763168965,0,1,12,task,10,0,1610,50,652,0
2,119,34,-1.748578613,-0.2445275892,0.7341331486,-2.070729071,-1.645624293,-0.1782895423,0,0,,transition,30,0,1610,50,652,0
2,119,35,-1.750543657,-0.2724133814,0.798101874,-2.105883155,-1.645811388,-0.180262188,0,1,13,task,30,0,1610,50,652,0
2,119,36,-1.752598738,-0.2962954009,0.8535750533,-2.136553793,-1.646005505,-0.1823248946,0,0,,transition,30,0,1610,50,652,0
2,119,37,-1.754653819,-0.3201774205,0.9090482325,-2.167224431,-1.646199622,-0.1843876012,0,1,14,task,30,0,1610,50,652,0
2,119,38,-1.780948581,-0.3469461398,0.9667162126,-2.198615753,-1.646214052,-0.2107576693,0,1,15,task,10,0,1610,50,652,0
2,119,39,-1.778576708,-0.3246285445,0.9150997402,-2.170485174,-1.645983626,-0.2083770464,0,0,,transition,30,0,1610,50,652,0
2,119,40,-1.776204836,-0.3023109491,0.8634832679,-2.142354594,-1.645753201,-0.2059964234,0,1,16,task,30,0,1610,50,652,0
2,119,41,-1.773955724,-0.2770803206,0.8054868299,-2.110840676,-1.645468185,-0.2037374765,0,0,,transition,30,0,1610,50,652,0
2,119,42,-1.771706611,-0.251849692,0.747490392,-2.079326757,-1.645183169,-0.2014785297,0,1,17,task,30,0,1610,50,652,0
2,119,43,-1.769553933,-0.2218345943,0.6792674925,-2.042380521,-1.644908395,-0.199315793,0,0,,transition,30,0,1610,50,652,0
2,119,44,-1.767401255,-0.1918194966,0.6110445931,-2.005434285,-1.644633621,-0.1971530564,0,1,18,task,30,0,1610,50,652,0
2,119,45,-1.790952846,-0.2086809454,0.6474667555,-2.029058917,-1.643697857,-0.2207554369,0,1,19,task,10,0,1610,50,652,0
2,119,46,-1.793324618,-0.2370092169,0.711501197,-2.062840244,-1.644159785,-0.2231420805,0,0,,transition,30,0,1610,50,652,0
2,119,47,-1.795696391,-0.2653374885,0.7755356386,-2.096621572,-1.644621713,-0.2255287241,0,1,20,task,30,0,1610,50,652,0
2,119,48,-1.798172425,-0.2895595105,0.8308000211,-2.125751284,-1.645100833,-0.2280185269,0,0,,transition,30,0,1610,50,652,0
2,119,49,-1.800648459,-0.3137815325,0.8860644037,-2.154880996,-1.645579953,-0.2305083297,0,1,21,task,30,0,1610,50,652,0
2,119,50,-1.827982348,-0.3448661425,0.9532141059,-2.190933603,-1.64571709,-0.2579221542,0,1,22,task,10,0,1610,50,652,0
2,119,51,-1.825202502,-0.3225578986,0.9027675557,-2.165140556,-1.645098752,-0.2551256051,0,0,,transition,30,0,1610,50,652,0
2,119,52,-1.822422657,-0.3002496546,0.8523210055,-2.139347509,-1.644480414,-0.252329056,0,1,23,task,30,0,1610,50,652,0
2,119,53,-1.819885719,-0.2756557281,0.7978683143,-2.113352208,-1.64344615,-0.2497638869,0,0,,transition,30,0,1610,50,652,0
2,119,54,-1.817348781,-0.2510618017,0.7434156231,-2.087356907,-1.642411886,-0.2471987178,0,1,24,task,30,0,1610,50,652,0
2,119,55,-1.814678784,-0.2206837451,0.6740284629,-2.048999232,-1.642242177,-0.2445170073,0,0,,transition,30,0,1610,50,652,0
2,119,56,-1.812008786,-0.1903056885,0.6046413026,-2.010641558,-1.642072468,-0.2418352968,0,1,25,task,30,0,1610,50,652,0
2,119,57,-1.834736611,-0.1947055412,0.6117471061,-2.016196518,-1.641090331,-0.2646023223,0,1,26,task,10,0,1610,50,652,0
2,119,58,-1.837683675,-0.2248328396,0.6808118186,-2.054832796,-1.64116776,-0.2675598697,0,0,,transition,30,0,1610,50,652,0
2,119,59,-1.840630739,-0.2549601379,0.7498765311,-2.093469074,-1.64124519,-0.2705174171,0,1,27,task,30,0,1610,50,652,0
2,119,60,-1.843711569,-0.280186124,0.8084909085,-2.126567204,-1.641323715,-0.2736091048,0,0,,transition,30,0,1610,50,652,0
2,119,61,-1.846792399,-0.3054121102,0.8671052858,-2.159665333,-1.64140224,-0.2767007925,0,1,28,task,30,0,1610,50,652,0
2,119,62,-1.852067055,-0.3476921173,0.955315777,-2.191881728,-1.645438383,-0.282072678,0,1,29,task,30,0,1610,50,652,0
2,119,63,-1.858768992,-0.3887546551,1.05084114,-2.245321194,-1.645668005,-0.2887958581,0,1,30,task,30,0,1610,50,652,0
2,119,64,-1.865792928,-0.4262445988,1.139065784,-2.295060477,-1.645910838,-0.2958417331,0,1,31,task,30,0,1610,50,652,0
2,119,65,-1.873162389,-0.4608764516,1.221585407,-2.34198298,-1.646167554,-0.3032339042,0,1,32,task,30,0,1610,50,652,0
2,119,66,-1.880903221,-0.4931356184,1.299499789,-2.386705519,-1.646438856,-0.3109983048,0,1,33,task,30,0,1610,50,652,0
2,119,67,-1.889043882,-0.5233660638,1.373605048,-2.429682953,-1.64672548,-0.3191634916,0,1,34,task,30,0,1610,50,652,0
2,119,68,-1.897615777,-0.5518184566,1.444499585,-2.471266016,-1.647028191,-0.3277609808,0,1,35,task,30,0,1610,50,652,0
2,119,69,-1.919232484,-0.5462978406,1.424911912,-2.460976582,-1.657312942,-0.3497402436,0,1,36,task,10,0,1610,50,652,0
2,119,70,-1.909532813,-0.517519254,1.353005393,-2.418218933,-1.658937882,-0.3400558699,0,1,37,task,30,0,1610,50,652,0
2,119,71,-1.900317828,-0.4868661242,1.277682917,-2.373933012,-1.660571977,-0.3308562618,0,1,38,task,30,0,1610,50,652,0
2,119,72,-1.891552707,-0.4540615311,1.198290105,-2.327740316,-1.662214714,-0.3221065833,0,1,39,task,30,0,1610,50,652,0
2,119,73,-1.883205829,-0.4187221388,1.11394588,-2.27914217,-1.663865611,-0.3137752005,0,1,40,task,30,0,1610,50,652,0
2,119,74,-1.875248419,-0.3803000691,1.023414772,-2.227450136,-1.665524216,-0.3058333291,0,1,41,task,30,0,1610,50,652,0
2,119,75,-1.8667284,-0.3396738818,0.9343995912,-2.187571126,-1.670297496,-0.2974421301,0,1,42,task,30,0,1610,50,652,0
2,119,76,-1.863562787,-0.3170868611,0.8836399611,-2.161929035,-1.669590686,-0.2942429434,0,0,,transition,30,0,1610,50,652,0
2,119,77,-1.860397175,-0.2944998404,0.832880331,-2.136286944,-1.668883876,-0.2910437568,0,1,43,task,30,0,1610,50,652,0
2,119,78,-1.858018995,-0.2687757279,0.7750182069,-2.106179342,-1.665907074,-0.2885686896,0,0,,transition,30,0,1610,50,652,0
2,119,79,-1.855640815,-0.2430516153,0.7171560829,-2.076071739,-1.662930273,-0.2860936224,0,1,44,task,30,0,1610,50,652,0
2,119,80,-1.852535754,-0.2110005634,0.6437132947,-2.034485673,-1.662916094,-0.28297373,0,0,,transition,30,0,1610,50,652,0
2,119,81,-1.849430694,-0.1789495114,0.5702705065,-1.992899607,-1.662901916,-0.2798538376,0,1,45,task,30,0,1610,50,652,0
2,119,82,-1.870621551,-0.1703231833,0.5452205988,-1.97766152,-1.663462563,-0.3011601226,0,1,46,task,10,0,1610,50,652,0
2,119,83,-1.873325536,-0.2029697852,0.6186943324,-2.017466619,-1.665644565,-0.303943346,0,0,,transition,30,0,1610,50,652,0
2,119,84,-1.87602952,-0.2356163871,0.692168066,-2.057271717,-1.667826566,-0.3067265694,0,1,47,task,30,0,1610,50,652,0
2,119,85,-1.879364012,-0.2625056252,0.7531876753,-2.090364686,-1.668255705,-0.3100910077,0,0,,transition,30,0,1610,50,652,0
2,119,86,-1.882698504,-0.2893948634,0.8142072846,-2.123457654,-1.668684843,-0.3134554461,0,1,48,task,30,0,1610,50,652,0
2,119,87,-1.886218002,-0.3126943034,0.8675860754,-2.152516085,-1.669001295,-0.3170016182,0,0,,transition,30,0,1610,50,652,0
2,119,88,-1.8897375,-0.3359937435,0.9209648661,-2.181574516,-1.669317746,-0.3205477903,0,1,49,task,30,0,1610,50,652,0
2,119,89,-1.897548762,-0.3775259349,1.015958176,-2.23171034,-1.66848732,-0.3283629527,0,1,50,task,30,0,1610,50,652,0
2,119,90,-1.906348952,-0.4153791924,1.101711881,-2.274465697,-1.665673476,-0.3370933991,0,1,51,task,30,0,1610,50,652,0
2,119,91,-1.914956003,-0.4509699262,1.18644533,-2.323368796,-1.664809811,-0.3457095076,0,1,52,task,30,0,1610,50,652,0
2,119,92,-1.923930306,-0.4840110834,1.266557706,-2.370724683,-1.664133609,-0.3547020912,0,1,53,task,30,0,1610,50,652,0
2,119,93,-1.93336373,-0.5148369352,1.342472186,-2.416129883,-1.663451795,-0.364154796,0,1,54,task,30,0,1610,50,652,0
2,119,94,-1.943291637,-0.5437373824,1.414872348,-2.45998046,-1.662763448,-0.37410305,0,1,55,task,30,0,1610,50,652,0
2,119,95,-1.969090213,-0.5406385655,1.400340679,-2.450877714,-1.662231339,-0.4000041608,0,1,56,task,10,0,1610,50,652,0
2,119,96,-1.958490907,-0.5114958228,1.328019386,-2.407620593,-1.663214283,-0.3893952515,0,1,57,task,30,0,1610,50,652,0
2,119,97,-1.948410572,-0.4804145993,1.252106714,-2.362740507,-1.664195219,-0.3793060486,0,1,58,task,30,0,1610,50,652,0
2,119,98,-1.938704014,-0.4472736893,1.173194219,-2.318271378,-1.66551941,-0.3696097688,0,1,59,task,30,0,1610,50,652,0
2,119,99,-1.929295267,-0.4118842169,1.091056476,-2.274629224,-1.667349733,-0.3602345724,0,1,60,task,30,0,1610,50,652,0
2,119,100,-1.92039297,-0.3735117306,1.002548167,-2.227325258,-1.668930239,-0.3513523798,0,1,61,task,30,0,1610,50,652,0
2,119,101,-1.912468659,-0.3311744956,0.9041288301,-2.172251677,-1.668556092,-0.3433765673,0,1,62,task,30,0,1610,50,652,0
2,119,102,-1.908678789,-0.3073230674,0.8492908517,-2.141789952,-1.668374871,-0.3395618042,0,0,,transition,30,0,1610,50,652,0
2,119,103,-1.904888919,-0.2834716391,0.7944528732,-2.111328227,-1.668193649,-0.3357470411,0,1,63,task,30,0,1610,50,652,0
2,119,104,-1.901260528,-0.2556773811,0.731218982,-2.07643261,-1.668018113,-0.3320945434,0,0,,transition,30,0,1610,50,652,0
2,119,105,-1.897632138,-0.2278831231,0.6679850908,-2.041536993,-1.667842577,-0.3284420457,0,1,64,task,30,0,1610,50,652,0
2,119,106,-1.894266648,-0.1933833885,0.59026343,-1.998861019,-1.667271359,-0.3250408451,0,0,,transition,30,0,1610,50,652,0
2,119,107,-1.890901159,-0.1588836539,0.5125417691,-1.956185045,-1.666700141,-0.3216396445,0,1,65,task,30,0,1610,50,652,0
2,119,108,-1.910759435,-0.1338245149,0.450305319,-1.920019636,-1.667160352,-0.3416158948,0,1,66,task,10,0,1610,50,652,0
2,119,109,-1.914440354,-0.1719054527,0.5358506719,-1.967173242,-1.667262287,-0.3453192415,0,0,,transition,30,0,1610,50,652,0
2,119,110,-1.918121272,-0.2099863904,0.6213960249,-2.014326849,-1.667364223,-0.3490225882,0,1,67,task,30,0,1610,50,652,0
2,119,111,-1.921961504,-0.2395143187,0.6884452768,-2.051555232,-1.667468232,-0.3528860605,0,0,,transition,30,0,1610,50,652,0
2,119,112,-1.925801737,-0.269042247,0.7554945288,-2.088783615,-1.667572241,-0.3567495327,0,1,68,task,30,0,1610,50,652,0
2,119,113,-1.929811613,-0.29396155,0.8126914998,-2.120787411,-1.667678252,-0.3607835205,0,0,,transition,30,0,1610,50,652,0
2,119,114,-1.933821489,-0.3188808529,0.8698884709,-2.152791208,-1.667784263,-0.3648175084,0,1,69,task,30,0,1610,50,652,0
2,119,115,-1.938012227,-0.3407846259,0.9207293348,-2.1814748,-1.667892176,-0.3690332965,0,0,,transition,30,0,1610,50,652,0
2,119,116,-1.942202965,-0.3626883988,0.9715701986,-2.210158392,-1.668000089,-0.3732490846,0,1,70,task,30,0,1610,50,652,0
2,119,117,-1.951062235,-0.4021317494,1.06391855,-2.262303685,-1.667921166,-0.38214869,0,1,71,task,30,0,1610,50,652,0
2,119,118,-1.960759835,-0.4383004865,1.148248901,-2.308385811,-1.666506426,-0.3918333264,0,1,72,task,30,0,1610,50,652,0
2,119,119,-1.970913202,-0.4718439938,1.22729655,-2.351829742,-1.665128816,-0.4019728432,0,1,73,task,30,0,1610,50,652,0
2,119,120,-1.981575392,-0.5032126361,1.302138139,-2.393376581,-1.663726455,-0.4126186081,0,1,74,task,30,0,1610,50,652,0
2,119,121,-1.992947629,-0.5328445771,1.3742505,-2.43488637,-1.661818902,-0.4239602207,0,1,75,task,30,0,1610,50,652,0
2,119,122,-2.019057026,-0.532290543,1.363581784,-2.425781545,-1.661970796,-0.4501907953,0,1,76,task,10,0,1610,50,652,0
2,119,123,-2.007915126,-0.503066794,1.291793505,-2.384009982,-1.661448192,-0.4389878495,0,1,77,task,30,0,1610,50,652,0
2,119,124,-1.997294913,-0.4718720896,1.216281394,-2.340547004,-1.660941178,-0.4283090231,0,1,78,task,30,0,1610,50,652,0
2,119,125,-1.987161797,-0.4383839244,1.136302762,-2.294968016,-1.660449555,-0.4181194989,0,1,79,task,30,0,1610,50,652,0
2,119,126,-1.977484069,-0.4021505637,1.050836765,-2.246699887,-1.659973059,-0.408387366,0,1,80,task,30,0,1610,50,652,0
2,119,127,-1.968232624,-0.3625132945,0.9584140139,-2.194928266,-1.659511374,-0.3990833355,0,1,81,task,30,0,1610,50,652,0
2,119,128,-1.963806664,-0.3404835738,0.907598265,-2.166672165,-1.659287763,-0.394631911,0,0,,transition,30,0,1610,50,652,0
2,119,129,-1.959380705,-0.318453853,0.856782516,-2.138416064,-1.659064151,-0.3901804865,0,1,82,task,30,0,1610,50,652,0
2,119,130,-1.955142192,-0.2933542324,0.7994731393,-2.106757692,-1.65884758,-0.3859172636,0,0,,transition,30,0,1610,50,652,0
2,119,131,-1.95090368,-0.2682546118,0.7421637625,-2.075099321,-1.65863101,-0.3816540406,0,1,83,task,30,0,1610,50,652,0
2,119,132,-1.946841263,-0.2384171826,0.6747022424,-2.038046661,-1.658421283,-0.3775676003,0,0,,transition,30,0,1610,50,652,0
2,119,133,-1.942778846,-0.2085797534,0.6072407224,-2.000994002,-1.658211556,-0.37348116,0,1,84,task,30,0,1610,50,652,0
2,119,134,-1.938882045,-0.1697660391,0.5203400672,-1.953497244,-1.658008469,-0.3695609635,0,0,,transition,30,0,1610,50,652,0
2,119,135,-1.934985244,-0.1309523247,0.4334394121,-1.906000485,-1.657805383,-0.365640767,0,1,85,task,30,0,1610,50,652,0
2,119,136,-1.943924958,-0.1060066056,0.3715141512,-1.868878094,-1.658702409,-0.374650629,0,0,,transition,10,0,1610,50,652,0
2,119,137,-1.952864672,-0.08106088644,0.3095888904,-1.831755703,-1.659599435,-0.3836604909,0,1,86,task,10,0,1610,50,652,0
2,119,138,-1.955548807,-0.1132462612,0.3811450507,-1.870716511,-1.6597588,-0.3863616845,0,0,,transition,30,0,1610,50,652,0
2,119,139,-1.958232942,-0.145431636,0.452701211,-1.909677319,-1.659918165,-0.3890628781,0,0,,transition,30,0,1610,50,652,0
2,119,140,-1.960917078,-0.1776170108,0.5242573712,-1.948638126,-1.66007753,-0.3917640717,0,1,87,task,30,0,1610,50,652,0
2,119,141,-1.965111077,-0.2110983595,0.5993869755,-1.989691421,-1.660324136,-0.3959843187,0,0,,transition,30,0,1610,50,652,0
2,119,142,-1.969305076,-0.2445797081,0.6745165797,-2.030744715,-1.660570743,-0.4002045658,0,1,88,task,30,0,1610,50,652,0
2,119,143,-1.973677226,-0.2717701953,0.7360787997,-2.064542855,-1.660825141,-0.4046036906,0,0,,transition,30,0,1610,50,652,0
2,119,144,-1.978049377,-0.2989606826,0.7976410198,-2.098340994,-1.661079539,-0.4090028155,0,1,89,task,30,0,1610,50,652,0
2,119,145,-1.98261087,-0.3224039448,0.8512102286,-2.127916196,-1.661341954,-0.413592083,0,0,,transition,30,0,1610,50,652,0
2,119,146,-1.987172364,-0.3458472069,0.9047794375,-2.157491398,-1.66160437,-0.4181813505,0,1,90,task,30,0,1610,50,652,0
2,119,147,-1.99669826,-0.3875841486,1.001079162,-2.211001612,-1.662145668,-0.4277645539,0,1,91,task,30,0,1610,50,652,0
2,119,148,-2.006653307,-0.4254782341,1.089418927,-2.260447159,-1.662703841,-0.4377788468,0,1,92,task,30,0,1610,50,652,0
2,119,149,-2.017065968,-0.4603423492,1.171600528,-2.306820782,-1.663279259,-0.4482528939,0,1,93,task,30,0,1610,50,652,0
2,119,150,-2.027967161,-0.4927196122,1.248839321,-2.350798909,-1.663872237,-0.459217833,0,1,94,task,30,0,1610,50,652,0
2,119,151,-2.039390503,-0.5229911048,1.322000121,-2.392869856,-1.664483026,-0.4707075298,0,1,95,task,30,0,1610,50,652,0
2,119,152,-2.067399262,-0.5271033444,1.314966848,-2.380941504,-1.660817982,-0.4986621174,0,1,96,task,10,0,1610,50,652,0
2,119,153,-2.055432515,-0.4967727386,1.242389016,-2.33967302,-1.659999584,-0.4866254728,0,1,97,task,30,0,1610,50,652,0
2,119,154,-2.044003526,-0.464357821,1.165734445,-2.296482105,-1.659204242,-0.4751291444,0,1,98,task,30,0,1610,50,652,0
2,119,155,-2.033078515,-0.4294784792,1.084144542,-2.250885351,-1.658431502,-0.4641390844,0,1,99,task,30,0,1610,50,652,0
2,119,156,-2.022626327,-0.3915938408,0.9964124659,-2.20221228,-1.657680842,-0.4536238971,0,1,100,task,30,0,1610,50,652,0
2,119,157,-2.012618194,-0.3498953745,0.9007491093,-2.149478185,-1.656951699,-0.4435546029,0,1,101,task,30,0,1610,50,652,0
2,119,158,-2.007822862,-0.3264900543,0.8475229745,-2.120299088,-1.656597587,-0.4387295134,0,0,,transition,30,0,1610,50,652,0
2,119,159,-2.00302753,-0.3030847341,0.7942968397,-2.091119991,-1.656243475,-0.4339044239,0,1,102,task,30,0,1610,50,652,0
2,119,160,-1.998428633,-0.2759597207,0.7331230989,-2.057737562,-1.655899515,-0.429276507,0,0,,transition,30,0,1610,50,652,0
2,119,161,-1.993829736,-0.2488347073,0.6719493581,-2.024355132,-1.655555554,-0.42464859,0,1,103,task,30,0,1610,50,652,0
2,119,162,-1.989415883,-0.2154695994,0.5973055118,-1.983765673,-1.65522143,-0.4202063774,0,0,,transition,30,0,1610,50,652,0
2,119,163,-1.98500203,-0.1821044916,0.5226616655,-1.943176214,-1.654887306,-0.4157641648,0,1,104,task,30,0,1610,50,652,0
2,119,164,-1.982175782,-0.1501052515,0.4516585813,-1.90464623,-1.654670904,-0.4129194054,0,0,,transition,30,0,1610,50,652,0
2,119,165,-1.979349533,-0.1181060114,0.3806554972,-1.866116245,-1.654454501,-0.410074646,0,0,,transition,30,0,1610,50,652,0
2,119,166,-1.976523285,-0.08610677136,0.309652413,-1.827586261,-1.654238098,-0.4072298865,0,1,105,task,30,0,1610,50,652,0
2,119,167,-1.949475066,-0.1850863199,0.3937289188,-1.810467177,-1.648675558,-0.3800812274,0,0,,transition,10,0,1610,50,652,0
2,119,168,-1.922426847,-0.2840658685,0.4778054246,-1.793348093,-1.643113019,-0.3529325683,0,0,,transition,10,0,1610,50,652,0
2,119,169,-1.895378628,-0.3830454171,0.5618819304,-1.776229009,-1.637550479,-0.3257839092,0,0,,transition,10,0,1610,50,652,0
2,119,170,-1.868330409,-0.4820249657,0.6459584362,-1.759109925,-1.631987939,-0.2986352501,0,0,,transition,10,0,1610,50,652,0
2,119,171,-1.84128219,-0.5810045142,0.730034942,-1.741990841,-1.626425399,-0.271486591,0,0,,transition,10,0,1610,50,652,0
2,119,172,-1.814233971,-0.6799840628,0.8141114478,-1.724871757,-1.620862859,-0.2443379319,0,0,,transition,10,0,1610,50,652,0
2,119,173,-1.787185752,-0.7789636114,0.8981879536,-1.707752673,-1.615300319,-0.2171892728,0,0,,transition,10,0,1610,50,652,0
2,119,174,-1.760137533,-0.87794316,0.9822644594,-1.690633588,-1.609737779,-0.1900406137,0,0,,transition,10,0,1610,50,652,0
2,119,175,-1.733089314,-0.9769227085,1.066340965,-1.673514504,-1.604175239,-0.1628919546,0,0,,transition,10,0,1610,50,652,0
2,119,176,-1.706041095,-1.075902257,1.150417471,-1.65639542,-1.598612699,-0.1357432955,0,0,,transition,10,0,1610,50,652,0
2,119,177,-1.678992876,-1.174881806,1.234493977,-1.639276336,-1.59305016,-0.1085946364,0,0,,transition,10,0,1610,50,652,0
2,119,178,-1.651944657,-1.273861354,1.318570483,-1.622157252,-1.58748762,-0.08144597731,0,0,,transition,10,0,1610,50,652,0
2,119,179,-1.624896438,-1.372840903,1.402646988,-1.605038168,-1.58192508,-0.0542973182,0,0,,transition,10,0,1610,50,652,0
2,119,180,-1.597848219,-1.471820451,1.486723494,-1.587919084,-1.57636254,-0.0271486591,0,0,,transition,10,0,1610,50,652,0
2,119,181,-1.5708,-1.5708,1.5708,-1.5708,-1.5708,0,0,0,,home,30,0,1610,50,652,0
2,120,1,-1.5708,-1.5708,1.5708,-1.5708,-1.5708,0,0,0,,home,30,0,1610,50,652,0
2,120,2,-1.58817995,-1.474358137,1.520325163,-1.615394977,-1.568160561,-0.01739008885,0,0,,transition,10,0,1610,50,652,0
2,120,3,-1.6055599,-1.377916273,1.469850327,-1.659989954,-1.565521122,-0.0347801777,0,0,,transition,10,0,1610,50,652,0
2,120,4,-1.622939849,-1.28147441,1.41937549,-1.704584932,-1.562881683,-0.05217026656,0,0,,transition,10,0,1610,50,652,0
2,120,5,-1.640319799,-1.185032547,1.368900654,-1.749179909,-1.560242244,-0.06956035541,0,0,,transition,10,0,1610,50,652,0
2,120,6,-1.657699749,-1.088590683,1.318425817,-1.793774886,-1.557602805,-0.08695044426,0,0,,transition,10,0,1610,50,652,0
2,120,7,-1.675079699,-0.99214882,1.26795098,-1.838369863,-1.554963366,-0.1043405331,0,0,,transition,10,0,1610,50,652,0
2,120,8,-1.692459649,-0.8957069567,1.217476144,-1.88296484,-1.552323928,-0.121730622,0,0,,transition,10,0,1610,50,652,0
2,120,9,-1.709839599,-0.7992650934,1.167001307,-1.927559818,-1.549684489,-0.1391207108,0,0,,transition,10,0,1610,50,652,0
2,120,10,-1.727219548,-0.7028232301,1.116526471,-1.972154795,-1.54704505,-0.1565107997,0,0,,transition,10,0,1610,50,652,0
2,120,11,-1.744599498,-0.6063813667,1.066051634,-2.016749772,-1.544405611,-0.1739008885,0,0,,transition,10,0,1610,50,652,0
2,120,12,-1.761979448,-0.5099395034,1.015576798,-2.061344749,-1.541766172,-0.1912909774,0,0,,transition,10,0,1610,50,652,0
2,120,13,-1.779359398,-0.4134976401,0.965101961,-2.105939726,-1.539126733,-0.2086810662,0,0,,transition,10,0,1610,50,652,0
2,120,14,-1.796739348,-0.3170557768,0.9146271244,-2.150534704,-1.536487294,-0.2260711551,0,1,1,task,30,0,1610,50,652,0
2,120,15,-1.794022027,-0.2940427518,0.8632375072,-2.125974837,-1.536845979,-0.2233544313,0,0,,transition,30,0,1610,50,652,0
2,120,16,-1.791304706,-0.2710297268,0.8118478899,-2.101414971,-1.537204664,-0.2206377074,0,1,2,task,30,0,1610,50,652,0
2,120,17,-1.788411136,-0.2444525836,0.7520523505,-2.071285908,-1.5385934,-0.2177326597,0,0,,transition,30,0,1610,50,652,0
2,120,18,-1.785517566,-0.2178754404,0.6922568111,-2.041156844,-1.539982136,-0.2148276119,0,1,3,task,30,0,1610,50,652,0
2,120,19,-1.794345155,-0.1880350436,0.6248188961,-2.00426953,-1.540576229,-0.2236546469,0,0,,transition,10,0,1610,50,652,0
2,120,20,-1.803172743,-0.1581946468,0.5573809811,-1.967382216,-1.541170323,-0.2324816818,0,1,4,task,10,0,1610,50,652,0
2,120,21,-1.805886492,-0.1906495568,0.6318514664,-2.008782556,-1.540873666,-0.2351992348,0,0,,transition,30,0,1610,50,652,0
2,120,22,-1.80860024,-0.2231044667,0.7063219517,-2.050182896,-1.540577008,-0.2379167877,0,1,5,task,30,0,1610,50,652,0
2,120,23,-1.811636193,-0.2492517596,0.7660820778,-2.081593055,-1.539616731,-0.2409623656,0,0,,transition,30,0,1610,50,652,0
2,120,24,-1.814672145,-0.2753990525,0.825842204,-2.113003214,-1.538656453,-0.2440079435,0,1,6,task,30,0,1610,50,652,0
2,120,25,-1.820834682,-0.3197964485,0.9223672737,-2.153705839,-1.537371578,-0.2501698259,0,1,7,task,30,0,1610,50,652,0
2,120,26,-1.841913742,-0.2998667069,0.8767380184,-2.126342264,-1.538243673,-0.2712488963,0,1,8,task,10,0,1610,50,652,0
2,120,27,-1.835012358,-0.2552367823,0.7826807575,-2.093504349,-1.540631069,-0.2643412425,0,1,9,task,30,0,1610,50,652,0
2,120,28,-1.832004655,-0.2267807513,0.7166671346,-2.05639817,-1.540812398,-0.2613303685,0,0,,transition,30,0,1610,50,652,0
2,120,29,-1.828996952,-0.1983247202,0.6506535118,-2.019291991,-1.540993727,-0.2583194945,0,1,10,task,30,0,1610,50,652,0
2,120,30,-1.830644939,-0.1689559136,0.5861474053,-1.993566026,-1.565003628,-0.259925724,0,0,,transition,10,0,1610,50,652,0
2,120,31,-1.832292925,-0.1395871071,0.5216412989,-1.967840061,-1.589013529,-0.2615319534,0,1,11,task,10,0,1610,50,652,0
2,120,32,-1.835189043,-0.1736248793,0.5994472497,-2.011045124,-1.589103638,-0.264430468,0,0,,transition,30,0,1610,50,652,0
2,120,33,-1.838085161,-0.2076626516,0.6772532004,-2.054250187,-1.589193748,-0.2673289826,0,1,12,task,30,0,1610,50,652,0
2,120,34,-1.840880423,-0.2339942866,0.7357013689,-2.082258245,-1.590075688,-0.270134489,0,0,,transition,30,0,1610,50,652,0
2,120,35,-1.843675685,-0.2603259216,0.7941495374,-2.110266304,-1.590957629,-0.2729399953,0,1,13,task,30,0,1610,50,652,0
2,120,36,-1.849036981,-0.3055827224,0.8916837745,-2.150632273,-1.594321562,-0.278301236,0,1,14,task,30,0,1610,50,652,0
2,120,37,-1.853856959,-0.3473779921,0.9799820417,-2.185379224,-1.600228983,-0.2830957251,0,1,15,task,30,0,1610,50,652,0
2,120,38,-1.861326986,-0.387349749,1.074533133,-2.239388642,-1.598517958,-0.2905502415,0,1,16,task,30,0,1610,50,652,0
2,120,39,-1.869214539,-0.4238665806,1.162328878,-2.290303657,-1.596665688,-0.2984232084,0,1,17,task,30,0,1610,50,652,0
2,120,40,-1.877498932,-0.457557143,1.244584328,-2.338483776,-1.594828695,-0.3066933551,0,1,18,task,30,0,1610,50,652,0
2,120,41,-1.886210401,-0.48887821,1.322344294,-2.384515629,-1.593008442,-0.3153909364,0,1,19,task,30,0,1610,50,652,0
2,120,42,-1.895382281,-0.5181539674,1.396370115,-2.428834841,-1.591206571,-0.3245493049,0,1,20,task,30,0,1610,50,652,0
2,120,43,-1.905051404,-0.5456201086,1.467236852,-2.471779121,-1.589424928,-0.3342053098,0,1,21,task,30,0,1610,50,652,0
2,120,44,-1.924748273,-0.5390812198,1.441593124,-2.450037059,-1.605712339,-0.3539683709,0,1,22,task,10,0,1610,50,652,0
2,120,45,-1.915668293,-0.5109344595,1.371132416,-2.408986687,-1.604603048,-0.3448955811,0,1,23,task,30,0,1610,50,652,0
2,120,46,-1.907041078,-0.4810145666,1.297475035,-2.366545584,-1.60352893,-0.3362748799,0,1,24,task,30,0,1610,50,652,0
2,120,47,-1.898834037,-0.4490740356,1.220030047,-2.3223675,-1.60248781,-0.3280736688,0,1,25,task,30,0,1610,50,652,0
2,120,48,-1.891017592,-0.4147735076,1.138011782,-2.276003603,-1.601477671,-0.3202623687,0,1,26,task,30,0,1610,50,652,0
2,120,49,-1.883870076,-0.3778274482,1.052455317,-2.23059036,-1.599533217,-0.3131259097,0,1,27,task,30,0,1610,50,652,0
2,120,50,-1.877403453,-0.3379054469,0.9628723905,-2.186417318,-1.596459168,-0.3066712824,0,1,28,task,30,0,1610,50,652,0
2,120,51,-1.871207386,-0.2939528398,0.8647858869,-2.137815403,-1.593457516,-0.3004778054,0,1,29,task,30,0,1610,50,652,0
2,120,52,-1.868039711,-0.2697008955,0.8099655093,-2.11007459,-1.592660644,-0.2973108199,0,0,,transition,30,0,1610,50,652,0
2,120,53,-1.864872036,-0.2454489512,0.7551451317,-2.082333776,-1.591863771,-0.2941438344,0,1,30,task,30,0,1610,50,652,0
2,120,54,-1.861809536,-0.2170696248,0.6913721428,-2.049784303,-1.591179747,-0.2910776871,0,0,,transition,30,0,1610,50,652,0
2,120,55,-1.858747036,-0.1886902984,0.627599154,-2.017234831,-1.590495724,-0.2880115399,0,1,31,task,30,0,1610,50,652,0
2,120,56,-1.880123864,-0.1768788691,0.5967892617,-1.994842304,-1.591320913,-0.309397766,0,1,32,task,10,0,1610,50,652,0
2,120,57,-1.88346341,-0.2067245941,0.6644404508,-2.030811374,-1.591815119,-0.3127387288,0,0,,transition,30,0,1610,50,652,0
2,120,58,-1.886802955,-0.2365703191,0.7320916399,-2.066780443,-1.592309324,-0.3160796917,0,1,33,task,30,0,1610,50,652,0
2,120,59,-1.890267462,-0.26167093,0.7894510234,-2.097218245,-1.592889865,-0.3195438529,0,0,,transition,30,0,1610,50,652,0
2,120,60,-1.893731968,-0.2867715409,0.846810407,-2.127656048,-1.593470406,-0.3230080142,0,1,34,task,30,0,1610,50,652,0
2,120,61,-1.897216213,-0.3092672798,0.8977514959,-2.154333351,-1.59450675,-0.3264927257,0,0,,transition,30,0,1610,50,652,0
2,120,62,-1.900700458,-0.3317630188,0.9486925848,-2.181010653,-1.595543094,-0.3299774372,0,1,35,task,30,0,1610,50,652,0
2,120,63,-1.907980649,-0.3723350858,1.041289396,-2.229536171,-1.597668882,-0.3372545466,0,1,36,task,30,0,1610,50,652,0
2,120,64,-1.915593601,-0.4095308742,1.126901942,-2.274493734,-1.59985096,-0.3448602628,0,1,37,task,30,0,1610,50,652,0
2,120,65,-1.923651505,-0.4440123751,1.207499802,-2.31765329,-1.601824381,-0.3529086715,0,1,38,task,30,0,1610,50,652,0
2,120,66,-1.932366602,-0.4761339573,1.284899415,-2.361341495,-1.603066372,-0.3616179248,0,1,39,task,30,0,1610,50,652,0
2,120,67,-1.94152063,-0.5062223225,1.358448575,-2.403247561,-1.604346898,-0.3707651261,0,1,40,task,30,0,1610,50,652,0
2,120,68,-1.951146901,-0.5345323885,1.428750113,-2.443722689,-1.60566842,-0.3803835956,0,1,41,task,30,0,1610,50,652,0
2,120,69,-1.977539521,-0.5298703515,1.416076135,-2.438097338,-1.605266486,-0.4067960146,0,1,42,task,10,0,1610,50,652,0
2,120,70,-1.967412702,-0.5014233666,1.346115041,-2.398483005,-1.603638447,-0.3966775465,0,1,43,task,30,0,1610,50,652,0
2,120,71,-1.957774682,-0.4712010884,1.272876475,-2.357418114,-1.602055868,-0.3870463455,0,1,44,task,30,0,1610,50,652,0
2,120,72,-1.948677771,-0.4388293713,1.196144566,-2.315454388,-1.600257956,-0.3779558852,0,1,45,task,30,0,1610,50,652,0
2,120,73,-1.939997411,-0.4041073177,1.114757063,-2.271227946,-1.598510372,-0.3692797166,0,1,46,task,30,0,1610,50,652,0
2,120,74,-1.931706197,-0.3665385813,1.027599828,-2.22411752,-1.596810253,-0.3609904721,0,1,47,task,30,0,1610,50,652,0
2,120,75,-1.923779023,-0.3253914715,0.9330478762,-2.173226686,-1.595154932,-0.3530630947,0,1,48,task,30,0,1610,50,652,0
2,120,76,-1.91998594,-0.3024532601,0.8808053107,-2.145195891,-1.594348426,-0.3492688494,0,0,,transition,30,0,1610,50,652,0
2,120,77,-1.916192857,-0.2795150486,0.8285627452,-2.117165097,-1.593541921,-0.3454746042,0,1,49,task,30,0,1610,50,652,0
2,120,78,-1.912470524,-0.2536788104,0.7693354165,-2.085094854,-1.593059146,-0.3417521764,0,0,,transition,30,0,1610,50,652,0
2,120,79,-1.90874819,-0.2278425722,0.7101080879,-2.053024611,-1.592576371,-0.3380297486,0,1,50,task,30,0,1610,50,652,0
2,120,80,-1.905161812,-0.1967189818,0.6393700182,-2.014747325,-1.592175896,-0.3344424971,0,0,,transition,30,0,1610,50,652,0
2,120,81,-1.901575434,-0.1655953914,0.5686319484,-1.976470039,-1.59177542,-0.3308552456,0,1,51,task,30,0,1610,50,652,0
2,120,82,-1.898134488,-0.1233750934,0.4738300844,-1.925234243,-1.591393848,-0.3274122527,0,0,,transition,30,0,1610,50,652,0
2,120,83,-1.894693542,-0.08115479545,0.3790282203,-1.873998446,-1.591012276,-0.3239692597,0,1,52,task,30,0,1610,50,652,0
2,120,84,-1.90810117,-0.1098348771,0.4422294703,-1.907013593,-1.591477858,-0.3373812849,0,0,,transition,10,0,1610,50,652,0
2,120,85,-1.921508799,-0.1385149587,0.5054307203,-1.94002874,-1.591943441,-0.3507933101,0,1,53,task,10,0,1610,50,652,0
2,120,86,-1.925295402,-0.1727014941,0.5829662988,-1.982338398,-1.592284307,-0.3545808217,0,0,,transition,30,0,1610,50,652,0
2,120,87,-1.929082006,-0.2068880296,0.6605018773,-2.024648056,-1.592625174,-0.3583683332,0,1,54,task,30,0,1610,50,652,0
2,120,88,-1.933027929,-0.2342965534,0.7234091267,-2.059117672,-1.592992677,-0.3623144669,0,0,,transition,30,0,1610,50,652,0
2,120,89,-1.936973852,-0.2617050772,0.7863163762,-2.093587287,-1.593360181,-0.3662606005,0,1,55,task,30,0,1610,50,652,0
2,120,90,-1.941006585,-0.285694691,0.8409807161,-2.123282395,-1.594025391,-0.3702950144,0,0,,transition,30,0,1610,50,652,0
2,120,91,-1.945039318,-0.3096843049,0.895645056,-2.152977502,-1.594690602,-0.3743294283,0,1,56,task,30,0,1610,50,652,0
2,120,92,-1.953464943,-0.3522944144,0.9936497847,-2.206443313,-1.596055953,-0.3827571878,0,1,57,task,30,0,1610,50,652,0
2,120,93,-1.962274761,-0.3909356954,1.083413988,-2.25567041,-1.597458207,-0.3915678997,0,1,58,task,30,0,1610,50,652,0
2,120,94,-1.971494928,-0.4264698064,1.166846305,-2.301708597,-1.598899474,-0.4007877131,0,1,59,task,30,0,1610,50,652,0
2,120,95,-1.981153952,-0.4594683546,1.245224761,-2.345267423,-1.600382003,-0.4104451381,0,1,60,task,30,0,1610,50,652,0
2,120,96,-1.991282955,-0.4903304916,1.319454304,-2.386856162,-1.601908194,-0.4205713078,0,1,61,task,30,0,1610,50,652,0
2,120,97,-2.001815819,-0.5192862019,1.389784896,-2.426066563,-1.603766224,-0.4310980124,0,1,62,task,30,0,1610,50,652,0
2,120,98,-2.029484408,-0.5171935748,1.385020901,-2.426792388,-1.602359123,-0.4587886897,0,1,63,task,10,0,1610,50,652,0
2,120,99,-2.018141689,-0.4882942613,1.314292216,-2.386302299,-1.601001556,-0.4474463532,0,1,64,task,30,0,1610,50,652,0
2,120,100,-2.007333255,-0.4575231493,1.240033038,-2.344197898,-1.599683355,-0.4366376999,0,1,65,task,30,0,1610,50,652,0
2,120,101,-1.997023495,-0.4245868274,1.161565975,-2.300091555,-1.598402469,-0.42632707,0,1,66,task,30,0,1610,50,652,0
2,120,102,-1.987179778,-0.3890790395,1.077971103,-2.25346631,-1.59715696,-0.4164817969,0,1,67,task,30,0,1610,50,652,0
2,120,103,-1.97777216,-0.3504164746,0.9879452151,-2.203599299,-1.595944993,-0.4070719127,0,1,68,task,30,0,1610,50,652,0
2,120,104,-1.968773126,-0.3077166499,0.8895344244,-2.149416435,-1.594764841,-0.3980698857,0,1,69,task,30,0,1610,50,652,0
2,120,105,-1.964465242,-0.283627272,0.8345497013,-2.119299821,-1.594189857,-0.3937601363,0,0,,transition,30,0,1610,50,652,0
2,120,106,-1.960157358,-0.259537894,0.7795649782,-2.089183207,-1.593614872,-0.3894503869,0,1,70,task,30,0,1610,50,652,0
2,120,107,-1.95597536,-0.2318130121,0.7160726058,-2.054235497,-1.59323853,-0.3852676211,0,0,,transition,30,0,1610,50,652,0
2,120,108,-1.951793363,-0.2040881302,0.6525802334,-2.019287787,-1.592862187,-0.3810848553,0,1,71,task,30,0,1610,50,652,0
2,120,109,-1.947766365,-0.1694378732,0.5739345128,-1.976129977,-1.59255723,-0.3770570358,0,0,,transition,30,0,1610,50,652,0
2,120,110,-1.943739367,-0.1347876162,0.4952887923,-1.932972166,-1.592252273,-0.3730292164,0,1,72,task,30,0,1610,50,652,0
2,120,111,-1.9411627,-0.09924618896,0.4157689711,-1.889557687,-1.592058066,-0.3704516635,0,0,,transition,30,0,1610,50,652,0
2,120,112,-1.938586033,-0.06370476172,0.33624915,-1.846143207,-1.591863858,-0.3678741107,0,0,,transition,30,0,1610,50,652,0
2,120,113,-1.936009366,-0.02816333447,0.2567293289,-1.802728728,-1.591669651,-0.3652965578,0,1,73,task,30,0,1610,50,652,0
2,120,114,-1.948911591,-0.05588770342,0.3177414458,-1.835358947,-1.59194602,-0.3782021752,0,0,,transition,10,0,1610,50,652,0
2,120,115,-1.961813816,-0.08361207236,0.3787535627,-1.867989166,-1.592222389,-0.3911077926,0,1,74,task,10,0,1610,50,652,0
2,120,116,-1.965987531,-0.1256350467,0.4734723651,-1.919988605,-1.592495005,-0.3952825365,0,0,,transition,30,0,1610,50,652,0
2,120,117,-1.970161245,-0.1676580211,0.5681911675,-1.971988043,-1.592767621,-0.3994572804,0,1,75,task,30,0,1610,50,652,0
2,120,118,-1.974510636,-0.1985678776,0.6388216985,-2.011020955,-1.593052689,-0.4038073358,0,0,,transition,30,0,1610,50,652,0
2,120,119,-1.978860026,-0.2294777341,0.7094522296,-2.050053866,-1.593337757,-0.4081573911,0,1,76,task,30,0,1610,50,652,0
2,120,120,-1.983336866,-0.2555209501,0.7687124771,-2.0826285,-1.593830129,-0.4126362921,0,0,,transition,30,0,1610,50,652,0
2,120,121,-1.987813706,-0.2815641662,0.8279727247,-2.115203134,-1.5943225,-0.4171151931,0,1,77,task,30,0,1610,50,652,0
2,120,122,-1.99248302,-0.3042616863,0.8800691767,-2.143975425,-1.594838839,-0.4217864451,0,0,,transition,30,0,1610,50,652,0
2,120,123,-1.997152335,-0.3269592064,0.9321656288,-2.172747717,-1.595355178,-0.4264576971,0,1,78,task,30,0,1610,50,652,0
2,120,124,-2.00690777,-0.3675970314,1.026387529,-2.225108357,-1.596415042,-0.4362165894,0,1,79,task,30,0,1610,50,652,0
2,120,125,-2.017107427,-0.4046269533,1.11317345,-2.273673221,-1.597503479,-0.4464193114,0,1,80,task,30,0,1610,50,652,0
2,120,126,-2.027781065,-0.4387792279,1.19414515,-2.319336513,-1.598621948,-0.4570956549,0,1,81,task,30,0,1610,50,652,0
2,120,127,-2.038961024,-0.4705488336,1.270413401,-2.362717016,-1.599771982,-0.4682780043,0,1,82,task,30,0,1610,50,652,0
2,120,128,-2.050682494,-0.5002865989,1.342777557,-2.40426656,-1.600955183,-0.480001606,0,1,83,task,30,0,1610,50,652,0
2,120,129,-2.075531148,-0.5390602648,1.432541399,-2.450741866,-1.613613576,-0.5049905252,0,0,,transition,10,0,1610,50,652,0
2,120,130,-2.100379802,-0.5778339307,1.522305241,-2.497217171,-1.626271969,-0.5299794443,0,0,,transition,10,0,1610,50,652,0
2,120,131,-2.125228455,-0.6166075967,1.612069083,-2.543692477,-1.638930361,-0.5549683635,0,0,,transition,10,0,1610,50,652,0
2,120,132,-2.150077109,-0.6553812626,1.701832926,-2.590167782,-1.651588754,-0.5799572826,0,1,84,task,10,0,1610,50,652,0
2,120,133,-2.134421763,-0.6322743014,1.642532259,-2.552169997,-1.648790183,-0.5641724247,0,1,85,task,30,0,1610,50,652,0
2,120,134,-2.127770259,-0.6063353447,1.584880206,-2.520402839,-1.624591571,-0.5570043889,0,1,86,task,10,0,1610,50,652,0
2,120,135,-2.119594988,-0.5794584368,1.540883503,-2.523276776,-1.60550077,-0.5489682717,0,1,87,task,30,0,1610,50,652,0
2,120,136,-2.101521877,-0.5554285374,1.480374515,-2.491995823,-1.614666483,-0.5311045089,0,1,88,task,10,0,1610,50,652,0
2,120,137,-2.084313848,-0.5299981299,1.417296641,-2.459212001,-1.623939709,-0.514140237,0,1,89,task,10,0,1610,50,652,0
2,120,138,-2.070051645,-0.5028554585,1.349333087,-2.419919428,-1.627038042,-0.4999573572,0,1,90,task,30,0,1610,50,652,0
2,120,139,-2.056452963,-0.473942993,1.278075712,-2.379053965,-1.630187411,-0.4864394039,0,1,91,task,30,0,1610,50,652,0
2,120,140,-2.043475564,-0.4430147636,1.202954632,-2.336294215,-1.633383355,-0.47354409,0,1,92,task,30,0,1610,50,652,0
2,120,141,-2.031080446,-0.409735922,1.12320879,-2.291216373,-1.636621856,-0.461232356,0,1,93,task,30,0,1610,50,652,0
2,120,142,-2.019231569,-0.3736367605,1.03778528,-2.243239526,-1.639899294,-0.4494681017,0,1,94,task,30,0,1610,50,652,0
2,120,143,-2.007895606,-0.3340296398,0.9451575318,-2.191526917,-1.643212403,-0.4382179385,0,1,95,task,30,0,1610,50,652,0
2,120,144,-2.002468662,-0.3119369349,0.8940611553,-2.163158542,-1.644885317,-0.4328344508,0,0,,transition,30,0,1610,50,652,0
2,120,145,-1.997041718,-0.2898442299,0.8429647788,-2.134790167,-1.646558231,-0.427450963,0,1,96,task,30,0,1610,50,652,0
2,120,146,-2.014597694,-0.2574699708,0.7702306896,-2.104626829,-1.64391693,-0.4450427123,0,1,97,task,10,0,1610,50,652,0
2,120,147,-2.019297335,-0.2808037271,0.8219955357,-2.130390186,-1.64499364,-0.4497718822,0,0,,transition,30,0,1610,50,652,0
2,120,148,-2.023996976,-0.3041374835,0.8737603817,-2.156153543,-1.64607035,-0.4545010522,0,1,98,task,30,0,1610,50,652,0
2,120,149,-2.034123919,-0.3463731385,0.9700828025,-2.207740372,-1.647195504,-0.4646682588,0,1,99,task,30,0,1610,50,652,0
2,120,150,-2.044916995,-0.3848896782,1.060076692,-2.258502886,-1.64764747,-0.4754958724,0,1,100,task,30,0,1610,50,652,0
2,120,151,-2.056197686,-0.4201608186,1.143438558,-2.305927976,-1.648117771,-0.4868125076,0,1,101,task,30,0,1610,50,652,0
2,120,152,-2.067997926,-0.4527934996,1.221520878,-2.350764834,-1.648606809,-0.4986502561,0,1,102,task,30,0,1610,50,652,0
2,120,153,-2.080352296,-0.4832081997,1.295271694,-2.393545012,-1.649114928,-0.5110438812,0,1,103,task,30,0,1610,50,652,0
2,120,154,-2.093298289,-0.5117075385,1.365384844,-2.434664089,-1.649642398,-0.524031073,0,1,104,task,30,0,1610,50,652,0
2,120,155,-2.106876579,-0.53851511,1.432385127,-2.474428036,-1.65018939,-0.5376527306,0,1,105,task,30,0,1610,50,652,0
2,120,156,-2.121131331,-0.5637989076,1.496679801,-2.51308133,-1.650755951,-0.5519532701,0,1,106,task,30,0,1610,50,652,0
2,120,157,-2.135950442,-0.5878926647,1.557156502,-2.547393839,-1.65175241,-0.5668016161,0,1,107,task,30,0,1610,50,652,0
2,120,158,-2.149750759,-0.6140613237,1.599441391,-2.541119979,-1.657068988,-0.5802241139,0,1,108,task,30,0,1610,50,652,0
2,120,159,-2.166443538,-0.6378144428,1.656809343,-2.573031306,-1.657137256,-0.5968634771,0,1,109,task,30,0,1610,50,652,0
2,120,160,-2.184002885,-0.6605561398,1.71241602,-2.604266807,-1.657302024,-0.6143668192,0,1,110,task,30,0,1610,50,652,0
2,120,161,-2.200143271,-0.6410300409,1.657977461,-2.573854367,-1.657651787,-0.6306839518,0,1,111,task,10,0,1610,50,652,0
2,120,162,-2.182653723,-0.6175310204,1.602161786,-2.543872639,-1.657542248,-0.6132706427,0,1,112,task,30,0,1610,50,652,0
2,120,163,-2.167511515,-0.5925898895,1.553951301,-2.534307239,-1.653588578,-0.5983704321,0,1,113,task,30,0,1610,50,652,0
2,120,164,-2.152655226,-0.5677601743,1.500265414,-2.514647135,-1.650720065,-0.5835771751,0,1,114,task,30,0,1610,50,652,0
2,120,165,-2.137696562,-0.542806125,1.437174904,-2.477021408,-1.650026901,-0.5685686266,0,1,115,task,30,0,1610,50,652,0
2,120,166,-2.123435326,-0.5163760121,1.371441223,-2.43830633,-1.649358244,-0.5542599771,0,1,116,task,30,0,1610,50,652,0
2,120,167,-2.109827315,-0.4883108256,1.302681288,-2.398272153,-1.648713916,-0.5406067457,0,1,117,task,30,0,1610,50,652,0
2,120,168,-2.096831656,-0.4584002663,1.230403261,-2.356632143,-1.648093612,-0.5275678122,0,1,118,task,30,0,1610,50,652,0
2,120,169,-2.084410538,-0.4263616816,1.153960297,-2.313017351,-1.647496918,-0.5151051456,0,1,119,task,30,0,1610,50,652,0
2,120,170,-2.072528966,-0.3918055874,1.072474988,-2.26693549,-1.646923345,-0.5031835524,0,1,120,task,30,0,1610,50,652,0
2,120,171,-2.061176889,-0.3542070114,0.9849032345,-2.218023441,-1.646299844,-0.4917919086,0,1,121,task,30,0,1610,50,652,0
2,120,172,-2.050564064,-0.3132312762,0.8918922292,-2.169090756,-1.644823936,-0.4811273651,0,1,122,task,30,0,1610,50,652,0
2,120,173,-2.045469318,-0.2902955725,0.8401960898,-2.141913066,-1.64411787,-0.4760052429,0,0,,transition,30,0,1610,50,652,0
2,120,174,-2.040374572,-0.2673598689,0.7884999504,-2.114735377,-1.643411805,-0.4708831208,0,1,123,task,30,0,1610,50,652,0
2,120,175,-2.047753755,-0.2437691014,0.7333081904,-2.085176801,-1.642595017,-0.4782647318,0,0,,transition,10,0,1610,50,652,0
2,120,176,-2.055132938,-0.2201783339,0.6781164304,-2.055618225,-1.641778229,-0.4856463427,0,1,124,task,10,0,1610,50,652,0
2,120,177,-2.060335637,-0.2463380891,0.7370439416,-2.087312391,-1.642271453,-0.4908754786,0,0,,transition,30,0,1610,50,652,0
2,120,178,-2.065538336,-0.2724978443,0.7959714528,-2.119006558,-1.642764677,-0.4961046145,0,1,125,task,30,0,1610,50,652,0
2,120,179,-2.070954868,-0.2951757314,0.8474532824,-2.146764256,-1.643278886,-0.5015473584,0,0,,transition,30,0,1610,50,652,0
2,120,180,-2.0763714,-0.3178536184,0.8989351119,-2.174521955,-1.643793096,-0.5069901022,0,1,126,task,30,0,1610,50,652,0
2,120,181,-2.087657279,-0.3583613503,0.9916472329,-2.224692653,-1.644865231,-0.5183280726,0,1,127,task,30,0,1610,50,652,0
2,120,182,-2.099446166,-0.3952468197,1.076903131,-2.271227415,-1.645909111,-0.5301676301,0,1,128,task,30,0,1610,50,652,0
2,120,183,-2.111863932,-0.4293228387,1.156901904,-2.316031339,-1.64663135,-0.5426307531,0,1,129,task,30,0,1610,50,652,0
2,120,184,-2.12483524,-0.4609636348,1.232004237,-2.358437533,-1.64738335,-0.5556487553,0,1,130,task,30,0,1610,50,652,0
2,120,185,-2.138394875,-0.4905399072,1.303043048,-2.39891303,-1.648165871,-0.5692566391,0,1,131,task,30,0,1610,50,652,0
2,120,186,-2.152580275,-0.518322284,1.370634969,-2.437809079,-1.648979593,-0.5834920863,0,1,132,task,30,0,1610,50,652,0
2,120,187,-2.167431742,-0.5445132343,1.435250219,-2.475399151,-1.649825098,-0.5983956726,0,1,133,task,30,0,1610,50,652,0
2,120,188,-2.182992658,-0.569266727,1.497255697,-2.511902414,-1.650702833,-0.6140110952,0,1,134,task,30,0,1610,50,652,0
2,120,189,-2.198411918,-0.5942609782,1.549660673,-2.529622564,-1.653875428,-0.6293584228,0,1,135,task,30,0,1610,50,652,0
2,120,190,-2.214378053,-0.618540534,1.599623867,-2.544968673,-1.657572289,-0.6451681663,0,1,136,task,30,0,1610,50,652,0
2,120,191,-2.232428994,-0.6418902549,1.653212339,-2.571283796,-1.658052123,-0.6630988666,0,1,137,task,30,0,1610,50,652,0
2,120,192,-2.249543768,-0.6234760256,1.605588669,-2.549862172,-1.657472142,-0.680483417,0,1,138,task,10,0,1610,50,652,0
2,120,193,-2.232459595,-0.5998712322,1.554206719,-2.529087759,-1.654500616,-0.6634898706,0,1,139,task,30,0,1610,50,652,0
2,120,194,-2.216070303,-0.5753673152,1.500989005,-2.507528437,-1.651781932,-0.6471530264,0,1,140,task,30,0,1610,50,652,0
2,120,195,-2.200112556,-0.5503980968,1.443305497,-2.479169501,-1.6498984,-0.631179553,0,1,141,task,30,0,1610,50,652,0
2,120,196,-2.18459743,-0.5247038327,1.380445633,-2.443200217,-1.648770203,-0.6156057534,0,1,142,task,30,0,1610,50,652,0
2,120,197,-2.169762699,-0.4974977567,1.314734516,-2.405981866,-1.647685885,-0.6007140581,0,1,143,task,30,0,1610,50,652,0
2,120,198,-2.155568731,-0.4685950804,1.245745002,-2.367265507,-1.646644412,-0.5864645172,0,1,144,task,30,0,1610,50,652,0
2,120,199,-2.141978535,-0.4377511789,1.17292117,-2.326733799,-1.645644649,-0.5728198588,0,1,145,task,30,0,1610,50,652,0
2,120,200,-2.128948715,-0.4046438407,1.095412178,-2.283749124,-1.644712451,-0.5597363758,0,1,146,task,30,0,1610,50,652,0
2,120,201,-2.11644379,-0.3687974778,1.012093491,-2.237592387,-1.643858718,-0.5471786797,0,1,147,task,30,0,1610,50,652,0
2,120,202,-2.104448794,-0.3295069315,0.9216185948,-2.187784839,-1.643036588,-0.5351318795,0,1,148,task,30,0,1610,50,652,0
2,120,203,-2.092935344,-0.2857078482,0.8216458349,-2.133045043,-1.642245136,-0.5235674259,0,1,149,task,30,0,1610,50,652,0
2,120,204,-2.087406145,-0.2606442847,0.7649145468,-2.102120894,-1.641864277,-0.5180130512,0,0,,transition,30,0,1610,50,652,0
2,120,205,-2.081876947,-0.2355807212,0.7081832586,-2.071196744,-1.641483419,-0.5124586764,0,1,150,task,30,0,1610,50,652,0
2,120,206,-2.087877946,-0.2024602915,0.6314973354,-2.028994185,-1.640868367,-0.5184597876,0,0,,transition,10,0,1610,50,652,0
2,120,207,-2.093878945,-0.1693398618,0.5548114123,-1.986791626,-1.640253316,-0.5244608987,0,1,151,task,10,0,1610,50,652,0
2,120,208,-2.099421307,-0.2000214933,0.6237182856,-2.024464981,-1.640539246,-0.5300270731,0,0,,transition,30,0,1610,50,652,0
2,120,209,-2.10496367,-0.2307031247,0.6926251589,-2.062138336,-1.640825176,-0.5355932475,0,1,152,task,30,0,1610,50,652,0
2,120,210,-2.110728542,-0.2560961908,0.7501324268,-2.093724662,-1.641121127,-0.5413824313,0,0,,transition,30,0,1610,50,652,0
2,120,211,-2.116493415,-0.281489257,0.8076396947,-2.125310989,-1.641417077,-0.5471716152,0,1,153,task,30,0,1610,50,652,0
2,120,212,-2.122493352,-0.3035756773,0.8580891466,-2.153171766,-1.641723247,-0.553196428,0,0,,transition,30,0,1610,50,652,0
2,120,213,-2.128493289,-0.3256620976,0.9085385984,-2.181032544,-1.642029417,-0.5592212408,0,1,154,task,30,0,1610,50,652,0
2,120,214,-2.140990114,-0.3651670173,0.9995883366,-2.231627572,-1.642662547,-0.5717690907,0,1,155,task,30,0,1610,50,652,0
2,120,215,-2.154012545,-0.4011267991,1.083257265,-2.278445396,-1.643316751,-0.5848439818,0,1,156,task,30,0,1610,50,652,0
2,120,216,-2.167591201,-0.4342561738,1.161123,-2.322352955,-1.643992235,-0.5984767118,0,1,157,task,30,0,1610,50,652,0
2,120,217,-2.181588831,-0.4650485251,1.233275311,-2.361957383,-1.645201017,-0.6125382941,0,1,158,task,30,0,1610,50,652,0
2,120,218,-2.196124958,-0.4939227061,1.301217132,-2.398983536,-1.646656964,-0.6271414223,0,1,159,task,30,0,1610,50,652,0
2,120,219,-2.211295102,-0.5211327405,1.365888557,-2.434499959,-1.648174923,-0.6423785649,0,1,160,task,30,0,1610,50,652,0
2,120,220,-2.227136445,-0.5468630683,1.427710441,-2.468750779,-1.649756774,-0.6582872577,0,1,161,task,30,0,1610,50,652,0
2,120,221,-2.243537852,-0.5720499487,1.4846766,-2.495905118,-1.651749977,-0.6747005068,0,1,162,task,30,0,1610,50,652,0
2,120,222,-2.260599488,-0.5963760192,1.538906483,-2.52056981,-1.654008504,-0.6917412117,0,1,163,task,30,0,1610,50,652,0
2,120,223,-2.278391714,-0.6197397166,1.591203298,-2.544407357,-1.656464247,-0.7094915444,0,1,164,task,30,0,1610,50,652,0
2,120,224,-2.296816818,-0.6031932962,1.546483831,-2.522377733,-1.654511298,-0.7280563861,0,1,165,task,10,0,1610,50,652,0
2,120,225,-2.278833557,-0.5794583745,1.492725222,-2.49627159,-1.652498574,-0.7100787498,0,1,166,task,30,0,1610,50,652,0
2,120,226,-2.261580843,-0.5546679131,1.436843383,-2.46922844,-1.650640787,-0.6928197067,0,1,167,task,30,0,1610,50,652,0
2,120,227,-2.245139233,-0.5290659383,1.378230861,-2.439846852,-1.648564864,-0.6763321246,0,1,168,task,30,0,1610,50,652,0
2,120,228,-2.229496748,-0.5025354943,1.316519617,-2.407788343,-1.646171441,-0.6606048463,0,1,169,task,30,0,1610,50,652,0
2,120,229,-2.214482327,-0.4744930566,1.251794394,-2.37435142,-1.643877545,-0.6455012556,0,1,170,task,30,0,1610,50,652,0
2,120,230,-2.199693723,-0.4446609138,1.18149036,-2.33521757,-1.642819068,-0.6306453847,0,1,171,task,30,0,1610,50,652,0
2,120,231,-2.185346089,-0.4126117348,1.105834848,-2.292107567,-1.642300404,-0.6162434536,0,1,172,task,30,0,1610,50,652,0
2,120,232,-2.171581623,-0.3779163892,1.024774173,-2.246300243,-1.641794145,-0.6024265418,0,1,173,task,30,0,1610,50,652,0
2,120,233,-2.158368954,-0.3399535221,0.9369359222,-2.197040745,-1.641300668,-0.5891631148,0,1,174,task,30,0,1610,50,652,0
2,120,234,-2.145678624,-0.2977712757,0.8402263803,-2.143183685,-1.640820225,-0.5764235635,0,1,175,task,30,0,1610,50,652,0
2,120,235,-2.1395808,-0.2737769082,0.7856949913,-2.113007309,-1.640586595,-0.5703018283,0,0,,transition,30,0,1610,50,652,0
2,120,236,-2.133482976,-0.2497825406,0.7311636023,-2.082830933,-1.640352965,-0.5641800931,0,1,176,task,30,0,1610,50,652,0
2,120,237,-2.127619511,-0.2213712239,0.6671391377,-2.047602426,-1.640125957,-0.5582933542,0,0,,transition,30,0,1610,50,652,0
2,120,238,-2.121756047,-0.1929599072,0.6031146731,-2.012373919,-1.63989895,-0.5524066152,0,1,177,task,30,0,1610,50,652,0
2,120,239,-2.13857503,-0.233275249,0.6948681432,-2.0636509,-1.640146709,-0.569280578,0,0,,transition,10,0,1610,50,652,0
2,120,240,-2.155394014,-0.2735905908,0.7866216132,-2.114927881,-1.640394468,-0.5861545408,0,0,,transition,10,0,1610,50,652,0
2,120,241,-2.172212998,-0.3139059325,0.8783750833,-2.166204863,-1.640642227,-0.6030285036,0,0,,transition,10,0,1610,50,652,0
2,120,242,-2.189031981,-0.3542212743,0.9701285534,-2.217481844,-1.640889985,-0.6199024664,0,0,,transition,10,0,1610,50,652,0
2,120,243,-2.205850965,-0.3945366161,1.061882023,-2.268758826,-1.641137744,-0.6367764292,0,0,,transition,10,0,1610,50,652,0
2,120,244,-2.222669949,-0.4348519579,1.153635494,-2.320035807,-1.641385503,-0.653650392,0,1,178,task,10,0,1610,50,652,0
2,120,245,-2.238005834,-0.4650675442,1.225484861,-2.361453842,-1.641771885,-0.6690411562,0,1,179,task,30,0,1610,50,652,0
2,120,246,-2.253615524,-0.4933164323,1.291666904,-2.397486825,-1.643290588,-0.6847347211,0,1,180,task,30,0,1610,50,652,0
2,120,247,-2.268871061,-0.520092655,1.350444128,-2.423309371,-1.647778526,-0.7001256346,0,1,181,task,30,0,1610,50,652,0
2,120,248,-2.285049793,-0.5461619204,1.409460067,-2.453308262,-1.6514995,-0.716447535,0,1,182,task,30,0,1610,50,652,0
2,120,249,-2.302075321,-0.5712460314,1.467350483,-2.484816969,-1.654833502,-0.7336345958,0,1,183,task,30,0,1610,50,652,0
2,120,250,-2.31983479,-0.5951702217,1.522973058,-2.515401063,-1.658221062,-0.751563949,0,1,184,task,30,0,1610,50,652,0
2,120,251,-2.338502508,-0.617973841,1.577661085,-2.547737898,-1.661322075,-0.7704422596,0,1,185,task,30,0,1610,50,652,0
2,120,252,-2.35571074,-0.6369108598,1.625443793,-2.579150782,-1.663495708,-0.7878928273,0,1,186,task,30,0,1610,50,652,0
2,120,253,-2.377241419,-0.6256457112,1.588059933,-2.555028544,-1.663047546,-0.8095112147,0,1,187,task,10,0,1610,50,652,0
2,120,254,-2.356783555,-0.6037269672,1.533520478,-2.52011392,-1.662498802,-0.7889007296,0,1,188,task,30,0,1610,50,652,0
2,120,255,-2.337206841,-0.5806167617,1.476764259,-2.484286405,-1.661880102,-0.7691775859,0,1,189,task,30,0,1610,50,652,0
2,120,256,-2.31846606,-0.5562220164,1.41757607,-2.447419285,-1.661198897,-0.7502965377,0,1,190,task,30,0,1610,50,652,0
2,120,257,-2.302084915,-0.5302422979,1.359560601,-2.417214268,-1.655956408,-0.733676592,0,1,191,task,30,0,1610,50,652,0
2,120,258,-2.289713927,-0.5032736663,1.312516601,-2.412951389,-1.64082491,-0.7208718526,0,1,192,task,30,0,1610,50,652,0
2,120,259,-2.271994014,-0.4763905578,1.247879928,-2.37654823,-1.643308405,-0.7032467268,0,1,193,task,30,0,1610,50,652,0
2,120,260,-2.254958485,-0.4476662134,1.179481936,-2.338137681,-1.645885687,-0.6863085613,0,1,194,task,30,0,1610,50,652,0
2,120,261,-2.238668229,-0.4167791158,1.106563987,-2.297145304,-1.64825345,-0.6701014957,0,1,195,task,30,0,1610,50,652,0
2,120,262,-2.25688715,-0.4018808764,1.068592345,-2.282403341,-1.652396262,-0.6887110521,0,1,196,task,10,0,1610,50,652,0
2,120,263,-2.272892013,-0.4337415224,1.144179859,-2.326727299,-1.651371438,-0.7047267803,0,1,197,task,30,0,1610,50,652,0
2,120,264,-2.289551847,-0.4632504759,1.214992636,-2.368659157,-1.650318295,-0.7213972076,0,1,198,task,30,0,1610,50,652,0
2,120,265,-2.30524747,-0.4911873144,1.280727937,-2.40646601,-1.654251796,-0.7373962939,0,1,199,task,30,0,1610,50,652,0
2,120,266,-2.319391412,-0.5174411401,1.324426206,-2.403851836,-1.664428677,-0.7517546163,0,1,200,task,30,0,1610,50,652,0
2,120,267,-2.337740285,-0.5431698759,1.381649749,-2.431743331,-1.664186035,-0.7700185733,0,1,201,task,30,0,1610,50,652,0
2,120,268,-2.356977447,-0.5677642458,1.439703618,-2.465559664,-1.663648147,-0.7892787105,0,1,202,task,30,0,1610,50,652,0
2,120,269,-2.377019965,-0.5910949616,1.495246363,-2.498191188,-1.663112412,-0.8093459001,0,1,203,task,30,0,1610,50,652,0
2,120,270,-2.397906263,-0.6132620046,1.548497602,-2.529760761,-1.662577178,-0.8302586447,0,1,204,task,30,0,1610,50,652,0
2,120,271,-2.397970007,-0.6133266132,1.548653547,-2.52985365,-1.662575576,-0.8303224707,0,1,205,task,30,0,1610,50,652,0
2,120,272,-2.41792006,-0.5999091799,1.507154104,-2.503602431,-1.662084005,-0.8503503092,0,1,206,task,10,0,1610,50,652,0
2,120,273,-2.397018185,-0.5773997545,1.454235276,-2.473294127,-1.662641521,-0.8294453926,0,1,207,task,30,0,1610,50,652,0
2,120,274,-2.376922451,-0.5537087273,1.398921002,-2.441833681,-1.663222208,-0.8093478053,0,1,208,task,30,0,1610,50,652,0
2,120,275,-2.357723194,-0.5288978757,1.343162324,-2.413470271,-1.663493588,-0.7902064396,0,1,209,task,30,0,1610,50,652,0
2,120,276,-2.340086326,-0.5034620922,1.292937071,-2.399943436,-1.661382316,-0.7727005493,0,1,210,task,30,0,1610,50,652,0
2,120,277,-2.323936996,-0.4765385163,1.235517926,-2.375631646,-1.656650329,-0.7563105344,0,1,211,task,30,0,1610,50,652,0
2,120,278,-2.308000343,-0.4478374453,1.16934956,-2.338906356,-1.653101627,-0.7400952729,0,1,212,task,30,0,1610,50,652,0
2,120,279,-2.292479406,-0.417081455,1.097717083,-2.297668033,-1.650136301,-0.7243267088,0,1,213,task,30,0,1610,50,652,0
2,120,280,-2.276271961,-0.3841919492,1.020601575,-2.253239741,-1.651329174,-0.7081238601,0,1,214,task,30,0,1610,50,652,0
2,120,281,-2.293084253,-0.359558628,0.9564489968,-2.2138948,-1.65007817,-0.7249301087,0,1,215,task,10,0,1610,50,652,0
2,120,282,-2.3082191,-0.3945761134,1.036901917,-2.259868317,-1.652533299,-0.7402816079,0,1,216,task,30,0,1610,50,652,0
2,120,283,-2.324185053,-0.4267158049,1.111651423,-2.303262269,-1.654161474,-0.7564268569,0,1,217,task,30,0,1610,50,652,0
2,120,284,-2.34057437,-0.4564878469,1.179943285,-2.341122595,-1.656352002,-0.7730147251,0,1,218,task,30,0,1610,50,652,0
2,120,285,-2.357474131,-0.4843668016,1.243400041,-2.375261257,-1.658888053,-0.7901228789,0,1,219,task,30,0,1610,50,652,0
2,120,286,-2.374812464,-0.510476056,1.298034414,-2.396579501,-1.661968973,-0.8075493658,0,1,220,task,30,0,1610,50,652,0
2,120,287,-2.393744489,-0.5354542936,1.351507725,-2.419302227,-1.662307796,-0.8263823277,0,1,221,task,30,0,1610,50,652,0
2,120,288,-2.413567782,-0.5594418401,1.404484472,-2.444808881,-1.662213007,-0.846125984,0,1,222,task,30,0,1610,50,652,0
2,120,289,-2.43433862,-0.5824158016,1.456793276,-2.472674806,-1.661645173,-0.866848371,0,1,223,task,30,0,1610,50,652,0
2,120,290,-2.437116319,-0.5853417131,1.46347019,-2.47623785,-1.661576632,-0.8696196516,0,1,224,task,30,0,1610,50,652,0
2,120,291,-2.455584328,-0.5695628892,1.417484934,-2.447707181,-1.661056869,-0.8881562375,0,1,225,task,10,0,1610,50,652,0
2,120,292,-2.434962611,-0.5467163656,1.369377241,-2.428568072,-1.661096384,-0.8677218383,0,1,226,task,30,0,1610,50,652,0
2,120,293,-2.415152792,-0.522647947,1.316547653,-2.403409417,-1.660878867,-0.8479615685,0,1,227,task,30,0,1610,50,652,0
2,120,294,-2.396293682,-0.4973735114,1.261422107,-2.377602027,-1.659936109,-0.8290947621,0,1,228,task,30,0,1610,50,652,0
2,120,295,-2.378484103,-0.470820554,1.203983786,-2.351409161,-1.657827064,-0.8111889234,0,1,229,task,30,0,1610,50,652,0
2,120,296,-2.361134587,-0.4423711484,1.138744339,-2.31509186,-1.656220073,-0.7936698573,0,1,230,task,30,0,1610,50,652,0
2,120,297,-2.344401588,-0.4118730096,1.069234073,-2.276673433,-1.654626154,-0.7767728216,0,1,231,task,30,0,1610,50,652,0
2,120,298,-2.328113718,-0.3788963833,0.9934173682,-2.233540608,-1.653516247,-0.7603407984,0,1,232,task,30,0,1610,50,652,0
2,120,299,-2.312359051,-0.3427888269,0.9106255439,-2.186302405,-1.6525522,-0.7444522438,0,1,233,task,30,0,1610,50,652,0
2,120,300,-2.324894723,-0.3112557365,0.8229346686,-2.129490954,-1.65557268,-0.757222188,0,1,234,task,10,0,1610,50,652,0
2,120,301,-2.340661789,-0.3498019437,0.9110984463,-2.178910292,-1.656228098,-0.7730933793,0,1,235,task,30,0,1610,50,652,0
2,120,302,-2.356990992,-0.3845333483,0.9911805637,-2.224143912,-1.656884067,-0.7895299603,0,1,236,task,30,0,1610,50,652,0
2,120,303,-2.37390562,-0.4162612709,1.064957213,-2.266160659,-1.657538774,-0.8065554301,0,1,237,task,30,0,1610,50,652,0
2,120,304,-2.391429572,-0.4455255534,1.133610835,-2.305607241,-1.658190154,-0.8241939006,0,1,238,task,30,0,1610,50,652,0
2,120,305,-2.409586932,-0.4727428142,1.197808766,-2.34256557,-1.65883299,-0.8424650239,0,1,239,task,30,0,1610,50,652,0
2,120,306,-2.428376717,-0.4988506367,1.255800824,-2.371737165,-1.65948042,-0.8612932247,0,1,240,task,30,0,1610,50,652,0
2,120,307,-2.4476899,-0.5237535764,1.310198828,-2.398050315,-1.660557999,-0.8806435985,0,1,241,task,30,0,1610,50,652,0
2,120,308,-2.468154827,-0.5475752542,1.365328071,-2.429944025,-1.660347124,-0.9011744961,0,1,242,task,30,0,1610,50,652,0
2,120,309,-2.47352741,-0.5534330501,1.379229481,-2.438483959,-1.660155709,-0.9065667262,0,1,243,task,30,0,1610,50,652,0
2,120,310,-2.490659268,-0.5355045564,1.328509189,-2.407219541,-1.659425224,-0.9237510078,0,1,244,task,10,0,1610,50,652,0
2,120,311,-2.470174584,-0.5126789302,1.274891536,-2.377267241,-1.65939156,-0.903230691,0,1,245,task,30,0,1610,50,652,0
2,120,312,-2.450663175,-0.4884215476,1.217249614,-2.343626966,-1.658452261,-0.88358297,0,1,246,task,30,0,1610,50,652,0
2,120,313,-2.431809193,-0.4624967039,1.156190343,-2.308346831,-1.657508427,-0.8645975659,0,1,247,task,30,0,1610,50,652,0
2,120,314,-2.413590372,-0.4346713851,1.091205109,-2.271146434,-1.656562904,-0.8462519141,0,1,248,task,30,0,1610,50,652,0
2,120,315,-2.395984507,-0.4046324141,1.021609461,-2.231649801,-1.655618206,-0.8285235188,0,1,249,task,30,0,1610,50,652,0
2,120,316,-2.378969599,-0.3719444883,0.9464515457,-2.189335798,-1.654676538,-0.8113900949,0,1,250,task,30,0,1610,50,652,0
2,120,317,-2.362523965,-0.3359747591,0.8643472966,-2.143448763,-1.653739824,-0.7948296842,0,1,251,task,30,0,1610,50,652,0
2,120,318,-2.346626331,-0.2957440191,0.7731549458,-2.092821836,-1.652809733,-0.7788207486,0,1,252,task,30,0,1610,50,652,0
2,120,319,-2.286947382,-0.3938252484,0.8345122577,-2.05266631,-1.646501292,-0.7189114602,0,0,,transition,10,0,1610,50,652,0
2,120,320,-2.227268434,-0.4919064777,0.8958695695,-2.012510784,-1.640192851,-0.6590021719,0,0,,transition,10,0,1610,50,652,0
2,120,321,-2.167589485,-0.589987707,0.9572268814,-1.972355259,-1.63388441,-0.5990928835,0,0,,transition,10,0,1610,50,652,0
2,120,322,-2.107910537,-0.6880689363,1.018584193,-1.932199733,-1.627575969,-0.5391835952,0,0,,transition,10,0,1610,50,652,0
2,120,323,-2.048231588,-0.7861501656,1.079941505,-1.892044207,-1.621267528,-0.4792743068,0,0,,transition,10,0,1610,50,652,0
2,120,324,-1.98855264,-0.8842313949,1.141298817,-1.851888681,-1.614959087,-0.4193650185,0,0,,transition,10,0,1610,50,652,0
2,120,325,-1.928873691,-0.9823126242,1.202656129,-1.811733155,-1.608650646,-0.3594557301,0,0,,transition,10,0,1610,50,652,0
2,120,326,-1.869194743,-1.080393853,1.264013441,-1.771577629,-1.602342205,-0.2995464418,0,0,,transition,10,0,1610,50,652,0
2,120,327,-1.809515794,-1.178475083,1.325370753,-1.731422103,-1.596033764,-0.2396371534,0,0,,transition,10,0,1610,50,652,0
2,120,328,-1.749836846,-1.276556312,1.386728064,-1.691266578,-1.589725323,-0.1797278651,0,0,,transition,10,0,1610,50,652,0
2,120,329,-1.690157897,-1.374637541,1.448085376,-1.651111052,-1.583416882,-0.1198185767,0,0,,transition,10,0,1610,50,652,0
2,120,330,-1.630478949,-1.472718771,1.509442688,-1.610955526,-1.577108441,-0.05990928835,0,0,,transition,10,0,1610,50,652,0
2,120,331,-1.5708,-1.5708,1.5708,-1.5708,-1.5708,0,0,0,,home,30,0,1610,50,652,0
2,121,1,-1.5708,-1.5708,1.5708,-1.5708,-1.5708,0,0,0,,home,30,0,1610,50,652,0
2,121,2,-1.629934181,-1.47842492,1.559634457,-1.646781294,-1.571379227,-0.05905107094,0,0,,transition,10,0,1610,50,652,0
2,121,3,-1.689068361,-1.386049841,1.548468915,-1.722762589,-1.571958455,-0.1181021419,0,0,,transition,10,0,1610,50,652,0
2,121,4,-1.748202542,-1.293674761,1.537303372,-1.798743883,-1.572537682,-0.1771532128,0,0,,transition,10,0,1610,50,652,0
2,121,5,-1.807336722,-1.201299682,1.52613783,-1.874725178,-1.573116909,-0.2362042838,0,0,,transition,10,0,1610,50,652,0
2,121,6,-1.866470903,-1.108924602,1.514972287,-1.950706472,-1.573696136,-0.2952553547,0,0,,transition,10,0,1610,50,652,0
2,121,7,-1.925605083,-1.016549523,1.503806745,-2.026687767,-1.574275364,-0.3543064257,0,0,,transition,10,0,1610,50,652,0
2,121,8,-1.984739264,-0.9241744434,1.492641202,-2.102669061,-1.574854591,-0.4133574966,0,0,,transition,10,0,1610,50,652,0
2,121,9,-2.043873445,-0.8317993638,1.481475659,-2.178650356,-1.575433818,-0.4724085675,0,0,,transition,10,0,1610,50,652,0
2,121,10,-2.103007625,-0.7394242843,1.470310117,-2.25463165,-1.576013046,-0.5314596385,0,0,,transition,10,0,1610,50,652,0
2,121,11,-2.162141806,-0.6470492048,1.459144574,-2.330612944,-1.576592273,-0.5905107094,0,0,,transition,10,0,1610,50,652,0
2,121,12,-2.221275986,-0.5546741253,1.447979032,-2.406594239,-1.5771715,-0.6495617804,0,1,1,task,30,0,1610,50,652,0
2,121,13,-2.205724637,-0.5283566362,1.387568413,-2.376487833,-1.573693624,-0.634195432,0,1,2,task,30,0,1610,50,652,0
2,121,14,-2.190507266,-0.5010486791,1.325695138,-2.347387289,-1.571300184,-0.6191605152,0,1,3,task,30,0,1610,50,652,0
2,121,15,-2.175391902,-0.4728416488,1.262965702,-2.320736463,-1.5706347,-0.6042237538,0,1,4,task,30,0,1610,50,652,0
2,121,16,-2.160686409,-0.4427519266,1.192799405,-2.284442537,-1.570708566,-0.5895884867,0,1,5,task,30,0,1610,50,652,0
2,121,17,-2.146886376,-0.4106244603,1.118639037,-2.246300051,-1.569969174,-0.5758604427,0,1,6,task,30,0,1610,50,652,0
2,121,18,-2.134176888,-0.375140788,1.034776999,-2.197560621,-1.567621521,-0.5631723225,0,1,7,task,30,0,1610,50,652,0
2,121,19,-2.122317908,-0.3362510246,0.9441490114,-2.145610692,-1.564261411,-0.5513498758,0,1,8,task,30,0,1610,50,652,0
2,121,20,-2.111161765,-0.2929803051,0.8445288804,-2.089194202,-1.5602082,-0.5402442813,0,1,9,task,30,0,1610,50,652,0
2,121,21,-2.106388813,-0.2684690368,0.7893517946,-2.058993948,-1.55622591,-0.5355345764,0,0,,transition,30,0,1610,50,652,0
2,121,22,-2.101615862,-0.2439577685,0.7341747089,-2.028793693,-1.55224362,-0.5308248716,0,1,10,task,30,0,1610,50,652,0
2,121,23,-2.096987828,-0.2157245409,0.6716527973,-1.996216452,-1.548422848,-0.5262741675,0,0,,transition,30,0,1610,50,652,0
2,121,24,-2.092359794,-0.1874913133,0.6091308857,-1.96363921,-1.544602076,-0.5217234635,0,1,11,task,30,0,1610,50,652,0
2,121,25,-2.111449026,-0.1693253382,0.5650789373,-1.933910918,-1.553931501,-0.5406298344,0,1,12,task,10,0,1610,50,652,0
2,121,26,-2.115658257,-0.1999414277,0.6329938966,-1.971027647,-1.559736564,-0.5447577908,0,0,,transition,30,0,1610,50,652,0
2,121,27,-2.119867488,-0.2305575171,0.7009088558,-2.008144376,-1.565541626,-0.5488857472,0,1,13,task,30,0,1610,50,652,0
2,121,28,-2.125709139,-0.2559695686,0.7588992603,-2.040779877,-1.566471533,-0.5547172333,0,0,,transition,30,0,1610,50,652,0
2,121,29,-2.131550791,-0.28138162,0.8168896648,-2.073415379,-1.56740144,-0.5605487193,0,1,14,task,30,0,1610,50,652,0
2,121,30,-2.137747395,-0.3034398472,0.8678172221,-2.102340261,-1.567975211,-0.566739058,0,0,,transition,30,0,1610,50,652,0
2,121,31,-2.143944,-0.3254980743,0.9187447793,-2.131265144,-1.568548982,-0.5729293967,0,1,15,task,30,0,1610,50,652,0
2,121,32,-2.156863392,-0.3648876479,1.010672367,-2.183937031,-1.569710316,-0.5858363395,0,1,16,task,30,0,1610,50,652,0
2,121,33,-2.170340028,-0.4006785887,1.095155234,-2.232787359,-1.570885801,-0.5993006458,0,1,17,task,30,0,1610,50,652,0
2,121,34,-2.184407138,-0.4335888787,1.173780822,-2.278687507,-1.572075764,-0.613355589,0,1,18,task,30,0,1610,50,652,0
2,121,35,-2.199483977,-0.4635985332,1.243452068,-2.314096307,-1.572096336,-0.6283575224,0,1,19,task,30,0,1610,50,652,0
2,121,36,-2.215179834,-0.4914796774,1.304078783,-2.336824578,-1.572240784,-0.6438425575,0,1,20,task,30,0,1610,50,652,0
2,121,37,-2.230656839,-0.5187556904,1.364441461,-2.362984053,-1.575060034,-0.6590897129,0,1,21,task,30,0,1610,50,652,0
2,121,38,-2.245523054,-0.5454331771,1.422614337,-2.388530869,-1.581535183,-0.6736475146,0,1,22,task,30,0,1610,50,652,0
2,121,39,-2.258581816,-0.5720936956,1.479705098,-2.415444466,-1.59473196,-0.6863506075,0,1,23,task,30,0,1610,50,652,0
2,121,40,-2.275120033,-0.5972389068,1.541889858,-2.456696434,-1.600546314,-0.7029620432,0,1,24,task,30,0,1610,50,652,0
2,121,41,-2.293728604,-0.6205287611,1.598132223,-2.489128724,-1.603050889,-0.7214866616,0,1,25,task,30,0,1610,50,652,0
2,121,42,-2.307197682,-0.6359032558,1.63541665,-2.510536636,-1.604257174,-0.7348933856,0,1,26,task,30,0,1610,50,652,0
2,121,43,-2.330020229,-0.6229013636,1.6010136,-2.48991365,-1.605611817,-0.7576889841,0,1,27,task,10,0,1610,50,652,0
2,121,44,-2.310806774,-0.5999906706,1.54767588,-2.461670081,-1.602577822,-0.738641847,0,1,28,task,30,0,1610,50,652,0
2,121,45,-2.292285745,-0.575863261,1.487715576,-2.42283122,-1.599916799,-0.7200569053,0,1,29,task,30,0,1610,50,652,0
2,121,46,-2.274808445,-0.5502927936,1.426051853,-2.384672876,-1.596698222,-0.7025656507,0,1,30,task,30,0,1610,50,652,0
2,121,47,-2.261646949,-0.5226581143,1.366396584,-2.35455692,-1.583594333,-0.6896996193,0,1,31,task,30,0,1610,50,652,0
2,121,48,-2.247899914,-0.4955569502,1.313893768,-2.342056746,-1.57387952,-0.6765114376,0,1,32,task,30,0,1610,50,652,0
2,121,49,-2.231375756,-0.4689754527,1.259725541,-2.329472777,-1.574033841,-0.6602973574,0,1,33,task,30,0,1610,50,652,0
2,121,50,-2.21586919,-0.4393421071,1.187816845,-2.287025327,-1.573086514,-0.6448013351,0,1,34,task,30,0,1610,50,652,0
2,121,51,-2.201013124,-0.4074325362,1.111372376,-2.24234089,-1.572155811,-0.6299557948,0,1,35,task,30,0,1610,50,652,0
2,121,52,-2.186771859,-0.3728079827,1.029415908,-2.194880254,-1.571241269,-0.6157250106,0,1,36,task,30,0,1610,50,652,0
2,121,53,-2.173111869,-0.3348320404,0.9405405561,-2.14387134,-1.5703424,-0.6020754324,0,1,37,task,30,0,1610,50,652,0
2,121,54,-2.160001682,-0.2925260355,0.8425924673,-2.088137506,-1.569458702,-0.5889755695,0,1,38,task,30,0,1610,50,652,0
2,121,55,-2.153706723,-0.2683878349,0.787282169,-2.056927741,-1.569024183,-0.5826857213,0,0,,transition,30,0,1610,50,652,0
2,121,56,-2.147411765,-0.2442496342,0.7319718707,-2.025717975,-1.568589665,-0.5763958731,0,1,39,task,30,0,1610,50,652,0
2,121,57,-2.141363087,-0.2155489004,0.6668689795,-1.989285743,-1.568162222,-0.5703522474,0,0,,transition,30,0,1610,50,652,0
2,121,58,-2.13531441,-0.1868481665,0.6017660883,-1.952853511,-1.567734779,-0.5643086218,0,1,40,task,30,0,1610,50,652,0
2,121,59,-2.129499015,-0.1496561251,0.5182649437,-1.906521364,-1.567314158,-0.5584982159,0,0,,transition,30,0,1610,50,652,0
2,121,60,-2.123683621,-0.1124640836,0.434763799,-1.860189216,-1.566893537,-0.5526878101,0,1,41,task,30,0,1610,50,652,0
2,121,61,-2.137290011,-0.1523663842,0.5272366216,-1.91502315,-1.570208419,-0.5663126711,0,0,,transition,10,0,1610,50,652,0
2,121,62,-2.1508964,-0.1922686849,0.6197094443,-1.969857084,-1.573523302,-0.5799375322,0,0,,transition,10,0,1610,50,652,0
2,121,63,-2.16450279,-0.2321709855,0.7121822669,-2.024691018,-1.576838185,-0.5935623933,0,0,,transition,10,0,1610,50,652,0
2,121,64,-2.178109179,-0.2720732861,0.8046550895,-2.079524951,-1.580153068,-0.6071872543,0,0,,transition,10,0,1610,50,652,0
2,121,65,-2.191715569,-0.3119755867,0.8971279122,-2.134358885,-1.58346795,-0.6208121154,0,0,,transition,10,0,1610,50,652,0
2,121,66,-2.205321958,-0.3518778873,0.9896007348,-2.189192819,-1.586782833,-0.6344369764,0,0,,transition,10,0,1610,50,652,0
2,121,67,-2.218928348,-0.3917801879,1.082073557,-2.244026753,-1.590097716,-0.6480618375,0,0,,transition,10,0,1610,50,652,0
2,121,68,-2.232534737,-0.4316824886,1.17454638,-2.298860687,-1.593412599,-0.6616866985,0,1,42,task,10,0,1610,50,652,0
2,121,69,-2.249010546,-0.460820519,1.245244452,-2.339512542,-1.592014158,-0.6781365043,0,1,43,task,30,0,1610,50,652,0
2,121,70,-2.26619107,-0.4880051971,1.312080522,-2.378219983,-1.59066401,-0.695291601,0,1,44,task,30,0,1610,50,652,0
2,121,71,-2.281322466,-0.5122359794,1.334375722,-2.33086447,-1.596610245,-0.7090610669,0,1,45,task,10,0,1610,50,652,0
2,121,72,-2.298621733,-0.5393049083,1.398438874,-2.369329983,-1.599018699,-0.7263586507,0,1,46,task,30,0,1610,50,652,0
2,121,73,-2.316699159,-0.5649128664,1.459653244,-2.406495872,-1.601429653,-0.7444394303,0,1,47,task,30,0,1610,50,652,0
2,121,74,-2.335599215,-0.5891943304,1.518325165,-2.442539944,-1.603840364,-0.7633483797,0,1,48,task,30,0,1610,50,652,0
2,121,75,-2.352046033,-0.6089946487,1.564623981,-2.468210898,-1.606902033,-0.7796908054,0,1,49,task,30,0,1610,50,652,0
2,121,76,-2.373291967,-0.5941440902,1.526193653,-2.445410431,-1.608130023,-0.8009155352,0,1,50,task,10,0,1610,50,652,0
2,121,77,-2.3491014,-0.5729616657,1.483605763,-2.4403296,-1.618056758,-0.7774876622,0,1,51,task,10,0,1610,50,652,0
2,121,78,-2.328254572,-0.5497916279,1.430754883,-2.416459647,-1.621402529,-0.756947401,0,1,52,task,30,0,1610,50,652,0
2,121,79,-2.308191342,-0.5254459839,1.375435884,-2.39117961,-1.625033173,-0.7371871269,0,1,53,task,30,0,1610,50,652,0
2,121,80,-2.291014619,-0.499456587,1.321311533,-2.372143353,-1.622804911,-0.7203245632,0,1,54,task,30,0,1610,50,652,0
2,121,81,-2.276130388,-0.4721709605,1.263266018,-2.348579928,-1.615776481,-0.7055419503,0,1,55,task,30,0,1610,50,652,0
2,121,82,-2.260019645,-0.4436380884,1.194909809,-2.309217786,-1.614179244,-0.689423103,0,1,56,task,30,0,1610,50,652,0
2,121,83,-2.244552019,-0.4130301372,1.122384258,-2.267835909,-1.612616754,-0.6739485323,0,1,57,task,30,0,1610,50,652,0
2,121,84,-2.264438177,-0.395080546,1.077770399,-2.242582231,-1.612177609,-0.693853002,0,1,58,task,10,0,1610,50,652,0
2,121,85,-2.280000754,-0.4265514595,1.151553205,-2.284163804,-1.614008404,-0.7094230932,0,1,59,task,30,0,1610,50,652,0
2,121,86,-2.296189317,-0.4558089849,1.2208245,-2.323530033,-1.615879149,-0.7256202345,0,1,60,task,30,0,1610,50,652,0
2,121,87,-2.312237683,-0.4835965882,1.283343693,-2.354768364,-1.620068765,-0.7416334302,0,1,61,task,30,0,1610,50,652,0
2,121,88,-2.327791977,-0.5105618515,1.339023233,-2.376276262,-1.627481416,-0.7570555378,0,1,62,task,30,0,1610,50,652,0
2,121,89,-2.346189029,-0.5360827877,1.399176193,-2.410973129,-1.628840975,-0.7754558766,0,1,63,task,30,0,1610,50,652,0
2,121,90,-2.365713635,-0.5601693868,1.457624935,-2.446514346,-1.62927304,-0.7950103494,0,1,64,task,30,0,1610,50,652,0
2,121,91,-2.38607782,-0.5829627915,1.513568967,-2.480901719,-1.629698455,-0.8154066782,0,1,65,task,30,0,1610,50,652,0
2,121,92,-2.386347586,-0.5832503211,1.514278973,-2.481340624,-1.629703917,-0.8156768774,0,1,66,task,30,0,1610,50,652,0
2,121,93,-2.406394155,-0.5683038448,1.472731161,-2.455925444,-1.630102734,-0.8357545434,0,1,67,task,10,0,1610,50,652,0
2,121,94,-2.385973961,-0.5451346002,1.416524696,-2.4216247,-1.629703299,-0.8153005188,0,1,68,task,30,0,1610,50,652,0
2,121,95,-2.366367196,-0.5206215938,1.357661761,-2.386067217,-1.629294751,-0.7956621635,0,1,69,task,30,0,1610,50,652,0
2,121,96,-2.349056423,-0.4946123049,1.300832318,-2.358893646,-1.62453484,-0.778423897,0,1,70,task,30,0,1610,50,652,0
2,121,97,-2.332526158,-0.4672647404,1.241730282,-2.331510472,-1.61945185,-0.7619590264,0,1,71,task,30,0,1610,50,652,0
2,121,98,-2.316094975,-0.4388399165,1.177308312,-2.298019502,-1.615937212,-0.7455453712,0,1,72,task,30,0,1610,50,652,0
2,121,99,-2.299882006,-0.408812144,1.107101281,-2.258766497,-1.613659497,-0.7293232419,0,1,73,task,30,0,1610,50,652,0
2,121,100,-2.284274932,-0.3764160766,1.032004319,-2.217086738,-1.611429723,-0.7137077921,0,1,74,task,30,0,1610,50,652,0
2,121,101,-2.301001732,-0.3496887322,0.9685350517,-2.182653749,-1.609521637,-0.7304493618,0,1,75,task,10,0,1610,50,652,0
2,121,102,-2.316451117,-0.3836610407,1.04614847,-2.224776894,-1.612389032,-0.7459089103,0,1,76,task,30,0,1610,50,652,0
2,121,103,-2.332475842,-0.4149933626,1.118235345,-2.264126134,-1.615317399,-0.7619436826,0,1,77,task,30,0,1610,50,652,0
2,121,104,-2.349014384,-0.4443742725,1.185230457,-2.299906389,-1.618544236,-0.7784810144,0,1,78,task,30,0,1610,50,652,0
2,121,105,-2.365949584,-0.4725539292,1.24719835,-2.330697549,-1.622436216,-0.7953813465,0,1,79,task,30,0,1610,50,652,0
2,121,106,-2.383502718,-0.4992204024,1.305961882,-2.359960277,-1.626452521,-0.8128906826,0,1,80,task,30,0,1610,50,652,0
2,121,107,-2.401901767,-0.5245218817,1.362470858,-2.389077667,-1.630030191,-0.8312510517,0,1,81,task,30,0,1610,50,652,0
2,121,108,-2.422200508,-0.5483560065,1.419568572,-2.423636667,-1.630402816,-0.8515854812,0,1,82,task,30,0,1610,50,652,0
2,121,109,-2.425705844,-0.552246928,1.42894142,-2.429342682,-1.630464376,-0.8550970624,0,1,83,task,30,0,1610,50,652,0
2,121,110,-2.444305771,-0.535011429,1.382781136,-2.40153202,-1.630791633,-0.8737274492,0,1,84,task,10,0,1610,50,652,0
2,121,111,-2.424398753,-0.5108706442,1.326986974,-2.369907005,-1.629002229,-0.8538117384,0,1,85,task,30,0,1610,50,652,0
2,121,112,-2.40578074,-0.485344881,1.270122575,-2.340408538,-1.625603606,-0.8352217259,0,1,86,task,30,0,1610,50,652,0
2,121,113,-2.387810611,-0.4583721885,1.210198903,-2.309450081,-1.622302816,-0.8172761721,0,1,87,task,30,0,1610,50,652,0
2,121,114,-2.370463889,-0.4297561079,1.14678991,-2.276791905,-1.619098767,-0.7999499025,0,1,88,task,30,0,1610,50,652,0
2,121,115,-2.353899106,-0.3996771304,1.079398125,-2.241663169,-1.615376541,-0.7833874821,0,1,89,task,30,0,1610,50,652,0
2,121,116,-2.338067508,-0.3677342658,1.007296048,-2.203762276,-1.611184887,-0.7675433678,0,1,90,task,30,0,1610,50,652,0
2,121,117,-2.322777671,-0.333041108,0.929378412,-2.162944645,-1.607078755,-0.7522382796,0,1,91,task,30,0,1610,50,652,0
2,121,118,-2.336306055,-0.295358257,0.8426487528,-2.116881016,-1.603722513,-0.7657649642,0,1,92,task,10,0,1610,50,652,0
2,121,119,-2.352331941,-0.3332940582,0.929138896,-2.164934796,-1.605201289,-0.7818055245,0,1,93,task,30,0,1610,50,652,0
2,121,120,-2.367433978,-0.367204018,1.00347172,-2.201569283,-1.611489707,-0.7969335582,0,1,94,task,30,0,1610,50,652,0
2,121,121,-2.38278716,-0.3987188518,1.071963304,-2.234641929,-1.618671416,-0.8123079644,0,1,95,task,30,0,1610,50,652,0
2,121,122,-2.399233358,-0.4291829659,1.138723994,-2.269501651,-1.624150288,-0.8288068869,0,1,96,task,30,0,1610,50,652,0
2,121,123,-2.416254836,-0.4577643849,1.201484786,-2.302454995,-1.629694484,-0.8458896819,0,1,97,task,30,0,1610,50,652,0
2,121,124,-2.433874116,-0.4847173895,1.260800532,-2.333815248,-1.635301668,-0.8635809214,0,1,98,task,30,0,1610,50,652,0
2,121,125,-2.446569702,-0.5136498556,1.327011092,-2.38266361,-1.657214558,-0.8775387736,0,1,99,task,10,0,1610,50,652,0
2,121,126,-2.452194123,-0.5220255556,1.34662563,-2.396152663,-1.660133556,-0.8834024049,0,1,100,task,30,0,1610,50,652,0
2,121,127,-2.469648244,-0.503519732,1.296215319,-2.365811507,-1.660106783,-0.9009263709,0,1,101,task,10,0,1610,50,652,0
2,121,128,-2.450125388,-0.4775950477,1.236441746,-2.328960944,-1.658055475,-0.8811692806,0,1,102,task,30,0,1610,50,652,0
2,121,129,-2.477158722,-0.4717324879,1.216974877,-2.320447011,-1.659716116,-0.9085257759,0,1,103,task,10,0,1610,50,652,0
2,121,130,-2.486456606,-0.4835347437,1.242880482,-2.333966477,-1.660055214,-0.9178018736,0,1,104,task,30,0,1610,50,652,0
2,121,131,-2.502643315,-0.4619231708,1.186307722,-2.300453423,-1.659981653,-0.9340530586,0,1,105,task,10,0,1610,50,652,0
2,121,132,-2.482957335,-0.4354400454,1.12907195,-2.27166586,-1.659069092,-0.9144399058,0,1,106,task,30,0,1610,50,652,0
2,121,133,-2.506473722,-0.4223769422,1.091918828,-2.248817685,-1.659120294,-0.9380145925,0,1,107,task,10,0,1610,50,652,0
2,121,134,-2.518232303,-0.4384955692,1.126089534,-2.265056174,-1.65988866,-0.9497039077,0,1,108,task,30,0,1610,50,652,0
2,121,135,-2.533247175,-0.4130027797,1.061685981,-2.227485882,-1.659778568,-0.9647780887,0,1,109,task,10,0,1610,50,652,0
2,121,136,-2.514131558,-0.3852251476,1.00438045,-2.20292523,-1.657900371,-0.9458453164,0,1,110,task,30,0,1610,50,652,0
2,121,137,-2.534033372,-0.364802112,0.9529897427,-2.175265262,-1.657115453,-0.965875262,0,1,111,task,10,0,1610,50,652,0
2,121,138,-2.547711092,-0.3851075762,0.9923630237,-2.187347682,-1.659653496,-0.9792988329,0,1,112,task,30,0,1610,50,652,0
2,121,139,-2.561646673,-0.3543364495,0.9170873752,-2.144083746,-1.659515364,-0.9932888378,0,1,113,task,10,0,1610,50,652,0
2,121,140,-2.544123306,-0.3266928565,0.8659271686,-2.133934063,-1.653424204,-0.9761393536,0,1,114,task,30,0,1610,50,652,0
2,121,141,-2.469252282,-0.422393406,0.9201481556,-2.090616058,-1.647068496,-0.901051711,0,0,,transition,10,0,1610,50,652,0
2,121,142,-2.394381259,-0.5180939555,0.9743691427,-2.047298053,-1.640712788,-0.8259640685,0,0,,transition,10,0,1610,50,652,0
2,121,143,-2.319510235,-0.613794505,1.02859013,-2.003980048,-1.63435708,-0.7508764259,0,0,,transition,10,0,1610,50,652,0
2,121,144,-2.244639212,-0.7094950545,1.082811117,-1.960662043,-1.628001372,-0.6757887833,0,0,,transition,10,0,1610,50,652,0
2,121,145,-2.169768188,-0.805195604,1.137032104,-1.917344039,-1.621645664,-0.6007011407,0,0,,transition,10,0,1610,50,652,0
2,121,146,-2.094897165,-0.9008961535,1.191253091,-1.874026034,-1.615289956,-0.5256134981,0,0,,transition,10,0,1610,50,652,0
2,121,147,-2.020026141,-0.996596703,1.245474078,-1.830708029,-1.608934248,-0.4505258555,0,0,,transition,10,0,1610,50,652,0
2,121,148,-1.945155118,-1.092297253,1.299695065,-1.787390024,-1.60257854,-0.3754382129,0,0,,transition,10,0,1610,50,652,0
2,121,149,-1.870284094,-1.187997802,1.353916052,-1.744072019,-1.596222832,-0.3003505703,0,0,,transition,10,0,1610,50,652,0
2,121,150,-1.795413071,-1.283698352,1.408137039,-1.700754014,-1.589867124,-0.2252629278,0,0,,transition,10,0,1610,50,652,0
2,121,151,-1.720542047,-1.379398901,1.462358026,-1.65743601,-1.583511416,-0.1501752852,0,0,,transition,10,0,1610,50,652,0
2,121,152,-1.645671024,-1.475099451,1.516579013,-1.614118005,-1.577155708,-0.07508764259,0,0,,transition,10,0,1610,50,652,0
2,121,153,-1.5708,-1.5708,1.5708,-1.5708,-1.5708,0,0,0,,home,30,0,1610,50,652,0
