target_line,group_id,point_id,q1,q2,q3,q4,q5,q6,is_discontinuous,is_task_waypoint,source_point_id,waypoint_kind,speed,base_normal_error_mm,base_x_actual_mm,standoff_mm,base_height_mm,lift_mm
1,104,1,-1.5708,-1.5708,1.5708,-1.5708,-1.5708,0,0,0,,home,10,0,-1610,20,652,0
1,104,2,-1.588005637,-1.47265437,1.513224284,-1.610628922,-1.540639777,-0.0181819192,0,0,,transition,10,0,-1610,20,652,0
1,104,3,-1.605211275,-1.37450874,1.455648569,-1.650457843,-1.510479554,-0.0363638384,0,0,,transition,10,0,-1610,20,652,0
1,104,4,-1.622416912,-1.27636311,1.398072853,-1.690286765,-1.480319331,-0.05454575759,0,0,,transition,10,0,-1610,20,652,0
1,104,5,-1.639622549,-1.17821748,1.340497137,-1.730115686,-1.450159109,-0.07272767679,0,0,,transition,10,0,-1610,20,652,0
1,104,6,-1.656828187,-1.08007185,1.282921422,-1.769944608,-1.419998886,-0.09090959599,0,0,,transition,10,0,-1610,20,652,0
1,104,7,-1.674033824,-0.98192622,1.225345706,-1.80977353,-1.389838663,-0.1090915152,0,0,,transition,10,0,-1610,20,652,0
1,104,8,-1.691239461,-0.8837805901,1.16776999,-1.849602451,-1.35967844,-0.1272734344,0,0,,transition,10,0,-1610,20,652,0
1,104,9,-1.708445098,-0.7856349601,1.110194275,-1.889431373,-1.329518217,-0.1454553536,0,0,,transition,10,0,-1610,20,652,0
1,104,10,-1.725650736,-0.6874893301,1.052618559,-1.929260294,-1.299357994,-0.1636372728,0,0,,transition,10,0,-1610,20,652,0
1,104,11,-1.742856373,-0.5893437001,0.9950428434,-1.969089216,-1.269197771,-0.181819192,0,0,,transition,10,0,-1610,20,652,0
1,104,12,-1.76006201,-0.4911980701,0.9374671277,-2.008918138,-1.239037549,-0.2000011112,0,1,1,task,10,0,-1610,20,652,0
1,104,13,-1.775535011,-0.5240883106,0.9895416101,-1.973694516,-1.198859434,-0.2199690825,0,1,2,task,10,0,-1610,20,652,0
1,104,14,-1.744593614,-0.538607725,1.000180318,-1.991992219,-1.224473504,-0.1848447621,0,1,3,task,10,0,-1610,20,652,0
1,104,15,-1.741808126,-0.5126831695,0.9392444672,-1.95147376,-1.227228507,-0.1817201587,0,0,,transition,10,0,-1610,20,652,0
1,104,16,-1.739022639,-0.4867586139,0.8783086163,-1.9109553,-1.22998351,-0.1785955552,0,1,4,task,10,0,-1610,20,652,0
1,104,17,-1.735526378,-0.4594288348,0.8182699226,-1.879957806,-1.235986152,-0.1745203228,0,0,,transition,10,0,-1610,20,652,0
1,104,18,-1.732030117,-0.4320990558,0.7582312289,-1.848960312,-1.241988793,-0.1704450903,0,1,5,task,10,0,-1610,20,652,0
1,104,19,-1.722526345,-0.4328889081,0.7948303326,-1.939810231,-1.276182764,-0.1588825968,0,0,,transition,10,0,-1610,20,652,0
1,104,20,-1.713022573,-0.4336787605,0.8314294364,-2.03066015,-1.310376736,-0.1473201032,0,0,,transition,10,0,-1610,20,652,0
1,104,21,-1.703518802,-0.4344686128,0.8680285401,-2.121510069,-1.344570707,-0.1357576096,0,0,,transition,10,0,-1610,20,652,0
1,104,22,-1.69401503,-0.4352584651,0.9046276438,-2.212359989,-1.378764678,-0.1241951161,0,0,,transition,10,0,-1610,20,652,0
1,104,23,-1.684511258,-0.4360483174,0.9412267476,-2.303209908,-1.412958649,-0.1126326225,0,0,,transition,10,0,-1610,20,652,0
1,104,24,-1.675007486,-0.4368381698,0.9778258513,-2.394059827,-1.44715262,-0.101070129,0,0,,transition,10,0,-1610,20,652,0
1,104,25,-1.665503714,-0.4376280221,1.014424955,-2.484909746,-1.481346591,-0.0895076354,0,1,6,task,10,0,-1610,20,652,0
1,104,26,-1.66833826,-0.431343539,0.9620688115,-2.387132715,-1.459045677,-0.09359366079,0,0,,transition,10,0,-1610,20,652,0
1,104,27,-1.671172806,-0.425059056,0.909712668,-2.289355683,-1.436744762,-0.09767968617,0,0,,transition,10,0,-1610,20,652,0
1,104,28,-1.674007352,-0.4187745729,0.8573565244,-2.191578652,-1.414443847,-0.1017657116,0,0,,transition,10,0,-1610,20,652,0
1,104,29,-1.676841898,-0.4124900899,0.8050003808,-2.09380162,-1.392142932,-0.1058517369,0,0,,transition,10,0,-1610,20,652,0
1,104,30,-1.679676444,-0.4062056068,0.7526442373,-1.996024588,-1.369842017,-0.1099377623,0,0,,transition,10,0,-1610,20,652,0
1,104,31,-1.68251099,-0.3999211238,0.7002880937,-1.898247557,-1.347541103,-0.1140237877,0,0,,transition,10,0,-1610,20,652,0
1,104,32,-1.685345535,-0.3936366407,0.6479319502,-1.800470525,-1.325240188,-0.1181098131,0,1,7,task,10,0,-1610,20,652,0
1,104,33,-1.687594468,-0.4261682352,0.7201148006,-1.842141677,-1.321758922,-0.1205358967,0,0,,transition,10,0,-1610,20,652,0
1,104,34,-1.689843401,-0.4586998296,0.7922976511,-1.883812828,-1.318277657,-0.1229619804,0,1,8,task,10,0,-1610,20,652,0
1,104,35,-1.69220284,-0.4862236806,0.8537343801,-1.919692131,-1.314780961,-0.1255123637,0,0,,transition,10,0,-1610,20,652,0
1,104,36,-1.694562279,-0.5137475316,0.9151711091,-1.955571435,-1.311284265,-0.128062747,0,1,9,task,10,0,-1610,20,652,0
1,104,37,-1.696070097,-0.5376838173,0.9672127328,-1.984224465,-1.311285536,-0.1296212776,0,0,,transition,10,0,-1610,20,652,0
1,104,38,-1.697577915,-0.5616201029,1.019254357,-2.012877495,-1.311286806,-0.1311798083,0,1,10,task,10,0,-1610,20,652,0
1,104,39,-1.67320325,-0.5585435646,0.9985622899,-2.001171435,-1.310165531,-0.105985721,0,1,11,task,10,0,-1610,20,652,0
1,104,40,-1.671276998,-0.5335478364,0.9429428683,-1.968650632,-1.312828368,-0.1039239996,0,0,,transition,10,0,-1610,20,652,0
1,104,41,-1.669350746,-0.5085521082,0.8873234467,-1.936129829,-1.315491205,-0.1018622783,0,1,12,task,10,0,-1610,20,652,0
1,104,42,-1.666418341,-0.4788513419,0.819717527,-1.894277315,-1.322321557,-0.09866829263,0,0,,transition,10,0,-1610,20,652,0
1,104,43,-1.663485937,-0.4491505756,0.7521116073,-1.852424801,-1.329151909,-0.09547430696,0,1,13,task,10,0,-1610,20,652,0
1,104,44,-1.661300186,-0.4147349634,0.6771806843,-1.810778103,-1.333581604,-0.09312492717,0,0,,transition,10,0,-1610,20,652,0
1,104,45,-1.659114436,-0.3803193511,0.6022497613,-1.769131405,-1.338011299,-0.09077554738,0,1,14,task,10,0,-1610,20,652,0
1,104,46,-1.634863815,-0.3825453123,0.5942598531,-1.764149743,-1.344990364,-0.06574115601,0,1,15,task,10,0,-1610,20,652,0
1,104,47,-1.634652746,-0.4168489071,0.6671196171,-1.80386692,-1.348594854,-0.06547151568,0,0,,transition,10,0,-1610,20,652,0
1,104,48,-1.634441677,-0.451152502,0.739979381,-1.843584097,-1.352199343,-0.06520187535,0,1,16,task,10,0,-1610,20,652,0
1,104,49,-1.633925171,-0.4806542494,0.8033179131,-1.880290909,-1.356890912,-0.0646072532,0,0,,transition,10,0,-1610,20,652,0
1,104,50,-1.633408666,-0.5101559967,0.8666564452,-1.916997721,-1.36158248,-0.06401263104,0,1,17,task,10,0,-1610,20,652,0
1,104,51,-1.632820446,-0.5367763297,0.9263923061,-1.956143616,-1.366431481,-0.06334509371,0,0,,transition,10,0,-1610,20,652,0
1,104,52,-1.632232226,-0.5633966627,0.986128167,-1.995289511,-1.371280482,-0.06267755638,0,1,18,task,10,0,-1610,20,652,0
1,104,53,-1.60825453,-0.5675098985,0.9833009639,-1.991467836,-1.371111273,-0.03821798086,0,1,19,task,10,0,-1610,20,652,0
1,104,54,-1.608345486,-0.5421079034,0.9285551721,-1.96011725,-1.369143074,-0.03832701691,0,0,,transition,10,0,-1610,20,652,0
1,104,55,-1.608436443,-0.5167059083,0.8738093803,-1.928766663,-1.367174876,-0.03843605296,0,1,20,task,10,0,-1610,20,652,0
1,104,56,-1.608522155,-0.487905722,0.8117098018,-1.893457635,-1.365208889,-0.03853991326,0,0,,transition,10,0,-1610,20,652,0
1,104,57,-1.608607866,-0.4591055357,0.7496102233,-1.858148608,-1.363242903,-0.03864377357,0,1,21,task,10,0,-1610,20,652,0
1,104,58,-1.608688679,-0.424833858,0.6756220674,-1.816419602,-1.361279133,-0.03874279575,0,0,,transition,10,0,-1610,20,652,0
1,104,59,-1.608769491,-0.3905621803,0.6016339116,-1.774690597,-1.359315363,-0.03884181794,0,1,22,task,10,0,-1610,20,652,0
1,104,60,-1.605605367,-0.488915332,0.6823977523,-1.757699714,-1.376939083,-0.03560499978,0,0,,transition,10,0,-1610,20,652,0
1,104,61,-1.602441243,-0.5872684836,0.763161593,-1.740708831,-1.394562803,-0.03236818162,0,0,,transition,10,0,-1610,20,652,0
1,104,62,-1.599277118,-0.6856216353,0.8439254337,-1.723717948,-1.412186522,-0.02913136345,0,0,,transition,10,0,-1610,20,652,0
1,104,63,-1.596112994,-0.7839747869,0.9246892744,-1.706727065,-1.429810242,-0.02589454529,0,0,,transition,10,0,-1610,20,652,0
1,104,64,-1.59294887,-0.8823279385,1.005453115,-1.689736182,-1.447433962,-0.02265772713,0,0,,transition,10,0,-1610,20,652,0
1,104,65,-1.589784746,-0.9806810902,1.086216956,-1.672745298,-1.465057682,-0.01942090897,0,0,,transition,10,0,-1610,20,652,0
1,104,66,-1.586620621,-1.079034242,1.166980796,-1.655754415,-1.482681401,-0.01618409081,0,0,,transition,10,0,-1610,20,652,0
1,104,67,-1.583456497,-1.177387393,1.247744637,-1.638763532,-1.500305121,-0.01294727265,0,0,,transition,10,0,-1610,20,652,0
1,104,68,-1.580292373,-1.275740545,1.328508478,-1.621772649,-1.517928841,-0.009710454485,0,0,,transition,10,0,-1610,20,652,0
1,104,69,-1.577128249,-1.374093697,1.409272319,-1.604781766,-1.535552561,-0.006473636323,0,0,,transition,10,0,-1610,20,652,0
1,104,70,-1.573964124,-1.472446848,1.490036159,-1.587790883,-1.55317628,-0.003236818162,0,0,,transition,10,0,-1610,20,652,0
1,104,71,-1.5708,-1.5708,1.5708,-1.5708,-1.5708,0,0,0,,home,10,0,-1610,20,652,0
1,105,1,-1.5708,-1.5708,1.5708,-1.5708,-1.5708,0,0,0,,home,10,0,-1610,20,652,0
1,105,2,-1.613889614,-1.47394558,1.500466351,-1.581096874,-1.539948931,-0.04656139432,0,0,,transition,10,0,-1610,20,652,0
1,105,3,-1.656979228,-1.37709116,1.430132703,-1.591393749,-1.509097861,-0.09312278865,0,0,,transition,10,0,-1610,20,652,0
1,105,4,-1.700068843,-1.28023674,1.359799054,-1.601690623,-1.478246792,-0.139684183,0,0,,transition,10,0,-1610,20,652,0
1,105,5,-1.743158457,-1.183382321,1.289465405,-1.611987498,-1.447395722,-0.1862455773,0,0,,transition,10,0,-1610,20,652,0
1,105,6,-1.786248071,-1.086527901,1.219131756,-1.622284372,-1.416544653,-0.2328069716,0,0,,transition,10,0,-1610,20,652,0
1,105,7,-1.829337685,-0.989673481,1.148798108,-1.632581246,-1.385693584,-0.2793683659,0,0,,transition,10,0,-1610,20,652,0
1,105,8,-1.8724273,-0.8928190611,1.078464459,-1.642878121,-1.354842514,-0.3259297603,0,0,,transition,10,0,-1610,20,652,0
1,105,9,-1.915516914,-0.7959646413,1.00813081,-1.653174995,-1.323991445,-0.3724911546,0,0,,transition,10,0,-1610,20,652,0
1,105,10,-1.958606528,-0.6991102214,0.9377971614,-1.663471869,-1.293140375,-0.4190525489,0,0,,transition,10,0,-1610,20,652,0
1,105,11,-2.001696142,-0.6022558016,0.8674635127,-1.673768744,-1.262289306,-0.4656139432,0,0,,transition,10,0,-1610,20,652,0
1,105,12,-2.044785757,-0.5054013818,0.797129864,-1.684065618,-1.231438237,-0.5121753376,0,0,,transition,10,0,-1610,20,652,0
1,105,13,-2.087875371,-0.4085469619,0.7267962152,-1.694362493,-1.200587167,-0.5587367319,0,1,1,task,10,0,-1610,20,652,0
1,105,14,-2.09759498,-0.4304562151,0.7783003567,-1.712771169,-1.186944097,-0.5730198189,0,0,,transition,10,0,-1610,20,652,0
1,105,15,-2.107314589,-0.4523654683,0.8298044982,-1.731179845,-1.173301027,-0.5873029059,0,1,2,task,10,0,-1610,20,652,0
1,105,16,-2.108591198,-0.4864752643,0.9089694041,-1.803509014,-1.191895212,-0.5834752179,0,0,,transition,10,0,-1610,20,652,0
1,105,17,-2.109867807,-0.5205850602,0.98813431,-1.875838184,-1.210489397,-0.57964753,0,1,3,task,10,0,-1610,20,652,0
1,105,18,-2.113720633,-0.5433458027,1.038504703,-1.90993995,-1.220166366,-0.5814699103,0,0,,transition,10,0,-1610,20,652,0
1,105,19,-2.11757346,-0.5661065453,1.088875097,-1.944041715,-1.229843336,-0.5832922907,0,1,4,task,10,0,-1610,20,652,0
1,105,20,-2.126301961,-0.6026927327,1.157129013,-1.963746614,-1.247251243,-0.5892938077,0,1,5,task,30,0,-1610,20,652,0
1,105,21,-2.137682831,-0.6349954589,1.215229901,-1.969048917,-1.25710587,-0.5997362169,0,1,6,task,30,0,-1610,20,652,0
1,105,22,-2.115309045,-0.6616417491,1.253316444,-1.99504138,-1.254533372,-0.5761876376,0,1,7,task,10,0,-1610,20,652,0
1,105,23,-2.103788986,-0.6275745461,1.185131993,-1.971151858,-1.246658365,-0.5653071499,0,1,8,task,30,0,-1610,20,652,0
1,105,24,-2.092723896,-0.5917265962,1.112970344,-1.945121662,-1.239054725,-0.5547886631,0,1,9,task,30,0,-1610,20,652,0
1,105,25,-2.082088249,-0.5537189948,1.036011407,-1.916504229,-1.23170962,-0.5446115975,0,1,10,task,30,0,-1610,20,652,0
1,105,26,-2.065771497,-0.5124543168,0.9361282944,-1.861104566,-1.247267251,-0.5242333046,0,1,11,task,30,0,-1610,20,652,0
1,105,27,-2.059725297,-0.4868096086,0.8777490255,-1.825895658,-1.248474389,-0.5176393055,0,0,,transition,10,0,-1610,20,652,0
1,105,28,-2.053679096,-0.4611649004,0.8193697567,-1.79068675,-1.249681527,-0.5110453064,0,1,12,task,10,0,-1610,20,652,0
1,105,29,-2.013949151,-0.5163028558,0.9134207853,-1.880463587,-1.325558429,-0.4576464503,0,1,13,task,10,0,-1610,20,652,0
1,105,30,-2.019651772,-0.5403817413,0.9686981756,-1.915647441,-1.324207388,-0.4636386249,0,0,,transition,10,0,-1610,20,652,0
1,105,31,-2.025354393,-0.5644606267,1.023975566,-1.950831295,-1.322856348,-0.4696307995,0,1,14,task,10,0,-1610,20,652,0
1,105,32,-2.034432825,-0.6077240016,1.122270941,-2.014122633,-1.330054641,-0.477988352,0,1,15,task,30,0,-1610,20,652,0
1,105,33,-2.044783496,-0.6447775797,1.197966003,-2.045428457,-1.33466802,-0.4882597269,0,1,16,task,30,0,-1610,20,652,0
1,105,34,-2.055595825,-0.6799518537,1.269466304,-2.074415138,-1.339451179,-0.4989597559,0,1,17,task,30,0,-1610,20,652,0
1,105,35,-2.06690014,-0.7135568764,1.337438364,-2.101441342,-1.34441493,-0.5101162041,0,1,18,task,30,0,-1610,20,652,0
1,105,36,-2.041087915,-0.7257706647,1.349453593,-2.107635053,-1.34173467,-0.4837638097,0,1,19,task,10,0,-1610,20,652,0
1,105,37,-2.030745614,-0.6921422007,1.283679766,-2.084691703,-1.335516242,-0.4736855318,0,1,20,task,30,0,-1610,20,652,0
1,105,38,-2.020842041,-0.6570959131,1.214632637,-2.059930838,-1.329504509,-0.4639924091,0,1,21,task,30,0,-1610,20,652,0
1,105,39,-2.011137261,-0.6187097063,1.130435704,-2.013214398,-1.32460395,-0.4545594196,0,1,22,task,30,0,-1610,20,652,0
1,105,40,-2.001313733,-0.5756908205,1.031079224,-1.948790487,-1.321829501,-0.4448722471,0,1,23,task,30,0,-1610,20,652,0
1,105,41,-1.995535103,-0.550486605,0.9715479723,-1.90756834,-1.324385512,-0.4386890654,0,0,,transition,10,0,-1610,20,652,0
1,105,42,-1.989756474,-0.5252823896,0.9120167209,-1.866346193,-1.326941522,-0.4325058836,0,1,24,task,10,0,-1610,20,652,0
1,105,43,-1.952766137,-0.5558709336,0.9597217808,-1.915499947,-1.380102265,-0.3893397929,0,1,25,task,10,0,-1610,20,652,0
1,105,44,-1.957639019,-0.5788299317,1.010046976,-1.94432687,-1.379370527,-0.3943552016,0,0,,transition,10,0,-1610,20,652,0
1,105,45,-1.962511901,-0.6017889298,1.060372171,-1.973153794,-1.378638789,-0.3993706103,0,1,26,task,10,0,-1610,20,652,0
1,105,46,-1.973667643,-0.6214317763,1.113101641,-2.008521576,-1.357235999,-0.4126518376,0,0,,transition,10,0,-1610,20,652,0
1,105,47,-1.984823384,-0.6410746227,1.165831111,-2.043889358,-1.335833209,-0.4259330649,0,1,27,task,10,0,-1610,20,652,0
1,105,48,-1.99731122,-0.676456669,1.243612302,-2.079576543,-1.329585031,-0.4395494874,0,1,28,task,30,0,-1610,20,652,0
1,105,49,-2.008027361,-0.7104158181,1.311780101,-2.10334425,-1.331300544,-0.4506008731,0,1,29,task,30,0,-1610,20,652,0
1,105,50,-2.016900788,-0.743642503,1.371842138,-2.116530905,-1.340672515,-0.4589189898,0,1,30,task,30,0,-1610,20,652,0
1,105,51,-1.990808508,-0.7634758935,1.396008626,-2.126665787,-1.346247488,-0.4314207981,0,1,31,task,10,0,-1610,20,652,0
1,105,52,-1.984356712,-0.7310352219,1.346618287,-2.132243657,-1.330862637,-0.4260022872,0,1,32,task,30,0,-1610,20,652,0
1,105,53,-1.967671996,-0.6984510573,1.270731075,-2.095843135,-1.350590039,-0.4068737284,0,1,33,task,30,0,-1610,20,652,0
1,105,54,-1.951950721,-0.6620370565,1.184246665,-2.04596848,-1.369874745,-0.389186485,0,1,34,task,30,0,-1610,20,652,0
1,105,55,-1.94089363,-0.6214229981,1.094068119,-1.995048591,-1.375632481,-0.3774806733,0,1,35,task,30,0,-1610,20,652,0
1,105,56,-1.931600669,-0.5770555758,0.9974524314,-1.940988577,-1.377000046,-0.3679189474,0,1,36,task,30,0,-1610,20,652,0
1,105,57,-1.915658993,-0.5375202461,0.9088949525,-1.896423143,-1.392306647,-0.3508745788,0,0,,transition,10,0,-1610,20,652,0
1,105,58,-1.899717318,-0.4979849164,0.8203374737,-1.85185771,-1.407613248,-0.3338302102,0,0,,transition,10,0,-1610,20,652,0
1,105,59,-1.883775642,-0.4584495867,0.7317799948,-1.807292276,-1.422919848,-0.3167858416,0,0,,transition,10,0,-1610,20,652,0
1,105,60,-1.867833967,-0.418914257,0.643222516,-1.762726842,-1.438226449,-0.299741473,0,1,37,task,10,0,-1610,20,652,0
1,105,61,-1.871192129,-0.4503036918,0.7095274212,-1.7970389,-1.438450744,-0.3031231457,0,0,,transition,10,0,-1610,20,652,0
1,105,62,-1.874550291,-0.4816931267,0.7758323265,-1.831350957,-1.438675039,-0.3065048184,0,1,38,task,10,0,-1610,20,652,0
1,105,63,-1.878348394,-0.5102484998,0.838587525,-1.868841272,-1.437870021,-0.310359847,0,0,,transition,10,0,-1610,20,652,0
1,105,64,-1.882146497,-0.5388038728,0.9013427236,-1.906331588,-1.437065003,-0.3142148756,0,1,39,task,10,0,-1610,20,652,0
1,105,65,-1.853357699,-0.5137543544,0.8385348083,-1.869292838,-1.441943614,-0.2849750151,0,1,40,task,10,0,-1610,20,652,0
1,105,66,-1.8479432,-0.4849332109,0.7767548567,-1.837938693,-1.450136012,-0.2792367024,0,0,,transition,10,0,-1610,20,652,0
1,105,67,-1.842528701,-0.4561120674,0.7149749052,-1.806584547,-1.458328411,-0.2734983897,0,1,41,task,10,0,-1610,20,652,0
1,105,68,-1.836480835,-0.4196992641,0.6351797139,-1.762738628,-1.469846696,-0.2671021742,0,0,,transition,10,0,-1610,20,652,0
1,105,69,-1.830432968,-0.3832864608,0.5553845226,-1.718892709,-1.481364982,-0.2607059587,0,1,42,task,10,0,-1610,20,652,0
1,105,70,-1.803967457,-0.3624700779,0.5082994607,-1.699389009,-1.490409964,-0.2339435796,0,1,43,task,10,0,-1610,20,652,0
1,105,71,-1.806420733,-0.4017245085,0.5928293904,-1.746760678,-1.491110459,-0.236389658,0,0,,transition,10,0,-1610,20,652,0
1,105,72,-1.808874009,-0.4409789391,0.6773593201,-1.794132347,-1.491810954,-0.2388357364,0,1,44,task,10,0,-1610,20,652,0
1,105,73,-1.812663869,-0.4704720309,0.7386262368,-1.823094388,-1.488033663,-0.2427186334,0,0,,transition,10,0,-1610,20,652,0
1,105,74,-1.816453728,-0.4999651228,0.7998931534,-1.85205643,-1.484256373,-0.2466015305,0,1,45,task,10,0,-1610,20,652,0
1,105,75,-1.817137355,-0.5288801788,0.8632544255,-1.892677172,-1.492224529,-0.2471218526,0,0,,transition,10,0,-1610,20,652,0
1,105,76,-1.817820981,-0.5577952348,0.9266156977,-1.933297914,-1.500192685,-0.2476421746,0,1,46,task,10,0,-1610,20,652,0
1,105,77,-1.783129846,-0.5409895873,0.888283918,-1.919360399,-1.532178213,-0.2124883865,0,1,47,task,10,0,-1610,20,652,0
1,105,78,-1.780286827,-0.5119263601,0.8252880624,-1.882760141,-1.533667244,-0.2096357259,0,0,,transition,10,0,-1610,20,652,0
1,105,79,-1.777443809,-0.4828631328,0.7622922069,-1.846159883,-1.535156275,-0.2067830653,0,1,48,task,10,0,-1610,20,652,0
1,105,80,-1.774781743,-0.4492903221,0.6905056508,-1.806781451,-1.536442333,-0.204110796,0,0,,transition,10,0,-1610,20,652,0
1,105,81,-1.772119677,-0.4157175114,0.6187190947,-1.76740302,-1.537728391,-0.2014385267,0,1,49,task,10,0,-1610,20,652,0
1,105,82,-1.758594925,-0.3919377071,0.5656538456,-1.736003909,-1.542247654,-0.1878816654,0,0,,transition,10,0,-1610,20,652,0
1,105,83,-1.745070172,-0.3681579029,0.5125885964,-1.704604799,-1.546766916,-0.1743248042,0,1,50,task,10,0,-1610,20,652,0
1,105,84,-1.747724591,-0.4070972877,0.5959539686,-1.750339995,-1.544246743,-0.1769935715,0,0,,transition,10,0,-1610,20,652,0
1,105,85,-1.75037901,-0.4460366724,0.6793193407,-1.796075192,-1.54172657,-0.1796623389,0,1,51,task,10,0,-1610,20,652,0
1,105,86,-1.75333151,-0.4779086076,0.748039019,-1.835102325,-1.538569257,-0.1826351386,0,0,,transition,10,0,-1610,20,652,0
1,105,87,-1.75628401,-0.5097805428,0.8167586973,-1.874129457,-1.535411943,-0.1856079383,0,1,52,task,10,0,-1610,20,652,0
1,105,88,-1.758941852,-0.5375969521,0.8775726114,-1.910634119,-1.53380603,-0.1882739219,0,0,,transition,10,0,-1610,20,652,0
1,105,89,-1.761599695,-0.5654133615,0.9383865255,-1.94713878,-1.532200118,-0.1909399055,0,1,53,task,10,0,-1610,20,652,0
1,105,90,-1.736815727,-0.553606624,0.9111789218,-1.931861067,-1.532284135,-0.1661391736,0,1,54,task,10,0,-1610,20,652,0
1,105,91,-1.732963241,-0.5228309726,0.8417687249,-1.886402453,-1.539380356,-0.162250684,0,0,,transition,10,0,-1610,20,652,0
1,105,92,-1.729110756,-0.4920553213,0.7723585281,-1.840943838,-1.546476578,-0.1583621944,0,1,55,task,10,0,-1610,20,652,0
1,105,93,-1.727268481,-0.4595527755,0.7041233201,-1.805115053,-1.546669887,-0.1565185,0,0,,transition,10,0,-1610,20,652,0
1,105,94,-1.725426205,-0.4270502298,0.6358881121,-1.769286268,-1.546863195,-0.1546748056,0,1,56,task,10,0,-1610,20,652,0
1,105,95,-1.689183855,-0.3768958177,0.5390005943,-1.740803039,-1.590651308,-0.1184129057,0,1,57,task,10,0,-1610,20,652,0
1,105,96,-1.690572621,-0.4140076509,0.6179162233,-1.783479058,-1.590491515,-0.1198008792,0,0,,transition,10,0,-1610,20,652,0
1,105,97,-1.691961388,-0.4511194841,0.6968318522,-1.826155076,-1.590331721,-0.1211888526,0,1,58,task,10,0,-1610,20,652,0
1,105,98,-1.693416426,-0.4816780766,0.7614141435,-1.861051392,-1.590166379,-0.122642869,0,0,,transition,10,0,-1610,20,652,0
1,105,99,-1.694871464,-0.512236669,0.8259964348,-1.895947708,-1.590001037,-0.1240968854,0,1,59,task,10,0,-1610,20,652,0
1,105,100,-1.696355015,-0.539491054,0.8847586618,-1.930170069,-1.589979635,-0.1255766465,0,0,,transition,10,0,-1610,20,652,0
1,105,101,-1.697838566,-0.5667454391,0.9435208888,-1.96439243,-1.589958233,-0.1270564076,0,1,60,task,10,0,-1610,20,652,0
1,105,102,-1.686289605,-0.6580231264,1.000546263,-1.9286113,-1.588216575,-0.115505825,0,0,,transition,10,0,-1610,20,652,0
1,105,103,-1.674740645,-0.7493008138,1.057571636,-1.89283017,-1.586474918,-0.1039552425,0,0,,transition,10,0,-1610,20,652,0
1,105,104,-1.663191684,-0.8405785011,1.11459701,-1.85704904,-1.58473326,-0.09240466004,0,0,,transition,10,0,-1610,20,652,0
1,105,105,-1.651642724,-0.9318561885,1.171622384,-1.82126791,-1.582991603,-0.08085407753,0,0,,transition,10,0,-1610,20,652,0
1,105,106,-1.640093763,-1.023133876,1.228647758,-1.78548678,-1.581249945,-0.06930349503,0,0,,transition,10,0,-1610,20,652,0
1,105,107,-1.628544803,-1.114411563,1.285673131,-1.74970565,-1.579508288,-0.05775291252,0,0,,transition,10,0,-1610,20,652,0
1,105,108,-1.616995842,-1.205689251,1.342698505,-1.71392452,-1.57776663,-0.04620233002,0,0,,transition,10,0,-1610,20,652,0
1,105,109,-1.605446882,-1.296966938,1.399723879,-1.67814339,-1.576024973,-0.03465174751,0,0,,transition,10,0,-1610,20,652,0
1,105,110,-1.593897921,-1.388244625,1.456749253,-1.64236226,-1.574283315,-0.02310116501,0,0,,transition,10,0,-1610,20,652,0
1,105,111,-1.582348961,-1.479522313,1.513774626,-1.60658113,-1.572541658,-0.0115505825,0,0,,transition,10,0,-1610,20,652,0
1,105,112,-1.5708,-1.5708,1.5708,-1.5708,-1.5708,0,0,0,,home,10,0,-1610,20,652,0
1,106,1,-1.5708,-1.5708,1.5708,-1.5708,-1.5708,0,0,0,,home,10,0,-1610,20,652,0
1,106,2,-1.635079434,-1.470854974,1.483444184,-1.562318946,-1.548153763,-0.0681214977,0,0,,transition,10,0,-1610,20,652,0
1,106,3,-1.699358867,-1.370909949,1.396088368,-1.553837891,-1.525507526,-0.1362429954,0,0,,transition,10,0,-1610,20,652,0
1,106,4,-1.763638301,-1.270964923,1.308732552,-1.545356837,-1.502861289,-0.2043644931,0,0,,transition,10,0,-1610,20,652,0
1,106,5,-1.827917735,-1.171019897,1.221376736,-1.536875782,-1.480215052,-0.2724859908,0,0,,transition,10,0,-1610,20,652,0
1,106,6,-1.892197168,-1.071074871,1.13402092,-1.528394728,-1.457568815,-0.3406074885,0,0,,transition,10,0,-1610,20,652,0
1,106,7,-1.956476602,-0.9711298457,1.046665104,-1.519913673,-1.434922578,-0.4087289862,0,0,,transition,10,0,-1610,20,652,0
1,106,8,-2.020756036,-0.87118482,0.959309288,-1.511432619,-1.412276341,-0.4768504839,0,0,,transition,10,0,-1610,20,652,0
1,106,9,-2.085035469,-0.7712397943,0.871953472,-1.502951564,-1.389630103,-0.5449719816,0,0,,transition,10,0,-1610,20,652,0
1,106,10,-2.149314903,-0.6712947686,0.784597656,-1.49447051,-1.366983866,-0.6130934793,0,0,,transition,10,0,-1610,20,652,0
1,106,11,-2.213594337,-0.5713497429,0.69724184,-1.485989455,-1.344337629,-0.681214977,0,0,,transition,10,0,-1610,20,652,0
1,106,12,-2.277873771,-0.4714047172,0.609886024,-1.477508401,-1.321691392,-0.7493364747,0,0,,transition,10,0,-1610,20,652,0
1,106,13,-2.342153204,-0.3714596915,0.522530208,-1.469027346,-1.299045155,-0.8174579724,0,0,,transition,10,0,-1610,20,652,0
1,106,14,-2.406432638,-0.2715146658,0.4351743919,-1.460546292,-1.276398918,-0.8855794701,0,1,1,task,10,0,-1610,20,652,0
1,106,15,-2.416755713,-0.3078305078,0.5220776437,-1.514872391,-1.270665011,-0.8984656522,0,0,,transition,10,0,-1610,20,652,0
1,106,16,-2.427078788,-0.3441463498,0.6089808955,-1.569198491,-1.264931104,-0.9113518343,0,1,2,task,10,0,-1610,20,652,0
1,106,17,-2.437751637,-0.3708069801,0.6752821796,-1.612207355,-1.259107333,-0.9246197002,0,0,,transition,10,0,-1610,20,652,0
1,106,18,-2.448424486,-0.3974676104,0.7415834637,-1.655216219,-1.253283562,-0.9378875661,0,1,3,task,10,0,-1610,20,652,0
1,106,19,-2.456462025,-0.4199171502,0.7920415593,-1.685873994,-1.258768444,-0.9445089858,0,0,,transition,10,0,-1610,20,652,0
1,106,20,-2.464499563,-0.44236669,0.8424996548,-1.71653177,-1.264253326,-0.9511304054,0,1,4,task,10,0,-1610,20,652,0
1,106,21,-2.475417906,-0.438669136,0.8490344899,-1.710474219,-1.237470254,-0.973583391,0,1,5,task,30,0,-1610,20,652,0
1,106,22,-2.495693123,-0.4714945582,0.9369899301,-1.761691937,-1.221716996,-1.00234578,0,0,,transition,10,0,-1610,20,652,0
1,106,23,-2.515968341,-0.5043199803,1.02494537,-1.812909655,-1.205963737,-1.03110817,0,0,,transition,10,0,-1610,20,652,0
1,106,24,-2.536243559,-0.5371454025,1.11290081,-1.864127373,-1.190210479,-1.059870559,0,0,,transition,10,0,-1610,20,652,0
1,106,25,-2.556518776,-0.5699708246,1.200856251,-1.915345091,-1.17445722,-1.088632949,0,1,6,task,10,0,-1610,20,652,0
1,106,26,-2.523224434,-0.5614921183,1.137394057,-1.875375468,-1.216392496,-1.033301797,0,1,7,task,30,0,-1610,20,652,0
1,106,27,-2.500045264,-0.5377487555,1.066045576,-1.829270001,-1.223749529,-1.005239267,0,1,8,task,30,0,-1610,20,652,0
1,106,28,-2.457625813,-0.5338541593,1.009078816,-1.816982954,-1.302122274,-0.9303853417,0,1,9,task,10,0,-1610,20,652,0
1,106,29,-2.439789615,-0.5050160675,0.9486197437,-1.800414924,-1.29542668,-0.9124734976,0,1,10,task,30,0,-1610,20,652,0
1,106,30,-2.425339928,-0.4706729984,0.8800091267,-1.775943161,-1.278585566,-0.9012058256,0,1,11,task,30,0,-1610,20,652,0
1,106,31,-2.406920838,-0.4316078631,0.7877619324,-1.725491744,-1.279125947,-0.8813885922,0,1,12,task,30,0,-1610,20,652,0
1,106,32,-2.393848193,-0.3959594733,0.6917123807,-1.647007555,-1.295770352,-0.8638242873,0,0,,transition,10,0,-1610,20,652,0
1,106,33,-2.380775547,-0.3603110835,0.5956628289,-1.568523366,-1.312414757,-0.8462599824,0,1,13,task,10,0,-1610,20,652,0
1,106,34,-2.369964272,-0.3964297675,0.6649531355,-1.628837633,-1.336380492,-0.8291159262,0,0,,transition,10,0,-1610,20,652,0
1,106,35,-2.359152997,-0.4325484515,0.734243442,-1.689151899,-1.360346227,-0.8119718701,0,0,,transition,10,0,-1610,20,652,0
1,106,36,-2.348341722,-0.4686671355,0.8035337485,-1.749466165,-1.384311962,-0.794827814,0,1,14,task,10,0,-1610,20,652,0
1,106,37,-2.364115084,-0.4923777691,0.8758744694,-1.810347742,-1.358265044,-0.8154468363,0,0,,transition,10,0,-1610,20,652,0
1,106,38,-2.379888445,-0.5160884026,0.9482151903,-1.87122932,-1.332218125,-0.8360658587,0,1,15,task,10,0,-1610,20,652,0
1,106,39,-2.402676949,-0.5395079509,1.001087022,-1.871050909,-1.316489646,-0.8648787702,0,1,16,task,10,0,-1610,20,652,0
1,106,40,-2.423414368,-0.5632331256,1.052884625,-1.873800127,-1.310897355,-0.8894476188,0,1,17,task,30,0,-1610,20,652,0
1,106,41,-2.443906833,-0.5858677755,1.101915199,-1.876004994,-1.308854617,-0.9129532889,0,1,18,task,30,0,-1610,20,652,0
1,106,42,-2.466816257,-0.6191001751,1.195458082,-1.956200194,-1.299910142,-0.9379888059,0,1,19,task,30,0,-1610,20,652,0
1,106,43,-2.496651521,-0.6401251038,1.279749114,-2.031321419,-1.269388518,-0.9761750431,0,1,20,task,30,0,-1610,20,652,0
1,106,44,-2.513731222,-0.6552775685,1.320927177,-2.050831738,-1.268853441,-0.9949305453,0,1,21,task,30,0,-1610,20,652,0
1,106,45,-2.486027309,-0.7083834922,1.407491699,-2.135200721,-1.308823811,-0.9504233958,0,1,22,task,10,0,-1610,20,652,0
1,106,46,-2.461497284,-0.6899673581,1.354222908,-2.109717002,-1.317186076,-0.922499294,0,1,23,task,30,0,-1610,20,652,0
1,106,47,-2.429770862,-0.6712141436,1.27811189,-2.047398814,-1.35336784,-0.8831907308,0,1,24,task,30,0,-1610,20,652,0
1,106,48,-2.407509359,-0.644169281,1.208880436,-2.004311453,-1.360501626,-0.8590792271,0,1,25,task,30,0,-1610,20,652,0
1,106,49,-2.390184404,-0.6149437656,1.146895207,-1.977840501,-1.353358861,-0.8422500321,0,1,26,task,30,0,-1610,20,652,0
1,106,50,-2.373451335,-0.5838914562,1.081003702,-1.94938226,-1.346442583,-0.8259516497,0,1,27,task,30,0,-1610,20,652,0
1,106,51,-2.35566944,-0.5487622959,0.9987696738,-1.900371209,-1.345902267,-0.8079055547,0,1,28,task,30,0,-1610,20,652,0
1,106,52,-2.343275142,-0.5248947255,0.9319735245,-1.843878695,-1.359827044,-0.7932192081,0,0,,transition,10,0,-1610,20,652,0
1,106,53,-2.330880845,-0.501027155,0.8651773753,-1.787386181,-1.37375182,-0.7785328614,0,1,29,task,10,0,-1610,20,652,0
1,106,54,-2.316186189,-0.5390195971,0.9384232404,-1.831057253,-1.36381861,-0.7649120764,0,1,30,task,10,0,-1610,20,652,0
1,106,55,-2.326808084,-0.5597910523,0.9922698032,-1.871271317,-1.356444082,-0.776867869,0,0,,transition,10,0,-1610,20,652,0
1,106,56,-2.337429979,-0.5805625075,1.046116366,-1.911485381,-1.349069553,-0.7888236616,0,1,31,task,10,0,-1610,20,652,0
1,106,57,-2.357260515,-0.616158268,1.138844152,-1.980172991,-1.341906203,-0.8098305725,0,1,32,task,30,0,-1610,20,652,0
1,106,58,-2.373335015,-0.6464821063,1.200931122,-2.004192964,-1.351033521,-0.8251586901,0,1,33,task,30,0,-1610,20,652,0
1,106,59,-2.389974594,-0.6752663838,1.25969258,-2.026603179,-1.360422929,-0.8409631725,0,1,34,task,30,0,-1610,20,652,0
1,106,60,-2.413361681,-0.7018428516,1.330321504,-2.073398593,-1.349817365,-0.8667380898,0,1,35,task,30,0,-1610,20,652,0
1,106,61,-2.438903401,-0.7237680349,1.396730214,-2.118761384,-1.335059281,-0.8956919965,0,1,36,task,30,0,-1610,20,652,0
1,106,62,-2.467071124,-0.7416591717,1.458350335,-2.160043583,-1.31515865,-0.9288499554,0,1,37,task,30,0,-1610,20,652,0
1,106,63,-2.470434104,-0.7399599683,1.459586253,-2.159880271,-1.30676176,-0.9344167,0,1,38,task,30,0,-1610,20,652,0
1,106,64,-2.443032951,-0.7815591271,1.53348602,-2.235763472,-1.337504069,-0.896043918,0,1,39,task,10,0,-1610,20,652,0
1,106,65,-2.422101934,-0.7590761739,1.474057455,-2.195564983,-1.334210801,-0.8756461135,0,1,40,task,30,0,-1610,20,652,0
1,106,66,-2.397470896,-0.7330594572,1.383115624,-2.099139841,-1.346804947,-0.8507259985,0,1,41,task,30,0,-1610,20,652,0
1,106,67,-2.374580297,-0.7068960044,1.315412385,-2.055972257,-1.355307576,-0.8258018556,0,1,42,task,30,0,-1610,20,652,0
1,106,68,-2.356938288,-0.6785140503,1.255399934,-2.030187389,-1.349249217,-0.8084496755,0,1,43,task,30,0,-1610,20,652,0
1,106,69,-2.339317649,-0.6511326121,1.199171894,-2.014725945,-1.345425502,-0.7902653677,0,1,44,task,30,0,-1610,20,652,0
1,106,70,-2.313785987,-0.6258010845,1.131312773,-1.985174519,-1.371728475,-0.7593518552,0,1,45,task,10,0,-1610,20,652,0
1,106,71,-2.302973725,-0.6067237904,1.08117902,-1.947249419,-1.379921052,-0.7474200334,0,0,,transition,10,0,-1610,20,652,0
1,106,72,-2.292161464,-0.5876464964,1.031045268,-1.909324319,-1.388113629,-0.7354882117,0,1,46,task,10,0,-1610,20,652,0
1,106,73,-2.274263765,-0.5465404969,0.9394429181,-1.86503134,-1.39678333,-0.7162843735,0,0,,transition,10,0,-1610,20,652,0
1,106,74,-2.256366066,-0.5054344974,0.8478405685,-1.820738361,-1.40545303,-0.6970805354,0,0,,transition,10,0,-1610,20,652,0
1,106,75,-2.238468368,-0.4643284979,0.7562382188,-1.776445383,-1.414122731,-0.6778766972,0,0,,transition,10,0,-1610,20,652,0
1,106,76,-2.220570669,-0.4232224984,0.6646358692,-1.732152404,-1.422792431,-0.6586728591,0,0,,transition,10,0,-1610,20,652,0
1,106,77,-2.202672971,-0.3821164989,0.5730335196,-1.687859425,-1.431462132,-0.6394690209,0,0,,transition,10,0,-1610,20,652,0
1,106,78,-2.184775272,-0.3410104995,0.4814311699,-1.643566447,-1.440131832,-0.6202651828,0,0,,transition,10,0,-1610,20,652,0
1,106,79,-2.166877573,-0.2999045,0.3898288203,-1.599273468,-1.448801533,-0.6010613447,0,1,47,task,10,0,-1610,20,652,0
1,106,80,-2.173522002,-0.3429148432,0.4838389891,-1.652044813,-1.447793754,-0.6078222336,0,0,,transition,10,0,-1610,20,652,0
1,106,81,-2.180166431,-0.3859251865,0.5778491578,-1.704816157,-1.446785974,-0.6145831226,0,1,48,task,10,0,-1610,20,652,0
1,106,82,-2.186853992,-0.4171559879,0.6452500838,-1.74115439,-1.446618402,-0.6213403335,0,0,,transition,10,0,-1610,20,652,0
1,106,83,-2.193541553,-0.4483867892,0.7126510098,-1.777492624,-1.44645083,-0.6280975444,0,1,49,task,10,0,-1610,20,652,0
1,106,84,-2.20233321,-0.472748237,0.7659104116,-1.802858981,-1.439617209,-0.6376159021,0,0,,transition,10,0,-1610,20,652,0
1,106,85,-2.211124867,-0.4971096849,0.8191698134,-1.828225337,-1.432783589,-0.6471342597,0,1,50,task,10,0,-1610,20,652,0
1,106,86,-2.234826705,-0.5328472269,0.8990839125,-1.850087927,-1.39987182,-0.6750769505,0,1,51,task,10,0,-1610,20,652,0
1,106,87,-2.252116143,-0.5732736091,0.9886947881,-1.895310135,-1.392795009,-0.693642534,0,1,52,task,30,0,-1610,20,652,0
1,106,88,-2.266507029,-0.614297203,1.079548592,-1.951526595,-1.3981166,-0.7074359909,0,1,53,task,30,0,-1610,20,652,0
1,106,89,-2.280476987,-0.6531901561,1.166085002,-2.00877613,-1.406868661,-0.7202672964,0,1,54,task,30,0,-1610,20,652,0
1,106,90,-2.299842602,-0.6863609945,1.2472421,-2.062881254,-1.399692717,-0.7404942096,0,1,55,task,30,0,-1610,20,652,0
1,106,91,-2.319867433,-0.7148402972,1.313635771,-2.096640458,-1.393296074,-0.7617538329,0,1,56,task,30,0,-1610,20,652,0
1,106,92,-2.347107643,-0.7361175791,1.369352788,-2.11347054,-1.366886729,-0.7939952511,0,1,57,task,10,0,-1610,20,652,0
1,106,93,-2.366463332,-0.7645928331,1.442879352,-2.170711697,-1.368168261,-0.8127329,0,1,58,task,30,0,-1610,20,652,0
1,106,94,-2.391400966,-0.7867281559,1.509091662,-2.218546805,-1.354911357,-0.8397280923,0,1,59,task,30,0,-1610,20,652,0
1,106,95,-2.371803673,-0.8236832992,1.570045482,-2.254029442,-1.373546279,-0.8163333024,0,1,60,task,10,0,-1610,20,652,0
1,106,96,-2.342894783,-0.805741142,1.518708662,-2.235645083,-1.397595481,-0.7831723708,0,1,61,task,30,0,-1610,20,652,0
1,106,97,-2.31433678,-0.7856707273,1.462398714,-2.211000377,-1.424496933,-0.7510383796,0,1,62,task,30,0,-1610,20,652,0
1,106,98,-2.29452987,-0.7583788487,1.397536617,-2.172091283,-1.427777965,-0.7308750992,0,1,63,task,30,0,-1610,20,652,0
1,106,99,-2.27497763,-0.7291501312,1.326552622,-2.126260603,-1.433099924,-0.7108912673,0,1,64,task,30,0,-1610,20,652,0
1,106,100,-2.256992918,-0.697719973,1.254290296,-2.08321211,-1.435946791,-0.6926103584,0,1,65,task,30,0,-1610,20,652,0
1,106,101,-2.239779308,-0.6639788237,1.177207803,-2.037090592,-1.438790758,-0.6751120547,0,1,66,task,30,0,-1610,20,652,0
1,106,102,-2.223476299,-0.6275160952,1.095551656,-1.98942203,-1.440971151,-0.6585649975,0,1,67,task,30,0,-1610,20,652,0
1,106,103,-2.208169506,-0.5883770896,1.009679222,-1.941639233,-1.442014721,-0.6430724691,0,1,68,task,30,0,-1610,20,652,0
1,106,104,-2.193525233,-0.5454978949,0.9164133316,-1.890358275,-1.442927588,-0.6282514657,0,1,69,task,30,0,-1610,20,652,0
1,106,105,-2.186130627,-0.5204100971,0.8601596818,-1.856103944,-1.444762408,-0.6207005361,0,0,,transition,10,0,-1610,20,652,0
1,106,106,-2.178736021,-0.4953222993,0.8039060319,-1.821849612,-1.446597228,-0.6131496065,0,1,70,task,10,0,-1610,20,652,0
1,106,107,-2.172042219,-0.4676125424,0.7440992834,-1.789299471,-1.446887894,-0.6063796164,0,0,,transition,10,0,-1610,20,652,0
1,106,108,-2.165348416,-0.4399027854,0.6842925349,-1.756749329,-1.447178559,-0.5996096262,0,1,71,task,10,0,-1610,20,652,0
1,106,109,-2.158719086,-0.405129911,0.6082553077,-1.713624893,-1.448238063,-0.5928586502,0,0,,transition,10,0,-1610,20,652,0
1,106,110,-2.152089755,-0.3703570366,0.5322180806,-1.670500457,-1.449297568,-0.5861076741,0,1,72,task,10,0,-1610,20,652,0
1,106,111,-2.14800696,-0.3390196037,0.4645953116,-1.634115631,-1.449355332,-0.5819838842,0,0,,transition,30,0,-1610,20,652,0
1,106,112,-2.143924165,-0.3076821707,0.3969725427,-1.597730804,-1.449413097,-0.5778600943,0,0,,transition,10,0,-1610,20,652,0
1,106,113,-2.13984137,-0.2763447377,0.3293497738,-1.561345978,-1.449470862,-0.5737363044,0,1,73,task,10,0,-1610,20,652,0
1,106,114,-2.131072128,-0.3173682464,0.4166759875,-1.620063986,-1.467373453,-0.5638470431,0,0,,transition,10,0,-1610,20,652,0
1,106,115,-2.122302887,-0.3583917551,0.5040022012,-1.678781994,-1.485276044,-0.5539577817,0,0,,transition,10,0,-1610,20,652,0
1,106,116,-2.113533645,-0.3994152637,0.5913284149,-1.737500002,-1.503178634,-0.5440685203,0,1,74,task,10,0,-1610,20,652,0
1,106,117,-2.120286673,-0.4319087931,0.6625670487,-1.778198902,-1.500237365,-0.5509322302,0,0,,transition,10,0,-1610,20,652,0
1,106,118,-2.127039701,-0.4644023225,0.7338056825,-1.818897801,-1.497296096,-0.5577959402,0,1,75,task,10,0,-1610,20,652,0
1,106,119,-2.142197608,-0.5117584183,0.8315570846,-1.857738912,-1.487545667,-0.5735417634,0,1,76,task,30,0,-1610,20,652,0
1,106,120,-2.147185838,-0.5388864583,0.8925107255,-1.90043778,-1.492958609,-0.5782034486,0,0,,transition,10,0,-1610,20,652,0
1,106,121,-2.152174068,-0.5660144983,0.9534643663,-1.943136648,-1.498371552,-0.5828651339,0,1,77,task,10,0,-1610,20,652,0
1,106,122,-2.167569496,-0.6064186295,1.039166118,-1.984002371,-1.491943466,-0.5986236341,0,1,78,task,30,0,-1610,20,652,0
1,106,123,-2.186475584,-0.6429500647,1.119843295,-2.022823853,-1.475834829,-0.6184589803,0,1,79,task,30,0,-1610,20,652,0
1,106,124,-2.201671588,-0.6792640506,1.198999934,-2.066682733,-1.474880258,-0.6337389958,0,1,80,task,30,0,-1610,20,652,0
1,106,125,-2.218389499,-0.7149969778,1.285399068,-2.129540832,-1.470993826,-0.6503911008,0,1,81,task,30,0,-1610,20,652,0
1,106,126,-2.232598818,-0.7460917736,1.345940491,-2.15176919,-1.477913012,-0.6644799603,0,1,82,task,30,0,-1610,20,652,0
1,106,127,-2.254695338,-0.775801969,1.424674799,-2.211067115,-1.461862864,-0.6871734827,0,1,83,task,30,0,-1610,20,652,0
1,106,128,-2.279960066,-0.7986652298,1.473349359,-2.215701987,-1.439875444,-0.7148654616,0,1,84,task,10,0,-1610,20,652,0
1,106,129,-2.306299257,-0.8219458735,1.539294905,-2.258673632,-1.417667659,-0.7432030673,0,1,85,task,30,0,-1610,20,652,0
1,106,130,-2.326662306,-0.8464516499,1.596387109,-2.289026133,-1.416871362,-0.7638774117,0,1,86,task,30,0,-1610,20,652,0
1,106,131,-2.30003668,-0.8879589161,1.673106055,-2.352492521,-1.459644816,-0.7324883773,0,1,87,task,10,0,-1610,20,652,0
1,106,132,-2.279575794,-0.8635658475,1.6204535,-2.329798469,-1.460676874,-0.7116859708,0,1,88,task,30,0,-1610,20,652,0
1,106,133,-2.252861755,-0.8412811561,1.562000242,-2.299266495,-1.483376383,-0.6836569778,0,1,89,task,30,0,-1610,20,652,0
1,106,134,-2.239662061,-0.811397454,1.496469108,-2.255161718,-1.468898146,-0.6714282001,0,1,90,task,30,0,-1610,20,652,0
1,106,135,-2.21623607,-0.7847776431,1.430006995,-2.216199112,-1.488130234,-0.6470824416,0,1,91,task,30,0,-1610,20,652,0
1,106,136,-2.187953986,-0.7596536838,1.371646625,-2.198686881,-1.526005869,-0.6173365104,0,1,92,task,10,0,-1610,20,652,0
1,106,137,-2.170692779,-0.7276869503,1.300317527,-2.157979165,-1.532363131,-0.6000165471,0,1,93,task,30,0,-1610,20,652,0
1,106,138,-2.154503127,-0.6937935903,1.226291907,-2.117323597,-1.53771241,-0.5837757887,0,1,94,task,30,0,-1610,20,652,0
1,106,139,-2.139815938,-0.6572551573,1.146931443,-2.072663125,-1.540386203,-0.5690916895,0,1,95,task,30,0,-1610,20,652,0
1,106,140,-2.127008402,-0.617738315,1.062219986,-2.025037423,-1.538734749,-0.5563375089,0,1,96,task,30,0,-1610,20,652,0
1,106,141,-2.114710905,-0.5749379763,0.9704781339,-1.973633623,-1.537210195,-0.5440904727,0,1,97,task,30,0,-1610,20,652,0
1,106,142,-2.109010159,-0.5507237036,0.9177510044,-1.942209462,-1.535766867,-0.5384418828,0,0,,transition,10,0,-1610,20,652,0
1,106,143,-2.103309413,-0.5265094308,0.865023875,-1.910785302,-1.534323538,-0.5327932928,0,1,98,task,10,0,-1610,20,652,0
1,106,144,-2.097653866,-0.4991836932,0.8057928286,-1.87640693,-1.533578419,-0.5271700962,0,0,,transition,10,0,-1610,20,652,0
1,106,145,-2.09199832,-0.4718579557,0.7465617823,-1.842028558,-1.532833299,-0.5215468995,0,1,99,task,10,0,-1610,20,652,0
1,106,146,-2.08637376,-0.4394879872,0.6763683441,-1.801850927,-1.532837469,-0.5159350365,0,0,,transition,10,0,-1610,20,652,0
1,106,147,-2.0807492,-0.4071180187,0.6061749059,-1.761673296,-1.53284164,-0.5103231736,0,1,100,task,10,0,-1610,20,652,0
1,106,148,-2.072785204,-0.4344973927,0.6654943494,-1.797821309,-1.533131303,-0.5023206422,0,0,,transition,10,0,-1610,20,652,0
1,106,149,-2.064821209,-0.4618767667,0.7248137929,-1.833969323,-1.533420967,-0.4943181109,0,1,101,task,10,0,-1610,20,652,0
1,106,150,-2.069780723,-0.4908791913,0.7885384214,-1.87305949,-1.535581453,-0.499205205,0,0,,transition,10,0,-1610,20,652,0
1,106,151,-2.074740238,-0.5198816159,0.8522630499,-1.912149658,-1.537741939,-0.5040922991,0,1,102,task,10,0,-1610,20,652,0
1,106,152,-2.080209243,-0.5441922132,0.904639723,-1.941910014,-1.538863043,-0.5095280599,0,0,,transition,10,0,-1610,20,652,0
1,106,153,-2.085678249,-0.5685028104,0.9570163961,-1.971670371,-1.539984146,-0.5149638208,0,1,103,task,10,0,-1610,20,652,0
1,106,154,-2.097638677,-0.6115746378,1.048528019,-2.020448308,-1.540362162,-0.526914428,0,1,104,task,30,0,-1610,20,652,0
1,106,155,-2.110144204,-0.651414608,1.133028226,-2.065441003,-1.540720501,-0.5394099384,0,1,105,task,30,0,-1610,20,652,0
1,106,156,-2.123230264,-0.6886893381,1.211970672,-2.107434753,-1.54105793,-0.5524857763,0,1,106,task,30,0,-1610,20,652,0
1,106,157,-2.136935141,-0.7238615484,1.286363872,-2.146974513,-1.541373123,-0.5661802135,0,1,107,task,30,0,-1610,20,652,0
1,106,158,-2.153154735,-0.7569164025,1.358449511,-2.186763333,-1.535749674,-0.5824431732,0,1,108,task,30,0,-1610,20,652,0
1,106,159,-2.171351091,-0.7880319478,1.429333981,-2.228789292,-1.526394578,-0.6007162851,0,1,109,task,30,0,-1610,20,652,0
1,106,160,-2.189258573,-0.8177014212,1.497334722,-2.270142255,-1.520616695,-0.618636256,0,1,110,task,30,0,-1610,20,652,0
1,106,161,-2.207604191,-0.8460277034,1.564782108,-2.314952677,-1.516138176,-0.6368804184,0,1,111,task,30,0,-1610,20,652,0
1,106,162,-2.22585271,-0.872970819,1.627460223,-2.354212482,-1.514665512,-0.6550163468,0,1,112,task,30,0,-1610,20,652,0
1,106,163,-2.242834621,-0.8992927783,1.693573526,-2.405685522,-1.519241307,-0.6714764455,0,1,113,task,30,0,-1610,20,652,0
1,106,164,-2.231368144,-0.9315751415,1.761895067,-2.44214112,-1.520491211,-0.6600040604,0,1,114,task,10,0,-1610,20,652,0
1,106,165,-2.213166664,-0.9064662753,1.706084336,-2.411375387,-1.518256439,-0.6418614088,0,1,115,task,30,0,-1610,20,652,0
1,106,166,-2.195708108,-0.8806231125,1.647555906,-2.377561493,-1.51661319,-0.6244969496,0,1,116,task,30,0,-1610,20,652,0
1,106,167,-2.178488904,-0.853210124,1.576403433,-2.320428492,-1.517087712,-0.6077454654,0,1,117,task,30,0,-1610,20,652,0
1,106,168,-2.159344106,-0.8246496649,1.505017185,-2.268826977,-1.525807731,-0.5887016716,0,1,118,task,30,0,-1610,20,652,0
1,106,169,-2.138814334,-0.7949612675,1.434139221,-2.223938402,-1.54158047,-0.5680528117,0,1,119,task,30,0,-1610,20,652,0
1,106,170,-2.124255122,-0.7628671966,1.36665202,-2.188554745,-1.541496885,-0.5534975002,0,1,120,task,30,0,-1610,20,652,0
1,106,171,-2.110386576,-0.7292904182,1.295948904,-2.151423062,-1.541397792,-0.5396328716,0,1,121,task,30,0,-1610,20,652,0
1,106,172,-2.09716382,-0.6939821862,1.221489346,-2.112252851,-1.541283961,-0.526414037,0,1,122,task,30,0,-1610,20,652,0
1,106,173,-2.084545484,-0.6566123932,1.142555387,-2.070657411,-1.541156128,-0.5137996168,0,1,123,task,30,0,-1610,20,652,0
1,106,174,-2.072493402,-0.616728112,1.058161055,-2.026104738,-1.541014996,-0.50175144,0,1,124,task,30,0,-1610,20,652,0
1,106,175,-2.060972345,-0.5736799138,0.9668913082,-1.977830154,-1.540861234,-0.490234269,0,1,125,task,30,0,-1610,20,652,0
1,106,176,-2.055461053,-0.5500793867,0.9167402958,-1.951248369,-1.540778357,-0.4847249083,0,0,,transition,10,0,-1610,20,652,0
1,106,177,-2.049949761,-0.5264788596,0.8665892833,-1.924666584,-1.540695479,-0.4792155477,0,1,126,task,10,0,-1610,20,652,0
1,106,178,-2.044672655,-0.4999807477,0.8101294119,-1.894669126,-1.540606906,-0.4739403598,0,0,,transition,10,0,-1610,20,652,0
1,106,179,-2.039395549,-0.4734826358,0.7536695405,-1.864671668,-1.540518333,-0.4686651718,0,1,127,task,10,0,-1610,20,652,0
1,106,180,-2.010069062,-0.5114577844,0.8380760888,-1.93021047,-1.579984155,-0.4391401197,0,1,128,task,10,0,-1610,20,652,0
1,106,181,-2.015531615,-0.5357569269,0.8894692947,-1.956699498,-1.578499526,-0.4445954634,0,0,,transition,10,0,-1610,20,652,0
1,106,182,-2.020994168,-0.5600560695,0.9408625005,-1.983188526,-1.577014896,-0.4500508071,0,1,129,task,10,0,-1610,20,652,0
1,106,183,-2.032409164,-0.604193513,1.033910277,-2.030829841,-1.574058492,-0.4614549518,0,1,130,task,30,0,-1610,20,652,0
1,106,184,-2.044345749,-0.6449809195,1.119639488,-2.07443984,-1.57111696,-0.4733845182,0,1,131,task,30,0,-1610,20,652,0
1,106,185,-2.056838207,-0.683134956,1.199608509,-2.114856092,-1.568192606,-0.4858740757,0,1,132,task,30,0,-1610,20,652,0
1,106,186,-2.069923649,-0.7191495049,1.274888765,-2.152651687,-1.565288062,-0.4989610405,0,1,133,task,30,0,-1610,20,652,0
1,106,187,-2.083642276,-0.7533816393,1.346252632,-2.188237139,-1.562406338,-0.5126859387,0,1,134,task,30,0,-1610,20,652,0
1,106,188,-2.099282856,-0.7856214974,1.41353945,-2.220155366,-1.555673234,-0.5283573878,0,1,135,task,30,0,-1610,20,652,0
1,106,189,-2.115779333,-0.8164991496,1.477854249,-2.25014017,-1.54877071,-0.5449158988,0,1,136,task,30,0,-1610,20,652,0
1,106,190,-2.133103841,-0.8462038352,1.539582495,-2.278466754,-1.541967575,-0.5623353198,0,1,137,task,30,0,-1610,20,652,0
1,106,191,-2.157141311,-0.873652581,1.628608841,-2.367397139,-1.517878152,-0.5859196829,0,1,138,task,30,0,-1610,20,652,0
1,106,192,-2.173806255,-0.9001639221,1.688066946,-2.400620166,-1.51860351,-0.6025357674,0,1,139,task,30,0,-1610,20,652,0
1,106,193,-2.191411975,-0.9257283906,1.745744686,-2.432996768,-1.519264834,-0.6200915256,0,1,140,task,30,0,-1610,20,652,0
1,106,194,-2.157018721,-0.8852498182,1.6538445,-2.381475364,-1.533651518,-0.5857558429,0,0,,transition,10,0,-1610,20,652,0
1,106,195,-2.122625467,-0.8447712458,1.561944314,-2.329953959,-1.548038202,-0.5514201602,0,0,,transition,10,0,-1610,20,652,0
1,106,196,-2.088232212,-0.8042926735,1.470044129,-2.278432555,-1.562424886,-0.5170844775,0,0,,transition,10,0,-1610,20,652,0
1,106,197,-2.053838958,-0.7638141011,1.378143943,-2.226911151,-1.57681157,-0.4827487948,0,1,141,task,10,0,-1610,20,652,0
1,106,198,-2.041311869,-0.7294478979,1.304593059,-2.185980567,-1.577848487,-0.4702633218,0,1,142,task,30,0,-1610,20,652,0
1,106,199,-2.029397411,-0.6932473179,1.227126922,-2.142954854,-1.578819083,-0.4583868312,0,1,143,task,30,0,-1610,20,652,0
1,106,200,-2.018053499,-0.6548515068,1.144956168,-2.09740763,-1.579727837,-0.4470774823,0,1,144,task,30,0,-1610,20,652,0
1,106,201,-2.007241644,-0.6137603572,1.056987935,-2.048747981,-1.580578868,-0.4362970166,0,1,145,task,30,0,-1610,20,652,0
1,106,202,-1.9968908,-0.5690880475,0.9608985118,-1.995000323,-1.581508613,-0.4259815229,0,1,146,task,30,0,-1610,20,652,0
1,106,203,-1.991801194,-0.54352113,0.9041963565,-1.960309626,-1.582502902,-0.4209322842,0,0,,transition,10,0,-1610,20,652,0
1,106,204,-1.986711589,-0.5179542126,0.8474942011,-1.92561893,-1.583497192,-0.4158830454,0,1,147,task,10,0,-1610,20,652,0
1,106,205,-1.981858788,-0.4884735254,0.7824082325,-1.886443249,-1.584414902,-0.4110581011,0,0,,transition,10,0,-1610,20,652,0
1,106,206,-1.977005986,-0.4589928382,0.717322264,-1.847267568,-1.585332611,-0.4062331568,0,1,148,task,10,0,-1610,20,652,0
1,106,207,-1.972447822,-0.4244969666,0.6436567307,-1.806869339,-1.585888132,-0.4016833532,0,0,,transition,10,0,-1610,20,652,0
1,106,208,-1.967889658,-0.390001095,0.5699911973,-1.766471111,-1.586443653,-0.3971335496,0,1,149,task,10,0,-1610,20,652,0
1,106,209,-1.963532858,-0.3436122238,0.470553947,-1.712434442,-1.5869465,-0.3927827073,0,0,,transition,10,0,-1610,20,652,0
1,106,210,-1.959176057,-0.2972233527,0.3711166967,-1.658397774,-1.587449346,-0.3884318651,0,1,150,task,10,0,-1610,20,652,0
1,106,211,-1.949780668,-0.2515273922,0.2720120339,-1.603828227,-1.588015638,-0.379040883,0,0,,transition,10,0,-1610,20,652,0
1,106,212,-1.940385279,-0.2058314316,0.1729073711,-1.54925868,-1.588581929,-0.3696499008,0,0,,transition,10,0,-1610,20,652,0
1,106,213,-1.93098989,-0.160135471,0.07380270838,-1.494689133,-1.589148221,-0.3602589187,0,1,151,task,10,0,-1610,20,652,0
1,106,214,-1.93299912,-0.2024495449,0.1654737593,-1.544653453,-1.58887179,-0.3622655768,0,0,,transition,30,0,-1610,20,652,0
1,106,215,-1.935008351,-0.2447636188,0.2571448102,-1.594617773,-1.58859536,-0.3642722348,0,0,,transition,30,0,-1610,20,652,0
1,106,216,-1.937017582,-0.2870776927,0.3488158611,-1.644582093,-1.588318929,-0.3662788929,0,0,,transition,10,0,-1610,20,652,0
1,106,217,-1.939026813,-0.3293917666,0.440486912,-1.694546412,-1.588042498,-0.3682855509,0,1,152,task,10,0,-1610,20,652,0
1,106,218,-1.943223056,-0.3712000015,0.5300257688,-1.743485899,-1.58746802,-0.3724752625,0,0,,transition,10,0,-1610,20,652,0
1,106,219,-1.9474193,-0.4130082364,0.6195646256,-1.792425386,-1.586893542,-0.3766649741,0,1,153,task,10,0,-1610,20,652,0
1,106,220,-1.951801784,-0.4456038527,0.6891869144,-1.830800575,-1.586307018,-0.3810389485,0,0,,transition,10,0,-1610,20,652,0
1,106,221,-1.956184268,-0.4781994691,0.7588092031,-1.869175764,-1.585720494,-0.3854129229,0,1,154,task,10,0,-1610,20,652,0
1,106,222,-1.960750459,-0.5060060419,0.8194040795,-1.904230742,-1.585167554,-0.3899640454,0,0,,transition,10,0,-1610,20,652,0
1,106,223,-1.965316649,-0.5338126148,0.8799989558,-1.93928572,-1.584614614,-0.394515168,0,1,155,task,10,0,-1610,20,652,0
1,106,224,-1.970103115,-0.5583526225,0.9335618087,-1.970568414,-1.584014872,-0.3992815758,0,0,,transition,10,0,-1610,20,652,0
1,106,225,-1.974889581,-0.5828926303,0.9871246616,-2.001851109,-1.58341513,-0.4040479837,0,1,156,task,10,0,-1610,20,652,0
1,106,226,-1.98493472,-0.627349206,1.084367314,-2.059140741,-1.582115411,-0.4140423022,0,1,157,task,30,0,-1610,20,652,0
1,106,227,-1.995386961,-0.668088719,1.172478628,-2.109517378,-1.581060712,-0.4244526301,0,1,158,task,30,0,-1610,20,652,0
1,106,228,-2.006305369,-0.7060904672,1.253987591,-2.155122935,-1.580147775,-0.4353362126,0,1,159,task,30,0,-1610,20,652,0
1,106,229,-2.017785234,-0.7419924196,1.331013278,-2.198333612,-1.579168657,-0.4467773015,0,1,160,task,30,0,-1610,20,652,0
1,106,230,-2.029869253,-0.7761308919,1.40429272,-2.239547987,-1.578118396,-0.4588182954,0,1,161,task,30,0,-1610,20,652,0
1,106,231,-2.005111459,-0.7868291923,1.426656329,-2.249471326,-1.579537364,-0.4341054081,0,1,162,task,10,0,-1610,20,652,0
1,106,232,-1.993514072,-0.7528272401,1.353352619,-2.207631157,-1.580612179,-0.4225527505,0,1,163,task,30,0,-1610,20,652,0
1,106,233,-1.982509348,-0.7171054453,1.2764196,-2.16386852,-1.581609151,-0.4115875821,0,1,164,task,30,0,-1610,20,652,0
1,106,234,-1.972028759,-0.6793232547,1.194566783,-2.116736155,-1.582625329,-0.4011472343,0,1,165,task,30,0,-1610,20,652,0
1,106,235,-1.962050919,-0.6389892565,1.107033602,-2.066216602,-1.583606886,-0.3912060876,0,1,166,task,30,0,-1610,20,652,0
1,106,236,-1.952553215,-0.5954608647,1.012687765,-2.012069067,-1.584511613,-0.3817389105,0,1,167,task,30,0,-1610,20,652,0
1,106,237,-1.948027908,-0.5716141271,0.9610457844,-1.982604782,-1.584928191,-0.3772260028,0,0,,transition,10,0,-1610,20,652,0
1,106,238,-1.943502601,-0.5477673894,0.909403804,-1.953140496,-1.585344769,-0.372713095,0,1,168,task,10,0,-1610,20,652,0
1,106,239,-1.939185763,-0.5210401969,0.8515472384,-1.92033882,-1.585727965,-0.3684059919,0,0,,transition,10,0,-1610,20,652,0
1,106,240,-1.934868926,-0.4943130044,0.7936906728,-1.887537144,-1.586111162,-0.3640988889,0,1,169,task,10,0,-1610,20,652,0
1,106,241,-1.93066431,-0.4630145246,0.726740109,-1.85031223,-1.586769942,-0.3599034066,0,0,,transition,10,0,-1610,20,652,0
1,106,242,-1.926459695,-0.4317160448,0.6597895451,-1.813087316,-1.587428722,-0.3557079243,0,1,170,task,10,0,-1610,20,652,0
1,106,243,-1.922424936,-0.3926260304,0.5759905617,-1.766817554,-1.588118602,-0.351680471,0,0,,transition,10,0,-1610,20,652,0
1,106,244,-1.918390177,-0.3535360159,0.4921915783,-1.720547791,-1.588808482,-0.3476530177,0,1,171,task,10,0,-1610,20,652,0
1,106,245,-1.915816525,-0.3122694588,0.4030523963,-1.671629781,-1.589250968,-0.345082871,0,0,,transition,30,0,-1610,20,652,0
1,106,246,-1.913242874,-0.2710029017,0.3139132143,-1.62271177,-1.589693454,-0.3425127243,0,0,,transition,10,0,-1610,20,652,0
1,106,247,-1.910669222,-0.2297363446,0.2247740323,-1.573793759,-1.59013594,-0.3399425776,0,1,172,task,10,0,-1610,20,652,0
1,106,248,-1.905883442,-0.2733618363,0.3186511404,-1.62401265,-1.590149431,-0.335155861,0,0,,transition,10,0,-1610,20,652,0
1,106,249,-1.901097661,-0.3169873279,0.4125282486,-1.67423154,-1.590162922,-0.3303691444,0,0,,transition,10,0,-1610,20,652,0
1,106,250,-1.896311881,-0.3606128195,0.5064053567,-1.724450431,-1.590176413,-0.3255824278,0,1,173,task,10,0,-1610,20,652,0
1,106,251,-1.90017741,-0.3994822838,0.5901013398,-1.771489211,-1.589276137,-0.3294401591,0,0,,transition,10,0,-1610,20,652,0
1,106,252,-1.904042939,-0.438351748,0.6737973229,-1.818527992,-1.58837586,-0.3332978904,0,1,174,task,10,0,-1610,20,652,0
1,106,253,-1.908082069,-0.4695956271,0.7408895007,-1.856537001,-1.58747103,-0.3373257706,0,0,,transition,10,0,-1610,20,652,0
1,106,254,-1.912121198,-0.5008395061,0.8079816786,-1.89454601,-1.586566199,-0.3413536508,0,1,175,task,10,0,-1610,20,652,0
1,106,255,-1.916170157,-0.5271934577,0.8647969005,-1.926338517,-1.586286184,-0.3453959889,0,0,,transition,10,0,-1610,20,652,0
1,106,256,-1.920219115,-0.5535474093,0.9216121223,-1.958131023,-1.586006169,-0.349438327,0,1,176,task,10,0,-1610,20,652,0
1,106,257,-1.924464073,-0.5771677892,0.9725189062,-1.986747436,-1.585700772,-0.3536750394,0,0,,transition,10,0,-1610,20,652,0
1,106,258,-1.928709031,-0.6007881691,1.02342569,-2.015363848,-1.585395374,-0.3579117519,0,1,177,task,10,0,-1610,20,652,0
1,106,259,-1.937619506,-0.6440463602,1.116668071,-2.068004709,-1.584730099,-0.3668022346,0,1,178,task,30,0,-1610,20,652,0
1,106,260,-1.946981879,-0.6842372504,1.203341283,-2.117139305,-1.584006276,-0.3761408377,0,1,179,task,30,0,-1610,20,652,0
1,106,261,-1.956830601,-0.7219714652,1.284782689,-2.163493135,-1.58321944,-0.3859617107,0,1,180,task,30,0,-1610,20,652,0
1,106,262,-1.967203623,-0.7576796571,1.361937647,-2.207579438,-1.582364685,-0.3963024724,0,1,181,task,30,0,-1610,20,652,0
1,106,263,-1.978195885,-0.7918291912,1.436018963,-2.250707519,-1.581271254,-0.407249781,0,1,182,task,30,0,-1610,20,652,0
1,106,264,-1.954056201,-0.8056218173,1.463390967,-2.260697705,-1.582839466,-0.383163741,0,1,183,task,10,0,-1610,20,652,0
1,106,265,-1.943655408,-0.7719851737,1.39100952,-2.219746891,-1.583572258,-0.3727892465,0,1,184,task,30,0,-1610,20,652,0
1,106,266,-1.933800161,-0.7367629792,1.315283732,-2.177033037,-1.584245259,-0.362957022,0,1,185,task,30,0,-1610,20,652,0
1,106,267,-1.924449379,-0.6996714169,1.235589426,-2.13221693,-1.584862984,-0.3536262464,0,1,186,task,30,0,-1610,20,652,0
1,106,268,-1.915565933,-0.6603299942,1.151092353,-2.084845773,-1.585429519,-0.3447600248,0,1,187,task,30,0,-1610,20,652,0
1,106,269,-1.907116189,-0.6182093285,1.060634032,-2.034291263,-1.585948572,-0.3363249369,0,1,188,task,30,0,-1610,20,652,0
1,106,270,-1.899069614,-0.5725355835,0.9625227801,-1.979636218,-1.586423513,-0.3282906432,0,1,189,task,30,0,-1610,20,652,0
1,106,271,-1.895234023,-0.5473164939,0.9083171026,-1.949540794,-1.58664046,-0.3244600938,0,0,,transition,10,0,-1610,20,652,0
1,106,272,-1.891398433,-0.5220974042,0.8541114251,-1.919445371,-1.586857406,-0.3206295444,0,1,190,task,10,0,-1610,20,652,0
1,106,273,-1.887468883,-0.4920801495,0.7888692468,-1.88103518,-1.58805844,-0.3167143531,0,0,,transition,10,0,-1610,20,652,0
1,106,274,-1.883539333,-0.4620628949,0.7236270685,-1.842624989,-1.589259474,-0.3127991618,0,1,191,task,10,0,-1610,20,652,0
1,106,275,-1.879716325,-0.4250393629,0.6430072315,-1.795214558,-1.590699641,-0.3089846335,0,0,,transition,10,0,-1610,20,652,0
1,106,276,-1.875893316,-0.388015831,0.5623873944,-1.747804128,-1.592139809,-0.3051701052,0,1,192,task,10,0,-1610,20,652,0
1,106,277,-1.873554824,-0.3543006202,0.4895437022,-1.7071068,-1.592701644,-0.3028317476,0,0,,transition,30,0,-1610,20,652,0
1,106,278,-1.871216331,-0.3205854095,0.41670001,-1.666409472,-1.59326348,-0.3004933901,0,0,,transition,10,0,-1610,20,652,0
1,106,279,-1.868877838,-0.2868701987,0.3438563178,-1.625712144,-1.593825315,-0.2981550326,0,1,193,task,10,0,-1610,20,652,0
1,106,280,-1.860564376,-0.3315215178,0.4392973047,-1.675823011,-1.59397504,-0.2898391424,0,0,,transition,10,0,-1610,20,652,0
1,106,281,-1.852250914,-0.376172837,0.5347382915,-1.725933878,-1.594124765,-0.2815232522,0,1,194,task,10,0,-1610,20,652,0
1,106,282,-1.855474209,-0.4129218587,0.6126772045,-1.767764722,-1.593935869,-0.2847476628,0,0,,transition,10,0,-1610,20,652,0
1,106,283,-1.858697503,-0.4496708803,0.6906161175,-1.809595566,-1.593746973,-0.2879720733,0,1,195,task,10,0,-1610,20,652,0
1,106,284,-1.862837151,-0.4833481718,0.7668263847,-1.860489113,-1.590745698,-0.2920938741,0,0,,transition,10,0,-1610,20,652,0
1,106,285,-1.866976799,-0.5170254633,0.8430366519,-1.911382659,-1.587744424,-0.2962156749,0,1,196,task,10,0,-1610,20,652,0
1,106,286,-1.870572384,-0.542777454,0.8986199721,-1.942720817,-1.587368615,-0.2998048715,0,0,,transition,10,0,-1610,20,652,0
1,106,287,-1.87416797,-0.5685294447,0.9542032923,-1.974058975,-1.586992805,-0.3033940681,0,1,197,task,10,0,-1610,20,652,0
1,106,288,-1.881589943,-0.6146595844,1.053076461,-2.028706776,-1.586632995,-0.3108073786,0,1,198,task,30,0,-1610,20,652,0
1,106,289,-1.889384205,-0.6571714649,1.144140017,-2.079164487,-1.586237796,-0.3185913429,0,1,199,task,30,0,-1610,20,652,0
1,106,290,-1.897579107,-0.6968655491,1.229142614,-2.126379944,-1.585804474,-0.3267741771,0,1,200,task,30,0,-1610,20,652,0
1,106,291,-1.906205914,-0.7342872411,1.309276387,-2.170999439,-1.585330017,-0.3353869942,0,1,201,task,30,0,-1610,20,652,0
1,106,292,-1.915299177,-0.7698275713,1.385397104,-2.213487167,-1.584811095,-0.3444641796,0,1,202,task,30,0,-1610,20,652,0
1,106,293,-1.924897174,-0.8037778414,1.458143628,-2.25419002,-1.584244025,-0.3540438251,0,1,203,task,30,0,-1610,20,652,0
1,106,294,-1.909439387,-0.7606577738,1.366646076,-2.205545179,-1.593570677,-0.338702171,0,0,,transition,10,0,-1610,20,652,0
1,106,295,-1.8939816,-0.7175377063,1.275148524,-2.156900337,-1.602897329,-0.3233605169,0,0,,transition,10,0,-1610,20,652,0
1,106,296,-1.878523813,-0.6744176388,1.183650972,-2.108255496,-1.612223981,-0.3080188628,0,0,,transition,10,0,-1610,20,652,0
1,106,297,-1.863066026,-0.6312975713,1.09215342,-2.059610655,-1.621550633,-0.2926772087,0,0,,transition,10,0,-1610,20,652,0
1,106,298,-1.847608239,-0.5881775038,1.000655868,-2.010965813,-1.630877285,-0.2773355546,0,0,,transition,10,0,-1610,20,652,0
1,106,299,-1.832150452,-0.5450574363,0.909158316,-1.962320972,-1.640203937,-0.2619939005,0,1,204,task,10,0,-1610,20,652,0
1,106,300,-1.828904635,-0.517895585,0.851547565,-1.93095838,-1.64117939,-0.2587595739,0,0,,transition,10,0,-1610,20,652,0
1,106,301,-1.825658817,-0.4907337337,0.793936814,-1.899595787,-1.642154843,-0.2555252474,0,1,205,task,10,0,-1610,20,652,0
1,106,302,-1.822754246,-0.4593196365,0.727359666,-1.863599997,-1.642380029,-0.2526179651,0,0,,transition,10,0,-1610,20,652,0
1,106,303,-1.819849675,-0.4279055393,0.6607825181,-1.827604206,-1.642605215,-0.2497106828,0,1,206,task,10,0,-1610,20,652,0
1,106,304,-1.817073911,-0.3888983406,0.577603703,-1.782606952,-1.642819005,-0.2469319525,0,0,,transition,10,0,-1610,20,652,0
1,106,305,-1.814298146,-0.3498911418,0.494424888,-1.737609698,-1.643032796,-0.2441532221,0,1,207,task,10,0,-1610,20,652,0
1,106,306,-1.804954681,-0.3777737374,0.5555978564,-1.770378005,-1.643200815,-0.2347866515,0,0,,transition,10,0,-1610,20,652,0
1,106,307,-1.795611215,-0.4056563331,0.6167708249,-1.803146311,-1.643368834,-0.2254200809,0,1,208,task,10,0,-1610,20,652,0
1,106,308,-1.79822572,-0.4388991975,0.6874420727,-1.841491528,-1.643151274,-0.2280372065,0,0,,transition,10,0,-1610,20,652,0
1,106,309,-1.800840224,-0.4721420619,0.7581133206,-1.879836745,-1.642933714,-0.2306543321,0,1,209,task,10,0,-1610,20,652,0
1,106,310,-1.803578856,-0.5004452906,0.8179916454,-1.912335519,-1.6427044,-0.2333952728,0,0,,transition,10,0,-1610,20,652,0
1,106,311,-1.806317488,-0.5287485192,0.8778699702,-1.944834293,-1.642475086,-0.2361362134,0,1,210,task,10,0,-1610,20,652,0
1,106,312,-1.785722147,-0.5569969041,0.9417913528,-1.979747771,-1.642768764,-0.2154889937,0,1,211,task,10,0,-1610,20,652,0
1,106,313,-1.783171934,-0.5306842041,0.8858642045,-1.949113924,-1.643025244,-0.2129372589,0,0,,transition,10,0,-1610,20,652,0
1,106,314,-1.780621721,-0.5043715041,0.8299370562,-1.918480078,-1.643281724,-0.2103855241,0,1,212,task,10,0,-1610,20,652,0
1,106,315,-1.77819474,-0.4741817108,0.7658130706,-1.883501675,-1.64350515,-0.2079563552,0,0,,transition,10,0,-1610,20,652,0
1,106,316,-1.775767758,-0.4439919175,0.701689085,-1.848523273,-1.643728577,-0.2055271864,0,1,213,task,10,0,-1610,20,652,0
1,106,317,-1.773450445,-0.4074038614,0.6235894708,-1.805973607,-1.643940642,-0.2032073238,0,0,,transition,10,0,-1610,20,652,0
1,106,318,-1.771133132,-0.3708158053,0.5454898567,-1.76342394,-1.644152708,-0.2008874613,0,1,214,task,10,0,-1610,20,652,0
1,106,319,-1.750989563,-0.409535347,0.6312716126,-1.80889226,-1.644518086,-0.1806926176,0,1,215,task,10,0,-1610,20,652,0
1,106,320,-1.75311118,-0.4424439262,0.7014922875,-1.847433409,-1.644295677,-0.1828163292,0,0,,transition,10,0,-1610,20,652,0
1,106,321,-1.755232796,-0.4753525055,0.7717129624,-1.885974559,-1.644073268,-0.1849400408,0,1,216,task,10,0,-1610,20,652,0
1,106,322,-1.757456863,-0.5034610084,0.8314622475,-1.918850019,-1.643838752,-0.1871657054,0,0,,transition,10,0,-1610,20,652,0
1,106,323,-1.75968093,-0.5315695112,0.8912115326,-1.951725479,-1.643604237,-0.18939137,0,1,217,task,10,0,-1610,20,652,0
1,106,324,-1.738878334,-0.5640372506,0.964613031,-1.99260018,-1.643699193,-0.1685314126,0,1,218,task,10,0,-1610,20,652,0
1,106,325,-1.736840263,-0.5381312488,0.9091091576,-1.961511299,-1.643999063,-0.1664931601,0,0,,transition,10,0,-1610,20,652,0
1,106,326,-1.734802192,-0.5122252469,0.8536052842,-1.930422419,-1.644298932,-0.1644549076,0,1,219,task,10,0,-1610,20,652,0
1,106,327,-1.732871281,-0.482604496,0.7903162238,-1.895211915,-1.644543634,-0.1625226436,0,0,,transition,10,0,-1610,20,652,0
1,106,328,-1.730940369,-0.452983745,0.7270271634,-1.860001411,-1.644788335,-0.1605903795,0,1,220,task,10,0,-1610,20,652,0
1,106,329,-1.729098554,-0.4174429947,0.6508322202,-1.817809824,-1.645020307,-0.1587465128,0,0,,transition,10,0,-1610,20,652,0
1,106,330,-1.727256739,-0.3819022444,0.5746372769,-1.775618236,-1.64525228,-0.1569026461,0,1,221,task,10,0,-1610,20,652,0
1,106,331,-1.705966235,-0.4051165291,0.6263434561,-1.800634126,-1.645726346,-0.1355563906,0,1,222,task,10,0,-1610,20,652,0
1,106,332,-1.7075911,-0.438701353,0.6986686319,-1.841503248,-1.645456557,-0.1371829623,0,0,,transition,10,0,-1610,20,652,0
1,106,333,-1.709215966,-0.4722861769,0.7709938078,-1.88237237,-1.645186769,-0.1388095341,0,1,223,task,10,0,-1610,20,652,0
1,106,334,-1.710921322,-0.5007772649,0.8322468604,-1.917267142,-1.644901572,-0.1405153704,0,0,,transition,10,0,-1610,20,652,0
1,106,335,-1.712626678,-0.529268353,0.8934999131,-1.952161914,-1.644616374,-0.1422212067,0,1,224,task,10,0,-1610,20,652,0
1,106,336,-1.714448779,-0.5542848314,0.9477261735,-1.983369689,-1.644207,-0.1440415737,0,0,,transition,10,0,-1610,20,652,0
1,106,337,-1.716270881,-0.5793013098,1.001952434,-2.014577465,-1.643797625,-0.1458619406,0,1,225,task,10,0,-1610,20,652,0
1,106,338,-1.691477021,-0.5667141216,0.9793279223,-2.003070004,-1.644226649,-0.12100539,0,1,226,task,10,0,-1610,20,652,0
1,106,339,-1.689919193,-0.5404766495,0.9216319751,-1.968130955,-1.644758912,-0.1194509914,0,0,,transition,10,0,-1610,20,652,0
1,106,340,-1.688361366,-0.5142391775,0.863936028,-1.933191905,-1.645291175,-0.1178965928,0,1,227,task,10,0,-1610,20,652,0
1,106,341,-1.68691443,-0.4839261438,0.7977499337,-1.893686587,-1.645673409,-0.1164490425,0,0,,transition,10,0,-1610,20,652,0
1,106,342,-1.685467495,-0.45361311,0.7315638394,-1.85418127,-1.646055644,-0.1150014922,0,1,228,task,10,0,-1610,20,652,0
1,106,343,-1.684133175,-0.4178805066,0.6545641051,-1.810814722,-1.646254276,-0.113663858,0,0,,transition,10,0,-1610,20,652,0
1,106,344,-1.682798856,-0.3821479031,0.5775643708,-1.767448173,-1.646452907,-0.1123262238,0,1,229,task,10,0,-1610,20,652,0
1,106,345,-1.673465618,-0.4812022445,0.6603340066,-1.751060826,-1.640148498,-0.1029657052,0,0,,transition,10,0,-1610,20,652,0
1,106,346,-1.66413238,-0.5802565859,0.7431036424,-1.734673478,-1.633844089,-0.09360518654,0,0,,transition,10,0,-1610,20,652,0
1,106,347,-1.654799142,-0.6793109273,0.8258732781,-1.71828613,-1.62753968,-0.08424466788,0,0,,transition,10,0,-1610,20,652,0
1,106,348,-1.645465904,-0.7783652687,0.9086429139,-1.701898782,-1.621235271,-0.07488414923,0,0,,transition,10,0,-1610,20,652,0
1,106,349,-1.636132666,-0.8774196101,0.9914125497,-1.685511434,-1.614930862,-0.06552363058,0,0,,transition,10,0,-1610,20,652,0
1,106,350,-1.626799428,-0.9764739515,1.074182185,-1.669124087,-1.608626453,-0.05616311192,0,0,,transition,10,0,-1610,20,652,0
1,106,351,-1.61746619,-1.075528293,1.156951821,-1.652736739,-1.602322045,-0.04680259327,0,0,,transition,10,0,-1610,20,652,0
1,106,352,-1.608132952,-1.174582634,1.239721457,-1.636349391,-1.596017636,-0.03744207461,0,0,,transition,10,0,-1610,20,652,0
1,106,353,-1.598799714,-1.273636976,1.322491093,-1.619962043,-1.589713227,-0.02808155596,0,0,,transition,10,0,-1610,20,652,0
1,106,354,-1.589466476,-1.372691317,1.405260728,-1.603574696,-1.583408818,-0.01872103731,0,0,,transition,10,0,-1610,20,652,0
1,106,355,-1.580133238,-1.471745659,1.488030364,-1.587187348,-1.577104409,-0.009360518654,0,0,,transition,10,0,-1610,20,652,0
1,106,356,-1.5708,-1.5708,1.5708,-1.5708,-1.5708,0,0,0,,home,10,0,-1610,20,652,0
1,107,1,-1.5708,-1.5708,1.5708,-1.5708,-1.5708,0,0,0,,home,10,0,-1610,20,652,0
1,107,2,-1.658070228,-1.47352344,1.497944582,-1.584787609,-1.553235111,-0.08946927409,0,0,,transition,10,0,-1610,20,652,0
1,107,3,-1.745340455,-1.37624688,1.425089164,-1.598775217,-1.535670223,-0.1789385482,0,0,,transition,10,0,-1610,20,652,0
1,107,4,-1.832610683,-1.27897032,1.352233746,-1.612762826,-1.518105334,-0.2684078223,0,0,,transition,10,0,-1610,20,652,0
1,107,5,-1.919880911,-1.181693761,1.279378328,-1.626750435,-1.500540445,-0.3578770963,0,0,,transition,10,0,-1610,20,652,0
1,107,6,-2.007151138,-1.084417201,1.206522911,-1.640738043,-1.482975556,-0.4473463704,0,0,,transition,10,0,-1610,20,652,0
1,107,7,-2.094421366,-0.9871406409,1.133667493,-1.654725652,-1.465410668,-0.5368156445,0,0,,transition,10,0,-1610,20,652,0
1,107,8,-2.181691594,-0.8898640811,1.060812075,-1.668713261,-1.447845779,-0.6262849186,0,0,,transition,10,0,-1610,20,652,0
1,107,9,-2.268961821,-0.7925875213,0.9879566569,-1.68270087,-1.43028089,-0.7157541927,0,0,,transition,10,0,-1610,20,652,0
1,107,10,-2.356232049,-0.6953109614,0.915101239,-1.696688478,-1.412716002,-0.8052234668,0,0,,transition,10,0,-1610,20,652,0
1,107,11,-2.443502277,-0.5980344016,0.8422458211,-1.710676087,-1.395151113,-0.8946927409,0,0,,transition,10,0,-1610,20,652,0
1,107,12,-2.530772505,-0.5007578417,0.7693904033,-1.724663696,-1.377586224,-0.9841620149,0,0,,transition,10,0,-1610,20,652,0
1,107,13,-2.618042732,-0.4034812819,0.6965349854,-1.738651304,-1.360021335,-1.073631289,0,1,1,task,10,0,-1610,20,652,0
1,107,14,-2.624274591,-0.4116624288,0.7171774322,-1.7482713,-1.357007453,-1.080847278,0,1,2,task,15,0,-1610,20,652,0
1,107,15,-2.614785946,-0.4471381533,0.7840234284,-1.795293352,-1.37265146,-1.066914524,0,0,,transition,10,0,-1610,20,652,0
1,107,16,-2.605297301,-0.4826138778,0.8508694246,-1.842315403,-1.388295467,-1.052981769,0,1,3,task,10,0,-1610,20,652,0
1,107,17,-2.574808962,-0.5284453938,0.9289718004,-1.903388762,-1.422236645,-1.015215685,0,1,4,task,10,0,-1610,20,652,0
1,107,18,-2.586320307,-0.5411795366,0.9613849885,-1.920683826,-1.415963772,-1.027723852,0,1,5,task,30,0,-1610,20,652,0
1,107,19,-2.576686409,-0.5685875264,1.017345022,-1.967721563,-1.428459098,-1.015321935,0,0,,transition,10,0,-1610,20,652,0
1,107,20,-2.56705251,-0.5959955162,1.073305055,-2.014759299,-1.440954424,-1.002920019,0,1,6,task,10,0,-1610,20,652,0
1,107,21,-2.523526604,-0.6348830278,1.145364297,-2.10119161,-1.499644479,-0.9528947816,0,1,7,task,10,0,-1610,20,652,0
1,107,22,-2.545553748,-0.6424998588,1.165981289,-2.090165559,-1.470811251,-0.9773628119,0,1,8,task,10,0,-1610,20,652,0
1,107,23,-2.521007961,-0.6848713234,1.252082479,-2.164444644,-1.507508815,-0.9498903842,0,1,9,task,10,0,-1610,20,652,0
1,107,24,-2.488386685,-0.6924165627,1.262630357,-2.167806425,-1.510162185,-0.9172835411,0,1,10,task,10,0,-1610,20,652,0
1,107,25,-2.506441133,-0.7133580118,1.311206515,-2.19600189,-1.50790053,-0.9352997949,0,1,11,task,30,0,-1610,20,652,0
1,107,26,-2.491248343,-0.7404388298,1.367271135,-2.225938886,-1.508323302,-0.9200830034,0,1,12,task,10,0,-1610,20,652,0
1,107,27,-2.467650652,-0.7177769159,1.315308999,-2.202881541,-1.516929148,-0.8961384481,0,1,13,task,30,0,-1610,20,652,0
1,107,28,-2.444588729,-0.6944068796,1.263871593,-2.184404909,-1.526477847,-0.8726502415,0,1,14,task,30,0,-1610,20,652,0
1,107,29,-2.422174787,-0.6688687591,1.207232303,-2.160468026,-1.536630982,-0.8500276581,0,1,15,task,30,0,-1610,20,652,0
1,107,30,-2.40002816,-0.6409678659,1.143136282,-2.12782012,-1.548715925,-0.8279489728,0,1,16,task,30,0,-1610,20,652,0
1,107,31,-2.378918795,-0.6069541734,1.06058441,-2.070156011,-1.560045139,-0.8073756642,0,1,17,task,30,0,-1610,20,652,0
1,107,32,-2.36112407,-0.5710489189,0.9829358673,-2.02717514,-1.561872045,-0.7896558838,0,1,18,task,30,0,-1610,20,652,0
1,107,33,-2.343976412,-0.5318504578,0.898209548,-1.980355055,-1.563623301,-0.7725789567,0,1,19,task,30,0,-1610,20,652,0
1,107,34,-2.327394609,-0.5627570718,0.9641470122,-2.014857919,-1.564764708,-0.7560351946,0,1,20,task,10,0,-1610,20,652,0
1,107,35,-2.3445625,-0.6002532813,1.045369828,-2.060172328,-1.56286675,-0.7731244721,0,1,21,task,30,0,-1610,20,652,0
1,107,36,-2.362401622,-0.6348804082,1.12045182,-2.102155348,-1.560882184,-0.7908795637,0,1,22,task,30,0,-1610,20,652,0
1,107,37,-2.381967992,-0.6671086362,1.19444345,-2.148377023,-1.555195979,-0.8101936015,0,1,23,task,30,0,-1610,20,652,0
1,107,38,-2.403355265,-0.6966766735,1.267195445,-2.19853561,-1.545745626,-0.8311198588,0,1,24,task,30,0,-1610,20,652,0
1,107,39,-2.42307776,-0.723841406,1.327265802,-2.230935025,-1.544678145,-0.8508179578,0,1,25,task,30,0,-1610,20,652,0
1,107,40,-2.443564721,-0.7495436975,1.384314049,-2.261734155,-1.543577943,-0.8712806982,0,1,26,task,30,0,-1610,20,652,0
1,107,41,-2.464671555,-0.7737266497,1.438211921,-2.290863424,-1.542454271,-0.8923638163,0,1,27,task,30,0,-1610,20,652,0
1,107,42,-2.447682395,-0.7967111131,1.488070514,-2.318210348,-1.543402046,-0.875394527,0,1,28,task,10,0,-1610,20,652,0
1,107,43,-2.426299713,-0.7726166205,1.434297572,-2.289106178,-1.544531986,-0.8540365881,0,1,29,task,30,0,-1610,20,652,0
1,107,44,-2.405746269,-0.747276378,1.377987704,-2.258667309,-1.545626613,-0.8335080771,0,1,30,task,30,0,-1610,20,652,0
1,107,45,-2.384784082,-0.7204473276,1.314757921,-2.219196897,-1.550762807,-0.8127886263,0,1,31,task,30,0,-1610,20,652,0
1,107,46,-2.364128937,-0.6916514158,1.245863411,-2.174123971,-1.557577364,-0.792447093,0,1,32,task,30,0,-1610,20,652,0
1,107,47,-2.344976341,-0.6604009426,1.175120983,-2.131269801,-1.561818557,-0.773479744,0,1,33,task,30,0,-1610,20,652,0
1,107,48,-2.327106969,-0.6267292844,1.101801981,-2.089679492,-1.564024368,-0.7557069161,0,1,34,task,30,0,-1610,20,652,0
1,107,49,-2.309934139,-0.5904834216,1.023002649,-2.045116354,-1.566128407,-0.7386233093,0,1,35,task,30,0,-1610,20,652,0
1,107,50,-2.289481758,-0.610903723,1.065536959,-2.06539605,-1.56815395,-0.7182491892,0,1,36,task,10,0,-1610,20,652,0
1,107,51,-2.306569542,-0.6465805847,1.14355168,-2.110406823,-1.56574816,-0.735233877,0,1,37,task,30,0,-1610,20,652,0
1,107,52,-2.324377189,-0.6798278515,1.216429282,-2.152633381,-1.563218284,-0.7529277303,0,1,38,task,30,0,-1610,20,652,0
1,107,53,-2.343146839,-0.710760687,1.285621962,-2.193824719,-1.559844103,-0.7715473615,0,1,39,task,30,0,-1610,20,652,0
1,107,54,-2.363187466,-0.7392149335,1.352329207,-2.235772215,-1.554733677,-0.7913645839,0,1,40,task,30,0,-1610,20,652,0
1,107,55,-2.384107143,-0.7659115415,1.415591468,-2.275827461,-1.549424266,-0.8120393389,0,1,41,task,30,0,-1610,20,652,0
1,107,56,-2.405402084,-0.7910989033,1.47423138,-2.31109609,-1.545666255,-0.8331647644,0,1,42,task,30,0,-1610,20,652,0
1,107,57,-2.426730961,-0.8151380853,1.527910041,-2.340184171,-1.544565193,-0.8544684758,0,1,43,task,30,0,-1610,20,652,0
1,107,58,-2.42995537,-0.8185922328,1.535644224,-2.344379028,-1.544399383,-0.8576891791,0,1,44,task,30,0,-1610,20,652,0
1,107,59,-2.411456501,-0.8394296527,1.581067477,-2.369442752,-1.545448957,-0.8392139283,0,1,45,task,10,0,-1610,20,652,0
1,107,60,-2.389693618,-0.8157754579,1.527288769,-2.339138309,-1.547335183,-0.8175215684,0,1,46,task,30,0,-1610,20,652,0
1,107,61,-2.36800477,-0.7910575657,1.468723042,-2.302713085,-1.551850588,-0.796040194,0,1,47,task,30,0,-1610,20,652,0
1,107,62,-2.34725664,-0.7649113678,1.407411416,-2.264789567,-1.556193626,-0.7754851992,0,1,48,task,30,0,-1610,20,652,0
1,107,63,-2.327402146,-0.7372012613,1.343042473,-2.225208422,-1.560369624,-0.7558090802,0,1,49,task,30,0,-1610,20,652,0
1,107,64,-2.308493697,-0.7072223444,1.275139982,-2.183932751,-1.564020854,-0.7370649055,0,1,50,task,30,0,-1610,20,652,0
1,107,65,-2.290476581,-0.674828634,1.203186907,-2.140653723,-1.567176965,-0.7191949922,0,1,51,task,30,0,-1610,20,652,0
1,107,66,-2.273220713,-0.640184519,1.12654343,-2.094836531,-1.570167495,-0.7020680997,0,1,52,task,30,0,-1610,20,652,0
1,107,67,-2.248834906,-0.6517592694,1.148172109,-2.100591737,-1.573453235,-0.6778066258,0,1,53,task,10,0,-1610,20,652,0
1,107,68,-2.265442677,-0.6861204838,1.223145435,-2.143670277,-1.571519177,-0.694344697,0,1,54,task,30,0,-1610,20,652,0
1,107,69,-2.283510727,-0.7189658145,1.298063829,-2.192101052,-1.567055307,-0.7122132725,0,1,55,task,30,0,-1610,20,652,0
1,107,70,-2.302305227,-0.749560063,1.368474344,-2.237770788,-1.5627236,-0.7307814439,0,1,56,task,30,0,-1610,20,652,0
1,107,71,-2.32140073,-0.7776144938,1.433860683,-2.279276578,-1.559965467,-0.7496935617,0,1,57,task,30,0,-1610,20,652,0
1,107,72,-2.341398237,-0.8041234459,1.496277379,-2.319256681,-1.556994957,-0.7694837516,0,1,58,task,30,0,-1610,20,652,0
1,107,73,-2.362350462,-0.8292181608,1.556032684,-2.357874164,-1.553800694,-0.7902036585,0,1,59,task,30,0,-1610,20,652,0
1,107,74,-2.384312721,-0.8529993775,1.613369419,-2.395255442,-1.550371067,-0.8119076117,0,1,60,task,30,0,-1610,20,652,0
1,107,75,-2.387263727,-0.8620117421,1.647408451,-2.444910048,-1.560284193,-0.8140374149,0,1,61,task,30,0,-1610,20,652,0
1,107,76,-2.325392419,-0.8324364142,1.577029186,-2.399145617,-1.562945587,-0.7525547709,0,1,62,task,10,0,-1610,20,652,0
1,107,77,-2.308847708,-0.805485855,1.506341935,-2.337445664,-1.555113934,-0.7365716843,0,1,63,task,30,0,-1610,20,652,0
1,107,78,-2.288536106,-0.778169864,1.435135899,-2.281329137,-1.561297942,-0.7168347978,0,1,64,task,30,0,-1610,20,652,0
1,107,79,-2.268288208,-0.748073881,1.357046894,-2.218038993,-1.57001333,-0.6971227696,0,1,65,task,30,0,-1610,20,652,0
1,107,80,-2.249524608,-0.7174004836,1.289540407,-2.18043034,-1.576431951,-0.6784794411,0,1,66,task,30,0,-1610,20,652,0
1,107,81,-2.231867686,-0.6856722577,1.222854793,-2.148770833,-1.581753536,-0.6608693194,0,1,67,task,30,0,-1610,20,652,0
1,107,82,-2.214922874,-0.6520979994,1.152157558,-2.11478134,-1.587159939,-0.6439903769,0,1,68,task,30,0,-1610,20,652,0
1,107,83,-2.198654948,-0.6163377222,1.07671018,-2.078071427,-1.592641786,-0.627806321,0,1,69,task,30,0,-1610,20,652,0
1,107,84,-2.182914625,-0.5773921889,0.9934660917,-2.035027687,-1.598615053,-0.612200993,0,1,70,task,30,0,-1610,20,652,0
1,107,85,-2.167713364,-0.5343898961,0.9007250822,-1.985066898,-1.604935493,-0.5971748256,0,1,71,task,30,0,-1610,20,652,0
1,107,86,-2.160417809,-0.5104288887,0.849035484,-1.95714932,-1.60808046,-0.5899712612,0,0,,transition,10,0,-1610,20,652,0
1,107,87,-2.153122254,-0.4864678812,0.7973458859,-1.929231741,-1.611225427,-0.5827676968,0,1,72,task,10,0,-1610,20,652,0
1,107,88,-2.146115982,-0.4589510427,0.7379418545,-1.897082574,-1.614354337,-0.5758572377,0,0,,transition,10,0,-1610,20,652,0
1,107,89,-2.139109711,-0.4314342042,0.6785378231,-1.864933408,-1.617483246,-0.5689467786,0,1,73,task,10,0,-1610,20,652,0
1,107,90,-2.132377816,-0.3980445503,0.6063512008,-1.825806093,-1.620595495,-0.5623139615,0,0,,transition,10,0,-1610,20,652,0
1,107,91,-2.125645921,-0.3646548964,0.5341645784,-1.786678778,-1.623707744,-0.5556811443,0,1,74,task,10,0,-1610,20,652,0
1,107,92,-2.100111762,-0.3671795604,0.5419666213,-1.791346233,-1.631409523,-0.530372968,0,1,75,task,10,0,-1610,20,652,0
1,107,93,-2.10596461,-0.4008127485,0.6145153502,-1.831168416,-1.630740769,-0.5362119876,0,0,,transition,10,0,-1610,20,652,0
1,107,94,-2.111817458,-0.4344459365,0.687064079,-1.870990598,-1.630072016,-0.5420510071,0,1,76,task,10,0,-1610,20,652,0
1,107,95,-2.117915768,-0.4622700282,0.7469658594,-1.903976412,-1.629374114,-0.5481336766,0,0,,transition,10,0,-1610,20,652,0
1,107,96,-2.124014078,-0.4900941199,0.8068676397,-1.936962226,-1.628676212,-0.5542163461,0,1,77,task,10,0,-1610,20,652,0
1,107,97,-2.130372289,-0.5143968496,0.8591270509,-1.965828,-1.627947318,-0.5605569593,0,0,,transition,10,0,-1610,20,652,0
1,107,98,-2.136730499,-0.5386995792,0.9113864622,-1.994693773,-1.627218423,-0.5668975726,0,1,78,task,10,0,-1610,20,652,0
1,107,99,-2.149997641,-0.5824382247,1.005377527,-2.04676508,-1.62569469,-0.5801252949,0,1,79,task,30,0,-1610,20,652,0
1,107,100,-2.163848616,-0.6225457061,1.091541509,-2.094639714,-1.624100772,-0.5939322888,0,1,80,task,30,0,-1610,20,652,0
1,107,101,-2.178318885,-0.6598018342,1.171583062,-2.139240791,-1.622432125,-0.6083536528,0,1,81,task,30,0,-1610,20,652,0
1,107,102,-2.193446419,-0.6947345253,1.246656973,-2.181193151,-1.62068389,-0.623426968,0,1,82,task,30,0,-1610,20,652,0
1,107,103,-2.209271867,-0.7277193679,1.317585878,-2.220941455,-1.618850867,-0.639192464,0,1,83,task,30,0,-1610,20,652,0
1,107,104,-2.225838721,-0.7590334831,1.384977989,-2.258813996,-1.616927512,-0.6556931856,0,1,84,task,30,0,-1610,20,652,0
1,107,105,-2.247156905,-0.7888547759,1.461193881,-2.31814129,-1.602349537,-0.6761605986,0,1,85,task,30,0,-1610,20,652,0
1,107,106,-2.271717323,-0.8145111468,1.534389394,-2.37776097,-1.580616487,-0.6994328375,0,1,86,task,30,0,-1610,20,652,0
1,107,107,-2.291818963,-0.8394441887,1.592892965,-2.412104449,-1.575937718,-0.7193135828,0,1,87,task,30,0,-1610,20,652,0
1,107,108,-2.312911992,-0.863207216,1.649215739,-2.445285245,-1.571145563,-0.7401813668,0,1,88,task,30,0,-1610,20,652,0
1,107,109,-2.278533519,-0.8658881873,1.6548039,-2.447511085,-1.577031386,-0.7060756165,0,1,89,task,10,0,-1610,20,652,0
1,107,110,-2.257961701,-0.8416782651,1.597141832,-2.413074638,-1.582353098,-0.6857553324,0,1,90,task,30,0,-1610,20,652,0
1,107,111,-2.235401662,-0.8165092712,1.530269643,-2.363439763,-1.59680219,-0.6640416267,0,1,91,task,30,0,-1610,20,652,0
1,107,112,-2.214168404,-0.7886715276,1.459561362,-2.311138883,-1.610237029,-0.6435772946,0,1,92,task,30,0,-1610,20,652,0
1,107,113,-2.196484848,-0.7584372373,1.391136727,-2.268036432,-1.615260583,-0.6261577401,0,1,93,task,30,0,-1610,20,652,0
1,107,114,-2.179764978,-0.7265384795,1.319758974,-2.223944247,-1.619700296,-0.6096510538,0,1,94,task,30,0,-1610,20,652,0
1,107,115,-2.164524672,-0.6930995049,1.247587074,-2.183198346,-1.621623287,-0.5944760649,0,1,95,task,30,0,-1610,20,652,0
1,107,116,-2.149969776,-0.6576705344,1.171192373,-2.140210997,-1.623457768,-0.5799801333,0,1,96,task,30,0,-1610,20,652,0
1,107,117,-2.136058991,-0.6198589926,1.089714281,-2.094516678,-1.625209278,-0.5661224215,0,1,97,task,30,0,-1610,20,652,0
1,107,118,-2.122753905,-0.5791104215,1.001939277,-2.045458452,-1.626882978,-0.5528649477,0,1,98,task,30,0,-1610,20,652,0
1,107,119,-2.110018791,-0.534600202,0.9060641334,-1.992059513,-1.628483674,-0.5401723826,0,1,99,task,30,0,-1610,20,652,0
1,107,120,-2.103919601,-0.5098043639,0.8526338722,-1.962407738,-1.629249758,-0.5340921198,0,0,,transition,10,0,-1610,20,652,0
1,107,121,-2.097820411,-0.4850085258,0.799203611,-1.932755964,-1.630015842,-0.528011857,0,1,100,task,10,0,-1610,20,652,0
1,107,122,-2.091974122,-0.4564913036,0.7376991383,-1.898751665,-1.630749743,-0.522182319,0,0,,transition,10,0,-1610,20,652,0
1,107,123,-2.086127832,-0.4279740813,0.6761946656,-1.864747366,-1.631483643,-0.5163527809,0,1,101,task,10,0,-1610,20,652,0
1,107,124,-2.06013823,-0.4175567391,0.6567449942,-1.853617479,-1.632976514,-0.4903544429,0,1,102,task,10,0,-1610,20,652,0
1,107,125,-2.065726108,-0.4470965375,0.7206056826,-1.889116574,-1.632180845,-0.4959235906,0,0,,transition,10,0,-1610,20,652,0
1,107,126,-2.071313986,-0.4766363358,0.7844663709,-1.92461567,-1.631385176,-0.5014927383,0,1,103,task,10,0,-1610,20,652,0
1,107,127,-2.077147001,-0.5021239164,0.8395371918,-1.955376191,-1.630555225,-0.507304458,0,0,,transition,10,0,-1610,20,652,0
1,107,128,-2.082980016,-0.527611497,0.8946080127,-1.986136712,-1.629725275,-0.5131161777,0,1,104,task,10,0,-1610,20,652,0
1,107,129,-2.095167077,-0.5731589051,0.9930237235,-2.04135626,-1.627992347,-0.5252551265,0,1,105,task,30,0,-1610,20,652,0
1,107,130,-2.107908324,-0.6147362792,1.082901162,-2.092002534,-1.626181579,-0.5379423168,0,1,106,task,30,0,-1610,20,652,0
1,107,131,-2.121239519,-0.6532397497,1.166200842,-2.139137902,-1.624287791,-0.5512130528,0,1,107,task,30,0,-1610,20,652,0
1,107,132,-2.135199253,-0.6892652247,1.244227976,-2.183469307,-1.622305402,-0.5651054327,0,1,108,task,30,0,-1610,20,652,0
1,107,133,-2.150082304,-0.7233435577,1.318932989,-2.227354199,-1.619391854,-0.5798680121,0,1,109,task,30,0,-1610,20,652,0
1,107,134,-2.165730292,-0.7556074701,1.389960899,-2.269434809,-1.616253703,-0.5953766499,0,1,110,task,30,0,-1610,20,652,0
1,107,135,-2.182167717,-0.7862798016,1.457725667,-2.309792447,-1.612970835,-0.6116595803,0,1,111,task,30,0,-1610,20,652,0
1,107,136,-2.199449437,-0.8155434836,1.522637767,-2.348646798,-1.609533814,-0.6287707211,0,1,112,task,30,0,-1610,20,652,0
1,107,137,-2.220548034,-0.8421106823,1.590774177,-2.398537392,-1.597108517,-0.649176148,0,1,113,task,30,0,-1610,20,652,0
1,107,138,-2.24270281,-0.8668435996,1.655599603,-2.445938947,-1.584628197,-0.6705997743,0,1,114,task,30,0,-1610,20,652,0
1,107,139,-2.263823621,-0.8903881166,1.712794387,-2.48089666,-1.578338231,-0.6914228346,0,1,115,task,30,0,-1610,20,652,0
1,107,140,-2.229830056,-0.8947101461,1.721058228,-2.483140894,-1.586400581,-0.6578072964,0,1,116,task,10,0,-1610,20,652,0
1,107,141,-2.208145324,-0.8705329224,1.658913473,-2.439117524,-1.596383316,-0.6367039298,0,1,117,task,30,0,-1610,20,652,0
1,107,142,-2.187640803,-0.8449049273,1.594396789,-2.393823863,-1.606021144,-0.6167312518,0,1,118,task,30,0,-1610,20,652,0
1,107,143,-2.169231806,-0.8172310157,1.529543156,-2.351966737,-1.612249329,-0.5986415447,0,1,119,task,30,0,-1610,20,652,0
1,107,144,-2.152833374,-0.7876724111,1.464642954,-2.314094803,-1.614897825,-0.5823615071,0,1,120,task,30,0,-1610,20,652,0
1,107,145,-2.137244318,-0.7567601296,1.396973168,-2.274776375,-1.617422519,-0.5668801063,0,1,121,task,30,0,-1610,20,652,0
1,107,146,-2.122410708,-0.7243147063,1.32613272,-2.233794834,-1.619831524,-0.552144145,0,1,122,task,30,0,-1610,20,652,0
1,107,147,-2.10828285,-0.6901028316,1.251604112,-2.190870283,-1.622132377,-0.5381046131,0,1,123,task,30,0,-1610,20,652,0
1,107,148,-2.094814927,-0.6538144356,1.172703318,-2.145632461,-1.624332074,-0.524716339,0,1,124,task,30,0,-1610,20,652,0
1,107,149,-2.081948907,-0.6150124676,1.088270202,-2.097182503,-1.626494557,-0.5119256342,0,1,125,task,30,0,-1610,20,652,0
1,107,150,-2.069661699,-0.5730790828,0.9971388866,-2.045131555,-1.628570275,-0.4997058897,0,1,126,task,30,0,-1610,20,652,0
1,107,151,-2.057919042,-0.5270939406,0.8973182921,-1.98843235,-1.630558089,-0.4880229368,0,1,127,task,30,0,-1610,20,652,0
1,107,152,-2.052303253,-0.501323242,0.8414175926,-1.956866202,-1.631510774,-0.4824333844,0,0,,transition,10,0,-1610,20,652,0
1,107,153,-2.046687463,-0.4755525434,0.7855168931,-1.925300053,-1.632463459,-0.4768438321,0,1,128,task,10,0,-1610,20,652,0
1,107,154,-2.029528337,-0.5102410815,0.8647970108,-1.971148071,-1.631818983,-0.4596085118,0,1,129,task,10,0,-1610,20,652,0
1,107,155,-2.035126964,-0.5343131452,0.9174337368,-2.001629024,-1.630586134,-0.4651670271,0,0,,transition,10,0,-1610,20,652,0
1,107,156,-2.04072559,-0.5583852088,0.9700704629,-2.032109978,-1.629353285,-0.4707255423,0,1,130,task,10,0,-1610,20,652,0
1,107,157,-2.052449632,-0.6019227319,1.065484188,-2.087788308,-1.626786488,-0.4823578999,0,1,131,task,30,0,-1610,20,652,0
1,107,158,-2.064456957,-0.6417212975,1.151606273,-2.136309577,-1.625088656,-0.4943130951,0,1,132,task,30,0,-1610,20,652,0
1,107,159,-2.077042824,-0.6788914331,1.232129617,-2.181857266,-1.623312794,-0.5068411348,0,1,133,task,30,0,-1610,20,652,0
1,107,160,-2.090247429,-0.7139001321,1.308078916,-2.2249872,-1.621453328,-0.5199817524,0,1,134,task,30,0,-1610,20,652,0
1,107,161,-2.104114481,-0.7470855169,1.380198413,-2.266103263,-1.619504209,-0.5337781523,0,1,135,task,30,0,-1610,20,652,0
1,107,162,-2.118691542,-0.7787005363,1.44904743,-2.305509177,-1.617458871,-0.5482773541,0,1,136,task,30,0,-1610,20,652,0
1,107,163,-2.134030416,-0.808939109,1.515057535,-2.343439456,-1.615310192,-0.5635305703,0,1,137,task,30,0,-1610,20,652,0
1,107,164,-2.150187556,-0.8379526054,1.578568602,-2.38007889,-1.613050444,-0.5795936196,0,1,138,task,30,0,-1610,20,652,0
1,107,165,-2.168607365,-0.8648264269,1.642776745,-2.422234997,-1.606580173,-0.5976887708,0,1,139,task,30,0,-1610,20,652,0
1,107,166,-2.188417939,-0.8901390631,1.705391237,-2.464774943,-1.598904441,-0.6170895169,0,1,140,task,30,0,-1610,20,652,0
1,107,167,-2.209396971,-0.9141715913,1.765918914,-2.506253936,-1.590940525,-0.6376217994,0,1,141,task,30,0,-1610,20,652,0
1,107,168,-2.176663543,-0.9192335829,1.776407772,-2.507569372,-1.598215941,-0.6052703076,0,1,142,task,10,0,-1610,20,652,0
1,107,169,-2.156870073,-0.8947422032,1.715935986,-2.467161586,-1.604741261,-0.5858207399,0,1,143,task,30,0,-1610,20,652,0
1,107,170,-2.138195953,-0.8690519494,1.653490211,-2.425797179,-1.61102146,-0.567461278,0,1,144,task,30,0,-1610,20,652,0
1,107,171,-2.121163406,-0.8416051786,1.590325716,-2.386653165,-1.615238907,-0.5506227312,0,1,145,task,30,0,-1610,20,652,0
1,107,172,-2.105723804,-0.8124384145,1.526632948,-2.350222124,-1.617180343,-0.5352565688,0,1,146,task,30,0,-1610,20,652,0
1,107,173,-2.091078443,-0.7820783148,1.460503572,-2.312542173,-1.619023116,-0.5206779407,0,1,147,task,30,0,-1610,20,652,0
1,107,174,-2.07717105,-0.7503762734,1.391603746,-2.273430586,-1.620774424,-0.5068311228,0,1,148,task,30,0,-1610,20,652,0
1,107,175,-2.063950189,-0.7171426162,1.319511237,-2.232656878,-1.622440856,-0.4936651842,0,1,149,task,30,0,-1610,20,652,0
1,107,176,-2.051368802,-0.6821308918,1.243681033,-2.189924188,-1.624028445,-0.4811335262,0,1,150,task,30,0,-1610,20,652,0
1,107,177,-2.039383787,-0.6450130787,1.163391109,-2.144839907,-1.62554272,-0.4691934673,0,1,151,task,30,0,-1610,20,652,0
1,107,178,-2.027955623,-0.6053384172,1.077652412,-2.096866877,-1.626988747,-0.4578058688,0,1,152,task,30,0,-1610,20,652,0
1,107,179,-2.017048029,-0.5624604177,0.985049253,-2.045236817,-1.628371173,-0.4469347989,0,1,153,task,30,0,-1610,20,652,0
1,107,180,-2.011620185,-0.5384283256,0.9320959318,-2.01393265,-1.629841535,-0.4415597193,0,0,,transition,10,0,-1610,20,652,0
1,107,181,-2.006192342,-0.5143962334,0.8791426105,-1.982628483,-1.631311897,-0.4361846398,0,1,154,task,10,0,-1610,20,652,0
1,107,182,-1.997937867,-0.4735481493,0.7899110417,-1.930344613,-1.633114914,-0.4279678739,0,0,,transition,10,0,-1610,20,652,0
1,107,183,-1.989683392,-0.4327000652,0.7006794728,-1.878060744,-1.63491793,-0.419751108,0,0,,transition,10,0,-1610,20,652,0
1,107,184,-1.981428916,-0.3918519811,0.611447904,-1.825776874,-1.636720947,-0.4115343422,0,0,,transition,10,0,-1610,20,652,0
1,107,185,-1.973174441,-0.351003897,0.5222163351,-1.773493005,-1.638523964,-0.4033175763,0,0,,transition,10,0,-1610,20,652,0
1,107,186,-1.964919966,-0.3101558129,0.4329847663,-1.721209136,-1.640326981,-0.3951008105,0,0,,transition,10,0,-1610,20,652,0
1,107,187,-1.956665491,-0.2693077288,0.3437531974,-1.668925266,-1.642129998,-0.3868840446,0,0,,transition,10,0,-1610,20,652,0
1,107,188,-1.948411016,-0.2284596447,0.2545216286,-1.616641397,-1.643933014,-0.3786672787,0,1,155,task,10,0,-1610,20,652,0
1,107,189,-1.951168674,-0.2664398459,0.336383631,-1.661071702,-1.64375181,-0.3814292285,0,0,,transition,30,0,-1610,20,652,0
1,107,190,-1.953926333,-0.3044200471,0.4182456333,-1.705502007,-1.643570606,-0.3841911783,0,0,,transition,10,0,-1610,20,652,0
1,107,191,-1.956683992,-0.3424002484,0.5001076357,-1.749932312,-1.643389402,-0.3869531281,0,1,156,task,10,0,-1610,20,652,0
1,107,192,-1.961185031,-0.3810035908,0.5838125474,-1.797595816,-1.642404465,-0.3914435274,0,0,,transition,10,0,-1610,20,652,0
1,107,193,-1.96568607,-0.4196069332,0.6675174591,-1.845259321,-1.641419528,-0.3959339267,0,1,157,task,10,0,-1610,20,652,0
1,107,194,-1.971568475,-0.4540045717,0.7486322067,-1.90329936,-1.635993164,-0.401631473,0,0,,transition,10,0,-1610,20,652,0
1,107,195,-1.977450879,-0.4884022102,0.8297469544,-1.961339399,-1.630566799,-0.4073290193,0,1,158,task,10,0,-1610,20,652,0
1,107,196,-1.98226249,-0.5133441587,0.8835753898,-1.99106703,-1.63000731,-0.4121285943,0,0,,transition,10,0,-1610,20,652,0
1,107,197,-1.987074101,-0.5382861072,0.9374038252,-2.020794662,-1.62944782,-0.4169281694,0,1,159,task,10,0,-1610,20,652,0
1,107,198,-1.997146053,-0.5832809024,1.034506551,-2.074593395,-1.628278453,-0.4269732651,0,1,160,task,30,0,-1610,20,652,0
1,107,199,-2.007697636,-0.6246392494,1.123794352,-2.124221925,-1.627055007,-0.4374949598,0,1,161,task,30,0,-1610,20,652,0
1,107,200,-2.018762525,-0.6631538607,1.207001893,-2.170621851,-1.625773448,-0.4485266529,0,1,162,task,30,0,-1610,20,652,0
1,107,201,-2.030377469,-0.6993629379,1.28530868,-2.214433992,-1.624429366,-0.4601047867,0,1,163,task,30,0,-1610,20,652,0
1,107,202,-2.04258262,-0.7336506699,1.359558843,-2.256117633,-1.623017927,-0.472269179,0,1,164,task,30,0,-1610,20,652,0
1,107,203,-2.014064014,-0.7392142738,1.371205965,-2.25747046,-1.633727801,-0.4440943369,0,1,165,task,10,0,-1610,20,652,0
1,107,204,-2.001882682,-0.7047995602,1.295839419,-2.213983305,-1.637048083,-0.4320126605,0,1,166,task,30,0,-1610,20,652,0
1,107,205,-1.990327251,-0.6686963235,1.218673548,-2.172540949,-1.64019664,-0.4205308859,0,1,167,task,30,0,-1610,20,652,0
1,107,206,-1.979318286,-0.6304057835,1.136809595,-2.128561638,-1.643316871,-0.4095944315,0,1,168,task,30,0,-1610,20,652,0
1,107,207,-1.968819329,-0.5894257531,1.049151191,-2.08145349,-1.646410296,-0.3991668602,0,1,169,task,30,0,-1610,20,652,0
1,107,208,-1.958796966,-0.5450260066,0.9541042077,-2.030354658,-1.649478348,-0.3892147838,0,1,170,task,30,0,-1610,20,652,0
1,107,209,-1.952972569,-0.5196969927,0.898197188,-1.997574858,-1.654851349,-0.3835686107,0,0,,transition,10,0,-1610,20,652,0
1,107,210,-1.947148172,-0.4943679788,0.8422901683,-1.964795058,-1.660224351,-0.3779224377,0,1,171,task,10,0,-1610,20,652,0
1,107,211,-1.942322371,-0.4640691255,0.7748547466,-1.923134981,-1.662759268,-0.3731742385,0,0,,transition,10,0,-1610,20,652,0
1,107,212,-1.937496569,-0.4337702722,0.707419325,-1.881474904,-1.665294186,-0.3684260394,0,1,172,task,10,0,-1610,20,652,0
1,107,213,-1.933817077,-0.3972615874,0.6278425002,-1.835036825,-1.664168328,-0.3646862385,0,0,,transition,10,0,-1610,20,652,0
1,107,214,-1.930137585,-0.3607529026,0.5482656753,-1.788598745,-1.66304247,-0.3609464376,0,1,173,task,10,0,-1610,20,652,0
1,107,215,-1.927578189,-0.3284022841,0.4788102399,-1.751170819,-1.663114392,-0.3583769523,0,0,,transition,30,0,-1610,20,652,0
1,107,216,-1.925018793,-0.2960516656,0.4093548045,-1.713742893,-1.663186314,-0.355807467,0,0,,transition,10,0,-1610,20,652,0
1,107,217,-1.922459397,-0.2637010471,0.3398993691,-1.676314968,-1.663258235,-0.3532379817,0,1,174,task,10,0,-1610,20,652,0
1,107,218,-1.90214881,-0.2947657475,0.4115888404,-1.715506047,-1.663894745,-0.3328504708,0,1,175,task,10,0,-1610,20,652,0
1,107,219,-1.9055241,-0.3392627023,0.5083121185,-1.770380373,-1.66485139,-0.3362755001,0,0,,transition,10,0,-1610,20,652,0
1,107,220,-1.90889939,-0.3837596572,0.6050353966,-1.8252547,-1.665808036,-0.3397005294,0,1,176,task,10,0,-1610,20,652,0
1,107,221,-1.912710185,-0.4171275182,0.6773629646,-1.86630966,-1.665677161,-0.3435255013,0,0,,transition,10,0,-1610,20,652,0
1,107,222,-1.916520981,-0.4504953792,0.7496905326,-1.90736462,-1.665546286,-0.3473504732,0,1,177,task,10,0,-1610,20,652,0
1,107,223,-1.920604843,-0.4785207506,0.8103726154,-1.941937113,-1.665033986,-0.3514345872,0,0,,transition,10,0,-1610,20,652,0
1,107,224,-1.924688705,-0.5065461221,0.8710546981,-1.976509607,-1.664521686,-0.3555187012,0,1,178,task,10,0,-1610,20,652,0
1,107,225,-1.929553144,-0.5314103044,0.9255727401,-2.008575239,-1.661864678,-0.3603056373,0,0,,transition,10,0,-1610,20,652,0
1,107,226,-1.934417583,-0.5562744868,0.9800907821,-2.040640871,-1.65920767,-0.3650925733,0,1,179,task,10,0,-1610,20,652,0
1,107,227,-1.945259192,-0.600776803,1.077760192,-2.097352789,-1.651572202,-0.3756988888,0,1,180,task,30,0,-1610,20,652,0
1,107,228,-1.954677858,-0.6411341694,1.164103979,-2.144082082,-1.650605967,-0.3851191097,0,1,181,task,30,0,-1610,20,652,0
1,107,229,-1.964562943,-0.6789702607,1.245027805,-2.187935587,-1.649609158,-0.3950052334,0,1,182,task,30,0,-1610,20,652,0
1,107,230,-1.97494894,-0.7147422009,1.321531252,-2.229456974,-1.648579114,-0.4053916618,0,1,183,task,30,0,-1610,20,652,0
1,107,231,-1.985873712,-0.7487835828,1.394344882,-2.269044484,-1.647512874,-0.4163161521,0,1,184,task,30,0,-1610,20,652,0
1,107,232,-1.960770655,-0.7561105789,1.415110348,-2.280538388,-1.648785345,-0.3911705681,0,1,185,task,10,0,-1610,20,652,0
1,107,233,-1.950314358,-0.7223243394,1.342674523,-2.241090948,-1.650043744,-0.3807203676,0,1,186,task,30,0,-1610,20,652,0
1,107,234,-1.940381781,-0.6868698757,1.266694341,-2.19978867,-1.651268195,-0.3707930797,0,1,187,task,30,0,-1610,20,652,0
1,107,235,-1.930830115,-0.6493999271,1.186276522,-2.155931311,-1.652820831,-0.3612583645,0,1,188,task,30,0,-1610,20,652,0
1,107,236,-1.920244952,-0.6088375065,1.097302651,-2.104236959,-1.659558492,-0.3508678259,0,1,189,task,30,0,-1610,20,652,0
1,107,237,-1.910876503,-0.5648222365,1.001369574,-2.048803803,-1.663686807,-0.3416052405,0,1,190,task,30,0,-1610,20,652,0
1,107,238,-1.90671344,-0.5407128652,0.9492936515,-2.019354947,-1.664614077,-0.3374552866,0,0,,transition,10,0,-1610,20,652,0
1,107,239,-1.902550376,-0.5166034939,0.897217729,-1.989906091,-1.665541348,-0.3333053326,0,1,191,task,10,0,-1610,20,652,0
1,107,240,-1.898727163,-0.4895927277,0.8390649135,-1.957438165,-1.665882489,-0.3294754094,0,0,,transition,10,0,-1610,20,652,0
1,107,241,-1.89490395,-0.4625819615,0.7809120981,-1.924970238,-1.666223629,-0.3256454861,0,1,192,task,10,0,-1610,20,652,0
1,107,242,-1.891251871,-0.4310769877,0.7129968406,-1.88724636,-1.666541412,-0.3219857551,0,0,,transition,10,0,-1610,20,652,0
1,107,243,-1.887599792,-0.399572014,0.645081583,-1.849522481,-1.666859195,-0.3183260241,0,1,193,task,10,0,-1610,20,652,0
1,107,244,-1.884225782,-0.3595953627,0.558672611,-1.801552072,-1.666693333,-0.3149297625,0,0,,transition,10,0,-1610,20,652,0
1,107,245,-1.880851773,-0.3196187113,0.472263639,-1.753581662,-1.666527471,-0.311533501,0,1,194,task,10,0,-1610,20,652,0
1,107,246,-1.858986027,-0.3287953406,0.497750969,-1.769419558,-1.667898929,-0.2895970311,0,1,195,task,10,0,-1610,20,652,0
1,107,247,-1.862235875,-0.3671221616,0.5804238225,-1.814785735,-1.667680211,-0.2928568503,0,0,,transition,10,0,-1610,20,652,0
1,107,248,-1.865485723,-0.4054489826,0.663096676,-1.860151911,-1.667461492,-0.2961166694,0,1,196,task,10,0,-1610,20,652,0
1,107,249,-1.868884839,-0.436263654,0.7293966637,-1.896669434,-1.667226447,-0.299525488,0,0,,transition,10,0,-1610,20,652,0
1,107,250,-1.872283955,-0.4670783253,0.7956966515,-1.933186957,-1.666991401,-0.3029343066,0,1,197,task,10,0,-1610,20,652,0
1,107,251,-1.87584273,-0.4936815249,0.8528452891,-1.964777327,-1.666738758,-0.3065024665,0,0,,transition,10,0,-1610,20,652,0
1,107,252,-1.879401505,-0.5202847245,0.9099939267,-1.996367696,-1.666486115,-0.3100706263,0,1,198,task,10,0,-1610,20,652,0
1,107,253,-1.883131305,-0.5441017107,0.9611071284,-2.024722275,-1.66621447,-0.3138094352,0,0,,transition,10,0,-1610,20,652,0
1,107,254,-1.886861105,-0.5679186968,1.01222033,-2.053076854,-1.665942826,-0.3175482441,0,1,199,task,10,0,-1610,20,652,0
1,107,255,-1.895231648,-0.6115546164,1.106612131,-2.106495928,-1.663462321,-0.3258754885,0,1,200,task,30,0,-1610,20,652,0
1,107,256,-1.904178771,-0.652018303,1.194447591,-2.156664799,-1.660408615,-0.3347583623,0,1,201,task,30,0,-1610,20,652,0
1,107,257,-1.914100798,-0.6898375589,1.277013716,-2.204095591,-1.655603522,-0.344558676,0,1,202,task,30,0,-1610,20,652,0
1,107,258,-1.924140512,-0.7253824131,1.354146462,-2.247413496,-1.652059809,-0.3545178631,0,1,203,task,30,0,-1610,20,652,0
1,107,259,-1.934179063,-0.7590979042,1.426661424,-2.287009649,-1.650176383,-0.364531735,0,1,204,task,30,0,-1610,20,652,0
1,107,260,-1.909994225,-0.7686081474,1.452877377,-2.302168285,-1.649545321,-0.3402405073,0,1,205,task,10,0,-1610,20,652,0
1,107,261,-1.898592316,-0.7350260973,1.37877063,-2.259128212,-1.657422955,-0.3290455112,0,1,206,task,30,0,-1610,20,652,0
1,107,262,-1.88982895,-0.699461145,1.302427007,-2.216186899,-1.658537051,-0.3202857063,0,1,207,task,30,0,-1610,20,652,0
1,107,263,-1.881512759,-0.6619878856,1.222024826,-2.17111871,-1.659601713,-0.3119711047,0,1,208,task,30,0,-1610,20,652,0
1,107,264,-1.87361075,-0.6222072514,1.136689347,-2.123446803,-1.660620881,-0.3040689321,0,1,209,task,30,0,-1610,20,652,0
1,107,265,-1.866093062,-0.5795605676,1.045198203,-2.072506369,-1.661598096,-0.2965495193,0,1,210,task,30,0,-1610,20,652,0
1,107,266,-1.858932609,-0.5332240546,0.9457506957,-2.017319426,-1.662536547,-0.2893859469,0,1,211,task,30,0,-1610,20,652,0
1,107,267,-1.855518687,-0.5075579109,0.8906218336,-1.986828243,-1.662987832,-0.2859698421,0,0,,transition,10,0,-1610,20,652,0
1,107,268,-1.852104765,-0.4818917673,0.8354929715,-1.95633706,-1.663439116,-0.2825537374,0,1,212,task,10,0,-1610,20,652,0
1,107,269,-1.84884593,-0.4525741528,0.7724375109,-1.921579782,-1.663873762,-0.2792921623,0,0,,transition,10,0,-1610,20,652,0
1,107,270,-1.845587095,-0.4232565383,0.7093820503,-1.886822505,-1.664308409,-0.2760305871,0,1,213,task,10,0,-1610,20,652,0
1,107,271,-1.842473109,-0.3878423672,0.6330520532,-1.84489583,-1.6647276,-0.2729133598,0,0,,transition,10,0,-1610,20,652,0
1,107,272,-1.839359122,-0.352428196,0.5567220561,-1.802969156,-1.66514679,-0.2697961324,0,1,214,task,10,0,-1610,20,652,0
1,107,273,-1.817334398,-0.3419303842,0.543423964,-1.795382376,-1.662987177,-0.2476154795,0,1,215,task,10,0,-1610,20,652,0
1,107,274,-1.820181978,-0.3781870068,0.6218661377,-1.838821099,-1.662655873,-0.2504678653,0,0,,transition,10,0,-1610,20,652,0
1,107,275,-1.823029559,-0.4144436294,0.7003083113,-1.882259822,-1.66232457,-0.2533202511,0,1,216,task,10,0,-1610,20,652,0
1,107,276,-1.826010781,-0.4442098188,0.7646305297,-1.918077602,-1.661976571,-0.2563056228,0,0,,transition,10,0,-1610,20,652,0
1,107,277,-1.828992004,-0.4739760082,0.8289527481,-1.953895382,-1.661628573,-0.2592909946,0,1,217,task,10,0,-1610,20,652,0
1,107,278,-1.832116432,-0.499919182,0.8849908055,-1.985261053,-1.661262611,-0.2624188463,0,0,,transition,10,0,-1610,20,652,0
1,107,279,-1.83524086,-0.5258623558,0.9410288629,-2.016626724,-1.66089665,-0.2655466979,0,1,218,task,10,0,-1610,20,652,0
1,107,280,-1.838518987,-0.5492118204,0.9914711998,-2.044999903,-1.660511327,-0.2688274424,0,0,,transition,10,0,-1610,20,652,0
1,107,281,-1.841797114,-0.5725612851,1.041913537,-2.073373082,-1.660126005,-0.272108187,0,1,219,task,10,0,-1610,20,652,0
1,107,282,-1.848683834,-0.6154464371,1.134611601,-2.125766674,-1.659313545,-0.2789983522,0,1,220,task,30,0,-1610,20,652,0
1,107,283,-1.85592644,-0.6553768022,1.221004081,-2.174830621,-1.658455844,-0.2862424089,0,1,221,task,30,0,-1610,20,652,0
1,107,284,-1.863553001,-0.6929311356,1.302361048,-2.221257389,-1.657549097,-0.293868197,0,1,222,task,30,0,-1610,20,652,0
1,107,285,-1.871594594,-0.7285205847,1.379587986,-2.265542521,-1.656589066,-0.301906529,0,1,223,task,30,0,-1610,20,652,0
1,107,286,-1.880085706,-0.7624489137,1.453357563,-2.308056196,-1.655571019,-0.3103915937,0,1,224,task,30,0,-1610,20,652,0
1,107,287,-1.8671258,-0.7181641025,1.360095895,-2.256045582,-1.655565816,-0.2973894308,0,0,,transition,10,0,-1610,20,652,0
1,107,288,-1.854165894,-0.6738792912,1.266834227,-2.204034969,-1.655560613,-0.2843872679,0,0,,transition,10,0,-1610,20,652,0
1,107,289,-1.841205988,-0.6295944799,1.173572558,-2.152024355,-1.65555541,-0.2713851051,0,0,,transition,10,0,-1610,20,652,0
1,107,290,-1.828246082,-0.5853096687,1.08031089,-2.100013742,-1.655550207,-0.2583829422,0,0,,transition,10,0,-1610,20,652,0
1,107,291,-1.815286175,-0.5410248574,0.9870492221,-2.048003129,-1.655545005,-0.2453807794,0,1,225,task,10,0,-1610,20,652,0
1,107,292,-1.81235261,-0.5162705366,0.9332767996,-2.017547113,-1.655926851,-0.2424466417,0,0,,transition,10,0,-1610,20,652,0
1,107,293,-1.809419044,-0.4915162157,0.8795043771,-1.987091098,-1.656308697,-0.2395125041,0,1,226,task,10,0,-1610,20,652,0
1,107,294,-1.80662234,-0.463518419,0.8187323608,-1.952886709,-1.656671407,-0.2367142256,0,0,,transition,10,0,-1610,20,652,0
1,107,295,-1.803825636,-0.4355206223,0.7579603444,-1.918682319,-1.657034117,-0.233915947,0,1,227,task,10,0,-1610,20,652,0
1,107,296,-1.801156475,-0.4023856892,0.6860455395,-1.87847964,-1.65737904,-0.2312442975,0,0,,transition,10,0,-1610,20,652,0
1,107,297,-1.798487314,-0.3692507562,0.6141307346,-1.83827696,-1.657723962,-0.228572648,0,1,228,task,10,0,-1610,20,652,0
1,107,298,-1.780972905,-0.4616776211,0.6877206781,-1.81770181,-1.651037504,-0.2109901367,0,0,,transition,10,0,-1610,20,652,0
1,107,299,-1.763458496,-0.554104486,0.7613106216,-1.797126659,-1.644351045,-0.1934076253,0,0,,transition,10,0,-1610,20,652,0
1,107,300,-1.745944088,-0.6465313509,0.8349005651,-1.776551508,-1.637664586,-0.1758251139,0,0,,transition,10,0,-1610,20,652,0
1,107,301,-1.728429679,-0.7389582158,0.9084905086,-1.755976357,-1.630978128,-0.1582426025,0,0,,transition,10,0,-1610,20,652,0
1,107,302,-1.71091527,-0.8313850807,0.9820804521,-1.735401206,-1.624291669,-0.1406600911,0,0,,transition,10,0,-1610,20,652,0
1,107,303,-1.693400861,-0.9238119456,1.055670396,-1.714826056,-1.617605211,-0.1230775797,0,0,,transition,10,0,-1610,20,652,0
1,107,304,-1.675886453,-1.016238811,1.129260339,-1.694250905,-1.610918752,-0.1054950683,0,0,,transition,10,0,-1610,20,652,0
1,107,305,-1.658372044,-1.108665675,1.202850283,-1.673675754,-1.604232293,-0.08791255694,0,0,,transition,10,0,-1610,20,652,0
1,107,306,-1.640857635,-1.20109254,1.276440226,-1.653100603,-1.597545835,-0.07033004555,0,0,,transition,10,0,-1610,20,652,0
1,107,307,-1.623343226,-1.293519405,1.35003017,-1.632525452,-1.590859376,-0.05274753416,0,0,,transition,10,0,-1610,20,652,0
1,107,308,-1.605828818,-1.38594627,1.423620113,-1.611950302,-1.584172917,-0.03516502278,0,0,,transition,10,0,-1610,20,652,0
1,107,309,-1.588314409,-1.478373135,1.497210057,-1.591375151,-1.577486459,-0.01758251139,0,0,,transition,10,0,-1610,20,652,0
1,107,310,-1.5708,-1.5708,1.5708,-1.5708,-1.5708,0,0,0,,home,10,0,-1610,20,652,0
1,108,1,-1.5708,-1.5708,1.5708,-1.5708,-1.5708,0,0,0,,home,10,0,-1610,20,652,0
1,108,2,-1.663455244,-1.477192026,1.516383334,-1.617700098,-1.568241562,-0.09236855047,0,0,,transition,10,0,-1610,20,652,0
1,108,3,-1.756110487,-1.383584052,1.461966669,-1.664600196,-1.565683124,-0.1847371009,0,0,,transition,10,0,-1610,20,652,0
1,108,4,-1.848765731,-1.289976078,1.407550003,-1.711500294,-1.563124685,-0.2771056514,0,0,,transition,10,0,-1610,20,652,0
1,108,5,-1.941420974,-1.196368104,1.353133337,-1.758400392,-1.560566247,-0.3694742019,0,0,,transition,10,0,-1610,20,652,0
1,108,6,-2.034076218,-1.10276013,1.298716672,-1.805300489,-1.558007809,-0.4618427524,0,0,,transition,10,0,-1610,20,652,0
1,108,7,-2.126731461,-1.009152156,1.244300006,-1.852200587,-1.555449371,-0.5542113028,0,0,,transition,10,0,-1610,20,652,0
1,108,8,-2.219386705,-0.9155441826,1.189883341,-1.899100685,-1.552890933,-0.6465798533,0,0,,transition,10,0,-1610,20,652,0
1,108,9,-2.312041948,-0.8219362086,1.135466675,-1.946000783,-1.550332494,-0.7389484038,0,0,,transition,10,0,-1610,20,652,0
1,108,10,-2.404697192,-0.7283282347,1.081050009,-1.992900881,-1.547774056,-0.8313169543,0,0,,transition,10,0,-1610,20,652,0
1,108,11,-2.497352435,-0.6347202608,1.026633344,-2.039800979,-1.545215618,-0.9236855047,0,0,,transition,10,0,-1610,20,652,0
1,108,12,-2.590007679,-0.5411122869,0.9722166781,-2.086701077,-1.54265718,-1.016054055,0,1,1,task,10,0,-1610,20,652,0
1,108,13,-2.570043062,-0.5102928242,0.9016881736,-2.044552556,-1.543633768,-0.9962910659,0,1,2,task,15,0,-1610,20,652,0
1,108,14,-2.569184669,-0.5372880905,0.9622349996,-2.07966792,-1.5447311,-0.9953964554,0,0,,transition,10,0,-1610,20,652,0
1,108,15,-2.568326277,-0.5642833567,1.022781826,-2.114783284,-1.545828432,-0.9945018449,0,1,3,task,10,0,-1610,20,652,0
1,108,16,-2.577864675,-0.5762570566,1.050435364,-2.130109268,-1.543687669,-1.003950241,0,1,4,task,25,0,-1610,20,652,0
1,108,17,-2.565215813,-0.608683155,1.122925363,-2.170508066,-1.544765304,-0.9913429209,0,1,5,task,10,0,-1610,20,652,0
1,108,18,-2.543574041,-0.5825875122,1.062191967,-2.136594406,-1.550231713,-0.969938245,0,1,6,task,30,0,-1610,20,652,0
1,108,19,-2.539041679,-0.6245594397,1.156935044,-2.189413911,-1.549675726,-0.9653779598,0,1,7,task,10,0,-1610,20,652,0
1,108,20,-2.5520345,-0.6388430743,1.190681115,-2.208438394,-1.5458927,-0.9782056523,0,1,8,task,30,0,-1610,20,652,0
1,108,21,-2.538292816,-0.6670605183,1.254416067,-2.244288804,-1.547072593,-0.9645106726,0,1,9,task,10,0,-1610,20,652,0
1,108,22,-2.515415303,-0.643193643,1.197050146,-2.211448735,-1.555297105,-0.9420051215,0,1,10,task,30,0,-1610,20,652,0
1,108,23,-2.506487447,-0.6774006703,1.27424743,-2.254584665,-1.556892336,-0.933149903,0,1,11,task,10,0,-1610,20,652,0
1,108,24,-2.523961515,-0.69357464,1.314659304,-2.278347843,-1.548307847,-0.9502288965,0,1,12,task,30,0,-1610,20,652,0
1,108,25,-2.509010031,-0.7185663382,1.371812923,-2.310835113,-1.549601438,-0.9353299281,0,1,13,task,10,0,-1610,20,652,0
1,108,26,-2.482965086,-0.6966716487,1.314336805,-2.274697745,-1.567037205,-0.9101704207,0,1,14,task,30,0,-1610,20,652,0
1,108,27,-2.452905304,-0.6584121786,1.228024942,-2.223933478,-1.574205623,-0.8805207747,0,0,,transition,10,0,-1610,20,652,0
1,108,28,-2.422845522,-0.6201527086,1.14171308,-2.173169211,-1.581374042,-0.8508711286,0,0,,transition,10,0,-1610,20,652,0
1,108,29,-2.39278574,-0.5818932385,1.055401217,-2.122404944,-1.58854246,-0.8212214826,0,0,,transition,10,0,-1610,20,652,0
1,108,30,-2.362725958,-0.5436337684,0.9690893546,-2.071640677,-1.595710879,-0.7915718365,0,0,,transition,10,0,-1610,20,652,0
1,108,31,-2.332666176,-0.5053742983,0.8827774921,-2.02087641,-1.602879298,-0.7619221905,0,1,15,task,10,0,-1610,20,652,0
1,108,32,-2.349529313,-0.5448999533,0.9687203932,-2.068631085,-1.600656535,-0.778679862,0,1,16,task,30,0,-1610,20,652,0
1,108,33,-2.367025899,-0.5810076126,1.047326748,-2.112430067,-1.598350483,-0.7960645387,0,1,17,task,30,0,-1610,20,652,0
1,108,34,-2.385183287,-0.6143791087,1.120087221,-2.153077637,-1.59595791,-0.8141033558,0,1,18,task,30,0,-1610,20,652,0
1,108,35,-2.404333655,-0.6451389443,1.189589605,-2.194240468,-1.592360784,-0.8330360612,0,1,19,task,30,0,-1610,20,652,0
1,108,36,-2.424368646,-0.6736512632,1.255490131,-2.23448474,-1.588107677,-0.8527936665,0,1,20,task,30,0,-1610,20,652,0
1,108,37,-2.445188057,-0.7003046615,1.317627285,-2.272694992,-1.583683815,-0.8733151675,0,1,21,task,30,0,-1610,20,652,0
1,108,38,-2.4668234,-0.725299075,1.376444635,-2.309101613,-1.579084377,-0.8946319744,0,1,22,task,30,0,-1610,20,652,0
1,108,39,-2.485408553,-0.7456617071,1.423580754,-2.337369875,-1.576962193,-0.9130652039,0,1,23,task,30,0,-1610,20,652,0
1,108,40,-2.468908662,-0.7675172338,1.475126615,-2.366946816,-1.578422108,-0.8966296391,0,1,24,task,10,0,-1610,20,652,0
1,108,41,-2.447298323,-0.7440924097,1.421773574,-2.336574133,-1.580252936,-0.8751084003,0,1,25,task,30,0,-1610,20,652,0
1,108,42,-2.426506356,-0.7193893348,1.365844059,-2.30487481,-1.581996586,-0.8544007087,0,1,26,task,30,0,-1610,20,652,0
1,108,43,-2.406479455,-0.6932885817,1.307002903,-2.271573504,-1.583729067,-0.8344596613,0,1,27,task,30,0,-1610,20,652,0
1,108,44,-2.385291094,-0.6652338839,1.237870916,-2.223788415,-1.592054766,-0.8139018342,0,1,28,task,30,0,-1610,20,652,0
1,108,45,-2.365372553,-0.6349283138,1.167226067,-2.179065857,-1.598560028,-0.7944030134,0,1,29,task,30,0,-1610,20,652,0
1,108,46,-2.346713121,-0.6024583105,1.095636297,-2.138610759,-1.603088329,-0.7759705291,0,1,30,task,30,0,-1610,20,652,0
1,108,47,-2.328754565,-0.5674425564,1.01864488,-2.095183311,-1.607524271,-0.758231973,0,1,31,task,30,0,-1610,20,652,0
1,108,48,-2.311466822,-0.5293032912,0.9349883822,-2.04810682,-1.611869597,-0.7411569588,0,1,32,task,30,0,-1610,20,652,0
1,108,49,-2.290273672,-0.5578603516,0.9976883879,-2.083697138,-1.627746254,-0.7207720295,0,1,33,task,10,0,-1610,20,652,0
1,108,50,-2.306687554,-0.5944296263,1.07643858,-2.126614773,-1.626080489,-0.7371416441,0,1,34,task,30,0,-1610,20,652,0
1,108,51,-2.323749922,-0.6284084568,1.149631466,-2.166565238,-1.624357721,-0.7541564627,0,1,35,task,30,0,-1610,20,652,0
1,108,52,-2.341452353,-0.6605158762,1.219786478,-2.206896135,-1.622699308,-0.771795573,0,1,36,task,30,0,-1610,20,652,0
1,108,53,-2.365710392,-0.6905150932,1.302120356,-2.275177831,-1.601149605,-0.7944288835,0,1,37,task,30,0,-1610,20,652,0
1,108,54,-2.387285681,-0.7167691538,1.363740304,-2.310926998,-1.591705118,-0.8154676962,0,1,38,task,30,0,-1610,20,652,0
1,108,55,-2.407678945,-0.7421126305,1.42095377,-2.342552809,-1.58886127,-0.8357425674,0,1,39,task,30,0,-1610,20,652,0
1,108,56,-2.428895921,-0.7661646348,1.475552583,-2.372791293,-1.585960139,-0.8568389991,0,1,40,task,30,0,-1610,20,652,0
1,108,57,-2.450665709,-0.7887209024,1.527063583,-2.401373204,-1.583041977,-0.8784880209,0,1,41,task,30,0,-1610,20,652,0
1,108,58,-2.429733046,-0.809066272,1.571553704,-2.423903218,-1.59356101,-0.8582176149,0,1,42,task,10,0,-1610,20,652,0
1,108,59,-2.407893347,-0.7862780883,1.521585793,-2.399284423,-1.595672076,-0.8363710949,0,1,43,task,30,0,-1610,20,652,0
1,108,60,-2.386439182,-0.7624578397,1.466862165,-2.368121652,-1.599348533,-0.8150994337,0,1,44,task,30,0,-1610,20,652,0
1,108,61,-2.365855987,-0.737383192,1.409639445,-2.335627594,-1.602943976,-0.7946940639,0,1,45,task,30,0,-1610,20,652,0
1,108,62,-2.345128054,-0.7110147117,1.347919686,-2.298452657,-1.609707995,-0.7743808536,0,1,46,task,30,0,-1610,20,652,0
1,108,63,-2.323338868,-0.6821009564,1.275303665,-2.245811138,-1.622813108,-0.7535418231,0,1,47,task,30,0,-1610,20,652,0
1,108,64,-2.305451761,-0.6504229141,1.20308115,-2.199362968,-1.625344492,-0.7358295087,0,1,48,task,30,0,-1610,20,652,0
1,108,65,-2.288511056,-0.6169154014,1.129150334,-2.155646426,-1.626946806,-0.7189599197,0,1,49,task,30,0,-1610,20,652,0
1,108,66,-2.272137347,-0.5815662421,1.052928557,-2.114098148,-1.628815226,-0.7026399142,0,1,50,task,30,0,-1610,20,652,0
1,108,67,-2.251960682,-0.5997057063,1.096330284,-2.137982944,-1.6296893,-0.6824496934,0,1,51,task,10,0,-1610,20,652,0
1,108,68,-2.268049706,-0.6347719117,1.173631111,-2.183381793,-1.628146476,-0.6984752109,0,1,52,task,30,0,-1610,20,652,0
1,108,69,-2.284749202,-0.667571398,1.246235363,-2.226499851,-1.626757789,-0.7151144027,0,1,53,task,30,0,-1610,20,652,0
1,108,70,-2.302545279,-0.6984316931,1.316317296,-2.270443924,-1.623996698,-0.7327387011,0,1,54,task,30,0,-1610,20,652,0
1,108,71,-2.322259261,-0.7271369021,1.384320569,-2.315537877,-1.617377115,-0.7519970898,0,1,55,task,30,0,-1610,20,652,0
1,108,72,-2.344295586,-0.7533183517,1.448590056,-2.358067467,-1.605967924,-0.7732742413,0,1,56,task,30,0,-1610,20,652,0
1,108,73,-2.364975327,-0.7781427432,1.5056732,-2.390678754,-1.601745293,-0.7937420291,0,1,57,task,30,0,-1610,20,652,0
1,108,74,-2.386562581,-0.8017509436,1.560364634,-2.422004133,-1.597440112,-0.8151132046,0,1,58,task,30,0,-1610,20,652,0
1,108,75,-2.40839469,-0.8245497196,1.610910189,-2.447841051,-1.595211282,-0.8369252561,0,1,59,task,30,0,-1610,20,652,0
1,108,76,-2.410844355,-0.8271374754,1.61627954,-2.450113414,-1.595266151,-0.8394008021,0,1,60,task,30,0,-1610,20,652,0
1,108,77,-2.391127923,-0.84414632,1.659015578,-2.475342526,-1.597036765,-0.8197577251,0,1,61,task,10,0,-1610,20,652,0
1,108,78,-2.369679289,-0.8213036734,1.609285316,-2.45070189,-1.597715255,-0.798223872,0,1,62,task,30,0,-1610,20,652,0
1,108,79,-2.347525199,-0.7982204824,1.555003749,-2.419387062,-1.603405318,-0.7763602542,0,1,63,task,30,0,-1610,20,652,0
1,108,80,-2.325973699,-0.7739112435,1.497453209,-2.384847457,-1.610153,-0.755195657,0,1,64,task,30,0,-1610,20,652,0
1,108,81,-2.304527145,-0.7480582231,1.434787769,-2.344011383,-1.619469713,-0.7343521616,0,1,65,task,30,0,-1610,20,652,0
1,108,82,-2.285175276,-0.7201078524,1.369420921,-2.302141737,-1.624849319,-0.7153457103,0,1,66,task,30,0,-1610,20,652,0
1,108,83,-2.267341716,-0.6902075154,1.301150985,-2.259351096,-1.627818502,-0.6976915172,0,1,67,task,30,0,-1610,20,652,0
1,108,84,-2.250650181,-0.6584954214,1.230876563,-2.217900677,-1.629360041,-0.681063773,0,1,68,task,30,0,-1610,20,652,0
1,108,85,-2.234729081,-0.6247748665,1.156699043,-2.174840444,-1.630563904,-0.6651812081,0,1,69,task,30,0,-1610,20,652,0
1,108,86,-2.210629627,-0.6337709835,1.187247455,-2.197262399,-1.634709812,-0.6412064149,0,1,70,task,10,0,-1610,20,652,0
1,108,87,-2.226570512,-0.6675323663,1.260896187,-2.239763725,-1.632274591,-0.6570417123,0,1,71,task,30,0,-1610,20,652,0
1,108,88,-2.243237935,-0.6993838083,1.330529128,-2.280141781,-1.629715907,-0.673591884,0,1,72,task,30,0,-1610,20,652,0
1,108,89,-2.260675595,-0.7295826307,1.396712876,-2.318701128,-1.627026057,-0.6908997704,0,1,73,task,30,0,-1610,20,652,0
1,108,90,-2.279051774,-0.7582302532,1.460183192,-2.356337241,-1.623807092,-0.7091041369,0,1,74,task,30,0,-1610,20,652,0
1,108,91,-2.299552901,-0.7843659879,1.522801403,-2.396940309,-1.616521479,-0.729147348,0,1,75,task,30,0,-1610,20,652,0
1,108,92,-2.321094122,-0.8089958515,1.58231878,-2.435128447,-1.608898267,-0.7502086757,0,1,76,task,30,0,-1610,20,652,0
1,108,93,-2.343899699,-0.8319236625,1.637287652,-2.46730434,-1.600467623,-0.7725673998,0,1,77,task,30,0,-1610,20,652,0
1,108,94,-2.364849678,-0.8548693676,1.690264911,-2.498855852,-1.600429262,-0.7935243304,0,1,78,task,30,0,-1610,20,652,0
1,108,95,-2.370005372,-0.8601386812,1.703558823,-2.508450886,-1.600345513,-0.7986396598,0,1,79,task,30,0,-1610,20,652,0
1,108,96,-2.348465684,-0.8748450141,1.742410215,-2.531940311,-1.602365257,-0.7771848622,0,1,80,task,10,0,-1610,20,652,0
1,108,97,-2.326109984,-0.8527014318,1.690488262,-2.502037663,-1.60598137,-0.7549898184,0,1,81,task,30,0,-1610,20,652,0
1,108,98,-2.304769416,-0.8282784744,1.635091104,-2.468489349,-1.609606405,-0.7338784398,0,1,82,task,30,0,-1610,20,652,0
1,108,99,-2.28445801,-0.8028048674,1.57764422,-2.433873686,-1.613046387,-0.7137772948,0,1,83,task,30,0,-1610,20,652,0
1,108,100,-2.265114215,-0.7762012825,1.517964141,-2.398096846,-1.616311893,-0.6946259003,0,1,84,task,30,0,-1610,20,652,0
1,108,101,-2.246680093,-0.7483673171,1.455821791,-2.361039139,-1.619413067,-0.6763673796,0,1,85,task,30,0,-1610,20,652,0
1,108,102,-2.229101234,-0.7191754678,1.390929459,-2.322548172,-1.622359573,-0.6589483609,0,1,86,task,30,0,-1610,20,652,0
1,108,103,-2.212326635,-0.6884624385,1.322921914,-2.282428794,-1.625160581,-0.6423188437,0,1,87,task,30,0,-1610,20,652,0
1,108,104,-2.19630855,-0.6560162001,1.251328212,-2.240427983,-1.627824759,-0.6264320455,0,1,88,task,30,0,-1610,20,652,0
1,108,105,-2.181002333,-0.6215559797,1.175528035,-2.1962113,-1.630360271,-0.6112442352,0,1,89,task,30,0,-1610,20,652,0
1,108,106,-2.166366268,-0.5846998322,1.094680874,-2.149324605,-1.632774794,-0.5967145617,0,1,90,task,30,0,-1610,20,652,0
1,108,107,-2.152361395,-0.544908894,1.007604205,-2.099128063,-1.635075532,-0.5828048806,0,1,91,task,30,0,-1610,20,652,0
1,108,108,-2.138951341,-0.5013839024,0.9125472324,-2.044673451,-1.637269233,-0.5694795843,0,1,92,task,30,0,-1610,20,652,0
1,108,109,-2.132526746,-0.4771179426,0.8596358535,-2.014562234,-1.638315723,-0.5630925101,0,0,,transition,10,0,-1610,20,652,0
1,108,110,-2.126102152,-0.4528519828,0.8067244746,-1.984451018,-1.639362212,-0.556705436,0,1,93,task,10,0,-1610,20,652,0
1,108,111,-2.119942144,-0.424953841,0.7459609509,-1.950116589,-1.640361294,-0.5505784231,0,0,,transition,10,0,-1610,20,652,0
1,108,112,-2.113782136,-0.3970556992,0.6851974271,-1.91578216,-1.641360375,-0.5444514103,0,1,94,task,10,0,-1610,20,652,0
1,108,113,-2.068533625,-0.4948677242,0.7589976416,-1.887033647,-1.635480344,-0.4990804595,0,0,,transition,10,0,-1610,20,652,0
1,108,114,-2.023285113,-0.5926797493,0.832797856,-1.858285134,-1.629600313,-0.4537095086,0,0,,transition,10,0,-1610,20,652,0
1,108,115,-1.978036602,-0.6904917744,0.9065980704,-1.82953662,-1.623720281,-0.4083385578,0,0,,transition,10,0,-1610,20,652,0
1,108,116,-1.932788091,-0.7883037994,0.9803982848,-1.800788107,-1.61784025,-0.3629676069,0,0,,transition,10,0,-1610,20,652,0
1,108,117,-1.887539579,-0.8861158245,1.054198499,-1.772039594,-1.611960219,-0.317596656,0,0,,transition,10,0,-1610,20,652,0
1,108,118,-1.842291068,-0.9839278496,1.127998714,-1.74329108,-1.606080188,-0.2722257052,0,0,,transition,10,0,-1610,20,652,0
1,108,119,-1.797042557,-1.081739875,1.201798928,-1.714542567,-1.600200156,-0.2268547543,0,0,,transition,10,0,-1610,20,652,0
1,108,120,-1.751794045,-1.1795519,1.275599142,-1.685794053,-1.594320125,-0.1814838034,0,0,,transition,10,0,-1610,20,652,0
1,108,121,-1.706545534,-1.277363925,1.349399357,-1.65704554,-1.588440094,-0.1361128526,0,0,,transition,10,0,-1610,20,652,0
1,108,122,-1.661297023,-1.37517595,1.423199571,-1.628297027,-1.582560063,-0.09074190172,0,0,,transition,10,0,-1610,20,652,0
1,108,123,-1.616048511,-1.472987975,1.496999786,-1.599548513,-1.576680031,-0.04537095086,0,0,,transition,10,0,-1610,20,652,0
1,108,124,-1.5708,-1.5708,1.5708,-1.5708,-1.5708,0,0,0,,home,10,0,-1610,20,652,0
2,119,1,-1.5708,-1.5708,1.5708,-1.5708,-1.5708,0,0,0,,home,10,0,1610,20,652,0
2,119,2,-1.585181097,-1.479603058,1.517490741,-1.608782252,-1.563870291,-0.01442272909,0,0,,transition,10,0,1610,20,652,0
2,119,3,-1.599562193,-1.388406117,1.464181482,-1.646764504,-1.556940583,-0.02884545818,0,0,,transition,10,0,1610,20,652,0
2,119,4,-1.61394329,-1.297209175,1.410872223,-1.684746756,-1.550010874,-0.04326818727,0,0,,transition,10,0,1610,20,652,0
2,119,5,-1.628324386,-1.206012234,1.357562964,-1.722729008,-1.543081165,-0.05769091636,0,0,,transition,10,0,1610,20,652,0
2,119,6,-1.642705483,-1.114815292,1.304253705,-1.76071126,-1.536151456,-0.07211364545,0,0,,transition,10,0,1610,20,652,0
2,119,7,-1.657086579,-1.023618351,1.250944445,-1.798693512,-1.529221748,-0.08653637454,0,0,,transition,10,0,1610,20,652,0
2,119,8,-1.671467676,-0.9324214094,1.197635186,-1.836675764,-1.522292039,-0.1009591036,0,0,,transition,10,0,1610,20,652,0
2,119,9,-1.685848773,-0.8412244679,1.144325927,-1.874658016,-1.51536233,-0.1153818327,0,0,,transition,10,0,1610,20,652,0
2,119,10,-1.700229869,-0.7500275263,1.091016668,-1.912640268,-1.508432621,-0.1298045618,0,0,,transition,10,0,1610,20,652,0
2,119,11,-1.714610966,-0.6588305848,1.037707409,-1.95062252,-1.501502913,-0.1442272909,0,0,,transition,10,0,1610,20,652,0
2,119,12,-1.728992062,-0.5676336433,0.9843981501,-1.988604772,-1.494573204,-0.15865002,0,1,1,task,10,0,1610,20,652,0
2,119,13,-1.727113929,-0.5426009458,0.9311702174,-1.960003138,-1.494639631,-0.1567667364,0,0,,transition,10,0,1610,20,652,0
2,119,14,-1.725235796,-0.5175682483,0.8779422848,-1.931401505,-1.494706058,-0.1548834529,0,1,2,task,10,0,1610,20,652,0
2,119,15,-1.72344516,-0.4893897618,0.8178617623,-1.899085935,-1.49476899,-0.1530878615,0,0,,transition,10,0,1610,20,652,0
2,119,16,-1.721654524,-0.4612112752,0.7577812398,-1.866770366,-1.494831922,-0.15129227,0,1,3,task,10,0,1610,20,652,0
2,119,17,-1.719945401,-0.4280563974,0.6868479024,-1.828571745,-1.494891565,-0.1495783689,0,0,,transition,10,0,1610,20,652,0
2,119,18,-1.718236277,-0.3949015196,0.615914565,-1.790373124,-1.494951208,-0.1478644677,0,1,4,task,10,0,1610,20,652,0
2,119,19,-1.746247505,-0.3944140173,0.6161108259,-1.780141219,-1.474683015,-0.1762745914,0,1,5,task,10,0,1610,20,652,0
2,119,20,-1.748250543,-0.4273268642,0.6862258509,-1.817276472,-1.474737196,-0.1782861397,0,0,,transition,10,0,1610,20,652,0
2,119,21,-1.750253581,-0.460239711,0.7563408759,-1.854411726,-1.474791376,-0.1802976881,0,1,6,task,10,0,1610,20,652,0
2,119,22,-1.752350905,-0.4882791825,0.8158109087,-1.885766629,-1.474846513,-0.1824039159,0,0,,transition,10,0,1610,20,652,0
2,119,23,-1.754448228,-0.516318654,0.8752809415,-1.917121531,-1.47490165,-0.1845101436,0,1,7,task,10,0,1610,20,652,0
2,119,24,-1.756646658,-0.5412688373,0.9280032412,-1.944808628,-1.474957871,-0.1867178983,0,0,,transition,10,0,1610,20,652,0
2,119,25,-1.758845088,-0.5662190207,0.9807255408,-1.972495725,-1.475014092,-0.1889256529,0,1,8,task,10,0,1610,20,652,0
2,119,26,-1.782280697,-0.5587614403,0.9698693346,-1.966863062,-1.475343312,-0.2124664584,0,1,9,task,10,0,1610,20,652,0
2,119,27,-1.779819914,-0.5335787773,0.9165464902,-1.938781876,-1.475271188,-0.2099955874,0,0,,transition,10,0,1610,20,652,0
2,119,28,-1.777359131,-0.5083961143,0.8632236458,-1.910700691,-1.475199063,-0.2075247165,0,1,10,task,10,0,1610,20,652,0
2,119,29,-1.775010998,-0.4799859005,0.8028559054,-1.878791878,-1.475128036,-0.2051669471,0,0,,transition,10,0,1610,20,652,0
2,119,30,-1.772662865,-0.4515756866,0.7424881651,-1.846883065,-1.475057009,-0.2028091777,0,1,11,task,10,0,1610,20,652,0
2,119,31,-1.770419827,-0.4179962631,0.6708330111,-1.808846449,-1.474986938,-0.2005569266,0,0,,transition,10,0,1610,20,652,0
2,119,32,-1.768176789,-0.3844168395,0.5991778572,-1.770809834,-1.474916867,-0.1983046755,0,1,12,task,10,0,1610,20,652,0
2,119,33,-1.790276347,-0.3736381275,0.5798744067,-1.758448436,-1.474376997,-0.2205234659,0,1,13,task,10,0,1610,20,652,0
2,119,34,-1.792653723,-0.4083157469,0.654262996,-1.798761141,-1.474857101,-0.2229013104,0,0,,transition,10,0,1610,20,652,0
2,119,35,-1.795031098,-0.4429933664,0.7286515853,-1.839073845,-1.475337204,-0.225279155,0,1,14,task,10,0,1610,20,652,0
2,119,36,-1.797624553,-0.4717990652,0.79000767,-1.87166822,-1.475435002,-0.2278825912,0,0,,transition,10,0,1610,20,652,0
2,119,37,-1.800218009,-0.500604764,0.8513637548,-1.904262594,-1.475532799,-0.2304860275,0,1,15,task,10,0,1610,20,652,0
2,119,38,-1.802935412,-0.526029968,0.9053478166,-1.932854394,-1.475631002,-0.2332138776,0,0,,transition,10,0,1610,20,652,0
2,119,39,-1.805652815,-0.551455172,0.9593318784,-1.961446194,-1.475729205,-0.2359417277,0,1,16,task,10,0,1610,20,652,0
2,119,40,-1.829417615,-0.5479205295,0.9569662868,-1.960743361,-1.47622319,-0.259807817,0,1,17,task,10,0,1610,20,652,0
2,119,41,-1.826452658,-0.5223177213,0.9022113744,-1.931043102,-1.476039337,-0.2568342293,0,0,,transition,10,0,1610,20,652,0
2,119,42,-1.823487702,-0.4967149131,0.8474564619,-1.901342843,-1.475855483,-0.2538606416,0,1,18,task,10,0,1610,20,652,0
2,119,43,-1.820762436,-0.4674973634,0.7848817783,-1.867253904,-1.475280421,-0.2511369611,0,0,,transition,10,0,1610,20,652,0
2,119,44,-1.81803717,-0.4382798136,0.7223070947,-1.833164966,-1.474705359,-0.2484132806,0,1,19,task,10,0,1610,20,652,0
2,119,45,-1.815448197,-0.4032165324,0.6469976145,-1.792157924,-1.474071995,-0.245827179,0,0,,transition,10,0,1610,20,652,0
2,119,46,-1.812859224,-0.3681532513,0.5716881344,-1.751150882,-1.473438632,-0.2432410773,0,1,20,task,10,0,1610,20,652,0
2,119,47,-1.833204262,-0.3424575438,0.5238434965,-1.726334934,-1.475623784,-0.2636325499,0,1,21,task,10,0,1610,20,652,0
2,119,48,-1.836237986,-0.3796395123,0.6037791325,-1.769518187,-1.475376318,-0.2666875115,0,0,,transition,10,0,1610,20,652,0
2,119,49,-1.83927171,-0.4168214808,0.6837147684,-1.812701441,-1.475128851,-0.2697424732,0,1,22,task,10,0,1610,20,652,0
2,119,50,-1.842446139,-0.4471454374,0.7486913917,-1.84776666,-1.474877925,-0.2729389847,0,0,,transition,10,0,1610,20,652,0
2,119,51,-1.845620568,-0.477469394,0.8136680149,-1.88283188,-1.474626999,-0.2761354963,0,1,23,task,10,0,1610,20,652,0
2,119,52,-1.848945632,-0.5038371669,0.8700317826,-1.913222144,-1.474372535,-0.2794835575,0,0,,transition,10,0,1610,20,652,0
2,119,53,-1.852270697,-0.5302049398,0.9263955503,-1.943612408,-1.474118071,-0.2828316188,0,1,24,task,10,0,1610,20,652,0
2,119,54,-1.875733058,-0.5294260893,0.938865783,-1.959595032,-1.477573893,-0.3063018789,0,1,25,task,10,0,1610,20,652,0
2,119,55,-1.87214454,-0.5034902493,0.8830957918,-1.929119265,-1.477809901,-0.3026918712,0,0,,transition,10,0,1610,20,652,0
2,119,56,-1.868556021,-0.4775544093,0.8273258006,-1.898643498,-1.47804591,-0.2990818635,0,1,26,task,10,0,1610,20,652,0
2,119,57,-1.86513048,-0.4478232808,0.7633131546,-1.863701464,-1.478274253,-0.2956355097,0,0,,transition,10,0,1610,20,652,0
2,119,58,-1.86170494,-0.4180921523,0.6993005085,-1.82875943,-1.478502596,-0.2921891558,0,1,27,task,10,0,1610,20,652,0
2,119,59,-1.858431633,-0.381923845,0.6212669832,-1.786216132,-1.478723616,-0.2888956496,0,0,,transition,10,0,1610,20,652,0
2,119,60,-1.855158326,-0.3457555378,0.5432334579,-1.743672833,-1.478944636,-0.2856021434,0,1,28,task,10,0,1610,20,652,0
2,119,61,-1.873192502,-0.3028768149,0.4605785017,-1.701801167,-1.485059542,-0.3035498635,0,1,29,task,10,0,1610,20,652,0
2,119,62,-1.876645073,-0.3435836218,0.5487686605,-1.750153448,-1.484779372,-0.3070236622,0,0,,transition,10,0,1610,20,652,0
2,119,63,-1.880097644,-0.3842904288,0.6369588193,-1.798505728,-1.484499202,-0.310497461,0,1,30,task,10,0,1610,20,652,0
2,119,64,-1.883709017,-0.4162257784,0.706032987,-1.836495175,-1.484208929,-0.3141304894,0,0,,transition,10,0,1610,20,652,0
2,119,65,-1.887320391,-0.4481611281,0.7751071547,-1.874484622,-1.483918656,-0.3177635178,0,1,31,task,10,0,1610,20,652,0
2,119,66,-1.891101612,-0.4754233674,0.8340341176,-1.906980268,-1.483617763,-0.3215668779,0,0,,transition,10,0,1610,20,652,0
2,119,67,-1.894882833,-0.5026856067,0.8929610805,-1.939475913,-1.483316869,-0.325370238,0,1,32,task,10,0,1610,20,652,0
2,119,68,-1.865420757,-0.5997869152,0.9545828004,-1.905959921,-1.491269881,-0.2957911255,0,0,,transition,10,0,1610,20,652,0
2,119,69,-1.835958681,-0.6968882236,1.01620452,-1.872443929,-1.499222893,-0.2662120129,0,0,,transition,10,0,1610,20,652,0
2,119,70,-1.806496605,-0.7939895321,1.07782624,-1.838927937,-1.507175905,-0.2366329004,0,0,,transition,10,0,1610,20,652,0
2,119,71,-1.77703453,-0.8910908406,1.13944796,-1.805411945,-1.515128917,-0.2070537878,0,0,,transition,10,0,1610,20,652,0
2,119,72,-1.747572454,-0.9881921491,1.20106968,-1.771895953,-1.523081929,-0.1774746753,0,0,,transition,10,0,1610,20,652,0
2,119,73,-1.718110378,-1.085293458,1.2626914,-1.738379961,-1.531034941,-0.1478955627,0,0,,transition,10,0,1610,20,652,0
2,119,74,-1.688648303,-1.182394766,1.32431312,-1.704863969,-1.538987953,-0.1183164502,0,0,,transition,10,0,1610,20,652,0
2,119,75,-1.659186227,-1.279496075,1.38593484,-1.671347976,-1.546940964,-0.08873733764,0,0,,transition,10,0,1610,20,652,0
2,119,76,-1.629724151,-1.376597383,1.44755656,-1.637831984,-1.554893976,-0.05915822509,0,0,,transition,10,0,1610,20,652,0
2,119,77,-1.600262076,-1.473698692,1.50917828,-1.604315992,-1.562846988,-0.02957911255,0,0,,transition,10,0,1610,20,652,0
2,119,78,-1.5708,-1.5708,1.5708,-1.5708,-1.5708,0,0,0,,home,10,0,1610,20,652,0
2,120,1,-1.5708,-1.5708,1.5708,-1.5708,-1.5708,0,0,0,,home,10,0,1610,20,652,0
2,120,2,-1.531793402,-1.477890277,1.568635501,-1.656148434,-1.616436468,0.04247800408,0,0,,transition,10,0,1610,20,652,0
2,120,3,-1.492786804,-1.384980553,1.566471002,-1.741496868,-1.662072936,0.08495600816,0,0,,transition,10,0,1610,20,652,0
2,120,4,-1.453780205,-1.29207083,1.564306503,-1.826845302,-1.707709405,0.1274340122,0,0,,transition,10,0,1610,20,652,0
2,120,5,-1.414773607,-1.199161106,1.562142004,-1.912193735,-1.753345873,0.1699120163,0,0,,transition,10,0,1610,20,652,0
2,120,6,-1.375767009,-1.106251383,1.559977505,-1.997542169,-1.798982341,0.2123900204,0,0,,transition,10,0,1610,20,652,0
2,120,7,-1.336760411,-1.01334166,1.557813006,-2.082890603,-1.844618809,0.2548680245,0,0,,transition,10,0,1610,20,652,0
2,120,8,-1.297753813,-0.9204319362,1.555648507,-2.168239037,-1.890255277,0.2973460285,0,0,,transition,10,0,1610,20,652,0
2,120,9,-1.258747214,-0.8275222128,1.553484008,-2.253587471,-1.935891745,0.3398240326,0,0,,transition,10,0,1610,20,652,0
2,120,10,-1.219740616,-0.7346124894,1.551319509,-2.338935905,-1.981528214,0.3823020367,0,1,1,task,10,0,1610,20,652,0
2,120,11,-1.239852967,-0.7198229425,1.488352203,-2.292147454,-1.947818786,0.3556988541,0,1,2,task,10,0,1610,20,652,0
2,120,12,-1.239344406,-0.6857125718,1.425907715,-2.268725861,-1.979794947,0.3606292237,0,1,3,task,10,0,1610,20,652,0
2,120,13,-1.239972871,-0.6675470743,1.372467939,-2.210262757,-1.992456676,0.3626322877,0,0,,transition,10,0,1610,20,652,0
2,120,14,-1.240601336,-0.6493815769,1.319028164,-2.151799653,-2.005118404,0.3646353517,0,1,4,task,10,0,1610,20,652,0
2,120,15,-1.274343233,-0.6362064052,1.234167776,-2.073548919,-1.917074926,0.3157468393,0,1,5,task,10,0,1610,20,652,0
2,120,16,-1.27994723,-0.6039336723,1.179797054,-2.075841521,-1.924075313,0.3103745175,0,1,6,task,30,0,1610,20,652,0
2,120,17,-1.283283898,-0.5676153631,1.113518831,-2.061706712,-1.938357425,0.3082315065,0,1,7,task,30,0,1610,20,652,0
2,120,18,-1.284764541,-0.5237067925,1.016607278,-2.000037357,-1.958822223,0.309258596,0,1,8,task,30,0,1610,20,652,0
2,120,19,-1.283167904,-0.4947766633,0.9513052436,-1.948807272,-1.978009887,0.3138035892,0,0,,transition,10,0,1610,20,652,0
2,120,20,-1.281571267,-0.465846534,0.8860032097,-1.897577188,-1.997197552,0.3183485824,0,1,9,task,10,0,1610,20,652,0
2,120,21,-1.286417163,-0.4405271341,0.8250060702,-1.858699072,-1.991245821,0.3122165367,0,0,,transition,10,0,1610,20,652,0
2,120,22,-1.291263059,-0.4152077342,0.7640089308,-1.819820957,-1.98529409,0.3060844911,0,1,10,task,10,0,1610,20,652,0
2,120,23,-1.332622348,-0.464125756,0.8343737255,-1.873695404,-1.913386467,0.2531302021,0,1,11,task,10,0,1610,20,652,0
2,120,24,-1.328952196,-0.490673424,0.9007989926,-1.924690782,-1.916470697,0.2572284559,0,0,,transition,10,0,1610,20,652,0
2,120,25,-1.325282044,-0.517221092,0.9672242598,-1.97568616,-1.919554927,0.2613267097,0,1,12,task,10,0,1610,20,652,0
2,120,26,-1.315960889,-0.5561554359,1.059822284,-2.028422057,-1.931643186,0.2724467659,0,1,13,task,30,0,1610,20,652,0
2,120,27,-1.31076089,-0.5933489372,1.13478459,-2.055193759,-1.927204373,0.2776792838,0,1,14,task,30,0,1610,20,652,0
2,120,28,-1.305348126,-0.6285303049,1.205256431,-2.079491245,-1.922620136,0.2830886913,0,1,15,task,30,0,1610,20,652,0
2,120,29,-1.299709037,-0.6620412496,1.271974926,-2.101710306,-1.917884037,0.288686419,0,1,16,task,30,0,1610,20,652,0
2,120,30,-1.294971287,-0.6985820862,1.3668736,-2.18392704,-1.909394351,0.2926227812,0,1,17,task,30,0,1610,20,652,0
2,120,31,-1.275842738,-0.7185781762,1.457708349,-2.280335673,-1.947161405,0.316668987,0,1,18,task,10,0,1610,20,652,0
2,120,32,-1.269895781,-0.7461800564,1.527400096,-2.327481367,-1.939541686,0.3219564112,0,1,19,task,30,0,1610,20,652,0
2,120,33,-1.262510716,-0.7716054139,1.589704419,-2.362882922,-1.935241651,0.3293351261,0,1,20,task,30,0,1610,20,652,0
2,120,34,-1.259254261,-0.8015663113,1.63540187,-2.357231598,-1.916904871,0.3311683315,0,1,21,task,30,0,1610,20,652,0
2,120,35,-1.238876441,-0.7961931111,1.676422565,-2.420520351,-1.963775951,0.358943588,0,0,,transition,10,0,1610,20,652,0
2,120,36,-1.218498621,-0.7908199109,1.717443259,-2.483809105,-2.010647032,0.3867188445,0,1,22,task,10,0,1610,20,652,0
2,120,37,-1.207120364,-0.8074342762,1.771863463,-2.51757877,-2.011709346,0.3994300719,0,1,23,task,30,0,1610,20,652,0
2,120,38,-1.184180545,-0.7972935644,1.823505349,-2.599854987,-2.055070126,0.4308993752,0,1,24,task,10,0,1610,20,652,0
2,120,39,-1.222270201,-0.8318867888,1.846939085,-2.604760122,-1.990528127,0.3795588546,0,0,,transition,10,0,1610,20,652,0
2,120,40,-1.260359857,-0.8664800132,1.870372821,-2.609665257,-1.925986127,0.3282183339,0,1,25,task,10,0,1610,20,652,0
2,120,41,-1.273774946,-0.8539329612,1.812516082,-2.560214187,-1.915637377,0.3132945946,0,1,26,task,30,0,1610,20,652,0
2,120,42,-1.281250725,-0.8498272047,1.769163256,-2.499172763,-1.906771887,0.3052961158,0,0,,transition,10,0,1610,20,652,0
2,120,43,-1.288726504,-0.8457214482,1.725810429,-2.438131339,-1.897906398,0.297297637,0,1,27,task,10,0,1610,20,652,0
2,120,44,-1.291405412,-0.8179071236,1.667581541,-2.41002691,-1.915235361,0.2961321962,0,1,28,task,30,0,1610,20,652,0
2,120,45,-1.307816991,-0.799829773,1.61414988,-2.385278081,-1.890341447,0.2763067027,0,1,29,task,30,0,1610,20,652,0
2,120,46,-1.324649193,-0.7806738348,1.558692554,-2.358556486,-1.86159415,0.2562809256,0,1,30,task,10,0,1610,20,652,0
2,120,47,-1.342102336,-0.7602790344,1.500944199,-2.329560974,-1.828341511,0.2359177244,0,1,31,task,10,0,1610,20,652,0
2,120,48,-1.347514257,-0.7461870983,1.447232238,-2.267103057,-1.820788201,0.2301885972,0,0,,transition,10,0,1610,20,652,0
2,120,49,-1.352926177,-0.7320951623,1.393520277,-2.204645139,-1.813234891,0.22445947,0,1,32,task,10,0,1610,20,652,0
2,120,50,-1.357983782,-0.6997640752,1.32727957,-2.177015219,-1.815702667,0.2193451334,0,1,33,task,30,0,1610,20,652,0
2,120,51,-1.362805638,-0.6660193434,1.257885149,-2.147617651,-1.818103481,0.2144608254,0,1,34,task,30,0,1610,20,652,0
2,120,52,-1.367407614,-0.6306066798,1.184790986,-2.116162327,-1.820441522,0.2097911551,0,1,35,task,30,0,1610,20,652,0
2,120,53,-1.371804225,-0.5931898542,1.107271631,-2.082261551,-1.822720592,0.2053220337,0,1,36,task,30,0,1610,20,652,0
2,120,54,-1.373045346,-0.5709252268,1.055236721,-2.046617482,-1.826899403,0.2043116148,0,0,,transition,10,0,1610,20,652,0
2,120,55,-1.374286468,-0.5486605994,1.00320181,-2.010973414,-1.831078214,0.2033011958,0,1,37,task,10,0,1610,20,652,0
2,120,56,-1.376792858,-0.5242429997,0.9466958865,-1.973719919,-1.830359055,0.2007052171,0,0,,transition,10,0,1610,20,652,0
2,120,57,-1.379299249,-0.4998254001,0.8901899626,-1.936466425,-1.829639895,0.1981092384,0,1,38,task,10,0,1610,20,652,0
2,120,58,-1.402141443,-0.5257312827,0.9266576387,-1.945085467,-1.829401773,0.1744808342,0,1,39,task,10,0,1610,20,652,0
2,120,59,-1.399800996,-0.550568824,0.987072809,-1.990516584,-1.830439382,0.1768993242,0,0,,transition,10,0,1610,20,652,0
2,120,60,-1.397460549,-0.5754063653,1.047487979,-2.035947701,-1.831476992,0.1793178142,0,1,40,task,10,0,1610,20,652,0
2,120,61,-1.394798995,-0.6172687612,1.144534133,-2.09916039,-1.825650491,0.1817315793,0,1,41,task,30,0,1610,20,652,0
2,120,62,-1.3915327,-0.6546760745,1.224788751,-2.140142666,-1.821374566,0.1849156363,0,1,42,task,30,0,1610,20,652,0
2,120,63,-1.387718991,-0.6894970515,1.294491681,-2.166853497,-1.818320585,0.1887640973,0,1,43,task,30,0,1610,20,652,0
2,120,64,-1.383728139,-0.722883843,1.360917752,-2.191713851,-1.815192346,0.1927785467,0,1,44,task,30,0,1610,20,652,0
2,120,65,-1.376919107,-0.7549605474,1.442914218,-2.254248555,-1.82038152,0.19995254,0,1,45,task,30,0,1610,20,652,0
2,120,66,-1.373349468,-0.7686590956,1.493824819,-2.312435554,-1.823110432,0.2034773373,0,0,,transition,10,0,1610,20,652,0
2,120,67,-1.369779828,-0.7823576438,1.54473542,-2.370622553,-1.825839345,0.2070021347,0,1,46,task,10,0,1610,20,652,0
2,120,68,-1.367260714,-0.8118396259,1.598739493,-2.381361167,-1.815636978,0.2093040385,0,1,47,task,30,0,1610,20,652,0
2,120,69,-1.361043427,-0.8379560935,1.658596808,-2.411566246,-1.815902349,0.2157479837,0,1,48,task,30,0,1610,20,652,0
2,120,70,-1.354460105,-0.8631082658,1.716671376,-2.440858499,-1.816138606,0.222569688,0,1,49,task,30,0,1610,20,652,0
2,120,71,-1.344213412,-0.8828990118,1.786952814,-2.507228903,-1.825566306,0.2333125846,0,1,50,task,30,0,1610,20,652,0
2,120,72,-1.327640023,-0.892335153,1.860738419,-2.597565481,-1.850697918,0.2511790145,0,1,51,task,30,0,1610,20,652,0
2,120,73,-1.315826664,-0.9046382532,1.911378298,-2.637676045,-1.862598272,0.2640640581,0,1,52,task,30,0,1610,20,652,0
2,120,74,-1.370862488,-0.9384176233,1.942640639,-2.648171278,-1.805357419,0.2041671842,0,1,53,task,10,0,1610,20,652,0
2,120,75,-1.371881044,-0.9195452521,1.873629174,-2.579524389,-1.819797012,0.2042140985,0,1,54,task,30,0,1610,20,652,0
2,120,76,-1.377086451,-0.9005105586,1.804557436,-2.512999839,-1.822740506,0.1993405903,0,1,55,task,30,0,1610,20,652,0
2,120,77,-1.385612804,-0.879503363,1.734721407,-2.449153945,-1.815602232,0.1904839809,0,1,56,task,30,0,1610,20,652,0
2,120,78,-1.391376365,-0.8540059727,1.677236999,-2.421592593,-1.815189814,0.1844945872,0,1,57,task,30,0,1610,20,652,0
2,120,79,-1.39681799,-0.8276209165,1.618061906,-2.393143096,-1.814743048,0.1788374479,0,1,58,task,30,0,1610,20,652,0
2,120,80,-1.398438152,-0.7991286091,1.551893795,-2.353818274,-1.824981777,0.1776398588,0,1,59,task,30,0,1610,20,652,0
2,120,81,-1.404166482,-0.7707772361,1.465149334,-2.271725675,-1.821857146,0.1718630316,0,1,60,task,30,0,1610,20,652,0
2,120,82,-1.410985504,-0.7384158756,1.377208914,-2.19630771,-1.814377922,0.1646530054,0,1,61,task,30,0,1610,20,652,0
2,120,83,-1.413757337,-0.7051107356,1.315645254,-2.180991889,-1.81926202,0.1619266963,0,1,62,task,30,0,1610,20,652,0
2,120,84,-1.417455009,-0.6710737132,1.249053444,-2.159158133,-1.820518634,0.1580933161,0,1,63,task,30,0,1610,20,652,0
2,120,85,-1.424575718,-0.6367937075,1.170807908,-2.117723886,-1.809153201,0.1503267241,0,1,64,task,30,0,1610,20,652,0
2,120,86,-1.431753359,-0.6176444904,1.116869,-2.072990038,-1.790037481,0.1424314005,0,0,,transition,10,0,1610,20,652,0
2,120,87,-1.438931001,-0.5984952733,1.062930092,-2.02825619,-1.770921762,0.1345360769,0,1,65,task,10,0,1610,20,652,0
2,120,88,-1.442638992,-0.5539731944,0.9664340472,-1.974809858,-1.768980859,0.1307064917,0,1,66,task,30,0,1610,20,652,0
2,120,89,-1.467293326,-0.5640416548,0.9743497225,-1.973576526,-1.767548373,0.1055332017,0,1,67,task,10,0,1610,20,652,0
2,120,90,-1.465413838,-0.5876177872,1.029863099,-2.012632518,-1.769669616,0.1074793516,0,0,,transition,10,0,1610,20,652,0
2,120,91,-1.46353435,-0.6111939195,1.085376475,-2.051688511,-1.771790859,0.1094255014,0,1,68,task,10,0,1610,20,652,0
2,120,92,-1.457386367,-0.6507573826,1.176767624,-2.10847335,-1.78360325,0.1159589336,0,1,69,task,30,0,1610,20,652,0
2,120,93,-1.450915653,-0.6872302904,1.262024441,-2.162025498,-1.795479067,0.122865029,0,1,70,task,30,0,1610,20,652,0
2,120,94,-1.440446109,-0.7185488243,1.337684357,-2.206209055,-1.819452657,0.1343435624,0,1,71,task,30,0,1610,20,652,0
2,120,95,-1.44145362,-0.7529836477,1.392488422,-2.206530761,-1.804712491,0.1329317763,0,1,72,task,30,0,1610,20,652,0
2,120,96,-1.44925391,-0.7915355573,1.488550282,-2.29180301,-1.769324423,0.1238411159,0,1,73,task,10,0,1610,20,652,0
2,120,97,-1.440707609,-0.8188788708,1.569953598,-2.364005044,-1.784590967,0.1328061957,0,1,74,task,30,0,1610,20,652,0
2,120,98,-1.42644734,-0.8402157788,1.640842438,-2.423460413,-1.81533683,0.1482329693,0,1,75,task,10,0,1610,20,652,0
2,120,99,-1.422386054,-0.8677988431,1.690500534,-2.428688694,-1.814226609,0.1525561374,0,1,76,task,30,0,1610,20,652,0
2,120,100,-1.416810568,-0.8928255871,1.752256955,-2.466708382,-1.816770855,0.1583563282,0,1,77,task,30,0,1610,20,652,0
2,120,101,-1.41032727,-0.9154810886,1.817854161,-2.5186183,-1.8208819,0.1650525422,0,1,78,task,30,0,1610,20,652,0
2,120,102,-1.41026529,-0.923792944,1.860340153,-2.572329884,-1.8142818,0.164531051,0,0,,transition,10,0,1610,20,652,0
2,120,103,-1.410203311,-0.9321047993,1.902826145,-2.626041468,-1.8076817,0.1640095599,0,1,79,task,10,0,1610,20,652,0
2,120,104,-1.406836292,-0.9526202919,1.958606245,-2.660381369,-1.802224898,0.1672522185,0,1,80,task,30,0,1610,20,652,0
2,120,105,-1.405773529,-0.9559898297,1.965747612,-2.66197488,-1.802661824,0.1683917846,0,1,81,task,30,0,1610,20,652,0
2,120,106,-1.441497007,-0.9729005078,1.986856157,-2.674520278,-1.799607638,0.1318334648,0,1,82,task,10,0,1610,20,652,0
2,120,107,-1.448069488,-0.9535913427,1.933768032,-2.644704463,-1.794001327,0.1249417293,0,1,83,task,30,0,1610,20,652,0
2,120,108,-1.459299501,-0.939876066,1.865343383,-2.571953863,-1.774784895,0.113313375,0,1,84,task,30,0,1610,20,652,0
2,120,109,-1.468658601,-0.921295488,1.795755728,-2.504647001,-1.758924379,0.1036538491,0,1,85,task,30,0,1610,20,652,0
2,120,110,-1.477615176,-0.8991822164,1.731635933,-2.456416015,-1.742741788,0.09434974903,0,1,86,task,30,0,1610,20,652,0
2,120,111,-1.479560668,-0.8723011416,1.663411819,-2.407273427,-1.745181086,0.09246663512,0,1,87,task,30,0,1610,20,652,0
2,120,112,-1.482535422,-0.8441465991,1.597058011,-2.365994108,-1.744271231,0.08945653613,0,1,88,task,30,0,1610,20,652,0
2,120,113,-1.485205079,-0.8144471597,1.52251598,-2.311134945,-1.743760481,0.08679028646,0,1,89,task,30,0,1610,20,652,0
2,120,114,-1.487572045,-0.7829029931,1.451367935,-2.268706225,-1.743765443,0.08440233084,0,1,90,task,30,0,1610,20,652,0
2,120,115,-1.491335164,-0.7500421843,1.373749404,-2.217155701,-1.738878576,0.08054277278,0,1,91,task,30,0,1610,20,652,0
2,120,116,-1.498075458,-0.7167534121,1.29897818,-2.175020725,-1.723589777,0.07353502647,0,1,92,task,30,0,1610,20,652,0
2,120,117,-1.504970894,-0.6809913259,1.217179826,-2.125187547,-1.706669382,0.06641002983,0,1,93,task,30,0,1610,20,652,0
2,120,118,-1.506599293,-0.6410091694,1.130787,-2.076475804,-1.706730594,0.06477177936,0,1,94,task,30,0,1610,20,652,0
2,120,119,-1.50809411,-0.5971088832,1.033824508,-2.017671819,-1.70698125,0.06327372601,0,1,95,task,30,0,1610,20,652,0
2,120,120,-1.508837728,-0.5735058402,0.9831304515,-1.989415071,-1.706994322,0.06252473432,0,0,,transition,10,0,1610,20,652,0
2,120,121,-1.509581346,-0.5499027972,0.9324363951,-1.961158323,-1.707007394,0.06177574262,0,1,96,task,10,0,1610,20,652,0
2,120,122,-1.510279591,-0.5230076898,0.8737472615,-1.9267192,-1.707060145,0.0610736882,0,0,,transition,10,0,1610,20,652,0
2,120,123,-1.510977836,-0.4961125823,0.8150581279,-1.892280077,-1.707112896,0.06037163378,0,1,97,task,10,0,1610,20,652,0
2,120,124,-1.511664963,-0.465648353,0.7497089888,-1.85622324,-1.707089127,0.05967860022,0,0,,transition,10,0,1610,20,652,0
2,120,125,-1.51235209,-0.4351841238,0.6843598497,-1.820166402,-1.707065357,0.05898556667,0,1,98,task,10,0,1610,20,652,0
2,120,126,-1.525271595,-0.4359741783,0.7239325774,-1.920122296,-1.659962884,0.04568315285,0,0,,transition,10,0,1610,20,652,0
2,120,127,-1.5381911,-0.4367642329,0.7635053051,-2.02007819,-1.61286041,0.03238073903,0,1,99,task,10,0,1610,20,652,0
2,120,128,-1.540622003,-0.4138964182,0.6914190486,-1.938221188,-1.625058157,0.03002854092,0,0,,transition,10,0,1610,20,652,0
2,120,129,-1.543052907,-0.3910286035,0.6193327922,-1.856364185,-1.637255904,0.02767634281,0,0,,transition,10,0,1610,20,652,0
2,120,130,-1.54548381,-0.3681607887,0.5472465358,-1.774507183,-1.649453651,0.02532414471,0,0,,transition,10,0,1610,20,652,0
2,120,131,-1.547914713,-0.345292974,0.4751602794,-1.692650181,-1.661651398,0.0229719466,0,1,100,task,10,0,1610,20,652,0
2,120,132,-1.545065744,-0.3876697715,0.5698548756,-1.751033566,-1.671442559,0.02586094119,0,0,,transition,10,0,1610,20,652,0
2,120,133,-1.542216775,-0.4300465689,0.6645494718,-1.809416952,-1.681233719,0.02874993577,0,1,101,task,10,0,1610,20,652,0
2,120,134,-1.539562372,-0.4598366303,0.7282104941,-1.842816754,-1.689839259,0.03145563311,0,0,,transition,10,0,1610,20,652,0
2,120,135,-1.536907969,-0.4896266917,0.7918715164,-1.876216556,-1.6984448,0.03416133045,0,1,102,task,10,0,1610,20,652,0
2,120,136,-1.535328886,-0.5167199351,0.8508966124,-1.910162693,-1.702711974,0.03577361835,0,0,,transition,10,0,1610,20,652,0
2,120,137,-1.533749803,-0.5438131785,0.9099217084,-1.944108829,-1.706979147,0.03738590626,0,1,103,task,10,0,1610,20,652,0
2,120,138,-1.533314011,-0.5679854814,0.961582042,-1.972583947,-1.706926999,0.03782494154,0,0,,transition,10,0,1610,20,652,0
2,120,139,-1.532878219,-0.5921577843,1.013242376,-2.001059065,-1.706874851,0.03826397681,0,1,104,task,10,0,1610,20,652,0
2,120,140,-1.532012388,-0.6372076683,1.112277352,-2.060925904,-1.706603101,0.03913231066,0,1,105,task,30,0,1610,20,652,0
2,120,141,-1.531072822,-0.6780248903,1.200114394,-2.110218523,-1.706430024,0.04007742057,0,1,106,task,30,0,1610,20,652,0
2,120,142,-1.530152331,-0.7167770537,1.286566166,-2.164024643,-1.706036312,0.04099745772,0,1,107,task,30,0,1610,20,652,0
2,120,143,-1.529126493,-0.7527404203,1.365143896,-2.20944885,-1.705820098,0.04202734968,0,1,108,task,30,0,1610,20,652,0
2,120,144,-1.528122458,-0.7871260555,1.444364571,-2.261713252,-1.705365805,0.04302591017,0,1,109,task,30,0,1610,20,652,0
2,120,145,-1.526966693,-0.8194408681,1.518257816,-2.308530428,-1.705198447,0.04418032996,0,1,110,task,30,0,1610,20,652,0
2,120,146,-1.525708503,-0.8501212814,1.589007952,-2.353381831,-1.705135513,0.04543772196,0,1,111,task,30,0,1610,20,652,0
2,120,147,-1.524335239,-0.8792345844,1.658069824,-2.398927417,-1.705189372,0.04680789354,0,1,112,task,30,0,1610,20,652,0
2,120,148,-1.522731796,-0.9065889225,1.727206666,-2.449108979,-1.705655168,0.0484015301,0,1,113,task,30,0,1610,20,652,0
2,120,149,-1.520994844,-0.9325724363,1.792501886,-2.494363493,-1.706204374,0.05013367466,0,1,114,task,30,0,1610,20,652,0
2,120,150,-1.514889977,-0.9545972896,1.85969694,-2.551380816,-1.717865534,0.05631550646,0,1,115,task,30,0,1610,20,652,0
2,120,151,-1.503196834,-0.9738698118,1.918529984,-2.594601155,-1.742659031,0.0683257382,0,1,116,task,30,0,1610,20,652,0
2,120,152,-1.496877237,-0.9897148729,1.986912458,-2.665173302,-1.752443446,0.07469554523,0,1,117,task,30,0,1610,20,652,0
2,120,153,-1.495152098,-0.9963570998,2.009487136,-2.683534411,-1.754240222,0.0764397896,0,1,118,task,30,0,1610,20,652,0
2,120,154,-1.547807505,-1.018880054,2.018654705,-2.662833593,-1.713715508,0.02311586651,0,1,119,task,10,0,1610,20,652,0
2,120,155,-1.551724035,-0.9999419056,1.955469304,-2.607983365,-1.706003933,0.0191758472,0,1,120,task,30,0,1610,20,652,0
2,120,156,-1.552786948,-0.9772041578,1.894284859,-2.564278784,-1.704923647,0.01811229621,0,1,121,task,30,0,1610,20,652,0
2,120,157,-1.553727633,-0.9538676835,1.82815152,-2.511434116,-1.703980708,0.01717674014,0,1,122,task,30,0,1610,20,652,0
2,120,158,-1.564255657,-0.9308670604,1.765489494,-2.465770639,-1.676847948,0.006561514787,0,1,123,task,10,0,1610,20,652,0
2,120,159,-1.570302145,-0.9050961076,1.698608958,-2.416473696,-1.66052551,0.0004916759072,0,1,124,task,30,0,1610,20,652,0
2,120,160,-1.570102116,-0.875957891,1.630639507,-2.372300751,-1.661142693,0.0006924392009,0,1,125,task,30,0,1610,20,652,0
2,120,161,-1.569856062,-0.8455015501,1.559875903,-2.326007031,-1.661930372,0.0009395197165,0,1,126,task,30,0,1610,20,652,0
2,120,162,-1.569699776,-0.8134493575,1.487558666,-2.280838929,-1.662486871,0.001096568283,0,1,127,task,30,0,1610,20,652,0
2,120,163,-1.575644539,-0.7811519554,1.411438218,-2.229402267,-1.643986579,-0.004863176531,0,1,128,task,30,0,1610,20,652,0
2,120,164,-1.57690089,-0.7461402999,1.336087278,-2.187081411,-1.639539847,-0.006120800507,0,1,129,task,30,0,1610,20,652,0
2,120,165,-1.578090684,-0.7093244728,1.256927395,-2.142742093,-1.6350993,-0.007311211272,0,1,130,task,30,0,1610,20,652,0
2,120,166,-1.577064214,-0.6692496831,1.169858701,-2.09140675,-1.637943564,-0.006284697346,0,1,131,task,30,0,1610,20,652,0
2,120,167,-1.577342419,-0.6263546209,1.076310672,-2.035689554,-1.636443642,-0.006563402933,0,1,132,task,30,0,1610,20,652,0
2,120,168,-1.578960553,-0.5802999859,0.9769024416,-1.978411322,-1.630141309,-0.008182030666,0,1,133,task,30,0,1610,20,652,0
2,120,169,-1.578961377,-0.5551231512,0.9236593197,-1.949730834,-1.629789062,-0.008182736537,0,0,,transition,10,0,1610,20,652,0
2,120,170,-1.578962202,-0.5299463165,0.8704161978,-1.921050347,-1.629436816,-0.008183442409,0,1,134,task,10,0,1610,20,652,0
2,120,171,-1.578963003,-0.50158021,0.8102120624,-1.888598168,-1.629084524,-0.008184121271,0,0,,transition,10,0,1610,20,652,0
2,120,172,-1.578963804,-0.4732141036,0.750007927,-1.856145989,-1.628732232,-0.008184800133,0,1,135,task,10,0,1610,20,652,0
2,120,173,-1.57733086,-0.4372601595,0.6719428983,-1.810683096,-1.634597964,-0.006551118151,0,0,,transition,10,0,1610,20,652,0
2,120,174,-1.575697916,-0.4013062154,0.5938778697,-1.765220202,-1.640463697,-0.004917436169,0,1,136,task,10,0,1610,20,652,0
2,120,175,-1.60837905,-0.3731243774,0.5317407808,-1.733623458,-1.600159777,-0.03760252968,0,1,137,task,10,0,1610,20,652,0
2,120,176,-1.609352421,-0.410942613,0.6129157425,-1.778508127,-1.598116685,-0.03857380135,0,0,,transition,10,0,1610,20,652,0
2,120,177,-1.610325792,-0.4487608486,0.6940907041,-1.823392796,-1.596073594,-0.03954507301,0,1,138,task,10,0,1610,20,652,0
2,120,178,-1.610991311,-0.4791205377,0.7585841414,-1.858170872,-1.595324834,-0.04020985004,0,0,,transition,10,0,1610,20,652,0
2,120,179,-1.611656831,-0.5094802268,0.8230775787,-1.892948948,-1.594576074,-0.04087462707,0,1,139,task,10,0,1610,20,652,0
2,120,180,-1.612354801,-0.5360041574,0.8791951034,-1.923185568,-1.593825292,-0.0415718097,0,0,,transition,10,0,1610,20,652,0
2,120,181,-1.613052771,-0.5625280881,0.9353126282,-1.953422188,-1.59307451,-0.04226899234,0,1,140,task,10,0,1610,20,652,0
2,120,182,-1.61341234,-0.5864446892,0.9859243841,-1.981002629,-1.593624066,-0.04262881782,0,0,,transition,10,0,1610,20,652,0
2,120,183,-1.613771909,-0.6103612903,1.03653614,-2.008583071,-1.594173623,-0.04298864331,0,1,141,task,10,0,1610,20,652,0
2,120,184,-1.614156895,-0.6543614054,1.129596501,-2.059651742,-1.596533124,-0.04337528062,0,1,142,task,30,0,1610,20,652,0
2,120,185,-1.613760153,-0.6957166045,1.219684923,-2.113771403,-1.601551423,-0.04298117932,0,1,143,task,30,0,1610,20,652,0
2,120,186,-1.61405305,-0.7344391724,1.304344756,-2.164837364,-1.604270928,-0.043273581,0,1,144,task,30,0,1610,20,652,0
2,120,187,-1.615113794,-0.7708572158,1.383012524,-2.210309913,-1.604622948,-0.04433175533,0,1,145,task,30,0,1610,20,652,0
2,120,188,-1.616469483,-0.8056012015,1.458700344,-2.254988591,-1.604251919,-0.04568249932,0,1,146,task,30,0,1610,20,652,0
2,120,189,-1.618566071,-0.8388398167,1.532359077,-2.299990849,-1.601905121,-0.04776866969,0,1,147,task,30,0,1610,20,652,0
2,120,190,-1.621516423,-0.8707198685,1.603535771,-2.343780895,-1.597448834,-0.0507036155,0,1,148,task,30,0,1610,20,652,0
2,120,191,-1.622946816,-0.9010965283,1.669152263,-2.380219899,-1.597764064,-0.05213153732,0,1,149,task,30,0,1610,20,652,0
2,120,192,-1.617360573,-0.9286512806,1.736319365,-2.42770632,-1.61740332,-0.04656702878,0,1,150,task,30,0,1610,20,652,0
2,120,193,-1.614236069,-0.9550965762,1.803236228,-2.477098866,-1.62961281,-0.04345156041,0,1,151,task,30,0,1610,20,652,0
2,120,194,-1.61357355,-0.9803076491,1.869422533,-2.527366207,-1.634999282,-0.04277967976,0,1,152,task,30,0,1610,20,652,0
2,120,195,-1.609090598,-1.003614583,1.931158459,-2.572361047,-1.649733294,-0.03832099005,0,1,153,task,30,0,1610,20,652,0
2,120,196,-1.60715566,-1.024578344,1.99656374,-2.62932832,-1.65760974,-0.03637383164,0,1,154,task,30,0,1610,20,652,0
2,120,197,-1.604333182,-1.034862972,2.033581668,-2.664065994,-1.665993469,-0.03355277158,0,1,155,task,30,0,1610,20,652,0
2,120,198,-1.659543045,-1.048089611,2.039096163,-2.647286625,-1.622891485,-0.08858235337,0,1,156,task,10,0,1610,20,652,0
2,120,199,-1.674588619,-1.029955825,1.973387221,-2.580161656,-1.579302738,-0.1035815952,0,1,157,task,10,0,1610,20,652,0
2,120,200,-1.667611711,-1.004460249,1.912672911,-2.542453211,-1.58780064,-0.09664928601,0,1,158,task,30,0,1610,20,652,0
2,120,201,-1.66260463,-0.9783690462,1.84954307,-2.500639371,-1.592442524,-0.09168680617,0,1,159,task,30,0,1610,20,652,0
2,120,202,-1.65849945,-0.9512791031,1.78422351,-2.456389306,-1.595546944,-0.08762250014,0,1,160,task,30,0,1610,20,652,0
2,120,203,-1.655655931,-0.9230398881,1.716585355,-2.409735517,-1.595890872,-0.08481097825,0,1,161,task,30,0,1610,20,652,0
2,120,204,-1.653275996,-0.8933338269,1.65000809,-2.369038771,-1.595396161,-0.08244414046,0,1,162,task,30,0,1610,20,652,0
2,120,205,-1.650366952,-0.8624391563,1.583540925,-2.33239167,-1.596844509,-0.07954284103,0,1,163,task,30,0,1610,20,652,0
2,120,206,-1.647292384,-0.8303654647,1.513705157,-2.292374969,-1.599290676,-0.07648129622,0,1,164,task,30,0,1610,20,652,0
2,120,207,-1.643770335,-0.7964592284,1.436767084,-2.242495334,-1.60365275,-0.07298661424,0,1,165,task,30,0,1610,20,652,0
2,120,208,-1.641805731,-0.7609392718,1.358280146,-2.194061199,-1.603668007,-0.0710318721,0,1,166,task,30,0,1610,20,652,0
2,120,209,-1.641224626,-0.7231975283,1.273758252,-2.139330834,-1.599508,-0.07045218271,0,1,167,task,30,0,1610,20,652,0
2,120,210,-1.641072962,-0.6832593748,1.186998961,-2.086922986,-1.594006157,-0.07029527143,0,1,168,task,30,0,1610,20,652,0
2,120,211,-1.639720767,-0.6410913427,1.098234389,-2.038497411,-1.592646066,-0.06894183228,0,1,169,task,30,0,1610,20,652,0
2,120,212,-1.637862577,-0.5959772212,1.00389493,-1.988727455,-1.593296,-0.06708456544,0,1,170,task,30,0,1610,20,652,0
2,120,213,-1.636978042,-0.5713908584,0.9522742216,-1.961420636,-1.593619568,-0.06620046947,0,0,,transition,10,0,1610,20,652,0
2,120,214,-1.636093508,-0.5468044955,0.9006535134,-1.934113818,-1.593943136,-0.06531637351,0,1,171,task,10,0,1610,20,652,0
2,120,215,-1.635250395,-0.5193793519,0.8428182535,-1.903431079,-1.594265404,-0.06447367771,0,0,,transition,10,0,1610,20,652,0
2,120,216,-1.634407282,-0.4919542083,0.7849829937,-1.872748341,-1.594587671,-0.06363098191,0,1,172,task,10,0,1610,20,652,0
2,120,217,-1.633602741,-0.4601728156,0.7176204479,-1.836894428,-1.594908726,-0.06282683764,0,0,,transition,10,0,1610,20,652,0
2,120,218,-1.6327982,-0.4283914229,0.6502579022,-1.801040516,-1.595229781,-0.06202269337,0,1,173,task,10,0,1610,20,652,0
2,120,219,-1.643457366,-0.4038061634,0.5975004829,-1.773147095,-1.595112938,-0.07268455846,0,0,,transition,10,0,1610,20,652,0
2,120,220,-1.654116533,-0.3792209039,0.5447430637,-1.745253674,-1.594996095,-0.08334642355,0,1,174,task,10,0,1610,20,652,0
2,120,221,-1.655121783,-0.4155165897,0.6219075032,-1.786302056,-1.594785418,-0.08435140874,0,0,,transition,10,0,1610,20,652,0
2,120,222,-1.656127034,-0.4518122755,0.6990719428,-1.827350439,-1.594574742,-0.08535639392,0,1,175,task,10,0,1610,20,652,0
2,120,223,-1.657179594,-0.4818409756,0.7625281715,-1.860957869,-1.594362935,-0.08640867517,0,0,,transition,10,0,1610,20,652,0
2,120,224,-1.658232154,-0.5118696757,0.8259844002,-1.894565298,-1.594151129,-0.08746095642,0,1,176,task,10,0,1610,20,652,0
2,120,225,-1.659335453,-0.5382004073,0.8813469472,-1.923777304,-1.59393811,-0.08856396321,0,0,,transition,10,0,1610,20,652,0
2,120,226,-1.660438753,-0.564531139,0.9367094941,-1.952989309,-1.593725091,-0.08966697,0,1,177,task,10,0,1610,20,652,0
2,120,227,-1.662754376,-0.6121886838,1.036465112,-2.005448376,-1.593296447,-0.09198197534,0,1,178,task,30,0,1610,20,652,0
2,120,228,-1.665187333,-0.6561884673,1.12818099,-2.053526116,-1.592864996,-0.094414282,0,1,179,task,30,0,1610,20,652,0
2,120,229,-1.667746807,-0.6973782437,1.213696723,-2.09821441,-1.592430517,-0.09697306927,0,1,180,task,30,0,1610,20,652,0
2,120,230,-1.670442967,-0.7363338895,1.294257098,-2.140182213,-1.591992762,-0.09966850355,0,1,181,task,30,0,1610,20,652,0
2,120,231,-1.669675086,-0.7743395397,1.383601599,-2.206240996,-1.602891919,-0.09890760274,0,1,182,task,30,0,1610,20,652,0
2,120,232,-1.674398984,-0.810036586,1.469895646,-2.271062181,-1.596839775,-0.1035684588,0,1,183,task,30,0,1610,20,652,0
2,120,233,-1.677653679,-0.842771111,1.539741297,-2.308768013,-1.595993039,-0.1068172588,0,1,184,task,30,0,1610,20,652,0
2,120,234,-1.681105489,-0.874379246,1.607203776,-2.345216766,-1.595134529,-0.1102628051,0,1,185,task,30,0,1610,20,652,0
2,120,235,-1.684772973,-0.9050002552,1.672590316,-2.38057632,-1.594263139,-0.113923622,0,1,186,task,30,0,1610,20,652,0
2,120,236,-1.688297582,-0.9345010779,1.738800171,-2.421269245,-1.594395593,-0.1174281467,0,1,187,task,30,0,1610,20,652,0
2,120,237,-1.693197401,-0.9620334697,1.809977462,-2.476868468,-1.591475665,-0.122243732,0,1,188,task,30,0,1610,20,652,0
2,120,238,-1.700671805,-0.9883886194,1.877049781,-2.525613219,-1.582854903,-0.1296207285,0,1,189,task,30,0,1610,20,652,0
2,120,239,-1.71199077,-1.013570373,1.942710223,-2.572674332,-1.566087385,-0.1408242231,0,1,190,task,30,0,1610,20,652,0
2,120,240,-1.72035038,-1.037815552,2.003019587,-2.611030653,-1.558291035,-0.149133639,0,1,191,task,30,0,1610,20,652,0
2,120,241,-1.7269751,-1.055370199,2.047417631,-2.639445815,-1.552546529,-0.1557233458,0,1,192,task,30,0,1610,20,652,0
2,120,242,-1.76520755,-1.056904641,2.051210493,-2.640952968,-1.549634812,-0.1938521654,0,1,193,task,10,0,1610,20,652,0
2,120,243,-1.756649637,-1.033131201,1.993229935,-2.606006986,-1.553518778,-0.185327484,0,1,194,task,30,0,1610,20,652,0
2,120,244,-1.748710671,-1.00858347,1.934275054,-2.57079283,-1.557342655,-0.1774215949,0,1,195,task,30,0,1610,20,652,0
2,120,245,-1.741325548,-0.9832413913,1.87421794,-2.535210502,-1.561112064,-0.170069241,0,1,196,task,30,0,1610,20,652,0
2,120,246,-1.728717908,-0.9574069043,1.806872396,-2.48739868,-1.579986227,-0.1575969484,0,1,197,task,30,0,1610,20,652,0
2,120,247,-1.720854199,-0.9305967316,1.724307782,-2.406591923,-1.588151426,-0.1499691633,0,1,198,task,30,0,1610,20,652,0
2,120,248,-1.720139043,-0.9009704568,1.659780942,-2.368697009,-1.577406811,-0.1492428255,0,1,199,task,30,0,1610,20,652,0
2,120,249,-1.719338306,-0.8702905746,1.592710634,-2.328663799,-1.567033811,-0.1484516972,0,1,200,task,30,0,1610,20,652,0
2,120,250,-1.71792282,-0.8381246752,1.520004638,-2.280979697,-1.558638486,-0.1470752722,0,1,201,task,30,0,1610,20,652,0
2,120,251,-1.716591668,-0.804434553,1.444443593,-2.231987629,-1.550219767,-0.1457878478,0,1,202,task,30,0,1610,20,652,0
2,120,252,-1.71332313,-0.7676675196,1.357377257,-2.167251914,-1.548138583,-0.1425601767,0,1,203,task,30,0,1610,20,652,0
2,120,253,-1.709369039,-0.7296629945,1.276928296,-2.121555547,-1.548810534,-0.1386070546,0,1,204,task,30,0,1610,20,652,0
2,120,254,-1.705719642,-0.6898805468,1.193804444,-2.07660915,-1.549143792,-0.1349571679,0,1,205,task,30,0,1610,20,652,0
2,120,255,-1.702256614,-0.6476382742,1.105279358,-2.028715019,-1.54946505,-0.1314933373,0,1,206,task,30,0,1610,20,652,0
2,120,256,-1.698965995,-0.6022719742,1.009912096,-1.97709695,-1.549775177,-0.1282016217,0,1,207,task,30,0,1610,20,652,0
2,120,257,-1.697400592,-0.577525187,0.9577162669,-1.948836696,-1.54992507,-0.1266355322,0,0,,transition,10,0,1610,20,652,0
2,120,258,-1.695835188,-0.5527783997,0.9055204378,-1.920576443,-1.550074962,-0.1250694426,0,1,208,task,10,0,1610,20,652,0
2,120,259,-1.694343993,-0.5251418697,0.8470117142,-1.888890595,-1.550220041,-0.1235774319,0,0,,transition,10,0,1610,20,652,0
2,120,260,-1.692852798,-0.4975053396,0.7885029906,-1.857204746,-1.550365119,-0.1220854212,0,1,209,task,10,0,1610,20,652,0
2,120,261,-1.691430643,-0.4654239792,0.7202857157,-1.820252925,-1.55050571,-0.1206623296,0,0,,transition,10,0,1610,20,652,0
2,120,262,-1.690008488,-0.4333426187,0.6520684408,-1.783301103,-1.5506463,-0.1192392381,0,1,210,task,10,0,1610,20,652,0
2,120,263,-1.699876014,-0.3987357387,0.5788829126,-1.744249408,-1.550763137,-0.1291082446,0,0,,transition,10,0,1610,20,652,0
2,120,264,-1.70974354,-0.3641288586,0.5056973845,-1.705197713,-1.550879973,-0.1389772512,0,1,211,task,10,0,1610,20,652,0
2,120,265,-1.711372121,-0.4029970825,0.5888605291,-1.750458376,-1.550694205,-0.1406071606,0,0,,transition,10,0,1610,20,652,0
2,120,266,-1.713000702,-0.4418653064,0.6720236737,-1.795719038,-1.550508438,-0.14223707,0,1,212,task,10,0,1610,20,652,0
2,120,267,-1.714706839,-0.4732623403,0.7388671351,-1.832128361,-1.550316573,-0.1439443259,0,0,,transition,10,0,1610,20,652,0
2,120,268,-1.716412976,-0.5046593741,0.8057105965,-1.868537685,-1.550124707,-0.1456515817,0,1,213,task,10,0,1610,20,652,0
2,120,269,-1.718202355,-0.5318649195,0.863406243,-1.899987591,-1.549926312,-0.1474418576,0,0,,transition,10,0,1610,20,652,0
2,120,270,-1.719991735,-0.5590704649,0.9211018894,-1.931437497,-1.549727916,-0.1492321335,0,1,214,task,10,0,1610,20,652,0
2,120,271,-1.721870615,-0.5835089731,0.9727599879,-1.95961353,-1.549522517,-0.1511116734,0,0,,transition,10,0,1610,20,652,0
2,120,272,-1.723749496,-0.6079474812,1.024418086,-1.987789563,-1.549317118,-0.1529912132,0,1,215,task,10,0,1610,20,652,0
2,120,273,-1.727700065,-0.6528353642,1.119027122,-2.039416267,-1.548891271,-0.1569425955,0,1,216,task,30,0,1610,20,652,0
2,120,274,-1.731858708,-0.6946840671,1.206996013,-2.087433991,-1.548449228,-0.1611015138,0,1,217,task,30,0,1610,20,652,0
2,120,275,-1.736457892,-0.734600257,1.29313511,-2.138722533,-1.547289187,-0.1656968817,0,1,218,task,30,0,1610,20,652,0
2,120,276,-1.741348827,-0.7723638687,1.375035765,-2.188289026,-1.545992834,-0.1705785225,0,1,219,task,30,0,1610,20,652,0
2,120,277,-1.746467106,-0.8077509148,1.451828466,-2.233651391,-1.54483167,-0.1756870688,0,1,220,task,30,0,1610,20,652,0
2,120,278,-1.751852241,-0.8413098181,1.524733319,-2.276029515,-1.543748657,-0.1810629503,0,1,221,task,30,0,1610,20,652,0
2,120,279,-1.757569631,-0.8735821765,1.595007155,-2.317042805,-1.542624328,-0.186768877,0,1,222,task,30,0,1610,20,652,0
2,120,280,-1.76365111,-0.9047246132,1.663005264,-2.356887569,-1.541454913,-0.1928365089,0,1,223,task,30,0,1610,20,652,0
2,120,281,-1.770279194,-0.9348062117,1.729950177,-2.397771593,-1.539833201,-0.1994423243,0,1,224,task,30,0,1610,20,652,0
2,120,282,-1.776195301,-0.9612867579,1.814046624,-2.483828437,-1.541012223,-0.205053674,0,1,225,task,30,0,1610,20,652,0
2,120,283,-1.782238371,-0.9870416845,1.878045685,-2.527509227,-1.542993902,-0.2110014573,0,1,226,task,30,0,1610,20,652,0
2,120,284,-1.788952934,-1.012061902,1.93910053,-2.566722492,-1.544369091,-0.2176473679,0,1,227,task,30,0,1610,20,652,0
2,120,285,-1.796181771,-1.036184609,1.999028018,-2.605714352,-1.545663015,-0.2248016657,0,1,228,task,30,0,1610,20,652,0
2,120,286,-1.803285404,-1.057438187,2.052888608,-2.641239447,-1.546765427,-0.2318314527,0,1,229,task,30,0,1610,20,652,0
2,120,287,-1.84109773,-1.056969252,2.052447806,-2.64030817,-1.543950325,-0.2695510494,0,1,230,task,10,0,1610,20,652,0
2,120,288,-1.832138428,-1.033857197,1.992853503,-2.599684597,-1.542491935,-0.2607040887,0,1,231,task,30,0,1610,20,652,0
2,120,289,-1.823840944,-1.009794219,1.932231193,-2.558996679,-1.540913564,-0.2525091622,0,1,232,task,30,0,1610,20,652,0
2,120,290,-1.816134216,-0.984775891,1.870440403,-2.518108388,-1.539228208,-0.2448963187,0,1,233,task,30,0,1610,20,652,0
2,120,291,-1.809450673,-0.9589958601,1.799188824,-2.457730317,-1.5362206,-0.2384538544,0,1,234,task,30,0,1610,20,652,0
2,120,292,-1.801828671,-0.9310073825,1.728651717,-2.404284006,-1.536822756,-0.2309573838,0,1,235,task,30,0,1610,20,652,0
2,120,293,-1.793778025,-0.9012447353,1.659144587,-2.357744657,-1.539871258,-0.2229533698,0,1,236,task,30,0,1610,20,652,0
2,120,294,-1.786718062,-0.8701339982,1.590514726,-2.316647614,-1.541397735,-0.2159133976,0,1,237,task,30,0,1610,20,652,0
2,120,295,-1.780081058,-0.8378410733,1.519548067,-2.27436455,-1.542863341,-0.209292593,0,1,238,task,30,0,1610,20,652,0
2,120,296,-1.773830071,-0.8042053114,1.445875571,-2.230690405,-1.544273116,-0.2030542787,0,1,239,task,30,0,1610,20,652,0
2,120,297,-1.767995276,-0.7687753175,1.369471349,-2.186350129,-1.545428536,-0.197228624,0,1,240,task,30,0,1610,20,652,0
2,120,298,-1.762555171,-0.7313058463,1.289911556,-2.14124037,-1.546292444,-0.1917949096,0,1,241,task,30,0,1610,20,652,0
2,120,299,-1.75740426,-0.6917862509,1.205931616,-2.093744994,-1.547120438,-0.1866483464,0,1,242,task,30,0,1610,20,652,0
2,120,300,-1.752520055,-0.6497485941,1.116511986,-2.043313881,-1.547915205,-0.1817665836,0,1,243,task,30,0,1610,20,652,0
2,120,301,-1.747904684,-0.6046183377,1.020658905,-1.989872549,-1.548600744,-0.177151765,0,1,244,task,30,0,1610,20,652,0
2,120,302,-1.7457223,-0.5800488938,0.9685206844,-1.961133321,-1.548887321,-0.1749690204,0,0,,transition,10,0,1610,20,652,0
2,120,303,-1.743539916,-0.55547945,0.916382464,-1.932394093,-1.549173898,-0.1727862759,0,1,245,task,10,0,1610,20,652,0
2,120,304,-1.741461615,-0.528062705,0.8580428175,-1.900296118,-1.549450279,-0.1707071655,0,0,,transition,10,0,1610,20,652,0
2,120,305,-1.739383313,-0.5006459601,0.799703171,-1.868198142,-1.54972666,-0.1686280551,0,1,246,task,10,0,1610,20,652,0
2,120,306,-1.737401816,-0.4688859058,0.731894504,-1.83097022,-1.549993533,-0.166645327,0,0,,transition,10,0,1610,20,652,0
2,120,307,-1.735420318,-0.4371258515,0.664085837,-1.793742297,-1.550260407,-0.1646625988,0,1,247,task,10,0,1610,20,652,0
2,120,308,-1.757845069,-0.4326076835,0.6572968366,-1.793721913,-1.549692213,-0.1870940322,0,1,248,task,10,0,1610,20,652,0
2,120,309,-1.760112331,-0.4647360122,0.7261785345,-1.832001294,-1.549303549,-0.1893622289,0,0,,transition,10,0,1610,20,652,0
2,120,310,-1.762379593,-0.496864341,0.7950602324,-1.870280675,-1.548914886,-0.1916304257,0,1,249,task,10,0,1610,20,652,0
2,120,311,-1.764751815,-0.5244510862,0.8540053754,-1.903072548,-1.548534177,-0.1940027613,0,0,,transition,10,0,1610,20,652,0
2,120,312,-1.767124036,-0.5520378314,0.9129505183,-1.935864421,-1.548153469,-0.1963750969,0,1,250,task,10,0,1610,20,652,0
2,120,313,-1.76958677,-0.5765806278,0.9650465736,-1.964464811,-1.54785856,-0.1988375357,0,0,,transition,10,0,1610,20,652,0
2,120,314,-1.772049503,-0.6011234242,1.017142629,-1.9930652,-1.547563652,-0.2012999745,0,1,251,task,10,0,1610,20,652,0
2,120,315,-1.777226294,-0.6461071729,1.112406521,-2.045427918,-1.546950689,-0.20647525,0,1,252,task,30,0,1610,20,652,0
2,120,316,-1.782674138,-0.687973228,1.200886022,-2.094111132,-1.546312858,-0.2119205944,0,1,253,task,30,0,1610,20,652,0
2,120,317,-1.788414882,-0.7273745087,1.284001183,-2.139880713,-1.545648259,-0.2176577938,0,1,254,task,30,0,1610,20,652,0
2,120,318,-1.794472784,-0.7647709132,1.362750396,-2.183273732,-1.544954802,-0.2237110411,0,1,255,task,30,0,1610,20,652,0
2,120,319,-1.801054855,-0.8002790729,1.43931023,-2.227651808,-1.543666995,-0.230283329,0,1,256,task,30,0,1610,20,652,0
2,120,320,-1.808211741,-0.8339902666,1.514049349,-2.273252052,-1.541764429,-0.2374219453,0,1,257,task,30,0,1610,20,652,0
2,120,321,-1.815811966,-0.8662762937,1.585977881,-2.31742712,-1.539783935,-0.2449978105,0,1,258,task,30,0,1610,20,652,0
2,120,322,-1.823948669,-0.8972141262,1.655610755,-2.360707718,-1.537572914,-0.2531035285,0,1,259,task,30,0,1610,20,652,0
2,120,323,-1.832669067,-0.9269233775,1.723237309,-2.403241786,-1.535138649,-0.2617855731,0,1,260,task,30,0,1610,20,652,0
2,120,324,-1.841386345,-0.9552579005,1.79029304,-2.448374246,-1.53416012,-0.2704218604,0,1,261,task,30,0,1610,20,652,0
2,120,325,-1.849719222,-0.9818560866,1.857714683,-2.498638068,-1.535584045,-0.2785941042,0,1,262,task,30,0,1610,20,652,0
2,120,326,-1.858634169,-1.007144427,1.923198659,-2.547797446,-1.536953304,-0.2873255515,0,1,263,task,30,0,1610,20,652,0
2,120,327,-1.867853412,-1.031075077,1.984988966,-2.591458592,-1.539093434,-0.296396661,0,1,264,task,30,0,1610,20,652,0
2,120,328,-1.877812053,-1.053942936,2.045690294,-2.635115743,-1.541069356,-0.3061912352,0,1,265,task,30,0,1610,20,652,0
2,120,329,-1.878536939,-1.055498648,2.049889334,-2.638166313,-1.541200598,-0.306904022,0,1,266,task,30,0,1610,20,652,0
2,120,330,-1.915500609,-1.053029584,2.045219816,-2.634825094,-1.538526265,-0.3437884692,0,1,267,task,10,0,1610,20,652,0
2,120,331,-1.904791663,-1.03085551,1.982189086,-2.584390036,-1.535348412,-0.3333561859,0,1,268,task,30,0,1610,20,652,0
2,120,332,-1.894088694,-1.006689609,1.919029769,-2.537585814,-1.533872471,-0.3228518193,0,1,269,task,30,0,1610,20,652,0
2,120,333,-1.883682198,-0.9810095836,1.855206475,-2.492676704,-1.533386472,-0.3125923301,0,1,270,task,30,0,1610,20,652,0
2,120,334,-1.873996491,-0.9542394584,1.789899925,-2.447363701,-1.532727059,-0.3030328481,0,1,271,task,30,0,1610,20,652,0
2,120,335,-1.864373245,-0.9259931103,1.724338876,-2.405228591,-1.533483777,-0.2934800695,0,1,272,task,30,0,1610,20,652,0
2,120,336,-1.854874125,-0.8964305109,1.658185089,-2.365447455,-1.535482346,-0.2840121758,0,1,273,task,30,0,1610,20,652,0
2,120,337,-1.845953828,-0.865797472,1.589997915,-2.324650157,-1.537400201,-0.275118711,0,1,274,task,30,0,1610,20,652,0
2,120,338,-1.83736422,-0.8338165179,1.517925127,-2.279609172,-1.539840116,-0.2665625252,0,1,275,task,30,0,1610,20,652,0
2,120,339,-1.829142432,-0.8002245156,1.441864744,-2.230952657,-1.542597944,-0.2583713971,0,1,276,task,30,0,1610,20,652,0
2,120,340,-1.821642734,-0.7648457641,1.364495527,-2.184639704,-1.544445009,-0.2508861578,0,1,277,task,30,0,1610,20,652,0
2,120,341,-1.8149106,-0.7276810867,1.286577355,-2.142386046,-1.545051384,-0.24415755,0,1,278,task,30,0,1610,20,652,0
2,120,342,-1.808527816,-0.68856473,1.204387485,-2.097796175,-1.545632517,-0.2377776024,0,1,279,task,30,0,1610,20,652,0
2,120,343,-1.802467946,-0.6470533249,1.116965287,-2.050354288,-1.546190185,-0.2317199123,0,1,280,task,30,0,1610,20,652,0
2,120,344,-1.796707148,-0.6025209733,1.022951199,-1.999328012,-1.546726004,-0.2259606709,0,1,281,task,30,0,1610,20,652,0
2,120,345,-1.793965507,-0.5782761094,0.9716290774,-1.971472338,-1.546983727,-0.223219512,0,0,,transition,10,0,1610,20,652,0
2,120,346,-1.791223866,-0.5540312455,0.9203069558,-1.943616665,-1.54724145,-0.2204783532,0,1,282,task,10,0,1610,20,652,0
2,120,347,-1.788611214,-0.5270477571,0.8630128161,-1.912521965,-1.547489661,-0.2178659023,0,0,,transition,10,0,1610,20,652,0
2,120,348,-1.785998563,-0.5000642686,0.8057186764,-1.881427265,-1.547737871,-0.2152534513,0,1,283,task,10,0,1610,20,652,0
2,120,349,-1.783503983,-0.4689285174,0.7393484631,-1.84537514,-1.547984891,-0.2127588181,0,0,,transition,10,0,1610,20,652,0
2,120,350,-1.781009403,-0.4377927661,0.6729782497,-1.809323016,-1.548231911,-0.2102641849,0,1,284,task,10,0,1610,20,652,0
2,120,351,-1.778533757,-0.3980963701,0.5871235609,-1.760989332,-1.548829586,-0.2077879592,0,0,,transition,10,0,1610,20,652,0
2,120,352,-1.776058112,-0.3583999742,0.5012688721,-1.712655648,-1.54942726,-0.2053117335,0,1,285,task,10,0,1610,20,652,0
2,120,353,-1.789221454,-0.3887127826,0.5684763406,-1.752540915,-1.548489039,-0.2184776402,0,0,,transition,10,0,1610,20,652,0
2,120,354,-1.802384796,-0.4190255911,0.6356838092,-1.792426182,-1.547550818,-0.2316435468,0,1,286,task,10,0,1610,20,652,0
2,120,355,-1.805095508,-0.451395926,0.704671403,-1.829663282,-1.547334894,-0.2343542354,0,0,,transition,10,0,1610,20,652,0
2,120,356,-1.80780622,-0.4837662609,0.7736589968,-1.866900381,-1.547118969,-0.2370649239,0,1,287,task,10,0,1610,20,652,0
2,120,357,-1.810645763,-0.5115023914,0.8325303085,-1.89865002,-1.546895052,-0.2399042623,0,0,,transition,10,0,1610,20,652,0
2,120,358,-1.813485305,-0.5392385219,0.8914016201,-1.93039966,-1.546671135,-0.2427436008,0,1,288,task,10,0,1610,20,652,0
2,120,359,-1.816463041,-0.5639923299,0.943764827,-1.958617668,-1.546438691,-0.2457209443,0,0,,transition,10,0,1610,20,652,0
2,120,360,-1.819440777,-0.588746138,0.9961280339,-1.986835677,-1.546206246,-0.2486982879,0,1,289,task,10,0,1610,20,652,0
2,120,361,-1.825693212,-0.6340166458,1.09160577,-2.038247387,-1.545723137,-0.2549495456,0,1,290,task,30,0,1610,20,652,0
2,120,362,-1.832265269,-0.6760886906,1.180095923,-2.085856075,-1.545220538,-0.2615200172,0,1,291,task,30,0,1610,20,652,0
2,120,363,-1.83918196,-0.7156449979,1.263081546,-2.130460769,-1.544697061,-0.2684346982,0,1,292,task,30,0,1610,20,652,0
2,120,364,-1.846470959,-0.7531633279,1.341597644,-2.172617247,-1.54415119,-0.2757212477,0,1,293,task,30,0,1610,20,652,0
2,120,365,-1.854641653,-0.789040599,1.41997815,-2.219660848,-1.542077218,-0.283876131,0,1,294,task,30,0,1610,20,652,0
2,120,366,-1.86406017,-0.8230755766,1.500125136,-2.275431656,-1.537566725,-0.2932382049,0,1,295,task,30,0,1610,20,652,0
2,120,367,-1.873037003,-0.8550390875,1.570344168,-2.316150724,-1.53596787,-0.3021954656,0,1,296,task,30,0,1610,20,652,0
2,120,368,-1.882564959,-0.8858135374,1.638191903,-2.355641077,-1.534304657,-0.3117011324,0,1,297,task,30,0,1610,20,652,0
2,120,369,-1.892695939,-0.9155278168,1.703967967,-2.394068015,-1.532571698,-0.3218069977,0,1,298,task,30,0,1610,20,652,0
2,120,370,-1.903281627,-0.9441211537,1.768450601,-2.432993967,-1.531303045,-0.3323488193,0,1,299,task,30,0,1610,20,652,0
2,120,371,-1.9139429,-0.9712196791,1.832884827,-2.475553142,-1.53156022,-0.3429083667,0,1,300,task,30,0,1610,20,652,0
2,120,372,-1.925370422,-0.9973094672,1.895820081,-2.517601352,-1.531665009,-0.3542193967,0,1,301,task,30,0,1610,20,652,0
2,120,373,-1.937649404,-1.022428132,1.957427321,-2.559266672,-1.531600753,-0.3663655861,0,1,302,task,30,0,1610,20,652,0
2,120,374,-1.949630693,-1.04527314,2.022108249,-2.612685895,-1.534137304,-0.3780158326,0,1,303,task,30,0,1610,20,652,0
2,120,375,-1.951893113,-1.049567576,2.038451012,-2.630299407,-1.535936096,-0.3801091417,0,1,304,task,30,0,1610,20,652,0
2,120,376,-2.006391524,-1.045400977,2.015163278,-2.579610307,-1.490123945,-0.4359914138,0,1,305,task,10,0,1610,20,652,0
2,120,377,-1.983434597,-1.022777957,1.956483251,-2.545165119,-1.509221484,-0.4126318092,0,1,306,task,30,0,1610,20,652,0
2,120,378,-1.967198577,-0.9978456198,1.897059219,-2.509428527,-1.51533804,-0.3963508311,0,1,307,task,30,0,1610,20,652,0
2,120,379,-1.952042458,-0.9720424487,1.836296366,-2.47298554,-1.521356453,-0.3811635151,0,1,308,task,30,0,1610,20,652,0
2,120,380,-1.937864465,-0.9453247071,1.77404637,-2.435756901,-1.527281307,-0.3669656806,0,1,309,task,30,0,1610,20,652,0
2,120,381,-1.925351063,-0.9172359274,1.710613623,-2.398620397,-1.530965552,-0.3544579297,0,1,310,task,30,0,1610,20,652,0
2,120,382,-1.914304381,-0.8878206088,1.645829847,-2.361459515,-1.532555682,-0.3434326723,0,1,311,task,30,0,1610,20,652,0
2,120,383,-1.903908942,-0.8573848277,1.579031611,-2.323250322,-1.534081395,-0.3330567743,0,1,312,task,30,0,1610,20,652,0
2,120,384,-1.894109442,-0.8258062424,1.509936558,-2.283838406,-1.535547464,-0.3232749574,0,1,313,task,30,0,1610,20,652,0
2,120,385,-1.884856599,-0.7929322542,1.438198487,-2.243035053,-1.536958232,-0.3140379786,0,1,314,task,30,0,1610,20,652,0
2,120,386,-1.874449752,-0.7569010572,1.350914384,-2.177851821,-1.543636728,-0.3037062594,0,1,315,task,30,0,1610,20,652,0
2,120,387,-1.866441692,-0.7198057914,1.273428292,-2.136549597,-1.544149893,-0.2956999068,0,1,316,task,30,0,1610,20,652,0
2,120,388,-1.858840712,-0.6807455237,1.191624284,-2.092876524,-1.544642169,-0.2881003559,0,1,317,task,30,0,1610,20,652,0
2,120,389,-1.851616783,-0.639270828,1.104529692,-2.046310917,-1.545114925,-0.2808775827,0,1,318,task,30,0,1610,20,652,0
2,120,390,-1.844742738,-0.5947453267,1.010763111,-1.996109135,-1.545569415,-0.2740044243,0,1,319,task,30,0,1610,20,652,0
2,120,391,-1.841468339,-0.5704791704,0.9595037557,-1.968628709,-1.545788104,-0.2707303364,0,0,,transition,10,0,1610,20,652,0
2,120,392,-1.83819394,-0.5462130141,0.9082444008,-1.941148284,-1.546006794,-0.2674562484,0,1,320,task,10,0,1610,20,652,0
2,120,393,-1.835070968,-0.5191630297,0.8509076208,-1.910367941,-1.546217459,-0.2643334581,0,0,,transition,10,0,1610,20,652,0
2,120,394,-1.831947995,-0.4921130453,0.7935708407,-1.879587599,-1.546428125,-0.2612106678,0,1,321,task,10,0,1610,20,652,0
2,120,395,-1.82896625,-0.4608315129,0.7269953473,-1.84379427,-1.546631256,-0.2582289796,0,0,,transition,10,0,1610,20,652,0
2,120,396,-1.825984505,-0.4295499805,0.6604198538,-1.808000942,-1.546834387,-0.2552472915,0,1,322,task,10,0,1610,20,652,0
2,120,397,-1.823134678,-0.3906651919,0.5772319716,-1.76319311,-1.547030437,-0.2523974003,0,0,,transition,10,0,1610,20,652,0
2,120,398,-1.820284852,-0.3517804033,0.4940440894,-1.718385278,-1.547226486,-0.2495475091,0,1,323,task,10,0,1610,20,652,0
2,120,399,-1.85823924,-0.3750834131,0.5362041467,-1.707725847,-1.499250308,-0.2882034539,0,1,324,task,10,0,1610,20,652,0
2,120,400,-1.861522242,-0.4116325314,0.614137331,-1.749492508,-1.49915128,-0.2914982112,0,0,,transition,10,0,1610,20,652,0
2,120,401,-1.864805244,-0.4481816496,0.6920705152,-1.791259169,-1.499052251,-0.2947929685,0,1,325,task,10,0,1610,20,652,0
2,120,402,-1.868239973,-0.4782655216,0.7558720645,-1.825346673,-1.498950159,-0.2982398618,0,0,,transition,10,0,1610,20,652,0
2,120,403,-1.871674702,-0.5083493935,0.8196736137,-1.859434176,-1.498848066,-0.301686755,0,1,326,task,10,0,1610,20,652,0
2,120,404,-1.875271791,-0.5346465109,0.8751984509,-1.889018017,-1.498742829,-0.3052964524,0,0,,transition,10,0,1610,20,652,0
2,120,405,-1.87886888,-0.5609436283,0.9307232882,-1.918601858,-1.498637591,-0.3089061497,0,1,327,task,10,0,1610,20,652,0
2,120,406,-1.88641105,-0.6084276438,1.030594875,-1.971672203,-1.498420676,-0.3164745025,0,1,328,task,30,0,1610,20,652,0
2,120,407,-1.89432673,-0.6521778516,1.122285936,-2.020264101,-1.49819719,-0.3244174174,0,1,329,task,30,0,1610,20,652,0
2,120,408,-1.902643957,-0.6930565941,1.207669799,-2.065386048,-1.497967029,-0.332763026,0,1,330,task,30,0,1610,20,652,0
2,120,409,-1.911393596,-0.7316470654,1.288009303,-2.107714939,-1.497730119,-0.3415423021,0,1,331,task,30,0,1610,20,652,0
2,120,410,-1.920687844,-0.7701644189,1.379279242,-2.176152254,-1.497186345,-0.3507993751,0,1,332,task,30,0,1610,20,652,0
2,120,411,-1.92667346,-0.8058605816,1.462671766,-2.238355249,-1.50822534,-0.3564199783,0,1,333,task,30,0,1610,20,652,0
2,120,412,-1.934416995,-0.8388422739,1.537277402,-2.287997289,-1.515048225,-0.3639500115,0,1,334,task,30,0,1610,20,652,0
2,120,413,-1.943246147,-0.8701456199,1.607029374,-2.331710925,-1.520026755,-0.3726307523,0,1,335,task,30,0,1610,20,652,0
2,120,414,-1.95263209,-0.9002501766,1.674542515,-2.374446672,-1.524891324,-0.3818674263,0,1,336,task,30,0,1610,20,652,0
2,120,415,-1.963536644,-0.9290457611,1.740526958,-2.417058973,-1.527159434,-0.3926442356,0,1,337,task,30,0,1610,20,652,0
2,120,416,-1.982142087,-0.9549032611,1.80771378,-2.46371425,-1.510888084,-0.4113280144,0,1,338,task,30,0,1610,20,652,0
2,120,417,-1.998665007,-0.9802229184,1.867974366,-2.498587636,-1.503053995,-0.4279689045,0,1,339,task,30,0,1610,20,652,0
2,120,418,-2.015544202,-1.004870249,1.925756428,-2.530327577,-1.497077164,-0.4449896163,0,1,340,task,30,0,1610,20,652,0
2,120,419,-2.033592437,-1.028729463,1.982299302,-2.561333429,-1.491086261,-0.4632089317,0,1,341,task,30,0,1610,20,652,0
2,120,420,-2.040702341,-1.037498768,2.003252322,-2.572807128,-1.488832283,-0.4703915935,0,1,342,task,30,0,1610,20,652,0
2,120,421,-2.074174073,-1.028659507,1.989316204,-2.564942511,-1.48766525,-0.5039572782,0,1,343,task,10,0,1610,20,652,0
2,120,422,-2.057195429,-1.005059287,1.931931993,-2.529466967,-1.487732683,-0.4870429499,0,1,344,task,30,0,1610,20,652,0
2,120,423,-2.041340397,-0.980607461,1.87333623,-2.493546239,-1.487685503,-0.4712491848,0,1,345,task,30,0,1610,20,652,0
2,120,424,-2.02650394,-0.9552769808,1.813402648,-2.457091686,-1.487532929,-0.4564709451,0,1,346,task,30,0,1610,20,652,0
2,120,425,-2.012593356,-0.9290271148,1.751984652,-2.420006474,-1.487283336,-0.4426155694,0,1,347,task,30,0,1610,20,652,0
2,120,426,-1.998089892,-0.9013248573,1.665265428,-2.331115215,-1.491231453,-0.4285404125,0,1,348,task,30,0,1610,20,652,0
2,120,427,-1.985408281,-0.8712867298,1.600409767,-2.295091433,-1.491937499,-0.4158218648,0,1,349,task,30,0,1610,20,652,0
2,120,428,-1.973444013,-0.8401913692,1.533364489,-2.257861047,-1.492604754,-0.4038223306,0,1,350,task,30,0,1610,20,652,0
2,120,429,-1.962139262,-0.8079008714,1.463823338,-2.219262453,-1.493235237,-0.3924837166,0,1,351,task,30,0,1610,20,652,0
2,120,430,-1.95144211,-0.774242923,1.391405823,-2.179093468,-1.493830894,-0.3817538769,0,1,352,task,30,0,1610,20,652,0
2,120,431,-1.941160948,-0.7386294154,1.314377643,-2.134989251,-1.494857952,-0.3714357117,0,1,353,task,30,0,1610,20,652,0
2,120,432,-1.931118712,-0.7001791657,1.230386519,-2.084078992,-1.49679293,-0.3613399654,0,1,354,task,30,0,1610,20,652,0
2,120,433,-1.921783539,-0.6596208893,1.143410017,-2.034210004,-1.497996931,-0.351956693,0,1,355,task,30,0,1610,20,652,0
2,120,434,-1.913153898,-0.6168625999,1.053588507,-1.986368053,-1.498306757,-0.3432960156,0,1,356,task,30,0,1610,20,652,0
2,120,435,-1.90493177,-0.5706129968,0.9561301337,-1.934344359,-1.498606774,-0.335043997,0,1,357,task,30,0,1610,20,652,0
2,120,436,-1.901010587,-0.5451369199,0.9022637248,-1.905529774,-1.498752017,-0.3311083915,0,0,,transition,10,0,1610,20,652,0
2,120,437,-1.897089404,-0.519660843,0.8483973159,-1.876715189,-1.498897261,-0.327172786,0,1,358,task,10,0,1610,20,652,0
2,120,438,-1.893345439,-0.490785538,0.7871073711,-1.843860693,-1.499037885,-0.3234148757,0,0,,transition,10,0,1610,20,652,0
2,120,439,-1.889601474,-0.4619102329,0.7258174263,-1.811006196,-1.49917851,-0.3196569654,0,1,359,task,10,0,1610,20,652,0
2,120,440,-1.886023148,-0.427492001,0.6524194431,-1.771572065,-1.499314665,-0.3160651308,0,0,,transition,10,0,1610,20,652,0
2,120,441,-1.882444823,-0.393073769,0.57902146,-1.732137934,-1.499450819,-0.3124732962,0,1,360,task,10,0,1610,20,652,0
2,120,442,-1.87902153,-0.346931323,0.4799868786,-1.678777883,-1.499582655,-0.3090368945,0,0,,transition,10,0,1610,20,652,0
2,120,443,-1.875598237,-0.3007888769,0.3809522972,-1.625417831,-1.499714491,-0.3056004928,0,1,361,task,10,0,1610,20,652,0
2,120,444,-1.900244194,-0.3346253508,0.4582374239,-1.668832343,-1.499802172,-0.3303146265,0,1,362,task,10,0,1610,20,652,0
2,120,445,-1.903973696,-0.3753295692,0.5455218413,-1.7159856,-1.499616019,-0.3340594312,0,0,,transition,10,0,1610,20,652,0
2,120,446,-1.907703197,-0.4160337875,0.6328062588,-1.763138858,-1.499429865,-0.3378042359,0,1,363,task,10,0,1610,20,652,0
2,120,447,-1.911602247,-0.4480914665,0.7012000627,-1.800032355,-1.499237255,-0.3417189956,0,0,,transition,10,0,1610,20,652,0
2,120,448,-1.915501297,-0.4801491455,0.7695938667,-1.836925852,-1.499044644,-0.3456337553,0,1,364,task,10,0,1610,20,652,0
2,120,449,-1.919581487,-0.507600751,0.8279359588,-1.868356856,-1.498845315,-0.349730104,0,0,,transition,10,0,1610,20,652,0
2,120,450,-1.923661677,-0.5350523566,0.8862780508,-1.89978786,-1.498645985,-0.3538264527,0,1,365,task,10,0,1610,20,652,0
2,120,451,-1.927935654,-0.5595323896,0.9381389218,-1.927691077,-1.498439669,-0.3581170861,0,0,,transition,10,0,1610,20,652,0
2,120,452,-1.93220963,-0.5840124226,0.9899997927,-1.955594294,-1.498233352,-0.3624077194,0,1,366,task,10,0,1610,20,652,0
2,120,453,-1.941269396,-0.629017789,1.085815843,-2.008457378,-1.497473167,-0.3715081711,0,1,367,task,30,0,1610,20,652,0
2,120,454,-1.950849798,-0.6708601356,1.175249681,-2.058716773,-1.49645961,-0.3811328953,0,1,368,task,30,0,1610,20,652,0
2,120,455,-1.960927485,-0.7100383118,1.258945253,-2.105843446,-1.495396026,-0.3912542604,0,1,369,task,30,0,1610,20,652,0
2,120,456,-1.971515862,-0.7469174034,1.337881783,-2.150313188,-1.494357529,-0.4018844416,0,1,370,task,30,0,1610,20,652,0
2,120,457,-1.982563054,-0.7814076976,1.412528045,-2.192226966,-1.493619926,-0.4129676143,0,1,371,task,30,0,1610,20,652,0
2,120,458,-1.994222615,-0.814357255,1.483949065,-2.232390609,-1.492839634,-0.4246639081,0,1,372,task,30,0,1610,20,652,0
2,120,459,-2.006545285,-0.8459684199,1.552593117,-2.271043675,-1.492014211,-0.4370242858,0,1,373,task,30,0,1610,20,652,0
2,120,460,-2.019618974,-0.8764070121,1.619076775,-2.308916167,-1.491048777,-0.4501361809,0,1,374,task,30,0,1610,20,652,0
2,120,461,-2.034063072,-0.9057342048,1.687768381,-2.354932393,-1.488361551,-0.4645956766,0,1,375,task,30,0,1610,20,652,0
2,120,462,-2.049004288,-0.9327996245,1.764244348,-2.423433941,-1.486431141,-0.4791965354,0,1,376,task,30,0,1610,20,652,0
2,120,463,-2.064156394,-0.9584627057,1.826223717,-2.463430228,-1.486510359,-0.4942471787,0,1,377,task,30,0,1610,20,652,0
2,120,464,-2.080250014,-0.9831942491,1.885753496,-2.500633767,-1.486654492,-0.5102611025,0,1,378,task,30,0,1610,20,652,0
2,120,465,-2.097447351,-1.007008075,1.943941478,-2.537330361,-1.486667158,-0.527373657,0,1,379,task,30,0,1610,20,652,0
2,120,466,-2.106756748,-1.018903773,1.973381408,-2.556032676,-1.486618758,-0.536637433,0,1,380,task,30,0,1610,20,652,0
2,120,467,-2.138410652,-1.008251886,1.955475475,-2.546093978,-1.485687777,-0.5683913327,0,1,381,task,10,0,1610,20,652,0
2,120,468,-2.119859576,-0.9851670447,1.897514202,-2.507998002,-1.4857357,-0.5499650901,0,1,382,task,30,0,1610,20,652,0
2,120,469,-2.102499837,-0.9611023629,1.838192701,-2.469429515,-1.485610381,-0.5327208968,0,1,383,task,30,0,1610,20,652,0
2,120,470,-2.085996416,-0.9359868908,1.775704561,-2.426625618,-1.485958159,-0.5163608773,0,1,384,task,30,0,1610,20,652,0
2,120,471,-2.069981106,-0.9094194876,1.707085633,-2.373868062,-1.487609004,-0.5005357661,0,1,385,task,30,0,1610,20,652,0
2,120,472,-2.054868691,-0.8811158479,1.639255672,-2.32712989,-1.489161197,-0.4854824807,0,1,386,task,30,0,1610,20,652,0
2,120,473,-2.040529179,-0.8513525177,1.572457018,-2.286646418,-1.490812573,-0.4711107384,0,1,387,task,30,0,1610,20,652,0
2,120,474,-2.027089978,-0.8204355711,1.50421065,-2.24683033,-1.492063565,-0.4576323393,0,1,388,task,30,0,1610,20,652,0
2,120,475,-2.014417101,-0.7882293218,1.43368905,-2.20640163,-1.493120979,-0.444918648,0,1,389,task,30,0,1610,20,652,0
2,120,476,-2.002411247,-0.754513445,1.3600547,-2.164291343,-1.494120733,-0.4328721006,0,1,390,task,30,0,1610,20,652,0
2,120,477,-1.991034642,-0.7189106371,1.283095842,-2.120911249,-1.495021643,-0.4214543437,0,1,391,task,30,0,1610,20,652,0
2,120,478,-1.980255877,-0.6809699649,1.202674989,-2.076945003,-1.495771195,-0.4106341737,0,1,392,task,30,0,1610,20,652,0
2,120,479,-1.97000234,-0.6406489053,1.117094204,-2.030142744,-1.496489165,-0.4003402477,0,1,393,task,30,0,1610,20,652,0
2,120,480,-1.960237577,-0.5973531156,1.025059834,-1.979809629,-1.497177041,-0.3905359459,0,1,394,task,30,0,1610,20,652,0
2,120,481,-1.955582955,-0.5737753985,0.9748516257,-1.952357886,-1.497506648,-0.3858619097,0,0,,transition,10,0,1610,20,652,0
2,120,482,-1.950928334,-0.5501976815,0.9246434178,-1.924906143,-1.497836255,-0.3811878735,0,1,395,task,10,0,1610,20,652,0
2,120,483,-1.94648826,-0.5240013776,0.8687682832,-1.894432626,-1.498144929,-0.3767287814,0,0,,transition,10,0,1610,20,652,0
2,120,484,-1.942048186,-0.4978050738,0.8128931486,-1.863959108,-1.498453603,-0.3722696893,0,1,396,task,10,0,1610,20,652,0
2,120,485,-1.937810259,-0.4677539943,0.7486760101,-1.829078401,-1.498735942,-0.3680133048,0,0,,transition,10,0,1610,20,652,0
2,120,486,-1.933572331,-0.4377029149,0.6844588716,-1.794197694,-1.499018281,-0.3637569204,0,1,397,task,10,0,1610,20,652,0
2,120,487,-1.929519505,-0.4009519389,0.6056214984,-1.751377997,-1.499290625,-0.3596859929,0,0,,transition,10,0,1610,20,652,0
2,120,488,-1.925466678,-0.3642009629,0.5267841252,-1.7085583,-1.499562969,-0.3556150654,0,1,398,task,10,0,1610,20,652,0
2,120,489,-1.922880451,-0.3286129276,0.4499804096,-1.66684219,-1.499738162,-0.3530169786,0,0,,transition,30,0,1610,20,652,0
2,120,490,-1.920294224,-0.2930248923,0.373176694,-1.62512608,-1.499913356,-0.3504188917,0,0,,transition,10,0,1610,20,652,0
2,120,491,-1.917707997,-0.2574368571,0.2963729784,-1.58340997,-1.500088549,-0.3478208049,0,1,399,task,10,0,1610,20,652,0
2,120,492,-1.941368081,-0.2793313437,0.3491784658,-1.615644347,-1.499609268,-0.3715606332,0,1,400,task,10,0,1610,20,652,0
2,120,493,-1.944153008,-0.3116880469,0.4190882838,-1.653879742,-1.499341257,-0.3743599078,0,0,,transition,30,0,1610,20,652,0
2,120,494,-1.946937936,-0.3440447501,0.4889981019,-1.692115137,-1.499073246,-0.3771591825,0,0,,transition,10,0,1610,20,652,0
2,120,495,-1.949722863,-0.3764014533,0.5589079199,-1.730350532,-1.498805235,-0.3799584571,0,1,401,task,10,0,1610,20,652,0
2,120,496,-1.954058078,-0.4113830056,0.6339961555,-1.771217078,-1.498498325,-0.3843127395,0,0,,transition,10,0,1610,20,652,0
2,120,497,-1.958393292,-0.4463645578,0.7090843911,-1.812083623,-1.498191415,-0.3886670218,0,1,402,task,10,0,1610,20,652,0
2,120,498,-1.962902699,-0.4753296386,0.7709242262,-1.845515562,-1.49795775,-0.393193981,0,0,,transition,10,0,1610,20,652,0
2,120,499,-1.967412106,-0.5042947195,0.8327640612,-1.878947502,-1.497724085,-0.3977209401,0,1,403,task,10,0,1610,20,652,0
2,120,500,-1.972130294,-0.5297115732,0.8868733689,-1.908176643,-1.497481569,-0.4024571899,0,0,,transition,10,0,1610,20,652,0
2,120,501,-1.976848481,-0.555128427,0.9409826765,-1.937405785,-1.497239053,-0.4071934398,0,1,404,task,10,0,1610,20,652,0
2,120,502,-1.986731127,-0.6010849199,1.038585773,-1.990081621,-1.496735659,-0.4171133545,0,1,405,task,30,0,1610,20,652,0
2,120,503,-1.997091344,-0.6434291413,1.128331702,-2.038464962,-1.496213249,-0.4275121239,0,1,406,task,30,0,1610,20,652,0
2,120,504,-2.007963308,-0.6829628511,1.211966358,-2.083496139,-1.495671179,-0.4384240796,0,1,407,task,30,0,1610,20,652,0
2,120,505,-2.019401788,-0.7202084033,1.290889276,-2.126225895,-1.495050257,-0.4499046482,0,1,408,task,30,0,1610,20,652,0
2,120,506,-2.031640482,-0.7552046568,1.368005052,-2.171329479,-1.493720073,-0.4621906139,0,1,409,task,30,0,1610,20,652,0
2,120,507,-2.044542552,-0.7884256481,1.441477286,-2.214477824,-1.492313045,-0.4751381604,0,1,410,task,30,0,1610,20,652,0
2,120,508,-2.058113714,-0.8201256088,1.51159616,-2.255469281,-1.490968782,-0.4887514984,0,1,411,task,30,0,1610,20,652,0
2,120,509,-2.072374852,-0.8505289166,1.578658967,-2.294234563,-1.489783146,-0.5030516422,0,1,412,task,30,0,1610,20,652,0
2,120,510,-2.087461753,-0.8797603818,1.643385955,-2.331732326,-1.488524437,-0.5181779,0,1,413,task,30,0,1610,20,652,0
2,120,511,-2.103373029,-0.9073846886,1.709923906,-2.377198603,-1.487289914,-0.534021495,0,1,414,task,30,0,1610,20,652,0
2,120,512,-2.120295544,-0.9336322561,1.774955345,-2.42308348,-1.485823587,-0.550831828,0,1,415,task,30,0,1610,20,652,0
2,120,513,-2.138059466,-0.9585066445,1.837546386,-2.467118549,-1.484798208,-0.5684472602,0,1,416,task,30,0,1610,20,652,0
2,120,514,-2.15645714,-0.9820098849,1.897421481,-2.508465543,-1.484918401,-0.5866660717,0,1,417,task,30,0,1610,20,652,0
2,120,515,-2.169105995,-0.9967233783,1.935625999,-2.535142396,-1.484866544,-0.5991882433,0,1,418,task,30,0,1610,20,652,0
2,120,516,-2.198822368,-0.9843364639,1.913859598,-2.523193006,-1.484148758,-0.629006895,0,1,419,task,10,0,1610,20,652,0
2,120,517,-2.179052179,-0.9619095983,1.852425835,-2.475563866,-1.484184046,-0.6095694318,0,1,420,task,30,0,1610,20,652,0
2,120,518,-2.159967042,-0.9377115365,1.791320592,-2.432747583,-1.485297881,-0.5906287259,0,1,421,task,30,0,1610,20,652,0
2,120,519,-2.14183469,-0.9121974239,1.729182225,-2.391092781,-1.486700651,-0.5725686121,0,1,422,task,30,0,1610,20,652,0
2,120,520,-2.124771698,-0.8855002372,1.665112612,-2.348555914,-1.487897201,-0.5555608445,0,1,423,task,30,0,1610,20,652,0
2,120,521,-2.108667099,-0.8573551429,1.600605191,-2.308851635,-1.488933284,-0.5394572882,0,1,424,task,30,0,1610,20,652,0
2,120,522,-2.093414613,-0.8278319788,1.535791844,-2.272316646,-1.489917102,-0.5241602935,0,1,425,task,30,0,1610,20,652,0
2,120,523,-2.078966767,-0.7970930493,1.468503481,-2.23442748,-1.490850334,-0.5096697979,0,1,426,task,30,0,1610,20,652,0
2,120,524,-2.065172363,-0.7649433834,1.397734902,-2.19375082,-1.492029796,-0.495832386,0,1,427,task,30,0,1610,20,652,0
2,120,525,-2.051792942,-0.7309651737,1.321378018,-2.147149829,-1.494081413,-0.4824003246,0,1,428,task,30,0,1610,20,652,0
2,120,526,-2.039202513,-0.6949464447,1.242007363,-2.100441079,-1.495653138,-0.4697554926,0,1,429,task,30,0,1610,20,652,0
2,120,527,-2.027541756,-0.6567781483,1.161437071,-2.057520833,-1.496076256,-0.4580536487,0,1,430,task,30,0,1610,20,652,0
2,120,528,-2.016426577,-0.6160859251,1.075372572,-2.011577679,-1.496487207,-0.4468991405,0,1,431,task,30,0,1610,20,652,0
2,120,529,-2.005821031,-0.5722092005,0.9823767121,-1.96183879,-1.496886034,-0.4362558626,0,1,432,task,30,0,1610,20,652,0
2,120,530,-2.00075658,-0.548176186,0.931318369,-1.934480859,-1.497079444,-0.4311732719,0,0,,transition,10,0,1610,20,652,0
2,120,531,-1.995692129,-0.5241431716,0.8802600258,-1.907122929,-1.497272854,-0.4260906813,0,1,433,task,10,0,1610,20,652,0
2,120,532,-1.990850842,-0.4971817445,0.8228219852,-1.876292555,-1.497460346,-0.421231916,0,0,,transition,10,0,1610,20,652,0
2,120,533,-1.986009556,-0.4702203174,0.7653839446,-1.845462182,-1.497647838,-0.4163731508,0,1,434,task,10,0,1610,20,652,0
2,120,534,-1.981377486,-0.4387444763,0.6981010087,-1.809281604,-1.497829518,-0.4117242046,0,0,,transition,10,0,1610,20,652,0
2,120,535,-1.976745416,-0.4072686351,0.6308180728,-1.773101026,-1.498011198,-0.4070752585,0,1,435,task,10,0,1610,20,652,0
2,120,536,-1.972309713,-0.3673974121,0.5451996938,-1.726961978,-1.498187189,-0.4026232279,0,0,,transition,10,0,1610,20,652,0
2,120,537,-1.96787401,-0.3275261891,0.4595813149,-1.68082293,-1.498363181,-0.3981711974,0,1,436,task,10,0,1610,20,652,0
2,120,538,-1.96573446,-0.2924932412,0.3836375078,-1.639574247,-1.498503583,-0.3960224128,0,0,,transition,30,0,1610,20,652,0
2,120,539,-1.96359491,-0.2574602932,0.3076937008,-1.598325563,-1.498643986,-0.3938736282,0,0,,transition,30,0,1610,20,652,0
2,120,540,-1.961455359,-0.2224273452,0.2317498937,-1.557076879,-1.498784389,-0.3917248437,0,0,,transition,10,0,1610,20,652,0
2,120,541,-1.959315809,-0.1873943972,0.1558060866,-1.515828195,-1.498924791,-0.3895760591,0,1,437,task,10,0,1610,20,652,0
2,120,542,-1.981568368,-0.1847772439,0.1555264138,-1.519259061,-1.49838466,-0.4119041961,0,1,438,task,10,0,1610,20,652,0
2,120,543,-1.983801637,-0.2194709302,0.2306454392,-1.559820504,-1.498315545,-0.4141453105,0,0,,transition,30,0,1610,20,652,0
2,120,544,-1.986034906,-0.2541646164,0.3057644647,-1.600381947,-1.498246431,-0.4163864248,0,0,,transition,30,0,1610,20,652,0
2,120,545,-1.988268175,-0.2888583026,0.3808834902,-1.640943389,-1.498177316,-0.4186275392,0,0,,transition,10,0,1610,20,652,0
2,120,546,-1.990501444,-0.3235519889,0.4560025157,-1.681504832,-1.498108201,-0.4208686535,0,1,439,task,10,0,1610,20,652,0
2,120,547,-1.995159559,-0.3633038482,0.5413584055,-1.727363674,-1.497966352,-0.4255430259,0,0,,transition,10,0,1610,20,652,0
2,120,548,-1.999817675,-0.4030557075,0.6267142952,-1.773222517,-1.497824503,-0.4302173982,0,1,440,task,10,0,1610,20,652,0
2,120,549,-2.004679449,-0.4344027719,0.6937128089,-1.809110209,-1.497679046,-0.4350960437,0,0,,transition,10,0,1610,20,652,0
2,120,550,-2.009541223,-0.4657498363,0.7607113226,-1.8449979,-1.497533589,-0.4399746892,0,1,441,task,10,0,1610,20,652,0
2,120,551,-2.014619726,-0.4925838906,0.8178669268,-1.875535847,-1.497384561,-0.4450707293,0,0,,transition,10,0,1610,20,652,0
2,120,552,-2.019698229,-0.5194179448,0.875022531,-1.906073795,-1.497235533,-0.4501667695,0,1,442,task,10,0,1610,20,652,0
2,120,553,-2.025007614,-0.5433254661,0.9258015801,-1.933140489,-1.497083003,-0.4554944142,0,0,,transition,10,0,1610,20,652,0
2,120,554,-2.030316999,-0.5672329874,0.9765806292,-1.960207183,-1.496930472,-0.460822059,0,1,443,task,10,0,1610,20,652,0
2,120,555,-2.041428219,-0.6108608496,1.069020751,-2.009364302,-1.496618617,-0.4719713705,0,1,444,task,30,0,1610,20,652,0
2,120,556,-2.053065197,-0.6513044415,1.15452833,-2.054724396,-1.496300271,-0.483648147,0,1,445,task,30,0,1610,20,652,0
2,120,557,-2.065264122,-0.6892225702,1.234536747,-2.097058469,-1.495975847,-0.4958887271,0,1,446,task,30,0,1610,20,652,0
2,120,558,-2.078966244,-0.7253434657,1.3176437,-2.151029834,-1.492680344,-0.5096656807,0,1,447,task,30,0,1610,20,652,0
2,120,559,-2.092796883,-0.758854404,1.391969453,-2.194561459,-1.491161062,-0.5235438737,0,1,448,task,30,0,1610,20,652,0
2,120,560,-2.107089079,-0.7906194783,1.461157903,-2.2328723,-1.490413999,-0.5378802331,0,1,449,task,30,0,1610,20,652,0
2,120,561,-2.122141638,-0.8210268977,1.527535506,-2.269644529,-1.489631564,-0.552979291,0,1,450,task,30,0,1610,20,652,0
2,120,562,-2.138012431,-0.8502279329,1.591439967,-2.305056938,-1.488812915,-0.5688992905,0,1,451,task,30,0,1610,20,652,0
2,120,563,-2.154769375,-0.8779399599,1.655355211,-2.344404213,-1.487881816,-0.5856533618,0,1,452,task,30,0,1610,20,652,0
2,120,564,-2.172512991,-0.9043404736,1.717900038,-2.384417137,-1.486784912,-0.6033680661,0,1,453,task,30,0,1610,20,652,0
2,120,565,-2.191329226,-0.929611338,1.778526867,-2.423508923,-1.485522658,-0.6221460196,0,1,454,task,30,0,1610,20,652,0
2,120,566,-2.211309726,-0.9538080794,1.837405437,-2.461776715,-1.484083688,-0.6420788864,0,1,455,task,30,0,1610,20,652,0
2,120,567,-2.227548049,-0.9711075447,1.890200857,-2.510259456,-1.483527762,-0.6578347933,0,1,456,task,30,0,1610,20,652,0
2,120,568,-2.257992736,-0.9570739489,1.844426259,-2.447499269,-1.47659947,-0.6897570853,0,1,457,task,10,0,1610,20,652,0
2,120,569,-2.235399468,-0.9339786176,1.790776396,-2.419384926,-1.481029504,-0.6668310975,0,1,458,task,30,0,1610,20,652,0
2,120,570,-2.214861702,-0.9095936684,1.734235285,-2.387272327,-1.483258594,-0.6461544323,0,1,459,task,30,0,1610,20,652,0
2,120,571,-2.195432215,-0.8842324563,1.675904082,-2.354156917,-1.485460036,-0.6265966824,0,1,460,task,30,0,1610,20,652,0
2,120,572,-2.177032401,-0.8578316197,1.615622735,-2.319957392,-1.487631026,-0.6080779972,0,1,461,task,30,0,1610,20,652,0
2,120,573,-2.159804872,-0.8299859404,1.553466532,-2.285269694,-1.48911819,-0.5907645636,0,1,462,task,30,0,1610,20,652,0
2,120,574,-2.143706583,-0.8005900103,1.489291683,-2.250124836,-1.489796745,-0.5746144999,0,1,463,task,30,0,1610,20,652,0
2,120,575,-2.128412623,-0.769925237,1.422494356,-2.213537866,-1.490450197,-0.5592717638,0,1,464,task,30,0,1610,20,652,0
2,120,576,-2.113868358,-0.7378256988,1.352706228,-2.175313229,-1.491078549,-0.5446813787,0,1,465,task,30,0,1610,20,652,0
2,120,577,-2.10002357,-0.7040779522,1.279456073,-2.135199376,-1.491681997,-0.5307928226,0,1,466,task,30,0,1610,20,652,0
2,120,578,-2.085588849,-0.6666625636,1.191492111,-2.074866082,-1.496475911,-0.5162643091,0,1,467,task,30,0,1610,20,652,0
2,120,579,-2.073121069,-0.6279243002,1.109669957,-2.031722436,-1.496717927,-0.5037551576,0,1,468,task,30,0,1610,20,652,0
2,120,580,-2.061213927,-0.5863875535,1.021755756,-1.985234654,-1.496958605,-0.4918084645,0,1,469,task,30,0,1610,20,652,0
2,120,581,-2.04983241,-0.541262695,0.9260299887,-1.93447613,-1.49719722,-0.4803890845,0,1,470,task,30,0,1610,20,652,0
2,120,582,-2.044388297,-0.5162828189,0.872901887,-1.906226969,-1.497315198,-0.4749268237,0,0,,transition,10,0,1610,20,652,0
2,120,583,-2.038944184,-0.4913029428,0.8197737852,-1.877977809,-1.497433176,-0.4694645629,0,1,471,task,10,0,1610,20,652,0
2,120,584,-2.064771251,-0.4673540984,0.7668450109,-1.829418016,-1.483307045,-0.4960384448,0,1,472,task,10,0,1610,20,652,0
2,120,585,-2.070367946,-0.4933428968,0.8218522987,-1.858076043,-1.483525671,-0.5016519507,0,0,,transition,10,0,1610,20,652,0
2,120,586,-2.07596464,-0.5193316953,0.8768595865,-1.886734069,-1.483744298,-0.5072654566,0,1,473,task,10,0,1610,20,652,0
2,120,587,-2.087648673,-0.5658470062,0.9749410058,-1.937541384,-1.484207477,-0.5189838651,0,1,474,task,30,0,1610,20,652,0
2,120,588,-2.099854122,-0.608408724,1.0643793,-1.98361937,-1.48469897,-0.5312244175,0,1,475,task,30,0,1610,20,652,0
2,120,589,-2.114078052,-0.6481921784,1.150628396,-2.031302479,-1.480306668,-0.5457309056,0,1,476,task,30,0,1610,20,652,0
2,120,590,-2.12713334,-0.6882971224,1.246039589,-2.102953226,-1.481834305,-0.5586097622,0,1,477,task,30,0,1610,20,652,0
2,120,591,-2.139989457,-0.7235600561,1.32394266,-2.151007888,-1.486046097,-0.5712363394,0,1,478,task,30,0,1610,20,652,0
2,120,592,-2.154505191,-0.7562505497,1.396040228,-2.193217128,-1.487042753,-0.5857023961,0,1,479,task,30,0,1610,20,652,0
2,120,593,-2.169771143,-0.787347681,1.464888638,-2.233731758,-1.487951964,-0.6009153357,0,1,480,task,30,0,1610,20,652,0
2,120,594,-2.185842203,-0.817038057,1.530909313,-2.272781647,-1.488767637,-0.616929876,0,1,481,task,30,0,1610,20,652,0
2,120,595,-2.204163971,-0.8446244691,1.5954735,-2.312666802,-1.485434016,-0.6353624236,0,1,482,task,30,0,1610,20,652,0
2,120,596,-2.224219734,-0.8703981599,1.657904651,-2.351785091,-1.47991168,-0.6556335721,0,1,483,task,30,0,1610,20,652,0
2,120,597,-2.243769976,-0.8954385603,1.713910616,-2.38062583,-1.478824697,-0.6753341851,0,1,484,task,30,0,1610,20,652,0
2,120,598,-2.264369921,-0.9195791586,1.768165491,-2.408472175,-1.477797828,-0.6960937524,0,1,485,task,30,0,1610,20,652,0
2,120,599,-2.284347622,-0.9410717399,1.816717367,-2.433306968,-1.476912986,-0.7162270726,0,1,486,task,30,0,1610,20,652,0
2,120,600,-2.309736654,-0.9242798649,1.7871563,-2.418152011,-1.477276849,-0.741725359,0,1,487,task,10,0,1610,20,652,0
2,120,601,-2.288369379,-0.9008758483,1.733438962,-2.388332992,-1.476768618,-0.7203277636,0,1,488,task,30,0,1610,20,652,0
2,120,602,-2.268094399,-0.8765455005,1.677994753,-2.357625238,-1.476254834,-0.7000252704,0,1,489,task,30,0,1610,20,652,0
2,120,603,-2.248840544,-0.8512351771,1.620687859,-2.325952742,-1.475733532,-0.6807464955,0,1,490,task,30,0,1610,20,652,0
2,120,604,-2.230541533,-0.8248759839,1.561350863,-2.293222718,-1.475203162,-0.6624249538,0,1,491,task,30,0,1610,20,652,0
2,120,605,-2.211977129,-0.7952141706,1.48024308,-2.220681376,-1.47840259,-0.6441056796,0,1,492,task,30,0,1610,20,652,0
2,120,606,-2.195317829,-0.765313882,1.415763785,-2.186374047,-1.478153217,-0.6273863104,0,1,493,task,30,0,1610,20,652,0
2,120,607,-2.179439673,-0.7340262267,1.348355696,-2.150451478,-1.477914307,-0.6114506666,0,1,494,task,30,0,1610,20,652,0
2,120,608,-2.164294011,-0.7011533919,1.277584602,-2.112681839,-1.477683617,-0.5962499561,0,1,495,task,30,0,1610,20,652,0
2,120,609,-2.149775837,-0.6660180074,1.200875,-2.069326965,-1.477669591,-0.5816893218,0,1,496,task,30,0,1610,20,652,0
2,120,610,-2.135425491,-0.6275749605,1.11489197,-2.016437661,-1.479300722,-0.5672336873,0,1,497,task,30,0,1610,20,652,0
2,120,611,-2.121135689,-0.5868212177,1.025684558,-1.965760381,-1.482884844,-0.5526997584,0,1,498,task,30,0,1610,20,652,0
2,120,612,-2.107864293,-0.5430423078,0.9320961616,-1.91607262,-1.485039465,-0.539256838,0,1,499,task,30,0,1610,20,652,0
2,120,613,-2.101873345,-0.5189444123,0.8811105332,-1.88952215,-1.484801725,-0.5332488076,0,0,,transition,10,0,1610,20,652,0
2,120,614,-2.095882396,-0.4948465169,0.8301249049,-1.86297168,-1.484563984,-0.5272407772,0,1,500,task,10,0,1610,20,652,0
2,120,615,-2.090138462,-0.4675584416,0.7721755943,-1.832628866,-1.484338644,-0.5214801305,0,0,,transition,10,0,1610,20,652,0
2,120,616,-2.084394527,-0.4402703662,0.7142262837,-1.802286051,-1.484113303,-0.5157194839,0,1,501,task,10,0,1610,20,652,0
2,120,617,-2.103917733,-0.4119358439,0.6588522838,-1.773838485,-1.484923087,-0.535298096,0,1,502,task,10,0,1610,20,652,0
2,120,618,-2.109811118,-0.4408187812,0.7204307933,-1.806323925,-1.485127948,-0.541209198,0,0,,transition,10,0,1610,20,652,0
2,120,619,-2.115704504,-0.4697017185,0.7820093028,-1.838809364,-1.485332808,-0.5471203,0,1,503,task,10,0,1610,20,652,0
2,120,620,-2.122177907,-0.4947712673,0.8357317383,-1.867302907,-1.48436087,-0.5536743093,0,0,,transition,10,0,1610,20,652,0
2,120,621,-2.12865131,-0.519840816,0.8894541739,-1.895796449,-1.483388932,-0.5602283185,0,1,504,task,10,0,1610,20,652,0
2,120,622,-2.142129127,-0.5648848987,0.98619264,-1.947605025,-1.481556619,-0.5738675933,0,1,505,task,30,0,1610,20,652,0
2,120,623,-2.156143577,-0.6062959493,1.075909544,-1.997128661,-1.479922263,-0.5880313207,0,1,506,task,30,0,1610,20,652,0
2,120,624,-2.170599477,-0.6447410474,1.159699004,-2.044393872,-1.478913547,-0.6025960553,0,1,507,task,30,0,1610,20,652,0
2,120,625,-2.185437282,-0.6808269141,1.239147957,-2.090803221,-1.478805556,-0.6174740018,0,1,508,task,30,0,1610,20,652,0
2,120,626,-2.200907573,-0.7142627883,1.311887679,-2.130951368,-1.47888897,-0.6329967565,0,1,509,task,30,0,1610,20,652,0
2,120,627,-2.217092054,-0.7458470876,1.38043739,-2.168162258,-1.479028199,-0.6492393231,0,1,510,task,30,0,1610,20,652,0
2,120,628,-2.234055107,-0.7759302094,1.445838168,-2.203648124,-1.479164573,-0.6662629766,0,1,511,task,30,0,1610,20,652,0
2,120,629,-2.252745017,-0.8048881612,1.5146335,-2.249915449,-1.476541575,-0.6850527409,0,1,512,task,30,0,1610,20,652,0
2,120,630,-2.271656067,-0.8325683776,1.585391599,-2.305413174,-1.475827876,-0.7037303936,0,1,513,task,30,0,1610,20,652,0
2,120,631,-2.291099231,-0.8579207742,1.643213948,-2.338095248,-1.476463194,-0.7231774073,0,1,514,task,30,0,1610,20,652,0
2,120,632,-2.311545315,-0.8822292407,1.699057082,-2.369764813,-1.477072281,-0.7436291926,0,1,515,task,30,0,1610,20,652,0
2,120,633,-2.333061106,-0.905552813,1.753069284,-2.400504948,-1.477655462,-0.765152748,0,1,516,task,30,0,1610,20,652,0
2,120,634,-2.334174972,-0.9067030028,1.755745033,-2.402030777,-1.477684176,-0.7662670637,0,1,517,task,30,0,1610,20,652,0
2,120,635,-2.357681806,-0.8883410439,1.722477517,-2.384935747,-1.478128583,-0.7898714662,0,1,518,task,10,0,1610,20,652,0
2,120,636,-2.335974234,-0.865117263,1.667798053,-2.352261993,-1.477448608,-0.7682027531,0,1,519,task,30,0,1610,20,652,0
2,120,637,-2.315308177,-0.8408126089,1.610985502,-2.318247258,-1.47674918,-0.7475793403,0,1,520,task,30,0,1610,20,652,0
2,120,638,-2.295269502,-0.8148539389,1.547578706,-2.274195919,-1.477125255,-0.7276561438,0,1,521,task,30,0,1610,20,652,0
2,120,639,-2.275957828,-0.7874832226,1.482664638,-2.231368964,-1.478069907,-0.708349418,0,1,522,task,30,0,1610,20,652,0
2,120,640,-2.25727311,-0.7586854234,1.416151094,-2.189825594,-1.479772366,-0.6895645804,0,1,523,task,30,0,1610,20,652,0
2,120,641,-2.239877425,-0.7284302601,1.349273039,-2.151878519,-1.480035952,-0.6721023526,0,1,524,task,30,0,1610,20,652,0
2,120,642,-2.223301508,-0.6965367273,1.279198186,-2.112482668,-1.48015765,-0.6554647386,0,1,525,task,30,0,1610,20,652,0
2,120,643,-2.207509931,-0.6625453391,1.204926546,-2.070612961,-1.480093371,-0.639625575,0,1,526,task,30,0,1610,20,652,0
2,120,644,-2.192415133,-0.6263144128,1.125923603,-2.026180612,-1.47998771,-0.6244836651,0,1,527,task,30,0,1610,20,652,0
2,120,645,-2.177750558,-0.5875884355,1.04221166,-1.980455521,-1.480615595,-0.6097184092,0,1,528,task,30,0,1610,20,652,0
2,120,646,-2.163611683,-0.5456581956,0.9518563597,-1.931622601,-1.481565261,-0.5954599699,0,1,529,task,30,0,1610,20,652,0
2,120,647,-2.150060264,-0.4994339014,0.852220842,-1.87771618,-1.482512238,-0.5817933582,0,1,530,task,30,0,1610,20,652,0
2,120,648,-2.143534349,-0.4735798825,0.7968605482,-1.848488537,-1.483083191,-0.5752039447,0,0,,transition,10,0,1610,20,652,0
2,120,649,-2.137008433,-0.4477258636,0.7415002544,-1.819260893,-1.483654144,-0.5686145313,0,1,531,task,10,0,1610,20,652,0
2,120,650,-2.130740509,-0.4174498544,0.6765310095,-1.784841789,-1.484243256,-0.5622852783,0,0,,transition,10,0,1610,20,652,0
2,120,651,-2.124472585,-0.3871738452,0.6115617647,-1.750422686,-1.484832367,-0.5559560254,0,1,532,task,10,0,1610,20,652,0
2,120,652,-2.142131671,-0.3384960434,0.5136040983,-1.696992312,-1.483788047,-0.5737698436,0,1,533,task,10,0,1610,20,652,0
2,120,653,-2.148393522,-0.3730368476,0.5878371107,-1.736721722,-1.483564681,-0.5800749235,0,0,,transition,10,0,1610,20,652,0
2,120,654,-2.154655373,-0.4075776518,0.6620701231,-1.776451131,-1.483341314,-0.5863800033,0,1,534,task,10,0,1610,20,652,0
2,120,655,-2.16117241,-0.4358387222,0.7226027461,-1.808727914,-1.483122788,-0.592941736,0,0,,transition,10,0,1610,20,652,0
2,120,656,-2.167689446,-0.4640997927,0.7831353691,-1.841004696,-1.482904262,-0.5995034687,0,1,535,task,10,0,1610,20,652,0
2,120,657,-2.174475901,-0.4886524019,0.8355914565,-1.868879641,-1.482691484,-0.6063361639,0,0,,transition,10,0,1610,20,652,0
2,120,658,-2.181262355,-0.5132050111,0.8880475439,-1.896754585,-1.482478705,-0.6131688592,0,1,536,task,10,0,1610,20,652,0
2,120,659,-2.195404385,-0.5572554124,0.9819672049,-1.94649546,-1.482066694,-0.6274066209,0,1,537,task,30,0,1610,20,652,0
2,120,660,-2.210329103,-0.597963037,1.070793949,-1.996747283,-1.481031416,-0.642448933,0,1,538,task,30,0,1610,20,652,0
2,120,661,-2.225535997,-0.6351479015,1.151554702,-2.041315629,-1.481226429,-0.6577069249,0,1,539,task,30,0,1610,20,652,0
2,120,662,-2.241403875,-0.6698674905,1.227035682,-2.082954379,-1.481451153,-0.6736247616,0,1,540,task,30,0,1610,20,652,0
2,120,663,-2.257986578,-0.7025390459,1.298182036,-2.122237672,-1.481657616,-0.6902589029,0,1,541,task,30,0,1610,20,652,0
2,120,664,-2.275749168,-0.7337028051,1.369197364,-2.166224402,-1.480476632,-0.7081029558,0,1,542,task,30,0,1610,20,652,0
2,120,665,-2.294277269,-0.7627729911,1.435013743,-2.205140764,-1.479455842,-0.7267250365,0,1,543,task,30,0,1610,20,652,0
2,120,666,-2.31369237,-0.7903622297,1.497879085,-2.242452371,-1.478357214,-0.7462345464,0,1,544,task,30,0,1610,20,652,0
2,120,667,-2.333684244,-0.816575697,1.559685816,-2.28193942,-1.478193651,-0.7662005029,0,1,545,task,30,0,1610,20,652,0
2,120,668,-2.354647194,-0.841457909,1.619197647,-2.320540736,-1.477962228,-0.7871165824,0,1,546,task,30,0,1610,20,652,0
2,120,669,-2.376343264,-0.8651184616,1.677206199,-2.359831767,-1.478462046,-0.8086612483,0,1,547,task,30,0,1610,20,652,0
2,120,670,-2.380279717,-0.8691885538,1.687338268,-2.366854755,-1.478604198,-0.8125612306,0,1,548,task,30,0,1610,20,652,0
2,120,671,-2.401863492,-0.8484374492,1.640266136,-2.326270977,-1.479674452,-0.8346255685,0,1,549,task,10,0,1610,20,652,0
2,120,672,-2.37999804,-0.8250093915,1.587317737,-2.297637635,-1.478793072,-0.8127236046,0,1,550,task,30,0,1610,20,652,0
2,120,673,-2.358695252,-0.8004375775,1.52980749,-2.262934191,-1.479165472,-0.7913792303,0,1,551,task,30,0,1610,20,652,0
2,120,674,-2.338319395,-0.774463119,1.469817954,-2.226997068,-1.479559413,-0.7709559465,0,1,552,task,30,0,1610,20,652,0
2,120,675,-2.318791237,-0.7468759306,1.40705928,-2.189714424,-1.480061014,-0.7513692318,0,1,553,task,30,0,1610,20,652,0
2,120,676,-2.30008652,-0.717563808,1.342680887,-2.153799933,-1.480594306,-0.73257169,0,1,554,task,30,0,1610,20,652,0
2,120,677,-2.282152125,-0.6865269663,1.276072242,-2.118315647,-1.481201234,-0.714522629,0,1,555,task,30,0,1610,20,652,0
2,120,678,-2.264974472,-0.6537279476,1.205688194,-2.080715832,-1.481813856,-0.6972348226,0,1,556,task,30,0,1610,20,652,0
2,120,679,-2.248513716,-0.6188659585,1.130873229,-2.040651611,-1.482429561,-0.6806681288,0,1,557,task,30,0,1610,20,652,0
2,120,680,-2.232732092,-0.5815289282,1.050728955,-1.997642195,-1.483046115,-0.6647845001,0,1,558,task,30,0,1610,20,652,0
2,120,681,-2.217593872,-0.5411293084,0.9639737937,-1.950998776,-1.483661615,-0.6495479365,0,1,559,task,30,0,1610,20,652,0
2,120,682,-2.203065295,-0.4967819375,0.8686758958,-1.899679593,-1.48427445,-0.6349244221,0,1,560,task,30,0,1610,20,652,0
2,120,683,-2.196089896,-0.4719127383,0.8151795361,-1.870830033,-1.484578856,-0.6279031367,0,0,,transition,10,0,1610,20,652,0
2,120,684,-2.189114497,-0.4470435391,0.7616831764,-1.841980472,-1.484883262,-0.6208818512,0,1,561,task,10,0,1610,20,652,0
2,120,685,-2.182412963,-0.4181490105,0.6994327422,-1.808366272,-1.485185088,-0.614135899,0,0,,transition,10,0,1610,20,652,0
2,120,686,-2.175711429,-0.3892544819,0.637182308,-1.774752072,-1.485486913,-0.6073899468,0,1,562,task,10,0,1610,20,652,0
2,120,687,-2.169269599,-0.3532892117,0.559514712,-1.732757603,-1.485785684,-0.6009050613,0,0,,transition,10,0,1610,20,652,0
2,120,688,-2.162827768,-0.3173239415,0.481847116,-1.690763133,-1.486084456,-0.5944201759,0,1,563,task,10,0,1610,20,652,0
2,120,689,-2.169632969,-0.2790258611,0.4046512446,-1.652602209,-1.488729435,-0.6011112998,0,0,,transition,10,0,1610,20,652,0
2,120,690,-2.17643817,-0.2407277807,0.3274553732,-1.614441285,-1.491374414,-0.6078024238,0,1,564,task,10,0,1610,20,652,0
2,120,691,-2.180770715,-0.271643696,0.3945743609,-1.650964571,-1.491090448,-0.6121649008,0,0,,transition,30,0,1610,20,652,0
2,120,692,-2.185103259,-0.3025596114,0.4616933485,-1.687487856,-1.490806482,-0.6165273779,0,0,,transition,10,0,1610,20,652,0
2,120,693,-2.189435804,-0.3334755267,0.5288123362,-1.724011142,-1.490522516,-0.6208898549,0,1,565,task,10,0,1610,20,652,0
2,120,694,-2.196191258,-0.3666586593,0.6006812702,-1.763141612,-1.490088233,-0.6276914168,0,0,,transition,10,0,1610,20,652,0
2,120,695,-2.202946713,-0.3998417919,0.6725502043,-1.802272082,-1.489653949,-0.6344929786,0,1,566,task,10,0,1610,20,652,0
2,120,696,-2.209972373,-0.4271479829,0.7316259717,-1.834448449,-1.489211532,-0.6415660769,0,0,,transition,10,0,1610,20,652,0
2,120,697,-2.216998034,-0.4544541739,0.7907017392,-1.866624817,-1.488769114,-0.6486391752,0,1,567,task,10,0,1610,20,652,0
2,120,698,-2.224308254,-0.4782080888,0.8420695844,-1.894605283,-1.488318843,-0.6559982963,0,0,,transition,10,0,1610,20,652,0
2,120,699,-2.231618474,-0.5019620036,0.8934374297,-1.922585749,-1.487868573,-0.6633574174,0,1,568,task,10,0,1610,20,652,0
2,120,700,-2.246838378,-0.5445586009,0.9855513546,-1.972750562,-1.486953076,-0.6786783369,0,1,569,task,30,0,1610,20,652,0
2,120,701,-2.262689784,-0.5834836004,1.069751469,-2.018582166,-1.486023598,-0.6946342862,0,1,570,task,30,0,1610,20,652,0
2,120,702,-2.279206481,-0.6195166141,1.147740152,-2.060997569,-1.485081367,-0.7112593903,0,1,571,task,30,0,1610,20,652,0
2,120,703,-2.296424043,-0.6531838681,1.220666245,-2.100613266,-1.484127911,-0.7285895855,0,1,572,task,30,0,1610,20,652,0
2,120,704,-2.314379849,-0.684858707,1.28934479,-2.137864458,-1.483165103,-0.7466626424,0,1,573,task,30,0,1610,20,652,0
2,120,705,-2.333113088,-0.7148158238,1.35437552,-2.173069315,-1.482195211,-0.7655181642,0,1,574,task,30,0,1610,20,652,0
2,120,706,-2.352664725,-0.7432628487,1.416211824,-2.206466348,-1.481220956,-0.7851975563,0,1,575,task,30,0,1610,20,652,0
2,120,707,-2.373077434,-0.7703598623,1.475203318,-2.238237471,-1.480245581,-0.8057439583,0,1,576,task,30,0,1610,20,652,0
2,120,708,-2.39439549,-0.7962320269,1.531623354,-2.268522901,-1.479272912,-0.8272021266,0,1,577,task,30,0,1610,20,652,0
2,120,709,-2.416035282,-0.8203873638,1.58569909,-2.298225187,-1.480096756,-0.8488607891,0,1,578,task,30,0,1610,20,652,0
2,120,710,-2.422614525,-0.8272332159,1.601128235,-2.306450606,-1.48044833,-0.8554478265,0,1,579,task,30,0,1610,20,652,0
2,120,711,-2.327968467,-0.9098517475,1.597758431,-2.22471165,-1.490487404,-0.760398068,0,0,,transition,10,0,1610,20,652,0
2,120,712,-2.233322408,-0.9924702791,1.594388627,-2.142972694,-1.500526479,-0.6653483095,0,0,,transition,10,0,1610,20,652,0
2,120,713,-2.13867635,-1.075088811,1.591018823,-2.061233738,-1.510565553,-0.570298551,0,0,,transition,10,0,1610,20,652,0
2,120,714,-2.044030292,-1.157707342,1.587649019,-1.979494781,-1.520604628,-0.4752487925,0,0,,transition,10,0,1610,20,652,0
2,120,715,-1.949384233,-1.240325874,1.584279216,-1.897755825,-1.530643702,-0.380199034,0,0,,transition,10,0,1610,20,652,0
2,120,716,-1.854738175,-1.322944405,1.580909412,-1.816016869,-1.540682777,-0.2851492755,0,0,,transition,10,0,1610,20,652,0
2,120,717,-1.760092117,-1.405562937,1.577539608,-1.734277913,-1.550721851,-0.190099517,0,0,,transition,10,0,1610,20,652,0
2,120,718,-1.665446058,-1.488181468,1.574169804,-1.652538956,-1.560760926,-0.0950497585,0,0,,transition,10,0,1610,20,652,0
2,120,719,-1.5708,-1.5708,1.5708,-1.5708,-1.5708,0,0,0,,home,10,0,1610,20,652,0
2,121,1,-1.5708,-1.5708,1.5708,-1.5708,-1.5708,0,0,0,,home,10,0,1610,20,652,0
2,121,2,-1.57513178,-1.475789374,1.520646708,-1.619281065,-1.605685091,-0.004671681784,0,0,,transition,10,0,1610,20,652,0
2,121,3,-1.57946356,-1.380778748,1.470493415,-1.66776213,-1.640570181,-0.009343363568,0,0,,transition,10,0,1610,20,652,0
2,121,4,-1.583795341,-1.285768121,1.420340123,-1.716243194,-1.675455272,-0.01401504535,0,0,,transition,10,0,1610,20,652,0
2,121,5,-1.588127121,-1.190757495,1.37018683,-1.764724259,-1.710340363,-0.01868672714,0,0,,transition,10,0,1610,20,652,0
2,121,6,-1.592458901,-1.095746869,1.320033538,-1.813205324,-1.745225453,-0.02335840892,0,0,,transition,10,0,1610,20,652,0
2,121,7,-1.596790681,-1.000736243,1.269880245,-1.861686389,-1.780110544,-0.0280300907,0,0,,transition,10,0,1610,20,652,0
2,121,8,-1.601122461,-0.9057256168,1.219726953,-1.910167454,-1.814995635,-0.03270177249,0,0,,transition,10,0,1610,20,652,0
2,121,9,-1.605454241,-0.8107149907,1.169573661,-1.958648519,-1.849880725,-0.03737345427,0,0,,transition,10,0,1610,20,652,0
2,121,10,-1.609786022,-0.7157043645,1.119420368,-2.007129583,-1.884765816,-0.04204513605,0,0,,transition,10,0,1610,20,652,0
2,121,11,-1.614117802,-0.6206937383,1.069267076,-2.055610648,-1.919650907,-0.04671681784,0,0,,transition,10,0,1610,20,652,0
2,121,12,-1.618449582,-0.5256831122,1.019113783,-2.104091713,-1.954535997,-0.05138849962,0,1,1,task,10,0,1610,20,652,0
2,121,13,-1.620933322,-0.5030709676,0.9633916158,-2.066584363,-1.942651377,-0.05380910184,0,0,,transition,10,0,1610,20,652,0
2,121,14,-1.623417063,-0.480458823,0.9076694483,-2.029077013,-1.930766757,-0.05622970406,0,1,2,task,10,0,1610,20,652,0
2,121,15,-1.633287412,-0.4466353542,0.8244882393,-1.980672558,-1.917818665,-0.06637845956,0,0,,transition,10,0,1610,20,652,0
2,121,16,-1.643157761,-0.4128118853,0.7413070303,-1.932268103,-1.904870573,-0.07652721505,0,0,,transition,10,0,1610,20,652,0
2,121,17,-1.65302811,-0.3789884164,0.6581258214,-1.883863648,-1.891922481,-0.08667597055,0,1,3,task,10,0,1610,20,652,0
2,121,18,-1.652416883,-0.409413177,0.7255823513,-1.921888475,-1.898032825,-0.08620912272,0,0,,transition,10,0,1610,20,652,0
2,121,19,-1.651805656,-0.4398379375,0.7930388812,-1.959913303,-1.904143169,-0.0857422749,0,1,4,task,10,0,1610,20,652,0
2,121,20,-1.651188745,-0.4662491279,0.8530582565,-1.996111972,-1.910189852,-0.08526835985,0,0,,transition,10,0,1610,20,652,0
2,121,21,-1.650571834,-0.4926603183,0.9130776317,-2.032310641,-1.916236536,-0.08479444481,0,1,5,task,10,0,1610,20,652,0
2,121,22,-1.651374072,-0.5164481714,0.9667535329,-2.064888984,-1.916818355,-0.08566256471,0,0,,transition,10,0,1610,20,652,0
2,121,23,-1.652176309,-0.5402360245,1.020429434,-2.097467326,-1.917400175,-0.08653068462,0,1,6,task,10,0,1610,20,652,0
2,121,24,-1.699824455,-0.5449109569,0.997945005,-2.075762469,-1.826024747,-0.1333563547,0,1,7,task,10,0,1610,20,652,0
2,121,25,-1.698480558,-0.5204798021,0.943922616,-2.04417383,-1.825437585,-0.1319501746,0,0,,transition,10,0,1610,20,652,0
2,121,26,-1.697136662,-0.4960486473,0.8899002269,-2.012585191,-1.824850423,-0.1305439944,0,1,8,task,10,0,1610,20,652,0
2,121,27,-1.696416384,-0.467889674,0.8265894923,-1.973829653,-1.822086161,-0.1297121079,0,0,,transition,10,0,1610,20,652,0
2,121,28,-1.695696105,-0.4397307007,0.7632787576,-1.935074114,-1.819321899,-0.1288802213,0,1,9,task,10,0,1610,20,652,0
2,121,29,-1.695117989,-0.4057416136,0.6871967089,-1.889032953,-1.816124278,-0.1281831392,0,0,,transition,10,0,1610,20,652,0
2,121,30,-1.694539873,-0.3717525265,0.6111146602,-1.842991791,-1.812926658,-0.1274860571,0,1,10,task,10,0,1610,20,652,0
2,121,31,-1.719475885,-0.3822905326,0.6161091303,-1.834838486,-1.803731919,-0.1528409271,0,1,11,task,10,0,1610,20,652,0
2,121,32,-1.720195543,-0.4164406211,0.6917598887,-1.880486434,-1.807470704,-0.1537224342,0,0,,transition,10,0,1610,20,652,0
2,121,33,-1.7209152,-0.4505907096,0.7674106471,-1.926134382,-1.811209489,-0.1546039412,0,1,12,task,10,0,1610,20,652,0
2,121,34,-1.721148692,-0.4796268821,0.8349450802,-1.971830501,-1.816909376,-0.1550614084,0,0,,transition,10,0,1610,20,652,0
2,121,35,-1.721382184,-0.5086630546,0.9024795133,-2.017526619,-1.822609262,-0.1555188757,0,1,13,task,10,0,1610,20,652,0
2,121,36,-1.722837645,-0.5329317928,0.9564624644,-2.049856453,-1.82385226,-0.1570691298,0,0,,transition,10,0,1610,20,652,0
2,121,37,-1.724293106,-0.5572005311,1.010445415,-2.082186286,-1.825095257,-0.1586193838,0,1,14,task,10,0,1610,20,652,0
2,121,38,-1.765396313,-0.5608010159,0.9915422991,-2.054421973,-1.760140723,-0.1981702011,0,1,15,task,10,0,1610,20,652,0
2,121,39,-1.761396741,-0.5344775277,0.9325945951,-2.016786218,-1.766672364,-0.1943549893,0,0,,transition,10,0,1610,20,652,0
2,121,40,-1.757397169,-0.5081540395,0.8736468911,-1.979150463,-1.773204005,-0.1905397776,0,1,16,task,10,0,1610,20,652,0
2,121,41,-1.753776893,-0.4785976144,0.8096811447,-1.941782958,-1.778984847,-0.1870684085,0,0,,transition,10,0,1610,20,652,0
2,121,42,-1.750156616,-0.4490411893,0.7457153983,-1.904415454,-1.78476569,-0.1835970395,0,1,17,task,10,0,1610,20,652,0
2,121,43,-1.746975503,-0.4142573541,0.6710657667,-1.86252676,-1.789461517,-0.1805244772,0,0,,transition,10,0,1610,20,652,0
2,121,44,-1.74379439,-0.3794735188,0.5964161352,-1.820638067,-1.794157344,-0.177451915,0,1,18,task,10,0,1610,20,652,0
2,121,45,-1.769884782,-0.3759256739,0.5804913513,-1.818952236,-1.775866911,-0.2034126631,0,1,19,task,10,0,1610,20,652,0
2,121,46,-1.772649156,-0.4108169392,0.6558204778,-1.86102796,-1.773848903,-0.2061497073,0,0,,transition,10,0,1610,20,652,0
2,121,47,-1.775413531,-0.4457082045,0.7311496042,-1.903103684,-1.771830895,-0.2088867514,0,1,20,task,10,0,1610,20,652,0
2,121,48,-1.778310546,-0.4748141237,0.7938986655,-1.938386838,-1.769790957,-0.2117544237,0,0,,transition,10,0,1610,20,652,0
2,121,49,-1.781207562,-0.5039200429,0.8566477268,-1.973669992,-1.76775102,-0.2146220959,0,1,21,task,10,0,1610,20,652,0
2,121,50,-1.784246893,-0.5294959046,0.911749727,-2.004838418,-1.765687595,-0.2176299108,0,0,,transition,10,0,1610,20,652,0
2,121,51,-1.787286223,-0.5550717662,0.9668517271,-2.036006844,-1.76362417,-0.2206377256,0,1,22,task,10,0,1610,20,652,0
2,121,52,-1.767605657,-0.6474106966,1.021756116,-1.993715313,-1.7460947,-0.2005797505,0,0,,transition,10,0,1610,20,652,0
2,121,53,-1.747925091,-0.7397496269,1.076660504,-1.951423781,-1.72856523,-0.1805217755,0,0,,transition,10,0,1610,20,652,0
2,121,54,-1.728244526,-0.8320885572,1.131564892,-1.90913225,-1.71103576,-0.1604638004,0,0,,transition,10,0,1610,20,652,0
2,121,55,-1.70856396,-0.9244274876,1.186469281,-1.866840719,-1.69350629,-0.1404058254,0,0,,transition,10,0,1610,20,652,0
2,121,56,-1.688883394,-1.016766418,1.241373669,-1.824549188,-1.67597682,-0.1203478503,0,0,,transition,10,0,1610,20,652,0
2,121,57,-1.669202829,-1.109105348,1.296278058,-1.782257656,-1.65844735,-0.1002898753,0,0,,transition,10,0,1610,20,652,0
2,121,58,-1.649522263,-1.201444279,1.351182446,-1.739966125,-1.64091788,-0.08023190022,0,0,,transition,10,0,1610,20,652,0
2,121,59,-1.629841697,-1.293783209,1.406086835,-1.697674594,-1.62338841,-0.06017392516,0,0,,transition,10,0,1610,20,652,0
2,121,60,-1.610161131,-1.386122139,1.460991223,-1.655383063,-1.60585894,-0.04011595011,0,0,,transition,10,0,1610,20,652,0
2,121,61,-1.590480566,-1.47846107,1.515895612,-1.613091531,-1.58832947,-0.02005797505,0,0,,transition,10,0,1610,20,652,0
2,121,62,-1.5708,-1.5708,1.5708,-1.5708,-1.5708,0,0,0,,home,10,0,1610,20,652,0
